pair,k,ox,oy,sx,sy,ax,ay,lx,ly,ln,dx,dy,dc
ROI_035/patch_0,0,279.6080,186.3113,250.2776,185.5632,261.5726,186.5863,249.1312,186.2139,10,nan,nan,nan
ROI_035/patch_0,1,236.8193,391.7040,201.3016,392.6660,202.2730,392.6893,200.0670,393.0459,10,nan,nan,nan
ROI_035/patch_0,2,146.7051,29.9538,116.8566,30.8297,123.1999,30.0105,119.0793,30.5661,10,nan,nan,nan
ROI_035/patch_0,3,380.1581,266.8706,366.5284,267.6756,368.4375,267.1956,362.9077,265.9735,11,nan,nan,nan
ROI_035/patch_0,4,98.5052,134.1198,71.0653,136.6969,63.7377,134.5883,69.4418,133.8362,9,nan,nan,nan
ROI_035/patch_0,5,150.3296,478.0021,104.7874,479.4857,101.3775,479.4192,100.7855,478.5835,12,nan,nan,nan
ROI_035/patch_0,6,503.1226,446.4198,491.2098,446.4516,494.4507,447.0533,nan,nan,2,nan,nan,nan
ROI_035/patch_0,7,365.3943,338.9304,353.9997,341.0593,347.9080,339.5041,351.8829,339.2578,9,nan,nan,nan
ROI_035/patch_1,0,193.7266,73.4733,128.4266,75.7780,130.6189,74.0593,127.1550,74.1885,11,nan,nan,nan
ROI_035/patch_1,1,444.1714,278.5922,384.2490,279.3604,385.4765,279.3939,385.9606,278.6605,12,nan,nan,nan
ROI_035/patch_1,2,218.9000,447.3537,191.4219,447.6040,191.1319,447.5778,192.0675,446.6083,11,nan,nan,nan
ROI_035/patch_1,3,34.2953,248.5285,16.2642,250.1675,-1.4307,248.6452,10.3654,247.4758,5,nan,nan,nan
ROI_035/patch_1,4,446.4648,484.8242,404.6073,486.9760,407.9968,485.4060,404.1318,485.1969,10,nan,nan,nan
ROI_035/patch_1,5,380.3882,41.1811,310.8825,44.0883,302.2779,42.1290,311.8563,42.9113,9,nan,nan,nan
ROI_035/patch_1,6,116.0326,404.2275,97.3131,405.1590,90.5142,404.3182,95.5227,404.7779,9,nan,nan,nan
ROI_035/patch_1,7,487.6379,82.9884,418.4355,83.2683,406.8702,84.0787,419.1519,83.6989,9,nan,nan,nan
ROI_035/patch_2,0,299.9632,206.4765,232.3184,208.7567,228.8611,207.7286,231.9696,208.5605,11,nan,nan,nan
ROI_035/patch_2,1,295.4028,344.0463,247.5194,345.5664,225.4407,345.3717,246.7579,344.4816,10,nan,nan,nan
ROI_035/patch_2,2,139.6066,88.8007,67.3866,90.1883,68.2674,89.8835,67.9536,90.7433,11,nan,nan,nan
ROI_035/patch_2,3,79.3200,451.5236,22.5435,452.7340,11.2031,452.7687,20.0825,451.8530,12,nan,nan,nan
ROI_035/patch_2,4,277.5765,76.0719,205.7165,77.2673,205.5139,77.2371,206.0534,76.8361,11,nan,nan,nan
ROI_035/patch_2,5,472.0664,73.6509,398.7702,78.0274,399.1105,74.9407,395.6771,75.5894,11,nan,nan,nan
ROI_035/patch_2,6,234.1202,250.2765,166.9537,252.0798,163.6703,251.5102,163.1298,251.7632,12,nan,nan,nan
ROI_035/patch_2,7,138.9926,191.7053,65.8665,193.5556,68.4935,192.8449,62.4822,192.7460,10,nan,nan,nan
ROI_035/patch_3,0,296.1629,63.5864,265.0007,63.5864,264.9734,64.1834,266.4874,65.5911,10,nan,nan,nan
ROI_035/patch_3,1,160.8733,278.6816,109.9497,278.6816,102.5330,279.9673,111.0350,279.7718,12,nan,nan,nan
ROI_035/patch_3,2,383.6559,362.3969,335.6857,363.0476,335.1299,363.7379,333.5542,363.2820,11,nan,nan,nan
ROI_035/patch_3,3,464.7938,136.0455,444.3734,136.5516,440.3084,136.7091,443.5289,136.5569,12,nan,nan,nan
ROI_035/patch_3,4,79.7762,276.5962,28.6239,278.6816,15.6013,277.9388,26.4577,278.5739,11,nan,nan,nan
ROI_035/patch_3,5,293.4848,491.8855,230.7982,495.2970,227.9681,493.6478,229.0023,493.5060,8,nan,nan,nan
ROI_035/patch_3,6,346.0983,182.4180,311.3640,185.1950,309.1347,183.2992,308.0286,184.5839,12,nan,nan,nan
ROI_035/patch_3,7,122.6628,88.2075,77.2673,90.1883,76.6731,89.0053,76.4348,89.5255,10,nan,nan,nan
ROI_035/patch_4,0,45.3451,106.9094,24.8236,107.6695,25.9785,107.4815,24.4621,107.8411,10,nan,nan,nan
ROI_035/patch_4,1,458.8144,156.3130,434.4927,156.3130,437.1362,156.4185,435.4725,156.6103,12,nan,nan,nan
ROI_035/patch_4,2,366.5262,465.4153,328.8452,467.1750,331.1726,466.1821,329.7323,466.9011,12,nan,nan,nan
ROI_035/patch_4,3,110.9622,141.1016,90.9483,141.8719,90.0606,141.6455,90.5580,141.6331,10,nan,nan,nan
ROI_035/patch_4,4,194.3532,347.7726,166.9537,348.6066,164.2653,348.5647,166.7911,348.2486,13,nan,nan,nan
ROI_035/patch_4,5,307.7169,187.7526,284.7621,189.7553,284.6894,188.1148,287.4653,187.4332,10,nan,nan,nan
ROI_035/patch_4,6,109.6717,376.7568,71.1869,378.2487,78.3239,377.7124,nan,nan,2,nan,nan,nan
ROI_035/patch_4,7,389.8152,259.4439,368.3680,258.9202,363.5855,259.8211,366.5897,258.8615,11,nan,nan,nan
ROI_035/patch_5,0,433.7327,219.3974,487.6965,217.8773,487.4112,218.5840,486.6834,217.5983,10,nan,nan,nan
ROI_035/patch_5,1,420.8117,305.2835,468.2729,304.4390,465.3320,304.4707,467.9193,304.1445,12,nan,nan,nan
ROI_035/patch_5,2,210.0202,278.5857,206.8143,279.3572,204.0153,278.9574,204.1520,279.0899,12,nan,nan,nan
ROI_035/patch_5,3,146.3662,18.3006,106.4872,20.9389,142.5711,19.2376,108.3756,19.0421,10,nan,nan,nan
ROI_035/patch_5,4,315.8003,467.8515,313.2219,469.3707,322.9706,467.4840,317.5233,468.2658,10,nan,nan,nan
ROI_035/patch_5,5,119.9820,415.1038,85.2057,416.9270,82.1515,415.8597,85.1306,416.7615,11,nan,nan,nan
ROI_035/patch_5,6,331.0592,293.6590,355.7849,293.0382,354.0842,293.3507,356.1267,292.9511,12,nan,nan,nan
ROI_035/patch_5,7,147.7076,500.7268,108.0073,499.7729,110.8363,501.2592,110.4314,500.9748,3,nan,nan,nan
ROI_035/patch_6,0,246.7594,447.4136,226.9980,449.6938,226.6939,447.9465,228.2782,448.3041,10,nan,nan,nan
ROI_035/patch_6,1,349.3667,103.1092,289.3224,104.6293,282.8924,103.6102,290.7098,103.7921,12,nan,nan,nan
ROI_035/patch_6,2,437.1021,40.0121,379.0088,40.7848,367.8355,40.6583,380.7538,40.9139,11,nan,nan,nan
ROI_035/patch_6,3,427.1392,363.0834,407.1308,362.2876,408.5726,363.9485,408.7808,363.4805,12,nan,nan,nan
ROI_035/patch_6,4,485.7531,117.4635,441.3332,119.0703,432.8708,118.2739,438.8037,118.5296,11,nan,nan,nan
ROI_035/patch_6,5,103.0232,425.7978,68.1467,426.1321,67.5986,425.9997,69.6809,426.1652,8,nan,nan,nan
ROI_035/patch_6,6,325.4941,208.4152,272.6012,210.2768,273.8364,208.9424,273.8402,208.7723,12,nan,nan,nan
ROI_035/patch_6,7,265.6524,91.4609,206.2865,93.0385,190.3828,91.7699,201.6069,93.3271,11,nan,nan,nan
ROI_035/patch_7,0,354.4970,100.4490,323.0815,102.4758,322.8882,101.5384,321.8072,102.0432,11,nan,nan,nan
ROI_035/patch_7,1,327.1351,234.2185,304.8402,235.7386,303.9604,234.9235,305.3942,234.5705,10,nan,nan,nan
ROI_035/patch_7,2,452.5059,181.6442,431.5158,182.7882,429.7284,182.8930,431.2277,183.1479,12,nan,nan,nan
ROI_035/patch_7,3,68.3836,487.4906,69.9202,490.0400,54.4754,486.7585,70.0496,486.5805,11,nan,nan,nan
ROI_035/patch_7,4,44.7759,257.6326,15.3863,260.6937,14.0881,257.3190,14.2277,257.8055,6,nan,nan,nan
ROI_035/patch_7,5,71.6238,30.7628,20.7700,31.2999,25.9986,31.0343,19.8293,30.9270,10,nan,nan,nan
ROI_035/patch_7,6,184.3585,160.0532,148.3166,162.1242,151.3924,160.4300,151.4238,159.8606,10,nan,nan,nan
ROI_035/patch_7,7,403.6153,416.9008,391.6209,417.4277,395.6457,417.4709,393.3241,416.9476,7,nan,nan,nan
ROI_035/patch_8,0,173.2048,367.5350,160.2537,369.0643,156.5973,367.8157,158.8269,367.1858,10,nan,nan,nan
ROI_035/patch_8,1,447.7104,249.7805,429.0245,251.6921,429.6118,249.8053,429.9088,250.5529,9,nan,nan,nan
ROI_035/patch_8,2,313.9085,421.5537,313.9622,424.5166,302.9366,421.5001,312.6893,421.1511,10,nan,nan,nan
ROI_035/patch_8,3,219.5861,97.4087,189.1348,97.8243,188.7250,98.0906,189.2643,98.4533,11,nan,nan,nan
ROI_035/patch_8,4,98.3510,83.6048,65.9428,85.0590,64.4661,84.5166,65.8709,84.4518,10,nan,nan,nan
ROI_035/patch_8,5,354.9478,240.3724,331.2596,242.8873,334.6001,240.5711,333.4728,240.1965,10,nan,nan,nan
ROI_035/patch_8,6,490.5191,415.8305,490.4883,416.4523,482.5069,415.4879,488.7145,414.8509,8,nan,nan,nan
ROI_035/patch_8,7,274.9174,22.0495,257.8576,21.5345,240.8672,22.7715,259.6758,21.4532,11,nan,nan,nan
ROI_035/patch_8,8,391.1021,42.7135,403.1323,43.7080,360.3658,43.2020,400.5153,43.0873,11,nan,nan,nan
ROI_035/patch_8,9,238.6332,375.7978,228.8027,376.3106,223.7031,375.9529,230.4440,375.6325,12,nan,nan,nan
ROI_035/patch_9,0,313.6441,400.2903,401.0503,399.5302,401.4373,399.4929,402.1434,398.1813,12,nan,nan,nan
ROI_035/patch_9,1,434.4927,164.6735,480.8560,165.4336,481.3501,164.3617,481.1634,163.1316,12,nan,nan,nan
ROI_035/patch_9,2,119.5156,428.6183,212.5570,429.1723,212.5676,427.2974,213.1883,427.1092,9,nan,nan,nan
ROI_035/patch_9,3,226.3973,106.0665,252.0798,105.3893,263.5194,105.2586,289.9675,105.7716,6,nan,nan,nan
ROI_035/patch_9,4,396.8037,328.7122,474.7756,326.5650,472.0738,328.1826,478.2548,326.3148,4,nan,nan,nan
ROI_035/patch_9,5,67.8478,176.3551,109.9497,176.8344,117.4117,175.0851,113.7292,175.4563,10,nan,nan,nan
ROI_035/patch_9,6,228.2804,306.3092,300.7232,305.2835,299.9961,305.3596,204.2483,280.5904,10,nan,nan,nan
ROI_035/patch_9,7,3.4824,400.1853,97.7888,398.7702,91.8396,398.5847,nan,nan,0,nan,nan,nan
ROI_035/patch_10,0,141.8719,375.2085,229.2781,374.4484,234.2132,373.7004,227.1058,373.8444,11,nan,nan,nan
ROI_035/patch_10,1,33.9443,347.0865,116.0301,346.7065,118.2207,345.7229,112.6719,346.6408,11,nan,nan,nan
ROI_035/patch_10,2,114.9732,226.1194,176.0744,226.6179,172.8998,225.1944,174.1163,224.5852,10,nan,nan,nan
ROI_035/patch_10,3,365.3824,296.9720,445.1335,295.7829,443.2990,295.6900,443.8529,295.3396,10,nan,nan,nan
ROI_035/patch_10,4,97.5901,475.1899,188.9953,475.1556,212.0571,473.3116,189.0439,474.5777,11,nan,nan,nan
ROI_035/patch_10,5,427.5478,90.6480,464.1348,92.0884,459.3584,90.1397,459.5631,90.9331,10,nan,nan,nan
ROI_035/patch_10,6,143.8358,90.6954,170.7540,92.8484,171.3174,90.2823,171.2565,90.3475,10,nan,nan,nan
ROI_035/patch_10,7,59.8555,37.1168,73.4671,38.1246,73.8326,36.9382,73.0506,36.1942,12,nan,nan,nan
ROI_035/patch_11,0,107.6695,77.6474,122.1105,78.4074,128.3987,76.3351,124.1310,76.6332,8,nan,nan,nan
ROI_035/patch_11,1,169.2339,219.0174,205.7165,216.7372,207.0942,218.1813,208.1519,217.1577,11,nan,nan,nan
ROI_035/patch_11,2,288.2247,166.1650,314.4042,164.2935,317.4591,165.5135,315.7374,164.1149,9,nan,nan,nan
ROI_035/patch_11,3,389.5505,473.5908,451.2139,473.6355,456.5477,473.8917,451.9217,471.2787,10,nan,nan,nan
ROI_035/patch_11,4,11.2028,94.6460,31.6641,93.6085,35.6166,93.1257,30.6510,93.7076,4,nan,nan,nan
ROI_035/patch_11,5,259.2003,493.7638,318.9645,492.6368,330.8184,493.7773,318.7705,492.0217,6,nan,nan,nan
ROI_035/patch_11,6,241.3217,71.7897,261.9605,73.0870,259.2106,70.8055,260.3465,70.8268,11,nan,nan,nan
ROI_035/patch_11,7,367.3510,256.3221,408.6509,255.5000,406.8870,256.0761,408.5171,254.6540,10,nan,nan,nan
ROI_035/patch_12,0,341.0061,44.5850,455.7742,43.0649,451.8877,43.3329,451.2659,42.4590,4,nan,nan,nan
ROI_035/patch_12,1,139.5918,128.1910,252.0798,126.6709,250.1787,126.9196,253.0322,126.9004,10,nan,nan,nan
ROI_035/patch_12,2,330.5786,451.8828,410.9310,452.7340,420.0718,451.2861,411.8076,450.0020,12,nan,nan,nan
ROI_035/patch_12,3,90.0135,416.9534,184.4350,414.7313,186.3037,416.1142,184.3427,415.4511,9,nan,nan,nan
ROI_035/patch_12,4,288.1419,332.9815,376.7286,333.4055,384.8138,332.1584,375.9587,332.6352,8,nan,nan,nan
ROI_035/patch_12,5,46.3948,41.1737,157.8331,39.2646,163.5124,39.6886,160.0266,38.6358,12,nan,nan,nan
ROI_035/patch_12,6,107.1343,276.3722,210.2768,274.1213,210.5289,275.3172,211.3412,273.8341,10,nan,nan,nan
ROI_035/patch_12,7,327.1590,102.1529,437.5329,101.5891,435.2718,100.9839,436.9630,101.6374,9,nan,nan,nan
ROI_035/patch_13,0,84.1078,325.8050,178.3545,325.8050,183.2429,325.0546,178.3180,324.7580,10,nan,nan,nan
ROI_035/patch_13,1,245.2393,109.1896,346.3265,106.9094,350.0637,107.9632,349.1979,107.4510,10,nan,nan,nan
ROI_035/patch_13,2,351.0436,171.5705,442.0933,169.9939,443.5407,170.4430,445.0266,169.7041,11,nan,nan,nan
ROI_035/patch_13,3,125.0122,164.8718,231.5583,164.6735,233.9084,163.7875,232.2854,163.7966,11,nan,nan,nan
ROI_035/patch_13,4,91.7669,454.9447,188.9953,454.2541,180.2263,454.4521,190.0678,452.6788,7,nan,nan,nan
ROI_035/patch_13,5,413.3675,337.3087,489.9767,335.6857,488.4769,336.4989,488.6823,335.7032,9,nan,nan,nan
ROI_035/patch_13,6,116.9096,32.6170,217.8773,30.9040,236.7573,31.2688,217.9148,30.6413,10,nan,nan,nan
ROI_035/patch_13,7,17.8781,83.4215,122.1105,81.0676,140.6921,82.2004,124.3446,82.8170,3,nan,nan,nan
ROI_035/patch_13,8,11.3406,292.2367,103.8692,290.8425,118.2210,291.4371,105.9447,290.0895,5,nan,nan,nan
ROI_035/patch_14,0,352.4069,251.3197,417.0115,249.7996,416.5980,249.9019,417.9176,248.5479,10,nan,nan,nan
ROI_035/patch_14,1,295.4028,294.6428,357.7273,293.1227,358.6458,293.2223,359.1566,291.9433,8,nan,nan,nan
ROI_035/patch_14,2,231.8075,421.1108,291.6026,420.8117,292.5765,419.7393,291.5238,419.8767,11,nan,nan,nan
ROI_035/patch_14,3,52.7796,426.1978,106.1494,426.8922,112.9442,424.7304,106.5478,424.6343,6,nan,nan,nan
ROI_035/patch_14,4,240.3333,14.8580,301.4833,11.9027,308.4892,13.2203,302.3828,12.5899,5,nan,nan,nan
ROI_035/patch_14,5,413.7828,127.2720,480.8560,125.9108,480.3977,125.8055,479.7363,126.2208,12,nan,nan,nan
ROI_035/patch_14,6,134.6368,293.1008,199.6360,291.6026,197.4477,291.5900,196.9128,291.4049,10,nan,nan,nan
ROI_035/patch_14,7,106.9037,276.6995,170.7540,275.6414,169.9325,275.1624,171.1556,274.7034,11,nan,nan,nan
ROI_035/patch_15,0,304.5235,223.9578,374.4484,224.7178,377.0652,223.5645,377.1385,223.2933,11,nan,nan,nan
ROI_035/patch_15,1,253.5999,16.4630,330.3653,14.1829,343.3568,15.6179,328.2606,14.6194,10,nan,nan,nan
ROI_035/patch_15,2,97.3116,415.3722,138.0717,416.2514,123.1521,416.0000,142.2202,414.2236,11,nan,nan,nan
ROI_035/patch_15,3,251.8383,423.5221,295.4028,424.6120,295.4963,423.8051,294.5997,424.1920,10,nan,nan,nan
ROI_035/patch_15,4,426.9940,383.6139,505.9378,384.3291,496.3880,383.3704,501.6109,382.9929,3,nan,nan,nan
ROI_035/patch_15,5,383.7786,469.3051,441.3332,470.2152,438.2734,469.4008,438.6803,469.3116,10,nan,nan,nan
ROI_035/patch_15,6,101.0258,171.4380,158.5931,170.7540,154.8138,171.3835,160.8972,170.4273,13,nan,nan,nan
ROI_035/patch_15,7,399.8914,166.1263,489.2166,163.9135,490.5153,165.3467,490.2153,163.8779,9,nan,nan,nan
ROI_035/patch_16,0,222.4377,67.3866,318.2045,63.5864,323.3572,66.3358,319.5899,65.2954,12,nan,nan,nan
ROI_035/patch_16,1,104.6293,9.6225,210.2768,7.3424,219.2711,7.9803,nan,nan,2,nan,nan,nan
ROI_035/patch_16,2,383.6561,224.0837,454.2541,223.1977,458.3264,223.9122,452.7240,222.9578,7,nan,nan,nan
ROI_035/patch_16,3,379.6105,151.7887,449.6938,150.9926,461.5167,151.5334,415.9373,138.7904,3,nan,nan,nan
ROI_035/patch_16,4,113.6520,219.8781,214.0771,216.3572,207.4399,218.4670,212.2663,217.7142,12,nan,nan,nan
ROI_035/patch_16,5,36.7816,237.1296,132.7513,234.5985,134.2372,235.3823,131.1051,234.5888,10,nan,nan,nan
ROI_035/patch_16,6,389.5083,343.3780,445.8935,341.0061,452.2958,343.3410,448.1223,341.1368,12,nan,nan,nan
ROI_035/patch_16,7,313.4149,286.7712,390.4096,284.0020,386.9222,286.3348,87.5411,272.1361,4,nan,nan,nan
ROI_035/patch_16,8,372.4909,486.1056,424.6120,486.1764,422.7259,486.1196,421.9101,485.3934,10,nan,nan,nan
ROI_035/patch_17,0,209.5167,49.1453,271.0811,46.1051,272.3958,47.8206,269.4156,46.6428,12,nan,nan,nan
ROI_035/patch_17,1,131.9912,142.6320,185.9551,141.1119,191.2551,141.4948,187.6109,140.6000,12,nan,nan,nan
ROI_035/patch_17,2,104.4220,349.3457,155.5529,347.8466,154.0897,348.5848,156.4630,347.8940,12,nan,nan,nan
ROI_035/patch_17,3,81.6428,469.2645,124.3907,470.2152,125.8192,468.7237,124.6812,469.1698,13,nan,nan,nan
ROI_035/patch_17,4,433.0162,351.2840,480.0960,351.6468,478.9309,350.4392,478.4455,349.9437,12,nan,nan,nan
ROI_035/patch_17,5,264.1789,312.5592,317.4444,314.4042,313.8295,311.6901,317.2862,311.8893,11,nan,nan,nan
ROI_035/patch_17,6,11.9879,282.1945,55.9858,290.0825,65.9023,281.3383,nan,nan,2,nan,nan,nan
ROI_035/patch_17,7,346.8214,90.3632,403.3305,90.1883,406.1964,89.0755,405.8740,88.4656,10,nan,nan,nan
ROI_035/patch_18,0,211.0368,44.5850,251.3197,44.5850,251.0702,43.7510,247.4378,43.5416,9,nan,nan,nan
ROI_035/patch_18,1,50.6655,102.3491,91.7084,103.8692,85.3950,101.4597,90.3912,100.4603,10,nan,nan,nan
ROI_035/patch_18,2,404.5312,99.7694,445.1335,99.3089,439.0636,99.3467,441.4418,99.4990,11,nan,nan,nan
ROI_035/patch_18,3,80.8425,282.1903,103.8692,280.9618,98.3967,281.8375,106.1585,281.9745,11,nan,nan,nan
ROI_035/patch_18,4,45.5134,420.7383,51.4255,423.0919,49.9092,420.7204,51.0689,420.5659,10,nan,nan,nan
ROI_035/patch_18,5,204.5573,386.1238,204.9564,386.6093,212.0525,386.2234,206.0070,386.8659,10,nan,nan,nan
ROI_035/patch_18,6,405.2968,339.1176,418.5316,337.9659,417.0201,339.3563,418.4465,338.8052,10,nan,nan,nan
ROI_035/patch_18,7,416.6283,422.4065,429.1723,420.8117,420.4004,422.8901,431.7196,421.5242,9,nan,nan,nan
ROI_035/patch_19,0,131.2312,436.7729,150.2325,437.5329,147.0648,436.0359,151.6193,435.6808,12,nan,nan,nan
ROI_035/patch_19,1,464.8949,437.5329,483.8962,436.0128,491.5554,437.3903,485.4698,436.4523,12,nan,nan,nan
ROI_035/patch_19,2,40.3946,271.2178,57.5059,269.5610,63.9116,270.1547,58.3183,270.6844,12,nan,nan,nan
ROI_035/patch_19,3,199.6309,304.3857,225.4779,306.0436,226.2058,303.6387,224.6511,303.8422,10,nan,nan,nan
ROI_035/patch_19,4,4.6051,314.9326,14.9429,314.4042,24.1450,313.8492,18.3297,313.8860,3,nan,nan,nan
ROI_035/patch_19,5,396.5318,12.9158,448.1737,13.4228,448.2644,12.2295,446.0684,12.8703,6,nan,nan,nan
ROI_035/patch_19,6,106.2931,261.2514,131.2312,258.9202,132.5989,260.2956,131.4168,258.9369,12,nan,nan,nan
ROI_035/patch_19,7,248.1511,72.1276,295.4028,70.4269,291.2402,71.2362,295.2467,70.4906,4,nan,nan,nan
ROI_035/patch_19,8,22.1953,103.2422,59.7861,103.1092,55.9189,101.9797,61.3576,102.8657,10,nan,nan,nan
ROI_035/patch_20,0,399.5302,280.2018,413.9713,279.4417,414.3237,279.9635,416.1599,280.3996,13,nan,nan,nan
ROI_035/patch_20,1,328.8452,100.8290,362.2876,100.8290,365.0084,100.0251,364.5736,100.4021,9,nan,nan,nan
ROI_035/patch_20,2,30.9312,21.9691,77.2673,21.7834,79.8041,21.1071,80.1253,20.4361,11,nan,nan,nan
ROI_035/patch_20,3,181.9570,407.4314,182.9148,408.6509,184.9183,407.7856,182.9845,407.5684,12,nan,nan,nan
ROI_035/patch_20,4,277.2984,304.2339,287.0422,304.5235,290.8648,304.1655,289.5719,305.2073,12,nan,nan,nan
ROI_035/patch_20,5,78.8210,187.7246,109.9497,186.7151,108.1629,187.3977,109.9311,186.2032,11,nan,nan,nan
ROI_035/patch_20,6,89.1905,467.8535,86.3880,469.4552,86.4014,468.4814,87.4384,468.7640,10,nan,nan,nan
ROI_035/patch_20,7,95.1397,88.2536,135.0314,88.6682,135.6426,87.5733,135.0001,87.4735,11,nan,nan,nan
ROI_035/patch_21,0,256.6401,214.8371,274.1213,215.5972,272.8676,214.7397,276.5478,215.1446,12,nan,nan,nan
ROI_035/patch_21,1,119.8304,257.4001,134.2714,256.6401,132.9102,257.0714,134.9547,255.8442,12,nan,nan,nan
ROI_035/patch_21,2,136.4886,455.9044,166.1937,455.7742,154.7944,455.2083,161.2491,455.2449,11,nan,nan,nan
ROI_035/patch_21,3,9.5452,471.8075,21.7834,472.4954,24.3695,470.9424,22.1208,470.4129,6,nan,nan,nan
ROI_035/patch_21,4,454.5737,361.1269,477.8158,361.5275,480.2972,360.9606,479.6967,360.6228,10,nan,nan,nan
ROI_035/patch_21,5,251.0725,351.3964,271.8412,350.8868,270.3774,351.0278,269.7236,350.2829,11,nan,nan,nan
ROI_035/patch_21,6,273.2444,37.2191,284.0020,36.9845,285.7539,37.4847,284.1629,37.2672,13,nan,nan,nan
ROI_035/patch_21,7,472.5019,37.0726,494.5370,37.7445,491.0661,37.5551,494.2877,36.7222,6,nan,nan,nan
ROI_035/patch_22,0,165.4336,78.7874,188.9953,78.0274,187.2227,78.2654,189.8309,77.9676,11,nan,nan,nan
ROI_035/patch_22,1,160.1132,335.6857,177.5945,336.4457,173.5885,335.5911,175.1232,335.9055,11,nan,nan,nan
ROI_035/patch_22,2,217.4875,270.1505,234.5985,271.0811,232.8464,269.9613,233.6908,269.6983,10,nan,nan,nan
ROI_035/patch_22,3,53.8860,118.4194,74.9872,117.5502,74.8616,117.9347,73.7563,117.9645,12,nan,nan,nan
ROI_035/patch_22,4,359.3606,32.4163,378.2487,34.7043,381.8328,31.8669,377.4882,32.9237,8,nan,nan,nan
ROI_035/patch_22,5,493.0588,44.0317,498.3372,46.8652,514.5876,43.5362,497.0122,45.2931,3,nan,nan,nan
ROI_035/patch_22,6,236.5412,169.8648,255.8800,171.5140,255.0736,169.5131,256.2912,168.6168,11,nan,nan,nan
ROI_035/patch_22,7,287.0820,440.3881,295.4028,442.0933,296.6217,440.5009,292.0478,440.1062,11,nan,nan,nan
ROI_035/patch_23,0,236.8787,142.6320,211.0368,141.8719,210.7817,143.2124,212.3402,142.5189,10,nan,nan,nan
ROI_035/patch_23,1,450.4538,269.5610,432.9726,272.6012,430.2213,270.5512,431.9545,271.2008,10,nan,nan,nan
ROI_035/patch_23,2,59.7713,251.9089,40.0247,254.3599,35.9757,252.2353,36.1965,251.2135,13,nan,nan,nan
ROI_035/patch_23,3,281.1108,325.6889,261.9605,326.5650,261.4637,326.4170,259.0550,325.6173,9,nan,nan,nan
ROI_035/patch_23,4,244.6277,434.5431,230.7982,436.0128,228.3383,435.2534,231.0021,434.7526,11,nan,nan,nan
ROI_035/patch_23,5,373.2988,66.8906,351.6468,68.9067,345.7107,67.6701,353.2531,67.2684,12,nan,nan,nan
ROI_035/patch_23,6,65.2548,46.2933,55.2258,46.8652,34.6342,46.5468,58.7828,46.7147,11,nan,nan,nan
ROI_035/patch_23,7,28.9048,113.1398,18.7432,112.2298,0.2400,113.3589,17.5986,112.6608,10,nan,nan,nan
ROI_035/patch_24,0,385.8493,295.4028,389.6495,295.4028,389.9926,295.7571,390.3439,295.3041,10,nan,nan,nan
ROI_035/patch_24,1,396.4900,333.4055,401.0503,334.1656,401.6112,333.7299,401.8182,333.3314,9,nan,nan,nan
ROI_035/patch_24,2,53.0521,25.2722,39.2646,25.5837,28.2613,26.0309,39.7129,25.5761,10,nan,nan,nan
ROI_035/patch_24,3,59.7093,457.2057,52.9456,458.0544,36.2616,457.7102,53.2535,457.5192,13,nan,nan,nan
ROI_035/patch_24,4,105.6405,124.7813,84.8679,125.1507,85.5236,125.4433,85.3030,125.7318,12,nan,nan,nan
ROI_035/patch_24,5,407.2461,134.1514,414.7313,135.0314,412.9296,134.5827,416.5723,133.4195,11,nan,nan,nan
ROI_035/patch_24,6,271.6225,153.5542,262.7205,154.7928,265.7467,154.0756,259.0969,153.8966,11,nan,nan,nan
ROI_035/patch_24,7,139.3807,243.8663,117.5502,246.7594,122.3616,244.4344,118.0790,244.5728,10,nan,nan,nan
ROI_035/patch_25,0,49.1453,74.9872,71.9470,73.4671,84.7506,74.4042,73.8539,74.1143,11,nan,nan,nan
ROI_035/patch_25,1,111.4698,301.4833,130.4711,300.7232,131.7753,301.0692,130.1046,301.5603,10,nan,nan,nan
ROI_035/patch_25,2,300.4591,318.1542,320.4846,318.2045,317.9855,317.8925,320.2946,317.8154,11,nan,nan,nan
ROI_035/patch_25,3,165.1293,183.7180,195.0757,182.1548,192.6183,183.2814,195.8754,182.3486,12,nan,nan,nan
ROI_035/patch_25,4,312.5511,43.5232,350.1267,43.0649,347.8429,43.1233,350.8743,42.3597,11,nan,nan,nan
ROI_035/patch_25,5,28.3735,383.9667,48.3853,382.8090,44.0556,383.5338,49.3371,383.3414,10,nan,nan,nan
ROI_035/patch_25,6,429.4196,495.9176,432.9726,495.2970,434.2206,495.8492,433.3529,495.6627,5,nan,nan,nan
ROI_035/patch_25,7,458.3282,181.6370,481.6161,181.3947,483.3244,181.4218,483.5052,182.2091,9,nan,nan,nan
ROI_035/patch_26,0,336.4457,173.0341,344.0463,174.5543,344.9519,173.2311,343.1147,173.0771,12,nan,nan,nan
ROI_035/patch_26,1,464.1348,176.8344,481.6161,175.3143,476.9845,177.0740,481.8777,177.3146,12,nan,nan,nan
ROI_035/patch_26,2,63.7933,295.6200,66.2466,295.0228,69.8157,295.8605,69.1572,296.8424,10,nan,nan,nan
ROI_035/patch_26,3,223.7026,223.7927,232.3184,224.7178,231.1853,224.0078,228.7677,223.3921,7,nan,nan,nan
ROI_035/patch_26,4,444.8819,416.9183,459.9404,418.5316,469.5806,417.3991,458.3004,417.6230,11,nan,nan,nan
ROI_035/patch_26,5,84.5094,130.1182,93.0243,130.0911,82.6053,130.1946,91.8178,129.0446,10,nan,nan,nan
ROI_035/patch_26,6,352.6673,504.4918,365.6847,505.9730,378.9220,505.0347,nan,nan,0,nan,nan,nan
ROI_035/patch_26,7,175.9141,468.8381,199.2194,470.0837,194.5771,469.2908,196.1855,469.9495,12,nan,nan,nan
ROI_035/patch_27,0,215.2551,115.7724,224.4183,116.5360,224.5295,116.0666,225.6176,115.4840,11,nan,nan,nan
ROI_035/patch_27,1,468.7709,171.5153,480.9886,170.7517,480.7097,171.8853,482.0710,171.4040,11,nan,nan,nan
ROI_035/patch_27,2,94.5537,179.0329,105.2964,178.3877,107.6007,179.1386,106.5608,178.3619,10,nan,nan,nan
ROI_035/patch_27,3,461.9611,351.4172,468.0073,353.2526,484.0115,351.4775,470.0546,351.9426,10,nan,nan,nan
ROI_035/patch_27,4,374.1570,33.6330,376.3751,36.3578,378.5290,34.1732,377.6796,32.7271,10,nan,nan,nan
ROI_035/patch_27,5,127.3532,49.6997,130.4953,50.8662,133.0798,50.0469,133.8345,49.5406,10,nan,nan,nan
ROI_035/patch_27,6,4.7995,129.5164,19.0094,131.0444,15.2315,129.6458,19.1208,129.0686,3,nan,nan,nan
ROI_035/patch_27,7,384.4130,140.6053,393.9379,140.9712,394.7713,140.9710,396.1047,140.8756,9,nan,nan,nan
ROI_035/patch_28,0,93.8424,92.1007,99.9512,92.8643,99.0955,92.5161,100.2248,92.5864,12,nan,nan,nan
ROI_035/patch_28,1,252.6716,102.7911,267.1800,102.0275,264.5034,103.0477,267.9098,103.1210,10,nan,nan,nan
ROI_035/patch_28,2,159.8436,212.6898,164.8573,213.5134,167.3998,212.9378,166.4050,213.1077,10,nan,nan,nan
ROI_035/patch_28,3,381.7951,402.3885,394.7015,402.8867,397.8964,402.2620,396.3921,402.6560,11,nan,nan,nan
ROI_035/patch_28,4,211.4400,32.6664,225.1819,31.7762,221.8137,33.0230,225.9985,31.8264,9,nan,nan,nan
ROI_035/patch_28,5,413.7918,126.1616,426.7728,125.6992,432.2507,126.2462,427.9011,125.3229,12,nan,nan,nan
ROI_035/patch_28,6,56.2130,397.6692,70.1707,401.3595,58.7651,397.8532,71.0578,396.8869,10,nan,nan,nan
ROI_035/patch_28,7,370.0690,44.8540,384.0111,46.2846,387.0074,45.0506,380.1286,44.2558,9,nan,nan,nan
ROI_035/patch_29,0,406.1556,289.1100,417.6096,290.6372,419.2005,289.0090,418.5499,288.0346,11,nan,nan,nan
ROI_035/patch_29,1,268.7072,383.0331,284.7429,385.3239,284.7060,382.5730,285.7332,382.6416,10,nan,nan,nan
ROI_035/patch_29,2,286.0693,134.7808,295.2424,137.3441,295.7725,134.6448,296.6220,133.3592,10,nan,nan,nan
ROI_035/patch_29,3,12.1493,20.7302,21.6820,21.4675,20.1921,20.2337,23.8197,20.4694,7,nan,nan,nan
ROI_035/patch_29,4,410.0420,494.7567,438.6087,494.9008,428.2223,494.4203,439.7049,493.7457,5,nan,nan,nan
ROI_035/patch_29,5,147.7851,388.9623,169.6299,390.6691,164.4608,388.2767,173.0445,387.7498,10,nan,nan,nan
ROI_035/patch_29,6,434.7418,88.7995,442.0449,88.4736,442.6432,88.9863,443.0988,87.8699,9,nan,nan,nan
ROI_035/patch_29,7,286.3919,464.9151,313.7597,464.9294,304.3648,464.3905,311.7192,464.2231,11,nan,nan,nan
ROI_035/patch_30,0,348.6066,470.2152,370.6482,470.9753,371.9069,470.0178,372.5107,469.9122,12,nan,nan,nan
ROI_035/patch_30,1,59.7861,261.9605,73.4671,261.9605,87.3303,261.5015,72.2319,261.7796,10,nan,nan,nan
ROI_035/patch_30,2,259.6558,369.3475,287.0422,369.8881,284.4672,369.1081,287.4285,368.7913,12,nan,nan,nan
ROI_035/patch_30,3,223.4833,156.5530,259.6803,154.7928,249.8638,156.4773,261.7675,155.7862,11,nan,nan,nan
ROI_035/patch_30,4,204.5666,466.4317,226.2379,466.4150,229.4273,465.9986,228.5955,466.2019,10,nan,nan,nan
ROI_035/patch_30,5,196.0538,23.9493,221.6776,24.8236,223.4644,23.9675,223.2067,23.0625,12,nan,nan,nan
ROI_035/patch_30,6,102.0979,161.0818,124.3907,160.1132,129.7505,160.7994,123.0579,161.1090,6,nan,nan,nan
ROI_035/patch_30,7,418.7374,323.7255,441.3332,323.5248,442.1023,323.7988,441.9723,322.8634,11,nan,nan,nan
ROI_035/patch_31,0,333.4055,423.0919,361.5275,423.0919,362.8604,423.0723,364.3651,423.6639,9,nan,nan,nan
ROI_035/patch_31,1,270.3211,297.6830,303.9534,299.2031,297.8823,297.9440,302.9733,298.6246,11,nan,nan,nan
ROI_035/patch_31,2,56.9092,401.7231,73.4671,403.8372,74.2983,402.3144,76.4382,401.6533,11,nan,nan,nan
ROI_035/patch_31,3,379.2199,42.1316,407.1308,42.8116,413.4151,42.4613,406.7192,42.8867,10,nan,nan,nan
ROI_035/patch_31,4,64.6010,504.4958,86.3880,506.4445,81.5973,504.9503,nan,nan,1,nan,nan,nan
ROI_035/patch_31,5,36.0636,217.0248,45.3451,219.9041,53.8483,217.8767,47.5860,216.7890,11,nan,nan,nan
ROI_035/patch_31,6,465.5690,254.4173,503.8476,256.0067,502.0665,254.3153,499.8560,254.6459,6,nan,nan,nan
ROI_035/patch_31,7,149.6692,210.6357,165.8218,211.1792,172.5195,211.2544,164.1002,208.8569,9,nan,nan,nan
ROI_035/patch_32,0,48.2724,382.9234,72.6982,382.1601,74.8411,382.7221,73.6935,381.2263,9,nan,nan,nan
ROI_035/patch_32,1,25.3731,47.0680,74.2248,46.3047,108.8648,46.9281,75.3329,45.9522,10,nan,nan,nan
ROI_035/patch_32,2,133.1475,178.8385,189.4843,180.6468,191.9407,178.6992,188.1980,178.1096,4,nan,nan,nan
ROI_035/patch_32,3,408.3817,497.5002,417.7134,498.9462,407.0969,497.3657,419.1541,495.8447,6,nan,nan,nan
ROI_035/patch_32,4,270.7231,320.6242,301.8814,319.3780,302.4233,320.4907,299.0803,320.4766,7,nan,nan,nan
ROI_035/patch_32,5,327.7030,431.5955,336.6119,433.6834,339.4122,431.4540,335.2696,431.9833,11,nan,nan,nan
ROI_035/patch_32,6,151.5242,469.3378,171.7374,470.8311,161.1160,469.1449,176.0260,470.0167,9,nan,nan,nan
ROI_035/patch_32,7,243.6012,123.8918,306.8429,123.3351,308.9731,123.7909,308.4279,122.5419,10,nan,nan,nan
ROI_035/patch_33,0,267.7234,219.1303,306.3977,217.0948,302.8834,218.8428,305.0770,217.6207,10,nan,nan,nan
ROI_035/patch_33,1,38.7310,131.6043,94.7069,131.6043,96.9798,131.0882,96.9339,130.1381,11,nan,nan,nan
ROI_035/patch_33,2,151.7300,270.4900,185.2861,268.9997,192.7727,270.2609,188.1195,269.4369,11,nan,nan,nan
ROI_035/patch_33,3,401.3046,188.3521,432.5979,188.5980,427.9667,188.0491,431.3238,187.7639,12,nan,nan,nan
ROI_035/patch_33,4,417.1065,490.5208,428.5269,491.8856,424.1882,490.7726,430.6105,490.1089,8,nan,nan,nan
ROI_035/patch_33,5,61.4995,311.3116,106.9199,312.7627,107.0656,311.1294,106.7336,310.5338,12,nan,nan,nan
ROI_035/patch_33,6,220.3463,491.5371,242.2798,494.9389,242.6371,491.7311,241.1049,491.7889,7,nan,nan,nan
ROI_035/patch_33,7,383.1950,365.0424,398.5035,364.6677,400.5304,365.0555,399.9775,364.3354,10,nan,nan,nan
ROI_035/patch_34,0,376.8764,374.0818,389.0894,375.0995,393.6031,374.1803,390.7827,374.6554,12,nan,nan,nan
ROI_035/patch_34,1,139.7421,445.3239,149.9195,445.3239,149.1224,445.3385,150.8731,443.6635,12,nan,nan,nan
ROI_035/patch_34,2,207.1491,69.8283,228.2858,70.2852,228.9762,69.7886,232.3729,69.2657,11,nan,nan,nan
ROI_035/patch_34,3,449.5039,229.4469,470.0000,229.8166,472.0618,229.5442,471.3796,230.1934,9,nan,nan,nan
ROI_035/patch_34,4,326.7272,189.6016,348.8885,190.1246,347.7188,189.6385,348.3616,189.2420,12,nan,nan,nan
ROI_035/patch_34,5,65.9072,274.5107,83.2573,275.6151,78.6276,274.4568,83.4073,275.0746,11,nan,nan,nan
ROI_035/patch_34,6,23.7719,60.2061,52.7250,60.8711,41.8049,60.0873,50.2163,59.2620,12,nan,nan,nan
ROI_035/patch_34,7,476.0199,63.3451,503.5855,63.9243,504.0104,63.4169,502.2919,62.6487,3,nan,nan,nan
ROI_035/patch_35,0,197.2446,166.7165,220.6527,167.7342,218.0783,166.8021,220.8956,165.8495,10,nan,nan,nan
ROI_035/patch_35,1,202.3334,425.2234,216.5818,425.2234,222.0936,425.3294,217.5501,424.5505,12,nan,nan,nan
ROI_035/patch_35,2,431.0807,417.1014,449.6451,418.0992,456.9505,416.6929,449.0439,417.8555,10,nan,nan,nan
ROI_035/patch_35,3,99.0479,76.1876,121.9316,74.1018,117.6984,76.4826,118.8605,75.4765,11,nan,nan,nan
ROI_035/patch_35,4,454.7348,39.3225,483.2307,40.5162,482.9986,38.8145,482.3802,39.0793,8,nan,nan,nan
ROI_035/patch_35,5,74.6053,190.2322,92.4170,191.1423,92.0738,190.5960,91.5012,189.9342,12,nan,nan,nan
ROI_035/patch_35,6,3.6987,392.0801,12.0153,392.6556,18.3415,392.6280,nan,nan,2,nan,nan,nan
ROI_035/patch_35,7,172.3261,295.6120,194.1914,296.9877,191.8958,295.7694,194.1110,295.6544,10,nan,nan,nan
ROI_035/patch_36,0,356.2072,52.9456,376.7286,52.1856,384.5071,52.5195,376.8671,52.7695,12,nan,nan,nan
ROI_035/patch_36,1,446.6536,50.6655,470.9753,49.1453,476.8202,50.2040,468.4542,49.3263,9,nan,nan,nan
ROI_035/patch_36,2,283.9609,370.4017,304.5235,371.4082,302.9607,369.8279,308.0406,370.6221,8,nan,nan,nan
ROI_035/patch_36,3,11.4050,39.4887,32.4242,39.2646,33.1367,39.2094,32.3795,34.2367,4,nan,nan,nan
ROI_035/patch_36,4,253.2629,266.0341,275.6414,265.0007,274.2305,265.5308,277.1853,265.6781,11,nan,nan,nan
ROI_035/patch_36,5,427.7008,347.9650,450.4538,348.6066,450.1326,347.3457,448.4978,347.3104,12,nan,nan,nan
ROI_035/patch_36,6,102.5420,455.1897,117.5502,455.7742,115.8129,454.6420,115.8763,453.6098,9,nan,nan,nan
ROI_035/patch_36,7,112.4589,197.4778,134.2714,198.8760,132.3043,197.0697,132.0083,195.6409,12,nan,nan,nan
ROI_035/patch_37,0,351.6468,372.9283,361.5275,372.9283,364.8670,373.0808,359.8603,372.8851,10,nan,nan,nan
ROI_035/patch_37,1,442.8533,123.6306,457.8644,124.9607,454.6594,124.0523,457.0631,122.7846,10,nan,nan,nan
ROI_035/patch_37,2,22.5148,339.4406,47.4352,341.5761,41.5370,339.8020,46.9628,339.8406,12,nan,nan,nan
ROI_035/patch_37,3,332.7888,140.0328,337.3958,141.8719,346.5145,140.4895,338.3874,140.5065,10,nan,nan,nan
ROI_035/patch_37,4,131.5279,379.3146,151.1826,379.3888,148.6069,379.5704,150.1955,380.2197,12,nan,nan,nan
ROI_035/patch_37,5,471.4358,191.3792,486.5564,194.8857,482.6895,191.7007,484.4664,191.7523,11,nan,nan,nan
ROI_035/patch_37,6,217.1729,302.6447,225.6679,303.1300,232.8060,302.9541,228.3258,302.2347,10,nan,nan,nan
ROI_035/patch_37,7,37.4479,42.5492,88.8582,42.9382,56.4303,43.2786,86.6165,41.3765,8,nan,nan,nan
ROI_035/patch_37,8,213.5809,151.0864,222.6277,149.3458,229.3906,151.5894,226.7417,151.4850,11,nan,nan,nan
ROI_035/patch_38,0,482.0594,202.0429,498.2739,202.0429,496.8048,202.2652,496.7370,202.0945,6,nan,nan,nan
ROI_035/patch_38,1,276.3381,181.7748,286.7256,182.7882,288.6803,182.0573,285.7889,182.5867,9,nan,nan,nan
ROI_035/patch_38,2,291.4526,39.1328,309.5272,40.6581,305.8291,39.1616,308.2658,40.3474,12,nan,nan,nan
ROI_035/patch_38,3,204.9612,362.3190,216.2305,364.4411,214.0516,362.9469,216.5957,362.4108,12,nan,nan,nan
ROI_035/patch_38,4,365.7994,401.6354,376.6019,401.1137,376.4662,402.2568,376.0064,402.2726,9,nan,nan,nan
ROI_035/patch_38,5,32.6640,493.8216,39.5180,492.6843,37.8278,494.7568,38.2996,492.1668,6,nan,nan,nan
ROI_035/patch_38,6,147.2260,259.2694,156.9463,259.0152,156.8970,259.7457,159.1834,259.3328,11,nan,nan,nan
ROI_035/patch_38,7,438.6950,6.6040,461.1579,5.4106,455.3980,6.5083,459.0002,7.5861,4,nan,nan,nan
ROI_035/patch_39,0,36.7945,89.0165,46.4218,89.5232,43.8681,88.1129,45.2894,87.5186,11,nan,nan,nan
ROI_035/patch_39,1,199.8894,334.5773,216.7372,336.4141,215.3663,334.2334,219.1854,334.0928,11,nan,nan,nan
ROI_035/patch_39,2,411.0996,379.2000,435.0628,378.9771,434.0511,379.0961,435.9129,378.2059,11,nan,nan,nan
ROI_035/patch_39,3,387.1237,174.9867,418.5316,174.5226,406.7444,174.5022,417.4426,173.0714,12,nan,nan,nan
ROI_035/patch_39,4,74.7310,383.1173,87.9714,383.2207,86.7133,382.7643,87.8090,382.8674,12,nan,nan,nan
ROI_035/patch_39,5,304.8904,390.9216,328.5866,390.6735,324.5091,390.7576,324.3965,389.6796,11,nan,nan,nan
ROI_035/patch_39,6,430.1829,27.0080,450.7443,25.4614,449.3695,26.2938,448.9795,25.1812,11,nan,nan,nan
ROI_035/patch_39,7,178.5306,143.0027,197.4016,142.6779,190.9199,142.3028,193.6200,141.7018,10,nan,nan,nan
ROI_035/patch_40,0,110.1625,215.4247,142.1978,213.8992,149.7892,214.8507,141.6470,214.7047,11,nan,nan,nan
ROI_035/patch_40,1,208.5567,339.7523,236.7783,338.9895,236.5251,338.9848,239.4366,337.5149,12,nan,nan,nan
ROI_035/patch_40,2,484.3940,465.5590,495.3491,463.3171,497.2616,464.6168,497.2940,463.0958,6,nan,nan,nan
ROI_035/patch_40,3,360.5035,493.2738,372.5470,493.0641,373.5055,492.2711,374.5968,492.2918,7,nan,nan,nan
ROI_035/patch_40,4,304.1588,90.2680,351.9529,90.3345,350.0289,89.9238,351.7929,88.4932,12,nan,nan,nan
ROI_035/patch_40,5,49.4697,477.5970,70.4998,478.5720,69.5388,476.5828,69.1084,476.3563,12,nan,nan,nan
ROI_035/patch_40,6,49.2417,8.0611,65.1605,5.6697,106.3788,7.8221,67.9221,6.0236,5,nan,nan,nan
ROI_035/patch_40,7,126.4795,73.3645,159.3596,71.8379,177.0141,73.0269,156.6152,71.9187,10,nan,nan,nan
ROI_035/patch_40,8,21.8413,406.1195,42.4212,402.9966,48.0705,405.2200,44.9932,404.1678,11,nan,nan,nan
ROI_035/patch_41,0,382.0813,306.4139,384.1789,307.5580,375.8832,306.8711,382.6020,306.3578,12,nan,nan,nan
ROI_035/patch_41,1,70.6904,255.8820,64.3978,257.0262,62.6797,255.9468,63.9420,255.6683,9,nan,nan,nan
ROI_035/patch_41,2,402.1055,93.0032,407.4426,94.5613,407.4632,93.6201,407.0053,93.3953,12,nan,nan,nan
ROI_035/patch_41,3,156.5992,81.0432,158.7876,80.5141,159.0557,81.3335,157.5921,80.9656,12,nan,nan,nan
ROI_035/patch_41,4,40.3294,467.7689,39.6721,467.6711,20.6945,467.6607,40.8436,468.7348,10,nan,nan,nan
ROI_035/patch_41,5,280.6369,450.1601,279.1742,451.0813,265.3895,450.3899,278.4660,450.2177,11,nan,nan,nan
ROI_035/patch_41,6,383.3181,462.8521,387.8655,463.0946,368.8781,463.2138,386.8700,462.3144,11,nan,nan,nan
ROI_035/patch_41,7,480.6895,190.4899,489.4238,190.9430,482.0308,191.1532,489.6647,190.4762,8,nan,nan,nan
ROI_035/patch_42,0,242.1991,106.9094,251.3197,108.4296,249.3634,106.4929,248.7125,106.7944,12,nan,nan,nan
ROI_035/patch_42,1,50.6655,262.7205,65.1065,264.2406,63.5671,262.7364,65.0277,263.4947,10,nan,nan,nan
ROI_035/patch_42,2,451.4041,14.7267,464.1348,17.9831,455.5593,13.9952,465.6955,15.3485,10,nan,nan,nan
ROI_035/patch_42,3,159.5797,39.9706,169.2339,40.0247,163.6166,39.4700,165.9793,39.3699,10,nan,nan,nan
ROI_035/patch_42,4,213.2690,375.7863,234.5985,374.4484,231.5459,375.9299,233.3703,375.3657,13,nan,nan,nan
ROI_035/patch_42,5,57.7488,430.9938,80.3076,432.2126,77.7063,431.3447,78.1379,431.7417,10,nan,nan,nan
ROI_035/patch_42,6,327.7318,328.6315,345.5664,328.0852,344.4993,328.6094,345.0249,327.1098,10,nan,nan,nan
ROI_035/patch_42,7,448.4880,167.4515,461.8547,169.2339,459.0095,167.0298,462.5343,167.5970,9,nan,nan,nan
ROI_035/patch_43,0,287.0422,115.2700,307.5637,114.5100,305.7816,114.3507,306.3337,114.1461,10,nan,nan,nan
ROI_035/patch_43,1,72.7070,247.5194,82.5877,247.5194,82.8712,246.9921,84.2271,246.6657,12,nan,nan,nan
ROI_035/patch_43,2,47.7599,400.3622,62.0663,398.0101,54.2502,399.9681,60.0678,398.4537,12,nan,nan,nan
ROI_035/patch_43,3,16.3593,463.3496,30.1440,465.6549,20.7444,463.0407,30.3637,461.8794,10,nan,nan,nan
ROI_035/patch_43,4,428.9168,267.7751,459.5745,267.2808,448.6594,266.7492,458.5784,267.5093,9,nan,nan,nan
ROI_035/patch_43,5,299.0822,312.3975,311.3640,314.4042,314.3212,311.5865,310.2374,310.1513,13,nan,nan,nan
ROI_035/patch_43,6,398.1031,184.4048,422.3213,183.7154,418.6060,183.3700,424.0360,183.1214,10,nan,nan,nan
ROI_035/patch_43,7,30.2682,79.0561,42.6743,78.5112,42.5237,78.4824,42.2744,77.1959,13,nan,nan,nan
ROI_035/patch_44,0,238.3988,147.1923,245.2393,146.4323,247.1856,146.3573,244.7887,145.5484,10,nan,nan,nan
ROI_035/patch_44,1,456.5343,387.3694,476.2957,387.3694,468.6147,386.6411,475.3230,387.0276,12,nan,nan,nan
ROI_035/patch_44,2,144.4448,259.9251,151.7526,261.2004,151.4508,259.1152,150.7193,260.3902,12,nan,nan,nan
ROI_035/patch_44,3,113.6110,88.9974,126.6709,88.6682,120.3810,88.1273,126.8409,89.9217,8,nan,nan,nan
ROI_035/patch_44,4,331.0327,38.9594,347.0865,39.2646,341.5705,38.1005,343.3277,37.9393,10,nan,nan,nan
ROI_035/patch_44,5,10.1833,331.0296,24.8236,330.3653,14.7951,330.2261,26.6849,329.7555,6,nan,nan,nan
ROI_035/patch_44,6,131.0075,443.6702,139.5918,442.8533,137.4777,442.9191,139.7715,443.0509,12,nan,nan,nan
ROI_035/patch_44,7,394.6468,265.7199,404.8506,265.0007,405.8824,264.9437,403.2360,265.1560,11,nan,nan,nan
ROI_035/patch_45,0,442.0933,352.4069,449.6938,352.4069,441.0895,352.3503,448.5006,352.6231,9,nan,nan,nan
ROI_035/patch_45,1,123.6306,396.4900,109.1896,396.4900,104.5945,397.2426,105.1033,396.3655,10,nan,nan,nan
ROI_035/patch_45,2,67.5457,169.9450,65.1065,171.5140,52.4465,170.8893,63.4683,171.1144,12,nan,nan,nan
ROI_035/patch_45,3,337.6030,209.9862,337.2058,207.9966,335.4451,210.2281,335.3349,209.9403,12,nan,nan,nan
ROI_035/patch_45,4,234.1804,44.1175,242.9591,43.8250,231.6360,44.6600,241.8382,44.0572,9,nan,nan,nan
ROI_035/patch_45,5,241.2508,465.5748,227.1880,466.7950,226.2833,466.0106,226.9279,465.5706,12,nan,nan,nan
ROI_035/patch_45,6,204.5418,227.2236,198.8760,230.0382,194.8854,227.8038,196.3728,227.6835,11,nan,nan,nan
ROI_035/patch_45,7,341.4590,3.2657,342.2887,4.2705,345.7784,3.5411,nan,nan,2,nan,nan,nan
ROI_035/patch_46,0,369.8881,280.9618,384.3291,280.2018,386.3175,280.1503,386.9872,280.3653,11,nan,nan,nan
ROI_035/patch_46,1,158.5931,306.8036,162.3934,308.3238,164.6045,306.3437,162.1981,305.8130,10,nan,nan,nan
ROI_035/patch_46,2,7.5063,124.6171,16.4630,126.6709,10.0148,124.4103,14.5514,124.1174,4,nan,nan,nan
ROI_035/patch_46,3,211.9682,106.2657,222.4377,106.1494,224.4269,105.7186,222.5489,105.3658,12,nan,nan,nan
ROI_035/patch_46,4,426.5580,469.7570,441.3332,469.4552,441.9322,468.8494,443.6973,468.3278,10,nan,nan,nan
ROI_035/patch_46,5,91.8134,232.0509,89.7449,233.6484,96.1630,231.7028,92.3883,231.3930,11,nan,nan,nan
ROI_035/patch_46,6,21.0624,423.7822,27.9272,422.6485,18.3230,423.5501,28.6973,422.8066,11,nan,nan,nan
ROI_035/patch_46,7,292.1932,55.8547,308.8305,55.0569,309.4059,55.1745,309.9484,54.8282,12,nan,nan,nan
ROI_035/patch_47,0,87.6547,216.1883,124.1373,217.7084,115.4475,215.5761,116.8765,216.0579,12,nan,nan,nan
ROI_035/patch_47,1,40.5314,283.8331,67.1333,283.8331,63.5185,283.1640,63.3531,283.3090,12,nan,nan,nan
ROI_035/patch_47,2,330.5436,320.2835,363.3569,317.5877,360.6541,319.5557,362.2381,318.8995,11,nan,nan,nan
ROI_035/patch_47,3,194.2424,481.8994,209.6486,481.0132,212.1410,481.0378,211.6548,481.0967,7,nan,nan,nan
ROI_035/patch_47,4,455.4382,122.0350,484.3801,120.5937,499.2260,121.4751,486.3419,120.5417,9,nan,nan,nan
ROI_035/patch_47,5,44.1713,87.8337,66.5408,87.0253,76.9901,87.3413,68.2361,87.2454,12,nan,nan,nan
ROI_035/patch_47,6,150.8979,375.6518,173.4299,375.0075,172.7304,374.8900,174.6029,374.3720,12,nan,nan,nan
ROI_035/patch_47,7,400.0741,484.0482,426.0769,481.8966,424.2047,483.1663,425.4268,482.5252,12,nan,nan,nan
ROI_035/patch_48,0,204.1964,53.7057,230.0382,53.7057,230.4587,53.1130,228.4382,53.1601,12,nan,nan,nan
ROI_035/patch_48,1,102.3491,111.4698,124.3907,109.1896,128.6655,110.8971,123.4998,109.4043,10,nan,nan,nan
ROI_035/patch_48,2,191.1287,457.0532,217.1173,455.7742,216.2434,456.3701,218.4885,455.2042,10,nan,nan,nan
ROI_035/patch_48,3,247.9011,196.0337,274.1213,194.3157,273.6529,195.3932,275.5619,194.2129,12,nan,nan,nan
ROI_035/patch_48,4,183.6702,267.9561,213.3170,265.0007,209.3526,267.3199,212.0535,265.9106,7,nan,nan,nan
ROI_035/patch_48,5,25.9860,231.5776,52.9456,232.3184,52.1190,231.0018,54.2364,230.4924,9,nan,nan,nan
ROI_035/patch_48,6,64.6217,457.4124,90.9483,457.2943,90.0117,456.7708,89.6605,456.9167,11,nan,nan,nan
ROI_035/patch_48,7,328.8614,109.4606,358.4873,111.4698,354.6888,108.8139,356.5312,109.3508,9,nan,nan,nan
ROI_035/patch_49,0,155.5529,109.1896,132.7513,112.9899,132.3240,109.9897,133.8408,110.8621,10,nan,nan,nan
ROI_035/patch_49,1,486.1764,311.3640,481.6161,314.4042,482.8732,311.8379,484.1220,312.1000,11,nan,nan,nan
ROI_035/patch_49,2,391.1537,221.9253,382.8090,223.9578,383.9313,222.4908,382.6968,222.3948,11,nan,nan,nan
ROI_035/patch_49,3,285.3730,486.2274,254.3599,487.6965,252.7969,486.9196,254.1726,487.5493,10,nan,nan,nan
ROI_035/patch_49,4,53.4159,344.7581,3.5421,347.8466,6.8390,345.6792,251.8033,343.2458,5,nan,nan,nan
ROI_035/patch_49,5,349.0444,32.4927,349.3667,33.9443,348.7267,33.0886,350.2259,32.0841,12,nan,nan,nan
ROI_035/patch_49,6,467.9271,108.5662,477.8158,109.1896,474.5793,109.0451,475.8391,108.6876,9,nan,nan,nan
ROI_035/patch_49,7,267.5348,197.2487,250.5596,197.3559,249.9250,197.9396,250.1471,197.6081,11,nan,nan,nan
ROI_035/patch_50,0,277.1615,21.7834,292.3626,23.3035,297.1388,21.1186,292.4324,21.3684,12,nan,nan,nan
ROI_035/patch_50,1,216.3572,328.0852,222.4377,327.3251,219.3592,327.7240,222.7707,327.0408,11,nan,nan,nan
ROI_035/patch_50,2,34.4721,405.1130,24.8236,403.3305,29.0416,405.2759,23.9450,403.4395,11,nan,nan,nan
ROI_035/patch_50,3,464.6303,106.9928,483.8962,104.6293,484.9932,105.8633,484.8771,106.1658,12,nan,nan,nan
ROI_035/patch_50,4,28.1706,296.5128,28.6239,298.4430,28.0625,296.6428,26.3136,297.1407,13,nan,nan,nan
ROI_035/patch_50,5,313.9047,383.6716,310.6039,382.0490,316.5397,383.0738,313.7407,383.0816,9,nan,nan,nan
ROI_035/patch_50,6,486.1618,416.2171,486.9364,418.5316,491.4596,415.1714,487.7007,416.6031,9,nan,nan,nan
ROI_035/patch_50,7,83.2628,261.2536,86.3880,261.9605,86.3108,261.2195,87.1935,260.9651,10,nan,nan,nan
ROI_035/patch_51,0,159.3532,347.8466,170.7540,347.8466,169.2754,347.5975,170.5639,347.7654,11,nan,nan,nan
ROI_035/patch_51,1,65.8665,478.5758,65.8665,478.5758,69.9343,478.3798,64.7034,477.2930,11,nan,nan,nan
ROI_035/patch_51,2,236.6399,135.5324,248.2795,135.7915,253.1843,135.2179,251.9121,134.5151,9,nan,nan,nan
ROI_035/patch_51,3,54.3617,278.9054,59.0260,279.4417,61.3980,278.6715,62.5233,278.8970,12,nan,nan,nan
ROI_035/patch_51,4,426.8570,479.8338,442.8533,480.0960,444.8786,479.5370,444.6898,477.9593,11,nan,nan,nan
ROI_035/patch_51,5,387.7204,230.4855,413.9713,228.5181,408.4903,230.1483,415.5518,228.8413,12,nan,nan,nan
ROI_035/patch_51,6,427.7401,98.0917,457.2943,98.5489,452.3229,97.7160,457.5146,96.7679,10,nan,nan,nan
ROI_035/patch_51,7,341.3933,398.2495,356.2072,399.5302,357.5011,397.9598,356.7818,399.0150,10,nan,nan,nan
ROI_035/patch_52,0,386.6093,243.7192,422.3318,242.9591,420.9909,242.9717,422.7749,242.9296,10,nan,nan,nan
ROI_035/patch_52,1,63.5864,106.1494,91.7084,104.6293,88.0576,105.4359,92.2470,105.1726,6,nan,nan,nan
ROI_035/patch_52,2,186.9173,31.7298,219.3974,30.1440,217.1885,30.7709,219.0488,30.5973,10,nan,nan,nan
ROI_035/patch_52,3,51.7489,502.5601,69.6668,503.6576,69.4811,502.5829,70.2671,503.5117,3,nan,nan,nan
ROI_035/patch_52,4,111.3478,209.4832,139.5918,208.7567,135.9662,208.9167,140.9378,209.3853,11,nan,nan,nan
ROI_035/patch_52,5,455.6161,430.3118,495.2970,429.1723,489.6182,429.8449,496.2811,429.8286,5,nan,nan,nan
ROI_035/patch_52,6,274.2209,326.4189,302.2433,324.2849,303.0808,325.9223,303.7758,324.8303,10,nan,nan,nan
ROI_035/patch_52,7,305.0738,101.2516,333.4055,99.3089,338.6651,100.3155,336.8811,100.8344,13,nan,nan,nan
ROI_035/patch_53,0,224.7178,162.3934,183.6749,164.6735,183.8225,163.2241,182.6929,163.6998,9,nan,nan,nan
ROI_035/patch_53,1,360.7675,318.9645,328.0852,319.7246,330.8168,318.9826,329.0057,319.3107,12,nan,nan,nan
ROI_035/patch_53,2,445.7497,100.0393,429.1723,100.8290,427.4804,100.0464,427.6523,98.6770,12,nan,nan,nan
ROI_035/patch_53,3,343.1266,151.8618,314.4042,151.7526,314.0024,152.2154,314.5778,152.5642,12,nan,nan,nan
ROI_035/patch_53,4,311.1067,276.1110,280.2018,277.1615,276.9424,276.4032,278.2990,276.2869,11,nan,nan,nan
ROI_035/patch_53,5,126.4160,365.3188,74.2271,368.3680,72.7781,366.2412,71.4067,365.1827,9,nan,nan,nan
ROI_035/patch_53,6,72.0197,433.4939,9.6225,436.7729,12.0054,434.5361,10.0453,432.3072,5,nan,nan,nan
ROI_035/patch_53,7,505.0152,325.6128,478.5758,325.8050,489.1063,325.0190,nan,nan,1,nan,nan,nan
ROI_035/patch_54,0,170.7540,193.5556,162.3934,195.0757,153.3228,193.5352,161.6758,193.2695,12,nan,nan,nan
ROI_035/patch_54,1,499.0973,43.0649,501.3775,42.3049,499.8670,42.5656,nan,nan,0,nan,nan,nan
ROI_035/patch_54,2,379.4398,268.2794,374.4484,270.3211,371.0799,268.1850,371.8859,268.1254,11,nan,nan,nan
ROI_035/patch_54,3,142.5503,461.7463,120.7804,463.9448,119.8151,462.1122,116.7574,461.9395,10,nan,nan,nan
ROI_035/patch_54,4,209.4044,347.3776,187.9185,349.1767,191.6020,347.5327,191.1973,347.8387,12,nan,nan,nan
ROI_035/patch_54,5,31.8898,148.8865,13.2328,148.0632,8.3483,148.9222,11.8806,149.4323,7,nan,nan,nan
ROI_035/patch_54,6,460.8806,117.0911,459.9545,117.6610,458.7037,116.7239,461.1180,116.4446,10,nan,nan,nan
ROI_035/patch_54,7,339.0775,433.4389,327.1668,434.6669,326.3312,433.6016,327.1602,433.1647,10,nan,nan,nan
ROI_035/patch_55,0,383.6008,59.9286,402.4121,59.3586,402.7304,59.2349,401.2275,59.2526,10,nan,nan,nan
ROI_035/patch_55,1,53.2061,251.6001,49.9514,252.5518,51.8845,251.5574,51.7108,250.7501,11,nan,nan,nan
ROI_035/patch_55,2,89.2178,334.6297,93.3227,334.7291,93.7135,334.4256,91.8803,333.8058,10,nan,nan,nan
ROI_035/patch_55,3,335.9802,303.7895,358.1159,303.5321,359.6286,303.0016,361.0048,303.5019,12,nan,nan,nan
ROI_035/patch_55,4,431.5848,429.1865,476.0555,427.5589,467.3959,428.0528,477.8809,428.3226,7,nan,nan,nan
ROI_035/patch_55,5,446.8220,115.6632,471.4901,115.5898,473.0559,114.7646,474.0227,113.5788,10,nan,nan,nan
ROI_035/patch_55,6,108.1416,479.4927,125.0903,479.4903,119.1898,479.1158,126.6239,479.2096,11,nan,nan,nan
ROI_035/patch_55,7,275.2606,135.2114,290.3958,134.9927,288.1133,134.7203,288.3500,134.2574,7,nan,nan,nan
ROI_035/patch_56,0,241.7616,247.8596,289.6983,247.0987,288.3347,247.1341,291.3135,246.2328,13,nan,nan,nan
ROI_035/patch_56,1,133.7138,365.7991,180.1287,365.0382,180.3034,364.7755,182.1975,364.7109,7,nan,nan,nan
ROI_035/patch_56,2,13.8200,411.2413,59.1456,411.4532,58.4509,410.0019,60.3995,409.5260,7,nan,nan,nan
ROI_035/patch_56,3,413.6386,67.6101,457.8573,64.4827,460.3559,67.3490,460.0262,66.4359,12,nan,nan,nan
ROI_035/patch_56,4,90.6857,221.4517,133.7138,220.4672,132.8544,220.5671,131.0713,219.7345,11,nan,nan,nan
ROI_035/patch_56,5,193.7060,39.3452,225.7827,38.6121,234.2471,38.8386,225.1583,37.8747,7,nan,nan,nan
ROI_035/patch_56,6,229.4852,471.9528,273.8040,472.1561,280.9361,470.9096,275.4172,471.0481,12,nan,nan,nan
ROI_035/patch_56,7,405.8060,390.4430,452.9326,389.5984,459.7976,389.7369,456.2645,390.5389,10,nan,nan,nan
ROI_035/patch_57,0,128.9510,201.1561,84.8679,202.6762,85.0778,201.7581,83.4785,203.1471,11,nan,nan,nan
ROI_035/patch_57,1,185.9551,308.3238,148.7124,309.8439,149.1532,308.8443,145.1656,309.8559,9,nan,nan,nan
ROI_035/patch_57,2,404.8280,360.3982,388.1294,362.2876,388.3229,360.8548,390.1416,360.4910,11,nan,nan,nan
ROI_035/patch_57,3,358.8438,119.3023,331.1254,119.0703,333.6851,119.9313,331.5811,119.1652,12,nan,nan,nan
ROI_035/patch_57,4,201.5149,421.0938,160.8733,422.3318,168.2360,421.5345,163.0358,423.1447,12,nan,nan,nan
ROI_035/patch_57,5,313.4527,40.7823,284.0020,42.3049,282.7933,41.4715,283.9656,41.1906,10,nan,nan,nan
ROI_035/patch_57,6,155.2526,87.5748,106.9094,89.4282,111.5330,88.2519,112.3699,88.4735,12,nan,nan,nan
ROI_035/patch_57,7,375.1204,471.9502,360.0074,473.2555,358.1226,472.3336,361.4867,472.8676,12,nan,nan,nan
ROI_035/patch_58,0,118.3103,258.9202,120.5904,260.4404,119.7756,258.8013,122.2467,259.1030,12,nan,nan,nan
ROI_035/patch_58,1,204.1964,126.6709,204.9564,128.1910,203.2416,126.6278,205.8869,126.2725,11,nan,nan,nan
ROI_035/patch_58,2,222.0303,376.6652,243.7192,377.4887,241.8647,376.1454,241.9809,377.4562,12,nan,nan,nan
ROI_035/patch_58,3,464.5095,446.1822,493.0169,446.6536,511.4986,445.0904,494.5330,445.3977,6,nan,nan,nan
ROI_035/patch_58,4,423.1965,39.3547,432.2126,40.0247,435.2484,39.0614,431.9175,38.9830,9,nan,nan,nan
ROI_035/patch_58,5,314.4466,432.9670,344.0463,432.2126,346.9178,432.1763,341.9393,431.2594,11,nan,nan,nan
ROI_035/patch_58,6,51.3013,188.0962,40.7848,190.5154,41.3017,188.2270,37.7837,186.9788,10,nan,nan,nan
ROI_035/patch_58,7,82.0586,452.3179,89.4282,452.7340,95.1029,451.9227,88.6690,451.5411,13,nan,nan,nan
ROI_035/patch_59,0,225.2245,235.7386,264.7473,234.9785,263.5090,235.1990,266.4496,235.2503,10,nan,nan,nan
ROI_035/patch_59,1,402.3171,211.4169,446.4002,210.6568,446.1421,210.8754,445.4303,210.6956,10,nan,nan,nan
ROI_035/patch_59,2,112.5396,453.3262,145.4188,453.1140,144.5771,452.8188,145.5151,452.6670,10,nan,nan,nan
ROI_035/patch_59,3,73.4074,265.8322,109.9932,268.1467,106.8176,265.2957,108.0006,264.4614,9,nan,nan,nan
ROI_035/patch_59,4,302.5956,308.0998,343.1597,308.8079,342.1833,307.5721,340.2997,306.9152,10,nan,nan,nan
ROI_035/patch_59,5,348.1826,46.2734,393.2238,46.8609,392.6378,45.7060,393.0141,45.7505,12,nan,nan,nan
ROI_035/patch_59,6,475.5375,408.0409,504.6556,407.5702,518.8703,407.5302,432.0388,408.6576,4,nan,nan,nan
ROI_035/patch_59,7,169.3809,191.5623,208.7025,191.6688,206.6164,191.0154,207.9815,189.6024,11,nan,nan,nan
ROI_035/patch_60,0,351.6468,289.3224,395.7300,288.5623,395.9174,288.3402,396.5345,288.1447,10,nan,nan,nan
ROI_035/patch_60,1,287.0422,464.8949,332.6455,465.6549,329.9595,463.8477,330.9776,463.7702,12,nan,nan,nan
ROI_035/patch_60,2,151.6993,22.5037,208.7567,23.3035,198.0937,21.6747,202.5688,20.9230,12,nan,nan,nan
ROI_035/patch_60,3,47.0190,345.1955,81.8277,344.8063,90.9228,344.2445,80.8836,345.1365,10,nan,nan,nan
ROI_035/patch_60,4,315.8976,129.5019,362.2876,127.4309,361.4214,128.5960,363.3249,127.2867,8,nan,nan,nan
ROI_035/patch_60,5,218.6003,241.7419,264.2406,240.6789,263.2715,240.8048,262.8581,240.4218,7,nan,nan,nan
ROI_035/patch_60,6,150.4181,114.1504,202.6762,114.5100,196.0988,113.2816,197.9181,113.0516,8,nan,nan,nan
ROI_035/patch_60,7,446.0210,10.3340,494.5370,10.3826,492.4439,9.4565,492.0125,10.1056,5,nan,nan,nan
ROI_035/patch_62,0,54.4657,45.3451,57.5059,43.8250,55.7682,45.0104,56.4873,44.6994,11,nan,nan,nan
ROI_035/patch_62,1,206.4765,370.6482,228.5181,372.9283,227.3888,370.6080,229.2742,371.0024,9,nan,nan,nan
ROI_035/patch_62,2,80.9464,221.0090,84.8679,220.9175,88.5250,220.8933,83.2230,222.0310,12,nan,nan,nan
ROI_035/patch_62,3,343.1510,301.9137,372.1683,303.0034,373.0128,301.6293,373.5344,302.9489,11,nan,nan,nan
ROI_035/patch_62,4,67.1491,482.9260,65.8665,483.1362,79.9526,483.1943,63.5989,483.4367,9,nan,nan,nan
ROI_035/patch_62,5,384.4702,77.1402,413.9713,77.2673,412.1346,76.4946,410.9843,75.6093,9,nan,nan,nan
ROI_035/patch_62,6,21.4443,380.3162,13.4228,381.2889,28.2364,380.4891,10.7208,380.4746,6,nan,nan,nan
ROI_035/patch_62,7,459.5169,22.2628,490.7367,22.5435,491.6836,21.4589,490.9935,23.7165,10,nan,nan,nan
ROI_035/patch_63,0,184.4350,147.9524,227.7580,149.4725,220.5395,147.4904,227.8085,147.2681,10,nan,nan,nan
ROI_035/patch_63,1,188.2352,325.8050,226.9980,325.8050,226.0749,325.2568,225.3169,324.2442,11,nan,nan,nan
ROI_035/patch_63,2,88.1427,12.3603,124.3907,11.9027,121.4023,12.1083,125.0707,11.8256,7,nan,nan,nan
ROI_035/patch_63,3,372.7203,465.3118,415.4914,466.4150,414.8790,464.4157,417.4685,464.8547,12,nan,nan,nan
ROI_035/patch_63,4,162.0139,497.2462,205.7165,497.5772,201.0392,496.6610,207.0912,497.8261,6,nan,nan,nan
ROI_035/patch_63,5,441.6271,98.0156,466.4150,99.3089,481.4533,97.1791,471.5162,96.8552,7,nan,nan,nan
ROI_035/patch_63,6,11.2134,418.0604,46.1051,417.0115,47.0362,417.7438,47.0270,416.9190,6,nan,nan,nan
ROI_035/patch_63,7,427.9515,342.5788,466.0350,343.6663,469.8556,341.6529,466.9085,341.6898,11,nan,nan,nan
ROI_035/patch_64,0,422.3318,169.2339,485.4163,166.1937,482.3669,168.9109,487.4275,167.1346,11,nan,nan,nan
ROI_035/patch_64,1,287.8023,354.6870,339.4860,354.6870,333.8760,354.0051,334.2452,354.7263,10,nan,nan,nan
ROI_035/patch_64,2,330.2174,472.4904,377.4887,470.2152,378.8209,471.5034,377.8549,470.8192,12,nan,nan,nan
ROI_035/patch_64,3,205.3374,105.3748,243.7192,103.8692,246.7080,105.3342,243.1327,104.2961,11,nan,nan,nan
ROI_035/patch_64,4,215.5919,295.3583,256.6401,293.1227,255.8589,294.8607,256.4127,294.4281,11,nan,nan,nan
ROI_035/patch_64,5,388.0730,23.5166,446.9386,24.3486,446.6018,23.5600,445.4986,23.0359,12,nan,nan,nan
ROI_035/patch_64,6,146.1195,263.0310,177.8572,261.6285,180.5372,262.6520,178.3476,262.9884,10,nan,nan,nan
ROI_035/patch_64,7,245.5822,457.9286,285.2863,458.0150,286.7961,457.0272,286.5669,457.1069,12,nan,nan,nan
ROI_035/patch_66,0,14.1829,334.1656,28.6239,334.9256,24.5517,334.1960,27.7900,333.9355,8,nan,nan,nan
ROI_035/patch_66,1,89.4282,127.4309,99.3089,128.9510,99.1671,127.3636,99.6455,128.1669,10,nan,nan,nan
ROI_035/patch_66,2,374.1448,221.7818,403.3305,223.9578,402.4341,222.2099,402.4796,221.6135,12,nan,nan,nan
ROI_035/patch_66,3,99.5802,381.1395,116.7901,382.8090,115.9591,381.3370,114.3348,381.0788,12,nan,nan,nan
ROI_035/patch_66,4,282.4133,117.8179,303.0034,116.7901,302.9691,118.0138,302.3204,117.3218,10,nan,nan,nan
ROI_035/patch_66,5,421.8797,433.6437,466.4150,433.7327,457.9608,434.3483,465.3976,433.5253,10,nan,nan,nan
ROI_035/patch_66,6,237.8614,501.8110,265.0007,502.8976,265.0372,502.3229,nan,nan,1,nan,nan,nan
ROI_035/patch_66,7,170.3258,203.3327,188.2352,201.1561,186.5078,203.4547,187.9398,202.7980,12,nan,nan,nan
ROI_035/patch_67,0,57.5059,27.8638,100.8290,28.6239,111.4913,27.3423,103.0248,26.5920,10,nan,nan,nan
ROI_035/patch_67,1,116.0301,107.6695,168.4738,106.9094,169.5087,107.0888,171.4916,106.4382,8,nan,nan,nan
ROI_035/patch_67,2,350.6860,155.6230,391.9297,156.3130,391.7960,154.8932,391.1262,153.8576,8,nan,nan,nan
ROI_035/patch_67,3,234.2948,390.7803,293.8827,391.1696,291.3792,390.0406,292.3805,390.2542,12,nan,nan,nan
ROI_035/patch_67,4,40.0554,236.2010,88.6682,236.1186,103.0127,235.6219,84.8500,234.5288,11,nan,nan,nan
ROI_035/patch_67,5,412.6880,17.9116,461.8547,17.2231,444.8156,17.1912,459.8953,16.5692,10,nan,nan,nan
ROI_035/patch_67,6,12.5696,53.6986,53.7057,53.7057,70.2542,53.1943,53.0020,52.4478,7,nan,nan,nan
ROI_035/patch_67,7,392.9626,429.6402,442.0933,430.6924,441.9282,428.7977,441.9532,428.6769,10,nan,nan,nan
ROI_035/patch_68,0,319.2179,104.6293,369.3814,102.3491,369.6542,103.3100,368.3405,101.8322,10,nan,nan,nan
ROI_035/patch_68,1,206.7299,337.2058,256.8934,333.4055,258.4618,335.8977,257.6995,335.1510,12,nan,nan,nan
ROI_035/patch_68,2,345.5592,245.1561,404.3439,242.9591,403.3375,243.8343,405.7615,242.9845,9,nan,nan,nan
ROI_035/patch_68,3,382.8913,475.3780,451.4673,473.2555,452.2928,474.0528,452.5927,473.6113,11,nan,nan,nan
ROI_035/patch_68,4,419.7267,330.3737,493.2702,328.8452,486.0046,329.0447,492.3580,328.9942,11,nan,nan,nan
ROI_035/patch_68,5,124.3835,150.0853,164.1668,148.7124,163.0514,148.7851,161.8350,148.8213,12,nan,nan,nan
ROI_035/patch_68,6,89.7555,425.9500,137.2324,425.3246,136.8314,424.6535,136.0746,423.5729,12,nan,nan,nan
ROI_035/patch_68,7,256.6090,56.0411,303.4942,56.3659,300.7859,54.7279,300.0257,54.0587,10,nan,nan,nan
ROI_035/patch_70,0,340.2460,218.6374,404.0906,217.1173,402.9028,218.0103,406.5871,216.7096,9,nan,nan,nan
ROI_035/patch_70,1,192.0355,455.0142,257.9702,455.9642,255.2481,454.3937,256.7817,454.5020,9,nan,nan,nan
ROI_035/patch_70,2,82.9313,396.9107,137.0439,398.0907,138.4653,396.7112,137.7666,395.7287,9,nan,nan,nan
ROI_035/patch_70,3,155.1433,156.8344,198.7342,154.4138,206.0543,156.8557,197.6754,154.6710,9,nan,nan,nan
ROI_035/patch_70,4,273.9349,281.7626,336.5736,281.8429,335.3549,281.2149,336.3948,280.0312,10,nan,nan,nan
ROI_035/patch_70,5,157.9935,262.6124,212.2290,262.5647,212.7379,262.4357,214.5661,261.5358,10,nan,nan,nan
ROI_035/patch_70,6,322.7489,135.7370,377.7448,135.0392,381.6104,135.3094,381.9346,135.4100,9,nan,nan,nan
ROI_035/patch_70,7,422.2839,488.6635,494.7063,488.2321,498.6009,487.3140,495.5041,487.1061,6,nan,nan,nan
ROI_035/patch_71,0,123.0458,492.0795,195.3773,489.7710,198.7404,491.1947,200.1892,489.8693,8,nan,nan,nan
ROI_035/patch_71,1,146.1303,278.9326,218.8465,277.9707,216.5452,278.1842,219.1735,277.8035,11,nan,nan,nan
ROI_035/patch_71,2,76.3019,8.3588,135.6654,9.6225,137.6974,8.0511,136.4417,6.5164,4,nan,nan,nan
ROI_035/patch_71,3,100.5440,102.6204,170.0578,103.4892,165.0796,102.1593,170.0344,103.9234,8,nan,nan,nan
ROI_035/patch_71,4,217.5248,388.4730,288.9686,388.7375,292.5991,387.4298,291.3300,386.7419,10,nan,nan,nan
ROI_035/patch_71,5,38.3665,415.4608,107.8515,413.0893,109.9900,414.8759,108.7693,413.9971,10,nan,nan,nan
ROI_035/patch_71,6,316.7211,304.8707,391.7031,303.8864,391.8315,303.6377,393.6405,302.8580,12,nan,nan,nan
ROI_035/patch_71,7,153.8553,26.8715,221.0497,28.2155,217.5690,26.3371,218.8691,27.5025,10,nan,nan,nan
ROI_035/patch_72,0,254.3599,128.9510,330.3653,126.6709,329.5579,127.2583,328.7467,126.1518,10,nan,nan,nan
ROI_035/patch_72,1,106.1494,223.1977,180.4447,221.6776,180.8678,221.4569,182.1910,221.5798,11,nan,nan,nan
ROI_035/patch_72,2,89.3679,314.0433,161.6333,311.6015,160.4745,312.4207,161.4784,311.8928,9,nan,nan,nan
ROI_035/patch_72,3,80.4307,497.4568,144.9121,497.0072,143.6219,496.1054,144.5016,496.1680,4,nan,nan,nan
ROI_035/patch_72,4,182.2498,40.4236,248.2551,37.5274,263.1774,38.5003,249.0749,38.4521,12,nan,nan,nan
ROI_035/patch_72,5,411.2457,45.1730,483.4488,44.4223,486.2421,43.5559,484.6462,43.2635,8,nan,nan,nan
ROI_035/patch_72,6,16.8862,55.4606,73.5835,52.0834,101.2776,53.3447,74.7381,54.3687,9,nan,nan,nan
ROI_035/patch_72,7,208.5575,226.4371,285.9977,223.2716,280.5739,224.8349,287.6364,223.7641,9,nan,nan,nan
ROI_035/patch_73,0,30.5022,261.5767,21.3090,263.8750,22.2464,261.9813,22.9056,261.7401,11,nan,nan,nan
ROI_035/patch_73,1,291.7434,202.5868,310.1299,201.8207,309.4433,202.5595,311.5939,201.8920,12,nan,nan,nan
ROI_035/patch_73,2,262.1007,91.0687,276.4214,91.5018,273.1978,91.0538,279.1606,90.8422,10,nan,nan,nan
ROI_035/patch_73,3,422.7256,267.6252,453.3912,270.0039,456.3667,267.4107,454.8146,268.1690,10,nan,nan,nan
ROI_035/patch_73,4,181.9088,230.2565,187.3619,232.2733,188.7848,230.4117,188.0980,231.1657,10,nan,nan,nan
ROI_035/patch_73,5,330.2071,383.3089,356.8622,384.9193,357.5890,383.2768,356.7930,382.8523,10,nan,nan,nan
ROI_035/patch_73,6,430.0857,493.9872,471.3693,492.8328,471.5134,493.8313,469.2222,493.2392,7,nan,nan,nan
ROI_035/patch_73,7,144.3066,445.4651,159.7259,445.4277,153.8426,445.7465,162.5743,444.5514,10,nan,nan,nan
ROI_035/patch_74,0,163.5417,111.9272,223.8313,111.9272,222.3282,111.3070,223.7328,111.4772,12,nan,nan,nan
ROI_035/patch_74,1,46.7783,214.9537,91.8047,214.1905,95.8528,214.1402,93.6590,214.0368,12,nan,nan,nan
ROI_035/patch_74,2,385.9174,366.5137,438.2790,365.2960,439.5469,365.9131,440.1437,365.4754,7,nan,nan,nan
ROI_035/patch_74,3,135.6139,12.1619,197.8838,11.1902,198.6051,11.5916,200.4013,10.2351,6,nan,nan,nan
ROI_035/patch_74,4,267.5233,108.1071,332.1044,105.8696,330.3451,107.5910,332.3232,107.3090,11,nan,nan,nan
ROI_035/patch_74,5,37.0330,88.0892,90.8031,88.3170,92.4047,87.3643,90.7219,86.8662,12,nan,nan,nan
ROI_035/patch_74,6,38.9265,431.2450,71.4955,432.0202,76.3626,430.2567,74.4681,431.2734,9,nan,nan,nan
ROI_035/patch_74,7,124.4581,330.9620,173.7230,333.3805,170.3105,330.1344,171.7093,330.4004,12,nan,nan,nan
ROI_035/patch_76,0,121.1023,271.8304,181.3131,269.0239,178.5395,270.3633,179.4331,269.5148,11,nan,nan,nan
ROI_035/patch_76,1,311.1743,336.1232,360.4145,336.1232,360.2557,335.0841,362.1891,334.4256,12,nan,nan,nan
ROI_035/patch_76,2,304.8696,431.1280,347.7217,431.5419,350.2194,429.9939,351.2025,429.5164,12,nan,nan,nan
ROI_035/patch_76,3,95.7795,367.7791,149.7567,369.7366,150.0168,366.1680,149.1009,368.2885,11,nan,nan,nan
ROI_035/patch_76,4,129.1751,30.4120,193.9321,30.0736,196.3332,29.1662,191.6575,29.0100,10,nan,nan,nan
ROI_035/patch_76,5,373.7411,242.3058,426.3168,243.1236,424.8171,241.5033,424.6806,241.5188,12,nan,nan,nan
ROI_035/patch_76,6,42.2135,268.3874,99.5030,266.6755,102.1597,266.7234,99.9476,266.3985,11,nan,nan,nan
ROI_035/patch_76,7,384.9209,473.2975,425.1392,473.9159,426.1286,472.3311,425.4104,472.2194,9,nan,nan,nan
ROI_035/patch_79,0,317.4444,269.5610,375.2085,265.7607,373.9223,268.6046,376.8319,268.2973,12,nan,nan,nan
ROI_035/patch_79,1,110.7097,174.5543,165.4336,173.0341,168.9229,173.0966,166.4697,172.9149,11,nan,nan,nan
ROI_035/patch_79,2,125.3713,48.0868,182.9148,47.6252,193.2662,46.3040,184.7162,45.9805,11,nan,nan,nan
ROI_035/patch_79,3,219.5726,276.5582,271.2711,276.0215,273.0463,275.5053,272.6098,274.5385,11,nan,nan,nan
ROI_035/patch_79,4,350.8015,27.4228,421.1284,24.5069,425.9509,25.8500,419.9823,25.2813,11,nan,nan,nan
ROI_035/patch_79,5,420.5969,48.2624,489.1058,48.7812,495.9874,46.8285,488.9924,48.6653,6,nan,nan,nan
ROI_035/patch_79,6,425.7039,482.0263,470.2234,483.8228,469.2962,481.7730,470.5454,480.8581,12,nan,nan,nan
ROI_035/patch_79,7,23.2717,96.7577,79.7701,93.5600,84.9874,94.9863,79.6653,94.7349,9,nan,nan,nan
ROI_035/patch_81,0,282.3828,342.6367,333.4359,341.8747,333.1106,342.7524,333.2150,341.1352,12,nan,nan,nan
ROI_035/patch_81,1,347.9137,374.6402,406.5867,373.8782,404.9293,374.4340,408.0051,373.4040,12,nan,nan,nan
ROI_035/patch_81,2,266.6892,417.9069,322.7681,418.8354,323.6879,417.7594,323.8583,417.9176,13,nan,nan,nan
ROI_035/patch_81,3,170.0828,426.2990,221.2333,427.2173,223.0230,426.3980,221.0210,425.4788,12,nan,nan,nan
ROI_035/patch_81,4,106.2698,261.2024,135.3192,261.8661,140.5283,262.1642,137.7072,261.4875,12,nan,nan,nan
ROI_035/patch_81,5,63.8989,184.8362,92.2669,188.1438,88.8713,186.2345,94.4453,185.4104,10,nan,nan,nan
ROI_035/patch_81,6,191.6544,490.7612,251.3318,491.9862,251.7212,490.5331,251.8987,490.0543,6,nan,nan,nan
ROI_035/patch_81,7,221.7577,35.9998,271.1434,37.0798,240.6914,37.5495,273.4796,34.9395,12,nan,nan,nan
ROI_035/patch_82,0,199.5166,30.2219,252.8558,30.9839,260.7168,29.0414,255.1773,27.6222,10,nan,nan,nan
ROI_035/patch_82,1,124.0799,213.0989,175.8950,213.8609,191.7922,212.0726,177.3470,211.9168,12,nan,nan,nan
ROI_035/patch_82,2,22.7525,280.6769,73.0268,279.3918,99.7889,279.7288,74.8478,278.1248,9,nan,nan,nan
ROI_035/patch_82,3,281.6451,356.4096,335.9124,354.8285,334.0539,355.4419,335.0227,356.0110,10,nan,nan,nan
ROI_035/patch_82,4,322.8067,256.4249,372.4878,255.7702,371.6628,255.3728,372.8556,255.9138,9,nan,nan,nan
ROI_035/patch_82,5,255.2960,112.0574,309.4333,111.7546,310.9778,110.9201,333.0143,110.4672,8,nan,nan,nan
ROI_035/patch_82,6,74.6953,102.6843,122.2198,100.8290,147.4162,101.5922,122.3629,101.9726,9,nan,nan,nan
ROI_035/patch_82,7,419.1429,232.6069,461.2038,234.5985,459.0033,231.5098,458.6286,231.7183,12,nan,nan,nan
ROI_035/patch_85,0,173.0341,98.5489,237.6387,98.5489,240.9064,98.1362,241.0252,97.3516,10,nan,nan,nan
ROI_035/patch_85,1,33.1842,10.3826,95.5086,8.8625,95.5404,10.0542,95.2549,8.2602,6,nan,nan,nan
ROI_035/patch_85,2,249.4302,421.5082,327.3251,419.2916,326.1692,420.6002,325.7539,420.2103,10,nan,nan,nan
ROI_035/patch_85,3,124.9165,472.9457,199.6360,472.4954,199.5121,471.9004,200.5432,471.9465,10,nan,nan,nan
ROI_035/patch_85,4,115.4780,181.6100,178.3545,182.1548,183.6223,181.0369,182.0942,180.5304,10,nan,nan,nan
ROI_035/patch_85,5,394.0693,451.9818,474.7756,450.4538,475.2200,451.0859,474.9269,450.8042,8,nan,nan,nan
ROI_035/patch_85,6,176.8144,363.9540,248.2795,361.5275,250.4384,363.1091,249.5028,361.6153,12,nan,nan,nan
ROI_035/patch_85,7,311.3185,200.0092,385.8493,199.6360,384.9493,199.4899,387.3669,199.8667,12,nan,nan,nan
ROI_035/patch_87,0,254.3599,262.7205,341.7661,262.7205,343.2856,261.0962,342.9992,260.6430,10,nan,nan,nan
ROI_035/patch_87,1,180.6347,190.5154,246.7594,188.9953,245.9127,189.3512,244.6419,189.1626,11,nan,nan,nan
ROI_035/patch_87,2,110.6270,91.8212,151.7526,90.9483,152.1632,91.1096,149.8121,91.2952,11,nan,nan,nan
ROI_035/patch_87,3,225.8393,384.6771,303.7634,383.5691,312.0173,383.1537,305.5567,382.9574,4,nan,nan,nan
ROI_035/patch_87,4,324.8383,404.9411,432.9726,401.8104,439.4957,402.8392,434.4751,402.1951,10,nan,nan,nan
ROI_035/patch_87,5,82.7344,435.4723,147.9524,434.4927,131.1647,434.7441,150.9757,433.8074,8,nan,nan,nan
ROI_035/patch_87,6,110.2395,150.0879,153.2727,149.4725,154.1557,149.3485,150.9288,149.3837,11,nan,nan,nan
ROI_035/patch_87,7,319.2872,237.8620,433.7327,236.8787,425.2617,235.8778,430.0212,235.4841,9,nan,nan,nan
ROI_035/patch_89,0,129.7111,55.9858,213.3170,54.4657,211.6031,54.3188,211.4425,53.4906,11,nan,nan,nan
ROI_035/patch_89,1,344.8063,210.2768,426.1321,207.9966,423.4240,208.8350,427.4814,207.6933,11,nan,nan,nan
ROI_035/patch_89,2,133.6301,370.3236,223.1977,369.8881,222.7052,368.7641,224.2739,368.0203,11,nan,nan,nan
ROI_035/patch_89,3,230.4112,85.3748,312.1240,84.1078,309.7742,83.7990,313.5048,82.8949,10,nan,nan,nan
ROI_035/patch_89,4,9.3647,469.0180,105.7694,468.3151,104.6984,467.3907,105.2067,467.2284,3,nan,nan,nan
ROI_035/patch_89,5,326.6880,439.3354,410.5409,435.6033,411.2091,437.9550,410.5256,438.8400,6,nan,nan,nan
ROI_035/patch_89,6,119.2734,493.7832,210.3265,492.7256,211.6768,492.2531,210.8614,491.8750,7,nan,nan,nan
ROI_035/patch_89,7,187.5703,192.4417,272.9890,191.0028,270.7891,190.8667,271.3627,190.7471,10,nan,nan,nan
ROI_035/patch_90,0,174.5543,296.9229,252.0798,295.4028,252.0679,295.6603,251.3603,294.2783,12,nan,nan,nan
ROI_035/patch_90,1,164.6735,473.2555,244.2892,471.7354,237.3133,471.9662,158.4275,469.2845,8,nan,nan,nan
ROI_035/patch_90,2,68.3047,280.2812,135.8232,279.8376,140.0018,278.9639,138.6506,279.5885,12,nan,nan,nan
ROI_035/patch_90,3,232.6061,36.1065,328.4969,34.9102,319.8724,34.9063,329.3709,34.2889,12,nan,nan,nan
ROI_035/patch_90,4,237.7282,161.8744,332.4871,160.1291,322.2309,160.6618,331.3952,159.2313,9,nan,nan,nan
ROI_035/patch_90,5,287.8516,451.1280,375.4636,450.9796,368.2435,449.9070,373.4297,448.7526,10,nan,nan,nan
ROI_035/patch_90,6,245.6860,355.2455,329.7488,353.4790,325.9444,354.0137,327.1151,353.2104,12,nan,nan,nan
ROI_035/patch_90,7,367.8770,235.2296,465.4230,234.5736,458.2142,234.0774,129.7589,234.8293,11,nan,nan,nan
ROI_035/patch_93,0,360.9996,431.9872,450.9410,428.9383,453.8442,430.3592,455.4575,429.7007,12,nan,nan,nan
ROI_035/patch_93,1,151.3906,465.5246,254.2896,463.0474,252.0032,464.2152,252.2745,463.0959,10,nan,nan,nan
ROI_035/patch_93,2,409.6091,248.7887,507.3448,248.4840,497.8875,247.0473,nan,nan,0,nan,nan,nan
ROI_035/patch_93,3,364.6822,153.2288,463.8986,152.4449,453.0063,151.5326,462.8361,151.5829,6,nan,nan,nan
ROI_035/patch_93,4,253.5224,234.8484,354.7114,232.2869,346.9721,233.3355,356.6017,232.7847,12,nan,nan,nan
ROI_035/patch_93,5,54.6417,104.2541,148.7229,100.2332,152.9021,103.0070,150.0260,102.1700,12,nan,nan,nan
ROI_035/patch_93,6,135.3320,150.5106,232.5665,148.4433,231.5345,149.1542,233.8354,148.0535,9,nan,nan,nan
ROI_035/patch_93,7,39.3679,447.3772,141.8629,445.5165,143.5635,446.2299,144.7565,445.1248,6,nan,nan,nan
ROI_035/patch_94,0,116.7098,224.4742,205.1267,223.7120,206.2197,223.0547,205.5970,223.0167,10,nan,nan,nan
ROI_035/patch_94,1,13.0486,409.6924,112.1366,408.9302,101.9473,408.3499,63.8567,407.9892,4,nan,nan,nan
ROI_035/patch_94,2,357.9410,420.5157,442.9377,418.8390,452.2984,418.2010,443.1834,418.7025,11,nan,nan,nan
ROI_035/patch_94,3,279.0260,156.9616,372.8140,154.3505,370.7084,155.1675,371.0384,154.9239,11,nan,nan,nan
ROI_035/patch_94,4,326.5576,37.3727,415.4980,36.9694,418.3310,35.5829,418.9850,35.0990,8,nan,nan,nan
ROI_035/patch_94,5,23.2944,80.0805,102.9900,78.1290,110.5531,79.0859,105.1019,77.6972,12,nan,nan,nan
ROI_035/patch_94,6,42.9101,8.3688,119.1870,7.0525,130.0842,7.4015,121.6970,6.3794,6,nan,nan,nan
ROI_035/patch_94,7,262.9431,257.7021,354.7114,256.1061,354.9240,255.8377,358.3242,255.1135,7,nan,nan,nan
ROI_035/patch_95,0,202.2684,397.1158,270.8678,396.3536,274.2204,395.9437,272.3970,394.8613,12,nan,nan,nan
ROI_035/patch_95,1,127.5714,429.8911,198.4574,428.3666,199.6819,428.6975,200.4403,428.1304,10,nan,nan,nan
ROI_035/patch_95,2,367.8966,142.3479,443.1283,144.0606,438.5613,141.1792,443.6750,141.6443,12,nan,nan,nan
ROI_035/patch_95,3,254.8216,253.5260,319.6495,251.5328,326.0427,252.3397,321.7522,251.2264,10,nan,nan,nan
ROI_035/patch_95,4,431.1160,376.9999,507.1543,375.0116,502.9945,375.9131,nan,nan,1,nan,nan,nan
ROI_035/patch_95,5,86.8124,281.4962,161.1088,278.9726,158.1551,280.2505,159.0928,280.3392,12,nan,nan,nan
ROI_035/patch_95,6,267.8086,61.1645,340.2293,60.2170,338.0430,59.9366,340.5918,59.1133,11,nan,nan,nan
ROI_035/patch_95,7,370.2902,9.6320,446.9393,7.6241,440.2733,8.4319,448.4908,7.2663,5,nan,nan,nan
ROI_035/patch_96,0,363.0476,103.1092,444.3734,103.8692,443.1502,101.6501,443.8866,100.3080,10,nan,nan,nan
ROI_035/patch_96,1,146.4323,216.3572,221.6776,215.5972,221.5321,215.0811,222.4039,214.1353,11,nan,nan,nan
ROI_035/patch_96,2,400.0351,263.5756,486.1764,261.9605,479.2028,261.5421,484.1489,261.3485,11,nan,nan,nan
ROI_035/patch_96,3,102.0380,24.2603,179.8746,23.3035,178.2548,23.6721,178.0530,22.2773,10,nan,nan,nan
ROI_035/patch_96,4,61.7274,439.0538,141.1119,432.2126,133.0957,437.3102,139.3546,438.9232,5,nan,nan,nan
ROI_035/patch_96,5,291.0766,314.9042,368.9381,313.8341,367.7840,312.9797,369.1394,311.5526,6,nan,nan,nan
ROI_035/patch_96,6,284.8438,131.6669,365.1378,129.7111,363.2629,130.3111,364.3152,129.5217,12,nan,nan,nan
ROI_035/patch_96,7,227.5548,411.1973,311.9973,410.5510,302.1675,409.1359,312.7549,408.8947,6,nan,nan,nan
ROI_035/patch_97,0,179.8746,268.0409,285.5221,268.0409,285.2453,266.2819,284.0556,267.2540,10,nan,nan,nan
ROI_035/patch_97,1,84.1078,165.4336,193.5556,164.6735,191.5965,163.9530,193.5455,164.2024,10,nan,nan,nan
ROI_035/patch_97,2,58.5391,31.0744,168.4738,30.1440,164.7195,29.8771,166.9133,28.6755,9,nan,nan,nan
ROI_035/patch_97,3,217.8282,7.7096,319.7246,7.3424,317.0867,6.4281,319.9466,5.6290,3,nan,nan,nan
ROI_035/patch_97,4,330.1274,54.2304,426.1321,50.6655,425.6095,52.7665,425.6672,52.5612,12,nan,nan,nan
ROI_035/patch_97,5,346.7712,254.7277,445.8935,252.8398,445.0851,252.8587,444.6090,252.5729,7,nan,nan,nan
ROI_035/patch_97,6,53.5353,445.5788,167.7138,443.6134,167.1815,443.5760,166.6578,443.3085,8,nan,nan,nan
ROI_035/patch_97,7,11.6552,340.2062,127.2409,340.8161,125.1678,338.4433,nan,nan,0,nan,nan,nan
ROI_035/patch_98,0,389.6495,249.7996,483.8962,246.7594,488.8707,248.1963,486.8663,247.8806,10,nan,nan,nan
ROI_035/patch_98,1,122.8706,268.8009,215.4072,267.4709,216.1354,267.2350,216.8111,267.2791,7,nan,nan,nan
ROI_035/patch_98,2,279.6914,441.3996,369.2547,440.5731,373.0575,439.6748,372.0220,439.7829,11,nan,nan,nan
ROI_035/patch_98,3,349.2427,30.1917,438.9264,30.1440,451.6781,28.7597,439.5081,28.0602,12,nan,nan,nan
ROI_035/patch_98,4,101.6768,368.4283,197.4298,366.5840,192.6531,366.7921,193.0831,366.6357,10,nan,nan,nan
ROI_035/patch_98,5,174.4949,463.8515,267.5922,460.4507,265.2355,462.1302,266.1957,461.2835,8,nan,nan,nan
ROI_035/patch_98,6,369.4707,391.9242,468.6299,388.5222,465.6383,390.2189,467.2057,389.2155,8,nan,nan,nan
ROI_035/patch_98,7,43.5849,141.2014,139.3687,140.1809,137.5449,139.7458,141.1547,138.9986,10,nan,nan,nan
ROI_035/patch_99,0,120.5904,24.8236,201.1561,22.5435,202.9056,23.4563,202.7336,23.3625,11,nan,nan,nan
ROI_035/patch_99,1,55.2258,188.2352,142.6320,185.9551,141.9873,187.1127,143.3376,186.7814,8,nan,nan,nan
ROI_035/patch_99,2,34.7857,283.1138,127.4309,280.9618,124.1281,282.0987,126.4408,280.9577,11,nan,nan,nan
ROI_035/patch_99,3,276.0548,310.9093,366.8479,309.8439,366.1437,309.4361,370.3851,308.4951,7,nan,nan,nan
ROI_035/patch_99,4,391.5890,446.9555,482.3761,445.1335,485.3730,445.3496,485.1078,444.8508,10,nan,nan,nan
ROI_035/patch_99,5,360.2443,187.5781,446.8436,185.5750,446.9761,185.8512,448.0182,185.3385,11,nan,nan,nan
ROI_035/patch_99,6,379.5347,20.3467,460.8086,18.0801,461.7180,18.4635,462.0187,19.3164,9,nan,nan,nan
ROI_035/patch_99,7,220.6251,195.1875,305.3776,195.4577,307.5692,193.7423,305.3858,193.1326,12,nan,nan,nan
ROI_035/patch_100,0,236.8787,302.2433,321.2447,299.2031,324.3290,300.6913,318.7357,300.5463,6,nan,nan,nan
ROI_035/patch_100,1,41.5448,345.5664,122.1105,344.8063,116.7138,343.9597,122.5943,343.5726,11,nan,nan,nan
ROI_035/patch_100,2,133.4399,80.4421,231.5583,78.0274,228.3109,79.0921,230.3618,77.9417,12,nan,nan,nan
ROI_035/patch_100,3,270.2947,398.9128,348.6066,398.0101,353.9246,397.2719,352.6255,396.5690,11,nan,nan,nan
ROI_035/patch_100,4,104.7346,458.4688,184.6250,455.0142,176.6559,456.7600,184.2762,456.2514,5,nan,nan,nan
ROI_035/patch_100,5,266.5862,100.5355,370.1415,97.7096,367.0052,99.1761,368.8356,98.7017,12,nan,nan,nan
ROI_035/patch_100,6,343.4640,295.0121,436.2662,294.8486,436.6822,293.4745,436.1530,294.2657,9,nan,nan,nan
ROI_035/patch_100,7,36.3260,101.3249,130.0101,100.7570,125.1284,99.9484,127.9432,100.0351,9,nan,nan,nan
ROI_035/patch_101,0,324.9672,447.0145,402.4657,449.0539,406.9859,445.3608,403.9759,447.0685,9,nan,nan,nan
ROI_035/patch_101,1,132.2408,235.9332,236.2519,232.8740,237.7737,234.1956,235.8276,233.4813,8,nan,nan,nan
ROI_035/patch_101,2,64.0482,89.3899,177.5544,85.5887,180.6872,87.6927,177.7497,86.4588,6,nan,nan,nan
ROI_035/patch_101,3,8.8587,156.0141,122.1073,152.6988,127.3045,154.1690,122.2782,153.3217,5,nan,nan,nan
ROI_035/patch_101,4,207.7199,347.2292,308.0757,346.2254,302.9337,345.4965,303.8518,345.0481,11,nan,nan,nan
ROI_035/patch_101,5,134.6300,476.8939,233.0269,474.6595,230.6304,474.9250,232.5808,474.2533,8,nan,nan,nan
ROI_035/patch_101,6,191.0703,139.7876,297.7598,136.9559,295.6515,138.2322,294.7917,137.4693,11,nan,nan,nan
ROI_035/patch_101,7,363.6336,68.7627,460.4725,67.6717,457.2422,67.5359,458.1196,67.7727,12,nan,nan,nan
ROI_035/patch_102,0,258.9202,257.4001,328.0852,256.6401,331.5934,256.2178,330.0958,255.8128,11,nan,nan,nan
ROI_035/patch_102,1,122.8706,288.5623,184.4350,287.8023,180.9986,287.1515,182.6855,286.6579,10,nan,nan,nan
ROI_035/patch_102,2,10.3719,359.1485,66.6266,360.7675,57.2645,357.6236,68.0108,358.0719,6,nan,nan,nan
ROI_035/patch_102,3,303.7304,28.8120,388.1294,25.5837,377.3365,27.3403,387.8965,27.0107,12,nan,nan,nan
ROI_035/patch_102,4,312.0627,419.0730,396.4900,419.2916,393.4893,418.2702,396.9827,418.0313,12,nan,nan,nan
ROI_035/patch_102,5,185.0305,411.6570,250.5596,411.6911,252.2308,410.5799,251.5496,409.8918,11,nan,nan,nan
ROI_035/patch_102,6,402.9526,73.0519,492.2568,73.4671,488.3499,71.8587,490.7040,71.3832,7,nan,nan,nan
ROI_035/patch_102,7,199.1750,142.8547,271.0811,141.1119,263.1950,141.3579,272.0090,140.5391,9,nan,nan,nan
ROI_035/patch_103,0,61.3062,101.5891,155.5529,100.0690,154.5890,100.1796,155.0435,100.1328,10,nan,nan,nan
ROI_035/patch_103,1,268.8009,45.3451,364.5677,41.5448,363.8358,43.6733,364.8458,44.7951,9,nan,nan,nan
ROI_035/patch_103,2,354.4071,161.9916,445.8935,160.8733,447.8890,160.3480,448.4828,159.9741,10,nan,nan,nan
ROI_035/patch_103,3,400.8092,311.8254,489.2166,311.3640,492.0400,310.2814,491.1627,309.4339,9,nan,nan,nan
ROI_035/patch_103,4,315.2116,493.2533,390.4096,491.4968,403.1448,491.9718,392.2583,491.9743,5,nan,nan,nan
ROI_035/patch_103,5,124.6908,422.8254,205.7165,420.8117,213.0017,421.6658,123.1474,421.2214,11,nan,nan,nan
ROI_035/patch_103,6,211.1453,133.7654,307.8487,133.9389,304.5087,132.2375,304.6315,133.2918,7,nan,nan,nan
ROI_035/patch_103,7,123.1600,268.5952,216.2622,267.1383,213.9745,267.2867,213.9147,267.4620,10,nan,nan,nan
ROI_035/patch_104,0,239.1588,381.2889,317.4444,381.2889,319.4783,379.4990,317.9319,379.3090,12,nan,nan,nan
ROI_035/patch_104,1,150.9926,382.8090,231.5583,382.8090,230.2467,380.9773,230.2042,380.5352,12,nan,nan,nan
ROI_035/patch_104,2,73.8527,158.8488,156.3130,158.5931,154.6987,157.1085,156.3502,156.2448,12,nan,nan,nan
ROI_035/patch_104,3,98.6872,448.8598,177.5945,446.6536,176.5793,446.9663,177.0202,447.5200,3,nan,nan,nan
ROI_035/patch_104,4,317.5272,204.7787,407.8908,201.1561,400.7562,203.1254,407.3172,203.1901,11,nan,nan,nan
ROI_035/patch_104,5,329.7687,73.8888,417.0115,71.1869,414.6097,72.3155,416.0583,71.3992,10,nan,nan,nan
ROI_035/patch_104,6,105.1138,6.1907,192.0355,2.0220,188.0420,4.5516,192.6297,4.2995,3,nan,nan,nan
ROI_035/patch_104,7,98.4741,227.8971,182.1548,223.9578,178.8393,226.1291,182.0986,225.2053,10,nan,nan,nan
ROI_035/patch_105,0,417.0115,117.5502,506.6978,116.0301,502.1862,116.3745,nan,nan,1,nan,nan,nan
ROI_035/patch_105,1,90.1883,81.8277,194.3157,79.5475,176.9598,79.8726,194.6156,79.5251,10,nan,nan,nan
ROI_035/patch_105,2,206.1221,394.8171,315.1642,394.2099,314.0336,393.2232,311.5284,392.3542,10,nan,nan,nan
ROI_035/patch_105,3,286.2216,455.1940,394.2099,454.2541,397.4729,453.8056,393.8766,453.4534,7,nan,nan,nan
ROI_035/patch_105,4,154.8790,455.0868,261.9605,453.4941,267.8019,453.3892,260.9529,453.4920,7,nan,nan,nan
ROI_035/patch_105,5,384.1603,192.5922,480.0960,193.5556,475.1790,191.3604,477.8955,190.7307,6,nan,nan,nan
ROI_035/patch_105,6,51.7450,245.9029,163.1534,244.4792,150.8671,243.9036,163.2962,243.1325,8,nan,nan,nan
ROI_035/patch_105,7,359.0281,341.4032,461.0946,340.2460,461.1238,340.1541,461.2844,340.0478,10,nan,nan,nan
ROI_035/patch_106,0,84.8679,367.6080,163.9135,368.3680,169.4773,366.0355,167.4444,365.3222,12,nan,nan,nan
ROI_035/patch_106,1,159.3532,144.9121,228.5181,142.6320,230.5039,143.8874,230.6782,144.4595,11,nan,nan,nan
ROI_035/patch_106,2,263.5726,404.3943,339.4860,403.3305,340.0856,403.3684,339.8003,402.6638,9,nan,nan,nan
ROI_035/patch_106,3,272.4524,501.6182,354.6870,501.3775,352.6046,500.4912,nan,nan,2,nan,nan,nan
ROI_035/patch_106,4,186.1503,33.8147,254.3599,33.9443,251.1466,33.0286,256.9634,32.8112,10,nan,nan,nan
ROI_035/patch_106,5,378.0336,235.6470,440.5731,235.3586,441.2137,235.2296,441.4152,235.0968,10,nan,nan,nan
ROI_035/patch_106,6,44.8106,93.6934,122.8706,93.6085,119.9798,92.3555,120.7561,91.3543,10,nan,nan,nan
ROI_035/patch_106,7,415.0720,419.9861,478.8662,420.7886,484.0605,419.4445,481.2192,421.2533,11,nan,nan,nan
ROI_035/patch_107,0,340.8498,431.4639,377.4508,429.1764,381.1642,431.5273,378.1832,430.0103,12,nan,nan,nan
ROI_035/patch_107,1,205.8834,429.9389,247.4408,429.1764,242.1155,429.7294,246.3145,428.5538,9,nan,nan,nan
ROI_035/patch_107,2,116.5137,288.9974,163.0233,288.9676,159.9718,288.3118,159.2223,288.2764,9,nan,nan,nan
ROI_035/patch_107,3,304.6471,270.2752,360.6701,269.4262,355.2750,269.9260,357.0039,268.8397,11,nan,nan,nan
ROI_035/patch_107,4,274.9572,66.4528,339.4798,66.5864,339.1258,65.6140,341.1674,64.8982,7,nan,nan,nan
ROI_035/patch_107,5,11.3675,293.6970,59.6039,294.9697,51.2274,292.8112,62.7838,293.8023,7,nan,nan,nan
ROI_035/patch_107,6,437.3940,434.2732,481.6542,432.1412,480.5067,434.5354,482.8431,432.5996,11,nan,nan,nan
ROI_035/patch_107,7,393.7915,134.3884,460.1797,132.6667,456.8293,133.9304,370.9225,133.3136,5,nan,nan,nan
ROI_035/patch_109,0,242.9591,27.8638,349.3667,24.8236,352.7401,26.2156,349.9349,25.3684,10,nan,nan,nan
ROI_035/patch_109,1,336.4457,187.4752,434.3502,185.0050,431.8528,186.1939,433.3964,184.9399,12,nan,nan,nan
ROI_035/patch_109,2,27.4267,101.7816,140.5418,98.9764,135.1586,99.9200,138.9874,99.3467,8,nan,nan,nan
ROI_035/patch_109,3,32.0120,460.7881,119.2603,460.0020,111.0750,459.4474,120.7113,459.8392,9,nan,nan,nan
ROI_035/patch_109,4,237.2700,494.1790,313.0741,492.6843,310.0200,493.1901,312.4173,492.2696,6,nan,nan,nan
ROI_035/patch_109,5,378.0986,499.3629,449.1238,498.7648,447.9288,498.5899,452.6366,497.0085,3,nan,nan,nan
ROI_035/patch_109,6,104.7496,262.1092,204.3864,260.8679,198.3382,260.5917,202.6765,259.6604,6,nan,nan,nan
ROI_035/patch_109,7,334.1939,378.6264,416.4414,376.3961,414.4198,377.6156,413.9601,377.6733,7,nan,nan,nan
ROI_035/patch_110,0,255.3100,505.6053,319.9146,505.6053,323.7549,504.6869,nan,nan,0,nan,nan,nan
ROI_035/patch_110,1,206.6665,139.2592,293.3127,136.9791,294.0637,138.0942,295.9465,136.9783,11,nan,nan,nan
ROI_035/patch_110,2,17.0314,392.0006,95.6987,390.8371,103.8867,390.6674,97.5024,389.8765,10,nan,nan,nan
ROI_035/patch_110,3,352.9225,264.3843,424.8020,263.9081,426.5666,263.5001,425.0851,263.0022,10,nan,nan,nan
ROI_035/patch_110,4,173.9468,422.5610,252.4598,421.4293,250.6375,421.4801,251.8207,421.4162,9,nan,nan,nan
ROI_035/patch_110,5,35.4022,258.0337,124.1828,258.6565,127.1575,256.6651,123.1352,257.3854,12,nan,nan,nan
ROI_035/patch_110,6,263.7880,311.7065,345.2568,312.1993,340.3421,310.7094,342.5549,310.0597,11,nan,nan,nan
ROI_035/patch_110,7,326.5906,20.1202,407.4034,19.6000,412.5287,19.0807,411.0840,19.0334,9,nan,nan,nan
ROI_035/patch_111,0,340.8882,487.8749,366.8082,487.1125,365.6226,487.0077,366.9324,485.3817,10,nan,nan,nan
ROI_035/patch_111,1,230.3471,425.3620,255.5047,424.5997,260.0444,424.6094,256.0136,423.4167,11,nan,nan,nan
ROI_035/patch_111,2,247.4659,19.6740,282.9494,18.2659,292.5811,18.1398,283.8708,17.6189,10,nan,nan,nan
ROI_035/patch_111,3,74.1991,143.5924,122.8554,144.0540,118.4460,142.6458,124.4965,141.7601,12,nan,nan,nan
ROI_035/patch_111,4,178.7128,206.2128,217.1965,207.3293,218.1304,205.1643,217.5694,205.1009,11,nan,nan,nan
ROI_035/patch_111,5,264.6413,321.9059,291.7423,319.7767,297.5863,320.8918,292.9209,321.0475,8,nan,nan,nan
ROI_035/patch_111,6,108.8198,388.0606,148.0387,387.7154,142.7487,387.4917,146.2379,386.7915,11,nan,nan,nan
ROI_035/patch_111,7,17.0198,257.6867,67.2324,257.2155,58.1277,257.0686,68.4625,256.8148,9,nan,nan,nan
ROI_035/patch_112,0,89.4282,173.0341,143.3920,169.9939,133.5351,172.1568,143.1012,171.9837,9,nan,nan,nan
ROI_035/patch_112,1,334.1656,366.8479,382.2390,363.6177,383.1860,365.7989,385.5348,364.5668,10,nan,nan,nan
ROI_035/patch_112,2,172.3000,458.0261,201.6628,456.9143,201.6974,457.1944,202.4085,457.1541,8,nan,nan,nan
ROI_035/patch_112,3,381.5458,219.4043,439.9398,217.1173,445.3233,218.2346,440.8084,216.6509,10,nan,nan,nan
ROI_035/patch_112,4,47.9496,454.2234,68.7959,454.1116,67.7840,453.5237,71.4811,453.9838,11,nan,nan,nan
ROI_035/patch_112,5,179.6839,302.4575,221.8518,300.3907,221.2777,301.5443,219.3487,300.8194,10,nan,nan,nan
ROI_035/patch_112,6,29.6639,70.4235,76.3014,70.4744,76.6972,69.5620,76.5734,68.9734,11,nan,nan,nan
ROI_035/patch_112,7,282.0114,404.0829,325.5991,403.3780,324.1228,403.1077,nan,nan,2,nan,nan,nan
ROI_035/patch_113,0,190.5154,379.0088,241.4390,377.4887,239.8329,378.3171,239.6656,377.3146,11,nan,nan,nan
ROI_035/patch_113,1,296.1629,221.6776,353.9270,221.6776,354.2170,221.2948,352.2654,221.7944,12,nan,nan,nan
ROI_035/patch_113,2,412.1303,345.9797,457.2943,345.5664,459.5653,345.7583,458.9878,345.9835,10,nan,nan,nan
ROI_035/patch_113,3,123.5647,211.6483,190.7054,211.9394,185.5178,210.9205,185.9944,209.9269,8,nan,nan,nan
ROI_035/patch_113,4,117.2373,26.1038,187.0569,25.7737,191.9335,25.4742,187.6904,25.8151,10,nan,nan,nan
ROI_035/patch_113,5,408.8056,2.3274,480.8178,0.8819,479.6860,2.3047,nan,nan,1,nan,nan,nan
ROI_035/patch_113,6,77.6123,311.1965,134.2332,312.5040,133.6481,310.3158,133.9173,310.1935,8,nan,nan,nan
ROI_035/patch_113,7,368.3030,502.2758,412.9830,502.7076,405.9197,501.8718,nan,nan,2,nan,nan,nan
ROI_035/patch_114,0,191.2754,278.6816,237.3252,277.0682,239.1332,278.4640,236.2341,277.3044,10,nan,nan,nan
ROI_035/patch_114,1,420.0517,384.3291,441.0197,385.7559,437.2185,384.7622,439.3059,383.9300,12,nan,nan,nan
ROI_035/patch_114,2,359.7756,318.8330,387.8159,318.3011,388.2321,319.0771,386.8106,318.9244,11,nan,nan,nan
ROI_035/patch_114,3,243.1722,104.8879,301.9298,105.4860,300.8894,104.7257,302.5584,104.2356,10,nan,nan,nan
ROI_035/patch_114,4,25.1462,105.9758,89.8747,104.7259,103.4555,105.2410,90.3533,104.4960,10,nan,nan,nan
ROI_035/patch_114,5,432.3008,259.0216,460.7811,258.2568,458.9643,259.4285,459.2830,259.7180,12,nan,nan,nan
ROI_035/patch_114,6,376.3206,478.3366,390.6661,483.2328,389.6398,478.6985,393.6647,477.4488,12,nan,nan,nan
ROI_035/patch_114,7,97.4786,77.1892,165.6826,76.7573,171.3742,76.6311,166.3199,76.6092,10,nan,nan,nan
ROI_035/patch_115,0,321.2447,359.2474,343.2862,357.7273,330.5250,358.3256,338.5393,357.8085,10,nan,nan,nan
ROI_035/patch_115,1,110.7097,241.4390,124.3907,242.1991,126.9644,241.0249,123.6841,240.7361,12,nan,nan,nan
ROI_035/patch_115,2,12.4436,470.9801,27.1038,470.9753,16.3714,470.5506,20.6805,470.5271,7,nan,nan,nan
ROI_035/patch_115,3,204.1688,477.7307,217.8773,477.8158,207.2510,476.9280,218.9110,477.4321,11,nan,nan,nan
ROI_035/patch_115,4,423.8604,251.0905,441.3332,249.7996,438.8093,250.0681,442.9249,250.2861,10,nan,nan,nan
ROI_035/patch_115,5,43.3390,286.2982,51.4255,286.2822,57.3041,285.9734,54.3569,286.0870,13,nan,nan,nan
ROI_035/patch_115,6,176.9380,86.7397,199.6994,87.5281,201.5004,86.3359,202.2346,86.3101,12,nan,nan,nan
ROI_035/patch_115,7,372.7299,128.0666,394.0372,127.9188,394.5431,127.2513,394.0262,126.1618,10,nan,nan,nan
ROI_035/patch_116,0,182.1548,445.8935,219.3974,445.1335,216.0126,445.1072,216.2183,443.9642,12,nan,nan,nan
ROI_035/patch_116,1,136.5516,137.3116,166.1937,137.3116,163.5781,136.4716,163.4101,135.4519,12,nan,nan,nan
ROI_035/patch_116,2,361.0514,363.7179,400.2903,361.5275,406.2195,363.0144,399.9955,362.6395,12,nan,nan,nan
ROI_035/patch_116,3,426.4996,119.2465,479.3359,117.5502,473.2367,118.5520,480.5251,118.1449,8,nan,nan,nan
ROI_035/patch_116,4,398.4533,18.6407,447.4136,17.2231,442.0575,17.9220,447.3268,17.1459,10,nan,nan,nan
ROI_035/patch_116,5,27.5868,275.1219,50.6655,273.3613,48.7757,274.2402,48.8717,273.2888,10,nan,nan,nan
ROI_035/patch_116,6,266.9326,97.4011,306.8036,95.5086,302.4416,96.6233,305.6695,95.2144,11,nan,nan,nan
ROI_035/patch_116,7,356.9739,256.0343,400.6703,251.6997,400.5716,255.3181,215.7426,255.1912,7,nan,nan,nan
ROI_035/patch_117,0,158.5931,352.4069,210.2768,350.8868,209.1077,351.7522,207.8844,351.0093,10,nan,nan,nan
ROI_035/patch_117,1,105.3893,305.2835,157.0730,306.0436,156.4130,304.5860,156.8682,304.6342,12,nan,nan,nan
ROI_035/patch_117,2,151.6602,128.5837,204.1964,128.1910,211.7217,128.0406,202.7248,127.4010,10,nan,nan,nan
ROI_035/patch_117,3,362.2533,329.9594,420.8117,331.8854,419.6531,329.5779,420.3029,329.8789,12,nan,nan,nan
ROI_035/patch_117,4,320.6875,496.4472,372.1683,496.8171,369.6307,495.9228,372.7358,495.7932,6,nan,nan,nan
ROI_035/patch_117,5,434.2864,380.2229,487.6965,379.0088,491.5866,379.9067,491.2414,380.3564,9,nan,nan,nan
ROI_035/patch_117,6,414.6946,7.8572,458.8778,7.4691,487.6438,7.7162,460.7113,6.0041,4,nan,nan,nan
ROI_035/patch_117,7,174.5466,14.3774,219.2074,14.5629,240.2458,13.9250,220.7525,14.5270,8,nan,nan,nan
ROI_035/patch_118,0,360.0708,284.1287,418.8483,285.1421,404.7653,283.2127,415.5101,282.7423,12,nan,nan,nan
ROI_035/patch_118,1,131.0412,192.9222,174.6176,192.9222,171.6878,191.9560,170.2173,192.5563,11,nan,nan,nan
ROI_035/patch_118,2,259.4766,396.2213,309.4005,396.6167,306.8490,395.4809,308.8389,394.6769,9,nan,nan,nan
ROI_035/patch_118,3,452.5854,416.5841,508.0279,417.8982,501.7150,415.8126,nan,nan,1,nan,nan,nan
ROI_035/patch_118,4,59.0200,389.0837,107.7328,391.5497,104.9782,388.3938,103.7313,387.6498,11,nan,nan,nan
ROI_035/patch_118,5,127.6521,467.3659,174.6176,467.5551,176.3154,466.7572,175.0919,466.1444,9,nan,nan,nan
ROI_035/patch_118,6,447.7890,169.1985,496.8805,168.6005,489.6452,168.1071,495.9860,167.7561,5,nan,nan,nan
ROI_035/patch_118,7,16.6131,20.9394,55.0358,17.6031,51.5352,19.7839,52.9220,19.6624,10,nan,nan,nan
ROI_035/patch_120,0,277.9216,40.7848,324.2849,38.5046,320.2043,40.3110,325.4029,39.6264,12,nan,nan,nan
ROI_035/patch_120,1,190.5154,65.1065,230.0382,65.1065,229.8169,64.6538,231.1920,63.5333,9,nan,nan,nan
ROI_035/patch_120,2,110.4425,200.7130,144.1521,201.1561,144.4586,200.1644,143.6328,200.1631,11,nan,nan,nan
ROI_035/patch_120,3,73.1186,391.6141,98.5489,394.9699,101.7929,390.8912,101.2688,392.4783,10,nan,nan,nan
ROI_035/patch_120,4,433.9010,490.4449,469.4552,489.9767,470.3901,489.4325,466.2391,490.4614,10,nan,nan,nan
ROI_035/patch_120,5,258.9107,361.6461,293.8827,360.0074,293.4320,360.8562,293.6572,359.3370,9,nan,nan,nan
ROI_035/patch_120,6,320.3153,257.1647,356.9672,254.3599,358.9008,256.4489,359.1329,255.1270,8,nan,nan,nan
ROI_035/patch_120,7,192.3799,504.9637,223.7677,505.7478,221.8190,504.0631,nan,nan,1,nan,nan,nan
ROI_035/patch_121,0,122.4906,185.1950,184.8150,185.9551,173.6485,184.6361,181.5709,183.1059,9,nan,nan,nan
ROI_035/patch_121,1,293.5027,60.5462,347.8466,58.4560,347.1110,59.8578,347.0831,59.9736,9,nan,nan,nan
ROI_035/patch_121,2,423.7466,324.6689,453.4941,338.9159,472.2776,324.4626,474.3193,323.6273,11,nan,nan,nan
ROI_035/patch_121,3,271.6941,27.0083,324.2849,26.5337,325.9459,26.2565,325.0310,25.4676,11,nan,nan,nan
ROI_035/patch_121,4,438.8375,74.2958,492.2568,74.4171,492.2137,73.6911,492.1732,73.1405,10,nan,nan,nan
ROI_035/patch_121,5,25.6299,286.7858,81.2576,285.7121,74.8007,286.3502,83.5131,285.8817,10,nan,nan,nan
ROI_035/patch_121,6,164.9263,431.5535,205.7165,433.5426,211.3300,431.4108,207.5405,432.0717,11,nan,nan,nan
ROI_035/patch_121,7,411.5916,134.1884,463.3748,134.0814,463.8033,133.6689,461.2696,134.2642,10,nan,nan,nan
ROI_035/patch_122,0,193.5556,387.9394,234.5985,387.9394,237.4883,386.8555,236.4436,386.7939,12,nan,nan,nan
ROI_035/patch_122,1,84.1078,238.2088,131.2312,235.1686,133.1878,237.4305,134.2239,235.9054,10,nan,nan,nan
ROI_035/patch_122,2,352.7009,116.7915,411.6911,115.0800,407.8076,116.0581,410.3151,114.6764,10,nan,nan,nan
ROI_035/patch_122,3,241.2125,178.7623,297.6830,178.1645,293.3759,177.9914,296.4355,177.6075,11,nan,nan,nan
ROI_035/patch_122,4,59.2902,390.0113,106.1494,388.6995,102.4476,389.0003,105.5146,388.7933,10,nan,nan,nan
ROI_035/patch_122,5,383.3790,472.4293,409.4109,477.6258,425.0712,471.1001,404.6317,472.0564,11,nan,nan,nan
ROI_035/patch_122,6,2.3202,123.4680,56.0333,122.2478,55.3554,122.9228,nan,nan,2,nan,nan,nan
ROI_035/patch_122,7,138.0181,478.9392,179.1621,478.7131,178.1896,477.7388,178.5188,477.6119,12,nan,nan,nan
ROI_035/patch_123,0,221.6776,32.4242,272.6012,31.6641,271.5595,31.3320,276.3925,31.0873,8,nan,nan,nan
ROI_035/patch_123,1,66.6266,13.4228,114.5100,11.9027,120.6953,12.0648,117.3754,12.4672,7,nan,nan,nan
ROI_035/patch_123,2,352.4730,190.8396,382.8090,192.7955,380.7909,190.4421,381.6908,190.6030,8,nan,nan,nan
ROI_035/patch_123,3,31.3917,311.6879,48.3853,309.8439,48.0921,311.2689,50.7674,311.4887,11,nan,nan,nan
ROI_035/patch_123,4,213.7490,465.7274,206.4765,466.6050,208.8475,466.0561,207.9187,467.0218,13,nan,nan,nan
ROI_035/patch_123,5,163.3721,244.2198,190.5154,247.7094,187.1013,243.7508,188.5699,244.3572,11,nan,nan,nan
ROI_035/patch_123,6,416.0243,262.8391,435.6328,264.6206,434.4943,262.7626,432.7681,263.2419,9,nan,nan,nan
ROI_035/patch_123,7,102.2228,369.1444,107.2895,371.0282,110.8334,369.0080,108.3406,368.9724,11,nan,nan,nan
ROI_035/patch_124,0,263.4806,215.5972,278.6816,214.8371,278.1178,215.4206,281.3691,213.8796,11,nan,nan,nan
ROI_035/patch_124,1,69.6668,131.9912,90.9483,130.4711,93.9374,131.3666,94.7296,131.4325,11,nan,nan,nan
ROI_035/patch_124,2,371.5414,454.0712,364.5677,454.2541,360.3560,454.5719,366.0042,454.2819,9,nan,nan,nan
ROI_035/patch_124,3,364.3052,76.6058,397.0601,75.9372,393.3833,76.2558,395.8306,74.3651,9,nan,nan,nan
ROI_035/patch_124,4,228.4171,496.9649,212.6203,498.0839,213.1918,497.3679,213.3600,498.5651,4,nan,nan,nan
ROI_035/patch_124,5,31.3828,251.1778,45.5984,252.5865,43.0909,250.7670,43.1528,251.2222,11,nan,nan,nan
ROI_035/patch_124,6,93.6849,87.1393,120.5512,86.3238,122.6472,86.4472,121.3483,86.4329,11,nan,nan,nan
ROI_035/patch_124,7,256.0041,374.9200,250.1103,374.5307,253.6858,375.0883,253.2336,376.0305,11,nan,nan,nan
ROI_035/patch_125,0,311.3640,176.0744,347.0865,175.3143,336.3929,175.4072,343.1934,173.9846,12,nan,nan,nan
ROI_035/patch_125,1,382.0490,414.7313,393.4498,414.7313,388.6863,414.6194,390.1806,414.6099,13,nan,nan,nan
ROI_035/patch_125,2,266.3033,298.1331,274.1213,296.9229,278.7242,297.7649,277.1022,297.2612,12,nan,nan,nan
ROI_035/patch_125,3,220.4028,116.2171,243.3391,115.0800,247.1572,115.4242,244.5890,115.0934,11,nan,nan,nan
ROI_035/patch_125,4,453.3593,297.5519,475.9157,298.0630,473.2066,297.1479,476.7843,297.8189,10,nan,nan,nan
ROI_035/patch_125,5,61.3862,116.0146,90.5683,117.9302,81.8892,115.2505,88.1979,115.1014,9,nan,nan,nan
ROI_035/patch_125,6,393.2995,92.2718,437.5329,92.2784,428.9954,91.3900,433.9998,90.7890,12,nan,nan,nan
ROI_035/patch_125,7,310.1693,492.7339,313.8341,492.6368,307.0507,492.8209,312.1909,491.9378,8,nan,nan,nan
ROI_035/patch_126,0,26.3437,417.0115,29.3839,418.5316,33.5913,416.6486,28.0064,416.9973,9,nan,nan,nan
ROI_035/patch_126,1,119.0703,241.4390,137.3116,241.4390,135.1560,241.0965,136.0986,241.2585,11,nan,nan,nan
ROI_035/patch_126,2,300.4517,381.1967,301.4833,380.5289,292.6033,381.4375,301.9497,380.7835,12,nan,nan,nan
ROI_035/patch_126,3,371.6554,98.0515,381.2889,96.2687,383.2476,98.1410,384.7250,96.8431,9,nan,nan,nan
ROI_035/patch_126,4,404.0043,296.9278,394.9699,296.1629,396.4878,297.3170,395.9816,296.4778,10,nan,nan,nan
ROI_035/patch_126,5,50.9976,212.9625,74.2271,214.0771,74.0204,212.4280,77.5408,211.3228,10,nan,nan,nan
ROI_035/patch_126,6,73.5606,16.4496,112.2298,15.7030,111.8543,15.7471,111.1493,15.8802,10,nan,nan,nan
ROI_035/patch_126,7,486.8905,465.0347,461.8547,464.8949,459.5438,465.8077,466.8688,464.1228,6,nan,nan,nan
ROI_035/patch_127,0,119.8304,154.7928,100.8290,156.3130,103.3966,155.0505,103.1017,154.2890,10,nan,nan,nan
ROI_035/patch_127,1,242.9591,172.2741,229.2781,173.0341,225.8472,172.5225,229.4855,171.8138,10,nan,nan,nan
ROI_035/patch_127,2,333.0160,20.7952,315.1642,22.5435,329.9162,20.7224,318.7576,20.0045,10,nan,nan,nan
ROI_035/patch_127,3,13.3096,49.9244,6.5823,48.3853,5.3889,50.0182,7.7411,49.6045,3,nan,nan,nan
ROI_035/patch_127,4,459.6809,496.0153,415.4914,498.3372,415.4998,496.8081,416.0249,496.8617,6,nan,nan,nan
ROI_035/patch_127,5,103.9028,489.9451,62.0663,485.4163,57.7561,490.8497,64.1925,488.8629,8,nan,nan,nan
ROI_035/patch_127,6,458.5756,153.1995,432.9726,155.5529,444.6646,153.3365,434.7281,153.3089,11,nan,nan,nan
ROI_035/patch_127,7,25.1789,145.1275,6.5823,145.6722,8.9332,145.3995,11.8208,145.5061,5,nan,nan,nan
ROI_035/patch_128,0,322.0047,410.9310,313.6441,414.7313,312.2079,411.1767,313.5777,412.8937,10,nan,nan,nan
ROI_035/patch_128,1,177.5945,486.9364,159.3532,487.6965,156.6043,487.1284,156.8928,487.4799,10,nan,nan,nan
ROI_035/patch_128,2,377.4574,159.7914,373.6884,160.1132,373.8183,160.0494,375.5860,160.1475,9,nan,nan,nan
ROI_035/patch_128,3,268.9141,93.9652,255.8800,95.5086,257.8918,94.1783,256.0859,94.5344,10,nan,nan,nan
ROI_035/patch_128,4,110.7114,224.7259,88.6682,226.2379,87.0288,224.8821,89.6451,225.7160,9,nan,nan,nan
ROI_035/patch_128,5,94.1801,329.7723,73.4671,332.6455,68.4090,329.9258,70.8437,330.9029,12,nan,nan,nan
ROI_035/patch_128,6,60.7107,470.0792,30.9040,470.9753,31.3175,470.2249,26.6523,470.4297,12,nan,nan,nan
ROI_035/patch_128,7,118.8402,141.9935,95.6511,142.4895,96.4451,142.1497,97.7985,141.2166,11,nan,nan,nan
ROI_035/patch_130,0,89.6341,154.1674,64.5523,154.9274,62.8189,154.3413,63.0214,154.6586,9,nan,nan,nan
ROI_035/patch_130,1,240.8848,230.9328,213.3328,231.6929,212.9731,231.3951,212.6039,230.0200,11,nan,nan,nan
ROI_035/patch_130,2,243.9781,377.0300,216.9431,378.9534,211.1579,377.8038,213.7337,376.0458,10,nan,nan,nan
ROI_035/patch_130,3,356.8957,213.8728,331.7112,213.2616,330.7104,214.3957,332.7262,214.1100,12,nan,nan,nan
ROI_035/patch_130,4,301.6070,503.7963,259.5061,505.8824,265.0723,504.8863,nan,nan,1,nan,nan,nan
ROI_035/patch_130,5,476.1343,427.1755,445.9094,426.2667,443.9193,428.2488,443.5441,428.3147,13,nan,nan,nan
ROI_035/patch_130,6,273.3068,123.8808,247.8520,123.8286,249.3355,124.1437,248.9371,122.4165,12,nan,nan,nan
ROI_035/patch_130,7,145.4350,257.4712,110.2822,258.3581,115.6803,257.9100,109.2142,259.4139,12,nan,nan,nan
ROI_035/patch_131,0,254.3599,309.0838,201.1561,309.8439,205.6606,310.0752,205.1051,310.3707,8,nan,nan,nan
ROI_035/patch_131,1,483.8962,420.8117,440.5731,422.3318,433.6189,421.8741,439.7005,421.2479,12,nan,nan,nan
ROI_035/patch_131,2,346.0315,417.4468,298.0630,420.2417,295.8744,418.7168,295.5003,419.1153,10,nan,nan,nan
ROI_035/patch_131,3,407.1017,80.8474,358.2944,80.9888,361.2808,80.6980,358.1873,81.2997,12,nan,nan,nan
ROI_035/patch_131,4,294.7413,98.2566,241.0453,101.2857,248.7568,98.3556,242.2210,99.5674,9,nan,nan,nan
ROI_035/patch_131,5,92.6339,260.7996,47.9290,263.6610,44.6512,261.8606,46.2563,261.2706,12,nan,nan,nan
ROI_035/patch_131,6,120.2597,123.7110,84.0562,126.1149,74.0415,124.1894,83.9958,123.6319,11,nan,nan,nan
ROI_035/patch_131,7,475.4298,21.8138,437.1831,22.8568,430.3374,21.3232,435.4923,22.0748,12,nan,nan,nan
ROI_035/patch_132,0,282.7194,116.7426,269.1810,116.2043,267.4340,116.9093,269.7020,116.1250,10,nan,nan,nan
ROI_035/patch_132,1,101.0665,15.4655,71.5669,16.4472,77.6097,15.4179,74.3419,15.3667,10,nan,nan,nan
ROI_035/patch_132,2,301.7410,436.0991,282.4819,438.0396,277.4537,437.0246,280.8437,437.4875,9,nan,nan,nan
ROI_035/patch_132,3,136.8439,232.5014,108.6196,235.2477,108.7040,232.9660,108.6589,233.7108,12,nan,nan,nan
ROI_035/patch_132,4,413.1187,344.5445,396.0144,347.0252,398.7472,345.2349,394.9904,345.3929,12,nan,nan,nan
ROI_035/patch_132,5,162.8117,395.3121,132.5902,396.1173,131.1041,396.1612,130.5680,395.0349,12,nan,nan,nan
ROI_035/patch_132,6,440.2136,8.1836,438.4376,9.4603,438.2823,8.0678,434.1525,8.9027,4,nan,nan,nan
ROI_035/patch_132,7,44.6842,253.7575,6.5374,254.3166,10.0795,254.2867,5.9548,253.2980,3,nan,nan,nan
ROI_035/patch_135,0,364.6667,184.7754,342.9695,186.8062,335.5560,185.1694,343.4269,185.9244,10,nan,nan,nan
ROI_035/patch_135,1,505.1342,248.9762,487.2729,248.0855,485.1831,248.9282,nan,nan,1,nan,nan,nan
ROI_035/patch_135,2,157.2272,499.5191,97.6015,502.1854,99.0689,501.1062,100.3076,501.7591,4,nan,nan,nan
ROI_035/patch_135,3,259.7360,444.7016,212.0345,444.9255,212.1150,445.8320,213.5284,445.3424,12,nan,nan,nan
ROI_035/patch_135,4,64.9909,19.7808,34.3499,21.4172,17.4010,21.0810,35.0536,20.0737,9,nan,nan,nan
ROI_035/patch_135,5,460.3563,332.0234,436.6449,333.9511,433.5625,332.2528,432.5550,330.5415,9,nan,nan,nan
ROI_035/patch_135,6,127.7388,169.8852,97.6589,170.9351,79.6389,171.1481,99.7693,170.5080,9,nan,nan,nan
ROI_035/patch_135,7,117.5115,469.4978,60.6983,471.7913,57.2132,471.1942,60.2793,470.1351,13,nan,nan,nan
ROI_035/patch_136,0,145.6722,329.6053,139.2117,329.9853,134.0424,330.5777,141.2678,329.1448,12,nan,nan,nan
ROI_035/patch_136,1,322.9073,40.1197,310.5564,41.6398,310.9022,40.5268,311.4763,41.2353,12,nan,nan,nan
ROI_035/patch_136,2,421.3427,158.5824,419.2798,158.2843,418.7010,158.8310,418.6847,159.5658,11,nan,nan,nan
ROI_035/patch_136,3,228.2373,93.2073,218.4844,95.0099,212.9521,93.8598,213.8092,93.3472,7,nan,nan,nan
ROI_035/patch_136,4,239.5166,175.7507,227.9732,177.0244,227.6684,176.4234,228.9179,175.8617,12,nan,nan,nan
ROI_035/patch_136,5,46.8477,5.6037,5.8129,6.2979,18.7882,6.6210,nan,nan,1,nan,nan,nan
ROI_035/patch_136,6,289.6378,441.2117,287.4873,440.3777,289.5891,441.9180,290.9125,442.3495,10,nan,nan,nan
ROI_035/patch_136,7,142.1075,121.8462,118.7511,121.8728,123.1641,122.7110,118.8367,122.7329,10,nan,nan,nan
ROI_035/patch_137,0,194.9295,289.6312,133.1039,292.1489,135.2950,290.5553,133.8298,289.2359,9,nan,nan,nan
ROI_035/patch_137,1,191.0582,54.5097,132.5980,56.1681,134.6396,55.5377,132.0199,56.6171,9,nan,nan,nan
ROI_035/patch_137,2,94.9770,343.7423,43.1549,344.9290,34.7789,344.4677,42.4304,345.1394,12,nan,nan,nan
ROI_035/patch_137,3,418.5555,433.2869,339.8437,434.3128,356.5686,434.5313,339.4187,434.9691,12,nan,nan,nan
ROI_035/patch_137,4,299.5648,236.0541,241.3678,238.5701,240.4783,237.1849,239.9433,238.2540,11,nan,nan,nan
ROI_035/patch_137,5,452.3385,360.6071,383.9099,365.2341,391.2845,361.9442,382.2170,362.8411,12,nan,nan,nan
ROI_035/patch_137,6,494.7291,108.4357,438.2586,111.4376,437.0427,109.9648,438.6041,110.8376,6,nan,nan,nan
ROI_035/patch_137,7,87.8975,83.9832,26.6414,88.5197,31.2573,84.8185,22.2291,84.0685,10,nan,nan,nan
ROI_035/patch_138,0,158.8465,181.1414,93.4818,183.4215,91.3592,182.4587,93.9007,182.6346,11,nan,nan,nan
ROI_035/patch_138,1,415.7447,119.5770,377.1245,120.3371,378.7398,120.5618,378.8073,120.8291,11,nan,nan,nan
ROI_035/patch_138,2,494.1423,198.8923,463.4856,202.1379,455.9867,199.9780,464.2018,200.8477,6,nan,nan,nan
ROI_035/patch_138,3,370.5576,6.4165,339.8818,5.8539,341.4022,7.2038,343.4330,7.9872,3,nan,nan,nan
ROI_035/patch_138,4,115.4812,420.7434,19.0942,423.3664,18.4259,422.5899,20.6527,422.5090,10,nan,nan,nan
ROI_035/patch_138,5,196.5669,398.7572,102.4220,403.5519,109.4050,400.4935,105.6480,400.6935,11,nan,nan,nan
ROI_035/patch_138,6,373.6569,399.3230,299.9379,401.8401,302.9255,400.9188,303.2348,401.9969,12,nan,nan,nan
ROI_035/patch_138,7,343.3958,108.8083,300.5329,109.8440,300.8011,109.8287,299.8220,110.6207,11,nan,nan,nan
ROI_035/patch_139,0,471.9610,303.6328,463.7310,303.1934,472.6362,303.0285,464.3464,304.2725,12,nan,nan,nan
ROI_035/patch_139,1,274.6795,201.2947,276.8053,202.0429,268.4901,200.9237,270.3517,200.3257,9,nan,nan,nan
ROI_035/patch_139,2,297.0199,441.5938,275.8737,445.0108,270.7719,441.6534,272.7362,441.3938,8,nan,nan,nan
ROI_035/patch_139,3,253.4224,126.5337,254.2254,126.0172,252.2997,126.0605,253.5791,125.7338,12,nan,nan,nan
ROI_035/patch_139,4,341.4158,278.7384,336.3377,278.8280,333.6471,278.3741,336.0863,276.5301,12,nan,nan,nan
ROI_035/patch_139,5,447.6288,431.0795,433.3915,431.2712,434.6967,430.7839,432.8797,429.5834,6,nan,nan,nan
ROI_035/patch_139,6,76.3233,416.0007,32.3632,414.7515,34.2979,416.4989,nan,nan,2,nan,nan,nan
ROI_035/patch_139,7,88.2311,498.3721,29.2441,498.9692,39.6786,499.0084,29.9623,499.4679,4,nan,nan,nan
ROI_035/patch_142,0,455.7912,204.9870,412.9025,205.7668,416.4333,205.0604,415.4311,205.4422,9,nan,nan,nan
ROI_035/patch_142,1,118.9203,316.4975,26.9047,318.8368,34.0740,318.0388,26.6956,318.8086,12,nan,nan,nan
ROI_035/patch_142,2,236.2414,463.8650,157.1302,466.2178,155.7314,465.1597,nan,nan,2,nan,nan,nan
ROI_035/patch_142,3,159.6732,195.3601,84.0246,197.5789,86.9816,196.5709,81.4659,197.2676,11,nan,nan,nan
ROI_035/patch_142,4,170.8237,74.5146,107.2234,76.9059,106.8770,75.5103,107.6168,76.5537,7,nan,nan,nan
ROI_035/patch_142,5,452.5741,73.3767,419.9207,70.2776,420.9801,73.2756,419.7551,72.2676,11,nan,nan,nan
ROI_035/patch_142,6,387.8302,248.8154,337.2625,250.2150,337.9772,249.2152,337.4478,248.3320,9,nan,nan,nan
ROI_035/patch_142,7,193.6928,481.8259,108.6530,483.7632,107.1978,483.3115,107.7333,483.1905,10,nan,nan,nan
ROI_035/patch_150,0,294.6428,87.1480,420.0517,84.8679,420.7160,85.2457,420.6909,84.5879,9,nan,nan,nan
ROI_035/patch_150,1,277.1615,170.7540,407.8908,169.2339,406.5031,168.9104,410.1810,167.7541,9,nan,nan,nan
ROI_035/patch_150,2,136.7587,110.0088,274.6914,107.0995,274.6499,107.8611,276.7584,106.8307,9,nan,nan,nan
ROI_035/patch_150,3,298.9936,5.9172,416.1802,4.6347,422.7929,3.9363,415.1349,5.3267,3,nan,nan,nan
ROI_035/patch_150,4,302.4647,313.0843,437.1569,310.9523,433.4414,311.4349,162.4378,313.2529,7,nan,nan,nan
ROI_035/patch_150,5,206.6053,275.0324,346.3779,272.3677,343.5019,273.1789,347.8095,272.8069,9,nan,nan,nan
ROI_035/patch_150,6,288.1371,456.6098,425.0394,453.4412,423.6055,455.0880,424.7615,454.4685,9,nan,nan,nan
ROI_035/patch_150,7,77.6157,301.3900,224.9948,300.2135,224.3532,299.3441,226.5069,297.1256,3,nan,nan,nan
ROI_035/patch_152,0,48.3853,200.3961,66.6266,201.9162,66.3413,199.8191,65.6635,200.5079,12,nan,nan,nan
ROI_035/patch_152,1,141.8719,186.7151,152.1327,187.8552,150.6806,186.3635,152.5460,185.5767,9,nan,nan,nan
ROI_035/patch_152,2,329.7526,113.8865,322.3848,115.4601,318.3204,113.9640,322.2104,115.1198,12,nan,nan,nan
ROI_035/patch_152,3,302.1652,248.1812,297.4455,244.8236,298.7694,248.2611,297.7440,247.7759,11,nan,nan,nan
ROI_035/patch_152,4,278.1707,101.4143,279.0290,103.0884,270.9654,101.3568,278.6720,102.1689,12,nan,nan,nan
ROI_035/patch_152,5,415.2597,400.6976,378.4862,403.1880,407.7253,401.1397,379.6121,401.1081,4,nan,nan,nan
ROI_035/patch_152,6,396.1734,190.8008,378.4555,195.5955,381.7919,191.0843,377.1326,199.4501,3,nan,nan,nan
ROI_035/patch_152,7,482.6474,467.3102,438.1846,473.0424,471.6527,467.9553,nan,nan,1,nan,nan,nan
ROI_035/patch_154,0,150.2101,313.2398,294.8550,307.8541,294.7990,312.0367,297.2847,309.0140,11,nan,nan,nan
ROI_035/patch_154,1,337.7484,148.9755,474.8917,147.0520,475.8548,145.2696,476.3956,143.4501,6,nan,nan,nan
ROI_035/patch_154,2,286.6068,412.8284,426.5677,408.1283,425.8461,409.9958,427.3208,410.1885,11,nan,nan,nan
ROI_035/patch_154,3,87.8314,448.6566,236.5977,445.8517,234.3423,448.3564,235.9167,445.9127,10,nan,nan,nan
ROI_035/patch_154,4,6.0600,96.2957,152.8181,91.9016,156.6261,96.7175,nan,nan,1,nan,nan,nan
ROI_035/patch_154,5,289.2871,276.4576,426.8411,274.3874,428.8222,273.4724,427.3805,273.4834,8,nan,nan,nan
ROI_035/patch_154,6,198.6673,462.2535,341.9520,458.7403,341.0264,460.5705,342.0716,459.4155,7,nan,nan,nan
ROI_035/patch_154,7,23.6336,389.2428,171.7989,386.9125,172.6986,389.6987,170.9012,385.4480,8,nan,nan,nan
ROI_035/patch_155,0,38.5046,82.5877,143.3920,81.0676,110.1556,81.2572,146.6075,79.8424,8,nan,nan,nan
ROI_035/patch_155,1,21.7834,155.5529,130.4711,152.5127,95.0879,154.2024,132.5859,152.7231,8,nan,nan,nan
ROI_035/patch_155,2,218.4296,482.3894,283.2420,481.6161,275.0181,481.4013,286.4470,480.2894,8,nan,nan,nan
ROI_035/patch_155,3,55.0002,470.0657,158.9138,467.9470,126.0786,468.8041,157.8729,467.4556,10,nan,nan,nan
ROI_035/patch_155,4,381.6502,131.7486,420.0159,129.2682,422.9311,130.9947,419.7376,128.8841,11,nan,nan,nan
ROI_035/patch_155,5,341.0092,417.2714,385.6339,414.4627,386.5583,416.4804,385.0104,414.8481,10,nan,nan,nan
ROI_035/patch_155,6,192.6715,275.8316,264.4941,276.8981,251.0723,274.7785,262.0220,274.0693,8,nan,nan,nan
ROI_035/patch_155,7,70.7024,10.0699,172.5466,3.3960,139.3261,8.7853,168.3959,10.4823,5,nan,nan,nan
ROI_035/patch_156,0,138.0717,169.2339,157.0730,168.4738,158.1484,169.0233,157.2257,168.1949,12,nan,nan,nan
ROI_035/patch_156,1,13.4228,112.2298,40.3097,111.7073,56.5359,111.7870,40.8019,111.3549,8,nan,nan,nan
ROI_035/patch_156,2,168.6472,417.3889,189.9572,417.7359,188.7486,417.2978,189.6924,417.0130,10,nan,nan,nan
ROI_035/patch_156,3,282.4765,258.0134,278.0404,261.9723,276.4168,258.0780,279.6868,258.4388,6,nan,nan,nan
ROI_035/patch_156,4,383.3313,137.4360,349.9605,137.8935,354.5925,137.6440,352.5790,136.8309,9,nan,nan,nan
ROI_035/patch_156,5,500.9546,219.4872,457.0331,222.7821,451.1627,219.9219,455.9678,222.1934,3,nan,nan,nan
ROI_035/patch_156,6,151.5427,495.9941,166.4732,494.5647,176.8999,495.8942,170.3179,494.7289,6,nan,nan,nan
ROI_035/patch_156,7,15.0097,193.0622,41.9246,192.7073,59.7710,192.6438,42.2215,191.7180,7,nan,nan,nan
ROI_035/patch_157,0,357.7273,195.0757,293.8827,198.8760,293.7262,196.2653,297.8965,196.5577,10,nan,nan,nan
ROI_035/patch_157,1,165.4336,119.0703,105.3893,122.8706,108.8371,119.9814,108.9195,120.6579,12,nan,nan,nan
ROI_035/patch_157,2,104.7281,287.2874,49.9054,287.8023,50.3755,288.0941,51.4243,287.6861,8,nan,nan,nan
ROI_035/patch_157,3,57.5059,47.1247,7.3424,50.6655,5.0795,47.8820,5.7808,47.7504,3,nan,nan,nan
ROI_035/patch_157,4,463.9643,287.4614,398.0101,290.0825,395.8479,288.8004,397.2765,289.4434,11,nan,nan,nan
ROI_035/patch_157,5,197.8411,365.4087,140.9219,365.7078,139.8829,366.3467,138.7008,366.7416,8,nan,nan,nan
ROI_035/patch_157,6,273.5667,28.5146,222.0718,30.1445,212.8713,29.5937,218.3302,30.7046,11,nan,nan,nan
ROI_035/patch_157,7,369.2156,269.6550,307.9593,273.3657,304.7380,270.8551,304.2569,270.6340,11,nan,nan,nan
ROI_035/patch_158,0,43.4562,280.9664,196.9896,276.4060,200.6268,277.4308,197.8218,275.3385,8,nan,nan,nan
ROI_035/patch_158,1,102.7414,369.1341,251.7144,363.0536,254.4211,365.7323,250.5364,368.5953,9,nan,nan,nan
ROI_035/patch_158,2,197.2981,37.7000,342.9223,34.7049,345.0924,35.7976,346.4506,34.8457,8,nan,nan,nan
ROI_035/patch_158,3,208.5248,112.3912,354.3233,109.1914,354.6807,110.3562,355.4985,109.2953,9,nan,nan,nan
ROI_035/patch_158,4,233.5035,347.9911,382.4458,345.5720,375.2977,345.4719,380.4633,345.2841,12,nan,nan,nan
ROI_035/patch_158,5,165.4556,504.1779,312.1397,500.2456,310.8958,500.8040,nan,nan,1,nan,nan,nan
ROI_035/patch_158,6,85.9835,118.9022,240.1234,113.4193,241.5407,116.0763,240.4026,115.8617,9,nan,nan,nan
ROI_035/patch_158,7,12.2956,205.8135,169.2472,202.4895,172.6496,202.2860,168.2629,202.7436,4,nan,nan,nan
ROI_035/patch_160,0,65.1065,64.3464,87.1480,64.3464,100.5623,63.3805,88.0943,63.5228,8,nan,nan,nan
ROI_035/patch_160,1,195.8358,36.2244,211.7969,36.2244,210.6838,35.8223,212.7428,36.2310,9,nan,nan,nan
ROI_035/patch_160,2,276.0996,202.4737,285.5221,206.4765,285.8637,202.4427,285.2945,203.0716,9,nan,nan,nan
ROI_035/patch_160,3,202.8522,273.4739,216.3572,274.1213,226.4411,273.1345,216.3349,272.1766,12,nan,nan,nan
ROI_035/patch_160,4,15.8909,241.8216,41.5448,241.4390,65.9877,240.6661,40.6980,240.3053,10,nan,nan,nan
ROI_035/patch_160,5,385.3327,262.3885,382.9991,264.6206,381.3177,262.8399,381.1329,263.5673,10,nan,nan,nan
ROI_035/patch_160,6,317.6400,464.6549,335.0268,463.6287,332.0372,464.8399,335.1232,464.2700,12,nan,nan,nan
ROI_035/patch_160,7,52.1106,1.9923,80.6946,0.2984,86.9282,0.9615,nan,nan,1,nan,nan,nan
ROI_035/patch_161,0,384.2029,129.3855,349.6260,133.2273,344.8195,130.2469,346.3975,131.0507,10,nan,nan,nan
ROI_035/patch_161,1,325.8063,236.1896,287.3876,239.2631,285.9748,236.7806,287.5512,237.0221,11,nan,nan,nan
ROI_035/patch_161,2,124.7751,298.2452,77.9093,300.3490,69.9562,299.2557,78.7365,297.7560,12,nan,nan,nan
ROI_035/patch_161,3,139.4981,42.7499,87.2526,44.7740,74.7372,44.8389,88.8774,43.8941,13,nan,nan,nan
ROI_035/patch_161,4,491.7533,376.2309,465.0560,376.7830,472.7075,375.6300,463.9786,378.6780,7,nan,nan,nan
ROI_035/patch_161,5,236.2586,492.1336,193.7245,496.0391,199.7942,491.9024,191.9561,493.0787,8,nan,nan,nan
ROI_035/patch_161,6,509.3600,157.4438,488.4989,159.5817,482.2413,157.7491,nan,nan,0,nan,nan,nan
ROI_035/patch_161,7,214.2983,179.0764,166.5278,180.6131,162.1269,180.3046,161.2349,180.0652,11,nan,nan,nan
ROI_035/patch_162,0,196.5958,204.1964,344.8063,202.6762,339.3595,202.1809,342.1310,201.6020,9,nan,nan,nan
ROI_035/patch_162,1,124.3907,48.3853,274.8814,45.3451,273.8268,46.0231,274.1213,44.7682,8,nan,nan,nan
ROI_035/patch_162,2,115.0851,420.8066,258.1602,420.0517,258.6104,418.8998,261.6923,418.5023,6,nan,nan,nan
ROI_035/patch_162,3,6.6311,256.9545,153.4628,253.9799,158.9679,254.6162,nan,nan,2,nan,nan,nan
ROI_035/patch_162,4,23.3704,69.3405,177.3619,62.6844,178.0198,66.7976,177.5699,68.1240,8,nan,nan,nan
ROI_035/patch_162,5,319.7726,182.6427,454.9404,179.2977,456.1106,180.8527,365.4561,161.4277,5,nan,nan,nan
ROI_035/patch_162,6,290.2012,483.0549,429.2495,478.1411,422.9890,481.5869,426.4848,478.9744,4,nan,nan,nan
ROI_035/patch_162,7,215.9677,380.1962,355.9729,376.6254,354.6264,378.4448,355.9615,377.4398,4,nan,nan,nan
ROI_035/patch_164,0,303.0034,103.8692,326.5650,103.1092,325.4717,103.8677,328.4840,102.9967,11,nan,nan,nan
ROI_035/patch_164,1,108.4296,389.6495,107.6695,388.8895,126.7056,389.6977,108.8604,388.5831,10,nan,nan,nan
ROI_035/patch_164,2,403.5740,398.7292,401.8104,398.0101,405.8849,398.7392,405.8360,398.4038,9,nan,nan,nan
ROI_035/patch_164,3,287.3332,347.0661,301.4833,347.0865,298.3575,347.0871,304.0922,347.4242,9,nan,nan,nan
ROI_035/patch_164,4,415.0162,159.1823,425.3721,159.3532,428.8092,159.1707,429.2155,159.9085,11,nan,nan,nan
ROI_035/patch_164,5,159.5126,109.7670,189.3753,110.8997,189.2225,109.7849,190.5925,110.1689,10,nan,nan,nan
ROI_035/patch_164,6,266.7698,3.3717,289.8924,2.2120,296.2111,3.3666,nan,nan,2,nan,nan,nan
ROI_035/patch_164,7,6.7100,336.3253,13.0428,337.7758,33.0204,336.3824,13.6915,337.7957,4,nan,nan,nan
ROI_035/patch_165,0,311.7440,5.6323,273.7413,7.9124,279.9592,6.0678,nan,nan,2,nan,nan,nan
ROI_035/patch_165,1,489.5966,498.1472,436.3928,501.9475,401.6332,500.0037,432.9820,498.9646,5,nan,nan,nan
ROI_035/patch_165,2,20.2582,253.5426,18.3632,254.1699,-3.6559,253.7523,17.5553,253.9545,10,nan,nan,nan
ROI_035/patch_165,3,44.1905,406.0404,19.1232,407.7008,5.8359,406.6131,19.5121,406.3594,11,nan,nan,nan
ROI_035/patch_165,4,407.1176,199.5050,348.9866,200.2061,350.8124,200.5625,350.2516,200.8388,11,nan,nan,nan
ROI_035/patch_165,5,394.2928,117.0068,344.4263,121.9205,345.7880,117.8682,344.5788,118.5388,10,nan,nan,nan
ROI_035/patch_165,6,465.7838,374.7096,400.6703,375.7785,389.9305,376.2612,402.7449,375.0765,12,nan,nan,nan
ROI_035/patch_165,7,83.4065,398.0778,55.6058,399.3402,41.9667,398.7315,53.5030,399.4242,9,nan,nan,nan
ROI_035/patch_166,0,158.2131,466.9850,286.6622,465.4649,283.6328,464.5638,286.4108,463.3413,6,nan,nan,nan
ROI_035/patch_166,1,82.2077,484.4663,218.2574,482.1861,211.2372,481.9650,220.1739,481.8498,8,nan,nan,nan
ROI_035/patch_166,2,51.7285,250.8575,188.6152,248.0895,187.8941,249.0215,188.6513,248.8792,8,nan,nan,nan
ROI_035/patch_166,3,123.5376,66.3342,263.1005,62.6363,260.2645,65.0606,263.8096,64.6725,8,nan,nan,nan
ROI_035/patch_166,4,272.0799,4.2627,405.9907,6.3923,402.4118,3.2264,nan,nan,2,nan,nan,nan
ROI_035/patch_166,5,317.0560,275.5801,438.6730,273.9313,438.5930,273.7749,437.1182,273.1827,12,nan,nan,nan
ROI_035/patch_166,6,73.9599,370.2374,204.0063,367.0379,206.1265,368.0640,206.4683,367.2624,9,nan,nan,nan
ROI_035/patch_166,7,253.9139,95.8097,380.9471,95.3635,383.0430,94.5011,383.0450,93.6474,11,nan,nan,nan
ROI_035/patch_170,0,55.9858,327.3251,153.2727,326.5650,158.1351,326.4216,153.0856,324.9806,7,nan,nan,nan
ROI_035/patch_170,1,432.9726,366.0879,445.1335,367.6080,434.9574,367.3272,443.0447,365.9799,9,nan,nan,nan
ROI_035/patch_170,2,36.5018,381.8398,122.8706,379.7688,134.2481,381.0294,127.1686,381.1281,9,nan,nan,nan
ROI_035/patch_170,3,374.2690,377.4509,388.1294,379.0088,388.9021,378.4194,389.2285,378.1729,11,nan,nan,nan
ROI_035/patch_170,4,204.2594,33.6909,321.2447,31.6641,319.3679,32.5158,322.3942,31.3522,4,nan,nan,nan
ROI_035/patch_170,5,328.4096,497.5061,337.9659,499.0973,334.0788,498.6640,336.8475,497.8193,6,nan,nan,nan
ROI_035/patch_170,6,396.5630,21.4589,461.8547,21.7834,466.0019,21.2613,462.5355,20.9435,8,nan,nan,nan
ROI_035/patch_170,7,53.4035,201.0239,177.5945,197.3559,177.6019,199.6510,55.5860,196.8656,6,nan,nan,nan
ROI_035/patch_171,0,351.6468,84.8679,354.6870,85.6279,363.8982,85.7922,355.4335,85.8056,8,nan,nan,nan
ROI_035/patch_171,1,48.3853,387.3694,51.4255,387.3694,54.5893,387.4329,52.6654,386.9214,9,nan,nan,nan
ROI_035/patch_171,2,448.6795,390.6709,455.5842,390.2196,444.3674,391.6021,457.6037,391.9189,9,nan,nan,nan
ROI_035/patch_171,3,296.9339,229.0264,308.5296,231.4633,303.9781,229.7356,306.7779,229.1612,12,nan,nan,nan
ROI_035/patch_171,4,228.9278,298.5786,228.7607,300.9132,234.5370,299.0937,229.9898,299.1261,12,nan,nan,nan
ROI_035/patch_171,5,443.5089,56.5151,448.9705,57.6960,454.6845,57.6579,447.0033,57.0225,10,nan,nan,nan
ROI_035/patch_171,6,60.8470,251.6057,72.1919,251.6467,72.9665,251.7868,73.6262,250.6603,12,nan,nan,nan
ROI_035/patch_171,7,306.0624,496.9297,303.7386,499.3655,300.5606,497.4801,302.2584,497.5021,4,nan,nan,nan
ROI_035/patch_172,0,205.5644,21.4318,191.8656,20.6708,192.7643,21.1815,192.5839,22.0643,10,nan,nan,nan
ROI_035/patch_172,1,452.1416,336.5028,399.6298,338.0248,383.3614,337.6365,401.1737,336.3075,11,nan,nan,nan
ROI_035/patch_172,2,503.7679,146.8509,439.2039,148.5257,433.2921,147.8503,nan,nan,2,nan,nan,nan
ROI_035/patch_172,3,175.5197,144.7928,162.1850,144.7204,163.1970,144.6422,163.5498,144.3575,12,nan,nan,nan
ROI_035/patch_172,4,23.7430,251.4290,34.3301,251.2662,34.0898,250.9252,34.6523,251.1492,12,nan,nan,nan
ROI_035/patch_172,5,12.7951,159.9349,20.6314,162.9854,28.6670,159.2411,21.4221,159.0008,6,nan,nan,nan
ROI_035/patch_172,6,349.1052,444.0442,302.9776,445.3316,294.3360,444.9965,304.3453,444.9026,12,nan,nan,nan
ROI_035/patch_172,7,370.8164,394.3857,321.0523,395.8640,314.1538,395.3314,320.6882,395.7169,10,nan,nan,nan
ROI_035/patch_173,0,325.2350,175.1243,310.9839,178.5445,306.0531,175.0089,309.9035,174.4991,12,nan,nan,nan
ROI_035/patch_173,1,90.8535,336.8066,48.2927,337.1663,51.7724,336.9985,47.9251,338.0909,10,nan,nan,nan
ROI_035/patch_173,2,257.2144,323.8625,238.8104,323.3940,234.7313,323.9001,236.6133,322.9472,11,nan,nan,nan
ROI_035/patch_173,3,251.7308,240.1610,226.8933,238.3988,226.6565,240.1510,228.5202,240.8366,8,nan,nan,nan
ROI_035/patch_173,4,257.8311,472.5517,240.7307,474.0155,239.0235,472.6818,239.2072,472.3573,8,nan,nan,nan
ROI_035/patch_173,5,408.9155,497.5410,409.2294,499.6093,406.0746,497.5540,408.6148,497.6925,3,nan,nan,nan
ROI_035/patch_173,6,253.7555,87.3086,222.2032,88.7648,225.1733,87.2011,222.6962,87.6388,12,nan,nan,nan
ROI_035/patch_173,7,406.8033,259.9653,400.6107,260.5787,397.9752,259.8314,399.6830,260.9486,12,nan,nan,nan
ROI_035/patch_175,0,49.1453,116.0301,59.0260,116.7901,83.6417,115.0218,54.6624,115.1760,11,nan,nan,nan
ROI_035/patch_175,1,40.0247,165.4336,43.8250,164.8636,69.9749,164.5119,46.3357,164.9469,11,nan,nan,nan
ROI_035/patch_175,2,98.1870,430.1604,91.9499,431.4615,87.4675,430.0507,94.0373,428.1332,8,nan,nan,nan
ROI_035/patch_175,3,392.1339,138.2851,371.9556,137.8385,371.6945,138.4442,373.5729,138.5721,12,nan,nan,nan
ROI_035/patch_175,4,170.5603,251.9357,173.0154,247.8408,170.2271,251.6420,173.0378,250.5245,11,nan,nan,nan
ROI_035/patch_175,5,49.9884,307.3893,57.4811,307.2037,61.3641,306.8340,56.9505,306.0019,10,nan,nan,nan
ROI_035/patch_175,6,273.3231,294.0426,252.8042,294.4375,252.2725,294.1820,252.2695,293.5727,7,nan,nan,nan
ROI_035/patch_175,7,311.4223,405.7324,271.3153,407.4185,271.1467,406.2585,266.9823,407.0792,11,nan,nan,nan
ROI_035/patch_176,0,502.1375,27.1038,469.4552,29.3839,470.4553,27.4689,470.2380,27.0536,3,nan,nan,nan
ROI_035/patch_176,1,417.7715,474.0155,407.8908,474.7756,403.0532,473.9243,407.2099,473.5625,10,nan,nan,nan
ROI_035/patch_176,2,148.5544,95.1258,100.8290,93.9885,92.3427,95.8310,103.1466,96.4302,11,nan,nan,nan
ROI_035/patch_176,3,315.9558,154.4619,275.0714,156.1229,276.2071,154.8919,276.6109,154.7510,10,nan,nan,nan
ROI_035/patch_176,4,420.6646,284.1601,398.7068,286.0922,396.1182,284.3023,397.7393,285.2128,12,nan,nan,nan
ROI_035/patch_176,5,161.0250,249.2841,114.8267,251.8897,113.9725,249.7820,115.2637,249.1017,9,nan,nan,nan
ROI_035/patch_176,6,435.9150,68.3864,394.5743,70.1551,401.1508,68.7796,399.2947,66.6231,10,nan,nan,nan
ROI_035/patch_176,7,239.7113,267.9632,199.6112,267.9795,199.9091,268.3432,196.7221,269.0932,12,nan,nan,nan
ROI_035/patch_177,0,488.4565,36.9845,494.7270,38.6946,496.2875,36.7156,492.7327,37.1368,7,nan,nan,nan
ROI_035/patch_177,1,422.8042,390.0051,416.1106,391.5246,417.1773,389.8212,415.5219,389.6267,9,nan,nan,nan
ROI_035/patch_177,2,265.9038,493.9691,246.6387,493.7030,247.1779,494.0905,246.3169,494.7016,7,nan,nan,nan
ROI_035/patch_177,3,164.0627,359.3880,147.6420,357.7923,142.0420,359.7354,138.5949,358.2814,9,nan,nan,nan
ROI_035/patch_177,4,304.2739,164.7270,301.8371,164.2774,296.5813,164.8156,302.5681,163.1001,12,nan,nan,nan
ROI_035/patch_177,5,353.6635,123.1577,357.0037,124.3056,350.3222,123.1515,354.2600,122.7570,10,nan,nan,nan
ROI_035/patch_177,6,376.5839,477.4456,368.4436,477.6838,365.6340,477.3438,364.5068,477.4918,12,nan,nan,nan
ROI_035/patch_177,7,175.2089,7.8938,159.2185,6.5740,162.9872,8.2670,153.5618,7.8864,4,nan,nan,nan
ROI_035/patch_178,0,137.7197,430.4075,151.5404,430.4075,151.9313,430.4042,150.8560,431.0614,11,nan,nan,nan
ROI_035/patch_178,1,64.7774,436.5500,75.5268,436.5500,78.4507,436.6956,78.7149,436.7223,10,nan,nan,nan
ROI_035/patch_178,2,86.6653,152.7306,93.9543,150.9231,95.2418,153.5099,93.0707,152.6134,11,nan,nan,nan
ROI_035/patch_178,3,386.3848,286.0815,388.7950,288.3618,400.1303,285.8677,387.8074,287.4026,12,nan,nan,nan
ROI_035/patch_178,4,360.2847,145.2268,369.5996,146.3162,371.1700,145.4105,370.9176,144.6946,10,nan,nan,nan
ROI_035/patch_178,5,153.6444,110.7632,170.7357,113.3002,162.0377,111.4933,172.8029,113.3864,8,nan,nan,nan
ROI_035/patch_178,6,265.3350,434.7110,266.7125,439.6213,280.7689,434.4111,266.7276,436.0614,8,nan,nan,nan
ROI_035/patch_178,7,103.3222,226.6983,109.0096,226.3022,113.4272,227.2623,110.0376,227.0027,10,nan,nan,nan
ROI_035/patch_179,0,268.8009,337.9659,230.0382,339.4860,228.2867,338.3490,232.2554,338.2799,10,nan,nan,nan
ROI_035/patch_179,1,228.5181,423.8520,187.8552,426.1321,184.4098,424.3577,186.0762,424.6553,10,nan,nan,nan
ROI_035/patch_179,2,395.9540,124.3074,349.0279,125.9001,367.5364,124.2858,350.7335,125.6047,12,nan,nan,nan
ROI_035/patch_179,3,451.6458,7.0277,397.5881,9.9821,428.2161,6.8363,399.6837,8.8600,4,nan,nan,nan
ROI_035/patch_179,4,505.5794,190.9869,482.9601,193.2578,490.8771,190.5392,nan,nan,0,nan,nan,nan
ROI_035/patch_179,5,466.0951,245.9184,444.5819,246.9090,447.4870,245.5998,444.9995,246.1572,12,nan,nan,nan
ROI_035/patch_179,6,195.0333,282.1027,146.2714,280.5927,145.1459,282.7759,148.1490,281.0210,10,nan,nan,nan
ROI_035/patch_179,7,283.4041,187.3885,232.5106,189.0112,242.6282,187.7640,232.0766,188.5491,11,nan,nan,nan
ROI_035/patch_180,0,296.9229,43.0649,284.7621,44.5850,284.0981,43.0393,285.6669,43.6368,12,nan,nan,nan
ROI_035/patch_180,1,109.1896,306.0436,90.1883,308.3238,91.0794,306.3021,90.0988,306.4556,10,nan,nan,nan
ROI_035/patch_180,2,134.7709,456.2731,123.6306,456.5343,119.4538,456.6741,126.1264,455.6975,9,nan,nan,nan
ROI_035/patch_180,3,299.6117,474.7084,294.6428,474.0155,291.7134,475.1028,293.8161,475.1241,10,nan,nan,nan
ROI_035/patch_180,4,346.2927,98.4300,338.7259,100.0690,336.2451,98.4510,337.8633,97.3086,10,nan,nan,nan
ROI_035/patch_180,5,488.9952,138.9621,489.2166,139.5918,485.6438,139.0012,481.4198,139.3050,10,nan,nan,nan
ROI_035/patch_180,6,196.0049,78.5464,175.3143,79.5475,179.1592,78.5704,177.6561,78.1004,11,nan,nan,nan
ROI_035/patch_180,7,286.1526,289.4821,275.6414,290.0825,275.6018,289.6980,273.8629,291.2438,11,nan,nan,nan
ROI_035/patch_181,0,307.5637,460.3345,309.0838,458.8144,305.7039,460.3974,308.7806,459.8692,10,nan,nan,nan
ROI_035/patch_181,1,485.4163,494.5370,489.2166,493.7769,488.9745,494.7110,490.1427,493.1873,5,nan,nan,nan
ROI_035/patch_181,2,486.1098,25.6703,482.3761,28.6239,482.0378,25.6268,484.3738,27.2205,8,nan,nan,nan
ROI_035/patch_181,3,81.7211,36.4597,68.9067,36.9845,66.7748,36.2044,66.6757,37.0926,12,nan,nan,nan
ROI_035/patch_181,4,143.3871,18.4789,128.1910,20.2633,129.8325,18.2482,128.1716,19.9791,10,nan,nan,nan
ROI_035/patch_181,5,337.4043,190.3512,332.6455,189.7553,331.9554,190.3045,331.4744,190.1003,12,nan,nan,nan
ROI_035/patch_181,6,35.7642,385.8977,30.1440,385.8493,25.2628,385.7802,23.9535,387.2332,10,nan,nan,nan
ROI_035/patch_181,7,292.2700,41.5167,278.6816,42.3049,283.1596,41.3765,278.1403,40.5972,12,nan,nan,nan
ROI_035/patch_183,0,392.6897,204.9564,369.8881,206.4765,373.7671,205.1500,369.5663,205.1159,8,nan,nan,nan
ROI_035/patch_183,1,215.5972,246.7594,171.5140,245.9993,173.4623,247.2040,173.0849,247.4514,10,nan,nan,nan
ROI_035/patch_183,2,333.6163,237.1362,304.5235,235.3586,307.2746,237.4057,304.6958,236.8080,8,nan,nan,nan
ROI_035/patch_183,3,431.8848,474.2645,428.4123,473.2555,423.0468,474.2825,429.4746,475.9738,10,nan,nan,nan
ROI_035/patch_183,4,325.5149,394.9094,299.9632,394.2099,300.8793,395.1232,302.4613,394.1230,11,nan,nan,nan
ROI_035/patch_183,5,86.2942,99.7317,19.5032,100.0690,24.0579,100.4361,21.6268,101.0151,12,nan,nan,nan
ROI_035/patch_183,6,476.6990,143.7336,465.6549,141.1119,468.0527,143.8260,466.4185,143.8831,12,nan,nan,nan
ROI_035/patch_183,7,74.5401,339.1167,18.7432,340.2460,14.9653,339.7358,15.7181,340.3157,9,nan,nan,nan
ROI_035/patch_184,0,281.7219,18.7432,278.6816,19.5032,276.1269,18.7627,280.1298,17.6164,9,nan,nan,nan
ROI_035/patch_184,1,207.2366,429.1723,220.9175,429.1723,221.0336,429.1155,221.0918,429.5424,10,nan,nan,nan
ROI_035/patch_184,2,156.1547,440.9607,166.1937,441.3332,167.8544,440.9837,168.5613,441.7002,12,nan,nan,nan
ROI_035/patch_184,3,472.0768,418.3494,496.8171,417.0115,499.6184,417.8543,497.9963,418.0301,6,nan,nan,nan
ROI_035/patch_184,4,34.3829,244.4935,24.8236,243.7192,28.2625,244.8167,24.2723,245.3610,8,nan,nan,nan
ROI_035/patch_184,5,390.6010,250.8526,404.0906,248.2795,404.1618,250.5760,405.8716,250.0522,10,nan,nan,nan
ROI_035/patch_184,6,412.9735,171.0394,420.0517,173.0341,423.1910,170.7645,422.0218,171.3555,12,nan,nan,nan
ROI_035/patch_184,7,356.4883,82.2979,356.2072,84.1078,358.5763,82.1610,357.9220,82.9633,12,nan,nan,nan
ROI_035/patch_187,0,215.9940,193.0669,212.1734,193.8310,211.1397,192.8061,214.4209,193.2927,9,nan,nan,nan
ROI_035/patch_187,1,459.7500,300.0444,484.9661,297.7520,489.0550,299.4999,486.9965,298.9622,11,nan,nan,nan
ROI_035/patch_187,2,303.6779,183.4648,311.5097,185.4256,307.5887,183.1529,310.6947,183.7082,12,nan,nan,nan
ROI_035/patch_187,3,349.2233,285.7751,365.7626,286.2902,365.5478,285.3230,363.8135,283.4900,12,nan,nan,nan
ROI_035/patch_187,4,75.4039,55.5265,44.8299,58.5808,45.2915,55.5098,43.9451,55.9999,12,nan,nan,nan
ROI_035/patch_187,5,245.3590,131.0754,240.4460,129.6444,239.1340,130.8599,244.0630,130.0054,11,nan,nan,nan
ROI_035/patch_187,6,425.9196,15.7393,430.7132,15.7898,430.7427,15.5198,432.1125,15.8390,10,nan,nan,nan
ROI_035/patch_187,7,227.5924,341.4324,240.2072,341.1639,234.8601,341.0063,240.8056,341.5939,9,nan,nan,nan
ROI_035/patch_188,0,121.3505,353.9270,157.8331,353.1669,157.5493,353.6263,155.7928,352.6117,9,nan,nan,nan
ROI_035/patch_188,1,139.5918,309.0838,173.0341,308.3238,174.3869,308.7468,174.1225,307.5566,11,nan,nan,nan
ROI_035/patch_188,2,414.5192,19.5236,448.1737,17.9831,450.2285,18.5655,450.3934,18.9779,9,nan,nan,nan
ROI_035/patch_188,3,28.0507,240.7470,52.9456,239.1588,51.8584,240.6971,53.6216,239.3709,12,nan,nan,nan
ROI_035/patch_188,4,88.9473,165.6970,114.5100,166.1937,112.3341,165.5116,114.5449,164.8254,11,nan,nan,nan
ROI_035/patch_188,5,62.6583,12.9454,77.2673,11.9027,75.6482,12.8534,76.5192,11.7444,7,nan,nan,nan
ROI_035/patch_188,6,244.3509,158.1019,278.6816,155.5529,277.1719,157.5360,276.8406,156.5144,11,nan,nan,nan
ROI_035/patch_188,7,421.1068,161.9735,459.5745,160.1132,465.3732,160.9723,459.3627,161.7626,9,nan,nan,nan
ROI_035/patch_189,0,375.2085,366.0879,423.0919,363.0476,422.8181,365.7194,426.5368,365.0219,11,nan,nan,nan
ROI_035/patch_189,1,334.9256,327.3251,382.8090,325.8050,380.8973,326.8600,381.6046,326.0836,10,nan,nan,nan
ROI_035/patch_189,2,202.2001,262.7018,241.4390,261.9605,243.5818,262.0710,242.6118,261.5242,12,nan,nan,nan
ROI_035/patch_189,3,432.2956,77.6861,477.0557,76.5073,477.8365,76.6236,478.2045,76.6504,12,nan,nan,nan
ROI_035/patch_189,4,304.8264,23.8609,344.9964,22.5435,346.0644,22.6593,346.1662,23.4578,9,nan,nan,nan
ROI_035/patch_189,5,56.3294,442.9172,99.3089,441.1432,95.8789,442.7123,100.6695,440.5307,11,nan,nan,nan
ROI_035/patch_189,6,142.1890,103.2545,182.9510,101.2094,179.8302,102.2336,182.2016,102.0534,7,nan,nan,nan
ROI_035/patch_189,7,213.2673,23.9014,256.6911,20.6098,251.9095,22.6935,255.8830,22.7285,5,nan,nan,nan
ROI_035/patch_190,0,128.1910,445.1335,120.5904,445.8935,116.4448,445.1583,122.5444,445.8580,12,nan,nan,nan
ROI_035/patch_190,1,71.1869,290.0825,55.2258,290.0825,51.4568,290.3608,55.6450,289.7874,10,nan,nan,nan
ROI_035/patch_190,2,176.2092,320.0926,168.4738,322.7648,164.5253,320.2383,165.3102,320.6835,11,nan,nan,nan
ROI_035/patch_190,3,429.6472,268.9461,436.7729,271.0811,434.1598,268.9334,434.7539,268.5198,9,nan,nan,nan
ROI_035/patch_190,4,102.2916,503.4365,94.7486,502.8976,90.2736,503.4081,nan,nan,2,nan,nan,nan
ROI_035/patch_190,5,73.6561,90.6166,60.5462,90.1883,48.8981,91.1537,62.9295,90.4756,10,nan,nan,nan
ROI_035/patch_190,6,76.9082,11.8246,63.5864,13.4228,50.3216,12.4618,62.5717,14.0679,6,nan,nan,nan
ROI_035/patch_190,7,310.7206,496.0986,315.9243,496.8171,312.9278,495.8945,314.7687,495.8565,6,nan,nan,nan
ROI_035/patch_191,0,276.4015,407.8908,315.1642,407.8908,316.3751,406.7520,314.8827,406.9379,10,nan,nan,nan
ROI_035/patch_191,1,400.2903,473.2555,443.6134,471.7354,457.2113,471.7551,446.4395,472.7383,11,nan,nan,nan
ROI_035/patch_191,2,55.8190,349.8364,67.3866,344.4263,66.0572,349.2120,66.2392,347.4488,11,nan,nan,nan
ROI_035/patch_191,3,67.2922,441.0656,84.4879,440.7632,79.7410,440.2190,79.4308,439.5060,11,nan,nan,nan
ROI_035/patch_191,4,150.8631,235.2280,173.8158,235.6395,172.8625,234.6913,175.3366,235.5693,12,nan,nan,nan
ROI_035/patch_191,5,433.1609,131.4885,484.2517,131.6356,491.8751,130.6881,487.8960,129.7047,8,nan,nan,nan
ROI_035/patch_191,6,167.7893,333.1669,191.3468,332.7492,192.7742,332.3837,193.0778,333.3975,10,nan,nan,nan
ROI_035/patch_191,7,48.8990,10.2139,51.9247,11.6491,55.6614,10.3542,47.7673,12.4985,6,nan,nan,nan
ROI_035/patch_192,0,99.3089,169.2339,144.9121,167.7138,144.4744,168.6533,144.1124,167.6482,12,nan,nan,nan
ROI_035/patch_192,1,236.1186,285.5221,282.4819,284.7621,281.4337,284.7312,279.5467,285.3397,11,nan,nan,nan
ROI_035/patch_192,2,325.9777,179.7025,366.0879,179.8746,371.2141,178.9431,365.2140,179.7772,10,nan,nan,nan
ROI_035/patch_192,3,196.1590,105.2637,244.4792,104.6293,241.2883,104.6704,246.2193,104.4346,12,nan,nan,nan
ROI_035/patch_192,4,149.2216,11.1489,199.6360,8.8625,194.2470,10.6783,198.9208,11.3274,7,nan,nan,nan
ROI_035/patch_192,5,141.5750,357.1261,191.2754,354.6870,186.9343,356.3391,188.7833,354.7780,7,nan,nan,nan
ROI_035/patch_192,6,440.3623,348.1225,481.6161,347.8466,485.7929,347.1210,479.6525,347.6657,13,nan,nan,nan
ROI_035/patch_192,7,41.5764,449.4928,85.6279,448.9337,86.9986,448.6944,86.3056,448.4026,11,nan,nan,nan
ROI_035/patch_194,0,163.1534,210.2768,159.3532,210.2768,155.1770,210.4158,159.0982,211.1419,12,nan,nan,nan
ROI_035/patch_194,1,46.8652,309.0838,31.6641,308.3238,31.2401,309.6302,31.4329,308.4150,11,nan,nan,nan
ROI_035/patch_194,2,432.8713,354.8897,439.8131,354.6870,440.3756,354.8789,441.7160,354.3724,12,nan,nan,nan
ROI_035/patch_194,3,343.8678,76.1885,343.2862,74.9872,347.6597,75.7358,345.4864,76.6670,12,nan,nan,nan
ROI_035/patch_194,4,53.6583,98.7107,38.5046,100.0690,39.7167,98.7981,39.1951,98.8294,12,nan,nan,nan
ROI_035/patch_194,5,195.4195,76.5104,192.7955,75.9372,190.2080,76.3101,194.8338,76.5846,11,nan,nan,nan
ROI_035/patch_194,6,482.3882,56.8133,494.1863,56.5080,494.6967,56.0844,493.9038,56.0650,7,nan,nan,nan
ROI_035/patch_194,7,192.7689,433.9857,183.2228,433.9782,185.2362,434.5503,182.7095,433.4085,10,nan,nan,nan
ROI_035/patch_195,0,52.5370,116.4421,70.7987,114.9202,77.0599,116.0007,70.8058,115.0146,11,nan,nan,nan
ROI_035/patch_195,1,72.3206,340.9097,87.5387,340.9097,86.2374,340.8782,85.9651,340.5244,11,nan,nan,nan
ROI_035/patch_195,2,92.5082,106.8031,117.9750,105.7893,119.6958,106.3028,118.1379,105.0506,12,nan,nan,nan
ROI_035/patch_195,3,307.2447,136.3418,353.0954,136.2256,344.5177,135.6811,350.6663,134.8656,10,nan,nan,nan
ROI_035/patch_195,4,419.2991,405.9577,448.9697,406.3478,448.6113,405.7000,449.6464,405.5745,11,nan,nan,nan
ROI_035/patch_195,5,217.2023,369.7273,241.2420,368.3024,237.4613,369.6045,240.4629,370.6066,8,nan,nan,nan
ROI_035/patch_195,6,282.8763,417.1822,303.6364,417.7614,304.2211,417.0839,303.8779,417.4824,9,nan,nan,nan
ROI_035/patch_195,7,9.6210,114.7073,22.8616,114.1593,31.9114,114.3060,22.4460,114.2288,5,nan,nan,nan
ROI_035/patch_196,0,194.0658,294.4944,228.3066,291.4508,228.8874,293.9688,227.7847,295.1615,10,nan,nan,nan
ROI_035/patch_196,1,118.7359,457.3286,143.8459,457.3286,141.9259,457.0143,142.1686,457.8688,12,nan,nan,nan
ROI_035/patch_196,2,21.4938,272.3741,52.5370,270.9063,53.1522,271.7074,52.9785,271.2575,12,nan,nan,nan
ROI_035/patch_196,3,264.8904,113.5961,312.7673,112.6375,312.3003,112.8279,313.9537,112.9632,12,nan,nan,nan
ROI_035/patch_196,4,340.3227,323.1399,376.6835,322.6480,377.2369,322.7496,377.3002,322.7897,9,nan,nan,nan
ROI_035/patch_196,5,248.6561,397.1372,279.2874,396.4560,278.7942,396.8076,278.8967,395.9197,9,nan,nan,nan
ROI_035/patch_196,6,171.6710,59.1532,224.5020,58.6131,219.8977,58.2415,222.5297,58.9790,11,nan,nan,nan
ROI_035/patch_196,7,25.7857,381.6528,56.3415,380.4769,51.0612,381.1616,52.2621,381.0362,11,nan,nan,nan
ROI_035/patch_197,0,127.1059,172.7492,181.1303,171.9883,176.5014,171.3803,178.6778,170.5684,10,nan,nan,nan
ROI_035/patch_197,1,127.8668,235.9045,178.4671,237.6166,178.0306,234.5228,180.6721,233.6655,10,nan,nan,nan
ROI_035/patch_197,2,311.8976,88.6502,366.2211,85.6253,366.6969,86.5127,366.8837,86.3839,9,nan,nan,nan
ROI_035/patch_197,3,269.0671,370.8073,336.5457,368.6829,325.7001,368.8077,331.4778,367.9357,9,nan,nan,nan
ROI_035/patch_197,4,424.4207,306.5855,503.1844,306.2885,485.6728,303.9388,nan,nan,2,nan,nan,nan
ROI_035/patch_197,5,275.0242,160.9191,331.0291,160.0040,329.3972,158.9265,333.2072,159.2749,9,nan,nan,nan
ROI_035/patch_197,6,372.7267,115.0666,428.4252,114.1593,429.9405,112.6678,430.3363,112.7149,7,nan,nan,nan
ROI_035/patch_197,7,46.5757,246.7610,92.4846,245.4159,94.0553,245.7214,93.9577,244.9370,9,nan,nan,nan
ROI_035/patch_198,0,401.0503,61.3062,388.1294,62.8263,390.9181,62.1639,390.9850,62.2445,10,nan,nan,nan
ROI_035/patch_198,1,175.3143,39.2646,150.2325,38.5046,151.9105,40.1856,154.4298,40.0243,10,nan,nan,nan
ROI_035/patch_198,2,358.0377,114.1261,339.4860,117.5502,341.2033,114.9775,343.5297,116.4251,10,nan,nan,nan
ROI_035/patch_198,3,131.0849,161.4523,97.7888,163.9135,95.8216,162.3449,95.4094,163.0818,11,nan,nan,nan
ROI_035/patch_198,4,83.2507,368.7427,32.4242,371.4082,29.6612,369.5802,30.3860,371.1498,9,nan,nan,nan
ROI_035/patch_198,5,83.7113,407.9119,29.3839,410.9310,27.2853,408.7367,30.0227,410.0545,9,nan,nan,nan
ROI_035/patch_198,6,155.3494,482.1753,107.0995,484.6563,98.2117,482.9582,109.0760,483.3740,11,nan,nan,nan
ROI_035/patch_198,7,441.1467,452.7972,402.2375,453.8456,405.0044,453.5184,402.3909,454.0024,10,nan,nan,nan
ROI_035/patch_199,0,274.5441,273.0748,270.6979,273.0748,268.2187,273.5605,272.1562,273.6529,8,nan,nan,nan
ROI_035/patch_199,1,219.1589,418.4607,196.0818,419.2299,199.5345,419.2128,198.1482,419.9167,12,nan,nan,nan
ROI_035/patch_199,2,426.9251,487.6189,431.4685,488.4613,424.6120,487.6804,431.1946,488.4572,11,nan,nan,nan
ROI_035/patch_199,3,121.7957,243.7937,103.7733,244.6130,101.6001,244.7980,101.2714,244.1924,9,nan,nan,nan
ROI_035/patch_199,4,423.7510,274.0519,434.5455,273.8440,432.4388,274.0173,434.4728,275.2530,10,nan,nan,nan
ROI_035/patch_199,5,464.0589,360.7388,472.0458,360.7679,472.2212,360.6070,472.7506,360.6483,11,nan,nan,nan
ROI_035/patch_199,6,71.8244,478.6914,32.3591,478.8288,34.1311,479.9881,30.5552,477.4959,10,nan,nan,nan
ROI_035/patch_199,7,196.3514,31.8609,201.7062,31.2547,194.9182,32.4985,202.4175,31.5735,11,nan,nan,nan
ROI_035/patch_200,0,146.4323,177.5945,172.2741,178.3545,168.0591,177.1122,170.7813,177.3861,12,nan,nan,nan
ROI_035/patch_200,1,98.5489,204.1964,117.5502,207.2366,115.8427,203.6840,117.4427,203.5564,12,nan,nan,nan
ROI_035/patch_200,2,17.4107,405.8152,24.8236,405.6107,21.5985,405.8504,25.0031,405.1708,10,nan,nan,nan
ROI_035/patch_200,3,191.6516,405.5763,204.9564,406.3707,208.0517,406.0901,206.0283,406.6422,10,nan,nan,nan
ROI_035/patch_200,4,276.2466,209.8086,307.5637,210.2768,305.7793,209.8067,306.5782,209.5694,10,nan,nan,nan
ROI_035/patch_200,5,9.4866,105.9789,22.3345,106.9153,24.1588,104.8459,23.8607,105.7666,6,nan,nan,nan
ROI_035/patch_200,6,348.1364,25.3893,383.3797,24.8250,389.4941,24.8803,386.8019,25.2568,10,nan,nan,nan
ROI_035/patch_200,7,53.0058,508.9146,65.0898,509.7658,55.8907,509.4418,nan,nan,0,nan,nan,nan
ROI_035/patch_201,0,233.0709,256.6540,271.8358,256.6540,269.3926,255.9179,269.5577,255.8536,10,nan,nan,nan
ROI_035/patch_201,1,334.1636,385.1101,362.2871,384.3500,364.0264,384.3966,364.6574,383.2983,10,nan,nan,nan
ROI_035/patch_201,2,126.4733,459.9938,144.1398,458.8394,142.7032,459.5201,144.1447,458.6934,11,nan,nan,nan
ROI_035/patch_201,3,424.4944,151.9516,480.1019,147.2003,476.2148,150.9642,483.1563,150.2380,13,nan,nan,nan
ROI_035/patch_201,4,335.8330,483.0296,363.8073,484.6826,357.9822,482.3974,363.9396,482.4274,12,nan,nan,nan
ROI_035/patch_201,5,36.1425,183.6640,72.6908,183.6849,70.9718,183.0336,69.6747,181.3634,11,nan,nan,nan
ROI_035/patch_201,6,124.0259,20.6394,172.2633,17.2240,175.0531,19.7965,169.2579,19.3839,8,nan,nan,nan
ROI_035/patch_201,7,262.3181,399.7535,289.3179,398.0318,288.3592,399.1134,286.4219,399.2647,10,nan,nan,nan
ROI_035/patch_202,0,211.7969,258.9202,171.5140,261.2004,170.3756,259.5556,170.1668,259.4019,10,nan,nan,nan
ROI_035/patch_202,1,429.9324,340.2460,398.0101,340.2460,399.6329,340.9956,400.3722,341.4346,9,nan,nan,nan
ROI_035/patch_202,2,105.7120,391.6921,62.0663,394.9699,59.0315,392.6489,59.2401,393.2218,11,nan,nan,nan
ROI_035/patch_202,3,71.9082,412.6420,20.2633,413.2112,23.5333,413.6544,22.5801,412.5651,7,nan,nan,nan
ROI_035/patch_202,4,302.5005,178.7393,271.8412,179.8746,265.6049,179.1729,270.0653,179.3726,10,nan,nan,nan
ROI_035/patch_202,5,326.2732,320.4554,293.1227,321.2447,290.7050,321.1919,295.0203,321.5379,9,nan,nan,nan
ROI_035/patch_202,6,64.3031,63.0318,9.6225,65.8665,15.2395,63.2819,12.4148,62.6760,7,nan,nan,nan
ROI_035/patch_202,7,375.9294,398.4232,340.0560,401.4304,342.9445,399.3157,343.2145,400.8759,12,nan,nan,nan
ROI_035/patch_203,0,301.4793,75.4345,279.8178,77.7147,280.2156,76.3092,280.8039,75.9260,10,nan,nan,nan
ROI_035/patch_203,1,185.7611,22.4207,157.2591,24.1309,158.1786,23.1376,159.5264,23.6958,12,nan,nan,nan
ROI_035/patch_203,2,174.8695,239.0154,145.7186,239.7237,148.3678,239.6853,148.6102,239.5743,12,nan,nan,nan
ROI_035/patch_203,3,332.1380,202.8390,310.6612,203.1600,313.4057,203.7391,311.3809,203.9404,12,nan,nan,nan
ROI_035/patch_203,4,405.7223,163.0944,394.3513,164.1588,390.4526,164.1056,394.4261,162.5641,12,nan,nan,nan
ROI_035/patch_203,5,82.7220,404.5999,50.6532,404.6663,52.7600,405.1139,50.8005,404.5085,11,nan,nan,nan
ROI_035/patch_203,6,410.8196,343.7839,387.8511,346.1645,397.1770,344.7762,387.2858,344.3690,9,nan,nan,nan
ROI_035/patch_203,7,233.0266,104.3273,207.7244,105.0476,208.4807,105.0999,206.6270,105.2776,12,nan,nan,nan
ROI_035/patch_205,0,195.0757,87.1480,215.5972,87.9081,215.1994,86.8263,218.6947,86.8146,11,nan,nan,nan
ROI_035/patch_205,1,163.1534,45.3451,185.9551,44.5850,183.6830,45.0169,187.3576,44.2990,5,nan,nan,nan
ROI_035/patch_205,2,59.8263,169.7014,67.3866,168.4738,68.2986,169.3800,67.7579,169.4696,12,nan,nan,nan
ROI_035/patch_205,3,87.9533,410.3641,84.8679,409.4109,85.5723,410.0700,87.9638,410.2799,10,nan,nan,nan
ROI_035/patch_205,4,112.7836,499.4752,101.5891,498.3372,107.1726,499.1921,106.7655,498.3240,4,nan,nan,nan
ROI_035/patch_205,5,204.4762,438.8642,208.7567,439.8131,207.0034,438.5803,206.0164,438.3642,11,nan,nan,nan
ROI_035/patch_205,6,463.0994,459.5959,476.2957,459.5745,478.7101,459.3303,478.1573,458.4205,12,nan,nan,nan
ROI_035/patch_205,7,317.2745,238.2137,337.2058,236.8787,336.3057,237.9155,338.9166,237.2505,10,nan,nan,nan
ROI_035/patch_207,0,285.5221,455.7742,264.2406,467.9351,238.1840,456.6008,242.0974,456.7999,11,nan,nan,nan
ROI_035/patch_207,1,398.0101,271.8412,354.6870,271.0811,359.0087,272.7155,357.8630,272.9280,11,nan,nan,nan
ROI_035/patch_207,2,493.3358,347.9084,455.7742,350.8868,454.7718,348.5436,456.1368,349.7306,7,nan,nan,nan
ROI_035/patch_207,3,242.9308,237.3106,203.4363,239.9189,200.6685,238.4665,202.2495,239.4928,9,nan,nan,nan
ROI_035/patch_207,4,177.5845,268.3205,134.2714,272.6012,132.6463,269.5401,134.9756,270.0584,8,nan,nan,nan
ROI_035/patch_207,5,260.1793,57.9552,223.1977,61.3062,223.5143,59.3008,223.2581,58.6637,9,nan,nan,nan
ROI_035/patch_207,6,364.1796,115.1652,328.8452,116.7901,328.7285,116.2808,331.3976,116.5421,10,nan,nan,nan
ROI_035/patch_207,7,411.9849,444.3285,371.4082,446.6536,368.4376,444.9732,372.5086,447.0692,10,nan,nan,nan
ROI_035/patch_208,0,97.7888,356.9672,59.7861,359.2474,55.0605,357.6488,57.9103,356.8677,11,nan,nan,nan
ROI_035/patch_208,1,379.7688,302.2433,356.2072,303.7634,355.9571,302.4591,358.6661,303.5973,10,nan,nan,nan
ROI_035/patch_208,2,322.1213,233.8505,303.7634,236.1186,298.1462,233.9632,301.3840,233.4115,11,nan,nan,nan
ROI_035/patch_208,3,275.7614,167.8021,251.3197,169.9939,252.1691,167.8042,250.8264,167.3428,10,nan,nan,nan
ROI_035/patch_208,4,79.5301,219.7050,40.0247,219.3974,42.1305,220.0657,41.1925,219.8192,13,nan,nan,nan
ROI_035/patch_208,5,378.4901,459.5133,348.6066,461.0946,347.2843,460.1226,348.4017,459.3820,10,nan,nan,nan
ROI_035/patch_208,6,318.7273,498.0353,282.4819,499.0973,282.2592,498.8105,285.3988,498.2498,4,nan,nan,nan
ROI_035/patch_208,7,185.9373,345.0765,150.2325,345.5664,148.8797,345.6255,151.4244,346.1660,9,nan,nan,nan
ROI_035/patch_209,0,304.5235,237.6387,309.0838,239.1588,300.1890,237.5224,311.2486,237.5729,12,nan,nan,nan
ROI_035/patch_209,1,170.7540,176.0744,154.7928,177.5945,158.7734,176.1498,157.2978,175.4431,11,nan,nan,nan
ROI_035/patch_209,2,462.6995,114.2627,474.0155,114.5100,474.3163,113.8948,476.3470,113.9719,7,nan,nan,nan
ROI_035/patch_209,3,453.4593,59.1091,464.8949,60.5462,466.3409,58.7479,464.9438,57.6796,11,nan,nan,nan
ROI_035/patch_209,4,282.2681,395.3915,271.8412,394.2099,270.7439,395.3284,271.8295,395.0014,9,nan,nan,nan
ROI_035/patch_209,5,139.4065,433.3250,112.9899,432.2126,116.0644,433.4799,115.3493,434.1990,13,nan,nan,nan
ROI_035/patch_209,6,421.9504,452.1421,417.7715,453.4941,418.6756,451.8778,419.0448,451.9906,10,nan,nan,nan
ROI_035/patch_209,7,23.2907,269.5696,3.5421,271.8412,-2.8026,269.8769,6.0775,270.9180,3,nan,nan,nan
ROI_035/patch_210,0,195.8358,236.1186,117.5502,239.9189,125.5745,237.6860,120.9783,238.4890,11,nan,nan,nan
ROI_035/patch_210,1,160.8733,466.4150,57.5059,467.9351,72.2947,468.0770,60.0268,469.4977,9,nan,nan,nan
ROI_035/patch_210,2,251.8788,498.1900,150.9926,502.1375,172.1330,499.5797,151.8567,501.0560,3,nan,nan,nan
ROI_035/patch_210,3,478.9944,462.6117,373.6884,465.6549,428.3615,463.3265,378.3317,464.7201,10,nan,nan,nan
ROI_035/patch_210,4,293.6194,174.2253,238.3988,176.8344,238.7588,175.5040,240.5344,176.7234,11,nan,nan,nan
ROI_035/patch_210,5,433.8898,78.3927,394.9699,82.5877,401.5553,79.2576,401.4548,80.1537,11,nan,nan,nan
ROI_035/patch_210,6,124.3240,271.2829,45.3451,274.8814,43.4213,273.0618,43.9190,273.6580,12,nan,nan,nan
ROI_035/patch_210,7,249.7436,5.7848,199.6360,9.6225,200.0478,7.2010,199.7395,8.5012,3,nan,nan,nan
ROI_035/patch_212,0,133.5113,361.5275,65.1065,363.8077,65.4617,362.8301,64.9268,364.0659,12,nan,nan,nan
ROI_035/patch_212,1,74.9872,324.2849,15.7030,326.5650,10.8315,325.5346,14.8037,325.5375,9,nan,nan,nan
ROI_035/patch_212,2,164.0027,2.6212,123.6306,4.3022,137.1538,3.1300,nan,nan,2,nan,nan,nan
ROI_035/patch_212,3,113.1259,492.0296,44.5850,493.7769,30.0378,493.6252,41.0346,494.5119,9,nan,nan,nan
ROI_035/patch_212,4,207.8997,117.5152,169.2339,120.5904,168.1932,118.2524,166.5805,119.2446,12,nan,nan,nan
ROI_035/patch_212,5,259.1621,178.3810,220.1575,180.6347,212.8174,179.2259,218.2566,178.8425,8,nan,nan,nan
ROI_035/patch_212,6,355.2693,3.0910,323.5248,5.8223,329.5491,3.5094,nan,nan,2,nan,nan,nan
ROI_035/patch_212,7,318.2191,474.8503,271.0811,472.4954,238.3620,476.3106,272.5199,474.4097,9,nan,nan,nan
ROI_035/patch_213,0,389.6495,451.9740,346.3265,451.9740,345.2311,452.4273,347.5043,452.6808,12,nan,nan,nan
ROI_035/patch_213,1,308.3238,467.1750,255.8800,468.6951,255.1344,467.8753,255.6700,469.5943,9,nan,nan,nan
ROI_035/patch_213,2,320.9557,285.9797,279.4417,286.2822,279.7518,286.6931,280.0901,286.7221,10,nan,nan,nan
ROI_035/patch_213,3,201.3074,7.2161,169.9939,11.1426,165.0872,8.3796,170.3376,7.3349,4,nan,nan,nan
ROI_035/patch_213,4,81.8327,25.0705,48.3853,26.3437,32.9931,26.5979,45.1723,24.8535,9,nan,nan,nan
ROI_035/patch_213,5,76.1625,278.7976,12.6628,280.2018,11.7025,280.2695,57.5509,279.4642,8,nan,nan,nan
ROI_035/patch_213,6,133.5245,91.8858,89.4282,93.9885,85.7170,93.2343,87.6503,92.1946,11,nan,nan,nan
ROI_035/patch_213,7,134.6571,440.0786,68.9067,446.6536,66.2758,441.3233,68.1198,439.1768,7,nan,nan,nan
ROI_049/patch_0,0,117.5502,53.7057,122.8706,52.9456,120.3733,53.3316,121.6372,54.1992,13,nan,nan,nan
ROI_049/patch_0,1,482.3761,126.6709,478.5758,125.9108,475.5874,126.6203,475.5331,127.5527,13,nan,nan,nan
ROI_049/patch_0,2,190.2737,272.1831,183.6749,262.7205,192.1880,271.8162,185.6155,273.1854,7,nan,nan,nan
ROI_049/patch_0,3,380.3066,276.0464,377.4887,275.6414,377.0457,275.8576,377.6754,275.6260,8,nan,nan,nan
ROI_049/patch_0,4,398.9994,97.8078,395.7300,99.3089,394.3472,97.6867,396.2203,98.3854,8,nan,nan,nan
ROI_049/patch_0,5,379.9702,36.1361,375.2085,34.7043,375.5335,36.0144,378.0718,36.4150,12,nan,nan,nan
ROI_049/patch_0,6,267.1457,373.8263,262.7205,375.9686,267.4608,373.5034,261.9409,374.0476,10,nan,nan,nan
ROI_049/patch_0,7,446.2488,419.5315,442.8533,420.0517,441.8940,419.3646,442.2350,419.6898,12,nan,nan,nan
ROI_049/patch_1,0,127.4309,192.7955,137.3116,194.3157,139.1318,191.7889,139.2866,191.5888,10,nan,nan,nan
ROI_049/patch_1,1,93.9885,384.3291,107.4795,383.7591,107.0551,383.3966,108.8015,382.7515,10,nan,nan,nan
ROI_049/patch_1,2,137.1714,63.1548,149.3655,64.7753,148.3010,62.0962,148.6446,62.4231,12,nan,nan,nan
ROI_049/patch_1,3,226.5138,195.0982,234.8458,192.2325,235.5075,194.1060,235.0563,193.4932,8,nan,nan,nan
ROI_049/patch_1,4,331.7357,280.0230,337.8801,278.4760,338.0483,279.0802,338.4825,279.7801,12,nan,nan,nan
ROI_049/patch_1,5,387.6929,320.9016,395.1214,319.6897,392.5696,319.9832,394.6765,320.4587,12,nan,nan,nan
ROI_049/patch_1,6,226.2968,428.8823,237.8987,428.8297,235.8459,427.9862,237.0088,427.6617,10,nan,nan,nan
ROI_049/patch_1,7,457.8527,248.6475,461.1396,246.8025,460.6389,247.7090,460.3486,248.2610,12,nan,nan,nan
ROI_049/patch_2,0,444.3734,407.1308,439.0530,407.1308,440.6745,406.8100,439.0451,407.2511,12,nan,nan,nan
ROI_049/patch_2,1,78.7874,237.6387,83.5378,237.2587,82.2765,237.2469,84.0357,236.8835,10,nan,nan,nan
ROI_049/patch_2,2,345.3356,179.7351,340.2460,182.1548,342.8631,179.2795,342.5038,179.3374,6,nan,nan,nan
ROI_049/patch_2,3,498.1749,54.4814,489.9767,52.9456,491.9184,53.9306,489.6328,53.3837,6,nan,nan,nan
ROI_049/patch_2,4,205.1882,64.4145,200.3961,64.3464,205.2712,63.8996,202.9411,63.6863,9,nan,nan,nan
ROI_049/patch_2,5,97.4842,60.5121,97.7888,59.0260,99.8677,60.0056,99.1703,60.9982,11,nan,nan,nan
ROI_049/patch_2,6,166.5299,425.4908,165.6236,424.6120,168.8784,425.2098,168.2025,425.7427,11,nan,nan,nan
ROI_049/patch_2,7,359.7633,110.3612,357.7998,109.1597,356.7050,109.8600,355.7663,110.3568,8,nan,nan,nan
ROI_049/patch_3,0,158.5931,96.2687,166.9537,94.7486,168.6655,95.5032,168.5366,95.5233,7,nan,nan,nan
ROI_049/patch_3,1,45.3451,60.5462,57.5059,59.7861,58.1833,59.8455,57.5215,59.9095,10,nan,nan,nan
ROI_049/patch_3,2,372.8325,253.3824,369.8881,252.8398,378.0748,252.3115,371.6709,251.6937,11,nan,nan,nan
ROI_049/patch_3,3,189.0142,282.4819,195.8358,280.9618,199.1371,281.3380,196.6750,281.0306,12,nan,nan,nan
ROI_049/patch_3,4,336.7413,381.7763,344.0463,379.7688,343.4931,380.4403,342.0895,380.5723,12,nan,nan,nan
ROI_049/patch_3,5,149.9451,214.8245,162.2034,214.6471,160.7736,213.8161,161.6569,213.3768,12,nan,nan,nan
ROI_049/patch_3,6,491.6235,168.7814,495.4036,166.3370,493.4162,167.8920,492.0014,167.8369,9,nan,nan,nan
ROI_049/patch_3,7,430.7540,106.4909,429.2252,105.4392,433.8396,105.7244,432.8581,105.3073,8,nan,nan,nan
ROI_049/patch_4,0,369.8881,192.7955,366.0879,191.2754,365.3967,192.5488,363.7436,191.6230,10,nan,nan,nan
ROI_049/patch_4,1,213.3170,135.7915,214.0771,135.7915,212.1743,135.6251,210.9491,136.1043,11,nan,nan,nan
ROI_049/patch_4,2,252.3908,65.3236,251.3197,65.8665,250.2596,65.0599,251.3964,65.4635,11,nan,nan,nan
ROI_049/patch_4,3,268.4037,400.4486,266.5208,401.0503,266.5241,400.4771,266.6398,399.4134,11,nan,nan,nan
ROI_049/patch_4,4,475.6433,272.0502,472.4954,271.8412,468.9635,271.7864,469.0333,271.6363,12,nan,nan,nan
ROI_049/patch_4,5,196.1072,219.7035,196.5958,220.1575,195.4952,219.6282,194.6082,219.7748,12,nan,nan,nan
ROI_049/patch_4,6,28.4662,221.1995,36.2244,223.1977,31.5526,221.2672,32.9993,220.6709,12,nan,nan,nan
ROI_049/patch_4,7,104.9183,21.7833,107.6695,21.7834,105.9596,21.6045,107.1354,21.5884,12,nan,nan,nan
ROI_049/patch_5,0,50.6655,403.3305,63.5864,402.5704,63.8223,402.7073,64.0742,402.3097,10,nan,nan,nan
ROI_049/patch_5,1,122.1105,182.9148,131.2312,180.6347,132.6011,182.3025,133.8017,181.2611,10,nan,nan,nan
ROI_049/patch_5,2,198.7481,185.0231,211.7969,183.6749,207.1089,184.3841,209.2816,183.1848,6,nan,nan,nan
ROI_049/patch_5,3,193.0937,497.9115,205.7165,495.2970,202.5699,497.2241,203.9226,496.2777,4,nan,nan,nan
ROI_049/patch_5,4,401.7771,484.6544,407.1308,486.1764,405.3956,483.8973,405.4278,483.7456,9,nan,nan,nan
ROI_049/patch_5,5,325.2538,432.9242,328.0852,431.4525,330.8470,432.2018,330.5167,431.7680,12,nan,nan,nan
ROI_049/patch_5,6,328.6459,311.1551,332.6455,309.0838,333.7719,310.4511,330.4387,310.5419,9,nan,nan,nan
ROI_049/patch_5,7,19.7270,158.9114,33.1842,156.3130,32.9981,158.3381,32.4381,157.2772,10,nan,nan,nan
ROI_049/patch_6,0,410.9310,363.0476,405.6107,363.0476,405.9343,362.9644,406.9095,361.8814,11,nan,nan,nan
ROI_049/patch_6,1,77.2673,149.4725,77.2673,148.7124,79.0375,149.6019,77.9222,148.9891,10,nan,nan,nan
ROI_049/patch_6,2,30.8145,364.9130,36.2244,363.0476,34.0961,365.1412,35.6982,362.7403,10,nan,nan,nan
ROI_049/patch_6,3,24.3436,335.9445,25.5837,335.6857,27.6988,336.1698,28.5262,335.5553,12,nan,nan,nan
ROI_049/patch_6,4,297.8708,245.8508,297.5374,245.8732,295.0629,245.8270,295.2856,245.3703,9,nan,nan,nan
ROI_049/patch_6,5,252.1475,145.3439,252.6463,144.9225,250.1015,145.3291,250.8990,144.9343,12,nan,nan,nan
ROI_049/patch_6,6,425.8872,24.4263,419.6024,26.3466,419.7786,24.2353,418.1887,25.0721,12,nan,nan,nan
ROI_049/patch_6,7,410.7189,488.1575,406.2763,489.1460,406.0172,488.1097,405.9833,488.0679,9,nan,nan,nan
ROI_049/patch_7,0,340.0261,238.9945,344.5951,237.8522,343.3314,238.3031,344.7077,236.3382,9,nan,nan,nan
ROI_049/patch_7,1,109.6257,357.0029,118.0034,359.6695,118.5174,356.5378,117.8730,356.9778,10,nan,nan,nan
ROI_049/patch_7,2,127.6506,145.0009,140.8559,146.3796,135.4698,144.6315,136.4392,144.6760,11,nan,nan,nan
ROI_049/patch_7,3,186.2471,164.7703,191.8931,163.7094,192.8015,164.3155,193.7205,164.1877,10,nan,nan,nan
ROI_049/patch_7,4,485.1287,434.5282,485.1629,436.9530,485.7615,433.5436,483.9504,435.3983,11,nan,nan,nan
ROI_049/patch_7,5,194.9201,395.4879,203.9215,395.8683,202.0012,394.8931,201.8433,394.1664,12,nan,nan,nan
ROI_049/patch_7,6,299.0253,361.2638,307.5200,361.5422,303.6421,360.5562,304.7180,360.4778,12,nan,nan,nan
ROI_049/patch_7,7,67.5030,90.4675,79.4023,90.4092,76.5130,90.2048,77.8230,88.7049,9,nan,nan,nan
ROI_049/patch_8,0,216.3572,233.0784,213.3170,232.3184,213.7499,233.0467,214.0795,234.1887,11,nan,nan,nan
ROI_049/patch_8,1,33.1842,337.2058,34.8943,338.7259,34.4706,337.3749,37.4098,336.9247,9,nan,nan,nan
ROI_049/patch_8,2,219.2601,113.2061,218.3066,112.5643,216.4264,113.0519,217.1929,113.0312,12,nan,nan,nan
ROI_049/patch_8,3,403.6175,78.0951,393.5475,79.6588,396.9619,77.8091,395.6346,78.8015,10,nan,nan,nan
ROI_049/patch_8,4,158.7665,434.8421,158.6176,435.4973,157.6186,435.0443,156.9080,435.6343,10,nan,nan,nan
ROI_049/patch_8,5,171.5533,351.3893,172.9659,353.4249,170.0276,351.5005,170.4066,351.9150,11,nan,nan,nan
ROI_049/patch_8,6,284.1557,228.3247,280.4056,226.9057,280.1542,228.2529,279.6706,228.0265,12,nan,nan,nan
ROI_049/patch_8,7,471.7570,266.2939,464.3236,266.7546,463.9689,266.1625,464.7963,266.7205,12,nan,nan,nan
ROI_049/patch_10,0,400.2903,206.4765,393.8298,207.9966,393.1006,206.5579,394.5310,206.6448,12,nan,nan,nan
ROI_049/patch_10,1,214.8974,116.3806,213.9637,117.5195,211.9378,116.3683,211.0750,116.3327,9,nan,nan,nan
ROI_049/patch_10,2,148.2338,285.4148,146.4017,284.5721,147.7991,285.2538,146.6687,285.0821,11,nan,nan,nan
ROI_049/patch_10,3,62.0917,89.8001,64.8402,88.2881,62.8564,89.6833,62.2997,89.1922,10,nan,nan,nan
ROI_049/patch_10,4,328.9052,110.8223,320.4397,110.2817,323.0406,110.9024,323.8356,111.9753,13,nan,nan,nan
ROI_049/patch_10,5,100.7292,423.2298,102.5454,423.3136,102.1801,422.9529,101.3533,422.7248,10,nan,nan,nan
ROI_049/patch_10,6,341.5997,490.9158,337.1748,490.7649,337.3086,490.7888,336.8640,490.4398,10,nan,nan,nan
ROI_049/patch_10,7,482.6413,275.4355,469.5066,276.5849,473.7168,275.5420,471.4453,276.0144,3,nan,nan,nan
ROI_049/patch_11,0,408.6509,21.7834,412.4511,21.7834,409.8985,20.8151,409.8603,21.9010,12,nan,nan,nan
ROI_049/patch_11,1,78.7874,369.8881,90.9483,367.6080,89.5077,369.2141,89.0830,369.0724,11,nan,nan,nan
ROI_049/patch_11,2,17.9909,350.0093,31.6641,347.8466,30.2992,349.3115,29.4829,349.2383,11,nan,nan,nan
ROI_049/patch_11,3,170.0535,195.4652,177.7845,195.0757,178.0062,194.6372,178.2810,194.3070,12,nan,nan,nan
ROI_049/patch_11,4,202.9455,86.6142,212.1285,84.3930,209.8145,85.6880,209.8488,86.0521,12,nan,nan,nan
ROI_049/patch_11,5,451.5113,417.4732,451.2900,415.3878,452.3557,416.8762,452.0269,416.0770,10,nan,nan,nan
ROI_049/patch_11,6,280.7511,465.5576,288.4913,465.1893,286.2512,464.9902,285.7426,464.8356,12,nan,nan,nan
ROI_049/patch_11,7,41.7843,459.9829,50.0782,460.5656,53.6629,459.3894,52.9914,459.3626,11,nan,nan,nan
ROI_049/patch_12,0,327.3251,112.2298,323.5248,112.9899,321.8798,112.0795,321.6018,111.5364,12,nan,nan,nan
ROI_049/patch_12,1,117.5502,75.7472,117.9302,77.4574,116.6455,75.6740,117.5101,76.5173,12,nan,nan,nan
ROI_049/patch_12,2,93.5348,231.6276,97.4088,231.9383,94.0397,231.2591,94.1547,231.1904,11,nan,nan,nan
ROI_049/patch_12,3,450.2941,221.7347,439.1480,222.5327,442.6770,221.3718,442.1316,223.2640,12,nan,nan,nan
ROI_049/patch_12,4,396.7913,390.0849,388.3669,393.3073,391.3198,389.4041,391.2274,390.5446,9,nan,nan,nan
ROI_049/patch_12,5,502.8814,399.8065,495.4870,401.5254,495.0650,399.1033,nan,nan,2,nan,nan,nan
ROI_049/patch_12,6,476.1993,107.5761,467.2451,107.1791,467.3618,107.4291,467.8693,106.9835,10,nan,nan,nan
ROI_049/patch_12,7,228.9506,283.3025,226.9642,283.7646,226.6807,282.8308,226.7272,282.9246,11,nan,nan,nan
ROI_049/patch_13,0,121.3505,202.6762,128.9510,202.7238,129.4240,202.7075,127.7110,203.7451,11,nan,nan,nan
ROI_049/patch_13,1,395.1732,99.4607,395.3626,98.3680,394.0691,99.5377,394.9640,98.2218,12,nan,nan,nan
ROI_049/patch_13,2,254.6906,231.7687,257.9701,232.9100,259.1281,231.8633,258.7949,231.4148,10,nan,nan,nan
ROI_049/patch_13,3,11.5540,311.6789,23.2714,311.6421,24.0175,311.7268,22.9603,310.4134,7,nan,nan,nan
ROI_049/patch_13,4,179.1411,265.3122,187.5538,268.6758,186.1641,265.3968,186.7481,265.3213,11,nan,nan,nan
ROI_049/patch_13,5,35.1951,150.8167,43.4949,152.7040,45.2708,150.7900,45.9941,150.9140,11,nan,nan,nan
ROI_049/patch_13,6,294.4579,152.1843,299.5093,151.2339,296.8844,152.2521,295.8177,152.0657,10,nan,nan,nan
ROI_049/patch_13,7,112.9070,20.7718,121.4164,20.4384,119.3201,20.7060,120.3233,21.0351,12,nan,nan,nan
ROI_049/patch_15,0,268.8009,145.6722,274.1213,147.3823,273.6451,145.4041,273.5908,145.9017,7,nan,nan,nan
ROI_049/patch_15,1,210.6568,116.0301,214.8371,115.4601,216.8656,115.7878,211.1176,116.7062,7,nan,nan,nan
ROI_049/patch_15,2,433.8439,324.1529,433.1486,327.2347,435.1812,323.8251,431.1188,324.6322,9,nan,nan,nan
ROI_049/patch_15,3,84.2562,353.0941,93.6625,352.1234,94.6033,352.9521,95.0770,351.8344,9,nan,nan,nan
ROI_049/patch_15,4,147.7082,171.8572,158.8556,171.6208,155.7361,171.6557,155.6544,171.6701,10,nan,nan,nan
ROI_049/patch_15,5,283.4288,395.9294,288.5284,396.1437,288.8732,395.6902,289.6602,396.3780,11,nan,nan,nan
ROI_049/patch_15,6,327.1253,28.7617,328.9804,28.3054,330.0308,28.4462,328.8660,27.6487,10,nan,nan,nan
ROI_049/patch_15,7,446.3121,19.8131,447.0499,18.6675,446.1494,19.4345,442.3111,20.4780,9,nan,nan,nan
ROI_049/patch_16,0,64.3464,372.9283,69.0968,374.4484,67.7618,372.3570,68.9257,371.9396,5,nan,nan,nan
ROI_049/patch_16,1,30.7140,233.8385,35.4644,233.0784,33.4992,233.1951,33.8014,232.9309,7,nan,nan,nan
ROI_049/patch_16,2,113.8800,35.9380,110.5888,37.0724,112.5541,35.3557,113.8581,36.4153,12,nan,nan,nan
ROI_049/patch_16,3,374.9370,489.6911,368.5546,490.2556,371.9540,489.5322,370.2375,489.3717,10,nan,nan,nan
ROI_049/patch_16,4,408.2183,190.2022,400.5098,191.5711,401.2853,190.0202,402.3318,190.5084,13,nan,nan,nan
ROI_049/patch_16,5,314.5391,106.3379,308.1301,107.9065,309.0269,106.0210,308.5703,105.5598,11,nan,nan,nan
ROI_049/patch_16,6,187.2207,278.7489,184.1264,278.8804,186.6361,278.3105,185.2178,277.7857,11,nan,nan,nan
ROI_049/patch_16,7,477.9815,271.4188,470.6757,269.9497,470.1866,271.3413,471.5597,270.6630,10,nan,nan,nan
ROI_049/patch_17,0,314.4042,363.8077,317.6344,365.1378,317.0247,363.4773,315.3643,364.8600,10,nan,nan,nan
ROI_049/patch_17,1,126.2908,362.6676,135.2215,362.8576,133.4975,362.0332,134.1087,362.8490,12,nan,nan,nan
ROI_049/patch_17,2,241.4643,264.9339,242.5791,265.5707,245.9631,264.4516,243.4203,263.1156,12,nan,nan,nan
ROI_049/patch_17,3,142.3523,265.7402,148.2572,267.6965,149.2660,265.0983,149.5198,266.6929,10,nan,nan,nan
ROI_049/patch_17,4,372.4853,186.3005,377.5673,185.5410,373.8705,186.0026,375.9385,186.2768,6,nan,nan,nan
ROI_049/patch_17,5,421.7281,433.4142,421.6054,433.5830,421.6620,433.2810,421.4264,433.1517,12,nan,nan,nan
ROI_049/patch_17,6,367.0227,479.2149,366.7286,477.5289,368.2434,479.0092,369.0560,477.4355,10,nan,nan,nan
ROI_049/patch_17,7,238.3582,494.2034,244.6765,493.0245,242.6997,493.7952,242.9338,494.2331,4,nan,nan,nan
ROI_049/patch_19,0,322.0047,268.0409,325.0449,266.5208,324.6936,268.0016,323.8617,268.0357,10,nan,nan,nan
ROI_049/patch_19,1,357.7273,369.1281,355.4471,369.8881,359.8390,369.0571,358.6591,368.4121,12,nan,nan,nan
ROI_049/patch_19,2,90.7740,38.0901,100.8290,40.7848,98.7515,38.2067,98.2659,38.6832,9,nan,nan,nan
ROI_049/patch_19,3,94.4328,367.1515,104.6293,366.8479,103.5170,367.2276,105.4166,366.9405,10,nan,nan,nan
ROI_049/patch_19,4,394.9006,459.4014,397.2501,460.9046,396.3571,459.2991,396.3412,459.5042,13,nan,nan,nan
ROI_049/patch_19,5,34.8697,259.5547,44.7750,259.9653,45.1393,259.6766,45.2951,259.1730,9,nan,nan,nan
ROI_049/patch_19,6,425.5519,200.7335,423.0919,200.2061,425.2497,200.6443,424.7559,201.2643,10,nan,nan,nan
ROI_049/patch_19,7,305.2946,230.5551,307.0344,231.1713,308.2894,230.5295,305.7989,230.6690,10,nan,nan,nan
ROI_049/patch_20,0,477.0557,427.6522,472.3054,430.1224,473.2816,427.2255,474.3579,428.3135,10,nan,nan,nan
ROI_049/patch_20,1,432.3854,123.2868,429.5444,121.3656,428.7548,122.7450,427.5643,122.8146,12,nan,nan,nan
ROI_049/patch_20,2,265.7729,104.8554,267.0910,104.4274,266.3495,104.4071,264.8077,103.8399,12,nan,nan,nan
ROI_049/patch_20,3,241.6587,20.8966,242.7701,21.7248,242.5769,20.4238,242.6524,21.1714,12,nan,nan,nan
ROI_049/patch_20,4,473.9674,226.9148,466.7342,225.9098,469.6124,226.3960,468.3685,226.9601,10,nan,nan,nan
ROI_049/patch_20,5,57.4607,242.9228,63.8358,245.7011,63.8271,242.6669,63.5154,242.5846,8,nan,nan,nan
ROI_049/patch_20,6,180.7545,193.9407,186.3817,194.2904,183.8017,193.5862,181.6923,192.5605,9,nan,nan,nan
ROI_049/patch_20,7,125.0173,469.2925,127.5430,469.9339,130.3976,469.1010,124.9208,470.3009,12,nan,nan,nan
ROI_049/patch_21,0,66.6266,216.3572,76.5073,214.8371,78.3369,215.9997,77.5505,215.6413,13,nan,nan,nan
ROI_049/patch_21,1,66.6266,54.4657,77.6474,55.9858,77.2862,54.1848,77.2143,53.4235,11,nan,nan,nan
ROI_049/patch_21,2,442.4786,239.2215,446.3277,237.2112,442.2924,238.9257,443.6420,237.4786,10,nan,nan,nan
ROI_049/patch_21,3,437.4665,66.1459,437.4823,68.5267,436.3176,65.9310,436.0896,66.8828,13,nan,nan,nan
ROI_049/patch_21,4,357.3840,209.1999,359.2705,207.9966,359.7299,208.9019,360.0307,208.3974,12,nan,nan,nan
ROI_049/patch_21,5,259.8909,185.2519,265.3344,185.8126,265.2058,184.9464,264.2417,185.6061,7,nan,nan,nan
ROI_049/patch_21,6,468.8342,145.8793,468.0021,144.9121,467.1976,145.6327,467.6322,145.7901,11,nan,nan,nan
ROI_049/patch_21,7,259.1991,436.4566,262.8611,430.7399,266.1664,436.0321,268.8085,437.2368,8,nan,nan,nan
ROI_049/patch_22,0,282.4819,64.3464,282.4819,64.3464,283.4686,63.6057,284.1696,63.4909,9,nan,nan,nan
ROI_049/patch_22,1,277.9216,299.9632,274.3113,299.7731,278.2300,299.6160,278.9697,300.0166,12,nan,nan,nan
ROI_049/patch_22,2,302.7805,445.0021,299.6334,443.5766,302.0833,444.9022,301.9090,444.0622,12,nan,nan,nan
ROI_049/patch_22,3,101.3630,216.4394,103.8453,214.0449,105.6993,215.9211,104.9879,215.4069,10,nan,nan,nan
ROI_049/patch_22,4,55.7794,156.6319,60.4188,162.7227,61.2814,156.0053,62.7993,156.9548,8,nan,nan,nan
ROI_049/patch_22,5,71.4141,52.3169,73.0520,51.3929,76.9270,51.5185,77.2555,50.7637,6,nan,nan,nan
ROI_049/patch_22,6,463.4729,408.4608,459.9426,409.0694,459.4801,408.3283,458.9757,408.5903,13,nan,nan,nan
ROI_049/patch_22,7,181.9264,468.9091,186.7505,469.8665,183.7196,468.8277,183.6485,469.3177,11,nan,nan,nan
ROI_049/patch_23,0,19.3610,120.0858,35.1525,117.7170,34.0800,119.5985,34.5848,118.5803,8,nan,nan,nan
ROI_049/patch_23,1,39.8899,413.8068,50.1544,412.2277,53.0739,413.6294,52.3776,413.8453,12,nan,nan,nan
ROI_049/patch_23,2,194.8218,183.7940,200.1732,184.8307,203.0717,183.4910,202.2629,183.3664,12,nan,nan,nan
ROI_049/patch_23,3,229.1283,136.6248,235.7040,137.4564,236.2755,136.2978,235.2693,136.4348,12,nan,nan,nan
ROI_049/patch_23,4,392.6058,240.0137,391.4472,238.5217,393.6061,239.9028,393.0362,239.6715,12,nan,nan,nan
ROI_049/patch_23,5,349.4897,402.4333,350.9940,402.6383,351.5956,402.4565,352.4531,402.7524,9,nan,nan,nan
ROI_049/patch_23,6,326.2460,330.3821,331.8860,328.0948,329.3817,330.3167,329.1320,328.6936,4,nan,nan,nan
ROI_049/patch_23,7,322.2548,110.3197,323.6122,110.0049,326.1319,110.0301,324.4979,110.7491,10,nan,nan,nan
ROI_049/patch_24,0,180.6347,173.0341,181.3947,170.9440,181.3104,172.8631,180.6114,171.7785,10,nan,nan,nan
ROI_049/patch_24,1,87.6071,407.2685,91.8013,409.9481,90.8374,407.3066,90.6437,407.6613,11,nan,nan,nan
ROI_049/patch_24,2,147.6336,44.5973,150.1627,44.2884,149.3421,44.4065,147.9108,44.2615,9,nan,nan,nan
ROI_049/patch_24,3,99.8836,234.9549,103.7929,235.2657,102.8613,234.9026,101.9277,236.0144,12,nan,nan,nan
ROI_049/patch_24,4,452.1520,292.8701,443.7260,293.4140,444.8913,292.4454,443.2207,293.3622,12,nan,nan,nan
ROI_049/patch_24,5,183.9907,292.5718,185.0632,290.2572,184.4978,292.4501,184.8017,292.8442,12,nan,nan,nan
ROI_049/patch_24,6,250.9792,24.4216,255.1165,25.5870,249.7062,24.1051,251.0456,24.4380,11,nan,nan,nan
ROI_049/patch_24,7,293.5017,179.0969,290.9736,176.6853,290.9045,178.8011,293.4799,179.9758,9,nan,nan,nan
ROI_049/patch_26,0,223.0413,129.9527,221.7088,127.6683,222.2790,129.6256,222.2647,129.8239,11,nan,nan,nan
ROI_049/patch_26,1,389.8020,36.2926,381.6163,37.4348,384.3120,35.4912,382.2506,36.3984,11,nan,nan,nan
ROI_049/patch_26,2,322.4657,280.3344,317.8244,281.1518,318.9278,279.8398,318.8677,280.2191,12,nan,nan,nan
ROI_049/patch_26,3,201.2524,443.0411,203.5126,444.3944,201.1707,442.9441,203.3762,443.4726,11,nan,nan,nan
ROI_049/patch_26,4,90.7925,160.0020,95.0168,158.8917,93.7702,160.0263,94.8612,159.0734,9,nan,nan,nan
ROI_049/patch_26,5,49.7779,405.2211,53.9574,406.4429,53.9648,405.4862,53.6396,405.2116,10,nan,nan,nan
ROI_049/patch_26,6,280.5903,202.1500,279.9758,200.9585,278.2182,201.7176,278.8256,201.3277,12,nan,nan,nan
ROI_049/patch_26,7,253.7652,368.2621,250.9756,368.8845,252.1853,367.9904,250.3817,367.3626,8,nan,nan,nan
ROI_049/patch_27,0,349.3667,69.6668,350.2692,69.9518,350.7614,69.1269,350.2586,69.1954,10,nan,nan,nan
ROI_049/patch_27,1,313.2252,239.7677,316.0290,237.5812,315.9449,239.2992,315.9465,239.5157,8,nan,nan,nan
ROI_049/patch_27,2,105.4561,330.1250,112.6998,327.8951,113.8437,329.6356,113.4100,328.7747,12,nan,nan,nan
ROI_049/patch_27,3,417.5799,327.0469,421.0238,328.6552,417.7441,326.6534,418.1383,326.6858,10,nan,nan,nan
ROI_049/patch_27,4,40.2191,74.6188,53.4585,73.4432,49.7630,73.9849,50.8460,73.2088,12,nan,nan,nan
ROI_049/patch_27,5,259.8514,16.2661,265.4266,13.8076,263.4853,15.6724,262.4374,16.2176,10,nan,nan,nan
ROI_049/patch_27,6,236.4420,361.5409,239.0333,359.9485,241.4504,361.1077,241.4817,361.7005,11,nan,nan,nan
ROI_049/patch_27,7,345.8769,191.0467,345.4230,192.1068,347.6300,190.5647,347.8598,190.8948,10,nan,nan,nan
ROI_049/patch_28,0,214.0771,346.3265,211.2269,344.9964,211.4260,345.7969,211.4396,346.2921,10,nan,nan,nan
ROI_049/patch_28,1,165.8627,399.8074,165.1081,401.1444,164.6522,399.2245,162.7546,399.4067,8,nan,nan,nan
ROI_049/patch_28,2,75.3351,395.4812,78.0612,395.7762,77.0295,394.9132,75.7411,396.1066,12,nan,nan,nan
ROI_049/patch_28,3,362.2789,225.8789,355.0016,224.5630,355.1157,225.4651,354.7552,224.7095,12,nan,nan,nan
ROI_049/patch_28,4,440.8526,151.9333,430.1468,149.8176,431.3165,151.5919,430.0881,152.5222,9,nan,nan,nan
ROI_049/patch_28,5,241.8658,18.6842,241.5538,17.6265,238.9510,18.5119,240.3835,17.1493,10,nan,nan,nan
ROI_049/patch_28,6,381.5518,65.4915,373.3151,66.2637,374.0781,65.2520,372.9182,64.3712,11,nan,nan,nan
ROI_049/patch_28,7,448.5847,55.9543,438.4016,58.4261,438.9844,55.7176,438.3629,56.9840,8,nan,nan,nan
ROI_049/patch_29,0,174.5543,210.2768,180.2547,211.0368,180.6945,209.8968,178.6041,210.3249,9,nan,nan,nan
ROI_049/patch_29,1,356.5512,104.0253,357.8748,104.9756,357.5060,104.0211,358.0611,103.0350,12,nan,nan,nan
ROI_049/patch_29,2,214.8448,371.7277,220.4189,373.3084,221.3056,371.2079,220.5763,371.2424,12,nan,nan,nan
ROI_049/patch_29,3,165.7020,51.0269,169.1431,51.8517,170.7892,50.8269,171.2864,49.2201,10,nan,nan,nan
ROI_049/patch_29,4,302.8890,125.4467,304.2409,124.1270,305.2941,125.3437,303.1651,125.5900,12,nan,nan,nan
ROI_049/patch_29,5,18.2751,174.1795,23.8141,174.0194,27.8571,173.6304,25.5439,174.0470,10,nan,nan,nan
ROI_049/patch_29,6,322.7143,370.6765,324.6062,371.9582,326.5933,370.3047,325.5519,371.3257,9,nan,nan,nan
ROI_049/patch_29,7,263.6461,38.3718,265.5921,38.3206,266.2961,38.3204,266.1455,38.4704,7,nan,nan,nan
ROI_049/patch_30,0,54.1332,69.3343,50.7130,71.4719,52.5634,69.6053,52.5353,70.1939,12,nan,nan,nan
ROI_049/patch_30,1,379.7558,484.0195,369.5142,483.4381,372.6822,483.6976,370.8701,482.3476,10,nan,nan,nan
ROI_049/patch_30,2,252.2451,443.7775,246.0921,446.6908,248.0182,443.5855,246.0991,443.9579,13,nan,nan,nan
ROI_049/patch_30,3,356.2877,403.4450,351.0169,404.4160,349.3237,403.2082,348.6975,403.3743,10,nan,nan,nan
ROI_049/patch_30,4,108.1942,84.1457,105.2111,84.2289,105.4047,84.3635,103.8185,83.8849,10,nan,nan,nan
ROI_049/patch_30,5,323.9265,185.1537,317.6828,185.3100,316.5072,185.1242,311.9846,185.5471,11,nan,nan,nan
ROI_049/patch_30,6,152.8784,208.4492,143.0458,211.4256,149.7152,208.5293,141.4259,210.8518,8,nan,nan,nan
ROI_049/patch_30,7,67.8654,233.6017,68.3469,231.3259,66.8944,233.7249,65.3707,233.6187,12,nan,nan,nan
ROI_049/patch_31,0,337.2058,104.6293,340.5310,103.7267,339.7301,104.3600,339.6476,104.2791,12,nan,nan,nan
ROI_049/patch_31,1,293.8106,428.4070,293.5192,427.1237,297.8590,427.8359,296.5377,428.6410,8,nan,nan,nan
ROI_049/patch_31,2,96.4079,219.9971,101.4484,223.9467,104.7031,219.9531,101.0915,220.6843,9,nan,nan,nan
ROI_049/patch_31,3,182.5089,319.5297,191.3018,321.3546,188.9656,319.2461,189.6044,319.2930,11,nan,nan,nan
ROI_049/patch_31,4,423.4611,13.3129,418.4651,13.3575,423.8383,13.0194,421.6707,13.0072,4,nan,nan,nan
ROI_049/patch_31,5,195.3756,4.7022,203.7586,4.0826,201.0306,4.7553,nan,nan,2,nan,nan,nan
ROI_049/patch_31,6,365.2028,366.4709,368.5033,366.2481,367.4960,365.8644,367.0337,366.1632,7,nan,nan,nan
ROI_049/patch_31,7,445.4706,289.5198,447.4419,289.8817,445.7786,288.8817,445.7378,289.3078,11,nan,nan,nan
ROI_049/patch_32,0,288.5623,420.0517,280.9618,420.0517,280.9586,420.5985,280.0623,420.4756,11,nan,nan,nan
ROI_049/patch_32,1,392.3097,236.4987,384.8517,238.4938,381.9765,236.9128,383.5420,237.4944,9,nan,nan,nan
ROI_049/patch_32,2,155.2100,473.3150,151.1657,471.6597,150.7234,473.9312,151.4143,473.6098,10,nan,nan,nan
ROI_049/patch_32,3,20.4784,242.2180,23.3758,240.4994,18.5307,242.7465,22.1928,242.2558,9,nan,nan,nan
ROI_049/patch_32,4,376.3752,410.9701,366.2963,411.2611,366.7746,411.4857,366.1123,412.5425,8,nan,nan,nan
ROI_049/patch_32,5,172.3821,289.8284,166.7113,291.9027,167.1158,290.3378,168.0233,290.3978,8,nan,nan,nan
ROI_049/patch_32,6,67.2648,401.1489,65.8596,402.0863,64.6040,401.7514,63.2800,403.1070,10,nan,nan,nan
ROI_049/patch_32,7,352.6606,146.9589,342.1093,147.5844,343.0285,147.3353,347.6961,145.5993,9,nan,nan,nan
ROI_049/patch_33,0,380.9564,94.0835,382.9872,93.3354,381.7408,93.5748,381.4306,93.8137,12,nan,nan,nan
ROI_049/patch_33,1,179.4623,30.6169,187.0591,29.8688,184.3681,30.4040,186.8176,29.8772,10,nan,nan,nan
ROI_049/patch_33,2,135.9003,112.3391,144.8023,111.6574,141.6189,112.2337,143.2767,111.3207,10,nan,nan,nan
ROI_049/patch_33,3,134.1524,466.2761,146.6334,465.1512,139.6164,466.3353,140.5199,464.6070,10,nan,nan,nan
ROI_049/patch_33,4,346.6643,339.3569,349.8952,338.9726,347.9404,339.0156,348.0250,340.1568,9,nan,nan,nan
ROI_049/patch_33,5,302.0740,211.2285,307.1849,208.8579,304.3556,210.9005,303.2654,211.3095,10,nan,nan,nan
ROI_049/patch_33,6,452.4654,152.9109,450.3777,152.8139,451.7575,152.3138,450.5107,152.1200,11,nan,nan,nan
ROI_049/patch_33,7,421.3763,470.3831,416.4558,469.8731,421.0362,469.9812,416.8216,469.3998,12,nan,nan,nan
ROI_049/patch_34,0,176.7394,303.0509,170.7540,303.4784,170.2073,303.3133,170.6957,304.3776,11,nan,nan,nan
ROI_049/patch_34,1,271.2224,311.3514,263.2312,312.1800,262.9368,311.6982,262.7772,312.8410,12,nan,nan,nan
ROI_049/patch_34,2,446.3541,177.1543,436.4340,177.5470,434.6590,177.7812,434.5796,177.5400,12,nan,nan,nan
ROI_049/patch_34,3,305.5726,398.4551,298.8736,398.6874,296.7392,398.7632,298.1466,400.3108,12,nan,nan,nan
ROI_049/patch_34,4,152.1268,82.2798,147.9177,83.0696,145.8184,82.7008,145.7025,83.1923,11,nan,nan,nan
ROI_049/patch_34,5,17.9187,38.1539,19.0409,40.9346,14.0665,38.4817,15.7258,39.3424,9,nan,nan,nan
ROI_049/patch_34,6,382.3608,209.2959,371.9382,209.1543,371.8935,209.8344,372.3418,210.2390,10,nan,nan,nan
ROI_049/patch_34,7,49.5186,337.5725,44.4366,338.4600,45.3962,337.6835,44.6900,338.7851,13,nan,nan,nan
ROI_049/patch_35,0,277.9216,36.9845,280.9618,36.2244,279.6576,36.4619,277.5916,37.6776,13,nan,nan,nan
ROI_049/patch_35,1,206.4765,147.1923,211.6069,145.6722,209.4627,146.7392,211.1069,146.1019,6,nan,nan,nan
ROI_049/patch_35,2,50.2235,432.5294,56.7485,430.8492,55.8411,432.2551,55.6856,431.5813,12,nan,nan,nan
ROI_049/patch_35,3,253.3195,465.4271,256.7505,465.4519,254.5802,465.1654,254.1037,466.1787,12,nan,nan,nan
ROI_049/patch_35,4,372.2700,199.4806,373.0797,199.6653,371.6405,199.0533,371.9704,198.8974,9,nan,nan,nan
ROI_049/patch_35,5,355.0851,264.2725,353.6501,263.5811,354.6674,263.8851,356.5167,263.4789,12,nan,nan,nan
ROI_049/patch_35,6,23.4159,108.3429,30.2513,109.8614,30.3506,107.8728,29.5119,108.0085,10,nan,nan,nan
ROI_049/patch_35,7,491.2781,238.5138,488.0347,238.6366,488.0497,238.1059,489.5058,186.9046,5,nan,nan,nan
ROI_049/patch_35,8,205.2657,385.6840,210.6093,384.6617,207.7241,385.3756,209.0905,385.7385,8,nan,nan,nan
ROI_049/patch_36,0,211.0368,268.0409,200.2061,268.8009,203.1320,268.4704,202.0721,267.8667,10,nan,nan,nan
ROI_049/patch_36,1,179.8019,209.0209,173.3598,209.0316,172.8830,209.4134,172.9255,208.4389,11,nan,nan,nan
ROI_049/patch_36,2,316.6513,155.6520,304.7969,157.5183,306.1530,156.1071,306.4452,155.2362,12,nan,nan,nan
ROI_049/patch_36,3,376.0793,375.9669,363.6877,377.2336,363.4489,376.5265,364.9869,376.6078,13,nan,nan,nan
ROI_049/patch_36,4,89.6861,237.4205,85.8227,238.5733,85.1402,237.7698,85.5858,237.3490,9,nan,nan,nan
ROI_049/patch_36,5,168.3922,393.2909,161.2333,393.9348,161.3449,393.7354,160.5789,394.5120,13,nan,nan,nan
ROI_049/patch_36,6,394.4637,279.5157,378.2444,279.6706,381.5643,280.0554,381.1269,280.9851,12,nan,nan,nan
ROI_049/patch_36,7,486.7787,438.1036,475.0672,436.5410,471.0029,438.7474,472.1498,438.3150,10,nan,nan,nan
ROI_049/patch_37,0,279.4417,123.6306,278.1116,121.3505,278.3061,123.3783,278.3271,123.1919,12,nan,nan,nan
ROI_049/patch_37,1,364.9551,159.3016,364.7701,158.3575,361.5582,159.0077,362.4877,159.2753,10,nan,nan,nan
ROI_049/patch_37,2,321.0897,422.0333,322.5913,421.9544,319.0228,421.4569,319.9111,421.2652,9,nan,nan,nan
ROI_049/patch_37,3,162.8554,383.4128,166.1378,382.1743,164.9895,382.8839,165.1865,382.6790,11,nan,nan,nan
ROI_049/patch_37,4,6.4187,401.7188,9.0257,400.8201,12.7403,401.1757,11.0139,400.0956,3,nan,nan,nan
ROI_049/patch_37,5,131.2451,27.5274,135.1826,29.2066,134.0078,27.3843,133.9880,26.9472,9,nan,nan,nan
ROI_049/patch_37,6,301.3889,502.8904,303.0809,502.3126,299.8968,502.2273,301.6466,503.3547,3,nan,nan,nan
ROI_049/patch_37,7,210.4149,162.4555,211.9687,162.5915,211.1456,162.1637,211.4998,162.2825,11,nan,nan,nan
ROI_049/patch_38,0,289.3224,242.9591,299.2031,242.9591,294.4068,242.8605,295.3375,243.7096,10,nan,nan,nan
ROI_049/patch_38,1,134.6514,261.9605,147.1923,261.5804,145.4225,261.7823,144.8823,262.5910,7,nan,nan,nan
ROI_049/patch_38,2,252.9211,14.8223,272.2473,13.6128,258.6374,14.4863,258.1650,13.1641,10,nan,nan,nan
ROI_049/patch_38,3,423.7799,241.6482,427.9946,241.4772,423.9670,241.6330,426.1582,241.6986,11,nan,nan,nan
ROI_049/patch_38,4,19.8589,243.9582,34.3131,244.4250,34.7529,243.6908,35.1850,243.6992,9,nan,nan,nan
ROI_049/patch_38,5,72.7252,29.7627,85.2222,31.1265,85.0448,29.3272,85.2531,30.0563,10,nan,nan,nan
ROI_049/patch_38,6,355.4574,454.3820,361.4555,454.5897,358.7771,454.5238,359.5587,453.7289,9,nan,nan,nan
ROI_049/patch_38,7,414.2727,20.8145,419.5972,19.5075,414.1351,20.5858,415.5445,20.4458,12,nan,nan,nan
ROI_049/patch_39,0,341.0061,125.9108,327.8951,126.1008,329.1031,125.9140,329.4349,126.5308,12,nan,nan,nan
ROI_049/patch_39,1,186.4020,439.7865,172.3407,443.2079,178.1678,440.3333,180.0769,440.4727,9,nan,nan,nan
ROI_049/patch_39,2,406.2697,498.9783,389.2037,500.1021,392.0496,499.7011,391.1214,498.3665,4,nan,nan,nan
ROI_049/patch_39,3,360.4833,420.8773,345.5752,421.7944,347.6096,421.4400,345.4075,421.6063,12,nan,nan,nan
ROI_049/patch_39,4,213.3763,103.2451,203.5829,101.8055,204.9303,103.1681,201.8799,103.0000,10,nan,nan,nan
ROI_049/patch_39,5,498.8102,115.2495,484.1759,116.2837,482.6917,115.2793,483.2095,114.8503,3,nan,nan,nan
ROI_049/patch_39,6,495.6200,258.5281,482.8890,261.1348,479.3694,258.8259,481.7890,259.6856,6,nan,nan,nan
ROI_049/patch_39,7,412.5960,378.9133,399.4764,379.7723,398.3887,379.4126,398.0929,379.3724,11,nan,nan,nan
ROI_049/patch_41,0,227.7580,99.3089,235.3586,100.0690,233.8337,99.1176,233.3036,99.4348,12,nan,nan,nan
ROI_049/patch_41,1,295.4028,485.4163,299.2031,485.7964,302.5170,484.8399,300.5752,484.9030,10,nan,nan,nan
ROI_049/patch_41,2,136.9950,244.7231,150.1651,253.6230,147.2665,244.2006,148.4580,245.6337,12,nan,nan,nan
ROI_049/patch_41,3,325.8680,27.3614,330.5946,26.4751,328.1263,27.4191,329.9007,27.4885,11,nan,nan,nan
ROI_049/patch_41,4,77.5053,83.7279,88.8315,89.7857,88.3678,83.3160,87.5845,83.3788,5,nan,nan,nan
ROI_049/patch_41,5,100.9446,406.2356,114.8202,406.4544,113.7567,405.4490,113.1286,405.6919,12,nan,nan,nan
ROI_049/patch_41,6,385.2323,352.4255,388.9381,352.8854,388.2858,352.1628,387.5558,351.3250,3,nan,nan,nan
ROI_049/patch_41,7,340.7989,252.2591,343.7796,251.8899,344.4630,252.0534,354.9051,250.9929,5,nan,nan,nan
ROI_049/patch_42,0,325.0449,43.4449,309.0838,43.4449,310.3062,43.7319,309.5455,44.2706,10,nan,nan,nan
ROI_049/patch_42,1,273.1713,42.8749,259.9178,42.4474,260.1196,43.1792,259.2168,43.5128,12,nan,nan,nan
ROI_049/patch_42,2,89.9822,315.1929,85.3946,314.9419,84.3117,315.8786,85.0677,316.5849,10,nan,nan,nan
ROI_049/patch_42,3,487.6935,411.0326,470.0370,410.6269,469.5633,411.6927,469.6846,412.3705,10,nan,nan,nan
ROI_049/patch_42,4,61.3688,122.9037,54.4557,122.3193,55.6327,123.3747,55.7745,122.3879,11,nan,nan,nan
ROI_049/patch_42,5,445.2659,377.7069,425.5032,376.0600,428.3450,378.3427,427.5284,377.7937,12,nan,nan,nan
ROI_049/patch_42,6,205.0009,188.2688,193.7417,185.8056,194.9246,188.7664,193.5063,187.6490,10,nan,nan,nan
ROI_049/patch_42,7,115.9054,388.7042,107.0250,389.1289,109.7718,389.4668,108.1173,388.8259,10,nan,nan,nan
ROI_049/patch_43,0,124.3907,126.6709,122.6806,124.3907,124.5435,126.4328,125.0098,124.6942,13,nan,nan,nan
ROI_049/patch_43,1,252.1561,92.8825,249.8734,94.6103,248.7356,92.8413,248.1393,93.5967,10,nan,nan,nan
ROI_049/patch_43,2,257.1024,338.6408,254.8362,338.6172,253.8074,338.3941,253.6149,337.9996,10,nan,nan,nan
ROI_049/patch_43,3,111.7152,364.2163,113.0104,365.9430,112.4727,363.7566,111.1178,363.6772,11,nan,nan,nan
ROI_049/patch_43,4,347.7532,264.3562,341.5295,262.0667,341.8691,264.2926,341.7374,263.8352,11,nan,nan,nan
ROI_049/patch_43,5,462.6121,341.0028,456.6642,339.5271,453.6299,341.0239,453.7993,341.0931,9,nan,nan,nan
ROI_049/patch_43,6,70.6435,181.4418,70.8333,182.2942,72.3429,181.0859,71.6169,181.3837,10,nan,nan,nan
ROI_049/patch_43,7,195.7578,468.8831,194.7999,468.3233,194.3003,468.4435,194.9813,469.1792,12,nan,nan,nan
ROI_049/patch_44,0,445.1335,182.9148,447.2236,185.5750,445.3023,182.5929,445.9819,183.5372,8,nan,nan,nan
ROI_049/patch_44,1,458.0617,499.7969,456.1409,498.4460,457.2844,499.7906,457.3631,500.4457,4,nan,nan,nan
ROI_049/patch_44,2,115.9850,72.2996,130.5899,72.0447,126.0083,72.0639,129.5568,72.6463,8,nan,nan,nan
ROI_049/patch_44,3,241.5768,106.8074,246.1641,106.4342,247.8538,106.5309,247.8120,106.4000,12,nan,nan,nan
ROI_049/patch_44,4,208.0692,486.8282,213.3859,488.5806,214.6494,486.9599,214.4942,487.5974,12,nan,nan,nan
ROI_049/patch_44,5,315.3015,294.5043,319.7258,295.3849,319.0797,294.3749,318.1082,294.7226,7,nan,nan,nan
ROI_049/patch_44,6,500.7316,218.8127,498.8209,219.7499,499.2051,218.4938,499.6890,219.3008,3,nan,nan,nan
ROI_049/patch_44,7,173.7856,146.9474,184.8143,148.9708,181.9796,146.7529,184.8094,146.5991,6,nan,nan,nan
ROI_049/patch_46,0,350.1267,417.7715,342.3362,416.8215,345.9511,417.5196,344.5610,415.4962,6,nan,nan,nan
ROI_049/patch_46,1,249.1155,264.7319,245.5130,265.1144,246.4147,264.7409,247.1695,265.5082,10,nan,nan,nan
ROI_049/patch_46,2,169.7219,42.7796,165.6217,42.9224,167.4334,43.0196,167.2065,40.8373,10,nan,nan,nan
ROI_049/patch_46,3,25.3409,461.0937,30.9171,460.2848,29.8396,461.5449,30.9426,461.5600,9,nan,nan,nan
ROI_049/patch_46,4,312.0065,225.5915,306.4236,223.5777,307.4001,225.4722,307.5094,224.4015,12,nan,nan,nan
ROI_049/patch_46,5,279.1021,32.7270,273.3414,34.1081,273.9256,32.7290,273.1111,33.6698,12,nan,nan,nan
ROI_049/patch_46,6,415.1491,210.8348,408.0808,206.0965,407.7807,210.4924,406.5412,209.8051,10,nan,nan,nan
ROI_049/patch_46,7,45.2674,214.9082,49.5560,217.7991,47.4452,215.3782,46.7132,214.7418,11,nan,nan,nan
ROI_049/patch_47,0,141.1119,150.9926,146.0522,150.0425,147.2195,150.6500,147.6528,150.8564,12,nan,nan,nan
ROI_049/patch_47,1,35.6318,6.5955,43.0469,6.3593,43.6142,6.0231,44.0508,5.8721,4,nan,nan,nan
ROI_049/patch_47,2,58.9332,279.3200,66.9106,279.2268,67.9040,279.0026,67.5388,279.2405,11,nan,nan,nan
ROI_049/patch_47,3,284.1714,359.6020,288.1165,359.2346,287.8106,359.5820,288.2516,358.6290,10,nan,nan,nan
ROI_049/patch_47,4,352.9390,352.1646,354.5508,353.7088,354.7643,352.2083,353.0897,352.4600,9,nan,nan,nan
ROI_049/patch_47,5,342.8555,128.8973,345.3579,131.2142,343.6401,128.7414,343.6068,128.2278,12,nan,nan,nan
ROI_049/patch_47,6,197.2083,39.5386,199.5688,38.9131,201.2225,39.1586,202.0652,38.7260,10,nan,nan,nan
ROI_049/patch_47,7,14.7525,446.5687,26.5398,445.9965,25.8349,446.3482,27.2601,446.0787,5,nan,nan,nan
ROI_049/patch_48,0,467.9351,79.5475,449.5038,80.6876,454.4385,80.0237,453.2720,78.8749,10,nan,nan,nan
ROI_049/patch_48,1,354.2209,361.1936,344.1688,362.3337,342.9661,361.6476,341.4416,362.5653,12,nan,nan,nan
ROI_049/patch_48,2,159.2168,492.7315,150.6791,491.7045,151.5210,493.1253,151.4737,493.5870,7,nan,nan,nan
ROI_049/patch_48,3,234.1615,163.6188,225.1394,162.8716,224.8717,164.0183,226.8347,163.9770,12,nan,nan,nan
ROI_049/patch_48,4,301.6017,291.4980,288.3127,292.6080,291.2219,291.9291,247.7306,292.2254,8,nan,nan,nan
ROI_049/patch_48,5,455.8343,180.7859,443.8330,180.5333,442.6342,181.2642,442.4689,178.1509,6,nan,nan,nan
ROI_049/patch_48,6,448.2337,471.8899,431.3618,473.4954,435.4045,472.3839,433.0477,473.2006,8,nan,nan,nan
ROI_049/patch_48,7,95.0224,151.3823,88.4324,152.2349,88.1858,151.7321,88.8454,152.3203,12,nan,nan,nan
ROI_049/patch_49,0,49.9054,72.7070,54.4657,70.9969,54.8770,72.5624,54.5668,72.2309,13,nan,nan,nan
ROI_049/patch_49,1,376.3785,188.1030,374.6475,190.2059,375.1477,187.7589,374.1166,189.7534,12,nan,nan,nan
ROI_049/patch_49,2,353.2182,54.1278,350.7611,54.0322,351.6279,53.5185,349.3811,55.0962,8,nan,nan,nan
ROI_049/patch_49,3,492.1095,301.8371,490.7682,304.2726,489.1429,301.5841,487.7401,303.0757,7,nan,nan,nan
ROI_049/patch_49,4,204.0834,391.5478,205.6790,390.6119,207.8061,391.8961,207.1602,391.7612,8,nan,nan,nan
ROI_049/patch_49,5,364.5938,508.0788,360.2992,508.8570,365.6471,508.4619,nan,nan,0,nan,nan,nan
ROI_049/patch_49,6,419.7378,351.7502,414.9103,351.3440,418.6259,351.7091,411.8120,352.5723,10,nan,nan,nan
ROI_049/patch_49,7,297.9280,449.4635,296.6711,448.2663,300.0251,449.8094,298.1022,448.8011,10,nan,nan,nan
ROI_049/patch_50,0,284.7621,448.9337,295.4028,446.2735,293.3999,448.9550,293.4984,448.5012,11,nan,nan,nan
ROI_049/patch_50,1,93.9410,161.7117,102.4808,160.0065,104.2378,161.6651,104.8454,161.2497,12,nan,nan,nan
ROI_049/patch_50,2,412.7762,186.7919,414.7270,186.4580,413.4891,186.6473,413.7524,186.9419,11,nan,nan,nan
ROI_049/patch_50,3,474.2023,192.9499,469.5813,193.4427,473.0887,192.7870,471.5533,193.6228,9,nan,nan,nan
ROI_049/patch_50,4,138.9949,354.1298,150.6964,352.7132,150.7661,354.1571,152.1044,354.0093,13,nan,nan,nan
ROI_049/patch_50,5,84.7338,460.2334,102.0419,460.0625,99.7891,460.3287,100.4494,460.1696,10,nan,nan,nan
ROI_049/patch_50,6,63.8918,210.1514,74.6484,210.6435,75.8527,210.1376,76.1615,210.5819,10,nan,nan,nan
ROI_049/patch_50,7,250.9606,131.3953,256.2245,129.6636,255.8985,131.2806,255.8901,130.3364,11,nan,nan,nan
ROI_049/patch_51,0,329.6053,486.9364,316.6843,484.6563,316.4886,486.9771,316.0377,485.6885,12,nan,nan,nan
ROI_049/patch_51,1,398.0101,395.7300,382.4290,400.1003,384.2714,395.8985,383.6703,396.6491,9,nan,nan,nan
ROI_049/patch_51,2,413.6120,152.9184,393.8298,153.2727,400.5582,153.1319,399.6784,152.6304,9,nan,nan,nan
ROI_049/patch_51,3,148.8557,492.2679,141.1752,494.9170,138.2603,491.9874,137.6497,493.5011,8,nan,nan,nan
ROI_049/patch_51,4,192.5320,288.2786,183.1682,288.5623,182.0822,288.0901,182.6252,287.4916,6,nan,nan,nan
ROI_049/patch_51,5,341.8239,52.4472,330.4898,53.6640,330.1535,52.5404,329.4677,53.1247,11,nan,nan,nan
ROI_049/patch_51,6,142.7157,55.1841,135.5812,56.5039,133.8343,54.9238,131.5071,57.2748,12,nan,nan,nan
ROI_049/patch_51,7,291.6917,411.5795,281.3749,412.1456,279.3887,411.5582,278.9570,411.8537,12,nan,nan,nan
ROI_049/patch_53,0,106.9094,127.4309,120.5904,127.4309,120.4283,127.2068,119.7284,127.0426,11,nan,nan,nan
ROI_049/patch_53,1,160.1132,58.2660,176.2644,57.8860,171.7572,58.1950,171.0364,58.0759,9,nan,nan,nan
ROI_049/patch_53,2,420.9175,113.2203,426.7529,112.2179,425.7881,113.3534,425.3069,113.7434,12,nan,nan,nan
ROI_049/patch_53,3,451.4001,451.6420,456.0619,451.6123,457.5154,451.3386,459.3772,452.3617,7,nan,nan,nan
ROI_049/patch_53,4,318.8153,55.3812,326.2384,54.6993,326.1148,55.4849,327.0797,55.2038,12,nan,nan,nan
ROI_049/patch_53,5,140.0710,398.8481,156.0459,398.7646,154.3506,398.2832,152.5397,398.3483,11,nan,nan,nan
ROI_049/patch_53,6,323.1254,340.5014,331.0031,339.3241,332.0563,340.2142,331.1982,340.4468,11,nan,nan,nan
ROI_049/patch_53,7,356.5054,195.1527,361.1505,195.4911,363.6346,195.1030,363.9034,194.5907,12,nan,nan,nan
ROI_049/patch_54,0,181.3947,369.1281,169.2339,369.8881,169.2974,369.5289,169.9070,370.7431,12,nan,nan,nan
ROI_049/patch_54,1,427.6522,107.6695,411.6911,108.6196,411.6567,107.7447,411.7303,108.0841,8,nan,nan,nan
ROI_049/patch_54,2,326.1561,87.7580,312.1569,88.2724,311.5074,87.9155,311.3497,86.8480,10,nan,nan,nan
ROI_049/patch_54,3,225.8119,300.2400,210.5466,300.9735,212.9672,300.5732,212.5590,301.5743,11,nan,nan,nan
ROI_049/patch_54,4,311.2671,412.8289,297.0403,413.2411,297.4834,413.1319,297.3583,412.6241,12,nan,nan,nan
ROI_049/patch_54,5,459.2229,269.0577,441.8814,268.4009,443.1242,269.1706,441.8693,268.5558,10,nan,nan,nan
ROI_049/patch_54,6,410.6173,198.3878,394.5994,195.9311,395.0392,198.5152,393.9639,200.0589,7,nan,nan,nan
ROI_049/patch_54,7,53.2005,399.1022,46.4476,398.7619,42.9164,399.6293,44.6621,400.0363,12,nan,nan,nan
ROI_049/patch_56,0,192.0355,129.7111,203.8163,129.1410,200.9600,129.6992,200.1091,129.9636,9,nan,nan,nan
ROI_049/patch_56,1,266.7298,401.4974,277.3693,400.3567,275.6446,401.2849,275.7987,400.1204,6,nan,nan,nan
ROI_049/patch_56,2,109.3451,113.1465,121.6222,114.2513,120.1017,113.1540,121.8093,113.8013,10,nan,nan,nan
ROI_049/patch_56,3,117.7641,42.2136,126.0472,42.1678,127.8689,42.2709,123.7904,47.3580,9,nan,nan,nan
ROI_049/patch_56,4,473.9734,449.1039,477.0104,450.9250,478.3356,448.8384,477.7732,449.1050,9,nan,nan,nan
ROI_049/patch_56,5,365.1617,377.1474,371.8550,375.8977,371.6134,376.9432,372.1188,376.3293,10,nan,nan,nan
ROI_049/patch_56,6,307.2779,468.5806,315.7305,469.2795,315.6720,468.3165,315.6845,467.2798,10,nan,nan,nan
ROI_049/patch_56,7,381.0317,176.7914,388.1881,178.7114,385.8279,176.7285,388.1221,176.3183,12,nan,nan,nan
ROI_049/patch_57,0,166.9537,239.9189,163.1534,239.9189,165.7848,240.4215,165.3945,240.9119,11,nan,nan,nan
ROI_049/patch_57,1,271.4611,147.1923,265.1907,149.2825,268.3436,147.6930,266.4258,149.1622,10,nan,nan,nan
ROI_049/patch_57,2,202.0571,28.3036,197.1865,29.0514,200.5184,28.7317,199.8918,29.6077,12,nan,nan,nan
ROI_049/patch_57,3,436.2765,55.4395,434.1257,57.3251,429.9998,55.9595,431.7003,55.3365,11,nan,nan,nan
ROI_049/patch_57,4,278.6367,448.4226,277.0202,448.6314,274.9000,449.0490,276.3823,448.9132,12,nan,nan,nan
ROI_049/patch_57,5,103.4863,492.7621,103.8474,493.3889,103.1906,493.3462,105.8654,493.1140,6,nan,nan,nan
ROI_049/patch_57,6,427.9169,477.2011,422.3230,477.6758,421.1423,477.8908,420.5593,478.1373,12,nan,nan,nan
ROI_049/patch_57,7,397.4639,346.6982,389.8556,347.8527,391.5057,347.3240,391.0591,347.0101,9,nan,nan,nan
ROI_049/patch_59,0,200.3961,177.5945,199.6360,178.7345,197.9732,177.9594,198.1800,178.2220,12,nan,nan,nan
ROI_049/patch_59,1,24.6900,257.5961,27.7387,257.2127,26.7617,258.2239,26.7497,257.9023,11,nan,nan,nan
ROI_049/patch_59,2,183.7867,475.3790,180.2547,474.5856,185.0089,476.1661,183.5090,475.6277,12,nan,nan,nan
ROI_049/patch_59,3,232.0947,506.0095,232.4677,508.5464,232.6651,506.7963,nan,nan,0,nan,nan,nan
ROI_049/patch_59,4,404.8670,414.8409,403.6410,416.5719,400.8792,415.3521,402.1061,415.3866,8,nan,nan,nan
ROI_049/patch_59,5,319.4803,89.4244,314.5821,89.9692,313.6345,89.5646,313.4811,90.0974,10,nan,nan,nan
ROI_049/patch_59,6,385.7430,32.0943,380.7991,31.1913,377.9008,32.0982,378.6937,32.2393,10,nan,nan,nan
ROI_049/patch_59,7,135.6318,327.1751,133.0667,327.1508,136.1981,327.8013,135.3468,328.0068,10,nan,nan,nan
ROI_049/patch_60,0,190.5154,105.3893,195.4557,106.7194,198.4501,105.0885,197.2745,105.4594,12,nan,nan,nan
ROI_049/patch_60,1,167.3016,159.2004,173.0040,158.8159,175.9623,158.8854,172.2854,157.9738,6,nan,nan,nan
ROI_049/patch_60,2,265.3626,488.0008,272.6012,487.6965,270.6131,487.8142,274.1343,487.8195,7,nan,nan,nan
ROI_049/patch_60,3,90.9937,348.7093,104.6293,350.5067,102.0328,348.3492,101.7716,347.9395,11,nan,nan,nan
ROI_049/patch_60,4,301.8666,267.1300,308.1197,267.0061,306.0598,266.9489,304.4558,267.4506,8,nan,nan,nan
ROI_049/patch_60,5,487.1910,272.4048,488.4359,269.7018,485.3200,272.3907,488.9259,270.6199,12,nan,nan,nan
ROI_049/patch_60,6,370.0756,104.2523,370.3469,103.5701,372.1387,104.1124,370.6494,104.6420,10,nan,nan,nan
ROI_049/patch_60,7,479.6091,58.5306,475.5453,57.1995,478.1183,58.4834,477.8942,58.3836,9,nan,nan,nan
ROI_049/patch_61,0,53.7057,184.4350,53.1356,183.2949,56.2961,184.8338,53.7741,184.3556,12,nan,nan,nan
ROI_049/patch_61,1,76.3937,436.2231,81.3464,438.3204,79.6720,436.7176,80.5682,437.7246,9,nan,nan,nan
ROI_049/patch_61,2,276.2111,285.7770,275.2985,285.8707,274.4270,286.3042,273.9873,286.6816,11,nan,nan,nan
ROI_049/patch_61,3,309.9824,208.7592,310.2603,208.3788,307.1004,209.2743,307.3268,208.6205,12,nan,nan,nan
ROI_049/patch_61,4,453.1732,214.6372,448.3448,214.6324,447.1974,215.2146,446.8272,215.1372,12,nan,nan,nan
ROI_049/patch_61,5,272.5842,38.8961,271.4144,39.5674,269.7198,39.3374,268.8129,39.5440,9,nan,nan,nan
ROI_049/patch_61,6,488.3734,84.0422,483.8040,84.5236,481.0170,84.5898,483.4014,84.3751,9,nan,nan,nan
ROI_049/patch_61,7,50.8739,288.8183,54.4002,290.4965,54.0162,289.2517,52.6382,288.8160,5,nan,nan,nan
ROI_049/patch_63,0,231.5583,122.8706,228.7081,124.9607,232.0747,123.1467,230.8541,123.6090,10,nan,nan,nan
ROI_049/patch_63,1,186.3331,157.1524,185.2000,159.4334,188.1427,157.3871,186.8490,156.4323,11,nan,nan,nan
ROI_049/patch_63,2,252.8133,311.1813,255.1539,313.2374,252.9098,311.6665,251.9027,311.0347,12,nan,nan,nan
ROI_049/patch_63,3,263.7152,383.8826,265.5321,383.4296,263.5743,384.4528,263.5142,384.0246,10,nan,nan,nan
ROI_049/patch_63,4,33.9564,425.5675,40.8439,426.0915,40.2638,425.8039,41.4925,425.7946,12,nan,nan,nan
ROI_049/patch_63,5,55.0511,56.4596,62.2286,56.7459,60.4308,56.3881,60.7079,56.5956,12,nan,nan,nan
ROI_049/patch_63,6,429.1215,166.0683,424.6318,168.7588,424.1657,166.7047,424.3174,167.0712,9,nan,nan,nan
ROI_049/patch_63,7,469.8874,449.4624,464.2695,452.1323,464.0548,450.4276,464.2612,450.2687,12,nan,nan,nan
ROI_049/patch_64,0,384.3291,71.1869,382.4290,69.8568,386.4083,71.0185,386.1480,71.2215,9,nan,nan,nan
ROI_049/patch_64,1,306.3629,133.0974,311.5116,134.0534,310.4741,132.9351,311.3962,133.3364,11,nan,nan,nan
ROI_049/patch_64,2,76.4268,176.3498,85.7704,175.2357,86.9466,176.1296,87.3336,176.1197,11,nan,nan,nan
ROI_049/patch_64,3,61.5031,40.3775,72.1019,39.6220,72.8531,40.0781,73.3812,40.2417,12,nan,nan,nan
ROI_049/patch_64,4,333.5391,20.5230,336.9138,19.2382,337.2136,20.3090,337.4861,19.3423,7,nan,nan,nan
ROI_049/patch_64,5,113.8141,294.8653,124.3231,295.5832,122.9171,294.7228,123.5983,294.4139,10,nan,nan,nan
ROI_049/patch_64,6,44.3821,457.0498,58.0409,455.9873,54.9751,456.9710,56.5903,456.5449,11,nan,nan,nan
ROI_049/patch_64,7,300.8032,417.8767,304.0748,420.2977,304.2224,417.8673,303.3733,418.5477,9,nan,nan,nan
ROI_049/patch_65,0,316.6843,19.5032,309.8439,19.6933,312.6426,19.4646,311.1051,20.3634,11,nan,nan,nan
ROI_049/patch_65,1,485.8806,118.1643,475.6186,117.5940,474.5735,118.9877,475.7172,118.6252,11,nan,nan,nan
ROI_049/patch_65,2,444.8610,7.3546,440.4727,6.5452,436.3046,7.8696,436.4872,7.8712,4,nan,nan,nan
ROI_049/patch_65,3,395.5511,163.5017,384.3111,165.3535,387.0070,163.9769,385.7054,164.6172,12,nan,nan,nan
ROI_049/patch_65,4,352.6882,221.9699,344.3538,223.0535,345.0344,222.3222,344.4604,223.7260,10,nan,nan,nan
ROI_049/patch_65,5,282.6786,402.3757,276.9738,404.2647,275.5122,402.6242,276.1403,403.9856,10,nan,nan,nan
ROI_049/patch_65,6,86.5646,431.4913,89.9565,428.8660,86.1859,430.9046,135.9319,431.0184,9,nan,nan,nan
ROI_049/patch_65,7,433.1733,478.5379,417.2350,478.9656,419.6767,479.5398,418.2045,479.9207,9,nan,nan,nan
ROI_049/patch_66,0,432.9726,273.3613,437.5329,275.0714,432.4245,273.2309,435.0007,274.3984,12,nan,nan,nan
ROI_049/patch_66,1,271.9034,148.2633,277.9889,151.4986,275.7129,148.1604,276.8084,147.8290,11,nan,nan,nan
ROI_049/patch_66,2,143.7509,313.0179,146.8229,311.6430,147.7327,312.7580,147.6879,313.3297,9,nan,nan,nan
ROI_049/patch_66,3,232.1161,275.6777,239.0966,276.5638,235.0284,275.4744,237.6837,274.7867,10,nan,nan,nan
ROI_049/patch_66,4,122.8287,138.3455,128.9020,139.1064,129.3516,138.1964,130.4152,138.6220,11,nan,nan,nan
ROI_049/patch_66,5,181.6876,15.6370,189.7051,15.3229,188.7178,15.5919,187.7386,16.4264,10,nan,nan,nan
ROI_049/patch_66,6,397.7148,62.6987,399.5992,63.9309,400.4055,62.6984,398.9682,62.5969,10,nan,nan,nan
ROI_049/patch_66,7,300.8453,504.2572,301.9415,504.3034,299.7139,503.9236,nan,nan,1,nan,nan,nan
ROI_049/patch_67,0,245.9993,488.4565,229.2781,488.4565,233.5438,488.7874,230.3934,489.3602,9,nan,nan,nan
ROI_049/patch_67,1,453.4941,403.3305,438.1030,404.8506,436.8430,404.2402,437.9366,404.8776,10,nan,nan,nan
ROI_049/patch_67,2,391.2820,163.5146,377.1766,162.8448,376.9356,163.9236,378.6910,163.2212,12,nan,nan,nan
ROI_049/patch_67,3,261.1322,92.3267,249.3014,92.2070,249.9089,92.2190,251.7457,92.8557,9,nan,nan,nan
ROI_049/patch_67,4,411.8802,16.9347,401.7773,20.4202,397.6623,17.2309,398.5512,18.4983,10,nan,nan,nan
ROI_049/patch_67,5,85.3680,329.5487,89.9026,330.6268,77.0472,329.1541,86.8316,329.4584,12,nan,nan,nan
ROI_049/patch_67,6,117.2793,458.0475,103.6109,460.7389,107.7547,457.9166,104.8439,458.7983,12,nan,nan,nan
ROI_049/patch_67,7,454.8174,129.5913,436.8237,131.1356,439.2174,130.1679,437.4262,131.0442,8,nan,nan,nan
ROI_049/patch_69,0,322.7648,174.5543,303.0034,176.0744,303.8221,175.3639,304.0276,175.6573,12,nan,nan,nan
ROI_049/patch_69,1,364.5677,339.4860,348.4166,342.3362,348.4875,340.2462,345.7992,340.3664,9,nan,nan,nan
ROI_049/patch_69,2,227.8474,477.5297,218.2053,476.4636,220.1869,477.7951,218.5095,477.2245,10,nan,nan,nan
ROI_049/patch_69,3,312.8692,485.7734,299.9619,488.1815,302.4422,486.2554,301.8010,486.6363,11,nan,nan,nan
ROI_049/patch_69,4,288.4377,66.3675,269.0951,66.8083,267.8598,67.1913,263.1266,67.2594,9,nan,nan,nan
ROI_049/patch_69,5,3.4914,325.6963,3.3499,327.7757,-0.2832,325.5163,nan,nan,2,nan,nan,nan
ROI_049/patch_69,6,479.7174,96.8888,462.0336,99.0229,453.2299,98.1883,459.4899,98.6190,9,nan,nan,nan
ROI_049/patch_69,7,436.9367,36.8825,413.0971,37.1224,410.3751,38.1271,416.1306,36.8224,7,nan,nan,nan
ROI_049/patch_71,0,102.3491,203.4363,87.1480,203.4363,85.6539,203.7545,85.1284,203.6536,10,nan,nan,nan
ROI_049/patch_71,1,73.4671,450.4538,59.0260,452.1640,57.6267,451.0921,58.6833,450.9576,9,nan,nan,nan
ROI_049/patch_71,2,243.5350,172.6744,221.4513,173.4697,222.8069,173.0815,222.0314,173.8332,9,nan,nan,nan
ROI_049/patch_71,3,444.5739,141.4961,416.6871,142.5622,418.1049,142.0473,417.7010,142.4892,11,nan,nan,nan
ROI_049/patch_71,4,479.9878,27.5090,450.0055,29.2107,452.4941,27.9332,452.3053,28.8348,10,nan,nan,nan
ROI_049/patch_71,5,350.9474,440.2723,331.0820,441.7859,327.1873,441.1557,329.5499,440.6798,11,nan,nan,nan
ROI_049/patch_71,6,58.6393,373.8407,44.3449,375.0525,43.2125,374.3575,43.4724,374.4578,9,nan,nan,nan
ROI_049/patch_71,7,331.5016,250.3541,306.3244,253.9734,308.2728,250.9525,306.7950,252.0368,10,nan,nan,nan
ROI_049/patch_72,0,160.8733,369.8881,156.3130,372.1683,159.5720,370.9194,158.4307,371.2958,10,nan,nan,nan
ROI_049/patch_72,1,41.5448,416.2514,40.0247,418.5316,37.3038,417.4936,41.8390,416.2137,12,nan,nan,nan
ROI_049/patch_72,2,137.3564,215.7839,136.5516,219.3974,135.1880,216.5530,137.1453,216.5064,12,nan,nan,nan
ROI_049/patch_72,3,267.7750,95.1237,268.8009,95.5086,268.6962,95.5321,272.7479,93.9347,10,nan,nan,nan
ROI_049/patch_72,4,286.0028,327.9356,284.7621,329.6053,287.7960,328.7582,283.6629,329.3082,12,nan,nan,nan
ROI_049/patch_72,5,103.5521,35.3772,98.5489,37.7445,100.2097,35.8458,83.5898,35.9876,8,nan,nan,nan
ROI_049/patch_72,6,62.3461,139.9147,53.1356,141.1119,58.1446,140.6209,55.0284,139.9696,12,nan,nan,nan
ROI_049/patch_72,7,355.8641,173.8217,360.3696,174.8547,359.1546,174.2845,361.6577,174.3087,11,nan,nan,nan
ROI_049/patch_73,0,471.7354,298.4430,467.1750,297.6830,474.0697,298.9478,470.2969,298.8528,12,nan,nan,nan
ROI_049/patch_73,1,387.3694,87.9081,366.8479,90.1883,368.3713,88.8406,367.4521,89.5625,12,nan,nan,nan
ROI_049/patch_73,2,202.0177,57.8084,178.3545,58.2660,172.6267,58.6604,178.2516,59.3526,12,nan,nan,nan
ROI_049/patch_73,3,124.4324,84.4240,104.6293,85.6279,93.9986,85.1499,103.6052,84.7022,11,nan,nan,nan
ROI_049/patch_73,4,103.1125,282.4418,86.3880,284.0020,88.4768,282.6831,86.4598,282.6088,8,nan,nan,nan
ROI_049/patch_73,5,15.5394,391.2300,2.2120,391.9297,6.3684,391.1432,nan,nan,2,nan,nan,nan
ROI_049/patch_73,6,361.9684,228.1689,354.8170,229.9944,353.7241,228.7498,353.2624,228.9627,12,nan,nan,nan
ROI_049/patch_73,7,239.5485,306.3242,234.2032,307.4527,232.7087,306.6207,234.5918,307.2302,10,nan,nan,nan
ROI_049/patch_74,0,344.8063,151.7526,363.0476,154.0328,361.6665,152.0202,363.0224,152.8182,12,nan,nan,nan
ROI_049/patch_74,1,431.4525,21.0233,443.6134,22.5435,445.5648,21.2167,443.1602,20.9284,12,nan,nan,nan
ROI_049/patch_74,2,354.0503,435.1816,360.7675,435.2528,361.7436,435.3048,361.8115,435.9018,10,nan,nan,nan
ROI_049/patch_74,3,318.8945,72.3922,331.8854,70.4269,340.1111,72.7364,334.5056,72.6869,10,nan,nan,nan
ROI_049/patch_74,4,301.7403,113.1924,320.4846,112.2298,323.0558,113.5445,322.1867,113.2153,11,nan,nan,nan
ROI_049/patch_74,5,436.8964,469.2130,440.7632,471.3553,437.2170,469.1921,481.1087,468.6517,7,nan,nan,nan
ROI_049/patch_74,6,17.3288,125.9029,41.4467,123.5831,60.0893,126.6900,41.0475,124.5493,10,nan,nan,nan
ROI_049/patch_74,7,81.4020,264.6453,100.4914,268.6701,115.1058,265.2694,127.2069,265.0150,11,nan,nan,nan
ROI_049/patch_75,0,81.0676,41.5448,85.6279,41.5448,86.1482,41.7857,82.9306,41.4224,12,nan,nan,nan
ROI_049/patch_75,1,141.1119,270.3211,146.4323,270.3211,139.7129,270.3355,144.7531,270.3883,10,nan,nan,nan
ROI_049/patch_75,2,448.1327,447.4633,426.8922,447.4136,427.3849,447.6383,427.9239,447.4072,10,nan,nan,nan
ROI_049/patch_75,3,392.7742,453.5329,374.4484,453.4941,374.9873,453.6285,374.7395,454.4578,12,nan,nan,nan
ROI_049/patch_75,4,276.9133,58.3025,277.9216,59.7861,270.9878,58.7736,278.7353,58.3976,10,nan,nan,nan
ROI_049/patch_75,5,495.8751,160.7126,470.9753,161.6333,476.4825,161.3299,474.6118,160.8800,6,nan,nan,nan
ROI_049/patch_75,6,54.1852,189.8842,53.7057,189.7553,58.6849,189.8935,54.6831,190.7476,12,nan,nan,nan
ROI_049/patch_75,7,253.9884,101.6407,242.1991,102.3491,248.7222,102.0247,247.5936,101.2437,12,nan,nan,nan
ROI_049/patch_77,0,416.7146,138.0360,400.3615,138.5704,401.1520,138.1992,399.3945,137.9821,12,nan,nan,nan
ROI_049/patch_77,1,147.2669,62.3104,129.0593,61.2756,128.8632,62.9784,133.6776,62.0971,10,nan,nan,nan
ROI_049/patch_77,2,373.2087,40.7400,353.6916,39.3402,356.3821,41.0465,355.7109,40.4282,12,nan,nan,nan
ROI_049/patch_77,3,347.5953,350.1274,335.3646,350.7632,333.4954,350.2517,334.8208,351.3426,13,nan,nan,nan
ROI_049/patch_77,4,275.7378,495.4711,270.0111,495.6746,262.4472,495.6097,268.6680,495.9151,6,nan,nan,nan
ROI_049/patch_77,5,80.1760,219.4037,74.3680,219.9074,62.7304,220.0694,75.5031,219.5873,12,nan,nan,nan
ROI_049/patch_77,6,179.9461,107.8749,163.5179,106.6297,162.2314,108.4552,162.7952,107.8043,9,nan,nan,nan
ROI_049/patch_77,7,188.1237,287.0242,177.0705,286.9133,172.1692,287.4605,179.1414,287.7568,10,nan,nan,nan
ROI_049/patch_80,0,280.0205,391.1696,262.5393,392.6897,264.0052,391.3164,266.4180,392.2494,10,nan,nan,nan
ROI_049/patch_80,1,294.4616,502.8976,269.1898,504.2277,279.0000,502.8322,269.8875,504.5253,3,nan,nan,nan
ROI_049/patch_80,2,98.7046,238.3000,104.8411,239.0851,93.4427,238.6890,106.2652,239.0246,12,nan,nan,nan
ROI_049/patch_80,3,34.8690,364.8498,51.6013,365.6899,35.9479,364.9748,49.0668,365.7226,11,nan,nan,nan
ROI_049/patch_80,4,343.4562,68.1710,312.1187,68.7878,318.3459,68.9623,316.8384,68.9297,11,nan,nan,nan
ROI_049/patch_80,5,417.2035,480.4983,391.5727,480.5735,392.6793,480.5128,390.2875,481.1917,10,nan,nan,nan
ROI_049/patch_80,6,361.2705,296.5038,335.8021,297.6001,338.1252,296.8581,336.1938,297.4883,12,nan,nan,nan
ROI_049/patch_80,7,120.6488,14.9221,114.9507,14.9781,110.6592,15.7504,115.2466,15.3710,7,nan,nan,nan
ROI_049/patch_80,8,309.2147,16.6937,279.4486,18.0252,285.8149,17.5745,278.1857,17.1515,6,nan,nan,nan
ROI_049/patch_82,0,197.3559,356.2072,166.9537,357.7273,173.9928,356.9791,172.1391,356.7441,13,nan,nan,nan
ROI_049/patch_82,1,176.8344,206.4765,156.8830,207.4266,154.6822,206.9450,154.6142,206.9981,7,nan,nan,nan
ROI_049/patch_82,2,463.2417,400.7974,432.2999,400.2120,431.1733,401.5893,431.4838,401.3550,12,nan,nan,nan
ROI_049/patch_82,3,262.5498,460.1669,241.5604,462.4448,236.7095,461.1358,237.1687,461.0138,10,nan,nan,nan
ROI_049/patch_82,4,102.5480,433.8982,82.1394,435.3695,81.9442,434.8562,81.8586,435.4442,10,nan,nan,nan
ROI_049/patch_82,5,252.4276,95.2903,229.4589,94.8352,228.2566,95.5088,229.0272,96.2655,11,nan,nan,nan
ROI_049/patch_82,6,39.4463,100.0718,23.7598,99.5430,22.0994,100.3578,23.8484,100.6743,9,nan,nan,nan
ROI_049/patch_82,7,298.1841,284.3129,271.7878,285.7482,271.8470,284.9092,272.0432,284.6505,12,nan,nan,nan
ROI_049/patch_83,0,367.6080,334.9256,331.1254,337.9659,332.4109,336.1747,330.5786,337.2291,13,nan,nan,nan
ROI_049/patch_83,1,454.2541,379.7688,416.6314,381.4789,414.4836,380.9399,414.9238,381.5214,10,nan,nan,nan
ROI_049/patch_83,2,346.4959,32.0046,318.2545,34.1179,316.0257,33.2478,318.6329,32.4471,8,nan,nan,nan
ROI_049/patch_83,3,196.5032,408.9335,170.8246,411.4773,168.3264,410.3503,168.9211,410.4390,12,nan,nan,nan
ROI_049/patch_83,4,285.6198,400.5431,252.3694,402.3107,253.4136,401.8751,253.5301,402.2075,12,nan,nan,nan
ROI_049/patch_83,5,457.8167,106.9529,423.6210,107.6746,421.2562,108.0974,421.5175,108.3130,12,nan,nan,nan
ROI_049/patch_83,6,309.9154,216.5352,277.8313,219.7539,278.8588,217.8286,277.1731,218.3631,12,nan,nan,nan
ROI_049/patch_83,7,273.2142,120.5861,251.7530,124.5800,245.0469,121.9060,251.8657,122.2466,6,nan,nan,nan
ROI_049/patch_84,0,327.3251,43.8250,297.6830,45.3451,298.3867,44.5391,297.7955,44.1742,10,nan,nan,nan
ROI_049/patch_84,1,184.4350,125.1507,163.1534,126.6709,159.1697,125.8143,164.5295,126.1576,12,nan,nan,nan
ROI_049/patch_84,2,55.6393,305.4519,30.1440,306.0436,33.2858,306.0754,33.5855,306.5793,11,nan,nan,nan
ROI_049/patch_84,3,42.2486,378.2224,20.2633,379.0088,19.9963,378.8444,20.2798,379.9247,8,nan,nan,nan
ROI_049/patch_84,4,320.5929,486.6083,292.9327,488.8366,290.1903,487.3425,289.8611,487.5921,9,nan,nan,nan
ROI_049/patch_84,5,322.3802,380.1642,294.2628,381.0514,292.3249,380.8936,292.2199,380.9958,13,nan,nan,nan
ROI_049/patch_84,6,282.4614,176.1436,253.8171,176.4538,254.2780,176.8474,252.9977,177.1278,9,nan,nan,nan
ROI_049/patch_84,7,159.2697,346.6455,130.1089,345.9708,133.8787,347.3107,134.6600,347.8214,10,nan,nan,nan
ROI_049/patch_85,0,120.5904,77.2673,99.3089,80.3076,90.1051,79.0174,98.3641,79.3335,7,nan,nan,nan
ROI_049/patch_85,1,238.3988,101.5891,204.1964,103.1092,203.3291,103.2348,202.9855,104.2630,7,nan,nan,nan
ROI_049/patch_85,2,469.0612,83.8410,425.3721,86.3880,425.0751,85.3184,425.8880,85.9107,10,nan,nan,nan
ROI_049/patch_85,3,228.5635,242.4630,194.3157,242.9591,193.7464,244.0392,193.0433,244.5909,9,nan,nan,nan
ROI_049/patch_85,4,216.8879,469.7509,183.6749,472.4954,182.3158,471.2115,181.1726,471.1927,9,nan,nan,nan
ROI_049/patch_85,5,76.5390,219.5978,48.5753,220.5375,47.6300,221.3039,48.8771,221.8730,10,nan,nan,nan
ROI_049/patch_85,6,487.9782,288.3334,442.4037,288.9770,443.0732,289.6841,442.1885,290.8710,9,nan,nan,nan
ROI_049/patch_85,7,478.6205,200.2330,436.5155,202.7374,434.1582,201.6393,434.2684,202.1349,11,nan,nan,nan
ROI_049/patch_86,0,439.0530,108.4296,402.5704,108.4296,403.3766,109.2035,402.1920,108.9252,11,nan,nan,nan
ROI_049/patch_86,1,252.8398,21.7834,223.0077,23.4935,223.1178,22.4477,222.6800,22.9418,10,nan,nan,nan
ROI_049/patch_86,2,188.1192,209.8228,159.2653,211.0368,159.6512,210.5290,158.5888,210.5624,13,nan,nan,nan
ROI_049/patch_86,3,309.3131,350.3694,276.4734,352.1440,276.6552,351.1778,276.1828,351.7925,13,nan,nan,nan
ROI_049/patch_86,4,108.8015,455.2949,81.5000,456.1281,81.8142,456.0580,82.8185,455.8352,9,nan,nan,nan
ROI_049/patch_86,5,79.1736,171.1473,56.7305,174.3375,54.1443,171.7938,54.1841,172.3681,13,nan,nan,nan
ROI_049/patch_86,6,438.1145,199.4655,401.9851,202.3794,402.1261,200.2724,401.6122,201.2158,11,nan,nan,nan
ROI_049/patch_86,7,319.1139,488.9702,285.9071,491.4599,285.6416,489.8336,285.1910,490.7535,10,nan,nan,nan
ROI_049/patch_88,0,268.8009,89.4282,233.0784,92.4684,234.4678,90.5124,234.8912,90.9992,7,nan,nan,nan
ROI_049/patch_88,1,169.9939,246.7594,141.1119,249.0395,140.0549,247.6594,141.0025,247.8945,8,nan,nan,nan
ROI_049/patch_88,2,313.5499,390.2805,278.6816,389.6495,280.0469,391.1637,279.6558,391.1522,9,nan,nan,nan
ROI_049/patch_88,3,424.3772,233.8330,385.0892,234.5985,386.0974,234.9075,386.4989,235.7382,12,nan,nan,nan
ROI_049/patch_88,4,46.2073,359.9086,19.5032,360.9575,21.1368,360.6420,19.8805,361.1431,11,nan,nan,nan
ROI_049/patch_88,5,462.2528,424.0524,422.7988,425.3721,424.1873,425.0061,424.9898,424.1389,11,nan,nan,nan
ROI_049/patch_88,6,62.3085,105.5709,29.8374,106.9163,34.7887,106.5092,34.6657,105.1543,10,nan,nan,nan
ROI_049/patch_88,7,303.7161,502.8889,270.8259,507.6614,271.3852,503.6797,nan,nan,2,nan,nan,nan
ROI_049/patch_90,0,147.1923,178.3545,117.5502,179.8746,116.7251,179.0242,116.6689,179.2402,10,nan,nan,nan
ROI_049/patch_90,1,72.7070,492.2568,43.2549,492.6368,44.0464,493.0112,44.5855,493.6194,7,nan,nan,nan
ROI_049/patch_90,2,256.9164,392.9917,229.8727,396.8140,223.0316,393.7519,225.6590,395.5627,10,nan,nan,nan
ROI_049/patch_90,3,307.3081,482.6327,290.7237,485.1781,271.8637,483.4317,289.6779,483.5652,9,nan,nan,nan
ROI_049/patch_90,4,492.2392,234.3675,451.1090,237.9772,451.7161,235.1251,451.9975,234.9366,8,nan,nan,nan
ROI_049/patch_90,5,274.8757,180.9153,240.5420,183.0300,240.7076,181.6118,241.0979,180.7399,10,nan,nan,nan
ROI_049/patch_90,6,127.1256,255.2578,96.4198,255.5924,97.1536,255.9479,94.7534,255.7397,6,nan,nan,nan
ROI_049/patch_90,7,375.7068,43.3030,337.6372,45.1617,338.7721,43.9761,338.8263,44.9597,12,nan,nan,nan
ROI_049/patch_91,0,198.1159,420.0517,169.9939,421.5718,158.0366,421.6238,167.2610,421.6671,10,nan,nan,nan
ROI_049/patch_91,1,461.0946,464.1348,413.9713,464.8949,410.9302,465.5092,414.5982,465.0020,12,nan,nan,nan
ROI_049/patch_91,2,378.7399,151.6654,331.8854,154.7928,332.9960,152.9664,332.0069,153.0996,11,nan,nan,nan
ROI_049/patch_91,3,356.8410,97.2767,310.0339,98.3588,312.1511,98.5712,310.4327,98.8461,10,nan,nan,nan
ROI_049/patch_91,4,384.8777,458.3457,340.5742,460.9687,337.6067,459.7805,340.0905,459.5210,11,nan,nan,nan
ROI_049/patch_91,5,427.6678,121.2965,381.6516,124.6265,380.2105,122.5432,379.8621,123.6043,8,nan,nan,nan
ROI_049/patch_91,6,277.9310,286.8203,236.5794,291.0700,235.4104,288.2661,226.2720,287.8554,8,nan,nan,nan
ROI_049/patch_91,7,392.3296,235.7139,343.9110,238.3224,345.7189,237.0417,342.4929,237.5792,10,nan,nan,nan
ROI_049/patch_93,0,49.9054,117.5502,38.5046,119.0703,35.0600,118.9864,37.8831,119.2904,13,nan,nan,nan
ROI_049/patch_93,1,71.1869,73.4671,58.2660,73.4671,48.7851,74.9268,56.6989,74.9415,11,nan,nan,nan
ROI_049/patch_93,2,86.9938,199.9816,81.4476,200.9661,83.5908,201.2837,81.3728,201.2169,10,nan,nan,nan
ROI_049/patch_93,3,339.5992,206.4114,348.9137,209.6409,328.3604,207.4107,347.6835,207.6290,10,nan,nan,nan
ROI_049/patch_93,4,413.3085,411.6425,428.4381,413.7830,431.2094,412.3300,432.4341,411.8134,11,nan,nan,nan
ROI_049/patch_93,5,386.6221,129.9645,370.9593,130.4124,361.9256,130.9928,374.8049,131.3280,13,nan,nan,nan
ROI_049/patch_93,6,205.3519,81.4809,181.1935,82.3402,179.4989,82.7747,177.0819,83.2636,5,nan,nan,nan
ROI_049/patch_93,7,255.2583,172.7763,258.4369,174.1145,241.7696,173.9113,258.0394,174.8867,9,nan,nan,nan
ROI_049/patch_96,0,385.0892,74.9872,404.8506,74.9872,405.8654,75.5628,405.1103,75.1603,10,nan,nan,nan
ROI_049/patch_96,1,177.5945,195.0757,204.9564,195.8358,201.7002,195.3730,205.1075,194.8326,12,nan,nan,nan
ROI_049/patch_96,2,422.0244,148.4837,458.0544,147.9524,459.1514,148.9111,459.0763,149.6470,10,nan,nan,nan
ROI_049/patch_96,3,393.8335,304.9379,457.4843,301.8633,456.4404,305.0353,457.8680,304.2155,11,nan,nan,nan
ROI_049/patch_96,4,246.2261,249.7601,281.9947,248.4695,286.0904,249.9526,283.5282,249.9880,9,nan,nan,nan
ROI_049/patch_96,5,309.8182,421.7611,369.8128,424.0420,385.9529,421.6036,369.8917,421.7697,11,nan,nan,nan
ROI_049/patch_96,6,363.3042,410.6202,430.8071,409.7910,442.1192,410.4931,435.1841,411.0486,10,nan,nan,nan
ROI_049/patch_96,7,235.0697,94.2639,251.4546,94.7650,246.1897,94.7791,252.2359,94.5121,11,nan,nan,nan
ROI_049/patch_98,0,106.9094,72.7070,161.6333,74.9872,160.8964,72.8003,160.9375,72.5995,11,nan,nan,nan
ROI_049/patch_98,1,131.2312,11.9027,182.1548,14.1829,179.2412,12.0401,179.3868,12.6770,5,nan,nan,nan
ROI_049/patch_98,2,273.7550,160.3509,339.8660,163.1534,342.0541,160.0317,339.8148,160.4946,10,nan,nan,nan
ROI_049/patch_98,3,345.0756,141.4871,416.8510,143.1148,413.3199,141.0714,416.2044,142.4793,10,nan,nan,nan
ROI_049/patch_98,4,296.8666,364.5062,380.7209,365.3697,388.1897,363.8580,381.2874,364.6612,7,nan,nan,nan
ROI_049/patch_98,5,336.9940,28.4235,393.2047,27.8920,392.6205,28.1820,394.9990,26.6624,6,nan,nan,nan
ROI_049/patch_98,6,187.8860,115.6713,241.6133,111.9615,248.8659,115.5638,241.4553,115.3271,10,nan,nan,nan
ROI_049/patch_98,7,142.8558,115.4196,196.2456,112.7916,202.5376,115.3903,198.5257,115.3434,10,nan,nan,nan
ROI_049/patch_99,0,100.8290,58.2660,250.5596,56.7459,247.7822,58.0000,248.9082,58.1813,10,nan,nan,nan
ROI_049/patch_99,1,187.4752,325.8050,306.0436,322.7648,309.8024,325.6725,175.2170,324.7777,9,nan,nan,nan
ROI_049/patch_99,2,234.3307,144.3221,374.0684,144.9121,372.8285,143.7898,373.1934,143.4704,12,nan,nan,nan
ROI_049/patch_99,3,144.4279,292.2031,274.3113,292.5526,270.0107,292.1479,272.4832,291.5191,11,nan,nan,nan
ROI_049/patch_99,4,85.0555,267.5379,215.1759,267.2770,213.1686,267.6209,215.5537,266.9103,8,nan,nan,nan
ROI_049/patch_99,5,283.1653,133.3819,430.7391,132.7082,422.4051,132.6908,431.7064,133.3220,11,nan,nan,nan
ROI_049/patch_99,6,329.6378,451.3853,440.5777,450.8564,439.8925,451.0184,389.7836,450.4563,6,nan,nan,nan
ROI_049/patch_99,7,7.2215,189.3096,137.9487,187.5011,142.8007,189.5072,nan,nan,2,nan,nan,nan
ROI_049/patch_103,0,300.7232,261.2004,381.2889,261.9605,378.9726,261.6785,378.8555,261.8410,8,nan,nan,nan
ROI_049/patch_103,1,307.5637,388.8895,379.0088,388.1294,380.3435,389.4292,380.4025,389.0540,5,nan,nan,nan
ROI_049/patch_103,2,38.2689,477.6964,95.5086,477.8158,101.0606,477.2759,94.7423,477.8609,11,nan,nan,nan
ROI_049/patch_103,3,141.1859,480.7389,207.9966,481.6161,206.1660,480.6960,206.5346,480.3750,9,nan,nan,nan
ROI_049/patch_103,4,211.7585,152.9964,301.0135,152.8881,292.7661,153.1179,300.7665,152.7011,10,nan,nan,nan
ROI_049/patch_103,5,317.5642,506.4109,387.8666,507.3591,385.3935,507.0208,nan,nan,0,nan,nan,nan
ROI_049/patch_103,6,365.0409,332.6298,459.9353,331.4111,441.5956,333.3638,460.8279,332.4640,9,nan,nan,nan
ROI_049/patch_103,7,108.1787,182.6655,188.9977,180.5610,185.5423,182.4165,197.8949,184.0325,5,nan,nan,nan
ROI_049/patch_104,0,354.6870,389.6495,411.1211,388.1294,406.1031,390.4390,407.0708,390.5053,12,nan,nan,nan
ROI_049/patch_104,1,349.6338,95.0314,397.4919,95.9888,396.4120,95.3243,394.5492,96.2780,10,nan,nan,nan
ROI_049/patch_104,2,451.2266,163.8535,486.5151,164.7888,485.0158,164.6859,482.9359,165.4586,12,nan,nan,nan
ROI_049/patch_104,3,192.4305,147.4301,269.7012,147.8307,262.1909,147.1445,267.2566,148.2291,7,nan,nan,nan
ROI_049/patch_104,4,447.5485,18.1869,482.6831,19.4082,479.2099,18.7689,481.0533,18.8019,9,nan,nan,nan
ROI_049/patch_104,5,325.1477,10.3929,367.5760,10.1926,373.8216,10.4460,368.2035,10.4752,6,nan,nan,nan
ROI_049/patch_104,6,154.1246,429.3515,263.9327,431.6425,234.3691,429.3591,264.5184,429.7936,9,nan,nan,nan
ROI_049/patch_104,7,428.2136,323.4629,471.6174,324.8549,468.1243,324.4557,465.5263,325.8752,10,nan,nan,nan
ROI_049/patch_105,0,372.9283,74.2271,440.3831,74.7972,432.3929,74.6709,441.1068,74.0130,12,nan,nan,nan
ROI_049/patch_105,1,195.6457,153.4628,251.6997,152.8927,249.4429,153.7653,248.4483,153.4508,12,nan,nan,nan
ROI_049/patch_105,2,349.9331,395.4447,386.2618,396.1849,384.9347,396.5243,386.0981,396.0714,12,nan,nan,nan
ROI_049/patch_105,3,104.4102,240.3320,153.0894,241.7632,151.7734,240.6588,151.3943,241.7481,11,nan,nan,nan
ROI_049/patch_105,4,51.1292,391.8654,90.1890,392.2212,87.0428,392.4185,89.8898,393.0167,10,nan,nan,nan
ROI_049/patch_105,5,422.7042,452.4010,470.6375,451.6901,453.2039,453.7268,472.0715,452.9352,10,nan,nan,nan
ROI_049/patch_105,6,82.6769,69.6882,136.6967,72.7665,143.1084,69.6183,134.9101,70.1153,11,nan,nan,nan
ROI_049/patch_105,7,32.2624,18.7971,90.5702,17.3003,96.6852,18.5324,89.2164,19.8112,9,nan,nan,nan
ROI_049/patch_106,0,96.2687,321.2447,184.4350,320.4846,184.8983,321.2556,182.7438,320.5407,6,nan,nan,nan
ROI_049/patch_106,1,35.4644,268.0409,134.2714,267.2808,133.8972,267.8826,132.9142,267.9512,10,nan,nan,nan
ROI_049/patch_106,2,294.9486,36.3607,356.2072,37.7445,393.1382,37.1697,353.9713,38.4106,7,nan,nan,nan
ROI_049/patch_106,3,399.3737,453.6333,461.0946,454.2541,451.1787,454.5590,462.2378,455.0922,9,nan,nan,nan
ROI_049/patch_106,4,268.0853,296.5430,337.0158,298.0630,344.8846,297.1257,334.0534,297.4651,10,nan,nan,nan
ROI_049/patch_106,5,166.6170,371.9252,245.2667,373.4156,244.8907,372.1377,243.1954,372.2725,9,nan,nan,nan
ROI_049/patch_106,6,25.5974,157.7739,134.2953,158.3573,134.8359,157.6423,136.9796,158.0514,11,nan,nan,nan
ROI_049/patch_106,7,105.0104,81.4208,221.2597,80.5471,214.6685,81.5882,225.8509,80.4659,12,nan,nan,nan
ROI_049/patch_107,0,420.8117,108.4296,448.9337,109.9497,447.6446,109.0190,449.1607,109.0740,10,nan,nan,nan
ROI_049/patch_107,1,97.0287,237.6387,123.0606,238.5888,123.1639,238.4588,122.6738,238.9659,9,nan,nan,nan
ROI_049/patch_107,2,9.5907,286.5493,38.8390,286.6483,35.0281,287.4534,37.6112,287.4187,6,nan,nan,nan
ROI_049/patch_107,3,232.9958,412.6267,248.9064,414.6820,251.0931,413.7068,248.3341,413.3248,12,nan,nan,nan
ROI_049/patch_107,4,270.3348,305.6033,288.1982,308.8817,291.8603,306.5134,287.5117,306.8851,11,nan,nan,nan
ROI_049/patch_107,5,364.6169,193.9955,390.4676,195.0440,389.0342,194.7232,389.5764,195.3979,10,nan,nan,nan
ROI_049/patch_107,6,416.8388,376.5117,435.7986,377.9151,433.9787,377.5189,435.2559,377.7670,10,nan,nan,nan
ROI_049/patch_107,7,44.6615,13.3306,78.2105,15.6137,79.5946,13.8062,77.3337,13.5382,6,nan,nan,nan
ROI_049/patch_108,0,391.1696,211.7969,419.2916,212.5570,417.8201,213.0544,417.8203,213.2283,9,nan,nan,nan
ROI_049/patch_108,1,47.6252,448.1737,77.4574,449.8838,80.0014,449.4033,78.0516,449.2602,10,nan,nan,nan
ROI_049/patch_108,2,251.1630,35.3984,316.9709,35.5894,280.8347,36.6767,314.4160,35.8632,10,nan,nan,nan
ROI_049/patch_108,3,169.2104,418.4256,203.1384,421.3232,199.4242,419.6588,202.5887,420.4497,12,nan,nan,nan
ROI_049/patch_108,4,465.0994,442.8412,488.0135,442.9974,489.8067,444.0715,489.2609,444.8578,8,nan,nan,nan
ROI_049/patch_108,5,326.1454,85.5552,375.5966,84.3339,354.3107,86.8276,375.3491,85.6055,6,nan,nan,nan
ROI_049/patch_108,6,355.4991,338.3241,382.8616,341.4780,382.4868,339.5666,382.0306,339.7858,12,nan,nan,nan
ROI_049/patch_108,7,426.7162,138.4751,456.8503,139.5864,452.8974,139.7413,457.4232,139.2184,11,nan,nan,nan
ROI_049/patch_109,0,134.2714,64.3464,147.9524,66.6266,149.3860,65.2610,147.4243,66.3485,9,nan,nan,nan
ROI_049/patch_109,1,36.0418,113.5055,54.8760,114.4496,52.9274,114.3783,54.1328,114.3291,12,nan,nan,nan
ROI_049/patch_109,2,143.5377,409.9228,163.3165,413.2112,161.3216,410.8217,161.7681,412.5566,10,nan,nan,nan
ROI_049/patch_109,3,281.7351,369.5879,289.6755,371.4082,297.2608,370.5437,289.6734,369.9141,10,nan,nan,nan
ROI_049/patch_109,4,456.2579,470.4928,471.5235,471.5539,470.1618,471.5121,471.0220,471.7496,12,nan,nan,nan
ROI_049/patch_109,5,338.6821,62.0805,352.8062,65.5062,350.9215,63.0761,349.4581,63.4831,8,nan,nan,nan
ROI_049/patch_109,6,5.6411,418.4242,31.7015,419.0082,25.4211,419.2679,30.9257,420.5531,3,nan,nan,nan
ROI_049/patch_109,7,476.4584,119.6615,489.6992,121.4566,487.2386,120.7085,488.3104,120.9350,10,nan,nan,nan
ROI_049/patch_110,0,51.4255,126.6709,82.5877,126.6709,81.1734,127.6714,82.4512,127.0065,10,nan,nan,nan
ROI_049/patch_110,1,366.8479,55.9858,393.0698,56.9359,391.6753,57.1132,393.0652,56.3372,13,nan,nan,nan
ROI_049/patch_110,2,68.2762,264.8785,100.5719,266.7108,98.5961,265.7656,99.8980,266.6422,12,nan,nan,nan
ROI_049/patch_110,3,380.6134,433.2738,410.7503,435.5549,407.4627,434.0844,410.1517,434.6543,11,nan,nan,nan
ROI_049/patch_110,4,128.1953,463.9034,159.4285,464.2360,158.8296,464.6346,159.2793,464.8012,11,nan,nan,nan
ROI_049/patch_110,5,249.2557,317.6312,274.8510,317.9864,277.3010,318.5120,276.7131,318.0630,11,nan,nan,nan
ROI_049/patch_110,6,0.0567,375.3990,32.3538,376.9217,32.0008,376.1781,nan,nan,0,nan,nan,nan
ROI_049/patch_110,7,424.4537,94.8527,447.8593,95.8713,448.6869,95.9594,447.7821,95.3534,9,nan,nan,nan
ROI_049/patch_111,0,290.8425,406.3707,311.3640,407.1308,311.9562,406.8724,309.8012,407.9511,12,nan,nan,nan
ROI_049/patch_111,1,8.8625,179.1146,47.6252,178.3545,41.4586,180.1394,nan,nan,0,nan,nan,nan
ROI_049/patch_111,2,287.9620,152.4443,313.8341,153.6528,313.5342,153.3866,313.3870,153.6862,10,nan,nan,nan
ROI_049/patch_111,3,222.3071,44.8911,239.0343,47.1833,251.4956,46.0498,237.6256,45.5435,8,nan,nan,nan
ROI_049/patch_111,4,200.0818,479.3530,223.5093,479.1529,222.3700,479.7702,222.0814,479.6924,9,nan,nan,nan
ROI_049/patch_111,5,65.6874,441.9277,93.6040,444.0847,92.2252,442.4717,91.0958,442.6269,10,nan,nan,nan
ROI_049/patch_111,6,303.0061,293.5201,325.4711,297.4213,325.7408,294.2115,324.7230,293.6981,8,nan,nan,nan
ROI_049/patch_111,7,486.6888,235.8718,501.7991,238.1017,505.4927,236.5782,nan,nan,2,nan,nan,nan
ROI_049/patch_112,0,203.4363,17.2231,230.0382,19.5032,230.0970,18.1939,231.8449,18.8037,11,nan,nan,nan
ROI_049/patch_112,1,15.7030,301.4833,48.3853,304.5235,52.5643,302.6132,48.9473,302.4585,8,nan,nan,nan
ROI_049/patch_112,2,96.7652,452.2028,136.5516,454.2541,136.7645,453.3115,136.7652,453.4713,11,nan,nan,nan
ROI_049/patch_112,3,428.9486,314.5804,462.6147,317.4444,460.9759,315.4712,461.1897,316.0436,9,nan,nan,nan
ROI_049/patch_112,4,318.0247,422.7476,356.3972,423.6619,354.4300,423.7220,356.4193,423.2672,10,nan,nan,nan
ROI_049/patch_112,5,137.1219,180.4039,170.6054,183.1164,169.1172,181.4419,168.7691,181.9110,11,nan,nan,nan
ROI_049/patch_112,6,262.4722,309.7521,300.3261,313.8360,296.4592,310.7394,299.3441,312.0519,9,nan,nan,nan
ROI_049/patch_112,7,364.3612,22.0696,393.1945,23.2215,389.1324,22.9473,390.3327,23.4710,11,nan,nan,nan
ROI_070/patch_0,0,295.5665,232.5946,308.4874,232.5946,310.0480,232.1279,308.1146,232.1437,10,nan,nan,nan
ROI_070/patch_0,1,430.0960,193.8318,438.4566,195.3519,439.5981,193.3759,436.6590,193.4792,10,nan,nan,nan
ROI_070/patch_0,2,442.5332,87.5612,449.8574,85.9042,450.1945,87.0746,450.5629,87.2215,11,nan,nan,nan
ROI_070/patch_0,3,23.3494,439.7659,47.7889,439.3293,49.6374,439.3172,49.3294,437.9541,12,nan,nan,nan
ROI_070/patch_0,4,162.8549,99.0659,180.0383,99.5851,179.9393,98.5355,178.4919,97.5855,9,nan,nan,nan
ROI_070/patch_0,5,157.8621,259.2221,176.9980,261.4766,177.2651,258.7404,175.8052,260.1840,12,nan,nan,nan
ROI_070/patch_0,6,217.0797,464.7229,238.5624,467.4513,237.2830,464.3147,237.2588,465.8693,11,nan,nan,nan
ROI_070/patch_0,7,392.8709,429.2346,411.0947,430.9687,406.7714,428.8451,409.8442,430.0671,7,nan,nan,nan
ROI_070/patch_1,0,41.5448,256.6401,62.0663,256.6401,63.3783,256.7374,59.4044,255.3864,11,nan,nan,nan
ROI_070/patch_1,1,35.4644,46.1051,53.7057,45.3451,54.8600,46.0203,54.1093,44.3071,11,nan,nan,nan
ROI_070/patch_1,2,438.6414,433.4949,448.1737,433.7327,448.4979,433.5018,447.1155,432.6379,12,nan,nan,nan
ROI_070/patch_1,3,315.4241,290.2401,328.0852,287.8023,327.8823,290.1970,327.7767,289.1859,11,nan,nan,nan
ROI_070/patch_1,4,102.4409,146.6408,121.3505,149.4725,120.7082,146.6032,121.8905,146.7281,10,nan,nan,nan
ROI_070/patch_1,5,11.5746,430.1400,35.4644,428.4123,36.6688,430.4091,34.8958,428.7240,5,nan,nan,nan
ROI_070/patch_1,6,174.1441,375.9886,193.7456,374.8285,192.7387,376.1089,193.3946,374.3727,10,nan,nan,nan
ROI_070/patch_1,7,245.3805,102.5893,259.7436,101.3991,257.9779,102.4239,258.2940,101.5022,10,nan,nan,nan
ROI_070/patch_2,0,355.4471,270.3211,368.3680,271.0811,365.6004,270.3723,366.4225,270.4694,10,nan,nan,nan
ROI_070/patch_2,1,403.3305,23.3035,406.3707,24.0636,407.9859,23.3307,405.1699,24.2856,9,nan,nan,nan
ROI_070/patch_2,2,238.3053,52.8852,242.1991,51.4255,245.2415,52.7273,242.9626,51.9778,11,nan,nan,nan
ROI_070/patch_2,3,170.9598,105.3655,179.8746,107.6695,179.6463,105.1453,178.5297,105.7694,12,nan,nan,nan
ROI_070/patch_2,4,236.1515,184.2106,241.4390,183.6749,245.7733,184.0930,239.7872,183.6133,7,nan,nan,nan
ROI_070/patch_2,5,123.4399,442.7160,138.8317,442.8533,139.4529,442.5497,138.9711,442.1746,10,nan,nan,nan
ROI_070/patch_2,6,29.4025,340.7282,47.6252,342.5262,44.3047,340.4176,47.6194,340.9368,8,nan,nan,nan
ROI_070/patch_2,7,482.5112,371.5443,491.4968,373.3084,493.4235,371.7785,491.4362,371.8065,9,nan,nan,nan
ROI_070/patch_3,0,247.5194,198.1159,261.9605,196.5958,263.6433,197.4371,263.4522,196.7839,8,nan,nan,nan
ROI_070/patch_3,1,466.4150,438.2930,477.0557,436.7729,478.0732,438.4172,476.1781,436.7540,8,nan,nan,nan
ROI_070/patch_3,2,397.3197,69.6401,408.6509,68.9067,409.3335,68.9003,409.0295,69.0114,7,nan,nan,nan
ROI_070/patch_3,3,36.0509,140.0591,62.0663,139.5918,57.1151,138.9672,60.4182,139.3832,12,nan,nan,nan
ROI_070/patch_3,4,87.0352,431.2527,107.6695,430.6924,107.9059,430.8383,108.1432,431.4653,12,nan,nan,nan
ROI_070/patch_3,5,270.2856,18.8128,287.8023,20.2633,285.2099,17.7916,285.5145,17.8731,7,nan,nan,nan
ROI_070/patch_3,6,456.0587,344.5818,467.9351,343.2862,467.6318,344.4964,467.3990,343.4871,11,nan,nan,nan
ROI_070/patch_3,7,311.5623,289.4632,328.0852,288.5623,326.4555,289.0633,324.3496,287.6168,12,nan,nan,nan
ROI_070/patch_4,0,445.1335,66.6266,453.4941,69.6668,451.6913,66.0942,450.8822,65.4405,12,nan,nan,nan
ROI_070/patch_4,1,177.5945,253.5999,195.0757,252.8398,195.3890,253.5316,195.1907,253.4868,12,nan,nan,nan
ROI_070/patch_4,2,25.0677,341.0874,49.9054,341.7661,48.9906,341.2726,48.6792,340.3988,11,nan,nan,nan
ROI_070/patch_4,3,474.9700,348.2506,488.4565,349.3667,484.6731,347.8425,484.4818,347.0910,9,nan,nan,nan
ROI_070/patch_4,4,193.4861,120.6030,208.7567,122.1105,208.8408,120.4362,208.6257,119.3353,11,nan,nan,nan
ROI_070/patch_4,5,311.0333,436.7136,324.8549,437.1529,327.2420,436.5747,324.1855,435.4552,10,nan,nan,nan
ROI_070/patch_4,6,212.5302,409.0625,228.1169,406.6874,231.4730,409.0384,227.5190,408.9245,10,nan,nan,nan
ROI_070/patch_4,7,119.9675,9.4067,138.4306,9.1792,136.0460,9.2729,137.2231,8.1139,6,nan,nan,nan
ROI_070/patch_5,0,383.9280,103.4259,392.2886,103.4259,390.8711,102.9247,390.8632,101.9497,9,nan,nan,nan
ROI_070/patch_5,1,260.0392,364.8844,277.5205,365.6445,273.6916,364.5248,274.8910,364.6718,11,nan,nan,nan
ROI_070/patch_5,2,54.1270,439.4217,75.3461,440.8898,75.0411,439.2282,75.2696,438.2188,12,nan,nan,nan
ROI_070/patch_5,3,118.8652,233.1915,134.0603,231.1149,135.5213,232.9107,135.7679,232.2213,11,nan,nan,nan
ROI_070/patch_5,4,264.7622,129.0932,276.5546,131.1678,275.7190,128.6849,276.0318,127.6091,10,nan,nan,nan
ROI_070/patch_5,5,179.8406,41.5359,191.1423,41.4324,192.5142,41.1733,191.3155,40.7766,11,nan,nan,nan
ROI_070/patch_5,6,388.5516,491.1450,397.8158,491.6580,399.5386,490.7149,399.2631,491.2141,10,nan,nan,nan
ROI_070/patch_5,7,250.9592,470.1895,264.1310,471.6821,266.0341,469.8568,265.4855,469.6135,11,nan,nan,nan
ROI_070/patch_6,0,356.2072,49.9054,369.1281,49.9054,368.9819,49.8828,363.5590,47.7303,12,nan,nan,nan
ROI_070/patch_6,1,160.8733,200.3961,178.3545,201.9162,177.7835,200.0945,178.4040,200.4699,10,nan,nan,nan
ROI_070/patch_6,2,160.9675,335.6396,176.0744,336.0657,177.4557,335.0394,179.4298,336.2822,11,nan,nan,nan
ROI_070/patch_6,3,273.1379,450.2447,288.9424,451.2139,286.6273,449.3608,286.4542,448.5684,12,nan,nan,nan
ROI_070/patch_6,4,480.3504,426.9884,488.0765,427.6522,489.0294,426.0993,486.6346,426.4630,10,nan,nan,nan
ROI_070/patch_6,5,178.5985,489.5538,190.3254,489.7866,194.1935,488.6089,196.6794,488.1562,8,nan,nan,nan
ROI_070/patch_6,6,326.3322,333.5860,339.6760,333.0255,338.9303,332.9452,339.9500,331.4027,9,nan,nan,nan
ROI_070/patch_6,7,110.4884,92.3252,130.5894,92.7371,128.9213,92.2760,128.7840,91.6058,12,nan,nan,nan
ROI_070/patch_7,0,181.3947,347.8466,198.8760,347.8466,196.8301,347.5428,196.3203,346.0797,11,nan,nan,nan
ROI_070/patch_7,1,246.7594,214.8371,261.9605,214.8371,260.7781,214.7056,261.0203,214.1498,12,nan,nan,nan
ROI_070/patch_7,2,386.7170,385.9024,398.0101,385.8493,396.3122,385.7690,398.3428,386.2567,12,nan,nan,nan
ROI_070/patch_7,3,86.2886,458.0447,108.4296,458.8144,104.0394,457.5582,105.9466,457.1772,12,nan,nan,nan
ROI_070/patch_7,4,6.8966,360.9027,28.6239,360.0074,27.1570,360.4173,25.5412,360.0632,3,nan,nan,nan
ROI_070/patch_7,5,39.5647,57.8141,58.2660,58.2660,59.8388,57.6072,60.3412,57.5658,9,nan,nan,nan
ROI_070/patch_7,6,469.2959,21.5164,475.5356,23.3035,477.7001,21.7601,473.0426,21.1771,8,nan,nan,nan
ROI_070/patch_7,7,359.2017,243.8346,371.4082,245.2393,369.9972,243.7897,371.0714,244.5609,9,nan,nan,nan
ROI_070/patch_8,0,177.5945,358.4873,193.5556,360.7675,191.7372,358.3010,194.1279,358.4763,8,nan,nan,nan
ROI_070/patch_8,1,344.8063,431.4525,353.1669,430.6924,354.2691,431.7674,353.9715,430.9121,9,nan,nan,nan
ROI_070/patch_8,2,93.4172,476.3795,109.9497,474.7756,110.4892,476.2965,110.4074,475.5274,12,nan,nan,nan
ROI_070/patch_8,3,444.5404,159.2306,450.4538,160.1132,450.0411,159.1183,449.8072,159.1305,12,nan,nan,nan
ROI_070/patch_8,4,168.3327,145.4775,182.9148,146.4323,181.9598,144.7828,183.2624,144.7817,11,nan,nan,nan
ROI_070/patch_8,5,23.1112,153.1941,40.7848,154.0328,41.0663,152.2276,41.7256,151.8966,11,nan,nan,nan
ROI_070/patch_8,6,298.5832,306.4695,310.2239,306.8036,308.9510,306.4048,309.5248,306.1685,9,nan,nan,nan
ROI_070/patch_8,7,499.0190,236.1683,503.0073,235.5486,503.1920,236.3416,nan,nan,0,nan,nan,nan
ROI_070/patch_9,0,491.4968,485.4163,499.8574,487.6965,496.7937,484.8973,498.1222,485.6791,4,nan,nan,nan
ROI_070/patch_9,1,290.0825,175.3143,299.9632,174.5543,300.2855,174.9383,299.0184,175.5152,10,nan,nan,nan
ROI_070/patch_9,2,454.3411,186.8795,460.3345,186.7151,460.5423,186.5294,459.8760,185.8592,10,nan,nan,nan
ROI_070/patch_9,3,482.4341,44.2560,486.9364,43.0649,487.9505,43.9959,486.7987,42.8924,9,nan,nan,nan
ROI_070/patch_9,4,21.1582,16.2519,37.7445,15.7030,37.9126,15.9161,38.4593,17.7608,8,nan,nan,nan
ROI_070/patch_9,5,372.8489,23.8831,379.7688,21.7834,381.0350,23.6131,380.6882,23.1022,12,nan,nan,nan
ROI_070/patch_9,6,86.6836,219.4683,100.8290,218.6374,101.8422,219.0254,101.7736,218.4093,12,nan,nan,nan
ROI_070/patch_9,7,110.2216,340.9041,123.6306,341.0061,124.8071,340.3942,124.7732,340.7934,10,nan,nan,nan
ROI_070/patch_10,0,301.4833,169.9939,309.8439,170.7540,310.2247,169.7631,308.5106,169.2557,12,nan,nan,nan
ROI_070/patch_10,1,207.2366,150.2325,219.2074,150.2325,218.5948,149.9579,218.3145,148.7018,10,nan,nan,nan
ROI_070/patch_10,2,181.3437,204.6270,192.0302,203.8163,193.5103,204.3955,192.3230,205.1981,10,nan,nan,nan
ROI_070/patch_10,3,69.1311,35.1566,83.9619,34.3386,84.1951,34.7387,84.3386,34.0189,12,nan,nan,nan
ROI_070/patch_10,4,417.3392,492.5158,425.2355,492.2698,423.3097,492.6131,421.4135,491.9039,4,nan,nan,nan
ROI_070/patch_10,5,190.7384,458.8738,202.9691,458.0790,203.0213,458.8787,202.6798,458.0887,13,nan,nan,nan
ROI_070/patch_10,6,317.9834,418.6873,326.0516,416.6976,326.6333,418.6897,326.2102,417.2262,11,nan,nan,nan
ROI_070/patch_10,7,250.2029,22.4978,262.2521,22.9753,260.1637,22.1173,261.0944,21.9294,11,nan,nan,nan
ROI_070/patch_11,0,244.4792,221.6776,252.8873,222.1051,252.2614,221.5710,251.8786,221.1117,11,nan,nan,nan
ROI_070/patch_11,1,39.4442,438.2319,53.4148,437.3282,54.4065,437.7480,51.3093,437.0326,11,nan,nan,nan
ROI_070/patch_11,2,200.0037,92.5405,210.1487,93.5610,209.2891,92.5486,210.2269,91.9976,11,nan,nan,nan
ROI_070/patch_11,3,407.9944,229.4526,411.6129,228.6131,410.1059,229.4453,409.3716,229.4612,12,nan,nan,nan
ROI_070/patch_11,4,404.4337,392.3178,408.4630,392.4997,406.7190,392.1264,409.2717,392.6387,10,nan,nan,nan
ROI_070/patch_11,5,53.9675,109.2975,69.3587,109.4034,68.3247,109.1904,68.8541,109.4305,10,nan,nan,nan
ROI_070/patch_11,6,178.4543,301.6769,187.4284,301.4833,188.5518,301.4373,188.8401,301.1028,9,nan,nan,nan
ROI_070/patch_11,7,332.0640,455.6279,337.4602,456.4393,336.8796,455.3181,338.1593,455.5887,10,nan,nan,nan
ROI_070/patch_12,0,351.6468,207.2366,358.4873,207.2366,356.6834,207.0620,355.9909,207.3732,10,nan,nan,nan
ROI_070/patch_12,1,270.3211,33.1842,277.1615,30.9040,276.1409,32.7864,275.7084,31.9706,10,nan,nan,nan
ROI_070/patch_12,2,177.1684,202.8401,180.6347,200.3961,187.0310,202.5747,181.8027,201.3668,12,nan,nan,nan
ROI_070/patch_12,3,319.3643,348.1189,325.0449,350.1267,326.5016,348.0766,325.2203,348.2092,12,nan,nan,nan
ROI_070/patch_12,4,303.8262,441.9991,314.4042,442.0933,312.1969,442.0479,314.5919,441.3767,10,nan,nan,nan
ROI_070/patch_12,5,62.0922,181.3668,75.7472,182.1548,74.9796,181.0220,74.1188,180.5609,12,nan,nan,nan
ROI_070/patch_12,6,436.5431,109.9001,442.0933,109.9497,438.3835,109.6651,438.0640,109.2873,8,nan,nan,nan
ROI_070/patch_12,7,466.5621,416.4809,467.1750,415.4914,470.1790,416.5833,470.8551,416.8087,7,nan,nan,nan
ROI_070/patch_13,0,295.4028,330.3653,305.2835,329.6053,302.0615,330.2078,302.5630,330.7574,11,nan,nan,nan
ROI_070/patch_13,1,449.6938,24.0636,448.9337,24.0636,450.6879,23.6740,450.8414,23.2840,11,nan,nan,nan
ROI_070/patch_13,2,67.4252,22.1831,81.0676,21.0233,79.6001,22.0344,78.2107,21.1341,7,nan,nan,nan
ROI_070/patch_13,3,196.2907,353.4901,204.9564,352.4069,205.9368,353.4053,206.2420,352.5228,10,nan,nan,nan
ROI_070/patch_13,4,288.1130,497.7585,295.4028,499.8574,295.6129,497.6790,296.4102,497.6352,4,nan,nan,nan
ROI_070/patch_13,5,86.2190,257.4606,96.8387,258.7302,98.7264,257.4033,97.5016,256.9345,9,nan,nan,nan
ROI_070/patch_13,6,290.4433,100.2592,295.4028,100.6390,296.3840,100.0038,295.1161,99.2331,12,nan,nan,nan
ROI_070/patch_13,7,128.7708,460.2613,142.6320,462.4247,140.7935,460.2661,141.6892,461.5247,8,nan,nan,nan
ROI_070/patch_14,0,202.6762,230.0382,207.2366,230.7982,208.7215,229.9820,208.1982,229.5744,11,nan,nan,nan
ROI_070/patch_14,1,78.0274,256.6401,87.9081,256.6401,88.0954,256.8363,86.5905,255.2752,8,nan,nan,nan
ROI_070/patch_14,2,34.8389,370.7645,46.8652,370.6482,46.6119,371.1634,45.7982,371.2250,10,nan,nan,nan
ROI_070/patch_14,3,140.8938,458.8888,150.2325,458.0544,149.5728,459.1948,149.5046,457.2300,10,nan,nan,nan
ROI_070/patch_14,4,263.7891,337.8555,267.2808,337.9659,268.2207,337.8085,266.4553,337.0914,10,nan,nan,nan
ROI_070/patch_14,5,504.1684,57.8464,501.3775,56.7459,500.1639,57.0614,nan,nan,1,nan,nan,nan
ROI_070/patch_14,6,270.7534,99.3017,277.9216,100.0690,274.2569,98.9800,275.3453,99.4082,12,nan,nan,nan
ROI_070/patch_14,7,51.9725,18.8005,61.6862,20.6433,62.1591,18.7820,62.7187,18.5207,6,nan,nan,nan
ROI_070/patch_15,0,63.5864,365.3278,76.5073,366.0879,77.2592,365.0231,77.3988,366.5844,10,nan,nan,nan
ROI_070/patch_15,1,109.9497,73.4671,119.8304,73.4671,122.1742,73.2831,120.5600,72.9495,11,nan,nan,nan
ROI_070/patch_15,2,385.1145,118.8948,389.6495,118.3103,391.9381,118.8126,392.8211,118.2690,11,nan,nan,nan
ROI_070/patch_15,3,278.1710,417.4305,287.8023,413.9713,287.6619,417.1994,286.8056,416.2244,11,nan,nan,nan
ROI_070/patch_15,4,149.6851,507.0645,163.9135,506.6978,161.8971,506.7475,nan,nan,0,nan,nan,nan
ROI_070/patch_15,5,48.9118,502.4253,62.8263,502.1375,63.1234,502.0668,nan,nan,2,nan,nan,nan
ROI_070/patch_15,6,251.4788,131.7978,262.7205,131.9912,260.9882,131.6541,261.9778,130.5299,12,nan,nan,nan
ROI_070/patch_15,7,170.2761,298.8570,179.1146,299.9632,181.7037,298.6209,181.5826,299.7154,12,nan,nan,nan
ROI_070/patch_16,0,98.5489,169.2339,114.5100,168.4738,112.3655,168.9601,114.6490,168.6670,9,nan,nan,nan
ROI_070/patch_16,1,302.2433,487.6965,307.5637,488.4565,311.1792,487.7786,306.6711,486.9920,10,nan,nan,nan
ROI_070/patch_16,2,325.6630,148.4810,334.9256,148.5224,331.6764,148.1943,332.8293,147.9396,11,nan,nan,nan
ROI_070/patch_16,3,196.5711,58.7315,204.9564,58.0760,206.3818,58.3415,204.7565,58.5197,11,nan,nan,nan
ROI_070/patch_16,4,87.3675,48.5241,101.5891,48.9553,100.8034,48.1183,100.8870,47.0682,12,nan,nan,nan
ROI_070/patch_16,5,28.9473,217.7788,43.8250,216.9273,45.4203,217.5549,43.3378,216.6032,12,nan,nan,nan
ROI_070/patch_16,6,478.9042,53.8165,480.8560,53.5157,479.1457,53.4332,478.9141,53.4619,12,nan,nan,nan
ROI_070/patch_16,7,457.3128,480.0177,461.0946,480.6660,460.9616,480.0981,459.9380,480.1096,11,nan,nan,nan
ROI_070/patch_17,0,375.9686,153.8428,374.4484,152.3227,376.9810,153.5970,376.2797,153.2071,10,nan,nan,nan
ROI_070/patch_17,1,31.6641,306.6136,46.1051,306.6136,46.2660,306.7647,42.9655,306.7198,10,nan,nan,nan
ROI_070/patch_17,2,349.9012,482.4302,355.4471,482.1861,353.6309,482.2870,352.9410,482.1650,10,nan,nan,nan
ROI_070/patch_17,3,297.1260,267.9730,299.9632,267.8509,301.6718,267.8362,301.0903,268.4320,12,nan,nan,nan
ROI_070/patch_17,4,184.2202,31.8578,190.5154,32.2341,191.6980,31.7856,190.0320,31.8306,10,nan,nan,nan
ROI_070/patch_17,5,96.0421,24.5441,105.3893,22.3534,106.7529,24.5628,104.7744,23.9188,7,nan,nan,nan
ROI_070/patch_17,6,498.8588,389.9476,497.5772,389.4595,496.5688,389.6267,496.2340,388.0652,3,nan,nan,nan
ROI_070/patch_17,7,161.4499,379.6821,172.2741,381.0989,171.6251,379.7135,173.4014,378.8270,11,nan,nan,nan
ROI_070/patch_18,0,236.1186,419.2916,240.6789,420.8117,239.8462,418.7745,240.5475,418.0464,11,nan,nan,nan
ROI_070/patch_18,1,382.0490,424.6120,383.5691,423.8520,382.9313,424.1392,383.0225,423.6866,12,nan,nan,nan
ROI_070/patch_18,2,439.4248,482.1782,438.2930,483.1362,439.1417,481.6754,439.1438,481.6725,12,nan,nan,nan
ROI_070/patch_18,3,364.0410,70.8274,364.5677,69.6668,365.5718,70.6511,365.4271,70.2633,10,nan,nan,nan
ROI_070/patch_18,4,73.0056,241.5164,82.5877,242.1991,80.0582,241.0966,81.9792,241.3443,11,nan,nan,nan
ROI_070/patch_18,5,198.2432,334.9475,205.7165,333.4055,202.7791,334.4898,201.8925,332.6558,8,nan,nan,nan
ROI_070/patch_18,6,270.9640,247.8975,277.9216,248.2795,274.1576,247.5386,276.4239,248.0221,13,nan,nan,nan
ROI_070/patch_18,7,479.6592,286.8398,477.0557,285.5221,478.7574,286.5175,478.3764,286.7575,10,nan,nan,nan
ROI_070/patch_19,0,330.3653,154.0328,331.8854,153.2727,332.4380,153.8031,332.4015,153.3025,12,nan,nan,nan
ROI_070/patch_19,1,60.5462,195.0757,71.9470,193.5556,69.5033,194.5504,71.4929,194.1529,12,nan,nan,nan
ROI_070/patch_19,2,139.4836,167.6948,148.7124,168.4738,146.4295,167.2413,147.3486,166.3336,10,nan,nan,nan
ROI_070/patch_19,3,257.3409,253.5937,261.9605,255.1200,261.2604,253.3686,260.1157,253.2102,7,nan,nan,nan
ROI_070/patch_19,4,202.8450,338.4628,208.7567,337.9659,208.1409,338.2512,208.1092,338.3971,12,nan,nan,nan
ROI_070/patch_19,5,344.3051,468.6171,346.3265,468.6951,345.9636,468.7055,345.5335,468.4145,11,nan,nan,nan
ROI_070/patch_19,6,447.1081,502.3525,446.8436,503.2776,446.1344,502.6007,446.2920,503.3927,3,nan,nan,nan
ROI_070/patch_19,7,37.8388,502.9176,48.4174,504.6035,47.3190,502.6584,nan,nan,2,nan,nan,nan
ROI_070/patch_20,0,77.2673,166.9537,87.1480,167.7138,85.9839,167.2206,84.9180,166.5469,9,nan,nan,nan
ROI_070/patch_20,1,51.4255,385.0892,62.8263,384.3291,60.7958,385.3565,61.9329,384.7114,9,nan,nan,nan
ROI_070/patch_20,2,478.6196,167.1061,474.7756,166.1937,473.7430,166.8211,474.5529,165.8787,10,nan,nan,nan
ROI_070/patch_20,3,386.1220,46.4924,381.2889,46.8652,384.5005,46.3540,384.0287,46.4985,11,nan,nan,nan
ROI_070/patch_20,4,324.6269,362.4967,322.7648,363.8077,324.7673,362.3919,324.6807,362.6818,12,nan,nan,nan
ROI_070/patch_20,5,174.9053,273.9405,179.8746,272.6012,180.2065,274.0559,178.4179,271.8005,9,nan,nan,nan
ROI_070/patch_20,6,190.3143,133.5584,197.3559,134.2714,195.2360,133.6752,197.2736,134.1202,11,nan,nan,nan
ROI_070/patch_20,7,356.1409,208.7609,354.6870,208.7567,355.3701,208.6376,355.0596,209.2414,12,nan,nan,nan
ROI_070/patch_21,0,269.5610,135.0314,271.0811,134.2714,269.8999,134.6870,269.4193,135.0177,9,nan,nan,nan
ROI_070/patch_21,1,239.9189,324.2849,241.4390,323.5248,241.0746,324.0615,240.8472,323.6130,12,nan,nan,nan
ROI_070/patch_21,2,483.8962,347.0865,478.5758,346.3265,478.6215,346.8973,479.7866,346.9401,11,nan,nan,nan
ROI_070/patch_21,3,124.1868,313.6441,128.9510,313.6441,128.3929,313.4047,127.1280,312.8871,8,nan,nan,nan
ROI_070/patch_21,4,436.5052,60.9738,432.2126,59.7861,432.4274,60.5943,432.6898,59.7113,11,nan,nan,nan
ROI_070/patch_21,5,495.0960,458.7808,492.2568,457.2943,489.5465,458.6654,490.0142,458.7911,6,nan,nan,nan
ROI_070/patch_21,6,359.2204,206.6085,361.5275,205.7165,357.2079,206.3179,358.4009,206.3615,10,nan,nan,nan
ROI_070/patch_21,7,300.4585,15.7209,297.6830,13.4228,299.9604,15.3012,298.6942,14.6182,8,nan,nan,nan
ROI_070/patch_22,0,353.9270,99.3089,347.8466,98.5489,351.2053,99.2784,349.8375,99.4775,9,nan,nan,nan
ROI_070/patch_22,1,21.0233,282.4819,28.6239,282.4819,27.6654,282.4128,26.4843,281.4750,10,nan,nan,nan
ROI_070/patch_22,2,48.4019,484.5175,55.2258,483.8962,55.0194,484.4476,55.2251,485.2625,7,nan,nan,nan
ROI_070/patch_22,3,213.1808,446.2658,214.2671,447.0336,215.3434,446.2142,214.8858,445.9143,12,nan,nan,nan
ROI_070/patch_22,4,137.7927,40.5088,142.0619,41.5448,140.5400,40.4564,142.0506,40.6398,12,nan,nan,nan
ROI_070/patch_22,5,308.8519,180.6033,304.3521,181.3207,307.5921,180.5666,307.9034,180.5271,11,nan,nan,nan
ROI_070/patch_22,6,94.9139,168.9188,99.8789,172.6541,99.2272,168.8596,101.1579,168.4043,12,nan,nan,nan
ROI_070/patch_22,7,128.9646,364.4557,132.0766,362.4529,133.0560,364.3966,132.8693,362.8275,9,nan,nan,nan
ROI_070/patch_23,0,187.2748,305.9710,185.5632,307.6826,187.6871,306.0110,186.4193,305.4260,11,nan,nan,nan
ROI_070/patch_23,1,387.9034,34.6356,382.3788,34.8220,382.8898,34.6333,382.0386,34.5945,12,nan,nan,nan
ROI_070/patch_23,2,140.7227,237.4892,143.6867,236.1470,142.9073,237.5237,141.5696,236.5967,9,nan,nan,nan
ROI_070/patch_23,3,32.3927,163.0832,35.3982,162.1753,38.3698,163.1147,39.8403,163.8852,12,nan,nan,nan
ROI_070/patch_23,4,157.2320,388.0163,159.7012,389.4286,158.2951,388.0675,158.8075,388.3950,12,nan,nan,nan
ROI_070/patch_23,5,246.2922,420.6389,242.8240,419.9324,244.3490,420.6892,244.3826,419.5699,11,nan,nan,nan
ROI_070/patch_23,6,480.2484,358.4446,469.3146,358.1622,470.9852,358.4753,471.0388,357.9070,5,nan,nan,nan
ROI_070/patch_23,7,440.1523,133.3236,434.0446,131.4332,433.0643,133.3300,431.3398,133.7548,11,nan,nan,nan
ROI_070/patch_24,0,342.5262,189.7553,336.4457,188.9953,337.4381,189.5141,336.7374,189.8793,12,nan,nan,nan
ROI_070/patch_24,1,119.0703,464.1348,119.8304,461.0946,118.3920,463.9954,119.0415,463.0121,12,nan,nan,nan
ROI_070/patch_24,2,439.9573,469.2470,429.1723,469.4552,431.9406,468.9570,431.3758,467.4333,13,nan,nan,nan
ROI_070/patch_24,3,106.2250,236.2339,105.3893,236.1186,106.4143,236.1030,106.7891,236.1932,11,nan,nan,nan
ROI_070/patch_24,4,452.4804,16.5130,443.6134,15.7030,445.3187,16.2221,444.0614,16.5445,10,nan,nan,nan
ROI_070/patch_24,5,286.9076,39.2427,284.7621,38.5046,283.4685,39.0292,280.7141,37.6509,10,nan,nan,nan
ROI_070/patch_24,6,22.4058,14.2514,27.1038,12.6628,25.0680,14.1622,24.5068,13.1612,8,nan,nan,nan
ROI_070/patch_24,7,379.1900,320.3764,372.9283,319.7246,372.9357,320.1165,372.5076,318.9502,10,nan,nan,nan
ROI_070/patch_25,0,31.6641,316.6843,24.0636,314.0242,34.1396,316.7023,24.3790,315.5394,10,nan,nan,nan
ROI_070/patch_25,1,341.4306,503.2211,336.1221,502.8529,333.4009,503.1188,nan,nan,2,nan,nan,nan
ROI_070/patch_25,2,402.1320,200.1257,393.4223,200.3077,393.1099,200.0219,393.5649,200.0752,11,nan,nan,nan
ROI_070/patch_25,3,51.9819,238.6988,55.7330,238.5078,54.0516,238.7148,54.2732,238.7520,10,nan,nan,nan
ROI_070/patch_25,4,60.8620,173.0973,63.3730,173.5676,62.8533,173.1144,61.9119,171.9429,12,nan,nan,nan
ROI_070/patch_25,5,383.1599,368.5145,376.6142,368.3884,374.2167,368.4064,374.5972,367.1503,11,nan,nan,nan
ROI_070/patch_25,6,475.2579,457.2142,465.2386,453.9567,463.0871,457.0682,466.0862,455.5488,10,nan,nan,nan
ROI_070/patch_25,7,190.0978,41.2297,190.0067,40.0247,188.3645,41.2103,189.6786,41.1127,12,nan,nan,nan
ROI_070/patch_26,0,356.2072,365.3278,350.8868,366.8479,347.6240,365.4752,347.3652,364.8261,11,nan,nan,nan
ROI_070/patch_26,1,420.8117,441.3332,406.3707,442.0933,410.3653,441.5896,408.6945,441.6502,10,nan,nan,nan
ROI_070/patch_26,2,431.0544,37.4203,418.5316,35.4644,419.5709,37.3753,420.4905,38.7167,11,nan,nan,nan
ROI_070/patch_26,3,254.3609,49.9276,248.2795,51.4255,248.3664,49.7533,249.1035,49.5866,13,nan,nan,nan
ROI_070/patch_26,4,30.2001,137.0677,32.4242,138.0717,31.2963,136.7840,29.7293,136.4792,12,nan,nan,nan
ROI_070/patch_26,5,158.7465,409.3488,154.0328,410.1710,156.3511,409.3747,156.3103,409.8505,8,nan,nan,nan
ROI_070/patch_26,6,235.5156,256.5810,230.0382,256.6401,230.4726,256.5502,230.9467,256.8433,10,nan,nan,nan
ROI_070/patch_26,7,76.5885,285.6517,79.5475,284.7621,76.5144,285.5182,75.7759,286.0388,11,nan,nan,nan
ROI_070/patch_27,0,90.1883,94.7486,85.6279,94.7486,85.9492,94.3725,85.7213,93.0734,10,nan,nan,nan
ROI_070/patch_27,1,392.6897,21.7834,382.0490,20.2633,381.4170,21.1427,381.5546,21.6066,13,nan,nan,nan
ROI_070/patch_27,2,479.3845,19.5115,466.4150,18.7432,466.0096,18.8194,465.6956,18.7955,10,nan,nan,nan
ROI_070/patch_27,3,332.0208,490.3940,318.9645,489.9767,320.0554,490.4011,320.1745,490.4732,9,nan,nan,nan
ROI_070/patch_27,4,240.2951,496.2141,231.5583,496.0571,230.5380,496.2800,231.0531,495.5265,5,nan,nan,nan
ROI_070/patch_27,5,139.5356,363.0631,131.9912,363.8077,132.8509,363.0110,131.6914,362.9739,13,nan,nan,nan
ROI_070/patch_27,6,114.7777,196.4350,109.9497,196.5958,109.4683,196.1785,109.4990,196.6558,11,nan,nan,nan
ROI_070/patch_27,7,501.2314,171.1948,488.4565,171.5140,486.6214,170.6891,487.6182,171.9071,3,nan,nan,nan
ROI_070/patch_28,0,122.1105,357.7273,114.5100,358.4873,117.6795,357.7547,117.2277,357.4259,10,nan,nan,nan
ROI_070/patch_28,1,27.1038,244.4792,27.1038,244.4792,25.0195,244.6600,26.4407,242.7940,11,nan,nan,nan
ROI_070/patch_28,2,138.2030,474.4456,132.7513,474.0155,133.1635,474.4029,132.0786,473.0601,12,nan,nan,nan
ROI_070/patch_28,3,44.4653,480.5897,40.7848,477.8158,41.4860,480.6449,40.0374,479.8590,7,nan,nan,nan
ROI_070/patch_28,4,447.8020,438.3688,436.7729,437.5329,435.9918,438.0100,433.8968,437.1883,11,nan,nan,nan
ROI_070/patch_28,5,145.3920,179.8146,141.6819,179.4946,140.8309,179.8977,140.4028,179.6964,10,nan,nan,nan
ROI_070/patch_28,6,349.7768,372.5294,340.0560,369.8881,340.2775,372.3056,339.5605,371.1002,7,nan,nan,nan
ROI_070/patch_28,7,392.5710,186.6529,381.0989,186.3351,382.5273,186.4673,378.9472,184.7003,10,nan,nan,nan
ROI_070/patch_29,0,89.4282,393.4498,82.5877,394.2099,84.4355,393.0259,84.2359,392.6501,11,nan,nan,nan
ROI_070/patch_29,1,176.0744,410.9310,166.9537,408.6509,168.6722,410.6332,169.0015,409.2700,11,nan,nan,nan
ROI_070/patch_29,2,237.0769,472.4135,228.1381,472.8754,227.9169,472.1923,229.7328,472.1946,8,nan,nan,nan
ROI_070/patch_29,3,333.9240,103.1168,322.0014,101.1807,322.5577,103.1329,321.9687,101.6803,9,nan,nan,nan
ROI_070/patch_29,4,94.8583,185.9873,92.5726,184.7310,89.9758,185.6230,91.1298,184.2818,7,nan,nan,nan
ROI_070/patch_29,5,240.1262,26.1135,229.3634,24.2436,231.4409,26.0075,229.4068,24.8575,8,nan,nan,nan
ROI_070/patch_29,6,361.9085,280.6431,350.4915,278.9849,349.5488,280.6572,349.6405,280.2212,12,nan,nan,nan
ROI_070/patch_29,7,168.5462,269.7996,155.3563,264.3421,161.5282,269.5255,160.8456,268.2016,4,nan,nan,nan
ROI_070/patch_31,0,149.4725,297.6830,137.3116,297.6830,138.4568,297.3656,135.6528,296.7280,12,nan,nan,nan
ROI_070/patch_31,1,241.4390,323.5248,227.7580,324.2849,228.2914,323.1858,227.8607,323.4748,12,nan,nan,nan
ROI_070/patch_31,2,407.8511,200.5866,388.8895,200.3961,390.7374,200.2298,390.7535,200.4546,11,nan,nan,nan
ROI_070/patch_31,3,56.5012,439.7957,49.1453,439.0530,47.7483,439.4790,50.3297,437.6383,11,nan,nan,nan
ROI_070/patch_31,4,186.1086,363.1568,173.0341,363.0476,174.2790,362.8238,173.1354,362.6462,10,nan,nan,nan
ROI_070/patch_31,5,501.7466,305.7834,483.1362,303.0034,482.5067,305.3945,481.0418,305.3113,3,nan,nan,nan
ROI_070/patch_31,6,354.1924,148.8441,337.9659,148.6649,338.2991,148.5045,337.7520,148.9968,9,nan,nan,nan
ROI_070/patch_31,7,356.8287,383.1740,340.4878,383.9491,341.0236,382.8043,340.2582,382.7734,11,nan,nan,nan
ROI_070/patch_33,0,116.4101,442.4733,101.9691,442.4733,100.5369,442.1181,99.6053,441.6998,9,nan,nan,nan
ROI_070/patch_33,1,173.4142,374.8285,157.2630,376.5386,155.9812,374.5808,156.2765,374.9949,12,nan,nan,nan
ROI_070/patch_33,2,404.7129,201.9244,381.8590,201.9637,380.8342,201.9944,381.4622,201.7907,10,nan,nan,nan
ROI_070/patch_33,3,323.4422,186.3136,303.1934,187.8552,301.9163,186.3611,302.7776,186.0299,12,nan,nan,nan
ROI_070/patch_33,4,378.1800,423.1788,354.0154,424.2186,354.8089,422.9775,354.9450,423.4319,9,nan,nan,nan
ROI_070/patch_33,5,383.2121,112.2888,361.4456,113.4823,360.0543,112.4526,362.3467,112.7590,10,nan,nan,nan
ROI_070/patch_33,6,475.8368,27.5234,444.5998,25.6257,450.1156,27.8325,441.9541,26.1757,12,nan,nan,nan
ROI_070/patch_33,7,71.0072,182.3878,55.5869,180.9263,56.7377,182.3131,55.7954,181.9916,8,nan,nan,nan
ROI_070/patch_35,0,267.9834,130.6820,248.1902,129.9207,246.4742,130.4620,246.9436,129.6065,12,nan,nan,nan
ROI_070/patch_35,1,169.7786,209.8549,150.7466,209.8549,151.1317,209.8073,151.1766,209.4763,12,nan,nan,nan
ROI_070/patch_35,2,35.6925,297.1047,20.5681,297.4018,20.9839,297.2968,20.0606,295.5330,9,nan,nan,nan
ROI_070/patch_35,3,486.0503,138.7675,459.0641,136.0109,457.9187,138.1261,454.7257,136.0083,9,nan,nan,nan
ROI_070/patch_35,4,452.0253,370.6654,425.5679,370.4845,424.5889,370.0406,424.9096,370.6895,11,nan,nan,nan
ROI_070/patch_35,5,292.1622,433.7817,269.6963,434.4318,269.4806,433.4513,270.1563,433.5012,9,nan,nan,nan
ROI_070/patch_35,6,181.7363,52.7631,165.2109,52.8413,162.9547,52.7256,162.4315,52.2249,12,nan,nan,nan
ROI_070/patch_35,7,25.8537,26.3045,15.2392,27.7192,11.8361,26.5727,12.4368,26.1210,6,nan,nan,nan
ROI_070/patch_36,0,38.5046,357.7273,14.1829,356.2072,19.5239,357.4561,15.7049,356.2421,7,nan,nan,nan
ROI_070/patch_36,1,236.8787,288.5623,215.5972,288.5623,213.0677,288.2756,212.7007,288.9479,9,nan,nan,nan
ROI_070/patch_36,2,143.3632,129.5494,128.9510,128.1910,121.0924,129.2592,124.4006,128.4319,12,nan,nan,nan
ROI_070/patch_36,3,424.5836,113.4390,394.9699,112.2298,395.7804,113.1313,394.2462,111.7965,12,nan,nan,nan
ROI_070/patch_36,4,475.3600,345.2904,444.3734,345.5664,446.2799,344.9928,443.4761,344.7162,10,nan,nan,nan
ROI_070/patch_36,5,175.6274,464.3096,154.0328,464.1348,153.9015,464.0363,152.2283,464.2172,12,nan,nan,nan
ROI_070/patch_36,6,68.5354,452.5242,49.9054,454.2541,49.2282,452.2566,47.6753,452.1522,12,nan,nan,nan
ROI_070/patch_36,7,93.6963,215.9358,78.0274,215.5972,72.9005,215.6535,75.5899,215.7434,12,nan,nan,nan
ROI_070/patch_37,0,182.9148,325.0449,160.8733,323.5248,160.3189,324.9819,158.3553,325.1008,12,nan,nan,nan
ROI_070/patch_37,1,280.9618,228.5181,254.3599,227.7580,255.3668,228.4471,251.3993,226.8652,8,nan,nan,nan
ROI_070/patch_37,2,225.4005,114.0909,200.3961,113.7499,201.3327,113.8174,201.4841,112.4632,11,nan,nan,nan
ROI_070/patch_37,3,106.9145,183.9391,86.3880,182.9148,86.4232,183.6180,86.8348,183.4362,12,nan,nan,nan
ROI_070/patch_37,4,32.7018,284.2182,15.7030,284.0020,14.5081,283.9364,14.1763,282.5712,7,nan,nan,nan
ROI_070/patch_37,5,175.6501,480.2941,150.9926,480.8560,153.4272,480.4130,151.9566,481.3096,9,nan,nan,nan
ROI_070/patch_37,6,395.9102,186.0364,366.8479,184.4350,366.8713,186.0426,364.7579,185.5378,10,nan,nan,nan
ROI_070/patch_37,7,289.5304,109.7042,263.4806,109.1896,263.5609,109.4974,263.4339,109.1666,10,nan,nan,nan
ROI_070/patch_38,0,245.2393,276.4015,217.8773,277.1615,219.3002,276.2363,219.6647,275.5908,10,nan,nan,nan
ROI_070/patch_38,1,92.4684,468.6951,73.4671,467.1750,71.4866,468.7253,71.9509,467.0332,12,nan,nan,nan
ROI_070/patch_38,2,427.7788,373.4189,392.6897,374.4484,396.7815,373.0260,394.7787,372.9443,11,nan,nan,nan
ROI_070/patch_38,3,135.2404,64.1132,110.7097,63.7764,111.9422,64.0828,111.9253,63.4799,9,nan,nan,nan
ROI_070/patch_38,4,151.5758,31.7729,127.0984,30.7140,127.7164,31.7213,128.6542,31.1945,10,nan,nan,nan
ROI_070/patch_38,5,119.2827,371.7839,96.7724,370.0007,97.2636,371.7788,96.3017,371.3233,9,nan,nan,nan
ROI_070/patch_38,6,475.4271,204.2821,442.2549,203.9549,442.5947,203.8264,442.2679,202.5300,11,nan,nan,nan
ROI_070/patch_38,7,59.2197,24.6639,43.0881,24.8089,38.0306,24.7283,40.8527,24.9434,11,nan,nan,nan
ROI_070/patch_39,0,322.7648,146.4323,293.8827,145.6722,292.7103,146.3337,291.0866,144.4541,12,nan,nan,nan
ROI_070/patch_39,1,201.9162,91.7084,176.0744,92.4684,174.1694,91.7519,174.5214,92.0819,12,nan,nan,nan
ROI_070/patch_39,2,288.9084,458.4081,258.1602,458.0544,257.1776,457.7023,256.7338,456.6624,11,nan,nan,nan
ROI_070/patch_39,3,212.1903,478.7279,182.9148,479.3359,181.5337,478.0034,182.4995,478.3540,7,nan,nan,nan
ROI_070/patch_39,4,464.4014,88.1623,432.9726,87.1480,432.5110,88.1393,432.7615,86.5566,12,nan,nan,nan
ROI_070/patch_39,5,500.5926,325.9334,467.1750,325.0449,466.4399,325.4302,467.0580,325.3504,3,nan,nan,nan
ROI_070/patch_39,6,186.9655,234.0874,154.0328,236.1186,158.4458,233.8536,156.3654,233.4930,10,nan,nan,nan
ROI_070/patch_39,7,495.1124,3.2464,463.3748,3.5421,463.3369,3.3827,nan,nan,1,nan,nan,nan
ROI_070/patch_40,0,167.7138,126.6709,144.9121,125.1507,144.5383,126.1460,144.5097,126.6790,10,nan,nan,nan
ROI_070/patch_40,1,271.0811,479.3359,238.3988,479.3359,241.0832,479.3936,238.6154,479.6417,11,nan,nan,nan
ROI_070/patch_40,2,364.3991,347.8983,334.1656,350.1267,333.9480,347.6456,332.3772,347.8557,10,nan,nan,nan
ROI_070/patch_40,3,49.9063,290.6117,29.3839,290.8425,27.3283,290.4749,28.6623,289.1465,12,nan,nan,nan
ROI_070/patch_40,4,33.0637,415.0359,9.6225,413.9713,9.2902,415.1423,7.5093,415.3885,3,nan,nan,nan
ROI_070/patch_40,5,125.0850,41.0735,103.1092,42.3049,103.9641,40.4197,104.2868,41.7211,12,nan,nan,nan
ROI_070/patch_40,6,344.4507,214.9325,319.7246,216.3572,316.1395,214.4468,316.9819,214.4823,12,nan,nan,nan
ROI_070/patch_40,7,392.1764,18.9963,362.2876,20.2633,365.2661,18.1126,365.6724,19.1640,7,nan,nan,nan
ROI_070/patch_41,0,33.1842,263.4806,11.1426,263.4806,11.0776,263.1333,12.4083,261.6085,6,nan,nan,nan
ROI_070/patch_41,1,363.0476,346.3265,328.8452,346.3265,331.8590,346.2004,331.4315,345.4653,10,nan,nan,nan
ROI_070/patch_41,2,340.8211,500.8493,309.8439,502.1375,309.6932,500.4525,308.0691,501.6679,3,nan,nan,nan
ROI_070/patch_41,3,103.9916,446.8414,80.3076,446.6536,79.3654,446.2771,79.8511,444.7448,8,nan,nan,nan
ROI_070/patch_41,4,352.2332,210.3315,316.4943,209.5167,321.8012,210.4112,320.3106,209.0370,10,nan,nan,nan
ROI_070/patch_41,5,29.7868,126.4365,8.8862,127.2171,8.2427,126.3046,9.2604,126.2590,6,nan,nan,nan
ROI_070/patch_41,6,45.7162,101.9540,25.5599,101.6455,23.8316,101.8783,25.0969,101.6046,10,nan,nan,nan
ROI_070/patch_41,7,493.9483,456.4825,458.4366,457.1422,458.8896,456.3208,457.6540,455.8206,7,nan,nan,nan
ROI_070/patch_42,0,242.9591,356.9672,207.9966,356.2072,208.6739,356.1422,208.9376,356.2611,10,nan,nan,nan
ROI_070/patch_42,1,445.8935,395.7300,407.1308,396.4900,406.8642,394.9028,406.7773,394.7130,13,nan,nan,nan
ROI_070/patch_42,2,49.2242,240.0364,21.0233,241.4390,19.8453,239.3261,19.1780,239.5643,10,nan,nan,nan
ROI_070/patch_42,3,115.7125,443.4976,84.4879,443.0433,83.8789,442.5180,83.7739,441.3456,10,nan,nan,nan
ROI_070/patch_42,4,222.0700,499.3764,187.6652,500.0474,187.5822,498.3455,nan,nan,2,nan,nan,nan
ROI_070/patch_42,5,138.2337,280.4845,106.0069,279.0142,106.6633,279.7402,106.4488,280.0887,12,nan,nan,nan
ROI_070/patch_42,6,488.1365,89.8537,452.7108,89.4949,449.6015,89.4681,449.8788,87.9821,9,nan,nan,nan
ROI_070/patch_42,7,455.3641,18.7457,418.5206,17.5481,417.9013,18.4517,418.9141,17.5152,9,nan,nan,nan
ROI_070/patch_43,0,167.7138,162.3934,138.0717,162.3934,135.7762,161.8212,136.1544,160.8103,10,nan,nan,nan
ROI_070/patch_43,1,299.2031,294.6428,262.7205,291.6026,264.0949,294.3149,262.2915,292.8593,10,nan,nan,nan
ROI_070/patch_43,2,283.6775,469.3791,247.5194,468.6951,248.5291,469.1250,247.6515,468.6854,12,nan,nan,nan
ROI_070/patch_43,3,126.9298,460.3947,95.5086,459.5745,95.2373,459.9294,95.2775,458.3712,10,nan,nan,nan
ROI_070/patch_43,4,88.4254,334.7902,59.7861,334.9256,57.8506,334.2066,57.8274,335.0251,11,nan,nan,nan
ROI_070/patch_43,5,273.5650,53.8836,238.3988,53.7057,239.5432,53.3922,238.6223,52.7754,9,nan,nan,nan
ROI_070/patch_43,6,389.5598,34.8135,352.4069,32.4242,353.0366,34.4645,350.3465,33.8900,12,nan,nan,nan
ROI_070/patch_43,7,418.0676,344.6905,379.0088,343.2862,380.2445,344.5460,377.7416,343.3889,11,nan,nan,nan
ROI_070/patch_45,0,385.0892,109.9497,344.0463,109.9497,342.5285,109.0970,343.2603,109.1321,8,nan,nan,nan
ROI_070/patch_45,1,394.9699,370.6482,353.9270,370.6482,353.2249,369.8048,354.4624,369.8717,11,nan,nan,nan
ROI_070/patch_45,2,188.2352,436.0128,151.7526,436.0128,150.6250,435.4391,150.4284,434.4310,10,nan,nan,nan
ROI_070/patch_45,3,78.0406,272.6012,46.1051,271.8412,41.8729,272.1546,45.2736,271.9500,11,nan,nan,nan
ROI_070/patch_45,4,125.8867,134.9227,88.6682,135.0314,88.2913,134.4034,87.4352,134.3004,10,nan,nan,nan
ROI_070/patch_45,5,272.3467,246.8390,235.3586,245.9993,232.4297,246.1419,232.7811,246.3480,12,nan,nan,nan
ROI_070/patch_45,6,471.4662,182.1745,427.6522,182.1548,427.5602,181.2176,426.9216,181.6193,12,nan,nan,nan
ROI_070/patch_45,7,384.3707,49.2364,340.0560,48.3853,341.5903,48.3796,344.2407,48.5408,10,nan,nan,nan
ROI_070/patch_46,0,427.6522,258.1602,385.8493,255.8800,385.0282,257.4806,385.1599,256.7899,10,nan,nan,nan
ROI_070/patch_46,1,439.8131,166.9537,394.2099,166.1937,396.6079,166.2896,395.6690,165.5356,10,nan,nan,nan
ROI_070/patch_46,2,356.4581,74.2939,314.4042,74.2271,315.4054,73.7042,315.7559,73.5358,9,nan,nan,nan
ROI_070/patch_46,3,155.5416,435.0911,120.5904,435.2528,121.1673,434.5342,122.6525,434.2366,10,nan,nan,nan
ROI_070/patch_46,4,388.0382,396.4638,345.5664,394.9699,346.9023,395.7739,345.2577,394.9662,8,nan,nan,nan
ROI_070/patch_46,5,75.1379,185.4176,41.5448,185.1950,42.4310,184.9727,38.1932,184.3100,10,nan,nan,nan
ROI_070/patch_46,6,248.4180,120.0917,213.3170,119.8304,210.5785,119.5568,212.3284,120.8409,12,nan,nan,nan
ROI_070/patch_46,7,199.4171,66.5699,163.1534,67.3866,162.8453,66.0785,162.8979,65.3165,10,nan,nan,nan
ROI_070/patch_47,0,72.7070,150.9926,37.7445,151.7526,38.4132,150.3570,36.4043,149.7982,12,nan,nan,nan
ROI_070/patch_47,1,102.3491,287.0422,69.6668,287.0422,67.1889,286.4446,68.6628,286.2419,10,nan,nan,nan
ROI_070/patch_47,2,169.0975,479.3165,131.2312,477.8158,132.0453,478.8373,131.8440,477.6579,12,nan,nan,nan
ROI_070/patch_47,3,293.1235,176.8648,252.8398,176.0744,252.8981,176.7976,250.4955,175.5462,12,nan,nan,nan
ROI_070/patch_47,4,198.2778,96.0282,160.4933,92.8484,160.6410,95.7367,160.6485,95.5718,9,nan,nan,nan
ROI_070/patch_47,5,416.2270,112.6042,374.2584,109.3796,372.7297,112.8774,371.4713,111.4251,12,nan,nan,nan
ROI_070/patch_47,6,59.9101,24.0134,24.0238,22.1022,26.0258,23.3814,26.5153,22.6123,13,nan,nan,nan
ROI_070/patch_47,7,143.2656,146.3422,107.0529,145.1570,107.0797,145.8924,106.0594,145.6713,12,nan,nan,nan
ROI_070/patch_48,0,299.2031,290.0825,257.4001,290.0825,256.4596,289.3711,255.1846,287.7997,13,nan,nan,nan
ROI_070/patch_48,1,413.2112,397.2501,368.3680,398.0101,368.2966,396.4821,367.8488,396.4604,12,nan,nan,nan
ROI_070/patch_48,2,505.8325,241.2291,460.3345,240.6789,458.1011,240.2156,nan,nan,0,nan,nan,nan
ROI_070/patch_48,3,476.6010,67.7691,429.1723,65.8665,428.7939,66.6503,428.4378,66.4258,11,nan,nan,nan
ROI_070/patch_48,4,111.0083,199.4465,74.2271,198.1159,72.2223,198.8994,73.2194,198.7523,10,nan,nan,nan
ROI_070/patch_48,5,295.5992,378.4876,251.3197,376.7286,253.3220,377.8534,252.3796,377.0652,9,nan,nan,nan
ROI_070/patch_48,6,51.7346,118.8841,13.4228,116.7901,13.9697,118.3460,13.3604,117.5562,8,nan,nan,nan
ROI_070/patch_48,7,110.3657,484.7493,74.9872,483.8962,72.8304,484.4372,73.7329,483.8777,12,nan,nan,nan
ROI_070/patch_49,0,198.1159,403.3305,157.8331,403.3305,159.1721,402.6549,158.9698,402.1361,9,nan,nan,nan
ROI_070/patch_49,1,144.1521,267.2808,107.2895,265.1907,106.1787,266.6049,105.6778,265.2588,12,nan,nan,nan
ROI_070/patch_49,2,57.2642,430.1385,23.5408,428.2264,22.3879,429.3702,21.0307,428.7776,8,nan,nan,nan
ROI_070/patch_49,3,344.2659,104.9895,301.0443,104.4636,300.0144,104.4749,300.9601,103.5452,13,nan,nan,nan
ROI_070/patch_49,4,487.6137,149.7339,437.6804,149.0479,439.5119,149.2963,437.3092,148.3065,10,nan,nan,nan
ROI_070/patch_49,5,491.7120,107.5720,446.9617,110.5264,443.3256,107.1470,445.1107,108.7425,8,nan,nan,nan
ROI_070/patch_49,6,121.2938,36.5299,85.8164,35.5171,83.0359,35.8953,83.6936,35.9984,11,nan,nan,nan
ROI_070/patch_49,7,375.9303,389.1677,332.4534,390.4443,331.9305,388.6043,331.3911,388.8004,13,nan,nan,nan
ROI_070/patch_50,0,115.2700,222.4377,78.0274,222.4377,75.9515,222.0141,76.5974,221.2517,10,nan,nan,nan
ROI_070/patch_50,1,424.2320,352.7869,372.1683,350.5067,375.2793,352.5700,375.7172,352.2536,10,nan,nan,nan
ROI_070/patch_50,2,248.8112,123.5867,207.4266,123.6306,205.2963,123.2675,206.6324,122.6996,11,nan,nan,nan
ROI_070/patch_50,3,142.8032,61.5907,105.9952,59.4894,102.5903,61.2022,103.1170,60.4975,12,nan,nan,nan
ROI_070/patch_50,4,64.9250,81.1671,26.1371,80.7849,27.1514,80.7215,27.6497,79.5680,11,nan,nan,nan
ROI_070/patch_50,5,449.9256,103.8304,398.8082,102.0804,400.1178,103.6559,397.3245,101.3929,11,nan,nan,nan
ROI_070/patch_50,6,161.0019,370.4419,122.7274,369.9852,120.2841,370.0364,121.4242,369.8417,10,nan,nan,nan
ROI_070/patch_50,7,110.6922,459.2187,74.8125,457.8291,71.5660,458.7689,72.3052,458.7731,12,nan,nan,nan
ROI_070/patch_51,0,353.9270,265.7607,304.5235,264.2406,305.1851,265.1602,305.0311,264.8795,9,nan,nan,nan
ROI_070/patch_51,1,411.6911,309.0838,363.8077,308.3238,361.2041,308.5145,362.3411,308.3258,11,nan,nan,nan
ROI_070/patch_51,2,345.6396,474.4678,299.2031,474.7756,297.5680,474.0038,296.3352,474.1058,9,nan,nan,nan
ROI_070/patch_51,3,98.5379,169.4558,59.7861,169.9939,57.6974,168.7798,57.7815,168.9302,11,nan,nan,nan
ROI_070/patch_51,4,247.6134,58.9566,201.1561,56.7459,201.8350,58.2153,200.5775,57.2561,11,nan,nan,nan
ROI_070/patch_51,5,186.5268,33.2758,142.4420,31.4741,142.6332,32.5147,142.4698,33.1829,10,nan,nan,nan
ROI_070/patch_51,6,202.4487,213.0652,156.8355,211.3219,158.4020,212.4229,158.0714,212.2449,12,nan,nan,nan
ROI_070/patch_51,7,445.6158,109.4931,396.5582,109.6284,393.6642,108.7945,395.5857,109.3774,11,nan,nan,nan
ROI_070/patch_52,0,459.5745,233.0784,407.1308,230.7982,407.8815,232.2292,407.1677,231.6729,13,nan,nan,nan
ROI_070/patch_52,1,106.1494,415.4914,63.5864,414.7313,63.4096,414.9990,65.2675,413.6172,11,nan,nan,nan
ROI_070/patch_52,2,481.3650,485.5493,432.2126,487.6965,427.9937,484.6488,431.0899,485.9697,11,nan,nan,nan
ROI_070/patch_52,3,392.8007,82.4338,344.0463,81.8277,343.5899,81.6725,341.9310,80.7026,11,nan,nan,nan
ROI_070/patch_52,4,454.6470,398.1371,401.0503,398.7702,402.3847,397.2749,402.2958,398.8588,4,nan,nan,nan
ROI_070/patch_52,5,146.0599,256.6440,102.3491,254.3599,102.8996,256.1267,100.7326,255.6054,10,nan,nan,nan
ROI_070/patch_52,6,196.8014,184.3026,154.0328,184.4350,152.5527,183.7392,153.0527,184.4768,13,nan,nan,nan
ROI_070/patch_52,7,212.5767,463.2429,170.7540,462.6147,166.7023,462.6317,168.5380,462.8949,11,nan,nan,nan
ROI_070/patch_53,0,279.4417,341.7661,231.5583,342.5262,231.5126,341.4185,233.1211,341.0506,9,nan,nan,nan
ROI_070/patch_53,1,215.5972,30.9040,169.2339,29.3839,169.0817,30.5362,168.8054,30.9514,13,nan,nan,nan
ROI_070/patch_53,2,117.2521,8.8401,72.7070,5.8223,73.5417,8.5405,74.5769,7.7783,6,nan,nan,nan
ROI_070/patch_53,3,93.0020,457.1600,50.6655,457.2943,50.6067,456.9762,49.2501,454.9100,10,nan,nan,nan
ROI_070/patch_53,4,462.6000,362.6560,407.8908,361.5275,409.4190,362.1766,408.8168,361.0027,8,nan,nan,nan
ROI_070/patch_53,5,444.5188,142.7861,394.2099,141.8719,391.5570,142.2723,392.1618,141.3057,13,nan,nan,nan
ROI_070/patch_53,6,324.7820,122.0720,276.4015,119.0703,275.2438,121.6427,273.6371,120.6234,10,nan,nan,nan
ROI_070/patch_53,7,433.8214,39.3150,380.5289,37.7445,381.0258,38.7865,381.9952,38.6928,10,nan,nan,nan
ROI_070/patch_54,0,332.6455,303.0034,291.6026,301.4833,285.6562,302.3826,291.8330,302.0647,8,nan,nan,nan
ROI_070/patch_54,1,485.4163,411.6911,474.7756,411.6911,436.3937,411.1158,475.5583,410.9435,7,nan,nan,nan
ROI_070/patch_54,2,364.1357,223.8582,319.7246,222.4377,315.5429,223.2647,316.9098,221.4011,10,nan,nan,nan
ROI_070/patch_54,3,251.5450,196.7450,204.1964,198.1159,205.0687,196.1086,204.8564,196.9495,12,nan,nan,nan
ROI_070/patch_54,4,205.5112,362.3045,186.7151,365.3278,161.9605,361.6193,187.8539,362.5037,9,nan,nan,nan
ROI_070/patch_54,5,460.3798,38.6609,405.6107,36.2244,407.5475,38.1410,406.7979,37.5754,10,nan,nan,nan
ROI_070/patch_54,6,180.1113,20.6497,135.0314,21.0233,133.1247,20.0142,134.6557,19.7761,10,nan,nan,nan
ROI_070/patch_54,7,440.2162,245.8026,404.8506,244.4792,390.2354,245.2375,405.4671,244.3174,13,nan,nan,nan
ROI_070/patch_57,0,320.4846,92.4684,340.2460,93.2285,340.2876,92.6593,339.7944,92.3143,10,nan,nan,nan
ROI_070/patch_57,1,398.0101,128.9510,420.8117,127.4309,417.1297,129.1698,419.2183,128.4455,9,nan,nan,nan
ROI_070/patch_57,2,151.9002,313.8396,211.7969,316.6843,207.3984,314.1221,211.6520,314.6843,9,nan,nan,nan
ROI_070/patch_57,3,305.0113,428.1949,345.5664,428.4123,363.9723,428.5538,345.9787,427.9284,11,nan,nan,nan
ROI_070/patch_57,4,226.9351,420.0862,272.6012,421.5718,289.8417,420.4315,213.3692,408.2687,6,nan,nan,nan
ROI_070/patch_57,5,164.3698,495.0800,204.9564,497.5772,239.7090,495.4557,209.6787,494.0937,3,nan,nan,nan
ROI_070/patch_57,6,37.3753,280.3348,84.1078,280.9618,96.2027,280.5865,87.7933,282.3113,11,nan,nan,nan
ROI_070/patch_57,7,153.8496,134.2211,195.0757,134.2714,188.7923,134.4130,193.6926,135.0159,8,nan,nan,nan
ROI_070/patch_58,0,139.5918,164.6735,191.2754,166.1937,190.1503,164.2693,190.1662,165.2756,13,nan,nan,nan
ROI_070/patch_58,1,71.9470,243.7192,127.4309,245.9993,126.7168,242.9343,125.0943,244.1136,8,nan,nan,nan
ROI_070/patch_58,2,21.6766,101.9351,56.7459,91.7084,77.1233,101.1989,55.3142,102.1363,3,nan,nan,nan
ROI_070/patch_58,3,356.4462,191.4116,398.0101,191.2754,396.9308,191.7644,396.6149,190.9884,11,nan,nan,nan
ROI_070/patch_58,4,416.0176,348.8750,457.2943,349.3667,455.5709,349.1877,457.1592,349.6932,11,nan,nan,nan
ROI_070/patch_58,5,169.1840,311.3667,228.5181,312.1240,220.1174,310.8292,228.0514,312.3436,12,nan,nan,nan
ROI_070/patch_58,6,148.7094,493.7202,189.7553,496.8171,202.8552,492.8057,188.9183,495.0065,7,nan,nan,nan
ROI_070/patch_58,7,69.9526,389.6373,119.8304,387.3694,126.6028,388.6038,119.1093,389.8963,10,nan,nan,nan
ROI_070/patch_59,0,220.1575,31.6641,261.9605,33.9443,264.1746,32.2175,262.6085,32.0080,9,nan,nan,nan
ROI_070/patch_59,1,160.8733,167.7138,214.0771,166.9537,210.2212,168.0593,213.7785,166.2629,10,nan,nan,nan
ROI_070/patch_59,2,402.4759,214.7192,447.4136,214.0771,455.8087,215.6646,447.5639,214.5066,10,nan,nan,nan
ROI_070/patch_59,3,188.8749,441.4737,250.5596,443.6134,250.1540,441.7785,251.1715,441.6530,11,nan,nan,nan
ROI_070/patch_59,4,86.3769,437.9503,141.8719,437.5329,146.6672,437.9939,145.6855,438.8640,12,nan,nan,nan
ROI_070/patch_59,5,20.0972,319.6863,74.9872,320.4846,74.7903,319.6086,76.4593,320.2682,9,nan,nan,nan
ROI_070/patch_59,6,270.0929,282.8617,321.2447,284.0020,325.2560,283.4399,321.2504,283.5085,10,nan,nan,nan
ROI_070/patch_59,7,91.4499,251.3017,147.9524,251.3197,143.8032,251.4349,145.8278,252.2236,8,nan,nan,nan
ROI_070/patch_60,0,71.9470,173.7942,78.7874,173.7942,84.6659,173.8078,76.5589,174.2556,10,nan,nan,nan
ROI_070/patch_60,1,175.4054,193.8496,185.1950,195.8358,185.5893,193.8124,187.3036,195.0536,12,nan,nan,nan
ROI_070/patch_60,2,50.5116,284.6418,62.0663,285.5221,56.1758,284.5655,58.6828,285.0406,9,nan,nan,nan
ROI_070/patch_60,3,266.5080,453.1254,259.6803,452.7340,258.5343,452.8322,259.7037,452.1737,12,nan,nan,nan
ROI_070/patch_60,4,450.3431,498.0591,471.7354,499.8574,437.2521,497.6674,471.6884,499.6087,5,nan,nan,nan
ROI_070/patch_60,5,453.8478,422.5886,463.3748,422.3318,445.6900,422.2617,461.3271,422.8900,10,nan,nan,nan
ROI_070/patch_60,6,116.4191,316.2277,124.3907,314.4042,119.2285,316.1024,124.5400,315.8777,11,nan,nan,nan
ROI_070/patch_60,7,314.4763,102.2645,328.0852,100.8290,329.0661,102.2625,327.0516,101.7355,9,nan,nan,nan
ROI_070/patch_61,0,253.5999,284.0020,277.9216,284.7621,276.7152,284.2149,278.5873,285.2523,7,nan,nan,nan
ROI_070/patch_61,1,430.6924,335.6857,428.4123,337.2058,451.1548,336.3530,428.2921,335.2387,8,nan,nan,nan
ROI_070/patch_61,2,464.9576,488.0969,423.0919,486.9364,480.1458,489.0031,427.5881,486.9760,11,nan,nan,nan
ROI_070/patch_61,3,374.0556,44.6991,405.6107,47.6252,404.5418,44.9301,408.3884,44.8405,7,nan,nan,nan
ROI_070/patch_61,4,453.8001,41.9427,484.6563,42.4949,483.9619,42.3509,483.7327,41.4482,7,nan,nan,nan
ROI_070/patch_61,5,205.9278,9.0382,238.5891,6.5998,238.4845,8.8521,243.2181,6.2197,5,nan,nan,nan
ROI_070/patch_61,6,485.0078,373.7252,468.6904,370.7999,503.9148,374.5555,468.2722,373.0471,13,nan,nan,nan
ROI_070/patch_62,0,254.5895,204.7003,285.0665,203.1764,283.9096,204.6096,284.0593,204.2155,9,nan,nan,nan
ROI_070/patch_62,1,324.6866,244.3204,351.3540,245.0823,349.5530,244.0233,348.1722,244.7189,9,nan,nan,nan
ROI_070/patch_62,2,450.3419,155.8801,477.8335,159.7467,485.3438,155.3170,475.5223,155.7586,13,nan,nan,nan
ROI_070/patch_62,3,385.3737,442.4695,375.7356,441.6589,387.7669,441.8869,379.5459,442.3486,8,nan,nan,nan
ROI_070/patch_62,4,114.3881,281.6047,130.3957,281.6547,134.8736,281.8250,135.3348,280.5418,9,nan,nan,nan
ROI_070/patch_62,5,46.2433,211.9529,73.2513,212.3195,74.5962,212.3942,72.7354,212.4469,10,nan,nan,nan
ROI_070/patch_62,6,168.5067,61.7271,214.2075,62.9822,214.0131,61.9514,214.7604,61.4899,12,nan,nan,nan
ROI_070/patch_62,7,383.4425,83.8970,427.5465,84.3161,426.5775,83.5531,426.9103,83.5710,10,nan,nan,nan
ROI_070/patch_63,0,71.9470,215.5972,77.2673,214.8371,73.1318,215.6483,74.6448,215.1922,11,nan,nan,nan
ROI_070/patch_63,1,248.2795,157.8331,255.8800,156.3130,256.8296,157.9289,256.9536,157.4210,12,nan,nan,nan
ROI_070/patch_63,2,347.3068,412.9535,388.8895,415.4914,397.2731,413.5380,380.6445,408.9569,6,nan,nan,nan
ROI_070/patch_63,3,186.7052,412.3314,226.2379,413.2112,223.0621,412.7894,223.8901,413.6776,11,nan,nan,nan
ROI_070/patch_63,4,115.1895,415.8105,146.4323,417.0115,145.9731,416.2181,145.3774,416.7450,6,nan,nan,nan
ROI_070/patch_63,5,216.1745,102.7431,215.5972,103.1092,214.8782,102.7250,215.3939,102.8250,10,nan,nan,nan
ROI_070/patch_63,6,43.1224,26.2807,30.1440,27.1038,17.3358,26.0041,nan,nan,2,nan,nan,nan
ROI_070/patch_63,7,13.3087,141.9995,8.8625,141.8719,0.0127,141.8861,8.5981,140.8930,3,nan,nan,nan
ROI_070/patch_66,0,177.5945,245.2393,200.3961,247.5194,203.4397,245.5625,203.2077,243.6605,13,nan,nan,nan
ROI_070/patch_66,1,350.1267,441.3332,331.1254,442.0933,365.3064,441.0192,335.0741,441.1148,11,nan,nan,nan
ROI_070/patch_66,2,183.8052,397.3080,188.9953,396.4900,206.6761,397.4935,189.5284,396.5094,8,nan,nan,nan
ROI_070/patch_66,3,84.3406,173.6955,114.5100,174.5543,115.3352,174.3358,115.6910,175.2130,9,nan,nan,nan
ROI_070/patch_66,4,449.5537,278.4737,454.2541,277.1615,463.5152,278.0108,454.3183,276.5816,8,nan,nan,nan
ROI_070/patch_66,5,497.9872,460.5602,466.4150,459.5745,506.6852,459.8179,465.7931,459.8352,4,nan,nan,nan
ROI_070/patch_66,6,116.7349,365.9509,129.7111,364.5677,142.9503,366.3486,129.5982,364.6388,10,nan,nan,nan
ROI_070/patch_66,7,342.1315,412.2369,329.6053,411.6911,358.1629,411.9683,331.0032,411.1244,11,nan,nan,nan
ROI_070/patch_67,0,188.9953,103.8692,203.4363,103.8692,203.5576,103.1028,203.3659,102.6739,10,nan,nan,nan
ROI_070/patch_67,1,65.8665,91.7084,101.5891,93.9885,88.3389,90.9404,99.3535,91.7163,8,nan,nan,nan
ROI_070/patch_67,2,14.4377,70.4815,53.7057,71.1869,41.6935,69.6982,53.4051,69.7160,7,nan,nan,nan
ROI_070/patch_67,3,322.1402,296.3967,311.3640,296.9229,311.7145,295.7946,310.9211,296.4649,11,nan,nan,nan
ROI_070/patch_67,4,297.8609,435.5245,274.1213,435.2528,276.0285,435.0504,276.1717,434.5239,12,nan,nan,nan
ROI_070/patch_67,5,211.6374,358.0924,198.1159,356.9672,201.6583,357.5547,200.0774,356.5927,9,nan,nan,nan
ROI_070/patch_67,6,43.2232,228.1539,65.1065,232.3184,54.4444,227.5114,57.2046,178.0287,7,nan,nan,nan
ROI_070/patch_67,7,323.4652,74.6944,334.1656,73.4671,333.2785,73.8911,332.8652,73.6522,11,nan,nan,nan
ROI_070/patch_69,0,374.4484,407.1308,329.6053,404.8506,331.8682,406.7898,329.6952,405.3985,12,nan,nan,nan
ROI_070/patch_69,1,409.4109,493.7769,366.0879,492.2568,362.3481,493.3562,365.2688,491.7124,6,nan,nan,nan
ROI_070/patch_69,2,99.9519,475.1035,69.6668,474.0155,67.8617,474.3693,66.4604,474.8130,11,nan,nan,nan
ROI_070/patch_69,3,31.1328,508.0943,5.0622,508.2179,1.1459,507.2399,nan,nan,0,nan,nan,nan
ROI_070/patch_69,4,348.3352,60.1472,308.3238,61.3062,318.4220,60.2503,307.8172,58.9117,12,nan,nan,nan
ROI_070/patch_69,5,155.7047,347.0445,126.6709,347.0865,125.2559,346.5459,122.0042,346.8003,11,nan,nan,nan
ROI_070/patch_69,6,287.6763,470.1260,242.1991,468.6951,247.0417,469.6042,241.6440,467.2354,8,nan,nan,nan
ROI_070/patch_69,7,135.1995,185.5101,114.5100,185.1950,111.0351,185.2090,109.9681,186.0504,8,nan,nan,nan
ROI_070/patch_70,0,423.0919,131.2312,372.9283,130.4711,375.3142,130.5483,373.5824,130.1692,11,nan,nan,nan
ROI_070/patch_70,1,166.9537,436.7729,128.9510,436.7729,128.6356,436.4888,127.3132,435.9421,10,nan,nan,nan
ROI_070/patch_70,2,50.4493,421.4686,17.6031,424.9920,16.7533,421.3290,16.7836,421.5647,8,nan,nan,nan
ROI_070/patch_70,3,267.3411,85.8732,227.0719,84.2137,225.7941,85.3776,227.7942,86.2876,13,nan,nan,nan
ROI_070/patch_70,4,229.7745,10.0164,197.2241,8.4462,189.8646,9.5504,195.3554,9.1096,5,nan,nan,nan
ROI_070/patch_70,5,358.9972,21.9022,325.7993,20.6914,313.9712,21.2747,324.8809,20.8146,10,nan,nan,nan
ROI_070/patch_70,6,314.7021,183.5579,273.7570,184.4718,271.0867,183.0253,273.3767,182.7066,7,nan,nan,nan
ROI_070/patch_70,7,220.7231,342.6384,181.9175,341.3642,180.4813,342.2635,180.9502,340.9042,11,nan,nan,nan
ROI_070/patch_71,0,334.9833,372.7427,282.1756,372.7427,282.1483,372.7028,281.8762,372.2094,11,nan,nan,nan
ROI_070/patch_71,1,439.8333,404.8865,383.9643,404.8865,381.4288,404.7610,383.7023,403.4099,11,nan,nan,nan
ROI_070/patch_71,2,270.2713,64.2651,222.4799,62.7845,217.4377,64.3721,218.7446,64.8677,10,nan,nan,nan
ROI_070/patch_71,3,448.5463,199.3159,385.4950,200.5437,387.2001,199.2511,386.4914,199.0764,9,nan,nan,nan
ROI_070/patch_71,4,247.0463,247.9528,195.6934,247.9941,197.7177,248.0166,194.8339,246.1844,10,nan,nan,nan
ROI_070/patch_71,5,178.1844,139.7452,132.9365,138.5521,131.4770,139.8937,132.5427,138.0881,8,nan,nan,nan
ROI_070/patch_71,6,129.1782,481.7793,86.2514,480.6541,89.3243,481.8515,86.6911,481.3473,10,nan,nan,nan
ROI_070/patch_71,7,57.2660,216.1611,19.6678,213.5543,18.3325,216.3713,19.1792,217.3948,10,nan,nan,nan
ROI_070/patch_72,0,211.7969,432.2126,189.7553,433.7327,187.4564,431.7128,187.3130,431.0540,12,nan,nan,nan
ROI_070/patch_72,1,126.6709,239.1588,101.5891,239.9189,101.4679,238.5772,102.0873,238.0532,13,nan,nan,nan
ROI_070/patch_72,2,403.7559,311.6737,363.8077,310.6039,363.9946,311.4623,363.0908,310.4612,10,nan,nan,nan
ROI_070/patch_72,3,330.5620,90.0621,292.3626,89.4282,288.3216,89.7907,290.4726,89.5137,11,nan,nan,nan
ROI_070/patch_72,4,366.2478,23.2373,317.4444,21.7834,319.7531,23.0279,319.5555,21.9662,6,nan,nan,nan
ROI_070/patch_72,5,224.2426,44.8966,181.3947,43.8250,187.0467,44.4865,182.9946,44.4109,9,nan,nan,nan
ROI_070/patch_72,6,77.0020,36.7098,48.3853,37.7445,48.4903,36.0973,46.9578,34.5451,7,nan,nan,nan
ROI_070/patch_72,7,487.4016,502.8331,451.2139,502.8976,448.5334,502.7018,449.9831,502.7941,3,nan,nan,nan
ROI_070/patch_73,0,325.0449,440.5731,283.2420,442.8533,284.3361,440.1316,286.8862,439.6622,11,nan,nan,nan
ROI_070/patch_73,1,81.0676,447.4136,52.1856,445.1335,52.9317,446.8601,51.5456,444.9387,9,nan,nan,nan
ROI_070/patch_73,2,238.1838,123.3735,193.5556,123.6306,198.7018,123.4540,197.3033,123.9753,9,nan,nan,nan
ROI_070/patch_73,3,407.2146,294.8063,359.2474,296.9229,360.8129,294.6547,359.9139,295.0315,11,nan,nan,nan
ROI_070/patch_73,4,123.4035,36.5311,85.6279,37.7445,88.9209,36.7172,83.2441,35.7101,11,nan,nan,nan
ROI_070/patch_73,5,133.0965,125.0974,101.5891,125.9108,99.0175,125.1318,100.3069,125.8857,12,nan,nan,nan
ROI_070/patch_73,6,142.6813,259.8273,107.6695,260.4404,109.4808,259.6288,109.2064,258.4991,12,nan,nan,nan
ROI_070/patch_73,7,481.9276,205.8255,431.4525,205.7165,430.7924,205.8610,430.5225,205.6321,10,nan,nan,nan
ROI_070/patch_74,0,332.6455,253.5999,297.6830,254.3599,297.1420,253.2100,295.2340,252.8776,10,nan,nan,nan
ROI_070/patch_74,1,239.9189,457.2943,207.9966,457.2943,212.7413,456.7055,207.0586,456.9128,12,nan,nan,nan
ROI_070/patch_74,2,271.8182,137.9167,233.0784,138.0717,230.4331,137.5805,233.1488,136.9339,11,nan,nan,nan
ROI_070/patch_74,3,324.4823,87.2937,280.2018,86.3880,281.3289,87.0224,280.1431,86.9991,12,nan,nan,nan
ROI_070/patch_74,4,468.7259,374.5565,442.8533,377.4887,440.1087,374.1483,442.2547,375.2863,10,nan,nan,nan
ROI_070/patch_74,5,428.0677,498.5833,399.5302,499.8574,404.6806,498.0622,401.3359,497.4825,4,nan,nan,nan
ROI_070/patch_74,6,61.2338,317.3923,24.0636,317.4444,25.8751,316.8136,25.4498,316.8868,8,nan,nan,nan
ROI_070/patch_74,7,444.0329,224.4104,407.1308,224.7178,408.3331,224.1002,407.1501,223.9531,10,nan,nan,nan
ROI_070/patch_77,0,203.6263,155.1729,177.0244,155.1729,175.6707,154.4209,173.6349,153.3314,10,nan,nan,nan
ROI_070/patch_77,1,115.4601,119.4503,88.0981,117.9302,88.4929,118.8919,88.2894,117.3191,10,nan,nan,nan
ROI_070/patch_77,2,497.9413,53.4931,471.9254,53.3256,456.3562,52.0149,471.5477,53.0415,5,nan,nan,nan
ROI_070/patch_77,3,448.9574,206.0580,424.0420,206.0965,415.9828,204.7499,424.3006,205.0163,10,nan,nan,nan
ROI_070/patch_77,4,391.2954,313.4812,367.0379,311.7440,365.0823,312.3472,364.2830,311.1777,9,nan,nan,nan
ROI_070/patch_77,5,364.8459,418.8927,344.3788,419.1966,344.3591,417.8589,344.2584,416.6446,11,nan,nan,nan
ROI_070/patch_77,6,496.3364,378.0608,468.7256,378.6813,469.9751,376.7042,469.1062,376.9986,6,nan,nan,nan
ROI_070/patch_77,7,379.5662,15.0047,346.0545,12.1919,339.7513,13.7898,345.1310,12.3959,8,nan,nan,nan
ROI_070/patch_78,0,294.6428,209.5167,280.2018,209.5167,284.7312,209.6795,284.0659,209.9073,7,nan,nan,nan
ROI_070/patch_78,1,100.0690,447.4136,97.7888,447.4136,94.6130,447.5253,96.9740,447.1591,4,nan,nan,nan
ROI_070/patch_78,2,235.1799,92.2703,201.1561,90.9483,204.0309,92.1773,202.1503,92.0466,12,nan,nan,nan
ROI_070/patch_78,3,371.9481,416.4337,395.7300,416.2514,396.1295,416.9977,399.0176,417.9226,9,nan,nan,nan
ROI_070/patch_78,4,384.4156,329.0355,398.7702,328.0852,399.7268,329.5117,401.5269,329.9703,10,nan,nan,nan
ROI_070/patch_78,5,184.0848,318.5574,174.5543,318.9645,173.5957,318.6581,173.6668,319.4381,12,nan,nan,nan
ROI_070/patch_78,6,373.5934,68.5427,353.9270,68.9067,356.5861,68.6699,356.2379,68.8584,12,nan,nan,nan
ROI_070/patch_78,7,440.4809,348.9126,467.1750,350.8868,465.0288,349.5152,466.4114,347.9989,10,nan,nan,nan
ROI_070/patch_87,0,237.2587,110.7097,272.2212,112.2298,276.7780,110.8679,275.2084,111.0751,10,nan,nan,nan
ROI_070/patch_87,1,329.2252,350.8868,356.5872,351.6468,359.2230,350.9643,358.5297,350.9634,10,nan,nan,nan
ROI_070/patch_87,2,271.2445,343.2026,291.2225,344.0463,295.9563,343.2845,292.0273,344.3044,12,nan,nan,nan
ROI_070/patch_87,3,66.1982,395.5697,72.3270,394.9699,65.9696,395.6409,74.0351,393.1450,4,nan,nan,nan
ROI_070/patch_87,4,223.6574,396.3009,235.7386,396.4900,239.3653,396.3670,235.9315,395.6361,9,nan,nan,nan
ROI_070/patch_87,5,338.9507,28.5153,383.1891,30.9040,395.2547,28.6970,383.7519,30.4248,10,nan,nan,nan
ROI_070/patch_87,6,84.5349,255.7287,113.3699,249.7996,97.1518,255.8447,111.4969,248.5057,3,nan,nan,nan
ROI_070/patch_87,7,240.2282,168.2490,276.0215,169.2339,275.5300,168.3885,275.8385,168.6325,9,nan,nan,nan
ROI_070/patch_90,0,145.6722,214.0771,114.5100,211.7969,117.9988,214.1451,111.8964,215.2131,6,nan,nan,nan
ROI_070/patch_90,1,356.9672,394.2099,322.7648,395.7300,329.6239,393.4983,322.5638,393.1895,6,nan,nan,nan
ROI_070/patch_90,2,450.6238,493.6019,416.2514,494.5370,421.5058,492.5014,414.5363,493.4313,7,nan,nan,nan
ROI_070/patch_90,3,390.2326,231.5895,384.3291,230.7982,381.7088,231.1792,382.2963,230.0721,9,nan,nan,nan
ROI_070/patch_90,4,213.7448,18.1537,208.7567,19.5032,211.1341,18.5343,212.6016,19.1762,11,nan,nan,nan
ROI_070/patch_90,5,295.8246,16.4690,309.0838,17.9831,300.3840,16.7059,307.1129,16.4512,8,nan,nan,nan
ROI_070/patch_90,6,423.3946,198.7096,427.6522,200.3961,420.9320,198.3127,425.6891,198.7056,7,nan,nan,nan
ROI_070/patch_90,7,141.7129,332.1697,103.8692,332.6455,102.0967,331.9827,104.7960,330.9987,10,nan,nan,nan
ROI_070/patch_92,0,158.5931,32.4242,217.8773,34.7043,220.3595,31.8332,220.8658,31.5254,10,nan,nan,nan
ROI_070/patch_92,1,175.3143,98.5489,228.5181,99.3089,233.2052,98.0920,232.0730,96.6254,12,nan,nan,nan
ROI_070/patch_92,2,213.0752,366.3073,252.0798,364.5677,256.9354,366.2811,252.2807,365.5171,11,nan,nan,nan
ROI_070/patch_92,3,184.3815,248.2071,230.0382,247.5194,235.0985,247.9457,233.4057,245.9798,10,nan,nan,nan
ROI_070/patch_92,4,270.1849,24.0007,328.0852,24.8236,326.1329,23.8202,326.2890,24.4261,11,nan,nan,nan
ROI_070/patch_92,5,70.8554,249.0692,121.3505,249.7996,127.8350,248.3818,117.9704,249.2387,10,nan,nan,nan
ROI_070/patch_92,6,420.3148,219.0626,470.2152,220.9175,459.2356,219.6569,468.8502,217.6419,11,nan,nan,nan
ROI_070/patch_92,7,100.1632,8.8003,170.7540,8.1024,166.2256,7.9642,168.0540,9.4493,5,nan,nan,nan
ROI_070/patch_92,8,201.6008,495.9008,239.9189,495.2970,240.3215,495.9712,238.3154,495.5495,6,nan,nan,nan
ROI_070/patch_93,0,176.0744,296.1629,150.9926,294.6428,153.7401,295.3427,154.5697,295.0755,12,nan,nan,nan
ROI_070/patch_93,1,116.0301,353.1669,93.2285,352.4069,97.5117,352.3108,95.1292,351.7695,9,nan,nan,nan
ROI_070/patch_93,2,99.5689,215.5772,81.0676,216.3572,75.6232,214.9805,76.9647,214.6492,10,nan,nan,nan
ROI_070/patch_93,3,374.3008,294.9771,350.8868,293.8827,347.2700,293.9469,348.6435,294.0303,11,nan,nan,nan
ROI_070/patch_93,4,475.4409,229.3979,442.0933,228.5181,443.2686,228.3748,443.2209,229.3564,9,nan,nan,nan
ROI_070/patch_93,5,406.4143,95.3640,363.8077,94.7486,370.1971,94.6503,365.9683,93.1680,6,nan,nan,nan
ROI_070/patch_93,6,124.4869,13.7565,67.3866,13.4228,91.4302,13.4880,167.3835,13.5362,7,nan,nan,nan
ROI_070/patch_93,7,197.9640,165.8498,173.0341,164.6735,169.6110,165.2353,167.0981,164.9278,9,nan,nan,nan
ROI_070/patch_96,0,398.0101,480.8560,379.0088,480.0960,379.5131,480.1377,379.1249,480.1534,10,nan,nan,nan
ROI_070/patch_96,1,335.6857,424.6120,314.4042,422.3318,315.2427,423.8479,313.9781,422.1245,12,nan,nan,nan
ROI_070/patch_96,2,218.9899,343.8205,193.5556,342.5262,195.2202,342.9877,193.8385,341.4438,11,nan,nan,nan
ROI_070/patch_96,3,28.9663,38.0577,11.9027,37.7445,-2.4726,36.9917,10.6771,35.9306,5,nan,nan,nan
ROI_070/patch_96,4,218.8222,210.7395,192.7955,211.0368,193.3288,209.8139,193.6790,209.3073,10,nan,nan,nan
ROI_070/patch_96,5,107.2322,433.5130,81.0676,432.2126,82.4364,432.7309,82.6339,432.6619,10,nan,nan,nan
ROI_070/patch_96,6,312.3472,148.0230,285.5221,147.9524,287.8720,147.0637,288.2956,147.0721,10,nan,nan,nan
ROI_070/patch_96,7,422.7281,196.7061,402.7605,198.1159,401.0410,195.7924,402.0704,194.8006,9,nan,nan,nan
ROI_070/patch_97,0,463.3748,74.2271,451.9740,71.9470,436.1674,74.8977,450.8217,72.9700,12,nan,nan,nan
ROI_070/patch_97,1,399.5302,371.4082,380.5289,371.4082,391.0930,371.6913,383.3012,370.8432,8,nan,nan,nan
ROI_070/patch_97,2,257.6763,205.7258,242.9591,204.9564,245.8007,205.4717,244.1316,204.8510,10,nan,nan,nan
ROI_070/patch_97,3,10.1522,485.0325,17.9831,484.6563,23.3427,483.6182,17.8021,484.3150,6,nan,nan,nan
ROI_070/patch_97,4,63.2432,471.8126,76.5073,471.7354,73.6090,470.6288,75.7305,470.7016,12,nan,nan,nan
ROI_070/patch_97,5,231.8751,14.4732,209.5167,14.9429,210.5684,14.1846,213.1591,12.4369,8,nan,nan,nan
ROI_070/patch_97,6,74.6796,62.8322,62.4463,63.9664,62.2402,61.8573,63.5286,62.3191,12,nan,nan,nan
ROI_070/patch_97,7,461.9715,406.3906,456.1790,406.3214,452.9737,406.9251,454.7588,406.7376,10,nan,nan,nan
ROI_070/patch_98,0,158.5931,198.8760,149.4725,198.1159,152.1567,198.0178,150.9306,198.1348,10,nan,nan,nan
ROI_070/patch_98,1,206.4765,373.6884,204.1964,373.6884,194.4826,373.0794,201.8040,373.3272,11,nan,nan,nan
ROI_070/patch_98,2,321.5054,148.3298,307.5637,145.6722,311.0398,147.5345,310.4641,146.5961,10,nan,nan,nan
ROI_070/patch_98,3,321.4645,254.0027,312.1240,253.5999,308.5636,253.3359,308.4026,252.7323,12,nan,nan,nan
ROI_070/patch_98,4,458.9949,393.0095,441.3332,394.2099,438.5037,392.6167,443.6162,392.9636,10,nan,nan,nan
ROI_070/patch_98,5,454.6439,179.9238,440.5731,179.1146,439.2046,179.2686,437.8301,178.9641,7,nan,nan,nan
ROI_070/patch_98,6,500.5161,34.2627,485.4163,36.2244,486.9726,33.4653,482.0759,35.2503,3,nan,nan,nan
ROI_070/patch_98,7,31.6725,39.6722,36.2244,39.2646,32.9538,38.5237,33.9190,39.2814,10,nan,nan,nan
ROI_070/patch_99,0,154.0328,314.4042,159.3532,314.4042,155.9460,313.8133,158.9708,312.6722,9,nan,nan,nan
ROI_070/patch_99,1,418.5316,493.0169,443.6134,494.5370,456.0884,492.2369,445.5560,493.2547,7,nan,nan,nan
ROI_070/patch_99,2,333.3434,347.7518,348.6066,347.8466,349.7360,347.1949,348.6145,347.3619,10,nan,nan,nan
ROI_070/patch_99,3,239.4838,375.4419,255.8800,375.2085,253.2803,374.7838,253.9725,373.8405,12,nan,nan,nan
ROI_070/patch_99,4,138.1417,232.5542,126.6709,231.5583,130.0636,232.1061,126.1209,231.8078,7,nan,nan,nan
ROI_070/patch_99,5,167.4457,14.6080,137.3116,14.1829,137.0758,14.5783,135.6351,13.9720,7,nan,nan,nan
ROI_070/patch_99,6,378.7483,144.2355,377.4887,144.9121,375.4115,144.0789,379.6908,144.0976,11,nan,nan,nan
ROI_070/patch_99,7,199.1623,124.7638,181.3947,122.8706,182.8612,124.5475,180.2855,123.2916,11,nan,nan,nan
ROI_070/patch_100,0,86.3880,72.7070,100.0690,72.7070,101.6499,72.1188,103.1904,71.4934,12,nan,nan,nan
ROI_070/patch_100,1,263.4806,61.3062,275.6414,60.5462,274.7225,60.8111,276.7771,61.3496,11,nan,nan,nan
ROI_070/patch_100,2,13.1391,478.5397,65.1065,479.3359,89.5221,478.4433,64.6432,478.1991,7,nan,nan,nan
ROI_070/patch_100,3,99.4053,217.7580,129.7111,218.6374,135.9971,217.3695,129.3442,217.6478,12,nan,nan,nan
ROI_070/patch_100,4,344.8209,125.3517,360.7675,124.3907,364.4863,124.9910,360.2301,124.5977,9,nan,nan,nan
ROI_070/patch_100,5,285.8849,266.2931,333.4055,266.5208,327.2177,266.0828,332.5986,265.5696,11,nan,nan,nan
ROI_070/patch_100,6,199.4491,383.9848,271.0811,384.3291,259.3648,383.8772,271.0829,383.4212,9,nan,nan,nan
ROI_070/patch_100,7,220.5999,238.4241,261.5804,239.9189,258.6606,238.1370,261.7941,238.7239,9,nan,nan,nan
ROI_070/patch_102,0,109.9497,154.7928,120.5904,155.5529,125.7319,154.1051,124.1620,154.8067,9,nan,nan,nan
ROI_070/patch_102,1,45.3451,206.4765,57.5059,208.7567,59.8631,205.7018,56.9275,206.0771,10,nan,nan,nan
ROI_070/patch_102,2,25.6672,318.7786,36.9845,320.4846,42.7921,318.0992,39.3510,318.6108,10,nan,nan,nan
ROI_070/patch_102,3,186.3637,215.6653,211.0368,217.8773,207.4216,215.2347,209.8264,216.1043,5,nan,nan,nan
ROI_070/patch_102,4,356.3385,46.8374,369.1281,46.1051,379.7048,46.5944,371.8059,46.7499,12,nan,nan,nan
ROI_070/patch_102,5,272.1521,10.7334,288.5623,11.9027,290.6654,10.2462,285.6024,10.0685,6,nan,nan,nan
ROI_070/patch_102,6,34.1418,82.2391,43.0649,81.0676,44.3134,81.2810,46.8186,80.8103,11,nan,nan,nan
ROI_070/patch_102,7,241.7493,387.4049,272.6012,387.3694,270.5853,387.3218,272.4134,386.7272,11,nan,nan,nan
ROI_070/patch_103,0,307.5637,245.2393,391.9297,244.4792,389.1871,245.0922,391.8249,243.9190,10,nan,nan,nan
ROI_070/patch_103,1,239.1588,332.6455,304.5235,333.4055,311.7521,332.3745,308.1450,332.2104,9,nan,nan,nan
ROI_070/patch_103,2,190.8448,236.6653,256.6401,236.8787,259.0750,236.5060,258.7449,236.7579,9,nan,nan,nan
ROI_070/patch_103,3,133.5103,72.8947,196.5958,71.1869,197.2000,72.9310,196.8791,72.7167,11,nan,nan,nan
ROI_070/patch_103,4,74.4271,127.1416,127.4309,130.4711,130.5887,127.0977,127.6117,128.1509,12,nan,nan,nan
ROI_070/patch_103,5,58.6384,13.8156,114.5100,14.1829,114.4213,13.9118,114.8018,13.7292,6,nan,nan,nan
ROI_070/patch_103,6,226.0275,502.1793,302.2433,502.1375,294.9356,501.6917,nan,nan,2,nan,nan,nan
ROI_070/patch_103,7,41.0395,416.9926,98.5489,416.2514,89.6354,416.5760,98.1415,414.8573,10,nan,nan,nan
ROI_070/patch_105,0,400.2903,41.5448,439.8131,40.7848,437.7726,41.1971,437.3267,40.4500,12,nan,nan,nan
ROI_070/patch_105,1,304.5235,196.5958,340.2460,196.5958,347.0372,196.2894,340.2113,195.8816,9,nan,nan,nan
ROI_070/patch_105,2,284.9031,333.9976,332.6455,335.6857,334.8471,333.6883,331.6295,334.0285,11,nan,nan,nan
ROI_070/patch_105,3,47.3106,204.2842,77.2673,204.1964,78.5756,204.1323,78.3258,203.3873,10,nan,nan,nan
ROI_070/patch_105,4,12.0521,257.8697,45.3451,257.4001,44.9575,257.7334,45.8932,257.8444,7,nan,nan,nan
ROI_070/patch_105,5,189.9532,13.6738,218.6374,14.1829,216.1675,13.4561,221.4481,13.8263,8,nan,nan,nan
ROI_070/patch_105,6,413.2354,219.4956,461.8547,220.9175,462.0875,219.1210,462.1944,218.9304,12,nan,nan,nan
ROI_070/patch_105,7,20.4599,182.3871,45.3451,183.6749,49.1755,182.2538,48.1879,182.5977,10,nan,nan,nan
ROI_070/patch_106,0,102.3491,119.0703,165.4336,120.5904,165.1638,118.5564,166.6745,118.3202,10,nan,nan,nan
ROI_070/patch_106,1,115.2700,21.7834,181.3947,21.0233,181.1524,21.4911,180.9133,20.5869,10,nan,nan,nan
ROI_070/patch_106,2,158.6334,65.7556,226.9980,66.6266,225.4691,65.4814,225.7672,64.9474,11,nan,nan,nan
ROI_070/patch_106,3,335.1501,323.9118,407.8908,322.0047,403.8707,323.5558,239.7467,322.2876,12,nan,nan,nan
ROI_070/patch_106,4,405.2001,388.4457,474.0155,391.1696,475.6249,388.1315,473.2662,388.1655,10,nan,nan,nan
ROI_070/patch_106,5,25.3634,138.7518,83.3478,140.3518,84.0205,138.0144,85.7115,139.1099,7,nan,nan,nan
ROI_070/patch_106,6,419.2587,434.9624,489.2166,437.5329,489.1790,434.5908,489.2587,432.9897,8,nan,nan,nan
ROI_070/patch_106,7,220.3792,470.4894,303.7634,469.4552,279.9456,469.5705,303.2811,470.2553,12,nan,nan,nan
ROI_070/patch_108,0,127.4309,236.1186,170.7540,238.3988,176.3962,235.8154,169.9310,236.9779,10,nan,nan,nan
ROI_070/patch_108,1,282.4819,179.1146,333.4055,182.1548,330.9543,179.0133,332.6481,178.7220,9,nan,nan,nan
ROI_070/patch_108,2,278.1783,107.6872,324.2849,106.9094,324.3993,107.6194,323.4944,107.4301,13,nan,nan,nan
ROI_070/patch_108,3,333.8250,5.2693,382.0490,10.3826,377.3264,5.3176,377.8960,7.0797,3,nan,nan,nan
ROI_070/patch_108,4,437.3290,40.9135,480.0960,41.5448,482.7877,41.0573,476.7745,40.9345,12,nan,nan,nan
ROI_070/patch_108,5,203.5722,308.3037,258.9202,309.8439,255.4034,308.0461,256.6912,307.8582,9,nan,nan,nan
ROI_070/patch_108,6,80.6958,373.6301,116.0301,372.9283,133.5427,373.2018,117.7649,373.9479,10,nan,nan,nan
ROI_070/patch_108,7,50.4896,243.5972,87.1480,243.7192,99.0539,243.2049,89.9659,244.3796,7,nan,nan,nan
ROI_070/patch_108,8,155.6125,19.0026,203.4363,20.2633,198.0739,18.8465,199.2594,20.1993,10,nan,nan,nan
ROI_070/patch_109,0,239.9189,350.8868,306.8036,350.8868,308.1577,351.1199,306.0991,350.5305,12,nan,nan,nan
ROI_070/patch_109,1,353.1669,308.3238,416.2514,306.0436,417.4759,308.5923,416.4902,307.2898,9,nan,nan,nan
ROI_070/patch_109,2,296.5719,222.6633,354.6870,222.4377,355.9197,222.9928,354.1553,222.2474,13,nan,nan,nan
ROI_070/patch_109,3,262.0363,80.7929,330.3653,81.0676,312.5542,81.2256,331.2714,81.7474,11,nan,nan,nan
ROI_070/patch_109,4,242.3833,140.4371,302.2433,137.3116,296.9675,140.8252,306.2971,138.9907,10,nan,nan,nan
ROI_070/patch_109,5,381.6792,168.9334,442.8533,169.9939,436.6656,169.3055,443.9878,169.1005,10,nan,nan,nan
ROI_070/patch_109,6,334.7864,89.6539,401.0503,90.1883,385.1244,90.0827,399.8126,90.3203,4,nan,nan,nan
ROI_070/patch_109,7,98.3011,15.8339,176.8344,14.9429,146.3085,16.3086,174.2627,15.1671,10,nan,nan,nan
ROI_070/patch_109,8,83.3254,37.4775,153.8428,37.3645,132.8897,37.9357,156.7128,36.6227,8,nan,nan,nan
ROI_070/patch_110,0,185.1950,103.8692,256.6401,104.6293,257.5034,103.5253,256.7607,103.2018,8,nan,nan,nan
ROI_070/patch_110,1,219.3974,150.2325,283.2420,151.7526,286.9141,149.8083,248.3883,150.6931,10,nan,nan,nan
ROI_070/patch_110,2,208.9026,357.7728,252.0798,357.7273,257.7884,357.4487,253.9347,355.8851,11,nan,nan,nan
ROI_070/patch_110,3,65.0876,15.0161,141.8719,14.9429,147.5191,14.9794,142.0326,13.0923,3,nan,nan,nan
ROI_070/patch_110,4,145.4856,486.2801,180.6347,486.1764,183.8160,486.1778,124.2392,485.6266,10,nan,nan,nan
ROI_070/patch_110,5,282.3942,209.5294,343.8563,209.3267,343.4508,208.9485,342.5115,209.9267,5,nan,nan,nan
ROI_070/patch_110,6,231.4493,25.6305,310.0680,26.3780,310.0524,25.1301,309.8856,23.4304,9,nan,nan,nan
ROI_070/patch_110,7,349.7519,461.3550,390.7367,460.9237,386.8223,460.6704,390.7888,460.9723,8,nan,nan,nan
ROI_070/patch_110,8,452.3748,492.9713,485.8649,494.4088,484.8113,492.0092,487.0849,491.8200,7,nan,nan,nan
ROI_070/patch_112,0,235.4875,372.6447,213.4177,371.8837,217.1887,371.9236,212.9573,371.0850,6,nan,nan,nan
ROI_070/patch_112,1,176.8885,202.1750,203.5244,202.1750,187.3792,201.4231,200.8686,200.9027,12,nan,nan,nan
ROI_070/patch_112,2,257.2068,210.7033,275.8218,209.7852,263.8538,209.9864,275.9827,208.8994,10,nan,nan,nan
ROI_070/patch_112,3,336.0928,392.0641,313.8731,390.1483,311.5972,391.3872,313.4261,390.5092,10,nan,nan,nan
ROI_070/patch_112,4,186.1025,487.8230,154.0577,485.2765,151.1155,487.0843,156.0082,486.5162,9,nan,nan,nan
ROI_070/patch_112,5,114.5064,322.4589,107.6351,320.1340,107.9048,321.6838,108.1400,320.3648,11,nan,nan,nan
ROI_070/patch_112,6,296.5255,339.6667,284.1931,337.6376,281.5484,338.9710,281.7357,337.1591,8,nan,nan,nan
ROI_070/patch_112,7,460.9872,138.9212,477.4936,139.7709,472.6616,138.2902,476.4001,136.7242,7,nan,nan,nan
ROI_070/patch_112,8,409.2817,346.3525,389.2146,348.2919,389.7449,345.7058,391.0817,345.5380,9,nan,nan,nan
ROI_070/patch_113,0,443.2475,337.6376,420.4167,336.1155,419.7941,336.4503,419.5164,335.9765,11,nan,nan,nan
ROI_070/patch_113,1,131.9880,181.6273,119.0505,180.1052,118.6235,180.6286,117.9993,180.9257,12,nan,nan,nan
ROI_070/patch_113,2,213.9496,119.6493,200.4803,118.4622,201.2357,118.3520,199.9407,117.3867,12,nan,nan,nan
ROI_070/patch_113,3,327.5371,460.7513,301.6967,459.4017,302.0225,460.0717,300.7253,459.7542,9,nan,nan,nan
ROI_070/patch_113,4,90.3631,473.0136,67.3008,473.1001,68.3278,472.7945,67.6581,471.6484,9,nan,nan,nan
ROI_070/patch_113,5,37.1097,340.2946,14.7900,339.1596,20.2029,339.8517,16.7583,339.5634,9,nan,nan,nan
ROI_070/patch_113,6,21.2869,292.7454,8.7018,292.7370,6.1643,292.2163,8.6358,291.5154,6,nan,nan,nan
ROI_070/patch_113,7,495.0805,229.3470,490.4311,227.2888,474.2558,227.8039,489.6854,228.2389,7,nan,nan,nan
ROI_070/patch_114,0,241.4390,186.7151,206.4765,182.9148,206.1534,185.6910,207.3327,184.8252,10,nan,nan,nan
ROI_070/patch_114,1,234.5985,90.9483,198.1159,90.1883,197.6924,89.8153,198.7149,89.3620,11,nan,nan,nan
ROI_070/patch_114,2,436.8745,342.4357,399.5302,341.0061,401.4616,341.6848,400.3623,341.5651,11,nan,nan,nan
ROI_070/patch_114,3,101.7452,270.3978,70.4269,268.8009,70.0588,269.3928,68.9335,267.9870,11,nan,nan,nan
ROI_070/patch_114,4,125.4907,112.6434,91.7084,112.9899,90.6101,111.4773,92.4657,110.3773,12,nan,nan,nan
ROI_070/patch_114,5,407.5127,151.6752,370.6482,150.9926,369.1078,150.6992,370.6655,150.7985,12,nan,nan,nan
ROI_070/patch_114,6,90.0465,343.9590,62.8263,344.0463,59.8589,343.0288,62.1029,342.5143,9,nan,nan,nan
ROI_070/patch_114,7,207.3931,18.1133,176.0744,16.4630,169.5842,16.8859,178.4677,17.2856,8,nan,nan,nan
ROI_070/patch_114,8,238.9602,377.0907,206.4765,375.9686,207.1370,376.2746,207.2939,376.2218,10,nan,nan,nan
ROI_070/patch_115,0,209.5167,21.7834,176.8344,21.0233,180.8879,20.6552,178.1538,21.3468,12,nan,nan,nan
ROI_070/patch_115,1,278.6816,92.4684,252.0798,93.2285,249.0921,91.4576,250.9066,90.4992,12,nan,nan,nan
ROI_070/patch_115,2,425.0266,139.6238,391.9297,140.3518,391.2673,138.6837,391.0889,139.0468,13,nan,nan,nan
ROI_070/patch_115,3,59.8176,468.9100,40.7848,468.6951,45.7913,468.5690,44.7984,468.6372,11,nan,nan,nan
ROI_070/patch_115,4,459.6890,411.4787,429.1723,410.9310,430.3820,411.0076,426.6501,409.8051,11,nan,nan,nan
ROI_070/patch_115,5,370.2157,400.3856,347.8466,403.3305,343.8282,399.9020,344.3272,402.0596,12,nan,nan,nan
ROI_070/patch_115,6,451.7970,344.5129,426.1321,344.8063,421.3705,343.9262,421.7019,343.6719,12,nan,nan,nan
ROI_070/patch_115,7,304.5448,23.9457,273.3613,22.5435,272.6145,22.8140,272.8717,21.9627,12,nan,nan,nan
ROI_070/patch_117,0,157.0730,138.0717,128.1910,137.3116,140.8077,137.7878,129.0493,136.2805,11,nan,nan,nan
ROI_070/patch_117,1,255.8800,93.9885,230.9883,93.4185,235.1992,93.6759,230.3316,92.1903,11,nan,nan,nan
ROI_070/patch_117,2,460.8074,159.9059,438.3838,161.7258,438.4902,159.2423,436.8638,157.4585,9,nan,nan,nan
ROI_070/patch_117,3,489.9180,254.2187,467.1028,254.2647,471.4291,253.3482,467.9009,253.4546,6,nan,nan,nan
ROI_070/patch_117,4,42.7519,53.7099,21.9588,50.8387,25.1246,53.7098,20.9614,51.3012,7,nan,nan,nan
ROI_070/patch_117,5,40.2597,366.9761,34.7227,366.7474,37.6653,366.3993,38.4131,366.6962,10,nan,nan,nan
ROI_070/patch_117,6,194.9548,212.4807,181.5086,211.1863,181.3614,212.0168,181.4941,212.2518,10,nan,nan,nan
ROI_070/patch_117,7,355.4779,133.9195,333.8787,132.2091,334.3791,133.4217,335.4051,131.6565,11,nan,nan,nan
ROI_070/patch_118,0,230.7982,417.7715,191.2754,416.2514,191.2491,417.0889,190.0136,417.9684,8,nan,nan,nan
ROI_070/patch_118,1,40.0247,487.6965,35.4644,486.1764,12.9377,487.3718,34.2064,486.2057,10,nan,nan,nan
ROI_070/patch_118,2,228.7161,472.9217,192.0355,475.5356,185.1405,472.3793,188.4772,473.3425,12,nan,nan,nan
ROI_070/patch_118,3,338.9546,340.8031,292.3626,341.7661,295.1969,339.8238,285.0295,338.7250,8,nan,nan,nan
ROI_070/patch_118,4,475.8102,356.7391,416.2514,353.1669,418.0537,355.6689,417.6754,356.0773,13,nan,nan,nan
ROI_070/patch_118,5,358.1206,60.9538,340.2460,62.0663,333.9915,59.2543,337.2786,60.3789,11,nan,nan,nan
ROI_070/patch_118,6,220.3628,243.8338,198.8760,242.9591,195.1004,242.7249,195.4292,241.5530,10,nan,nan,nan
ROI_070/patch_118,7,457.5236,415.4096,397.2501,412.4511,396.9843,414.5040,397.8583,414.4842,5,nan,nan,nan
ROI_070/patch_120,0,252.8398,77.2673,246.7594,75.7472,248.8816,76.7057,247.8140,77.3657,12,nan,nan,nan
ROI_070/patch_120,1,308.3238,331.8854,312.8841,330.3653,309.7850,331.5826,310.2420,330.8364,10,nan,nan,nan
ROI_070/patch_120,2,24.8657,260.8332,24.6969,259.5536,14.2687,260.7159,24.2290,261.2350,11,nan,nan,nan
ROI_070/patch_120,3,265.7805,490.5408,273.4246,491.3701,267.5839,490.4734,272.7681,491.0170,10,nan,nan,nan
ROI_070/patch_120,4,429.6283,338.3785,435.8861,338.9793,435.9459,337.9669,433.7504,336.3600,8,nan,nan,nan
ROI_070/patch_120,5,488.9120,469.1655,499.1606,468.3785,499.2248,468.8572,499.5216,470.2190,3,nan,nan,nan
ROI_070/patch_120,6,59.1397,96.2915,46.0788,96.8906,47.8004,95.9395,47.8405,97.0174,10,nan,nan,nan
ROI_070/patch_120,7,314.8074,283.9718,315.3059,281.1689,315.9149,283.6039,316.4423,284.4488,8,nan,nan,nan
ROI_070/patch_121,0,218.6374,173.0341,207.2366,173.7942,213.5770,172.4313,212.2345,172.8790,9,nan,nan,nan
ROI_070/patch_121,1,423.8520,424.6120,399.5302,421.5718,433.6632,424.0634,400.9289,422.7242,11,nan,nan,nan
ROI_070/patch_121,2,106.5534,451.2010,132.7513,451.2139,166.1773,450.4205,134.8709,451.8747,9,nan,nan,nan
ROI_070/patch_121,3,250.8133,505.4837,261.9605,507.4579,299.4179,504.7850,nan,nan,0,nan,nan,nan
ROI_070/patch_121,4,117.3626,31.8550,103.8692,31.6641,101.9806,31.2314,104.9888,31.3567,10,nan,nan,nan
ROI_070/patch_121,5,468.0313,9.0366,413.2112,10.3826,398.7482,8.6669,nan,nan,2,nan,nan,nan
ROI_070/patch_121,6,379.2104,414.3673,360.3874,415.8714,393.5796,413.7911,361.8715,413.1088,11,nan,nan,nan
ROI_070/patch_121,7,420.1529,44.9800,368.6503,43.6710,363.9805,44.5639,367.8109,42.1350,7,nan,nan,nan
ROI_070/patch_122,0,119.8304,364.5677,82.5877,360.0074,83.9876,363.7612,85.4156,362.9582,6,nan,nan,nan
ROI_070/patch_122,1,478.5758,441.3332,430.6924,439.0530,437.7479,440.4000,431.8237,441.1552,4,nan,nan,nan
ROI_070/patch_122,2,458.4776,145.5114,418.5316,144.9121,419.6620,144.5541,418.1719,144.5450,12,nan,nan,nan
ROI_070/patch_122,3,401.1891,68.7096,363.8077,68.1467,363.5534,67.7657,361.4682,66.5152,12,nan,nan,nan
ROI_070/patch_122,4,322.5059,455.2228,281.2152,456.2176,283.5657,454.3497,282.3355,454.7236,10,nan,nan,nan
ROI_070/patch_122,5,124.9383,67.1857,95.7620,64.7898,90.7990,66.3455,nan,nan,0,nan,nan,nan
ROI_070/patch_122,6,336.9190,148.3352,299.7146,149.8892,299.6213,147.4239,298.0474,146.1672,9,nan,nan,nan
ROI_070/patch_122,7,210.1658,237.7023,177.1207,238.3571,173.9369,236.8483,178.2396,236.5849,10,nan,nan,nan
ROI_070/patch_123,0,286.2822,310.6039,322.7648,310.6039,353.5186,311.2419,322.5903,311.6731,12,nan,nan,nan
ROI_070/patch_123,1,196.5958,503.6576,215.5972,503.6576,299.3166,504.3109,nan,nan,2,nan,nan,nan
ROI_070/patch_123,2,186.5919,68.7387,218.6374,71.9470,216.5790,69.4074,217.0073,70.1895,10,nan,nan,nan
ROI_070/patch_123,3,315.4778,14.0604,325.8050,13.4228,331.8976,14.7004,327.0156,13.8755,7,nan,nan,nan
ROI_070/patch_123,4,409.8960,3.6541,420.0517,2.0220,421.3585,4.2723,417.9678,1.8925,3,nan,nan,nan
ROI_070/patch_123,5,171.7316,246.0280,223.9578,249.7996,232.0113,246.6949,225.3902,246.2222,7,nan,nan,nan
ROI_070/patch_123,6,285.4767,191.1255,333.4055,191.2754,332.6661,191.7673,332.7538,190.2828,10,nan,nan,nan
ROI_070/patch_123,7,483.8789,504.3194,486.9364,504.4177,576.9473,504.9052,nan,nan,2,nan,nan,nan
ROI_070/patch_125,0,280.2018,243.7192,246.7594,241.4390,246.4022,243.0236,244.0481,243.3719,8,nan,nan,nan
ROI_070/patch_125,1,321.2447,133.5113,283.2420,131.9912,283.4500,132.6525,282.6116,130.5937,10,nan,nan,nan
ROI_070/patch_125,2,229.3431,34.1865,190.5154,32.4242,192.6363,33.2397,189.3340,33.1000,10,nan,nan,nan
ROI_070/patch_125,3,40.9353,47.7601,12.6628,47.6252,11.3901,46.9175,12.7280,46.8970,10,nan,nan,nan
ROI_070/patch_125,4,463.8897,376.9939,420.8117,375.2085,426.4344,376.3888,420.6441,375.6522,11,nan,nan,nan
ROI_070/patch_125,5,303.7744,341.7011,272.6012,339.4860,271.3420,341.1232,270.3689,340.5447,12,nan,nan,nan
ROI_070/patch_125,6,55.6277,223.3296,46.8652,223.1977,29.5341,222.7104,45.6700,223.4313,10,nan,nan,nan
ROI_070/patch_125,7,328.8433,42.7249,288.5623,43.0649,288.7110,41.7436,288.3727,40.7077,12,nan,nan,nan
ROI_070/patch_126,0,294.6428,265.0007,282.4819,265.7607,286.8430,264.6465,281.1908,264.4111,10,nan,nan,nan
ROI_070/patch_126,1,299.9632,408.6509,295.4028,410.1710,297.9106,408.8072,294.4962,407.7237,11,nan,nan,nan
ROI_070/patch_126,2,329.2885,453.9498,328.8452,456.5343,326.6833,454.2396,328.0348,454.5846,11,nan,nan,nan
ROI_070/patch_126,3,505.1494,201.9809,489.2166,201.9162,476.6214,201.1921,nan,nan,0,nan,nan,nan
ROI_070/patch_126,4,119.3988,155.8480,122.1105,155.5529,121.8768,155.2755,121.5350,156.0557,10,nan,nan,nan
ROI_070/patch_126,5,234.1414,80.5628,243.7192,80.3076,223.5536,79.6064,242.2158,79.3297,12,nan,nan,nan
ROI_070/patch_126,6,139.5125,456.4977,142.6320,457.2943,153.2512,456.9846,143.4770,457.0100,10,nan,nan,nan
ROI_070/patch_126,7,160.2275,254.0055,165.4336,252.8398,163.4511,253.7449,164.5618,252.6018,8,nan,nan,nan
ROI_070/patch_127,0,259.6803,353.9270,248.2795,351.6468,244.4302,352.9607,249.1483,351.8143,12,nan,nan,nan
ROI_070/patch_127,1,163.1534,395.7300,150.9926,395.7300,150.3180,394.9224,150.7404,394.2460,8,nan,nan,nan
ROI_070/patch_127,2,168.9495,183.9617,153.2727,179.1146,157.1938,183.3036,152.0344,182.3153,11,nan,nan,nan
ROI_070/patch_127,3,285.9323,38.3712,277.9216,36.9845,271.8059,37.5928,275.4920,38.7752,9,nan,nan,nan
ROI_070/patch_127,4,366.2390,427.4624,349.3667,425.3721,347.6228,426.2298,347.3072,425.4268,11,nan,nan,nan
ROI_070/patch_127,5,278.6880,476.2839,268.8009,477.8158,262.1981,475.1870,271.4555,476.1915,12,nan,nan,nan
ROI_070/patch_127,6,104.3441,207.5428,94.7486,205.7165,94.2303,206.9944,93.8873,206.3087,9,nan,nan,nan
ROI_070/patch_127,7,355.8153,60.4313,343.2862,58.2660,339.6345,59.4983,342.3717,57.8229,9,nan,nan,nan
ROI_070/patch_129,0,211.0368,400.2903,260.4404,400.2903,265.1599,400.6814,262.9222,400.9733,12,nan,nan,nan
ROI_070/patch_129,1,226.2379,303.0034,271.8412,303.7634,273.6073,303.3592,272.9481,303.2611,13,nan,nan,nan
ROI_070/patch_129,2,160.6242,121.0148,187.4752,122.8706,195.5770,121.1878,187.1343,122.7837,10,nan,nan,nan
ROI_070/patch_129,3,135.8354,12.3833,147.1923,13.4228,163.3434,12.4649,148.2855,13.2913,7,nan,nan,nan
ROI_070/patch_129,4,383.1795,301.2913,432.9726,300.7232,430.0679,301.8411,433.2653,302.2675,10,nan,nan,nan
ROI_070/patch_129,5,366.5671,414.5888,422.3318,417.0115,421.3183,415.1811,423.0433,415.1561,11,nan,nan,nan
ROI_070/patch_129,6,287.7981,412.4182,343.2862,413.2112,342.5813,412.9114,nan,nan,2,nan,nan,nan
ROI_070/patch_129,7,196.9409,237.4247,239.9189,237.6387,239.8491,237.7076,240.4190,237.4026,9,nan,nan,nan
ROI_070/patch_131,0,328.0852,254.3599,285.5221,252.8398,286.2110,253.7101,281.9033,253.0914,12,nan,nan,nan
ROI_070/patch_131,1,175.3143,189.7553,138.8317,188.2352,137.6065,188.9850,138.2063,188.6217,12,nan,nan,nan
ROI_070/patch_131,2,227.3624,411.5975,192.0355,413.2112,188.9034,411.3431,193.5134,410.5642,5,nan,nan,nan
ROI_070/patch_131,3,70.8100,287.8511,55.9858,287.0422,36.4281,287.3364,58.9032,287.1914,8,nan,nan,nan
ROI_070/patch_131,4,177.6987,37.5063,141.8719,34.7043,139.4134,36.3737,140.7809,35.7819,11,nan,nan,nan
ROI_070/patch_131,5,269.1424,101.8982,223.9578,98.9289,228.4493,100.8989,224.7961,100.5335,8,nan,nan,nan
ROI_070/patch_131,6,422.5643,167.6425,375.7785,167.7138,377.6900,166.7662,376.1924,166.5226,10,nan,nan,nan
ROI_070/patch_131,7,464.0132,185.7356,416.0614,184.4350,418.0103,184.8934,417.6227,183.2942,8,nan,nan,nan
ROI_070/patch_133,0,263.4806,480.0960,280.2018,477.0557,283.2040,479.8563,281.3993,479.9034,9,nan,nan,nan
ROI_070/patch_133,1,188.2352,427.6522,209.5167,428.4123,215.0988,427.5667,211.9716,427.7482,9,nan,nan,nan
ROI_070/patch_133,2,121.3806,467.0644,143.3920,467.9351,143.3289,467.0548,142.3428,466.9160,9,nan,nan,nan
ROI_070/patch_133,3,152.1294,114.6788,224.7178,113.7499,220.0959,114.8709,227.5038,114.5754,10,nan,nan,nan
ROI_070/patch_133,4,408.9864,443.4032,431.4525,445.8935,432.9819,442.9634,427.8521,441.2724,11,nan,nan,nan
ROI_070/patch_133,5,445.2781,308.7778,487.6965,308.3238,486.7647,308.3770,485.8086,308.3205,10,nan,nan,nan
ROI_070/patch_133,6,344.1664,147.5942,406.3707,145.6722,407.1227,147.4646,406.3008,146.8546,8,nan,nan,nan
ROI_070/patch_133,7,291.4637,144.5344,355.4471,143.3920,355.0130,144.4889,358.6158,144.8094,6,nan,nan,nan
ROI_070/patch_135,0,338.7259,308.3238,341.7661,309.8439,345.4568,307.9818,340.0683,307.5648,8,nan,nan,nan
ROI_070/patch_135,1,362.2876,458.0544,375.2085,460.3345,374.3474,458.1408,374.6702,458.5498,12,nan,nan,nan
ROI_070/patch_135,2,170.2358,177.2144,198.1159,179.1146,170.5329,176.1537,196.1983,178.8648,7,nan,nan,nan
ROI_070/patch_135,3,475.2745,16.9517,474.0155,17.2231,473.8159,16.2003,475.9727,16.2712,10,nan,nan,nan
ROI_070/patch_135,4,307.2884,118.6588,330.3653,115.2700,307.2500,117.7705,333.4380,118.9211,7,nan,nan,nan
ROI_070/patch_135,5,430.5266,410.4851,441.3332,412.4511,441.7987,410.6115,442.1532,411.0553,10,nan,nan,nan
ROI_070/patch_135,6,130.1968,74.7289,176.0744,74.9872,126.5607,73.3193,175.0207,75.6825,11,nan,nan,nan
ROI_070/patch_135,7,176.9266,358.1312,185.9551,360.7675,183.4022,357.5373,nan,nan,1,nan,nan,nan
ROI_070/patch_137,0,357.7273,67.3866,324.2849,67.3866,323.7781,66.5727,324.1213,66.1861,11,nan,nan,nan
ROI_070/patch_137,1,409.4109,461.0946,398.7702,461.0946,402.8901,461.3545,397.9388,461.6019,9,nan,nan,nan
ROI_070/patch_137,2,60.2124,192.4037,71.9470,194.3157,65.5328,191.7192,70.0185,192.7147,7,nan,nan,nan
ROI_070/patch_137,3,140.9128,322.7602,150.9926,319.7246,149.1246,322.4741,149.2691,322.1090,10,nan,nan,nan
ROI_070/patch_137,4,82.6004,349.2662,93.9885,349.3667,98.6741,349.0107,95.5236,349.0871,10,nan,nan,nan
ROI_070/patch_137,5,377.2550,487.9057,372.9283,488.4565,376.0749,488.2147,372.1519,487.3332,9,nan,nan,nan
ROI_070/patch_137,6,466.1777,84.5162,421.5718,84.8679,423.0833,83.8205,421.0696,83.8152,11,nan,nan,nan
ROI_070/patch_137,7,463.6319,16.0181,422.1418,15.5130,415.1380,15.1400,420.1088,14.5225,10,nan,nan,nan
ROI_070/patch_151,0,81.0676,290.0825,187.4752,288.5623,195.8847,290.6049,191.6792,289.2243,5,nan,nan,nan
ROI_070/patch_151,1,196.5958,203.4363,297.6830,206.4765,298.9076,204.3017,296.9470,203.8628,10,nan,nan,nan
ROI_070/patch_151,2,196.7407,487.7835,299.2031,489.9767,291.7317,488.0152,299.6162,487.9225,10,nan,nan,nan
ROI_070/patch_151,3,119.3249,415.2024,226.2379,417.0115,226.0508,415.4955,224.2936,415.3168,6,nan,nan,nan
ROI_070/patch_151,4,324.7623,477.9315,404.0906,480.0960,403.6830,478.3513,403.6582,479.7095,12,nan,nan,nan
ROI_070/patch_151,5,308.2311,250.2630,382.8090,251.3197,395.1063,251.1689,301.6382,260.2655,6,nan,nan,nan
ROI_070/patch_151,6,447.3755,229.3419,502.8976,232.3184,517.0464,230.4748,448.3380,177.7237,7,nan,nan,nan
ROI_070/patch_151,7,18.3553,229.4291,138.8317,232.3184,142.7261,230.0054,126.9801,230.1973,7,nan,nan,nan
ROI_070/patch_151,8,10.0195,183.8918,131.2312,186.7151,136.6226,184.5588,113.0446,176.3055,5,nan,nan,nan
ROI_070/patch_152,0,47.6252,341.7661,100.0690,341.7661,94.0094,341.9201,143.1299,340.5316,8,nan,nan,nan
ROI_070/patch_152,1,299.9632,174.5543,327.3251,173.7942,315.2530,174.2055,329.9414,173.7005,10,nan,nan,nan
ROI_070/patch_152,2,364.9335,52.3441,416.2514,52.1856,367.9931,51.8254,415.0610,53.4805,8,nan,nan,nan
ROI_070/patch_152,3,96.1517,225.5374,146.8123,218.8274,132.0696,225.5516,141.8958,223.3090,5,nan,nan,nan
ROI_070/patch_152,4,268.2896,460.9163,299.5762,461.5525,301.6443,460.7665,304.1387,462.8113,8,nan,nan,nan
ROI_070/patch_152,5,341.0290,224.7644,358.3080,222.4893,355.3902,224.3735,356.1411,223.0289,7,nan,nan,nan
ROI_070/patch_152,6,327.1038,12.4670,389.7419,15.6873,331.3590,11.9904,386.2414,14.1557,5,nan,nan,nan
ROI_070/patch_152,7,4.1586,260.8232,63.8219,261.3681,50.0422,261.0075,nan,nan,2,nan,nan,nan
ROI_070/patch_155,0,162.3934,306.0436,240.6789,312.1240,228.1091,306.1812,231.5829,306.2959,7,nan,nan,nan
ROI_070/patch_155,1,252.8398,418.5316,310.6039,420.0517,309.1112,418.5616,311.3573,418.7777,12,nan,nan,nan
ROI_070/patch_155,2,391.3206,430.8973,453.4941,428.4123,453.5679,430.9222,452.9975,430.5026,10,nan,nan,nan
ROI_070/patch_155,3,336.9768,277.5903,415.4914,279.4417,415.8567,277.7654,415.5078,278.5245,12,nan,nan,nan
ROI_070/patch_155,4,419.4303,231.8630,505.9378,232.3184,508.6551,232.0880,405.9646,230.5463,5,nan,nan,nan
ROI_070/patch_155,5,30.8941,201.7090,106.1494,201.1561,102.7716,201.9439,102.7672,201.7074,12,nan,nan,nan
ROI_070/patch_155,6,191.6184,469.6721,231.5583,470.2152,238.0114,469.6479,235.5697,468.8324,10,nan,nan,nan
ROI_070/patch_155,7,364.9523,159.0136,438.2930,158.5931,460.5170,159.3085,437.9721,159.7235,9,nan,nan,nan
ROI_070/patch_157,0,144.1521,398.0101,180.6347,398.7702,179.2733,398.1840,179.9932,397.3209,11,nan,nan,nan
ROI_070/patch_157,1,334.9256,354.6870,365.3278,355.4471,358.5154,354.6083,362.7582,355.7039,13,nan,nan,nan
ROI_070/patch_157,2,345.7990,258.3555,375.2085,259.6803,378.1373,258.2879,376.2637,258.8285,10,nan,nan,nan
ROI_070/patch_157,3,269.9686,119.8487,319.7246,121.3505,322.4957,119.9239,319.6625,120.7685,10,nan,nan,nan
ROI_070/patch_157,4,168.0384,45.8648,237.6387,46.8652,236.4600,46.1014,237.2162,47.2557,9,nan,nan,nan
ROI_070/patch_157,5,455.8529,43.6594,504.4177,44.5850,500.5487,43.4977,nan,nan,2,nan,nan,nan
ROI_070/patch_157,6,239.8217,246.5090,279.2517,247.8995,282.1646,246.5915,280.2822,246.4012,12,nan,nan,nan
ROI_070/patch_157,7,486.2620,324.8430,502.6959,328.4889,500.2509,324.5626,nan,nan,2,nan,nan,nan
ROI_070/patch_158,0,226.9980,184.4350,251.3197,184.4350,250.9335,184.1678,249.8175,183.0260,11,nan,nan,nan
ROI_070/patch_158,1,192.7955,328.0852,210.2768,324.2849,212.1127,327.7223,208.4884,325.1563,5,nan,nan,nan
ROI_070/patch_158,2,140.7318,439.5033,160.1132,439.8131,157.0126,439.0118,158.0412,439.9565,11,nan,nan,nan
ROI_070/patch_158,3,396.6919,212.6580,419.2916,215.5972,415.9501,212.7478,416.5166,213.8000,10,nan,nan,nan
ROI_070/patch_158,4,424.4402,148.8563,454.2541,150.2325,445.4812,149.0153,453.6860,148.0058,11,nan,nan,nan
ROI_070/patch_158,5,167.4020,88.5110,199.6360,90.9483,196.1830,88.1321,197.6202,88.0180,10,nan,nan,nan
ROI_070/patch_158,6,41.5774,149.3039,77.2673,149.4725,70.7835,148.6473,79.0522,149.6163,12,nan,nan,nan
ROI_070/patch_158,7,434.4147,473.7959,444.3734,476.2957,443.1425,473.9245,443.4163,474.5347,10,nan,nan,nan
ROI_070/patch_159,0,286.2822,293.8827,280.2018,295.4028,284.3543,293.7522,279.8980,292.5794,10,nan,nan,nan
ROI_070/patch_159,1,126.6709,379.7688,125.9108,379.7688,127.0226,379.6585,126.1530,379.5543,12,nan,nan,nan
ROI_070/patch_159,2,492.2410,72.7770,491.4968,74.2271,486.7089,72.4802,490.6954,73.5620,7,nan,nan,nan
ROI_070/patch_159,3,119.7284,103.0218,116.7901,100.8290,118.4935,102.5552,117.4912,100.3238,10,nan,nan,nan
ROI_070/patch_159,4,71.0577,285.9624,70.4269,287.8023,71.4601,285.7015,69.0941,283.6917,10,nan,nan,nan
ROI_070/patch_159,5,235.1120,414.7668,235.3586,416.2514,234.4760,414.7616,233.9463,413.9701,13,nan,nan,nan
ROI_070/patch_159,6,163.4495,502.3883,165.4336,502.1375,164.1318,502.4546,nan,nan,2,nan,nan,nan
ROI_070/patch_159,7,338.9060,23.7658,341.7661,24.8236,334.7734,23.3209,333.9796,22.7214,8,nan,nan,nan
ROI_070/patch_160,0,115.2700,106.9094,134.2714,109.9497,132.0629,106.9430,134.9772,107.8036,10,nan,nan,nan
ROI_070/patch_160,1,81.8277,192.0355,91.7084,192.7955,96.2651,191.8980,94.8166,193.4997,10,nan,nan,nan
ROI_070/patch_160,2,256.6076,505.2502,255.1200,505.1777,268.7650,504.9023,nan,nan,0,nan,nan,nan
ROI_070/patch_160,3,22.4925,388.3766,27.8638,391.1696,31.8786,387.8696,32.1027,388.3142,12,nan,nan,nan
ROI_070/patch_160,4,114.3909,443.7599,124.3907,442.8533,124.6820,443.3015,124.3229,443.2603,9,nan,nan,nan
ROI_070/patch_160,5,414.3466,333.4848,429.9324,331.8854,433.1925,333.6091,428.1416,332.3467,3,nan,nan,nan
ROI_070/patch_160,6,318.0968,455.4269,321.2447,456.5343,332.5318,455.2381,322.9182,455.6636,11,nan,nan,nan
ROI_070/patch_160,7,262.0226,217.2037,278.4916,219.5874,279.8399,217.2831,276.8860,218.5023,7,nan,nan,nan
ROI_070/patch_161,0,340.2460,222.4377,348.6066,221.6776,345.7461,222.3639,345.2637,221.6347,10,nan,nan,nan
ROI_070/patch_161,1,464.8949,312.8841,459.5745,312.1240,463.8706,312.4366,458.9548,311.1296,12,nan,nan,nan
ROI_070/patch_161,2,487.7262,63.4632,487.6965,61.3062,484.5257,63.4731,486.3602,62.9171,10,nan,nan,nan
ROI_070/patch_161,3,277.7851,95.1789,289.3224,96.2687,286.2523,95.4544,286.4430,95.5760,12,nan,nan,nan
ROI_070/patch_161,4,46.6708,139.2526,69.6668,139.5918,68.0162,139.8024,68.1429,139.3830,10,nan,nan,nan
ROI_070/patch_161,5,144.3487,257.5631,155.5529,257.4001,160.7564,257.7263,152.0084,257.4138,5,nan,nan,nan
ROI_070/patch_161,6,413.5462,468.0249,410.9310,467.9351,415.9194,467.3510,409.3369,467.6894,9,nan,nan,nan
ROI_070/patch_161,7,460.0509,408.5368,452.7340,409.4109,459.6460,407.9077,451.7414,408.0902,11,nan,nan,nan
ROI_070/patch_163,0,387.0150,109.9235,373.1742,111.4614,376.8568,109.4633,376.1497,109.3624,11,nan,nan,nan
ROI_070/patch_163,1,422.3859,42.2574,413.1587,41.4885,412.7447,41.6967,413.8929,42.2579,10,nan,nan,nan
ROI_070/patch_163,2,394.0127,315.9703,377.7878,317.5355,379.6985,315.6983,379.2207,315.6099,12,nan,nan,nan
ROI_070/patch_163,3,208.5779,485.7527,204.0089,485.9318,195.1424,485.8320,202.7936,484.7911,10,nan,nan,nan
ROI_070/patch_163,4,64.1617,186.6806,60.9873,186.0479,59.7804,186.6247,58.4126,186.4876,9,nan,nan,nan
ROI_070/patch_163,5,14.6980,269.1184,5.6241,270.6306,9.8302,269.1915,nan,nan,2,nan,nan,nan
ROI_070/patch_163,6,282.4321,313.6983,268.5993,314.4597,270.6733,313.5387,269.0672,313.6492,9,nan,nan,nan
ROI_070/patch_163,7,302.1743,61.9855,296.2808,63.0186,294.8559,61.5670,293.8159,61.4180,11,nan,nan,nan
ROI_070/patch_164,0,363.1780,256.7898,343.1858,256.7898,344.2687,256.9737,343.0632,257.0460,10,nan,nan,nan
ROI_070/patch_164,1,257.8342,206.8091,241.6866,208.3470,245.0446,206.6631,242.1710,206.2582,8,nan,nan,nan
ROI_070/patch_164,2,264.7231,429.2089,243.2245,428.2619,241.3908,429.4904,244.5705,428.2722,9,nan,nan,nan
ROI_070/patch_164,3,466.3119,478.5530,430.0752,478.2425,433.4117,479.3800,430.3338,478.1235,10,nan,nan,nan
ROI_070/patch_164,4,431.8224,364.3731,407.0072,367.5161,405.4533,364.9109,403.7397,365.2574,10,nan,nan,nan
ROI_070/patch_164,5,70.2415,277.3498,62.5252,278.3199,60.9652,276.9119,60.9505,276.3722,10,nan,nan,nan
ROI_070/patch_164,6,66.1641,354.6928,54.8358,355.2132,53.4553,354.3889,55.3567,354.2285,12,nan,nan,nan
ROI_070/patch_164,7,434.3926,85.6657,420.8480,88.3934,420.8306,85.6932,420.0747,85.9776,12,nan,nan,nan
ROI_070/patch_167,0,381.7726,33.7156,348.0457,32.8280,348.6725,32.9590,349.5145,32.1664,12,nan,nan,nan
ROI_070/patch_167,1,398.6361,183.7116,352.4835,184.5991,352.8334,183.2366,354.2964,183.3797,12,nan,nan,nan
ROI_070/patch_167,2,342.4248,210.5059,303.6682,212.1132,299.0695,210.1531,300.6956,210.8368,7,nan,nan,nan
ROI_070/patch_167,3,312.6999,141.0622,274.3790,141.9967,276.9710,140.6056,274.7466,139.5792,6,nan,nan,nan
ROI_070/patch_167,4,365.6196,373.6920,299.6742,373.8692,308.0586,373.6397,300.4745,372.4900,10,nan,nan,nan
ROI_070/patch_167,5,135.4250,14.4447,114.1624,16.5609,123.4032,13.9481,115.4034,14.9136,4,nan,nan,nan
ROI_070/patch_167,6,422.9944,108.4640,384.8726,108.8480,380.9506,107.8079,384.0234,108.4261,9,nan,nan,nan
ROI_070/patch_167,7,460.1598,317.5510,397.0321,316.6570,399.3213,317.2710,397.7793,316.7041,10,nan,nan,nan
ROI_071/patch_0,0,388.1294,97.0287,371.4082,97.0287,370.1931,97.3753,371.2421,97.0947,9,nan,nan,nan
ROI_071/patch_0,1,493.7769,228.5181,464.8949,230.0382,471.8515,229.0407,467.0740,229.6676,5,nan,nan,nan
ROI_071/patch_0,2,239.9891,78.8976,226.2379,81.0676,228.2602,79.1370,227.5611,78.5716,12,nan,nan,nan
ROI_071/patch_0,3,291.9107,353.9263,277.1615,353.9270,278.9981,354.4290,277.6427,355.1226,12,nan,nan,nan
ROI_071/patch_0,4,33.3896,358.8028,30.1440,361.5275,31.4444,359.1490,30.6462,359.5279,10,nan,nan,nan
ROI_071/patch_0,5,175.4513,436.8242,169.9939,438.2930,167.7773,437.3242,167.6613,437.7273,12,nan,nan,nan
ROI_071/patch_0,6,423.9372,495.0806,407.8908,495.2970,405.9539,495.7838,406.8495,496.4650,6,nan,nan,nan
ROI_071/patch_0,7,122.5427,111.5078,112.9899,113.7499,115.9085,111.7017,111.9553,112.0484,10,nan,nan,nan
ROI_071/patch_1,0,159.3532,52.9456,147.9524,54.4657,150.6648,53.4510,148.2042,54.4116,7,nan,nan,nan
ROI_071/patch_1,1,33.9443,212.5570,25.5837,213.3170,32.7811,213.2342,22.0804,212.3904,11,nan,nan,nan
ROI_071/patch_1,2,287.2933,351.9444,275.6414,355.4471,275.6279,352.7659,276.3904,352.6451,8,nan,nan,nan
ROI_071/patch_1,3,502.4609,418.9144,480.8560,419.2916,481.3528,419.8036,nan,nan,0,nan,nan,nan
ROI_071/patch_1,4,351.7087,490.4399,336.4457,493.0169,338.4219,491.4077,337.2031,490.7941,7,nan,nan,nan
ROI_071/patch_1,5,165.1984,477.4930,163.1534,478.5758,160.5557,478.4500,160.9537,479.4170,11,nan,nan,nan
ROI_071/patch_1,6,362.1620,97.8298,346.3265,99.3089,344.3877,98.3796,344.9651,98.2116,11,nan,nan,nan
ROI_071/patch_1,7,289.9615,20.3824,277.1615,22.5435,274.7962,20.8511,277.8249,21.6378,10,nan,nan,nan
ROI_071/patch_2,0,444.3734,132.7513,427.6522,135.7915,425.7920,132.7749,426.7432,133.8649,10,nan,nan,nan
ROI_071/patch_2,1,451.2139,203.4363,432.9726,203.4363,434.0283,203.5357,432.4829,202.1501,12,nan,nan,nan
ROI_071/patch_2,2,314.6073,260.7894,306.8036,262.7205,305.3937,260.9944,305.6014,261.4302,10,nan,nan,nan
ROI_071/patch_2,3,436.9530,415.1622,424.6120,415.4914,425.6205,415.4993,423.8289,414.0472,11,nan,nan,nan
ROI_071/patch_2,4,192.9612,127.2776,186.7151,127.4309,186.3418,127.3733,187.1745,126.5165,9,nan,nan,nan
ROI_071/patch_2,5,69.7398,17.9325,73.4671,17.2231,66.3803,17.9460,69.7984,17.4497,10,nan,nan,nan
ROI_071/patch_2,6,238.1431,433.6153,233.8385,436.0128,236.8258,434.0345,236.1717,434.2287,10,nan,nan,nan
ROI_071/patch_2,7,99.4351,377.4185,100.8290,379.0088,103.4199,377.8189,101.6316,379.1258,10,nan,nan,nan
ROI_071/patch_3,0,173.7942,184.4350,164.6735,187.4752,165.9335,184.8393,165.1528,184.5227,10,nan,nan,nan
ROI_071/patch_3,1,278.6816,160.1132,267.2808,161.6333,267.0093,160.5442,266.9174,160.0830,7,nan,nan,nan
ROI_071/patch_3,2,391.3022,340.9269,381.2889,342.5262,378.2810,341.1221,378.4413,342.4443,10,nan,nan,nan
ROI_071/patch_3,3,57.5968,29.2066,53.7057,29.3839,51.5432,29.8142,52.6846,29.0264,12,nan,nan,nan
ROI_071/patch_3,4,311.4891,32.6359,296.9229,33.1842,297.0350,33.2282,297.2165,33.1893,11,nan,nan,nan
ROI_071/patch_3,5,410.8561,215.0118,392.6897,216.3572,395.5148,215.3670,393.8637,215.9954,8,nan,nan,nan
ROI_071/patch_3,6,273.6112,369.3463,263.4806,370.6482,264.8819,369.5103,262.9938,371.3063,12,nan,nan,nan
ROI_071/patch_3,7,33.0833,412.3258,30.9040,413.2112,32.9253,412.4452,32.9062,411.8353,9,nan,nan,nan
ROI_071/patch_4,0,196.5958,28.6239,197.3559,31.6641,195.8237,28.3538,195.3741,28.9705,12,nan,nan,nan
ROI_071/patch_4,1,358.4873,236.1186,352.4069,236.1186,356.6967,235.4217,349.9028,235.3899,6,nan,nan,nan
ROI_071/patch_4,2,251.8889,478.4848,262.7205,479.3359,262.1834,477.9742,262.8031,477.0993,11,nan,nan,nan
ROI_071/patch_4,3,246.5937,92.6471,248.2795,90.9483,245.5053,92.2452,246.0962,91.5451,12,nan,nan,nan
ROI_071/patch_4,4,479.1733,132.9339,466.4150,131.2312,468.8570,131.9833,467.5926,132.5302,11,nan,nan,nan
ROI_071/patch_4,5,47.5441,294.6690,61.3062,295.4028,61.4761,294.6776,63.2939,295.2927,4,nan,nan,nan
ROI_071/patch_4,6,106.2838,435.6372,124.3907,435.2528,121.8245,435.4746,123.9953,435.2586,11,nan,nan,nan
ROI_071/patch_4,7,177.6535,248.5703,181.3947,250.5596,184.3561,248.2891,nan,nan,2,nan,nan,nan
ROI_071/patch_5,0,408.6509,27.8638,394.2099,31.6641,395.9889,27.7965,392.9888,30.0535,5,nan,nan,nan
ROI_071/patch_5,1,420.0517,410.9310,416.2514,412.4511,413.4001,411.1733,413.8574,411.6633,11,nan,nan,nan
ROI_071/patch_5,2,167.1962,301.4609,172.2741,303.0034,170.5254,301.2096,170.8133,301.9295,6,nan,nan,nan
ROI_071/patch_5,3,483.0846,307.5417,475.5356,307.5637,471.7123,307.8077,475.1006,307.8488,11,nan,nan,nan
ROI_071/patch_5,4,370.0788,276.3098,361.5275,277.9216,363.4694,276.3686,359.6128,277.5498,8,nan,nan,nan
ROI_071/patch_5,5,307.4784,447.7305,303.7634,451.2139,306.7318,447.8180,301.8967,446.7979,9,nan,nan,nan
ROI_071/patch_5,6,175.9569,179.2577,175.7893,181.2047,176.7877,178.9277,176.1561,178.7799,10,nan,nan,nan
ROI_071/patch_5,7,45.9366,189.8986,49.7367,190.0560,53.0431,189.3657,47.7806,189.3190,9,nan,nan,nan
ROI_071/patch_6,0,340.2460,191.2754,358.4873,190.5154,357.2306,190.8771,358.9505,191.9765,6,nan,nan,nan
ROI_071/patch_6,1,406.3707,460.3345,433.7327,460.3345,435.6250,459.7781,433.8601,459.1762,11,nan,nan,nan
ROI_071/patch_6,2,472.9507,496.2440,495.2970,495.2970,499.0621,495.8357,nan,nan,2,nan,nan,nan
ROI_071/patch_6,3,119.8157,363.8691,164.2935,363.4277,166.4271,362.5989,164.9680,362.9009,12,nan,nan,nan
ROI_071/patch_6,4,224.9317,36.8272,230.9883,36.7945,241.2760,36.2929,232.3901,36.8934,10,nan,nan,nan
ROI_071/patch_6,5,70.3263,49.0981,92.8484,49.5254,100.2767,48.0945,95.5793,47.6217,8,nan,nan,nan
ROI_071/patch_6,6,249.1662,193.9574,273.5513,194.3157,273.8664,193.2885,272.9757,193.7801,7,nan,nan,nan
ROI_071/patch_6,7,477.4627,184.6601,481.2729,186.1352,482.6535,184.6726,nan,nan,1,nan,nan,nan
ROI_071/patch_7,0,325.0449,160.1132,322.7648,158.5931,322.4597,159.9657,320.2501,158.1980,8,nan,nan,nan
ROI_071/patch_7,1,180.6347,451.9740,195.0757,449.6938,200.0214,451.3307,197.5147,450.7796,7,nan,nan,nan
ROI_071/patch_7,2,285.7891,385.8969,296.9229,386.6093,294.9416,385.5047,295.5469,385.3736,10,nan,nan,nan
ROI_071/patch_7,3,153.5097,174.9045,163.1534,176.8344,163.9583,174.4170,152.1313,175.1894,6,nan,nan,nan
ROI_071/patch_7,4,149.4468,484.5575,170.7540,485.4163,172.3801,483.8299,169.9362,484.5234,13,nan,nan,nan
ROI_071/patch_7,5,127.4189,396.5606,149.4725,398.0101,148.4871,395.8569,151.3803,396.2207,10,nan,nan,nan
ROI_071/patch_7,6,484.8454,194.0740,467.9351,194.6957,471.9973,194.2073,470.1951,194.3474,10,nan,nan,nan
ROI_071/patch_7,7,457.0826,90.8469,443.9934,90.9483,442.1861,91.0044,442.8414,92.0504,11,nan,nan,nan
ROI_071/patch_8,0,414.9213,350.8868,456.5343,350.8868,456.4806,350.3913,454.6571,349.8782,10,nan,nan,nan
ROI_071/patch_8,1,320.2946,208.9467,366.0404,207.2366,364.8961,208.1135,364.8838,208.0037,11,nan,nan,nan
ROI_071/patch_8,2,102.0419,65.7111,153.8202,65.6996,160.5752,63.7052,155.3518,63.3304,9,nan,nan,nan
ROI_071/patch_8,3,169.2843,149.0508,224.7381,146.9173,224.9977,147.3223,224.7844,146.7711,5,nan,nan,nan
ROI_071/patch_8,4,378.8215,93.2625,411.0711,94.7511,413.9005,93.0734,412.3096,93.0390,11,nan,nan,nan
ROI_071/patch_8,5,155.6011,101.2905,208.9813,101.6616,210.7317,99.5714,208.5551,100.2172,11,nan,nan,nan
ROI_071/patch_8,6,400.9945,444.7213,442.1838,443.9372,447.3097,443.9307,444.7949,444.0458,12,nan,nan,nan
ROI_071/patch_8,7,469.1369,483.6971,508.8384,482.7001,510.8865,483.2849,nan,nan,2,nan,nan,nan
ROI_071/patch_9,0,391.1696,65.8665,392.6422,66.2941,390.4059,66.0467,392.9634,66.0365,10,nan,nan,nan
ROI_071/patch_9,1,384.0808,433.0972,399.2458,431.8132,399.0816,432.8689,397.0450,432.8632,10,nan,nan,nan
ROI_071/patch_9,2,414.7794,343.2971,422.8905,344.3974,422.8414,343.2664,423.8004,343.2088,8,nan,nan,nan
ROI_071/patch_9,3,32.1650,308.2542,80.7241,310.2050,79.5306,306.9693,80.8246,306.4330,8,nan,nan,nan
ROI_071/patch_9,4,93.7410,193.6403,130.4832,194.3029,129.8661,192.6831,129.4849,191.9046,9,nan,nan,nan
ROI_071/patch_9,5,471.9999,143.2501,473.1833,144.5439,465.7933,143.6219,473.0423,145.1275,13,nan,nan,nan
ROI_071/patch_9,6,28.4134,110.7805,65.4018,110.8351,68.1070,109.6897,65.8784,109.8396,13,nan,nan,nan
ROI_071/patch_9,7,114.6467,327.8535,154.9508,327.9892,154.0317,326.8263,154.2908,327.9821,9,nan,nan,nan
ROI_071/patch_15,0,112.2298,68.1467,155.5529,68.1467,151.2147,66.7675,152.9046,67.6542,11,nan,nan,nan
ROI_071/patch_15,1,186.7151,353.9270,209.5167,354.6870,212.3531,352.9353,211.2276,354.4612,9,nan,nan,nan
ROI_071/patch_15,2,405.9677,344.2164,408.6509,344.8063,412.1106,343.7542,412.0786,343.9721,12,nan,nan,nan
ROI_071/patch_15,3,387.8771,158.5167,399.5302,158.5931,399.9666,157.8769,400.6671,156.9003,11,nan,nan,nan
ROI_071/patch_15,4,489.3538,194.2043,491.4968,191.2754,491.4858,193.8384,491.2951,192.7938,10,nan,nan,nan
ROI_071/patch_15,5,23.9069,224.6932,64.3464,224.7178,67.1948,223.2103,67.3519,222.7798,6,nan,nan,nan
ROI_071/patch_15,6,22.3568,330.5732,66.6266,328.8452,63.3213,329.1625,65.7695,329.5546,10,nan,nan,nan
ROI_071/patch_15,7,100.1198,419.2959,126.6709,418.5316,132.0262,418.1392,131.3478,417.2011,11,nan,nan,nan
ROI_071/patch_16,0,36.9845,156.3130,90.9483,154.0328,93.9005,155.2306,89.2454,155.0619,13,nan,nan,nan
ROI_071/patch_16,1,43.8250,426.8922,84.8679,424.6120,88.1265,425.5865,83.9543,425.2217,11,nan,nan,nan
ROI_071/patch_16,2,16.7309,337.6310,64.3464,335.6857,67.7860,336.3798,63.8004,336.7647,10,nan,nan,nan
ROI_071/patch_16,3,260.8043,157.8094,285.5221,155.5529,294.2955,156.8993,nan,nan,0,nan,nan,nan
ROI_071/patch_16,4,362.4185,58.3236,387.1160,57.6960,389.6803,57.5763,388.0258,59.2411,10,nan,nan,nan
ROI_071/patch_16,5,441.1343,197.0017,449.4404,198.0565,454.0816,196.1982,449.1687,196.7306,10,nan,nan,nan
ROI_071/patch_16,6,452.6644,126.8327,460.9910,126.2183,467.4946,126.0974,460.0402,127.0522,11,nan,nan,nan
ROI_071/patch_16,7,382.2580,387.2111,390.2602,389.6943,392.9842,386.2013,390.0581,387.7402,12,nan,nan,nan
ROI_071/patch_17,0,446.6536,412.4511,441.9982,412.8312,441.0154,411.7564,441.6822,410.9130,12,nan,nan,nan
ROI_071/patch_17,1,473.1605,376.5386,465.9399,376.9186,466.3539,375.8826,465.7832,375.0823,10,nan,nan,nan
ROI_071/patch_17,2,117.0766,451.9980,132.5745,451.2296,130.7485,451.4166,130.8953,451.9271,12,nan,nan,nan
ROI_071/patch_17,3,77.7891,278.8170,96.7490,280.9481,95.8538,278.5098,96.2250,280.4051,12,nan,nan,nan
ROI_071/patch_17,4,389.1518,303.0476,387.2269,303.1459,388.2497,302.5430,387.9140,302.8846,10,nan,nan,nan
ROI_071/patch_17,5,254.0153,86.1518,265.8557,87.0530,263.7709,86.0352,266.0063,85.7520,12,nan,nan,nan
ROI_071/patch_17,6,130.6133,107.1961,145.6824,109.9633,147.5257,107.1129,156.6059,105.4626,11,nan,nan,nan
ROI_071/patch_17,7,361.2860,40.0734,368.6751,40.1672,365.1469,39.9686,372.5999,39.3934,11,nan,nan,nan
ROI_071/patch_18,0,263.4806,328.8452,271.1761,328.2277,268.9310,327.8709,270.7407,327.4309,10,nan,nan,nan
ROI_071/patch_18,1,129.5164,197.1189,150.9094,195.6453,150.8419,195.9374,148.5826,195.5906,11,nan,nan,nan
ROI_071/patch_18,2,404.4481,324.5060,401.9347,328.2920,399.0867,323.5519,399.3374,323.4515,9,nan,nan,nan
ROI_071/patch_18,3,51.8836,258.7277,74.2898,257.9655,76.7220,257.6170,76.3962,257.3110,9,nan,nan,nan
ROI_071/patch_18,4,390.2550,28.2191,398.6804,28.5350,398.2146,26.8523,397.7563,26.7133,10,nan,nan,nan
ROI_071/patch_18,5,135.6865,412.7173,152.8318,412.1436,147.6428,411.8353,147.4352,412.8702,11,nan,nan,nan
ROI_071/patch_18,6,230.8002,404.6114,240.1447,403.7921,235.6751,403.7359,239.4176,403.1636,10,nan,nan,nan
ROI_071/patch_18,7,369.4936,407.6275,367.6134,407.1225,363.4307,406.7820,369.5988,405.6680,6,nan,nan,nan
ROI_071/patch_19,0,322.6223,274.5964,320.9121,273.7413,320.3517,274.7545,321.0494,274.5366,11,nan,nan,nan
ROI_071/patch_19,1,370.5057,331.8854,364.5202,331.8854,365.4317,332.1026,366.3654,331.9317,11,nan,nan,nan
ROI_071/patch_19,2,399.9570,186.8682,390.5224,184.9917,394.1153,186.9556,392.5403,187.8883,11,nan,nan,nan
ROI_071/patch_19,3,215.7716,197.1460,215.9556,194.6170,219.4895,197.2191,216.7576,198.2380,13,nan,nan,nan
ROI_071/patch_19,4,37.8034,258.3108,46.0337,257.4291,50.4862,258.4172,44.6922,258.6463,11,nan,nan,nan
ROI_071/patch_19,5,435.3692,69.9431,430.0312,70.4817,428.2996,69.9273,428.2663,69.9454,10,nan,nan,nan
ROI_071/patch_19,6,81.5540,426.7498,92.8026,426.9288,91.0593,427.0170,92.1885,425.4630,7,nan,nan,nan
ROI_071/patch_19,7,123.9597,112.5063,135.3363,112.8780,132.9192,112.4896,133.7717,112.1234,11,nan,nan,nan
ROI_071/patch_20,0,255.8800,335.6857,246.7594,333.4055,249.4403,335.0032,247.1902,335.3294,11,nan,nan,nan
ROI_071/patch_20,1,144.1521,362.2876,138.7486,360.6368,140.8910,361.6182,139.3633,360.3308,12,nan,nan,nan
ROI_071/patch_20,2,329.8740,430.3207,323.7218,429.3623,322.2125,429.6215,322.4023,429.8487,10,nan,nan,nan
ROI_071/patch_20,3,251.8776,69.8749,256.0845,68.7054,243.4526,69.2118,254.1112,69.0359,10,nan,nan,nan
ROI_071/patch_20,4,122.8852,441.5386,119.6922,441.8080,120.8129,440.8665,120.6647,440.5116,8,nan,nan,nan
ROI_071/patch_20,5,254.1541,417.2075,244.4718,416.0507,248.4018,416.5195,248.0095,414.9283,11,nan,nan,nan
ROI_071/patch_20,6,180.6864,16.0697,184.3202,15.6030,173.7300,15.4200,185.1969,14.7333,8,nan,nan,nan
ROI_071/patch_20,7,27.4173,119.7196,38.6584,118.2101,25.3498,119.0833,38.2904,118.0970,11,nan,nan,nan
ROI_071/patch_21,0,207.2366,201.9162,206.9040,200.7761,205.9537,202.0587,205.8156,201.3515,12,nan,nan,nan
ROI_071/patch_21,1,460.1952,250.3569,449.9599,249.9786,449.3453,250.7277,449.7544,250.2684,7,nan,nan,nan
ROI_071/patch_21,2,109.4675,405.4332,114.1300,406.9408,111.7125,405.6065,110.9833,406.3558,10,nan,nan,nan
ROI_071/patch_21,3,49.7859,170.2405,53.4422,172.0733,54.4590,170.2401,50.3772,171.0551,10,nan,nan,nan
ROI_071/patch_21,4,338.7408,433.2522,330.1674,434.4999,332.3269,433.6238,331.4972,434.5893,11,nan,nan,nan
ROI_071/patch_21,5,461.2691,57.5429,450.2094,57.0145,450.5261,57.8112,449.3520,58.6633,9,nan,nan,nan
ROI_071/patch_21,6,415.4587,140.4411,406.1514,141.6749,406.3782,140.7172,405.5235,141.2906,7,nan,nan,nan
ROI_071/patch_21,7,491.7180,448.6224,477.7529,450.0225,479.5291,449.1247,478.6326,450.3685,7,nan,nan,nan
ROI_071/patch_22,0,157.0730,158.5931,154.3653,159.4957,151.8393,158.0438,153.2797,158.8653,11,nan,nan,nan
ROI_071/patch_22,1,479.2760,32.0555,465.4329,31.6732,464.7381,31.0232,464.5556,30.8736,10,nan,nan,nan
ROI_071/patch_22,2,500.4914,141.2868,485.9906,139.1725,485.5584,140.3096,485.5018,140.8554,3,nan,nan,nan
ROI_071/patch_22,3,333.6855,216.5648,324.0992,217.5485,323.5875,215.8449,322.9383,215.7628,10,nan,nan,nan
ROI_071/patch_22,4,395.1126,406.1986,382.0256,403.9904,383.6364,405.5445,381.5720,405.2838,12,nan,nan,nan
ROI_071/patch_22,5,448.2062,495.2402,431.1901,495.1885,435.4002,494.5877,432.7037,494.8193,5,nan,nan,nan
ROI_071/patch_22,6,138.5561,329.3115,135.9959,328.8215,134.1597,328.9108,134.4490,328.7085,12,nan,nan,nan
ROI_071/patch_22,7,319.2758,495.7515,306.1393,495.4762,310.1002,495.2553,308.3272,494.5164,7,nan,nan,nan
ROI_071/patch_23,0,239.9189,141.1119,237.3537,140.1143,234.9452,140.6519,236.2662,139.6135,9,nan,nan,nan
ROI_071/patch_23,1,129.2255,278.4641,128.5642,276.1338,127.9998,277.8458,128.2619,277.3036,11,nan,nan,nan
ROI_071/patch_23,2,118.6059,178.3491,115.4277,176.7535,118.1055,177.7798,116.1423,178.8772,11,nan,nan,nan
ROI_071/patch_23,3,299.2052,319.4583,290.7711,317.8278,291.4109,318.9404,290.8930,318.0589,10,nan,nan,nan
ROI_071/patch_23,4,386.7181,409.8643,375.8726,409.2120,375.3183,409.3589,375.2511,408.4192,10,nan,nan,nan
ROI_071/patch_23,5,152.9963,442.1143,150.2679,440.6253,150.3422,441.4207,149.3308,441.7597,5,nan,nan,nan
ROI_071/patch_23,6,40.4583,442.3455,44.0338,441.7676,42.0648,441.5700,42.2648,441.7670,10,nan,nan,nan
ROI_071/patch_23,7,348.9071,26.0299,342.4013,25.8594,340.1780,25.7142,340.5262,25.4950,10,nan,nan,nan
ROI_071/patch_24,0,346.8965,101.2090,333.6430,101.2090,333.6921,100.6563,333.0143,100.6591,10,nan,nan,nan
ROI_071/patch_24,1,96.8150,380.5289,90.9721,380.1489,90.2312,379.8973,90.3368,379.3845,11,nan,nan,nan
ROI_071/patch_24,2,168.7632,321.4317,158.2368,320.8646,160.1573,320.8311,159.9735,320.7842,11,nan,nan,nan
ROI_071/patch_24,3,329.9282,355.0482,321.1130,354.3178,315.8765,354.5819,318.2279,354.3830,12,nan,nan,nan
ROI_071/patch_24,4,201.2172,501.9190,193.3673,501.8951,190.5558,501.4134,nan,nan,1,nan,nan,nan
ROI_071/patch_24,5,188.0162,33.8959,182.7700,34.5433,180.3691,33.1973,180.4372,32.4306,12,nan,nan,nan
ROI_071/patch_24,6,491.0091,238.9262,472.7624,238.4219,472.3408,238.5356,472.6093,239.0077,10,nan,nan,nan
ROI_071/patch_24,7,79.9561,334.8622,74.1298,332.5197,74.1747,334.2001,72.2385,333.1122,12,nan,nan,nan
ROI_071/patch_25,0,277.9216,182.9148,270.8911,183.2949,269.3556,182.4713,269.3144,182.6953,12,nan,nan,nan
ROI_071/patch_25,1,441.5232,211.9869,428.2223,210.0868,428.3250,211.2644,427.5250,210.8414,9,nan,nan,nan
ROI_071/patch_25,2,380.2577,395.5365,370.6482,397.0601,369.5430,394.7942,369.3152,396.4838,13,nan,nan,nan
ROI_071/patch_25,3,73.3575,60.6631,73.1828,60.9983,70.2527,60.6234,72.6112,60.5216,12,nan,nan,nan
ROI_071/patch_25,4,43.2849,323.9924,41.4924,323.9107,42.0662,323.8323,42.8917,324.1514,12,nan,nan,nan
ROI_071/patch_25,5,418.2261,117.5821,405.3444,117.3367,405.3399,116.9570,404.1829,117.4616,13,nan,nan,nan
ROI_071/patch_25,6,286.8368,451.6138,277.3640,452.3396,279.0470,450.9844,278.3667,450.7956,12,nan,nan,nan
ROI_071/patch_25,7,258.6773,24.4229,251.0986,22.6973,250.0590,24.1113,250.4013,22.7509,13,nan,nan,nan
ROI_071/patch_26,0,30.9040,310.6039,24.8236,309.0838,26.2003,310.0772,25.7704,309.1962,12,nan,nan,nan
ROI_071/patch_26,1,416.2514,273.3613,401.0503,273.3613,400.0832,273.0724,399.8562,272.0715,6,nan,nan,nan
ROI_071/patch_26,2,394.0648,506.9804,381.2889,507.4579,379.6511,506.3684,nan,nan,0,nan,nan,nan
ROI_071/patch_26,3,183.8424,299.7303,175.3143,299.3931,174.6071,299.2928,175.6601,298.8373,9,nan,nan,nan
ROI_071/patch_26,4,207.8624,89.7297,198.0790,88.3427,196.9306,89.5846,196.0038,89.8195,11,nan,nan,nan
ROI_071/patch_26,5,30.8530,181.7523,34.1133,177.2052,25.5415,181.3978,30.1448,180.2990,9,nan,nan,nan
ROI_071/patch_26,6,246.9936,156.4445,235.9356,155.2130,235.2308,156.2294,234.4559,155.9543,12,nan,nan,nan
ROI_071/patch_26,7,408.8595,96.3419,392.1777,97.6421,392.0709,96.2861,390.5215,97.2017,10,nan,nan,nan
ROI_071/patch_27,0,431.9320,101.6752,418.1044,102.8275,418.4562,101.5501,417.4625,102.2947,12,nan,nan,nan
ROI_071/patch_27,1,202.0481,90.1522,198.0150,89.5760,195.3706,89.6835,194.8039,89.8927,12,nan,nan,nan
ROI_071/patch_27,2,169.0217,275.1408,162.2937,276.2487,165.2866,274.3942,164.2287,274.2895,10,nan,nan,nan
ROI_071/patch_27,3,206.7676,295.9784,204.9288,294.1093,202.1158,295.2651,201.8661,296.0837,9,nan,nan,nan
ROI_071/patch_27,4,221.7583,348.6422,218.1803,350.5721,217.2099,347.8878,219.5904,349.2601,11,nan,nan,nan
ROI_071/patch_27,5,101.8559,182.0784,99.4934,182.3362,99.1625,181.3413,97.6575,181.7739,8,nan,nan,nan
ROI_071/patch_27,6,343.2420,65.6171,332.2580,64.8016,332.0561,65.3981,332.6489,64.6352,12,nan,nan,nan
ROI_071/patch_27,7,447.5172,449.7013,435.2052,449.5608,437.2376,449.1744,434.6766,448.9253,11,nan,nan,nan
ROI_071/patch_28,0,292.3626,214.0771,280.9618,211.0368,279.8430,213.5003,280.2909,213.7019,12,nan,nan,nan
ROI_071/patch_28,1,500.6174,74.2271,478.5758,72.7070,481.8647,73.5168,481.0834,73.5104,3,nan,nan,nan
ROI_071/patch_28,2,228.1991,98.2028,220.1575,97.0287,216.9444,97.5868,218.1858,97.3977,11,nan,nan,nan
ROI_071/patch_28,3,160.3520,210.8410,152.8927,207.6166,151.4045,210.3025,151.9127,210.4605,9,nan,nan,nan
ROI_071/patch_28,4,89.8043,94.8117,80.7651,94.5478,82.2946,94.2358,81.2620,92.7661,9,nan,nan,nan
ROI_071/patch_28,5,163.2055,416.0556,154.5259,415.4451,155.0267,415.6201,155.0791,415.3682,11,nan,nan,nan
ROI_071/patch_28,6,446.5702,138.4375,428.2771,137.1313,429.5503,137.7760,428.7582,137.2986,12,nan,nan,nan
ROI_071/patch_28,7,460.9753,282.8106,440.2538,281.4210,444.1593,282.2178,446.7879,284.0229,6,nan,nan,nan
ROI_071/patch_29,0,107.7600,167.3580,104.3381,166.2174,106.6317,166.8566,105.5103,166.7327,10,nan,nan,nan
ROI_071/patch_29,1,137.9867,434.8358,138.5570,433.6952,138.6493,434.3137,137.8789,432.7472,12,nan,nan,nan
ROI_071/patch_29,2,328.6561,132.0216,317.3561,129.8843,318.8128,131.4621,318.5423,131.2675,12,nan,nan,nan
ROI_071/patch_29,3,474.3870,309.2929,461.0450,309.4954,460.9919,308.6855,460.6440,307.9237,10,nan,nan,nan
ROI_071/patch_29,4,311.1199,373.7456,302.2919,373.2284,304.5860,373.1795,302.2604,371.4319,10,nan,nan,nan
ROI_071/patch_29,5,66.7262,84.9164,66.9652,84.2351,66.2416,84.4301,64.4450,83.2589,12,nan,nan,nan
ROI_071/patch_29,6,384.4704,366.1940,375.9570,368.5006,375.0885,365.6083,377.4212,365.6453,8,nan,nan,nan
ROI_071/patch_29,7,249.8332,59.9689,244.4091,60.3443,242.1721,59.4341,242.4902,59.0833,10,nan,nan,nan
ROI_071/patch_35,0,382.8918,365.9520,375.2842,367.4735,376.8434,365.2773,371.7240,365.5976,10,nan,nan,nan
ROI_071/patch_35,1,169.1171,456.4829,169.1171,455.7222,168.4841,455.9064,168.3472,455.7625,13,nan,nan,nan
ROI_071/patch_35,2,140.2395,388.6424,141.7296,387.2534,140.3153,388.1680,140.7728,387.4525,11,nan,nan,nan
ROI_071/patch_35,3,65.3607,430.4826,74.0216,428.3347,67.3362,430.0313,74.0040,428.8175,10,nan,nan,nan
ROI_071/patch_35,4,32.0578,346.7841,33.7011,344.6506,34.8491,346.4566,35.3496,346.1159,7,nan,nan,nan
ROI_071/patch_35,5,465.9101,414.5710,457.4467,415.4017,457.7824,413.7653,456.9429,414.4817,9,nan,nan,nan
ROI_071/patch_35,6,482.8365,169.5643,474.9443,165.1103,474.2125,169.0146,472.2132,168.4161,12,nan,nan,nan
ROI_071/patch_35,7,362.4304,278.4194,353.9828,273.8995,356.8729,277.8608,354.6318,276.9766,12,nan,nan,nan
ROI_071/patch_36,0,303.0116,71.5363,294.6432,71.5363,294.9883,71.2906,290.9481,71.7309,10,nan,nan,nan
ROI_071/patch_36,1,16.2035,290.6363,16.9643,287.5933,10.6947,290.0686,15.7549,289.1119,10,nan,nan,nan
ROI_071/patch_36,2,414.1605,210.6621,406.4755,209.2346,405.6476,210.0239,403.6607,208.9470,11,nan,nan,nan
ROI_071/patch_36,3,476.1628,207.4752,465.8151,205.4308,467.2018,206.8046,464.4283,205.2572,12,nan,nan,nan
ROI_071/patch_36,4,345.4303,234.9639,336.4852,235.1006,337.4589,234.3136,336.4309,233.0508,8,nan,nan,nan
ROI_071/patch_36,5,354.7194,144.4605,342.3811,146.0912,346.4861,144.0132,342.4978,144.5896,10,nan,nan,nan
ROI_071/patch_36,6,250.9743,90.0730,237.3957,91.3161,243.3613,89.8179,238.4674,89.5561,9,nan,nan,nan
ROI_071/patch_36,7,110.5204,230.1147,102.9306,232.0575,104.2096,229.6262,103.5040,229.5699,9,nan,nan,nan
ROI_071/patch_37,0,415.4914,204.9564,411.3111,204.5764,408.8371,204.5529,414.3566,203.5849,10,nan,nan,nan
ROI_071/patch_37,1,88.3526,217.2788,90.2573,216.1382,92.3628,216.6223,88.4628,215.5683,10,nan,nan,nan
ROI_071/patch_37,2,351.5156,84.3531,350.0084,82.6972,346.6952,83.7672,348.0672,82.7507,7,nan,nan,nan
ROI_071/patch_37,3,466.6994,87.4401,458.6817,86.5478,458.1393,86.9512,459.4811,86.3147,11,nan,nan,nan
ROI_071/patch_37,4,502.2643,19.1954,492.0538,18.5201,492.4080,18.6617,491.4011,19.1868,3,nan,nan,nan
ROI_071/patch_37,5,210.7141,106.4443,210.1022,105.8010,210.5180,105.7675,208.4593,105.9083,11,nan,nan,nan
ROI_071/patch_37,6,315.0877,468.1652,314.8394,468.7225,312.2373,467.9644,314.5007,467.6046,10,nan,nan,nan
ROI_071/patch_37,7,236.8832,414.8012,238.1370,414.3440,236.4670,414.4791,236.8382,414.4805,10,nan,nan,nan
ROI_071/patch_38,0,387.3694,141.1119,375.9686,140.3518,380.6724,140.1114,373.4839,140.2638,12,nan,nan,nan
ROI_071/patch_38,1,341.7661,499.8574,341.7661,498.3372,341.6332,498.9214,340.9723,497.6880,3,nan,nan,nan
ROI_071/patch_38,2,391.0361,415.7494,388.1294,417.7715,388.6428,414.8242,386.7228,414.3428,6,nan,nan,nan
ROI_071/patch_38,3,94.5805,322.1610,98.5489,322.0047,96.2412,321.0123,94.8656,320.5982,13,nan,nan,nan
ROI_071/patch_38,4,191.3350,285.8460,190.8954,284.3821,190.6082,284.7526,191.3253,284.6827,11,nan,nan,nan
ROI_071/patch_38,5,279.6365,66.9168,277.2812,66.1206,273.7731,65.8245,278.0813,63.2193,8,nan,nan,nan
ROI_071/patch_38,6,108.5399,172.8630,109.5517,170.1274,107.5628,171.6842,110.9749,171.0427,6,nan,nan,nan
ROI_071/patch_38,7,94.7632,498.1433,102.5377,496.1889,99.2222,497.0414,103.6262,496.7302,3,nan,nan,nan
ROI_071/patch_38,8,351.5615,333.2936,352.5716,333.1336,348.5937,332.3201,351.9351,331.9832,6,nan,nan,nan
ROI_071/patch_39,0,284.7621,179.8746,277.9216,178.3545,286.5849,179.0611,280.4363,178.2824,10,nan,nan,nan
ROI_071/patch_39,1,402.5704,123.6306,405.6107,122.8706,400.3019,122.8678,403.8361,122.2735,8,nan,nan,nan
ROI_071/patch_39,2,325.4521,361.7045,323.5248,360.0074,327.1211,360.3862,326.8843,360.2333,12,nan,nan,nan
ROI_071/patch_39,3,101.3486,245.7432,107.9960,246.9072,109.4055,244.9069,106.9077,245.0700,12,nan,nan,nan
ROI_071/patch_39,4,43.6671,220.8494,52.4138,219.9756,53.3991,220.1244,52.3209,220.4433,11,nan,nan,nan
ROI_071/patch_39,5,78.1760,115.6252,83.6929,114.3107,86.1543,115.1453,85.3599,114.5709,10,nan,nan,nan
ROI_071/patch_39,6,200.8935,458.0493,213.3698,457.8797,207.1190,456.5816,210.7978,457.1937,9,nan,nan,nan
ROI_071/patch_39,7,448.1308,268.4650,440.2565,266.7052,445.3223,267.2896,439.8205,266.8279,9,nan,nan,nan
ROI_075/patch_0,0,265.7607,138.8317,230.0382,140.3518,231.0477,139.7457,230.3055,140.1929,9,nan,nan,nan
ROI_075/patch_0,1,303.0034,334.9256,268.8009,336.4457,265.8247,335.8390,266.6654,336.3515,13,nan,nan,nan
ROI_075/patch_0,2,150.8198,386.9169,125.9108,387.3694,113.0710,387.7757,123.7313,387.1294,12,nan,nan,nan
ROI_075/patch_0,3,59.7328,356.3165,28.6239,357.7273,22.4127,357.1467,24.6506,357.0190,9,nan,nan,nan
ROI_075/patch_0,4,437.7271,156.1510,403.3305,157.0730,402.7093,157.1216,403.8665,156.5925,12,nan,nan,nan
ROI_075/patch_0,5,268.5156,74.2084,235.3586,75.7472,234.6074,75.1277,234.1293,75.9955,11,nan,nan,nan
ROI_075/patch_0,6,449.0979,4.3435,407.1308,5.0622,415.9682,5.3282,nan,nan,1,nan,nan,nan
ROI_075/patch_0,7,439.9059,406.4723,397.2501,407.8908,401.7640,407.4269,400.1604,407.9792,12,nan,nan,nan
ROI_075/patch_1,0,163.9135,91.7084,138.0717,92.4684,136.6260,91.7427,137.2052,92.3921,12,nan,nan,nan
ROI_075/patch_1,1,43.0649,64.3464,13.4228,66.6266,16.2430,64.2580,14.4321,66.8361,5,nan,nan,nan
ROI_075/patch_1,2,456.9883,88.1755,426.1321,87.9081,428.0934,88.5400,427.0155,89.6373,13,nan,nan,nan
ROI_075/patch_1,3,365.8397,309.0321,342.5262,309.0838,338.9488,309.1920,344.2089,308.6692,9,nan,nan,nan
ROI_075/patch_1,4,314.6911,450.2409,283.2420,451.9740,289.0429,450.2779,285.5368,451.2001,5,nan,nan,nan
ROI_075/patch_1,5,436.2697,473.3556,401.8104,473.2555,410.1229,473.5182,401.6765,474.3999,9,nan,nan,nan
ROI_075/patch_1,6,223.0306,200.0237,196.5958,201.1561,196.1650,200.0741,195.6040,200.2632,11,nan,nan,nan
ROI_075/patch_1,7,154.1513,344.4327,128.1910,345.5664,128.6462,344.3389,126.3368,344.5720,10,nan,nan,nan
ROI_075/patch_2,0,398.0101,100.0690,380.5289,103.1092,374.5295,100.3884,376.7473,99.8807,8,nan,nan,nan
ROI_075/patch_2,1,415.4914,278.6816,386.6093,278.6816,388.3004,279.1189,388.1910,279.6801,11,nan,nan,nan
ROI_075/patch_2,2,383.6617,353.8183,356.9672,353.9270,355.9209,354.2572,356.2583,354.8711,10,nan,nan,nan
ROI_075/patch_2,3,166.8665,248.9528,159.3532,248.2795,146.6326,249.0699,162.4129,248.0363,10,nan,nan,nan
ROI_075/patch_2,4,70.3769,175.6370,65.8665,175.3143,53.9703,175.5966,64.2383,175.3967,11,nan,nan,nan
ROI_075/patch_2,5,29.2703,239.7889,13.4228,242.1991,12.7536,239.7328,15.1980,240.1451,10,nan,nan,nan
ROI_075/patch_2,6,107.9084,482.7658,78.0274,484.6563,84.9290,482.9371,79.6550,483.8495,12,nan,nan,nan
ROI_075/patch_2,7,468.0668,169.8077,442.8533,170.7540,441.5062,170.2505,441.1299,171.1978,10,nan,nan,nan
ROI_075/patch_3,0,216.3572,45.3451,192.7955,45.3451,176.1985,46.1738,193.1511,46.2535,10,nan,nan,nan
ROI_075/patch_3,1,275.6414,329.6053,244.4792,329.7953,245.4050,330.1705,245.5591,329.8755,8,nan,nan,nan
ROI_075/patch_3,2,487.8221,229.6048,453.5813,230.1039,457.0335,230.5601,454.1470,230.4470,10,nan,nan,nan
ROI_075/patch_3,3,200.5078,271.9562,168.2564,274.2905,167.4634,272.4943,169.5661,271.5916,12,nan,nan,nan
ROI_075/patch_3,4,417.7073,391.3169,389.0094,391.7908,391.2540,391.9897,388.3164,392.1429,9,nan,nan,nan
ROI_075/patch_3,5,296.9516,464.2589,272.0729,465.0794,271.3300,464.6907,273.9193,464.3631,12,nan,nan,nan
ROI_075/patch_3,6,468.2141,459.5332,444.0005,459.9158,444.5994,460.1891,442.6433,460.0314,10,nan,nan,nan
ROI_075/patch_3,7,213.6312,126.7797,185.6310,129.0652,176.0665,127.5077,184.1871,129.3319,9,nan,nan,nan
ROI_075/patch_4,0,155.8947,91.3046,120.7672,92.8319,122.4972,92.0094,121.2888,91.6485,8,nan,nan,nan
ROI_075/patch_4,1,505.6431,466.2532,452.9518,468.5441,461.0642,466.4291,nan,nan,0,nan,nan,nan
ROI_075/patch_4,2,456.2644,459.7591,408.6605,461.6713,413.7237,459.9792,405.8263,461.8677,11,nan,nan,nan
ROI_075/patch_4,3,259.6655,378.4702,221.5680,379.9616,224.6913,378.9025,220.9206,379.2327,12,nan,nan,nan
ROI_075/patch_4,4,55.8506,382.2852,34.4755,383.0161,29.5924,382.8797,32.0479,382.3211,10,nan,nan,nan
ROI_075/patch_4,5,63.7828,101.5691,34.4755,102.7592,34.4089,102.3416,35.4681,102.8886,8,nan,nan,nan
ROI_075/patch_4,6,504.9763,335.5656,455.2427,337.9612,459.1324,335.8279,nan,nan,0,nan,nan,nan
ROI_075/patch_4,7,276.9138,227.7717,245.2409,229.9058,239.7139,228.2890,243.9911,229.0800,12,nan,nan,nan
ROI_075/patch_5,0,476.6883,203.6237,444.6153,205.1510,442.1830,204.1655,447.4055,203.8540,12,nan,nan,nan
ROI_075/patch_5,1,483.5611,73.8045,456.8336,76.0954,453.0504,74.2607,453.7149,74.9745,12,nan,nan,nan
ROI_075/patch_5,2,147.6484,161.3347,107.8489,162.3870,109.8552,162.4588,109.8067,161.7993,10,nan,nan,nan
ROI_075/patch_5,3,52.2293,266.7702,13.9208,267.7697,9.9473,268.1292,13.5768,267.4079,8,nan,nan,nan
ROI_075/patch_5,4,247.3125,264.3787,207.1224,263.1879,207.8048,265.3771,207.3842,265.0208,12,nan,nan,nan
ROI_075/patch_5,5,456.5178,447.8096,423.2333,449.5167,414.3985,448.5254,419.3347,449.0103,10,nan,nan,nan
ROI_075/patch_5,6,420.4552,477.5639,381.2330,477.7715,376.9426,478.3629,380.7050,478.5352,12,nan,nan,nan
ROI_075/patch_5,7,189.0293,424.2212,143.7401,426.6074,143.9130,425.4166,143.1668,425.7596,12,nan,nan,nan
ROI_075/patch_6,0,255.8800,167.7138,225.4779,167.7138,227.0483,168.0622,226.7028,167.8778,10,nan,nan,nan
ROI_075/patch_6,1,328.8452,197.3559,303.7634,198.1159,301.5761,197.5876,304.0313,198.8726,12,nan,nan,nan
ROI_075/patch_6,2,438.3255,32.2418,421.5718,32.4242,416.3235,32.2311,416.2980,31.7977,9,nan,nan,nan
ROI_075/patch_6,3,118.6440,238.0348,84.8679,239.1588,85.1152,238.6432,83.6809,239.7931,6,nan,nan,nan
ROI_075/patch_6,4,267.4038,381.4506,261.9605,382.8090,235.9038,381.8477,260.8570,380.9725,12,nan,nan,nan
ROI_075/patch_6,5,207.3423,284.5187,181.3947,284.7621,175.5674,284.9886,179.3246,285.1451,11,nan,nan,nan
ROI_075/patch_6,6,97.9205,193.8352,65.1065,195.8358,64.4468,194.4653,65.0418,193.9046,11,nan,nan,nan
ROI_075/patch_6,7,65.0246,148.8855,33.1842,152.5127,31.2868,149.5581,29.0498,149.9862,10,nan,nan,nan
ROI_075/patch_6,8,50.7049,389.1614,36.2244,391.9297,13.2289,389.9359,33.5103,389.3496,10,nan,nan,nan
ROI_075/patch_7,0,290.8425,84.1078,259.6803,87.1480,257.9622,85.0843,259.6703,85.2294,11,nan,nan,nan
ROI_075/patch_7,1,233.8385,383.5691,218.6374,382.0490,221.4400,383.5650,219.9224,382.1840,11,nan,nan,nan
ROI_075/patch_7,2,153.5112,353.8527,139.5918,354.6870,145.5470,353.7672,139.7972,355.0279,10,nan,nan,nan
ROI_075/patch_7,3,122.2478,204.3241,109.1896,205.7165,108.5486,204.6041,107.0912,204.9288,9,nan,nan,nan
ROI_075/patch_7,4,17.3636,194.8046,7.3424,197.3559,11.0377,194.8941,nan,nan,2,nan,nan,nan
ROI_075/patch_7,5,411.6947,190.4073,379.7688,193.5556,375.4738,191.3289,377.0275,191.3243,9,nan,nan,nan
ROI_075/patch_7,6,477.1830,255.2203,439.0530,258.1602,439.5419,256.0913,439.6946,256.2002,10,nan,nan,nan
ROI_075/patch_7,7,468.5316,75.8357,419.2916,77.2673,421.8402,77.2053,419.1750,76.9800,11,nan,nan,nan
ROI_075/patch_7,8,199.8367,15.2434,173.7942,16.4630,170.0768,16.2291,173.0311,15.6919,8,nan,nan,nan
ROI_075/patch_8,0,477.8158,201.1561,455.0142,203.4363,443.0046,201.2451,456.4121,201.8172,12,nan,nan,nan
ROI_075/patch_8,1,327.3251,220.9175,295.4028,221.6776,295.4621,221.1194,294.4313,221.3842,11,nan,nan,nan
ROI_075/patch_8,2,175.6420,169.5971,141.1119,170.7540,140.3545,170.1117,141.2499,170.4621,12,nan,nan,nan
ROI_075/patch_8,3,60.7646,305.5188,40.7848,308.3238,38.5768,305.7819,38.8395,306.5422,11,nan,nan,nan
ROI_075/patch_8,4,52.8356,440.8988,43.8250,442.8533,42.8645,440.7924,43.5214,440.2073,10,nan,nan,nan
ROI_075/patch_8,5,148.0651,402.6342,131.2312,403.3305,133.9156,402.5283,132.5710,403.2616,10,nan,nan,nan
ROI_075/patch_8,6,284.5957,40.6561,239.1588,41.5448,236.8816,41.4095,240.0349,40.5985,10,nan,nan,nan
ROI_075/patch_8,7,403.5329,11.5264,364.5677,14.1829,352.2756,12.2284,365.0121,12.6860,6,nan,nan,nan
ROI_075/patch_8,8,372.2389,483.8396,354.6870,485.4163,363.6314,483.2563,355.3598,483.6570,8,nan,nan,nan
ROI_075/patch_10,0,210.2768,290.8425,195.8358,291.6026,192.7094,291.1235,196.2814,290.3984,12,nan,nan,nan
ROI_075/patch_10,1,398.7702,217.1173,382.0490,218.6374,380.4534,217.3663,383.0100,216.9613,7,nan,nan,nan
ROI_075/patch_10,2,381.8870,154.0345,364.5677,152.5127,363.8500,154.2618,365.3845,153.8543,9,nan,nan,nan
ROI_075/patch_10,3,356.8565,67.0584,341.0061,65.8665,339.2142,67.2559,344.5771,66.5157,12,nan,nan,nan
ROI_075/patch_10,4,268.4184,79.3302,247.5194,79.5475,251.1958,79.5348,249.1941,79.4277,10,nan,nan,nan
ROI_075/patch_10,5,44.8436,379.2367,29.3839,378.2487,27.8617,379.5541,26.4773,380.2529,10,nan,nan,nan
ROI_075/patch_10,6,25.9694,461.0728,8.1024,463.3748,8.8353,461.4196,8.0616,462.2829,3,nan,nan,nan
ROI_075/patch_10,7,344.9082,500.1627,318.9645,502.1375,326.0063,500.5130,317.1629,499.7416,3,nan,nan,nan
ROI_075/patch_11,0,250.5596,126.6709,238.3988,126.6709,238.1329,126.6030,238.3314,126.5532,10,nan,nan,nan
ROI_075/patch_11,1,153.2727,116.7901,142.6320,116.7901,141.6173,116.4765,140.2806,117.5665,10,nan,nan,nan
ROI_075/patch_11,2,156.2400,41.1301,148.7124,43.0649,147.7059,40.7900,147.0458,40.3949,8,nan,nan,nan
ROI_075/patch_11,3,321.6114,6.3746,307.5637,8.1024,313.9003,6.4295,303.7627,6.4249,3,nan,nan,nan
ROI_075/patch_11,4,368.2543,479.0384,335.6857,481.6161,340.8012,479.4198,335.8161,479.3504,12,nan,nan,nan
ROI_075/patch_11,5,147.2371,486.7259,122.1105,488.4565,120.2888,486.5623,120.2191,487.0672,9,nan,nan,nan
ROI_075/patch_11,6,103.9926,273.9347,90.1883,273.3613,86.0149,273.5688,88.7703,272.8487,11,nan,nan,nan
ROI_075/patch_11,7,40.1766,308.3105,29.3839,309.0838,21.0134,307.8015,26.3623,308.0413,10,nan,nan,nan
ROI_075/patch_12,0,286.2822,472.4954,249.0395,474.7756,246.2558,473.8381,249.9702,473.7365,12,nan,nan,nan
ROI_075/patch_12,1,88.6682,17.9831,58.2660,19.5032,54.9137,19.0273,58.9907,18.6177,10,nan,nan,nan
ROI_075/patch_12,2,211.6201,23.9768,190.5154,26.3437,179.8362,24.8906,190.3831,24.9683,9,nan,nan,nan
ROI_075/patch_12,3,198.9349,179.3259,167.7138,179.8746,163.6385,180.4312,166.2327,180.6342,9,nan,nan,nan
ROI_075/patch_12,4,343.2538,259.4012,299.9632,260.4404,308.7207,260.4369,299.5954,260.9585,12,nan,nan,nan
ROI_075/patch_12,5,126.9370,457.0101,83.3478,461.8547,84.5206,458.5129,82.8530,458.5712,12,nan,nan,nan
ROI_075/patch_12,6,59.7979,128.2974,24.8236,131.2312,23.2103,129.4998,21.7585,129.6309,10,nan,nan,nan
ROI_075/patch_12,7,468.2768,151.7486,437.5329,154.7928,438.1608,152.5219,438.1824,153.4007,10,nan,nan,nan
ROI_075/patch_13,0,115.2700,93.9885,103.8692,96.2687,82.2238,94.6430,104.7710,93.8236,10,nan,nan,nan
ROI_075/patch_13,1,418.5316,133.5113,384.3291,136.5516,384.4006,134.3770,383.5822,135.6752,9,nan,nan,nan
ROI_075/patch_13,2,333.1110,251.9511,304.5235,252.8398,302.2914,252.6972,303.5719,252.1982,10,nan,nan,nan
ROI_075/patch_13,3,503.6348,455.6515,477.8158,456.5343,476.4152,456.4322,nan,nan,2,nan,nan,nan
ROI_075/patch_13,4,379.8863,456.4519,353.1669,457.2943,353.5020,457.1385,352.9135,456.6288,12,nan,nan,nan
ROI_075/patch_13,5,224.6679,301.1766,197.3559,304.5235,195.7059,301.8177,196.7016,301.6837,9,nan,nan,nan
ROI_075/patch_13,6,112.6126,367.3299,86.3880,369.8881,85.9248,367.8555,87.1100,367.5400,12,nan,nan,nan
ROI_075/patch_13,7,27.2631,131.1248,24.0636,131.9912,-4.3408,131.6954,19.8159,130.8267,12,nan,nan,nan
ROI_075/patch_13,8,497.1223,254.0491,461.8547,254.3599,465.2689,254.9184,461.0169,254.6401,6,nan,nan,nan
ROI_075/patch_14,0,123.6306,109.9497,85.6279,112.2298,89.4318,110.9131,86.1952,112.3435,10,nan,nan,nan
ROI_075/patch_14,1,329.6053,143.3920,295.4028,144.9121,289.4669,144.7434,292.0850,144.1456,12,nan,nan,nan
ROI_075/patch_14,2,405.7315,271.6268,387.3694,275.6414,366.2165,272.9939,387.8453,271.4668,12,nan,nan,nan
ROI_075/patch_14,3,70.7376,186.0125,37.7445,188.2352,40.1232,186.7831,36.4919,187.1459,6,nan,nan,nan
ROI_075/patch_14,4,378.5364,72.3549,347.0865,72.7070,335.0657,73.8853,346.0745,73.5631,10,nan,nan,nan
ROI_075/patch_14,5,236.9322,9.1275,205.7165,11.9027,196.5662,10.4355,203.7311,9.0119,4,nan,nan,nan
ROI_075/patch_14,6,62.5931,51.1207,27.1038,51.4255,28.9645,52.0231,30.2009,52.1301,10,nan,nan,nan
ROI_075/patch_14,7,132.7985,463.9379,112.2298,464.8949,106.9099,464.5305,113.2357,465.1067,10,nan,nan,nan
ROI_075/patch_15,0,176.8344,159.3532,143.3920,160.1132,142.2074,159.9001,144.7860,159.2835,11,nan,nan,nan
ROI_075/patch_15,1,125.1507,25.5837,81.8277,26.3437,89.3735,25.8367,82.1054,26.7345,12,nan,nan,nan
ROI_075/patch_15,2,397.6591,221.4081,356.2072,223.9578,358.4430,222.5263,359.6326,223.4276,12,nan,nan,nan
ROI_075/patch_15,3,473.0046,292.4176,432.2126,293.1227,433.1523,293.7977,432.8675,293.8910,11,nan,nan,nan
ROI_075/patch_15,4,412.4880,485.3671,384.3291,488.4565,377.8098,486.8727,384.6482,486.6817,11,nan,nan,nan
ROI_075/patch_15,5,247.6694,489.2686,215.5972,489.9767,217.3533,490.4151,215.6569,490.3468,10,nan,nan,nan
ROI_075/patch_15,6,167.6792,431.9229,140.3518,434.4927,138.3750,432.8156,139.5975,432.2917,11,nan,nan,nan
ROI_075/patch_15,7,64.8491,288.0534,38.5046,288.5623,35.5372,288.5256,38.9972,288.0591,9,nan,nan,nan
ROI_075/patch_16,0,393.4498,234.5985,367.6080,236.1186,366.5403,234.9535,367.2536,236.4747,12,nan,nan,nan
ROI_075/patch_16,1,247.5194,332.6455,220.9175,333.4055,220.4465,332.9705,220.5091,333.2146,11,nan,nan,nan
ROI_075/patch_16,2,147.9457,311.9857,121.3505,309.8439,119.5393,312.2529,121.3494,311.4352,10,nan,nan,nan
ROI_075/patch_16,3,76.4633,38.3724,47.6252,40.7848,43.4884,38.4877,46.6092,38.7136,9,nan,nan,nan
ROI_075/patch_16,4,458.2769,12.3767,426.1321,13.4228,428.9467,12.6687,427.5762,12.7968,7,nan,nan,nan
ROI_075/patch_16,5,369.5175,390.9864,341.7661,392.6897,344.5392,391.3964,341.5490,391.2789,10,nan,nan,nan
ROI_075/patch_16,6,494.6541,498.7069,477.8158,498.3372,472.4925,499.2245,476.4491,498.8338,3,nan,nan,nan
ROI_075/patch_16,7,93.0520,441.8084,65.8665,441.3332,65.8812,442.1041,67.0561,441.6198,12,nan,nan,nan
ROI_075/patch_17,0,106.1494,17.2231,85.6279,20.2633,87.6514,17.8346,84.5120,19.0383,10,nan,nan,nan
ROI_075/patch_17,1,139.5918,81.8277,124.3907,83.3478,119.3674,82.3365,120.2765,82.8592,11,nan,nan,nan
ROI_075/patch_17,2,314.0412,245.1444,284.7621,247.5194,284.8312,245.4883,286.3878,246.5746,10,nan,nan,nan
ROI_075/patch_17,3,390.5834,450.6742,392.6897,453.4941,357.4156,450.6601,392.1381,450.9235,10,nan,nan,nan
ROI_075/patch_17,4,230.2200,288.3673,206.4765,290.0825,205.3138,288.5309,202.8851,289.2610,9,nan,nan,nan
ROI_075/patch_17,5,154.5282,365.7113,131.9912,369.8881,133.5040,365.6303,131.9410,365.4880,7,nan,nan,nan
ROI_075/patch_17,6,235.1988,381.0801,217.8773,382.0490,210.0262,381.0512,216.3789,381.7780,12,nan,nan,nan
ROI_075/patch_17,7,53.8569,103.5007,38.5046,105.3893,38.0371,103.8732,35.9264,104.6007,11,nan,nan,nan
ROI_075/patch_18,0,332.6455,182.1548,293.1227,184.4350,295.9819,182.9080,294.9150,183.2409,11,nan,nan,nan
ROI_075/patch_18,1,401.8104,76.5073,369.1281,75.7472,367.0585,77.4492,369.6308,77.8887,10,nan,nan,nan
ROI_075/patch_18,2,189.9836,133.6706,151.7526,133.5113,152.5733,134.1049,152.4168,134.0243,12,nan,nan,nan
ROI_075/patch_18,3,128.1556,301.8347,99.3089,304.5235,88.1517,302.0808,100.0010,302.5278,9,nan,nan,nan
ROI_075/patch_18,4,88.8998,463.7403,59.0260,464.8949,46.5877,463.8524,56.8896,464.8190,12,nan,nan,nan
ROI_075/patch_18,5,64.0096,154.3519,27.1038,153.2727,25.1780,154.4879,26.1683,154.9272,9,nan,nan,nan
ROI_075/patch_18,6,467.8989,4.1777,436.7729,5.8223,434.6303,5.2924,436.3665,5.2312,3,nan,nan,nan
ROI_075/patch_18,7,412.3141,373.1067,373.6884,373.6884,374.1012,373.9947,377.0194,373.0622,10,nan,nan,nan
ROI_075/patch_18,8,315.4423,307.8312,276.4015,307.5637,277.1105,308.5112,275.9938,307.6768,10,nan,nan,nan
ROI_075/patch_19,0,48.3853,236.1186,44.5850,238.3988,34.6325,236.4935,43.5963,236.5113,10,nan,nan,nan
ROI_075/patch_19,1,76.5073,305.2835,68.9067,306.0436,65.4381,305.6276,67.7064,305.2168,11,nan,nan,nan
ROI_075/patch_19,2,337.6736,373.5748,323.5248,376.7286,324.1088,374.2665,322.7560,374.6914,13,nan,nan,nan
ROI_075/patch_19,3,434.3183,292.0930,417.7715,292.3626,414.7311,293.0312,419.0073,293.0369,11,nan,nan,nan
ROI_075/patch_19,4,482.4604,213.6519,463.3748,213.3170,458.0654,214.7547,465.2063,214.8610,13,nan,nan,nan
ROI_075/patch_19,5,373.7804,97.0783,343.2862,100.0690,346.2133,98.1338,345.6998,98.6010,7,nan,nan,nan
ROI_075/patch_19,6,457.7000,55.1739,429.9324,55.9858,426.2814,56.4116,430.0553,55.6650,12,nan,nan,nan
ROI_075/patch_19,7,286.7017,81.7613,260.4404,83.3478,260.3226,82.6926,260.4417,83.8735,12,nan,nan,nan
ROI_075/patch_20,0,331.8854,108.4296,319.7246,111.4698,315.8340,108.7782,316.2334,109.2467,9,nan,nan,nan
ROI_075/patch_20,1,245.2393,164.6735,225.4779,166.9537,231.4323,164.9093,223.2001,165.3635,13,nan,nan,nan
ROI_075/patch_20,2,135.0619,274.4028,122.1105,275.6414,125.2317,274.4223,121.6048,274.5262,10,nan,nan,nan
ROI_075/patch_20,3,18.5748,139.7219,8.1024,140.3518,5.5825,139.9905,10.4516,138.6885,7,nan,nan,nan
ROI_075/patch_20,4,384.5615,276.3365,374.4484,277.9216,373.0844,276.3685,375.3635,275.6314,9,nan,nan,nan
ROI_075/patch_20,5,160.2300,485.8724,157.0730,487.6965,156.4420,485.4905,156.2869,485.6717,9,nan,nan,nan
ROI_075/patch_20,6,8.7950,322.6879,3.5421,321.2447,1.2460,322.6072,nan,nan,2,nan,nan,nan
ROI_075/patch_20,7,249.5745,64.5324,233.0784,67.3866,232.7953,64.9593,231.9052,65.9238,9,nan,nan,nan
ROI_075/patch_21,0,147.1923,286.2822,117.5502,286.2822,113.4457,286.7344,115.6014,287.2410,10,nan,nan,nan
ROI_075/patch_21,1,123.6306,347.0865,88.6682,348.6066,90.2751,347.5076,89.4354,348.2254,11,nan,nan,nan
ROI_075/patch_21,2,401.6993,261.0457,363.9977,262.5305,364.7290,261.6006,363.3201,261.5791,13,nan,nan,nan
ROI_075/patch_21,3,368.3969,165.9817,332.8355,166.7637,331.6925,166.5595,335.8390,166.2928,10,nan,nan,nan
ROI_075/patch_21,4,504.0922,112.8647,465.0849,113.5599,465.6062,113.5119,nan,nan,2,nan,nan,nan
ROI_075/patch_21,5,444.8440,9.3864,405.8007,10.1926,406.9351,10.0500,405.7973,11.1385,6,nan,nan,nan
ROI_075/patch_21,6,421.5437,475.4032,382.2390,477.6258,384.6649,475.8863,383.8169,476.0708,11,nan,nan,nan
ROI_075/patch_21,7,140.9332,465.5650,108.6196,465.4649,107.5491,465.9488,108.2705,464.4886,10,nan,nan,nan
ROI_075/patch_22,0,215.7872,33.7543,196.0258,33.7543,193.8094,34.5531,194.7378,33.7163,12,nan,nan,nan
ROI_075/patch_22,1,72.1370,421.3818,48.5753,422.1418,46.2769,421.7877,47.8096,422.1642,11,nan,nan,nan
ROI_075/patch_22,2,477.3683,400.7677,458.2444,400.1003,457.9346,401.3766,459.3049,400.3294,12,nan,nan,nan
ROI_075/patch_22,3,491.6040,261.8203,471.1653,262.5305,472.9791,262.5530,472.3887,263.3651,8,nan,nan,nan
ROI_075/patch_22,4,386.2139,231.2752,367.7980,232.1283,366.0691,231.9854,365.5733,232.4833,10,nan,nan,nan
ROI_075/patch_22,5,298.7345,160.3146,276.5915,161.4433,277.5205,161.0446,276.0155,161.5337,10,nan,nan,nan
ROI_075/patch_22,6,397.7564,91.0217,380.7189,91.5184,378.3838,91.8556,379.7674,91.2870,10,nan,nan,nan
ROI_075/patch_22,7,131.7011,402.5724,111.6598,403.9005,106.8522,403.0215,111.2936,403.2401,10,nan,nan,nan
ROI_075/patch_23,0,393.6398,94.5586,386.7993,96.0787,386.1967,95.5998,386.4860,96.1408,12,nan,nan,nan
ROI_075/patch_23,1,107.0995,222.2476,109.3796,223.7677,109.1574,222.5026,109.2052,223.5569,12,nan,nan,nan
ROI_075/patch_23,2,221.3200,332.1659,224.9078,333.2155,223.2611,332.5272,221.7378,331.7142,10,nan,nan,nan
ROI_075/patch_23,3,9.8962,310.5455,7.5324,311.9340,16.2039,310.4758,nan,nan,2,nan,nan,nan
ROI_075/patch_23,4,273.2090,390.1674,275.0714,393.2598,275.2812,390.5665,277.1691,391.2363,11,nan,nan,nan
ROI_075/patch_23,5,75.0546,16.7730,73.6571,19.3132,73.1594,17.2231,69.2079,17.0283,10,nan,nan,nan
ROI_075/patch_23,6,57.2070,328.3933,53.1356,330.1753,62.8345,328.4033,52.4505,328.6314,10,nan,nan,nan
ROI_075/patch_23,7,230.2637,467.4366,227.9480,470.0252,235.0867,467.6431,227.7648,467.0296,9,nan,nan,nan
ROI_075/patch_23,8,498.2578,117.5641,487.1265,119.6404,488.9349,118.8027,486.0940,118.9687,5,nan,nan,nan
ROI_075/patch_24,0,64.3464,108.4296,33.9443,109.9497,32.4373,109.7773,33.7416,109.3376,9,nan,nan,nan
ROI_075/patch_24,1,101.5891,197.3559,68.9067,200.3961,69.9876,198.4976,68.4494,199.2723,11,nan,nan,nan
ROI_075/patch_24,2,432.6325,358.2601,405.6107,358.4873,400.9303,358.7275,406.0840,359.5253,11,nan,nan,nan
ROI_075/patch_24,3,306.4202,151.1915,272.6012,154.0328,274.1002,152.1837,274.0045,153.7385,12,nan,nan,nan
ROI_075/patch_24,4,249.9421,18.4839,214.0771,21.0233,217.1653,19.7845,216.1706,19.7541,9,nan,nan,nan
ROI_075/patch_24,5,109.7891,388.5200,83.3478,389.6495,79.0280,389.3012,83.0386,389.3423,10,nan,nan,nan
ROI_075/patch_24,6,247.8503,441.4355,242.1991,442.0933,216.9832,441.9615,243.5586,441.4655,10,nan,nan,nan
ROI_075/patch_24,7,481.9073,284.4518,449.6938,286.2822,449.7498,284.9984,449.7330,283.9924,13,nan,nan,nan
ROI_075/patch_25,0,82.5877,351.6468,60.5462,351.6468,61.2142,352.1933,59.5768,352.0064,10,nan,nan,nan
ROI_075/patch_25,1,259.6803,404.0906,254.3599,404.8506,254.3850,404.1337,253.5754,404.6518,12,nan,nan,nan
ROI_075/patch_25,2,346.2017,304.5249,345.5664,306.0436,348.0645,304.4800,346.4302,304.4638,12,nan,nan,nan
ROI_075/patch_25,3,411.2002,225.6569,414.7313,225.4779,418.4178,225.5509,417.0782,226.6359,11,nan,nan,nan
ROI_075/patch_25,4,346.0040,112.3656,354.6870,113.7499,346.7791,112.5635,352.1617,112.0000,12,nan,nan,nan
ROI_075/patch_25,5,227.5589,44.5542,221.6776,45.3451,217.3980,45.1300,222.8305,44.4878,10,nan,nan,nan
ROI_075/patch_25,6,118.7735,75.9004,101.5891,75.7472,99.0899,76.7052,101.9108,76.8350,12,nan,nan,nan
ROI_075/patch_25,7,76.6115,33.8392,52.9456,36.2244,52.9353,34.8012,51.4999,35.2862,10,nan,nan,nan
ROI_075/patch_26,0,169.9939,491.4968,176.0744,492.2568,178.6707,491.1118,177.3086,492.7461,10,nan,nan,nan
ROI_075/patch_26,1,392.6897,233.0784,385.0892,234.5985,389.9615,233.2141,382.5096,233.1593,11,nan,nan,nan
ROI_075/patch_26,2,333.1960,130.4505,322.0047,131.9912,325.5298,130.8445,323.1978,131.2009,10,nan,nan,nan
ROI_075/patch_26,3,174.9201,34.0990,164.6735,36.2244,162.3351,34.7712,162.5344,34.3599,11,nan,nan,nan
ROI_075/patch_26,4,129.4186,220.8800,125.9108,223.9578,125.3959,221.1356,122.5578,220.9997,11,nan,nan,nan
ROI_075/patch_26,5,70.5753,393.8415,74.9872,394.9699,74.4352,393.7172,74.1825,394.0528,11,nan,nan,nan
ROI_075/patch_26,6,324.2279,416.2137,330.3653,416.2514,329.8290,415.9493,330.4489,416.5102,11,nan,nan,nan
ROI_075/patch_26,7,488.8800,498.8183,491.4968,499.0973,498.7781,498.3054,490.3369,498.3642,3,nan,nan,nan
ROI_075/patch_27,0,294.6428,112.2298,301.4833,111.4698,303.2864,111.9896,301.2656,111.5985,12,nan,nan,nan
ROI_075/patch_27,1,195.8358,123.6306,197.3559,125.9108,192.6050,123.8483,200.1234,123.7876,12,nan,nan,nan
ROI_075/patch_27,2,356.2932,340.9459,337.9659,343.2862,347.7990,341.3903,340.6292,341.6428,12,nan,nan,nan
ROI_075/patch_27,3,300.5124,458.4839,282.4819,459.5745,273.7503,459.6440,281.1239,459.2207,11,nan,nan,nan
ROI_075/patch_27,4,112.4336,474.6939,97.0287,476.2957,63.6404,476.7032,95.1447,475.7025,12,nan,nan,nan
ROI_075/patch_27,5,125.4770,371.2561,98.5489,373.6884,88.8612,372.7855,95.6811,372.5662,10,nan,nan,nan
ROI_075/patch_27,6,132.2739,283.0126,105.3893,282.4819,105.5783,284.1505,106.0928,283.7743,11,nan,nan,nan
ROI_075/patch_27,7,272.1019,263.9201,258.9202,265.7607,262.5183,264.3979,260.4660,264.4454,11,nan,nan,nan
ROI_075/patch_27,8,301.6328,389.5695,284.7621,391.9297,282.1650,390.4414,281.0470,390.0602,10,nan,nan,nan
ROI_075/patch_28,0,224.7178,271.8412,215.5972,273.3613,218.7955,272.5716,218.2408,273.2620,11,nan,nan,nan
ROI_075/patch_28,1,493.0169,251.3197,480.0960,251.3197,481.3138,252.3599,480.4271,251.8804,7,nan,nan,nan
ROI_075/patch_28,2,471.0749,78.5621,458.0544,79.5475,454.6068,79.7017,458.3783,77.5786,12,nan,nan,nan
ROI_075/patch_28,3,277.4836,448.6051,272.6012,450.4538,275.8532,449.2672,272.6901,449.4268,10,nan,nan,nan
ROI_075/patch_28,4,121.9850,285.4160,118.3103,286.2822,118.4477,286.0237,118.0438,285.7519,12,nan,nan,nan
ROI_075/patch_28,5,137.7856,34.4617,129.7111,35.4644,126.4088,35.2662,130.6901,33.4338,12,nan,nan,nan
ROI_075/patch_28,6,355.6058,344.4723,349.3667,346.3265,349.3449,345.2947,350.6210,344.9212,12,nan,nan,nan
ROI_075/patch_28,7,127.5236,173.3234,121.3505,172.2741,120.5140,174.0173,120.3715,173.4858,10,nan,nan,nan
ROI_075/patch_29,0,217.1173,138.0717,212.5570,138.8317,217.0753,138.0726,212.3342,138.3884,11,nan,nan,nan
ROI_075/patch_29,1,346.3265,110.7097,346.3265,111.4698,344.3734,110.6054,347.9575,111.8134,10,nan,nan,nan
ROI_075/patch_29,2,263.5126,255.3856,272.6012,256.6401,264.6851,255.1638,271.6403,255.2672,10,nan,nan,nan
ROI_075/patch_29,3,58.3369,479.6585,69.6668,481.6161,65.2472,479.3407,66.7717,478.4178,9,nan,nan,nan
ROI_075/patch_29,4,7.4344,286.6372,14.1829,284.7621,12.0508,286.6575,9.9244,284.8736,3,nan,nan,nan
ROI_075/patch_29,5,24.5112,89.6743,31.6641,92.4684,25.9845,89.9620,29.3730,89.4299,10,nan,nan,nan
ROI_075/patch_29,6,178.5244,11.4961,184.4350,12.6628,177.0386,11.7246,183.1355,10.6893,7,nan,nan,nan
ROI_075/patch_29,7,483.2777,85.9875,479.3359,87.1480,479.3631,85.7653,479.1315,86.2209,12,nan,nan,nan
ROI_075/patch_30,0,162.3934,98.5489,144.1521,101.5891,148.6323,98.2628,141.1702,98.4623,13,nan,nan,nan
ROI_075/patch_30,1,255.1200,167.7138,242.9591,169.2339,243.6483,167.5263,243.5092,167.2526,11,nan,nan,nan
ROI_075/patch_30,2,293.9710,278.7849,290.0825,278.6816,286.4154,278.7241,289.8003,277.8819,9,nan,nan,nan
ROI_075/patch_30,3,389.0347,455.6692,387.3694,455.7742,387.6435,455.8195,387.6467,456.4972,10,nan,nan,nan
ROI_075/patch_30,4,306.3246,445.2520,302.2433,446.6536,304.7383,445.3677,301.8191,445.7444,10,nan,nan,nan
ROI_075/patch_30,5,88.1912,465.5626,88.6682,465.6549,87.8115,465.6365,87.0833,465.0667,13,nan,nan,nan
ROI_075/patch_30,6,372.6031,338.7520,367.6080,341.0061,367.0363,338.7761,366.1432,338.9327,11,nan,nan,nan
ROI_075/patch_30,7,60.7975,162.0694,41.5448,165.4336,49.5457,161.8201,40.1931,163.5369,12,nan,nan,nan
ROI_075/patch_31,0,210.2768,459.5745,218.6374,458.8144,217.9605,459.6607,217.1417,459.4541,11,nan,nan,nan
ROI_075/patch_31,1,348.6066,396.4900,351.6468,393.4498,352.6931,396.8007,353.1452,396.0579,11,nan,nan,nan
ROI_075/patch_31,2,131.4031,57.9162,131.2312,59.7861,131.6644,57.7120,132.1204,58.7736,12,nan,nan,nan
ROI_075/patch_31,3,9.0813,163.9803,12.6628,162.3934,13.6119,163.5963,12.9297,162.8929,5,nan,nan,nan
ROI_075/patch_31,4,345.4457,98.0991,350.1267,98.5489,343.1240,98.2934,350.7408,98.0176,10,nan,nan,nan
ROI_075/patch_31,5,390.4027,25.3432,383.5691,26.3437,385.7808,25.5911,385.0448,25.6951,9,nan,nan,nan
ROI_075/patch_31,6,13.6720,448.1501,25.5837,448.1737,24.2800,447.8797,27.0247,447.4934,6,nan,nan,nan
ROI_075/patch_31,7,501.0730,62.6930,500.6174,63.5864,495.4742,63.1530,496.9458,62.3682,3,nan,nan,nan
ROI_075/patch_32,0,379.0088,251.3197,396.4900,252.0798,391.3002,250.7592,391.4150,249.6597,11,nan,nan,nan
ROI_075/patch_32,1,443.6134,131.9912,464.1348,131.2312,453.0066,131.5575,461.4162,130.7647,12,nan,nan,nan
ROI_075/patch_32,2,78.8415,143.8302,91.7084,144.1521,96.1554,143.2474,91.6251,142.5017,12,nan,nan,nan
ROI_075/patch_32,3,236.3549,434.3283,255.8800,432.9726,254.0193,433.5568,255.3666,432.6891,10,nan,nan,nan
ROI_075/patch_32,4,272.3559,491.8757,290.8425,493.0169,289.9876,491.0687,290.7978,491.9237,10,nan,nan,nan
ROI_075/patch_32,5,427.3632,453.4722,439.8131,454.2541,441.2033,452.7571,440.6980,453.6204,11,nan,nan,nan
ROI_075/patch_32,6,255.0975,63.7924,268.0409,64.3464,267.6361,63.3452,266.6315,62.6552,10,nan,nan,nan
ROI_075/patch_32,7,181.2202,273.9182,198.1159,272.6012,198.0128,273.2630,198.3518,273.1610,10,nan,nan,nan
ROI_075/patch_33,0,174.5543,88.6682,169.9939,91.7084,170.3511,89.1630,170.2916,88.4014,11,nan,nan,nan
ROI_075/patch_33,1,47.6252,131.9912,46.8652,134.2714,43.9143,132.4515,44.7494,132.8401,10,nan,nan,nan
ROI_075/patch_33,2,194.6671,348.5264,189.7553,348.6066,187.9266,349.1235,190.0600,349.3715,12,nan,nan,nan
ROI_075/patch_33,3,336.4199,365.1495,324.2849,367.6080,328.5302,365.8088,324.5198,365.6844,12,nan,nan,nan
ROI_075/patch_33,4,467.8440,495.0465,453.4941,497.5772,457.8333,495.8050,450.9904,496.3755,6,nan,nan,nan
ROI_075/patch_33,5,190.4054,480.0456,178.3545,482.3761,182.4821,480.6888,175.9252,481.1913,10,nan,nan,nan
ROI_075/patch_33,6,78.7411,464.6638,68.1467,464.8949,71.7440,465.2571,68.6340,464.8852,12,nan,nan,nan
ROI_075/patch_33,7,104.8827,267.9546,99.3089,270.3211,99.5159,268.4869,99.3264,268.2811,12,nan,nan,nan
ROI_075/patch_33,8,362.4463,245.1765,355.4471,246.7594,355.4801,245.8025,355.9731,245.4134,12,nan,nan,nan
ROI_075/patch_34,0,425.3721,24.8236,425.3721,27.1038,424.8419,24.7282,424.8862,24.9605,12,nan,nan,nan
ROI_075/patch_34,1,484.6563,479.3359,495.2970,480.0960,481.4522,479.9013,490.9448,479.1795,9,nan,nan,nan
ROI_075/patch_34,2,339.9277,491.1467,341.7661,489.9767,338.9102,491.6217,341.5941,490.1498,7,nan,nan,nan
ROI_075/patch_34,3,267.4397,108.6122,268.0409,106.9094,269.0211,108.5145,267.4430,108.2287,10,nan,nan,nan
ROI_075/patch_34,4,68.2299,140.1939,73.4671,141.8719,72.7617,139.9927,71.7502,139.7917,10,nan,nan,nan
ROI_075/patch_34,5,24.3424,327.0235,29.3839,326.5650,28.8279,327.0437,28.4216,326.4938,10,nan,nan,nan
ROI_075/patch_34,6,132.4234,454.1836,136.5516,454.2541,134.7496,454.4560,137.9416,453.5297,11,nan,nan,nan
ROI_075/patch_34,7,264.9789,279.1817,266.5208,280.2018,265.9379,279.3139,266.7339,279.2785,12,nan,nan,nan
ROI_075/patch_35,0,271.8412,236.8787,287.0422,238.3988,287.6270,236.9155,289.5147,236.7523,11,nan,nan,nan
ROI_075/patch_35,1,176.0744,343.2862,195.0757,344.0463,193.1642,343.1054,193.7803,344.1033,12,nan,nan,nan
ROI_075/patch_35,2,48.8155,474.8112,65.8665,474.7756,67.6537,474.3474,67.9382,475.2576,11,nan,nan,nan
ROI_075/patch_35,3,385.8949,41.4281,394.9699,43.0649,400.2367,41.7685,396.4020,40.4801,13,nan,nan,nan
ROI_075/patch_35,4,397.5373,494.2924,409.4109,494.5370,410.9827,494.3597,411.2943,493.9567,6,nan,nan,nan
ROI_075/patch_35,5,44.6155,170.2975,63.5864,171.5140,64.0006,170.0229,62.8342,170.0255,11,nan,nan,nan
ROI_075/patch_35,6,242.6022,71.7820,260.4404,72.7070,259.0991,71.8794,258.9047,71.5611,9,nan,nan,nan
ROI_075/patch_35,7,207.1345,38.5156,227.7580,37.7445,224.2295,38.5792,225.2987,37.0562,10,nan,nan,nan
ROI_075/patch_36,0,441.3332,150.9926,407.8908,150.9926,409.8521,152.0892,407.0941,151.8936,11,nan,nan,nan
ROI_075/patch_36,1,496.8171,192.7955,461.8547,195.0757,462.6464,194.0242,460.3671,195.3931,5,nan,nan,nan
ROI_075/patch_36,2,293.1202,316.0655,268.8009,316.6843,267.3264,317.0545,268.7158,318.4754,13,nan,nan,nan
ROI_075/patch_36,3,240.5671,453.0341,207.9966,454.2541,216.3654,454.0546,204.7797,453.5848,12,nan,nan,nan
ROI_075/patch_36,4,168.3248,16.7285,147.1923,17.9831,149.6914,17.2387,147.7709,16.8202,10,nan,nan,nan
ROI_075/patch_36,5,66.0441,475.4205,34.7043,478.5758,49.4700,476.1620,32.9080,476.8634,11,nan,nan,nan
ROI_075/patch_36,6,218.6025,57.8496,195.8358,58.2660,197.5144,58.4823,196.8244,59.1089,6,nan,nan,nan
ROI_075/patch_36,7,385.6929,74.3222,356.9672,76.5073,357.0970,75.2556,356.0723,74.4532,7,nan,nan,nan
ROI_075/patch_37,0,381.2889,216.3572,369.1281,216.3572,368.4018,216.8297,368.8348,216.5090,12,nan,nan,nan
ROI_075/patch_37,1,283.2420,122.8706,274.1213,123.6306,274.2175,123.1832,272.6227,123.4917,11,nan,nan,nan
ROI_075/patch_37,2,141.4090,198.9873,123.6306,203.4363,125.6847,199.5928,123.1387,199.8653,9,nan,nan,nan
ROI_075/patch_37,3,59.3119,432.4286,68.9067,432.9726,28.6994,433.6733,66.4960,432.0783,12,nan,nan,nan
ROI_075/patch_37,4,419.6972,309.3823,413.9713,309.0838,402.0178,310.0573,415.1817,310.2465,12,nan,nan,nan
ROI_075/patch_37,5,235.1732,62.6953,226.2379,63.5864,228.8762,62.8939,227.9008,63.7543,13,nan,nan,nan
ROI_075/patch_37,6,490.7549,77.3892,491.4968,75.7472,487.7024,77.4367,491.1498,77.1320,7,nan,nan,nan
ROI_075/patch_37,7,191.8419,20.1678,185.9551,21.0233,187.3224,20.2928,186.4490,20.9523,9,nan,nan,nan
ROI_075/patch_38,0,47.6252,74.2271,66.6266,74.2271,60.0595,74.6907,64.1839,73.9709,12,nan,nan,nan
ROI_075/patch_38,1,209.5167,167.7138,226.2379,167.7138,222.1875,167.8267,227.6211,167.2162,7,nan,nan,nan
ROI_075/patch_38,2,206.7935,349.0181,218.6374,348.6066,218.8980,348.7903,218.8006,347.7974,12,nan,nan,nan
ROI_075/patch_38,3,316.9367,409.0543,328.0852,407.8908,329.2131,408.5947,328.2112,408.9376,11,nan,nan,nan
ROI_075/patch_38,4,494.4469,437.8724,502.8976,437.5329,507.2093,437.1680,nan,nan,1,nan,nan,nan
ROI_075/patch_38,5,353.4661,61.3046,361.5275,62.8263,366.9301,61.4651,364.4881,61.2067,10,nan,nan,nan
ROI_075/patch_38,6,84.1213,204.7136,100.8290,204.1964,96.2724,204.8907,100.8493,204.0466,9,nan,nan,nan
ROI_075/patch_38,7,72.5621,307.2132,78.7874,307.5637,84.3606,307.2083,78.5962,307.3877,10,nan,nan,nan
ROI_075/patch_39,0,236.8787,33.1842,186.7151,33.9443,192.6900,33.9426,190.4260,34.2006,9,nan,nan,nan
ROI_075/patch_39,1,422.3318,300.7232,388.1294,303.0034,378.2301,301.5274,389.2008,301.3978,9,nan,nan,nan
ROI_075/patch_39,2,58.5974,215.2634,11.1426,217.1173,13.3909,216.1891,9.5286,216.6338,4,nan,nan,nan
ROI_075/patch_39,3,89.8556,155.5724,47.6252,157.8331,44.8866,156.4554,45.2910,157.1935,10,nan,nan,nan
ROI_075/patch_39,4,297.3547,491.7542,250.5596,494.5370,252.4046,492.7061,251.0438,493.1163,10,nan,nan,nan
ROI_075/patch_39,5,490.8636,424.4110,458.0544,428.4123,446.7412,425.2440,454.3520,426.4709,8,nan,nan,nan
ROI_075/patch_39,6,144.6650,392.1912,100.8290,394.2099,99.3865,393.1635,101.6841,393.4598,12,nan,nan,nan
ROI_075/patch_39,7,77.5109,382.0058,30.9040,383.5691,32.0166,383.0032,26.7556,382.6910,5,nan,nan,nan
ROI_075/patch_40,0,328.8452,120.5904,371.4082,119.8304,383.0016,118.9454,371.9230,119.8268,12,nan,nan,nan
ROI_075/patch_40,1,245.9993,313.6441,269.5610,312.1240,268.8340,313.4171,269.5485,313.2566,10,nan,nan,nan
ROI_075/patch_40,2,341.3251,470.7552,343.2862,471.7354,348.1770,471.1015,345.6507,470.6961,12,nan,nan,nan
ROI_075/patch_40,3,47.9744,189.5219,68.9067,189.7553,76.2673,189.2797,71.0988,189.5694,12,nan,nan,nan
ROI_075/patch_40,4,156.1479,131.1203,198.8760,131.9912,198.7712,130.1526,198.8140,129.8298,12,nan,nan,nan
ROI_075/patch_40,5,374.3174,200.9481,415.4914,199.6360,420.1072,199.6080,414.5464,199.2747,12,nan,nan,nan
ROI_075/patch_40,6,259.0597,491.0490,258.1602,493.0169,258.3220,491.8068,256.4206,492.1674,9,nan,nan,nan
ROI_075/patch_40,7,38.5370,435.5499,29.3839,436.0128,32.5299,436.7718,25.3387,435.0224,9,nan,nan,nan
ROI_075/patch_40,8,139.1706,72.5182,177.5945,71.9470,188.8408,71.2704,179.3141,71.5377,13,nan,nan,nan
ROI_075/patch_41,0,402.5704,188.9953,420.0517,187.4752,417.9674,188.1506,419.9514,186.9944,11,nan,nan,nan
ROI_075/patch_41,1,271.8412,74.2271,283.2420,74.9872,283.4092,73.4159,282.8439,73.8385,12,nan,nan,nan
ROI_075/patch_41,2,292.2313,21.1102,302.2433,21.7834,302.0445,20.3484,303.8236,20.0845,13,nan,nan,nan
ROI_075/patch_41,3,286.1705,485.6558,310.6039,483.8962,311.3681,484.5343,310.8949,484.3222,12,nan,nan,nan
ROI_075/patch_41,4,370.3198,268.8595,390.4096,268.8009,388.3550,267.9399,390.2535,268.6575,10,nan,nan,nan
ROI_075/patch_41,5,258.2250,229.2885,278.6816,230.7982,274.9258,228.3524,277.7133,227.4534,11,nan,nan,nan
ROI_075/patch_41,6,173.6552,134.5614,188.9953,135.7915,187.2006,133.6627,186.9382,132.8124,9,nan,nan,nan
ROI_075/patch_41,7,116.3339,2.3635,135.0314,1.2619,125.4887,1.5424,nan,nan,1,nan,nan,nan
ROI_075/patch_41,8,81.8676,394.6444,102.3491,394.2099,104.0073,393.5072,100.9614,392.9729,12,nan,nan,nan
ROI_075/patch_42,0,326.5650,237.6387,277.1615,242.9591,278.6214,238.5578,277.3961,238.9354,9,nan,nan,nan
ROI_075/patch_42,1,465.6549,123.6306,417.7715,125.1507,410.2272,124.9297,415.0499,123.8397,12,nan,nan,nan
ROI_075/patch_42,2,415.2211,32.1730,362.2876,33.9443,358.5649,33.5938,361.5903,34.2231,9,nan,nan,nan
ROI_075/patch_42,3,139.3412,32.6308,89.4282,34.7043,90.8301,33.7389,89.4801,33.4548,10,nan,nan,nan
ROI_075/patch_42,4,109.5605,98.7391,59.7861,100.8290,63.8898,99.6844,60.4907,100.4508,8,nan,nan,nan
ROI_075/patch_42,5,82.4380,329.0761,45.3451,332.6455,44.4045,329.5406,43.0351,332.4011,10,nan,nan,nan
ROI_075/patch_42,6,66.3924,378.7614,27.8638,379.0088,30.3068,379.1107,27.2126,380.2792,10,nan,nan,nan
ROI_075/patch_42,7,443.2721,492.5221,402.5704,493.7769,399.4550,493.0750,403.0450,494.1702,7,nan,nan,nan
ROI_075/patch_43,0,175.3143,143.3920,147.9524,143.3920,151.7921,144.3000,149.5105,144.1183,12,nan,nan,nan
ROI_075/patch_43,1,125.9108,224.7178,101.5891,226.2379,100.2158,225.4136,99.5840,224.8622,11,nan,nan,nan
ROI_075/patch_43,2,192.9633,439.0289,184.4350,439.8131,177.5615,438.7453,185.1127,439.7838,11,nan,nan,nan
ROI_075/patch_43,3,304.2041,325.8774,298.4430,327.3251,295.2775,325.7984,297.2342,326.5098,11,nan,nan,nan
ROI_075/patch_43,4,366.6534,29.4998,375.2085,30.1440,356.0949,30.4445,371.8518,30.2999,12,nan,nan,nan
ROI_075/patch_43,5,296.9432,26.5258,287.8023,28.6239,280.6559,27.6307,285.9123,28.3645,10,nan,nan,nan
ROI_075/patch_43,6,411.0881,189.9668,416.2514,192.0355,407.7680,190.1905,415.9081,191.0039,11,nan,nan,nan
ROI_075/patch_43,7,436.3732,295.1211,437.5329,297.6830,437.4851,294.8805,436.4371,294.8142,9,nan,nan,nan
ROI_075/patch_44,0,94.7486,271.0811,119.8304,272.6012,119.9312,269.8613,119.2159,269.8988,12,nan,nan,nan
ROI_075/patch_44,1,53.7057,249.0395,74.2271,249.0395,78.8525,247.8014,74.3708,247.7463,11,nan,nan,nan
ROI_075/patch_44,2,3.1840,345.5107,26.3437,346.3265,30.2486,344.2898,nan,nan,2,nan,nan,nan
ROI_075/patch_44,3,123.4629,434.7666,150.2325,433.7327,151.0238,433.6074,151.1588,433.2460,10,nan,nan,nan
ROI_075/patch_44,4,276.6479,465.0516,304.5235,466.4150,303.5173,463.9443,304.6915,464.1977,11,nan,nan,nan
ROI_075/patch_44,5,470.1736,189.4651,489.9767,188.9953,491.1881,188.3223,489.1660,188.0790,10,nan,nan,nan
ROI_075/patch_44,6,388.2096,113.0601,402.5704,112.2298,408.6385,111.8701,405.0124,112.2182,12,nan,nan,nan
ROI_075/patch_44,7,268.5773,107.9559,287.0422,106.1494,289.8406,106.7314,288.8110,106.3332,9,nan,nan,nan
ROI_075/patch_45,0,255.1200,434.4927,245.2393,436.7729,248.2097,435.2185,247.6562,435.9736,10,nan,nan,nan
ROI_075/patch_45,1,114.5100,389.6495,128.1910,390.4096,125.5089,390.0590,128.0579,389.9734,10,nan,nan,nan
ROI_075/patch_45,2,104.8198,469.7992,118.3103,468.6951,121.8709,470.0484,117.8535,470.0747,12,nan,nan,nan
ROI_075/patch_45,3,415.6215,94.6288,369.1281,96.2687,365.6344,96.3663,370.0978,95.8351,10,nan,nan,nan
ROI_075/patch_45,4,425.3989,242.3656,373.6884,246.7594,382.5370,243.8844,373.6211,244.4944,12,nan,nan,nan
ROI_075/patch_45,5,470.4785,318.3122,416.2514,322.0047,425.4386,319.8300,413.6835,320.0719,7,nan,nan,nan
ROI_075/patch_45,6,340.9083,193.9901,296.9229,194.3157,307.5675,195.3546,296.1410,196.5068,11,nan,nan,nan
ROI_075/patch_45,7,127.9561,160.6145,107.6695,162.3934,123.7377,161.4425,nan,nan,0,nan,nan,nan
ROI_075/patch_46,0,160.1132,30.9040,145.6722,31.6641,138.7095,31.9411,147.2704,31.8290,10,nan,nan,nan
ROI_075/patch_46,1,275.6414,48.3853,276.4015,49.9054,265.0044,48.9925,274.1357,48.3516,12,nan,nan,nan
ROI_075/patch_46,2,267.8970,136.4391,257.4001,135.7915,254.6807,137.1224,258.4117,136.6124,11,nan,nan,nan
ROI_075/patch_46,3,322.7994,388.1087,307.5637,391.1696,309.6334,388.7167,308.8469,389.1316,12,nan,nan,nan
ROI_075/patch_46,4,365.6983,470.1676,355.4471,470.9753,354.9571,470.6561,353.2359,470.6082,11,nan,nan,nan
ROI_075/patch_46,5,486.6130,315.5993,489.9767,315.9243,490.7391,315.5462,491.0162,314.5518,7,nan,nan,nan
ROI_075/patch_46,6,453.9663,157.0868,458.8144,155.5529,458.2470,157.0738,459.2597,156.8423,11,nan,nan,nan
ROI_075/patch_46,7,144.7829,346.3527,112.2298,348.6066,115.3352,347.6152,112.2490,346.5138,11,nan,nan,nan
ROI_075/patch_46,8,118.4941,152.9895,87.9081,151.7526,90.5391,154.2495,88.0578,153.4178,11,nan,nan,nan
ROI_075/patch_47,0,290.0825,53.7057,319.7246,54.4657,314.8524,53.0502,316.5910,52.7468,13,nan,nan,nan
ROI_075/patch_47,1,381.2889,457.2943,413.2112,456.5343,411.9463,456.7027,411.2880,455.7794,12,nan,nan,nan
ROI_075/patch_47,2,182.7821,402.7335,211.7969,403.3305,210.5208,402.2165,210.6857,402.4445,9,nan,nan,nan
ROI_075/patch_47,3,21.0645,324.0214,40.7848,324.2849,46.0139,323.5562,40.0304,323.0437,12,nan,nan,nan
ROI_075/patch_47,4,144.0990,314.8132,172.2741,312.8841,170.3407,314.2907,171.7868,314.2255,11,nan,nan,nan
ROI_075/patch_47,5,252.5492,309.3051,278.6816,308.3238,279.9612,308.7326,279.4575,308.9557,12,nan,nan,nan
ROI_075/patch_47,6,59.9039,91.3736,83.3478,91.7084,82.5018,90.8309,83.4136,90.7461,12,nan,nan,nan
ROI_075/patch_47,7,392.2680,41.2808,413.2112,40.7848,418.0539,40.5765,416.6899,40.2622,13,nan,nan,nan
ROI_075/patch_48,0,313.6441,390.4096,344.8063,388.8895,344.9907,389.7782,345.3309,389.4218,9,nan,nan,nan
ROI_075/patch_48,1,317.4444,249.0395,350.8868,249.0395,346.5733,248.4656,348.3809,247.5994,11,nan,nan,nan
ROI_075/patch_48,2,126.8402,332.8364,182.1548,331.1254,157.3999,331.9602,183.8146,330.8674,10,nan,nan,nan
ROI_075/patch_48,3,128.4508,249.0928,183.6749,248.2795,157.6971,248.2497,183.3229,247.1261,7,nan,nan,nan
ROI_075/patch_48,4,169.5311,5.3867,175.3143,6.5823,194.9329,4.6918,nan,nan,2,nan,nan,nan
ROI_075/patch_48,5,328.9876,458.4256,358.4873,461.0946,361.3906,457.7911,359.9438,458.1359,12,nan,nan,nan
ROI_075/patch_48,6,66.3800,78.8602,79.3654,81.8079,92.9968,77.9914,78.1696,79.3336,13,nan,nan,nan
ROI_075/patch_48,7,240.2406,384.7501,271.6591,383.5493,271.5438,384.0164,271.0712,384.5356,11,nan,nan,nan
ROI_075/patch_49,0,261.2004,262.7205,274.8814,264.2406,276.7444,262.1738,276.7806,262.5065,10,nan,nan,nan
ROI_075/patch_49,1,186.7151,296.1629,211.0368,296.1629,209.6768,295.3989,209.8849,295.7318,8,nan,nan,nan
ROI_075/patch_49,2,153.1642,370.4672,188.9953,369.8881,187.8900,369.3883,188.8283,368.4166,8,nan,nan,nan
ROI_075/patch_49,3,276.0466,499.1210,307.5637,499.8574,324.6717,497.7267,306.9809,497.5239,3,nan,nan,nan
ROI_075/patch_49,4,458.0413,104.7810,450.4538,105.3893,444.0922,105.0633,450.7618,104.9993,12,nan,nan,nan
ROI_075/patch_49,5,481.7140,387.4859,493.7769,385.8493,507.1142,386.7622,493.9668,386.4909,6,nan,nan,nan
ROI_075/patch_49,6,142.1821,91.0502,132.7513,91.7084,137.5725,90.9814,133.8525,89.4991,11,nan,nan,nan
ROI_075/patch_49,7,87.7073,28.8941,68.9067,30.9040,76.2076,28.9838,67.5302,29.3604,12,nan,nan,nan
ROI_075/patch_49,8,44.8838,429.4628,87.1480,427.6522,91.8686,428.0301,85.6197,427.0060,9,nan,nan,nan
ROI_075/patch_50,0,29.3839,83.3478,42.3049,84.1078,51.1712,82.4697,42.3556,83.2280,12,nan,nan,nan
ROI_075/patch_50,1,160.8733,446.6536,192.0355,446.6536,181.8810,446.0709,192.4825,447.2989,10,nan,nan,nan
ROI_075/patch_50,2,248.9776,369.6331,273.3613,369.8881,271.8147,369.0318,275.7175,367.9707,11,nan,nan,nan
ROI_075/patch_50,3,436.8543,331.3870,463.3748,332.6455,462.6680,330.8311,463.1248,329.7843,11,nan,nan,nan
ROI_075/patch_50,4,366.0478,209.6519,390.4096,211.0368,391.7388,208.9868,390.3553,208.9064,10,nan,nan,nan
ROI_075/patch_50,5,198.3475,93.4982,223.1977,93.2285,222.4847,92.6910,223.9701,93.3465,11,nan,nan,nan
ROI_075/patch_50,6,112.0783,363.7640,135.7915,365.3278,132.9941,363.1069,136.0051,362.4984,12,nan,nan,nan
ROI_075/patch_50,7,15.9422,425.6559,43.0649,426.1321,35.0244,425.0041,39.0716,424.5700,10,nan,nan,nan
ROI_075/patch_50,8,426.9294,128.7701,457.2943,128.1910,454.0877,128.0735,456.7336,126.8258,9,nan,nan,nan
ROI_075/patch_51,0,93.9885,280.2018,128.1910,280.2018,129.4119,279.6532,129.5919,280.0204,12,nan,nan,nan
ROI_075/patch_51,1,239.9189,185.1950,282.4819,184.4350,277.6326,184.3649,281.9642,183.8428,9,nan,nan,nan
ROI_075/patch_51,2,194.5936,111.8182,233.0784,111.4698,228.5963,111.1338,234.2501,111.0058,12,nan,nan,nan
ROI_075/patch_51,3,386.9762,112.2746,432.2126,111.4698,427.6633,111.1478,429.1137,111.3570,9,nan,nan,nan
ROI_075/patch_51,4,334.7565,184.4551,382.0490,184.4350,375.7372,183.4075,380.1957,182.9714,11,nan,nan,nan
ROI_075/patch_51,5,456.6143,125.0195,499.8574,125.1507,500.0878,123.7255,nan,nan,2,nan,nan,nan
ROI_075/patch_51,6,387.7002,494.9700,439.0530,495.2970,439.5699,493.6250,437.3645,493.3651,6,nan,nan,nan
ROI_075/patch_51,7,133.3568,490.5147,178.3545,488.4565,176.2770,489.7566,177.1622,490.1823,10,nan,nan,nan
ROI_075/patch_51,8,83.0060,388.3895,119.8304,388.8895,121.2027,387.8050,119.7933,388.4979,11,nan,nan,nan
ROI_075/patch_52,0,223.1977,160.8733,264.2406,161.6333,264.0216,160.0446,264.0206,160.1653,10,nan,nan,nan
ROI_075/patch_52,1,296.1629,100.8290,331.8854,101.5891,330.5976,100.1443,332.3568,100.2856,12,nan,nan,nan
ROI_075/patch_52,2,22.5978,297.9874,78.7874,296.9229,79.5479,296.7936,77.9855,296.4112,12,nan,nan,nan
ROI_075/patch_52,3,46.0152,179.0796,94.7486,176.8344,95.7859,178.0412,96.8689,177.5497,10,nan,nan,nan
ROI_075/patch_52,4,198.5640,395.3577,253.5999,393.4498,252.5718,394.2456,253.5623,393.9034,7,nan,nan,nan
ROI_075/patch_52,5,111.6667,468.0329,165.4336,464.8949,173.3437,466.7481,164.5224,466.3602,11,nan,nan,nan
ROI_075/patch_52,6,47.3837,396.1451,103.1092,394.9699,108.2662,394.8702,102.6797,395.1189,9,nan,nan,nan
ROI_075/patch_52,7,409.0692,261.6396,446.6536,261.2004,446.6779,260.8995,447.2302,261.1444,11,nan,nan,nan
ROI_075/patch_53,0,110.7097,32.4242,152.5127,33.1842,134.7788,32.0281,152.0000,30.3793,10,nan,nan,nan
ROI_075/patch_53,1,205.7165,65.8665,254.3599,65.8665,233.6593,65.1285,253.5104,63.8432,9,nan,nan,nan
ROI_075/patch_53,2,37.7373,260.9305,78.0274,258.9202,76.1281,260.1636,80.2163,259.2301,8,nan,nan,nan
ROI_075/patch_53,3,106.4606,443.7056,156.3130,444.3734,158.4447,442.2961,157.6619,442.0793,12,nan,nan,nan
ROI_075/patch_53,4,217.0810,376.2331,266.5208,373.6884,266.3345,374.6908,265.9163,374.2681,10,nan,nan,nan
ROI_075/patch_53,5,320.2749,427.8870,374.4484,426.1321,374.7791,425.9350,374.9470,425.4222,9,nan,nan,nan
ROI_075/patch_53,6,299.3606,312.6877,344.8063,311.3640,345.6740,311.0797,345.2423,311.0503,11,nan,nan,nan
ROI_075/patch_53,7,243.6715,156.9788,287.8023,156.3130,278.4527,155.9104,287.3027,155.8714,11,nan,nan,nan
ROI_075/patch_54,0,394.2099,51.4255,439.8131,51.4255,440.7522,50.2509,441.1701,50.2009,12,nan,nan,nan
ROI_075/patch_54,1,192.7955,11.1426,239.1588,11.1426,238.1281,8.8786,239.6207,9.0043,6,nan,nan,nan
ROI_075/patch_54,2,131.2231,307.9252,182.1548,306.8036,180.6486,306.2644,182.0049,306.1127,11,nan,nan,nan
ROI_075/patch_54,3,73.8416,416.2877,126.6709,415.4914,124.6525,414.6795,126.4622,415.1816,12,nan,nan,nan
ROI_075/patch_54,4,9.9587,443.2384,59.7861,441.3332,60.9596,441.4050,59.1061,441.7743,5,nan,nan,nan
ROI_075/patch_54,5,451.7542,338.5630,500.6174,337.2058,502.6217,338.5345,nan,nan,2,nan,nan,nan
ROI_075/patch_54,6,298.1814,208.6868,348.6066,206.4765,346.6948,207.5273,348.6347,206.9704,12,nan,nan,nan
ROI_075/patch_54,7,156.3933,103.5479,197.3559,103.8692,202.9464,101.3889,194.0886,103.0221,11,nan,nan,nan
ROI_075/patch_55,0,247.5194,116.0301,296.9229,115.2700,296.8906,115.0704,300.5006,114.3407,6,nan,nan,nan
ROI_075/patch_55,1,92.4684,185.9551,146.4323,185.1950,146.1136,185.0561,148.0651,184.6059,10,nan,nan,nan
ROI_075/patch_55,2,81.4349,266.0773,134.2714,264.2406,135.7449,265.1044,133.6635,264.7450,12,nan,nan,nan
ROI_075/patch_55,3,105.0035,337.9442,157.8331,337.2058,159.0598,336.8762,156.9814,336.5213,13,nan,nan,nan
ROI_075/patch_55,4,104.2982,454.4876,158.5931,453.4941,158.9318,453.2989,157.9125,452.9347,9,nan,nan,nan
ROI_075/patch_55,5,320.1404,444.6342,369.8881,444.3734,369.2444,443.2699,370.1449,443.2622,11,nan,nan,nan
ROI_075/patch_55,6,443.8606,372.8051,492.2568,372.9283,489.4772,371.4090,490.1745,371.0592,10,nan,nan,nan
ROI_075/patch_55,7,408.8886,202.0051,455.0142,200.3961,454.5737,200.8170,454.7449,200.6773,10,nan,nan,nan
ROI_075/patch_56,0,154.7928,71.9470,207.9966,69.6668,204.2038,70.6352,261.7407,70.9910,10,nan,nan,nan
ROI_075/patch_56,1,226.9980,45.3451,286.2822,44.5850,273.9606,44.1401,285.8231,43.2254,10,nan,nan,nan
ROI_075/patch_56,2,148.3469,286.5709,203.4363,284.0020,202.1917,285.0677,204.4529,285.4126,10,nan,nan,nan
ROI_075/patch_56,3,92.2623,307.5133,149.4725,304.5235,148.0144,305.9268,149.2885,305.2473,10,nan,nan,nan
ROI_075/patch_56,4,61.4428,436.7647,119.8304,435.2528,120.5813,435.0316,119.6844,434.4644,10,nan,nan,nan
ROI_075/patch_56,5,392.9996,461.5945,440.5731,460.3345,443.8148,460.2260,440.0989,460.1862,9,nan,nan,nan
ROI_075/patch_56,6,456.0409,420.1955,505.1777,418.5316,504.3577,418.9359,nan,nan,1,nan,nan,nan
ROI_075/patch_56,7,7.2150,103.1039,62.0663,100.8290,61.1690,101.5936,60.8406,101.0669,3,nan,nan,nan
ROI_075/patch_57,0,83.3478,186.7151,124.3907,187.4752,124.3699,186.7092,125.4973,185.5842,9,nan,nan,nan
ROI_075/patch_57,1,344.0463,493.7769,388.1294,493.7769,386.7155,492.7438,388.6247,492.3642,7,nan,nan,nan
ROI_075/patch_57,2,256.4247,350.0111,304.5235,350.1267,299.8076,349.3792,303.4523,348.9626,7,nan,nan,nan
ROI_075/patch_57,3,55.1294,468.2879,71.1869,469.4552,86.1377,467.9588,72.5675,469.2154,11,nan,nan,nan
ROI_075/patch_57,4,85.3516,324.9238,117.5502,325.8050,122.1422,324.7226,116.5447,325.3910,13,nan,nan,nan
ROI_075/patch_57,5,388.1353,248.7870,435.2528,248.2795,440.3596,247.9899,435.9359,248.2745,11,nan,nan,nan
ROI_075/patch_57,6,456.9844,113.1881,501.3775,111.4698,516.4138,112.4188,nan,nan,2,nan,nan,nan
ROI_075/patch_57,7,374.6542,95.7996,419.2916,94.7486,431.0771,95.2448,420.7956,95.6756,12,nan,nan,nan
ROI_075/patch_58,0,95.5086,202.6762,147.9524,202.6762,149.6394,201.2844,149.0424,201.0290,11,nan,nan,nan
ROI_075/patch_58,1,132.7513,133.5113,188.9953,133.5113,186.0464,132.1044,188.3192,132.0342,11,nan,nan,nan
ROI_075/patch_58,2,279.0866,168.2836,330.3653,167.7138,328.9584,166.8963,327.9973,167.1944,12,nan,nan,nan
ROI_075/patch_58,3,242.5217,481.8826,293.8827,480.8560,293.1017,480.5732,294.4136,480.1535,11,nan,nan,nan
ROI_075/patch_58,4,196.3877,408.6220,252.0798,405.6107,248.0753,407.2904,249.0991,406.0413,11,nan,nan,nan
ROI_075/patch_58,5,131.6079,343.6902,183.6749,341.0061,184.8337,342.3372,185.1664,342.1128,12,nan,nan,nan
ROI_075/patch_58,6,68.1362,26.0502,122.1105,26.3437,122.9850,24.6109,123.8407,26.1856,11,nan,nan,nan
ROI_075/patch_58,7,423.2296,384.1759,471.7354,381.2889,469.6464,382.8546,472.2849,383.0651,7,nan,nan,nan
ROI_075/patch_59,0,156.3130,46.1051,217.8773,42.3049,204.7651,45.5631,220.5618,43.8773,8,nan,nan,nan
ROI_075/patch_59,1,350.1267,104.6293,391.9297,103.8692,394.0963,103.7839,393.3243,103.3468,13,nan,nan,nan
ROI_075/patch_59,2,453.1103,397.6945,498.3372,397.2501,497.2527,396.1362,499.4565,396.8515,4,nan,nan,nan
ROI_075/patch_59,3,353.1298,455.1818,401.0503,455.7742,400.4397,453.5953,402.6203,453.9812,9,nan,nan,nan
ROI_075/patch_59,4,212.3846,464.6141,261.2004,464.1348,263.4561,463.1386,263.2727,463.3857,11,nan,nan,nan
ROI_075/patch_59,5,68.5037,365.9007,120.5904,366.0879,122.3640,364.7667,119.8227,365.2325,11,nan,nan,nan
ROI_075/patch_59,6,41.9758,123.6814,102.3491,122.8706,94.1656,123.0822,105.9872,121.9769,12,nan,nan,nan
ROI_075/patch_59,7,17.1375,26.2970,74.2271,24.8236,69.0252,25.9259,75.9914,24.7579,9,nan,nan,nan
ROI_075/patch_60,0,134.2714,185.1950,181.3947,182.9148,184.8092,183.6367,181.6258,182.7900,9,nan,nan,nan
ROI_075/patch_60,1,343.7419,413.5600,393.4498,410.1710,394.0111,412.1702,393.9811,412.4124,12,nan,nan,nan
ROI_075/patch_60,2,52.0560,317.8622,107.6695,316.6843,105.1830,316.0806,108.7035,316.0144,11,nan,nan,nan
ROI_075/patch_60,3,151.5084,453.5963,203.4363,451.9740,204.8130,451.8754,203.0907,451.3444,12,nan,nan,nan
ROI_075/patch_60,4,269.8901,184.0798,318.2045,181.3947,318.5896,182.7359,318.0084,181.6576,8,nan,nan,nan
ROI_075/patch_60,5,27.1060,47.5059,74.9872,44.5850,77.5482,45.8761,77.2959,45.7080,12,nan,nan,nan
ROI_075/patch_60,6,353.3997,306.3053,401.8104,306.8036,402.3406,305.0065,400.9804,304.3660,9,nan,nan,nan
ROI_075/patch_60,7,215.8325,37.1102,265.0007,36.2244,263.6178,35.7851,264.3410,36.0425,13,nan,nan,nan
ROI_075/patch_61,0,297.6830,204.1964,337.9659,204.9564,333.6262,203.6654,338.7639,203.6106,11,nan,nan,nan
ROI_075/patch_61,1,192.0355,211.0368,215.5972,211.7969,217.4454,210.9989,216.6279,210.9890,9,nan,nan,nan
ROI_075/patch_61,2,107.6943,176.9821,122.1105,178.3545,125.4923,177.3403,120.3130,176.6905,13,nan,nan,nan
ROI_075/patch_61,3,72.1045,41.8429,81.8277,42.3049,89.1266,42.3755,83.3298,42.0788,12,nan,nan,nan
ROI_075/patch_61,4,242.2995,13.6691,277.9216,12.6628,276.6363,13.4084,278.3161,12.5888,7,nan,nan,nan
ROI_075/patch_61,5,426.6051,62.0171,465.6549,62.0663,478.1016,60.8926,468.4719,61.6687,10,nan,nan,nan
ROI_075/patch_61,6,427.5344,473.0826,468.6951,474.0155,470.8308,471.9287,466.6011,472.3707,11,nan,nan,nan
ROI_075/patch_61,7,355.5235,335.5776,396.4900,334.9256,394.5079,334.7685,395.3986,334.7091,12,nan,nan,nan
ROI_075/patch_61,8,46.3315,375.1015,55.4158,374.2584,54.0955,375.7342,54.9104,375.8690,11,nan,nan,nan
ROI_075/patch_62,0,152.3227,137.3116,202.4862,136.5516,201.4958,135.8724,201.3440,136.4610,12,nan,nan,nan
ROI_075/patch_62,1,105.1993,281.7219,156.1229,281.7219,155.9637,280.3518,155.8756,279.9570,10,nan,nan,nan
ROI_075/patch_62,2,82.5764,505.8369,137.1216,504.4177,134.7379,504.5623,nan,nan,0,nan,nan,nan
ROI_075/patch_62,3,252.5125,455.4759,300.5332,454.2541,300.8603,454.1410,302.7187,453.6993,11,nan,nan,nan
ROI_075/patch_62,4,242.9439,204.1279,289.8924,201.9162,290.4665,202.6942,288.9569,202.6008,10,nan,nan,nan
ROI_075/patch_62,5,42.3928,101.7350,96.0787,100.8290,93.7543,100.3073,95.0827,100.7844,11,nan,nan,nan
ROI_075/patch_62,6,410.5685,508.2092,456.3443,506.6978,455.7765,506.8584,nan,nan,0,nan,nan,nan
ROI_075/patch_62,7,230.3483,346.0772,276.2115,342.5262,278.7190,344.7036,278.9304,343.8638,9,nan,nan,nan
ROI_075/patch_62,8,374.4633,39.1012,419.1016,36.2244,418.5186,37.5703,420.6406,38.0855,12,nan,nan,nan
ROI_075/patch_63,0,266.3308,107.6695,314.2142,106.9094,315.6535,106.7903,315.5455,105.9859,12,nan,nan,nan
ROI_075/patch_63,1,361.3375,262.7205,410.7410,260.4404,410.3414,261.8119,410.1165,260.8406,10,nan,nan,nan
ROI_075/patch_63,2,299.1783,365.6575,346.8965,364.5677,349.2362,364.7007,349.4361,364.0443,10,nan,nan,nan
ROI_075/patch_63,3,164.7672,444.5468,217.6873,443.6134,216.5097,443.5331,218.8640,442.1521,12,nan,nan,nan
ROI_075/patch_63,4,29.8642,112.0449,80.8776,110.7097,81.5948,111.1101,82.4792,111.6901,12,nan,nan,nan
ROI_075/patch_63,5,105.1904,19.1703,161.4433,17.9831,155.7756,18.2834,158.3126,17.5201,10,nan,nan,nan
ROI_075/patch_63,6,20.8900,246.9210,75.5572,247.5194,73.2691,245.9396,76.3398,245.0240,11,nan,nan,nan
ROI_075/patch_63,7,57.7626,476.3913,113.5599,476.2957,110.7181,475.3427,112.9412,475.2929,10,nan,nan,nan
ROI_075/patch_63,8,377.0550,149.9248,425.1821,150.2325,425.4336,149.0570,424.0465,148.8664,11,nan,nan,nan
ROI_075/patch_64,0,126.4808,119.8304,178.1645,118.3103,179.7209,118.7128,179.8911,118.9727,9,nan,nan,nan
ROI_075/patch_64,1,81.6377,231.5583,137.1216,232.3184,138.2122,230.3739,137.5610,230.4523,10,nan,nan,nan
ROI_075/patch_64,2,13.1811,285.7586,73.2771,284.7621,72.6567,284.5362,73.5586,283.7150,7,nan,nan,nan
ROI_075/patch_64,3,278.1039,293.4933,333.2155,291.6026,330.4450,292.2981,332.5578,291.3847,12,nan,nan,nan
ROI_075/patch_64,4,403.2629,324.4146,455.5842,323.5248,452.7464,323.2173,454.4234,323.0928,10,nan,nan,nan
ROI_075/patch_64,5,388.9096,386.9635,441.9032,383.5691,439.9645,385.7301,441.4532,386.5360,12,nan,nan,nan
ROI_075/patch_64,6,278.3535,502.6897,327.8951,499.8574,334.6239,501.3793,nan,nan,2,nan,nan,nan
ROI_075/patch_64,7,291.7301,49.7898,339.2960,48.3853,339.1112,48.7305,338.6616,49.6842,12,nan,nan,nan
ROI_075/patch_65,0,321.0547,30.1440,345.3764,32.4242,333.6250,30.6119,344.8022,30.1316,10,nan,nan,nan
ROI_075/patch_65,1,451.0239,382.0490,477.6258,385.0892,473.9244,381.4562,473.9820,382.4229,12,nan,nan,nan
ROI_075/patch_65,2,42.7094,438.3063,46.6752,439.8131,48.0136,438.4737,46.4016,438.5306,11,nan,nan,nan
ROI_075/patch_65,3,114.9432,331.6985,124.2007,331.8854,122.1242,331.9455,122.6484,332.7426,10,nan,nan,nan
ROI_075/patch_65,4,25.4090,325.1816,26.1537,325.8050,28.4905,325.6370,24.8081,325.2855,10,nan,nan,nan
ROI_075/patch_65,5,239.7738,46.0312,252.6498,44.5850,248.9013,46.6402,254.9243,45.1931,11,nan,nan,nan
ROI_075/patch_65,6,293.1828,211.9381,307.3737,211.7969,306.8276,212.0639,305.2782,211.0957,10,nan,nan,nan
ROI_075/patch_65,7,468.8760,295.9290,493.5869,296.1629,491.4760,295.4882,493.6728,294.3392,7,nan,nan,nan
ROI_075/patch_66,0,43.0649,370.6482,84.8679,369.1281,95.5615,369.4086,87.3599,369.3506,11,nan,nan,nan
ROI_075/patch_66,1,93.9885,458.0544,141.1119,457.2943,147.0282,456.7834,140.0262,457.0445,12,nan,nan,nan
ROI_075/patch_66,2,271.8997,315.8633,317.4444,315.9243,319.5057,314.8557,319.2622,314.2090,11,nan,nan,nan
ROI_075/patch_66,3,431.9262,378.9467,470.9753,379.7688,477.7731,378.0167,472.5993,377.8779,11,nan,nan,nan
ROI_075/patch_66,4,282.6319,61.0816,327.3251,60.5462,325.8773,60.2952,327.6046,58.9975,12,nan,nan,nan
ROI_075/patch_66,5,204.5276,55.4675,249.7996,56.7459,249.0440,54.6222,249.0774,56.2815,11,nan,nan,nan
ROI_075/patch_66,6,24.9597,103.8241,72.7070,102.3491,73.4017,102.7924,71.4436,103.4032,11,nan,nan,nan
ROI_075/patch_66,7,379.7727,68.0025,420.8117,65.8665,421.4364,67.2894,419.8265,66.0747,12,nan,nan,nan
ROI_075/patch_66,8,193.8226,176.7191,240.6789,175.3143,240.5119,175.7640,242.1324,175.6259,12,nan,nan,nan
ROI_075/patch_67,0,204.1964,14.9429,252.0798,14.9429,254.1050,13.2490,253.8845,13.6813,8,nan,nan,nan
ROI_075/patch_67,1,401.8104,59.7861,444.3734,59.0260,447.2232,57.9766,444.7627,57.7200,11,nan,nan,nan
ROI_075/patch_67,2,430.0567,123.7403,470.2152,122.1105,474.2054,121.9668,471.1330,122.6287,9,nan,nan,nan
ROI_075/patch_67,3,207.5934,317.6508,252.8398,315.1642,254.1638,316.2305,254.9775,315.9430,12,nan,nan,nan
ROI_075/patch_67,4,281.2649,405.2624,324.2849,404.0906,325.3936,403.8638,325.1390,404.1833,10,nan,nan,nan
ROI_075/patch_67,5,160.0841,471.4836,207.2366,469.4552,205.9576,470.2414,205.3303,470.0886,11,nan,nan,nan
ROI_075/patch_67,6,49.7238,491.8709,97.7888,490.7367,97.6175,490.7347,96.0808,490.6191,8,nan,nan,nan
ROI_075/patch_67,7,56.8398,267.9890,109.1896,266.5208,107.0069,266.6428,108.8424,266.3438,11,nan,nan,nan
ROI_075/patch_67,8,108.4134,177.6829,159.3532,176.8344,158.5088,176.2134,158.0358,175.0637,9,nan,nan,nan
ROI_075/patch_68,0,334.1656,74.9872,377.4887,76.5073,370.8433,74.1825,379.9767,72.9224,11,nan,nan,nan
ROI_075/patch_68,1,257.4001,87.1480,297.6830,87.1480,296.2481,86.2986,299.3207,87.0177,10,nan,nan,nan
ROI_075/patch_68,2,167.9807,480.5369,193.5556,482.3761,191.9029,480.3313,192.4447,480.0898,10,nan,nan,nan
ROI_075/patch_68,3,110.2607,103.8060,154.7928,101.5891,153.5746,102.8587,151.8285,102.2882,8,nan,nan,nan
ROI_075/patch_68,4,302.0636,280.7002,328.8452,280.9618,330.4150,280.2449,328.8897,279.2740,10,nan,nan,nan
ROI_075/patch_68,5,345.8506,390.6879,375.9686,389.6495,367.5827,390.4727,373.6949,388.9964,9,nan,nan,nan
ROI_075/patch_68,6,476.5227,491.3966,499.0973,490.7367,488.9727,491.4802,498.7833,490.2147,5,nan,nan,nan
ROI_075/patch_68,7,49.0036,45.6345,97.0287,46.8652,97.1732,44.5270,96.2633,44.7574,7,nan,nan,nan
ROI_075/patch_68,8,54.7810,490.1552,84.1078,489.9767,82.2860,489.8684,85.1215,490.0014,10,nan,nan,nan
ROI_075/patch_69,0,348.6066,313.6441,374.4484,314.4042,373.7227,313.1557,374.9438,312.5020,11,nan,nan,nan
ROI_075/patch_69,1,223.9578,337.9659,242.9591,339.4860,242.8146,337.6289,242.6557,337.8470,10,nan,nan,nan
ROI_075/patch_69,2,155.7790,415.4115,177.5945,414.7313,174.1835,415.1170,174.4735,413.4609,11,nan,nan,nan
ROI_075/patch_69,3,105.0458,480.4348,129.7111,480.0960,123.4564,480.1673,128.5138,479.9607,9,nan,nan,nan
ROI_075/patch_69,4,91.9205,127.6481,93.2285,128.9510,93.2108,127.6201,90.5765,127.8503,10,nan,nan,nan
ROI_075/patch_69,5,228.3183,47.6940,240.6789,47.6252,233.9870,47.5337,241.3446,48.1506,12,nan,nan,nan
ROI_075/patch_69,6,103.5872,278.3949,106.9094,280.9618,112.5520,278.2564,104.5597,278.1576,11,nan,nan,nan
ROI_075/patch_69,7,5.4542,353.0356,4.3022,353.9270,12.0619,352.9815,5.0607,351.7220,3,nan,nan,nan
ROI_075/patch_69,8,391.3593,212.8153,413.2112,211.7969,414.3378,212.3331,414.3646,212.1089,8,nan,nan,nan
ROI_075/patch_70,0,258.9202,128.1910,273.3613,127.4309,263.7197,128.9497,275.6704,128.1115,7,nan,nan,nan
ROI_075/patch_70,1,39.2646,363.0476,79.5475,363.0476,82.8285,361.9539,82.8966,363.1732,10,nan,nan,nan
ROI_075/patch_70,2,58.0906,206.1083,87.1480,207.2366,88.5028,205.8984,88.1481,206.5601,10,nan,nan,nan
ROI_075/patch_70,3,443.4746,435.7349,451.2139,435.2528,451.9772,435.3749,451.3965,434.9612,10,nan,nan,nan
ROI_075/patch_70,4,333.3157,488.7676,356.9672,489.9767,356.6069,487.8216,359.3287,489.9042,9,nan,nan,nan
ROI_075/patch_70,5,335.6835,270.5745,339.4860,271.0811,343.0624,270.7912,341.9947,270.6921,12,nan,nan,nan
ROI_075/patch_70,6,171.6232,382.9871,208.7567,381.2889,203.4288,382.1541,203.9193,382.9646,10,nan,nan,nan
ROI_075/patch_70,7,408.0938,182.3188,415.4914,182.9148,401.9155,183.2037,414.4656,182.6640,12,nan,nan,nan
ROI_075/patch_71,0,269.5610,150.2325,297.6830,150.2325,295.7516,150.6001,297.5781,150.4457,11,nan,nan,nan
ROI_075/patch_71,1,132.7513,166.9537,150.9926,169.9939,152.9634,167.5093,151.4400,167.4341,10,nan,nan,nan
ROI_075/patch_71,2,46.6222,148.9081,65.1065,150.2325,64.5507,149.5736,65.9286,149.2338,11,nan,nan,nan
ROI_075/patch_71,3,402.9796,460.5667,417.0115,461.0946,418.0793,460.8473,419.5481,460.5610,8,nan,nan,nan
ROI_075/patch_71,4,338.8306,431.1983,352.4069,431.4525,353.0546,431.5561,351.9192,431.6589,10,nan,nan,nan
ROI_075/patch_71,5,169.7738,392.3618,181.3947,393.4498,179.6923,392.9344,180.9389,392.3944,12,nan,nan,nan
ROI_075/patch_71,6,142.7882,306.8049,156.3130,309.0838,156.1305,307.3883,154.9241,308.1637,10,nan,nan,nan
ROI_075/patch_71,7,440.4929,174.2640,466.4150,174.5543,471.8260,174.4100,467.4985,173.7556,11,nan,nan,nan
ROI_075/patch_71,8,414.5458,61.1580,440.5731,62.8263,450.7686,61.3053,439.3441,61.0050,12,nan,nan,nan
ROI_075/patch_72,0,226.2379,378.2487,247.5194,378.2487,252.7407,377.5416,249.0807,378.3958,10,nan,nan,nan
ROI_075/patch_72,1,292.3626,129.7111,313.6441,128.1910,314.0190,129.0084,313.4747,128.4339,12,nan,nan,nan
ROI_075/patch_72,2,164.7735,43.3642,187.4752,44.5850,187.1787,42.5816,185.6365,43.6087,13,nan,nan,nan
ROI_075/patch_72,3,8.5608,167.6194,44.5850,167.7138,35.3786,166.7679,44.4997,165.6681,4,nan,nan,nan
ROI_075/patch_72,4,74.3867,438.9008,102.3491,439.0530,104.2647,438.1191,103.2930,438.5218,10,nan,nan,nan
ROI_075/patch_72,5,89.5611,506.6776,116.0301,506.6978,120.2242,505.9127,nan,nan,0,nan,nan,nan
ROI_075/patch_72,6,434.4580,447.3772,461.8547,445.1335,458.6476,446.7914,463.1287,446.2387,11,nan,nan,nan
ROI_075/patch_72,7,418.1009,271.9964,444.3734,273.3613,439.8888,271.3797,444.5564,272.0107,12,nan,nan,nan
ROI_075/patch_72,8,291.0254,218.0227,316.6843,217.1173,314.0458,217.3304,313.6244,217.3340,8,nan,nan,nan
ROI_075/patch_73,0,92.4684,170.7540,124.3907,173.0341,133.5233,170.0446,126.8578,169.9063,12,nan,nan,nan
ROI_075/patch_73,1,138.8317,259.6803,189.7553,257.4001,190.3286,258.5942,190.8356,258.3219,12,nan,nan,nan
ROI_075/patch_73,2,244.4135,249.7076,303.7634,248.2795,299.1797,248.4073,304.2476,247.0596,9,nan,nan,nan
ROI_075/patch_73,3,356.7903,472.4361,435.2528,468.6951,437.5599,470.2008,436.1870,469.9315,12,nan,nan,nan
ROI_075/patch_73,4,341.4441,405.1542,418.5316,403.3305,415.1042,403.1582,417.2984,402.9757,10,nan,nan,nan
ROI_075/patch_73,5,224.6061,489.7358,296.1629,488.4565,301.7473,487.7540,295.3442,488.2058,9,nan,nan,nan
ROI_075/patch_73,6,219.1240,66.8207,251.3197,64.3464,255.2232,66.1331,255.0502,66.4212,9,nan,nan,nan
ROI_075/patch_73,7,377.4723,54.7631,418.5316,55.2258,418.7546,53.7454,418.3853,54.6579,12,nan,nan,nan
ROI_075/patch_74,0,261.2004,31.6641,293.8827,30.1440,292.5225,30.6530,296.0350,30.1217,7,nan,nan,nan
ROI_075/patch_74,1,194.3157,52.1856,236.8787,51.4255,231.0396,51.1236,236.8173,50.5577,10,nan,nan,nan
ROI_075/patch_74,2,213.7972,195.1739,258.9202,194.3157,263.8793,193.7551,261.0238,193.1312,12,nan,nan,nan
ROI_075/patch_74,3,348.7112,210.3412,395.7300,208.7567,393.5666,208.8840,396.5335,208.5025,10,nan,nan,nan
ROI_075/patch_74,4,377.2564,465.4947,443.6134,462.6147,446.2595,463.4008,445.7443,463.6189,10,nan,nan,nan
ROI_075/patch_74,5,53.4641,412.7621,131.2312,409.4109,133.3745,410.8010,132.0419,409.9669,7,nan,nan,nan
ROI_075/patch_74,6,58.6385,278.7594,126.6709,277.1615,124.8583,277.1327,129.3311,278.1415,10,nan,nan,nan
ROI_075/patch_74,7,40.4525,61.5371,89.4282,61.3062,85.8085,60.4524,89.5576,59.6662,12,nan,nan,nan
ROI_075/patch_75,0,112.9899,43.0649,128.1910,40.7848,125.9399,43.1902,125.5446,42.1545,12,nan,nan,nan
ROI_075/patch_75,1,412.4511,98.5489,420.0517,98.5489,404.6745,99.9524,420.7940,98.3660,12,nan,nan,nan
ROI_075/patch_75,2,288.9057,112.5043,296.9229,114.5100,292.1006,113.2177,297.6969,112.3543,11,nan,nan,nan
ROI_075/patch_75,3,141.6336,478.1897,211.7969,475.5356,180.8380,476.5383,213.3486,476.1043,10,nan,nan,nan
ROI_075/patch_75,4,4.8296,397.0490,81.0676,394.2099,49.8372,395.0602,nan,nan,2,nan,nan,nan
ROI_075/patch_75,5,429.5252,429.5287,441.3332,426.1321,442.1027,429.5568,442.8436,428.7370,9,nan,nan,nan
ROI_075/patch_75,6,372.8263,390.1445,386.6093,393.4498,387.4309,390.0582,385.8574,390.1441,10,nan,nan,nan
ROI_075/patch_75,7,400.3394,235.7904,403.3305,237.6387,402.5646,236.5260,402.9097,237.1106,12,nan,nan,nan
ROI_075/patch_75,8,111.1951,392.6073,178.3545,391.1696,147.2544,391.1792,179.0759,390.1802,5,nan,nan,nan
ROI_075/patch_76,0,351.6468,246.7594,373.6884,245.9993,373.5059,245.7724,372.4627,245.1607,11,nan,nan,nan
ROI_075/patch_76,1,339.4860,144.9121,362.2876,144.1521,359.5138,144.1018,358.4426,142.9232,11,nan,nan,nan
ROI_075/patch_76,2,34.2143,321.3657,50.6655,323.5248,47.0255,321.2106,50.1859,321.1555,8,nan,nan,nan
ROI_075/patch_76,3,110.9274,279.5335,124.3907,278.6816,125.5877,279.2104,123.0358,277.7528,12,nan,nan,nan
ROI_075/patch_76,4,142.2718,96.5007,155.5529,96.2687,155.3348,96.3383,158.3065,96.9140,10,nan,nan,nan
ROI_075/patch_76,5,334.4539,63.4026,350.8868,62.0663,353.1659,62.7198,354.1444,63.6708,11,nan,nan,nan
ROI_075/patch_76,6,417.9588,19.1423,440.5731,18.7432,438.7016,18.2748,440.0975,19.2944,10,nan,nan,nan
ROI_075/patch_76,7,428.6710,415.4464,461.0946,414.7313,455.3740,413.9992,461.1518,414.0794,10,nan,nan,nan
ROI_075/patch_77,0,164.6735,121.3505,230.7982,121.3505,231.5358,119.7939,235.2915,119.9594,10,nan,nan,nan
ROI_075/patch_77,1,269.5610,107.6695,337.9659,106.1494,335.9363,106.1427,338.2517,106.4298,10,nan,nan,nan
ROI_075/patch_77,2,217.4598,249.7026,284.0020,249.0395,280.1988,248.2507,283.3759,247.6253,9,nan,nan,nan
ROI_075/patch_77,3,117.4302,196.6191,187.4752,195.8358,182.5300,195.0950,184.4014,194.6366,11,nan,nan,nan
ROI_075/patch_77,4,55.2272,79.4650,120.5904,75.7472,124.2081,77.8402,122.9929,77.1419,9,nan,nan,nan
ROI_075/patch_77,5,20.8029,298.5968,93.9885,297.6830,83.7883,297.1046,93.6143,296.2807,10,nan,nan,nan
ROI_075/patch_77,6,65.1076,472.2174,139.5918,469.4552,122.7426,470.8566,138.8783,470.7029,6,nan,nan,nan
ROI_075/patch_77,7,352.2983,335.6272,407.1308,334.1656,411.4428,334.2821,408.5339,335.2288,10,nan,nan,nan
ROI_075/patch_77,8,169.4359,328.0603,235.3586,325.8050,230.3304,326.6426,234.4341,325.8570,12,nan,nan,nan
ROI_075/patch_78,0,382.0490,348.6066,445.1335,348.6066,443.7914,347.2674,442.0000,347.1279,12,nan,nan,nan
ROI_075/patch_78,1,330.3653,410.1710,389.6495,409.4109,391.4844,408.9460,389.4233,409.4763,12,nan,nan,nan
ROI_075/patch_78,2,68.6290,475.9601,130.4711,475.5356,136.9789,474.9890,129.8603,473.8563,12,nan,nan,nan
ROI_075/patch_78,3,85.1509,159.0383,157.0730,157.8331,166.2523,157.6390,160.1327,156.9147,11,nan,nan,nan
ROI_075/patch_78,4,10.6431,167.4273,86.3880,165.4336,94.2395,166.0867,86.9533,166.3861,6,nan,nan,nan
ROI_075/patch_78,5,320.8040,189.1616,391.1696,187.4752,391.6217,187.6514,391.5977,187.9559,12,nan,nan,nan
ROI_075/patch_78,6,277.2455,253.1543,349.3667,252.8398,347.0265,251.7563,350.3393,251.7700,10,nan,nan,nan
ROI_075/patch_78,7,400.6605,465.6087,457.2943,465.6549,456.7503,464.4118,456.6172,463.6200,12,nan,nan,nan
ROI_075/patch_78,8,17.0697,21.6882,105.3893,19.5032,106.5747,20.1514,106.4255,19.9833,10,nan,nan,nan
ROI_075/patch_79,0,79.5475,245.9993,142.6320,243.7192,145.6619,244.4853,144.8947,243.8929,12,nan,nan,nan
ROI_075/patch_79,1,125.1507,338.7259,191.2754,337.2058,190.8253,337.0792,190.1981,337.0203,10,nan,nan,nan
ROI_075/patch_79,2,39.8077,420.2787,109.9497,420.0517,107.0413,418.6414,109.1045,418.6445,11,nan,nan,nan
ROI_075/patch_79,3,347.3767,373.6630,407.8908,372.1683,409.7053,371.7600,410.6925,371.5096,12,nan,nan,nan
ROI_075/patch_79,4,408.0386,286.6489,468.6951,287.0422,469.1753,284.7663,466.2597,284.7305,13,nan,nan,nan
ROI_075/patch_79,5,375.9464,129.9061,418.5316,128.1910,437.1287,128.2025,420.9532,128.5463,12,nan,nan,nan
ROI_075/patch_79,6,251.7412,187.6961,311.3640,185.1950,315.0166,186.0633,310.9160,185.7347,11,nan,nan,nan
ROI_075/patch_79,7,9.8433,114.7588,78.7874,113.7499,76.6602,113.4377,81.8748,111.8999,5,nan,nan,nan
ROI_075/patch_80,0,97.0287,110.7097,144.9121,111.4698,144.3637,109.8817,147.1259,109.6250,10,nan,nan,nan
ROI_075/patch_80,1,258.9202,46.1051,303.7634,44.5850,304.5720,45.3555,305.7454,45.1899,11,nan,nan,nan
ROI_075/patch_80,2,138.5347,274.4727,217.1173,272.6012,203.1343,273.0320,217.9030,272.6649,11,nan,nan,nan
ROI_075/patch_80,3,253.3375,336.5990,331.8854,334.9256,327.3359,334.8352,336.3929,334.2891,9,nan,nan,nan
ROI_075/patch_80,4,132.6744,482.5363,215.5972,479.3359,217.5236,480.3709,216.6828,479.7476,11,nan,nan,nan
ROI_075/patch_80,5,40.6234,472.1277,121.3505,470.2152,121.8034,470.0831,121.4352,470.7070,8,nan,nan,nan
ROI_075/patch_80,6,57.5327,189.9445,123.6306,188.9953,111.5073,188.8746,122.5412,187.9824,11,nan,nan,nan
ROI_075/patch_80,7,403.3347,162.5124,464.8949,163.1534,464.5639,161.2221,466.2855,160.0785,10,nan,nan,nan
ROI_075/patch_80,8,294.5412,433.5444,375.2085,429.1723,379.2385,431.4026,375.5630,431.1453,10,nan,nan,nan
ROI_075/patch_81,0,159.3532,312.8841,225.4779,310.6039,227.2554,311.2323,225.1443,312.4350,8,nan,nan,nan
ROI_075/patch_81,1,194.3157,413.9713,265.0007,413.2112,262.1747,412.2325,262.9182,412.2331,12,nan,nan,nan
ROI_075/patch_81,2,237.5437,468.7373,305.2835,467.9351,304.5544,466.9180,305.2871,466.5402,9,nan,nan,nan
ROI_075/patch_81,3,28.5922,12.4238,100.8290,11.1426,97.5344,11.0676,100.4436,10.8740,7,nan,nan,nan
ROI_075/patch_81,4,339.8916,34.0048,389.6495,33.9443,398.5043,32.2107,391.5779,32.9046,10,nan,nan,nan
ROI_075/patch_81,5,332.3231,237.9751,394.2099,236.1186,393.5020,236.1134,394.1827,236.3514,9,nan,nan,nan
ROI_075/patch_81,6,345.8452,268.9417,407.8908,267.2808,406.9154,267.0494,406.3082,266.8125,9,nan,nan,nan
ROI_075/patch_81,7,150.7503,175.0736,214.8371,175.3143,217.3846,173.4865,216.3857,174.2076,10,nan,nan,nan
ROI_075/patch_82,0,176.0744,97.7888,220.1575,95.5086,233.5293,96.3383,222.3089,97.8200,12,nan,nan,nan
ROI_075/patch_82,1,204.1964,278.6816,261.9605,277.9216,260.2263,277.4257,264.2987,277.4201,10,nan,nan,nan
ROI_075/patch_82,2,384.4073,71.6197,432.9726,70.4269,432.9671,70.5516,435.5258,69.6735,10,nan,nan,nan
ROI_075/patch_82,3,247.0578,30.9648,299.9632,30.9040,301.5524,29.5997,298.4691,30.2330,12,nan,nan,nan
ROI_075/patch_82,4,242.4704,471.1065,295.4028,470.9753,296.6264,470.0737,296.4148,470.4092,11,nan,nan,nan
ROI_075/patch_82,5,336.8560,407.2534,386.6093,406.3707,387.0452,406.3535,385.6442,406.4849,12,nan,nan,nan
ROI_075/patch_82,6,101.6366,56.6014,154.7928,55.9858,162.3313,54.9751,151.5061,55.5935,11,nan,nan,nan
ROI_075/patch_82,7,191.6605,211.0965,247.5194,210.2768,248.3099,209.7640,248.4472,209.3630,9,nan,nan,nan
ROI_075/patch_82,8,415.6360,251.4053,461.8547,252.0798,462.6390,250.5369,461.2419,251.1732,10,nan,nan,nan
ROI_075/patch_83,0,141.8719,352.4069,209.5167,350.1267,209.1827,350.0753,208.5452,349.9436,5,nan,nan,nan
ROI_075/patch_83,1,65.8665,363.0476,126.6709,361.5275,136.1236,360.4918,127.5826,360.5677,12,nan,nan,nan
ROI_075/patch_83,2,193.4548,39.7947,254.3599,39.2646,255.2958,38.0745,254.9052,37.9788,11,nan,nan,nan
ROI_075/patch_83,3,135.8218,101.9440,204.9564,100.0690,200.5115,99.9725,202.0822,99.3032,11,nan,nan,nan
ROI_075/patch_83,4,48.5402,195.7378,111.4698,192.0355,117.5402,193.3861,111.6853,194.4350,11,nan,nan,nan
ROI_075/patch_83,5,4.8443,119.8097,68.9067,117.5502,74.6058,117.4524,69.3606,117.4200,3,nan,nan,nan
ROI_075/patch_83,6,415.3093,176.8336,472.4954,176.8344,470.4605,175.5152,470.9288,175.1672,10,nan,nan,nan
ROI_075/patch_83,7,444.5599,420.0144,498.3372,420.8117,501.3871,418.4105,496.6381,420.6126,6,nan,nan,nan
ROI_075/patch_84,0,119.8304,150.2325,191.2754,147.9524,192.3724,148.2937,192.7720,148.1839,10,nan,nan,nan
ROI_075/patch_84,1,54.4657,230.0382,122.8706,226.9980,123.2537,228.1190,123.1473,227.3657,11,nan,nan,nan
ROI_075/patch_84,2,380.2923,15.6154,455.7742,12.6628,460.2300,13.6415,455.8373,13.6601,10,nan,nan,nan
ROI_075/patch_84,3,202.6803,412.7468,264.0506,410.1710,264.9822,410.8685,266.0802,411.9202,12,nan,nan,nan
ROI_075/patch_84,4,79.9589,309.8183,142.7948,308.5172,145.6370,307.9175,145.7573,307.8727,12,nan,nan,nan
ROI_075/patch_84,5,272.1333,204.8859,341.4925,203.2279,343.4995,202.9580,343.3512,202.6688,12,nan,nan,nan
ROI_075/patch_84,6,370.7421,350.6530,436.5807,347.9332,436.7946,348.7580,436.8179,348.6620,10,nan,nan,nan
ROI_075/patch_84,7,58.9744,412.2528,119.8664,410.5884,120.2794,410.3763,117.8901,411.0933,11,nan,nan,nan
ROI_075/patch_85,0,216.7318,75.4558,280.1905,74.6913,279.2027,74.5204,278.2962,73.8507,11,nan,nan,nan
ROI_075/patch_85,1,401.7560,116.7422,455.2754,117.5068,458.1668,115.9733,455.1212,115.9111,11,nan,nan,nan
ROI_075/patch_85,2,418.8454,324.7110,475.9186,323.9388,468.6853,324.0434,478.9088,323.2272,12,nan,nan,nan
ROI_075/patch_85,3,248.6867,342.6325,306.9502,340.7592,302.4542,341.8353,305.9801,340.2039,12,nan,nan,nan
ROI_075/patch_85,4,159.9139,335.0259,212.9090,333.1136,216.2297,334.1539,215.0144,333.8789,7,nan,nan,nan
ROI_075/patch_85,5,167.5015,445.2010,219.7900,445.5043,220.3747,444.3815,218.5820,444.0012,10,nan,nan,nan
ROI_075/patch_85,6,31.5844,331.5914,92.1080,333.1136,91.3615,330.6145,90.8602,330.0478,10,nan,nan,nan
ROI_075/patch_85,7,38.8396,247.3195,104.3410,246.7179,100.9080,246.3130,104.7804,246.2095,11,nan,nan,nan
ROI_075/patch_86,0,366.5861,317.0577,419.3410,316.2932,417.8483,315.5009,420.3058,315.6781,10,nan,nan,nan
ROI_075/patch_86,1,255.7245,361.4024,311.5376,361.4024,314.4261,359.5897,311.0412,359.8337,11,nan,nan,nan
ROI_075/patch_86,2,107.6496,486.4129,160.9187,485.2616,177.7766,484.1283,162.8742,484.3702,7,nan,nan,nan
ROI_075/patch_86,3,71.4988,227.9008,134.1590,224.5456,137.8739,226.0731,139.3475,225.5036,9,nan,nan,nan
ROI_075/patch_86,4,171.3049,35.1901,225.1420,33.4049,227.5245,33.8950,225.1058,34.5985,12,nan,nan,nan
ROI_075/patch_86,5,378.4753,18.2575,420.1055,18.1136,422.2848,17.3100,420.9042,17.0634,9,nan,nan,nan
ROI_075/patch_86,6,398.4246,197.6582,444.5715,197.7859,445.1362,196.3860,445.4073,196.7693,10,nan,nan,nan
ROI_075/patch_86,7,325.0023,479.7413,377.2900,479.1451,382.3604,477.7995,377.9000,478.0797,10,nan,nan,nan
ROI_075/patch_87,0,182.3264,139.6791,228.9648,139.6791,229.2599,138.7306,229.8316,138.1304,12,nan,nan,nan
ROI_075/patch_87,1,148.6857,212.3126,189.9721,213.0772,194.1717,211.4576,191.9233,210.8731,10,nan,nan,nan
ROI_075/patch_87,2,182.9254,380.0549,224.3774,380.5165,224.4803,379.3689,224.1202,378.6300,8,nan,nan,nan
ROI_075/patch_87,3,180.2686,454.7860,225.1420,454.6791,220.1662,454.1828,225.0825,453.3578,9,nan,nan,nan
ROI_075/patch_87,4,334.2016,445.1832,374.2317,445.5043,373.5050,444.5049,373.5271,443.8057,10,nan,nan,nan
ROI_075/patch_87,5,331.6722,215.7953,375.7609,216.9000,376.1187,214.8673,375.0482,215.3551,12,nan,nan,nan
ROI_075/patch_87,6,103.6748,48.1982,155.5667,47.9316,153.0674,47.1827,154.1920,47.0066,11,nan,nan,nan
ROI_075/patch_87,7,7.5760,110.1618,58.4672,110.6257,56.0879,109.2544,57.6447,109.2321,3,nan,nan,nan
ROI_075/patch_87,8,442.5052,95.9048,488.1516,94.5699,489.0504,94.7991,488.7380,94.7286,9,nan,nan,nan
ROI_075/patch_88,0,150.9794,135.0917,209.0861,132.0335,204.3327,133.4715,208.1232,132.6460,12,nan,nan,nan
ROI_075/patch_88,1,103.5765,381.2810,148.6857,383.5747,148.7714,379.8245,149.2110,379.6361,11,nan,nan,nan
ROI_075/patch_88,2,142.5405,487.8038,184.6201,488.3198,185.5913,486.3511,183.2470,487.0546,10,nan,nan,nan
ROI_075/patch_88,3,404.7505,451.8717,452.9817,450.0917,454.9411,450.1071,453.9319,449.9457,9,nan,nan,nan
ROI_075/patch_88,4,354.9985,248.2296,408.6371,248.2471,409.8645,246.4299,409.0824,247.0399,12,nan,nan,nan
ROI_075/patch_88,5,319.9354,164.8273,373.4672,164.1451,376.3739,163.0298,373.9811,162.8710,8,nan,nan,nan
ROI_075/patch_88,6,255.1266,57.4430,315.3604,54.8126,313.1317,55.6705,313.6952,55.1473,10,nan,nan,nan
ROI_075/patch_88,7,430.3735,38.0565,486.6225,37.2277,493.0179,36.0776,487.1935,35.0815,6,nan,nan,nan
ROI_075/patch_89,0,219.0255,213.0772,255.7245,212.3126,255.5513,212.7004,255.3271,211.2510,11,nan,nan,nan
ROI_075/patch_89,1,85.9915,167.2034,121.1614,168.7325,124.4095,166.8398,122.3917,166.7685,10,nan,nan,nan
ROI_075/patch_89,2,26.2838,186.6188,59.9964,187.0820,64.1506,186.2915,58.5249,186.7348,9,nan,nan,nan
ROI_075/patch_89,3,169.0974,431.7691,197.6177,430.9776,198.0747,431.5768,199.2088,431.7759,12,nan,nan,nan
ROI_075/patch_89,4,340.8406,460.7460,368.1152,460.7956,368.4339,460.5137,366.5478,461.8923,5,nan,nan,nan
ROI_075/patch_89,5,348.5874,209.2610,386.4648,209.2544,384.9679,208.8345,388.0376,208.1861,12,nan,nan,nan
ROI_075/patch_89,6,223.1034,48.0999,266.4284,47.1670,265.3959,47.5962,266.7835,46.6261,11,nan,nan,nan
ROI_075/patch_89,7,340.6359,46.9331,381.1128,47.9316,382.7164,46.3860,383.2724,45.9065,11,nan,nan,nan
ROI_075/patch_89,8,466.0323,29.5063,504.2075,27.2884,508.4530,28.9007,nan,nan,2,nan,nan,nan
ROI_075/patch_90,0,141.8719,217.8773,186.7151,217.1173,189.0402,216.6081,188.8552,215.3399,9,nan,nan,nan
ROI_075/patch_90,1,144.1521,99.3089,193.5556,97.0287,194.1668,97.8109,195.4989,96.8559,12,nan,nan,nan
ROI_075/patch_90,2,24.7502,94.8105,74.9872,93.9885,75.9987,93.3281,74.5797,93.0848,11,nan,nan,nan
ROI_075/patch_90,3,345.6252,288.7360,385.8493,287.8023,389.1598,287.5617,385.5682,287.3171,9,nan,nan,nan
ROI_075/patch_90,4,136.0760,398.3113,178.3545,397.2501,178.9346,397.3908,179.9457,396.8245,11,nan,nan,nan
ROI_075/patch_90,5,136.1459,480.6360,179.8746,480.0960,177.0125,479.8740,177.4487,478.9849,10,nan,nan,nan
ROI_075/patch_90,6,274.9200,458.0397,315.9243,457.2943,315.0257,457.2059,316.1160,457.3787,10,nan,nan,nan
ROI_075/patch_90,7,386.9155,19.8712,434.4927,19.5032,436.5643,18.1706,434.2983,18.2789,10,nan,nan,nan
ROI_075/patch_91,0,30.9040,17.2231,81.0676,14.9429,78.3580,15.8174,81.8769,16.8396,11,nan,nan,nan
ROI_075/patch_91,1,321.2447,50.6655,350.8868,49.9054,354.6697,49.7974,353.4979,49.7130,11,nan,nan,nan
ROI_075/patch_91,2,203.5033,154.4009,236.8787,153.2727,240.8763,153.5814,237.6656,153.9664,9,nan,nan,nan
ROI_075/patch_91,3,203.9647,495.7004,233.0784,494.5370,236.2499,495.6574,235.8719,494.3242,7,nan,nan,nan
ROI_075/patch_91,4,384.3118,465.0863,407.1308,466.4150,408.6457,465.2605,408.4968,464.3385,10,nan,nan,nan
ROI_075/patch_91,5,427.9911,148.8600,456.5343,147.9524,454.9832,148.3849,457.4245,148.2065,10,nan,nan,nan
ROI_075/patch_91,6,103.3799,377.1796,144.1521,376.7286,142.1126,376.7073,142.4857,375.4333,10,nan,nan,nan
ROI_075/patch_91,7,294.7354,305.6434,328.8452,305.2835,325.6111,305.3127,329.5011,304.1963,7,nan,nan,nan
ROI_075/patch_92,0,316.6843,269.5610,333.4055,271.0811,331.8884,268.8543,335.3712,268.9810,11,nan,nan,nan
ROI_075/patch_92,1,217.8773,392.6897,237.6387,392.6897,234.4542,392.0392,236.5683,392.3799,10,nan,nan,nan
ROI_075/patch_92,2,239.6244,472.7368,255.8800,471.7354,252.5498,472.1988,256.1538,472.7699,10,nan,nan,nan
ROI_075/patch_92,3,329.1771,424.2627,336.4457,423.8520,338.8851,423.7475,337.7784,424.1104,12,nan,nan,nan
ROI_075/patch_92,4,418.0178,130.2700,452.7340,129.7111,432.2208,129.4906,452.2070,128.4068,12,nan,nan,nan
ROI_075/patch_92,5,140.4521,32.6341,175.3143,30.9040,172.3756,31.4952,172.7701,30.9939,9,nan,nan,nan
ROI_075/patch_92,6,285.9157,36.1618,320.4846,34.7043,310.0416,35.1558,320.1924,34.9285,12,nan,nan,nan
ROI_075/patch_92,7,100.4992,107.8013,131.2312,108.4296,132.1845,106.7147,132.3044,106.7145,12,nan,nan,nan
ROI_075/patch_92,8,36.4742,307.0846,62.8263,306.8036,65.3136,306.1737,66.2882,306.6300,5,nan,nan,nan
ROI_075/patch_93,0,65.1065,42.3049,92.4684,43.0649,91.9587,41.9814,93.4759,41.8611,7,nan,nan,nan
ROI_075/patch_93,1,436.7729,289.3224,449.6938,290.8425,452.7161,289.4706,452.4562,290.4823,11,nan,nan,nan
ROI_075/patch_93,2,366.7015,140.1057,385.8493,142.6320,385.6916,140.1075,386.2234,140.1545,11,nan,nan,nan
ROI_075/patch_93,3,307.6602,108.3884,326.5650,109.1896,328.3108,108.3195,327.2292,108.6381,10,nan,nan,nan
ROI_075/patch_93,4,158.6405,308.9509,180.6347,309.0838,180.7747,308.8606,180.2951,308.8189,11,nan,nan,nan
ROI_075/patch_93,5,286.0508,445.6122,307.5637,445.8935,303.9439,445.7128,305.9642,445.4497,12,nan,nan,nan
ROI_075/patch_93,6,62.3775,130.1789,87.9081,131.2312,88.4446,129.9021,87.6903,130.8832,13,nan,nan,nan
ROI_075/patch_93,7,10.4076,49.9892,41.5448,51.4255,38.4405,49.6209,41.3654,48.9077,6,nan,nan,nan
ROI_075/patch_93,8,435.1661,71.1839,454.2541,73.4671,453.2505,71.2085,453.8399,72.1608,9,nan,nan,nan
ROI_075/patch_94,0,159.3532,44.5850,194.3157,45.3451,191.3738,44.7350,195.0804,43.4705,9,nan,nan,nan
ROI_075/patch_94,1,261.9605,52.1856,293.1227,52.1856,289.7502,52.3483,295.2737,52.1163,10,nan,nan,nan
ROI_075/patch_94,2,188.9700,288.7044,205.7165,290.0825,208.7088,289.2723,203.9727,288.3066,11,nan,nan,nan
ROI_075/patch_94,3,59.8389,326.3472,84.1078,324.2849,82.7439,326.9798,83.0896,326.5585,10,nan,nan,nan
ROI_075/patch_94,4,19.8970,360.9416,41.5448,359.2474,42.7321,361.6334,43.1359,361.5996,7,nan,nan,nan
ROI_075/patch_94,5,454.1374,430.6918,442.8533,430.6924,457.3488,431.5022,443.0398,431.7343,9,nan,nan,nan
ROI_075/patch_94,6,352.1457,483.5141,337.9659,484.6563,356.8023,484.4151,338.1606,485.7534,12,nan,nan,nan
ROI_075/patch_94,7,337.0743,274.2190,349.3667,273.3613,351.8701,274.7617,349.9684,273.7932,12,nan,nan,nan
ROI_075/patch_95,0,191.2754,19.5032,217.8773,21.7834,218.8025,19.2238,219.4023,19.4984,9,nan,nan,nan
ROI_075/patch_95,1,259.6803,64.3464,286.2822,62.8263,285.8299,64.0413,285.8439,63.7544,12,nan,nan,nan
ROI_075/patch_95,2,235.0903,192.0529,257.4001,193.5556,256.3853,191.8792,256.4483,191.7501,10,nan,nan,nan
ROI_075/patch_95,3,45.1576,477.7572,33.9443,478.5758,55.0189,478.0034,38.1998,477.9296,5,nan,nan,nan
ROI_075/patch_95,4,206.6153,476.7240,199.6360,478.5758,217.2007,476.8189,200.0596,478.0171,12,nan,nan,nan
ROI_075/patch_95,5,441.1541,474.9394,448.9337,475.5356,452.8020,474.8141,452.0301,474.6591,11,nan,nan,nan
ROI_075/patch_95,6,380.6273,243.2000,401.8104,242.9591,400.6378,242.9342,403.3442,242.9045,11,nan,nan,nan
ROI_075/patch_95,7,222.1422,372.7337,224.7178,370.6482,236.6616,372.7257,226.8397,372.1575,12,nan,nan,nan
ROI_075/patch_95,8,15.6613,127.9441,40.0247,126.6709,38.4089,127.9204,40.1393,127.8020,8,nan,nan,nan
ROI_075/patch_96,0,265.0007,188.9953,276.4015,188.9953,275.0239,189.3607,277.2570,189.0539,12,nan,nan,nan
ROI_075/patch_96,1,125.9108,164.6735,148.7124,164.6735,148.8701,164.4090,151.6506,164.5408,12,nan,nan,nan
ROI_075/patch_96,2,240.2299,298.3657,253.5999,299.2031,251.9889,298.7697,254.3447,299.1161,12,nan,nan,nan
ROI_075/patch_96,3,53.0523,148.7360,84.1078,150.2325,82.8037,148.1372,82.4079,149.2224,11,nan,nan,nan
ROI_075/patch_96,4,436.8038,231.2174,426.8922,234.5985,430.7878,232.3770,426.1685,233.0296,7,nan,nan,nan
ROI_075/patch_96,5,124.7017,400.4976,144.1521,401.8104,146.5942,400.5406,147.6038,401.1466,9,nan,nan,nan
ROI_075/patch_96,6,245.6034,67.1037,261.2004,68.9067,258.0227,67.2241,258.7830,67.1033,12,nan,nan,nan
ROI_075/patch_96,7,456.8710,465.3788,432.9726,469.4552,447.8363,466.9352,434.8243,466.9988,7,nan,nan,nan
ROI_075/patch_97,0,207.2366,53.7057,230.7982,54.4657,225.8335,53.5975,227.7808,53.4703,13,nan,nan,nan
ROI_075/patch_97,1,287.8023,29.3839,307.5637,29.3839,304.7970,29.1088,303.5323,29.2058,11,nan,nan,nan
ROI_075/patch_97,2,218.2561,267.0659,232.3184,267.2808,232.7005,267.3347,233.4667,266.6590,10,nan,nan,nan
ROI_075/patch_97,3,82.5204,378.4167,100.0690,376.7286,98.3868,379.0967,99.1948,378.0643,10,nan,nan,nan
ROI_075/patch_97,4,429.2500,377.7791,433.7327,379.7688,436.3325,377.9323,435.4009,377.5858,9,nan,nan,nan
ROI_075/patch_97,5,254.1711,396.2586,265.0007,394.2099,265.3594,396.7113,266.2746,396.2086,11,nan,nan,nan
ROI_075/patch_97,6,350.4676,52.2873,365.3278,52.9456,365.4569,51.9593,366.9366,52.2158,10,nan,nan,nan
ROI_075/patch_97,7,466.5329,197.1027,472.4954,197.3559,475.9493,196.8660,472.0169,197.9265,11,nan,nan,nan
ROI_075/patch_98,0,147.9524,171.5140,146.7648,171.8941,149.8969,172.0025,149.5701,172.2228,10,nan,nan,nan
ROI_075/patch_98,1,358.1548,181.9648,326.5650,183.1049,335.9987,183.0235,326.5481,184.0521,11,nan,nan,nan
ROI_075/patch_98,2,410.9978,217.7078,367.6080,221.1076,382.7175,218.8718,369.8613,220.1633,10,nan,nan,nan
ROI_075/patch_98,3,21.1600,30.4686,35.4644,31.0941,37.9081,30.7682,38.1338,30.7263,12,nan,nan,nan
ROI_075/patch_98,4,33.0022,319.0559,49.9054,318.3945,47.8233,319.0561,48.4768,319.7554,9,nan,nan,nan
ROI_075/patch_98,5,388.1976,425.6446,325.8050,430.1224,362.1182,426.5060,326.5542,428.5104,10,nan,nan,nan
ROI_075/patch_98,6,117.8124,229.9413,122.4906,231.3683,123.0941,230.2790,122.1221,230.9547,8,nan,nan,nan
ROI_075/patch_98,7,342.4484,5.1292,323.9049,5.6323,322.4411,6.3479,nan,nan,2,nan,nan,nan
ROI_075/patch_99,0,169.6139,121.9205,144.5321,123.4406,147.6169,123.0519,142.5879,124.0039,12,nan,nan,nan
ROI_075/patch_99,1,237.2587,368.1780,212.9370,368.1780,208.0931,369.5313,213.6353,369.5232,11,nan,nan,nan
ROI_075/patch_99,2,428.5859,285.7748,402.9505,286.8522,407.1834,286.7828,403.4549,287.0464,11,nan,nan,nan
ROI_075/patch_99,3,490.5167,443.2685,460.7146,447.9837,464.9975,444.3947,458.3528,445.4237,9,nan,nan,nan
ROI_075/patch_99,4,157.5651,460.8374,127.0509,460.9046,123.0660,462.4073,125.0560,462.8458,11,nan,nan,nan
ROI_075/patch_99,5,67.6343,388.6414,30.5240,390.2196,33.4794,390.2352,31.3846,390.6089,11,nan,nan,nan
ROI_075/patch_99,6,56.6906,480.2645,16.8430,482.9462,18.9632,481.9865,16.6132,482.3444,9,nan,nan,nan
ROI_075/patch_99,7,442.5788,160.4105,425.7521,161.4433,426.0398,161.2441,426.1642,161.3345,9,nan,nan,nan
ROI_075/patch_101,0,172.6541,65.6765,178.3545,66.4366,178.1781,66.4855,179.0865,65.4304,10,nan,nan,nan
ROI_075/patch_101,1,364.7578,152.8927,368.1780,153.6528,369.3745,153.8569,369.4776,154.2988,10,nan,nan,nan
ROI_075/patch_101,2,308.8878,274.6188,312.5991,275.2139,312.2334,275.5121,312.9773,275.5955,10,nan,nan,nan
ROI_075/patch_101,3,31.0855,218.3057,34.1139,218.8226,35.0145,218.9624,33.6954,219.3129,10,nan,nan,nan
ROI_075/patch_101,4,196.0798,186.9981,202.2278,189.1554,200.3380,187.8066,202.0259,188.4014,11,nan,nan,nan
ROI_075/patch_101,5,304.2927,417.3079,305.6825,417.3643,306.1490,418.1721,304.2939,418.7658,11,nan,nan,nan
ROI_075/patch_101,6,400.5019,462.8727,403.0516,464.5274,401.8842,463.8143,402.1176,462.7508,12,nan,nan,nan
ROI_075/patch_101,7,166.3062,466.8404,170.2786,466.0488,167.6436,467.5736,171.7283,467.3199,9,nan,nan,nan
ROI_075/patch_102,0,74.2271,184.4350,85.6279,185.9551,64.2468,185.3549,85.1761,184.6703,12,nan,nan,nan
ROI_075/patch_102,1,464.1348,422.3318,437.5329,429.1723,440.8854,423.3782,439.9570,423.4114,11,nan,nan,nan
ROI_075/patch_102,2,41.1141,102.5976,52.9456,102.3491,25.5140,103.5469,54.1060,102.9060,10,nan,nan,nan
ROI_075/patch_102,3,155.1851,382.3321,158.5931,382.0490,158.7050,383.1814,158.9485,382.3547,11,nan,nan,nan
ROI_075/patch_102,4,339.2871,238.4809,307.5637,239.1588,308.4999,239.5569,307.2262,240.3287,10,nan,nan,nan
ROI_075/patch_102,5,476.6846,136.7270,423.8520,139.5918,420.9071,137.9686,422.5082,139.4640,11,nan,nan,nan
ROI_075/patch_102,6,85.6356,492.1285,98.5489,491.4968,108.1859,492.8560,96.5527,492.7233,8,nan,nan,nan
ROI_075/patch_102,7,130.1862,309.3532,130.4711,307.5637,128.2380,310.2320,131.5506,309.4904,12,nan,nan,nan
ROI_075/patch_103,0,281.7219,455.0142,303.0034,455.0142,301.7337,455.2513,305.3129,454.4473,7,nan,nan,nan
ROI_075/patch_103,1,157.8331,148.7124,119.8304,153.2727,117.9193,148.8111,121.4499,150.1355,8,nan,nan,nan
ROI_075/patch_103,2,361.5450,469.4390,392.6897,470.2152,393.0435,469.3720,392.6858,468.8573,12,nan,nan,nan
ROI_075/patch_103,3,202.1185,46.4762,167.7138,51.4255,152.2315,46.1691,167.8881,48.9105,12,nan,nan,nan
ROI_075/patch_103,4,115.1933,2.3145,74.9872,8.1024,48.5787,2.2774,nan,nan,1,nan,nan,nan
ROI_075/patch_103,5,51.0728,132.3002,8.1024,135.7915,-3.7768,132.8118,9.0490,133.4342,4,nan,nan,nan
ROI_075/patch_103,6,84.7814,482.3968,81.8277,484.6563,85.7906,483.5196,84.4698,482.9250,12,nan,nan,nan
ROI_075/patch_103,7,139.4638,275.6379,112.9899,277.1615,116.2190,276.0865,114.5378,276.9182,10,nan,nan,nan
ROI_075/patch_103,8,399.6070,369.4520,418.5316,369.1281,420.7370,369.0103,419.7623,369.6083,12,nan,nan,nan
ROI_075/patch_104,0,188.9953,164.6735,173.7942,164.6735,179.9550,165.7403,175.9180,164.3182,12,nan,nan,nan
ROI_075/patch_104,1,71.9470,123.6306,52.9456,125.9108,69.4694,124.7856,56.1222,124.6177,8,nan,nan,nan
ROI_075/patch_104,2,166.3422,454.6128,193.5556,455.7742,184.1694,455.0204,195.4471,453.8467,7,nan,nan,nan
ROI_075/patch_104,3,201.4673,421.2052,221.6776,421.5718,213.3960,421.6901,222.8515,421.3368,11,nan,nan,nan
ROI_075/patch_104,4,31.5014,286.5862,43.8250,287.8023,46.5132,287.3696,45.9693,286.2937,10,nan,nan,nan
ROI_075/patch_104,5,293.9530,60.1828,265.7607,60.5462,266.8864,61.4911,266.3805,61.0376,11,nan,nan,nan
ROI_075/patch_104,6,369.1591,255.5908,356.2072,260.4404,352.4013,256.4587,353.6198,256.8214,11,nan,nan,nan
ROI_075/patch_104,7,450.4253,360.1591,434.4927,363.0476,435.6481,360.7931,435.5137,360.4675,12,nan,nan,nan
ROI_075/patch_105,0,178.3545,179.8746,168.4738,179.8746,164.3610,180.9680,170.4245,181.5852,10,nan,nan,nan
ROI_075/patch_105,1,330.3653,81.0676,327.3251,81.8277,329.4807,81.7157,328.6657,81.5466,12,nan,nan,nan
ROI_075/patch_105,2,251.8891,261.5918,232.3184,264.2406,234.2125,262.8674,234.2663,264.0040,11,nan,nan,nan
ROI_075/patch_105,3,180.1221,462.1739,145.6722,464.8949,144.3421,464.1323,143.9284,464.7346,9,nan,nan,nan
ROI_075/patch_105,4,86.1152,381.1531,52.9456,382.0490,53.2288,382.9505,52.5871,382.5797,12,nan,nan,nan
ROI_075/patch_105,5,385.9700,257.4636,370.6482,262.7205,373.4300,258.6013,369.5958,259.9451,10,nan,nan,nan
ROI_075/patch_105,6,486.1342,273.3291,476.2957,274.1213,475.9649,274.4219,477.1366,273.9722,11,nan,nan,nan
ROI_075/patch_105,7,504.0393,200.7591,500.6174,202.6762,500.1302,201.6124,nan,nan,2,nan,nan,nan
ROI_075/patch_106,0,173.0341,135.0314,175.3143,134.2714,175.3678,135.4322,176.8284,135.0121,7,nan,nan,nan
ROI_075/patch_106,1,351.6468,12.6628,350.8868,14.1829,354.5848,13.0868,349.9720,12.9104,6,nan,nan,nan
ROI_075/patch_106,2,484.7669,87.6021,475.5356,86.3880,482.0120,88.1598,477.2386,87.3930,12,nan,nan,nan
ROI_075/patch_106,3,402.7009,466.6508,390.4096,467.9351,387.7316,467.4238,392.0674,467.1351,11,nan,nan,nan
ROI_075/patch_106,4,251.8585,463.3365,238.3988,464.1348,240.3226,464.0152,240.5722,464.4906,13,nan,nan,nan
ROI_075/patch_106,5,57.4193,442.1607,47.6252,442.8533,50.9342,442.7059,48.3872,442.7823,9,nan,nan,nan
ROI_075/patch_106,6,257.2588,89.4361,258.1602,87.9081,259.4298,89.8563,259.3303,89.5027,9,nan,nan,nan
ROI_075/patch_106,7,142.1896,10.4258,148.7124,9.6225,149.8077,10.7205,149.1280,10.0644,6,nan,nan,nan
ROI_075/patch_106,8,394.7687,298.0220,387.3694,298.4430,386.2087,298.6721,389.4173,298.6699,12,nan,nan,nan
ROI_075/patch_107,0,306.0436,232.3184,326.5650,230.7982,320.7253,232.4945,323.9733,231.6586,11,nan,nan,nan
ROI_075/patch_107,1,356.2072,123.6306,385.0892,122.8706,380.2708,123.4659,384.2373,122.0514,12,nan,nan,nan
ROI_075/patch_107,2,99.5007,184.7591,104.6293,184.4350,104.1621,185.1156,103.6643,186.0445,10,nan,nan,nan
ROI_075/patch_107,3,221.3549,494.9918,219.3974,496.0571,215.6217,495.9392,218.5294,497.0293,6,nan,nan,nan
ROI_075/patch_107,4,142.0228,501.0781,138.8317,502.8976,131.0335,502.1549,140.4004,502.6686,3,nan,nan,nan
ROI_075/patch_107,5,458.4934,392.1481,470.9753,392.6897,473.3635,392.4993,472.3723,392.1041,12,nan,nan,nan
ROI_075/patch_107,6,178.9556,248.4771,183.6749,250.5596,184.8468,248.8765,185.1298,248.6406,10,nan,nan,nan
ROI_075/patch_107,7,359.0460,312.8241,370.6482,315.1642,372.3521,313.1228,373.3778,313.7231,10,nan,nan,nan
ROI_075/patch_107,8,29.9272,245.3716,31.6641,247.5194,26.7848,245.9782,28.8639,246.4641,11,nan,nan,nan
ROI_075/patch_108,0,188.2352,214.8371,218.6374,211.7969,216.5268,214.3058,218.2093,213.5159,11,nan,nan,nan
ROI_075/patch_108,1,89.4282,503.6576,113.7499,504.4177,115.3976,503.2040,nan,nan,2,nan,nan,nan
ROI_075/patch_108,2,357.6228,416.1527,376.7286,415.4914,377.6197,415.3636,378.5052,414.3421,10,nan,nan,nan
ROI_075/patch_108,3,430.0214,377.9597,451.9740,376.7286,448.6629,377.0827,450.8844,378.2594,10,nan,nan,nan
ROI_075/patch_108,4,27.2814,82.5743,67.3866,81.0676,62.4142,82.2773,66.5929,81.3711,11,nan,nan,nan
ROI_075/patch_108,5,4.9295,28.1231,44.5850,27.1038,41.6483,27.8652,nan,nan,2,nan,nan,nan
ROI_075/patch_108,6,147.5982,465.4352,172.2741,464.1348,172.6114,464.9122,170.5200,464.7776,7,nan,nan,nan
ROI_075/patch_108,7,148.6132,282.8386,178.3545,280.2018,176.8164,282.3470,178.2395,281.5028,7,nan,nan,nan
ROI_075/patch_109,0,64.3464,160.8733,15.7030,163.9135,15.0620,162.8546,16.7517,163.9438,8,nan,nan,nan
ROI_075/patch_109,1,168.4738,183.6749,119.8304,186.7151,117.2630,185.6049,117.8818,185.8924,12,nan,nan,nan
ROI_075/patch_109,2,127.4309,32.4242,84.1078,34.7043,86.3669,34.0405,83.1010,35.3815,9,nan,nan,nan
ROI_075/patch_109,3,423.6823,153.7313,384.3291,157.8331,373.4135,155.3340,382.6286,155.8697,10,nan,nan,nan
ROI_075/patch_109,4,106.1629,249.3970,53.7057,254.3599,50.8677,251.5439,52.7791,251.9685,11,nan,nan,nan
ROI_075/patch_109,5,270.0573,305.2564,206.4765,312.1240,210.4122,307.3694,206.6756,308.0329,10,nan,nan,nan
ROI_075/patch_109,6,332.0073,129.8118,285.5221,131.9912,283.6882,131.4507,287.8733,131.6839,11,nan,nan,nan
ROI_075/patch_109,7,116.2665,422.8352,49.1453,426.8922,49.4857,425.3790,46.5262,425.3329,9,nan,nan,nan
ROI_075/patch_110,0,369.1281,60.5462,350.1267,64.3464,355.3990,61.5319,354.8184,61.5094,12,nan,nan,nan
ROI_075/patch_110,1,303.0034,320.4846,275.6414,324.2849,278.2851,322.1994,277.5459,323.1522,10,nan,nan,nan
ROI_075/patch_110,2,460.1467,354.2408,439.8131,356.9672,436.8973,355.8675,438.2902,356.5507,8,nan,nan,nan
ROI_075/patch_110,3,170.5929,21.9534,154.0328,24.8236,154.8546,23.0607,154.8587,23.0999,11,nan,nan,nan
ROI_075/patch_110,4,229.7733,259.4828,201.9162,261.9605,206.0831,261.1244,202.3723,261.7210,9,nan,nan,nan
ROI_075/patch_110,5,247.7631,136.4845,229.2781,139.5918,229.0404,137.7958,229.4286,136.7548,13,nan,nan,nan
ROI_075/patch_110,6,82.3844,286.8173,42.3049,289.3224,55.0847,288.6904,41.7720,289.0028,10,nan,nan,nan
ROI_075/patch_110,7,351.5755,408.7737,320.4846,413.9713,324.3659,410.6577,321.8824,411.9788,10,nan,nan,nan
ROI_075/patch_111,0,200.9661,62.6363,197.9259,62.6363,197.9451,63.2540,197.1841,63.1801,12,nan,nan,nan
ROI_075/patch_111,1,222.2476,181.2047,215.4072,181.2047,214.1130,181.8862,213.7263,181.3419,13,nan,nan,nan
ROI_075/patch_111,2,349.7117,346.9023,333.2155,348.4166,335.5375,347.6822,334.3763,347.9200,11,nan,nan,nan
ROI_075/patch_111,3,481.7161,282.3528,471.5453,283.8120,471.9520,283.1116,473.0051,282.3541,10,nan,nan,nan
ROI_075/patch_111,4,487.3349,479.9178,474.5856,480.6660,468.7122,480.7801,473.9574,481.3983,9,nan,nan,nan
ROI_075/patch_111,5,114.2428,326.6001,101.3991,327.8951,98.3188,327.3471,101.6377,328.6307,10,nan,nan,nan
ROI_075/patch_111,6,123.4077,157.9450,115.0800,158.4031,115.2041,158.6049,116.6081,155.8530,11,nan,nan,nan
ROI_075/patch_111,7,461.2192,112.4569,462.4247,113.5599,458.8956,113.1252,460.7146,113.3133,12,nan,nan,nan
ROI_075/patch_111,8,327.7273,12.0477,330.9354,13.9928,328.4265,12.6510,327.3103,12.1370,7,nan,nan,nan
ROI_075/patch_112,0,201.7262,44.3950,219.2074,45.1551,220.3881,44.4656,220.6155,43.1072,11,nan,nan,nan
ROI_075/patch_112,1,25.3937,262.5305,37.5545,264.0506,38.3093,262.8342,36.1324,262.7654,9,nan,nan,nan
ROI_075/patch_112,2,64.6124,456.1559,68.7167,456.3443,71.5725,456.6521,70.7091,455.9487,10,nan,nan,nan
ROI_075/patch_112,3,352.3858,300.2659,358.2973,299.0131,362.7462,300.5835,361.0521,300.1881,9,nan,nan,nan
ROI_075/patch_112,4,496.7408,485.3514,504.2277,487.5065,500.9417,485.8451,nan,nan,2,nan,nan,nan
ROI_075/patch_112,5,399.3593,106.2490,416.0614,106.7194,415.3104,106.3674,415.0212,106.1392,10,nan,nan,nan
ROI_075/patch_112,6,414.7080,32.6038,432.7826,33.7543,432.7920,32.6467,431.8177,32.3408,10,nan,nan,nan
ROI_075/patch_112,7,215.3716,270.9618,228.3281,273.1713,227.2057,271.2600,229.8226,270.8567,12,nan,nan,nan
ROI_075/patch_116,0,242.1991,90.9483,246.7594,95.5086,245.0349,91.2495,244.1967,92.0062,8,nan,nan,nan
ROI_075/patch_116,1,306.0436,308.3238,315.1642,310.2239,313.6449,308.3095,316.9238,308.6387,7,nan,nan,nan
ROI_075/patch_116,2,441.5929,170.7708,442.2833,172.6541,442.5542,170.8727,443.1726,171.4975,11,nan,nan,nan
ROI_075/patch_116,3,401.9389,58.3631,402.7605,57.8860,400.5727,58.6313,400.2548,58.7333,10,nan,nan,nan
ROI_075/patch_116,4,89.4797,463.5381,105.5794,461.4746,105.8839,463.4228,101.6400,463.1879,10,nan,nan,nan
ROI_075/patch_116,5,173.1545,463.9441,187.6652,462.9947,187.8464,463.7886,187.7717,464.1801,12,nan,nan,nan
ROI_075/patch_116,6,41.3692,299.1482,51.6155,300.3432,54.1659,299.2714,49.8178,299.1731,11,nan,nan,nan
ROI_075/patch_116,7,18.9512,123.9762,23.4935,124.0107,27.3096,124.3398,23.3153,124.8949,10,nan,nan,nan
ROI_075/patch_117,0,316.8744,333.0255,235.5486,338.3459,236.3555,336.1520,235.6414,339.0744,8,nan,nan,nan
ROI_075/patch_117,1,139.7818,428.0323,56.3659,433.9227,56.8571,430.9818,57.0861,430.9510,7,nan,nan,nan
ROI_075/patch_117,2,293.8583,458.6900,221.8676,460.7146,218.6672,461.1292,219.3314,461.0391,7,nan,nan,nan
ROI_075/patch_117,3,471.1461,444.1762,397.4401,448.5537,402.3754,446.3200,400.9938,448.2627,6,nan,nan,nan
ROI_075/patch_117,4,385.0838,503.6116,318.3945,507.8379,315.8042,505.5917,nan,nan,2,nan,nan,nan
ROI_075/patch_117,5,353.0472,366.0805,277.3516,371.7883,275.6311,368.9355,277.6255,371.8786,8,nan,nan,nan
ROI_075/patch_117,6,172.1038,287.7161,87.3381,293.5027,83.4970,291.4188,83.7349,290.5902,7,nan,nan,nan
ROI_075/patch_117,7,192.1137,362.6585,110.8997,364.9478,108.0434,365.8790,107.4170,365.7974,7,nan,nan,nan
ROI_075/patch_118,0,198.3059,320.1046,134.4614,324.6649,120.3874,321.4123,138.3281,321.3310,9,nan,nan,nan
ROI_075/patch_118,1,395.2581,409.3013,316.1143,413.5912,317.8834,411.5496,318.7539,412.1576,10,nan,nan,nan
ROI_075/patch_118,2,393.0401,91.5356,318.3945,94.3686,307.5771,93.6666,317.4210,96.2990,9,nan,nan,nan
ROI_075/patch_118,3,398.5625,244.3811,319.9146,247.8995,316.9508,246.5891,316.7470,247.0897,9,nan,nan,nan
ROI_075/patch_118,4,84.5623,346.9492,19.6933,348.9866,8.3290,347.7401,14.0640,349.3586,5,nan,nan,nan
ROI_075/patch_118,5,146.8676,236.1676,69.8568,239.5389,67.2597,237.2093,67.3507,238.7748,5,nan,nan,nan
ROI_075/patch_118,6,473.6983,57.7160,404.2806,61.6862,386.6631,60.2085,403.1689,60.7554,8,nan,nan,nan
ROI_075/patch_118,7,453.0511,382.5326,373.1184,386.9893,374.4851,385.0391,373.3990,385.4664,7,nan,nan,nan
ROI_075/patch_119,0,284.1920,114.8900,265.1907,117.9302,261.1485,116.8620,267.3329,117.6308,10,nan,nan,nan
ROI_075/patch_119,1,231.7483,155.1729,202.1062,158.9731,197.7695,157.4241,199.3085,157.6987,11,nan,nan,nan
ROI_075/patch_119,2,220.8793,255.8368,175.5043,257.0201,178.3034,258.1152,175.1790,260.2266,6,nan,nan,nan
ROI_075/patch_119,3,314.6607,284.5455,281.9119,288.9424,284.7309,286.2909,281.6606,287.1483,11,nan,nan,nan
ROI_075/patch_119,4,264.6147,351.6171,218.8274,355.8271,222.2862,353.6195,221.0466,353.9809,10,nan,nan,nan
ROI_075/patch_119,5,241.4654,480.9386,186.9051,485.0363,186.6608,483.0271,187.9173,483.6825,5,nan,nan,nan
ROI_075/patch_119,6,77.9816,388.1732,18.1731,393.8298,4.0617,391.2052,19.9553,390.0825,9,nan,nan,nan
ROI_075/patch_119,7,58.4933,150.4363,7.5324,155.1729,-2.1604,153.6563,7.8642,152.0272,4,nan,nan,nan
ROI_075/patch_119,8,138.8879,130.0005,97.2188,134.6514,92.1642,132.7785,97.8057,132.8457,13,nan,nan,nan
ROI_075/patch_119,9,473.6146,348.9141,462.8047,349.7467,464.0416,349.7507,462.7336,349.1736,12,nan,nan,nan
ROI_075/patch_120,0,249.0395,172.2741,250.5596,173.0341,252.5000,172.3562,254.1688,170.4717,11,nan,nan,nan
ROI_075/patch_120,1,135.7915,205.7165,138.8317,207.2366,137.6644,205.9460,136.7290,205.8983,10,nan,nan,nan
ROI_075/patch_120,2,97.8769,465.7388,108.4296,464.1348,110.6086,465.7962,108.0960,465.1611,10,nan,nan,nan
ROI_075/patch_120,3,387.8750,503.5638,394.2099,505.1777,410.3236,503.1338,nan,nan,2,nan,nan,nan
ROI_075/patch_120,4,383.9295,238.1462,391.1696,237.6387,394.1197,237.9586,390.7269,237.8592,10,nan,nan,nan
ROI_075/patch_120,5,314.6004,337.4469,329.6053,335.6857,327.4271,337.2794,328.6874,336.7897,10,nan,nan,nan
ROI_075/patch_120,6,223.5221,410.4370,239.1588,410.9310,237.1821,410.3470,237.6712,410.7017,10,nan,nan,nan
ROI_075/patch_120,7,29.1849,402.1486,35.4644,401.8104,37.1142,402.3701,36.9333,401.8771,12,nan,nan,nan
ROI_075/patch_120,8,83.1942,47.2800,90.1883,49.1453,76.3662,47.7328,88.8910,48.4605,10,nan,nan,nan
ROI_075/patch_121,0,386.6093,238.3988,314.4042,243.7192,305.1606,240.9891,312.6649,241.3344,10,nan,nan,nan
ROI_075/patch_121,1,303.0034,140.3518,221.6776,144.1521,222.8721,143.0876,219.3803,143.2926,7,nan,nan,nan
ROI_075/patch_121,2,382.3058,106.3596,307.5637,109.1896,307.5597,109.1999,309.0298,109.1079,9,nan,nan,nan
ROI_075/patch_121,3,446.2306,121.5341,374.4484,126.6709,373.6011,124.3773,374.0627,125.7745,9,nan,nan,nan
ROI_075/patch_121,4,287.9733,344.2102,192.7955,347.8466,196.5072,346.5492,193.5650,347.0882,8,nan,nan,nan
ROI_075/patch_121,5,363.2060,408.5143,271.0811,413.9713,271.8043,410.7680,271.2880,410.5114,3,nan,nan,nan
ROI_075/patch_121,6,322.4629,471.7769,226.2379,475.5356,225.9017,473.8894,225.4074,476.9588,7,nan,nan,nan
ROI_075/patch_121,7,117.7163,399.4565,28.6239,401.8104,15.6151,401.6050,29.0004,401.8814,4,nan,nan,nan
ROI_075/patch_121,8,193.1229,41.9616,111.4698,44.5850,113.1313,44.8305,113.4922,45.6992,9,nan,nan,nan
ROI_075/patch_122,0,296.1629,198.1159,217.8773,203.4363,223.6912,200.3533,221.2217,200.8611,6,nan,nan,nan
ROI_075/patch_122,1,390.4096,486.1764,315.1642,491.4968,307.3467,488.4310,315.7678,488.8500,9,nan,nan,nan
ROI_075/patch_122,2,301.5126,352.7357,226.2379,355.4471,225.3563,354.9445,225.5774,355.4887,9,nan,nan,nan
ROI_075/patch_122,3,145.5810,460.2845,70.4269,467.1750,73.9214,462.3405,70.2280,465.1146,5,nan,nan,nan
ROI_075/patch_122,4,155.7891,196.3925,88.6682,198.8760,89.5629,198.5131,90.2380,198.6143,12,nan,nan,nan
ROI_075/patch_122,5,161.9307,88.8544,97.0287,91.7084,97.8310,91.0030,97.5741,91.7499,11,nan,nan,nan
ROI_075/patch_122,6,67.8732,101.4131,10.3826,105.3893,7.6525,103.4806,9.4578,103.5409,6,nan,nan,nan
ROI_075/patch_122,7,433.6907,217.9499,357.7273,222.4377,354.6955,220.2977,416.4361,188.4849,7,nan,nan,nan
ROI_075/patch_123,0,190.5154,178.3545,144.9121,181.3947,149.2756,180.4681,147.3573,181.0698,11,nan,nan,nan
ROI_075/patch_123,1,169.9939,290.0825,120.5904,292.3626,131.8476,292.6375,121.3381,292.7370,10,nan,nan,nan
ROI_075/patch_123,2,211.5868,439.2344,144.1521,442.8533,172.9478,442.3006,144.9402,442.0209,11,nan,nan,nan
ROI_075/patch_123,3,347.3252,406.4645,296.1629,409.4109,299.0875,409.2541,294.5525,409.3376,9,nan,nan,nan
ROI_075/patch_123,4,427.2977,493.5833,367.6080,496.0571,375.0415,496.6083,369.2318,496.1366,7,nan,nan,nan
ROI_075/patch_123,5,456.6967,50.5210,413.2112,52.9456,395.6560,51.8542,415.7859,52.9732,10,nan,nan,nan
ROI_075/patch_123,6,290.1558,26.8165,236.8787,30.9040,239.9092,28.2499,236.7678,29.3226,10,nan,nan,nan
ROI_075/patch_123,7,111.8211,90.5234,68.1467,95.5086,74.5031,92.3975,65.6164,93.2065,11,nan,nan,nan
ROI_075/patch_124,0,204.1964,62.8263,209.5167,62.0663,203.4208,63.8876,211.0588,62.8946,11,nan,nan,nan
ROI_075/patch_124,1,352.4069,57.5059,359.2474,57.5059,367.2306,58.0891,360.0992,58.9501,9,nan,nan,nan
ROI_075/patch_124,2,474.5470,239.6959,479.3359,241.4390,482.7792,240.5538,477.0179,240.9632,11,nan,nan,nan
ROI_075/patch_124,3,303.8947,381.8867,284.0020,385.8493,279.9834,383.7827,282.0549,384.2757,12,nan,nan,nan
ROI_075/patch_124,4,372.2885,406.7690,356.9672,410.1710,352.7264,408.5423,354.7842,409.1275,12,nan,nan,nan
ROI_075/patch_124,5,88.4307,275.1447,52.9456,275.6414,53.7738,277.3254,52.5298,275.6058,10,nan,nan,nan
ROI_075/patch_124,6,173.5325,232.2076,147.9524,235.3586,151.9895,233.9709,149.1840,234.8165,7,nan,nan,nan
ROI_075/patch_124,7,32.1835,57.5323,19.5032,58.2660,14.4989,59.1073,16.5497,57.6307,6,nan,nan,nan
ROI_075/patch_125,0,303.7634,73.4671,194.3157,81.0676,192.1669,78.2484,250.5476,76.0786,8,nan,nan,nan
ROI_075/patch_125,1,470.2152,53.7057,367.6080,55.9858,345.1435,59.5083,367.9252,56.8759,9,nan,nan,nan
ROI_075/patch_125,2,140.3511,372.7949,47.6252,378.2487,33.7047,377.3034,47.6182,375.8477,7,nan,nan,nan
ROI_075/patch_125,3,113.3621,130.6151,16.4630,134.2714,16.1580,134.3183,16.8234,134.2051,7,nan,nan,nan
ROI_075/patch_125,4,143.1317,19.7086,44.5850,24.0636,46.6932,23.3145,45.4314,22.5502,8,nan,nan,nan
ROI_075/patch_125,5,319.7465,480.2413,194.3157,483.8962,194.7692,486.1861,193.5717,482.9535,6,nan,nan,nan
ROI_075/patch_125,6,342.8046,399.2805,215.5972,406.3707,218.2742,405.1628,335.9803,397.9007,3,nan,nan,nan
ROI_075/patch_125,7,490.8740,239.1537,384.3291,243.7192,358.5725,245.5729,113.1426,239.3692,9,nan,nan,nan
ROI_075/patch_127,0,160.8733,298.4430,97.7888,301.4833,94.1625,300.7759,95.1957,300.5799,11,nan,nan,nan
ROI_075/patch_127,1,318.2045,240.6789,248.2795,241.4390,251.9084,242.7704,251.3452,242.6543,11,nan,nan,nan
ROI_075/patch_127,2,372.8460,255.5669,306.8036,259.6803,306.1893,257.6492,305.9179,258.5407,5,nan,nan,nan
ROI_075/patch_127,3,483.0432,84.8768,415.4914,89.4282,418.5579,86.5122,415.1086,87.9674,9,nan,nan,nan
ROI_075/patch_127,4,357.7944,27.5790,294.6428,30.9040,294.4704,29.1863,294.4879,29.9250,11,nan,nan,nan
ROI_075/patch_127,5,77.1580,151.3285,11.9027,152.5127,12.7950,153.4104,13.4000,153.4701,7,nan,nan,nan
ROI_075/patch_127,6,150.1644,451.6160,73.4671,456.5343,81.2701,454.2837,74.4292,454.3442,12,nan,nan,nan
ROI_075/patch_127,7,371.2243,434.7407,300.7232,437.5329,301.9843,437.2063,300.4113,439.0536,6,nan,nan,nan
ROI_075/patch_128,0,189.7553,216.3572,122.1105,219.3974,129.5824,218.7117,123.0392,218.7096,10,nan,nan,nan
ROI_075/patch_128,1,288.5623,310.6039,231.5583,315.9243,231.4947,313.1524,229.9547,313.6434,11,nan,nan,nan
ROI_075/patch_128,2,347.4411,443.1476,293.1227,445.8935,289.9944,446.0217,291.8294,447.7628,9,nan,nan,nan
ROI_075/patch_128,3,405.7255,211.9388,361.5275,216.3572,358.4820,214.1393,358.3081,214.0568,9,nan,nan,nan
ROI_075/patch_128,4,239.5530,76.5283,182.1548,81.0676,186.4130,78.4658,180.9577,79.4268,8,nan,nan,nan
ROI_075/patch_128,5,240.4330,8.5855,190.5154,11.9027,189.3284,10.3357,188.8689,11.5370,6,nan,nan,nan
ROI_075/patch_128,6,141.6251,22.6893,82.5877,27.8638,84.2524,24.5432,78.6222,25.5252,11,nan,nan,nan
ROI_075/patch_128,7,150.6498,341.1584,86.3880,346.3265,84.5162,343.8815,85.9150,344.1776,12,nan,nan,nan
ROI_075/patch_128,8,427.1623,33.2566,394.2099,35.4644,386.4050,34.9519,394.3289,35.7747,10,nan,nan,nan
ROI_075/patch_129,0,308.3238,312.1240,163.9135,318.2045,167.5508,317.5823,162.7022,318.7915,5,nan,nan,nan
ROI_075/patch_129,1,284.7621,46.1051,151.7526,52.9456,152.4617,50.4853,152.6757,51.4225,8,nan,nan,nan
ROI_075/patch_129,2,463.3755,323.8886,315.9243,330.3653,314.5345,328.5717,317.0152,329.8164,12,nan,nan,nan
ROI_075/patch_129,3,338.8898,450.7990,202.6762,456.5343,192.7869,456.7217,281.3626,457.3513,5,nan,nan,nan
ROI_075/patch_129,4,236.1891,393.9051,89.4282,400.2903,96.7767,400.1189,91.1191,400.4734,9,nan,nan,nan
ROI_075/patch_129,5,492.6158,188.4750,347.0865,195.0757,346.0278,192.3890,345.9968,194.0117,4,nan,nan,nan
ROI_075/patch_129,6,387.9996,92.5187,248.2795,97.7888,249.2692,96.5573,247.5119,97.4479,12,nan,nan,nan
ROI_075/patch_129,7,131.8003,189.5794,5.8223,194.3157,3.2062,195.4263,22.6099,191.4493,6,nan,nan,nan
ROI_075/patch_130,0,198.8760,116.7901,74.9872,122.1105,73.7241,122.9737,72.7256,122.9719,9,nan,nan,nan
ROI_075/patch_130,1,448.9337,103.8692,348.6066,109.1896,352.9923,108.2623,351.5420,107.9098,7,nan,nan,nan
ROI_075/patch_130,2,406.8614,329.8543,309.0838,333.4055,306.7383,332.8568,310.1592,334.7558,12,nan,nan,nan
ROI_075/patch_130,3,474.7793,358.2284,387.3694,362.2876,382.6943,360.5035,388.7648,361.2081,7,nan,nan,nan
ROI_075/patch_130,4,286.7449,366.2387,167.7138,372.9283,172.6891,369.8732,167.3897,372.0765,8,nan,nan,nan
ROI_075/patch_130,5,398.7152,430.5132,298.4430,436.0128,297.9687,432.8163,297.6726,434.0299,8,nan,nan,nan
ROI_075/patch_130,6,467.4074,12.9798,369.8881,19.5032,373.3293,17.9203,368.5333,17.7043,5,nan,nan,nan
ROI_075/patch_130,7,370.9576,64.6817,266.5208,70.4269,265.7658,69.9597,266.1598,70.3797,8,nan,nan,nan
ROI_075/patch_131,0,185.9551,46.1051,101.5891,53.7057,109.0690,48.7128,101.7486,51.6799,10,nan,nan,nan
ROI_075/patch_131,1,385.8493,15.7030,305.2835,20.2633,300.4874,19.6706,305.2397,20.2259,7,nan,nan,nan
ROI_075/patch_131,2,450.0000,384.2603,406.3707,386.6093,364.9060,389.0692,406.9926,386.7220,8,nan,nan,nan
ROI_075/patch_131,3,494.2143,399.4454,462.6147,401.0503,407.4186,404.5785,462.3980,401.3441,7,nan,nan,nan
ROI_075/patch_131,4,118.3644,324.1314,45.3451,329.6053,46.4589,326.5658,47.4049,327.0128,9,nan,nan,nan
ROI_075/patch_131,5,157.4062,427.3791,85.6279,432.9726,84.7077,430.1959,84.3074,430.0284,7,nan,nan,nan
ROI_075/patch_131,6,244.2821,468.4789,160.8733,474.0155,168.3289,471.9449,165.8252,471.4400,7,nan,nan,nan
ROI_075/patch_131,7,375.4419,207.7404,289.3224,214.8371,292.0255,211.8410,290.9462,212.8566,11,nan,nan,nan
ROI_075/patch_132,0,383.5691,120.5904,315.9243,125.1507,316.1957,123.1178,316.5558,124.9455,7,nan,nan,nan
ROI_075/patch_132,1,154.7928,147.9524,84.1078,151.7526,81.2478,150.5361,80.5409,150.8150,5,nan,nan,nan
ROI_075/patch_132,2,196.4367,67.4481,128.9510,70.4269,127.5127,70.1129,128.8769,69.9808,10,nan,nan,nan
ROI_075/patch_132,3,418.0682,7.8482,359.2474,11.1426,356.6556,10.4984,358.6918,10.4340,4,nan,nan,nan
ROI_075/patch_132,4,489.0389,103.5748,426.1321,109.1896,424.7146,106.0815,424.8991,106.4753,6,nan,nan,nan
ROI_075/patch_132,5,421.0118,311.6838,342.5262,315.1642,345.5914,313.9655,340.4409,315.5599,6,nan,nan,nan
ROI_075/patch_132,6,426.1991,388.5258,344.8063,392.6897,347.3312,390.7125,344.8297,393.5202,10,nan,nan,nan
ROI_075/patch_132,7,144.1841,36.0461,73.4671,40.0247,75.5941,38.7693,74.9639,40.3213,11,nan,nan,nan
ROI_075/patch_133,0,409.4109,451.9740,271.0811,458.8144,280.1383,456.4718,271.0697,458.5352,8,nan,nan,nan
ROI_075/patch_133,1,440.5731,256.6401,309.0838,265.7607,307.2734,262.7977,306.6170,264.5106,10,nan,nan,nan
ROI_075/patch_133,2,445.0273,41.6285,303.7634,49.9054,305.7958,49.3658,305.3360,47.9427,11,nan,nan,nan
ROI_075/patch_133,3,478.2081,28.8595,338.7259,33.9443,340.2774,36.9634,391.2888,33.1788,10,nan,nan,nan
ROI_075/patch_133,4,259.4816,8.8146,113.7499,15.7030,109.9928,15.2495,112.1189,16.3231,6,nan,nan,nan
ROI_075/patch_133,5,155.7356,393.1460,13.4228,400.2903,12.0394,395.9634,214.1515,395.7958,5,nan,nan,nan
ROI_075/patch_133,6,433.8755,426.8567,299.2031,434.4927,305.1123,431.7375,298.6900,433.9357,13,nan,nan,nan
ROI_075/patch_133,7,378.3628,45.1752,232.8884,54.8457,235.8851,52.3345,312.3041,48.2062,6,nan,nan,nan
ROI_075/patch_134,0,302.2433,224.7178,201.1561,229.2781,197.9930,228.7635,201.3145,230.4152,9,nan,nan,nan
ROI_075/patch_134,1,317.4444,287.0422,217.1173,293.1227,215.5838,290.9530,216.0036,291.5996,12,nan,nan,nan
ROI_075/patch_134,2,255.4989,494.1431,145.6722,499.8574,157.9576,497.8353,229.8385,497.2535,4,nan,nan,nan
ROI_075/patch_134,3,142.9658,335.8730,35.4644,340.2460,36.9748,340.0594,38.1554,341.1908,8,nan,nan,nan
ROI_075/patch_134,4,134.1686,230.8768,20.2633,236.8787,24.6930,235.2561,38.7499,241.1793,4,nan,nan,nan
ROI_075/patch_134,5,135.8031,118.5569,22.5435,122.8706,22.9556,123.1202,22.8619,122.8347,5,nan,nan,nan
ROI_075/patch_134,6,425.7420,63.7308,323.5248,67.3866,320.5608,67.7922,325.8330,67.7256,5,nan,nan,nan
ROI_075/patch_134,7,487.3282,138.3308,398.0101,141.8719,386.4048,142.1418,395.5335,141.7577,9,nan,nan,nan
ROI_075/patch_135,0,138.8317,212.5570,62.0663,216.3572,65.2692,215.2330,64.0505,216.8113,7,nan,nan,nan
ROI_075/patch_135,1,187.4752,256.6401,107.6695,261.2004,111.1954,259.3138,108.2647,261.5654,10,nan,nan,nan
ROI_075/patch_135,2,437.5998,416.6544,347.8466,422.3318,347.9239,419.4205,349.2897,419.3868,8,nan,nan,nan
ROI_075/patch_135,3,286.5731,428.7388,201.9162,435.2528,204.0472,431.2785,189.6750,429.8326,4,nan,nan,nan
ROI_075/patch_135,4,114.6006,464.6854,37.9345,468.5051,40.0248,466.9324,36.1683,467.5608,8,nan,nan,nan
ROI_075/patch_135,5,98.5282,362.6400,11.1426,366.6579,25.6056,365.0251,9.9121,365.9991,4,nan,nan,nan
ROI_075/patch_135,6,321.4060,29.7037,245.2393,32.2341,240.6526,32.9177,244.1421,33.2106,6,nan,nan,nan
ROI_075/patch_135,7,454.1905,222.6388,374.4484,230.6082,365.3930,225.7324,372.1834,228.3614,9,nan,nan,nan
ROI_075/patch_137,0,214.8371,295.2128,68.9067,305.0935,34.5806,302.7730,70.6385,303.2855,7,nan,nan,nan
ROI_075/patch_137,1,319.7246,23.8735,176.8344,28.4339,170.2717,30.8086,170.4240,29.8788,10,nan,nan,nan
ROI_075/patch_137,2,243.9241,70.2697,87.9081,77.8374,88.7163,77.3647,87.9084,77.0481,6,nan,nan,nan
ROI_075/patch_137,3,358.0696,300.3762,200.3961,309.6538,178.4511,307.8149,424.6513,435.3866,3,nan,nan,nan
ROI_075/patch_137,4,411.0137,180.6682,246.7594,188.8053,245.0411,187.8250,246.3004,186.9979,10,nan,nan,nan
ROI_075/patch_137,5,406.6295,278.6090,234.5985,289.1324,229.8205,285.9607,237.4595,286.2890,11,nan,nan,nan
ROI_075/patch_137,6,233.1135,162.5930,76.5073,169.8039,67.6345,169.8778,73.1267,169.6402,8,nan,nan,nan
ROI_075/patch_137,7,323.8033,76.7982,171.5140,85.4379,168.5490,83.8326,168.8533,83.3789,12,nan,nan,nan
ROI_075/patch_138,0,297.6830,391.9297,187.4752,396.4900,187.7393,397.5926,188.7786,397.7856,11,nan,nan,nan
ROI_075/patch_138,1,230.0382,172.2741,112.9899,179.8746,112.8510,178.1536,150.5398,173.7053,9,nan,nan,nan
ROI_075/patch_138,2,325.5171,28.1115,210.2768,34.7043,212.4817,33.8733,210.4537,34.4882,9,nan,nan,nan
ROI_075/patch_138,3,140.7630,161.1563,9.6225,170.7540,17.7431,167.2063,38.6479,140.8192,6,nan,nan,nan
ROI_075/patch_138,4,167.9627,402.1393,40.0247,410.1710,49.8963,408.0390,39.4282,408.3867,9,nan,nan,nan
ROI_075/patch_138,5,281.4405,464.7377,176.0744,471.7354,171.4360,470.4006,174.2966,470.3997,10,nan,nan,nan
ROI_075/patch_138,6,499.7681,318.3537,401.0503,323.5248,401.7073,323.6716,403.1422,323.6085,3,nan,nan,nan
ROI_075/patch_138,7,501.6794,184.3193,404.0906,191.2754,401.9484,189.6892,nan,nan,2,nan,nan,nan
ROI_075/patch_139,0,299.2031,211.0368,204.1964,216.3572,208.5835,214.1629,205.7730,214.0947,6,nan,nan,nan
ROI_075/patch_139,1,306.8036,290.0825,206.4765,295.4028,216.3814,293.1003,300.4566,292.0058,10,nan,nan,nan
ROI_075/patch_139,2,368.4398,68.6969,278.6816,71.9470,277.8453,71.8874,278.7591,72.5858,7,nan,nan,nan
ROI_075/patch_139,3,409.7791,14.3754,320.4846,18.7432,319.2626,17.5672,320.3297,18.2612,4,nan,nan,nan
ROI_075/patch_139,4,147.4943,222.7256,58.2660,226.9980,56.2025,226.0755,57.1293,226.3615,10,nan,nan,nan
ROI_075/patch_139,5,308.9938,409.0819,197.3559,415.4914,218.8263,411.9515,197.5535,411.7063,9,nan,nan,nan
ROI_075/patch_139,6,426.7973,402.5307,309.8439,410.1710,337.1570,405.2233,309.1518,409.9582,11,nan,nan,nan
ROI_075/patch_139,7,257.1369,73.8196,163.1534,76.5073,166.0421,77.1786,161.5536,78.4122,8,nan,nan,nan
ROI_075/patch_140,0,204.9564,395.7300,114.5100,401.8104,116.2730,399.6557,116.4687,400.6512,10,nan,nan,nan
ROI_075/patch_140,1,320.4846,141.8719,220.1575,148.7124,218.4160,147.8931,216.9958,147.9636,9,nan,nan,nan
ROI_075/patch_140,2,464.0457,175.0297,358.4873,179.8746,359.9361,181.0833,359.3313,177.8975,8,nan,nan,nan
ROI_075/patch_140,3,469.3198,263.2429,370.6482,271.0811,368.7767,268.6560,369.1582,268.1982,9,nan,nan,nan
ROI_075/patch_140,4,273.3158,316.3608,178.3545,320.4846,179.6775,321.0039,273.6147,212.0006,7,nan,nan,nan
ROI_075/patch_140,5,172.9299,240.7292,81.8277,247.5194,78.5234,245.7364,81.2457,246.4621,6,nan,nan,nan
ROI_075/patch_140,6,374.6040,297.7693,278.6816,303.0034,277.7684,302.7449,278.4989,303.7917,11,nan,nan,nan
ROI_075/patch_140,7,500.8212,460.4785,408.6509,465.6549,407.7816,464.4976,nan,nan,2,nan,nan,nan
ROI_075/patch_141,0,363.0476,212.5570,260.4404,216.3572,267.8461,214.8683,262.7021,215.5999,6,nan,nan,nan
ROI_075/patch_141,1,135.7915,248.2795,61.3062,252.8398,63.8003,250.0710,150.2816,240.3419,6,nan,nan,nan
ROI_075/patch_141,2,313.6994,79.9899,197.3559,85.6279,203.3247,82.9650,241.9859,80.4368,6,nan,nan,nan
ROI_075/patch_141,3,135.4878,40.5875,36.9845,45.3451,33.6033,43.5282,35.8567,45.0191,8,nan,nan,nan
ROI_075/patch_141,4,267.5003,463.9752,214.8371,467.1750,216.1099,464.7595,211.2710,466.0747,12,nan,nan,nan
ROI_075/patch_141,5,317.6779,338.7648,245.9993,343.2862,244.2627,340.3133,245.3873,341.3930,6,nan,nan,nan
ROI_075/patch_141,6,407.0132,446.1056,342.7162,450.2638,341.9588,447.1865,338.3718,448.0795,11,nan,nan,nan
ROI_075/patch_141,7,149.5847,206.9926,72.3270,209.1367,70.5499,209.0322,70.7778,209.3947,9,nan,nan,nan
ROI_075/patch_141,8,420.9108,36.4246,294.5003,43.8725,295.7384,39.7928,294.1017,42.1699,8,nan,nan,nan
ROI_075/patch_142,0,266.5208,376.7286,206.4765,380.5289,205.5234,378.7406,206.4621,379.7217,10,nan,nan,nan
ROI_075/patch_142,1,128.9510,339.4860,62.8263,344.0463,61.3039,341.5116,64.0846,342.5111,6,nan,nan,nan
ROI_075/patch_142,2,264.3602,188.1043,182.1548,193.5556,184.7019,190.4819,182.6090,192.7750,6,nan,nan,nan
ROI_075/patch_142,3,211.1439,96.6927,111.4698,103.1092,121.3141,99.2251,113.1406,101.9487,7,nan,nan,nan
ROI_075/patch_142,4,445.6666,441.7065,376.7286,444.3734,394.9550,443.6688,377.1973,444.3323,7,nan,nan,nan
ROI_075/patch_142,5,81.5985,432.8767,19.5032,436.7729,22.1437,434.7007,19.3949,435.2929,8,nan,nan,nan
ROI_075/patch_142,6,496.9849,46.2339,401.8104,51.4255,408.3561,48.9865,nan,nan,2,nan,nan,nan
ROI_075/patch_142,7,160.0707,33.0893,45.3451,40.7848,62.8600,35.7236,46.9949,40.0029,8,nan,nan,nan
ROI_075/patch_143,0,405.6107,77.2673,272.6012,84.8679,271.2601,82.4189,272.7695,84.2337,10,nan,nan,nan
ROI_075/patch_143,1,502.1375,176.0744,369.1281,183.6749,357.3090,183.2326,nan,nan,1,nan,nan,nan
ROI_075/patch_143,2,350.1267,328.8452,230.0382,335.6857,232.1222,334.0857,233.9375,330.6253,7,nan,nan,nan
ROI_075/patch_143,3,198.6099,488.4722,109.9497,493.7769,107.5884,491.8308,199.6214,485.9950,7,nan,nan,nan
ROI_075/patch_143,4,237.7437,206.8472,131.2312,214.0771,131.7053,209.7233,128.0362,212.7825,9,nan,nan,nan
ROI_075/patch_143,5,236.4252,31.4148,125.1507,39.2646,124.7022,33.5621,124.4525,35.1365,10,nan,nan,nan
ROI_075/patch_143,6,293.1932,6.1189,176.0744,13.4228,172.5159,9.1103,403.1980,5.1564,3,nan,nan,nan
ROI_075/patch_143,7,442.2122,255.6177,301.4833,267.2808,308.6049,262.0978,299.9491,264.9160,6,nan,nan,nan
ROI_075/patch_144,0,245.9993,71.9470,143.3920,79.5475,142.3588,76.3404,143.9504,78.2446,12,nan,nan,nan
ROI_075/patch_144,1,336.4457,113.7499,229.2781,120.5904,229.1328,118.9288,229.7869,119.4470,4,nan,nan,nan
ROI_075/patch_144,2,371.0396,390.9893,234.5985,400.2903,236.2189,398.2545,236.1342,397.8092,9,nan,nan,nan
ROI_075/patch_144,3,154.1277,211.3894,33.1842,215.5972,36.0422,216.2285,36.6677,213.3750,5,nan,nan,nan
ROI_075/patch_144,4,384.2355,181.6022,274.1213,186.7151,270.4096,187.5089,379.3468,188.5513,5,nan,nan,nan
ROI_075/patch_144,5,434.3942,344.8024,305.2835,350.8868,304.5418,352.1019,447.6490,324.9550,4,nan,nan,nan
ROI_075/patch_144,6,504.6394,423.6663,371.4082,429.1723,367.2989,431.8930,nan,nan,1,nan,nan,nan
ROI_075/patch_144,7,189.9030,379.7348,46.8652,388.8895,55.1967,385.9223,46.9410,387.3751,8,nan,nan,nan
ROI_075/patch_145,0,407.8908,362.2876,419.2916,363.0476,414.2905,363.0051,416.1249,362.9888,11,nan,nan,nan
ROI_075/patch_145,1,366.8479,394.9699,379.0088,397.2501,378.4720,395.6183,378.8715,395.9369,13,nan,nan,nan
ROI_075/patch_145,2,208.6427,408.1095,231.5583,410.1710,229.8579,408.4697,229.0930,408.3620,9,nan,nan,nan
ROI_075/patch_145,3,35.5451,496.3373,74.2271,496.0571,74.1572,496.3964,73.1677,496.5952,6,nan,nan,nan
ROI_075/patch_145,4,197.1579,445.8892,220.9175,445.8935,222.5115,446.2355,221.7533,445.1600,12,nan,nan,nan
ROI_075/patch_145,5,143.6525,199.6907,137.3116,201.3462,148.8218,199.8909,142.2748,199.8190,11,nan,nan,nan
ROI_075/patch_145,6,391.2641,192.7747,377.4887,194.5057,382.6979,193.4287,378.3749,193.2332,9,nan,nan,nan
ROI_075/patch_145,7,369.1623,127.6196,344.8063,130.6611,355.6743,128.2203,344.2091,128.5239,11,nan,nan,nan
ROI_075/patch_146,0,141.8719,233.2684,138.0717,237.0687,140.4537,234.0070,141.0510,234.2258,11,nan,nan,nan
ROI_075/patch_146,1,247.5194,16.6530,204.1964,19.6933,213.8953,17.9368,200.7889,19.5264,10,nan,nan,nan
ROI_075/patch_146,2,429.3282,110.2065,385.0892,113.9399,383.9124,111.7263,383.9954,111.8870,10,nan,nan,nan
ROI_075/patch_146,3,416.0669,226.7759,381.2889,230.2282,383.0564,228.0926,384.2141,228.4487,10,nan,nan,nan
ROI_075/patch_146,4,117.9832,501.8281,131.9912,504.6077,144.3920,502.1127,nan,nan,2,nan,nan,nan
ROI_075/patch_146,5,56.8149,382.9703,72.7070,385.2792,79.0150,383.3071,71.9403,383.4497,11,nan,nan,nan
ROI_075/patch_146,6,117.7246,298.7484,125.1507,303.1934,125.1616,299.3383,126.5110,299.4020,12,nan,nan,nan
ROI_075/patch_146,7,506.1185,298.1990,465.6549,300.1532,469.6145,299.5949,nan,nan,0,nan,nan,nan
ROI_075/patch_146,8,467.2214,455.9858,449.6938,458.2444,449.8760,457.0634,449.4092,457.6548,10,nan,nan,nan
ROI_075/patch_147,0,316.6843,246.9494,237.6387,251.5097,238.0080,248.9789,291.0316,244.9022,8,nan,nan,nan
ROI_075/patch_147,1,315.1642,101.0190,219.3974,107.8595,220.6187,103.7208,237.8259,50.5981,9,nan,nan,nan
ROI_075/patch_147,2,174.5380,268.9607,117.5502,274.3113,120.6200,270.8114,118.7400,271.4028,8,nan,nan,nan
ROI_075/patch_147,3,132.7380,389.8349,98.5489,392.8798,98.7283,391.1053,99.4832,391.9530,10,nan,nan,nan
ROI_075/patch_147,4,205.8363,497.6575,170.7540,499.2873,172.2457,498.4705,71.4737,496.4938,3,nan,nan,nan
ROI_075/patch_147,5,347.5880,442.1664,286.2822,445.3235,285.6054,443.3124,285.9586,444.8757,7,nan,nan,nan
ROI_075/patch_147,6,114.2526,23.3571,43.0649,27.2938,42.6945,26.3077,145.2915,21.3676,3,nan,nan,nan
ROI_075/patch_147,7,236.3175,15.8508,149.4725,21.2134,144.7565,18.9024,202.8872,15.6203,5,nan,nan,nan
ROI_075/patch_148,0,379.7688,147.1923,228.5181,154.7928,231.5749,154.0424,230.7923,155.1681,10,nan,nan,nan
ROI_075/patch_148,1,446.6536,89.4282,291.6026,99.3089,288.4128,97.6774,291.5487,98.1868,10,nan,nan,nan
ROI_075/patch_148,2,497.3218,233.8061,350.1267,243.7192,351.5742,241.9424,350.6648,242.2354,5,nan,nan,nan
ROI_075/patch_148,3,426.0021,461.9539,308.3238,468.6951,308.7652,467.5600,309.2596,467.3891,11,nan,nan,nan
ROI_075/patch_148,4,410.3860,382.0422,285.5221,388.1294,285.5144,387.9039,285.8337,388.9276,5,nan,nan,nan
ROI_075/patch_148,5,286.8925,357.3189,165.4336,366.0879,166.5322,361.4162,166.3616,360.8561,8,nan,nan,nan
ROI_075/patch_148,6,170.5371,58.8253,36.9845,65.8665,25.0199,62.9758,40.1154,64.9370,10,nan,nan,nan
ROI_075/patch_148,7,122.2477,421.5983,25.5837,428.4123,18.2931,422.7372,161.1624,428.6182,8,nan,nan,nan
ROI_075/patch_149,0,214.8371,338.7259,250.5596,337.2058,246.6138,338.8395,248.5194,337.7225,7,nan,nan,nan
ROI_075/patch_149,1,76.5073,244.4792,114.5100,244.4792,115.2596,244.6380,116.3253,244.6184,10,nan,nan,nan
ROI_075/patch_149,2,21.6264,131.6736,61.3062,131.2312,61.9788,131.9179,60.1985,131.8410,12,nan,nan,nan
ROI_075/patch_149,3,38.7516,6.8255,74.2271,8.1024,76.1270,7.1864,72.2360,7.3637,3,nan,nan,nan
ROI_075/patch_149,4,471.8494,210.8631,483.1362,211.7969,485.9753,211.1643,482.3141,212.2541,10,nan,nan,nan
ROI_075/patch_149,5,410.1874,384.4423,432.9726,386.6093,430.7604,384.5705,433.1217,385.9309,7,nan,nan,nan
ROI_075/patch_149,6,30.9354,419.9644,72.7070,420.0517,75.1832,419.9530,72.9567,419.4774,12,nan,nan,nan
ROI_075/patch_149,7,63.0817,150.8031,100.0690,152.5127,101.2025,151.0420,99.9087,150.0706,12,nan,nan,nan
ROI_075/patch_150,0,225.4779,98.5489,235.3586,98.5489,235.3334,98.8293,235.7964,98.2715,11,nan,nan,nan
ROI_075/patch_150,1,293.1227,372.9283,302.2433,372.9283,306.1130,373.0270,305.2248,373.2378,11,nan,nan,nan
ROI_075/patch_150,2,378.6249,495.9130,398.0101,496.0571,390.7298,495.9914,398.3473,495.9143,5,nan,nan,nan
ROI_075/patch_150,3,120.0310,441.0690,139.5918,439.8131,141.6818,440.9118,141.9089,441.5008,9,nan,nan,nan
ROI_075/patch_150,4,472.6560,141.2184,466.4150,141.8719,473.1758,141.7332,467.0279,142.0261,10,nan,nan,nan
ROI_075/patch_150,5,133.7547,35.9573,153.2727,40.0247,146.0619,36.1945,145.8726,36.3437,11,nan,nan,nan
ROI_075/patch_150,6,9.2445,26.2068,24.8236,25.5837,26.5087,26.3149,26.1126,25.5592,4,nan,nan,nan
ROI_075/patch_150,7,33.1210,343.0979,54.4657,341.7661,56.2573,342.9359,56.4839,342.4146,11,nan,nan,nan
ROI_075/patch_151,0,460.3345,280.9618,432.9726,286.2822,431.4180,282.6582,434.3135,283.3490,11,nan,nan,nan
ROI_075/patch_151,1,348.6066,200.3961,324.2849,201.9162,321.2964,202.0045,323.4888,202.5213,12,nan,nan,nan
ROI_075/patch_151,2,402.0787,506.8723,392.6897,508.2179,393.8251,507.8999,nan,nan,0,nan,nan,nan
ROI_075/patch_151,3,16.1299,439.4831,31.6641,441.3332,29.0322,439.7164,30.6128,440.0250,10,nan,nan,nan
ROI_075/patch_151,4,283.5092,126.5066,253.5999,131.9912,255.1408,128.1264,255.0904,129.0988,10,nan,nan,nan
ROI_075/patch_151,5,324.6683,46.2288,280.9618,49.9054,287.5715,48.1366,281.9161,48.7714,10,nan,nan,nan
ROI_075/patch_151,6,153.6755,171.9216,137.3116,176.0744,137.4621,173.1159,138.0527,174.8071,7,nan,nan,nan
ROI_075/patch_151,7,9.8156,94.6555,6.5823,97.7888,-2.3709,95.6749,nan,nan,2,nan,nan,nan
ROI_075/patch_152,0,409.4109,160.8733,307.5637,165.4336,305.3491,164.2118,311.1361,162.8030,6,nan,nan,nan
ROI_075/patch_152,1,218.6374,71.1869,135.0314,76.5073,139.7266,74.0213,136.1975,75.9876,7,nan,nan,nan
ROI_075/patch_152,2,81.5455,456.9743,68.1467,455.7742,68.4175,457.4587,68.6193,457.6439,12,nan,nan,nan
ROI_075/patch_152,3,27.4308,254.0793,5.0622,258.1602,2.6333,255.2041,nan,nan,1,nan,nan,nan
ROI_075/patch_152,4,259.6417,178.8417,182.3448,186.1451,184.6899,181.3943,183.0105,181.5363,7,nan,nan,nan
ROI_075/patch_152,5,448.7198,155.8663,349.7467,162.5834,336.9868,159.4124,347.1764,161.3199,8,nan,nan,nan
ROI_075/patch_152,6,465.4510,301.3783,379.0088,304.7135,366.0978,304.3609,375.3739,305.5030,7,nan,nan,nan
ROI_075/patch_152,7,503.1009,245.9457,409.7910,251.8897,391.0346,249.3507,nan,nan,2,nan,nan,nan
ROI_075/patch_153,0,331.5054,229.0881,355.0671,229.8482,355.1780,229.2899,358.2445,228.7188,11,nan,nan,nan
ROI_075/patch_153,1,135.4115,265.5707,170.3740,266.3308,167.8580,265.4954,170.3420,265.6179,9,nan,nan,nan
ROI_075/patch_153,2,184.3136,503.6782,200.0161,506.5078,208.5825,503.7170,nan,nan,2,nan,nan,nan
ROI_075/patch_153,3,416.1669,464.1254,428.7923,464.7049,429.9751,464.4925,428.0440,464.9761,12,nan,nan,nan
ROI_075/patch_153,4,226.4822,111.2040,255.5000,110.5197,258.1836,111.2324,259.1772,109.8438,13,nan,nan,nan
ROI_075/patch_153,5,21.9062,91.8179,57.8860,95.3186,64.1528,91.5468,57.8667,93.5384,13,nan,nan,nan
ROI_075/patch_153,6,117.2907,490.2552,136.9316,490.5467,145.1858,490.1946,136.9345,490.5620,10,nan,nan,nan
ROI_075/patch_153,7,433.0208,34.2421,455.3942,35.2744,456.4146,34.5554,453.9232,34.3771,12,nan,nan,nan
ROI_075/patch_154,0,276.0215,216.1672,295.0228,218.4474,291.0076,216.6159,295.9544,215.6208,10,nan,nan,nan
ROI_075/patch_154,1,105.7694,215.4072,125.5308,216.9273,126.2573,215.8791,124.0381,215.8589,12,nan,nan,nan
ROI_075/patch_154,2,79.3140,274.3117,99.6889,277.7316,99.8234,274.8446,98.6522,276.3178,12,nan,nan,nan
ROI_075/patch_154,3,145.7614,452.6223,167.3337,453.3040,161.6093,453.3190,164.5952,452.4029,13,nan,nan,nan
ROI_075/patch_154,4,460.5649,423.5317,467.5551,425.1821,466.6704,424.1557,467.4981,423.1508,9,nan,nan,nan
ROI_075/patch_154,5,396.3236,122.7991,404.4706,125.7208,408.7483,123.1401,404.6934,123.0102,8,nan,nan,nan
ROI_075/patch_154,6,347.9993,24.2660,363.4277,23.1135,363.3741,24.5182,361.7685,24.1648,13,nan,nan,nan
ROI_075/patch_154,7,191.1517,88.5731,215.9772,88.4781,210.6771,88.9098,214.9794,87.7380,11,nan,nan,nan
ROI_075/patch_155,0,247.8995,171.3240,256.8301,171.8941,256.9952,171.5570,256.2086,172.1426,13,nan,nan,nan
ROI_075/patch_155,1,166.3837,238.0188,182.1548,239.1588,182.0618,238.0808,183.2331,238.0048,10,nan,nan,nan
ROI_075/patch_155,2,350.5342,405.3907,360.9575,407.5741,362.6712,405.3829,363.1131,404.0329,13,nan,nan,nan
ROI_075/patch_155,3,150.0442,441.4096,179.6846,443.2967,173.8105,441.1649,178.5101,440.9817,11,nan,nan,nan
ROI_075/patch_155,4,12.6026,117.3637,30.1915,118.6586,31.9188,117.4567,32.4513,117.5490,7,nan,nan,nan
ROI_075/patch_155,5,395.0734,111.7829,391.6922,111.7231,394.4534,112.2372,392.7439,112.4098,12,nan,nan,nan
ROI_075/patch_155,6,276.1596,300.8666,292.2764,302.5611,288.4115,300.9400,291.0459,301.9964,8,nan,nan,nan
ROI_075/patch_155,7,478.8027,356.9929,484.6047,357.6761,482.5964,357.1730,482.4912,356.5801,8,nan,nan,nan
ROI_075/patch_156,0,444.3734,268.8009,388.8895,274.1213,389.5953,270.7399,390.2342,271.2334,10,nan,nan,nan
ROI_075/patch_156,1,446.6536,140.3518,382.0490,143.3920,384.2477,142.7667,383.7450,143.5737,8,nan,nan,nan
ROI_075/patch_156,2,31.4286,207.6838,32.4242,207.2366,39.6021,207.7886,35.7403,208.6412,9,nan,nan,nan
ROI_075/patch_156,3,372.5981,19.4707,304.5235,24.8236,315.2680,21.9542,305.9197,21.9923,6,nan,nan,nan
ROI_075/patch_156,4,146.9246,58.1660,128.1910,59.0260,128.0729,59.3864,129.5421,59.2453,9,nan,nan,nan
ROI_075/patch_156,5,65.4692,384.0571,71.9470,385.8493,78.1387,383.6934,71.8185,384.8197,10,nan,nan,nan
ROI_075/patch_156,6,238.3407,488.3081,231.5583,489.2166,229.1036,488.4277,232.1310,487.6538,10,nan,nan,nan
ROI_075/patch_156,7,463.9138,11.5341,394.2099,17.9831,391.4504,14.5009,392.1225,16.2429,4,nan,nan,nan
ROI_075/patch_157,0,85.6279,95.5086,95.5086,97.7888,96.3095,96.2102,96.3666,95.6574,10,nan,nan,nan
ROI_075/patch_157,1,176.0744,236.1186,169.9939,237.6387,172.3388,237.2401,171.6486,237.4298,10,nan,nan,nan
ROI_075/patch_157,2,281.5023,236.2826,270.3211,238.3988,273.5154,237.3055,273.3182,236.9473,10,nan,nan,nan
ROI_075/patch_157,3,243.3813,303.2293,231.5583,303.7634,231.7942,304.5286,229.8659,305.3144,10,nan,nan,nan
ROI_075/patch_157,4,381.0657,13.5051,385.8493,14.1829,386.1561,13.6341,386.2414,13.8703,8,nan,nan,nan
ROI_075/patch_157,5,444.6557,265.4295,427.6522,268.0409,427.8744,266.4036,428.1881,266.8763,12,nan,nan,nan
ROI_075/patch_157,6,343.2094,425.0036,305.2835,426.8922,318.2723,426.6463,305.1115,426.7328,12,nan,nan,nan
ROI_075/patch_157,7,371.7433,503.2008,323.5248,505.1777,339.6635,505.0975,326.8228,504.3488,3,nan,nan,nan
ROI_075/patch_158,0,143.6454,289.8291,152.0060,290.5892,151.1774,290.4555,151.9876,289.3181,12,nan,nan,nan
ROI_075/patch_158,1,101.8424,180.3813,118.5636,183.4215,119.8209,180.6900,115.8329,181.9254,10,nan,nan,nan
ROI_075/patch_158,2,302.8711,192.4650,306.2969,194.0623,306.0210,193.1328,306.7882,194.1818,9,nan,nan,nan
ROI_075/patch_158,3,464.9215,44.0084,462.8681,45.0917,467.0104,44.6061,466.7816,44.5738,12,nan,nan,nan
ROI_075/patch_158,4,426.1708,351.9907,408.1442,352.9136,409.7519,353.2246,408.9711,353.7663,12,nan,nan,nan
ROI_075/patch_158,5,365.8108,446.7130,346.5798,448.6804,347.0724,448.0626,347.8171,447.9791,10,nan,nan,nan
ROI_075/patch_158,6,163.1651,462.0011,157.3264,466.9217,157.4833,463.0511,157.0239,464.5184,11,nan,nan,nan
ROI_075/patch_158,7,76.8026,272.3933,83.6011,276.1481,90.1890,272.8698,85.7756,273.7284,12,nan,nan,nan
ROI_075/patch_159,0,443.8667,225.2245,441.5865,225.9846,455.3478,225.1151,440.1771,225.3228,9,nan,nan,nan
ROI_075/patch_159,1,231.8117,393.1964,220.4108,394.7166,220.4444,394.0154,220.1311,394.8939,11,nan,nan,nan
ROI_075/patch_159,2,161.7429,401.8653,144.4054,403.8372,146.1088,402.8337,144.3134,403.4367,11,nan,nan,nan
ROI_075/patch_159,3,168.2166,154.5935,176.3277,156.0596,170.2531,154.7204,177.3455,154.9899,5,nan,nan,nan
ROI_075/patch_159,4,25.1989,54.7123,34.9577,54.9724,26.7676,54.7495,36.8281,55.2705,9,nan,nan,nan
ROI_075/patch_159,5,379.1304,35.0134,380.0222,35.9711,400.5636,34.3764,381.4238,35.8420,9,nan,nan,nan
ROI_075/patch_159,6,467.9760,104.2975,464.3882,104.3759,489.1925,103.7405,463.7321,104.6677,10,nan,nan,nan
ROI_075/patch_159,7,349.6086,502.9886,339.7393,504.1643,336.6973,503.9738,nan,nan,2,nan,nan,nan
ROI_075/patch_160,0,146.6856,86.8947,150.4859,87.6547,146.6886,87.3448,147.8818,86.6416,11,nan,nan,nan
ROI_075/patch_160,1,54.7191,244.2259,53.9590,244.9859,58.9308,244.7820,57.3289,244.4621,12,nan,nan,nan
ROI_075/patch_160,2,249.2479,426.2184,243.9725,425.8788,242.1481,426.8452,243.2414,426.2820,11,nan,nan,nan
ROI_075/patch_160,3,330.5539,184.3016,320.7380,183.4215,320.2144,184.7757,320.8208,185.2620,8,nan,nan,nan
ROI_075/patch_160,4,504.8932,14.0250,465.9083,15.4496,485.9764,14.3713,nan,nan,1,nan,nan,nan
ROI_075/patch_160,5,203.9974,153.9802,198.3693,155.2996,200.6048,154.4588,199.5070,155.3788,10,nan,nan,nan
ROI_075/patch_160,6,68.0988,142.1560,69.9202,142.3786,72.0687,142.6513,68.9519,143.4884,11,nan,nan,nan
ROI_075/patch_160,7,131.5971,295.8493,131.4845,298.1897,131.4335,296.4217,131.2551,297.2943,10,nan,nan,nan
ROI_075/patch_161,0,143.6454,248.7862,120.0837,251.0664,122.8507,250.6154,121.3189,250.4437,10,nan,nan,nan
ROI_075/patch_161,1,474.2689,222.9444,426.3855,225.9846,430.2952,225.1633,429.5714,225.7093,10,nan,nan,nan
ROI_075/patch_161,2,375.3097,368.5680,342.7795,371.9149,343.5148,370.3743,343.1166,371.4372,11,nan,nan,nan
ROI_075/patch_161,3,454.6883,430.4462,414.9847,435.7595,419.9161,432.1999,415.8030,433.1428,9,nan,nan,nan
ROI_075/patch_161,4,258.0890,488.7839,240.1722,492.0035,238.7331,490.2135,238.6265,490.7841,11,nan,nan,nan
ROI_075/patch_161,5,221.4189,370.5073,198.3693,374.1951,200.0293,372.1539,200.7024,372.7521,10,nan,nan,nan
ROI_075/patch_161,6,33.8673,53.6282,40.2780,54.2124,13.0249,55.7655,38.7383,56.0422,11,nan,nan,nan
ROI_075/patch_161,7,494.0912,63.0161,443.1067,65.4232,442.7081,65.5985,443.2649,66.0422,5,nan,nan,nan
ROI_075/patch_162,0,380.5289,198.8760,339.4860,201.9162,341.8550,200.7527,342.3892,200.4244,10,nan,nan,nan
ROI_075/patch_162,1,473.2555,358.4873,425.3721,360.7675,422.2753,360.2636,426.2953,360.4736,9,nan,nan,nan
ROI_075/patch_162,2,378.7800,446.1081,323.5248,450.4538,324.8065,448.0926,326.3723,448.6854,11,nan,nan,nan
ROI_075/patch_162,3,143.4975,203.9224,108.4296,206.4765,110.6446,206.2306,108.9362,206.9031,12,nan,nan,nan
ROI_075/patch_162,4,38.1065,247.2299,2.7821,250.5596,5.2929,249.7472,nan,nan,0,nan,nan,nan
ROI_075/patch_162,5,55.2334,26.5558,31.6641,28.6239,35.6733,28.9488,28.0147,28.6142,11,nan,nan,nan
ROI_075/patch_162,6,218.7434,334.4919,173.7942,335.6857,175.8391,336.7190,174.8144,337.1588,7,nan,nan,nan
ROI_075/patch_162,7,120.5187,424.5238,70.4269,426.8922,74.5683,426.9669,70.7307,426.4966,3,nan,nan,nan
ROI_075/patch_162,8,395.3830,74.7485,367.6080,75.7472,364.0289,76.5458,365.1650,75.9025,12,nan,nan,nan
ROI_075/patch_163,0,36.9845,134.2714,7.3424,137.3116,4.5712,136.5035,6.4283,136.0977,3,nan,nan,nan
ROI_075/patch_163,1,353.1669,121.3505,337.2058,124.3907,334.3077,122.9668,336.4287,123.1764,8,nan,nan,nan
ROI_075/patch_163,2,218.6066,255.6371,198.8760,258.9202,190.2423,257.4100,194.3186,258.6931,7,nan,nan,nan
ROI_075/patch_163,3,140.1563,339.0917,106.9094,341.0061,106.1006,340.9515,105.6348,341.2645,9,nan,nan,nan
ROI_075/patch_163,4,59.2703,401.3263,26.3437,407.1308,20.0374,403.2953,24.8923,403.5597,11,nan,nan,nan
ROI_075/patch_163,5,402.5716,387.6028,368.3680,390.4096,378.0464,388.9030,369.4015,390.2153,10,nan,nan,nan
ROI_075/patch_163,6,505.8165,417.9994,473.2555,420.8117,484.7128,419.0702,nan,nan,0,nan,nan,nan
ROI_075/patch_163,7,366.7817,21.3404,354.6870,23.3035,351.3918,23.0118,354.3247,22.9319,11,nan,nan,nan
ROI_075/patch_163,8,168.0507,35.8565,145.6722,39.2646,143.9561,37.9097,143.2231,38.5458,8,nan,nan,nan
ROI_075/patch_164,0,160.8733,176.8344,150.2325,178.3545,151.5610,177.4899,152.0150,177.7815,11,nan,nan,nan
ROI_075/patch_164,1,217.8773,93.2285,211.7969,93.9885,211.3766,93.7960,211.3177,93.4474,12,nan,nan,nan
ROI_075/patch_164,2,348.1238,111.1647,337.2058,118.3103,338.0287,111.8717,336.4033,112.2107,13,nan,nan,nan
ROI_075/patch_164,3,368.6047,238.3368,354.6870,241.4390,351.9824,239.2681,355.7193,239.9981,10,nan,nan,nan
ROI_075/patch_164,4,493.3343,347.8941,469.4552,347.8466,468.8407,349.1093,467.0045,349.8139,7,nan,nan,nan
ROI_075/patch_164,5,392.6260,459.6859,364.5677,460.3345,364.8870,460.9979,365.3293,461.7365,11,nan,nan,nan
ROI_075/patch_164,6,211.6394,487.6502,179.8746,492.2568,186.3595,488.8546,179.3659,489.0884,9,nan,nan,nan
ROI_075/patch_164,7,70.5337,313.5727,59.0260,315.9243,56.5623,314.3744,56.6227,314.5196,9,nan,nan,nan
ROI_075/patch_165,0,229.2781,166.1937,160.8733,170.7540,162.9463,167.8638,162.4676,168.5973,9,nan,nan,nan
ROI_075/patch_165,1,272.6012,108.4296,208.7567,112.2298,209.5537,110.0993,368.1986,109.1517,9,nan,nan,nan
ROI_075/patch_165,2,430.8295,105.3759,366.0879,110.7097,369.2032,107.4857,nan,nan,2,nan,nan,nan
ROI_075/patch_165,3,472.2372,52.0985,416.2514,56.7459,413.6518,54.2120,413.9629,54.9588,10,nan,nan,nan
ROI_075/patch_165,4,400.3728,282.8967,329.6053,290.8425,329.4742,285.2974,330.7009,286.3390,6,nan,nan,nan
ROI_075/patch_165,5,353.3554,444.6976,270.3211,447.4136,273.8517,447.3092,273.4196,447.8005,9,nan,nan,nan
ROI_075/patch_165,6,395.5529,498.9472,302.2433,505.9378,313.6277,501.7930,nan,nan,0,nan,nan,nan
ROI_075/patch_165,7,236.0997,489.1001,154.0328,495.2970,153.3997,491.4750,157.6256,492.0715,6,nan,nan,nan
ROI_075/patch_165,8,132.6247,61.6411,68.9067,65.1065,70.8370,62.8165,68.2672,64.1567,12,nan,nan,nan
ROI_075/patch_166,0,87.1480,346.3265,15.7030,351.6468,18.4082,349.2897,17.9586,348.6600,7,nan,nan,nan
ROI_075/patch_166,1,173.0341,100.0690,114.5100,103.1092,99.1493,100.7875,116.5891,103.9659,10,nan,nan,nan
ROI_075/patch_166,2,319.5946,23.3157,261.9605,26.3437,236.3352,23.4958,263.5969,25.6927,11,nan,nan,nan
ROI_075/patch_166,3,411.0930,100.1994,353.1669,106.1494,321.7649,101.2396,399.9983,99.2937,8,nan,nan,nan
ROI_075/patch_166,4,336.5077,370.0357,249.0395,375.9686,251.5506,373.5619,247.9865,374.5264,3,nan,nan,nan
ROI_075/patch_166,5,343.5454,488.4302,258.9202,493.0169,257.9268,493.1007,259.7051,491.4270,10,nan,nan,nan
ROI_075/patch_166,6,133.6072,492.4855,56.7459,498.3372,61.6004,496.9122,nan,nan,2,nan,nan,nan
ROI_075/patch_166,7,436.1292,141.7167,371.4082,144.9121,345.1050,143.1885,371.5225,144.6260,8,nan,nan,nan
ROI_075/patch_167,0,280.2018,290.0825,217.1173,293.1227,221.1496,291.7964,220.6219,292.2941,12,nan,nan,nan
ROI_075/patch_167,1,271.8412,350.8868,211.0368,354.6870,211.2861,352.5932,212.4368,353.1702,11,nan,nan,nan
ROI_075/patch_167,2,127.4448,417.0570,41.5448,420.0517,64.1656,418.7021,43.7832,419.4349,9,nan,nan,nan
ROI_075/patch_167,3,436.6984,36.4076,394.2099,39.2646,384.8949,38.2004,393.9083,38.2103,12,nan,nan,nan
ROI_075/patch_167,4,491.9567,125.0764,434.4927,131.2312,438.5043,126.8850,436.2734,127.1954,7,nan,nan,nan
ROI_075/patch_167,5,461.8654,252.0771,400.2903,255.8800,405.1722,253.8652,402.0793,254.7384,9,nan,nan,nan
ROI_075/patch_167,6,482.0008,338.6165,420.0517,343.2862,423.4264,340.4066,424.2314,340.8263,11,nan,nan,nan
ROI_075/patch_167,7,72.3374,30.4384,43.8250,32.4242,17.7432,32.0881,41.8753,32.4107,12,nan,nan,nan
ROI_075/patch_167,8,254.0735,500.6878,176.0744,505.9378,189.8385,502.3771,nan,nan,1,nan,nan,nan
ROI_075/patch_168,0,135.0314,145.6722,78.7874,150.9926,71.1871,147.6574,79.9416,147.5698,10,nan,nan,nan
ROI_075/patch_168,1,81.0676,230.7982,29.3839,236.1186,28.1421,232.7088,27.9936,235.3828,7,nan,nan,nan
ROI_075/patch_168,2,232.6542,337.9949,186.7151,339.4860,170.2174,340.3047,186.6277,341.0920,8,nan,nan,nan
ROI_075/patch_168,3,423.2168,72.3627,325.0449,75.7472,324.3594,74.9554,324.5511,76.7592,7,nan,nan,nan
ROI_075/patch_168,4,160.5556,289.1792,117.5502,291.6026,102.7752,291.3002,nan,nan,1,nan,nan,nan
ROI_075/patch_168,5,459.9437,153.2219,372.1683,156.3130,362.1355,155.9413,423.4458,154.4421,3,nan,nan,nan
ROI_075/patch_168,6,182.7174,26.3409,107.6695,31.6641,106.5295,28.3680,106.8897,29.3026,11,nan,nan,nan
ROI_075/patch_168,7,263.8175,298.5329,217.6873,303.7634,195.6678,300.8911,217.5757,300.6107,8,nan,nan,nan
ROI_075/patch_169,0,178.5445,242.0090,84.2978,247.3294,86.1093,246.5106,85.9922,246.4248,5,nan,nan,nan
ROI_075/patch_169,1,119.2603,248.8495,24.2536,252.6498,25.4145,253.7612,24.5995,253.5835,12,nan,nan,nan
ROI_075/patch_169,2,357.4013,88.9808,271.2711,93.7985,271.9115,91.7027,269.6317,93.6175,10,nan,nan,nan
ROI_075/patch_169,3,469.1309,212.3671,376.9186,215.4072,383.5310,214.8747,378.3700,215.2289,6,nan,nan,nan
ROI_075/patch_169,4,374.8664,237.8104,284.9521,240.4889,286.7275,241.0296,286.0580,241.4647,8,nan,nan,nan
ROI_075/patch_169,5,430.1476,358.3425,337.3958,364.3777,340.7458,361.6994,339.4789,363.2251,6,nan,nan,nan
ROI_075/patch_169,6,312.9434,373.1436,223.3877,379.5788,220.7269,377.3164,222.9906,376.2723,6,nan,nan,nan
ROI_075/patch_169,7,340.7507,504.5351,243.9092,507.2679,246.4612,509.0672,nan,nan,0,nan,nan,nan
ROI_075/patch_170,0,222.6277,116.6001,129.1410,121.1605,129.2535,121.2011,128.7421,120.1354,6,nan,nan,nan
ROI_075/patch_170,1,408.0808,302.0533,330.5553,308.8938,325.9186,304.9997,144.9137,301.4626,10,nan,nan,nan
ROI_075/patch_170,2,475.4004,406.5641,392.8798,412.2611,394.9410,408.9992,395.7742,409.5211,7,nan,nan,nan
ROI_075/patch_170,3,461.2913,177.1929,399.7202,182.7248,393.6795,179.2366,396.4822,180.3667,7,nan,nan,nan
ROI_075/patch_170,4,125.6723,171.9537,28.8139,177.4045,16.7427,177.7857,25.8361,177.3460,8,nan,nan,nan
ROI_075/patch_170,5,251.1038,429.5484,153.4628,438.8630,141.3457,434.5788,149.5101,435.7613,8,nan,nan,nan
ROI_075/patch_170,6,257.8787,17.8858,173.2242,23.8735,175.1620,21.8504,175.3179,23.1755,5,nan,nan,nan
ROI_075/patch_170,7,182.7809,335.6550,77.0773,345.3764,70.5197,341.2336,80.1596,343.6129,7,nan,nan,nan
ROI_075/patch_171,0,369.6981,242.7691,259.4903,248.0895,254.9568,244.5820,260.7044,250.0327,10,nan,nan,nan
ROI_075/patch_171,1,178.1645,330.1753,66.4366,337.7758,64.2752,335.3671,65.0537,336.5461,11,nan,nan,nan
ROI_075/patch_171,2,165.9820,20.3774,62.6363,27.6738,60.6685,23.6867,129.3847,19.8821,6,nan,nan,nan
ROI_075/patch_171,3,112.0694,59.2381,6.3923,64.9165,6.6104,63.5933,418.8944,60.5789,7,nan,nan,nan
ROI_075/patch_171,4,323.1003,482.2540,194.1256,489.0266,202.6695,486.3402,194.3067,487.5527,5,nan,nan,nan
ROI_075/patch_171,5,308.2636,301.1227,195.6457,307.3737,192.9763,304.2210,196.9133,306.8481,9,nan,nan,nan
ROI_075/patch_171,6,178.9931,229.7969,65.6765,239.7289,67.8024,234.3089,64.6667,234.6261,4,nan,nan,nan
ROI_075/patch_171,7,137.4784,131.8611,27.6738,137.1216,29.6306,136.3282,28.1032,136.0664,8,nan,nan,nan
ROI_075/patch_172,0,169.0439,178.1645,66.4366,185.0050,66.4003,182.9563,66.7187,182.5465,10,nan,nan,nan
ROI_075/patch_172,1,133.3213,84.6779,30.7140,91.5184,35.0588,89.3244,28.9173,89.2481,11,nan,nan,nan
ROI_075/patch_172,2,375.7785,303.5734,263.2906,308.8938,266.0427,307.0938,266.0579,309.1395,11,nan,nan,nan
ROI_075/patch_172,3,293.1122,463.3293,176.6444,467.7451,176.9894,468.4246,177.3481,466.1623,11,nan,nan,nan
ROI_075/patch_172,4,159.1182,458.3788,39.8347,463.9448,44.2382,464.6860,110.1413,458.4748,5,nan,nan,nan
ROI_075/patch_172,5,186.5107,356.3939,74.7972,363.6177,75.9022,361.9300,77.2236,361.5586,9,nan,nan,nan
ROI_075/patch_172,6,443.4150,82.2489,347.6565,89.9982,342.8863,84.0203,344.9835,87.7673,11,nan,nan,nan
ROI_075/patch_172,7,301.5414,42.1871,200.9661,48.1953,203.8586,45.0647,203.3349,48.3638,8,nan,nan,nan
ROI_075/patch_173,0,279.2517,45.1551,175.8843,50.4754,178.6644,49.9662,175.9369,50.2206,8,nan,nan,nan
ROI_075/patch_173,1,261.7704,270.8911,152.3227,276.9715,150.0214,276.4574,150.3881,275.3764,9,nan,nan,nan
ROI_075/patch_173,2,345.7428,273.2122,235.9286,278.4916,233.4978,278.4673,234.8369,278.6600,9,nan,nan,nan
ROI_075/patch_173,3,234.0909,402.5292,114.3200,407.7008,115.9120,408.6022,112.8935,408.0237,10,nan,nan,nan
ROI_075/patch_173,4,421.1118,249.7013,309.6538,256.4501,309.6962,254.5990,311.0067,255.1121,7,nan,nan,nan
ROI_075/patch_173,5,470.3390,422.9635,343.0962,430.5024,350.0725,428.2034,341.3552,429.9884,11,nan,nan,nan
ROI_075/patch_173,6,113.3157,210.4939,12.4727,218.4474,5.2466,216.4385,11.4752,215.6566,7,nan,nan,nan
ROI_075/patch_173,7,166.2986,64.9823,64.9165,69.4768,65.2355,70.2820,65.5787,70.0673,5,nan,nan,nan
ROI_075/patch_173,8,391.3325,471.4908,260.2503,478.3858,269.0074,477.1783,262.9414,473.8289,6,nan,nan,nan
ROI_075/patch_174,0,160.8733,295.4028,26.3437,298.4430,27.1756,301.8835,26.6765,302.6819,9,nan,nan,nan
ROI_075/patch_174,1,359.2474,133.5113,211.0368,141.1119,212.7693,140.4116,212.2812,139.4917,5,nan,nan,nan
ROI_075/patch_174,2,503.3298,73.1690,350.1267,81.0676,344.9189,80.4021,nan,nan,2,nan,nan,nan
ROI_075/patch_174,3,196.8685,106.8193,66.6266,113.7499,68.2228,113.2981,68.4163,113.6306,12,nan,nan,nan
ROI_075/patch_174,4,290.2932,9.5321,157.8331,16.4630,156.6029,16.1982,160.0520,12.5837,3,nan,nan,nan
ROI_075/patch_174,5,465.1621,379.9774,288.5623,389.6495,296.4477,387.2648,291.7241,388.1489,9,nan,nan,nan
ROI_075/patch_174,6,438.1232,193.5585,281.7219,204.1964,280.8032,200.6866,nan,nan,2,nan,nan,nan
ROI_075/patch_174,7,167.0444,381.7460,19.5032,388.8895,28.7184,388.2846,20.0386,388.6412,5,nan,nan,nan
ROI_075/patch_175,0,285.5221,265.7607,146.4323,274.1213,142.5369,273.3522,149.3495,272.7783,11,nan,nan,nan
ROI_075/patch_175,1,215.5972,269.5610,71.9470,279.4417,72.2941,277.1692,72.4438,277.7817,8,nan,nan,nan
ROI_075/patch_175,2,160.6275,64.7477,33.9443,71.9470,32.7540,71.7439,33.0767,71.2727,9,nan,nan,nan
ROI_075/patch_175,3,420.2796,203.5887,284.0020,208.7567,282.0453,210.9827,283.8285,211.1158,11,nan,nan,nan
ROI_075/patch_175,4,454.5250,426.8977,297.6830,432.9726,299.4563,434.9609,473.6180,434.5880,3,nan,nan,nan
ROI_075/patch_175,5,332.4452,405.9138,179.8746,416.2514,178.9056,413.9234,397.9693,415.7124,5,nan,nan,nan
ROI_075/patch_175,6,333.9232,34.1101,211.0368,40.0247,208.4384,41.0008,209.7089,40.2787,10,nan,nan,nan
ROI_075/patch_175,7,487.5335,157.9398,346.3265,166.9537,352.7734,165.1912,347.7609,165.8678,9,nan,nan,nan
ROI_075/patch_175,8,162.2760,210.5935,19.5032,219.3974,23.3986,218.0284,123.0388,201.0563,4,nan,nan,nan
ROI_075/patch_177,0,451.2139,245.9993,249.0395,251.3197,250.3429,255.0598,250.8856,254.5904,5,nan,nan,nan
ROI_075/patch_177,1,384.3291,437.5329,168.4738,448.1737,178.0284,447.2497,167.8985,446.9854,3,nan,nan,nan
ROI_075/patch_177,2,294.6567,195.4251,95.5086,204.1964,92.9165,204.1623,93.8184,204.2870,10,nan,nan,nan
ROI_075/patch_177,3,226.8032,291.6100,24.0459,300.8428,21.8835,300.6472,68.4858,302.0438,10,nan,nan,nan
ROI_075/patch_177,4,273.6653,113.0160,75.6939,122.1608,73.6035,121.4280,126.9833,112.7666,9,nan,nan,nan
ROI_075/patch_177,5,241.8861,242.0681,35.5043,250.2652,38.3415,250.9337,292.0899,247.1629,10,nan,nan,nan
ROI_075/patch_177,6,372.3090,308.9767,168.6324,318.0852,168.9004,318.2040,282.8323,319.1217,7,nan,nan,nan
ROI_075/patch_177,7,467.4964,171.5127,269.9437,176.5843,268.6084,180.3096,446.4448,180.0509,9,nan,nan,nan
ROI_075/patch_178,0,288.3639,61.8764,115.0463,71.0865,114.7930,70.4444,115.3280,70.6012,10,nan,nan,nan
ROI_075/patch_178,1,407.2582,417.7219,207.9847,430.2812,207.4519,426.4945,208.2285,427.9354,8,nan,nan,nan
ROI_075/patch_178,2,269.2587,349.2153,70.6702,359.9494,66.2595,358.9431,190.7217,350.0752,9,nan,nan,nan
ROI_075/patch_178,3,305.5695,192.3724,121.7445,200.8655,120.4872,201.2435,363.0956,200.8152,9,nan,nan,nan
ROI_075/patch_178,4,225.3739,100.5816,43.0399,109.6016,43.5121,109.8279,41.1507,109.4581,11,nan,nan,nan
ROI_075/patch_178,5,489.0635,166.5458,303.4350,174.0724,319.6444,173.7418,303.8032,171.9786,4,nan,nan,nan
ROI_075/patch_178,6,378.2388,490.6939,181.1917,500.6130,169.2282,499.9698,334.0326,490.9984,5,nan,nan,nan
ROI_075/patch_178,7,262.3916,24.2659,91.6023,30.8969,90.6335,32.9281,231.5090,25.4969,7,nan,nan,nan
ROI_075/patch_179,0,386.3261,118.8117,193.7509,129.6964,196.1392,128.4404,196.5748,128.1501,5,nan,nan,nan
ROI_075/patch_179,1,489.3120,24.1987,306.7842,34.2461,308.6027,33.1320,nan,nan,2,nan,nan,nan
ROI_075/patch_179,2,184.6298,31.3938,17.0841,40.1071,14.4771,39.1689,173.9948,58.0377,5,nan,nan,nan
ROI_075/patch_179,3,284.7472,308.3787,68.9957,318.9225,71.5907,319.8282,322.9997,308.0787,10,nan,nan,nan
ROI_075/patch_179,4,287.3113,193.2191,91.6023,203.3773,90.3554,203.3212,195.4780,202.2254,5,nan,nan,nan
ROI_075/patch_179,5,474.8228,69.7717,286.6894,80.2967,288.2143,79.1832,435.7115,71.4799,6,nan,nan,nan
ROI_075/patch_179,6,439.7605,347.3505,216.3576,359.9494,215.1996,359.8919,215.6387,359.5356,6,nan,nan,nan
ROI_075/patch_179,7,212.7666,122.0477,28.8061,132.2082,28.7152,131.0065,31.8391,130.5545,4,nan,nan,nan
ROI_075/patch_180,0,406.4209,32.5715,175.3307,44.2935,332.4689,34.1246,174.0508,41.5028,5,nan,nan,nan
ROI_075/patch_180,1,306.7842,337.3427,66.4838,347.3901,254.5895,337.6792,410.6976,381.1711,5,nan,nan,nan
ROI_075/patch_180,2,290.0565,277.7781,55.5991,289.6175,237.7398,278.3010,342.7225,278.0627,12,nan,nan,nan
ROI_075/patch_180,3,257.6688,411.2575,24.6196,424.4202,213.5976,411.2635,250.0514,405.6745,5,nan,nan,nan
ROI_075/patch_180,4,480.6158,163.4967,221.3813,176.5843,402.6617,164.6934,224.1166,176.2193,8,nan,nan,nan
ROI_075/patch_180,5,433.9661,345.2254,178.6798,359.1121,367.5294,345.7149,427.6152,342.7238,9,nan,nan,nan
ROI_075/patch_180,6,230.2032,28.1478,23.7824,36.7579,176.2057,29.4661,nan,nan,1,nan,nan,nan
ROI_075/patch_180,7,274.4922,127.0997,52.2500,138.0692,218.8148,128.1319,249.7526,126.0857,7,nan,nan,nan
ROI_075/patch_181,0,422.3293,358.2748,160.2596,370.8340,158.9632,370.9947,351.5432,420.5170,4,nan,nan,nan
ROI_075/patch_181,1,410.6073,111.2762,179.5171,122.9981,149.3281,125.4085,178.2821,122.1332,9,nan,nan,nan
ROI_075/patch_181,2,255.5166,66.1231,33.8298,76.9475,-6.0509,80.0892,30.9412,76.7239,3,nan,nan,nan
ROI_075/patch_181,3,324.7980,327.0315,60.4135,338.5986,61.2752,339.6635,61.7270,339.0813,7,nan,nan,nan
ROI_075/patch_181,4,481.2385,448.0772,219.2881,461.8886,217.3529,460.4353,217.5088,461.1305,5,nan,nan,nan
ROI_075/patch_181,5,325.9885,470.6781,61.6716,483.6493,61.2275,482.4731,487.3446,472.4737,9,nan,nan,nan
ROI_075/patch_181,6,432.6379,170.0419,189.7961,182.8353,170.9464,183.8915,433.8722,171.6167,12,nan,nan,nan
ROI_075/patch_181,7,348.9004,191.2383,103.4514,204.4215,86.6588,204.7316,103.8984,200.0659,5,nan,nan,nan
ROI_080/patch_1,0,28.5566,293.9088,45.0269,295.4632,41.0442,293.9634,42.5644,293.7857,11,nan,nan,nan
ROI_080/patch_1,1,365.0459,431.6860,373.2480,431.9175,370.8763,432.2009,373.8976,431.7800,10,nan,nan,nan
ROI_080/patch_1,2,410.8793,341.9102,413.3656,342.8078,412.5079,342.4558,413.0668,343.6158,11,nan,nan,nan
ROI_080/patch_1,3,412.9283,36.1159,404.7137,35.0968,405.2082,36.5738,404.9907,36.7144,12,nan,nan,nan
ROI_080/patch_1,4,257.3732,100.6362,263.7566,102.4389,256.6228,100.9192,263.0368,101.2828,11,nan,nan,nan
ROI_080/patch_1,5,58.5256,134.8756,67.8764,136.5041,65.2202,134.9207,69.1182,135.0630,8,nan,nan,nan
ROI_080/patch_1,6,342.1791,201.4775,341.2444,202.1738,341.7579,201.8960,341.3429,202.0585,12,nan,nan,nan
ROI_080/patch_1,7,66.8441,355.6941,81.8770,356.2934,79.9739,355.8147,80.4420,356.7462,12,nan,nan,nan
ROI_080/patch_3,0,216.3572,150.2325,218.6374,150.2325,220.7523,150.6252,217.6165,151.5594,11,nan,nan,nan
ROI_080/patch_3,1,55.2258,86.3880,64.3464,86.3880,63.4719,86.7529,63.5129,86.7953,12,nan,nan,nan
ROI_080/patch_3,2,68.2222,6.5024,83.3478,5.8223,79.2234,6.9585,83.6470,6.9242,3,nan,nan,nan
ROI_080/patch_3,3,212.7173,488.0234,212.5570,489.2166,204.9693,488.0610,211.1410,489.4471,10,nan,nan,nan
ROI_080/patch_3,4,172.8361,434.1866,173.0341,436.0128,167.4126,434.2570,173.7826,435.9959,10,nan,nan,nan
ROI_080/patch_3,5,251.8496,399.9857,242.1991,400.2903,246.8994,400.1382,nan,nan,2,nan,nan,nan
ROI_080/patch_3,6,457.1284,365.7106,454.2541,365.3278,451.4401,366.0192,451.3929,365.7672,10,nan,nan,nan
ROI_080/patch_3,7,37.2386,72.7941,47.0710,71.7649,46.1478,73.1627,46.0047,74.0010,10,nan,nan,nan
ROI_080/patch_4,0,375.2085,323.5248,378.2487,324.2849,378.5372,323.9351,377.6585,323.8248,12,nan,nan,nan
ROI_080/patch_4,1,406.3707,407.1308,403.3305,408.6509,408.2967,407.6658,402.4210,408.5022,8,nan,nan,nan
ROI_080/patch_4,2,311.5372,352.5611,315.9243,352.4069,317.9102,352.7703,315.7466,352.1771,10,nan,nan,nan
ROI_080/patch_4,3,352.4939,110.9881,351.6468,112.9899,356.7101,111.2667,354.5644,112.7244,8,nan,nan,nan
ROI_080/patch_4,4,56.2795,94.6626,72.7070,96.2687,74.5235,93.9649,74.0416,94.7267,11,nan,nan,nan
ROI_080/patch_4,5,306.6859,201.9824,314.4042,202.6762,313.1548,202.1352,313.3577,202.1336,10,nan,nan,nan
ROI_080/patch_4,6,450.1238,238.4942,447.4136,237.6387,449.8254,239.1274,447.7476,238.6561,9,nan,nan,nan
ROI_080/patch_4,7,446.2750,339.8912,449.6938,341.7661,446.2493,340.5390,446.0333,340.2173,10,nan,nan,nan
ROI_080/patch_5,0,64.3801,128.3931,77.0801,130.3775,77.5100,128.9443,75.7026,129.0251,9,nan,nan,nan
ROI_080/patch_5,1,274.4597,82.3556,283.9847,82.7524,277.5917,82.7048,282.6486,83.8444,9,nan,nan,nan
ROI_080/patch_5,2,75.4149,416.5829,102.3391,416.6043,107.3753,416.3725,100.8037,417.1555,10,nan,nan,nan
ROI_080/patch_5,3,327.2231,216.6403,345.4882,217.5473,337.5581,216.5620,336.0204,217.6938,4,nan,nan,nan
ROI_080/patch_5,4,148.3333,121.8321,157.2456,121.0447,158.2562,122.2719,152.7734,122.6184,9,nan,nan,nan
ROI_080/patch_5,5,59.3429,41.7980,70.6561,42.6750,66.8714,42.5805,68.3844,42.6383,8,nan,nan,nan
ROI_080/patch_5,6,218.8821,228.1009,236.4623,231.0838,233.5551,228.1585,nan,nan,1,nan,nan,nan
ROI_080/patch_5,7,197.7031,35.8347,200.0125,37.8458,200.2692,36.4214,199.8852,37.5359,8,nan,nan,nan
ROI_080/patch_7,0,39.1119,243.0504,53.3994,243.8442,53.7161,243.0410,51.8846,243.8497,9,nan,nan,nan
ROI_080/patch_7,1,26.5151,342.9441,36.2782,342.9474,34.9393,343.0021,36.6954,343.2836,10,nan,nan,nan
ROI_080/patch_7,2,71.4240,452.0124,79.2951,453.5611,74.0141,452.0943,78.5971,452.9534,11,nan,nan,nan
ROI_080/patch_7,3,398.5255,331.6929,412.5084,330.4634,413.4159,331.4290,411.5081,331.3014,11,nan,nan,nan
ROI_080/patch_7,4,96.5919,21.3713,126.6404,21.6229,125.3701,21.1872,124.4935,21.0382,10,nan,nan,nan
ROI_080/patch_7,5,244.2759,395.2315,256.3616,394.8761,252.9586,395.1345,255.9094,395.2034,10,nan,nan,nan
ROI_080/patch_7,6,406.1745,388.0036,416.2805,388.9891,417.8109,387.7653,415.5219,388.3616,11,nan,nan,nan
ROI_080/patch_7,7,92.0702,208.5693,107.3763,208.8644,109.5645,208.4954,108.5599,207.7830,12,nan,nan,nan
ROI_080/patch_8,0,198.5629,482.6781,209.3226,483.0089,210.3885,482.5416,208.9947,483.0551,10,nan,nan,nan
ROI_080/patch_8,1,164.6300,144.6590,171.1564,143.9314,175.2675,144.4008,172.6399,144.5455,12,nan,nan,nan
ROI_080/patch_8,2,447.1163,228.9244,453.2427,229.3816,460.7004,229.0974,453.0302,228.6964,11,nan,nan,nan
ROI_080/patch_8,3,274.9023,272.7548,289.3948,272.4911,286.9322,272.6853,288.8393,273.0691,11,nan,nan,nan
ROI_080/patch_8,4,136.9840,54.5575,149.8892,54.8937,147.1248,54.2397,147.2194,54.5553,12,nan,nan,nan
ROI_080/patch_8,5,411.5887,150.5160,420.9642,150.1939,424.6296,150.6204,421.5357,150.2703,11,nan,nan,nan
ROI_080/patch_8,6,56.3961,479.4673,65.7555,478.9282,66.8385,479.1221,67.1955,478.9560,11,nan,nan,nan
ROI_080/patch_8,7,13.5245,375.2207,32.1075,375.1407,23.2870,374.7906,31.4842,374.3508,8,nan,nan,nan
ROI_080/patch_9,0,80.4381,314.9920,86.9469,315.3624,84.1756,314.3169,85.8960,315.5574,10,nan,nan,nan
ROI_080/patch_9,1,102.7045,46.6605,110.6420,47.6130,110.1975,45.9169,110.3564,46.4831,10,nan,nan,nan
ROI_080/patch_9,2,337.4958,202.3399,337.5648,204.3089,336.7405,202.5184,336.1446,203.2674,12,nan,nan,nan
ROI_080/patch_9,3,414.4754,329.0043,405.6510,329.5673,409.8037,329.5268,404.1670,330.0332,9,nan,nan,nan
ROI_080/patch_9,4,280.7179,63.7290,285.7812,63.3998,283.5756,63.6289,285.3322,63.0376,10,nan,nan,nan
ROI_080/patch_9,5,332.1073,482.5035,332.4348,483.9435,326.9933,482.8172,328.3404,483.2901,10,nan,nan,nan
ROI_080/patch_9,6,215.0942,127.0420,221.7065,127.0199,218.5449,126.7430,221.1218,127.4538,12,nan,nan,nan
ROI_080/patch_9,7,178.4774,13.9345,181.1462,12.6199,184.6383,13.4428,181.4174,14.1405,4,nan,nan,nan
ROI_080/patch_11,0,163.9856,134.0290,168.3512,134.1613,162.6193,134.3398,167.8148,133.6515,11,nan,nan,nan
ROI_080/patch_11,1,78.0351,294.6828,87.0309,295.8073,81.3222,294.9754,84.3953,296.1768,10,nan,nan,nan
ROI_080/patch_11,2,257.4081,334.5286,254.9976,335.1200,252.6116,334.8631,254.7071,335.1698,11,nan,nan,nan
ROI_080/patch_11,3,322.9440,484.7578,310.0204,485.9222,315.7827,485.1089,312.4169,484.8304,12,nan,nan,nan
ROI_080/patch_11,4,37.2150,131.2071,41.1131,131.0781,41.6717,131.4886,42.5023,130.6793,12,nan,nan,nan
ROI_080/patch_11,5,6.9433,160.1867,9.9584,162.1667,12.9192,160.4616,10.5409,161.3401,3,nan,nan,nan
ROI_080/patch_11,6,451.7768,186.6735,438.5121,187.0729,437.3920,187.0514,439.1669,187.9440,11,nan,nan,nan
ROI_080/patch_11,7,396.7087,385.5725,383.4501,387.6852,385.7216,385.9397,382.9063,387.1603,10,nan,nan,nan
ROI_080/patch_14,0,223.4898,480.6613,228.6492,480.6613,228.0721,480.4868,226.9828,480.1312,10,nan,nan,nan
ROI_080/patch_14,1,196.1252,212.0227,207.2377,210.6998,202.8624,211.7042,205.2078,211.6189,10,nan,nan,nan
ROI_080/patch_14,2,331.8957,15.0966,333.5622,13.3225,333.6355,14.7689,334.2374,14.2460,8,nan,nan,nan
ROI_080/patch_14,3,298.7645,86.4935,302.0987,85.8184,301.6369,86.1791,300.8851,85.9422,11,nan,nan,nan
ROI_080/patch_14,4,383.3868,274.5005,382.9884,274.5259,381.9879,274.3275,383.4784,274.5063,11,nan,nan,nan
ROI_080/patch_14,5,225.6844,372.1212,232.4984,371.4588,230.5781,371.8967,230.9385,372.4410,10,nan,nan,nan
ROI_080/patch_14,6,164.9200,499.3164,170.6643,501.0004,171.9049,499.1145,170.0940,499.3123,3,nan,nan,nan
ROI_080/patch_14,7,388.1546,167.3644,386.0837,167.4812,386.9532,167.1437,386.2863,166.5579,10,nan,nan,nan
ROI_080/patch_18,0,125.6150,410.7756,138.0769,410.2498,137.9809,410.0635,138.1078,410.1806,11,nan,nan,nan
ROI_080/patch_18,1,358.3327,195.9566,360.4758,195.8276,362.9615,195.8942,362.7955,195.9591,9,nan,nan,nan
ROI_080/patch_18,2,311.4718,86.2794,319.2008,86.2899,317.4697,86.4707,317.7191,85.7981,12,nan,nan,nan
ROI_080/patch_18,3,84.5285,73.0912,93.9341,71.1822,97.7965,73.2091,95.8744,73.7179,7,nan,nan,nan
ROI_080/patch_18,4,463.5686,419.5061,466.3505,419.2623,465.0947,418.9309,466.0168,419.1322,7,nan,nan,nan
ROI_080/patch_18,5,17.9575,227.2222,33.3168,226.8351,33.5534,226.9211,32.6901,227.4612,10,nan,nan,nan
ROI_080/patch_18,6,72.3232,124.2720,86.5986,123.7268,86.0464,124.2554,84.9125,125.1498,6,nan,nan,nan
ROI_080/patch_18,7,137.4323,474.8691,149.5521,473.3689,149.4980,474.0014,149.2624,473.1449,11,nan,nan,nan
ROI_080/patch_19,0,160.3928,88.2782,174.6804,89.8657,171.8862,88.3318,173.0033,88.9574,10,nan,nan,nan
ROI_080/patch_19,1,368.4775,176.3211,375.5948,176.4957,375.1022,176.4542,375.8055,177.0449,12,nan,nan,nan
ROI_080/patch_19,2,268.9105,170.3062,280.5430,171.0718,277.7991,170.4678,279.7987,170.5815,10,nan,nan,nan
ROI_080/patch_19,3,457.8597,103.9508,468.9073,103.3813,462.5938,103.9149,469.1408,103.5609,10,nan,nan,nan
ROI_080/patch_19,4,154.5917,291.2061,172.1911,290.5126,165.8468,291.6360,170.0669,290.4633,10,nan,nan,nan
ROI_080/patch_19,5,334.1698,270.0036,339.0113,270.5307,341.4002,270.3230,339.1029,271.4741,10,nan,nan,nan
ROI_080/patch_19,6,52.0261,156.3433,66.0324,157.6305,65.8476,156.5655,65.2248,157.5823,10,nan,nan,nan
ROI_080/patch_19,7,293.5378,72.7354,304.9781,73.0960,302.0468,72.7074,306.6644,72.9887,11,nan,nan,nan
ROI_080/patch_19,8,483.8855,394.4332,491.6531,396.7105,487.5017,394.9223,491.3561,395.7535,10,nan,nan,nan
ROI_080/patch_22,0,149.6952,380.2226,163.9827,379.0320,163.8011,379.6658,162.8731,378.9511,12,nan,nan,nan
ROI_080/patch_22,1,232.8963,88.1216,242.4213,88.5184,244.2440,87.6563,243.7321,87.9019,13,nan,nan,nan
ROI_080/patch_22,2,322.1819,290.8921,332.3192,290.1644,331.2469,290.2195,330.5307,290.5279,9,nan,nan,nan
ROI_080/patch_22,3,486.5731,457.8083,490.2577,455.8101,491.1646,456.8761,nan,nan,1,nan,nan,nan
ROI_080/patch_22,4,447.3209,455.3997,448.9164,453.8257,453.0297,454.5074,450.1444,438.0345,4,nan,nan,nan
ROI_080/patch_22,5,328.6671,47.6793,338.3849,45.8719,337.2280,47.1444,335.5301,46.1653,12,nan,nan,nan
ROI_080/patch_22,6,217.4598,337.7811,231.5158,336.1384,229.5757,337.1832,230.8799,336.8982,10,nan,nan,nan
ROI_080/patch_22,7,49.6312,343.2293,68.1218,341.6454,66.5449,342.7923,66.4914,342.5797,8,nan,nan,nan
ROI_080/patch_24,0,160.1132,142.6320,174.9761,142.4694,173.7692,141.9712,174.8773,140.3764,10,nan,nan,nan
ROI_080/patch_24,1,429.6863,253.0055,437.1408,252.3138,436.5470,252.5401,438.5981,251.8331,12,nan,nan,nan
ROI_080/patch_24,2,338.9884,128.6081,346.6531,127.5625,347.5569,127.9979,347.7943,127.8846,8,nan,nan,nan
ROI_080/patch_24,3,458.2363,47.8098,465.0544,48.3857,462.9394,47.1687,464.0376,47.6337,12,nan,nan,nan
ROI_080/patch_24,4,352.9227,263.0409,364.4223,262.0955,361.9933,262.5574,361.9560,261.7380,8,nan,nan,nan
ROI_080/patch_24,5,482.5536,417.0201,494.8276,417.1894,489.0256,416.7221,495.6150,416.1544,6,nan,nan,nan
ROI_080/patch_24,6,102.8302,27.8572,119.5802,25.6568,117.3247,27.0722,117.5435,27.2285,10,nan,nan,nan
ROI_080/patch_24,7,22.1332,146.0741,45.2594,145.2842,39.6647,145.3676,66.5401,145.0409,7,nan,nan,nan
ROI_080/patch_25,0,269.2006,38.0703,281.5038,37.2765,280.6817,37.8003,282.0419,36.0097,9,nan,nan,nan
ROI_080/patch_25,1,144.5816,201.5434,162.5733,200.2205,164.6525,201.0152,161.9765,200.7314,12,nan,nan,nan
ROI_080/patch_25,2,96.0932,17.9730,111.5087,17.3931,111.4827,17.7112,111.7585,17.0100,5,nan,nan,nan
ROI_080/patch_25,3,319.7401,326.0402,340.9136,324.9477,339.2373,325.3491,338.9068,325.0944,9,nan,nan,nan
ROI_080/patch_25,4,75.7330,490.1999,102.3101,488.8457,106.9879,489.2347,101.8696,488.1358,10,nan,nan,nan
ROI_080/patch_25,5,324.9778,32.0534,335.2477,31.2872,334.7939,31.7992,336.0193,31.5858,10,nan,nan,nan
ROI_080/patch_25,6,463.1509,494.1501,478.8995,491.7495,484.3267,493.2275,480.1968,491.5517,6,nan,nan,nan
ROI_080/patch_25,7,50.3303,275.2242,69.3213,274.8936,75.2761,274.5749,nan,nan,2,nan,nan,nan
ROI_080/patch_28,0,297.8690,78.4306,326.1795,75.6525,323.3508,78.2626,324.2449,76.2249,11,nan,nan,nan
ROI_080/patch_28,1,45.3331,69.2834,71.1896,70.4196,69.6482,69.0098,73.7224,69.2471,9,nan,nan,nan
ROI_080/patch_28,2,63.6432,393.6583,78.1336,395.0895,81.4282,393.3652,81.1546,393.9989,11,nan,nan,nan
ROI_080/patch_28,3,96.6968,182.2222,117.1068,180.1945,118.9795,181.9609,118.2960,181.9368,7,nan,nan,nan
ROI_080/patch_28,4,26.1476,190.8312,46.4017,191.1009,47.8762,190.5394,49.8955,190.5692,10,nan,nan,nan
ROI_080/patch_28,5,48.5485,456.9398,65.7235,457.4964,64.9595,456.6351,64.9958,456.8718,12,nan,nan,nan
ROI_080/patch_28,6,49.4033,129.8804,78.7965,129.7285,72.5020,129.6035,76.7017,129.1844,4,nan,nan,nan
ROI_080/patch_28,7,405.6076,250.4467,445.1603,248.4481,428.1519,250.3097,451.1731,248.3850,6,nan,nan,nan
ROI_080/patch_29,0,289.5463,234.5755,296.9546,234.3109,298.4266,234.0354,295.9063,233.8139,12,nan,nan,nan
ROI_080/patch_29,1,262.4885,447.0138,282.2794,446.2200,274.7496,445.6984,282.2363,445.4234,10,nan,nan,nan
ROI_080/patch_29,2,495.4011,210.4711,502.7553,211.0239,494.0764,210.1341,500.0217,209.6431,3,nan,nan,nan
ROI_080/patch_29,3,173.4377,260.8060,186.2540,260.0549,188.1972,260.1061,185.5186,259.7864,10,nan,nan,nan
ROI_080/patch_29,4,183.8290,125.9736,196.6591,126.0622,196.7713,125.7619,196.5438,125.4505,12,nan,nan,nan
ROI_080/patch_29,5,450.0123,47.2208,462.4782,45.3876,449.2950,47.4420,460.9086,46.5009,11,nan,nan,nan
ROI_080/patch_29,6,167.6166,475.8177,185.1506,473.0246,184.7533,474.3454,184.9117,473.8819,10,nan,nan,nan
ROI_080/patch_29,7,395.0773,358.1024,400.0152,358.2068,400.0503,357.1804,399.9099,357.1294,10,nan,nan,nan
ROI_080/patch_30,0,129.5139,503.8735,143.8015,503.0797,140.7707,502.9811,nan,nan,2,nan,nan,nan
ROI_080/patch_30,1,455.6701,275.3246,463.6076,276.1183,469.6300,274.6713,466.4590,274.7772,9,nan,nan,nan
ROI_080/patch_30,2,363.8309,265.5052,383.0418,263.8152,378.7330,264.7906,383.3274,263.5918,12,nan,nan,nan
ROI_080/patch_30,3,238.7974,19.8444,258.8762,17.9192,260.3162,19.0648,257.9523,18.5693,10,nan,nan,nan
ROI_080/patch_30,4,212.5608,140.2400,229.2196,138.9252,231.5197,139.4330,230.7428,139.4697,11,nan,nan,nan
ROI_080/patch_30,5,112.8868,369.4332,122.3457,369.0091,127.3605,368.5403,123.3386,369.6834,10,nan,nan,nan
ROI_080/patch_30,6,112.0799,202.8453,123.7819,200.8981,130.3852,201.9652,124.0354,201.3719,12,nan,nan,nan
ROI_080/patch_30,7,405.9391,124.2968,429.1466,123.4677,423.7552,123.6220,428.2929,123.1586,9,nan,nan,nan
ROI_080/patch_32,0,341.1276,216.1661,336.7619,217.7536,336.3686,216.2445,336.7974,217.2790,12,nan,nan,nan
ROI_080/patch_32,1,258.7825,134.8307,257.3934,133.7724,256.8064,134.9953,258.2568,134.4677,10,nan,nan,nan
ROI_080/patch_32,2,400.3921,91.4478,396.8692,91.7107,394.3485,91.6400,395.0202,91.9742,12,nan,nan,nan
ROI_080/patch_32,3,267.3744,481.3323,255.3182,482.4047,263.7830,481.1637,258.3160,482.1820,9,nan,nan,nan
ROI_080/patch_32,4,374.8419,318.9940,370.3020,319.4927,368.6710,318.9705,371.1934,319.3911,12,nan,nan,nan
ROI_080/patch_32,5,217.7640,248.6731,214.1291,249.0017,216.5691,248.7325,214.9013,249.6643,9,nan,nan,nan
ROI_080/patch_32,6,159.1628,485.4004,148.3627,487.5677,158.7935,485.2387,147.8847,486.2081,11,nan,nan,nan
ROI_080/patch_32,7,182.5249,353.6668,173.1407,357.1527,181.9729,353.6291,176.3781,354.6010,9,nan,nan,nan
ROI_080/patch_33,0,105.9259,184.2176,111.4822,184.2176,109.6581,184.3112,109.7315,183.4743,9,nan,nan,nan
ROI_080/patch_33,1,430.4416,339.7279,432.4259,338.1404,430.5409,339.0864,431.7065,338.1833,10,nan,nan,nan
ROI_080/patch_33,2,31.2489,21.3533,47.5885,19.7911,37.5756,21.7009,45.6063,20.4697,11,nan,nan,nan
ROI_080/patch_33,3,240.9294,183.4588,241.0023,182.9962,244.0560,183.2903,241.6671,183.1940,12,nan,nan,nan
ROI_080/patch_33,4,378.0302,485.9220,374.8763,486.0107,376.3454,485.2848,375.5381,485.4012,10,nan,nan,nan
ROI_080/patch_33,5,62.5179,101.6003,71.5897,100.1434,67.5914,101.8335,71.1047,100.2991,11,nan,nan,nan
ROI_080/patch_33,6,140.9466,474.8909,148.3186,473.3409,140.4964,474.7222,147.9764,474.2466,10,nan,nan,nan
ROI_080/patch_33,7,325.7379,366.4817,327.8676,367.6255,325.9447,366.0260,326.2530,366.3690,11,nan,nan,nan
ROI_080/patch_33,8,35.7378,280.7437,35.7395,283.2637,38.4544,280.9094,38.2343,281.3659,9,nan,nan,nan
ROI_080/patch_33,9,168.2159,343.4614,165.9093,343.8149,169.4600,343.3274,167.6795,344.4659,12,nan,nan,nan
ROI_080/patch_34,0,65.4128,379.0494,84.0660,378.2557,68.8318,379.0713,86.1072,377.7273,11,nan,nan,nan
ROI_080/patch_34,1,272.5874,291.4199,272.1244,291.2876,274.4579,291.2150,273.1908,292.3785,12,nan,nan,nan
ROI_080/patch_34,2,333.6624,415.7784,339.2731,414.2326,333.0398,415.5012,335.7686,415.9636,6,nan,nan,nan
ROI_080/patch_34,3,276.1844,159.9355,275.9730,160.0159,279.7903,159.7313,274.1708,159.2093,9,nan,nan,nan
ROI_080/patch_34,4,445.4938,4.5661,452.7009,3.8641,448.9700,4.1795,nan,nan,2,nan,nan,nan
ROI_080/patch_34,5,51.7833,222.4450,61.9503,221.4026,57.5059,222.4877,63.6333,221.2169,10,nan,nan,nan
ROI_080/patch_34,6,393.3915,80.8038,400.8520,79.5588,396.5222,80.4723,401.1650,79.4893,12,nan,nan,nan
ROI_080/patch_34,7,272.7873,350.9852,277.4213,349.1962,273.8475,350.7780,275.6461,350.2705,9,nan,nan,nan
ROI_080/patch_34,8,62.3113,414.9760,87.8531,414.3765,65.2841,415.0000,88.6907,414.2613,12,nan,nan,nan
ROI_080/patch_35,0,434.5301,141.2766,419.8457,141.6735,419.7988,141.1046,421.4582,142.3772,10,nan,nan,nan
ROI_080/patch_35,1,332.5829,115.6067,315.1204,116.0035,319.9681,115.6526,315.8617,116.7793,9,nan,nan,nan
ROI_080/patch_35,2,403.4728,485.6735,369.5772,487.5556,376.4894,485.8831,370.1507,486.7456,10,nan,nan,nan
ROI_080/patch_35,3,455.7277,470.3156,425.1398,470.8868,428.7036,470.3879,425.0663,472.1468,8,nan,nan,nan
ROI_080/patch_35,4,135.3251,19.1968,124.0168,19.1064,128.5169,19.6228,123.5996,19.6280,9,nan,nan,nan
ROI_080/patch_35,5,38.7088,309.0207,25.1397,309.9439,22.4035,309.9345,25.0491,310.4980,10,nan,nan,nan
ROI_080/patch_35,6,152.6395,200.0117,150.7788,200.9136,139.0108,200.5586,150.2506,200.6832,11,nan,nan,nan
ROI_080/patch_35,7,490.9273,97.7907,475.6691,99.9255,477.1373,97.4464,476.3413,98.6480,9,nan,nan,nan
ROI_080/patch_38,0,315.8645,319.6278,295.2270,321.2153,296.4117,319.7478,296.2688,320.2909,10,nan,nan,nan
ROI_080/patch_38,1,271.7954,146.7599,246.1969,148.3474,251.8199,147.2844,247.0377,148.3760,11,nan,nan,nan
ROI_080/patch_38,2,407.1536,177.7145,386.4941,176.2641,383.6408,178.1349,383.5494,177.6865,11,nan,nan,nan
ROI_080/patch_38,3,178.6876,401.3154,170.4546,400.7155,163.9824,401.2836,170.2081,402.2642,10,nan,nan,nan
ROI_080/patch_38,4,178.9027,361.5772,166.0890,361.8216,163.7827,361.6358,166.5743,360.6201,11,nan,nan,nan
ROI_080/patch_38,5,87.0439,254.6018,73.7300,255.2361,73.4403,254.9268,73.6914,254.2262,12,nan,nan,nan
ROI_080/patch_38,6,312.3349,29.1912,291.4097,30.0221,289.9955,29.9734,291.3024,28.7862,12,nan,nan,nan
ROI_080/patch_38,7,178.2545,204.2714,161.4578,205.3694,161.5350,204.6883,161.6488,205.9171,9,nan,nan,nan
ROI_080/patch_39,0,20.2146,74.8479,12.2771,76.1708,7.3313,75.4401,11.8464,75.4333,9,nan,nan,nan
ROI_080/patch_39,1,149.0083,318.2280,136.3083,318.3603,141.3380,318.1992,134.5795,319.7678,12,nan,nan,nan
ROI_080/patch_39,2,33.9487,324.1693,24.5247,324.1333,25.0544,324.2937,24.9718,325.0990,12,nan,nan,nan
ROI_080/patch_39,3,158.2579,120.9758,147.2678,121.8761,147.6616,121.2885,146.3932,121.6661,12,nan,nan,nan
ROI_080/patch_39,4,310.8676,29.3489,300.1802,29.7972,300.6074,29.6091,298.3097,29.6193,8,nan,nan,nan
ROI_080/patch_39,5,353.1396,29.9605,340.6880,31.0407,343.3720,30.1593,339.4642,31.0850,11,nan,nan,nan
ROI_080/patch_39,6,424.9286,117.6319,414.4039,119.9156,417.3292,117.5709,417.2326,118.8287,6,nan,nan,nan
ROI_080/patch_39,7,35.3233,130.2926,23.1740,132.1780,23.4649,130.7637,22.7641,130.8303,10,nan,nan,nan
ROI_080/patch_44,0,80.4155,168.7407,69.0918,171.3099,69.2532,168.8621,68.1268,169.4998,12,nan,nan,nan
ROI_080/patch_44,1,140.2216,280.5500,126.2216,281.4064,128.8446,280.4610,126.7818,280.9197,11,nan,nan,nan
ROI_080/patch_44,2,340.9931,357.2633,323.6695,358.9799,324.8993,356.9451,323.8304,357.8910,10,nan,nan,nan
ROI_080/patch_44,3,21.7953,231.7381,12.1502,232.5672,13.1529,231.7900,13.3262,232.4238,6,nan,nan,nan
ROI_080/patch_44,4,256.5313,61.8424,258.8413,61.6338,238.9003,62.0411,257.5427,61.3186,10,nan,nan,nan
ROI_080/patch_44,5,348.0874,216.4667,331.9959,218.0937,329.9064,216.3697,330.9117,218.2555,10,nan,nan,nan
ROI_080/patch_44,6,401.6188,387.6635,382.9370,389.1203,384.1975,387.2645,382.7220,388.1064,12,nan,nan,nan
ROI_080/patch_44,7,441.5616,315.5846,416.9654,317.5495,422.0330,315.2796,418.7553,316.5410,7,nan,nan,nan
ROI_080/patch_45,0,193.9831,108.1089,191.0973,108.7502,193.6446,107.6048,191.6697,107.0029,11,nan,nan,nan
ROI_080/patch_45,1,63.7069,221.4097,68.8473,221.7300,68.4833,221.2899,66.3552,220.5459,7,nan,nan,nan
ROI_080/patch_45,2,422.3194,506.8366,412.5606,507.6189,410.9534,507.0901,nan,nan,0,nan,nan,nan
ROI_080/patch_45,3,155.5576,4.9172,162.0671,6.2028,157.1994,4.1992,162.4569,4.7986,3,nan,nan,nan
ROI_080/patch_45,4,20.5424,233.3574,24.6571,232.5781,27.1019,233.3036,25.9141,233.3474,11,nan,nan,nan
ROI_080/patch_45,5,461.3113,262.6095,454.8817,262.6206,449.1407,262.2441,454.1686,262.9183,7,nan,nan,nan
ROI_080/patch_45,6,427.6392,333.4085,417.5981,333.3310,416.6472,333.2419,414.9047,333.4576,10,nan,nan,nan
ROI_080/patch_45,7,317.0068,115.2388,309.7486,116.2450,311.4441,114.6453,308.3238,114.4035,12,nan,nan,nan
ROI_080/patch_46,0,504.0970,443.9696,467.3294,445.5491,466.6504,445.3200,nan,nan,2,nan,nan,nan
ROI_080/patch_46,1,364.0808,349.2717,343.0250,352.1337,344.5721,349.8955,342.0651,350.4997,10,nan,nan,nan
ROI_080/patch_46,2,404.1982,14.5953,394.8868,15.0617,411.1156,13.6454,395.8182,14.6590,7,nan,nan,nan
ROI_080/patch_46,3,421.2376,486.4344,388.4466,487.9371,385.8123,487.8400,387.3524,487.0577,7,nan,nan,nan
ROI_080/patch_46,4,117.3824,483.6261,107.8625,483.6822,103.2007,484.4532,107.0722,484.2150,9,nan,nan,nan
ROI_080/patch_46,5,239.2887,272.5183,227.3360,271.5222,235.1003,272.5322,226.9942,272.4970,12,nan,nan,nan
ROI_080/patch_46,6,83.0545,250.1094,92.8298,250.0167,91.6180,249.7227,91.1412,248.4143,9,nan,nan,nan
ROI_080/patch_46,7,324.5114,401.2876,299.1371,403.6108,303.1991,402.0941,300.0773,403.1216,12,nan,nan,nan
ROI_080/patch_48,0,426.9753,129.6042,412.0117,129.8061,405.6890,130.0262,416.3836,129.9942,12,nan,nan,nan
ROI_080/patch_48,1,300.4738,214.7302,284.6552,215.2528,286.4568,215.0802,286.5627,214.7865,11,nan,nan,nan
ROI_080/patch_48,2,188.0580,113.3621,179.4759,113.4612,179.4334,113.5293,179.0206,113.1892,10,nan,nan,nan
ROI_080/patch_48,3,44.7033,93.0461,43.9696,93.7924,43.6122,93.0533,43.3714,93.1788,12,nan,nan,nan
ROI_080/patch_48,4,192.9576,416.0128,180.2333,416.1831,185.8963,416.3879,182.4259,416.7633,9,nan,nan,nan
ROI_080/patch_48,5,44.6814,208.9333,44.2382,209.1146,44.2903,209.0181,43.8045,208.4043,11,nan,nan,nan
ROI_080/patch_48,6,366.0584,193.8048,357.9238,195.7658,348.4125,194.2077,357.1974,195.0907,10,nan,nan,nan
ROI_080/patch_48,7,50.5153,371.5124,54.9903,370.4132,50.7930,371.7122,55.8160,370.5355,10,nan,nan,nan
ROI_080/patch_50,0,338.7259,491.4968,306.8036,493.0169,360.9151,490.2168,307.7957,492.2446,7,nan,nan,nan
ROI_080/patch_50,1,292.3626,497.5772,263.0530,497.1972,310.4780,496.4953,264.2600,498.3652,6,nan,nan,nan
ROI_080/patch_50,2,288.0483,255.4879,296.9857,254.6612,303.4964,254.5516,nan,nan,2,nan,nan,nan
ROI_080/patch_50,3,275.9629,320.5069,288.1905,317.8136,290.9473,319.5890,287.0173,318.4371,9,nan,nan,nan
ROI_080/patch_50,4,151.5645,439.3497,138.5177,439.3653,156.5852,438.9097,138.5986,438.9804,12,nan,nan,nan
ROI_080/patch_50,5,234.3300,292.8534,241.2346,292.0626,245.3439,292.1308,241.8522,292.0229,12,nan,nan,nan
ROI_080/patch_50,6,353.7865,4.3574,376.1804,2.5365,372.7239,3.2673,378.6810,3.4113,3,nan,nan,nan
ROI_080/patch_50,7,439.8982,417.9753,422.1131,417.9277,470.4088,416.2945,423.4531,416.8204,12,nan,nan,nan
ROI_080/patch_50,8,507.0753,438.2317,487.6286,437.3387,543.7626,436.2486,nan,nan,0,nan,nan,nan
ROI_080/patch_51,0,305.7541,183.6975,273.5274,185.2321,271.8819,184.9935,271.2911,185.4390,13,nan,nan,nan
ROI_080/patch_51,1,379.1753,506.5877,344.7906,508.5540,344.0961,507.8375,nan,nan,0,nan,nan,nan
ROI_080/patch_51,2,459.7482,102.0304,416.8496,104.1720,420.2670,103.5049,418.8688,103.3508,8,nan,nan,nan
ROI_080/patch_51,3,73.8571,28.8764,49.0069,31.9655,47.3049,30.0043,48.4356,30.4062,12,nan,nan,nan
ROI_080/patch_51,4,143.5337,123.4271,116.0296,124.4438,114.9769,124.5881,115.2107,125.3970,11,nan,nan,nan
ROI_080/patch_51,5,436.4395,369.8619,396.9367,373.3262,398.8432,371.2167,398.5743,371.6982,10,nan,nan,nan
ROI_080/patch_51,6,68.1683,401.7021,43.0879,406.0141,43.3229,402.6892,42.8426,402.6319,12,nan,nan,nan
ROI_080/patch_51,7,346.3155,347.9550,312.4258,350.5493,311.7192,349.2305,312.4312,349.4784,10,nan,nan,nan
ROI_080/patch_52,0,178.6395,251.5572,147.4298,254.9775,146.8365,252.9487,147.9187,253.7322,11,nan,nan,nan
ROI_080/patch_52,1,407.7958,139.1167,365.8978,140.8269,364.5395,141.0083,364.7820,141.3276,10,nan,nan,nan
ROI_080/patch_52,2,73.3479,282.1048,47.3877,284.0495,46.6047,283.2946,44.8822,285.0742,9,nan,nan,nan
ROI_080/patch_52,3,346.9493,473.4056,311.8747,474.6746,309.6545,474.7591,314.5091,475.8853,10,nan,nan,nan
ROI_080/patch_52,4,166.8531,30.7622,132.8935,32.8505,133.4655,32.4295,133.1303,31.6044,10,nan,nan,nan
ROI_080/patch_52,5,468.3412,237.8969,423.7873,238.5274,423.2914,239.7495,428.0076,240.2253,7,nan,nan,nan
ROI_080/patch_52,6,243.6793,189.0403,208.3301,193.1856,208.3319,190.6144,207.9926,191.8873,8,nan,nan,nan
ROI_080/patch_52,7,147.2058,475.0033,118.8462,478.5201,118.9693,476.0494,118.6120,476.6402,9,nan,nan,nan
ROI_080/patch_53,0,247.4126,249.5383,218.7680,251.6047,218.0582,250.2012,219.5841,249.0484,7,nan,nan,nan
ROI_080/patch_53,1,187.5583,321.9335,159.0206,324.5699,161.1729,322.4678,161.0294,323.2836,11,nan,nan,nan
ROI_080/patch_53,2,88.5037,194.6216,73.4174,193.4514,65.2470,195.2914,76.5391,194.1002,9,nan,nan,nan
ROI_080/patch_53,3,286.1774,463.3538,256.0456,465.4251,256.7830,463.7325,256.3501,464.6526,10,nan,nan,nan
ROI_080/patch_53,4,502.7770,461.2380,465.2708,462.7356,464.5153,461.7157,464.9924,462.5233,3,nan,nan,nan
ROI_080/patch_53,5,428.4190,443.8585,393.2652,446.1377,393.0707,444.3277,392.6048,445.5892,6,nan,nan,nan
ROI_080/patch_53,6,453.3377,178.5533,415.4944,181.5309,415.0549,179.4074,419.8366,179.1021,7,nan,nan,nan
ROI_080/patch_53,7,428.3698,58.4555,391.2310,60.2405,390.2401,59.4677,390.6559,60.8747,8,nan,nan,nan
ROI_080/patch_54,0,36.2244,111.4698,14.1829,112.2298,10.8787,112.6607,11.6515,113.3872,6,nan,nan,nan
ROI_080/patch_54,1,40.0247,367.6080,18.9332,371.0282,15.0049,368.6108,15.8659,369.9558,9,nan,nan,nan
ROI_080/patch_54,2,133.9823,279.9308,110.1397,281.9594,107.8457,280.9876,107.3187,282.5951,10,nan,nan,nan
ROI_080/patch_54,3,88.5307,190.8718,64.1791,193.0124,62.7464,191.9989,63.0154,192.4591,11,nan,nan,nan
ROI_080/patch_54,4,221.1575,81.4235,199.4354,83.0435,193.8174,82.6164,196.4058,83.3862,12,nan,nan,nan
ROI_080/patch_54,5,244.1829,125.9234,231.3715,127.7253,216.6634,127.0811,228.8792,127.6408,11,nan,nan,nan
ROI_080/patch_54,6,288.2345,318.2639,276.3991,317.8285,260.5250,319.2758,278.1619,317.9376,5,nan,nan,nan
ROI_080/patch_54,7,69.5517,53.9197,46.0551,55.3651,43.7720,55.1492,43.7489,54.4601,12,nan,nan,nan
ROI_080/patch_55,0,382.0490,354.8771,350.8393,356.5872,351.4814,355.0125,nan,nan,1,nan,nan,nan
ROI_080/patch_55,1,468.4101,154.3653,433.7802,155.2204,432.9484,154.9657,434.5157,154.8817,10,nan,nan,nan
ROI_080/patch_55,2,128.9863,6.5050,112.8871,8.5189,106.8037,7.2604,110.4600,7.6175,3,nan,nan,nan
ROI_080/patch_55,3,12.5889,94.4007,5.0788,94.9577,-4.1579,94.9156,4.2227,94.3754,3,nan,nan,nan
ROI_080/patch_55,4,330.3891,137.3365,297.7540,138.9692,300.6014,137.9086,299.9443,138.5773,12,nan,nan,nan
ROI_080/patch_55,5,423.4221,472.2225,393.7443,474.1204,391.8680,472.1287,391.3626,472.9926,10,nan,nan,nan
ROI_080/patch_55,6,223.7983,442.0630,198.0770,443.6825,200.4154,441.9400,197.6309,443.2031,8,nan,nan,nan
ROI_080/patch_55,7,224.7152,229.6861,198.4797,233.0594,199.9424,230.0134,199.0838,231.2291,10,nan,nan,nan
ROI_080/patch_57,0,95.2830,53.4088,72.8614,55.4989,74.3242,54.1906,75.3239,53.7072,11,nan,nan,nan
ROI_080/patch_57,1,109.6448,194.1454,92.3536,194.5255,93.2197,194.4720,91.2272,195.3113,10,nan,nan,nan
ROI_080/patch_57,2,245.9761,226.0040,222.7504,227.0178,225.3613,226.3449,221.9818,226.0558,12,nan,nan,nan
ROI_080/patch_57,3,20.3486,191.3743,13.6880,191.9603,7.3230,191.6314,13.8927,191.1672,7,nan,nan,nan
ROI_080/patch_57,4,294.8479,490.8006,280.2354,491.4968,281.9066,490.3041,282.0795,490.3100,7,nan,nan,nan
ROI_080/patch_57,5,382.8169,382.3259,358.5210,385.0892,362.4996,382.2677,358.3284,383.3482,9,nan,nan,nan
ROI_080/patch_57,6,244.2981,70.7158,219.4311,74.9872,218.1256,71.5715,219.0430,72.4355,9,nan,nan,nan
ROI_080/patch_57,7,171.8775,475.5298,168.6025,474.6014,163.2030,474.9757,169.8676,472.8582,6,nan,nan,nan
ROI_080/patch_58,0,174.5543,487.6965,152.5127,486.1764,160.2168,488.0808,156.3294,488.9068,9,nan,nan,nan
ROI_080/patch_58,1,348.6066,105.3893,317.0644,108.4296,319.7325,106.2784,321.2181,107.6773,12,nan,nan,nan
ROI_080/patch_58,2,260.5982,49.3102,236.1186,51.4255,236.2676,49.9732,234.0523,50.5604,12,nan,nan,nan
ROI_080/patch_58,3,190.0427,140.3008,168.8538,142.0619,170.8846,140.7667,171.3367,142.2908,10,nan,nan,nan
ROI_080/patch_58,4,58.6993,216.9408,49.7154,217.3073,48.1264,217.0506,48.5816,217.9592,7,nan,nan,nan
ROI_080/patch_58,5,90.0737,362.4897,77.9486,362.0680,79.2943,362.6654,78.0887,362.7686,11,nan,nan,nan
ROI_080/patch_58,6,490.6726,476.2444,459.7924,477.0493,457.6195,477.4656,457.9719,477.1626,10,nan,nan,nan
ROI_080/patch_58,7,156.6114,283.6827,139.7975,286.0519,141.0327,284.0435,142.8948,284.9855,12,nan,nan,nan
ROI_080/patch_59,0,119.0703,419.4816,128.0484,418.1991,126.1366,418.8354,126.4509,417.8665,12,nan,nan,nan
ROI_080/patch_59,1,153.7003,353.6420,157.1205,353.2144,156.6476,353.1174,158.3124,353.2035,9,nan,nan,nan
ROI_080/patch_59,2,186.8199,77.7240,177.1948,76.3950,178.2716,77.6170,175.7855,77.4275,10,nan,nan,nan
ROI_080/patch_59,3,59.3733,35.5190,59.4270,35.6918,55.8882,35.3663,58.9504,34.2756,12,nan,nan,nan
ROI_080/patch_59,4,273.2212,55.1297,256.4338,54.5485,259.4233,55.1260,258.9505,55.3831,12,nan,nan,nan
ROI_080/patch_59,5,96.5294,508.8120,103.0018,509.5418,107.9259,508.0208,nan,nan,0,nan,nan,nan
ROI_080/patch_59,6,503.4352,100.5139,479.6999,101.8033,479.3965,100.6362,nan,nan,0,nan,nan,nan
ROI_080/patch_59,7,456.0252,4.6881,434.8727,8.1387,431.0268,4.9067,nan,nan,2,nan,nan,nan
ROI_080/patch_61,0,154.2934,123.4389,163.9944,121.0929,164.9288,122.5952,164.7335,121.2404,10,nan,nan,nan
ROI_080/patch_61,1,94.1483,487.3948,118.8288,485.9048,114.6741,486.7063,118.1660,485.2748,5,nan,nan,nan
ROI_080/patch_61,2,124.5547,320.8465,142.6532,318.7055,140.6458,320.0784,141.8321,319.1028,7,nan,nan,nan
ROI_080/patch_61,3,139.7271,465.5415,162.4120,462.5297,160.9871,464.7187,161.1088,463.9764,8,nan,nan,nan
ROI_080/patch_61,4,418.1574,1.0924,409.0850,1.1886,433.1786,-0.5292,nan,nan,0,nan,nan,nan
ROI_080/patch_61,5,261.1164,288.0661,286.0425,286.8995,280.4670,286.8934,284.7991,286.2914,9,nan,nan,nan
ROI_080/patch_61,6,277.4643,85.8953,289.5883,83.5881,290.7810,84.6872,291.9373,83.8118,5,nan,nan,nan
ROI_080/patch_61,7,25.7711,485.7116,50.6400,485.0729,44.0784,485.2269,50.5378,484.8535,10,nan,nan,nan
ROI_080/patch_63,0,181.3947,210.2768,202.6762,207.9966,201.8436,209.4090,205.8689,208.2617,10,nan,nan,nan
ROI_080/patch_63,1,62.0663,280.2018,86.1980,278.3016,89.6274,278.9521,87.8339,278.4508,13,nan,nan,nan
ROI_080/patch_63,2,40.6625,410.8994,73.6571,408.8409,71.1314,409.5427,67.9602,408.6794,7,nan,nan,nan
ROI_080/patch_63,3,93.4204,52.0197,117.0331,51.7128,116.2149,50.9387,115.0340,50.7816,11,nan,nan,nan
ROI_080/patch_63,4,394.3092,91.6333,403.4970,91.1953,402.1524,91.4448,401.9008,90.5359,12,nan,nan,nan
ROI_080/patch_63,5,274.8968,263.5095,292.0438,263.6310,291.2647,262.9056,291.6252,261.5785,3,nan,nan,nan
ROI_080/patch_63,6,20.9389,274.9813,41.4222,272.8856,50.5464,273.6095,42.0551,272.8669,6,nan,nan,nan
ROI_080/patch_63,7,342.5585,490.5753,371.4370,486.8819,358.5775,490.1010,372.1021,488.7335,6,nan,nan,nan
ROI_080/patch_65,0,66.2151,360.8016,111.2085,359.2229,101.6688,360.2799,108.2738,358.8361,13,nan,nan,nan
ROI_080/patch_65,1,37.9463,121.9718,70.5073,120.3931,71.7948,121.8940,71.6992,121.2306,8,nan,nan,nan
ROI_080/patch_65,2,360.5654,42.0151,393.6462,30.7148,379.9178,42.2808,442.2692,92.5280,3,nan,nan,nan
ROI_080/patch_65,3,236.1092,398.0330,265.0635,396.9081,264.8569,397.5393,264.5715,396.9409,9,nan,nan,nan
ROI_080/patch_65,4,430.5047,463.2279,457.9129,462.1070,451.8438,462.7225,455.4359,463.7287,9,nan,nan,nan
ROI_080/patch_65,5,41.0718,494.4876,78.1036,492.8305,79.1459,493.6934,78.5457,493.1559,7,nan,nan,nan
ROI_080/patch_65,6,338.8033,431.6941,367.5727,429.7487,363.6282,431.1957,366.4429,429.8707,10,nan,nan,nan
ROI_080/patch_65,7,145.6858,230.8867,176.4593,227.1866,176.2795,230.6621,172.6022,229.3217,10,nan,nan,nan
ROI_080/patch_67,0,303.1624,399.5113,338.5743,400.8089,343.7028,398.6245,339.3860,398.9502,10,nan,nan,nan
ROI_080/patch_67,1,44.7909,309.0083,87.1364,307.9946,84.0058,308.1059,87.6188,307.2663,10,nan,nan,nan
ROI_080/patch_67,2,196.6429,64.7952,226.8887,62.8291,229.1048,64.0292,226.9925,63.0826,10,nan,nan,nan
ROI_080/patch_67,3,456.4442,151.9142,490.3425,151.2666,490.1405,151.1655,488.8676,151.0412,10,nan,nan,nan
ROI_080/patch_67,4,445.2755,300.3250,486.4804,298.8185,482.7723,299.5104,484.7248,298.8332,10,nan,nan,nan
ROI_080/patch_67,5,290.3440,151.6055,320.0069,152.3349,324.6539,150.8221,322.4902,150.9841,10,nan,nan,nan
ROI_080/patch_67,6,243.5631,404.2689,284.9703,401.6122,284.4470,403.3675,282.6638,402.1090,4,nan,nan,nan
ROI_080/patch_67,7,212.6023,260.1006,253.9542,259.7424,249.9508,259.2544,255.8906,259.2750,10,nan,nan,nan
ROI_080/patch_69,0,356.1019,466.6611,366.1034,467.4304,364.8173,466.5486,364.4730,465.7703,8,nan,nan,nan
ROI_080/patch_69,1,231.0838,211.8645,262.2902,210.0373,258.1400,210.8533,261.4066,210.2858,6,nan,nan,nan
ROI_080/patch_69,2,75.9991,466.3755,93.9556,465.6394,96.2113,465.8698,93.1485,465.7556,11,nan,nan,nan
ROI_080/patch_69,3,40.9297,203.8721,65.9516,204.4284,76.1952,202.5718,67.0208,202.6690,12,nan,nan,nan
ROI_080/patch_69,4,378.5041,113.7451,397.4964,112.8324,404.6066,112.6617,397.0071,112.4579,10,nan,nan,nan
ROI_080/patch_69,5,315.1473,39.6041,337.8601,38.1441,347.6926,38.2215,337.9995,38.1449,8,nan,nan,nan
ROI_080/patch_69,6,10.4184,53.1948,46.4381,53.2831,54.7501,51.4238,44.0725,52.7244,6,nan,nan,nan
ROI_080/patch_69,7,469.3755,354.5716,486.7206,354.2382,479.2616,354.2995,484.6400,353.2055,13,nan,nan,nan
ROI_080/patch_70,0,366.8479,185.9551,392.4997,184.0549,382.8470,185.8291,393.1055,183.9450,10,nan,nan,nan
ROI_080/patch_70,1,123.2842,259.8830,147.3626,259.2225,149.5132,259.1996,148.4896,258.6255,11,nan,nan,nan
ROI_080/patch_70,2,104.9176,432.6146,134.2323,431.4443,132.3322,431.7886,134.7897,431.7462,12,nan,nan,nan
ROI_080/patch_70,3,379.8655,420.2092,395.0586,419.0049,395.9080,419.9697,394.7693,419.8125,11,nan,nan,nan
ROI_080/patch_70,4,499.0894,467.8821,502.6531,466.2291,510.3322,467.8649,nan,nan,0,nan,nan,nan
ROI_080/patch_70,5,436.2006,320.5391,453.6660,320.1742,449.6724,320.4782,451.3578,319.5234,9,nan,nan,nan
ROI_080/patch_70,6,265.5932,507.7819,289.9311,506.9708,286.5664,507.2490,nan,nan,0,nan,nan,nan
ROI_080/patch_70,7,16.6544,275.7140,48.0642,276.0112,47.3210,274.7965,46.5811,275.5413,9,nan,nan,nan
ROI_080/patch_71,0,217.1173,232.3184,222.6277,232.3184,224.8512,231.6842,221.2925,232.7009,10,nan,nan,nan
ROI_080/patch_71,1,165.7186,31.6641,180.3497,30.1440,179.3085,31.0991,178.2949,30.4767,9,nan,nan,nan
ROI_080/patch_71,2,14.1911,209.3338,23.7785,211.0368,25.2696,208.6621,23.4565,208.8370,7,nan,nan,nan
ROI_080/patch_71,3,113.6092,223.8169,120.4954,224.9078,122.9663,223.1623,120.0406,223.2779,10,nan,nan,nan
ROI_080/patch_71,4,454.1918,308.4048,457.7010,308.3427,456.7526,307.7947,456.0298,307.6000,9,nan,nan,nan
ROI_080/patch_71,5,281.9873,370.6567,286.0433,371.5697,285.2846,369.9817,284.1063,369.7528,10,nan,nan,nan
ROI_080/patch_71,6,72.2065,416.8707,79.4579,416.7177,77.1624,416.1285,77.4006,416.0024,10,nan,nan,nan
ROI_080/patch_71,7,464.5057,70.6787,469.1532,68.4126,473.0380,70.1670,471.9088,68.9705,10,nan,nan,nan
ROI_080/patch_72,0,461.8547,114.5100,469.6452,114.8900,472.2537,114.1580,467.5612,113.8647,10,nan,nan,nan
ROI_080/patch_72,1,437.3429,352.7869,443.4233,353.1669,443.2681,352.3171,442.7747,352.3816,10,nan,nan,nan
ROI_080/patch_72,2,174.3797,381.4254,180.6347,382.8090,189.0032,380.2019,180.9699,380.5948,11,nan,nan,nan
ROI_080/patch_72,3,2.7767,90.6714,21.3325,92.0698,30.0174,89.0186,nan,nan,2,nan,nan,nan
ROI_080/patch_72,4,79.3070,116.9116,100.1156,115.3423,103.2406,115.4712,100.9336,116.7948,12,nan,nan,nan
ROI_080/patch_72,5,126.6727,476.3572,134.1569,478.0398,140.8615,474.9788,134.1927,476.4737,13,nan,nan,nan
ROI_080/patch_72,6,424.0911,496.7119,436.9353,496.7545,427.2587,496.1753,434.8159,497.1977,5,nan,nan,nan
ROI_080/patch_72,7,432.3148,25.8822,438.9398,25.4111,445.7510,25.4640,437.5899,25.8841,12,nan,nan,nan
ROI_080/patch_73,0,182.8413,252.5876,178.2596,252.5876,177.3363,252.4878,178.1989,253.2145,12,nan,nan,nan
ROI_080/patch_73,1,270.6574,344.2217,263.7849,342.6945,267.0135,344.0040,264.2919,344.6235,11,nan,nan,nan
ROI_080/patch_73,2,277.5698,483.8334,276.7664,485.4911,275.3516,483.6502,275.9032,482.5940,12,nan,nan,nan
ROI_080/patch_73,3,23.1373,452.9343,17.1362,452.6555,17.7939,453.1704,20.5494,452.4132,11,nan,nan,nan
ROI_080/patch_73,4,26.2016,344.9003,18.6634,344.4127,19.8483,345.0955,19.0602,345.3692,10,nan,nan,nan
ROI_080/patch_73,5,463.9070,385.6932,469.5303,386.6320,462.8107,385.1631,468.6379,385.4320,12,nan,nan,nan
ROI_080/patch_73,6,227.2933,47.1428,226.8753,46.4768,220.2969,46.9000,224.6624,47.2909,9,nan,nan,nan
ROI_080/patch_73,7,428.5821,14.5514,433.9238,14.0253,423.5070,13.9580,432.4466,13.7131,7,nan,nan,nan
ROI_080/patch_74,0,413.9713,429.1723,429.9324,427.6522,426.1643,428.3848,428.9001,428.0520,10,nan,nan,nan
ROI_080/patch_74,1,443.6134,101.5891,451.9740,101.5891,452.1362,100.9288,453.0040,99.9285,9,nan,nan,nan
ROI_080/patch_74,2,95.6233,128.1053,114.5100,128.1910,109.8351,127.6617,111.1409,128.0803,9,nan,nan,nan
ROI_080/patch_74,3,358.1642,136.6646,363.9977,135.4115,368.3637,136.0448,366.0172,136.2184,10,nan,nan,nan
ROI_080/patch_74,4,70.2288,220.0038,84.9747,218.6345,85.7367,219.5358,85.6367,219.3512,9,nan,nan,nan
ROI_080/patch_74,5,252.9950,301.6980,266.3376,300.9037,266.4513,301.0733,267.9848,301.6900,12,nan,nan,nan
ROI_080/patch_74,6,284.8929,191.9563,292.5583,190.3946,296.7769,191.3598,293.3568,191.7768,11,nan,nan,nan
ROI_080/patch_74,7,418.7374,278.1974,427.5481,276.5028,429.3777,277.4744,427.1414,276.8130,12,nan,nan,nan
ROI_080/patch_75,0,48.3853,489.9767,57.5059,491.1167,55.5387,489.3207,56.0348,489.7852,10,nan,nan,nan
ROI_080/patch_75,1,126.4808,379.9588,133.8914,379.6738,133.6251,379.1535,135.6187,379.1480,11,nan,nan,nan
ROI_080/patch_75,2,216.8392,62.8884,225.3374,61.8726,221.5581,61.9116,224.4523,61.8296,11,nan,nan,nan
ROI_080/patch_75,3,452.3730,244.4847,466.8037,242.8906,463.5969,243.0540,465.1528,243.2183,11,nan,nan,nan
ROI_080/patch_75,4,48.9605,220.3284,56.6031,219.6278,52.6931,219.6732,55.1478,218.6012,12,nan,nan,nan
ROI_080/patch_75,5,307.2014,388.3933,314.0447,387.1199,317.6712,387.2406,313.0845,387.3555,10,nan,nan,nan
ROI_080/patch_75,6,269.2533,500.8990,282.0563,499.0481,280.4789,499.8185,281.3034,499.3499,3,nan,nan,nan
ROI_080/patch_75,7,124.3375,137.6114,119.3813,136.6766,128.3599,136.8119,122.4639,136.1842,12,nan,nan,nan
ROI_080/patch_75,8,193.3614,379.1978,198.1120,377.7474,201.6869,378.2639,201.1245,377.6293,11,nan,nan,nan
ROI_080/patch_76,0,271.8412,102.3491,298.4430,101.5891,300.3970,100.9487,301.9293,100.1975,11,nan,nan,nan
ROI_080/patch_76,1,466.4150,27.1038,481.6161,25.5837,485.3970,25.7302,483.7707,26.4517,11,nan,nan,nan
ROI_080/patch_76,2,25.9106,349.0955,56.7459,345.5664,69.9280,347.5506,56.3318,347.2416,10,nan,nan,nan
ROI_080/patch_76,3,158.2149,81.3056,186.7151,78.0274,190.9215,79.9368,190.7122,79.2889,12,nan,nan,nan
ROI_080/patch_76,4,479.7103,131.9951,500.6174,129.7111,500.4766,130.5431,499.5846,129.7108,4,nan,nan,nan
ROI_080/patch_76,5,298.5951,273.7220,331.6954,272.9812,329.8618,272.1928,331.2460,272.1601,12,nan,nan,nan
ROI_080/patch_76,6,44.5082,183.9545,77.5840,183.7382,84.1101,182.5273,77.0135,182.5131,10,nan,nan,nan
ROI_080/patch_76,7,432.5353,379.6746,461.9407,379.1289,460.7076,378.0489,460.3070,377.5149,12,nan,nan,nan
ROI_080/patch_77,0,263.1005,133.1313,271.6511,130.8511,269.3527,132.0451,268.7117,131.6026,10,nan,nan,nan
ROI_080/patch_77,1,356.0171,283.6220,360.5775,283.0520,362.5618,282.3889,361.2164,282.2342,12,nan,nan,nan
ROI_080/patch_77,2,114.1272,335.2848,126.2908,333.7856,120.2378,333.9558,124.5089,333.4742,10,nan,nan,nan
ROI_080/patch_77,3,261.6299,360.4896,269.9410,360.0074,268.0470,359.1578,267.2098,359.5823,11,nan,nan,nan
ROI_080/patch_77,4,462.8862,87.3762,472.0496,87.3796,469.4946,86.3725,469.9479,86.6776,12,nan,nan,nan
ROI_080/patch_77,5,471.2957,341.2448,484.3744,340.0385,478.1078,339.9686,480.5408,339.4865,12,nan,nan,nan
ROI_080/patch_77,6,137.3468,206.8953,140.8200,206.0060,143.4080,205.7087,141.2741,205.3736,12,nan,nan,nan
ROI_080/patch_77,7,37.4507,446.2566,53.7759,445.5698,43.4935,444.7951,52.4784,445.0908,6,nan,nan,nan
ROI_080/patch_78,0,65.8665,118.3103,81.0676,115.2700,96.9393,116.7936,79.9420,117.1123,12,nan,nan,nan
ROI_080/patch_78,1,203.4363,368.3680,219.7775,366.8479,219.2125,367.2333,217.0554,367.0197,12,nan,nan,nan
ROI_080/patch_78,2,290.2738,160.6137,310.4139,158.2131,312.5604,159.2638,309.4452,158.8049,10,nan,nan,nan
ROI_080/patch_78,3,374.1999,340.3235,389.4473,338.2213,385.9538,339.2405,386.9255,339.3827,11,nan,nan,nan
ROI_080/patch_78,4,217.6556,455.1575,231.7250,453.0676,229.1560,454.1383,231.1263,453.7659,9,nan,nan,nan
ROI_080/patch_78,5,118.0851,409.5411,134.4885,406.9376,134.6710,408.4144,133.7622,407.3523,9,nan,nan,nan
ROI_080/patch_78,6,365.3897,134.1204,388.1741,130.6643,386.5329,132.7756,389.9180,131.9042,9,nan,nan,nan
ROI_080/patch_78,7,219.0330,68.9862,243.3961,68.1247,247.5666,67.4858,242.4528,66.4296,6,nan,nan,nan
ROI_080/patch_79,0,186.7853,439.9194,214.3257,438.3894,212.4931,438.8302,213.6793,438.7605,9,nan,nan,nan
ROI_080/patch_79,1,21.5432,417.7342,51.1993,416.3117,52.2601,416.6510,50.2101,416.2965,10,nan,nan,nan
ROI_080/patch_79,2,358.4070,116.3226,382.5934,112.9899,381.1223,115.3969,380.0664,115.1709,8,nan,nan,nan
ROI_080/patch_79,3,391.8175,258.5625,412.9956,257.0201,412.6418,257.5681,412.9856,256.7858,12,nan,nan,nan
ROI_080/patch_79,4,291.5990,463.4903,310.9584,461.6646,314.0689,462.3926,312.8579,461.3120,12,nan,nan,nan
ROI_080/patch_79,5,469.1992,215.3402,491.9156,214.4577,488.0195,214.3692,489.5558,214.2746,10,nan,nan,nan
ROI_080/patch_79,6,245.9264,172.2355,270.9292,167.0605,271.5987,171.2792,272.9750,170.0374,11,nan,nan,nan
ROI_080/patch_79,7,302.1109,380.8992,328.9333,378.9764,324.7977,379.8423,326.6111,379.5388,11,nan,nan,nan
ROI_080/patch_80,0,27.8638,379.0088,40.0247,379.7688,39.1177,378.6858,38.3774,378.5457,11,nan,nan,nan
ROI_080/patch_80,1,334.1656,484.6563,332.6455,485.4163,331.4340,484.1152,332.3015,484.1061,11,nan,nan,nan
ROI_080/patch_80,2,196.8821,185.7964,204.1964,183.6749,204.5437,185.4683,205.2844,185.2161,10,nan,nan,nan
ROI_080/patch_80,3,437.7770,41.7088,440.5731,40.0247,438.1655,41.3132,438.6446,40.6983,12,nan,nan,nan
ROI_080/patch_80,4,167.8002,356.1977,179.1146,357.7273,173.8304,355.8076,176.6788,354.6213,10,nan,nan,nan
ROI_080/patch_80,5,66.9239,92.4546,81.0676,90.9483,81.3150,92.2412,81.1536,91.6471,12,nan,nan,nan
ROI_080/patch_80,6,30.0053,155.0432,47.6252,155.5529,44.8467,154.8216,49.2004,154.4925,12,nan,nan,nan
ROI_080/patch_80,7,362.2873,176.4188,366.0879,176.8344,363.4862,176.0033,363.8145,175.4495,8,nan,nan,nan
ROI_080/patch_83,0,300.7232,303.7634,304.5235,303.0034,300.5232,303.7113,302.6712,303.6167,11,nan,nan,nan
ROI_080/patch_83,1,245.9993,164.6735,244.4792,165.4336,248.0288,164.4596,246.6739,164.4173,12,nan,nan,nan
ROI_080/patch_83,2,343.9091,14.5261,344.0463,13.4228,342.2353,14.2234,343.3498,14.4566,9,nan,nan,nan
ROI_080/patch_83,3,422.7884,374.2844,417.7715,373.6884,417.7870,374.3659,417.4622,374.5853,12,nan,nan,nan
ROI_080/patch_83,4,134.5342,460.2405,138.8317,460.3345,140.6904,460.2458,140.1478,461.3080,10,nan,nan,nan
ROI_080/patch_83,5,123.3310,89.8585,131.9912,90.1883,130.1884,89.5066,131.6421,89.9665,10,nan,nan,nan
ROI_080/patch_83,6,450.2829,168.7084,443.6134,168.4738,444.3585,168.6100,444.0856,167.9818,13,nan,nan,nan
ROI_080/patch_83,7,55.5443,354.9921,64.3464,353.1669,64.8502,354.8544,62.6518,354.4914,12,nan,nan,nan
ROI_080/patch_84,0,458.8144,230.7982,450.4538,230.7982,451.6993,231.1502,452.2210,231.2893,10,nan,nan,nan
ROI_080/patch_84,1,366.0879,413.9713,367.6080,415.4914,362.4899,414.3513,367.8092,414.2118,11,nan,nan,nan
ROI_080/patch_84,2,41.9631,315.3926,49.9054,314.4042,49.4847,315.1972,49.8062,315.3722,12,nan,nan,nan
ROI_080/patch_84,3,203.6362,314.6696,203.4363,316.6843,205.5321,314.7157,203.5931,315.2426,10,nan,nan,nan
ROI_080/patch_84,4,32.9584,29.1528,40.7848,30.1440,40.3381,28.6829,40.9069,29.2313,12,nan,nan,nan
ROI_080/patch_84,5,189.2478,7.4309,199.6360,8.1024,191.1558,7.1754,196.4694,7.3837,4,nan,nan,nan
ROI_080/patch_84,6,154.5668,447.5488,160.8733,448.9337,158.3811,447.6426,159.0792,448.3070,10,nan,nan,nan
ROI_080/patch_84,7,33.9314,476.9248,47.6252,477.0557,41.9892,476.8648,46.2951,476.9674,12,nan,nan,nan
ROI_080/patch_85,0,251.3197,303.7634,255.1200,303.0034,255.1478,303.3978,254.2106,303.5464,9,nan,nan,nan
ROI_080/patch_85,1,281.7219,370.6482,285.5221,368.3680,285.2683,370.2278,285.8026,370.5393,9,nan,nan,nan
ROI_080/patch_85,2,132.9419,109.8439,138.0717,108.4296,138.3612,109.6546,138.0107,108.6598,10,nan,nan,nan
ROI_080/patch_85,3,237.3165,60.9340,239.1588,61.3062,239.6973,60.7103,238.2355,60.8551,12,nan,nan,nan
ROI_080/patch_85,4,412.9802,370.7693,414.7313,370.0781,413.1638,370.2718,416.2733,370.8934,8,nan,nan,nan
ROI_080/patch_85,5,350.8295,464.3534,353.1669,464.1348,353.3019,463.8408,353.2980,463.5805,12,nan,nan,nan
ROI_080/patch_85,6,32.7437,330.6623,41.1600,330.4167,42.3733,330.4101,42.5626,330.2242,7,nan,nan,nan
ROI_080/patch_85,7,494.0837,106.2413,489.2849,106.8479,490.2213,105.8420,489.0452,106.2779,7,nan,nan,nan
ROI_080/patch_86,0,179.8746,185.9551,187.4752,185.9551,184.5729,185.8701,186.4706,185.5048,9,nan,nan,nan
ROI_080/patch_86,1,205.7165,423.8520,209.5167,424.6120,211.8941,423.6140,208.5572,424.4384,8,nan,nan,nan
ROI_080/patch_86,2,342.5738,486.1590,343.2862,485.2263,344.0484,485.9116,342.8187,485.5264,11,nan,nan,nan
ROI_080/patch_86,3,396.7461,183.1375,390.0520,183.0692,392.9286,183.1057,394.2546,182.0162,11,nan,nan,nan
ROI_080/patch_86,4,419.9401,368.0724,417.9425,369.0058,417.1512,367.9223,417.7785,367.8558,12,nan,nan,nan
ROI_080/patch_86,5,85.4701,100.5899,88.6226,101.6170,92.9688,100.5398,91.9582,101.2268,13,nan,nan,nan
ROI_080/patch_86,6,119.6313,28.6088,125.8754,29.3921,125.0397,28.6149,125.0387,28.9329,12,nan,nan,nan
ROI_080/patch_86,7,24.2427,437.1793,37.1148,437.8427,37.6609,436.8896,38.6232,436.0134,11,nan,nan,nan
ROI_080/patch_87,0,377.4887,279.4417,375.2085,279.4417,376.6317,279.0737,374.8102,279.1710,11,nan,nan,nan
ROI_080/patch_87,1,495.2970,433.7327,485.4163,432.9726,488.3961,433.4526,487.6811,432.6602,7,nan,nan,nan
ROI_080/patch_87,2,351.7368,465.3094,353.1669,464.8949,349.6832,464.7717,350.9696,464.8967,11,nan,nan,nan
ROI_080/patch_87,3,11.4489,331.6897,21.7834,331.8854,23.2754,330.6841,20.4351,330.7550,7,nan,nan,nan
ROI_080/patch_87,4,111.6588,223.5367,123.6306,218.6374,121.0890,222.7699,123.8027,222.9634,11,nan,nan,nan
ROI_080/patch_87,5,17.6816,59.7608,28.6239,58.2660,32.3998,58.9517,28.5389,58.8089,11,nan,nan,nan
ROI_080/patch_87,6,328.1282,39.3949,332.6455,40.7848,331.8147,39.1101,330.9630,39.9689,7,nan,nan,nan
ROI_080/patch_87,7,462.0793,83.5426,468.6951,79.5475,460.3990,83.4478,470.6057,82.0253,10,nan,nan,nan
ROI_080/patch_88,0,212.5570,267.2808,216.3572,268.0409,217.1125,267.0657,216.7007,266.9879,11,nan,nan,nan
ROI_080/patch_88,1,479.3359,93.9885,487.6965,90.9483,474.1806,94.1823,485.4145,92.6377,12,nan,nan,nan
ROI_080/patch_88,2,386.2538,3.4932,389.6495,4.3022,385.9101,3.5939,nan,nan,2,nan,nan,nan
ROI_080/patch_88,3,279.1636,423.5761,280.2018,421.5718,279.4130,423.3974,280.0662,423.1243,11,nan,nan,nan
ROI_080/patch_88,4,106.0458,319.9373,113.7499,322.0047,114.6342,319.5643,112.6925,319.7558,12,nan,nan,nan
ROI_080/patch_88,5,34.1380,444.3127,45.3451,444.3734,44.6116,443.8040,45.2590,443.8512,13,nan,nan,nan
ROI_080/patch_88,6,354.8313,149.4169,353.1669,150.9926,354.4479,149.4282,352.7714,149.3741,12,nan,nan,nan
ROI_080/patch_88,7,293.3773,51.2310,292.9802,51.9005,296.5331,51.1935,293.1976,51.5341,10,nan,nan,nan
ROI_080/patch_89,0,408.3975,180.8880,404.5973,180.8880,405.7096,180.3844,403.4218,181.0373,11,nan,nan,nan
ROI_080/patch_89,1,363.4277,382.8090,362.2876,384.1391,364.4484,382.2384,362.8296,382.2574,11,nan,nan,nan
ROI_080/patch_89,2,111.1834,22.0671,122.0762,20.7668,120.4327,21.3861,120.9176,21.4165,8,nan,nan,nan
ROI_080/patch_89,3,379.4927,433.7738,378.5019,432.8282,380.2251,433.2052,378.6598,433.5605,11,nan,nan,nan
ROI_080/patch_89,4,217.2511,316.3338,218.0814,315.5883,224.2408,315.6738,220.7002,315.7634,7,nan,nan,nan
ROI_080/patch_89,5,88.9214,501.7183,109.1473,498.9973,103.2036,500.9365,108.0883,500.2838,3,nan,nan,nan
ROI_080/patch_89,6,289.5211,52.0923,290.9695,52.6773,291.0581,51.5294,290.7886,50.5686,10,nan,nan,nan
ROI_080/patch_89,7,481.7096,147.6951,476.1916,148.3915,475.4679,147.2481,475.7490,148.4211,10,nan,nan,nan
ROI_080/patch_90,0,374.4484,430.6924,373.5934,430.0274,368.8091,430.7489,373.7907,430.4082,12,nan,nan,nan
ROI_080/patch_90,1,235.7599,248.6026,237.7112,249.8878,236.0367,248.5486,235.2584,248.9494,11,nan,nan,nan
ROI_080/patch_90,2,429.4478,134.2730,425.3721,132.5613,423.5492,134.1432,425.7108,133.6079,9,nan,nan,nan
ROI_080/patch_90,3,496.9877,280.9201,489.5966,281.3418,487.8798,280.8803,487.8896,280.6890,5,nan,nan,nan
ROI_080/patch_90,4,37.6062,152.1029,42.4949,150.6126,45.4093,151.9933,44.6100,151.0329,11,nan,nan,nan
ROI_080/patch_90,5,224.8798,431.0251,226.1974,430.7630,224.5071,431.0852,226.1003,431.8439,10,nan,nan,nan
ROI_080/patch_90,6,211.1138,53.6518,209.4942,54.5611,213.3623,53.4767,212.0492,53.3793,10,nan,nan,nan
ROI_080/patch_90,7,416.6440,228.5854,410.5313,228.6202,410.6625,228.5148,410.4838,228.2832,10,nan,nan,nan
ROI_080/patch_91,0,278.6816,325.8050,280.5818,326.1850,278.0955,325.2815,277.7096,325.3996,10,nan,nan,nan
ROI_080/patch_91,1,162.9634,289.8924,166.5737,289.7024,166.0356,289.4900,165.5483,289.0581,12,nan,nan,nan
ROI_080/patch_91,2,21.5002,344.7972,28.9089,345.1389,29.0052,344.4548,28.7877,343.6651,11,nan,nan,nan
ROI_080/patch_91,3,188.8988,166.1697,197.7920,165.9014,191.2035,165.8572,199.7081,165.6472,11,nan,nan,nan
ROI_080/patch_91,4,35.9118,253.1918,54.3448,252.3332,42.9994,252.9198,53.9635,252.5397,11,nan,nan,nan
ROI_080/patch_91,5,397.8814,454.8993,392.2395,454.8158,393.4903,454.1692,390.0655,453.6854,9,nan,nan,nan
ROI_080/patch_91,6,481.1177,412.4334,475.3838,414.8774,474.1223,411.6770,474.9779,412.5676,11,nan,nan,nan
ROI_080/patch_91,7,2.0420,183.5380,23.6910,181.6034,10.2239,183.3540,nan,nan,2,nan,nan,nan
ROI_080/patch_92,0,133.5113,243.7192,141.4444,242.1040,141.5826,243.3424,140.7159,243.7117,10,nan,nan,nan
ROI_080/patch_92,1,201.9637,314.5942,207.3316,315.8293,210.6514,314.3087,206.0550,313.5095,12,nan,nan,nan
ROI_080/patch_92,2,96.8872,450.2558,105.5348,446.9779,103.2329,450.3238,103.6898,450.6964,10,nan,nan,nan
ROI_080/patch_92,3,234.3210,71.8890,250.5484,69.9225,244.8772,71.0890,250.0395,71.0541,9,nan,nan,nan
ROI_080/patch_92,4,6.8343,173.1889,12.4993,173.8500,13.4187,172.7656,15.7415,172.3921,3,nan,nan,nan
ROI_080/patch_92,5,382.1396,199.3939,397.5024,198.9200,394.1728,198.7394,396.6023,198.4980,10,nan,nan,nan
ROI_080/patch_92,6,44.9769,338.3122,55.0222,337.5597,51.1874,338.1934,53.5406,337.0987,10,nan,nan,nan
ROI_080/patch_92,7,444.3719,285.0807,450.0742,286.6932,456.8442,284.5521,449.2707,283.8268,11,nan,nan,nan
ROI_080/patch_93,0,218.6374,262.7205,216.4997,261.9130,218.0813,262.0483,214.6389,262.5286,9,nan,nan,nan
ROI_080/patch_93,1,364.8528,344.3788,360.3637,344.3194,359.3181,343.6242,359.4476,343.9167,10,nan,nan,nan
ROI_080/patch_93,2,396.1212,130.3206,390.6216,130.1873,389.9462,129.5279,389.3339,130.4207,11,nan,nan,nan
ROI_080/patch_93,3,185.1729,108.0805,185.9503,108.8751,186.0055,107.4152,183.6719,107.8812,10,nan,nan,nan
ROI_080/patch_93,4,94.2964,425.9807,97.3494,426.0252,97.5476,425.3991,97.6925,425.3284,9,nan,nan,nan
ROI_080/patch_93,5,268.8892,476.1788,268.0884,475.6781,266.2822,475.4946,265.4402,474.8687,10,nan,nan,nan
ROI_080/patch_93,6,30.2433,141.2070,36.8301,142.2846,36.1319,140.6396,34.8953,139.7546,10,nan,nan,nan
ROI_080/patch_93,7,315.3386,10.6637,313.1194,9.9700,312.0509,9.9101,311.5746,9.5201,5,nan,nan,nan
ROI_080/patch_94,0,112.9899,321.2447,116.7901,320.4846,116.1353,320.8663,114.6897,320.2019,11,nan,nan,nan
ROI_080/patch_94,1,30.9040,248.2795,38.5046,247.1394,37.0927,247.8730,38.2277,247.6171,11,nan,nan,nan
ROI_080/patch_94,2,45.1763,169.0931,53.3256,169.6139,51.7122,168.7259,51.8578,169.0173,10,nan,nan,nan
ROI_080/patch_94,3,112.0776,52.2855,117.1702,53.3256,117.8147,52.0071,117.0819,51.7028,11,nan,nan,nan
ROI_080/patch_94,4,377.0880,416.6950,370.2682,418.1516,371.7713,416.4592,369.5430,416.6675,10,nan,nan,nan
ROI_080/patch_94,5,295.5625,357.8858,294.4528,358.8673,293.1379,357.6169,293.8474,358.3698,10,nan,nan,nan
ROI_080/patch_94,6,367.6620,236.0443,362.2876,236.8787,364.3381,235.8697,362.3289,235.4408,12,nan,nan,nan
ROI_080/patch_94,7,110.7162,438.8091,114.5104,439.0966,112.8052,438.3853,113.4092,438.7959,10,nan,nan,nan
ROI_080/patch_95,0,295.4028,270.3211,289.1324,268.8009,290.8366,269.4228,289.8423,268.5040,10,nan,nan,nan
ROI_080/patch_95,1,202.4862,376.3486,199.7785,374.8285,201.3435,375.3732,201.9547,374.8246,12,nan,nan,nan
ROI_080/patch_95,2,153.7399,193.4544,152.5364,193.0212,152.9955,192.6584,150.3078,193.4154,6,nan,nan,nan
ROI_080/patch_95,3,148.1683,13.9241,144.9411,13.4328,146.5398,13.2948,146.0081,12.4709,6,nan,nan,nan
ROI_080/patch_95,4,330.9655,145.6857,325.1054,147.6183,324.5964,144.8945,323.0269,145.6361,13,nan,nan,nan
ROI_080/patch_95,5,471.6584,413.4079,466.5071,413.3172,462.6151,412.3386,466.8859,412.0354,12,nan,nan,nan
ROI_080/patch_95,6,312.9111,415.8239,312.1117,415.1400,308.6695,414.7875,311.9047,414.1318,10,nan,nan,nan
ROI_080/patch_95,7,447.3173,41.3919,437.3566,40.6246,436.8281,40.6709,436.4415,41.2100,11,nan,nan,nan
ROI_080/patch_96,0,122.4906,59.9761,126.7659,59.5486,124.3529,59.1520,124.8664,59.4539,10,nan,nan,nan
ROI_080/patch_96,1,385.3418,56.0330,380.1085,56.3662,378.6939,55.5547,378.5338,55.9750,10,nan,nan,nan
ROI_080/patch_96,2,174.9925,286.4255,175.2193,286.4722,176.5480,285.6295,178.6729,285.1009,11,nan,nan,nan
ROI_080/patch_96,3,394.3205,223.4618,385.3646,223.2476,388.4090,222.9651,387.8742,223.0759,11,nan,nan,nan
ROI_080/patch_96,4,395.7079,382.4587,390.9465,383.4075,390.7262,381.9353,390.2351,382.5108,12,nan,nan,nan
ROI_080/patch_96,5,74.2604,438.2110,85.0133,439.3035,79.9985,437.2555,84.8629,436.6965,12,nan,nan,nan
ROI_080/patch_96,6,21.2530,210.3822,26.2933,209.6919,27.3058,209.3980,25.3046,209.6733,11,nan,nan,nan
ROI_080/patch_96,7,505.1091,335.3955,495.3852,334.7830,496.3069,335.0242,nan,nan,0,nan,nan,nan
ROI_080/patch_98,0,378.2487,31.6641,372.9283,32.4242,373.0461,31.6619,372.1688,31.0568,9,nan,nan,nan
ROI_080/patch_98,1,345.5664,299.2031,343.2862,299.5831,343.2983,299.0465,341.5875,298.8240,10,nan,nan,nan
ROI_080/patch_98,2,135.3734,387.7671,142.9170,387.9394,142.1076,387.2283,142.2122,386.9600,11,nan,nan,nan
ROI_080/patch_98,3,380.2968,211.5378,377.9894,211.8384,376.0996,211.4717,375.6968,211.1558,10,nan,nan,nan
ROI_080/patch_98,4,114.9750,261.8941,124.7674,263.0123,121.7695,261.3685,126.7600,262.2531,10,nan,nan,nan
ROI_080/patch_98,5,200.3539,285.0327,206.9028,284.6269,203.8493,284.6403,205.3329,285.0183,12,nan,nan,nan
ROI_080/patch_98,6,486.2167,285.7118,477.0405,286.3240,478.2016,285.7939,477.7410,285.2173,11,nan,nan,nan
ROI_080/patch_98,7,407.2402,259.8583,403.1739,260.3478,402.2500,259.8189,401.9630,260.7263,12,nan,nan,nan
ROI_080/patch_99,0,203.4363,200.3961,214.0771,201.1561,211.1270,199.6332,211.0746,199.6908,11,nan,nan,nan
ROI_080/patch_99,1,74.9872,466.4150,89.4282,465.6549,87.3524,465.5576,89.0682,464.2679,12,nan,nan,nan
ROI_080/patch_99,2,311.9208,15.5869,315.1642,14.1829,315.5911,14.9030,314.4889,15.5841,10,nan,nan,nan
ROI_080/patch_99,3,464.6653,278.1894,458.8144,277.1615,461.7244,277.6074,460.8117,278.7605,9,nan,nan,nan
ROI_080/patch_99,4,456.3407,505.5291,451.4039,506.1278,453.3208,504.9372,nan,nan,0,nan,nan,nan
ROI_080/patch_99,5,163.1751,234.1547,172.6541,234.7885,172.4213,233.3631,171.7998,233.8296,11,nan,nan,nan
ROI_080/patch_99,6,168.8099,348.7845,180.0646,347.6565,177.6214,347.9948,180.0931,347.6761,12,nan,nan,nan
ROI_080/patch_99,7,1.8079,176.7966,16.1074,176.3365,17.6384,175.8933,nan,nan,2,nan,nan,nan
ROI_080/patch_99,8,465.9614,161.6479,457.8800,162.0643,463.1804,161.0689,459.8989,160.5337,11,nan,nan,nan
ROI_080/patch_100,0,338.4374,434.1244,337.6762,436.0908,338.3428,433.6273,338.4697,433.4054,11,nan,nan,nan
ROI_080/patch_100,1,102.6604,394.1622,112.1753,394.4159,110.4585,393.7069,110.5972,393.5668,12,nan,nan,nan
ROI_080/patch_100,2,47.2887,434.2811,57.9408,434.9490,57.0681,433.7906,57.3833,434.5899,9,nan,nan,nan
ROI_080/patch_100,3,305.2177,214.6744,305.1356,216.2987,305.6828,214.3776,305.1333,214.8713,12,nan,nan,nan
ROI_080/patch_100,4,82.4186,145.2522,90.0906,144.1499,90.2602,145.0236,90.9173,143.9249,12,nan,nan,nan
ROI_080/patch_100,5,279.0963,75.8358,280.0045,75.6974,280.0886,75.6658,279.6162,75.3179,12,nan,nan,nan
ROI_080/patch_100,6,495.6651,362.1498,486.9495,361.8438,490.0524,361.7145,487.7143,361.6852,6,nan,nan,nan
ROI_080/patch_100,7,288.5929,317.6770,287.3739,318.0421,289.8878,317.2869,287.9408,317.3965,11,nan,nan,nan
ROI_080/patch_101,0,320.4846,163.1534,327.9901,164.4360,325.0445,162.5031,325.8527,162.1907,12,nan,nan,nan
ROI_080/patch_101,1,437.2004,339.2960,430.0630,339.0822,433.9686,338.8942,429.2046,338.6108,10,nan,nan,nan
ROI_080/patch_101,2,120.4133,332.6459,136.9070,330.3536,137.1778,331.1508,135.9458,330.7409,10,nan,nan,nan
ROI_080/patch_101,3,240.4577,80.8755,247.7094,80.5451,250.2660,80.0205,247.9426,80.5946,12,nan,nan,nan
ROI_080/patch_101,4,286.2715,345.5695,285.8233,344.4554,292.5435,344.6384,284.0431,345.3972,10,nan,nan,nan
ROI_080/patch_101,5,245.9834,176.4823,253.7387,177.0344,255.2096,175.5616,254.5803,176.8156,12,nan,nan,nan
ROI_080/patch_101,6,411.6219,45.6720,410.1279,45.6619,410.7207,45.4423,409.5892,45.0090,10,nan,nan,nan
ROI_080/patch_101,7,15.7961,85.2895,35.3135,85.5384,39.7632,83.6510,35.0286,83.8499,10,nan,nan,nan
ROI_080/patch_102,0,133.5125,116.3683,142.0763,114.0846,141.5039,115.9725,141.7259,116.1833,10,nan,nan,nan
ROI_080/patch_102,1,135.2252,228.2695,136.9380,228.8405,143.2995,227.8031,136.0734,227.6699,11,nan,nan,nan
ROI_080/patch_102,2,360.3776,130.3461,355.4919,130.8232,358.4777,130.1463,353.8245,131.0582,12,nan,nan,nan
ROI_080/patch_102,3,398.7782,389.2032,394.2925,389.2191,395.5652,388.8712,396.0787,389.0970,10,nan,nan,nan
ROI_080/patch_102,4,450.3438,488.9732,446.3020,489.9358,445.0185,488.6234,444.9932,488.6555,11,nan,nan,nan
ROI_080/patch_102,5,16.6385,468.1828,25.8926,469.0907,30.2312,467.4544,26.9056,466.8572,8,nan,nan,nan
ROI_080/patch_102,6,53.3197,319.8660,58.0889,321.1116,65.1011,319.2664,59.5377,319.8842,10,nan,nan,nan
ROI_080/patch_102,7,13.6298,124.1247,24.4994,125.7667,26.8695,123.6155,25.3947,124.9931,7,nan,nan,nan
ROI_080/patch_103,0,58.2660,387.3694,65.6765,386.0393,70.2057,386.7025,65.9306,386.7839,12,nan,nan,nan
ROI_080/patch_103,1,7.5646,111.7607,20.1188,110.4306,24.1488,110.8305,22.6783,111.1687,4,nan,nan,nan
ROI_080/patch_103,2,419.0637,142.2681,419.6743,142.2879,421.9270,141.3103,419.9658,142.1382,11,nan,nan,nan
ROI_080/patch_103,3,393.0568,155.0881,394.2231,156.4597,396.6271,154.1465,395.2695,154.0390,12,nan,nan,nan
ROI_080/patch_103,4,268.8196,326.8576,273.2462,326.6850,274.5659,326.1018,271.3314,326.5788,6,nan,nan,nan
ROI_080/patch_103,5,325.2715,257.8202,319.2335,257.0361,329.9311,256.9889,319.6688,256.3799,11,nan,nan,nan
ROI_080/patch_103,6,198.8972,461.5010,206.3303,459.8203,205.4556,460.8871,205.8807,461.2200,9,nan,nan,nan
ROI_080/patch_103,7,409.7806,476.2610,405.2961,473.5421,409.3169,475.6321,409.4789,475.9478,10,nan,nan,nan
ROI_080/patch_104,0,240.6347,216.6399,247.1145,217.4022,249.2854,215.9371,247.5717,217.2080,12,nan,nan,nan
ROI_080/patch_104,1,469.3311,218.3551,471.2369,215.6870,470.3434,217.7062,469.9174,217.7601,10,nan,nan,nan
ROI_080/patch_104,2,503.4038,126.0988,495.8218,125.9236,500.1262,125.5640,nan,nan,2,nan,nan,nan
ROI_080/patch_104,3,6.4322,271.5699,23.9926,270.5741,24.8364,270.7470,23.0363,270.7451,3,nan,nan,nan
ROI_080/patch_104,4,174.8769,314.4211,189.7260,313.8835,189.0721,313.5902,189.1052,313.3259,10,nan,nan,nan
ROI_080/patch_104,5,127.6781,409.6066,152.0900,408.3184,146.7047,408.6551,152.1091,408.3087,9,nan,nan,nan
ROI_080/patch_104,6,144.2295,44.6274,153.0520,44.1575,150.2642,44.0983,151.6822,44.4673,11,nan,nan,nan
ROI_080/patch_104,7,257.2558,53.4758,264.3344,53.2509,259.7881,52.9641,262.6818,53.4995,10,nan,nan,nan
ROI_080/patch_105,0,188.2352,16.4630,196.7858,15.3229,192.3107,15.7630,194.5220,15.0218,10,nan,nan,nan
ROI_080/patch_105,1,125.5308,93.4185,134.0814,93.9885,131.8499,92.7151,132.4114,92.2248,12,nan,nan,nan
ROI_080/patch_105,2,104.0613,302.9170,112.5148,302.5283,112.9863,302.1005,111.9184,301.5506,11,nan,nan,nan
ROI_080/patch_105,3,68.1387,327.9989,77.7424,327.6101,78.1583,327.1921,77.3777,327.0372,11,nan,nan,nan
ROI_080/patch_105,4,389.3606,286.6188,386.7043,285.9972,391.4263,285.6131,387.7488,286.6742,10,nan,nan,nan
ROI_080/patch_105,5,423.4581,442.7139,418.0859,441.9588,426.2897,441.5888,418.8891,443.5838,9,nan,nan,nan
ROI_080/patch_105,6,117.9743,465.8119,127.1828,464.8046,128.2071,464.8860,127.3217,464.7597,9,nan,nan,nan
ROI_080/patch_105,7,271.4833,480.0291,276.4420,478.5121,278.2560,478.9873,275.0838,478.9279,6,nan,nan,nan
ROI_080/patch_106,0,167.7138,339.4860,179.1146,338.7259,176.9410,338.8791,179.0800,337.7709,10,nan,nan,nan
ROI_080/patch_106,1,446.6536,450.4538,443.6134,450.4538,443.3165,449.9828,442.5395,450.6868,13,nan,nan,nan
ROI_080/patch_106,2,486.2271,366.9575,484.6563,366.8479,483.2631,366.4295,485.1910,366.4027,10,nan,nan,nan
ROI_080/patch_106,3,74.8241,47.6768,91.7084,46.8652,93.7711,46.8287,91.7934,47.1336,9,nan,nan,nan
ROI_080/patch_106,4,5.0435,247.7928,17.2231,248.2795,22.1839,247.0860,17.7866,247.2671,3,nan,nan,nan
ROI_080/patch_106,5,294.9803,316.9197,299.2031,316.6843,300.0650,316.3185,299.0291,316.5749,7,nan,nan,nan
ROI_080/patch_106,6,144.5532,413.0505,154.0328,414.7313,153.0256,412.4961,153.7144,412.4595,11,nan,nan,nan
ROI_080/patch_106,7,401.4382,450.9221,396.4425,448.3162,399.7369,450.4432,397.7198,449.8816,10,nan,nan,nan
