pair,k,ox,oy,sx,sy,ax,ay,lx,ly,ln,dx,dy,dc
ROI_035/patch_0,0,279.6080,186.3113,250.2776,185.5632,262.5728,186.8690,252.6197,186.8043,7,nan,nan,nan
ROI_035/patch_0,1,236.8193,391.7040,201.3016,392.6660,203.8479,392.8149,204.0076,393.2372,9,nan,nan,nan
ROI_035/patch_0,2,146.7051,29.9538,116.8566,30.8297,125.2321,30.3479,120.6818,30.7632,10,nan,nan,nan
ROI_035/patch_0,3,380.1581,266.8706,366.5284,267.6756,368.6212,267.4626,361.3441,266.7114,12,nan,nan,nan
ROI_035/patch_0,4,98.5052,134.1198,71.0653,136.6969,66.2966,134.8356,67.1971,134.6286,9,nan,nan,nan
ROI_035/patch_0,5,150.3296,478.0021,104.7874,479.4857,103.8022,479.4519,105.1165,479.0092,12,nan,nan,nan
ROI_035/patch_0,6,503.1226,446.4198,491.2098,446.4516,493.7127,447.2459,nan,nan,2,nan,nan,nan
ROI_035/patch_0,7,365.3943,338.9304,353.9997,341.0593,348.2911,339.7161,352.0123,339.6867,9,nan,nan,nan
ROI_035/patch_1,0,193.7266,73.4733,128.4266,75.7780,132.8475,74.5488,129.1897,74.0160,11,nan,nan,nan
ROI_035/patch_1,1,444.1714,278.5922,384.2490,279.3604,386.3543,279.8827,386.5466,280.1265,12,nan,nan,nan
ROI_035/patch_1,2,218.9000,447.3537,191.4219,447.6040,189.7535,448.0530,193.1584,447.9815,11,nan,nan,nan
ROI_035/patch_1,3,34.2953,248.5285,16.2642,250.1675,-1.3454,249.1229,8.7208,248.9335,5,nan,nan,nan
ROI_035/patch_1,4,446.4648,484.8242,404.6073,486.9760,406.8542,485.8866,402.1417,485.7621,12,nan,nan,nan
ROI_035/patch_1,5,380.3882,41.1811,310.8825,44.0883,305.3192,42.6254,315.9275,42.8992,12,nan,nan,nan
ROI_035/patch_1,6,116.0326,404.2275,97.3131,405.1590,89.2866,404.7921,96.3855,405.0909,8,nan,nan,nan
ROI_035/patch_1,7,487.6379,82.9884,418.4355,83.2683,409.7853,84.5766,417.7667,83.3559,9,nan,nan,nan
ROI_035/patch_2,0,299.9632,206.4765,232.3184,208.7567,229.7540,208.1570,229.9077,208.4607,11,nan,nan,nan
ROI_035/patch_2,1,295.4028,344.0463,247.5194,345.5664,225.7453,346.0042,244.9555,345.1798,10,nan,nan,nan
ROI_035/patch_2,2,139.6066,88.8007,67.3866,90.1883,68.9344,90.0661,68.8107,90.4236,11,nan,nan,nan
ROI_035/patch_2,3,79.3200,451.5236,22.5435,452.7340,10.1049,453.4680,21.6784,452.1678,10,nan,nan,nan
ROI_035/patch_2,4,277.5765,76.0719,205.7165,77.2673,206.8459,77.4606,206.9929,77.8814,11,nan,nan,nan
ROI_035/patch_2,5,472.0664,73.6509,398.7702,78.0274,401.3156,75.2452,401.0963,75.5831,7,nan,nan,nan
ROI_035/patch_2,6,234.1202,250.2765,166.9537,252.0798,164.0901,251.9756,164.2720,252.3991,11,nan,nan,nan
ROI_035/patch_2,7,138.9926,191.7053,65.8665,193.5556,68.7330,193.1812,62.5039,192.6934,10,nan,nan,nan
ROI_035/patch_3,0,296.1629,63.5864,265.0007,63.5864,265.9188,64.6078,264.1766,65.2553,10,nan,nan,nan
ROI_035/patch_3,1,160.8733,278.6816,109.9497,278.6816,107.7843,279.8328,110.3487,280.2548,10,nan,nan,nan
ROI_035/patch_3,2,383.6559,362.3969,335.6857,363.0476,335.8266,363.8962,332.8390,364.2511,7,nan,nan,nan
ROI_035/patch_3,3,464.7938,136.0455,444.3734,136.5516,437.8591,137.3421,439.6022,136.8075,12,nan,nan,nan
ROI_035/patch_3,4,79.7762,276.5962,28.6239,278.6816,22.6749,277.6570,28.5573,278.3079,11,nan,nan,nan
ROI_035/patch_3,5,293.4848,491.8855,230.7982,495.2970,231.4545,493.4535,229.4588,493.8699,3,nan,nan,nan
ROI_035/patch_3,6,346.0983,182.4180,311.3640,185.1950,309.6388,183.6459,308.0160,183.8747,12,nan,nan,nan
ROI_035/patch_3,7,122.6628,88.2075,77.2673,90.1883,81.6857,89.0729,77.6270,89.8962,10,nan,nan,nan
ROI_035/patch_4,0,45.3451,106.9094,24.8236,107.6695,24.7411,107.5188,25.7736,108.0342,10,nan,nan,nan
ROI_035/patch_4,1,458.8144,156.3130,434.4927,156.3130,439.6645,157.1716,438.6887,157.1319,11,nan,nan,nan
ROI_035/patch_4,2,366.5262,465.4153,328.8452,467.1750,334.9864,466.4245,333.7771,466.7079,12,nan,nan,nan
ROI_035/patch_4,3,110.9622,141.1016,90.9483,141.8719,89.5958,141.7675,91.8437,141.6797,10,nan,nan,nan
ROI_035/patch_4,4,194.3532,347.7726,166.9537,348.6066,165.8664,348.6154,168.3343,348.5215,13,nan,nan,nan
ROI_035/patch_4,5,307.7169,187.7526,284.7621,189.7553,286.1703,188.5520,288.8448,189.1109,9,nan,nan,nan
ROI_035/patch_4,6,109.6717,376.7568,71.1869,378.2487,79.4134,377.5738,65.6521,378.1674,7,nan,nan,nan
ROI_035/patch_4,7,389.8152,259.4439,368.3680,258.9202,366.2250,260.3326,364.3964,260.0263,11,nan,nan,nan
ROI_035/patch_5,0,433.7327,219.3974,487.6965,217.8773,482.3534,218.8683,485.1820,218.4564,11,nan,nan,nan
ROI_035/patch_5,1,420.8117,305.2835,468.2729,304.4390,460.3838,304.9956,466.1929,304.5737,12,nan,nan,nan
ROI_035/patch_5,2,210.0202,278.5857,206.8143,279.3572,204.1729,279.1474,203.7956,279.9397,12,nan,nan,nan
ROI_035/patch_5,3,146.3662,18.3006,106.4872,20.9389,144.8565,18.5738,108.3143,19.2650,6,nan,nan,nan
ROI_035/patch_5,4,315.8003,467.8515,313.2219,469.3707,320.1575,468.3669,321.5474,468.3839,10,nan,nan,nan
ROI_035/patch_5,5,119.9820,415.1038,85.2057,416.9270,84.1465,416.3480,87.2955,416.8855,12,nan,nan,nan
ROI_035/patch_5,6,331.0592,293.6590,355.7849,293.0382,351.3107,293.7323,356.0839,293.4830,12,nan,nan,nan
ROI_035/patch_5,7,147.7076,500.7268,108.0073,499.7729,111.9690,502.0367,nan,nan,2,nan,nan,nan
ROI_035/patch_6,0,246.7594,447.4136,226.9980,449.6938,219.8573,448.3078,227.8044,448.4312,10,nan,nan,nan
ROI_035/patch_6,1,349.3667,103.1092,289.3224,104.6293,286.7160,104.4758,292.0115,104.8926,12,nan,nan,nan
ROI_035/patch_6,2,437.1021,40.0121,379.0088,40.7848,375.5643,41.4740,379.7115,41.6355,11,nan,nan,nan
ROI_035/patch_6,3,427.1392,363.0834,407.1308,362.2876,408.7426,364.1127,407.9111,363.9310,11,nan,nan,nan
ROI_035/patch_6,4,485.7531,117.4635,441.3332,119.0703,440.2326,118.8281,440.7808,119.1386,10,nan,nan,nan
ROI_035/patch_6,5,103.0232,425.7978,68.1467,426.1321,57.1793,426.7028,nan,nan,0,nan,nan,nan
ROI_035/patch_6,6,325.4941,208.4152,272.6012,210.2768,274.6122,209.6383,274.2191,209.7584,12,nan,nan,nan
ROI_035/patch_6,7,265.6524,91.4609,206.2865,93.0385,192.0986,92.8326,nan,nan,2,nan,nan,nan
ROI_035/patch_7,0,354.4970,100.4490,323.0815,102.4758,323.4561,101.6556,322.2945,102.4028,12,nan,nan,nan
ROI_035/patch_7,1,327.1351,234.2185,304.8402,235.7386,305.6653,235.1779,307.8978,235.1043,12,nan,nan,nan
ROI_035/patch_7,2,452.5059,181.6442,431.5158,182.7882,430.2122,182.8236,432.9018,183.1016,12,nan,nan,nan
ROI_035/patch_7,3,68.3836,487.4906,69.9202,490.0400,59.7310,487.7600,68.6964,487.8735,11,nan,nan,nan
ROI_035/patch_7,4,44.7759,257.6326,15.3863,260.6937,17.8670,258.2511,12.6908,257.9629,5,nan,nan,nan
ROI_035/patch_7,5,71.6238,30.7628,20.7700,31.2999,27.9812,31.7797,20.8513,32.0461,3,nan,nan,nan
ROI_035/patch_7,6,184.3585,160.0532,148.3166,162.1242,153.5339,160.9803,152.1388,161.1138,10,nan,nan,nan
ROI_035/patch_7,7,403.6153,416.9008,391.6209,417.4277,398.1343,417.6446,391.6153,417.5777,9,nan,nan,nan
ROI_035/patch_8,0,173.2048,367.5350,160.2537,369.0643,162.7397,368.2357,160.2057,368.1427,10,nan,nan,nan
ROI_035/patch_8,1,447.7104,249.7805,429.0245,251.6921,430.8510,250.4411,433.5019,250.9789,7,nan,nan,nan
ROI_035/patch_8,2,313.9085,421.5537,313.9622,424.5166,309.4649,422.1891,313.5103,422.7178,9,nan,nan,nan
ROI_035/patch_8,3,219.5861,97.4087,189.1348,97.8243,187.6964,98.2007,188.1120,98.2883,8,nan,nan,nan
ROI_035/patch_8,4,98.3510,83.6048,65.9428,85.0590,63.9349,84.4403,65.8832,84.6502,10,nan,nan,nan
ROI_035/patch_8,5,354.9478,240.3724,331.2596,242.8873,336.2491,241.0659,335.2290,240.6275,12,nan,nan,nan
ROI_035/patch_8,6,490.5191,415.8305,490.4883,416.4523,487.6557,416.4126,490.0797,416.0950,6,nan,nan,nan
ROI_035/patch_8,7,274.9174,22.0495,257.8576,21.5345,237.5417,22.8537,261.6207,22.2934,11,nan,nan,nan
ROI_035/patch_8,8,391.1021,42.7135,403.1323,43.7080,356.7521,43.4731,397.8251,42.8919,11,nan,nan,nan
ROI_035/patch_8,9,238.6332,375.7978,228.8027,376.3106,229.5977,376.4746,231.5756,376.4518,12,nan,nan,nan
ROI_035/patch_9,0,313.6441,400.2903,401.0503,399.5302,402.4030,399.6638,403.2721,399.4981,12,nan,nan,nan
ROI_035/patch_9,1,434.4927,164.6735,480.8560,165.4336,480.3541,164.5080,479.5152,164.4645,8,nan,nan,nan
ROI_035/patch_9,2,119.5156,428.6183,212.5570,429.1723,213.8281,428.0258,214.9925,427.8195,11,nan,nan,nan
ROI_035/patch_9,3,226.3973,106.0665,252.0798,105.3893,262.1135,106.1343,251.9022,106.5484,5,nan,nan,nan
ROI_035/patch_9,4,396.8037,328.7122,474.7756,326.5650,472.4284,328.2026,473.7990,327.5667,10,nan,nan,nan
ROI_035/patch_9,5,67.8478,176.3551,109.9497,176.8344,116.6312,176.3464,112.8449,176.4937,9,nan,nan,nan
ROI_035/patch_9,6,228.2804,306.3092,300.7232,305.2835,300.2232,305.9331,304.8803,305.9451,10,nan,nan,nan
ROI_035/patch_9,7,3.4824,400.1853,97.7888,398.7702,92.9062,399.7135,nan,nan,2,nan,nan,nan
ROI_035/patch_10,0,141.8719,375.2085,229.2781,374.4484,229.5916,374.7493,225.5693,374.4106,11,nan,nan,nan
ROI_035/patch_10,1,33.9443,347.0865,116.0301,346.7065,114.5985,346.7524,110.7578,346.6052,11,nan,nan,nan
ROI_035/patch_10,2,114.9732,226.1194,176.0744,226.6179,171.1462,226.0763,173.1296,225.7280,9,nan,nan,nan
ROI_035/patch_10,3,365.3824,296.9720,445.1335,295.7829,439.1234,296.6235,442.1351,295.7609,10,nan,nan,nan
ROI_035/patch_10,4,97.5901,475.1899,188.9953,475.1556,205.7898,474.4798,193.2230,474.6637,11,nan,nan,nan
ROI_035/patch_10,5,427.5478,90.6480,464.1348,92.0884,458.7089,90.8305,459.4294,91.2604,10,nan,nan,nan
ROI_035/patch_10,6,143.8358,90.6954,170.7540,92.8484,171.9314,91.0063,170.3856,91.3169,9,nan,nan,nan
ROI_035/patch_10,7,59.8555,37.1168,73.4671,38.1246,75.8085,37.6110,78.5724,37.9588,8,nan,nan,nan
ROI_035/patch_11,0,107.6695,77.6474,122.1105,78.4074,132.2829,77.2631,126.5162,77.0821,10,nan,nan,nan
ROI_035/patch_11,1,169.2339,219.0174,205.7165,216.7372,207.9794,218.5745,207.9603,218.0640,11,nan,nan,nan
ROI_035/patch_11,2,288.2247,166.1650,314.4042,164.2935,316.1588,165.6277,313.9420,165.1031,9,nan,nan,nan
ROI_035/patch_11,3,389.5505,473.5908,451.2139,473.6355,449.4838,472.9527,453.1087,472.7325,8,nan,nan,nan
ROI_035/patch_11,4,11.2028,94.6460,31.6641,93.6085,41.5589,94.3398,30.6249,94.4061,6,nan,nan,nan
ROI_035/patch_11,5,259.2003,493.7638,318.9645,492.6368,326.5664,493.2313,317.4874,492.9990,7,nan,nan,nan
ROI_035/patch_11,6,241.3217,71.7897,261.9605,73.0870,260.0474,71.2963,260.7760,71.6180,11,nan,nan,nan
ROI_035/patch_11,7,367.3510,256.3221,408.6509,255.5000,402.7458,255.7148,406.1523,255.7049,9,nan,nan,nan
ROI_035/patch_12,0,341.0061,44.5850,455.7742,43.0649,455.0350,44.0540,449.5515,42.9206,7,nan,nan,nan
ROI_035/patch_12,1,139.5918,128.1910,252.0798,126.6709,251.8627,127.4351,249.2329,127.2138,7,nan,nan,nan
ROI_035/patch_12,2,330.5786,451.8828,410.9310,452.7340,406.8638,451.8390,413.2463,451.0856,12,nan,nan,nan
ROI_035/patch_12,3,90.0135,416.9534,184.4350,414.7313,176.7932,416.4743,nan,nan,2,nan,nan,nan
ROI_035/patch_12,4,288.1419,332.9815,376.7286,333.4055,376.8126,332.7213,377.4163,331.9278,8,nan,nan,nan
ROI_035/patch_12,5,46.3948,41.1737,157.8331,39.2646,169.5976,40.1582,161.4222,39.5343,12,nan,nan,nan
ROI_035/patch_12,6,107.1343,276.3722,210.2768,274.1213,206.5350,275.7469,209.7008,274.7986,10,nan,nan,nan
ROI_035/patch_12,7,327.1590,102.1529,437.5329,101.5891,436.2251,101.6706,435.6180,101.8553,9,nan,nan,nan
ROI_035/patch_13,0,84.1078,325.8050,178.3545,325.8050,179.0058,325.2844,178.9046,324.7773,9,nan,nan,nan
ROI_035/patch_13,1,245.2393,109.1896,346.3265,106.9094,348.4249,108.3765,348.0099,108.0271,10,nan,nan,nan
ROI_035/patch_13,2,351.0436,171.5705,442.0933,169.9939,444.8737,170.7928,446.7140,170.6077,11,nan,nan,nan
ROI_035/patch_13,3,125.0122,164.8718,231.5583,164.6735,229.6756,164.1591,227.8819,163.9249,12,nan,nan,nan
ROI_035/patch_13,4,91.7669,454.9447,188.9953,454.2541,176.9753,454.5653,187.7392,454.3689,10,nan,nan,nan
ROI_035/patch_13,5,413.3675,337.3087,489.9767,335.6857,492.3585,336.6953,489.4783,336.4447,10,nan,nan,nan
ROI_035/patch_13,6,116.9096,32.6170,217.8773,30.9040,231.5083,31.7599,218.8679,31.7227,10,nan,nan,nan
ROI_035/patch_13,7,17.8781,83.4215,122.1105,81.0676,133.3369,82.6527,120.6835,83.2939,9,nan,nan,nan
ROI_035/patch_13,8,11.3406,292.2367,103.8692,290.8425,111.9978,291.7021,107.2995,291.6277,5,nan,nan,nan
ROI_035/patch_14,0,352.4069,251.3197,417.0115,249.7996,416.4238,250.5398,416.7311,249.6340,10,nan,nan,nan
ROI_035/patch_14,1,295.4028,294.6428,357.7273,293.1227,359.2725,293.8205,358.7896,293.7761,9,nan,nan,nan
ROI_035/patch_14,2,231.8075,421.1108,291.6026,420.8117,295.3584,420.2311,289.9674,420.4590,10,nan,nan,nan
ROI_035/patch_14,3,52.7796,426.1978,106.1494,426.8922,116.1269,425.2018,104.3949,425.5185,5,nan,nan,nan
ROI_035/patch_14,4,240.3333,14.8580,301.4833,11.9027,304.6966,14.0362,298.3076,13.8884,4,nan,nan,nan
ROI_035/patch_14,5,413.7828,127.2720,480.8560,125.9108,478.1113,126.5478,478.3093,127.0952,12,nan,nan,nan
ROI_035/patch_14,6,134.6368,293.1008,199.6360,291.6026,198.3357,292.1748,198.0938,291.8167,10,nan,nan,nan
ROI_035/patch_14,7,106.9037,276.6995,170.7540,275.6414,170.6051,275.7577,170.6714,275.5341,12,nan,nan,nan
ROI_035/patch_15,0,304.5235,223.9578,374.4484,224.7178,377.5209,223.8965,378.1855,223.6204,12,nan,nan,nan
ROI_035/patch_15,1,253.5999,16.4630,330.3653,14.1829,343.6784,15.7472,330.4081,15.2399,10,nan,nan,nan
ROI_035/patch_15,2,97.3116,415.3722,138.0717,416.2514,126.6415,416.4394,142.0253,415.7900,11,nan,nan,nan
ROI_035/patch_15,3,251.8383,423.5221,295.4028,424.6120,297.2449,424.3002,296.4518,424.4344,10,nan,nan,nan
ROI_035/patch_15,4,426.9940,383.6139,505.9378,384.3291,495.9935,383.8844,498.0579,383.7797,5,nan,nan,nan
ROI_035/patch_15,5,383.7786,469.3051,441.3332,470.2152,438.6697,469.9784,435.5079,469.8913,10,nan,nan,nan
ROI_035/patch_15,6,101.0258,171.4380,158.5931,170.7540,157.4177,171.6045,159.0582,170.9500,10,nan,nan,nan
ROI_035/patch_15,7,399.8914,166.1263,489.2166,163.9135,489.6794,165.6565,489.5759,165.2799,9,nan,nan,nan
ROI_035/patch_16,0,222.4377,67.3866,318.2045,63.5864,318.6376,66.1364,318.6771,65.9998,12,nan,nan,nan
ROI_035/patch_16,1,104.6293,9.6225,210.2768,7.3424,213.8350,8.1931,207.2705,8.1373,5,nan,nan,nan
ROI_035/patch_16,2,383.6561,224.0837,454.2541,223.1977,455.8453,223.2133,nan,nan,1,nan,nan,nan
ROI_035/patch_16,3,379.6105,151.7887,449.6938,150.9926,457.8720,150.7902,456.0922,149.9287,9,nan,nan,nan
ROI_035/patch_16,4,113.6520,219.8781,214.0771,216.3572,205.3931,218.8193,210.0454,218.2500,11,nan,nan,nan
ROI_035/patch_16,5,36.7816,237.1296,132.7513,234.5985,132.6130,236.0491,132.5044,235.3104,9,nan,nan,nan
ROI_035/patch_16,6,389.5083,343.3780,445.8935,341.0061,451.7363,342.7184,452.8684,342.1570,12,nan,nan,nan
ROI_035/patch_16,7,313.4149,286.7712,390.4096,284.0020,385.5873,285.9624,nan,nan,0,nan,nan,nan
ROI_035/patch_16,8,372.4909,486.1056,424.6120,486.1764,424.5103,485.6821,nan,nan,2,nan,nan,nan
ROI_035/patch_17,0,209.5167,49.1453,271.0811,46.1051,269.8633,48.4229,267.7434,48.1589,10,nan,nan,nan
ROI_035/patch_17,1,131.9912,142.6320,185.9551,141.1119,189.3750,141.9612,189.1369,141.6626,12,nan,nan,nan
ROI_035/patch_17,2,104.4220,349.3457,155.5529,347.8466,153.6828,348.9055,155.7136,348.6086,12,nan,nan,nan
ROI_035/patch_17,3,81.6428,469.2645,124.3907,470.2152,126.2654,468.9527,126.2446,469.6758,13,nan,nan,nan
ROI_035/patch_17,4,433.0162,351.2840,480.0960,351.6468,478.6078,351.1124,477.9277,351.3844,12,nan,nan,nan
ROI_035/patch_17,5,264.1789,312.5592,317.4444,314.4042,313.1934,312.2034,315.8094,312.0828,11,nan,nan,nan
ROI_035/patch_17,6,11.9879,282.1945,55.9858,290.0825,64.9953,281.5973,nan,nan,0,nan,nan,nan
ROI_035/patch_17,7,346.8214,90.3632,403.3305,90.1883,403.9881,89.8024,404.4753,89.1505,10,nan,nan,nan
ROI_035/patch_18,0,211.0368,44.5850,251.3197,44.5850,253.8825,44.0846,249.3131,43.9905,7,nan,nan,nan
ROI_035/patch_18,1,50.6655,102.3491,91.7084,103.8692,88.1875,101.8232,89.3327,101.4838,10,nan,nan,nan
ROI_035/patch_18,2,404.5312,99.7694,445.1335,99.3089,441.1382,99.6377,442.9905,99.9031,11,nan,nan,nan
ROI_035/patch_18,3,80.8425,282.1903,103.8692,280.9618,100.0298,282.1852,106.1711,282.2665,10,nan,nan,nan
ROI_035/patch_18,4,45.5134,420.7383,51.4255,423.0919,50.7705,421.0681,52.0259,420.7187,10,nan,nan,nan
ROI_035/patch_18,5,204.5573,386.1238,204.9564,386.6093,212.7952,386.5402,204.7309,386.8822,4,nan,nan,nan
ROI_035/patch_18,6,405.2968,339.1176,418.5316,337.9659,417.6333,339.6345,418.2179,339.8559,10,nan,nan,nan
ROI_035/patch_18,7,416.6283,422.4065,429.1723,420.8117,420.4823,423.1616,435.5649,422.2366,6,nan,nan,nan
ROI_035/patch_19,0,131.2312,436.7729,150.2325,437.5329,147.6159,436.9192,150.8656,436.9339,12,nan,nan,nan
ROI_035/patch_19,1,464.8949,437.5329,483.8962,436.0128,498.4997,437.7039,484.2338,437.8868,12,nan,nan,nan
ROI_035/patch_19,2,40.3946,271.2178,57.5059,269.5610,60.1212,271.2322,59.2893,271.5314,12,nan,nan,nan
ROI_035/patch_19,3,199.6309,304.3857,225.4779,306.0436,225.9825,304.4366,224.6189,304.5304,10,nan,nan,nan
ROI_035/patch_19,4,4.6051,314.9326,14.9429,314.4042,20.3578,314.9775,18.0896,315.2823,3,nan,nan,nan
ROI_035/patch_19,5,396.5318,12.9158,448.1737,13.4228,447.2220,12.7600,447.6227,13.0686,6,nan,nan,nan
ROI_035/patch_19,6,106.2931,261.2514,131.2312,258.9202,129.9120,261.2630,131.7766,260.3248,12,nan,nan,nan
ROI_035/patch_19,7,248.1511,72.1276,295.4028,70.4269,288.2915,72.0060,293.1243,70.9913,5,nan,nan,nan
ROI_035/patch_19,8,22.1953,103.2422,59.7861,103.1092,49.1382,103.1279,60.5378,103.2037,11,nan,nan,nan
ROI_035/patch_20,0,399.5302,280.2018,413.9713,279.4417,415.0363,280.7012,418.2134,280.6719,11,nan,nan,nan
ROI_035/patch_20,1,328.8452,100.8290,362.2876,100.8290,365.1060,100.9047,362.0136,101.1918,12,nan,nan,nan
ROI_035/patch_20,2,30.9312,21.9691,77.2673,21.7834,78.1229,21.8473,76.2436,21.7371,11,nan,nan,nan
ROI_035/patch_20,3,181.9570,407.4314,182.9148,408.6509,184.5538,408.2202,182.0497,408.1242,12,nan,nan,nan
ROI_035/patch_20,4,277.2984,304.2339,287.0422,304.5235,290.9153,304.7846,289.5580,304.9518,12,nan,nan,nan
ROI_035/patch_20,5,78.8210,187.7246,109.9497,186.7151,106.9515,187.9937,110.7317,187.5694,9,nan,nan,nan
ROI_035/patch_20,6,89.1905,467.8535,86.3880,469.4552,85.5850,468.7802,88.9413,469.1038,10,nan,nan,nan
ROI_035/patch_20,7,95.1397,88.2536,135.0314,88.6682,134.4040,88.2900,136.3852,88.6722,8,nan,nan,nan
ROI_035/patch_21,0,256.6401,214.8371,274.1213,215.5972,273.4479,215.0327,275.7644,215.7054,12,nan,nan,nan
ROI_035/patch_21,1,119.8304,257.4001,134.2714,256.6401,134.4387,257.5977,133.4127,257.1094,12,nan,nan,nan
ROI_035/patch_21,2,136.4886,455.9044,166.1937,455.7742,156.7705,456.2176,156.5610,456.1832,10,nan,nan,nan
ROI_035/patch_21,3,9.5452,471.8075,21.7834,472.4954,27.1602,472.1090,23.3398,471.3744,3,nan,nan,nan
ROI_035/patch_21,4,454.5737,361.1269,477.8158,361.5275,480.0806,361.4381,480.0296,361.5302,10,nan,nan,nan
ROI_035/patch_21,5,251.0725,351.3964,271.8412,350.8868,271.3691,351.6688,270.3134,351.7049,11,nan,nan,nan
ROI_035/patch_21,6,273.2444,37.2191,284.0020,36.9845,285.7423,37.3164,285.7161,37.6673,13,nan,nan,nan
ROI_035/patch_21,7,472.5019,37.0726,494.5370,37.7445,489.8446,37.2022,497.5292,37.1955,4,nan,nan,nan
ROI_035/patch_22,0,165.4336,78.7874,188.9953,78.0274,190.9300,78.8530,191.0699,78.4290,11,nan,nan,nan
ROI_035/patch_22,1,160.1132,335.6857,177.5945,336.4457,176.0577,335.8638,173.8052,336.1694,10,nan,nan,nan
ROI_035/patch_22,2,217.4875,270.1505,234.5985,271.0811,232.8082,270.3126,231.3406,269.9701,9,nan,nan,nan
ROI_035/patch_22,3,53.8860,118.4194,74.9872,117.5502,83.9584,118.4770,73.7447,118.3223,12,nan,nan,nan
ROI_035/patch_22,4,359.3606,32.4163,378.2487,34.7043,376.0382,32.5055,nan,nan,1,nan,nan,nan
ROI_035/patch_22,5,493.0588,44.0317,498.3372,46.8652,501.9867,44.1565,499.1426,44.8545,3,nan,nan,nan
ROI_035/patch_22,6,236.5412,169.8648,255.8800,171.5140,254.6631,169.9869,255.5590,169.7634,11,nan,nan,nan
ROI_035/patch_22,7,287.0820,440.3881,295.4028,442.0933,292.0780,440.6415,292.5444,440.5615,7,nan,nan,nan
ROI_035/patch_23,0,236.8787,142.6320,211.0368,141.8719,209.1316,143.5878,211.3099,143.9140,10,nan,nan,nan
ROI_035/patch_23,1,450.4538,269.5610,432.9726,272.6012,432.8618,270.6931,431.6200,271.4279,10,nan,nan,nan
ROI_035/patch_23,2,59.7713,251.9089,40.0247,254.3599,34.5722,252.8190,34.5740,252.4265,11,nan,nan,nan
ROI_035/patch_23,3,281.1108,325.6889,261.9605,326.5650,263.4824,326.7548,256.3150,326.9774,9,nan,nan,nan
ROI_035/patch_23,4,244.6277,434.5431,230.7982,436.0128,231.9390,435.6401,231.6931,435.9494,11,nan,nan,nan
ROI_035/patch_23,5,373.2988,66.8906,351.6468,68.9067,344.0202,67.8855,353.7216,67.7781,12,nan,nan,nan
ROI_035/patch_23,6,65.2548,46.2933,55.2258,46.8652,29.6367,47.1100,58.6958,46.0406,11,nan,nan,nan
ROI_035/patch_23,7,28.9048,113.1398,18.7432,112.2298,-3.9193,113.9680,15.9065,113.4894,9,nan,nan,nan
ROI_035/patch_24,0,385.8493,295.4028,389.6495,295.4028,390.9258,296.2178,391.8462,295.9766,10,nan,nan,nan
ROI_035/patch_24,1,396.4900,333.4055,401.0503,334.1656,402.7254,334.1932,402.6945,333.9851,9,nan,nan,nan
ROI_035/patch_24,2,53.0521,25.2722,39.2646,25.5837,29.3666,26.4846,40.1888,26.5796,10,nan,nan,nan
ROI_035/patch_24,3,59.7093,457.2057,52.9456,458.0544,40.0732,458.1972,53.0254,458.1224,13,nan,nan,nan
ROI_035/patch_24,4,105.6405,124.7813,84.8679,125.1507,86.9627,125.9025,86.1228,125.8904,12,nan,nan,nan
ROI_035/patch_24,5,407.2461,134.1514,414.7313,135.0314,412.7170,135.0299,414.1003,134.6443,11,nan,nan,nan
ROI_035/patch_24,6,271.6225,153.5542,262.7205,154.7928,266.4268,154.5301,259.2145,154.8110,11,nan,nan,nan
ROI_035/patch_24,7,139.3807,243.8663,117.5502,246.7594,124.3659,244.9014,119.4189,245.5106,9,nan,nan,nan
ROI_035/patch_25,0,49.1453,74.9872,71.9470,73.4671,85.5517,75.2222,74.3448,74.9010,10,nan,nan,nan
ROI_035/patch_25,1,111.4698,301.4833,130.4711,300.7232,131.1687,301.8125,130.3320,301.9256,10,nan,nan,nan
ROI_035/patch_25,2,300.4591,318.1542,320.4846,318.2045,319.2182,318.4561,319.5634,318.6200,11,nan,nan,nan
ROI_035/patch_25,3,165.1293,183.7180,195.0757,182.1548,193.6504,183.9823,196.8771,183.2605,9,nan,nan,nan
ROI_035/patch_25,4,312.5511,43.5232,350.1267,43.0649,351.7060,43.6946,350.5906,43.3336,11,nan,nan,nan
ROI_035/patch_25,5,28.3735,383.9667,48.3853,382.8090,41.8218,384.3499,48.1444,383.7910,10,nan,nan,nan
ROI_035/patch_25,6,429.4196,495.9176,432.9726,495.2970,435.1919,496.2785,435.1744,496.4995,6,nan,nan,nan
ROI_035/patch_25,7,458.3282,181.6370,481.6161,181.3947,487.4646,181.8458,483.8662,181.4049,3,nan,nan,nan
ROI_035/patch_26,0,336.4457,173.0341,344.0463,174.5543,345.2186,173.5888,342.9867,173.7613,12,nan,nan,nan
ROI_035/patch_26,1,464.1348,176.8344,481.6161,175.3143,473.8534,177.3999,483.0415,177.1485,12,nan,nan,nan
ROI_035/patch_26,2,63.7933,295.6200,66.2466,295.0228,73.2244,296.1332,69.9031,297.1814,6,nan,nan,nan
ROI_035/patch_26,3,223.7026,223.7927,232.3184,224.7178,232.7490,224.3302,230.2547,225.0514,7,nan,nan,nan
ROI_035/patch_26,4,444.8819,416.9183,459.9404,418.5316,459.3882,417.4485,457.9637,417.8604,11,nan,nan,nan
ROI_035/patch_26,5,84.5094,130.1182,93.0243,130.0911,90.6906,130.6564,90.9786,130.3415,9,nan,nan,nan
ROI_035/patch_26,6,352.6673,504.4918,365.6847,505.9730,368.3410,505.0014,nan,nan,1,nan,nan,nan
ROI_035/patch_26,7,175.9141,468.8381,199.2194,470.0837,189.6559,469.3370,195.2461,470.0968,12,nan,nan,nan
ROI_035/patch_27,0,215.2551,115.7724,224.4183,116.5360,224.0426,116.4135,222.4653,116.4715,9,nan,nan,nan
ROI_035/patch_27,1,468.7709,171.5153,480.9886,170.7517,478.1982,172.0738,482.0700,171.9109,11,nan,nan,nan
ROI_035/patch_27,2,94.5537,179.0329,105.2964,178.3877,106.9587,179.7199,107.0176,179.4323,10,nan,nan,nan
ROI_035/patch_27,3,461.9611,351.4172,468.0073,353.2526,479.2940,351.9912,468.8579,352.1464,9,nan,nan,nan
ROI_035/patch_27,4,374.1570,33.6330,376.3751,36.3578,378.2320,34.2138,379.9870,33.7142,10,nan,nan,nan
ROI_035/patch_27,5,127.3532,49.6997,130.4953,50.8662,133.8773,50.3661,133.7001,50.4508,10,nan,nan,nan
ROI_035/patch_27,6,4.7995,129.5164,19.0094,131.0444,15.6773,130.2305,nan,nan,2,nan,nan,nan
ROI_035/patch_27,7,384.4130,140.6053,393.9379,140.9712,393.0875,141.1904,397.0254,140.8396,9,nan,nan,nan
ROI_035/patch_28,0,93.8424,92.1007,99.9512,92.8643,100.9673,92.4891,99.7918,93.0393,12,nan,nan,nan
ROI_035/patch_28,1,252.6716,102.7911,267.1800,102.0275,263.8151,103.1881,266.1802,103.6486,12,nan,nan,nan
ROI_035/patch_28,2,159.8436,212.6898,164.8573,213.5134,168.0136,213.2935,166.3964,213.6036,10,nan,nan,nan
ROI_035/patch_28,3,381.7951,402.3885,394.7015,402.8867,394.6405,403.3227,400.9314,403.1279,9,nan,nan,nan
ROI_035/patch_28,4,211.4400,32.6664,225.1819,31.7762,221.9027,32.9384,224.5486,32.6652,9,nan,nan,nan
ROI_035/patch_28,5,413.7918,126.1616,426.7728,125.6992,428.9444,126.5901,427.0365,126.4889,12,nan,nan,nan
ROI_035/patch_28,6,56.2130,397.6692,70.1707,401.3595,60.7283,398.6173,69.1421,397.8184,7,nan,nan,nan
ROI_035/patch_28,7,370.0690,44.8540,384.0111,46.2846,384.5370,45.1372,382.4609,44.4303,10,nan,nan,nan
ROI_035/patch_29,0,406.1556,289.1100,417.6096,290.6372,420.3546,289.2792,418.6178,288.8109,11,nan,nan,nan
ROI_035/patch_29,1,268.7072,383.0331,284.7429,385.3239,286.7365,383.2434,287.5130,383.0785,10,nan,nan,nan
ROI_035/patch_29,2,286.0693,134.7808,295.2424,137.3441,297.9097,135.0526,293.2732,134.6837,8,nan,nan,nan
ROI_035/patch_29,3,12.1493,20.7302,21.6820,21.4675,24.3531,21.1689,24.8042,20.9964,7,nan,nan,nan
ROI_035/patch_29,4,410.0420,494.7567,438.6087,494.9008,429.1599,494.8659,436.0627,495.2737,6,nan,nan,nan
ROI_035/patch_29,5,147.7851,388.9623,169.6299,390.6691,167.3329,389.2304,173.1811,389.6735,10,nan,nan,nan
ROI_035/patch_29,6,434.7418,88.7995,442.0449,88.4736,443.7813,89.0110,440.9290,88.6725,10,nan,nan,nan
ROI_035/patch_29,7,286.3919,464.9151,313.7597,464.9294,306.1961,465.0936,312.0621,465.1315,12,nan,nan,nan
ROI_035/patch_30,0,348.6066,470.2152,370.6482,470.9753,370.5726,470.3701,373.7881,470.8097,12,nan,nan,nan
ROI_035/patch_30,1,59.7861,261.9605,73.4671,261.9605,91.4437,262.0224,72.9148,262.6070,7,nan,nan,nan
ROI_035/patch_30,2,259.6558,369.3475,287.0422,369.8881,285.6529,369.4743,285.0185,369.4023,12,nan,nan,nan
ROI_035/patch_30,3,223.4833,156.5530,259.6803,154.7928,256.0131,156.6714,261.8719,156.4372,11,nan,nan,nan
ROI_035/patch_30,4,204.5666,466.4317,226.2379,466.4150,228.5151,466.5385,229.9526,466.5579,10,nan,nan,nan
ROI_035/patch_30,5,196.0538,23.9493,221.6776,24.8236,232.7181,24.0608,221.9088,24.0216,10,nan,nan,nan
ROI_035/patch_30,6,102.0979,161.0818,124.3907,160.1132,136.0785,161.1596,121.6055,161.1949,7,nan,nan,nan
ROI_035/patch_30,7,418.7374,323.7255,441.3332,323.5248,443.9637,323.9062,443.6550,323.9226,9,nan,nan,nan
ROI_035/patch_31,0,333.4055,423.0919,361.5275,423.0919,362.9621,423.6156,365.2988,424.0260,9,nan,nan,nan
ROI_035/patch_31,1,270.3211,297.6830,303.9534,299.2031,297.5296,298.2413,301.8337,298.3287,11,nan,nan,nan
ROI_035/patch_31,2,56.9092,401.7231,73.4671,403.8372,75.5639,402.4898,76.4791,402.1983,11,nan,nan,nan
ROI_035/patch_31,3,379.2199,42.1316,407.1308,42.8116,411.0274,42.5485,nan,nan,0,nan,nan,nan
ROI_035/patch_31,4,64.6010,504.4958,86.3880,506.4445,83.4408,505.2734,nan,nan,1,nan,nan,nan
ROI_035/patch_31,5,36.0636,217.0248,45.3451,219.9041,54.1080,217.7781,48.7181,217.7481,11,nan,nan,nan
ROI_035/patch_31,6,465.5690,254.4173,503.8476,256.0067,500.5434,254.7940,498.0887,255.3065,4,nan,nan,nan
ROI_035/patch_31,7,149.6692,210.6357,165.8218,211.1792,172.2105,211.2865,162.6056,210.1106,7,nan,nan,nan
ROI_035/patch_32,0,48.2724,382.9234,72.6982,382.1601,69.1154,383.3911,73.6294,382.2517,12,nan,nan,nan
ROI_035/patch_32,1,25.3731,47.0680,74.2248,46.3047,95.5088,47.3437,76.3990,46.7473,4,nan,nan,nan
ROI_035/patch_32,2,133.1475,178.8385,189.4843,180.6468,185.6236,179.0769,184.9311,178.7587,10,nan,nan,nan
ROI_035/patch_32,3,408.3817,497.5002,417.7134,498.9462,418.3997,497.6314,421.2248,497.4835,5,nan,nan,nan
ROI_035/patch_32,4,270.7231,320.6242,301.8814,319.3780,304.5648,320.7976,309.1213,320.0915,5,nan,nan,nan
ROI_035/patch_32,5,327.7030,431.5955,336.6119,433.6834,346.0982,431.7758,nan,nan,0,nan,nan,nan
ROI_035/patch_32,6,151.5242,469.3378,171.7374,470.8311,161.3401,469.7437,170.9093,469.7400,12,nan,nan,nan
ROI_035/patch_32,7,243.6012,123.8918,306.8429,123.3351,306.0838,123.9684,307.4828,123.3653,10,nan,nan,nan
ROI_035/patch_33,0,267.7234,219.1303,306.3977,217.0948,304.1431,219.1657,299.9400,218.8891,11,nan,nan,nan
ROI_035/patch_33,1,38.7310,131.6043,94.7069,131.6043,96.3559,131.3894,96.3758,131.2019,12,nan,nan,nan
ROI_035/patch_33,2,151.7300,270.4900,185.2861,268.9997,192.0861,270.7209,189.5735,269.4763,10,nan,nan,nan
ROI_035/patch_33,3,401.3046,188.3521,432.5979,188.5980,431.1736,188.2580,432.7236,188.3198,12,nan,nan,nan
ROI_035/patch_33,4,417.1065,490.5208,428.5269,491.8856,424.4548,491.4413,429.4038,491.2640,8,nan,nan,nan
ROI_035/patch_33,5,61.4995,311.3116,106.9199,312.7627,104.8560,311.6975,106.7721,311.7985,12,nan,nan,nan
ROI_035/patch_33,6,220.3463,491.5371,242.2798,494.9389,240.4949,492.4992,239.4791,492.4780,7,nan,nan,nan
ROI_035/patch_33,7,383.1950,365.0424,398.5035,364.6677,401.6845,365.5469,401.6447,365.1774,10,nan,nan,nan
ROI_035/patch_34,0,376.8764,374.0818,389.0894,375.0995,393.3204,374.5659,390.1922,375.1349,12,nan,nan,nan
ROI_035/patch_34,1,139.7421,445.3239,149.9195,445.3239,151.0215,445.7103,151.7585,445.3689,11,nan,nan,nan
ROI_035/patch_34,2,207.1491,69.8283,228.2858,70.2852,230.1582,70.1715,232.6882,70.0613,11,nan,nan,nan
ROI_035/patch_34,3,449.5039,229.4469,470.0000,229.8166,471.0773,229.9364,474.5633,229.7032,10,nan,nan,nan
ROI_035/patch_34,4,326.7272,189.6016,348.8885,190.1246,347.8430,190.0251,346.3288,190.0306,12,nan,nan,nan
ROI_035/patch_34,5,65.9072,274.5107,83.2573,275.6151,81.1534,274.8281,79.4188,274.9140,7,nan,nan,nan
ROI_035/patch_34,6,23.7719,60.2061,52.7250,60.8711,44.6565,60.4607,55.1096,60.4931,9,nan,nan,nan
ROI_035/patch_34,7,476.0199,63.3451,503.5855,63.9243,502.7388,63.8138,501.6867,63.4475,3,nan,nan,nan
ROI_035/patch_35,0,197.2446,166.7165,220.6527,167.7342,219.2642,167.2927,222.2282,166.9573,10,nan,nan,nan
ROI_035/patch_35,1,202.3334,425.2234,216.5818,425.2234,216.7650,425.8059,215.6429,425.4274,12,nan,nan,nan
ROI_035/patch_35,2,431.0807,417.1014,449.6451,418.0992,451.7629,417.4662,449.8884,418.1400,10,nan,nan,nan
ROI_035/patch_35,3,99.0479,76.1876,121.9316,74.1018,121.1925,76.8532,118.8067,76.8065,11,nan,nan,nan
ROI_035/patch_35,4,454.7348,39.3225,483.2307,40.5162,487.3227,39.6486,480.4425,40.1386,8,nan,nan,nan
ROI_035/patch_35,5,74.6053,190.2322,92.4170,191.1423,92.7014,190.9259,93.4192,191.1104,12,nan,nan,nan
ROI_035/patch_35,6,3.6987,392.0801,12.0153,392.6556,13.9032,392.8499,nan,nan,1,nan,nan,nan
ROI_035/patch_35,7,172.3261,295.6120,194.1914,296.9877,189.8411,296.2174,192.3545,296.0631,10,nan,nan,nan
ROI_035/patch_36,0,356.2072,52.9456,376.7286,52.1856,383.1190,52.7780,375.7919,53.2524,12,nan,nan,nan
ROI_035/patch_36,1,446.6536,50.6655,470.9753,49.1453,475.7323,50.4394,466.5180,50.3428,10,nan,nan,nan
ROI_035/patch_36,2,283.9609,370.4017,304.5235,371.4082,303.8557,370.3085,309.6068,370.9173,10,nan,nan,nan
ROI_035/patch_36,3,11.4050,39.4887,32.4242,39.2646,30.4273,39.5419,30.6959,38.9251,6,nan,nan,nan
ROI_035/patch_36,4,253.2629,266.0341,275.6414,265.0007,274.1832,265.9515,278.3442,265.7740,12,nan,nan,nan
ROI_035/patch_36,5,427.7008,347.9650,450.4538,348.6066,451.3543,347.7773,452.7833,347.7617,10,nan,nan,nan
ROI_035/patch_36,6,102.5420,455.1897,117.5502,455.7742,116.7471,455.2208,115.5206,454.9298,9,nan,nan,nan
ROI_035/patch_36,7,112.4589,197.4778,134.2714,198.8760,131.2135,197.4799,131.5392,197.5571,12,nan,nan,nan
ROI_035/patch_37,0,351.6468,372.9283,361.5275,372.9283,365.9611,373.5027,358.4092,373.9593,10,nan,nan,nan
ROI_035/patch_37,1,442.8533,123.6306,457.8644,124.9607,454.9446,124.1910,455.9112,123.2294,10,nan,nan,nan
ROI_035/patch_37,2,22.5148,339.4406,47.4352,341.5761,43.3297,339.5721,48.0118,339.5376,11,nan,nan,nan
ROI_035/patch_37,3,332.7888,140.0328,337.3958,141.8719,347.0991,140.4597,339.4706,140.9303,10,nan,nan,nan
ROI_035/patch_37,4,131.5279,379.3146,151.1826,379.3888,150.2366,379.6080,150.9046,380.0338,12,nan,nan,nan
ROI_035/patch_37,5,471.4358,191.3792,486.5564,194.8857,483.0683,192.0123,484.6867,192.5191,11,nan,nan,nan
ROI_035/patch_37,6,217.1729,302.6447,225.6679,303.1300,234.0509,303.0082,229.1910,303.6568,9,nan,nan,nan
ROI_035/patch_37,7,37.4479,42.5492,88.8582,42.9382,57.4815,42.5429,82.3814,42.1979,12,nan,nan,nan
ROI_035/patch_37,8,213.5809,151.0864,222.6277,149.3458,230.2834,151.3651,223.3895,151.0633,8,nan,nan,nan
ROI_035/patch_38,0,482.0594,202.0429,498.2739,202.0429,495.4358,202.7392,495.2644,202.6910,6,nan,nan,nan
ROI_035/patch_38,1,276.3381,181.7748,286.7256,182.7882,289.4037,182.3593,288.7344,182.6896,10,nan,nan,nan
ROI_035/patch_38,2,291.4526,39.1328,309.5272,40.6581,304.9202,39.6727,309.8574,40.3125,12,nan,nan,nan
ROI_035/patch_38,3,204.9612,362.3190,216.2305,364.4411,217.4254,362.9336,217.3405,363.0812,10,nan,nan,nan
ROI_035/patch_38,4,365.7994,401.6354,376.6019,401.1137,378.4448,402.3460,378.2433,402.6607,10,nan,nan,nan
ROI_035/patch_38,5,32.6640,493.8216,39.5180,492.6843,44.4772,494.3972,38.9658,494.5618,4,nan,nan,nan
ROI_035/patch_38,6,147.2260,259.2694,156.9463,259.0152,159.8591,259.8169,159.9568,259.6548,11,nan,nan,nan
ROI_035/patch_38,7,438.6950,6.6040,461.1579,5.4106,452.5088,7.2066,458.1356,7.0786,4,nan,nan,nan
ROI_035/patch_39,0,36.7945,89.0165,46.4218,89.5232,44.3076,88.9045,43.6889,88.6367,8,nan,nan,nan
ROI_035/patch_39,1,199.8894,334.5773,216.7372,336.4141,216.0637,334.6208,219.2153,334.9981,11,nan,nan,nan
ROI_035/patch_39,2,411.0996,379.2000,435.0628,378.9771,435.6401,379.1002,436.1828,378.9886,11,nan,nan,nan
ROI_035/patch_39,3,387.1237,174.9867,418.5316,174.5226,408.6383,174.6520,419.0541,174.5320,11,nan,nan,nan
ROI_035/patch_39,4,74.7310,383.1173,87.9714,383.2207,86.7295,383.3403,87.2999,383.6745,12,nan,nan,nan
ROI_035/patch_39,5,304.8904,390.9216,328.5866,390.6735,325.5801,390.9370,324.2704,390.9996,11,nan,nan,nan
ROI_035/patch_39,6,430.1829,27.0080,450.7443,25.4614,451.7654,26.4460,449.3145,26.4302,11,nan,nan,nan
ROI_035/patch_39,7,178.5306,143.0027,197.4016,142.6779,191.9086,142.8249,191.8986,141.9724,11,nan,nan,nan
ROI_035/patch_40,0,110.1625,215.4247,142.1978,213.8992,143.0609,214.7323,142.1364,214.9412,11,nan,nan,nan
ROI_035/patch_40,1,208.5567,339.7523,236.7783,338.9895,240.1482,339.2143,237.1987,338.6451,10,nan,nan,nan
ROI_035/patch_40,2,484.3940,465.5590,495.3491,463.3171,521.3582,465.2198,497.1943,464.7826,6,nan,nan,nan
ROI_035/patch_40,3,360.5035,493.2738,372.5470,493.0641,391.6378,492.9340,373.5315,493.1354,7,nan,nan,nan
ROI_035/patch_40,4,304.1588,90.2680,351.9529,90.3345,349.5030,89.4906,349.2583,89.2500,12,nan,nan,nan
ROI_035/patch_40,5,49.4697,477.5970,70.4998,478.5720,69.4266,477.1657,69.3774,477.2399,11,nan,nan,nan
ROI_035/patch_40,6,49.2417,8.0611,65.1605,5.6697,88.2390,7.1358,67.9116,6.7728,5,nan,nan,nan
ROI_035/patch_40,7,126.4795,73.3645,159.3596,71.8379,165.7610,72.5265,152.4348,72.4311,12,nan,nan,nan
ROI_035/patch_40,8,21.8413,406.1195,42.4212,402.9966,43.6487,405.6064,46.9928,405.6093,9,nan,nan,nan
ROI_035/patch_41,0,382.0813,306.4139,384.1789,307.5580,380.9138,307.2814,381.6835,307.2885,12,nan,nan,nan
ROI_035/patch_41,1,70.6904,255.8820,64.3978,257.0262,64.0281,256.5451,64.3755,256.4669,9,nan,nan,nan
ROI_035/patch_41,2,402.1055,93.0032,407.4426,94.5613,410.1100,93.7033,408.4389,94.3329,12,nan,nan,nan
ROI_035/patch_41,3,156.5992,81.0432,158.7876,80.5141,159.1367,81.6055,156.9161,81.2168,12,nan,nan,nan
ROI_035/patch_41,4,40.3294,467.7689,39.6721,467.6711,24.3063,468.5926,40.3500,468.6259,10,nan,nan,nan
ROI_035/patch_41,5,280.6369,450.1601,279.1742,451.0813,271.1583,451.0944,280.2297,450.8002,11,nan,nan,nan
ROI_035/patch_41,6,383.3181,462.8521,387.8655,463.0946,375.8130,463.8505,384.0738,463.2157,11,nan,nan,nan
ROI_035/patch_41,7,480.6895,190.4899,489.4238,190.9430,486.6318,191.3121,487.5570,191.1598,10,nan,nan,nan
ROI_035/patch_42,0,242.1991,106.9094,251.3197,108.4296,250.1262,107.2500,248.6075,107.1407,12,nan,nan,nan
ROI_035/patch_42,1,50.6655,262.7205,65.1065,264.2406,64.2427,263.1868,63.5592,263.6071,10,nan,nan,nan
ROI_035/patch_42,2,451.4041,14.7267,464.1348,17.9831,456.0111,14.9773,465.3567,16.2384,9,nan,nan,nan
ROI_035/patch_42,3,159.5797,39.9706,169.2339,40.0247,165.0405,40.2838,166.3648,40.4434,10,nan,nan,nan
ROI_035/patch_42,4,213.2690,375.7863,234.5985,374.4484,231.0175,376.2950,232.2113,376.1381,13,nan,nan,nan
ROI_035/patch_42,5,57.7488,430.9938,80.3076,432.2126,77.4786,431.5612,77.0291,431.5784,10,nan,nan,nan
ROI_035/patch_42,6,327.7318,328.6315,345.5664,328.0852,343.7837,329.0930,346.5977,328.7489,9,nan,nan,nan
ROI_035/patch_42,7,448.4880,167.4515,461.8547,169.2339,458.6768,167.7954,461.0964,168.0948,9,nan,nan,nan
ROI_035/patch_43,0,287.0422,115.2700,307.5637,114.5100,306.4692,115.0606,306.2941,114.9422,10,nan,nan,nan
ROI_035/patch_43,1,72.7070,247.5194,82.5877,247.5194,81.6147,247.4725,85.0812,247.9298,11,nan,nan,nan
ROI_035/patch_43,2,47.7599,400.3622,62.0663,398.0101,51.4188,400.5290,60.7744,399.2559,12,nan,nan,nan
ROI_035/patch_43,3,16.3593,463.3496,30.1440,465.6549,17.2002,463.6021,29.3850,463.0154,10,nan,nan,nan
ROI_035/patch_43,4,428.9168,267.7751,459.5745,267.2808,448.2785,267.7986,455.0849,267.6361,10,nan,nan,nan
ROI_035/patch_43,5,299.0822,312.3975,311.3640,314.4042,313.1109,312.4690,311.9567,311.6281,13,nan,nan,nan
ROI_035/patch_43,6,398.1031,184.4048,422.3213,183.7154,418.9502,184.3064,423.7058,183.9113,10,nan,nan,nan
ROI_035/patch_43,7,30.2682,79.0561,42.6743,78.5112,42.7922,78.7653,42.9521,78.4888,13,nan,nan,nan
ROI_035/patch_44,0,238.3988,147.1923,245.2393,146.4323,243.9627,147.0097,244.9534,147.2648,10,nan,nan,nan
ROI_035/patch_44,1,456.5343,387.3694,476.2957,387.3694,473.4235,387.2991,475.6007,387.7954,12,nan,nan,nan
ROI_035/patch_44,2,144.4448,259.9251,151.7526,261.2004,150.8814,259.7479,150.5021,260.4980,10,nan,nan,nan
ROI_035/patch_44,3,113.6110,88.9974,126.6709,88.6682,114.8029,88.7702,126.4390,89.2961,11,nan,nan,nan
ROI_035/patch_44,4,331.0327,38.9594,347.0865,39.2646,335.8138,38.7722,343.8308,38.7438,10,nan,nan,nan
ROI_035/patch_44,5,10.1833,331.0296,24.8236,330.3653,15.4729,330.8378,23.8637,330.7227,6,nan,nan,nan
ROI_035/patch_44,6,131.0075,443.6702,139.5918,442.8533,142.0277,443.5356,137.8345,443.7060,12,nan,nan,nan
ROI_035/patch_44,7,394.6468,265.7199,404.8506,265.0007,406.8995,265.6045,401.5896,265.7210,12,nan,nan,nan
ROI_035/patch_45,0,442.0933,352.4069,449.6938,352.4069,438.5941,353.2156,448.3457,353.5243,9,nan,nan,nan
ROI_035/patch_45,1,123.6306,396.4900,109.1896,396.4900,109.2017,397.5683,104.7335,397.4944,10,nan,nan,nan
ROI_035/patch_45,2,67.5457,169.9450,65.1065,171.5140,58.5574,170.9105,61.2551,171.0155,12,nan,nan,nan
ROI_035/patch_45,3,337.6030,209.9862,337.2058,207.9966,335.4494,210.7761,331.9950,210.5686,12,nan,nan,nan
ROI_035/patch_45,4,234.1804,44.1175,242.9591,43.8250,234.1413,44.8716,240.8015,44.9279,10,nan,nan,nan
ROI_035/patch_45,5,241.2508,465.5748,227.1880,466.7950,228.1751,466.6120,228.2613,466.3969,12,nan,nan,nan
ROI_035/patch_45,6,204.5418,227.2236,198.8760,230.0382,197.8586,228.1253,197.8942,227.9542,11,nan,nan,nan
ROI_035/patch_45,7,341.4590,3.2657,342.2887,4.2705,345.9192,3.9113,nan,nan,2,nan,nan,nan
ROI_035/patch_46,0,369.8881,280.9618,384.3291,280.2018,385.9777,280.8407,383.5500,281.1488,9,nan,nan,nan
ROI_035/patch_46,1,158.5931,306.8036,162.3934,308.3238,164.2685,306.8364,164.3274,307.1272,10,nan,nan,nan
ROI_035/patch_46,2,7.5063,124.6171,16.4630,126.6709,8.4414,124.6892,13.6615,124.5520,4,nan,nan,nan
ROI_035/patch_46,3,211.9682,106.2657,222.4377,106.1494,222.8910,106.1913,224.1013,105.6755,12,nan,nan,nan
ROI_035/patch_46,4,426.5580,469.7570,441.3332,469.4552,442.8010,469.6636,444.5594,469.7327,11,nan,nan,nan
ROI_035/patch_46,5,91.8134,232.0509,89.7449,233.6484,95.3157,232.1031,92.0218,231.9000,11,nan,nan,nan
ROI_035/patch_46,6,21.0624,423.7822,27.9272,422.6485,18.6084,423.9503,27.5366,423.6383,11,nan,nan,nan
ROI_035/patch_46,7,292.1932,55.8547,308.8305,55.0569,307.6176,55.7076,305.4152,55.4634,12,nan,nan,nan
ROI_035/patch_47,0,87.6547,216.1883,124.1373,217.7084,117.6915,216.0085,113.9485,216.3252,13,nan,nan,nan
ROI_035/patch_47,1,40.5314,283.8331,67.1333,283.8331,64.9996,283.6997,60.5729,283.6406,13,nan,nan,nan
ROI_035/patch_47,2,330.5436,320.2835,363.3569,317.5877,361.9126,319.8805,362.7852,319.5378,11,nan,nan,nan
ROI_035/patch_47,3,194.2424,481.8994,209.6486,481.0132,211.5625,481.6296,207.7837,481.7025,11,nan,nan,nan
ROI_035/patch_47,4,455.4382,122.0350,484.3801,120.5937,502.7126,121.5082,481.4234,121.2003,8,nan,nan,nan
ROI_035/patch_47,5,44.1713,87.8337,66.5408,87.0253,80.6023,87.6899,69.1366,87.6373,9,nan,nan,nan
ROI_035/patch_47,6,150.8979,375.6518,173.4299,375.0075,173.2802,375.4187,175.7902,374.9765,11,nan,nan,nan
ROI_035/patch_47,7,400.0741,484.0482,426.0769,481.8966,423.7261,483.5862,425.9610,483.0674,12,nan,nan,nan
ROI_035/patch_48,0,204.1964,53.7057,230.0382,53.7057,229.9860,53.2885,229.3118,53.2432,12,nan,nan,nan
ROI_035/patch_48,1,102.3491,111.4698,124.3907,109.1896,128.1343,111.1784,122.4470,110.5430,10,nan,nan,nan
ROI_035/patch_48,2,191.1287,457.0532,217.1173,455.7742,216.7993,456.9535,216.7897,456.5367,12,nan,nan,nan
ROI_035/patch_48,3,247.9011,196.0337,274.1213,194.3157,273.6426,195.6898,279.0661,195.9523,11,nan,nan,nan
ROI_035/patch_48,4,183.6702,267.9561,213.3170,265.0007,209.3983,267.7186,215.5124,266.8728,9,nan,nan,nan
ROI_035/patch_48,5,25.9860,231.5776,52.9456,232.3184,51.7449,231.4389,57.5110,231.0462,6,nan,nan,nan
ROI_035/patch_48,6,64.6217,457.4124,90.9483,457.2943,90.3082,457.4145,89.7395,458.0373,11,nan,nan,nan
ROI_035/patch_48,7,328.8614,109.4606,358.4873,111.4698,354.6187,108.9858,355.0518,109.4417,10,nan,nan,nan
ROI_035/patch_49,0,155.5529,109.1896,132.7513,112.9899,134.6205,110.1262,136.0463,110.6843,10,nan,nan,nan
ROI_035/patch_49,1,486.1764,311.3640,481.6161,314.4042,482.4951,312.1485,485.8469,312.4418,11,nan,nan,nan
ROI_035/patch_49,2,391.1537,221.9253,382.8090,223.9578,384.2461,222.7452,384.5995,222.9188,11,nan,nan,nan
ROI_035/patch_49,3,285.3730,486.2274,254.3599,487.6965,254.7623,487.1832,253.4186,487.2530,10,nan,nan,nan
ROI_035/patch_49,4,53.4159,344.7581,3.5421,347.8466,10.6818,345.8207,8.4844,346.1133,3,nan,nan,nan
ROI_035/patch_49,5,349.0444,32.4927,349.3667,33.9443,348.9868,33.2887,349.1367,33.2146,12,nan,nan,nan
ROI_035/patch_49,6,467.9271,108.5662,477.8158,109.1896,473.8858,109.3083,474.5086,109.1250,9,nan,nan,nan
ROI_035/patch_49,7,267.5348,197.2487,250.5596,197.3559,251.3630,198.1390,248.7294,198.4332,11,nan,nan,nan
ROI_035/patch_50,0,277.1615,21.7834,292.3626,23.3035,296.9609,21.4717,295.7586,21.7104,11,nan,nan,nan
ROI_035/patch_50,1,216.3572,328.0852,222.4377,327.3251,216.9402,328.2546,222.8824,327.6914,11,nan,nan,nan
ROI_035/patch_50,2,34.4721,405.1130,24.8236,403.3305,25.8532,405.4033,27.5374,404.5174,12,nan,nan,nan
ROI_035/patch_50,3,464.6303,106.9928,483.8962,104.6293,484.4444,106.8152,483.9617,106.6394,12,nan,nan,nan
ROI_035/patch_50,4,28.1706,296.5128,28.6239,298.4430,25.6342,296.6325,28.2369,297.3963,13,nan,nan,nan
ROI_035/patch_50,5,313.9047,383.6716,310.6039,382.0490,313.8483,383.9285,314.1323,383.9585,9,nan,nan,nan
ROI_035/patch_50,6,486.1618,416.2171,486.9364,418.5316,488.7510,416.5253,486.5954,417.1001,9,nan,nan,nan
ROI_035/patch_50,7,83.2628,261.2536,86.3880,261.9605,84.1999,261.3180,84.3339,261.2272,10,nan,nan,nan
ROI_035/patch_51,0,159.3532,347.8466,170.7540,347.8466,170.3798,348.0785,171.5671,348.3326,11,nan,nan,nan
ROI_035/patch_51,1,65.8665,478.5758,65.8665,478.5758,70.5513,479.0606,65.9281,478.5517,11,nan,nan,nan
ROI_035/patch_51,2,236.6399,135.5324,248.2795,135.7915,254.3262,135.4166,255.1037,134.7084,9,nan,nan,nan
ROI_035/patch_51,3,54.3617,278.9054,59.0260,279.4417,61.1985,279.1341,60.8910,279.0310,12,nan,nan,nan
ROI_035/patch_51,4,426.8570,479.8338,442.8533,480.0960,449.1526,480.0159,445.8938,479.6184,11,nan,nan,nan
ROI_035/patch_51,5,387.7204,230.4855,413.9713,228.5181,411.4938,230.3687,413.9384,229.9534,12,nan,nan,nan
ROI_035/patch_51,6,427.7401,98.0917,457.2943,98.5489,455.2671,97.7650,459.3017,97.1352,8,nan,nan,nan
ROI_035/patch_51,7,341.3933,398.2495,356.2072,399.5302,360.6243,398.3951,359.8888,399.3623,11,nan,nan,nan
ROI_035/patch_52,0,386.6093,243.7192,422.3318,242.9591,422.2834,243.5866,424.4725,242.9937,10,nan,nan,nan
ROI_035/patch_52,1,63.5864,106.1494,91.7084,104.6293,90.0655,105.6727,90.0168,106.0288,10,nan,nan,nan
ROI_035/patch_52,2,186.9173,31.7298,219.3974,30.1440,219.7431,31.2744,218.8983,31.1518,10,nan,nan,nan
ROI_035/patch_52,3,51.7489,502.5601,69.6668,503.6576,68.9222,502.4189,70.3488,502.8442,3,nan,nan,nan
ROI_035/patch_52,4,111.3478,209.4832,139.5918,208.7567,137.3323,209.1294,142.2794,209.6078,10,nan,nan,nan
ROI_035/patch_52,5,455.6161,430.3118,495.2970,429.1723,489.7424,430.3890,497.1844,430.0539,4,nan,nan,nan
ROI_035/patch_52,6,274.2209,326.4189,302.2433,324.2849,303.7788,326.2798,300.8137,326.4340,7,nan,nan,nan
ROI_035/patch_52,7,305.0738,101.2516,333.4055,99.3089,340.8341,100.9388,336.9838,101.1285,13,nan,nan,nan
ROI_035/patch_53,0,224.7178,162.3934,183.6749,164.6735,182.3306,163.2930,186.0218,163.8806,10,nan,nan,nan
ROI_035/patch_53,1,360.7675,318.9645,328.0852,319.7246,329.2307,319.7153,328.4852,319.8121,12,nan,nan,nan
ROI_035/patch_53,2,445.7497,100.0393,429.1723,100.8290,426.2809,100.6566,426.4801,100.2610,12,nan,nan,nan
ROI_035/patch_53,3,343.1266,151.8618,314.4042,151.7526,312.6349,152.6130,316.9524,152.4371,9,nan,nan,nan
ROI_035/patch_53,4,311.1067,276.1110,280.2018,277.1615,275.3706,276.9179,278.8819,277.3864,11,nan,nan,nan
ROI_035/patch_53,5,126.4160,365.3188,74.2271,368.3680,70.9099,366.3663,69.2232,365.8890,8,nan,nan,nan
ROI_035/patch_53,6,72.0197,433.4939,9.6225,436.7729,9.9909,434.6176,nan,nan,0,nan,nan,nan
ROI_035/patch_53,7,505.0152,325.6128,478.5758,325.8050,487.6445,326.1854,nan,nan,1,nan,nan,nan
ROI_035/patch_54,0,170.7540,193.5556,162.3934,195.0757,156.5545,194.1513,158.6337,193.9557,12,nan,nan,nan
ROI_035/patch_54,1,499.0973,43.0649,501.3775,42.3049,502.3767,43.0040,nan,nan,1,nan,nan,nan
ROI_035/patch_54,2,379.4398,268.2794,374.4484,270.3211,371.9540,268.7413,372.9972,269.1463,11,nan,nan,nan
ROI_035/patch_54,3,142.5503,461.7463,120.7804,463.9448,120.2639,462.8232,116.6771,462.7676,8,nan,nan,nan
ROI_035/patch_54,4,209.4044,347.3776,187.9185,349.1767,192.8369,348.1814,190.4495,348.6486,12,nan,nan,nan
ROI_035/patch_54,5,31.8898,148.8865,13.2328,148.0632,13.0925,149.5796,12.5239,149.5825,7,nan,nan,nan
ROI_035/patch_54,6,460.8806,117.0911,459.9545,117.6610,460.6677,117.2006,461.1497,117.3813,10,nan,nan,nan
ROI_035/patch_54,7,339.0775,433.4389,327.1668,434.6669,325.6594,434.2255,326.5274,434.0981,10,nan,nan,nan
ROI_035/patch_55,0,383.6008,59.9286,402.4121,59.3586,403.9669,59.7182,402.5958,59.4031,10,nan,nan,nan
ROI_035/patch_55,1,53.2061,251.6001,49.9514,252.5518,52.5327,251.9365,53.0808,251.2962,11,nan,nan,nan
ROI_035/patch_55,2,89.2178,334.6297,93.3227,334.7291,94.3296,335.0327,89.7567,335.0187,9,nan,nan,nan
ROI_035/patch_55,3,335.9802,303.7895,358.1159,303.5321,360.5800,303.9205,361.4302,304.6391,12,nan,nan,nan
ROI_035/patch_55,4,431.5848,429.1865,476.0555,427.5589,468.3501,429.3787,476.3068,428.4987,3,nan,nan,nan
ROI_035/patch_55,5,446.8220,115.6632,471.4901,115.5898,474.3193,115.4603,472.8001,115.1109,10,nan,nan,nan
ROI_035/patch_55,6,108.1416,479.4927,125.0903,479.4903,119.6953,480.0536,127.0094,479.5611,8,nan,nan,nan
ROI_035/patch_55,7,275.2606,135.2114,290.3958,134.9927,289.1453,135.1954,nan,nan,1,nan,nan,nan
ROI_035/patch_56,0,241.7616,247.8596,289.6983,247.0987,289.5039,247.3683,292.5480,247.1395,13,nan,nan,nan
ROI_035/patch_56,1,133.7138,365.7991,180.1287,365.0382,183.1269,365.1771,179.4757,365.4100,8,nan,nan,nan
ROI_035/patch_56,2,13.8200,411.2413,59.1456,411.4532,60.0898,410.6044,58.8802,410.4488,5,nan,nan,nan
ROI_035/patch_56,3,413.6386,67.6101,457.8573,64.4827,459.1538,67.3154,458.4234,67.7109,12,nan,nan,nan
ROI_035/patch_56,4,90.6857,221.4517,133.7138,220.4672,129.5730,221.0690,129.3896,220.8979,10,nan,nan,nan
ROI_035/patch_56,5,193.7060,39.3452,225.7827,38.6121,226.9257,39.1931,225.3504,38.7638,9,nan,nan,nan
ROI_035/patch_56,6,229.4852,471.9528,273.8040,472.1561,289.7421,471.1257,274.3669,471.9465,12,nan,nan,nan
ROI_035/patch_56,7,405.8060,390.4430,452.9326,389.5984,469.8266,389.6602,457.0966,390.9117,10,nan,nan,nan
ROI_035/patch_57,0,128.9510,201.1561,84.8679,202.6762,84.2017,202.6220,84.1364,202.8590,11,nan,nan,nan
ROI_035/patch_57,1,185.9551,308.3238,148.7124,309.8439,149.6405,309.7276,147.1218,310.0506,9,nan,nan,nan
ROI_035/patch_57,2,404.8280,360.3982,388.1294,362.2876,391.5249,361.1658,391.7430,361.8719,11,nan,nan,nan
ROI_035/patch_57,3,358.8438,119.3023,331.1254,119.0703,334.7027,119.9485,333.2507,119.9650,12,nan,nan,nan
ROI_035/patch_57,4,201.5149,421.0938,160.8733,422.3318,169.6812,422.5733,163.3187,422.6233,12,nan,nan,nan
ROI_035/patch_57,5,313.4527,40.7823,284.0020,42.3049,282.7730,41.4855,281.8483,41.0367,8,nan,nan,nan
ROI_035/patch_57,6,155.2526,87.5748,106.9094,89.4282,110.1427,88.8314,110.4545,89.4113,12,nan,nan,nan
ROI_035/patch_57,7,375.1204,471.9502,360.0074,473.2555,361.7880,472.9356,362.2507,473.6362,11,nan,nan,nan
ROI_035/patch_58,0,118.3103,258.9202,120.5904,260.4404,118.5145,259.3532,124.1432,259.7357,11,nan,nan,nan
ROI_035/patch_58,1,204.1964,126.6709,204.9564,128.1910,205.8100,127.0295,204.6405,126.9909,11,nan,nan,nan
ROI_035/patch_58,2,222.0303,376.6652,243.7192,377.4887,237.0927,376.8506,241.1143,377.5281,12,nan,nan,nan
ROI_035/patch_58,3,464.5095,446.1822,493.0169,446.6536,504.5517,445.9059,496.2242,446.2841,6,nan,nan,nan
ROI_035/patch_58,4,423.1965,39.3547,432.2126,40.0247,440.2538,39.3818,429.9768,40.0965,9,nan,nan,nan
ROI_035/patch_58,5,314.4466,432.9670,344.0463,432.2126,340.4429,432.9595,340.0266,432.6427,11,nan,nan,nan
ROI_035/patch_58,6,51.3013,188.0962,40.7848,190.5154,42.1551,188.6862,38.4698,188.5457,10,nan,nan,nan
ROI_035/patch_58,7,82.0586,452.3179,89.4282,452.7340,88.1914,452.7039,88.6423,452.1737,13,nan,nan,nan
ROI_035/patch_59,0,225.2245,235.7386,264.7473,234.9785,263.0591,235.5069,269.0516,235.3741,10,nan,nan,nan
ROI_035/patch_59,1,402.3171,211.4169,446.4002,210.6568,445.7889,211.1795,446.3936,210.8031,6,nan,nan,nan
ROI_035/patch_59,2,112.5396,453.3262,145.4188,453.1140,144.6601,453.0505,147.7069,453.2221,12,nan,nan,nan
ROI_035/patch_59,3,73.4074,265.8322,109.9932,268.1467,106.3120,265.6031,106.1517,265.1169,11,nan,nan,nan
ROI_035/patch_59,4,302.5956,308.0998,343.1597,308.8079,342.0197,307.8461,340.1390,307.7764,10,nan,nan,nan
ROI_035/patch_59,5,348.1826,46.2734,393.2238,46.8609,391.7475,46.0783,393.0658,45.9539,12,nan,nan,nan
ROI_035/patch_59,6,475.5375,408.0409,504.6556,407.5702,519.1650,407.7527,nan,nan,0,nan,nan,nan
ROI_035/patch_59,7,169.3809,191.5623,208.7025,191.6688,205.9835,191.3445,213.5208,190.9705,10,nan,nan,nan
ROI_035/patch_60,0,351.6468,289.3224,395.7300,288.5623,396.3830,289.0406,396.4186,289.1954,10,nan,nan,nan
ROI_035/patch_60,1,287.0422,464.8949,332.6455,465.6549,331.5554,464.4697,331.7135,464.5360,12,nan,nan,nan
ROI_035/patch_60,2,151.6993,22.5037,208.7567,23.3035,196.9056,22.3915,202.6338,21.7379,12,nan,nan,nan
ROI_035/patch_60,3,47.0190,345.1955,81.8277,344.8063,91.8091,344.8220,79.4358,345.3366,10,nan,nan,nan
ROI_035/patch_60,4,315.8976,129.5019,362.2876,127.4309,360.8783,129.3353,361.1788,128.8846,11,nan,nan,nan
ROI_035/patch_60,5,218.6003,241.7419,264.2406,240.6789,263.4631,241.4746,263.7657,241.2302,10,nan,nan,nan
ROI_035/patch_60,6,150.4181,114.1504,202.6762,114.5100,195.4937,113.9687,195.5335,114.2283,12,nan,nan,nan
ROI_035/patch_60,7,446.0210,10.3340,494.5370,10.3826,491.1151,10.2787,491.3373,9.8883,4,nan,nan,nan
ROI_035/patch_62,0,54.4657,45.3451,57.5059,43.8250,59.4490,45.4428,54.7196,44.7422,11,nan,nan,nan
ROI_035/patch_62,1,206.4765,370.6482,228.5181,372.9283,227.3559,370.8737,231.8812,371.6011,11,nan,nan,nan
ROI_035/patch_62,2,80.9464,221.0090,84.8679,220.9175,90.7107,221.1833,81.2849,222.0412,12,nan,nan,nan
ROI_035/patch_62,3,343.1510,301.9137,372.1683,303.0034,372.2156,302.0890,374.9124,302.9333,11,nan,nan,nan
ROI_035/patch_62,4,67.1491,482.9260,65.8665,483.1362,80.3980,483.2219,66.8483,484.0559,8,nan,nan,nan
ROI_035/patch_62,5,384.4702,77.1402,413.9713,77.2673,412.5604,77.2072,410.7332,76.7004,9,nan,nan,nan
ROI_035/patch_62,6,21.4443,380.3162,13.4228,381.2889,29.8326,380.5715,14.3538,381.2679,7,nan,nan,nan
ROI_035/patch_62,7,459.5169,22.2628,490.7367,22.5435,491.8119,22.2944,491.5131,23.1292,10,nan,nan,nan
ROI_035/patch_63,0,184.4350,147.9524,227.7580,149.4725,222.8010,147.8263,223.4531,148.1408,8,nan,nan,nan
ROI_035/patch_63,1,188.2352,325.8050,226.9980,325.8050,226.6599,325.7489,226.2617,325.6931,11,nan,nan,nan
ROI_035/patch_63,2,88.1427,12.3603,124.3907,11.9027,126.4040,12.0996,126.3938,13.0158,4,nan,nan,nan
ROI_035/patch_63,3,372.7203,465.3118,415.4914,466.4150,411.3075,465.4688,417.1779,465.5217,12,nan,nan,nan
ROI_035/patch_63,4,162.0139,497.2462,205.7165,497.5772,200.4759,497.2316,206.9072,498.2380,6,nan,nan,nan
ROI_035/patch_63,5,441.6271,98.0156,466.4150,99.3089,480.1424,98.0948,467.7353,97.5262,5,nan,nan,nan
ROI_035/patch_63,6,11.2134,418.0604,46.1051,417.0115,49.5536,417.8848,49.2530,417.6841,7,nan,nan,nan
ROI_035/patch_63,7,427.9515,342.5788,466.0350,343.6663,466.5353,342.7379,465.7131,342.6673,8,nan,nan,nan
ROI_035/patch_64,0,422.3318,169.2339,485.4163,166.1937,479.0988,169.0518,486.1957,168.4933,11,nan,nan,nan
ROI_035/patch_64,1,287.8023,354.6870,339.4860,354.6870,334.4409,354.4815,332.9502,354.9205,9,nan,nan,nan
ROI_035/patch_64,2,330.2174,472.4904,377.4887,470.2152,380.8471,472.1736,378.4567,471.9547,12,nan,nan,nan
ROI_035/patch_64,3,205.3374,105.3748,243.7192,103.8692,244.1246,105.3991,243.4822,105.4037,11,nan,nan,nan
ROI_035/patch_64,4,215.5919,295.3583,256.6401,293.1227,256.0749,295.2470,253.9662,295.0535,11,nan,nan,nan
ROI_035/patch_64,5,388.0730,23.5166,446.9386,24.3486,441.3874,23.4584,445.6466,22.8180,12,nan,nan,nan
ROI_035/patch_64,6,146.1195,263.0310,177.8572,261.6285,180.7925,262.9938,178.1327,263.5039,10,nan,nan,nan
ROI_035/patch_64,7,245.5822,457.9286,285.2863,458.0150,289.2461,457.6854,289.2551,457.7586,11,nan,nan,nan
ROI_035/patch_66,0,14.1829,334.1656,28.6239,334.9256,25.0774,334.5779,27.3031,334.7662,8,nan,nan,nan
ROI_035/patch_66,1,89.4282,127.4309,99.3089,128.9510,99.6163,127.8000,101.7091,127.9667,10,nan,nan,nan
ROI_035/patch_66,2,374.1448,221.7818,403.3305,223.9578,407.2166,222.1916,399.9825,222.1616,12,nan,nan,nan
ROI_035/patch_66,3,99.5802,381.1395,116.7901,382.8090,117.8829,381.5684,113.0592,381.4273,11,nan,nan,nan
ROI_035/patch_66,4,282.4133,117.8179,303.0034,116.7901,305.9676,118.1974,301.4171,118.0744,10,nan,nan,nan
ROI_035/patch_66,5,421.8797,433.6437,466.4150,433.7327,464.5035,434.1060,466.4553,434.4448,10,nan,nan,nan
ROI_035/patch_66,6,237.8614,501.8110,265.0007,502.8976,269.4602,502.2770,nan,nan,2,nan,nan,nan
ROI_035/patch_66,7,170.3258,203.3327,188.2352,201.1561,188.4472,203.7248,188.9016,203.6975,10,nan,nan,nan
ROI_035/patch_67,0,57.5059,27.8638,100.8290,28.6239,102.4602,27.5279,102.4007,27.5557,10,nan,nan,nan
ROI_035/patch_67,1,116.0301,107.6695,168.4738,106.9094,160.9568,107.3755,167.6514,106.9290,10,nan,nan,nan
ROI_035/patch_67,2,350.6860,155.6230,391.9297,156.3130,395.5129,155.4840,395.1989,154.8900,11,nan,nan,nan
ROI_035/patch_67,3,234.2948,390.7803,293.8827,391.1696,279.1613,390.5769,291.9731,391.1274,12,nan,nan,nan
ROI_035/patch_67,4,40.0554,236.2010,88.6682,236.1186,85.0091,235.8637,84.8858,234.8366,11,nan,nan,nan
ROI_035/patch_67,5,412.6880,17.9116,461.8547,17.2231,457.4942,17.8064,458.0383,17.5886,8,nan,nan,nan
ROI_035/patch_67,6,12.5696,53.6986,53.7057,53.7057,57.5417,53.3346,51.6708,53.5510,7,nan,nan,nan
ROI_035/patch_67,7,392.9626,429.6402,442.0933,430.6924,437.7613,429.5419,443.9784,429.8136,10,nan,nan,nan
ROI_035/patch_68,0,319.2179,104.6293,369.3814,102.3491,368.7849,103.5408,369.4364,102.8403,11,nan,nan,nan
ROI_035/patch_68,1,206.7299,337.2058,256.8934,333.4055,258.1498,336.3231,257.7059,335.5130,13,nan,nan,nan
ROI_035/patch_68,2,345.5592,245.1561,404.3439,242.9591,403.1459,244.1060,403.6271,243.9501,8,nan,nan,nan
ROI_035/patch_68,3,382.8913,475.3780,451.4673,473.2555,453.1905,474.3961,453.0494,474.0139,8,nan,nan,nan
ROI_035/patch_68,4,419.7267,330.3737,493.2702,328.8452,486.4343,329.2938,495.7423,329.2116,6,nan,nan,nan
ROI_035/patch_68,5,124.3835,150.0853,164.1668,148.7124,161.6662,149.1945,162.8925,149.6456,12,nan,nan,nan
ROI_035/patch_68,6,89.7555,425.9500,137.2324,425.3246,136.4644,425.2132,135.2520,424.2333,11,nan,nan,nan
ROI_035/patch_68,7,256.6090,56.0411,303.4942,56.3659,299.4888,54.9881,300.8023,55.4248,9,nan,nan,nan
ROI_035/patch_70,0,340.2460,218.6374,404.0906,217.1173,402.5400,218.5115,404.2250,218.1367,9,nan,nan,nan
ROI_035/patch_70,1,192.0355,455.0142,257.9702,455.9642,255.3281,454.9726,255.5942,454.8910,9,nan,nan,nan
ROI_035/patch_70,2,82.9313,396.9107,137.0439,398.0907,137.0846,397.1323,140.3200,397.0480,7,nan,nan,nan
ROI_035/patch_70,3,155.1433,156.8344,198.7342,154.4138,203.4962,157.1233,199.8023,155.8742,5,nan,nan,nan
ROI_035/patch_70,4,273.9349,281.7626,336.5736,281.8429,334.8620,281.7114,337.4064,281.1017,10,nan,nan,nan
ROI_035/patch_70,5,157.9935,262.6124,212.2290,262.5647,211.0205,262.8040,215.5527,263.2343,10,nan,nan,nan
ROI_035/patch_70,6,322.7489,135.7370,377.7448,135.0392,380.4468,135.7172,380.2765,135.2261,9,nan,nan,nan
ROI_035/patch_70,7,422.2839,488.6635,494.7063,488.2321,501.0787,488.1435,nan,nan,2,nan,nan,nan
ROI_035/patch_71,0,123.0458,492.0795,195.3773,489.7710,200.1813,491.7809,196.9674,490.9000,6,nan,nan,nan
ROI_035/patch_71,1,146.1303,278.9326,218.8465,277.9707,217.0147,278.7080,222.3661,278.4178,9,nan,nan,nan
ROI_035/patch_71,2,76.3019,8.3588,135.6654,9.6225,136.8435,8.3651,140.1708,7.5343,4,nan,nan,nan
ROI_035/patch_71,3,100.5440,102.6204,170.0578,103.4892,164.6867,102.5463,164.6564,102.9749,10,nan,nan,nan
ROI_035/patch_71,4,217.5248,388.4730,288.9686,388.7375,293.6437,388.0955,290.9909,388.1079,6,nan,nan,nan
ROI_035/patch_71,5,38.3665,415.4608,107.8515,413.0893,110.9969,415.3170,108.6728,415.0650,10,nan,nan,nan
ROI_035/patch_71,6,316.7211,304.8707,391.7031,303.8864,392.5774,304.3979,393.6877,303.7945,12,nan,nan,nan
ROI_035/patch_71,7,153.8553,26.8715,221.0497,28.2155,216.8720,26.7615,217.3553,26.9747,10,nan,nan,nan
ROI_035/patch_72,0,254.3599,128.9510,330.3653,126.6709,335.4737,127.6780,330.2521,126.7089,10,nan,nan,nan
ROI_035/patch_72,1,106.1494,223.1977,180.4447,221.6776,182.3593,221.9276,182.8302,221.8968,11,nan,nan,nan
ROI_035/patch_72,2,89.3679,314.0433,161.6333,311.6015,161.0208,313.0610,160.5398,313.0089,9,nan,nan,nan
ROI_035/patch_72,3,80.4307,497.4568,144.9121,497.0072,142.9166,497.1118,138.7199,497.2430,6,nan,nan,nan
ROI_035/patch_72,4,182.2498,40.4236,248.2551,37.5274,267.6851,38.6703,251.6456,39.5299,12,nan,nan,nan
ROI_035/patch_72,5,411.2457,45.1730,483.4488,44.4223,496.7525,43.9543,482.6912,43.8968,6,nan,nan,nan
ROI_035/patch_72,6,16.8862,55.4606,73.5835,52.0834,101.3483,53.3874,74.6567,55.5644,6,nan,nan,nan
ROI_035/patch_72,7,208.5575,226.4371,285.9977,223.2716,284.7436,225.4100,286.0439,225.3701,10,nan,nan,nan
ROI_035/patch_73,0,30.5022,261.5767,21.3090,263.8750,21.1967,262.1725,23.9456,262.5316,11,nan,nan,nan
ROI_035/patch_73,1,291.7434,202.5868,310.1299,201.8207,307.3466,203.1017,310.1894,203.0558,10,nan,nan,nan
ROI_035/patch_73,2,262.1007,91.0687,276.4214,91.5018,270.5813,91.6721,280.9579,91.9509,10,nan,nan,nan
ROI_035/patch_73,3,422.7256,267.6252,453.3912,270.0039,454.2561,268.0361,454.8624,268.0671,10,nan,nan,nan
ROI_035/patch_73,4,181.9088,230.2565,187.3619,232.2733,187.1438,230.8036,188.5936,231.0698,10,nan,nan,nan
ROI_035/patch_73,5,330.2071,383.3089,356.8622,384.9193,356.3613,383.6849,nan,nan,2,nan,nan,nan
ROI_035/patch_73,6,430.0857,493.9872,471.3693,492.8328,470.6052,494.2428,468.5988,494.0763,7,nan,nan,nan
ROI_035/patch_73,7,144.3066,445.4651,159.7259,445.4277,153.4690,445.8851,157.2087,446.0860,5,nan,nan,nan
ROI_035/patch_74,0,163.5417,111.9272,223.8313,111.9272,222.5408,111.8556,224.1064,111.6896,10,nan,nan,nan
ROI_035/patch_74,1,46.7783,214.9537,91.8047,214.1905,94.1517,214.9260,91.7792,214.9446,12,nan,nan,nan
ROI_035/patch_74,2,385.9174,366.5137,438.2790,365.2960,442.5287,366.4857,443.0879,366.6477,9,nan,nan,nan
ROI_035/patch_74,3,135.6139,12.1619,197.8838,11.1902,198.6016,12.0657,199.2662,11.6286,6,nan,nan,nan
ROI_035/patch_74,4,267.5233,108.1071,332.1044,105.8696,332.0911,108.0212,331.4326,107.6814,11,nan,nan,nan
ROI_035/patch_74,5,37.0330,88.0892,90.8031,88.3170,90.8069,88.0269,88.6502,88.2398,13,nan,nan,nan
ROI_035/patch_74,6,38.9265,431.2450,71.4955,432.0202,74.1262,431.2793,76.9371,432.1155,10,nan,nan,nan
ROI_035/patch_74,7,124.4581,330.9620,173.7230,333.3805,169.5241,330.9571,169.6568,330.6234,12,nan,nan,nan
ROI_035/patch_76,0,121.1023,271.8304,181.3131,269.0239,179.7566,271.0529,179.0011,270.0386,11,nan,nan,nan
ROI_035/patch_76,1,311.1743,336.1232,360.4145,336.1232,360.9772,335.4480,362.1224,335.3275,12,nan,nan,nan
ROI_035/patch_76,2,304.8696,431.1280,347.7217,431.5419,350.6742,430.4373,349.8011,430.1161,12,nan,nan,nan
ROI_035/patch_76,3,95.7795,367.7791,149.7567,369.7366,150.9951,366.9750,147.2471,367.6507,11,nan,nan,nan
ROI_035/patch_76,4,129.1751,30.4120,193.9321,30.0736,198.2408,29.6691,193.0504,29.8940,10,nan,nan,nan
ROI_035/patch_76,5,373.7411,242.3058,426.3168,243.1236,425.7107,241.6786,425.1428,241.4831,12,nan,nan,nan
ROI_035/patch_76,6,42.2135,268.3874,99.5030,266.6755,103.5146,267.5646,100.1531,266.6796,10,nan,nan,nan
ROI_035/patch_76,7,384.9209,473.2975,425.1392,473.9159,426.3307,472.6481,424.0299,472.7042,9,nan,nan,nan
ROI_035/patch_79,0,317.4444,269.5610,375.2085,265.7607,373.2698,268.9237,375.1705,268.9916,12,nan,nan,nan
ROI_035/patch_79,1,110.7097,174.5543,165.4336,173.0341,167.0281,173.8437,168.3822,173.7676,11,nan,nan,nan
ROI_035/patch_79,2,125.3713,48.0868,182.9148,47.6252,190.4509,47.1850,183.3636,46.8964,12,nan,nan,nan
ROI_035/patch_79,3,219.5726,276.5582,271.2711,276.0215,272.1992,275.9629,270.7619,275.4528,11,nan,nan,nan
ROI_035/patch_79,4,350.8015,27.4228,421.1284,24.5069,423.5492,26.4175,421.1679,25.9245,11,nan,nan,nan
ROI_035/patch_79,5,420.5969,48.2624,489.1058,48.7812,493.9200,47.2652,490.4520,48.3652,3,nan,nan,nan
ROI_035/patch_79,6,425.7039,482.0263,470.2234,483.8228,470.5262,481.6673,470.6552,480.9771,12,nan,nan,nan
ROI_035/patch_79,7,23.2717,96.7577,79.7701,93.5600,82.2825,95.9608,81.1322,95.4054,9,nan,nan,nan
ROI_035/patch_81,0,282.3828,342.6367,333.4359,341.8747,333.3435,342.9232,333.3155,342.0051,12,nan,nan,nan
ROI_035/patch_81,1,347.9137,374.6402,406.5867,373.8782,403.8242,374.7390,405.6986,374.1117,8,nan,nan,nan
ROI_035/patch_81,2,266.6892,417.9069,322.7681,418.8354,324.0484,418.0302,323.9022,418.6086,13,nan,nan,nan
ROI_035/patch_81,3,170.0828,426.2990,221.2333,427.2173,225.2267,426.5595,221.3231,426.5081,11,nan,nan,nan
ROI_035/patch_81,4,106.2698,261.2024,135.3192,261.8661,144.3463,261.9817,138.2382,262.0563,12,nan,nan,nan
ROI_035/patch_81,5,63.8989,184.8362,92.2669,188.1438,93.6838,185.8764,95.6382,186.0760,10,nan,nan,nan
ROI_035/patch_81,6,191.6544,490.7612,251.3318,491.9862,253.3591,490.8246,249.8371,490.6307,6,nan,nan,nan
ROI_035/patch_81,7,221.7577,35.9998,271.1434,37.0798,242.8062,37.1549,nan,nan,1,nan,nan,nan
ROI_035/patch_82,0,199.5166,30.2219,252.8558,30.9839,250.8815,29.4529,256.8201,28.8960,10,nan,nan,nan
ROI_035/patch_82,1,124.0799,213.0989,175.8950,213.8609,175.3656,212.3909,181.1607,212.5523,10,nan,nan,nan
ROI_035/patch_82,2,22.7525,280.6769,73.0268,279.3918,73.9547,279.8291,74.1300,279.4407,12,nan,nan,nan
ROI_035/patch_82,3,281.6451,356.4096,335.9124,354.8285,333.0289,356.2280,333.4244,356.2921,7,nan,nan,nan
ROI_035/patch_82,4,322.8067,256.4249,372.4878,255.7702,374.2337,256.2098,373.5068,256.0507,10,nan,nan,nan
ROI_035/patch_82,5,255.2960,112.0574,309.4333,111.7546,306.6916,111.5134,312.4351,111.0509,5,nan,nan,nan
ROI_035/patch_82,6,74.6953,102.6843,122.2198,100.8290,125.9586,101.7297,125.1107,101.6304,10,nan,nan,nan
ROI_035/patch_82,7,419.1429,232.6069,461.2038,234.5985,470.6442,232.5749,458.2309,231.7646,9,nan,nan,nan
ROI_035/patch_85,0,173.0341,98.5489,237.6387,98.5489,240.5556,98.4349,237.7819,97.7543,10,nan,nan,nan
ROI_035/patch_85,1,33.1842,10.3826,95.5086,8.8625,94.6861,10.3913,97.4832,9.2282,6,nan,nan,nan
ROI_035/patch_85,2,249.4302,421.5082,327.3251,419.2916,326.4212,421.2582,326.3496,421.1500,10,nan,nan,nan
ROI_035/patch_85,3,124.9165,472.9457,199.6360,472.4954,199.4709,472.7724,201.5409,472.5700,11,nan,nan,nan
ROI_035/patch_85,4,115.4780,181.6100,178.3545,182.1548,183.2066,181.5165,184.9403,181.1831,8,nan,nan,nan
ROI_035/patch_85,5,394.0693,451.9818,474.7756,450.4538,475.9203,451.6203,471.7228,451.4604,7,nan,nan,nan
ROI_035/patch_85,6,176.8144,363.9540,248.2795,361.5275,250.4149,363.7708,247.8026,363.4161,11,nan,nan,nan
ROI_035/patch_85,7,311.3185,200.0092,385.8493,199.6360,385.1134,199.7704,388.1715,200.2141,12,nan,nan,nan
ROI_035/patch_87,0,254.3599,262.7205,341.7661,262.7205,332.3528,261.9766,343.8223,261.4929,10,nan,nan,nan
ROI_035/patch_87,1,180.6347,190.5154,246.7594,188.9953,239.6671,189.9246,244.5872,189.6874,11,nan,nan,nan
ROI_035/patch_87,2,110.6270,91.8212,151.7526,90.9483,149.8737,91.3352,149.5195,91.3941,10,nan,nan,nan
ROI_035/patch_87,3,225.8393,384.6771,303.7634,383.5691,305.3594,384.1948,303.1066,383.7234,7,nan,nan,nan
ROI_035/patch_87,4,324.8383,404.9411,432.9726,401.8104,425.2842,404.1495,433.6451,403.0176,12,nan,nan,nan
ROI_035/patch_87,5,82.7344,435.4723,147.9524,434.4927,136.7408,435.5451,152.4596,434.6495,4,nan,nan,nan
ROI_035/patch_87,6,110.2395,150.0879,153.2727,149.4725,152.8539,149.6818,149.4487,149.5117,11,nan,nan,nan
ROI_035/patch_87,7,319.2872,237.8620,433.7327,236.8787,408.7485,236.8637,428.5421,236.8348,10,nan,nan,nan
ROI_035/patch_89,0,129.7111,55.9858,213.3170,54.4657,212.9188,54.9682,207.5558,54.5499,12,nan,nan,nan
ROI_035/patch_89,1,344.8063,210.2768,426.1321,207.9966,428.0195,209.3033,427.4421,208.9644,10,nan,nan,nan
ROI_035/patch_89,2,133.6301,370.3236,223.1977,369.8881,217.1177,369.6865,223.0711,368.7509,11,nan,nan,nan
ROI_035/patch_89,3,230.4112,85.3748,312.1240,84.1078,313.5830,84.3256,313.6634,84.2758,10,nan,nan,nan
ROI_035/patch_89,4,9.3647,469.0180,105.7694,468.3151,93.0179,468.5843,nan,nan,0,nan,nan,nan
ROI_035/patch_89,5,326.6880,439.3354,410.5409,435.6033,410.1181,438.6533,409.6215,438.7753,7,nan,nan,nan
ROI_035/patch_89,6,119.2734,493.7832,210.3265,492.7256,202.8807,493.3062,209.2074,492.2787,6,nan,nan,nan
ROI_035/patch_89,7,187.5703,192.4417,272.9890,191.0028,270.8648,191.5516,270.5375,191.9408,10,nan,nan,nan
ROI_035/patch_90,0,174.5543,296.9229,252.0798,295.4028,254.3904,295.9844,250.9905,295.2790,12,nan,nan,nan
ROI_035/patch_90,1,164.6735,473.2555,244.2892,471.7354,241.4252,472.3442,247.7350,471.7314,10,nan,nan,nan
ROI_035/patch_90,2,68.3047,280.2812,135.8232,279.8376,141.6542,279.4890,138.9131,279.8347,12,nan,nan,nan
ROI_035/patch_90,3,232.6061,36.1065,328.4969,34.9102,319.7513,35.0671,328.8266,34.8669,11,nan,nan,nan
ROI_035/patch_90,4,237.7282,161.8744,332.4871,160.1291,323.4430,160.8376,333.4926,160.0387,10,nan,nan,nan
ROI_035/patch_90,5,287.8516,451.1280,375.4636,450.9796,372.7011,450.0438,374.0954,449.4262,10,nan,nan,nan
ROI_035/patch_90,6,245.6860,355.2455,329.7488,353.4790,329.2066,354.2126,328.5971,354.2584,12,nan,nan,nan
ROI_035/patch_90,7,367.8770,235.2296,465.4230,234.5736,460.7985,234.0176,464.2736,234.2824,7,nan,nan,nan
ROI_035/patch_93,0,360.9996,431.9872,450.9410,428.9383,456.9972,431.0473,457.0034,430.6655,12,nan,nan,nan
ROI_035/patch_93,1,151.3906,465.5246,254.2896,463.0474,252.0547,464.5820,253.4045,464.3422,10,nan,nan,nan
ROI_035/patch_93,2,409.6091,248.7887,507.3448,248.4840,501.7419,247.8390,nan,nan,0,nan,nan,nan
ROI_035/patch_93,3,364.6822,153.2288,463.8986,152.4449,456.1855,152.2723,460.9723,152.0735,9,nan,nan,nan
ROI_035/patch_93,4,253.5224,234.8484,354.7114,232.2869,348.5130,233.8942,355.8915,233.3905,12,nan,nan,nan
ROI_035/patch_93,5,54.6417,104.2541,148.7229,100.2332,151.4837,103.2875,150.4838,102.8390,12,nan,nan,nan
ROI_035/patch_93,6,135.3320,150.5106,232.5665,148.4433,231.3161,149.5487,232.2774,148.6766,11,nan,nan,nan
ROI_035/patch_93,7,39.3679,447.3772,141.8629,445.5165,141.9538,446.4309,147.7027,446.3233,7,nan,nan,nan
ROI_035/patch_94,0,116.7098,224.4742,205.1267,223.7120,206.4235,223.5723,206.1406,223.4982,10,nan,nan,nan
ROI_035/patch_94,1,13.0486,409.6924,112.1366,408.9302,102.6662,408.8798,115.3279,408.7800,6,nan,nan,nan
ROI_035/patch_94,2,357.9410,420.5157,442.9377,418.8390,447.6789,419.4122,441.6211,419.2211,7,nan,nan,nan
ROI_035/patch_94,3,279.0260,156.9616,372.8140,154.3505,368.8194,155.9221,369.2624,155.5062,12,nan,nan,nan
ROI_035/patch_94,4,326.5576,37.3727,415.4980,36.9694,416.4061,36.2919,421.6819,35.4697,7,nan,nan,nan
ROI_035/patch_94,5,23.2944,80.0805,102.9900,78.1290,113.0204,79.2560,106.0020,78.4878,11,nan,nan,nan
ROI_035/patch_94,6,42.9101,8.3688,119.1870,7.0525,132.6659,7.5271,120.3123,7.1536,5,nan,nan,nan
ROI_035/patch_94,7,262.9431,257.7021,354.7114,256.1061,352.6987,256.6771,353.3892,255.9507,10,nan,nan,nan
ROI_035/patch_95,0,202.2684,397.1158,270.8678,396.3536,272.8207,396.4203,272.7799,395.8899,12,nan,nan,nan
ROI_035/patch_95,1,127.5714,429.8911,198.4574,428.3666,198.1246,429.2775,198.4892,428.7895,10,nan,nan,nan
ROI_035/patch_95,2,367.8966,142.3479,443.1283,144.0606,438.4593,141.4481,444.5977,141.7738,12,nan,nan,nan
ROI_035/patch_95,3,254.8216,253.5260,319.6495,251.5328,325.3815,252.7579,322.0757,252.5779,10,nan,nan,nan
ROI_035/patch_95,4,431.1160,376.9999,507.1543,375.0116,501.6600,376.0630,nan,nan,1,nan,nan,nan
ROI_035/patch_95,5,86.8124,281.4962,161.1088,278.9726,157.3774,280.9069,157.5912,280.0959,10,nan,nan,nan
ROI_035/patch_95,6,267.8086,61.1645,340.2293,60.2170,338.3809,60.3593,339.0039,60.2286,10,nan,nan,nan
ROI_035/patch_95,7,370.2902,9.6320,446.9393,7.6241,440.8618,8.7134,447.6794,8.1575,5,nan,nan,nan
ROI_035/patch_96,0,363.0476,103.1092,444.3734,103.8692,445.5247,102.0681,446.1665,102.5449,10,nan,nan,nan
ROI_035/patch_96,1,146.4323,216.3572,221.6776,215.5972,223.7697,215.6120,223.2054,214.4639,11,nan,nan,nan
ROI_035/patch_96,2,400.0351,263.5756,486.1764,261.9605,483.5026,262.3653,483.7694,261.7274,11,nan,nan,nan
ROI_035/patch_96,3,102.0380,24.2603,179.8746,23.3035,178.1869,23.7178,178.6233,23.1518,10,nan,nan,nan
ROI_035/patch_96,4,61.7274,439.0538,141.1119,432.2126,137.1671,438.3066,nan,nan,2,nan,nan,nan
ROI_035/patch_96,5,291.0766,314.9042,368.9381,313.8341,371.9554,313.8465,368.1861,314.2194,8,nan,nan,nan
ROI_035/patch_96,6,284.8438,131.6669,365.1378,129.7111,365.4576,130.7408,362.7008,129.7160,11,nan,nan,nan
ROI_035/patch_96,7,227.5548,411.1973,311.9973,410.5510,306.9661,410.1847,316.6037,410.0310,9,nan,nan,nan
ROI_035/patch_97,0,179.8746,268.0409,285.5221,268.0409,285.4451,267.0989,287.7557,267.1936,9,nan,nan,nan
ROI_035/patch_97,1,84.1078,165.4336,193.5556,164.6735,192.1210,164.4740,193.1302,164.6035,10,nan,nan,nan
ROI_035/patch_97,2,58.5391,31.0744,168.4738,30.1440,165.2821,30.0713,167.3344,29.8094,8,nan,nan,nan
ROI_035/patch_97,3,217.8282,7.7096,319.7246,7.3424,317.0212,6.6653,320.1742,7.1691,4,nan,nan,nan
ROI_035/patch_97,4,330.1274,54.2304,426.1321,50.6655,425.1297,53.1800,426.0241,53.1393,12,nan,nan,nan
ROI_035/patch_97,5,346.7712,254.7277,445.8935,252.8398,444.6318,253.7467,443.0609,253.3620,10,nan,nan,nan
ROI_035/patch_97,6,53.5353,445.5788,167.7138,443.6134,167.9517,444.7271,163.1967,444.1380,10,nan,nan,nan
ROI_035/patch_97,7,11.6552,340.2062,127.2409,340.8161,126.0525,339.3249,126.5511,339.0815,6,nan,nan,nan
ROI_035/patch_98,0,389.6495,249.7996,483.8962,246.7594,485.6014,248.5781,486.0102,248.5738,10,nan,nan,nan
ROI_035/patch_98,1,122.8706,268.8009,215.4072,267.4709,218.6384,267.8089,213.6146,267.9530,9,nan,nan,nan
ROI_035/patch_98,2,279.6914,441.3996,369.2547,440.5731,375.4801,440.3589,375.1195,440.5499,6,nan,nan,nan
ROI_035/patch_98,3,349.2427,30.1917,438.9264,30.1440,445.2724,28.9005,438.7438,29.0597,12,nan,nan,nan
ROI_035/patch_98,4,101.6768,368.4283,197.4298,366.5840,197.3834,367.5005,196.7455,367.5672,7,nan,nan,nan
ROI_035/patch_98,5,174.4949,463.8515,267.5922,460.4507,270.2039,462.9083,264.5060,462.2383,8,nan,nan,nan
ROI_035/patch_98,6,369.4707,391.9242,468.6299,388.5222,465.3418,390.7860,465.6812,390.3840,12,nan,nan,nan
ROI_035/patch_98,7,43.5849,141.2014,139.3687,140.1809,139.3614,140.2151,139.7858,139.4085,10,nan,nan,nan
ROI_035/patch_99,0,120.5904,24.8236,201.1561,22.5435,202.4570,23.9148,203.3061,23.5129,10,nan,nan,nan
ROI_035/patch_99,1,55.2258,188.2352,142.6320,185.9551,144.2686,187.3974,144.7179,187.8585,12,nan,nan,nan
ROI_035/patch_99,2,34.7857,283.1138,127.4309,280.9618,128.0092,282.3018,130.4388,281.5303,10,nan,nan,nan
ROI_035/patch_99,3,276.0548,310.9093,366.8479,309.8439,370.7014,309.8870,371.5056,309.1784,8,nan,nan,nan
ROI_035/patch_99,4,391.5890,446.9555,482.3761,445.1335,492.3464,445.8426,486.6600,445.3520,9,nan,nan,nan
ROI_035/patch_99,5,360.2443,187.5781,446.8436,185.5750,449.5028,186.4716,449.1405,185.8823,9,nan,nan,nan
ROI_035/patch_99,6,379.5347,20.3467,460.8086,18.0801,461.4110,19.2094,462.5441,19.2572,7,nan,nan,nan
ROI_035/patch_99,7,220.6251,195.1875,305.3776,195.4577,310.1082,194.2045,306.9463,194.1189,8,nan,nan,nan
ROI_035/patch_100,0,236.8787,302.2433,321.2447,299.2031,326.3180,301.1396,319.9094,301.1956,5,nan,nan,nan
ROI_035/patch_100,1,41.5448,345.5664,122.1105,344.8063,122.6832,344.3060,123.9425,344.2300,8,nan,nan,nan
ROI_035/patch_100,2,133.4399,80.4421,231.5583,78.0274,230.3726,79.4455,229.7130,78.5214,12,nan,nan,nan
ROI_035/patch_100,3,270.2947,398.9128,348.6066,398.0101,356.0981,397.7550,353.5442,397.1120,11,nan,nan,nan
ROI_035/patch_100,4,104.7346,458.4688,184.6250,455.0142,182.3930,457.1605,187.3695,457.4564,7,nan,nan,nan
ROI_035/patch_100,5,266.5862,100.5355,370.1415,97.7096,366.7664,99.6072,369.1055,99.5674,12,nan,nan,nan
ROI_035/patch_100,6,343.4640,295.0121,436.2662,294.8486,436.6357,293.9812,433.8088,294.0883,9,nan,nan,nan
ROI_035/patch_100,7,36.3260,101.3249,130.0101,100.7570,129.1636,100.2510,128.9866,100.4922,10,nan,nan,nan
ROI_035/patch_101,0,324.9672,447.0145,402.4657,449.0539,407.1829,446.7728,nan,nan,2,nan,nan,nan
ROI_035/patch_101,1,132.2408,235.9332,236.2519,232.8740,237.2655,234.8862,235.2044,234.1811,12,nan,nan,nan
ROI_035/patch_101,2,64.0482,89.3899,177.5544,85.5887,179.9720,87.9574,178.5345,87.4511,7,nan,nan,nan
ROI_035/patch_101,3,8.8587,156.0141,122.1073,152.6988,126.3120,154.5290,123.7680,154.5880,6,nan,nan,nan
ROI_035/patch_101,4,207.7199,347.2292,308.0757,346.2254,302.6847,346.5377,303.7292,346.1443,12,nan,nan,nan
ROI_035/patch_101,5,134.6300,476.8939,233.0269,474.6595,229.9895,476.1909,230.6463,475.6370,12,nan,nan,nan
ROI_035/patch_101,6,191.0703,139.7876,297.7598,136.9559,295.4538,138.7615,293.6823,138.1130,11,nan,nan,nan
ROI_035/patch_101,7,363.6336,68.7627,460.4725,67.6717,457.8302,68.0933,459.6052,67.6289,12,nan,nan,nan
ROI_035/patch_102,0,258.9202,257.4001,328.0852,256.6401,332.1823,256.9155,329.5697,256.4523,11,nan,nan,nan
ROI_035/patch_102,1,122.8706,288.5623,184.4350,287.8023,182.9826,288.2736,181.2815,288.1323,10,nan,nan,nan
ROI_035/patch_102,2,10.3719,359.1485,66.6266,360.7675,60.7042,358.9664,68.3140,359.6591,6,nan,nan,nan
ROI_035/patch_102,3,303.7304,28.8120,388.1294,25.5837,375.9946,28.5330,387.0846,27.5505,12,nan,nan,nan
ROI_035/patch_102,4,312.0627,419.0730,396.4900,419.2916,394.7047,418.2965,395.6332,418.9136,12,nan,nan,nan
ROI_035/patch_102,5,185.0305,411.6570,250.5596,411.6911,254.5029,411.1088,250.1330,410.8186,10,nan,nan,nan
ROI_035/patch_102,6,402.9526,73.0519,492.2568,73.4671,486.4417,72.5471,492.0477,72.3138,7,nan,nan,nan
ROI_035/patch_102,7,199.1750,142.8547,271.0811,141.1119,263.5324,142.6148,269.4597,141.6561,7,nan,nan,nan
ROI_035/patch_103,0,61.3062,101.5891,155.5529,100.0690,155.9014,100.5858,156.5255,100.3593,11,nan,nan,nan
ROI_035/patch_103,1,268.8009,45.3451,364.5677,41.5448,365.7272,44.2234,364.6212,43.8463,9,nan,nan,nan
ROI_035/patch_103,2,354.4071,161.9916,445.8935,160.8733,448.9021,161.0205,450.2723,160.4905,10,nan,nan,nan
ROI_035/patch_103,3,400.8092,311.8254,489.2166,311.3640,491.8853,311.0592,490.8654,310.3298,10,nan,nan,nan
ROI_035/patch_103,4,315.2116,493.2533,390.4096,491.4968,401.4874,492.7614,391.8534,492.8165,6,nan,nan,nan
ROI_035/patch_103,5,124.6908,422.8254,205.7165,420.8117,211.7877,422.2682,207.5130,422.1582,12,nan,nan,nan
ROI_035/patch_103,6,211.1453,133.7654,307.8487,133.9389,305.6578,132.7803,306.6318,132.8984,10,nan,nan,nan
ROI_035/patch_103,7,123.1600,268.5952,216.2622,267.1383,213.9916,267.8185,217.9534,268.5264,7,nan,nan,nan
ROI_035/patch_104,0,239.1588,381.2889,317.4444,381.2889,318.9850,380.0301,321.3267,379.7833,10,nan,nan,nan
ROI_035/patch_104,1,150.9926,382.8090,231.5583,382.8090,229.8424,381.4700,233.0410,381.1191,8,nan,nan,nan
ROI_035/patch_104,2,73.8527,158.8488,156.3130,158.5931,156.2548,157.6598,157.2604,157.0893,12,nan,nan,nan
ROI_035/patch_104,3,98.6872,448.8598,177.5945,446.6536,175.6836,447.4096,175.9256,447.1219,3,nan,nan,nan
ROI_035/patch_104,4,317.5272,204.7787,407.8908,201.1561,401.6470,203.7622,406.9154,202.9168,11,nan,nan,nan
ROI_035/patch_104,5,329.7687,73.8888,417.0115,71.1869,416.5800,73.0110,418.8488,71.5279,11,nan,nan,nan
ROI_035/patch_104,6,105.1138,6.1907,192.0355,2.0220,190.8374,5.1787,nan,nan,2,nan,nan,nan
ROI_035/patch_104,7,98.4741,227.8971,182.1548,223.9578,179.7900,226.6626,182.0531,225.8859,11,nan,nan,nan
ROI_035/patch_105,0,417.0115,117.5502,506.6978,116.0301,502.9936,116.8928,nan,nan,0,nan,nan,nan
ROI_035/patch_105,1,90.1883,81.8277,194.3157,79.5475,181.5388,80.9397,193.2871,80.5415,10,nan,nan,nan
ROI_035/patch_105,2,206.1221,394.8171,315.1642,394.2099,313.2432,393.6854,309.8211,393.4923,6,nan,nan,nan
ROI_035/patch_105,3,286.2216,455.1940,394.2099,454.2541,395.0652,454.0628,394.7607,454.0975,10,nan,nan,nan
ROI_035/patch_105,4,154.8790,455.0868,261.9605,453.4941,266.7186,453.8475,262.9090,454.0739,10,nan,nan,nan
ROI_035/patch_105,5,384.1603,192.5922,480.0960,193.5556,475.3099,191.8264,479.4980,191.7522,8,nan,nan,nan
ROI_035/patch_105,6,51.7450,245.9029,163.1534,244.4792,153.6308,244.8054,163.7338,244.1101,6,nan,nan,nan
ROI_035/patch_105,7,359.0281,341.4032,461.0946,340.2460,459.5103,340.4553,461.4727,341.3211,7,nan,nan,nan
ROI_035/patch_106,0,84.8679,367.6080,163.9135,368.3680,169.6541,366.9905,167.3700,366.6319,11,nan,nan,nan
ROI_035/patch_106,1,159.3532,144.9121,228.5181,142.6320,231.3497,144.4489,229.7378,144.8746,11,nan,nan,nan
ROI_035/patch_106,2,263.5726,404.3943,339.4860,403.3305,340.2125,403.9431,339.7958,403.5669,6,nan,nan,nan
ROI_035/patch_106,3,272.4524,501.6182,354.6870,501.3775,352.4525,501.1411,nan,nan,2,nan,nan,nan
ROI_035/patch_106,4,186.1503,33.8147,254.3599,33.9443,252.3228,33.4180,256.5336,33.2463,10,nan,nan,nan
ROI_035/patch_106,5,378.0336,235.6470,440.5731,235.3586,441.8658,235.3709,441.7777,235.4152,10,nan,nan,nan
ROI_035/patch_106,6,44.8106,93.6934,122.8706,93.6085,120.9377,93.1335,121.2922,92.6043,11,nan,nan,nan
ROI_035/patch_106,7,415.0720,419.9861,478.8662,420.7886,484.1902,419.6814,484.6656,420.8207,10,nan,nan,nan
ROI_035/patch_107,0,340.8498,431.4639,377.4508,429.1764,381.6945,431.5871,378.9255,431.5495,12,nan,nan,nan
ROI_035/patch_107,1,205.8834,429.9389,247.4408,429.1764,242.4639,430.1699,244.9720,429.6946,8,nan,nan,nan
ROI_035/patch_107,2,116.5137,288.9974,163.0233,288.9676,159.8685,289.0005,161.3366,288.9016,6,nan,nan,nan
ROI_035/patch_107,3,304.6471,270.2752,360.6701,269.4262,355.3759,270.0834,356.3826,269.3681,11,nan,nan,nan
ROI_035/patch_107,4,274.9572,66.4528,339.4798,66.5864,338.7051,65.8495,339.6927,65.4937,9,nan,nan,nan
ROI_035/patch_107,5,11.3675,293.6970,59.6039,294.9697,50.9964,293.7967,62.3578,293.7982,7,nan,nan,nan
ROI_035/patch_107,6,437.3940,434.2732,481.6542,432.1412,481.1712,434.3229,482.3989,433.6937,10,nan,nan,nan
ROI_035/patch_107,7,393.7915,134.3884,460.1797,132.6667,456.7264,133.8326,458.4156,133.9989,10,nan,nan,nan
ROI_035/patch_109,0,242.9591,27.8638,349.3667,24.8236,350.6415,26.9264,351.3541,26.6207,10,nan,nan,nan
ROI_035/patch_109,1,336.4457,187.4752,434.3502,185.0050,429.6818,186.9489,432.5640,185.6453,12,nan,nan,nan
ROI_035/patch_109,2,27.4267,101.7816,140.5418,98.9764,136.3566,100.5061,137.0982,100.0627,9,nan,nan,nan
ROI_035/patch_109,3,32.0120,460.7881,119.2603,460.0020,114.7564,460.0173,121.4797,460.1231,9,nan,nan,nan
ROI_035/patch_109,4,237.2700,494.1790,313.0741,492.6843,311.2971,493.8735,313.9135,493.4461,6,nan,nan,nan
ROI_035/patch_109,5,378.0986,499.3629,449.1238,498.7648,447.4307,499.3521,449.0674,499.3109,3,nan,nan,nan
ROI_035/patch_109,6,104.7496,262.1092,204.3864,260.8679,199.6768,261.2128,201.0995,260.8733,7,nan,nan,nan
ROI_035/patch_109,7,334.1939,378.6264,416.4414,376.3961,413.6315,378.3593,416.3645,378.4291,10,nan,nan,nan
ROI_035/patch_110,0,255.3100,505.6053,319.9146,505.6053,321.3533,505.4650,nan,nan,0,nan,nan,nan
ROI_035/patch_110,1,206.6665,139.2592,293.3127,136.9791,293.2463,138.6922,295.6334,137.5083,12,nan,nan,nan
ROI_035/patch_110,2,17.0314,392.0006,95.6987,390.8371,100.4743,391.5853,99.6512,391.4910,10,nan,nan,nan
ROI_035/patch_110,3,352.9225,264.3843,424.8020,263.9081,426.0806,264.0459,424.2648,264.1195,9,nan,nan,nan
ROI_035/patch_110,4,173.9468,422.5610,252.4598,421.4293,248.1217,422.2790,250.7933,422.2566,9,nan,nan,nan
ROI_035/patch_110,5,35.4022,258.0337,124.1828,258.6565,124.5678,257.4855,124.7229,258.1508,11,nan,nan,nan
ROI_035/patch_110,6,263.7880,311.7065,345.2568,312.1993,339.0093,311.3622,341.3091,311.1546,11,nan,nan,nan
ROI_035/patch_110,7,326.5906,20.1202,407.4034,19.6000,413.1401,19.5011,410.0018,20.1257,9,nan,nan,nan
ROI_035/patch_111,0,340.8882,487.8749,366.8082,487.1125,365.9551,487.8008,366.5279,487.2061,10,nan,nan,nan
ROI_035/patch_111,1,230.3471,425.3620,255.5047,424.5997,259.4823,425.2719,256.2551,424.5543,11,nan,nan,nan
ROI_035/patch_111,2,247.4659,19.6740,282.9494,18.2659,290.5530,18.8246,285.7181,18.4943,10,nan,nan,nan
ROI_035/patch_111,3,74.1991,143.5924,122.8554,144.0540,115.8727,143.1250,124.4704,142.8903,9,nan,nan,nan
ROI_035/patch_111,4,178.7128,206.2128,217.1965,207.3293,216.4166,205.7669,217.1785,205.6110,11,nan,nan,nan
ROI_035/patch_111,5,264.6413,321.9059,291.7423,319.7767,296.8271,321.5954,295.9137,321.6553,9,nan,nan,nan
ROI_035/patch_111,6,108.8198,388.0606,148.0387,387.7154,141.3244,388.0107,147.0229,387.8867,11,nan,nan,nan
ROI_035/patch_111,7,17.0198,257.6867,67.2324,257.2155,55.6573,257.4797,68.3222,256.4881,10,nan,nan,nan
ROI_035/patch_112,0,89.4282,173.0341,143.3920,169.9939,134.5675,172.5302,141.1064,171.7392,9,nan,nan,nan
ROI_035/patch_112,1,334.1656,366.8479,382.2390,363.6177,380.9165,366.1301,385.6466,365.2771,11,nan,nan,nan
ROI_035/patch_112,2,172.3000,458.0261,201.6628,456.9143,202.4854,457.6753,201.1339,456.9846,10,nan,nan,nan
ROI_035/patch_112,3,381.5458,219.4043,439.9398,217.1173,441.6778,218.4550,439.7210,217.5994,12,nan,nan,nan
ROI_035/patch_112,4,47.9496,454.2234,68.7959,454.1116,70.6268,454.0785,72.9718,453.6771,10,nan,nan,nan
ROI_035/patch_112,5,179.6839,302.4575,221.8518,300.3907,221.3232,301.9343,218.8434,301.6511,8,nan,nan,nan
ROI_035/patch_112,6,29.6639,70.4235,76.3014,70.4744,78.3157,69.9150,74.7279,69.4795,11,nan,nan,nan
ROI_035/patch_112,7,282.0114,404.0829,325.5991,403.3780,322.8697,403.4914,nan,nan,2,nan,nan,nan
ROI_035/patch_113,0,190.5154,379.0088,241.4390,377.4887,240.8589,378.9815,241.4235,378.8933,11,nan,nan,nan
ROI_035/patch_113,1,296.1629,221.6776,353.9270,221.6776,354.3336,221.6550,352.7457,221.5393,10,nan,nan,nan
ROI_035/patch_113,2,412.1303,345.9797,457.2943,345.5664,460.9099,346.0525,457.3447,346.5979,10,nan,nan,nan
ROI_035/patch_113,3,123.5647,211.6483,190.7054,211.9394,185.1182,211.5368,186.8805,211.0341,9,nan,nan,nan
ROI_035/patch_113,4,117.2373,26.1038,187.0569,25.7737,190.1269,25.9328,187.6484,25.8212,10,nan,nan,nan
ROI_035/patch_113,5,408.8056,2.3274,480.8178,0.8819,478.4461,2.2941,nan,nan,0,nan,nan,nan
ROI_035/patch_113,6,77.6123,311.1965,134.2332,312.5040,133.8773,311.0925,134.8567,311.2888,11,nan,nan,nan
ROI_035/patch_113,7,368.3030,502.2758,412.9830,502.7076,408.3240,502.3743,nan,nan,2,nan,nan,nan
ROI_035/patch_114,0,191.2754,278.6816,237.3252,277.0682,235.5684,279.0237,236.1853,278.2516,10,nan,nan,nan
ROI_035/patch_114,1,420.0517,384.3291,441.0197,385.7559,439.8423,385.2073,439.2133,385.1660,12,nan,nan,nan
ROI_035/patch_114,2,359.7756,318.8330,387.8159,318.3011,389.3840,319.4809,385.8048,320.1595,11,nan,nan,nan
ROI_035/patch_114,3,243.1722,104.8879,301.9298,105.4860,299.5618,104.8842,300.9372,104.7192,10,nan,nan,nan
ROI_035/patch_114,4,25.1462,105.9758,89.8747,104.7259,95.8012,105.7018,89.5998,105.3071,10,nan,nan,nan
ROI_035/patch_114,5,432.3008,259.0216,460.7811,258.2568,462.4713,259.6190,458.2343,259.6687,10,nan,nan,nan
ROI_035/patch_114,6,376.3206,478.3366,390.6661,483.2328,390.5994,479.3821,395.0744,479.1538,12,nan,nan,nan
ROI_035/patch_114,7,97.4786,77.1892,165.6826,76.7573,165.9386,76.9377,166.9728,76.3652,7,nan,nan,nan
ROI_035/patch_115,0,321.2447,359.2474,343.2862,357.7273,337.4675,359.1818,339.4783,358.5019,9,nan,nan,nan
ROI_035/patch_115,1,110.7097,241.4390,124.3907,242.1991,126.8185,241.4969,123.9626,241.7995,12,nan,nan,nan
ROI_035/patch_115,2,12.4436,470.9801,27.1038,470.9753,19.2813,471.0945,24.8850,470.7782,6,nan,nan,nan
ROI_035/patch_115,3,204.1688,477.7307,217.8773,477.8158,214.3673,477.7330,217.4573,477.9317,11,nan,nan,nan
ROI_035/patch_115,4,423.8604,251.0905,441.3332,249.7996,445.5030,250.9654,442.9340,251.4076,11,nan,nan,nan
ROI_035/patch_115,5,43.3390,286.2982,51.4255,286.2822,56.7366,286.3953,55.7460,286.5410,10,nan,nan,nan
ROI_035/patch_115,6,176.9380,86.7397,199.6994,87.5281,199.2950,86.7595,203.0742,86.8515,11,nan,nan,nan
ROI_035/patch_115,7,372.7299,128.0666,394.0372,127.9188,397.4035,127.9720,392.6437,127.6579,10,nan,nan,nan
ROI_035/patch_116,0,182.1548,445.8935,219.3974,445.1335,215.9129,445.5651,215.1140,445.1109,11,nan,nan,nan
ROI_035/patch_116,1,136.5516,137.3116,166.1937,137.3116,166.1943,136.8183,162.5034,136.4294,12,nan,nan,nan
ROI_035/patch_116,2,361.0514,363.7179,400.2903,361.5275,406.3012,363.1366,399.3181,363.5233,12,nan,nan,nan
ROI_035/patch_116,3,426.4996,119.2465,479.3359,117.5502,475.1820,118.4234,477.5062,117.7473,12,nan,nan,nan
ROI_035/patch_116,4,398.4533,18.6407,447.4136,17.2231,444.9257,17.7783,448.9695,17.8319,6,nan,nan,nan
ROI_035/patch_116,5,27.5868,275.1219,50.6655,273.3613,50.5458,274.8437,52.3989,273.9545,10,nan,nan,nan
ROI_035/patch_116,6,266.9326,97.4011,306.8036,95.5086,305.0225,96.7373,305.7750,96.0967,11,nan,nan,nan
ROI_035/patch_116,7,356.9739,256.0343,400.6703,251.6997,401.5675,255.3825,401.4383,255.0545,10,nan,nan,nan
ROI_035/patch_117,0,158.5931,352.4069,210.2768,350.8868,210.4799,352.4522,209.2284,351.9987,10,nan,nan,nan
ROI_035/patch_117,1,105.3893,305.2835,157.0730,306.0436,157.1715,305.2733,156.7288,305.6429,12,nan,nan,nan
ROI_035/patch_117,2,151.6602,128.5837,204.1964,128.1910,208.3485,128.5639,202.6799,128.0773,10,nan,nan,nan
ROI_035/patch_117,3,362.2533,329.9594,420.8117,331.8854,419.0272,330.1633,420.5094,330.4200,12,nan,nan,nan
ROI_035/patch_117,4,320.6875,496.4472,372.1683,496.8171,372.8825,496.6618,372.1940,495.9800,6,nan,nan,nan
ROI_035/patch_117,5,434.2864,380.2229,487.6965,379.0088,491.5013,380.4984,491.5676,380.0164,8,nan,nan,nan
ROI_035/patch_117,6,414.6946,7.8572,458.8778,7.4691,479.7239,8.0177,459.9665,8.0031,4,nan,nan,nan
ROI_035/patch_117,7,174.5466,14.3774,219.2074,14.5629,234.2546,14.3456,219.7716,15.3994,8,nan,nan,nan
ROI_035/patch_118,0,360.0708,284.1287,418.8483,285.1421,406.3419,283.7588,417.1175,283.8394,12,nan,nan,nan
ROI_035/patch_118,1,131.0412,192.9222,174.6176,192.9222,171.9911,192.6914,169.8185,193.1128,10,nan,nan,nan
ROI_035/patch_118,2,259.4766,396.2213,309.4005,396.6167,307.8922,395.8644,309.8404,395.2231,10,nan,nan,nan
ROI_035/patch_118,3,452.5854,416.5841,508.0279,417.8982,503.8223,416.1279,nan,nan,1,nan,nan,nan
ROI_035/patch_118,4,59.0200,389.0837,107.7328,391.5497,104.9193,388.8255,103.7739,388.7259,11,nan,nan,nan
ROI_035/patch_118,5,127.6521,467.3659,174.6176,467.5551,176.6468,467.0499,172.9542,467.0743,9,nan,nan,nan
ROI_035/patch_118,6,447.7890,169.1985,496.8805,168.6005,491.6841,168.8228,493.6166,168.7900,4,nan,nan,nan
ROI_035/patch_118,7,16.6131,20.9394,55.0358,17.6031,51.1809,20.8179,54.5599,19.7888,10,nan,nan,nan
ROI_035/patch_120,0,277.9216,40.7848,324.2849,38.5046,322.8755,40.3659,323.2374,39.8097,12,nan,nan,nan
ROI_035/patch_120,1,190.5154,65.1065,230.0382,65.1065,230.5593,64.7257,234.8115,63.9670,9,nan,nan,nan
ROI_035/patch_120,2,110.4425,200.7130,144.1521,201.1561,143.7078,200.4136,142.9379,200.4707,11,nan,nan,nan
ROI_035/patch_120,3,73.1186,391.6141,98.5489,394.9699,100.6547,391.4052,99.6603,391.5763,8,nan,nan,nan
ROI_035/patch_120,4,433.9010,490.4449,469.4552,489.9767,477.6953,490.1608,465.7735,489.9240,10,nan,nan,nan
ROI_035/patch_120,5,258.9107,361.6461,293.8827,360.0074,296.4465,361.3652,291.8802,360.8708,10,nan,nan,nan
ROI_035/patch_120,6,320.3153,257.1647,356.9672,254.3599,363.0591,256.8212,358.9720,256.1569,7,nan,nan,nan
ROI_035/patch_120,7,192.3799,504.9637,223.7677,505.7478,223.6669,504.7631,nan,nan,0,nan,nan,nan
ROI_035/patch_121,0,122.4906,185.1950,184.8150,185.9551,173.7698,185.1153,180.7128,184.3094,9,nan,nan,nan
ROI_035/patch_121,1,293.5027,60.5462,347.8466,58.4560,344.8588,60.4287,347.9290,60.0990,10,nan,nan,nan
ROI_035/patch_121,2,423.7466,324.6689,453.4941,338.9159,474.8276,324.8659,474.8507,324.4471,10,nan,nan,nan
ROI_035/patch_121,3,271.6941,27.0083,324.2849,26.5337,323.0863,26.8483,323.9423,26.5123,11,nan,nan,nan
ROI_035/patch_121,4,438.8375,74.2958,492.2568,74.4171,490.1477,74.2607,490.6279,74.0512,9,nan,nan,nan
ROI_035/patch_121,5,25.6299,286.7858,81.2576,285.7121,76.8369,286.7571,83.6264,286.3463,10,nan,nan,nan
ROI_035/patch_121,6,164.9263,431.5535,205.7165,433.5426,215.9670,431.7295,209.2068,431.9432,11,nan,nan,nan
ROI_035/patch_121,7,411.5916,134.1884,463.3748,134.0814,462.8524,134.1975,462.7184,134.5126,10,nan,nan,nan
ROI_035/patch_122,0,193.5556,387.9394,234.5985,387.9394,236.8216,387.6645,238.1619,387.5653,12,nan,nan,nan
ROI_035/patch_122,1,84.1078,238.2088,131.2312,235.1686,135.6050,237.6973,135.1622,236.9263,10,nan,nan,nan
ROI_035/patch_122,2,352.7009,116.7915,411.6911,115.0800,408.1580,116.3423,410.0362,115.3406,10,nan,nan,nan
ROI_035/patch_122,3,241.2125,178.7623,297.6830,178.1645,294.4539,178.2995,293.3206,178.1790,9,nan,nan,nan
ROI_035/patch_122,4,59.2902,390.0113,106.1494,388.6995,103.4738,389.6432,104.4853,389.0142,10,nan,nan,nan
ROI_035/patch_122,5,383.3790,472.4293,409.4109,477.6258,421.0274,472.3789,408.9179,472.3349,8,nan,nan,nan
ROI_035/patch_122,6,2.3202,123.4680,56.0333,122.2478,60.1092,122.7768,nan,nan,2,nan,nan,nan
ROI_035/patch_122,7,138.0181,478.9392,179.1621,478.7131,177.2088,478.7212,177.1674,478.4917,12,nan,nan,nan
ROI_035/patch_123,0,221.6776,32.4242,272.6012,31.6641,272.6825,31.8560,273.2300,31.9921,12,nan,nan,nan
ROI_035/patch_123,1,66.6266,13.4228,114.5100,11.9027,120.4535,12.8195,117.6036,12.6358,7,nan,nan,nan
ROI_035/patch_123,2,352.4730,190.8396,382.8090,192.7955,382.8412,190.7270,378.5130,191.3093,9,nan,nan,nan
ROI_035/patch_123,3,31.3917,311.6879,48.3853,309.8439,47.0642,311.9816,50.8667,311.1533,11,nan,nan,nan
ROI_035/patch_123,4,213.7490,465.7274,206.4765,466.6050,209.2176,466.4564,207.7235,466.8546,13,nan,nan,nan
ROI_035/patch_123,5,163.3721,244.2198,190.5154,247.7094,187.3667,244.2932,189.0953,244.9031,11,nan,nan,nan
ROI_035/patch_123,6,416.0243,262.8391,435.6328,264.6206,437.0031,262.9329,434.5160,263.6089,9,nan,nan,nan
ROI_035/patch_123,7,102.2228,369.1444,107.2895,371.0282,110.3523,369.6001,109.1854,369.6029,11,nan,nan,nan
ROI_035/patch_124,0,263.4806,215.5972,278.6816,214.8371,279.2538,215.6783,282.2002,214.9615,7,nan,nan,nan
ROI_035/patch_124,1,69.6668,131.9912,90.9483,130.4711,92.9788,131.6678,94.7848,131.7984,10,nan,nan,nan
ROI_035/patch_124,2,371.5414,454.0712,364.5677,454.2541,362.8430,454.9068,365.1756,454.9628,9,nan,nan,nan
ROI_035/patch_124,3,364.3052,76.6058,397.0601,75.9372,395.4346,76.3942,390.5049,76.0884,10,nan,nan,nan
ROI_035/patch_124,4,228.4171,496.9649,212.6203,498.0839,214.2320,497.7902,215.2781,497.9975,6,nan,nan,nan
ROI_035/patch_124,5,31.3828,251.1778,45.5984,252.5865,41.8482,251.1486,44.1298,251.0316,11,nan,nan,nan
ROI_035/patch_124,6,93.6849,87.1393,120.5512,86.3238,121.8954,86.7138,119.6839,86.9852,12,nan,nan,nan
ROI_035/patch_124,7,256.0041,374.9200,250.1103,374.5307,254.8963,375.4336,255.7674,376.2398,12,nan,nan,nan
ROI_035/patch_125,0,311.3640,176.0744,347.0865,175.3143,333.4284,175.9806,343.2946,175.3550,12,nan,nan,nan
ROI_035/patch_125,1,382.0490,414.7313,393.4498,414.7313,388.4841,415.1373,388.8728,414.6532,13,nan,nan,nan
ROI_035/patch_125,2,266.3033,298.1331,274.1213,296.9229,279.9834,298.3380,279.0855,298.9455,12,nan,nan,nan
ROI_035/patch_125,3,220.4028,116.2171,243.3391,115.0800,246.0347,116.0368,245.5497,115.1269,11,nan,nan,nan
ROI_035/patch_125,4,453.3593,297.5519,475.9157,298.0630,467.9786,297.6564,478.2160,297.7522,11,nan,nan,nan
ROI_035/patch_125,5,61.3862,116.0146,90.5683,117.9302,86.2663,115.9182,87.4166,115.3773,12,nan,nan,nan
ROI_035/patch_125,6,393.2995,92.2718,437.5329,92.2784,421.3658,91.9460,431.9593,92.2078,12,nan,nan,nan
ROI_035/patch_125,7,310.1693,492.7339,313.8341,492.6368,311.0390,493.3536,310.7868,492.6672,8,nan,nan,nan
ROI_035/patch_126,0,26.3437,417.0115,29.3839,418.5316,39.2111,416.8573,26.9942,417.1515,9,nan,nan,nan
ROI_035/patch_126,1,119.0703,241.4390,137.3116,241.4390,136.9086,241.3481,138.2123,241.9833,11,nan,nan,nan
ROI_035/patch_126,2,300.4517,381.1967,301.4833,380.5289,296.7822,381.5983,300.8416,381.8501,12,nan,nan,nan
ROI_035/patch_126,3,371.6554,98.0515,381.2889,96.2687,381.3900,98.3885,384.2003,98.2728,7,nan,nan,nan
ROI_035/patch_126,4,404.0043,296.9278,394.9699,296.1629,398.6597,297.4854,397.3071,297.4992,10,nan,nan,nan
ROI_035/patch_126,5,50.9976,212.9625,74.2271,214.0771,75.3581,212.7051,76.7542,212.7078,10,nan,nan,nan
ROI_035/patch_126,6,73.5606,16.4496,112.2298,15.7030,109.0710,16.0903,111.5664,16.6575,10,nan,nan,nan
ROI_035/patch_126,7,486.8905,465.0347,461.8547,464.8949,464.9798,465.8968,461.5986,464.6941,7,nan,nan,nan
ROI_035/patch_127,0,119.8304,154.7928,100.8290,156.3130,102.3169,155.4117,106.3217,155.5965,10,nan,nan,nan
ROI_035/patch_127,1,242.9591,172.2741,229.2781,173.0341,225.6164,172.9415,229.8080,172.6816,10,nan,nan,nan
ROI_035/patch_127,2,333.0160,20.7952,315.1642,22.5435,330.4426,21.3351,320.0521,21.2340,10,nan,nan,nan
ROI_035/patch_127,3,13.3096,49.9244,6.5823,48.3853,3.6493,50.4120,7.2430,50.2931,3,nan,nan,nan
ROI_035/patch_127,4,459.6809,496.0153,415.4914,498.3372,416.5200,497.0593,415.1995,497.2960,6,nan,nan,nan
ROI_035/patch_127,5,103.9028,489.9451,62.0663,485.4163,56.2865,490.8927,65.3203,490.3786,6,nan,nan,nan
ROI_035/patch_127,6,458.5756,153.1995,432.9726,155.5529,445.9615,153.9028,433.9088,154.3366,10,nan,nan,nan
ROI_035/patch_127,7,25.1789,145.1275,6.5823,145.6722,7.1978,145.7127,12.0418,145.6984,6,nan,nan,nan
ROI_035/patch_128,0,322.0047,410.9310,313.6441,414.7313,311.6582,411.3490,315.0023,412.1902,11,nan,nan,nan
ROI_035/patch_128,1,177.5945,486.9364,159.3532,487.6965,158.0218,487.5139,157.9273,488.0898,10,nan,nan,nan
ROI_035/patch_128,2,377.4574,159.7914,373.6884,160.1132,373.7449,160.1447,377.1526,160.2816,9,nan,nan,nan
ROI_035/patch_128,3,268.9141,93.9652,255.8800,95.5086,259.9792,94.4366,256.4049,94.9362,10,nan,nan,nan
ROI_035/patch_128,4,110.7114,224.7259,88.6682,226.2379,91.0076,225.3729,90.7896,226.1541,8,nan,nan,nan
ROI_035/patch_128,5,94.1801,329.7723,73.4671,332.6455,72.0784,330.4389,69.1560,330.7634,11,nan,nan,nan
ROI_035/patch_128,6,60.7107,470.0792,30.9040,470.9753,34.7619,470.7847,28.4424,470.7219,12,nan,nan,nan
ROI_035/patch_128,7,118.8402,141.9935,95.6511,142.4895,100.7485,142.6303,99.7114,142.3237,11,nan,nan,nan
ROI_035/patch_130,0,89.6341,154.1674,64.5523,154.9274,62.0542,154.9274,63.5621,155.6522,9,nan,nan,nan
ROI_035/patch_130,1,240.8848,230.9328,213.3328,231.6929,213.6491,231.8948,214.8435,231.0223,11,nan,nan,nan
ROI_035/patch_130,2,243.9781,377.0300,216.9431,378.9534,212.5785,378.2508,212.2103,378.0128,10,nan,nan,nan
ROI_035/patch_130,3,356.8957,213.8728,331.7112,213.2616,332.1155,214.8557,331.8015,215.1379,12,nan,nan,nan
ROI_035/patch_130,4,301.6070,503.7963,259.5061,505.8824,267.5243,505.2660,nan,nan,1,nan,nan,nan
ROI_035/patch_130,5,476.1343,427.1755,445.9094,426.2667,447.2161,428.5869,444.1521,427.6810,10,nan,nan,nan
ROI_035/patch_130,6,273.3068,123.8808,247.8520,123.8286,249.7091,124.6683,248.6265,124.2258,12,nan,nan,nan
ROI_035/patch_130,7,145.4350,257.4712,110.2822,258.3581,115.8182,258.4379,112.4372,258.8016,12,nan,nan,nan
ROI_035/patch_131,0,254.3599,309.0838,201.1561,309.8439,205.5710,310.2791,203.0539,310.2106,6,nan,nan,nan
ROI_035/patch_131,1,483.8962,420.8117,440.5731,422.3318,429.7980,422.3707,439.2638,422.4949,12,nan,nan,nan
ROI_035/patch_131,2,346.0315,417.4468,298.0630,420.2417,295.0334,418.8893,295.1365,419.4142,10,nan,nan,nan
ROI_035/patch_131,3,407.1017,80.8474,358.2944,80.9888,355.2016,81.8008,357.1681,81.9154,11,nan,nan,nan
ROI_035/patch_131,4,294.7413,98.2566,241.0453,101.2857,245.3397,99.1473,243.6638,100.4215,10,nan,nan,nan
ROI_035/patch_131,5,92.6339,260.7996,47.9290,263.6610,47.5434,261.7874,47.3366,261.0190,12,nan,nan,nan
ROI_035/patch_131,6,120.2597,123.7110,84.0562,126.1149,74.7400,124.5018,82.1437,124.2878,11,nan,nan,nan
ROI_035/patch_131,7,475.4298,21.8138,437.1831,22.8568,422.0779,22.7279,436.3013,22.7209,12,nan,nan,nan
ROI_035/patch_132,0,282.7194,116.7426,269.1810,116.2043,266.5547,117.2729,269.4816,117.5068,10,nan,nan,nan
ROI_035/patch_132,1,101.0665,15.4655,71.5669,16.4472,74.8522,15.9217,75.4086,15.8664,10,nan,nan,nan
ROI_035/patch_132,2,301.7410,436.0991,282.4819,438.0396,281.2785,437.2417,282.3293,437.3461,9,nan,nan,nan
ROI_035/patch_132,3,136.8439,232.5014,108.6196,235.2477,109.1938,233.3581,110.5199,233.9720,13,nan,nan,nan
ROI_035/patch_132,4,413.1187,344.5445,396.0144,347.0252,401.4805,345.4316,399.2866,345.8351,10,nan,nan,nan
ROI_035/patch_132,5,162.8117,395.3121,132.5902,396.1173,134.0278,396.4699,131.1982,395.9149,12,nan,nan,nan
ROI_035/patch_132,6,440.2136,8.1836,438.4376,9.4603,436.1646,8.3936,433.9261,8.6317,4,nan,nan,nan
ROI_035/patch_132,7,44.6842,253.7575,6.5374,254.3166,10.6768,254.7189,nan,nan,1,nan,nan,nan
ROI_035/patch_135,0,364.6667,184.7754,342.9695,186.8062,339.8065,185.5054,345.0044,185.9091,10,nan,nan,nan
ROI_035/patch_135,1,505.1342,248.9762,487.2729,248.0855,485.4586,249.4846,nan,nan,0,nan,nan,nan
ROI_035/patch_135,2,157.2272,499.5191,97.6015,502.1854,101.0746,501.2783,100.1156,501.5028,4,nan,nan,nan
ROI_035/patch_135,3,259.7360,444.7016,212.0345,444.9255,213.2344,446.1249,214.9233,446.0438,8,nan,nan,nan
ROI_035/patch_135,4,64.9909,19.7808,34.3499,21.4172,30.6871,20.9355,32.9875,21.1751,9,nan,nan,nan
ROI_035/patch_135,5,460.3563,332.0234,436.6449,333.9511,433.0542,332.7798,434.2698,332.2594,10,nan,nan,nan
ROI_035/patch_135,6,127.7388,169.8852,97.6589,170.9351,88.7434,171.1490,101.6405,171.1755,8,nan,nan,nan
ROI_035/patch_135,7,117.5115,469.4978,60.6983,471.7913,60.5780,471.2993,60.2549,471.1676,4,nan,nan,nan
ROI_035/patch_136,0,145.6722,329.6053,139.2117,329.9853,141.8652,330.0116,139.6805,329.4456,12,nan,nan,nan
ROI_035/patch_136,1,322.9073,40.1197,310.5564,41.6398,313.8118,40.5898,310.4399,41.3260,12,nan,nan,nan
ROI_035/patch_136,2,421.3427,158.5824,419.2798,158.2843,417.2193,159.1647,420.3195,159.6065,8,nan,nan,nan
ROI_035/patch_136,3,228.2373,93.2073,218.4844,95.0099,219.0906,93.6154,214.9982,94.2518,11,nan,nan,nan
ROI_035/patch_136,4,239.5166,175.7507,227.9732,177.0244,232.8931,176.1906,229.6389,176.2305,12,nan,nan,nan
ROI_035/patch_136,5,46.8477,5.6037,5.8129,6.2979,32.2406,5.8410,nan,nan,0,nan,nan,nan
ROI_035/patch_136,6,289.6378,441.2117,287.4873,440.3777,291.3565,441.7652,290.3339,442.3123,8,nan,nan,nan
ROI_035/patch_136,7,142.1075,121.8462,118.7511,121.8728,132.3574,122.1925,117.4463,123.1588,10,nan,nan,nan
ROI_035/patch_137,0,194.9295,289.6312,133.1039,292.1489,133.4746,290.9811,131.6713,290.9691,10,nan,nan,nan
ROI_035/patch_137,1,191.0582,54.5097,132.5980,56.1681,135.2741,55.8291,133.1971,56.6599,12,nan,nan,nan
ROI_035/patch_137,2,94.9770,343.7423,43.1549,344.9290,32.0852,345.0573,43.5008,345.3383,12,nan,nan,nan
ROI_035/patch_137,3,418.5555,433.2869,339.8437,434.3128,353.9250,434.7475,341.4824,434.9218,10,nan,nan,nan
ROI_035/patch_137,4,299.5648,236.0541,241.3678,238.5701,239.5400,237.4410,241.3383,238.3421,11,nan,nan,nan
ROI_035/patch_137,5,452.3385,360.6071,383.9099,365.2341,389.5067,362.0728,381.7303,362.9515,12,nan,nan,nan
ROI_035/patch_137,6,494.7291,108.4357,438.2586,111.4376,438.0401,109.8880,437.4431,110.5862,6,nan,nan,nan
ROI_035/patch_137,7,87.8975,83.9832,26.6414,88.5197,31.2670,85.2633,23.4190,84.5003,10,nan,nan,nan
ROI_035/patch_138,0,158.8465,181.1414,93.4818,183.4215,90.7901,182.4547,95.0520,182.8563,11,nan,nan,nan
ROI_035/patch_138,1,415.7447,119.5770,377.1245,120.3371,379.9927,120.5710,378.1387,121.2152,10,nan,nan,nan
ROI_035/patch_138,2,494.1423,198.8923,463.4856,202.1379,457.8385,199.9800,462.2883,200.8668,6,nan,nan,nan
ROI_035/patch_138,3,370.5576,6.4165,339.8818,5.8539,342.2805,7.2251,nan,nan,2,nan,nan,nan
ROI_035/patch_138,4,115.4812,420.7434,19.0942,423.3664,17.6494,422.5570,nan,nan,1,nan,nan,nan
ROI_035/patch_138,5,196.5669,398.7572,102.4220,403.5519,109.2025,400.4651,nan,nan,0,nan,nan,nan
ROI_035/patch_138,6,373.6569,399.3230,299.9379,401.8401,303.9977,400.8946,nan,nan,2,nan,nan,nan
ROI_035/patch_138,7,343.3958,108.8083,300.5329,109.8440,301.5286,109.8375,298.9147,110.3983,11,nan,nan,nan
ROI_035/patch_139,0,471.9610,303.6328,463.7310,303.1934,467.6196,303.8351,465.5742,304.1348,12,nan,nan,nan
ROI_035/patch_139,1,274.6795,201.2947,276.8053,202.0429,269.6248,201.3228,268.4895,201.2448,7,nan,nan,nan
ROI_035/patch_139,2,297.0199,441.5938,275.8737,445.0108,276.4456,441.6567,277.4058,441.6529,9,nan,nan,nan
ROI_035/patch_139,3,253.4224,126.5337,254.2254,126.0172,252.6381,126.5388,253.1104,126.7009,12,nan,nan,nan
ROI_035/patch_139,4,341.4158,278.7384,336.3377,278.8280,333.6813,278.8283,334.5107,278.1995,12,nan,nan,nan
ROI_035/patch_139,5,447.6288,431.0795,433.3915,431.2712,433.6453,431.2696,nan,nan,0,nan,nan,nan
ROI_035/patch_139,6,76.3233,416.0007,32.3632,414.7515,48.8878,415.8746,30.8460,415.7800,6,nan,nan,nan
ROI_035/patch_139,7,88.2311,498.3721,29.2441,498.9692,55.6415,498.2615,nan,nan,0,nan,nan,nan
ROI_035/patch_142,0,455.7912,204.9870,412.9025,205.7668,414.5337,205.4967,414.1123,205.9166,10,nan,nan,nan
ROI_035/patch_142,1,118.9203,316.4975,26.9047,318.8368,37.9977,318.0475,29.2155,318.7577,12,nan,nan,nan
ROI_035/patch_142,2,236.2414,463.8650,157.1302,466.2178,157.3781,465.2116,158.9777,465.5904,9,nan,nan,nan
ROI_035/patch_142,3,159.6732,195.3601,84.0246,197.5789,90.3447,196.6925,82.8144,197.1303,11,nan,nan,nan
ROI_035/patch_142,4,170.8237,74.5146,107.2234,76.9059,110.2040,75.7126,107.1804,75.8467,5,nan,nan,nan
ROI_035/patch_142,5,452.5741,73.3767,419.9207,70.2776,419.3135,73.7832,419.8520,72.1927,12,nan,nan,nan
ROI_035/patch_142,6,387.8302,248.8154,337.2625,250.2150,337.2239,249.5531,337.0298,249.6387,10,nan,nan,nan
ROI_035/patch_142,7,193.6928,481.8259,108.6530,483.7632,109.5748,483.3072,109.9393,483.6551,10,nan,nan,nan
ROI_035/patch_150,0,294.6428,87.1480,420.0517,84.8679,422.4533,85.5372,421.9394,85.1519,9,nan,nan,nan
ROI_035/patch_150,1,277.1615,170.7540,407.8908,169.2339,407.9658,169.2618,411.2726,168.3819,10,nan,nan,nan
ROI_035/patch_150,2,136.7587,110.0088,274.6914,107.0995,275.8930,108.3210,276.9973,107.5547,10,nan,nan,nan
ROI_035/patch_150,3,298.9936,5.9172,416.1802,4.6347,424.7623,4.1821,415.0400,4.1475,3,nan,nan,nan
ROI_035/patch_150,4,302.4647,313.0843,437.1569,310.9523,434.5873,311.8336,436.2376,311.3075,10,nan,nan,nan
ROI_035/patch_150,5,206.6053,275.0324,346.3779,272.3677,344.4887,273.6535,347.2264,273.2084,10,nan,nan,nan
ROI_035/patch_150,6,288.1371,456.6098,425.0394,453.4412,424.3230,455.5740,422.8608,455.2287,9,nan,nan,nan
ROI_035/patch_150,7,77.6157,301.3900,224.9948,300.2135,224.9154,299.9601,225.2526,299.4075,8,nan,nan,nan
ROI_035/patch_152,0,48.3853,200.3961,66.6266,201.9162,67.3812,200.4633,62.4214,200.9285,9,nan,nan,nan
ROI_035/patch_152,1,141.8719,186.7151,152.1327,187.8552,152.4409,186.9397,154.0996,186.5580,7,nan,nan,nan
ROI_035/patch_152,2,329.7526,113.8865,322.3848,115.4601,322.7972,114.4850,322.7775,115.2905,8,nan,nan,nan
ROI_035/patch_152,3,302.1652,248.1812,297.4455,244.8236,299.3876,248.5678,301.1518,248.3787,8,nan,nan,nan
ROI_035/patch_152,4,278.1707,101.4143,279.0290,103.0884,275.6051,101.9514,278.2032,102.1598,12,nan,nan,nan
ROI_035/patch_152,5,415.2597,400.6976,378.4862,403.1880,404.4826,401.0600,nan,nan,0,nan,nan,nan
ROI_035/patch_152,6,396.1734,190.8008,378.4555,195.5955,384.3555,191.4011,377.1530,191.8036,5,nan,nan,nan
ROI_035/patch_152,7,482.6474,467.3102,438.1846,473.0424,466.7886,467.6890,nan,nan,0,nan,nan,nan
ROI_035/patch_154,0,150.2101,313.2398,294.8550,307.8541,293.7868,311.8781,292.0068,311.6146,9,nan,nan,nan
ROI_035/patch_154,1,337.7484,148.9755,474.8917,147.0520,473.7748,147.5230,478.2516,146.7782,9,nan,nan,nan
ROI_035/patch_154,2,286.6068,412.8284,426.5677,408.1283,425.3276,411.1969,427.3069,410.6399,12,nan,nan,nan
ROI_035/patch_154,3,87.8314,448.6566,236.5977,445.8517,234.1538,447.2500,235.8408,446.3651,6,nan,nan,nan
ROI_035/patch_154,4,6.0600,96.2957,152.8181,91.9016,154.4446,95.3231,nan,nan,1,nan,nan,nan
ROI_035/patch_154,5,289.2871,276.4576,426.8411,274.3874,427.5112,274.9494,425.2783,273.9127,7,nan,nan,nan
ROI_035/patch_154,6,198.6673,462.2535,341.9520,458.7403,340.8486,460.6903,342.7308,460.0381,6,nan,nan,nan
ROI_035/patch_154,7,23.6336,389.2428,171.7989,386.9125,172.2051,387.9749,171.0399,386.7706,13,nan,nan,nan
ROI_035/patch_155,0,38.5046,82.5877,143.3920,81.0676,103.6716,82.1414,144.4003,80.8066,4,nan,nan,nan
ROI_035/patch_155,1,21.7834,155.5529,130.4711,152.5127,88.9374,155.1451,130.7840,153.8981,11,nan,nan,nan
ROI_035/patch_155,2,218.4296,482.3894,283.2420,481.6161,273.6910,482.1862,285.5080,481.8669,6,nan,nan,nan
ROI_035/patch_155,3,55.0002,470.0657,158.9138,467.9470,122.6565,469.8363,156.8994,468.7391,8,nan,nan,nan
ROI_035/patch_155,4,381.6502,131.7486,420.0159,129.2682,421.0180,131.3700,419.9647,130.3345,11,nan,nan,nan
ROI_035/patch_155,5,341.0092,417.2714,385.6339,414.4627,386.2539,417.0465,385.5403,416.6969,10,nan,nan,nan
ROI_035/patch_155,6,192.6715,275.8316,264.4941,276.8981,247.9050,275.5107,257.0765,275.1242,6,nan,nan,nan
ROI_035/patch_155,7,70.7024,10.0699,172.5466,3.3960,132.7017,9.5871,nan,nan,0,nan,nan,nan
ROI_035/patch_156,0,138.0717,169.2339,157.0730,168.4738,156.8378,169.4706,157.3582,168.8303,12,nan,nan,nan
ROI_035/patch_156,1,13.4228,112.2298,40.3097,111.7073,54.6250,112.2210,39.8161,112.0207,8,nan,nan,nan
ROI_035/patch_156,2,168.6472,417.3889,189.9572,417.7359,186.8050,417.5521,188.1107,417.0633,11,nan,nan,nan
ROI_035/patch_156,3,282.4765,258.0134,278.0404,261.9723,275.7260,258.5216,276.5046,258.8510,10,nan,nan,nan
ROI_035/patch_156,4,383.3313,137.4360,349.9605,137.8935,354.9428,138.2380,351.4493,138.1728,10,nan,nan,nan
ROI_035/patch_156,5,500.9546,219.4872,457.0331,222.7821,451.9853,220.5048,456.3447,221.3505,3,nan,nan,nan
ROI_035/patch_156,6,151.5427,495.9941,166.4732,494.5647,174.5859,496.0742,164.9019,496.4800,3,nan,nan,nan
ROI_035/patch_156,7,15.0097,193.0622,41.9246,192.7073,57.6008,193.0108,41.1600,192.2247,7,nan,nan,nan
ROI_035/patch_157,0,357.7273,195.0757,293.8827,198.8760,296.1997,196.3172,294.0266,197.2445,7,nan,nan,nan
ROI_035/patch_157,1,165.4336,119.0703,105.3893,122.8706,111.0605,120.2799,108.0067,121.1661,11,nan,nan,nan
ROI_035/patch_157,2,104.7281,287.2874,49.9054,287.8023,51.3756,288.3370,47.7616,288.1345,8,nan,nan,nan
ROI_035/patch_157,3,57.5059,47.1247,7.3424,50.6655,7.3369,48.3392,5.4994,48.0878,3,nan,nan,nan
ROI_035/patch_157,4,463.9643,287.4614,398.0101,290.0825,398.1595,288.6811,399.1281,289.6352,8,nan,nan,nan
ROI_035/patch_157,5,197.8411,365.4087,140.9219,365.7078,140.7581,366.4415,140.2913,366.3090,7,nan,nan,nan
ROI_035/patch_157,6,273.5667,28.5146,222.0718,30.1445,216.0290,29.8460,216.5150,30.2300,11,nan,nan,nan
ROI_035/patch_157,7,369.2156,269.6550,307.9593,273.3657,306.8094,270.8437,305.2680,271.1504,7,nan,nan,nan
ROI_035/patch_158,0,43.4562,280.9664,196.9896,276.4060,202.3329,278.7818,197.0421,278.9457,10,nan,nan,nan
ROI_035/patch_158,1,102.7414,369.1341,251.7144,363.0536,255.7870,367.2974,255.1491,363.5023,3,nan,nan,nan
ROI_035/patch_158,2,197.2981,37.7000,342.9223,34.7049,345.4908,35.8362,345.1140,35.5412,11,nan,nan,nan
ROI_035/patch_158,3,208.5248,112.3912,354.3233,109.1914,355.0669,110.6648,355.4464,110.0387,12,nan,nan,nan
ROI_035/patch_158,4,233.5035,347.9911,382.4458,345.5720,375.7192,346.6560,380.5966,345.5864,11,nan,nan,nan
ROI_035/patch_158,5,165.4556,504.1779,312.1397,500.2456,311.9394,502.7608,nan,nan,1,nan,nan,nan
ROI_035/patch_158,6,85.9835,118.9022,240.1234,113.4193,242.8000,116.6894,239.4360,116.8758,9,nan,nan,nan
ROI_035/patch_158,7,12.2956,205.8135,169.2472,202.4895,174.5086,203.4105,171.2977,203.6684,4,nan,nan,nan
ROI_035/patch_160,0,65.1065,64.3464,87.1480,64.3464,89.8992,64.0855,89.9542,64.2383,6,nan,nan,nan
ROI_035/patch_160,1,195.8358,36.2244,211.7969,36.2244,204.5782,36.3001,209.3510,36.4890,10,nan,nan,nan
ROI_035/patch_160,2,276.0996,202.4737,285.5221,206.4765,282.8779,202.7647,283.5356,203.4065,7,nan,nan,nan
ROI_035/patch_160,3,202.8522,273.4739,216.3572,274.1213,220.9987,273.5789,216.1134,273.5616,12,nan,nan,nan
ROI_035/patch_160,4,15.8909,241.8216,41.5448,241.4390,53.9015,241.4418,35.4941,241.9251,9,nan,nan,nan
ROI_035/patch_160,5,385.3327,262.3885,382.9991,264.6206,382.2862,262.9647,379.3787,263.5307,10,nan,nan,nan
ROI_035/patch_160,6,317.6400,464.6549,335.0268,463.6287,330.9749,465.0655,336.5085,464.5842,12,nan,nan,nan
ROI_035/patch_160,7,52.1106,1.9923,80.6946,0.2984,75.6978,1.6948,nan,nan,1,nan,nan,nan
ROI_035/patch_161,0,384.2029,129.3855,349.6260,133.2273,344.6656,130.7693,345.3227,131.2730,10,nan,nan,nan
ROI_035/patch_161,1,325.8063,236.1896,287.3876,239.2631,287.3724,237.2176,287.3851,237.7513,11,nan,nan,nan
ROI_035/patch_161,2,124.7751,298.2452,77.9093,300.3490,76.4616,299.0020,79.6952,299.7824,8,nan,nan,nan
ROI_035/patch_161,3,139.4981,42.7499,87.2526,44.7740,80.6768,44.3098,88.5372,43.9779,9,nan,nan,nan
ROI_035/patch_161,4,491.7533,376.2309,465.0560,376.7830,470.0349,376.8857,465.6114,377.7174,5,nan,nan,nan
ROI_035/patch_161,5,236.2586,492.1336,193.7245,496.0391,203.6415,492.3283,nan,nan,0,nan,nan,nan
ROI_035/patch_161,6,509.3600,157.4438,488.4989,159.5817,478.9584,158.7882,nan,nan,0,nan,nan,nan
ROI_035/patch_161,7,214.2983,179.0764,166.5278,180.6131,166.2878,180.2396,168.8296,180.1990,10,nan,nan,nan
ROI_035/patch_162,0,196.5958,204.1964,344.8063,202.6762,338.9875,202.7814,343.2496,202.3061,8,nan,nan,nan
ROI_035/patch_162,1,124.3907,48.3853,274.8814,45.3451,273.1227,46.9569,272.3566,46.5230,10,nan,nan,nan
ROI_035/patch_162,2,115.0851,420.8066,258.1602,420.0517,258.3369,419.3184,261.6979,419.1805,7,nan,nan,nan
ROI_035/patch_162,3,6.6311,256.9545,153.4628,253.9799,158.2804,255.4358,nan,nan,2,nan,nan,nan
ROI_035/patch_162,4,23.3704,69.3405,177.3619,62.6844,177.1394,67.8580,177.1351,69.0570,13,nan,nan,nan
ROI_035/patch_162,5,319.7726,182.6427,454.9404,179.2977,455.9585,181.2931,455.0260,180.2226,4,nan,nan,nan
ROI_035/patch_162,6,290.2012,483.0549,429.2495,478.1411,423.1402,481.6460,nan,nan,2,nan,nan,nan
ROI_035/patch_162,7,215.9677,380.1962,355.9729,376.6254,354.5053,378.7650,355.9265,377.6060,8,nan,nan,nan
ROI_035/patch_164,0,303.0034,103.8692,326.5650,103.1092,326.1737,104.0244,328.3250,103.8642,11,nan,nan,nan
ROI_035/patch_164,1,108.4296,389.6495,107.6695,388.8895,128.6532,390.0111,108.6889,390.0342,10,nan,nan,nan
ROI_035/patch_164,2,403.5740,398.7292,401.8104,398.0101,404.7570,399.3004,404.2211,399.4786,10,nan,nan,nan
ROI_035/patch_164,3,287.3332,347.0661,301.4833,347.0865,298.5697,347.4979,301.0902,347.2637,9,nan,nan,nan
ROI_035/patch_164,4,415.0162,159.1823,425.3721,159.3532,428.2049,159.4783,427.7949,160.3399,11,nan,nan,nan
ROI_035/patch_164,5,159.5126,109.7670,189.3753,110.8997,191.3921,109.8324,191.6240,109.8211,6,nan,nan,nan
ROI_035/patch_164,6,266.7698,3.3717,289.8924,2.2120,297.5570,3.3838,nan,nan,2,nan,nan,nan
ROI_035/patch_164,7,6.7100,336.3253,13.0428,337.7758,36.1624,336.5553,13.5173,337.5490,4,nan,nan,nan
ROI_035/patch_165,0,311.7440,5.6323,273.7413,7.9124,282.0088,6.7581,274.0015,6.2727,3,nan,nan,nan
ROI_035/patch_165,1,489.5966,498.1472,436.3928,501.9475,402.0225,499.7401,431.7074,499.8252,5,nan,nan,nan
ROI_035/patch_165,2,20.2582,253.5426,18.3632,254.1699,-0.6303,254.3442,14.7642,253.9334,7,nan,nan,nan
ROI_035/patch_165,3,44.1905,406.0404,19.1232,407.7008,8.4955,406.9409,18.5862,406.9193,11,nan,nan,nan
ROI_035/patch_165,4,407.1176,199.5050,348.9866,200.2061,352.0878,200.8519,349.8047,201.0797,11,nan,nan,nan
ROI_035/patch_165,5,394.2928,117.0068,344.4263,121.9205,347.2609,118.3004,349.1555,118.4626,9,nan,nan,nan
ROI_035/patch_165,6,465.7838,374.7096,400.6703,375.7785,390.6372,376.2159,402.1438,376.1354,12,nan,nan,nan
ROI_035/patch_165,7,83.4065,398.0778,55.6058,399.3402,44.4530,399.0325,52.0588,399.2877,8,nan,nan,nan
ROI_035/patch_166,0,158.2131,466.9850,286.6622,465.4649,284.6546,465.7475,286.0054,465.4181,10,nan,nan,nan
ROI_035/patch_166,1,82.2077,484.4663,218.2574,482.1861,212.5842,483.1884,217.4444,482.5009,11,nan,nan,nan
ROI_035/patch_166,2,51.7285,250.8575,188.6152,248.0895,187.8965,249.7622,186.6272,249.1075,7,nan,nan,nan
ROI_035/patch_166,3,123.5376,66.3342,263.1005,62.6363,258.9298,65.4158,263.9859,64.9313,5,nan,nan,nan
ROI_035/patch_166,4,272.0799,4.2627,405.9907,6.3923,400.2704,3.4463,nan,nan,0,nan,nan,nan
ROI_035/patch_166,5,317.0560,275.5801,438.6730,273.9313,437.9858,274.5549,438.2471,273.8627,12,nan,nan,nan
ROI_035/patch_166,6,73.9599,370.2374,204.0063,367.0379,206.7970,369.0511,207.6662,368.1170,12,nan,nan,nan
ROI_035/patch_166,7,253.9139,95.8097,380.9471,95.3635,381.5150,94.9114,382.5945,94.2912,11,nan,nan,nan
ROI_035/patch_170,0,55.9858,327.3251,153.2727,326.5650,118.5196,327.2244,nan,nan,2,nan,nan,nan
ROI_035/patch_170,1,432.9726,366.0879,445.1335,367.6080,441.7575,366.7908,445.7924,366.5507,11,nan,nan,nan
ROI_035/patch_170,2,36.5018,381.8398,122.8706,379.7688,92.8962,381.7689,126.3132,381.0893,12,nan,nan,nan
ROI_035/patch_170,3,374.2690,377.4509,388.1294,379.0088,388.6783,378.0507,388.0831,378.2106,7,nan,nan,nan
ROI_035/patch_170,4,204.2594,33.6909,321.2447,31.6641,294.3872,33.5165,nan,nan,0,nan,nan,nan
ROI_035/patch_170,5,328.4096,497.5061,337.9659,499.0973,329.6715,498.1656,335.1891,498.7033,6,nan,nan,nan
ROI_035/patch_170,6,396.5630,21.4589,461.8547,21.7834,464.3228,21.6541,461.2172,21.9127,4,nan,nan,nan
ROI_035/patch_170,7,53.4035,201.0239,177.5945,197.3559,136.1909,200.7586,53.8312,199.2216,10,nan,nan,nan
ROI_035/patch_171,0,351.6468,84.8679,354.6870,85.6279,359.4015,85.9642,357.3496,86.4941,9,nan,nan,nan
ROI_035/patch_171,1,48.3853,387.3694,51.4255,387.3694,54.6081,387.9021,54.4167,387.6854,12,nan,nan,nan
ROI_035/patch_171,2,448.6795,390.6709,455.5842,390.2196,442.9974,391.6745,455.4306,391.5575,9,nan,nan,nan
ROI_035/patch_171,3,296.9339,229.0264,308.5296,231.4633,301.3133,229.9602,303.6980,229.8510,13,nan,nan,nan
ROI_035/patch_171,4,228.9278,298.5786,228.7607,300.9132,232.9043,299.3849,234.8153,299.9768,9,nan,nan,nan
ROI_035/patch_171,5,443.5089,56.5151,448.9705,57.6960,449.5386,57.7392,449.7091,57.8551,9,nan,nan,nan
ROI_035/patch_171,6,60.8470,251.6057,72.1919,251.6467,71.3993,252.2452,73.5064,252.4833,12,nan,nan,nan
ROI_035/patch_171,7,306.0624,496.9297,303.7386,499.3655,300.9053,497.6927,300.3881,498.2199,6,nan,nan,nan
ROI_035/patch_172,0,205.5644,21.4318,191.8656,20.6708,193.1606,21.5995,192.9746,21.7963,10,nan,nan,nan
ROI_035/patch_172,1,452.1416,336.5028,399.6298,338.0248,381.0202,337.5498,400.4686,337.5122,12,nan,nan,nan
ROI_035/patch_172,2,503.7679,146.8509,439.2039,148.5257,433.7032,147.8175,nan,nan,2,nan,nan,nan
ROI_035/patch_172,3,175.5197,144.7928,162.1850,144.7204,161.8226,145.0207,163.5471,144.9736,12,nan,nan,nan
ROI_035/patch_172,4,23.7430,251.4290,34.3301,251.2662,30.4902,251.4267,36.1254,251.4879,12,nan,nan,nan
ROI_035/patch_172,5,12.7951,159.9349,20.6314,162.9854,26.1973,159.8133,19.7804,160.1715,4,nan,nan,nan
ROI_035/patch_172,6,349.1052,444.0442,302.9776,445.3316,290.0271,444.9714,304.4159,445.6476,11,nan,nan,nan
ROI_035/patch_172,7,370.8164,394.3857,321.0523,395.8640,310.6107,395.3102,325.3351,395.6656,10,nan,nan,nan
ROI_035/patch_173,0,325.2350,175.1243,310.9839,178.5445,305.8823,175.2130,311.9051,175.7302,8,nan,nan,nan
ROI_035/patch_173,1,90.8535,336.8066,48.2927,337.1663,50.6596,337.3339,47.3797,338.2918,10,nan,nan,nan
ROI_035/patch_173,2,257.2144,323.8625,238.8104,323.3940,234.9949,324.1529,237.3908,324.6731,11,nan,nan,nan
ROI_035/patch_173,3,251.7308,240.1610,226.8933,238.3988,226.2899,240.3977,227.0923,240.4828,10,nan,nan,nan
ROI_035/patch_173,4,257.8311,472.5517,240.7307,474.0155,240.3262,472.9499,239.1647,473.4715,8,nan,nan,nan
ROI_035/patch_173,5,408.9155,497.5410,409.2294,499.6093,408.8829,497.7510,nan,nan,1,nan,nan,nan
ROI_035/patch_173,6,253.7555,87.3086,222.2032,88.7648,223.7619,87.4308,227.5613,87.7233,11,nan,nan,nan
ROI_035/patch_173,7,406.8033,259.9653,400.6107,260.5787,399.1133,260.0045,400.1971,260.5138,12,nan,nan,nan
ROI_035/patch_175,0,49.1453,116.0301,59.0260,116.7901,57.3038,115.8926,55.5145,115.8494,11,nan,nan,nan
ROI_035/patch_175,1,40.0247,165.4336,43.8250,164.8636,47.6109,165.2535,46.2322,165.0863,11,nan,nan,nan
ROI_035/patch_175,2,98.1870,430.1604,91.9499,431.4615,98.5718,429.8407,92.0346,429.8645,7,nan,nan,nan
ROI_035/patch_175,3,392.1339,138.2851,371.9556,137.8385,386.6266,138.4168,373.1198,139.0539,12,nan,nan,nan
ROI_035/patch_175,4,170.5603,251.9357,173.0154,247.8408,171.4850,251.8027,171.3135,251.1725,12,nan,nan,nan
ROI_035/patch_175,5,49.9884,307.3893,57.4811,307.2037,54.5328,307.1167,56.5726,306.8256,10,nan,nan,nan
ROI_035/patch_175,6,273.3231,294.0426,252.8042,294.4375,269.4902,293.9650,248.4286,295.1698,9,nan,nan,nan
ROI_035/patch_175,7,311.4223,405.7324,271.3153,407.4185,304.0272,405.6072,nan,nan,1,nan,nan,nan
ROI_035/patch_176,0,502.1375,27.1038,469.4552,29.3839,470.2667,27.8460,464.6673,27.2947,3,nan,nan,nan
ROI_035/patch_176,1,417.7715,474.0155,407.8908,474.7756,387.7559,474.6904,410.4085,474.4411,9,nan,nan,nan
ROI_035/patch_176,2,148.5544,95.1258,100.8290,93.9885,101.9846,95.8022,104.0703,96.1038,11,nan,nan,nan
ROI_035/patch_176,3,315.9558,154.4619,275.0714,156.1229,277.4849,155.1585,277.4789,155.6202,10,nan,nan,nan
ROI_035/patch_176,4,420.6646,284.1601,398.7068,286.0922,388.4122,284.8582,401.0368,285.6670,11,nan,nan,nan
ROI_035/patch_176,5,161.0250,249.2841,114.8267,251.8897,116.9228,249.9441,115.6892,250.2485,9,nan,nan,nan
ROI_035/patch_176,6,435.9150,68.3864,394.5743,70.1551,401.6466,69.1129,397.8796,68.6949,7,nan,nan,nan
ROI_035/patch_176,7,239.7113,267.9632,199.6112,267.9795,199.3013,268.6338,201.2937,269.0961,7,nan,nan,nan
ROI_035/patch_177,0,488.4565,36.9845,494.7270,38.6946,487.7356,37.3360,494.6050,37.2551,7,nan,nan,nan
ROI_035/patch_177,1,422.8042,390.0051,416.1106,391.5246,411.1106,390.8259,416.0268,390.9269,9,nan,nan,nan
ROI_035/patch_177,2,265.9038,493.9691,246.6387,493.7030,245.1543,494.9275,252.3608,494.6470,7,nan,nan,nan
ROI_035/patch_177,3,164.0627,359.3880,147.6420,357.7923,142.1245,360.1670,137.6873,359.6911,11,nan,nan,nan
ROI_035/patch_177,4,304.2739,164.7270,301.8371,164.2774,292.7899,165.2476,303.7963,163.8790,12,nan,nan,nan
ROI_035/patch_177,5,353.6635,123.1577,357.0037,124.3056,345.2355,123.6233,354.3296,123.3390,9,nan,nan,nan
ROI_035/patch_177,6,376.5839,477.4456,368.4436,477.6838,360.9040,478.3824,364.0894,478.0777,12,nan,nan,nan
ROI_035/patch_177,7,175.2089,7.8938,159.2185,6.5740,161.9002,8.2054,155.3818,8.4185,4,nan,nan,nan
ROI_035/patch_178,0,137.7197,430.4075,151.5404,430.4075,151.2525,430.9215,150.6800,431.2489,11,nan,nan,nan
ROI_035/patch_178,1,64.7774,436.5500,75.5268,436.5500,77.1297,437.0514,77.7882,437.0474,10,nan,nan,nan
ROI_035/patch_178,2,86.6653,152.7306,93.9543,150.9231,94.8032,153.2693,92.6224,153.3856,10,nan,nan,nan
ROI_035/patch_178,3,386.3848,286.0815,388.7950,288.3618,401.9425,286.6529,386.8561,287.7421,12,nan,nan,nan
ROI_035/patch_178,4,360.2847,145.2268,369.5996,146.3162,373.1023,145.8108,372.7963,145.7763,12,nan,nan,nan
ROI_035/patch_178,5,153.6444,110.7632,170.7357,113.3002,162.2777,111.3178,172.4982,111.9967,9,nan,nan,nan
ROI_035/patch_178,6,265.3350,434.7110,266.7125,439.6213,281.1767,435.2451,265.4922,436.0238,10,nan,nan,nan
ROI_035/patch_178,7,103.3222,226.6983,109.0096,226.3022,112.9509,227.2310,110.2196,227.0080,9,nan,nan,nan
ROI_035/patch_179,0,268.8009,337.9659,230.0382,339.4860,231.5092,338.3419,230.0871,338.3410,10,nan,nan,nan
ROI_035/patch_179,1,228.5181,423.8520,187.8552,426.1321,185.5873,424.4775,183.7252,424.5197,11,nan,nan,nan
ROI_035/patch_179,2,395.9540,124.3074,349.0279,125.9001,375.6911,123.9909,350.8176,125.8634,10,nan,nan,nan
ROI_035/patch_179,3,451.6458,7.0277,397.5881,9.9821,439.1595,6.3687,nan,nan,2,nan,nan,nan
ROI_035/patch_179,4,505.5794,190.9869,482.9601,193.2578,496.6303,190.4880,nan,nan,0,nan,nan,nan
ROI_035/patch_179,5,466.0951,245.9184,444.5819,246.9090,452.0114,245.6157,441.5194,246.8315,11,nan,nan,nan
ROI_035/patch_179,6,195.0333,282.1027,146.2714,280.5927,150.2760,282.5832,149.7274,282.3799,9,nan,nan,nan
ROI_035/patch_179,7,283.4041,187.3885,232.5106,189.0112,249.7599,187.4767,232.2776,189.3135,11,nan,nan,nan
ROI_035/patch_180,0,296.9229,43.0649,284.7621,44.5850,284.3695,43.3321,284.4320,43.8280,12,nan,nan,nan
ROI_035/patch_180,1,109.1896,306.0436,90.1883,308.3238,90.6532,306.4223,90.2071,306.7025,10,nan,nan,nan
ROI_035/patch_180,2,134.7709,456.2731,123.6306,456.5343,119.3873,456.7062,122.9840,457.1000,7,nan,nan,nan
ROI_035/patch_180,3,299.6117,474.7084,294.6428,474.0155,292.6140,475.1369,293.3166,475.3533,10,nan,nan,nan
ROI_035/patch_180,4,346.2927,98.4300,338.7259,100.0690,336.8771,98.7145,339.7520,98.5836,10,nan,nan,nan
ROI_035/patch_180,5,488.9952,138.9621,489.2166,139.5918,487.1480,139.2517,482.3596,139.5561,10,nan,nan,nan
ROI_035/patch_180,6,196.0049,78.5464,175.3143,79.5475,178.9050,78.8340,177.2612,79.1325,11,nan,nan,nan
ROI_035/patch_180,7,286.1526,289.4821,275.6414,290.0825,276.1622,289.8422,273.7512,290.8120,12,nan,nan,nan
ROI_035/patch_181,0,307.5637,460.3345,309.0838,458.8144,308.3688,460.6843,307.9940,460.4403,10,nan,nan,nan
ROI_035/patch_181,1,485.4163,494.5370,489.2166,493.7769,491.5466,495.0634,491.4702,495.4688,4,nan,nan,nan
ROI_035/patch_181,2,486.1098,25.6703,482.3761,28.6239,477.0630,26.5816,479.8030,26.7017,7,nan,nan,nan
ROI_035/patch_181,3,81.7211,36.4597,68.9067,36.9845,63.4358,36.8967,68.1996,37.1285,8,nan,nan,nan
ROI_035/patch_181,4,143.3871,18.4789,128.1910,20.2633,125.9812,19.0015,130.3515,20.1019,8,nan,nan,nan
ROI_035/patch_181,5,337.4043,190.3512,332.6455,189.7553,330.1681,190.9564,330.5068,191.0885,10,nan,nan,nan
ROI_035/patch_181,6,35.7642,385.8977,30.1440,385.8493,27.7128,385.9955,23.2916,386.8060,7,nan,nan,nan
ROI_035/patch_181,7,292.2700,41.5167,278.6816,42.3049,279.1407,42.1918,279.0830,41.9413,11,nan,nan,nan
ROI_035/patch_183,0,392.6897,204.9564,369.8881,206.4765,372.5271,205.3946,368.0634,205.7054,10,nan,nan,nan
ROI_035/patch_183,1,215.5972,246.7594,171.5140,245.9993,174.8866,247.2260,171.0406,248.0534,12,nan,nan,nan
ROI_035/patch_183,2,333.6163,237.1362,304.5235,235.3586,307.3023,237.5647,307.0977,236.9616,9,nan,nan,nan
ROI_035/patch_183,3,431.8848,474.2645,428.4123,473.2555,427.0071,474.4033,431.6819,474.6645,11,nan,nan,nan
ROI_035/patch_183,4,325.5149,394.9094,299.9632,394.2099,304.2685,395.1752,300.5977,394.7923,10,nan,nan,nan
ROI_035/patch_183,5,86.2942,99.7317,19.5032,100.0690,23.7370,100.4059,22.2556,101.2125,12,nan,nan,nan
ROI_035/patch_183,6,476.6990,143.7336,465.6549,141.1119,464.6885,144.2018,464.5402,144.0856,10,nan,nan,nan
ROI_035/patch_183,7,74.5401,339.1167,18.7432,340.2460,19.7393,339.5439,16.4652,340.2120,8,nan,nan,nan
ROI_035/patch_184,0,281.7219,18.7432,278.6816,19.5032,276.6944,18.9690,281.4262,18.6414,9,nan,nan,nan
ROI_035/patch_184,1,207.2366,429.1723,220.9175,429.1723,219.6287,429.2581,220.5289,429.9469,10,nan,nan,nan
ROI_035/patch_184,2,156.1547,440.9607,166.1937,441.3332,166.2018,441.0793,168.8022,441.6359,12,nan,nan,nan
ROI_035/patch_184,3,472.0768,418.3494,496.8171,417.0115,499.2921,418.2407,498.0472,417.7326,6,nan,nan,nan
ROI_035/patch_184,4,34.3829,244.4935,24.8236,243.7192,26.9393,244.7979,21.9918,244.9779,10,nan,nan,nan
ROI_035/patch_184,5,390.6010,250.8526,404.0906,248.2795,404.2035,250.8853,404.0482,250.4829,10,nan,nan,nan
ROI_035/patch_184,6,412.9735,171.0394,420.0517,173.0341,423.6471,171.0934,420.1879,171.5911,11,nan,nan,nan
ROI_035/patch_184,7,356.4883,82.2979,356.2072,84.1078,359.1754,82.4369,357.0943,83.0356,12,nan,nan,nan
ROI_035/patch_187,0,215.9940,193.0669,212.1734,193.8310,211.1751,193.1928,215.7526,193.5736,9,nan,nan,nan
ROI_035/patch_187,1,459.7500,300.0444,484.9661,297.7520,488.0377,299.7369,485.3283,299.3707,11,nan,nan,nan
ROI_035/patch_187,2,303.6779,183.4648,311.5097,185.4256,307.3625,183.4768,310.1082,183.5440,11,nan,nan,nan
ROI_035/patch_187,3,349.2233,285.7751,365.7626,286.2902,364.9244,285.6342,362.4630,285.3032,11,nan,nan,nan
ROI_035/patch_187,4,75.4039,55.5265,44.8299,58.5808,46.1189,55.9686,43.3497,56.4204,8,nan,nan,nan
ROI_035/patch_187,5,245.3590,131.0754,240.4460,129.6444,239.2250,131.2145,245.2889,130.7215,12,nan,nan,nan
ROI_035/patch_187,6,425.9196,15.7393,430.7132,15.7898,430.5279,15.7272,432.2539,15.9132,10,nan,nan,nan
ROI_035/patch_187,7,227.5924,341.4324,240.2072,341.1639,234.4964,341.4126,240.2240,341.7067,12,nan,nan,nan
ROI_035/patch_188,0,121.3505,353.9270,157.8331,353.1669,156.3877,353.7021,154.2298,353.2557,9,nan,nan,nan
ROI_035/patch_188,1,139.5918,309.0838,173.0341,308.3238,173.4492,308.8603,172.3581,308.1969,11,nan,nan,nan
ROI_035/patch_188,2,414.5192,19.5236,448.1737,17.9831,448.4670,19.2540,452.7657,18.6948,10,nan,nan,nan
ROI_035/patch_188,3,28.0507,240.7470,52.9456,239.1588,53.2749,240.5747,53.7322,240.6943,12,nan,nan,nan
ROI_035/patch_188,4,88.9473,165.6970,114.5100,166.1937,113.6867,165.5164,114.5660,165.6604,11,nan,nan,nan
ROI_035/patch_188,5,62.6583,12.9454,77.2673,11.9027,79.0412,12.8008,75.9627,12.5559,6,nan,nan,nan
ROI_035/patch_188,6,244.3509,158.1019,278.6816,155.5529,276.3622,157.8680,276.6667,156.6379,11,nan,nan,nan
ROI_035/patch_188,7,421.1068,161.9735,459.5745,160.1132,461.9680,161.6766,459.7405,161.9113,11,nan,nan,nan
ROI_035/patch_189,0,375.2085,366.0879,423.0919,363.0476,420.0077,365.5543,426.0536,365.1144,11,nan,nan,nan
ROI_035/patch_189,1,334.9256,327.3251,382.8090,325.8050,378.8556,326.8233,380.3503,326.8220,8,nan,nan,nan
ROI_035/patch_189,2,202.2001,262.7018,241.4390,261.9605,243.3655,262.3013,245.6426,261.7863,11,nan,nan,nan
ROI_035/patch_189,3,432.2956,77.6861,477.0557,76.5073,477.7856,77.1263,477.2067,76.5942,12,nan,nan,nan
ROI_035/patch_189,4,304.8264,23.8609,344.9964,22.5435,347.6743,23.3980,343.5233,23.5224,11,nan,nan,nan
ROI_035/patch_189,5,56.3294,442.9172,99.3089,441.1432,94.8524,442.6141,101.2112,441.8556,10,nan,nan,nan
ROI_035/patch_189,6,142.1890,103.2545,182.9510,101.2094,181.8991,102.9069,181.0490,102.4825,9,nan,nan,nan
ROI_035/patch_189,7,213.2673,23.9014,256.6911,20.6098,254.2784,23.5059,nan,nan,2,nan,nan,nan
ROI_035/patch_190,0,128.1910,445.1335,120.5904,445.8935,119.0707,445.7822,122.0910,446.3823,12,nan,nan,nan
ROI_035/patch_190,1,71.1869,290.0825,55.2258,290.0825,53.7934,290.8414,52.5131,290.6334,10,nan,nan,nan
ROI_035/patch_190,2,176.2092,320.0926,168.4738,322.7648,166.3343,320.7388,164.3308,320.5454,12,nan,nan,nan
ROI_035/patch_190,3,429.6472,268.9461,436.7729,271.0811,434.1831,269.3640,435.8078,269.1800,9,nan,nan,nan
ROI_035/patch_190,4,102.2916,503.4365,94.7486,502.8976,93.3023,504.0899,nan,nan,2,nan,nan,nan
ROI_035/patch_190,5,73.6561,90.6166,60.5462,90.1883,50.3918,91.4435,61.3618,90.9996,11,nan,nan,nan
ROI_035/patch_190,6,76.9082,11.8246,63.5864,13.4228,51.4681,12.6762,nan,nan,1,nan,nan,nan
ROI_035/patch_190,7,310.7206,496.0986,315.9243,496.8171,314.6319,496.5519,316.7493,496.6847,6,nan,nan,nan
ROI_035/patch_191,0,276.4015,407.8908,315.1642,407.8908,313.7165,407.6100,314.8738,407.5770,10,nan,nan,nan
ROI_035/patch_191,1,400.2903,473.2555,443.6134,471.7354,452.7171,472.7678,444.9612,473.1627,11,nan,nan,nan
ROI_035/patch_191,2,55.8190,349.8364,67.3866,344.4263,65.7232,349.8703,67.8512,349.0852,12,nan,nan,nan
ROI_035/patch_191,3,67.2922,441.0656,84.4879,440.7632,77.8589,441.0024,80.0108,440.3063,11,nan,nan,nan
ROI_035/patch_191,4,150.8631,235.2280,173.8158,235.6395,173.7860,235.2541,175.7551,235.9347,9,nan,nan,nan
ROI_035/patch_191,5,433.1609,131.4885,484.2517,131.6356,492.7042,131.2749,490.4826,131.2753,7,nan,nan,nan
ROI_035/patch_191,6,167.7893,333.1669,191.3468,332.7492,192.0067,333.0833,193.7980,333.2044,10,nan,nan,nan
ROI_035/patch_191,7,48.8990,10.2139,51.9247,11.6491,60.8659,10.5671,48.8537,11.0599,6,nan,nan,nan
ROI_035/patch_192,0,99.3089,169.2339,144.9121,167.7138,144.9914,168.8514,144.6090,168.9714,12,nan,nan,nan
ROI_035/patch_192,1,236.1186,285.5221,282.4819,284.7621,278.9950,285.3136,280.0248,285.7207,6,nan,nan,nan
ROI_035/patch_192,2,325.9777,179.7025,366.0879,179.8746,367.0485,179.6787,364.5542,179.8331,9,nan,nan,nan
ROI_035/patch_192,3,196.1590,105.2637,244.4792,104.6293,239.8851,105.0610,246.2718,105.0527,12,nan,nan,nan
ROI_035/patch_192,4,149.2216,11.1489,199.6360,8.8625,193.9217,10.9075,200.0752,10.6832,7,nan,nan,nan
ROI_035/patch_192,5,141.5750,357.1261,191.2754,354.6870,186.3593,356.7386,186.6817,356.0446,10,nan,nan,nan
ROI_035/patch_192,6,440.3623,348.1225,481.6161,347.8466,479.0723,348.2166,479.3123,348.1545,13,nan,nan,nan
ROI_035/patch_192,7,41.5764,449.4928,85.6279,448.9337,88.3752,448.9095,86.5767,448.5579,11,nan,nan,nan
ROI_035/patch_194,0,163.1534,210.2768,159.3532,210.2768,156.2057,210.6185,157.6309,211.6018,11,nan,nan,nan
ROI_035/patch_194,1,46.8652,309.0838,31.6641,308.3238,32.8286,309.5877,33.5737,309.3944,11,nan,nan,nan
ROI_035/patch_194,2,432.8713,354.8897,439.8131,354.6870,438.2045,355.1288,439.5979,355.1934,12,nan,nan,nan
ROI_035/patch_194,3,343.8678,76.1885,343.2862,74.9872,347.7195,76.2924,343.9853,76.8642,10,nan,nan,nan
ROI_035/patch_194,4,53.6583,98.7107,38.5046,100.0690,42.3133,99.0553,40.3205,99.0661,12,nan,nan,nan
ROI_035/patch_194,5,195.4195,76.5104,192.7955,75.9372,191.6224,76.7292,195.2531,76.7288,11,nan,nan,nan
ROI_035/patch_194,6,482.3882,56.8133,494.1863,56.5080,493.5896,56.7958,494.5790,57.2302,7,nan,nan,nan
ROI_035/patch_194,7,192.7689,433.9857,183.2228,433.9782,184.8563,434.4683,180.8354,434.5932,8,nan,nan,nan
ROI_035/patch_195,0,52.5370,116.4421,70.7987,114.9202,80.0301,116.2832,71.8627,115.6809,11,nan,nan,nan
ROI_035/patch_195,1,72.3206,340.9097,87.5387,340.9097,85.8663,341.1019,85.3917,341.3016,11,nan,nan,nan
ROI_035/patch_195,2,92.5082,106.8031,117.9750,105.7893,122.9747,106.6091,117.9148,105.7874,12,nan,nan,nan
ROI_035/patch_195,3,307.2447,136.3418,353.0954,136.2256,348.2152,136.0899,351.1026,135.7174,7,nan,nan,nan
ROI_035/patch_195,4,419.2991,405.9577,448.9697,406.3478,448.6527,406.0840,450.6643,405.9869,12,nan,nan,nan
ROI_035/patch_195,5,217.2023,369.7273,241.2420,368.3024,237.2373,369.8946,237.0038,370.2889,10,nan,nan,nan
ROI_035/patch_195,6,282.8763,417.1822,303.6364,417.7614,303.5395,417.3935,307.7260,417.6566,9,nan,nan,nan
ROI_035/patch_195,7,9.6210,114.7073,22.8616,114.1593,34.7345,114.5667,27.9315,115.1527,3,nan,nan,nan
ROI_035/patch_196,0,194.0658,294.4944,228.3066,291.4508,228.2982,294.4899,226.4499,294.9780,10,nan,nan,nan
ROI_035/patch_196,1,118.7359,457.3286,143.8459,457.3286,141.2693,457.3941,144.0305,458.0098,12,nan,nan,nan
ROI_035/patch_196,2,21.4938,272.3741,52.5370,270.9063,53.5729,272.2316,53.5943,272.3270,12,nan,nan,nan
ROI_035/patch_196,3,264.8904,113.5961,312.7673,112.6375,311.8563,113.5049,310.0225,113.4191,12,nan,nan,nan
ROI_035/patch_196,4,340.3227,323.1399,376.6835,322.6480,375.7627,323.2599,372.9546,323.7108,10,nan,nan,nan
ROI_035/patch_196,5,248.6561,397.1372,279.2874,396.4560,277.6038,397.2486,279.9351,397.0878,10,nan,nan,nan
ROI_035/patch_196,6,171.6710,59.1532,224.5020,58.6131,220.1244,58.9553,222.6999,59.0706,9,nan,nan,nan
ROI_035/patch_196,7,25.7857,381.6528,56.3415,380.4769,51.1365,381.5959,51.6305,381.6916,5,nan,nan,nan
ROI_035/patch_197,0,127.1059,172.7492,181.1303,171.9883,179.4125,171.8514,178.7051,171.1199,10,nan,nan,nan
ROI_035/patch_197,1,127.8668,235.9045,178.4671,237.6166,182.6475,234.9809,179.8683,234.6992,10,nan,nan,nan
ROI_035/patch_197,2,311.8976,88.6502,366.2211,85.6253,366.1985,87.5498,363.7394,86.6207,12,nan,nan,nan
ROI_035/patch_197,3,269.0671,370.8073,336.5457,368.6829,333.1054,369.6506,327.5016,368.9078,7,nan,nan,nan
ROI_035/patch_197,4,424.4207,306.5855,503.1844,306.2885,490.3872,305.2561,nan,nan,2,nan,nan,nan
ROI_035/patch_197,5,275.0242,160.9191,331.0291,160.0040,331.0818,159.8374,332.5630,159.5026,9,nan,nan,nan
ROI_035/patch_197,6,372.7267,115.0666,428.4252,114.1593,429.7848,113.8783,430.1080,113.5103,9,nan,nan,nan
ROI_035/patch_197,7,46.5757,246.7610,92.4846,245.4159,99.4641,245.9368,92.3035,245.7646,8,nan,nan,nan
ROI_035/patch_198,0,401.0503,61.3062,388.1294,62.8263,392.5211,62.0976,391.6137,62.1777,8,nan,nan,nan
ROI_035/patch_198,1,175.3143,39.2646,150.2325,38.5046,153.8288,40.0404,155.7634,40.3627,10,nan,nan,nan
ROI_035/patch_198,2,358.0377,114.1261,339.4860,117.5502,342.3719,114.9916,339.2826,115.8287,10,nan,nan,nan
ROI_035/patch_198,3,131.0849,161.4523,97.7888,163.9135,96.7047,162.3961,98.3051,162.7458,8,nan,nan,nan
ROI_035/patch_198,4,83.2507,368.7427,32.4242,371.4082,28.7731,369.9698,31.5951,370.7222,6,nan,nan,nan
ROI_035/patch_198,5,83.7113,407.9119,29.3839,410.9310,26.0574,409.1919,32.5512,409.7850,4,nan,nan,nan
ROI_035/patch_198,6,155.3494,482.1753,107.0995,484.6563,96.3004,483.5512,110.1189,483.4255,11,nan,nan,nan
ROI_035/patch_198,7,441.1467,452.7972,402.2375,453.8456,403.1907,454.1153,402.9939,454.0600,10,nan,nan,nan
ROI_035/patch_199,0,274.5441,273.0748,270.6979,273.0748,270.2306,273.7275,268.7412,274.0012,11,nan,nan,nan
ROI_035/patch_199,1,219.1589,418.4607,196.0818,419.2299,199.9630,419.4169,199.6612,420.0991,12,nan,nan,nan
ROI_035/patch_199,2,426.9251,487.6189,431.4685,488.4613,423.5936,488.4000,427.0797,488.7402,11,nan,nan,nan
ROI_035/patch_199,3,121.7957,243.7937,103.7733,244.6130,104.4166,244.6090,102.3341,244.8538,9,nan,nan,nan
ROI_035/patch_199,4,423.7510,274.0519,434.5455,273.8440,433.9969,274.5025,435.9945,275.3242,11,nan,nan,nan
ROI_035/patch_199,5,464.0589,360.7388,472.0458,360.7679,472.6178,361.2703,470.6677,360.9637,12,nan,nan,nan
ROI_035/patch_199,6,71.8244,478.6914,32.3591,478.8288,34.2722,479.9432,nan,nan,0,nan,nan,nan
ROI_035/patch_199,7,196.3514,31.8609,201.7062,31.2547,200.0612,32.2421,202.6036,32.1126,11,nan,nan,nan
ROI_035/patch_200,0,146.4323,177.5945,172.2741,178.3545,169.2045,177.6719,171.5330,177.5596,11,nan,nan,nan
ROI_035/patch_200,1,98.5489,204.1964,117.5502,207.2366,117.7435,204.2603,117.8680,204.0233,12,nan,nan,nan
ROI_035/patch_200,2,17.4107,405.8152,24.8236,405.6107,23.1653,406.0077,24.2795,406.1836,10,nan,nan,nan
ROI_035/patch_200,3,191.6516,405.5763,204.9564,406.3707,205.8735,405.9116,204.9927,406.8573,8,nan,nan,nan
ROI_035/patch_200,4,276.2466,209.8086,307.5637,210.2768,303.8006,210.0238,307.9221,210.4528,10,nan,nan,nan
ROI_035/patch_200,5,9.4866,105.9789,22.3345,106.9153,28.9879,105.8746,22.7699,106.7114,6,nan,nan,nan
ROI_035/patch_200,6,348.1364,25.3893,383.3797,24.8250,387.8709,25.4851,386.7058,25.8117,10,nan,nan,nan
ROI_035/patch_200,7,53.0058,508.9146,65.0898,509.7658,55.6288,509.2361,nan,nan,0,nan,nan,nan
ROI_035/patch_201,0,233.0709,256.6540,271.8358,256.6540,270.4616,256.3683,270.5424,256.0474,10,nan,nan,nan
ROI_035/patch_201,1,334.1636,385.1101,362.2871,384.3500,369.5257,384.9510,365.8140,384.1776,10,nan,nan,nan
ROI_035/patch_201,2,126.4733,459.9938,144.1398,458.8394,144.5521,460.1321,145.5083,459.6089,11,nan,nan,nan
ROI_035/patch_201,3,424.4944,151.9516,480.1019,147.2003,480.0741,151.3328,482.5224,150.8338,12,nan,nan,nan
ROI_035/patch_201,4,335.8330,483.0296,363.8073,484.6826,365.0961,483.0302,367.3890,482.6853,12,nan,nan,nan
ROI_035/patch_201,5,36.1425,183.6640,72.6908,183.6849,66.2624,183.4233,71.3508,182.8151,6,nan,nan,nan
ROI_035/patch_201,6,124.0259,20.6394,172.2633,17.2240,169.7751,20.0567,168.9768,20.0134,7,nan,nan,nan
ROI_035/patch_201,7,262.3181,399.7535,289.3179,398.0318,292.4145,399.6787,287.7647,400.2529,11,nan,nan,nan
ROI_035/patch_202,0,211.7969,258.9202,171.5140,261.2004,172.1586,259.9664,172.8577,260.5888,10,nan,nan,nan
ROI_035/patch_202,1,429.9324,340.2460,398.0101,340.2460,400.9186,341.4540,398.7123,341.7043,8,nan,nan,nan
ROI_035/patch_202,2,105.7120,391.6921,62.0663,394.9699,61.5330,392.9226,60.6499,393.5009,11,nan,nan,nan
ROI_035/patch_202,3,71.9082,412.6420,20.2633,413.2112,26.2048,413.8985,26.7952,413.4687,12,nan,nan,nan
ROI_035/patch_202,4,302.5005,178.7393,271.8412,179.8746,266.8657,179.6789,270.3026,179.4617,10,nan,nan,nan
ROI_035/patch_202,5,326.2732,320.4554,293.1227,321.2447,292.2792,321.6153,294.2289,322.4523,8,nan,nan,nan
ROI_035/patch_202,6,64.3031,63.0318,9.6225,65.8665,16.9688,63.7536,13.1030,63.9392,7,nan,nan,nan
ROI_035/patch_202,7,375.9294,398.4232,340.0560,401.4304,344.5700,399.7106,343.5250,400.5881,12,nan,nan,nan
ROI_035/patch_203,0,301.4793,75.4345,279.8178,77.7147,280.2043,76.4709,282.0216,76.6382,10,nan,nan,nan
ROI_035/patch_203,1,185.7611,22.4207,157.2591,24.1309,160.1359,23.4906,159.9639,23.4626,12,nan,nan,nan
ROI_035/patch_203,2,174.8695,239.0154,145.7186,239.7237,147.7349,239.9544,148.9767,239.9273,12,nan,nan,nan
ROI_035/patch_203,3,332.1380,202.8390,310.6612,203.1600,311.4528,203.7980,312.6919,204.3549,12,nan,nan,nan
ROI_035/patch_203,4,405.7223,163.0944,394.3513,164.1588,388.1681,164.0765,393.2760,164.0936,12,nan,nan,nan
ROI_035/patch_203,5,82.7220,404.5999,50.6532,404.6663,51.0918,405.4399,50.8932,405.9306,11,nan,nan,nan
ROI_035/patch_203,6,410.8196,343.7839,387.8511,346.1645,392.5716,344.6566,390.7909,344.8714,6,nan,nan,nan
ROI_035/patch_203,7,233.0266,104.3273,207.7244,105.0476,208.8792,105.3471,207.4341,105.7152,12,nan,nan,nan
ROI_035/patch_205,0,195.0757,87.1480,215.5972,87.9081,217.1727,87.0406,215.1916,86.7795,11,nan,nan,nan
ROI_035/patch_205,1,163.1534,45.3451,185.9551,44.5850,185.7930,45.2241,182.6541,45.4191,12,nan,nan,nan
ROI_035/patch_205,2,59.8263,169.7014,67.3866,168.4738,70.7138,169.6429,72.3837,169.0555,12,nan,nan,nan
ROI_035/patch_205,3,87.9533,410.3641,84.8679,409.4109,87.7588,410.4009,87.6171,410.8535,10,nan,nan,nan
ROI_035/patch_205,4,112.7836,499.4752,101.5891,498.3372,109.2228,499.5457,106.6720,499.3323,4,nan,nan,nan
ROI_035/patch_205,5,204.4762,438.8642,208.7567,439.8131,208.7565,438.8996,204.6176,438.4654,11,nan,nan,nan
ROI_035/patch_205,6,463.0994,459.5959,476.2957,459.5745,479.5235,459.6108,481.4978,459.8224,11,nan,nan,nan
ROI_035/patch_205,7,317.2745,238.2137,337.2058,236.8787,337.7601,238.1544,336.9931,237.9172,8,nan,nan,nan
ROI_035/patch_207,0,285.5221,455.7742,264.2406,467.9351,239.7181,456.8579,240.5349,456.9366,9,nan,nan,nan
ROI_035/patch_207,1,398.0101,271.8412,354.6870,271.0811,360.7272,273.0656,359.7374,273.5912,11,nan,nan,nan
ROI_035/patch_207,2,493.3358,347.9084,455.7742,350.8868,457.1275,349.2385,455.0499,349.8427,7,nan,nan,nan
ROI_035/patch_207,3,242.9308,237.3106,203.4363,239.9189,201.5353,238.3580,203.3004,239.0253,8,nan,nan,nan
ROI_035/patch_207,4,177.5845,268.3205,134.2714,272.6012,133.2487,269.2906,133.6853,269.8851,9,nan,nan,nan
ROI_035/patch_207,5,260.1793,57.9552,223.1977,61.3062,224.0959,59.0331,222.0139,59.1427,10,nan,nan,nan
ROI_035/patch_207,6,364.1796,115.1652,328.8452,116.7901,329.9518,116.3598,332.5003,116.4979,9,nan,nan,nan
ROI_035/patch_207,7,411.9849,444.3285,371.4082,446.6536,370.5841,445.5589,nan,nan,1,nan,nan,nan
ROI_035/patch_208,0,97.7888,356.9672,59.7861,359.2474,57.4037,357.7977,59.2758,358.4005,11,nan,nan,nan
ROI_035/patch_208,1,379.7688,302.2433,356.2072,303.7634,356.8095,302.9250,360.2545,303.4737,10,nan,nan,nan
ROI_035/patch_208,2,322.1213,233.8505,303.7634,236.1186,298.4056,234.4504,302.1556,235.0241,11,nan,nan,nan
ROI_035/patch_208,3,275.7614,167.8021,251.3197,169.9939,251.8267,168.3206,250.6280,167.7585,10,nan,nan,nan
ROI_035/patch_208,4,79.5301,219.7050,40.0247,219.3974,42.9815,220.3465,41.0633,220.3369,13,nan,nan,nan
ROI_035/patch_208,5,378.4901,459.5133,348.6066,461.0946,349.9152,460.4172,346.7985,460.2511,10,nan,nan,nan
ROI_035/patch_208,6,318.7273,498.0353,282.4819,499.0973,285.5099,499.0087,286.4561,499.1404,4,nan,nan,nan
ROI_035/patch_208,7,185.9373,345.0765,150.2325,345.5664,150.8157,345.8679,153.0236,346.2347,9,nan,nan,nan
ROI_035/patch_209,0,304.5235,237.6387,309.0838,239.1588,301.3313,237.9861,311.2388,237.9212,12,nan,nan,nan
ROI_035/patch_209,1,170.7540,176.0744,154.7928,177.5945,159.9004,176.6269,157.8729,177.3197,12,nan,nan,nan
ROI_035/patch_209,2,462.6995,114.2627,474.0155,114.5100,476.3918,114.2383,475.8316,113.9518,4,nan,nan,nan
ROI_035/patch_209,3,453.4593,59.1091,464.8949,60.5462,468.6528,59.0653,460.8629,58.6907,9,nan,nan,nan
ROI_035/patch_209,4,282.2681,395.3915,271.8412,394.2099,271.0999,395.8835,269.9820,395.7523,9,nan,nan,nan
ROI_035/patch_209,5,139.4065,433.3250,112.9899,432.2126,115.9204,434.1044,114.2332,434.4743,12,nan,nan,nan
ROI_035/patch_209,6,421.9504,452.1421,417.7715,453.4941,419.0827,452.4149,421.3272,452.6701,10,nan,nan,nan
ROI_035/patch_209,7,23.2907,269.5696,3.5421,271.8412,-2.4451,270.4546,nan,nan,0,nan,nan,nan
ROI_035/patch_210,0,195.8358,236.1186,117.5502,239.9189,125.5299,237.6811,119.6158,238.3589,9,nan,nan,nan
ROI_035/patch_210,1,160.8733,466.4150,57.5059,467.9351,68.5334,468.1637,58.9616,470.8354,4,nan,nan,nan
ROI_035/patch_210,2,251.8788,498.1900,150.9926,502.1375,164.8390,499.8673,nan,nan,0,nan,nan,nan
ROI_035/patch_210,3,478.9944,462.6117,373.6884,465.6549,414.6546,464.0354,nan,nan,0,nan,nan,nan
ROI_035/patch_210,4,293.6194,174.2253,238.3988,176.8344,236.9277,175.6481,nan,nan,1,nan,nan,nan
ROI_035/patch_210,5,433.8898,78.3927,394.9699,82.5877,397.3088,79.6104,395.9083,79.9688,4,nan,nan,nan
ROI_035/patch_210,6,124.3240,271.2829,45.3451,274.8814,44.8946,272.9409,46.6752,273.6896,3,nan,nan,nan
ROI_035/patch_210,7,249.7436,5.7848,199.6360,9.6225,203.1236,7.1417,nan,nan,0,nan,nan,nan
ROI_035/patch_212,0,133.5113,361.5275,65.1065,363.8077,68.3704,362.6897,68.6963,363.0887,11,nan,nan,nan
ROI_035/patch_212,1,74.9872,324.2849,15.7030,326.5650,12.0146,325.4820,16.6956,325.8561,3,nan,nan,nan
ROI_035/patch_212,2,164.0027,2.6212,123.6306,4.3022,131.8360,3.5355,nan,nan,2,nan,nan,nan
ROI_035/patch_212,3,113.1259,492.0296,44.5850,493.7769,35.8063,493.2909,42.5618,494.1034,3,nan,nan,nan
ROI_035/patch_212,4,207.8997,117.5152,169.2339,120.5904,166.2673,118.4560,168.9989,119.0950,11,nan,nan,nan
ROI_035/patch_212,5,259.1621,178.3810,220.1575,180.6347,213.0844,179.3083,219.9767,179.1308,9,nan,nan,nan
ROI_035/patch_212,6,355.2693,3.0910,323.5248,5.8223,326.9462,3.8174,nan,nan,2,nan,nan,nan
ROI_035/patch_212,7,318.2191,474.8503,271.0811,472.4954,246.6151,475.8994,nan,nan,0,nan,nan,nan
ROI_035/patch_213,0,389.6495,451.9740,346.3265,451.9740,344.8347,453.2390,345.2175,453.3811,11,nan,nan,nan
ROI_035/patch_213,1,308.3238,467.1750,255.8800,468.6951,255.7478,468.4366,256.6890,469.3862,8,nan,nan,nan
ROI_035/patch_213,2,320.9557,285.9797,279.4417,286.2822,281.0307,286.9317,277.1368,287.1438,11,nan,nan,nan
ROI_035/patch_213,3,201.3074,7.2161,169.9939,11.1426,169.2364,7.6409,169.7074,8.3413,4,nan,nan,nan
ROI_035/patch_213,4,81.8327,25.0705,48.3853,26.3437,38.6465,25.4823,43.9017,24.9998,5,nan,nan,nan
ROI_035/patch_213,5,76.1625,278.7976,12.6628,280.2018,16.2645,279.6473,57.4962,279.2727,6,nan,nan,nan
ROI_035/patch_213,6,133.5245,91.8858,89.4282,93.9885,90.3768,92.4325,88.3799,93.4209,11,nan,nan,nan
ROI_035/patch_213,7,134.6571,440.0786,68.9067,446.6536,69.3196,441.2295,70.4887,441.1090,5,nan,nan,nan
ROI_049/patch_0,0,117.5502,53.7057,122.8706,52.9456,117.6826,53.5220,123.1607,54.0545,11,nan,nan,nan
ROI_049/patch_0,1,482.3761,126.6709,478.5758,125.9108,476.0112,126.9787,476.1651,127.2776,13,nan,nan,nan
ROI_049/patch_0,2,190.2737,272.1831,183.6749,262.7205,191.9768,272.1506,189.1260,271.8448,6,nan,nan,nan
ROI_049/patch_0,3,380.3066,276.0464,377.4887,275.6414,378.1456,276.2611,379.0781,275.5862,10,nan,nan,nan
ROI_049/patch_0,4,398.9994,97.8078,395.7300,99.3089,393.9481,98.0001,394.2845,98.1821,8,nan,nan,nan
ROI_049/patch_0,5,379.9702,36.1361,375.2085,34.7043,374.4446,36.2877,374.4726,35.7628,11,nan,nan,nan
ROI_049/patch_0,6,267.1457,373.8263,262.7205,375.9686,268.6921,373.9200,265.6773,374.7817,12,nan,nan,nan
ROI_049/patch_0,7,446.2488,419.5315,442.8533,420.0517,444.7444,419.8690,441.1654,419.4205,8,nan,nan,nan
ROI_049/patch_1,0,127.4309,192.7955,137.3116,194.3157,139.0334,192.4101,139.7556,192.1860,9,nan,nan,nan
ROI_049/patch_1,1,93.9885,384.3291,107.4795,383.7591,107.3783,383.9864,107.0778,383.4532,9,nan,nan,nan
ROI_049/patch_1,2,137.1714,63.1548,149.3655,64.7753,147.9215,62.7407,149.6924,62.6791,12,nan,nan,nan
ROI_049/patch_1,3,226.5138,195.0982,234.8458,192.2325,235.3810,194.7123,238.6622,195.3393,9,nan,nan,nan
ROI_049/patch_1,4,331.7357,280.0230,337.8801,278.4760,338.0686,279.6548,338.1795,279.9616,12,nan,nan,nan
ROI_049/patch_1,5,387.6929,320.9016,395.1214,319.6897,392.6589,320.5419,394.0136,320.1841,12,nan,nan,nan
ROI_049/patch_1,6,226.2968,428.8823,237.8987,428.8297,236.2204,428.5481,238.2531,428.5085,6,nan,nan,nan
ROI_049/patch_1,7,457.8527,248.6475,461.1396,246.8025,460.5498,248.2711,459.4536,248.3223,8,nan,nan,nan
ROI_049/patch_2,0,444.3734,407.1308,439.0530,407.1308,439.3387,407.3485,438.7168,407.1644,12,nan,nan,nan
ROI_049/patch_2,1,78.7874,237.6387,83.5378,237.2587,83.6833,237.8450,85.0726,237.9450,10,nan,nan,nan
ROI_049/patch_2,2,345.3356,179.7351,340.2460,182.1548,342.3693,179.8912,344.2265,180.5237,9,nan,nan,nan
ROI_049/patch_2,3,498.1749,54.4814,489.9767,52.9456,490.3851,54.5792,491.2380,53.8337,6,nan,nan,nan
ROI_049/patch_2,4,205.1882,64.4145,200.3961,64.3464,205.8564,64.5501,204.5546,64.7445,9,nan,nan,nan
ROI_049/patch_2,5,97.4842,60.5121,97.7888,59.0260,101.2357,60.6591,98.3142,60.8628,9,nan,nan,nan
ROI_049/patch_2,6,166.5299,425.4908,165.6236,424.6120,169.5466,425.7472,167.9832,426.7649,7,nan,nan,nan
ROI_049/patch_2,7,359.7633,110.3612,357.7998,109.1597,356.1446,110.4933,358.6241,110.1018,8,nan,nan,nan
ROI_049/patch_3,0,158.5931,96.2687,166.9537,94.7486,168.5251,95.8169,170.2164,95.5679,7,nan,nan,nan
ROI_049/patch_3,1,45.3451,60.5462,57.5059,59.7861,58.6472,60.1386,58.1595,60.1874,10,nan,nan,nan
ROI_049/patch_3,2,372.8325,253.3824,369.8881,252.8398,376.7551,252.8654,376.1967,253.1807,8,nan,nan,nan
ROI_049/patch_3,3,189.0142,282.4819,195.8358,280.9618,198.7634,282.0547,198.7872,281.5241,8,nan,nan,nan
ROI_049/patch_3,4,336.7413,381.7763,344.0463,379.7688,342.3097,381.3024,343.1429,381.2716,12,nan,nan,nan
ROI_049/patch_3,5,149.9451,214.8245,162.2034,214.6471,160.6306,214.4011,162.2062,214.4135,12,nan,nan,nan
ROI_049/patch_3,6,491.6235,168.7814,495.4036,166.3370,491.5115,168.1927,491.8375,167.7236,9,nan,nan,nan
ROI_049/patch_3,7,430.7540,106.4909,429.2252,105.4392,432.2771,105.9171,431.5732,105.4793,10,nan,nan,nan
ROI_049/patch_4,0,369.8881,192.7955,366.0879,191.2754,366.5248,193.1289,364.9174,193.6924,7,nan,nan,nan
ROI_049/patch_4,1,213.3170,135.7915,214.0771,135.7915,213.4033,136.1906,212.5281,136.6517,11,nan,nan,nan
ROI_049/patch_4,2,252.3908,65.3236,251.3197,65.8665,251.6118,65.7197,252.1555,66.0653,11,nan,nan,nan
ROI_049/patch_4,3,268.4037,400.4486,266.5208,401.0503,267.2890,400.7857,268.3626,400.7592,11,nan,nan,nan
ROI_049/patch_4,4,475.6433,272.0502,472.4954,271.8412,469.9521,272.3327,469.9788,272.8843,12,nan,nan,nan
ROI_049/patch_4,5,196.1072,219.7035,196.5958,220.1575,196.5773,220.0955,195.4614,220.6060,12,nan,nan,nan
ROI_049/patch_4,6,28.4662,221.1995,36.2244,223.1977,32.6331,221.6520,34.1806,221.2774,12,nan,nan,nan
ROI_049/patch_4,7,104.9183,21.7833,107.6695,21.7834,107.3889,22.2397,105.4644,22.2714,12,nan,nan,nan
ROI_049/patch_5,0,50.6655,403.3305,63.5864,402.5704,64.4557,403.2710,64.4230,403.1295,10,nan,nan,nan
ROI_049/patch_5,1,122.1105,182.9148,131.2312,180.6347,132.9197,182.8533,130.0645,183.0356,7,nan,nan,nan
ROI_049/patch_5,2,198.7481,185.0231,211.7969,183.6749,207.2157,184.9586,210.0779,184.3538,10,nan,nan,nan
ROI_049/patch_5,3,193.0937,497.9115,205.7165,495.2970,202.8575,497.8463,204.5615,497.1286,4,nan,nan,nan
ROI_049/patch_5,4,401.7771,484.6544,407.1308,486.1764,405.0966,484.5813,407.0665,484.4045,13,nan,nan,nan
ROI_049/patch_5,5,325.2538,432.9242,328.0852,431.4525,330.7333,432.8542,331.7606,432.1175,12,nan,nan,nan
ROI_049/patch_5,6,328.6459,311.1551,332.6455,309.0838,333.5844,311.0853,334.0018,310.7286,12,nan,nan,nan
ROI_049/patch_5,7,19.7270,158.9114,33.1842,156.3130,33.5884,158.8538,33.5254,159.3563,10,nan,nan,nan
ROI_049/patch_6,0,410.9310,363.0476,405.6107,363.0476,405.9339,363.5105,405.0685,363.0543,10,nan,nan,nan
ROI_049/patch_6,1,77.2673,149.4725,77.2673,148.7124,79.2337,149.9203,77.7052,149.7285,9,nan,nan,nan
ROI_049/patch_6,2,30.8145,364.9130,36.2244,363.0476,34.1548,365.2090,36.2974,364.1564,10,nan,nan,nan
ROI_049/patch_6,3,24.3436,335.9445,25.5837,335.6857,27.7780,336.2553,29.4830,335.3811,12,nan,nan,nan
ROI_049/patch_6,4,297.8708,245.8508,297.5374,245.8732,295.1592,246.3360,296.4539,246.2964,12,nan,nan,nan
ROI_049/patch_6,5,252.1475,145.3439,252.6463,144.9225,250.2726,145.8705,251.6198,145.4678,12,nan,nan,nan
ROI_049/patch_6,6,425.8872,24.4263,419.6024,26.3466,420.0034,25.1026,419.4367,25.1939,12,nan,nan,nan
ROI_049/patch_6,7,410.7189,488.1575,406.2763,489.1460,405.9328,488.5438,405.4745,488.2425,9,nan,nan,nan
ROI_049/patch_7,0,340.0261,238.9945,344.5951,237.8522,343.8737,239.1737,345.4297,238.1755,7,nan,nan,nan
ROI_049/patch_7,1,109.6257,357.0029,118.0034,359.6695,120.5166,357.0672,117.3394,358.4202,8,nan,nan,nan
ROI_049/patch_7,2,127.6506,145.0009,140.8559,146.3796,137.2571,145.1200,138.8513,145.3586,10,nan,nan,nan
ROI_049/patch_7,3,186.2471,164.7703,191.8931,163.7094,194.2424,164.9074,193.7567,164.7056,10,nan,nan,nan
ROI_049/patch_7,4,485.1287,434.5282,485.1629,436.9530,485.5167,434.7188,485.3796,434.5484,11,nan,nan,nan
ROI_049/patch_7,5,194.9201,395.4879,203.9215,395.8683,203.5008,395.5762,202.1177,394.8603,12,nan,nan,nan
ROI_049/patch_7,6,299.0253,361.2638,307.5200,361.5422,304.4926,361.3997,305.5046,361.2007,12,nan,nan,nan
ROI_049/patch_7,7,67.5030,90.4675,79.4023,90.4092,78.6395,90.5759,79.5321,90.2179,12,nan,nan,nan
ROI_049/patch_8,0,216.3572,233.0784,213.3170,232.3184,215.3178,233.5089,215.3848,234.4562,13,nan,nan,nan
ROI_049/patch_8,1,33.1842,337.2058,34.8943,338.7259,37.2205,337.7095,34.5387,337.8690,10,nan,nan,nan
ROI_049/patch_8,2,219.2601,113.2061,218.3066,112.5643,217.7051,113.5822,218.5375,113.2041,12,nan,nan,nan
ROI_049/patch_8,3,403.6175,78.0951,393.5475,79.6588,397.2105,78.4289,396.7250,79.1559,10,nan,nan,nan
ROI_049/patch_8,4,158.7665,434.8421,158.6176,435.4973,159.9451,435.3719,158.0424,435.8377,10,nan,nan,nan
ROI_049/patch_8,5,171.5533,351.3893,172.9659,353.4249,172.0972,351.8796,170.9461,351.8526,11,nan,nan,nan
ROI_049/patch_8,6,284.1557,228.3247,280.4056,226.9057,281.3620,228.7434,278.9174,228.4936,10,nan,nan,nan
ROI_049/patch_8,7,471.7570,266.2939,464.3236,266.7546,464.2973,266.7029,465.2527,267.0575,11,nan,nan,nan
ROI_049/patch_10,0,400.2903,206.4765,393.8298,207.9966,393.3424,207.0022,394.5763,207.1257,12,nan,nan,nan
ROI_049/patch_10,1,214.8974,116.3806,213.9637,117.5195,211.9024,116.7749,211.9577,116.5934,8,nan,nan,nan
ROI_049/patch_10,2,148.2338,285.4148,146.4017,284.5721,147.6646,285.6839,147.8149,285.3871,11,nan,nan,nan
ROI_049/patch_10,3,62.0917,89.8001,64.8402,88.2881,62.5926,90.0676,62.1985,89.5469,10,nan,nan,nan
ROI_049/patch_10,4,328.9052,110.8223,320.4397,110.2817,323.1754,111.3210,323.6313,111.6678,13,nan,nan,nan
ROI_049/patch_10,5,100.7292,423.2298,102.5454,423.3136,101.9750,423.4030,101.8140,423.6824,10,nan,nan,nan
ROI_049/patch_10,6,341.5997,490.9158,337.1748,490.7649,337.4636,491.2788,336.0436,491.1086,10,nan,nan,nan
ROI_049/patch_10,7,482.6413,275.4355,469.5066,276.5849,474.0818,276.0084,475.9487,275.9512,8,nan,nan,nan
ROI_049/patch_11,0,408.6509,21.7834,412.4511,21.7834,409.3700,21.6450,409.6520,22.2313,12,nan,nan,nan
ROI_049/patch_11,1,78.7874,369.8881,90.9483,367.6080,90.5656,369.5997,90.5119,369.2415,11,nan,nan,nan
ROI_049/patch_11,2,17.9909,350.0093,31.6641,347.8466,31.4518,349.7110,31.0055,349.2310,11,nan,nan,nan
ROI_049/patch_11,3,170.0535,195.4652,177.7845,195.0757,178.4415,195.2348,177.5914,194.6834,12,nan,nan,nan
ROI_049/patch_11,4,202.9455,86.6142,212.1285,84.3930,209.9172,86.4145,210.0648,86.4820,12,nan,nan,nan
ROI_049/patch_11,5,451.5113,417.4732,451.2900,415.3878,452.6582,417.2608,452.2777,417.0409,10,nan,nan,nan
ROI_049/patch_11,6,280.7511,465.5576,288.4913,465.1893,287.0641,465.2955,286.8998,465.4963,12,nan,nan,nan
ROI_049/patch_11,7,41.7843,459.9829,50.0782,460.5656,55.0188,459.6668,54.2506,459.6538,11,nan,nan,nan
ROI_049/patch_12,0,327.3251,112.2298,323.5248,112.9899,322.2475,112.4670,322.0680,112.0149,12,nan,nan,nan
ROI_049/patch_12,1,117.5502,75.7472,117.9302,77.4574,116.7446,76.0197,118.0077,76.0325,12,nan,nan,nan
ROI_049/patch_12,2,93.5348,231.6276,97.4088,231.9383,94.4746,231.7915,94.9206,231.5210,11,nan,nan,nan
ROI_049/patch_12,3,450.2941,221.7347,439.1480,222.5327,443.4039,221.8892,443.3368,222.6943,12,nan,nan,nan
ROI_049/patch_12,4,396.7913,390.0849,388.3669,393.3073,392.3851,390.1233,391.3436,390.6097,9,nan,nan,nan
ROI_049/patch_12,5,502.8814,399.8065,495.4870,401.5254,496.2461,399.8331,nan,nan,2,nan,nan,nan
ROI_049/patch_12,6,476.1993,107.5761,467.2451,107.1791,467.8501,107.8097,468.9778,107.4259,13,nan,nan,nan
ROI_049/patch_12,7,228.9506,283.3025,226.9642,283.7646,227.3534,283.4238,227.9409,283.3410,11,nan,nan,nan
ROI_049/patch_13,0,121.3505,202.6762,128.9510,202.7238,130.2233,203.0487,128.6168,203.7926,11,nan,nan,nan
ROI_049/patch_13,1,395.1732,99.4607,395.3626,98.3680,396.3651,99.7587,395.4324,98.8571,12,nan,nan,nan
ROI_049/patch_13,2,254.6906,231.7687,257.9701,232.9100,259.9041,232.1249,260.2672,232.8569,11,nan,nan,nan
ROI_049/patch_13,3,11.5540,311.6789,23.2714,311.6421,23.5758,312.0982,23.8403,311.1013,7,nan,nan,nan
ROI_049/patch_13,4,179.1411,265.3122,187.5538,268.6758,186.4791,265.6902,186.5204,265.9615,11,nan,nan,nan
ROI_049/patch_13,5,35.1951,150.8167,43.4949,152.7040,46.3986,151.1913,47.1540,151.1817,11,nan,nan,nan
ROI_049/patch_13,6,294.4579,152.1843,299.5093,151.2339,298.4901,152.5134,299.2588,152.5627,9,nan,nan,nan
ROI_049/patch_13,7,112.9070,20.7718,121.4164,20.4384,121.8278,21.0999,120.9500,21.1379,8,nan,nan,nan
ROI_049/patch_15,0,268.8009,145.6722,274.1213,147.3823,273.9889,145.9562,274.8061,145.8822,10,nan,nan,nan
ROI_049/patch_15,1,210.6568,116.0301,214.8371,115.4601,217.5026,116.2898,213.8464,116.5738,8,nan,nan,nan
ROI_049/patch_15,2,433.8439,324.1529,433.1486,327.2347,434.0733,324.4995,432.5851,325.2631,10,nan,nan,nan
ROI_049/patch_15,3,84.2562,353.0941,93.6625,352.1234,93.8983,353.2804,91.7187,353.6873,7,nan,nan,nan
ROI_049/patch_15,4,147.7082,171.8572,158.8556,171.6208,156.1133,172.0846,154.9015,172.3815,10,nan,nan,nan
ROI_049/patch_15,5,283.4288,395.9294,288.5284,396.1437,287.5491,396.2030,290.0432,396.6087,11,nan,nan,nan
ROI_049/patch_15,6,327.1253,28.7617,328.9804,28.3054,331.0431,29.0801,332.7684,28.3419,7,nan,nan,nan
ROI_049/patch_15,7,446.3121,19.8131,447.0499,18.6675,447.0183,20.1861,445.8062,21.1069,10,nan,nan,nan
ROI_049/patch_16,0,64.3464,372.9283,69.0968,374.4484,68.1345,373.2298,69.7088,372.4828,10,nan,nan,nan
ROI_049/patch_16,1,30.7140,233.8385,35.4644,233.0784,34.0296,234.0617,36.1655,234.5089,10,nan,nan,nan
ROI_049/patch_16,2,113.8800,35.9380,110.5888,37.0724,113.2186,36.0951,114.3018,36.3942,12,nan,nan,nan
ROI_049/patch_16,3,374.9370,489.6911,368.5546,490.2556,371.9998,490.1556,370.1047,490.0336,9,nan,nan,nan
ROI_049/patch_16,4,408.2183,190.2022,400.5098,191.5711,401.5977,190.5348,402.4453,190.7646,13,nan,nan,nan
ROI_049/patch_16,5,314.5391,106.3379,308.1301,107.9065,309.4850,106.5980,309.0876,107.3016,11,nan,nan,nan
ROI_049/patch_16,6,187.2207,278.7489,184.1264,278.8804,187.0152,279.0476,186.0343,279.4884,11,nan,nan,nan
ROI_049/patch_16,7,477.9815,271.4188,470.6757,269.9497,470.3725,271.8143,471.6663,271.9155,10,nan,nan,nan
ROI_049/patch_17,0,314.4042,363.8077,317.6344,365.1378,317.5358,364.1350,315.9947,364.9828,8,nan,nan,nan
ROI_049/patch_17,1,126.2908,362.6676,135.2215,362.8576,134.5465,362.9727,134.2157,363.4959,8,nan,nan,nan
ROI_049/patch_17,2,241.4643,264.9339,242.5791,265.5707,246.7497,265.1473,242.0791,265.2095,9,nan,nan,nan
ROI_049/patch_17,3,142.3523,265.7402,148.2572,267.6965,150.3351,265.9434,149.8362,265.8851,10,nan,nan,nan
ROI_049/patch_17,4,372.4853,186.3005,377.5673,185.5410,374.3367,186.4446,377.0675,186.4405,7,nan,nan,nan
ROI_049/patch_17,5,421.7281,433.4142,421.6054,433.5830,421.8193,433.8279,421.6379,433.8612,12,nan,nan,nan
ROI_049/patch_17,6,367.0227,479.2149,366.7286,477.5289,368.5257,479.6715,368.0752,478.8659,10,nan,nan,nan
ROI_049/patch_17,7,238.3582,494.2034,244.6765,493.0245,243.3391,494.6616,244.9050,494.9154,7,nan,nan,nan
ROI_049/patch_19,0,322.0047,268.0409,325.0449,266.5208,324.4358,268.3535,328.0211,268.1393,10,nan,nan,nan
ROI_049/patch_19,1,357.7273,369.1281,355.4471,369.8881,359.7709,369.4233,358.6513,368.9222,12,nan,nan,nan
ROI_049/patch_19,2,90.7740,38.0901,100.8290,40.7848,97.4451,38.4726,98.3054,38.6921,9,nan,nan,nan
ROI_049/patch_19,3,94.4328,367.1515,104.6293,366.8479,102.3648,367.5000,106.1918,367.4324,11,nan,nan,nan
ROI_049/patch_19,4,394.9006,459.4014,397.2501,460.9046,396.4801,459.6800,396.1265,459.7148,13,nan,nan,nan
ROI_049/patch_19,5,34.8697,259.5547,44.7750,259.9653,43.6965,259.9262,46.7674,259.5509,9,nan,nan,nan
ROI_049/patch_19,6,425.5519,200.7335,423.0919,200.2061,425.3894,201.0320,425.4659,201.0789,12,nan,nan,nan
ROI_049/patch_19,7,305.2946,230.5551,307.0344,231.1713,307.9469,230.8749,306.4752,231.5020,8,nan,nan,nan
ROI_049/patch_20,0,477.0557,427.6522,472.3054,430.1224,474.1732,428.0570,475.0080,428.1493,11,nan,nan,nan
ROI_049/patch_20,1,432.3854,123.2868,429.5444,121.3656,429.0102,123.3468,427.6798,123.0879,12,nan,nan,nan
ROI_049/patch_20,2,265.7729,104.8554,267.0910,104.4274,266.5912,104.8213,266.0039,104.7488,12,nan,nan,nan
ROI_049/patch_20,3,241.6587,20.8966,242.7701,21.7248,242.6449,20.7621,242.5408,21.1779,12,nan,nan,nan
ROI_049/patch_20,4,473.9674,226.9148,466.7342,225.9098,470.0804,227.1040,468.6553,227.5537,10,nan,nan,nan
ROI_049/patch_20,5,57.4607,242.9228,63.8358,245.7011,64.3918,242.9430,63.9760,242.2349,9,nan,nan,nan
ROI_049/patch_20,6,180.7545,193.9407,186.3817,194.2904,184.2444,193.9636,186.5319,193.6185,9,nan,nan,nan
ROI_049/patch_20,7,125.0173,469.2925,127.5430,469.9339,131.4302,469.5843,125.5502,470.3181,11,nan,nan,nan
ROI_049/patch_21,0,66.6266,216.3572,76.5073,214.8371,79.0286,216.5021,79.2423,216.1422,13,nan,nan,nan
ROI_049/patch_21,1,66.6266,54.4657,77.6474,55.9858,78.3808,54.6750,78.3691,54.7164,12,nan,nan,nan
ROI_049/patch_21,2,442.4786,239.2215,446.3277,237.2112,442.7460,239.3870,442.7880,238.7379,10,nan,nan,nan
ROI_049/patch_21,3,437.4665,66.1459,437.4823,68.5267,437.2045,66.3799,437.0111,67.1692,13,nan,nan,nan
ROI_049/patch_21,4,357.3840,209.1999,359.2705,207.9966,360.2993,209.3706,359.3340,209.6269,8,nan,nan,nan
ROI_049/patch_21,5,259.8909,185.2519,265.3344,185.8126,265.8817,185.4244,265.6396,185.0141,11,nan,nan,nan
ROI_049/patch_21,6,468.8342,145.8793,468.0021,144.9121,467.8708,146.0840,468.3852,146.1626,11,nan,nan,nan
ROI_049/patch_21,7,259.1991,436.4566,262.8611,430.7399,266.2175,436.5290,266.6884,436.6997,11,nan,nan,nan
ROI_049/patch_22,0,282.4819,64.3464,282.4819,64.3464,283.0884,64.4600,283.8930,64.0819,7,nan,nan,nan
ROI_049/patch_22,1,277.9216,299.9632,274.3113,299.7731,278.3764,300.2330,278.9973,300.2273,12,nan,nan,nan
ROI_049/patch_22,2,302.7805,445.0021,299.6334,443.5766,302.4698,445.3791,302.6432,444.4911,12,nan,nan,nan
ROI_049/patch_22,3,101.3630,216.4394,103.8453,214.0449,106.2005,216.5833,106.7753,216.3439,8,nan,nan,nan
ROI_049/patch_22,4,55.7794,156.6319,60.4188,162.7227,61.7911,156.7176,61.8718,157.0727,12,nan,nan,nan
ROI_049/patch_22,5,71.4141,52.3169,73.0520,51.3929,77.1622,52.3389,77.4782,51.6259,9,nan,nan,nan
ROI_049/patch_22,6,463.4729,408.4608,459.9426,409.0694,459.2987,408.8769,458.3111,408.8149,11,nan,nan,nan
ROI_049/patch_22,7,181.9264,468.9091,186.7505,469.8665,184.5254,469.2543,186.8015,469.1532,6,nan,nan,nan
ROI_049/patch_23,0,19.3610,120.0858,35.1525,117.7170,34.8460,120.2672,33.6324,119.9701,9,nan,nan,nan
ROI_049/patch_23,1,39.8899,413.8068,50.1544,412.2277,53.0985,414.2122,53.1179,414.4104,12,nan,nan,nan
ROI_049/patch_23,2,194.8218,183.7940,200.1732,184.8307,203.4826,184.0818,201.9265,183.9167,12,nan,nan,nan
ROI_049/patch_23,3,229.1283,136.6248,235.7040,137.4564,236.7627,136.8893,235.5617,136.9616,12,nan,nan,nan
ROI_049/patch_23,4,392.6058,240.0137,391.4472,238.5217,393.6549,240.4099,392.2728,240.6258,12,nan,nan,nan
ROI_049/patch_23,5,349.4897,402.4333,350.9940,402.6383,351.2962,402.9350,354.7054,402.8077,9,nan,nan,nan
ROI_049/patch_23,6,326.2460,330.3821,331.8860,328.0948,329.2849,330.8226,326.6780,330.8101,7,nan,nan,nan
ROI_049/patch_23,7,322.2548,110.3197,323.6122,110.0049,326.5777,110.5963,326.6456,110.4709,11,nan,nan,nan
ROI_049/patch_24,0,180.6347,173.0341,181.3947,170.9440,182.5258,173.0321,181.3831,172.4139,10,nan,nan,nan
ROI_049/patch_24,1,87.6071,407.2685,91.8013,409.9481,92.3653,407.6789,92.6581,407.9722,12,nan,nan,nan
ROI_049/patch_24,2,147.6336,44.5973,150.1627,44.2884,150.6510,44.3858,148.8472,44.5675,9,nan,nan,nan
ROI_049/patch_24,3,99.8836,234.9549,103.7929,235.2657,104.3364,235.0730,105.1158,235.8673,10,nan,nan,nan
ROI_049/patch_24,4,452.1520,292.8701,443.7260,293.4140,445.2601,293.0158,444.3694,293.6779,12,nan,nan,nan
ROI_049/patch_24,5,183.9907,292.5718,185.0632,290.2572,185.7123,292.7702,185.2206,292.8071,10,nan,nan,nan
ROI_049/patch_24,6,250.9792,24.4216,255.1165,25.5870,250.6875,24.1557,251.7994,24.6975,11,nan,nan,nan
ROI_049/patch_24,7,293.5017,179.0969,290.9736,176.6853,291.7643,179.0828,293.7443,179.6611,10,nan,nan,nan
ROI_049/patch_26,0,223.0413,129.9527,221.7088,127.6683,223.0706,130.0271,223.0661,130.1203,10,nan,nan,nan
ROI_049/patch_26,1,389.8020,36.2926,381.6163,37.4348,384.6582,36.2413,383.0880,36.9246,11,nan,nan,nan
ROI_049/patch_26,2,322.4657,280.3344,317.8244,281.1518,319.5632,280.4389,320.4996,280.7668,9,nan,nan,nan
ROI_049/patch_26,3,201.2524,443.0411,203.5126,444.3944,202.1799,443.2851,202.4569,443.6002,11,nan,nan,nan
ROI_049/patch_26,4,90.7925,160.0020,95.0168,158.8917,94.8916,160.1536,96.1275,160.3381,9,nan,nan,nan
ROI_049/patch_26,5,49.7779,405.2211,53.9574,406.4429,55.3135,405.5167,55.1509,406.3100,12,nan,nan,nan
ROI_049/patch_26,6,280.5903,202.1500,279.9758,200.9585,278.9116,202.2342,279.8564,201.8518,12,nan,nan,nan
ROI_049/patch_26,7,253.7652,368.2621,250.9756,368.8845,253.0303,368.4434,253.0922,368.3004,12,nan,nan,nan
ROI_049/patch_27,0,349.3667,69.6668,350.2692,69.9518,351.2239,69.5972,350.2631,69.3236,10,nan,nan,nan
ROI_049/patch_27,1,313.2252,239.7677,316.0290,237.5812,316.3378,239.8359,317.5657,239.7805,7,nan,nan,nan
ROI_049/patch_27,2,105.4561,330.1250,112.6998,327.8951,114.3925,330.2797,113.3849,329.1996,12,nan,nan,nan
ROI_049/patch_27,3,417.5799,327.0469,421.0238,328.6552,417.9755,327.1770,418.3531,327.0216,10,nan,nan,nan
ROI_049/patch_27,4,40.2191,74.6188,53.4585,73.4432,50.5387,74.5751,52.6756,74.4648,12,nan,nan,nan
ROI_049/patch_27,5,259.8514,16.2661,265.4266,13.8076,264.0729,16.1604,265.2357,16.7134,10,nan,nan,nan
ROI_049/patch_27,6,236.4420,361.5409,239.0333,359.9485,241.8455,361.7113,242.7064,362.0558,11,nan,nan,nan
ROI_049/patch_27,7,345.8769,191.0467,345.4230,192.1068,348.0201,191.0738,347.0598,191.1444,10,nan,nan,nan
ROI_049/patch_28,0,214.0771,346.3265,211.2269,344.9964,212.0840,346.5388,212.9291,346.5874,10,nan,nan,nan
ROI_049/patch_28,1,165.8627,399.8074,165.1081,401.1444,164.9692,400.0567,164.9652,400.1731,11,nan,nan,nan
ROI_049/patch_28,2,75.3351,395.4812,78.0612,395.7762,76.5233,395.7525,75.9268,396.0573,11,nan,nan,nan
ROI_049/patch_28,3,362.2789,225.8789,355.0016,224.5630,356.8988,225.9974,355.5247,225.0117,12,nan,nan,nan
ROI_049/patch_28,4,440.8526,151.9333,430.1468,149.8176,433.6784,151.9975,428.9495,152.1111,12,nan,nan,nan
ROI_049/patch_28,5,241.8658,18.6842,241.5538,17.6265,239.2874,18.7408,241.4290,17.9974,10,nan,nan,nan
ROI_049/patch_28,6,381.5518,65.4915,373.3151,66.2637,375.7548,65.5322,374.0738,65.1038,11,nan,nan,nan
ROI_049/patch_28,7,448.5847,55.9543,438.4016,58.4261,441.2484,55.9729,437.1746,56.4876,7,nan,nan,nan
ROI_049/patch_29,0,174.5543,210.2768,180.2547,211.0368,180.7901,210.4346,180.2504,211.1050,11,nan,nan,nan
ROI_049/patch_29,1,356.5512,104.0253,357.8748,104.9756,357.5354,104.1349,357.2065,103.5961,12,nan,nan,nan
ROI_049/patch_29,2,214.8448,371.7277,220.4189,373.3084,221.5308,371.9980,221.2545,371.7331,12,nan,nan,nan
ROI_049/patch_29,3,165.7020,51.0269,169.1431,51.8517,170.7597,51.0775,172.6627,50.0754,10,nan,nan,nan
ROI_049/patch_29,4,302.8890,125.4467,304.2409,124.1270,305.3353,125.5639,303.4698,125.9335,12,nan,nan,nan
ROI_049/patch_29,5,18.2751,174.1795,23.8141,174.0194,27.9101,174.2939,25.4502,174.3253,8,nan,nan,nan
ROI_049/patch_29,6,322.7143,370.6765,324.6062,371.9582,326.8277,370.9594,327.1841,370.7993,7,nan,nan,nan
ROI_049/patch_29,7,263.6461,38.3718,265.5921,38.3206,266.2658,38.4261,268.2836,38.7070,8,nan,nan,nan
ROI_049/patch_30,0,54.1332,69.3343,50.7130,71.4719,52.1630,69.9879,53.4459,70.2185,12,nan,nan,nan
ROI_049/patch_30,1,379.7558,484.0195,369.5142,483.4381,371.7317,484.4467,373.4551,484.3285,12,nan,nan,nan
ROI_049/patch_30,2,252.2451,443.7775,246.0921,446.6908,246.9833,444.2570,246.2933,444.5447,13,nan,nan,nan
ROI_049/patch_30,3,356.2877,403.4450,351.0169,404.4160,348.5373,403.9035,349.7560,404.2339,10,nan,nan,nan
ROI_049/patch_30,4,108.1942,84.1457,105.2111,84.2289,105.0456,84.7778,103.0350,84.8872,9,nan,nan,nan
ROI_049/patch_30,5,323.9265,185.1537,317.6828,185.3100,316.2099,185.6874,311.6108,186.1923,9,nan,nan,nan
ROI_049/patch_30,6,152.8784,208.4492,143.0458,211.4256,149.1152,209.0302,146.4033,210.0257,9,nan,nan,nan
ROI_049/patch_30,7,67.8654,233.6017,68.3469,231.3259,66.1106,234.2021,67.3078,233.9767,12,nan,nan,nan
ROI_049/patch_31,0,337.2058,104.6293,340.5310,103.7267,339.6362,105.0298,338.5930,105.2181,11,nan,nan,nan
ROI_049/patch_31,1,293.8106,428.4070,293.5192,427.1237,298.5471,428.5615,295.8714,428.6029,10,nan,nan,nan
ROI_049/patch_31,2,96.4079,219.9971,101.4484,223.9467,103.6510,220.4783,102.5660,220.9315,10,nan,nan,nan
ROI_049/patch_31,3,182.5089,319.5297,191.3018,321.3546,188.6997,319.8610,189.4461,319.8636,11,nan,nan,nan
ROI_049/patch_31,4,423.4611,13.3129,418.4651,13.3575,423.9302,13.7275,423.3222,13.6899,6,nan,nan,nan
ROI_049/patch_31,5,195.3756,4.7022,203.7586,4.0826,199.8434,5.2946,nan,nan,2,nan,nan,nan
ROI_049/patch_31,6,365.2028,366.4709,368.5033,366.2481,368.3808,366.6253,366.7412,366.8565,8,nan,nan,nan
ROI_049/patch_31,7,445.4706,289.5198,447.4419,289.8817,446.8615,289.6804,445.9394,289.4809,11,nan,nan,nan
ROI_049/patch_32,0,288.5623,420.0517,280.9618,420.0517,281.9848,421.1094,281.8248,420.1882,11,nan,nan,nan
ROI_049/patch_32,1,392.3097,236.4987,384.8517,238.4938,382.6710,237.4304,380.5046,237.7327,7,nan,nan,nan
ROI_049/patch_32,2,155.2100,473.3150,151.1657,471.6597,152.3836,474.3229,150.1170,473.7027,7,nan,nan,nan
ROI_049/patch_32,3,20.4784,242.2180,23.3758,240.4994,21.1556,242.8455,20.8821,242.7821,8,nan,nan,nan
ROI_049/patch_32,4,376.3752,410.9701,366.2963,411.2611,367.3537,412.0907,368.7509,412.6988,10,nan,nan,nan
ROI_049/patch_32,5,172.3821,289.8284,166.7113,291.9027,168.8952,290.6381,170.6965,290.8740,7,nan,nan,nan
ROI_049/patch_32,6,67.2648,401.1489,65.8596,402.0863,66.8044,401.9997,65.9357,402.4442,12,nan,nan,nan
ROI_049/patch_32,7,352.6606,146.9589,342.1093,147.5844,344.0313,147.7537,346.2137,147.6909,9,nan,nan,nan
ROI_049/patch_33,0,380.9564,94.0835,382.9872,93.3354,382.3043,94.2455,381.6547,94.2453,12,nan,nan,nan
ROI_049/patch_33,1,179.4623,30.6169,187.0591,29.8688,185.0831,30.6682,185.6782,31.0243,10,nan,nan,nan
ROI_049/patch_33,2,135.9003,112.3391,144.8023,111.6574,142.0337,112.4338,143.1676,112.0515,10,nan,nan,nan
ROI_049/patch_33,3,134.1524,466.2761,146.6334,465.1512,138.7957,466.6198,141.0001,466.1292,10,nan,nan,nan
ROI_049/patch_33,4,346.6643,339.3569,349.8952,338.9726,347.6363,339.6806,347.6121,340.3742,9,nan,nan,nan
ROI_049/patch_33,5,302.0740,211.2285,307.1849,208.8579,304.4830,211.4472,302.9144,211.6820,10,nan,nan,nan
ROI_049/patch_33,6,452.4654,152.9109,450.3777,152.8139,452.1405,153.1377,451.8398,152.6798,12,nan,nan,nan
ROI_049/patch_33,7,421.3763,470.3831,416.4558,469.8731,420.3009,470.8235,420.0154,470.3540,11,nan,nan,nan
ROI_049/patch_34,0,176.7394,303.0509,170.7540,303.4784,170.5607,303.7547,171.2110,304.1559,12,nan,nan,nan
ROI_049/patch_34,1,271.2224,311.3514,263.2312,312.1800,263.2418,312.0911,263.8536,312.5810,12,nan,nan,nan
ROI_049/patch_34,2,446.3541,177.1543,436.4340,177.5470,435.6208,177.9296,434.6204,177.8663,12,nan,nan,nan
ROI_049/patch_34,3,305.5726,398.4551,298.8736,398.6874,296.6069,399.2255,297.9528,399.2320,12,nan,nan,nan
ROI_049/patch_34,4,152.1268,82.2798,147.9177,83.0696,147.2756,82.9288,146.5220,83.0380,11,nan,nan,nan
ROI_049/patch_34,5,17.9187,38.1539,19.0409,40.9346,15.7538,38.7452,17.0402,39.3960,9,nan,nan,nan
ROI_049/patch_34,6,382.3608,209.2959,371.9382,209.1543,372.6996,210.0547,374.1736,210.1998,11,nan,nan,nan
ROI_049/patch_34,7,49.5186,337.5725,44.4366,338.4600,45.5868,338.2375,44.8060,338.5948,9,nan,nan,nan
ROI_049/patch_35,0,277.9216,36.9845,280.9618,36.2244,280.5367,37.0772,278.4126,37.8235,13,nan,nan,nan
ROI_049/patch_35,1,206.4765,147.1923,211.6069,145.6722,210.2518,147.3119,212.1768,146.5614,10,nan,nan,nan
ROI_049/patch_35,2,50.2235,432.5294,56.7485,430.8492,56.3283,432.7355,56.4758,432.4511,12,nan,nan,nan
ROI_049/patch_35,3,253.3195,465.4271,256.7505,465.4519,254.5000,465.7754,254.1923,465.6158,12,nan,nan,nan
ROI_049/patch_35,4,372.2700,199.4806,373.0797,199.6653,371.9061,199.7323,372.2693,199.8834,9,nan,nan,nan
ROI_049/patch_35,5,355.0851,264.2725,353.6501,263.5811,354.8204,264.5548,355.2238,264.6709,12,nan,nan,nan
ROI_049/patch_35,6,23.4159,108.3429,30.2513,109.8614,31.6729,108.3285,30.2873,108.3519,7,nan,nan,nan
ROI_049/patch_35,7,491.2781,238.5138,488.0347,238.6366,487.9359,238.8613,485.8785,238.9206,8,nan,nan,nan
ROI_049/patch_35,8,205.2657,385.6840,210.6093,384.6617,207.9493,385.9533,206.7398,386.3172,7,nan,nan,nan
ROI_049/patch_36,0,211.0368,268.0409,200.2061,268.8009,204.1202,268.8054,203.9548,268.0099,10,nan,nan,nan
ROI_049/patch_36,1,179.8019,209.0209,173.3598,209.0316,173.7452,209.7775,174.1793,209.2616,11,nan,nan,nan
ROI_049/patch_36,2,316.6513,155.6520,304.7969,157.5183,306.8857,156.4532,308.9716,156.0906,10,nan,nan,nan
ROI_049/patch_36,3,376.0793,375.9669,363.6877,377.2336,364.6574,376.7796,364.3064,377.6116,13,nan,nan,nan
ROI_049/patch_36,4,89.6861,237.4205,85.8227,238.5733,86.0729,238.1480,85.0638,237.7522,8,nan,nan,nan
ROI_049/patch_36,5,168.3922,393.2909,161.2333,393.9348,162.6109,394.0381,162.2330,394.5590,13,nan,nan,nan
ROI_049/patch_36,6,394.4637,279.5157,378.2444,279.6706,382.5603,280.3372,382.1977,281.1655,12,nan,nan,nan
ROI_049/patch_36,7,486.7787,438.1036,475.0672,436.5410,472.3368,438.9490,473.2932,438.6089,10,nan,nan,nan
ROI_049/patch_37,0,279.4417,123.6306,278.1116,121.3505,278.8668,123.7886,278.7748,123.8457,12,nan,nan,nan
ROI_049/patch_37,1,364.9551,159.3016,364.7701,158.3575,362.1566,159.5080,364.1382,159.5411,10,nan,nan,nan
ROI_049/patch_37,2,321.0897,422.0333,322.5913,421.9544,319.4088,422.1688,320.8579,422.5505,9,nan,nan,nan
ROI_049/patch_37,3,162.8554,383.4128,166.1378,382.1743,165.2867,383.4541,164.3662,382.7639,10,nan,nan,nan
ROI_049/patch_37,4,6.4187,401.7188,9.0257,400.8201,12.9108,401.6578,12.0657,401.0544,3,nan,nan,nan
ROI_049/patch_37,5,131.2451,27.5274,135.1826,29.2066,134.5264,27.6070,133.0286,27.6198,7,nan,nan,nan
ROI_049/patch_37,6,301.3889,502.8904,303.0809,502.3126,300.2129,503.0000,301.6808,502.8657,3,nan,nan,nan
ROI_049/patch_37,7,210.4149,162.4555,211.9687,162.5915,211.6292,162.5633,211.6175,162.5713,9,nan,nan,nan
ROI_049/patch_38,0,289.3224,242.9591,299.2031,242.9591,295.0494,243.2109,295.6823,243.9429,10,nan,nan,nan
ROI_049/patch_38,1,134.6514,261.9605,147.1923,261.5804,145.4449,262.2257,142.2630,263.3498,9,nan,nan,nan
ROI_049/patch_38,2,252.9211,14.8223,272.2473,13.6128,259.2946,15.0366,259.0300,14.4914,10,nan,nan,nan
ROI_049/patch_38,3,423.7799,241.6482,427.9946,241.4772,425.1383,241.8910,425.0785,241.7678,11,nan,nan,nan
ROI_049/patch_38,4,19.8589,243.9582,34.3131,244.4250,34.3372,244.2277,33.4011,244.5603,9,nan,nan,nan
ROI_049/patch_38,5,72.7252,29.7627,85.2222,31.1265,84.9844,29.9913,85.2107,30.7255,12,nan,nan,nan
ROI_049/patch_38,6,355.4574,454.3820,361.4555,454.5897,359.5334,454.6665,360.7629,454.1370,12,nan,nan,nan
ROI_049/patch_38,7,414.2727,20.8145,419.5972,19.5075,415.4215,21.0193,415.1485,20.7942,12,nan,nan,nan
ROI_049/patch_39,0,341.0061,125.9108,327.8951,126.1008,328.3373,126.4411,328.1107,127.2833,12,nan,nan,nan
ROI_049/patch_39,1,186.4020,439.7865,172.3407,443.2079,179.6338,440.4860,179.5825,440.9258,10,nan,nan,nan
ROI_049/patch_39,2,406.2697,498.9783,389.2037,500.1021,394.2547,499.7563,392.5832,499.4159,4,nan,nan,nan
ROI_049/patch_39,3,360.4833,420.8773,345.5752,421.7944,349.1517,421.5975,346.9474,422.0492,13,nan,nan,nan
ROI_049/patch_39,4,213.3763,103.2451,203.5829,101.8055,203.8259,103.7372,201.8570,103.4941,9,nan,nan,nan
ROI_049/patch_39,5,498.8102,115.2495,484.1759,116.2837,482.0450,115.8026,nan,nan,2,nan,nan,nan
ROI_049/patch_39,6,495.6200,258.5281,482.8890,261.1348,479.8276,259.1710,482.5928,259.5681,6,nan,nan,nan
ROI_049/patch_39,7,412.5960,378.9133,399.4764,379.7723,399.6726,379.6167,399.1665,379.2680,11,nan,nan,nan
ROI_049/patch_41,0,227.7580,99.3089,235.3586,100.0690,234.3239,99.4284,234.2115,100.1570,12,nan,nan,nan
ROI_049/patch_41,1,295.4028,485.4163,299.2031,485.7964,301.4368,485.5191,296.2723,485.3141,7,nan,nan,nan
ROI_049/patch_41,2,136.9950,244.7231,150.1651,253.6230,147.2016,244.7681,149.1943,245.4227,9,nan,nan,nan
ROI_049/patch_41,3,325.8680,27.3614,330.5946,26.4751,328.8743,27.5490,331.0732,27.4065,8,nan,nan,nan
ROI_049/patch_41,4,77.5053,83.7279,88.8315,89.7857,88.9675,83.7615,89.3395,84.8118,9,nan,nan,nan
ROI_049/patch_41,5,100.9446,406.2356,114.8202,406.4544,113.0551,406.2358,114.0890,406.2076,10,nan,nan,nan
ROI_049/patch_41,6,385.2323,352.4255,388.9381,352.8854,387.7111,352.6004,386.4159,352.0093,7,nan,nan,nan
ROI_049/patch_41,7,340.7989,252.2591,343.7796,251.8899,344.3041,252.4226,346.2854,252.7573,11,nan,nan,nan
ROI_049/patch_42,0,325.0449,43.4449,309.0838,43.4449,311.3458,44.3183,311.8046,44.4347,13,nan,nan,nan
ROI_049/patch_42,1,273.1713,42.8749,259.9178,42.4474,261.0918,43.7120,260.2626,43.4074,12,nan,nan,nan
ROI_049/patch_42,2,89.9822,315.1929,85.3946,314.9419,84.1393,315.7565,86.8641,316.3027,6,nan,nan,nan
ROI_049/patch_42,3,487.6935,411.0326,470.0370,410.6269,469.6046,411.8259,468.5573,411.8551,10,nan,nan,nan
ROI_049/patch_42,4,61.3688,122.9037,54.4557,122.3193,56.0578,123.5491,55.8020,123.0202,11,nan,nan,nan
ROI_049/patch_42,5,445.2659,377.7069,425.5032,376.0600,428.4399,378.4879,426.9284,378.4280,12,nan,nan,nan
ROI_049/patch_42,6,205.0009,188.2688,193.7417,185.8056,195.3252,188.9808,193.7774,188.9132,10,nan,nan,nan
ROI_049/patch_42,7,115.9054,388.7042,107.0250,389.1289,109.3909,389.2472,108.6992,388.6625,10,nan,nan,nan
ROI_049/patch_43,0,124.3907,126.6709,122.6806,124.3907,124.2127,126.7183,124.2661,125.6009,13,nan,nan,nan
ROI_049/patch_43,1,252.1561,92.8825,249.8734,94.6103,249.1214,92.9626,247.4213,93.9885,10,nan,nan,nan
ROI_049/patch_43,2,257.1024,338.6408,254.8362,338.6172,254.4364,338.8934,255.4932,338.4617,10,nan,nan,nan
ROI_049/patch_43,3,111.7152,364.2163,113.0104,365.9430,112.2749,364.4228,112.2441,364.2383,11,nan,nan,nan
ROI_049/patch_43,4,347.7532,264.3562,341.5295,262.0667,342.9627,264.5971,342.0204,264.4270,11,nan,nan,nan
ROI_049/patch_43,5,462.6121,341.0028,456.6642,339.5271,455.4611,341.3472,455.8161,342.3714,11,nan,nan,nan
ROI_049/patch_43,6,70.6435,181.4418,70.8333,182.2942,71.7459,181.5036,71.4775,181.5198,10,nan,nan,nan
ROI_049/patch_43,7,195.7578,468.8831,194.7999,468.3233,194.6846,469.1990,195.9558,469.3007,12,nan,nan,nan
ROI_049/patch_44,0,445.1335,182.9148,447.2236,185.5750,445.0360,183.3355,446.3541,183.9098,10,nan,nan,nan
ROI_049/patch_44,1,458.0617,499.7969,456.1409,498.4460,456.7530,500.2637,458.1320,500.3868,4,nan,nan,nan
ROI_049/patch_44,2,115.9850,72.2996,130.5899,72.0447,126.7540,72.5795,129.0327,73.3393,9,nan,nan,nan
ROI_049/patch_44,3,241.5768,106.8074,246.1641,106.4342,248.2188,107.1400,248.0435,106.7528,12,nan,nan,nan
ROI_049/patch_44,4,208.0692,486.8282,213.3859,488.5806,214.8353,487.1973,214.5976,487.4354,12,nan,nan,nan
ROI_049/patch_44,5,315.3015,294.5043,319.7258,295.3849,319.1006,294.8897,316.8193,295.4526,7,nan,nan,nan
ROI_049/patch_44,6,500.7316,218.8127,498.8209,219.7499,498.7555,219.2594,500.3222,219.1716,3,nan,nan,nan
ROI_049/patch_44,7,173.7856,146.9474,184.8143,148.9708,182.5077,147.2592,185.8671,147.5003,8,nan,nan,nan
ROI_049/patch_46,0,350.1267,417.7715,342.3362,416.8215,346.2372,417.7927,344.3924,416.5108,7,nan,nan,nan
ROI_049/patch_46,1,249.1155,264.7319,245.5130,265.1144,246.7698,264.8982,248.8430,265.2946,10,nan,nan,nan
ROI_049/patch_46,2,169.7219,42.7796,165.6217,42.9224,168.0874,43.0790,168.6276,42.4170,10,nan,nan,nan
ROI_049/patch_46,3,25.3409,461.0937,30.9171,460.2848,29.0594,461.4815,31.6018,462.0056,9,nan,nan,nan
ROI_049/patch_46,4,312.0065,225.5915,306.4236,223.5777,308.0357,225.6926,306.8339,225.0662,10,nan,nan,nan
ROI_049/patch_46,5,279.1021,32.7270,273.3414,34.1081,274.9278,32.9021,273.5904,32.9289,8,nan,nan,nan
ROI_049/patch_46,6,415.1491,210.8348,408.0808,206.0965,408.7572,210.8196,408.3010,210.7928,10,nan,nan,nan
ROI_049/patch_46,7,45.2674,214.9082,49.5560,217.7991,47.3164,215.3191,46.5409,215.4777,8,nan,nan,nan
ROI_049/patch_47,0,141.1119,150.9926,146.0522,150.0425,147.5382,150.9500,147.9346,150.8945,12,nan,nan,nan
ROI_049/patch_47,1,35.6318,6.5955,43.0469,6.3593,43.8710,6.2788,nan,nan,2,nan,nan,nan
ROI_049/patch_47,2,58.9332,279.3200,66.9106,279.2268,68.3763,279.2599,66.4375,279.0982,11,nan,nan,nan
ROI_049/patch_47,3,284.1714,359.6020,288.1165,359.2346,288.2240,359.9418,289.8032,359.8591,10,nan,nan,nan
ROI_049/patch_47,4,352.9390,352.1646,354.5508,353.7088,355.1330,352.6004,353.4134,352.5690,9,nan,nan,nan
ROI_049/patch_47,5,342.8555,128.8973,345.3579,131.2142,343.8273,129.1364,343.4557,128.7626,12,nan,nan,nan
ROI_049/patch_47,6,197.2083,39.5386,199.5688,38.9131,201.4164,39.4886,202.7038,39.3485,10,nan,nan,nan
ROI_049/patch_47,7,14.7525,446.5687,26.5398,445.9965,26.4721,446.5792,27.4357,446.4218,9,nan,nan,nan
ROI_049/patch_48,0,467.9351,79.5475,449.5038,80.6876,454.7293,80.0026,454.5722,79.7316,10,nan,nan,nan
ROI_049/patch_48,1,354.2209,361.1936,344.1688,362.3337,344.7829,361.6960,341.8660,362.3277,12,nan,nan,nan
ROI_049/patch_48,2,159.2168,492.7315,150.6791,491.7045,154.0548,493.2398,152.0498,493.7996,7,nan,nan,nan
ROI_049/patch_48,3,234.1615,163.6188,225.1394,162.8716,225.6240,164.0653,227.4291,163.8355,12,nan,nan,nan
ROI_049/patch_48,4,301.6017,291.4980,288.3127,292.6080,292.6635,291.9795,290.6100,292.6925,8,nan,nan,nan
ROI_049/patch_48,5,455.8343,180.7859,443.8330,180.5333,443.4726,181.2613,442.5789,179.8331,11,nan,nan,nan
ROI_049/patch_48,6,448.2337,471.8899,431.3618,473.4954,437.8169,472.4267,429.5467,473.4610,9,nan,nan,nan
ROI_049/patch_48,7,95.0224,151.3823,88.4324,152.2349,88.8762,151.8103,89.2696,152.2406,11,nan,nan,nan
ROI_049/patch_49,0,49.9054,72.7070,54.4657,70.9969,55.7528,72.9029,56.2355,72.7748,13,nan,nan,nan
ROI_049/patch_49,1,376.3785,188.1030,374.6475,190.2059,373.3177,188.5366,375.2666,189.7512,12,nan,nan,nan
ROI_049/patch_49,2,353.2182,54.1278,350.7611,54.0322,349.9727,54.3961,347.8259,54.6606,11,nan,nan,nan
ROI_049/patch_49,3,492.1095,301.8371,490.7682,304.2726,486.3636,302.4409,486.1136,303.0569,7,nan,nan,nan
ROI_049/patch_49,4,204.0834,391.5478,205.6790,390.6119,207.4400,392.1678,209.5057,392.0360,10,nan,nan,nan
ROI_049/patch_49,5,364.5938,508.0788,360.2992,508.8570,363.9588,508.8863,nan,nan,0,nan,nan,nan
ROI_049/patch_49,6,419.7378,351.7502,414.9103,351.3440,416.4568,352.3904,413.7733,351.9171,11,nan,nan,nan
ROI_049/patch_49,7,297.9280,449.4635,296.6711,448.2663,298.8846,450.1811,298.4932,450.7443,10,nan,nan,nan
ROI_049/patch_50,0,284.7621,448.9337,295.4028,446.2735,293.8025,449.2095,292.1651,448.2922,9,nan,nan,nan
ROI_049/patch_50,1,93.9410,161.7117,102.4808,160.0065,104.7218,162.0645,105.7826,161.3331,12,nan,nan,nan
ROI_049/patch_50,2,412.7762,186.7919,414.7270,186.4580,413.9268,186.9123,413.6545,186.8038,11,nan,nan,nan
ROI_049/patch_50,3,474.2023,192.9499,469.5813,193.4427,473.5171,193.0258,473.7815,193.0999,9,nan,nan,nan
ROI_049/patch_50,4,138.9949,354.1298,150.6964,352.7132,151.2064,354.4928,152.2379,353.9706,13,nan,nan,nan
ROI_049/patch_50,5,84.7338,460.2334,102.0419,460.0625,100.2156,460.6611,98.8642,460.1098,11,nan,nan,nan
ROI_049/patch_50,6,63.8918,210.1514,74.6484,210.6435,76.3311,210.5377,76.9137,210.2449,10,nan,nan,nan
ROI_049/patch_50,7,250.9606,131.3953,256.2245,129.6636,256.3681,131.6239,256.6856,131.4152,11,nan,nan,nan
ROI_049/patch_51,0,329.6053,486.9364,316.6843,484.6563,317.5483,487.6313,317.4793,486.9085,12,nan,nan,nan
ROI_049/patch_51,1,398.0101,395.7300,382.4290,400.1003,384.9224,396.4030,385.3604,396.7135,10,nan,nan,nan
ROI_049/patch_51,2,413.6120,152.9184,393.8298,153.2727,400.7385,153.4632,400.5724,153.1409,11,nan,nan,nan
ROI_049/patch_51,3,148.8557,492.2679,141.1752,494.9170,139.9995,492.8896,141.4798,493.4111,8,nan,nan,nan
ROI_049/patch_51,4,192.5320,288.2786,183.1682,288.5623,183.3126,288.8055,181.2934,288.4364,7,nan,nan,nan
ROI_049/patch_51,5,341.8239,52.4472,330.4898,53.6640,330.4293,52.9060,329.5323,52.8560,11,nan,nan,nan
ROI_049/patch_51,6,142.7157,55.1841,135.5812,56.5039,134.8532,55.5607,135.1059,56.5363,7,nan,nan,nan
ROI_049/patch_51,7,291.6917,411.5795,281.3749,412.1456,280.4610,412.2165,279.1359,412.3383,12,nan,nan,nan
ROI_049/patch_53,0,106.9094,127.4309,120.5904,127.4309,119.8563,127.5498,119.9756,127.7373,11,nan,nan,nan
ROI_049/patch_53,1,160.1132,58.2660,176.2644,57.8860,171.5841,58.4692,172.0634,57.8503,9,nan,nan,nan
ROI_049/patch_53,2,420.9175,113.2203,426.7529,112.2179,426.6758,113.5638,426.8183,113.4473,12,nan,nan,nan
ROI_049/patch_53,3,451.4001,451.6420,456.0619,451.6123,457.7739,451.7719,457.7460,451.5478,10,nan,nan,nan
ROI_049/patch_53,4,318.8153,55.3812,326.2384,54.6993,326.6696,55.6950,326.1012,55.4635,12,nan,nan,nan
ROI_049/patch_53,5,140.0710,398.8481,156.0459,398.7646,153.3135,398.8016,153.2577,399.2110,11,nan,nan,nan
ROI_049/patch_53,6,323.1254,340.5014,331.0031,339.3241,331.9838,340.6205,330.5041,340.4971,11,nan,nan,nan
ROI_049/patch_53,7,356.5054,195.1527,361.1505,195.4911,364.0436,195.3953,363.9698,195.5515,12,nan,nan,nan
ROI_049/patch_54,0,181.3947,369.1281,169.2339,369.8881,168.9727,369.7335,169.5216,371.0246,10,nan,nan,nan
ROI_049/patch_54,1,427.6522,107.6695,411.6911,108.6196,414.2748,108.1168,410.0028,108.7501,7,nan,nan,nan
ROI_049/patch_54,2,326.1561,87.7580,312.1569,88.2724,313.1201,88.1521,312.7522,87.6968,10,nan,nan,nan
ROI_049/patch_54,3,225.8119,300.2400,210.5466,300.9735,213.2086,300.7967,213.1116,300.9210,11,nan,nan,nan
ROI_049/patch_54,4,311.2671,412.8289,297.0403,413.2411,298.4156,413.5194,298.1579,413.6342,10,nan,nan,nan
ROI_049/patch_54,5,459.2229,269.0577,441.8814,268.4009,445.8029,269.6656,441.2781,269.2947,9,nan,nan,nan
ROI_049/patch_54,6,410.6173,198.3878,394.5994,195.9311,397.3358,198.9135,392.6024,200.0371,7,nan,nan,nan
ROI_049/patch_54,7,53.2005,399.1022,46.4476,398.7619,41.2322,399.6916,45.5959,400.1031,11,nan,nan,nan
ROI_049/patch_56,0,192.0355,129.7111,203.8163,129.1410,202.3301,129.9751,199.6881,130.1357,10,nan,nan,nan
ROI_049/patch_56,1,266.7298,401.4974,277.3693,400.3567,276.8520,401.5879,278.7579,400.9337,9,nan,nan,nan
ROI_049/patch_56,2,109.3451,113.1465,121.6222,114.2513,121.8583,113.3718,122.1795,113.6385,10,nan,nan,nan
ROI_049/patch_56,3,117.7641,42.2136,126.0472,42.1678,129.5334,42.5019,130.1113,42.6821,6,nan,nan,nan
ROI_049/patch_56,4,473.9734,449.1039,477.0104,450.9250,478.5786,449.2865,479.4440,449.5170,6,nan,nan,nan
ROI_049/patch_56,5,365.1617,377.1474,371.8550,375.8977,372.3287,377.3198,371.9138,376.8228,10,nan,nan,nan
ROI_049/patch_56,6,307.2779,468.5806,315.7305,469.2795,316.7327,468.6422,313.9312,468.4964,10,nan,nan,nan
ROI_049/patch_56,7,381.0317,176.7914,388.1881,178.7114,386.3212,177.1365,387.3406,177.1551,12,nan,nan,nan
ROI_049/patch_57,0,166.9537,239.9189,163.1534,239.9189,166.0565,240.6851,166.8167,240.8412,11,nan,nan,nan
ROI_049/patch_57,1,271.4611,147.1923,265.1907,149.2825,268.4099,147.9380,265.6445,148.3858,10,nan,nan,nan
ROI_049/patch_57,2,202.0571,28.3036,197.1865,29.0514,200.7756,28.9631,201.9197,29.2475,12,nan,nan,nan
ROI_049/patch_57,3,436.2765,55.4395,434.1257,57.3251,429.7258,56.1829,431.2234,56.3258,10,nan,nan,nan
ROI_049/patch_57,4,278.6367,448.4226,277.0202,448.6314,274.8594,449.3370,277.4839,448.8056,11,nan,nan,nan
ROI_049/patch_57,5,103.4863,492.7621,103.8474,493.3889,103.5277,493.6495,104.6379,493.3907,6,nan,nan,nan
ROI_049/patch_57,6,427.9169,477.2011,422.3230,477.6758,420.7596,478.1753,421.4319,478.9961,12,nan,nan,nan
ROI_049/patch_57,7,397.4639,346.6982,389.8556,347.8527,391.2304,347.5913,391.0509,347.2595,9,nan,nan,nan
ROI_049/patch_59,0,200.3961,177.5945,199.6360,178.7345,198.8159,178.3365,194.9609,179.1447,9,nan,nan,nan
ROI_049/patch_59,1,24.6900,257.5961,27.7387,257.2127,27.5073,258.5077,29.8515,257.6879,7,nan,nan,nan
ROI_049/patch_59,2,183.7867,475.3790,180.2547,474.5856,185.3279,476.3663,183.6103,475.6980,12,nan,nan,nan
ROI_049/patch_59,3,232.0947,506.0095,232.4677,508.5464,232.9175,506.9917,nan,nan,0,nan,nan,nan
ROI_049/patch_59,4,404.8670,414.8409,403.6410,416.5719,401.2491,415.6464,403.7991,415.9915,8,nan,nan,nan
ROI_049/patch_59,5,319.4803,89.4244,314.5821,89.9692,314.6032,90.0246,313.3185,90.5334,10,nan,nan,nan
ROI_049/patch_59,6,385.7430,32.0943,380.7991,31.1913,378.9543,32.6090,379.0124,32.1185,10,nan,nan,nan
ROI_049/patch_59,7,135.6318,327.1751,133.0667,327.1508,136.7921,328.0745,136.0943,328.4109,10,nan,nan,nan
ROI_049/patch_60,0,190.5154,105.3893,195.4557,106.7194,198.3875,105.5071,197.7979,105.3767,12,nan,nan,nan
ROI_049/patch_60,1,167.3016,159.2004,173.0040,158.8159,175.9443,159.2882,173.5564,158.7117,10,nan,nan,nan
ROI_049/patch_60,2,265.3626,488.0008,272.6012,487.6965,271.2758,488.2506,272.4027,487.4345,11,nan,nan,nan
ROI_049/patch_60,3,90.9937,348.7093,104.6293,350.5067,102.1812,348.6995,103.3427,348.6522,11,nan,nan,nan
ROI_049/patch_60,4,301.8666,267.1300,308.1197,267.0061,306.4393,267.4182,307.6151,267.7286,9,nan,nan,nan
ROI_049/patch_60,5,487.1910,272.4048,488.4359,269.7018,486.0231,272.9599,487.6888,272.0210,12,nan,nan,nan
ROI_049/patch_60,6,370.0756,104.2523,370.3469,103.5701,372.3797,104.6282,370.3739,104.6167,7,nan,nan,nan
ROI_049/patch_60,7,479.6091,58.5306,475.5453,57.1995,478.4741,59.0611,474.2563,58.4654,8,nan,nan,nan
ROI_049/patch_61,0,53.7057,184.4350,53.1356,183.2949,55.7452,185.0381,54.3664,184.8193,12,nan,nan,nan
ROI_049/patch_61,1,76.3937,436.2231,81.3464,438.3204,79.2929,436.9460,82.5428,437.5167,9,nan,nan,nan
ROI_049/patch_61,2,276.2111,285.7770,275.2985,285.8707,274.2659,286.4847,275.4442,286.4513,11,nan,nan,nan
ROI_049/patch_61,3,309.9824,208.7592,310.2603,208.3788,306.9480,209.4410,308.6378,209.2971,9,nan,nan,nan
ROI_049/patch_61,4,453.1732,214.6372,448.3448,214.6324,447.2634,215.3595,446.6656,215.6805,12,nan,nan,nan
ROI_049/patch_61,5,272.5842,38.8961,271.4144,39.5674,269.4182,39.4913,271.4675,39.6891,12,nan,nan,nan
ROI_049/patch_61,6,488.3734,84.0422,483.8040,84.5236,481.0645,84.7148,482.3451,84.8280,8,nan,nan,nan
ROI_049/patch_61,7,50.8739,288.8183,54.4002,290.4965,53.5181,289.4679,56.1921,289.7659,7,nan,nan,nan
ROI_049/patch_63,0,231.5583,122.8706,228.7081,124.9607,231.8185,123.6297,231.6223,124.0967,10,nan,nan,nan
ROI_049/patch_63,1,186.3331,157.1524,185.2000,159.4334,187.5343,157.8662,187.2911,157.4043,12,nan,nan,nan
ROI_049/patch_63,2,252.8133,311.1813,255.1539,313.2374,252.0481,311.9729,252.8989,311.9573,12,nan,nan,nan
ROI_049/patch_63,3,263.7152,383.8826,265.5321,383.4296,262.4922,384.6896,263.9759,384.5079,10,nan,nan,nan
ROI_049/patch_63,4,33.9564,425.5675,40.8439,426.0915,37.8916,426.1369,40.6854,426.3391,12,nan,nan,nan
ROI_049/patch_63,5,55.0511,56.4596,62.2286,56.7459,59.5548,57.0308,61.3522,56.8939,12,nan,nan,nan
ROI_049/patch_63,6,429.1215,166.0683,424.6318,168.7588,424.7208,167.0360,425.7809,167.2735,8,nan,nan,nan
ROI_049/patch_63,7,469.8874,449.4624,464.2695,452.1323,463.7420,450.4883,464.0959,450.4643,12,nan,nan,nan
ROI_049/patch_64,0,384.3291,71.1869,382.4290,69.8568,386.1901,71.3152,385.2060,71.1166,9,nan,nan,nan
ROI_049/patch_64,1,306.3629,133.0974,311.5116,134.0534,310.5444,133.2255,312.2088,133.6702,11,nan,nan,nan
ROI_049/patch_64,2,76.4268,176.3498,85.7704,175.2357,87.8345,176.3947,88.4746,176.2133,11,nan,nan,nan
ROI_049/patch_64,3,61.5031,40.3775,72.1019,39.6220,73.7610,40.3348,74.1228,40.8251,12,nan,nan,nan
ROI_049/patch_64,4,333.5391,20.5230,336.9138,19.2382,337.1617,20.5971,339.3287,20.0482,10,nan,nan,nan
ROI_049/patch_64,5,113.8141,294.8653,124.3231,295.5832,123.7020,294.9982,121.6225,295.3276,10,nan,nan,nan
ROI_049/patch_64,6,44.3821,457.0498,58.0409,455.9873,56.0424,457.2461,56.7561,456.7764,11,nan,nan,nan
ROI_049/patch_64,7,300.8032,417.8767,304.0748,420.2977,304.3800,418.1710,301.9953,418.5593,8,nan,nan,nan
ROI_049/patch_65,0,316.6843,19.5032,309.8439,19.6933,310.9317,20.2194,310.8629,20.2674,11,nan,nan,nan
ROI_049/patch_65,1,485.8806,118.1643,475.6186,117.5940,472.6723,118.9198,473.4808,118.8834,11,nan,nan,nan
ROI_049/patch_65,2,444.8610,7.3546,440.4727,6.5452,433.8062,8.0893,438.1430,7.8764,4,nan,nan,nan
ROI_049/patch_65,3,395.5511,163.5017,384.3111,165.3535,385.9330,164.2488,384.3038,164.1967,11,nan,nan,nan
ROI_049/patch_65,4,352.6882,221.9699,344.3538,223.0535,344.6267,222.7179,340.7859,222.6679,10,nan,nan,nan
ROI_049/patch_65,5,282.6786,402.3757,276.9738,404.2647,276.8213,403.1360,276.3260,403.4108,4,nan,nan,nan
ROI_049/patch_65,6,86.5646,431.4913,89.9565,428.8660,88.7780,432.2245,nan,nan,0,nan,nan,nan
ROI_049/patch_65,7,433.1733,478.5379,417.2350,478.9656,420.7305,479.3316,420.3974,479.9770,12,nan,nan,nan
ROI_049/patch_66,0,432.9726,273.3613,437.5329,275.0714,433.1117,273.8971,434.2387,274.1841,11,nan,nan,nan
ROI_049/patch_66,1,271.9034,148.2633,277.9889,151.4986,276.0649,148.6549,277.7624,149.5878,11,nan,nan,nan
ROI_049/patch_66,2,143.7509,313.0179,146.8229,311.6430,147.7743,313.2571,148.8034,313.4566,9,nan,nan,nan
ROI_049/patch_66,3,232.1161,275.6777,239.0966,276.5638,235.2713,276.0111,238.1632,275.1580,9,nan,nan,nan
ROI_049/patch_66,4,122.8287,138.3455,128.9020,139.1064,129.3758,138.5886,129.8408,138.6025,11,nan,nan,nan
ROI_049/patch_66,5,181.6876,15.6370,189.7051,15.3229,188.8923,15.9569,188.2129,16.6312,10,nan,nan,nan
ROI_049/patch_66,6,397.7148,62.6987,399.5992,63.9309,401.0496,63.2291,398.6231,62.7596,10,nan,nan,nan
ROI_049/patch_66,7,300.8453,504.2572,301.9415,504.3034,300.0711,504.6271,nan,nan,1,nan,nan,nan
ROI_049/patch_67,0,245.9993,488.4565,229.2781,488.4565,233.2598,489.3367,232.2978,489.6994,11,nan,nan,nan
ROI_049/patch_67,1,453.4941,403.3305,438.1030,404.8506,440.2843,404.4178,439.9827,405.1856,8,nan,nan,nan
ROI_049/patch_67,2,391.2820,163.5146,377.1766,162.8448,378.2883,164.0654,378.3681,163.8402,12,nan,nan,nan
ROI_049/patch_67,3,261.1322,92.3267,249.3014,92.2070,248.4687,92.5248,253.6587,93.1726,11,nan,nan,nan
ROI_049/patch_67,4,411.8802,16.9347,401.7773,20.4202,398.8789,17.2591,398.8869,17.7814,5,nan,nan,nan
ROI_049/patch_67,5,85.3680,329.5487,89.9026,330.6268,73.0560,329.8665,86.1402,329.9661,12,nan,nan,nan
ROI_049/patch_67,6,117.2793,458.0475,103.6109,460.7389,104.8550,458.6504,104.2513,459.2497,12,nan,nan,nan
ROI_049/patch_67,7,454.8174,129.5913,436.8237,131.1356,441.6820,130.1915,436.6743,130.9690,9,nan,nan,nan
ROI_049/patch_69,0,322.7648,174.5543,303.0034,176.0744,305.4351,175.5653,303.7551,175.4773,12,nan,nan,nan
ROI_049/patch_69,1,364.5677,339.4860,348.4166,342.3362,348.4072,340.5898,346.1010,340.6901,3,nan,nan,nan
ROI_049/patch_69,2,227.8474,477.5297,218.2053,476.4636,219.2818,478.4363,220.5313,478.1103,12,nan,nan,nan
ROI_049/patch_69,3,312.8692,485.7734,299.9619,488.1815,301.1664,486.8174,300.9876,486.7364,11,nan,nan,nan
ROI_049/patch_69,4,288.4377,66.3675,269.0951,66.8083,270.6072,67.3065,268.8371,67.6619,7,nan,nan,nan
ROI_049/patch_69,5,3.4914,325.6963,3.3499,327.7757,1.0118,326.2199,nan,nan,2,nan,nan,nan
ROI_049/patch_69,6,479.7174,96.8888,462.0336,99.0229,455.0308,98.1389,460.4899,97.8767,9,nan,nan,nan
ROI_049/patch_69,7,436.9367,36.8825,413.0971,37.1224,412.8872,38.0547,417.2246,37.1810,6,nan,nan,nan
ROI_049/patch_71,0,102.3491,203.4363,87.1480,203.4363,86.6835,204.2606,88.1564,203.9333,9,nan,nan,nan
ROI_049/patch_71,1,73.4671,450.4538,59.0260,452.1640,58.1503,451.3116,59.9091,451.4452,12,nan,nan,nan
ROI_049/patch_71,2,243.5350,172.6744,221.4513,173.4697,223.3012,173.5797,223.2587,173.8445,9,nan,nan,nan
ROI_049/patch_71,3,444.5739,141.4961,416.6871,142.5622,417.8045,142.5193,418.6958,142.3320,11,nan,nan,nan
ROI_049/patch_71,4,479.9878,27.5090,450.0055,29.2107,452.3312,28.5305,454.3148,28.9865,10,nan,nan,nan
ROI_049/patch_71,5,350.9474,440.2723,331.0820,441.7859,326.5302,441.2997,330.9899,441.4911,11,nan,nan,nan
ROI_049/patch_71,6,58.6393,373.8407,44.3449,375.0525,43.9965,374.6734,45.5833,373.9997,10,nan,nan,nan
ROI_049/patch_71,7,331.5016,250.3541,306.3244,253.9734,308.1859,251.3300,307.0644,252.0529,10,nan,nan,nan
ROI_049/patch_72,0,160.8733,369.8881,156.3130,372.1683,160.6443,371.1271,160.2830,371.7107,10,nan,nan,nan
ROI_049/patch_72,1,41.5448,416.2514,40.0247,418.5316,38.1257,417.6834,41.4868,417.1078,12,nan,nan,nan
ROI_049/patch_72,2,137.3564,215.7839,136.5516,219.3974,135.3418,216.7232,137.2115,216.8260,12,nan,nan,nan
ROI_049/patch_72,3,267.7750,95.1237,268.8009,95.5086,268.7511,95.7072,273.8744,94.9801,11,nan,nan,nan
ROI_049/patch_72,4,286.0028,327.9356,284.7621,329.6053,289.1663,328.9859,285.7918,329.6466,12,nan,nan,nan
ROI_049/patch_72,5,103.5521,35.3772,98.5489,37.7445,99.2622,35.9707,84.0883,35.6434,3,nan,nan,nan
ROI_049/patch_72,6,62.3461,139.9147,53.1356,141.1119,57.5819,140.7581,56.1317,140.7249,12,nan,nan,nan
ROI_049/patch_72,7,355.8641,173.8217,360.3696,174.8547,359.9955,174.4963,362.3067,174.8291,11,nan,nan,nan
ROI_049/patch_73,0,471.7354,298.4430,467.1750,297.6830,473.1666,299.6743,471.3545,299.1521,12,nan,nan,nan
ROI_049/patch_73,1,387.3694,87.9081,366.8479,90.1883,367.9951,88.9888,367.9738,89.1222,12,nan,nan,nan
ROI_049/patch_73,2,202.0177,57.8084,178.3545,58.2660,174.3321,58.6059,181.4439,58.6555,12,nan,nan,nan
ROI_049/patch_73,3,124.4324,84.4240,104.6293,85.6279,96.6592,85.1074,104.6048,85.0117,11,nan,nan,nan
ROI_049/patch_73,4,103.1125,282.4418,86.3880,284.0020,91.8074,283.1147,89.3009,283.1706,9,nan,nan,nan
ROI_049/patch_73,5,15.5394,391.2300,2.2120,391.9297,10.9455,391.7826,nan,nan,1,nan,nan,nan
ROI_049/patch_73,6,361.9684,228.1689,354.8170,229.9944,353.9417,229.2268,354.6490,229.2992,12,nan,nan,nan
ROI_049/patch_73,7,239.5485,306.3242,234.2032,307.4527,234.5107,307.2058,233.9889,307.3752,8,nan,nan,nan
ROI_049/patch_74,0,344.8063,151.7526,363.0476,154.0328,360.7422,152.2219,363.9814,152.5274,12,nan,nan,nan
ROI_049/patch_74,1,431.4525,21.0233,443.6134,22.5435,445.2425,21.4404,443.7539,21.4434,12,nan,nan,nan
ROI_049/patch_74,2,354.0503,435.1816,360.7675,435.2528,363.0901,435.8612,360.9446,435.6486,9,nan,nan,nan
ROI_049/patch_74,3,318.8945,72.3922,331.8854,70.4269,338.1279,72.7910,336.9840,72.7830,9,nan,nan,nan
ROI_049/patch_74,4,301.7403,113.1924,320.4846,112.2298,321.0640,113.6125,322.1195,113.4293,9,nan,nan,nan
ROI_049/patch_74,5,436.8964,469.2130,440.7632,471.3553,440.3190,469.9581,442.6268,469.4677,4,nan,nan,nan
ROI_049/patch_74,6,17.3288,125.9029,41.4467,123.5831,53.0321,126.1920,42.8531,125.7112,10,nan,nan,nan
ROI_049/patch_74,7,81.4020,264.6453,100.4914,268.6701,110.2405,265.0667,126.8738,265.2305,12,nan,nan,nan
ROI_049/patch_75,0,81.0676,41.5448,85.6279,41.5448,92.9566,41.8043,86.3353,41.5980,12,nan,nan,nan
ROI_049/patch_75,1,141.1119,270.3211,146.4323,270.3211,142.0410,270.5980,142.2401,270.1272,9,nan,nan,nan
ROI_049/patch_75,2,448.1327,447.4633,426.8922,447.4136,426.8948,448.1374,428.9094,448.1254,10,nan,nan,nan
ROI_049/patch_75,3,392.7742,453.5329,374.4484,453.4941,374.2361,454.1235,378.6973,454.3141,10,nan,nan,nan
ROI_049/patch_75,4,276.9133,58.3025,277.9216,59.7861,277.9462,58.8451,277.6984,58.4707,10,nan,nan,nan
ROI_049/patch_75,5,495.8751,160.7126,470.9753,161.6333,481.9153,161.5458,475.9688,161.4056,6,nan,nan,nan
ROI_049/patch_75,6,54.1852,189.8842,53.7057,189.7553,62.4239,190.0582,54.7084,191.1215,10,nan,nan,nan
ROI_049/patch_75,7,253.9884,101.6407,242.1991,102.3491,254.7462,102.1361,247.9848,101.4067,12,nan,nan,nan
ROI_049/patch_77,0,416.7146,138.0360,400.3615,138.5704,399.7839,138.3065,398.7543,138.8616,10,nan,nan,nan
ROI_049/patch_77,1,147.2669,62.3104,129.0593,61.2756,133.2158,62.8047,134.6730,62.4938,9,nan,nan,nan
ROI_049/patch_77,2,373.2087,40.7400,353.6916,39.3402,355.4357,40.9135,354.8882,40.8785,10,nan,nan,nan
ROI_049/patch_77,3,347.5953,350.1274,335.3646,350.7632,334.9610,350.8173,335.5585,351.1750,13,nan,nan,nan
ROI_049/patch_77,4,275.7378,495.4711,270.0111,495.6746,266.4153,496.4796,269.2459,496.1155,6,nan,nan,nan
ROI_049/patch_77,5,80.1760,219.4037,74.3680,219.9074,69.5458,220.2288,75.1727,220.4883,9,nan,nan,nan
ROI_049/patch_77,6,179.9461,107.8749,163.5179,106.6297,166.1049,108.3989,166.2257,108.1612,10,nan,nan,nan
ROI_049/patch_77,7,188.1237,287.0242,177.0705,286.9133,176.9127,287.8179,180.2627,288.2400,9,nan,nan,nan
ROI_049/patch_80,0,280.0205,391.1696,262.5393,392.6897,264.0560,391.8306,267.1155,392.4814,10,nan,nan,nan
ROI_049/patch_80,1,294.4616,502.8976,269.1898,504.2277,280.1774,503.4489,269.1004,503.6311,3,nan,nan,nan
ROI_049/patch_80,2,98.7046,238.3000,104.8411,239.0851,92.2992,239.0615,105.7262,239.4888,12,nan,nan,nan
ROI_049/patch_80,3,34.8690,364.8498,51.6013,365.6899,36.2530,365.4628,48.3710,365.4814,6,nan,nan,nan
ROI_049/patch_80,4,343.4562,68.1710,312.1187,68.7878,314.9133,69.1808,317.8355,69.2235,12,nan,nan,nan
ROI_049/patch_80,5,417.2035,480.4983,391.5727,480.5735,393.3607,481.1099,391.5508,481.2273,10,nan,nan,nan
ROI_049/patch_80,6,361.2705,296.5038,335.8021,297.6001,337.0204,297.2861,335.9929,297.8876,10,nan,nan,nan
ROI_049/patch_80,7,120.6488,14.9221,114.9507,14.9781,107.1539,15.9182,114.2384,15.7814,5,nan,nan,nan
ROI_049/patch_80,8,309.2147,16.6937,279.4486,18.0252,281.9226,17.7455,282.4608,17.5086,8,nan,nan,nan
ROI_049/patch_82,0,197.3559,356.2072,166.9537,357.7273,174.7634,357.2505,171.9735,357.3559,13,nan,nan,nan
ROI_049/patch_82,1,176.8344,206.4765,156.8830,207.4266,155.1101,207.3223,156.1982,207.5501,9,nan,nan,nan
ROI_049/patch_82,2,463.2417,400.7974,432.2999,400.2120,432.0590,401.7894,431.5850,401.5693,12,nan,nan,nan
ROI_049/patch_82,3,262.5498,460.1669,241.5604,462.4448,237.7206,461.3257,237.3802,461.5286,10,nan,nan,nan
ROI_049/patch_82,4,102.5480,433.8982,82.1394,435.3695,82.8874,435.0887,83.0680,435.2339,10,nan,nan,nan
ROI_049/patch_82,5,252.4276,95.2903,229.4589,94.8352,228.4346,95.9510,228.5795,96.5674,9,nan,nan,nan
ROI_049/patch_82,6,39.4463,100.0718,23.7598,99.5430,22.2776,100.8293,25.7571,101.3789,10,nan,nan,nan
ROI_049/patch_82,7,298.1841,284.3129,271.7878,285.7482,272.4586,285.2145,272.1388,285.4886,12,nan,nan,nan
ROI_049/patch_83,0,367.6080,334.9256,331.1254,337.9659,333.7361,336.4514,332.1996,337.0684,8,nan,nan,nan
ROI_049/patch_83,1,454.2541,379.7688,416.6314,381.4789,415.1606,381.2017,415.4534,381.7392,10,nan,nan,nan
ROI_049/patch_83,2,346.4959,32.0046,318.2545,34.1179,317.7556,33.5796,320.0402,33.2824,9,nan,nan,nan
ROI_049/patch_83,3,196.5032,408.9335,170.8246,411.4773,170.7943,410.6279,170.6842,411.0833,12,nan,nan,nan
ROI_049/patch_83,4,285.6198,400.5431,252.3694,402.3107,255.2609,402.1469,253.8485,402.2648,10,nan,nan,nan
ROI_049/patch_83,5,457.8167,106.9529,423.6210,107.6746,422.1387,108.4070,424.5207,108.6164,12,nan,nan,nan
ROI_049/patch_83,6,309.9154,216.5352,277.8313,219.7539,280.6905,218.1309,277.9161,218.1862,12,nan,nan,nan
ROI_049/patch_83,7,273.2142,120.5861,251.7530,124.5800,247.2182,122.2281,253.4560,121.7441,11,nan,nan,nan
ROI_049/patch_84,0,327.3251,43.8250,297.6830,45.3451,298.8759,44.8921,298.7406,44.6390,6,nan,nan,nan
ROI_049/patch_84,1,184.4350,125.1507,163.1534,126.6709,159.8300,126.1833,164.9798,126.1007,12,nan,nan,nan
ROI_049/patch_84,2,55.6393,305.4519,30.1440,306.0436,34.2211,306.4625,35.3106,306.5238,11,nan,nan,nan
ROI_049/patch_84,3,42.2486,378.2224,20.2633,379.0088,21.0212,379.2353,21.8022,379.6754,11,nan,nan,nan
ROI_049/patch_84,4,320.5929,486.6083,292.9327,488.8366,291.1830,487.7116,289.4657,487.6626,9,nan,nan,nan
ROI_049/patch_84,5,322.3802,380.1642,294.2628,381.0514,293.1965,381.2588,295.1024,381.5781,12,nan,nan,nan
ROI_049/patch_84,6,282.4614,176.1436,253.8171,176.4538,254.9414,177.2091,255.2298,177.4868,8,nan,nan,nan
ROI_049/patch_84,7,159.2697,346.6455,130.1089,345.9708,134.8030,347.6898,133.8627,348.3655,10,nan,nan,nan
ROI_049/patch_85,0,120.5904,77.2673,99.3089,80.3076,91.2550,79.0262,95.5852,79.2935,7,nan,nan,nan
ROI_049/patch_85,1,238.3988,101.5891,204.1964,103.1092,204.5322,103.3399,204.7330,103.8429,8,nan,nan,nan
ROI_049/patch_85,2,469.0612,83.8410,425.3721,86.3880,426.2954,85.6280,425.0893,85.7570,9,nan,nan,nan
ROI_049/patch_85,3,228.5635,242.4630,194.3157,242.9591,195.1349,244.1012,195.2488,244.3758,11,nan,nan,nan
ROI_049/patch_85,4,216.8879,469.7509,183.6749,472.4954,184.0044,471.2077,183.8787,471.5581,11,nan,nan,nan
ROI_049/patch_85,5,76.5390,219.5978,48.5753,220.5375,48.9613,221.2396,50.0720,221.7100,10,nan,nan,nan
ROI_049/patch_85,6,487.9782,288.3334,442.4037,288.9770,444.5686,289.9601,442.9602,290.5684,9,nan,nan,nan
ROI_049/patch_85,7,478.6205,200.2330,436.5155,202.7374,435.5348,201.9287,434.2617,202.1402,11,nan,nan,nan
ROI_049/patch_86,0,439.0530,108.4296,402.5704,108.4296,403.0156,109.5874,401.8692,109.7235,9,nan,nan,nan
ROI_049/patch_86,1,252.8398,21.7834,223.0077,23.4935,223.1997,22.6783,225.8001,23.4183,9,nan,nan,nan
ROI_049/patch_86,2,188.1192,209.8228,159.2653,211.0368,160.0885,210.8336,161.4106,211.0066,13,nan,nan,nan
ROI_049/patch_86,3,309.3131,350.3694,276.4734,352.1440,276.8820,351.6312,277.4467,351.1183,13,nan,nan,nan
ROI_049/patch_86,4,108.8015,455.2949,81.5000,456.1281,82.7008,456.4619,83.0358,456.5515,9,nan,nan,nan
ROI_049/patch_86,5,79.1736,171.1473,56.7305,174.3375,54.8519,172.0157,54.0330,172.5138,13,nan,nan,nan
ROI_049/patch_86,6,438.1145,199.4655,401.9851,202.3794,401.8519,200.7089,400.7842,201.6997,7,nan,nan,nan
ROI_049/patch_86,7,319.1139,488.9702,285.9071,491.4599,285.9687,490.3732,286.4097,490.8274,10,nan,nan,nan
ROI_049/patch_88,0,268.8009,89.4282,233.0784,92.4684,235.6311,90.5321,236.2739,91.0188,8,nan,nan,nan
ROI_049/patch_88,1,169.9939,246.7594,141.1119,249.0395,141.1143,247.8497,143.1442,247.5105,12,nan,nan,nan
ROI_049/patch_88,2,313.5499,390.2805,278.6816,389.6495,280.8713,391.3600,281.0260,391.4290,9,nan,nan,nan
ROI_049/patch_88,3,424.3772,233.8330,385.0892,234.5985,387.0176,234.9261,386.7355,235.6268,12,nan,nan,nan
ROI_049/patch_88,4,46.2073,359.9086,19.5032,360.9575,22.1532,360.9887,20.6781,361.0088,11,nan,nan,nan
ROI_049/patch_88,5,462.2528,424.0524,422.7988,425.3721,424.8876,425.1303,425.0783,424.7208,8,nan,nan,nan
ROI_049/patch_88,6,62.3085,105.5709,29.8374,106.9163,36.0591,106.6721,36.1674,106.4530,12,nan,nan,nan
ROI_049/patch_88,7,303.7161,502.8889,270.8259,507.6614,272.0988,503.9591,nan,nan,2,nan,nan,nan
ROI_049/patch_90,0,147.1923,178.3545,117.5502,179.8746,116.8867,179.4637,116.3449,179.9488,9,nan,nan,nan
ROI_049/patch_90,1,72.7070,492.2568,43.2549,492.6368,44.0529,493.6155,45.8669,494.0405,6,nan,nan,nan
ROI_049/patch_90,2,256.9164,392.9917,229.8727,396.8140,223.5950,394.3481,226.0196,394.9950,10,nan,nan,nan
ROI_049/patch_90,3,307.3081,482.6327,290.7237,485.1781,272.6093,484.0945,289.1738,483.4410,10,nan,nan,nan
ROI_049/patch_90,4,492.2392,234.3675,451.1090,237.9772,452.9828,235.6922,453.2249,235.5650,8,nan,nan,nan
ROI_049/patch_90,5,274.8757,180.9153,240.5420,183.0300,241.2735,182.0877,242.6147,181.9111,10,nan,nan,nan
ROI_049/patch_90,6,127.1256,255.2578,96.4198,255.5924,97.2715,256.4272,95.4820,256.4397,11,nan,nan,nan
ROI_049/patch_90,7,375.7068,43.3030,337.6372,45.1617,339.6215,44.3985,342.6087,44.9447,10,nan,nan,nan
ROI_049/patch_91,0,198.1159,420.0517,169.9939,421.5718,163.2625,421.0938,171.5659,421.5836,9,nan,nan,nan
ROI_049/patch_91,1,461.0946,464.1348,413.9713,464.8949,411.5750,465.7240,415.9756,465.6160,10,nan,nan,nan
ROI_049/patch_91,2,378.7399,151.6654,331.8854,154.7928,332.9450,153.2060,333.3080,153.0135,10,nan,nan,nan
ROI_049/patch_91,3,356.8410,97.2767,310.0339,98.3588,312.1199,98.7926,311.7345,99.0003,10,nan,nan,nan
ROI_049/patch_91,4,384.8777,458.3457,340.5742,460.9687,339.6290,459.7735,340.2263,459.6037,11,nan,nan,nan
ROI_049/patch_91,5,427.6678,121.2965,381.6516,124.6265,379.0321,122.9547,381.5461,123.5334,7,nan,nan,nan
ROI_049/patch_91,6,277.9310,286.8203,236.5794,291.0700,238.2002,288.0888,239.9412,287.6908,6,nan,nan,nan
ROI_049/patch_91,7,392.3296,235.7139,343.9110,238.3224,346.0144,237.2492,342.0949,237.7582,9,nan,nan,nan
ROI_049/patch_93,0,49.9054,117.5502,38.5046,119.0703,39.1477,118.9210,42.4176,118.8773,13,nan,nan,nan
ROI_049/patch_93,1,71.1869,73.4671,58.2660,73.4671,56.0122,74.7822,58.4273,74.6008,11,nan,nan,nan
ROI_049/patch_93,2,86.9938,199.9816,81.4476,200.9661,83.9357,201.3951,81.5714,201.5574,8,nan,nan,nan
ROI_049/patch_93,3,339.5992,206.4114,348.9137,209.6409,335.3239,207.6290,346.7890,208.2280,10,nan,nan,nan
ROI_049/patch_93,4,413.3085,411.6425,428.4381,413.7830,428.3389,412.9813,431.8558,412.8049,12,nan,nan,nan
ROI_049/patch_93,5,386.6221,129.9645,370.9593,130.4124,374.6133,131.0775,374.5728,131.3385,13,nan,nan,nan
ROI_049/patch_93,6,205.3519,81.4809,181.1935,82.3402,189.9752,82.6961,178.9784,83.4716,9,nan,nan,nan
ROI_049/patch_93,7,255.2583,172.7763,258.4369,174.1145,248.3450,174.0317,256.2995,174.5677,9,nan,nan,nan
ROI_049/patch_96,0,385.0892,74.9872,404.8506,74.9872,408.1212,75.8194,407.0887,75.5641,10,nan,nan,nan
ROI_049/patch_96,1,177.5945,195.0757,204.9564,195.8358,206.9182,195.6873,208.1810,195.6773,11,nan,nan,nan
ROI_049/patch_96,2,422.0244,148.4837,458.0544,147.9524,458.2881,149.2134,460.1585,149.8294,10,nan,nan,nan
ROI_049/patch_96,3,393.8335,304.9379,457.4843,301.8633,452.1510,305.4281,457.8371,304.9645,11,nan,nan,nan
ROI_049/patch_96,4,246.2261,249.7601,281.9947,248.4695,287.7496,250.3036,283.9050,250.9122,10,nan,nan,nan
ROI_049/patch_96,5,309.8182,421.7611,369.8128,424.0420,380.9998,422.0600,368.8004,422.2530,5,nan,nan,nan
ROI_049/patch_96,6,363.3042,410.6202,430.8071,409.7910,435.8613,410.9464,434.4241,411.1724,10,nan,nan,nan
ROI_049/patch_96,7,235.0697,94.2639,251.4546,94.7650,252.4325,95.0376,253.6741,95.2823,12,nan,nan,nan
ROI_049/patch_98,0,106.9094,72.7070,161.6333,74.9872,160.0856,73.3482,163.6343,73.2452,12,nan,nan,nan
ROI_049/patch_98,1,131.2312,11.9027,182.1548,14.1829,178.5665,12.5815,182.2520,12.7290,6,nan,nan,nan
ROI_049/patch_98,2,273.7550,160.3509,339.8660,163.1534,341.8258,160.7330,339.0135,161.0719,10,nan,nan,nan
ROI_049/patch_98,3,345.0756,141.4871,416.8510,143.1148,413.3798,141.8162,415.7473,142.2249,10,nan,nan,nan
ROI_049/patch_98,4,296.8666,364.5062,380.7209,365.3697,387.9089,364.6556,381.3061,365.2377,6,nan,nan,nan
ROI_049/patch_98,5,336.9940,28.4235,393.2047,27.8920,392.7277,28.8768,nan,nan,1,nan,nan,nan
ROI_049/patch_98,6,187.8860,115.6713,241.6133,111.9615,248.3376,116.1863,244.7966,116.0057,9,nan,nan,nan
ROI_049/patch_98,7,142.8558,115.4196,196.2456,112.7916,201.8358,115.9805,200.1833,115.7883,10,nan,nan,nan
ROI_049/patch_99,0,100.8290,58.2660,250.5596,56.7459,247.8479,58.5392,248.6581,58.7337,10,nan,nan,nan
ROI_049/patch_99,1,187.4752,325.8050,306.0436,322.7648,312.2523,325.7827,314.3458,326.4818,7,nan,nan,nan
ROI_049/patch_99,2,234.3307,144.3221,374.0684,144.9121,373.8690,144.3180,374.7567,144.4826,12,nan,nan,nan
ROI_049/patch_99,3,144.4279,292.2031,274.3113,292.5526,272.0979,292.2734,272.3666,292.0314,12,nan,nan,nan
ROI_049/patch_99,4,85.0555,267.5379,215.1759,267.2770,214.9348,267.7241,218.4329,267.6955,8,nan,nan,nan
ROI_049/patch_99,5,283.1653,133.3819,430.7391,132.7082,423.4512,133.2995,430.2006,133.5001,7,nan,nan,nan
ROI_049/patch_99,6,329.6378,451.3853,440.5777,450.8564,443.6612,451.0492,nan,nan,0,nan,nan,nan
ROI_049/patch_99,7,7.2215,189.3096,137.9487,187.5011,143.7665,189.6727,144.5620,189.7710,4,nan,nan,nan
ROI_049/patch_103,0,300.7232,261.2004,381.2889,261.9605,381.9575,261.9527,377.6763,262.1406,5,nan,nan,nan
ROI_049/patch_103,1,307.5637,388.8895,379.0088,388.1294,382.4289,389.6804,nan,nan,2,nan,nan,nan
ROI_049/patch_103,2,38.2689,477.6964,95.5086,477.8158,98.4947,478.0747,95.7140,478.3571,11,nan,nan,nan
ROI_049/patch_103,3,141.1859,480.7389,207.9966,481.6161,205.0881,481.2830,206.0004,481.1760,9,nan,nan,nan
ROI_049/patch_103,4,211.7585,152.9964,301.0135,152.8881,295.2914,153.5825,301.8841,152.9483,7,nan,nan,nan
ROI_049/patch_103,5,317.5642,506.4109,387.8666,507.3591,386.7055,507.2434,nan,nan,0,nan,nan,nan
ROI_049/patch_103,6,365.0409,332.6298,459.9353,331.4111,444.9659,333.5008,461.4241,332.9074,9,nan,nan,nan
ROI_049/patch_103,7,108.1787,182.6655,188.9977,180.5610,186.3137,183.0919,197.1318,182.9755,5,nan,nan,nan
ROI_049/patch_104,0,354.6870,389.6495,411.1211,388.1294,407.7046,390.5607,406.1509,390.5656,9,nan,nan,nan
ROI_049/patch_104,1,349.6338,95.0314,397.4919,95.9888,398.4312,95.7693,395.1124,96.0362,8,nan,nan,nan
ROI_049/patch_104,2,451.2266,163.8535,486.5151,164.7888,484.9419,164.9244,483.6697,165.2295,12,nan,nan,nan
ROI_049/patch_104,3,192.4305,147.4301,269.7012,147.8307,267.2778,147.7381,268.6054,148.5987,9,nan,nan,nan
ROI_049/patch_104,4,447.5485,18.1869,482.6831,19.4082,479.3660,19.1687,484.9783,18.8183,7,nan,nan,nan
ROI_049/patch_104,5,325.1477,10.3929,367.5760,10.1926,376.4186,11.0139,369.7357,10.8007,6,nan,nan,nan
ROI_049/patch_104,6,154.1246,429.3515,263.9327,431.6425,239.9136,429.6996,263.0836,429.7475,9,nan,nan,nan
ROI_049/patch_104,7,428.2136,323.4629,471.6174,324.8549,468.3358,324.5526,472.7702,324.8284,10,nan,nan,nan
ROI_049/patch_105,0,372.9283,74.2271,440.3831,74.7972,434.7845,75.1248,442.6214,74.5658,12,nan,nan,nan
ROI_049/patch_105,1,195.6457,153.4628,251.6997,152.8927,248.6177,154.2486,247.4568,153.9674,12,nan,nan,nan
ROI_049/patch_105,2,349.9331,395.4447,386.2618,396.1849,388.2029,396.3587,388.0867,396.9236,12,nan,nan,nan
ROI_049/patch_105,3,104.4102,240.3320,153.0894,241.7632,149.4845,241.0649,154.4450,241.1719,9,nan,nan,nan
ROI_049/patch_105,4,51.1292,391.8654,90.1890,392.2212,84.3185,392.5774,89.8861,393.3281,10,nan,nan,nan
ROI_049/patch_105,5,422.7042,452.4010,470.6375,451.6901,458.1649,453.3697,473.5980,453.3437,7,nan,nan,nan
ROI_049/patch_105,6,82.6769,69.6882,136.6967,72.7665,139.6746,70.3896,139.8026,70.7867,11,nan,nan,nan
ROI_049/patch_105,7,32.2624,18.7971,90.5702,17.3003,92.0312,19.4593,89.9143,20.0366,9,nan,nan,nan
ROI_049/patch_106,0,96.2687,321.2447,184.4350,320.4846,193.8885,321.8018,185.2496,321.1387,10,nan,nan,nan
ROI_049/patch_106,1,35.4644,268.0409,134.2714,267.2808,142.7729,268.4766,132.0232,268.2250,9,nan,nan,nan
ROI_049/patch_106,2,294.9486,36.3607,356.2072,37.7445,357.0899,37.0479,358.3923,37.9898,10,nan,nan,nan
ROI_049/patch_106,3,399.3737,453.6333,461.0946,454.2541,447.5897,454.7189,462.8523,454.2039,12,nan,nan,nan
ROI_049/patch_106,4,268.0853,296.5430,337.0158,298.0630,336.8696,297.3416,332.8364,297.6217,8,nan,nan,nan
ROI_049/patch_106,5,166.6170,371.9252,245.2667,373.4156,252.9367,372.6166,243.2929,372.8858,9,nan,nan,nan
ROI_049/patch_106,6,25.5974,157.7739,134.2953,158.3573,133.6318,158.1307,135.1659,157.9299,11,nan,nan,nan
ROI_049/patch_106,7,105.0104,81.4208,221.2597,80.5471,199.1763,81.8514,225.4847,81.0492,9,nan,nan,nan
ROI_049/patch_107,0,420.8117,108.4296,448.9337,109.9497,440.4991,109.6512,447.7601,109.4305,10,nan,nan,nan
ROI_049/patch_107,1,97.0287,237.6387,123.0606,238.5888,123.4531,238.7734,122.6106,238.8511,9,nan,nan,nan
ROI_049/patch_107,2,9.5907,286.5493,38.8390,286.6483,37.5033,287.6704,38.4185,287.6264,6,nan,nan,nan
ROI_049/patch_107,3,232.9958,412.6267,248.9064,414.6820,251.1751,413.9606,250.9310,414.0134,9,nan,nan,nan
ROI_049/patch_107,4,270.3348,305.6033,288.1982,308.8817,289.9136,306.8819,289.0951,307.2149,11,nan,nan,nan
ROI_049/patch_107,5,364.6169,193.9955,390.4676,195.0440,383.9818,195.2469,390.6574,195.6601,10,nan,nan,nan
ROI_049/patch_107,6,416.8388,376.5117,435.7986,377.9151,430.3129,377.9215,435.7849,378.1240,10,nan,nan,nan
ROI_049/patch_107,7,44.6615,13.3306,78.2105,15.6137,77.9685,14.2771,77.1898,14.2492,6,nan,nan,nan
ROI_049/patch_108,0,391.1696,211.7969,419.2916,212.5570,418.7112,213.1861,417.7330,213.4304,8,nan,nan,nan
ROI_049/patch_108,1,47.6252,448.1737,77.4574,449.8838,81.0980,449.7139,79.3833,449.9982,10,nan,nan,nan
ROI_049/patch_108,2,251.1630,35.3984,316.9709,35.5894,283.1149,36.7149,314.9913,36.1349,10,nan,nan,nan
ROI_049/patch_108,3,169.2104,418.4256,203.1384,421.3232,200.1901,419.9389,201.5884,420.0827,12,nan,nan,nan
ROI_049/patch_108,4,465.0994,442.8412,488.0135,442.9974,489.3045,444.3366,490.3876,444.5883,8,nan,nan,nan
ROI_049/patch_108,5,326.1454,85.5552,375.5966,84.3339,356.0591,86.8888,376.8978,86.0539,10,nan,nan,nan
ROI_049/patch_108,6,355.4991,338.3241,382.8616,341.4780,382.9112,339.7791,381.7418,340.0002,12,nan,nan,nan
ROI_049/patch_108,7,426.7162,138.4751,456.8503,139.5864,454.0012,139.8246,457.9540,139.7286,12,nan,nan,nan
ROI_049/patch_109,0,134.2714,64.3464,147.9524,66.6266,150.6551,65.5502,147.1268,65.7719,9,nan,nan,nan
ROI_049/patch_109,1,36.0418,113.5055,54.8760,114.4496,54.5672,114.6867,55.2184,115.0490,12,nan,nan,nan
ROI_049/patch_109,2,143.5377,409.9228,163.3165,413.2112,161.6876,411.2051,163.0187,411.6952,10,nan,nan,nan
ROI_049/patch_109,3,281.7351,369.5879,289.6755,371.4082,297.0340,370.9080,293.3318,370.1522,10,nan,nan,nan
ROI_049/patch_109,4,456.2579,470.4928,471.5235,471.5539,468.8097,471.8939,469.6782,472.0921,12,nan,nan,nan
ROI_049/patch_109,5,338.6821,62.0805,352.8062,65.5062,351.1714,63.3528,351.4416,63.8156,11,nan,nan,nan
ROI_049/patch_109,6,5.6411,418.4242,31.7015,419.0082,26.4575,419.6617,31.0737,419.6229,3,nan,nan,nan
ROI_049/patch_109,7,476.4584,119.6615,489.6992,121.4566,486.6549,120.9930,489.2124,120.5831,10,nan,nan,nan
ROI_049/patch_110,0,51.4255,126.6709,82.5877,126.6709,83.7634,127.8663,83.2705,127.7971,10,nan,nan,nan
ROI_049/patch_110,1,366.8479,55.9858,393.0698,56.9359,392.9682,57.1181,392.8594,56.9268,13,nan,nan,nan
ROI_049/patch_110,2,68.2762,264.8785,100.5719,266.7108,100.3339,266.0917,100.0895,266.7997,12,nan,nan,nan
ROI_049/patch_110,3,380.6134,433.2738,410.7503,435.5549,406.6016,434.4599,411.4061,434.6635,12,nan,nan,nan
ROI_049/patch_110,4,128.1953,463.9034,159.4285,464.2360,159.1496,465.1362,159.7952,465.3086,11,nan,nan,nan
ROI_049/patch_110,5,249.2557,317.6312,274.8510,317.9864,277.7801,318.8221,279.3293,319.4289,10,nan,nan,nan
ROI_049/patch_110,6,0.0567,375.3990,32.3538,376.9217,33.4940,376.6401,nan,nan,0,nan,nan,nan
ROI_049/patch_110,7,424.4537,94.8527,447.8593,95.8713,449.4574,95.9812,449.7215,95.8555,11,nan,nan,nan
ROI_049/patch_111,0,290.8425,406.3707,311.3640,407.1308,312.8235,407.5553,310.2095,408.2274,12,nan,nan,nan
ROI_049/patch_111,1,8.8625,179.1146,47.6252,178.3545,41.8939,180.2418,47.1991,179.9100,4,nan,nan,nan
ROI_049/patch_111,2,287.9620,152.4443,313.8341,153.6528,312.5983,153.6537,313.4597,154.1359,10,nan,nan,nan
ROI_049/patch_111,3,222.3071,44.8911,239.0343,47.1833,250.0685,46.0928,240.8094,45.7742,10,nan,nan,nan
ROI_049/patch_111,4,200.0818,479.3530,223.5093,479.1529,224.1429,480.5043,220.5805,480.3112,10,nan,nan,nan
ROI_049/patch_111,5,65.6874,441.9277,93.6040,444.0847,94.2990,443.0446,91.1680,443.3238,10,nan,nan,nan
ROI_049/patch_111,6,303.0061,293.5201,325.4711,297.4213,325.7498,294.7196,327.2988,295.1297,9,nan,nan,nan
ROI_049/patch_111,7,486.6888,235.8718,501.7991,238.1017,504.3126,237.1295,nan,nan,2,nan,nan,nan
ROI_049/patch_112,0,203.4363,17.2231,230.0382,19.5032,232.9468,18.5876,230.7877,19.1064,10,nan,nan,nan
ROI_049/patch_112,1,15.7030,301.4833,48.3853,304.5235,51.6138,302.9044,48.3966,302.9497,8,nan,nan,nan
ROI_049/patch_112,2,96.7652,452.2028,136.5516,454.2541,135.6195,453.6150,135.7881,453.5055,11,nan,nan,nan
ROI_049/patch_112,3,428.9486,314.5804,462.6147,317.4444,464.1030,315.9134,461.3392,316.2491,9,nan,nan,nan
ROI_049/patch_112,4,318.0247,422.7476,356.3972,423.6619,355.7130,424.1106,356.7826,424.0474,10,nan,nan,nan
ROI_049/patch_112,5,137.1219,180.4039,170.6054,183.1164,170.2032,181.7920,169.4885,182.0970,11,nan,nan,nan
ROI_049/patch_112,6,262.4722,309.7521,300.3261,313.8360,297.9406,311.1206,300.0392,312.0742,9,nan,nan,nan
ROI_049/patch_112,7,364.3612,22.0696,393.1945,23.2215,393.5718,23.3998,390.1076,23.7387,10,nan,nan,nan
ROI_070/patch_0,0,295.5665,232.5946,308.4874,232.5946,310.3312,232.6892,308.7714,233.3278,10,nan,nan,nan
ROI_070/patch_0,1,430.0960,193.8318,438.4566,195.3519,440.5057,194.0039,442.5390,194.3436,8,nan,nan,nan
ROI_070/patch_0,2,442.5332,87.5612,449.8574,85.9042,451.2379,87.6922,450.3717,87.3006,11,nan,nan,nan
ROI_070/patch_0,3,23.3494,439.7659,47.7889,439.3293,48.5592,439.7644,49.5685,438.9470,12,nan,nan,nan
ROI_070/patch_0,4,162.8549,99.0659,180.0383,99.5851,179.7373,99.0034,180.7130,99.0537,12,nan,nan,nan
ROI_070/patch_0,5,157.8621,259.2221,176.9980,261.4766,176.9191,259.2314,177.5146,259.7875,12,nan,nan,nan
ROI_070/patch_0,6,217.0797,464.7229,238.5624,467.4513,237.0425,464.8708,236.8696,465.5895,11,nan,nan,nan
ROI_070/patch_0,7,392.8709,429.2346,411.0947,430.9687,407.3353,429.4908,406.0087,430.1314,7,nan,nan,nan
ROI_070/patch_1,0,41.5448,256.6401,62.0663,256.6401,62.3950,256.8860,61.3818,256.8304,11,nan,nan,nan
ROI_070/patch_1,1,35.4644,46.1051,53.7057,45.3451,55.0386,46.3169,54.9798,45.9917,11,nan,nan,nan
ROI_070/patch_1,2,438.6414,433.4949,448.1737,433.7327,448.5878,433.8373,446.4927,433.2669,9,nan,nan,nan
ROI_070/patch_1,3,315.4241,290.2401,328.0852,287.8023,328.1403,290.5387,328.5670,290.4158,11,nan,nan,nan
ROI_070/patch_1,4,102.4409,146.6408,121.3505,149.4725,120.6670,146.8800,122.5134,147.3577,10,nan,nan,nan
ROI_070/patch_1,5,11.5746,430.1400,35.4644,428.4123,34.5451,430.4079,36.2260,430.0363,7,nan,nan,nan
ROI_070/patch_1,6,174.1441,375.9886,193.7456,374.8285,191.7719,376.2762,193.4476,375.8372,10,nan,nan,nan
ROI_070/patch_1,7,245.3805,102.5893,259.7436,101.3991,258.9337,102.8462,258.6702,102.2574,10,nan,nan,nan
ROI_070/patch_2,0,355.4471,270.3211,368.3680,271.0811,365.1583,270.6646,366.9149,270.4692,10,nan,nan,nan
ROI_070/patch_2,1,403.3305,23.3035,406.3707,24.0636,407.5049,23.5066,409.3091,23.8558,11,nan,nan,nan
ROI_070/patch_2,2,238.3053,52.8852,242.1991,51.4255,245.6437,52.9627,244.3549,52.3705,11,nan,nan,nan
ROI_070/patch_2,3,170.9598,105.3655,179.8746,107.6695,180.3721,105.4218,178.5895,105.9791,12,nan,nan,nan
ROI_070/patch_2,4,236.1515,184.2106,241.4390,183.6749,246.0675,184.3836,242.0303,184.2865,11,nan,nan,nan
ROI_070/patch_2,5,123.4399,442.7160,138.8317,442.8533,140.1330,442.9801,141.0839,443.1143,10,nan,nan,nan
ROI_070/patch_2,6,29.4025,340.7282,47.6252,342.5262,45.5964,340.8325,47.3999,341.4008,9,nan,nan,nan
ROI_070/patch_2,7,482.5112,371.5443,491.4968,373.3084,492.1883,372.0765,490.0571,371.9092,9,nan,nan,nan
ROI_070/patch_3,0,247.5194,198.1159,261.9605,196.5958,264.5680,198.0633,265.9971,198.1072,11,nan,nan,nan
ROI_070/patch_3,1,466.4150,438.2930,477.0557,436.7729,477.6628,438.3809,478.7251,437.1924,12,nan,nan,nan
ROI_070/patch_3,2,397.3197,69.6401,408.6509,68.9067,409.7988,69.3724,409.8355,70.0801,10,nan,nan,nan
ROI_070/patch_3,3,36.0509,140.0591,62.0663,139.5918,59.0596,140.0556,61.0990,140.1501,12,nan,nan,nan
ROI_070/patch_3,4,87.0352,431.2527,107.6695,430.6924,109.1746,431.5320,107.5086,431.3885,12,nan,nan,nan
ROI_070/patch_3,5,270.2856,18.8128,287.8023,20.2633,286.3125,18.5576,287.6585,18.5511,8,nan,nan,nan
ROI_070/patch_3,6,456.0587,344.5818,467.9351,343.2862,467.4123,344.5756,468.2301,344.0677,11,nan,nan,nan
ROI_070/patch_3,7,311.5623,289.4632,328.0852,288.5623,326.9568,289.4741,325.3813,289.1350,10,nan,nan,nan
ROI_070/patch_4,0,445.1335,66.6266,453.4941,69.6668,452.8828,67.0771,451.4176,66.8777,12,nan,nan,nan
ROI_070/patch_4,1,177.5945,253.5999,195.0757,252.8398,195.3438,253.8282,196.8358,253.6906,12,nan,nan,nan
ROI_070/patch_4,2,25.0677,341.0874,49.9054,341.7661,48.3313,341.2059,49.1494,340.6479,11,nan,nan,nan
ROI_070/patch_4,3,474.9700,348.2506,488.4565,349.3667,484.5623,348.4594,483.3192,348.4414,8,nan,nan,nan
ROI_070/patch_4,4,193.4861,120.6030,208.7567,122.1105,209.4494,120.9518,207.5367,120.6323,10,nan,nan,nan
ROI_070/patch_4,5,311.0333,436.7136,324.8549,437.1529,326.4978,436.8093,325.1021,436.7771,10,nan,nan,nan
ROI_070/patch_4,6,212.5302,409.0625,228.1169,406.6874,230.7329,409.1614,230.9113,408.6898,9,nan,nan,nan
ROI_070/patch_4,7,119.9675,9.4067,138.4306,9.1792,137.0888,9.8378,138.2122,8.3874,6,nan,nan,nan
ROI_070/patch_5,0,383.9280,103.4259,392.2886,103.4259,391.2110,103.4788,390.9960,103.5735,9,nan,nan,nan
ROI_070/patch_5,1,260.0392,364.8844,277.5205,365.6445,274.0655,365.1585,274.0004,366.0065,10,nan,nan,nan
ROI_070/patch_5,2,54.1270,439.4217,75.3461,440.8898,75.5975,439.7978,74.3373,438.7309,12,nan,nan,nan
ROI_070/patch_5,3,118.8652,233.1915,134.0603,231.1149,136.0843,233.4008,137.0706,233.3024,12,nan,nan,nan
ROI_070/patch_5,4,264.7622,129.0932,276.5546,131.1678,276.1707,129.1924,273.1763,128.6810,8,nan,nan,nan
ROI_070/patch_5,5,179.8406,41.5359,191.1423,41.4324,193.0825,41.5900,192.4374,41.4737,11,nan,nan,nan
ROI_070/patch_5,6,388.5516,491.1450,397.8158,491.6580,399.7382,491.4827,400.7114,491.3161,10,nan,nan,nan
ROI_070/patch_5,7,250.9592,470.1895,264.1310,471.6821,266.3803,470.5432,265.0878,470.0672,11,nan,nan,nan
ROI_070/patch_6,0,356.2072,49.9054,369.1281,49.9054,368.9343,49.7184,363.7811,49.1494,12,nan,nan,nan
ROI_070/patch_6,1,160.8733,200.3961,178.3545,201.9162,178.7107,200.3418,179.3799,201.0352,10,nan,nan,nan
ROI_070/patch_6,2,160.9675,335.6396,176.0744,336.0657,178.4490,335.6907,179.8794,335.8265,11,nan,nan,nan
ROI_070/patch_6,3,273.1379,450.2447,288.9424,451.2139,287.1597,450.3762,286.4318,450.1773,12,nan,nan,nan
ROI_070/patch_6,4,480.3504,426.9884,488.0765,427.6522,488.5950,427.0853,487.8560,427.1211,10,nan,nan,nan
ROI_070/patch_6,5,178.5985,489.5538,190.3254,489.7866,195.1812,489.7233,197.3468,489.5291,6,nan,nan,nan
ROI_070/patch_6,6,326.3322,333.5860,339.6760,333.0255,339.1601,333.6224,339.3951,333.0127,9,nan,nan,nan
ROI_070/patch_6,7,110.4884,92.3252,130.5894,92.7371,130.0276,92.1907,129.6227,91.9745,12,nan,nan,nan
ROI_070/patch_7,0,181.3947,347.8466,198.8760,347.8466,197.6399,347.9426,198.9249,347.6578,9,nan,nan,nan
ROI_070/patch_7,1,246.7594,214.8371,261.9605,214.8371,260.8354,215.0032,260.6310,214.6530,12,nan,nan,nan
ROI_070/patch_7,2,386.7170,385.9024,398.0101,385.8493,396.9459,386.0789,398.8489,386.5506,12,nan,nan,nan
ROI_070/patch_7,3,86.2886,458.0447,108.4296,458.8144,105.5441,458.0642,106.1721,457.8296,12,nan,nan,nan
ROI_070/patch_7,4,6.8966,360.9027,28.6239,360.0074,28.3343,360.9163,26.6226,361.0169,3,nan,nan,nan
ROI_070/patch_7,5,39.5647,57.8141,58.2660,58.2660,59.5045,57.9352,59.4331,58.2015,9,nan,nan,nan
ROI_070/patch_7,6,469.2959,21.5164,475.5356,23.3035,476.4409,21.8415,475.8485,21.6048,13,nan,nan,nan
ROI_070/patch_7,7,359.2017,243.8346,371.4082,245.2393,369.9972,244.0422,371.3093,244.9610,9,nan,nan,nan
ROI_070/patch_8,0,177.5945,358.4873,193.5556,360.7675,192.1421,358.5682,192.2759,358.6720,7,nan,nan,nan
ROI_070/patch_8,1,344.8063,431.4525,353.1669,430.6924,354.2796,431.7586,356.0804,432.0998,9,nan,nan,nan
ROI_070/patch_8,2,93.4172,476.3795,109.9497,474.7756,110.6919,476.3416,111.7904,476.4091,12,nan,nan,nan
ROI_070/patch_8,3,444.5404,159.2306,450.4538,160.1132,450.6349,159.6820,451.0103,159.1921,12,nan,nan,nan
ROI_070/patch_8,4,168.3327,145.4775,182.9148,146.4323,182.9285,145.5532,182.5081,145.6074,12,nan,nan,nan
ROI_070/patch_8,5,23.1112,153.1941,40.7848,154.0328,42.1933,153.0718,42.8784,152.6886,11,nan,nan,nan
ROI_070/patch_8,6,298.5832,306.4695,310.2239,306.8036,309.3423,306.7170,310.4971,306.5990,10,nan,nan,nan
ROI_070/patch_8,7,499.0190,236.1683,503.0073,235.5486,503.5195,236.6913,nan,nan,0,nan,nan,nan
ROI_070/patch_9,0,491.4968,485.4163,499.8574,487.6965,496.8607,485.6268,498.7563,486.0428,3,nan,nan,nan
ROI_070/patch_9,1,290.0825,175.3143,299.9632,174.5543,300.2337,175.3112,301.3271,175.4998,10,nan,nan,nan
ROI_070/patch_9,2,454.3411,186.8795,460.3345,186.7151,460.1680,186.8638,460.1794,186.6556,10,nan,nan,nan
ROI_070/patch_9,3,482.4341,44.2560,486.9364,43.0649,487.2696,44.1263,488.1942,43.1357,9,nan,nan,nan
ROI_070/patch_9,4,21.1582,16.2519,37.7445,15.7030,38.1453,16.1609,39.7029,16.7060,10,nan,nan,nan
ROI_070/patch_9,5,372.8489,23.8831,379.7688,21.7834,380.5474,23.7520,380.5290,23.1808,9,nan,nan,nan
ROI_070/patch_9,6,86.6836,219.4683,100.8290,218.6374,102.2914,219.5260,100.7151,219.2265,10,nan,nan,nan
ROI_070/patch_9,7,110.2216,340.9041,123.6306,341.0061,125.4182,341.0527,124.4749,341.4765,9,nan,nan,nan
ROI_070/patch_10,0,301.4833,169.9939,309.8439,170.7540,310.6460,170.1459,308.8176,170.2386,12,nan,nan,nan
ROI_070/patch_10,1,207.2366,150.2325,219.2074,150.2325,218.6179,150.3793,219.5354,150.4842,12,nan,nan,nan
ROI_070/patch_10,2,181.3437,204.6270,192.0302,203.8163,193.1463,204.7864,194.1464,205.2195,10,nan,nan,nan
ROI_070/patch_10,3,69.1311,35.1566,83.9619,34.3386,84.0342,35.2755,87.1058,34.8201,12,nan,nan,nan
ROI_070/patch_10,4,417.3392,492.5158,425.2355,492.2698,422.8365,492.7443,424.0286,493.1816,7,nan,nan,nan
ROI_070/patch_10,5,190.7384,458.8738,202.9691,458.0790,201.5262,459.0930,203.2451,458.5775,13,nan,nan,nan
ROI_070/patch_10,6,317.9834,418.6873,326.0516,416.6976,325.9863,418.8978,325.7207,418.6522,10,nan,nan,nan
ROI_070/patch_10,7,250.2029,22.4978,262.2521,22.9753,261.0029,22.6148,261.9121,22.5718,12,nan,nan,nan
ROI_070/patch_11,0,244.4792,221.6776,252.8873,222.1051,252.8605,221.9798,252.0965,222.3390,11,nan,nan,nan
ROI_070/patch_11,1,39.4442,438.2319,53.4148,437.3282,54.3811,438.3250,52.9135,438.7099,11,nan,nan,nan
ROI_070/patch_11,2,200.0037,92.5405,210.1487,93.5610,209.9560,92.7657,211.8062,92.6041,12,nan,nan,nan
ROI_070/patch_11,3,407.9944,229.4526,411.6129,228.6131,410.9948,229.9540,409.3928,229.8228,12,nan,nan,nan
ROI_070/patch_11,4,404.4337,392.3178,408.4630,392.4997,407.4134,392.8442,410.0509,392.7160,10,nan,nan,nan
ROI_070/patch_11,5,53.9675,109.2975,69.3587,109.4034,68.7054,109.3490,68.1649,109.5448,9,nan,nan,nan
ROI_070/patch_11,6,178.4543,301.6769,187.4284,301.4833,188.9380,301.9136,190.2593,301.5592,8,nan,nan,nan
ROI_070/patch_11,7,332.0640,455.6279,337.4602,456.4393,337.3688,456.0782,338.6161,456.1158,10,nan,nan,nan
ROI_070/patch_12,0,351.6468,207.2366,358.4873,207.2366,357.3186,207.4546,357.7118,207.8458,10,nan,nan,nan
ROI_070/patch_12,1,270.3211,33.1842,277.1615,30.9040,276.6593,33.0359,276.8245,32.8496,10,nan,nan,nan
ROI_070/patch_12,2,177.1684,202.8401,180.6347,200.3961,188.1861,202.9925,183.4377,201.9518,12,nan,nan,nan
ROI_070/patch_12,3,319.3643,348.1189,325.0449,350.1267,327.5289,348.6013,326.4783,348.3174,12,nan,nan,nan
ROI_070/patch_12,4,303.8262,441.9991,314.4042,442.0933,313.4672,442.6597,316.3552,442.9543,10,nan,nan,nan
ROI_070/patch_12,5,62.0922,181.3668,75.7472,182.1548,76.4387,181.4396,75.8004,181.5666,11,nan,nan,nan
ROI_070/patch_12,6,436.5431,109.9001,442.0933,109.9497,438.5580,109.9558,438.2847,109.8866,7,nan,nan,nan
ROI_070/patch_12,7,466.5621,416.4809,467.1750,415.4914,470.9027,417.1450,472.5345,416.8962,10,nan,nan,nan
ROI_070/patch_13,0,295.4028,330.3653,305.2835,329.6053,302.5699,330.6716,303.1949,330.9813,11,nan,nan,nan
ROI_070/patch_13,1,449.6938,24.0636,448.9337,24.0636,451.0393,24.1504,450.9038,24.5314,11,nan,nan,nan
ROI_070/patch_13,2,67.4252,22.1831,81.0676,21.0233,81.2351,22.3207,79.8160,22.2951,12,nan,nan,nan
ROI_070/patch_13,3,196.2907,353.4901,204.9564,352.4069,206.7502,353.8249,207.8530,353.9019,12,nan,nan,nan
ROI_070/patch_13,4,288.1130,497.7585,295.4028,499.8574,295.9489,498.1743,295.9581,498.4064,3,nan,nan,nan
ROI_070/patch_13,5,86.2190,257.4606,96.8387,258.7302,100.0217,257.7481,98.9003,257.8163,11,nan,nan,nan
ROI_070/patch_13,6,290.4433,100.2592,295.4028,100.6390,297.1796,100.4171,296.5248,99.6171,12,nan,nan,nan
ROI_070/patch_13,7,128.7708,460.2613,142.6320,462.4247,141.7077,460.6744,142.0016,460.9721,10,nan,nan,nan
ROI_070/patch_14,0,202.6762,230.0382,207.2366,230.7982,208.1569,230.3249,209.6523,230.4792,11,nan,nan,nan
ROI_070/patch_14,1,78.0274,256.6401,87.9081,256.6401,86.8825,256.9096,89.2173,256.6366,6,nan,nan,nan
ROI_070/patch_14,2,34.8389,370.7645,46.8652,370.6482,45.3150,371.0052,46.7932,371.1805,10,nan,nan,nan
ROI_070/patch_14,3,140.8938,458.8888,150.2325,458.0544,148.9757,459.1202,148.1523,458.8328,9,nan,nan,nan
ROI_070/patch_14,4,263.7891,337.8555,267.2808,337.9659,268.1357,338.1245,265.6200,338.0494,9,nan,nan,nan
ROI_070/patch_14,5,504.1684,57.8464,501.3775,56.7459,501.0227,58.1983,nan,nan,1,nan,nan,nan
ROI_070/patch_14,6,270.7534,99.3017,277.9216,100.0690,273.8907,99.6231,276.4641,99.3912,12,nan,nan,nan
ROI_070/patch_14,7,51.9725,18.8005,61.6862,20.6433,60.4849,19.1192,63.5331,19.3012,5,nan,nan,nan
ROI_070/patch_15,0,63.5864,365.3278,76.5073,366.0879,77.0724,365.4689,77.1266,366.1199,10,nan,nan,nan
ROI_070/patch_15,1,109.9497,73.4671,119.8304,73.4671,121.8532,73.6676,121.9217,73.3742,11,nan,nan,nan
ROI_070/patch_15,2,385.1145,118.8948,389.6495,118.3103,391.3293,119.1745,392.3149,119.0952,11,nan,nan,nan
ROI_070/patch_15,3,278.1710,417.4305,287.8023,413.9713,287.2554,417.6307,285.5149,416.6219,11,nan,nan,nan
ROI_070/patch_15,4,149.6851,507.0645,163.9135,506.6978,161.6567,507.2107,nan,nan,0,nan,nan,nan
ROI_070/patch_15,5,48.9118,502.4253,62.8263,502.1375,62.9918,502.5407,nan,nan,2,nan,nan,nan
ROI_070/patch_15,6,251.4788,131.7978,262.7205,131.9912,260.5292,132.0337,263.1763,131.1417,11,nan,nan,nan
ROI_070/patch_15,7,170.2761,298.8570,179.1146,299.9632,181.3812,299.0418,182.6296,299.9476,12,nan,nan,nan
ROI_070/patch_16,0,98.5489,169.2339,114.5100,168.4738,113.2857,169.4238,116.1423,169.2803,9,nan,nan,nan
ROI_070/patch_16,1,302.2433,487.6965,307.5637,488.4565,312.8799,487.9114,308.7370,488.6043,10,nan,nan,nan
ROI_070/patch_16,2,325.6630,148.4810,334.9256,148.5224,333.4304,148.5763,333.1295,148.1276,11,nan,nan,nan
ROI_070/patch_16,3,196.5711,58.7315,204.9564,58.0760,207.6520,58.8475,207.7130,59.4675,9,nan,nan,nan
ROI_070/patch_16,4,87.3675,48.5241,101.5891,48.9553,101.6708,48.6790,100.5043,48.6959,12,nan,nan,nan
ROI_070/patch_16,5,28.9473,217.7788,43.8250,216.9273,46.0891,218.0115,47.1026,218.1169,10,nan,nan,nan
ROI_070/patch_16,6,478.9042,53.8165,480.8560,53.5157,481.4545,53.8216,479.3725,54.1943,12,nan,nan,nan
ROI_070/patch_16,7,457.3128,480.0177,461.0946,480.6660,463.2322,480.1701,462.1402,480.7813,9,nan,nan,nan
ROI_070/patch_17,0,375.9686,153.8428,374.4484,152.3227,376.8057,154.1233,377.0706,153.4956,10,nan,nan,nan
ROI_070/patch_17,1,31.6641,306.6136,46.1051,306.6136,45.8454,306.9345,44.7999,306.8595,10,nan,nan,nan
ROI_070/patch_17,2,349.9012,482.4302,355.4471,482.1861,355.1553,482.8362,351.8541,482.6827,10,nan,nan,nan
ROI_070/patch_17,3,297.1260,267.9730,299.9632,267.8509,301.8693,268.2933,302.4678,268.3422,12,nan,nan,nan
ROI_070/patch_17,4,184.2202,31.8578,190.5154,32.2341,190.2638,32.0809,190.6849,32.8629,10,nan,nan,nan
ROI_070/patch_17,5,96.0421,24.5441,105.3893,22.3534,105.0042,24.7596,103.7529,24.5232,10,nan,nan,nan
ROI_070/patch_17,6,498.8588,389.9476,497.5772,389.4595,498.0561,390.3259,498.1433,389.9023,3,nan,nan,nan
ROI_070/patch_17,7,161.4499,379.6821,172.2741,381.0989,172.0051,380.0382,173.9275,380.2331,11,nan,nan,nan
ROI_070/patch_18,0,236.1186,419.2916,240.6789,420.8117,240.3842,419.3497,242.0144,419.4578,11,nan,nan,nan
ROI_070/patch_18,1,382.0490,424.6120,383.5691,423.8520,383.3261,424.7182,382.6738,424.6248,12,nan,nan,nan
ROI_070/patch_18,2,439.4248,482.1782,438.2930,483.1362,439.5549,482.2947,439.1929,482.5670,12,nan,nan,nan
ROI_070/patch_18,3,364.0410,70.8274,364.5677,69.6668,365.5093,70.9824,364.5935,71.3881,10,nan,nan,nan
ROI_070/patch_18,4,73.0056,241.5164,82.5877,242.1991,80.5251,241.5474,80.8844,241.4580,12,nan,nan,nan
ROI_070/patch_18,5,198.2432,334.9475,205.7165,333.4055,203.2427,335.0060,204.0390,333.8673,8,nan,nan,nan
ROI_070/patch_18,6,270.9640,247.8975,277.9216,248.2795,274.4292,247.9938,277.1076,248.0171,12,nan,nan,nan
ROI_070/patch_18,7,479.6592,286.8398,477.0557,285.5221,478.8664,287.0000,479.3986,287.2418,9,nan,nan,nan
ROI_070/patch_19,0,330.3653,154.0328,331.8854,153.2727,332.5284,154.1118,331.9529,153.9302,9,nan,nan,nan
ROI_070/patch_19,1,60.5462,195.0757,71.9470,193.5556,69.9429,195.1046,72.3061,194.7227,12,nan,nan,nan
ROI_070/patch_19,2,139.4836,167.6948,148.7124,168.4738,146.7646,167.7291,147.5177,167.1301,10,nan,nan,nan
ROI_070/patch_19,3,257.3409,253.5937,261.9605,255.1200,261.4583,253.7123,262.6827,253.5410,11,nan,nan,nan
ROI_070/patch_19,4,202.8450,338.4628,208.7567,337.9659,208.4205,338.6174,209.1860,339.3407,11,nan,nan,nan
ROI_070/patch_19,5,344.3051,468.6171,346.3265,468.6951,346.0824,468.8891,345.4406,469.0781,10,nan,nan,nan
ROI_070/patch_19,6,447.1081,502.3525,446.8436,503.2776,446.1274,502.6732,446.5357,502.9722,3,nan,nan,nan
ROI_070/patch_19,7,37.8388,502.9176,48.4174,504.6035,47.8327,503.1253,nan,nan,2,nan,nan,nan
ROI_070/patch_20,0,77.2673,166.9537,87.1480,167.7138,86.0342,167.1577,85.0907,167.1318,9,nan,nan,nan
ROI_070/patch_20,1,51.4255,385.0892,62.8263,384.3291,60.9510,385.4127,63.4072,385.2117,6,nan,nan,nan
ROI_070/patch_20,2,478.6196,167.1061,474.7756,166.1937,473.3210,167.3507,477.4458,166.8256,8,nan,nan,nan
ROI_070/patch_20,3,386.1220,46.4924,381.2889,46.8652,384.1462,46.6602,381.0573,46.8237,8,nan,nan,nan
ROI_070/patch_20,4,324.6269,362.4967,322.7648,363.8077,324.5932,362.8351,324.6277,363.3396,12,nan,nan,nan
ROI_070/patch_20,5,174.9053,273.9405,179.8746,272.6012,180.1784,274.2143,180.4127,273.4709,11,nan,nan,nan
ROI_070/patch_20,6,190.3143,133.5584,197.3559,134.2714,195.1419,133.7550,196.9674,134.5277,12,nan,nan,nan
ROI_070/patch_20,7,356.1409,208.7609,354.6870,208.7567,355.1065,209.0165,356.3209,209.2797,12,nan,nan,nan
ROI_070/patch_21,0,269.5610,135.0314,271.0811,134.2714,270.7004,135.1141,270.0318,135.4763,9,nan,nan,nan
ROI_070/patch_21,1,239.9189,324.2849,241.4390,323.5248,241.6722,324.4238,241.0176,323.9408,12,nan,nan,nan
ROI_070/patch_21,2,483.8962,347.0865,478.5758,346.3265,479.1037,347.2495,478.7028,347.2336,11,nan,nan,nan
ROI_070/patch_21,3,124.1868,313.6441,128.9510,313.6441,129.0450,313.7717,129.4049,313.5125,10,nan,nan,nan
ROI_070/patch_21,4,436.5052,60.9738,432.2126,59.7861,433.2504,61.0453,431.6342,60.4594,8,nan,nan,nan
ROI_070/patch_21,5,495.0960,458.7808,492.2568,457.2943,489.8985,458.9790,489.6655,458.9108,6,nan,nan,nan
ROI_070/patch_21,6,359.2204,206.6085,361.5275,205.7165,357.8947,206.7195,359.0434,206.5521,10,nan,nan,nan
ROI_070/patch_21,7,300.4585,15.7209,297.6830,13.4228,300.8844,15.7690,300.4399,15.8244,8,nan,nan,nan
ROI_070/patch_22,0,353.9270,99.3089,347.8466,98.5489,350.7078,99.5421,352.7183,99.3030,8,nan,nan,nan
ROI_070/patch_22,1,21.0233,282.4819,28.6239,282.4819,28.5236,282.8792,27.6707,282.0674,10,nan,nan,nan
ROI_070/patch_22,2,48.4019,484.5175,55.2258,483.8962,55.5612,484.8657,55.4020,484.7851,10,nan,nan,nan
ROI_070/patch_22,3,213.1808,446.2658,214.2671,447.0336,215.1647,446.5242,213.7738,446.2317,12,nan,nan,nan
ROI_070/patch_22,4,137.7927,40.5088,142.0619,41.5448,141.0905,40.8777,143.1422,41.0643,11,nan,nan,nan
ROI_070/patch_22,5,308.8519,180.6033,304.3521,181.3207,307.2248,180.8495,308.6988,180.8083,11,nan,nan,nan
ROI_070/patch_22,6,94.9139,168.9188,99.8789,172.6541,99.8533,169.2917,101.1401,169.4241,12,nan,nan,nan
ROI_070/patch_22,7,128.9646,364.4557,132.0766,362.4529,133.3412,364.7766,134.3625,364.0263,9,nan,nan,nan
ROI_070/patch_23,0,187.2748,305.9710,185.5632,307.6826,188.6983,306.3090,187.0687,306.1324,11,nan,nan,nan
ROI_070/patch_23,1,387.9034,34.6356,382.3788,34.8220,383.0336,34.8543,382.1329,34.9516,12,nan,nan,nan
ROI_070/patch_23,2,140.7227,237.4892,143.6867,236.1470,143.7669,237.7543,141.5826,237.2073,7,nan,nan,nan
ROI_070/patch_23,3,32.3927,163.0832,35.3982,162.1753,39.1045,163.2435,38.8560,163.7400,12,nan,nan,nan
ROI_070/patch_23,4,157.2320,388.0163,159.7012,389.4286,159.5474,388.4039,158.1232,388.4700,12,nan,nan,nan
ROI_070/patch_23,5,246.2922,420.6389,242.8240,419.9324,245.6272,421.0908,245.6917,420.6343,12,nan,nan,nan
ROI_070/patch_23,6,480.2484,358.4446,469.3146,358.1622,471.9346,358.9521,472.9494,358.6218,9,nan,nan,nan
ROI_070/patch_23,7,440.1523,133.3236,434.0446,131.4332,433.4369,133.6409,433.2428,133.3179,11,nan,nan,nan
ROI_070/patch_24,0,342.5262,189.7553,336.4457,188.9953,337.4391,189.8328,336.7365,189.8122,12,nan,nan,nan
ROI_070/patch_24,1,119.0703,464.1348,119.8304,461.0946,118.1679,464.1951,119.3376,463.3850,12,nan,nan,nan
ROI_070/patch_24,2,439.9573,469.2470,429.1723,469.4552,430.6991,469.4165,433.1164,468.6215,13,nan,nan,nan
ROI_070/patch_24,3,106.2250,236.2339,105.3893,236.1186,106.9957,236.2415,106.2635,236.6140,11,nan,nan,nan
ROI_070/patch_24,4,452.4804,16.5130,443.6134,15.7030,445.5590,16.5907,445.2923,16.6910,10,nan,nan,nan
ROI_070/patch_24,5,286.9076,39.2427,284.7621,38.5046,284.1485,39.2695,281.1186,38.1092,10,nan,nan,nan
ROI_070/patch_24,6,22.4058,14.2514,27.1038,12.6628,26.6564,14.1837,23.8012,13.2226,7,nan,nan,nan
ROI_070/patch_24,7,379.1900,320.3764,372.9283,319.7246,372.3837,320.4939,372.8066,320.1908,10,nan,nan,nan
ROI_070/patch_25,0,31.6641,316.6843,24.0636,314.0242,33.0109,316.8134,30.8733,316.7076,9,nan,nan,nan
ROI_070/patch_25,1,341.4306,503.2211,336.1221,502.8529,334.6933,503.3881,nan,nan,2,nan,nan,nan
ROI_070/patch_25,2,402.1320,200.1257,393.4223,200.3077,394.1858,200.4588,394.9576,200.6801,11,nan,nan,nan
ROI_070/patch_25,3,51.9819,238.6988,55.7330,238.5078,52.8981,238.8725,53.5519,239.1631,10,nan,nan,nan
ROI_070/patch_25,4,60.8620,173.0973,63.3730,173.5676,61.6249,173.3052,61.3384,172.6212,12,nan,nan,nan
ROI_070/patch_25,5,383.1599,368.5145,376.6142,368.3884,375.5101,368.7613,375.4759,368.3163,10,nan,nan,nan
ROI_070/patch_25,6,475.2579,457.2142,465.2386,453.9567,465.1679,457.4568,463.6520,456.9928,10,nan,nan,nan
ROI_070/patch_25,7,190.0978,41.2297,190.0067,40.0247,187.7197,41.5514,189.6457,41.5835,8,nan,nan,nan
ROI_070/patch_26,0,356.2072,365.3278,350.8868,366.8479,347.9589,365.6525,348.8845,365.3790,11,nan,nan,nan
ROI_070/patch_26,1,420.8117,441.3332,406.3707,442.0933,410.3357,441.7002,409.1929,442.0112,10,nan,nan,nan
ROI_070/patch_26,2,431.0544,37.4203,418.5316,35.4644,421.0434,37.7928,419.6844,38.3205,7,nan,nan,nan
ROI_070/patch_26,3,254.3609,49.9276,248.2795,51.4255,250.0092,50.1849,249.0184,49.6029,13,nan,nan,nan
ROI_070/patch_26,4,30.2001,137.0677,32.4242,138.0717,32.8878,137.1791,30.6458,137.3997,11,nan,nan,nan
ROI_070/patch_26,5,158.7465,409.3488,154.0328,410.1710,156.7636,409.5449,157.4142,409.9335,9,nan,nan,nan
ROI_070/patch_26,6,235.5156,256.5810,230.0382,256.6401,231.3636,256.8267,230.7357,257.3468,10,nan,nan,nan
ROI_070/patch_26,7,76.5885,285.6517,79.5475,284.7621,77.4917,285.7938,76.4026,286.3597,11,nan,nan,nan
ROI_070/patch_27,0,90.1883,94.7486,85.6279,94.7486,85.4951,94.7393,85.2391,93.8171,10,nan,nan,nan
ROI_070/patch_27,1,392.6897,21.7834,382.0490,20.2633,381.7310,21.6076,381.1471,21.5709,10,nan,nan,nan
ROI_070/patch_27,2,479.3845,19.5115,466.4150,18.7432,466.5558,19.3124,466.5354,19.6151,10,nan,nan,nan
ROI_070/patch_27,3,332.0208,490.3940,318.9645,489.9767,320.5109,490.8454,319.7798,490.9150,9,nan,nan,nan
ROI_070/patch_27,4,240.2951,496.2141,231.5583,496.0571,230.7500,496.6946,232.7595,496.1154,6,nan,nan,nan
ROI_070/patch_27,5,139.5356,363.0631,131.9912,363.8077,132.7045,363.3932,133.1766,364.1989,13,nan,nan,nan
ROI_070/patch_27,6,114.7777,196.4350,109.9497,196.5958,109.1467,196.5530,109.5340,196.2097,11,nan,nan,nan
ROI_070/patch_27,7,501.2314,171.1948,488.4565,171.5140,487.3252,171.1888,488.5763,171.4491,3,nan,nan,nan
ROI_070/patch_28,0,122.1105,357.7273,114.5100,358.4873,117.4446,358.0285,116.7928,358.1433,10,nan,nan,nan
ROI_070/patch_28,1,27.1038,244.4792,27.1038,244.4792,25.7576,244.7799,27.3770,244.0460,11,nan,nan,nan
ROI_070/patch_28,2,138.2030,474.4456,132.7513,474.0155,132.3289,474.7532,132.1013,473.8629,12,nan,nan,nan
ROI_070/patch_28,3,44.4653,480.5897,40.7848,477.8158,41.0860,480.9043,39.3027,480.8694,7,nan,nan,nan
ROI_070/patch_28,4,447.8020,438.3688,436.7729,437.5329,433.7924,438.6525,435.0841,438.1535,11,nan,nan,nan
ROI_070/patch_28,5,145.3920,179.8146,141.6819,179.4946,141.2745,180.1029,139.8892,180.7191,9,nan,nan,nan
ROI_070/patch_28,6,349.7768,372.5294,340.0560,369.8881,338.8547,372.8157,342.0634,371.7544,9,nan,nan,nan
ROI_070/patch_28,7,392.5710,186.6529,381.0989,186.3351,381.7223,186.9243,379.8987,186.4709,10,nan,nan,nan
ROI_070/patch_29,0,89.4282,393.4498,82.5877,394.2099,84.0295,393.5563,83.7412,393.4439,11,nan,nan,nan
ROI_070/patch_29,1,176.0744,410.9310,166.9537,408.6509,168.5276,411.1071,169.7866,410.6681,11,nan,nan,nan
ROI_070/patch_29,2,237.0769,472.4135,228.1381,472.8754,227.9505,472.6494,230.1999,473.0309,10,nan,nan,nan
ROI_070/patch_29,3,333.9240,103.1168,322.0014,101.1807,322.9295,103.3461,321.7501,102.9536,9,nan,nan,nan
ROI_070/patch_29,4,94.8583,185.9873,92.5726,184.7310,89.6107,186.0528,93.7259,185.4336,8,nan,nan,nan
ROI_070/patch_29,5,240.1262,26.1135,229.3634,24.2436,231.5365,26.2548,228.5984,25.5926,8,nan,nan,nan
ROI_070/patch_29,6,361.9085,280.6431,350.4915,278.9849,349.9847,280.9321,349.4950,280.8304,12,nan,nan,nan
ROI_070/patch_29,7,168.5462,269.7996,155.3563,264.3421,161.3774,269.9394,162.1887,268.8204,10,nan,nan,nan
ROI_070/patch_31,0,149.4725,297.6830,137.3116,297.6830,137.9197,297.8239,136.8572,297.1682,12,nan,nan,nan
ROI_070/patch_31,1,241.4390,323.5248,227.7580,324.2849,227.5292,323.6647,228.4703,323.8876,12,nan,nan,nan
ROI_070/patch_31,2,407.8511,200.5866,388.8895,200.3961,390.8630,200.8415,389.9504,201.2230,11,nan,nan,nan
ROI_070/patch_31,3,56.5012,439.7957,49.1453,439.0530,46.1547,439.8218,50.1486,439.3242,4,nan,nan,nan
ROI_070/patch_31,4,186.1086,363.1568,173.0341,363.0476,173.2310,363.2592,173.4165,362.9779,10,nan,nan,nan
ROI_070/patch_31,5,501.7466,305.7834,483.1362,303.0034,481.8009,305.9828,481.6418,305.9272,3,nan,nan,nan
ROI_070/patch_31,6,354.1924,148.8441,337.9659,148.6649,338.8359,149.1248,339.8036,148.7456,9,nan,nan,nan
ROI_070/patch_31,7,356.8287,383.1740,340.4878,383.9491,339.7711,383.2937,338.9910,382.9827,11,nan,nan,nan
ROI_070/patch_33,0,116.4101,442.4733,101.9691,442.4733,100.4471,442.5483,102.1256,442.4485,8,nan,nan,nan
ROI_070/patch_33,1,173.4142,374.8285,157.2630,376.5386,156.2586,374.9652,158.6809,374.9096,8,nan,nan,nan
ROI_070/patch_33,2,404.7129,201.9244,381.8590,201.9637,382.1183,202.2500,380.3860,202.2351,10,nan,nan,nan
ROI_070/patch_33,3,323.4422,186.3136,303.1934,187.8552,303.2097,186.6189,304.1495,186.8586,12,nan,nan,nan
ROI_070/patch_33,4,378.1800,423.1788,354.0154,424.2186,355.0198,423.3615,353.8308,423.8755,9,nan,nan,nan
ROI_070/patch_33,5,383.2121,112.2888,361.4456,113.4823,361.7474,112.6605,363.0968,112.7862,10,nan,nan,nan
ROI_070/patch_33,6,475.8368,27.5234,444.5998,25.6257,452.2858,27.9802,443.7683,27.0256,12,nan,nan,nan
ROI_070/patch_33,7,71.0072,182.3878,55.5869,180.9263,57.8483,182.6027,57.3852,182.2162,11,nan,nan,nan
ROI_070/patch_35,0,267.9834,130.6820,248.1902,129.9207,247.3592,130.7729,248.2765,130.5189,12,nan,nan,nan
ROI_070/patch_35,1,169.7786,209.8549,150.7466,209.8549,151.8878,210.0551,151.3658,210.2329,12,nan,nan,nan
ROI_070/patch_35,2,35.6925,297.1047,20.5681,297.4018,21.6078,297.4407,21.5701,296.3910,12,nan,nan,nan
ROI_070/patch_35,3,486.0503,138.7675,459.0641,136.0109,458.7043,138.7355,459.5785,138.3151,10,nan,nan,nan
ROI_070/patch_35,4,452.0253,370.6654,425.5679,370.4845,424.9012,370.8046,425.8674,370.6077,11,nan,nan,nan
ROI_070/patch_35,5,292.1622,433.7817,269.6963,434.4318,269.7211,434.0560,268.1382,433.7602,11,nan,nan,nan
ROI_070/patch_35,6,181.7363,52.7631,165.2109,52.8413,164.0356,52.8539,162.5976,52.7424,12,nan,nan,nan
ROI_070/patch_35,7,25.8537,26.3045,15.2392,27.7192,13.0313,26.4697,13.0304,25.8574,6,nan,nan,nan
ROI_070/patch_36,0,38.5046,357.7273,14.1829,356.2072,20.2334,357.5564,18.3199,357.2653,8,nan,nan,nan
ROI_070/patch_36,1,236.8787,288.5623,215.5972,288.5623,213.6992,288.5820,216.1848,289.2114,7,nan,nan,nan
ROI_070/patch_36,2,143.3632,129.5494,128.9510,128.1910,122.7441,129.4629,124.7361,128.8853,12,nan,nan,nan
ROI_070/patch_36,3,424.5836,113.4390,394.9699,112.2298,396.9011,113.6296,397.7154,113.1847,12,nan,nan,nan
ROI_070/patch_36,4,475.3600,345.2904,444.3734,345.5664,446.0999,345.5510,444.1385,345.2100,10,nan,nan,nan
ROI_070/patch_36,5,175.6274,464.3096,154.0328,464.1348,153.7648,464.2836,151.4302,464.7440,12,nan,nan,nan
ROI_070/patch_36,6,68.5354,452.5242,49.9054,454.2541,49.3857,452.3911,48.4455,452.3569,12,nan,nan,nan
ROI_070/patch_36,7,93.6963,215.9358,78.0274,215.5972,74.2172,215.8076,75.3563,215.8505,9,nan,nan,nan
ROI_070/patch_37,0,182.9148,325.0449,160.8733,323.5248,160.8378,325.1526,158.1758,325.5348,12,nan,nan,nan
ROI_070/patch_37,1,280.9618,228.5181,254.3599,227.7580,256.3887,228.6398,253.9327,227.4842,12,nan,nan,nan
ROI_070/patch_37,2,225.4005,114.0909,200.3961,113.7499,202.0895,114.1365,200.9277,113.8033,8,nan,nan,nan
ROI_070/patch_37,3,106.9145,183.9391,86.3880,182.9148,86.5778,183.9489,87.8158,183.9716,12,nan,nan,nan
ROI_070/patch_37,4,32.7018,284.2182,15.7030,284.0020,14.2788,284.2284,14.1644,283.8148,7,nan,nan,nan
ROI_070/patch_37,5,175.6501,480.2941,150.9926,480.8560,153.8914,480.4604,151.3614,480.8281,8,nan,nan,nan
ROI_070/patch_37,6,395.9102,186.0364,366.8479,184.4350,368.4744,186.2030,365.1208,186.2622,9,nan,nan,nan
ROI_070/patch_37,7,289.5304,109.7042,263.4806,109.1896,264.6397,109.7826,263.3119,109.7085,7,nan,nan,nan
ROI_070/patch_38,0,245.2393,276.4015,217.8773,277.1615,219.9944,276.5493,220.0094,276.3510,10,nan,nan,nan
ROI_070/patch_38,1,92.4684,468.6951,73.4671,467.1750,72.2353,468.7707,72.7980,467.8946,12,nan,nan,nan
ROI_070/patch_38,2,427.7788,373.4189,392.6897,374.4484,396.9015,373.6741,395.5974,373.6324,11,nan,nan,nan
ROI_070/patch_38,3,135.2404,64.1132,110.7097,63.7764,113.2222,64.1866,110.8520,63.8338,8,nan,nan,nan
ROI_070/patch_38,4,151.5758,31.7729,127.0984,30.7140,129.0089,31.8532,127.3316,31.5107,10,nan,nan,nan
ROI_070/patch_38,5,119.2827,371.7839,96.7724,370.0007,98.1012,371.8681,94.9660,372.0291,10,nan,nan,nan
ROI_070/patch_38,6,475.4271,204.2821,442.2549,203.9549,442.8677,204.5529,443.2587,203.7370,11,nan,nan,nan
ROI_070/patch_38,7,59.2197,24.6639,43.0881,24.8089,39.5482,24.6926,40.0402,24.3469,11,nan,nan,nan
ROI_070/patch_39,0,322.7648,146.4323,293.8827,145.6722,293.3159,146.5109,291.3933,145.9484,11,nan,nan,nan
ROI_070/patch_39,1,201.9162,91.7084,176.0744,92.4684,174.8767,91.8925,175.5215,92.3900,12,nan,nan,nan
ROI_070/patch_39,2,288.9084,458.4081,258.1602,458.0544,257.0487,458.4947,257.5216,457.9527,11,nan,nan,nan
ROI_070/patch_39,3,212.1903,478.7279,182.9148,479.3359,181.3410,478.8778,184.9858,479.1392,10,nan,nan,nan
ROI_070/patch_39,4,464.4014,88.1623,432.9726,87.1480,433.2827,88.1254,433.1835,87.8243,11,nan,nan,nan
ROI_070/patch_39,5,500.5926,325.9334,467.1750,325.0449,466.6651,325.8503,468.3715,325.2080,3,nan,nan,nan
ROI_070/patch_39,6,186.9655,234.0874,154.0328,236.1186,158.8180,234.2748,159.6335,234.3131,7,nan,nan,nan
ROI_070/patch_39,7,495.1124,3.2464,463.3748,3.5421,464.3132,3.1892,nan,nan,1,nan,nan,nan
ROI_070/patch_40,0,167.7138,126.6709,144.9121,125.1507,144.7909,126.7380,142.9274,126.6472,9,nan,nan,nan
ROI_070/patch_40,1,271.0811,479.3359,238.3988,479.3359,241.8659,479.2397,240.1011,480.5401,8,nan,nan,nan
ROI_070/patch_40,2,364.3991,347.8983,334.1656,350.1267,334.0821,347.8606,332.5392,348.4088,10,nan,nan,nan
ROI_070/patch_40,3,49.9063,290.6117,29.3839,290.8425,28.3947,290.6060,29.7927,290.3991,13,nan,nan,nan
ROI_070/patch_40,4,33.0637,415.0359,9.6225,413.9713,10.7260,414.9734,12.8178,414.8723,3,nan,nan,nan
ROI_070/patch_40,5,125.0850,41.0735,103.1092,42.3049,104.1480,41.1807,100.2656,41.5187,10,nan,nan,nan
ROI_070/patch_40,6,344.4507,214.9325,319.7246,216.3572,316.0086,214.9561,318.1070,214.7482,12,nan,nan,nan
ROI_070/patch_40,7,392.1764,18.9963,362.2876,20.2633,364.4810,19.1088,365.7667,19.3051,8,nan,nan,nan
ROI_070/patch_41,0,33.1842,263.4806,11.1426,263.4806,14.4881,263.5243,13.8652,263.6867,6,nan,nan,nan
ROI_070/patch_41,1,363.0476,346.3265,328.8452,346.3265,331.9078,346.5347,331.3001,346.2746,10,nan,nan,nan
ROI_070/patch_41,2,340.8211,500.8493,309.8439,502.1375,310.7895,501.0469,308.7425,501.8588,3,nan,nan,nan
ROI_070/patch_41,3,103.9916,446.8414,80.3076,446.6536,82.9034,446.9209,79.2874,446.0033,8,nan,nan,nan
ROI_070/patch_41,4,352.2332,210.3315,316.4943,209.5167,321.2768,210.5340,320.1981,209.7568,10,nan,nan,nan
ROI_070/patch_41,5,29.7868,126.4365,8.8862,127.2171,10.9894,126.4781,10.1564,126.3150,6,nan,nan,nan
ROI_070/patch_41,6,45.7162,101.9540,25.5599,101.6455,26.2699,102.0035,25.8098,101.6832,10,nan,nan,nan
ROI_070/patch_41,7,493.9483,456.4825,458.4366,457.1422,458.0007,456.7563,460.9602,456.9088,7,nan,nan,nan
ROI_070/patch_42,0,242.9591,356.9672,207.9966,356.2072,209.4124,356.7203,210.5216,357.0482,10,nan,nan,nan
ROI_070/patch_42,1,445.8935,395.7300,407.1308,396.4900,407.7290,395.7402,407.9635,395.9715,13,nan,nan,nan
ROI_070/patch_42,2,49.2242,240.0364,21.0233,241.4390,19.8771,239.6308,18.3923,239.8479,9,nan,nan,nan
ROI_070/patch_42,3,115.7125,443.4976,84.4879,443.0433,85.3513,442.9689,84.5496,442.3986,6,nan,nan,nan
ROI_070/patch_42,4,222.0700,499.3764,187.6652,500.0474,189.3815,498.9439,183.8489,499.7209,3,nan,nan,nan
ROI_070/patch_42,5,138.2337,280.4845,106.0069,279.0142,106.9224,280.1663,106.5999,280.3201,12,nan,nan,nan
ROI_070/patch_42,6,488.1365,89.8537,452.7108,89.4949,448.1898,90.2588,450.2214,89.4316,9,nan,nan,nan
ROI_070/patch_42,7,455.3641,18.7457,418.5206,17.5481,415.9935,19.1797,417.8597,18.1626,7,nan,nan,nan
ROI_070/patch_43,0,167.7138,162.3934,138.0717,162.3934,137.1689,162.2396,136.5821,161.5721,10,nan,nan,nan
ROI_070/patch_43,1,299.2031,294.6428,262.7205,291.6026,264.0599,294.6249,262.0884,294.8262,10,nan,nan,nan
ROI_070/patch_43,2,283.6775,469.3791,247.5194,468.6951,248.7200,469.4653,246.6228,469.2320,8,nan,nan,nan
ROI_070/patch_43,3,126.9298,460.3947,95.5086,459.5745,97.1748,460.4126,96.1586,460.0024,9,nan,nan,nan
ROI_070/patch_43,4,88.4254,334.7902,59.7861,334.9256,60.1800,334.7135,58.0545,334.7980,11,nan,nan,nan
ROI_070/patch_43,5,273.5650,53.8836,238.3988,53.7057,239.7219,53.7036,240.2579,53.5425,12,nan,nan,nan
ROI_070/patch_43,6,389.5598,34.8135,352.4069,32.4242,351.9150,34.6678,350.7786,34.3014,12,nan,nan,nan
ROI_070/patch_43,7,418.0676,344.6905,379.0088,343.2862,378.8981,344.7516,379.4251,344.0702,11,nan,nan,nan
ROI_070/patch_45,0,385.0892,109.9497,344.0463,109.9497,343.2644,109.6927,346.3850,109.5080,9,nan,nan,nan
ROI_070/patch_45,1,394.9699,370.6482,353.9270,370.6482,353.1231,370.5182,355.8421,371.0813,11,nan,nan,nan
ROI_070/patch_45,2,188.2352,436.0128,151.7526,436.0128,152.1093,435.9189,150.3007,435.6378,10,nan,nan,nan
ROI_070/patch_45,3,78.0406,272.6012,46.1051,271.8412,44.7750,272.4297,45.7339,272.7900,11,nan,nan,nan
ROI_070/patch_45,4,125.8867,134.9227,88.6682,135.0314,91.1803,134.6831,88.6233,134.9113,7,nan,nan,nan
ROI_070/patch_45,5,272.3467,246.8390,235.3586,245.9993,233.7382,246.6511,234.5999,246.8691,12,nan,nan,nan
ROI_070/patch_45,6,471.4662,182.1745,427.6522,182.1548,427.3460,181.9511,427.3267,182.1552,12,nan,nan,nan
ROI_070/patch_45,7,384.3707,49.2364,340.0560,48.3853,342.5077,48.9498,345.0971,48.9022,9,nan,nan,nan
ROI_070/patch_46,0,427.6522,258.1602,385.8493,255.8800,385.4880,257.9495,384.6854,257.5310,9,nan,nan,nan
ROI_070/patch_46,1,439.8131,166.9537,394.2099,166.1937,397.3565,166.7779,396.2588,167.0681,8,nan,nan,nan
ROI_070/patch_46,2,356.4581,74.2939,314.4042,74.2271,316.4786,74.2055,316.8903,73.6121,9,nan,nan,nan
ROI_070/patch_46,3,155.5416,435.0911,120.5904,435.2528,121.1479,434.9481,123.0276,435.1198,10,nan,nan,nan
ROI_070/patch_46,4,388.0382,396.4638,345.5664,394.9699,346.9311,396.2120,347.8019,395.7949,8,nan,nan,nan
ROI_070/patch_46,5,75.1379,185.4176,41.5448,185.1950,43.2393,185.4317,42.8872,185.8512,10,nan,nan,nan
ROI_070/patch_46,6,248.4180,120.0917,213.3170,119.8304,211.5399,120.0412,211.4678,120.7058,11,nan,nan,nan
ROI_070/patch_46,7,199.4171,66.5699,163.1534,67.3866,163.9945,66.5704,162.1128,66.2140,8,nan,nan,nan
ROI_070/patch_47,0,72.7070,150.9926,37.7445,151.7526,40.0986,150.7315,39.3488,150.7763,11,nan,nan,nan
ROI_070/patch_47,1,102.3491,287.0422,69.6668,287.0422,68.8638,286.8496,69.6997,286.4511,10,nan,nan,nan
ROI_070/patch_47,2,169.0975,479.3165,131.2312,477.8158,133.5781,479.2536,131.3825,478.9760,12,nan,nan,nan
ROI_070/patch_47,3,293.1235,176.8648,252.8398,176.0744,253.4785,176.9031,253.4366,176.5994,12,nan,nan,nan
ROI_070/patch_47,4,198.2778,96.0282,160.4933,92.8484,161.6242,95.9229,160.9674,96.1631,7,nan,nan,nan
ROI_070/patch_47,5,416.2270,112.6042,374.2584,109.3796,372.6110,112.7929,371.7638,112.0042,12,nan,nan,nan
ROI_070/patch_47,6,59.9101,24.0134,24.0238,22.1022,27.6444,23.7084,27.2614,23.3295,12,nan,nan,nan
ROI_070/patch_47,7,143.2656,146.3422,107.0529,145.1570,108.3979,146.1742,105.8625,146.0480,12,nan,nan,nan
ROI_070/patch_48,0,299.2031,290.0825,257.4001,290.0825,257.2468,289.9537,255.0174,290.0433,10,nan,nan,nan
ROI_070/patch_48,1,413.2112,397.2501,368.3680,398.0101,368.8841,397.0987,368.5879,396.8549,12,nan,nan,nan
ROI_070/patch_48,2,505.8325,241.2291,460.3345,240.6789,459.2858,241.0348,nan,nan,0,nan,nan,nan
ROI_070/patch_48,3,476.6010,67.7691,429.1723,65.8665,430.4858,67.5659,430.6682,67.6565,12,nan,nan,nan
ROI_070/patch_48,4,111.0083,199.4465,74.2271,198.1159,73.0696,199.3637,73.6683,199.5095,10,nan,nan,nan
ROI_070/patch_48,5,295.5992,378.4876,251.3197,376.7286,253.8287,378.3688,252.2217,377.4650,7,nan,nan,nan
ROI_070/patch_48,6,51.7346,118.8841,13.4228,116.7901,14.9984,118.8105,13.9508,118.8241,8,nan,nan,nan
ROI_070/patch_48,7,110.3657,484.7493,74.9872,483.8962,72.7857,484.6955,72.9317,484.7752,12,nan,nan,nan
ROI_070/patch_49,0,198.1159,403.3305,157.8331,403.3305,160.0639,403.3300,159.5968,402.9520,9,nan,nan,nan
ROI_070/patch_49,1,144.1521,267.2808,107.2895,265.1907,107.4339,267.1045,106.3568,266.8594,12,nan,nan,nan
ROI_070/patch_49,2,57.2642,430.1385,23.5408,428.2264,23.4174,430.1294,24.4644,429.8230,10,nan,nan,nan
ROI_070/patch_49,3,344.2659,104.9895,301.0443,104.4636,301.3378,104.6788,300.4854,104.9191,13,nan,nan,nan
ROI_070/patch_49,4,487.6137,149.7339,437.6804,149.0479,440.5424,149.5169,441.8791,149.8303,10,nan,nan,nan
ROI_070/patch_49,5,491.7120,107.5720,446.9617,110.5264,444.4399,107.3064,446.4686,108.3663,8,nan,nan,nan
ROI_070/patch_49,6,121.2938,36.5299,85.8164,35.5171,84.8125,36.0750,83.3513,35.8052,9,nan,nan,nan
ROI_070/patch_49,7,375.9303,389.1677,332.4534,390.4443,332.6069,389.2012,331.5031,388.5516,13,nan,nan,nan
ROI_070/patch_50,0,115.2700,222.4377,78.0274,222.4377,77.3537,222.2246,77.1495,221.6336,10,nan,nan,nan
ROI_070/patch_50,1,424.2320,352.7869,372.1683,350.5067,376.5770,353.1287,374.8476,353.0183,9,nan,nan,nan
ROI_070/patch_50,2,248.8112,123.5867,207.4266,123.6306,206.7883,123.5315,205.6219,123.2838,11,nan,nan,nan
ROI_070/patch_50,3,142.8032,61.5907,105.9952,59.4894,104.1331,61.3360,104.2355,61.2138,12,nan,nan,nan
ROI_070/patch_50,4,64.9250,81.1671,26.1371,80.7849,28.6750,80.8003,27.6816,80.6193,11,nan,nan,nan
ROI_070/patch_50,5,449.9256,103.8304,398.8082,102.0804,401.6328,104.0811,399.0591,103.0147,11,nan,nan,nan
ROI_070/patch_50,6,161.0019,370.4419,122.7274,369.9852,121.5588,370.3789,122.3389,370.0325,10,nan,nan,nan
ROI_070/patch_50,7,110.6922,459.2187,74.8125,457.8291,72.7621,459.1235,72.3030,459.0757,12,nan,nan,nan
ROI_070/patch_51,0,353.9270,265.7607,304.5235,264.2406,306.3635,265.6751,307.1223,265.4822,9,nan,nan,nan
ROI_070/patch_51,1,411.6911,309.0838,363.8077,308.3238,362.2847,309.0414,365.1249,308.8104,7,nan,nan,nan
ROI_070/patch_51,2,345.6396,474.4678,299.2031,474.7756,298.0743,474.5056,294.7240,475.0860,7,nan,nan,nan
ROI_070/patch_51,3,98.5379,169.4558,59.7861,169.9939,59.0047,169.2365,59.2159,169.6683,12,nan,nan,nan
ROI_070/patch_51,4,247.6134,58.9566,201.1561,56.7459,203.5994,58.7148,202.4666,58.4207,8,nan,nan,nan
ROI_070/patch_51,5,186.5268,33.2758,142.4420,31.4741,144.4368,33.0004,143.1659,32.8444,10,nan,nan,nan
ROI_070/patch_51,6,202.4487,213.0652,156.8355,211.3219,159.6427,212.9030,158.4992,212.3131,12,nan,nan,nan
ROI_070/patch_51,7,445.6158,109.4931,396.5582,109.6284,395.4058,109.3404,395.2304,109.7367,11,nan,nan,nan
ROI_070/patch_52,0,459.5745,233.0784,407.1308,230.7982,408.4726,232.9325,408.2740,232.7016,13,nan,nan,nan
ROI_070/patch_52,1,106.1494,415.4914,63.5864,414.7313,65.9599,415.6635,66.6912,415.4487,11,nan,nan,nan
ROI_070/patch_52,2,481.3650,485.5493,432.2126,487.6965,428.9966,485.7577,430.2210,486.1707,11,nan,nan,nan
ROI_070/patch_52,3,392.8007,82.4338,344.0463,81.8277,344.1772,82.0854,342.7957,82.0556,10,nan,nan,nan
ROI_070/patch_52,4,454.6470,398.1371,401.0503,398.7702,403.3314,398.2260,403.7285,398.7309,10,nan,nan,nan
ROI_070/patch_52,5,146.0599,256.6440,102.3491,254.3599,104.9493,256.5841,102.1037,256.5942,9,nan,nan,nan
ROI_070/patch_52,6,196.8014,184.3026,154.0328,184.4350,154.2280,184.1317,153.6921,184.3468,12,nan,nan,nan
ROI_070/patch_52,7,212.5767,463.2429,170.7540,462.6147,168.8700,463.4648,168.3165,462.7218,11,nan,nan,nan
ROI_070/patch_53,0,279.4417,341.7661,231.5583,342.5262,231.0579,341.7244,233.7499,342.1236,9,nan,nan,nan
ROI_070/patch_53,1,215.5972,30.9040,169.2339,29.3839,169.6550,30.7375,170.4833,31.2476,13,nan,nan,nan
ROI_070/patch_53,2,117.2521,8.8401,72.7070,5.8223,73.7089,8.6641,73.5782,7.9868,6,nan,nan,nan
ROI_070/patch_53,3,93.0020,457.1600,50.6655,457.2943,48.6971,457.1633,49.2815,457.1873,9,nan,nan,nan
ROI_070/patch_53,4,462.6000,362.6560,407.8908,361.5275,409.8087,362.6236,410.8173,361.9527,12,nan,nan,nan
ROI_070/patch_53,5,444.5188,142.7861,394.2099,141.8719,392.8121,142.6657,392.6378,142.9544,13,nan,nan,nan
ROI_070/patch_53,6,324.7820,122.0720,276.4015,119.0703,275.9776,121.9426,274.5971,121.9532,9,nan,nan,nan
ROI_070/patch_53,7,433.8214,39.3150,380.5289,37.7445,382.6769,39.1531,382.6435,38.9323,10,nan,nan,nan
ROI_070/patch_54,0,332.6455,303.0034,291.6026,301.4833,292.9226,302.8250,293.5627,302.8136,10,nan,nan,nan
ROI_070/patch_54,1,485.4163,411.6911,474.7756,411.6911,445.9722,411.4516,473.8737,412.0824,8,nan,nan,nan
ROI_070/patch_54,2,364.1357,223.8582,319.7246,222.4377,320.6667,223.6486,318.8656,222.2042,10,nan,nan,nan
ROI_070/patch_54,3,251.5450,196.7450,204.1964,198.1159,209.8553,196.5901,206.0118,197.2767,11,nan,nan,nan
ROI_070/patch_54,4,205.5112,362.3045,186.7151,365.3278,171.1654,362.2044,187.0926,363.0620,11,nan,nan,nan
ROI_070/patch_54,5,460.3798,38.6609,405.6107,36.2244,407.5849,38.3664,408.4499,38.4008,10,nan,nan,nan
ROI_070/patch_54,6,180.1113,20.6497,135.0314,21.0233,133.5989,20.5005,135.1750,20.0373,10,nan,nan,nan
ROI_070/patch_54,7,440.2162,245.8026,404.8506,244.4792,395.6805,245.5568,407.2558,245.9909,13,nan,nan,nan
ROI_070/patch_57,0,320.4846,92.4684,340.2460,93.2285,341.8649,92.8728,340.2572,92.5174,9,nan,nan,nan
ROI_070/patch_57,1,398.0101,128.9510,420.8117,127.4309,420.6866,129.3966,417.8420,129.3213,7,nan,nan,nan
ROI_070/patch_57,2,151.9002,313.8396,211.7969,316.6843,210.5081,314.7295,209.9395,315.1677,10,nan,nan,nan
ROI_070/patch_57,3,305.0113,428.1949,345.5664,428.4123,371.8129,429.2472,344.2079,428.5005,11,nan,nan,nan
ROI_070/patch_57,4,226.9351,420.0862,272.6012,421.5718,296.2445,421.1517,nan,nan,0,nan,nan,nan
ROI_070/patch_57,5,164.3698,495.0800,204.9564,497.5772,246.5415,496.3120,208.8812,495.7306,4,nan,nan,nan
ROI_070/patch_57,6,37.3753,280.3348,84.1078,280.9618,96.7838,281.2027,88.3922,281.9156,9,nan,nan,nan
ROI_070/patch_57,7,153.8496,134.2211,195.0757,134.2714,188.4473,134.7666,192.7809,135.2965,6,nan,nan,nan
ROI_070/patch_58,0,139.5918,164.6735,191.2754,166.1937,198.6597,165.7303,190.8937,165.7600,13,nan,nan,nan
ROI_070/patch_58,1,71.9470,243.7192,127.4309,245.9993,129.0867,244.5436,126.3119,245.1260,8,nan,nan,nan
ROI_070/patch_58,2,21.6766,101.9351,56.7459,91.7084,85.4916,103.0494,nan,nan,0,nan,nan,nan
ROI_070/patch_58,3,356.4462,191.4116,398.0101,191.2754,410.3681,192.5669,400.3498,191.4771,10,nan,nan,nan
ROI_070/patch_58,4,416.0176,348.8750,457.2943,349.3667,462.4559,349.7113,454.9496,350.2151,10,nan,nan,nan
ROI_070/patch_58,5,169.1840,311.3667,228.5181,312.1240,221.7658,312.1070,226.6863,312.4473,12,nan,nan,nan
ROI_070/patch_58,6,148.7094,493.7202,189.7553,496.8171,194.3018,494.0249,188.1107,495.0068,7,nan,nan,nan
ROI_070/patch_58,7,69.9526,389.6373,119.8304,387.3694,121.2297,390.1238,120.6701,390.1148,10,nan,nan,nan
ROI_070/patch_59,0,220.1575,31.6641,261.9605,33.9443,261.4770,32.0894,259.7299,32.5038,9,nan,nan,nan
ROI_070/patch_59,1,160.8733,167.7138,214.0771,166.9537,209.1831,168.2220,213.0204,167.0707,9,nan,nan,nan
ROI_070/patch_59,2,402.4759,214.7192,447.4136,214.0771,451.5670,215.4545,447.7125,215.4274,10,nan,nan,nan
ROI_070/patch_59,3,188.8749,441.4737,250.5596,443.6134,250.3324,442.2605,252.0552,442.6811,11,nan,nan,nan
ROI_070/patch_59,4,86.3769,437.9503,141.8719,437.5329,148.3019,438.6562,144.7356,439.0703,12,nan,nan,nan
ROI_070/patch_59,5,20.0972,319.6863,74.9872,320.4846,76.6802,320.2309,77.6095,320.6429,9,nan,nan,nan
ROI_070/patch_59,6,270.0929,282.8617,321.2447,284.0020,323.3254,283.5609,321.2430,283.3479,11,nan,nan,nan
ROI_070/patch_59,7,91.4499,251.3017,147.9524,251.3197,144.2602,251.8360,143.5367,252.2542,11,nan,nan,nan
ROI_070/patch_60,0,71.9470,173.7942,78.7874,173.7942,85.5652,173.9766,78.2845,174.1920,10,nan,nan,nan
ROI_070/patch_60,1,175.4054,193.8496,185.1950,195.8358,186.1467,194.0796,187.8570,194.9589,10,nan,nan,nan
ROI_070/patch_60,2,50.5116,284.6418,62.0663,285.5221,57.6797,284.8699,57.3678,285.3617,11,nan,nan,nan
ROI_070/patch_60,3,266.5080,453.1254,259.6803,452.7340,259.9123,453.5140,260.1703,453.1477,12,nan,nan,nan
ROI_070/patch_60,4,450.3431,498.0591,471.7354,499.8574,438.0658,498.5366,469.8388,499.8863,5,nan,nan,nan
ROI_070/patch_60,5,453.8478,422.5886,463.3748,422.3318,446.1387,423.0309,460.3740,423.4760,10,nan,nan,nan
ROI_070/patch_60,6,116.4191,316.2277,124.3907,314.4042,120.6020,316.4951,123.1563,316.2790,9,nan,nan,nan
ROI_070/patch_60,7,314.4763,102.2645,328.0852,100.8290,328.6137,102.5011,327.6311,102.2984,9,nan,nan,nan
ROI_070/patch_61,0,253.5999,284.0020,277.9216,284.7621,274.0228,284.9633,273.4423,285.0927,10,nan,nan,nan
ROI_070/patch_61,1,430.6924,335.6857,428.4123,337.2058,451.2031,337.0761,430.0568,336.1513,11,nan,nan,nan
ROI_070/patch_61,2,464.9576,488.0969,423.0919,486.9364,478.1156,489.8868,432.3197,488.4096,11,nan,nan,nan
ROI_070/patch_61,3,374.0556,44.6991,405.6107,47.6252,408.7411,45.3424,411.7362,45.9422,7,nan,nan,nan
ROI_070/patch_61,4,453.8001,41.9427,484.6563,42.4949,489.8721,42.7215,485.2943,42.4118,7,nan,nan,nan
ROI_070/patch_61,5,205.9278,9.0382,238.5891,6.5998,239.8363,9.3039,243.6952,8.2351,5,nan,nan,nan
ROI_070/patch_61,6,485.0078,373.7252,468.6904,370.7999,504.3972,375.2966,471.0854,373.4736,12,nan,nan,nan
ROI_070/patch_62,0,254.5895,204.7003,285.0665,203.1764,284.1092,204.9061,283.4584,205.0499,8,nan,nan,nan
ROI_070/patch_62,1,324.6866,244.3204,351.3540,245.0823,349.8121,244.4720,349.3914,245.0421,9,nan,nan,nan
ROI_070/patch_62,2,450.3419,155.8801,477.8335,159.7467,485.5710,155.9854,475.9506,156.5085,13,nan,nan,nan
ROI_070/patch_62,3,385.3737,442.4695,375.7356,441.6589,388.2201,442.5222,375.5340,442.2834,10,nan,nan,nan
ROI_070/patch_62,4,114.3881,281.6047,130.3957,281.6547,135.0899,281.8692,139.6677,282.1467,10,nan,nan,nan
ROI_070/patch_62,5,46.2433,211.9529,73.2513,212.3195,74.7275,212.2800,72.1952,212.7832,10,nan,nan,nan
ROI_070/patch_62,6,168.5067,61.7271,214.2075,62.9822,214.0575,62.0294,214.3227,62.0671,10,nan,nan,nan
ROI_070/patch_62,7,383.4425,83.8970,427.5465,84.3161,426.7181,84.0648,427.6983,83.6647,10,nan,nan,nan
ROI_070/patch_63,0,71.9470,215.5972,77.2673,214.8371,75.0961,215.9718,72.7715,215.3826,12,nan,nan,nan
ROI_070/patch_63,1,248.2795,157.8331,255.8800,156.3130,257.3669,158.3450,260.2389,157.8432,11,nan,nan,nan
ROI_070/patch_63,2,347.3068,412.9535,388.8895,415.4914,395.6831,414.0345,379.4615,412.5445,7,nan,nan,nan
ROI_070/patch_63,3,186.7052,412.3314,226.2379,413.2112,223.0173,413.1963,219.2345,413.4257,10,nan,nan,nan
ROI_070/patch_63,4,115.1895,415.8105,146.4323,417.0115,146.5989,416.5856,146.9081,417.1044,9,nan,nan,nan
ROI_070/patch_63,5,216.1745,102.7431,215.5972,103.1092,215.9778,103.1177,216.1096,103.6644,10,nan,nan,nan
ROI_070/patch_63,6,43.1224,26.2807,30.1440,27.1038,20.4498,26.2928,nan,nan,0,nan,nan,nan
ROI_070/patch_63,7,13.3087,141.9995,8.8625,141.8719,2.8794,142.1697,7.0342,141.8524,3,nan,nan,nan
ROI_070/patch_66,0,177.5945,245.2393,200.3961,247.5194,199.1544,245.6783,203.5129,245.1043,13,nan,nan,nan
ROI_070/patch_66,1,350.1267,441.3332,331.1254,442.0933,339.1499,441.2356,336.6625,441.4718,11,nan,nan,nan
ROI_070/patch_66,2,183.8052,397.3080,188.9953,396.4900,186.4723,397.5530,189.5835,397.5582,9,nan,nan,nan
ROI_070/patch_66,3,84.3406,173.6955,114.5100,174.5543,119.2771,174.3831,116.0384,175.0584,9,nan,nan,nan
ROI_070/patch_66,4,449.5537,278.4737,454.2541,277.1615,453.5401,278.3993,455.9207,277.4589,8,nan,nan,nan
ROI_070/patch_66,5,497.9872,460.5602,466.4150,459.5745,477.3144,460.1820,466.5201,460.9187,4,nan,nan,nan
ROI_070/patch_66,6,116.7349,365.9509,129.7111,364.5677,126.5664,366.3505,129.7302,365.6023,9,nan,nan,nan
ROI_070/patch_66,7,342.1315,412.2369,329.6053,411.6911,335.1078,412.1883,330.4662,412.6619,10,nan,nan,nan
ROI_070/patch_67,0,188.9953,103.8692,203.4363,103.8692,202.9559,103.7658,202.8270,104.0579,7,nan,nan,nan
ROI_070/patch_67,1,65.8665,91.7084,101.5891,93.9885,84.7055,91.5582,103.3205,92.4041,8,nan,nan,nan
ROI_070/patch_67,2,14.4377,70.4815,53.7057,71.1869,36.8323,70.3020,53.0183,70.7812,5,nan,nan,nan
ROI_070/patch_67,3,322.1402,296.3967,311.3640,296.9229,313.9616,296.4538,309.7137,296.8985,10,nan,nan,nan
ROI_070/patch_67,4,297.8609,435.5245,274.1213,435.2528,277.3386,435.6591,277.6051,435.4348,12,nan,nan,nan
ROI_070/patch_67,5,211.6374,358.0924,198.1159,356.9672,201.0104,358.1520,199.0930,357.8475,9,nan,nan,nan
ROI_070/patch_67,6,43.2232,228.1539,65.1065,232.3184,49.9210,228.0802,68.5126,229.0645,10,nan,nan,nan
ROI_070/patch_67,7,323.4652,74.6944,334.1656,73.4671,336.0897,74.6160,330.8213,74.1752,11,nan,nan,nan
ROI_070/patch_69,0,374.4484,407.1308,329.6053,404.8506,324.8115,407.0348,329.9500,406.3461,12,nan,nan,nan
ROI_070/patch_69,1,409.4109,493.7769,366.0879,492.2568,354.1249,493.6621,365.0648,493.4304,6,nan,nan,nan
ROI_070/patch_69,2,99.9519,475.1035,69.6668,474.0155,71.7679,474.8414,67.9258,475.4270,11,nan,nan,nan
ROI_070/patch_69,3,31.1328,508.0943,5.0622,508.2179,7.8391,507.7840,nan,nan,0,nan,nan,nan
ROI_070/patch_69,4,348.3352,60.1472,308.3238,61.3062,311.5561,60.1839,310.0304,60.4603,12,nan,nan,nan
ROI_070/patch_69,5,155.7047,347.0445,126.6709,347.0865,126.6600,346.8643,123.6888,347.2523,11,nan,nan,nan
ROI_070/patch_69,6,287.6763,470.1260,242.1991,468.6951,243.5506,469.9601,243.2514,469.3818,11,nan,nan,nan
ROI_070/patch_69,7,135.1995,185.5101,114.5100,185.1950,112.8564,185.3874,115.2329,185.6116,6,nan,nan,nan
ROI_070/patch_70,0,423.0919,131.2312,372.9283,130.4711,378.1860,131.3138,372.9753,131.1378,10,nan,nan,nan
ROI_070/patch_70,1,166.9537,436.7729,128.9510,436.7729,127.3901,436.7974,128.3667,437.0804,10,nan,nan,nan
ROI_070/patch_70,2,50.4493,421.4686,17.6031,424.9920,14.2340,421.4880,17.7527,421.9738,10,nan,nan,nan
ROI_070/patch_70,3,267.3411,85.8732,227.0719,84.2137,227.0598,85.9524,228.9135,85.5165,13,nan,nan,nan
ROI_070/patch_70,4,229.7745,10.0164,197.2241,8.4462,190.9950,10.1037,196.4642,9.6748,4,nan,nan,nan
ROI_070/patch_70,5,358.9972,21.9022,325.7993,20.6914,316.5341,21.9959,326.7808,21.0681,10,nan,nan,nan
ROI_070/patch_70,6,314.7021,183.5579,273.7570,184.4718,272.5151,183.6265,275.6051,183.9604,11,nan,nan,nan
ROI_070/patch_70,7,220.7231,342.6384,181.9175,341.3642,180.2165,342.6793,182.0583,342.2867,12,nan,nan,nan
ROI_070/patch_71,0,334.9833,372.7427,282.1756,372.7427,281.5728,372.8213,283.3486,372.5907,11,nan,nan,nan
ROI_070/patch_71,1,439.8333,404.8865,383.9643,404.8865,380.6790,404.9951,382.9455,404.5358,12,nan,nan,nan
ROI_070/patch_71,2,270.2713,64.2651,222.4799,62.7845,217.7402,64.2660,219.5154,65.2175,10,nan,nan,nan
ROI_070/patch_71,3,448.5463,199.3159,385.4950,200.5437,386.9916,199.3842,385.7234,199.6141,6,nan,nan,nan
ROI_070/patch_71,4,247.0463,247.9528,195.6934,247.9941,197.5496,247.9862,196.3301,246.9394,12,nan,nan,nan
ROI_070/patch_71,5,178.1844,139.7452,132.9365,138.5521,131.6559,139.7410,132.8806,138.8592,8,nan,nan,nan
ROI_070/patch_71,6,129.1782,481.7793,86.2514,480.6541,88.6317,481.8344,89.7452,482.0902,10,nan,nan,nan
ROI_070/patch_71,7,57.2660,216.1611,19.6678,213.5543,18.4096,216.1456,19.0846,216.6633,7,nan,nan,nan
ROI_070/patch_72,0,211.7969,432.2126,189.7553,433.7327,186.7336,432.3895,186.3069,432.1404,11,nan,nan,nan
ROI_070/patch_72,1,126.6709,239.1588,101.5891,239.9189,102.9412,239.1221,101.7371,239.3399,11,nan,nan,nan
ROI_070/patch_72,2,403.7559,311.6737,363.8077,310.6039,364.4143,311.7094,364.4840,311.2902,10,nan,nan,nan
ROI_070/patch_72,3,330.5620,90.0621,292.3626,89.4282,291.2394,89.8516,291.8687,89.8162,11,nan,nan,nan
ROI_070/patch_72,4,366.2478,23.2373,317.4444,21.7834,323.3702,22.9509,321.0248,22.5381,7,nan,nan,nan
ROI_070/patch_72,5,224.2426,44.8966,181.3947,43.8250,190.5588,44.6390,185.1295,44.7753,9,nan,nan,nan
ROI_070/patch_72,6,77.0020,36.7098,48.3853,37.7445,52.2296,36.4477,50.4791,36.2201,7,nan,nan,nan
ROI_070/patch_72,7,487.4016,502.8331,451.2139,502.8976,446.7792,503.0804,449.5295,503.0576,3,nan,nan,nan
ROI_070/patch_73,0,325.0449,440.5731,283.2420,442.8533,285.2708,440.7733,286.6736,440.4984,11,nan,nan,nan
ROI_070/patch_73,1,81.0676,447.4136,52.1856,445.1335,53.2913,447.2937,52.2607,446.4089,8,nan,nan,nan
ROI_070/patch_73,2,238.1838,123.3735,193.5556,123.6306,196.9238,123.5380,198.9003,124.2334,11,nan,nan,nan
ROI_070/patch_73,3,407.2146,294.8063,359.2474,296.9229,360.8156,295.1493,361.8130,295.4666,11,nan,nan,nan
ROI_070/patch_73,4,123.4035,36.5311,85.6279,37.7445,86.1658,36.5670,85.0217,36.7541,12,nan,nan,nan
ROI_070/patch_73,5,133.0965,125.0974,101.5891,125.9108,96.9823,125.1243,101.2099,126.3399,6,nan,nan,nan
ROI_070/patch_73,6,142.6813,259.8273,107.6695,260.4404,108.5274,259.8337,110.2943,259.6029,12,nan,nan,nan
ROI_070/patch_73,7,481.9276,205.8255,431.4525,205.7165,430.2895,206.2879,430.6789,206.0278,9,nan,nan,nan
ROI_070/patch_74,0,332.6455,253.5999,297.6830,254.3599,297.2753,253.6924,299.5220,253.4984,10,nan,nan,nan
ROI_070/patch_74,1,239.9189,457.2943,207.9966,457.2943,212.8579,457.4855,207.8563,457.6744,12,nan,nan,nan
ROI_070/patch_74,2,271.8182,137.9167,233.0784,138.0717,231.1348,137.9184,233.2821,137.5339,12,nan,nan,nan
ROI_070/patch_74,3,324.4823,87.2937,280.2018,86.3880,281.8890,87.2799,279.7269,87.3674,12,nan,nan,nan
ROI_070/patch_74,4,468.7259,374.5565,442.8533,377.4887,439.2907,374.7663,442.6133,375.2240,10,nan,nan,nan
ROI_070/patch_74,5,428.0677,498.5833,399.5302,499.8574,403.7746,498.8580,402.5305,498.8192,4,nan,nan,nan
ROI_070/patch_74,6,61.2338,317.3923,24.0636,317.4444,27.1969,317.4413,27.7892,317.3809,12,nan,nan,nan
ROI_070/patch_74,7,444.0329,224.4104,407.1308,224.7178,407.9857,224.5189,406.1128,224.5137,10,nan,nan,nan
ROI_070/patch_77,0,203.6263,155.1729,177.0244,155.1729,176.3818,154.5990,172.8938,154.5723,8,nan,nan,nan
ROI_070/patch_77,1,115.4601,119.4503,88.0981,117.9302,88.2630,118.9362,89.4908,118.1965,10,nan,nan,nan
ROI_070/patch_77,2,497.9413,53.4931,471.9254,53.3256,462.2608,52.6957,472.2279,53.0830,5,nan,nan,nan
ROI_070/patch_77,3,448.9574,206.0580,424.0420,206.0965,419.7631,205.3125,423.4852,205.2078,10,nan,nan,nan
ROI_070/patch_77,4,391.2954,313.4812,367.0379,311.7440,367.0323,312.7891,364.9325,312.0132,9,nan,nan,nan
ROI_070/patch_77,5,364.8459,418.8927,344.3788,419.1966,344.9480,418.2312,345.1939,417.9669,11,nan,nan,nan
ROI_070/patch_77,6,496.3364,378.0608,468.7256,378.6813,472.8417,377.2999,470.2061,377.8661,6,nan,nan,nan
ROI_070/patch_77,7,379.5662,15.0047,346.0545,12.1919,344.3045,14.2885,347.5707,13.5917,8,nan,nan,nan
ROI_070/patch_78,0,294.6428,209.5167,280.2018,209.5167,285.2541,210.0470,282.3448,210.8493,10,nan,nan,nan
ROI_070/patch_78,1,100.0690,447.4136,97.7888,447.4136,96.4875,448.0919,99.5490,447.9083,11,nan,nan,nan
ROI_070/patch_78,2,235.1799,92.2703,201.1561,90.9483,203.2130,92.6532,203.1602,92.2960,12,nan,nan,nan
ROI_070/patch_78,3,371.9481,416.4337,395.7300,416.2514,398.8984,417.2108,397.8180,417.8912,9,nan,nan,nan
ROI_070/patch_78,4,384.4156,329.0355,398.7702,328.0852,401.7430,329.7300,397.8210,329.5305,10,nan,nan,nan
ROI_070/patch_78,5,184.0848,318.5574,174.5543,318.9645,174.6453,319.1453,177.2637,319.3155,11,nan,nan,nan
ROI_070/patch_78,6,373.5934,68.5427,353.9270,68.9067,356.1502,68.9678,355.3759,68.8215,12,nan,nan,nan
ROI_070/patch_78,7,440.4809,348.9126,467.1750,350.8868,467.4719,349.6541,466.1981,349.2126,11,nan,nan,nan
ROI_070/patch_87,0,237.2587,110.7097,272.2212,112.2298,275.6236,111.3775,275.6346,111.8240,10,nan,nan,nan
ROI_070/patch_87,1,329.2252,350.8868,356.5872,351.6468,359.3144,351.6517,360.4081,352.0152,13,nan,nan,nan
ROI_070/patch_87,2,271.2445,343.2026,291.2225,344.0463,297.4772,343.7857,291.4965,344.3655,12,nan,nan,nan
ROI_070/patch_87,3,66.1982,395.5697,72.3270,394.9699,73.7713,395.4430,72.7391,394.8244,10,nan,nan,nan
ROI_070/patch_87,4,223.6574,396.3009,235.7386,396.4900,242.9748,396.6849,236.3871,397.0473,10,nan,nan,nan
ROI_070/patch_87,5,338.9507,28.5153,383.1891,30.9040,390.1191,29.5823,389.0702,30.2927,10,nan,nan,nan
ROI_070/patch_87,6,84.5349,255.7287,113.3699,249.7996,102.3092,255.7789,110.5744,256.0092,3,nan,nan,nan
ROI_070/patch_87,7,240.2282,168.2490,276.0215,169.2339,275.1831,168.8781,277.9598,168.8134,12,nan,nan,nan
ROI_070/patch_90,0,145.6722,214.0771,114.5100,211.7969,121.3809,214.1884,113.5143,214.6251,12,nan,nan,nan
ROI_070/patch_90,1,356.9672,394.2099,322.7648,395.7300,329.4648,394.1868,324.4961,394.6080,10,nan,nan,nan
ROI_070/patch_90,2,450.6238,493.6019,416.2514,494.5370,419.4326,493.4929,418.1133,494.5753,7,nan,nan,nan
ROI_070/patch_90,3,390.2326,231.5895,384.3291,230.7982,384.3571,231.8028,383.4594,231.1481,9,nan,nan,nan
ROI_070/patch_90,4,213.7448,18.1537,208.7567,19.5032,217.8498,18.5641,213.8154,19.2464,11,nan,nan,nan
ROI_070/patch_90,5,295.8246,16.4690,309.0838,17.9831,306.9866,16.9238,308.4124,16.7842,8,nan,nan,nan
ROI_070/patch_90,6,423.3946,198.7096,427.6522,200.3961,424.1019,198.9842,423.6078,198.6620,9,nan,nan,nan
ROI_070/patch_90,7,141.7129,332.1697,103.8692,332.6455,103.4050,332.1199,103.6695,331.9187,10,nan,nan,nan
ROI_070/patch_92,0,158.5931,32.4242,217.8773,34.7043,221.7146,32.7362,222.0898,33.0743,8,nan,nan,nan
ROI_070/patch_92,1,175.3143,98.5489,228.5181,99.3089,233.0746,98.7419,232.7858,98.4394,12,nan,nan,nan
ROI_070/patch_92,2,213.0752,366.3073,252.0798,364.5677,251.0608,366.0222,252.1137,366.1176,11,nan,nan,nan
ROI_070/patch_92,3,184.3815,248.2071,230.0382,247.5194,231.8667,248.1344,234.7675,247.4579,10,nan,nan,nan
ROI_070/patch_92,4,270.1849,24.0007,328.0852,24.8236,326.6449,24.3136,327.2072,24.8262,10,nan,nan,nan
ROI_070/patch_92,5,70.8554,249.0692,121.3505,249.7996,125.6164,249.0093,121.1868,249.0729,9,nan,nan,nan
ROI_070/patch_92,6,420.3148,219.0626,470.2152,220.9175,454.4499,219.0117,471.0767,219.0908,12,nan,nan,nan
ROI_070/patch_92,7,100.1632,8.8003,170.7540,8.1024,168.5877,9.1615,169.9270,9.9303,6,nan,nan,nan
ROI_070/patch_92,8,201.6008,495.9008,239.9189,495.2970,231.9369,495.3880,239.7961,496.4685,6,nan,nan,nan
ROI_070/patch_93,0,176.0744,296.1629,150.9926,294.6428,155.8122,295.8791,156.3967,295.7049,12,nan,nan,nan
ROI_070/patch_93,1,116.0301,353.1669,93.2285,352.4069,100.5303,352.8655,96.3442,352.0022,9,nan,nan,nan
ROI_070/patch_93,2,99.5689,215.5772,81.0676,216.3572,76.9541,215.4208,74.7448,215.4531,7,nan,nan,nan
ROI_070/patch_93,3,374.3008,294.9771,350.8868,293.8827,348.5940,294.5686,348.7437,295.0811,11,nan,nan,nan
ROI_070/patch_93,4,475.4409,229.3979,442.0933,228.5181,443.3852,228.9894,nan,nan,2,nan,nan,nan
ROI_070/patch_93,5,406.4143,95.3640,363.8077,94.7486,368.8655,95.1303,367.8461,94.7333,11,nan,nan,nan
ROI_070/patch_93,6,124.4869,13.7565,67.3866,13.4228,90.1040,13.7817,169.2326,13.6799,4,nan,nan,nan
ROI_070/patch_93,7,197.9640,165.8498,173.0341,164.6735,169.9460,165.6795,172.0505,166.1040,9,nan,nan,nan
ROI_070/patch_96,0,398.0101,480.8560,379.0088,480.0960,378.4559,480.7644,378.9924,481.2075,10,nan,nan,nan
ROI_070/patch_96,1,335.6857,424.6120,314.4042,422.3318,316.2129,424.4904,316.5290,424.5797,12,nan,nan,nan
ROI_070/patch_96,2,218.9899,343.8205,193.5556,342.5262,199.6653,343.6502,193.7215,343.1121,10,nan,nan,nan
ROI_070/patch_96,3,28.9663,38.0577,11.9027,37.7445,9.9129,37.7557,10.6677,37.5434,5,nan,nan,nan
ROI_070/patch_96,4,218.8222,210.7395,192.7955,211.0368,199.5206,210.5291,194.0082,209.8655,9,nan,nan,nan
ROI_070/patch_96,5,107.2322,433.5130,81.0676,432.2126,88.0210,433.3464,nan,nan,2,nan,nan,nan
ROI_070/patch_96,6,312.3472,148.0230,285.5221,147.9524,292.9486,147.8133,286.8274,147.5217,10,nan,nan,nan
ROI_070/patch_96,7,422.7281,196.7061,402.7605,198.1159,403.1939,196.5341,402.9553,196.2289,9,nan,nan,nan
ROI_070/patch_97,0,463.3748,74.2271,451.9740,71.9470,449.9419,73.7235,450.6997,73.9467,12,nan,nan,nan
ROI_070/patch_97,1,399.5302,371.4082,380.5289,371.4082,379.5666,371.0581,386.0143,371.0812,7,nan,nan,nan
ROI_070/patch_97,2,257.6763,205.7258,242.9591,204.9564,242.0013,205.4654,244.9000,205.4085,10,nan,nan,nan
ROI_070/patch_97,3,10.1522,485.0325,17.9831,484.6563,-10.9763,485.1016,17.1189,485.1164,5,nan,nan,nan
ROI_070/patch_97,4,63.2432,471.8126,76.5073,471.7354,42.2217,471.8252,75.8906,471.6370,12,nan,nan,nan
ROI_070/patch_97,5,231.8751,14.4732,209.5167,14.9429,220.6472,14.1802,218.4836,14.1313,6,nan,nan,nan
ROI_070/patch_97,6,74.6796,62.8322,62.4463,63.9664,62.9248,62.7092,62.6921,62.1409,11,nan,nan,nan
ROI_070/patch_97,7,461.9715,406.3906,456.1790,406.3214,440.9837,405.9894,449.5613,406.9594,5,nan,nan,nan
ROI_070/patch_98,0,158.5931,198.8760,149.4725,198.1159,154.5582,198.5828,151.9142,198.6301,10,nan,nan,nan
ROI_070/patch_98,1,206.4765,373.6884,204.1964,373.6884,200.7984,373.5543,200.7432,373.5107,11,nan,nan,nan
ROI_070/patch_98,2,321.5054,148.3298,307.5637,145.6722,312.4039,148.0751,309.3435,147.2113,9,nan,nan,nan
ROI_070/patch_98,3,321.4645,254.0027,312.1240,253.5999,312.2785,253.8304,308.9120,253.6922,12,nan,nan,nan
ROI_070/patch_98,4,458.9949,393.0095,441.3332,394.2099,445.3841,393.0112,445.5458,392.5425,12,nan,nan,nan
ROI_070/patch_98,5,454.6439,179.9238,440.5731,179.1146,441.3427,179.7574,440.8768,179.2796,9,nan,nan,nan
ROI_070/patch_98,6,500.5161,34.2627,485.4163,36.2244,485.8949,34.0047,nan,nan,2,nan,nan,nan
ROI_070/patch_98,7,31.6725,39.6722,36.2244,39.2646,31.7461,39.1944,31.9752,39.4966,9,nan,nan,nan
ROI_070/patch_99,0,154.0328,314.4042,159.3532,314.4042,154.1653,314.5078,160.0111,314.1437,7,nan,nan,nan
ROI_070/patch_99,1,418.5316,493.0169,443.6134,494.5370,453.9038,493.1750,444.8033,493.3925,7,nan,nan,nan
ROI_070/patch_99,2,333.3434,347.7518,348.6066,347.8466,348.5226,347.8826,347.6513,348.3216,8,nan,nan,nan
ROI_070/patch_99,3,239.4838,375.4419,255.8800,375.2085,251.3371,375.5635,252.8431,375.5181,12,nan,nan,nan
ROI_070/patch_99,4,138.1417,232.5542,126.6709,231.5583,128.9889,232.6467,130.6819,231.8205,8,nan,nan,nan
ROI_070/patch_99,5,167.4457,14.6080,137.3116,14.1829,138.2355,14.6801,135.8149,14.3551,7,nan,nan,nan
ROI_070/patch_99,6,378.7483,144.2355,377.4887,144.9121,376.3739,144.3497,378.5400,144.4413,11,nan,nan,nan
ROI_070/patch_99,7,199.1623,124.7638,181.3947,122.8706,183.1218,124.8524,180.1412,124.3357,10,nan,nan,nan
ROI_070/patch_100,0,86.3880,72.7070,100.0690,72.7070,101.1752,72.8150,104.9942,72.3679,9,nan,nan,nan
ROI_070/patch_100,1,263.4806,61.3062,275.6414,60.5462,276.5144,61.4837,276.4166,61.7661,11,nan,nan,nan
ROI_070/patch_100,2,13.1391,478.5397,65.1065,479.3359,94.2691,479.2114,64.3770,478.6921,7,nan,nan,nan
ROI_070/patch_100,3,99.4053,217.7580,129.7111,218.6374,137.9291,218.0865,131.2598,217.8821,10,nan,nan,nan
ROI_070/patch_100,4,344.8209,125.3517,360.7675,124.3907,368.3830,125.6635,358.3354,125.3436,7,nan,nan,nan
ROI_070/patch_100,5,285.8849,266.2931,333.4055,266.5208,332.4660,266.7844,331.0925,266.3001,12,nan,nan,nan
ROI_070/patch_100,6,199.4491,383.9848,271.0811,384.3291,265.2286,384.6077,270.0789,384.5495,9,nan,nan,nan
ROI_070/patch_100,7,220.5999,238.4241,261.5804,239.9189,262.5809,238.8424,259.8292,239.1140,9,nan,nan,nan
ROI_070/patch_102,0,109.9497,154.7928,120.5904,155.5529,124.1558,154.9298,123.1358,155.0985,9,nan,nan,nan
ROI_070/patch_102,1,45.3451,206.4765,57.5059,208.7567,59.9666,206.6506,57.9683,206.4939,10,nan,nan,nan
ROI_070/patch_102,2,25.6672,318.7786,36.9845,320.4846,44.7174,318.9727,39.2914,319.0537,8,nan,nan,nan
ROI_070/patch_102,3,186.3637,215.6653,211.0368,217.8773,205.5144,215.7694,211.2383,216.5270,7,nan,nan,nan
ROI_070/patch_102,4,356.3385,46.8374,369.1281,46.1051,372.9328,46.8407,374.9447,47.5730,11,nan,nan,nan
ROI_070/patch_102,5,272.1521,10.7334,288.5623,11.9027,284.6784,10.7758,285.5241,11.3595,6,nan,nan,nan
ROI_070/patch_102,6,34.1418,82.2391,43.0649,81.0676,42.9007,82.4077,46.9594,82.2813,11,nan,nan,nan
ROI_070/patch_102,7,241.7493,387.4049,272.6012,387.3694,270.1697,387.4965,273.4731,387.9286,11,nan,nan,nan
ROI_070/patch_103,0,307.5637,245.2393,391.9297,244.4792,390.3319,245.4385,390.9855,244.5943,10,nan,nan,nan
ROI_070/patch_103,1,239.1588,332.6455,304.5235,333.4055,311.4398,332.7561,309.6290,332.9718,10,nan,nan,nan
ROI_070/patch_103,2,190.8448,236.6653,256.6401,236.8787,259.5029,236.8404,260.4519,237.1062,10,nan,nan,nan
ROI_070/patch_103,3,133.5103,72.8947,196.5958,71.1869,199.0656,73.1866,197.7706,73.2959,12,nan,nan,nan
ROI_070/patch_103,4,74.4271,127.1416,127.4309,130.4711,131.4341,127.3740,131.3166,127.9742,9,nan,nan,nan
ROI_070/patch_103,5,58.6384,13.8156,114.5100,14.1829,116.4280,14.1352,116.1212,14.2450,3,nan,nan,nan
ROI_070/patch_103,6,226.0275,502.1793,302.2433,502.1375,292.6300,502.1498,nan,nan,2,nan,nan,nan
ROI_070/patch_103,7,41.0395,416.9926,98.5489,416.2514,86.9967,416.9825,98.4402,416.3520,10,nan,nan,nan
ROI_070/patch_105,0,400.2903,41.5448,439.8131,40.7848,436.3557,41.6703,438.5968,41.6352,12,nan,nan,nan
ROI_070/patch_105,1,304.5235,196.5958,340.2460,196.5958,345.4375,196.9268,342.5964,196.6032,12,nan,nan,nan
ROI_070/patch_105,2,284.9031,333.9976,332.6455,335.6857,332.7671,334.4481,330.6842,334.3372,11,nan,nan,nan
ROI_070/patch_105,3,47.3106,204.2842,77.2673,204.1964,78.1986,204.8675,79.2683,205.0662,10,nan,nan,nan
ROI_070/patch_105,4,12.0521,257.8697,45.3451,257.4001,44.5279,258.5261,44.9323,258.2991,7,nan,nan,nan
ROI_070/patch_105,5,189.9532,13.6738,218.6374,14.1829,215.8936,13.9806,221.8398,14.0921,6,nan,nan,nan
ROI_070/patch_105,6,413.2354,219.4956,461.8547,220.9175,459.8615,219.7391,463.9940,219.9878,12,nan,nan,nan
ROI_070/patch_105,7,20.4599,182.3871,45.3451,183.6749,49.0213,182.9801,51.7370,182.3725,11,nan,nan,nan
ROI_070/patch_106,0,102.3491,119.0703,165.4336,120.5904,166.5411,119.4363,166.5459,118.5208,11,nan,nan,nan
ROI_070/patch_106,1,115.2700,21.7834,181.3947,21.0233,180.3662,21.8722,179.8034,21.4401,10,nan,nan,nan
ROI_070/patch_106,2,158.6334,65.7556,226.9980,66.6266,224.7743,65.8708,228.5580,65.7651,8,nan,nan,nan
ROI_070/patch_106,3,335.1501,323.9118,407.8908,322.0047,405.1186,324.3387,405.7987,323.6144,11,nan,nan,nan
ROI_070/patch_106,4,405.2001,388.4457,474.0155,391.1696,476.8912,388.8984,475.5107,389.4362,5,nan,nan,nan
ROI_070/patch_106,5,25.3634,138.7518,83.3478,140.3518,87.1756,139.3233,84.1151,139.8998,11,nan,nan,nan
ROI_070/patch_106,6,419.2587,434.9624,489.2166,437.5329,491.1152,435.5069,489.8469,434.9431,7,nan,nan,nan
ROI_070/patch_106,7,220.3792,470.4894,303.7634,469.4552,286.1702,471.5254,303.6359,470.6310,12,nan,nan,nan
ROI_070/patch_108,0,127.4309,236.1186,170.7540,238.3988,176.5576,236.3711,171.4483,237.0897,11,nan,nan,nan
ROI_070/patch_108,1,282.4819,179.1146,333.4055,182.1548,331.5831,179.5503,333.5593,179.4988,9,nan,nan,nan
ROI_070/patch_108,2,278.1783,107.6872,324.2849,106.9094,325.0349,108.1824,322.8233,108.0559,13,nan,nan,nan
ROI_070/patch_108,3,333.8250,5.2693,382.0490,10.3826,378.1520,5.9026,378.9173,7.2011,3,nan,nan,nan
ROI_070/patch_108,4,437.3290,40.9135,480.0960,41.5448,483.9053,41.6040,482.0009,41.4112,13,nan,nan,nan
ROI_070/patch_108,5,203.5722,308.3037,258.9202,309.8439,255.7671,308.5575,255.0969,308.5155,10,nan,nan,nan
ROI_070/patch_108,6,80.6958,373.6301,116.0301,372.9283,133.5306,373.7209,118.7524,374.4287,10,nan,nan,nan
ROI_070/patch_108,7,50.4896,243.5972,87.1480,243.7192,98.9891,243.7771,88.7552,243.6049,10,nan,nan,nan
ROI_070/patch_108,8,155.6125,19.0026,203.4363,20.2633,198.3765,19.4711,200.6097,19.3919,10,nan,nan,nan
ROI_070/patch_109,0,239.9189,350.8868,306.8036,350.8868,305.1845,351.4358,304.1859,351.2397,12,nan,nan,nan
ROI_070/patch_109,1,353.1669,308.3238,416.2514,306.0436,414.9479,308.8649,417.0617,308.0473,9,nan,nan,nan
ROI_070/patch_109,2,296.5719,222.6633,354.6870,222.4377,359.5984,223.0574,359.5320,222.5206,9,nan,nan,nan
ROI_070/patch_109,3,262.0363,80.7929,330.3653,81.0676,325.4075,80.9708,332.4073,81.6534,11,nan,nan,nan
ROI_070/patch_109,4,242.3833,140.4371,302.2433,137.3116,306.6016,140.6901,306.5302,140.1607,10,nan,nan,nan
ROI_070/patch_109,5,381.6792,168.9334,442.8533,169.9939,441.9861,169.2909,445.2034,169.7200,10,nan,nan,nan
ROI_070/patch_109,6,334.7864,89.6539,401.0503,90.1883,396.0869,89.8778,399.1328,90.1550,10,nan,nan,nan
ROI_070/patch_109,7,98.3011,15.8339,176.8344,14.9429,166.1240,15.8446,174.5966,16.2818,7,nan,nan,nan
ROI_070/patch_109,8,83.3254,37.4775,153.8428,37.3645,151.6834,37.5119,154.2397,37.2299,3,nan,nan,nan
ROI_070/patch_110,0,185.1950,103.8692,256.6401,104.6293,254.4934,103.9155,255.6070,104.0514,10,nan,nan,nan
ROI_070/patch_110,1,219.3974,150.2325,283.2420,151.7526,284.4230,150.2706,288.7134,150.6793,10,nan,nan,nan
ROI_070/patch_110,2,208.9026,357.7728,252.0798,357.7273,258.5901,357.8589,253.8775,357.2734,11,nan,nan,nan
ROI_070/patch_110,3,65.0876,15.0161,141.8719,14.9429,143.8384,15.1063,nan,nan,2,nan,nan,nan
ROI_070/patch_110,4,145.4856,486.2801,180.6347,486.1764,186.9941,486.4253,nan,nan,1,nan,nan,nan
ROI_070/patch_110,5,282.3942,209.5294,343.8563,209.3267,341.5091,209.5472,340.0158,209.9405,8,nan,nan,nan
ROI_070/patch_110,6,231.4493,25.6305,310.0680,26.3780,305.5502,25.6369,308.3680,25.1858,9,nan,nan,nan
ROI_070/patch_110,7,349.7519,461.3550,390.7367,460.9237,388.4009,461.3895,388.7322,461.5499,4,nan,nan,nan
ROI_070/patch_110,8,452.3748,492.9713,485.8649,494.4088,486.2735,492.9592,490.3418,492.8927,5,nan,nan,nan
ROI_070/patch_112,0,235.4875,372.6447,213.4177,371.8837,218.3384,372.2153,215.9995,372.7203,11,nan,nan,nan
ROI_070/patch_112,1,176.8885,202.1750,203.5244,202.1750,187.5195,201.4073,202.4912,202.2384,11,nan,nan,nan
ROI_070/patch_112,2,257.2068,210.7033,275.8218,209.7852,264.4201,210.0505,270.4923,209.6580,8,nan,nan,nan
ROI_070/patch_112,3,336.0928,392.0641,313.8731,390.1483,313.3177,391.7922,315.8079,391.7264,11,nan,nan,nan
ROI_070/patch_112,4,186.1025,487.8230,154.0577,485.2765,152.5154,487.5095,154.5018,487.3715,9,nan,nan,nan
ROI_070/patch_112,5,114.5064,322.4589,107.6351,320.1340,108.2540,321.7986,108.7782,321.2773,11,nan,nan,nan
ROI_070/patch_112,6,296.5255,339.6667,284.1931,337.6376,282.8541,339.2635,283.4311,339.0699,10,nan,nan,nan
ROI_070/patch_112,7,460.9872,138.9212,477.4936,139.7709,473.9117,138.4152,474.6914,138.2962,7,nan,nan,nan
ROI_070/patch_112,8,409.2817,346.3525,389.2146,348.2919,391.6262,346.1023,390.4097,346.3712,9,nan,nan,nan
ROI_070/patch_113,0,443.2475,337.6376,420.4167,336.1155,418.9796,336.8858,417.8425,337.3201,11,nan,nan,nan
ROI_070/patch_113,1,131.9880,181.6273,119.0505,180.1052,119.2960,181.0609,119.3864,180.9670,12,nan,nan,nan
ROI_070/patch_113,2,213.9496,119.6493,200.4803,118.4622,201.5379,118.9005,201.2942,118.6622,12,nan,nan,nan
ROI_070/patch_113,3,327.5371,460.7513,301.6967,459.4017,301.7235,460.3031,302.0104,460.4926,7,nan,nan,nan
ROI_070/patch_113,4,90.3631,473.0136,67.3008,473.1001,69.1348,472.8766,70.3575,472.9234,10,nan,nan,nan
ROI_070/patch_113,5,37.1097,340.2946,14.7900,339.1596,21.2861,340.0520,18.2463,340.1343,9,nan,nan,nan
ROI_070/patch_113,6,21.2869,292.7454,8.7018,292.7370,7.3313,292.4608,8.9597,292.5140,5,nan,nan,nan
ROI_070/patch_113,7,495.0805,229.3470,490.4311,227.2888,473.2214,228.3903,494.1701,228.6389,7,nan,nan,nan
ROI_070/patch_114,0,241.4390,186.7151,206.4765,182.9148,206.6803,186.3018,208.8190,185.7634,7,nan,nan,nan
ROI_070/patch_114,1,234.5985,90.9483,198.1159,90.1883,198.3776,90.4482,197.0816,90.3821,10,nan,nan,nan
ROI_070/patch_114,2,436.8745,342.4357,399.5302,341.0061,400.4336,342.2337,399.1875,342.1727,8,nan,nan,nan
ROI_070/patch_114,3,101.7452,270.3978,70.4269,268.8009,71.4729,270.0051,69.7848,269.6087,11,nan,nan,nan
ROI_070/patch_114,4,125.4907,112.6434,91.7084,112.9899,92.0385,112.1209,92.9594,111.6013,12,nan,nan,nan
ROI_070/patch_114,5,407.5127,151.6752,370.6482,150.9926,368.5058,151.2942,370.1330,151.6281,12,nan,nan,nan
ROI_070/patch_114,6,90.0465,343.9590,62.8263,344.0463,61.2708,343.6266,63.5104,343.4705,9,nan,nan,nan
ROI_070/patch_114,7,207.3931,18.1133,176.0744,16.4630,170.5448,17.5387,175.2295,18.0278,10,nan,nan,nan
ROI_070/patch_114,8,238.9602,377.0907,206.4765,375.9686,207.4624,376.8440,207.1200,376.9327,10,nan,nan,nan
ROI_070/patch_115,0,209.5167,21.7834,176.8344,21.0233,181.4083,21.2420,177.6234,21.7981,12,nan,nan,nan
ROI_070/patch_115,1,278.6816,92.4684,252.0798,93.2285,249.5704,92.0578,252.1969,91.5864,11,nan,nan,nan
ROI_070/patch_115,2,425.0266,139.6238,391.9297,140.3518,391.4486,139.3320,392.7827,139.2360,13,nan,nan,nan
ROI_070/patch_115,3,59.8176,468.9100,40.7848,468.6951,47.6226,469.0109,46.5148,468.8915,11,nan,nan,nan
ROI_070/patch_115,4,459.6890,411.4787,429.1723,410.9310,431.0229,411.6169,428.0511,411.1855,10,nan,nan,nan
ROI_070/patch_115,5,370.2157,400.3856,347.8466,403.3305,344.6868,400.4786,344.3348,401.4387,10,nan,nan,nan
ROI_070/patch_115,6,451.7970,344.5129,426.1321,344.8063,421.8964,344.5455,420.2804,344.4035,12,nan,nan,nan
ROI_070/patch_115,7,304.5448,23.9457,273.3613,22.5435,272.8841,23.4375,272.5940,23.1739,12,nan,nan,nan
ROI_070/patch_117,0,157.0730,138.0717,128.1910,137.3116,140.1842,138.0604,131.4265,137.5708,12,nan,nan,nan
ROI_070/patch_117,1,255.8800,93.9885,230.9883,93.4185,234.7305,93.9700,230.5594,93.6880,11,nan,nan,nan
ROI_070/patch_117,2,460.8074,159.9059,438.3838,161.7258,439.2727,159.8933,435.5157,159.5900,4,nan,nan,nan
ROI_070/patch_117,3,489.9180,254.2187,467.1028,254.2647,472.8915,254.2184,469.9859,254.2715,9,nan,nan,nan
ROI_070/patch_117,4,42.7519,53.7099,21.9588,50.8387,23.5218,53.6889,23.0648,52.8051,12,nan,nan,nan
ROI_070/patch_117,5,40.2597,366.9761,34.7227,366.7474,37.9038,366.9972,34.5579,367.4130,10,nan,nan,nan
ROI_070/patch_117,6,194.9548,212.4807,181.5086,211.1863,181.3370,212.4789,181.9525,212.3673,10,nan,nan,nan
ROI_070/patch_117,7,355.4779,133.9195,333.8787,132.2091,334.5652,133.9049,336.4036,133.1164,11,nan,nan,nan
ROI_070/patch_118,0,230.7982,417.7715,191.2754,416.2514,194.7699,417.7392,192.3642,417.7700,10,nan,nan,nan
ROI_070/patch_118,1,40.0247,487.6965,35.4644,486.1764,18.9627,487.9989,33.7514,487.1996,10,nan,nan,nan
ROI_070/patch_118,2,228.7161,472.9217,192.0355,475.5356,189.3518,472.9944,190.3267,473.3723,10,nan,nan,nan
ROI_070/patch_118,3,338.9546,340.8031,292.3626,341.7661,296.8429,340.5113,287.9933,340.1136,9,nan,nan,nan
ROI_070/patch_118,4,475.8102,356.7391,416.2514,353.1669,418.7092,356.3305,418.1095,356.7412,8,nan,nan,nan
ROI_070/patch_118,5,358.1206,60.9538,340.2460,62.0663,332.0591,60.1196,338.4625,60.8072,6,nan,nan,nan
ROI_070/patch_118,6,220.3628,243.8338,198.8760,242.9591,196.5905,243.4882,195.1111,242.4535,10,nan,nan,nan
ROI_070/patch_118,7,457.5236,415.4096,397.2501,412.4511,398.5135,415.1300,399.1572,415.1657,4,nan,nan,nan
ROI_070/patch_120,0,252.8398,77.2673,246.7594,75.7472,251.4379,77.2434,246.8428,76.8053,12,nan,nan,nan
ROI_070/patch_120,1,308.3238,331.8854,312.8841,330.3653,310.4809,331.9165,308.3799,331.8801,8,nan,nan,nan
ROI_070/patch_120,2,24.8657,260.8332,24.6969,259.5536,16.1671,260.7554,24.8441,261.2311,11,nan,nan,nan
ROI_070/patch_120,3,265.7805,490.5408,273.4246,491.3701,267.3171,490.5793,272.2739,491.2850,10,nan,nan,nan
ROI_070/patch_120,4,429.6283,338.3785,435.8861,338.9793,436.2886,338.4528,435.1057,337.5403,7,nan,nan,nan
ROI_070/patch_120,5,488.9120,469.1655,499.1606,468.3785,498.5334,469.2788,495.7768,469.2042,5,nan,nan,nan
ROI_070/patch_120,6,59.1397,96.2915,46.0788,96.8906,50.7222,96.2026,51.9715,96.9837,9,nan,nan,nan
ROI_070/patch_120,7,314.8074,283.9718,315.3059,281.1689,316.9177,283.9984,315.4491,284.3072,10,nan,nan,nan
ROI_070/patch_121,0,218.6374,173.0341,207.2366,173.7942,207.2121,173.0284,212.3860,173.1957,9,nan,nan,nan
ROI_070/patch_121,1,423.8520,424.6120,399.5302,421.5718,404.6291,424.6099,403.8896,424.0744,9,nan,nan,nan
ROI_070/patch_121,2,106.5534,451.2010,132.7513,451.2139,130.1660,451.5105,132.3981,452.0468,12,nan,nan,nan
ROI_070/patch_121,3,250.8133,505.4837,261.9605,507.4579,259.8665,505.7021,nan,nan,0,nan,nan,nan
ROI_070/patch_121,4,117.3626,31.8550,103.8692,31.6641,108.5246,31.8346,104.6018,31.2683,10,nan,nan,nan
ROI_070/patch_121,5,468.0313,9.0366,413.2112,10.3826,412.3393,8.6768,nan,nan,1,nan,nan,nan
ROI_070/patch_121,6,379.2104,414.3673,360.3874,415.8714,364.9783,414.3983,365.4025,413.9049,4,nan,nan,nan
ROI_070/patch_121,7,420.1529,44.9800,368.6503,43.6710,373.2894,44.6916,369.3394,43.8683,5,nan,nan,nan
ROI_070/patch_122,0,119.8304,364.5677,82.5877,360.0074,89.7331,364.4521,87.1749,363.7104,9,nan,nan,nan
ROI_070/patch_122,1,478.5758,441.3332,430.6924,439.0530,437.0536,441.0614,433.5800,440.8502,10,nan,nan,nan
ROI_070/patch_122,2,458.4776,145.5114,418.5316,144.9121,420.7138,145.4285,419.7459,145.4066,12,nan,nan,nan
ROI_070/patch_122,3,401.1891,68.7096,363.8077,68.1467,365.9402,68.6916,362.7993,67.6598,12,nan,nan,nan
ROI_070/patch_122,4,322.5059,455.2228,281.2152,456.2176,285.4482,454.9897,283.8609,454.8202,10,nan,nan,nan
ROI_070/patch_122,5,124.9383,67.1857,95.7620,64.7898,97.8711,67.2523,nan,nan,2,nan,nan,nan
ROI_070/patch_122,6,336.9190,148.3352,299.7146,149.8892,302.7181,148.2874,298.6420,147.2763,9,nan,nan,nan
ROI_070/patch_122,7,210.1658,237.7023,177.1207,238.3571,178.7555,237.6378,178.1368,237.6736,8,nan,nan,nan
ROI_070/patch_123,0,286.2822,310.6039,322.7648,310.6039,357.7102,311.8178,324.2909,311.8855,11,nan,nan,nan
ROI_070/patch_123,1,196.5958,503.6576,215.5972,503.6576,308.2181,505.4316,nan,nan,2,nan,nan,nan
ROI_070/patch_123,2,186.5919,68.7387,218.6374,71.9470,215.1728,69.3149,218.4000,69.8598,10,nan,nan,nan
ROI_070/patch_123,3,315.4778,14.0604,325.8050,13.4228,329.0096,14.4467,328.4516,14.4666,7,nan,nan,nan
ROI_070/patch_123,4,409.8960,3.6541,420.0517,2.0220,418.0885,3.9832,nan,nan,2,nan,nan,nan
ROI_070/patch_123,5,171.7316,246.0280,223.9578,249.7996,234.8339,247.0982,223.2849,246.7775,11,nan,nan,nan
ROI_070/patch_123,6,285.4767,191.1255,333.4055,191.2754,334.0232,192.0098,330.8007,191.1622,11,nan,nan,nan
ROI_070/patch_123,7,483.8789,504.3194,486.9364,504.4177,585.4539,506.0085,nan,nan,0,nan,nan,nan
ROI_070/patch_125,0,280.2018,243.7192,246.7594,241.4390,246.4572,243.5418,247.7962,242.9508,10,nan,nan,nan
ROI_070/patch_125,1,321.2447,133.5113,283.2420,131.9912,283.9950,133.1273,283.0260,131.7729,10,nan,nan,nan
ROI_070/patch_125,2,229.3431,34.1865,190.5154,32.4242,193.5078,33.6244,191.1751,33.6711,11,nan,nan,nan
ROI_070/patch_125,3,40.9353,47.7601,12.6628,47.6252,12.0375,47.2351,14.6772,47.3951,7,nan,nan,nan
ROI_070/patch_125,4,463.8897,376.9939,420.8117,375.2085,426.1051,377.0517,419.1626,376.1749,11,nan,nan,nan
ROI_070/patch_125,5,303.7744,341.7011,272.6012,339.4860,271.0149,341.7037,271.6326,341.0061,11,nan,nan,nan
ROI_070/patch_125,6,55.6277,223.3296,46.8652,223.1977,29.4724,223.1288,48.3644,223.7948,8,nan,nan,nan
ROI_070/patch_125,7,328.8433,42.7249,288.5623,43.0649,289.6363,42.1722,287.3311,41.6450,8,nan,nan,nan
ROI_070/patch_126,0,294.6428,265.0007,282.4819,265.7607,288.0168,265.2040,282.1328,265.3871,10,nan,nan,nan
ROI_070/patch_126,1,299.9632,408.6509,295.4028,410.1710,295.1101,409.2478,293.8575,409.3528,11,nan,nan,nan
ROI_070/patch_126,2,329.2885,453.9498,328.8452,456.5343,323.0131,454.6610,328.8633,454.8896,10,nan,nan,nan
ROI_070/patch_126,3,505.1494,201.9809,489.2166,201.9162,482.4922,201.9366,nan,nan,0,nan,nan,nan
ROI_070/patch_126,4,119.3988,155.8480,122.1105,155.5529,123.6950,155.8125,124.9215,156.2093,6,nan,nan,nan
ROI_070/patch_126,5,234.1414,80.5628,243.7192,80.3076,229.0855,80.2796,241.2320,80.7007,11,nan,nan,nan
ROI_070/patch_126,6,139.5125,456.4977,142.6320,457.2943,146.8758,457.2828,145.3529,456.7557,7,nan,nan,nan
ROI_070/patch_126,7,160.2275,254.0055,165.4336,252.8398,163.0696,254.2258,165.9203,253.8866,9,nan,nan,nan
ROI_070/patch_127,0,259.6803,353.9270,248.2795,351.6468,245.2381,353.6858,247.2434,353.0488,9,nan,nan,nan
ROI_070/patch_127,1,163.1534,395.7300,150.9926,395.7300,153.9020,395.5012,156.1712,395.4357,12,nan,nan,nan
ROI_070/patch_127,2,168.9495,183.9617,153.2727,179.1146,160.2239,183.8461,155.4272,183.3528,9,nan,nan,nan
ROI_070/patch_127,3,285.9323,38.3712,277.9216,36.9845,271.2958,38.2921,273.4641,38.6228,9,nan,nan,nan
ROI_070/patch_127,4,366.2390,427.4624,349.3667,425.3721,345.5876,427.1425,347.1499,426.5593,11,nan,nan,nan
ROI_070/patch_127,5,278.6880,476.2839,268.8009,477.8158,262.7011,475.9692,272.1674,476.7131,9,nan,nan,nan
ROI_070/patch_127,6,104.3441,207.5428,94.7486,205.7165,99.1103,207.4379,92.1578,206.7363,10,nan,nan,nan
ROI_070/patch_127,7,355.8153,60.4313,343.2862,58.2660,337.2113,60.3148,343.0115,59.4294,10,nan,nan,nan
ROI_070/patch_129,0,211.0368,400.2903,260.4404,400.2903,264.3536,401.0820,262.4014,401.1041,12,nan,nan,nan
ROI_070/patch_129,1,226.2379,303.0034,271.8412,303.7634,274.3975,303.7109,271.5360,303.9705,13,nan,nan,nan
ROI_070/patch_129,2,160.6242,121.0148,187.4752,122.8706,198.2070,121.5418,186.8290,122.8883,9,nan,nan,nan
ROI_070/patch_129,3,135.8354,12.3833,147.1923,13.4228,167.2469,12.8060,148.6928,13.0202,7,nan,nan,nan
ROI_070/patch_129,4,383.1795,301.2913,432.9726,300.7232,432.7971,302.0356,434.4586,302.1885,10,nan,nan,nan
ROI_070/patch_129,5,366.5671,414.5888,422.3318,417.0115,422.2013,415.4314,423.6592,415.8070,9,nan,nan,nan
ROI_070/patch_129,6,287.7981,412.4182,343.2862,413.2112,342.5352,413.2396,nan,nan,1,nan,nan,nan
ROI_070/patch_129,7,196.9409,237.4247,239.9189,237.6387,241.2334,238.0658,235.9997,237.5268,7,nan,nan,nan
ROI_070/patch_131,0,328.0852,254.3599,285.5221,252.8398,287.9365,254.2368,283.2277,254.2041,12,nan,nan,nan
ROI_070/patch_131,1,175.3143,189.7553,138.8317,188.2352,140.6634,189.7956,137.2814,189.4374,12,nan,nan,nan
ROI_070/patch_131,2,227.3624,411.5975,192.0355,413.2112,194.1091,412.1518,195.3478,412.6003,12,nan,nan,nan
ROI_070/patch_131,3,70.8100,287.8511,55.9858,287.0422,42.2487,288.4087,58.3622,288.0758,9,nan,nan,nan
ROI_070/patch_131,4,177.6987,37.5063,141.8719,34.7043,140.4536,37.1070,139.8305,36.6468,11,nan,nan,nan
ROI_070/patch_131,5,269.1424,101.8982,223.9578,98.9289,229.0276,101.4745,224.4342,100.5709,9,nan,nan,nan
ROI_070/patch_131,6,422.5643,167.6425,375.7785,167.7138,376.9425,167.0572,377.7172,167.2866,9,nan,nan,nan
ROI_070/patch_131,7,464.0132,185.7356,416.0614,184.4350,416.9090,185.1076,418.8403,184.6246,9,nan,nan,nan
ROI_070/patch_133,0,263.4806,480.0960,280.2018,477.0557,280.5553,480.4272,282.3843,480.3668,9,nan,nan,nan
ROI_070/patch_133,1,188.2352,427.6522,209.5167,428.4123,214.2892,428.0662,213.8252,427.9721,13,nan,nan,nan
ROI_070/patch_133,2,121.3806,467.0644,143.3920,467.9351,142.9507,467.5277,140.7888,467.7798,8,nan,nan,nan
ROI_070/patch_133,3,152.1294,114.6788,224.7178,113.7499,224.1929,115.2136,nan,nan,2,nan,nan,nan
ROI_070/patch_133,4,408.9864,443.4032,431.4525,445.8935,428.7078,443.6134,428.3194,443.3227,10,nan,nan,nan
ROI_070/patch_133,5,445.2781,308.7778,487.6965,308.3238,483.8397,308.9932,483.6957,309.3194,10,nan,nan,nan
ROI_070/patch_133,6,344.1664,147.5942,406.3707,145.6722,407.9373,147.9464,408.1310,148.1949,9,nan,nan,nan
ROI_070/patch_133,7,291.4637,144.5344,355.4471,143.3920,356.6448,144.9350,356.1379,145.2687,10,nan,nan,nan
ROI_070/patch_135,0,338.7259,308.3238,341.7661,309.8439,346.4142,308.8601,338.7316,308.6827,6,nan,nan,nan
ROI_070/patch_135,1,362.2876,458.0544,375.2085,460.3345,374.6726,459.1166,375.1343,459.4539,12,nan,nan,nan
ROI_070/patch_135,2,170.2358,177.2144,198.1159,179.1146,171.5406,176.8450,nan,nan,0,nan,nan,nan
ROI_070/patch_135,3,475.2745,16.9517,474.0155,17.2231,476.6244,17.0142,481.7137,17.0060,8,nan,nan,nan
ROI_070/patch_135,4,307.2884,118.6588,330.3653,115.2700,309.0028,118.5242,332.8981,118.4628,5,nan,nan,nan
ROI_070/patch_135,5,430.5266,410.4851,441.3332,412.4511,442.5825,411.6083,440.2827,411.4205,8,nan,nan,nan
ROI_070/patch_135,6,130.1968,74.7289,176.0744,74.9872,127.9197,73.9275,174.8693,75.4815,12,nan,nan,nan
ROI_070/patch_135,7,176.9266,358.1312,185.9551,360.7675,183.5719,358.3315,nan,nan,2,nan,nan,nan
ROI_070/patch_137,0,357.7273,67.3866,324.2849,67.3866,326.7310,67.4278,325.2236,67.2520,8,nan,nan,nan
ROI_070/patch_137,1,409.4109,461.0946,398.7702,461.0946,401.1917,461.3548,402.6775,461.5927,6,nan,nan,nan
ROI_070/patch_137,2,60.2124,192.4037,71.9470,194.3157,69.4176,192.7097,72.4816,192.9182,10,nan,nan,nan
ROI_070/patch_137,3,140.9128,322.7602,150.9926,319.7246,150.9814,323.0992,147.8474,322.4873,10,nan,nan,nan
ROI_070/patch_137,4,82.6004,349.2662,93.9885,349.3667,100.6918,349.6583,95.6298,349.6453,10,nan,nan,nan
ROI_070/patch_137,5,377.2550,487.9057,372.9283,488.4565,374.3335,488.2030,370.8162,487.5963,9,nan,nan,nan
ROI_070/patch_137,6,466.1777,84.5162,421.5718,84.8679,425.0190,84.5008,421.6503,84.4609,4,nan,nan,nan
ROI_070/patch_137,7,463.6319,16.0181,422.1418,15.5130,417.8335,15.9606,424.4603,15.5304,8,nan,nan,nan
ROI_070/patch_151,0,81.0676,290.0825,187.4752,288.5623,190.1068,290.9121,183.5892,291.1389,7,nan,nan,nan
ROI_070/patch_151,1,196.5958,203.4363,297.6830,206.4765,306.7159,205.3776,nan,nan,1,nan,nan,nan
ROI_070/patch_151,2,196.7407,487.7835,299.2031,489.9767,298.5489,488.9413,299.1024,489.4766,10,nan,nan,nan
ROI_070/patch_151,3,119.3249,415.2024,226.2379,417.0115,224.2269,415.9758,nan,nan,0,nan,nan,nan
ROI_070/patch_151,4,324.7623,477.9315,404.0906,480.0960,425.2501,480.0836,407.4143,479.1430,10,nan,nan,nan
ROI_070/patch_151,5,308.2311,250.2630,382.8090,251.3197,415.5802,252.9183,nan,nan,1,nan,nan,nan
ROI_070/patch_151,6,447.3755,229.3419,502.8976,232.3184,553.5880,233.1058,nan,nan,0,nan,nan,nan
ROI_070/patch_151,7,18.3553,229.4291,138.8317,232.3184,129.9550,229.9525,126.9784,229.9308,7,nan,nan,nan
ROI_070/patch_151,8,10.0195,183.8918,131.2312,186.7151,123.0547,184.4778,nan,nan,2,nan,nan,nan
ROI_070/patch_152,0,47.6252,341.7661,100.0690,341.7661,96.0948,342.2485,93.0482,341.5565,9,nan,nan,nan
ROI_070/patch_152,1,299.9632,174.5543,327.3251,173.7942,316.1991,174.6464,331.5208,174.3766,11,nan,nan,nan
ROI_070/patch_152,2,364.9335,52.3441,416.2514,52.1856,369.7351,52.2967,416.1996,53.2013,3,nan,nan,nan
ROI_070/patch_152,3,96.1517,225.5374,146.8123,218.8274,135.0927,225.9033,141.1373,225.0778,7,nan,nan,nan
ROI_070/patch_152,4,268.2896,460.9163,299.5762,461.5525,299.0819,461.1882,300.9310,462.1423,4,nan,nan,nan
ROI_070/patch_152,5,341.0290,224.7644,358.3080,222.4893,355.0855,224.8312,354.2439,224.5264,9,nan,nan,nan
ROI_070/patch_152,6,327.1038,12.4670,389.7419,15.6873,334.1654,12.4461,nan,nan,0,nan,nan,nan
ROI_070/patch_152,7,4.1586,260.8232,63.8219,261.3681,53.8340,261.3187,nan,nan,2,nan,nan,nan
ROI_070/patch_155,0,162.3934,306.0436,240.6789,312.1240,226.9596,306.7196,233.1653,307.4034,5,nan,nan,nan
ROI_070/patch_155,1,252.8398,418.5316,310.6039,420.0517,309.7153,419.1449,310.8383,419.0373,12,nan,nan,nan
ROI_070/patch_155,2,391.3206,430.8973,453.4941,428.4123,454.3960,431.5906,454.7084,431.4925,8,nan,nan,nan
ROI_070/patch_155,3,336.9768,277.5903,415.4914,279.4417,414.3114,278.4157,413.5619,278.2992,12,nan,nan,nan
ROI_070/patch_155,4,419.4303,231.8630,505.9378,232.3184,506.4258,232.7945,nan,nan,0,nan,nan,nan
ROI_070/patch_155,5,30.8941,201.7090,106.1494,201.1561,99.9841,202.4111,101.5981,202.5851,11,nan,nan,nan
ROI_070/patch_155,6,191.6184,469.6721,231.5583,470.2152,239.3881,470.1878,236.2937,469.8292,10,nan,nan,nan
ROI_070/patch_155,7,364.9523,159.0136,438.2930,158.5931,457.1530,159.9884,435.7692,160.2705,9,nan,nan,nan
ROI_070/patch_157,0,144.1521,398.0101,180.6347,398.7702,179.8889,398.5677,181.7650,398.3006,11,nan,nan,nan
ROI_070/patch_157,1,334.9256,354.6870,365.3278,355.4471,361.7503,355.1875,360.8705,355.7066,13,nan,nan,nan
ROI_070/patch_157,2,345.7990,258.3555,375.2085,259.6803,369.4511,258.2976,377.5093,259.1691,10,nan,nan,nan
ROI_070/patch_157,3,269.9686,119.8487,319.7246,121.3505,292.7425,118.8928,321.1131,120.5066,10,nan,nan,nan
ROI_070/patch_157,4,168.0384,45.8648,237.6387,46.8652,192.8166,44.3651,238.4224,46.9025,10,nan,nan,nan
ROI_070/patch_157,5,455.8529,43.6594,504.4177,44.5850,468.9785,42.4468,nan,nan,0,nan,nan,nan
ROI_070/patch_157,6,239.8217,246.5090,279.2517,247.8995,267.4052,246.2706,278.7808,247.4409,11,nan,nan,nan
ROI_070/patch_157,7,486.2620,324.8430,502.6959,328.4889,506.1453,325.3247,nan,nan,0,nan,nan,nan
ROI_070/patch_158,0,226.9980,184.4350,251.3197,184.4350,251.5766,184.4973,251.8941,184.4745,12,nan,nan,nan
ROI_070/patch_158,1,192.7955,328.0852,210.2768,324.2849,212.4983,328.2977,211.4634,326.9720,9,nan,nan,nan
ROI_070/patch_158,2,140.7318,439.5033,160.1132,439.8131,157.3983,439.8405,159.8458,440.1325,11,nan,nan,nan
ROI_070/patch_158,3,396.6919,212.6580,419.2916,215.5972,415.1620,212.6927,416.6369,213.1432,10,nan,nan,nan
ROI_070/patch_158,4,424.4402,148.8563,454.2541,150.2325,444.7092,148.8202,451.2923,148.8917,10,nan,nan,nan
ROI_070/patch_158,5,167.4020,88.5110,199.6360,90.9483,197.6433,88.4998,199.0142,88.7658,10,nan,nan,nan
ROI_070/patch_158,6,41.5774,149.3039,77.2673,149.4725,73.0062,149.3923,79.7761,149.2702,10,nan,nan,nan
ROI_070/patch_158,7,434.4147,473.7959,444.3734,476.2957,441.1045,474.0712,442.1998,475.0663,8,nan,nan,nan
ROI_070/patch_159,0,286.2822,293.8827,280.2018,295.4028,286.1376,294.3801,280.6679,294.6894,10,nan,nan,nan
ROI_070/patch_159,1,126.6709,379.7688,125.9108,379.7688,126.6483,380.0698,127.0931,380.6519,12,nan,nan,nan
ROI_070/patch_159,2,492.2410,72.7770,491.4968,74.2271,491.9484,73.4000,491.7741,73.5472,7,nan,nan,nan
ROI_070/patch_159,3,119.7284,103.0218,116.7901,100.8290,119.7349,102.9888,119.8446,101.6808,10,nan,nan,nan
ROI_070/patch_159,4,71.0577,285.9624,70.4269,287.8023,71.0882,286.0514,71.0359,286.2816,10,nan,nan,nan
ROI_070/patch_159,5,235.1120,414.7668,235.3586,416.2514,234.9986,415.3095,235.0209,415.3484,13,nan,nan,nan
ROI_070/patch_159,6,163.4495,502.3883,165.4336,502.1375,163.3867,502.8997,nan,nan,2,nan,nan,nan
ROI_070/patch_159,7,338.9060,23.7658,341.7661,24.8236,338.7418,24.0475,333.1120,24.2619,5,nan,nan,nan
ROI_070/patch_160,0,115.2700,106.9094,134.2714,109.9497,130.0950,107.1621,134.4399,108.3824,10,nan,nan,nan
ROI_070/patch_160,1,81.8277,192.0355,91.7084,192.7955,95.0923,192.3078,94.5599,192.8476,9,nan,nan,nan
ROI_070/patch_160,2,256.6076,505.2502,255.1200,505.1777,272.0826,506.0036,nan,nan,0,nan,nan,nan
ROI_070/patch_160,3,22.4925,388.3766,27.8638,391.1696,32.6334,388.7186,34.3801,388.9133,9,nan,nan,nan
ROI_070/patch_160,4,114.3909,443.7599,124.3907,442.8533,126.5511,444.2707,121.3944,444.0769,10,nan,nan,nan
ROI_070/patch_160,5,414.3466,333.4848,429.9324,331.8854,435.3797,334.3225,nan,nan,0,nan,nan,nan
ROI_070/patch_160,6,318.0968,455.4269,321.2447,456.5343,335.6041,456.2264,323.9748,456.3270,11,nan,nan,nan
ROI_070/patch_160,7,262.0226,217.2037,278.4916,219.5874,279.9007,217.7427,280.6636,218.6032,9,nan,nan,nan
ROI_070/patch_161,0,340.2460,222.4377,348.6066,221.6776,344.5666,222.6965,346.4482,222.8239,10,nan,nan,nan
ROI_070/patch_161,1,464.8949,312.8841,459.5745,312.1240,462.1602,313.0854,459.3230,312.9745,8,nan,nan,nan
ROI_070/patch_161,2,487.7262,63.4632,487.6965,61.3062,486.8484,63.5766,487.7374,63.5035,10,nan,nan,nan
ROI_070/patch_161,3,277.7851,95.1789,289.3224,96.2687,286.6110,95.4426,284.9188,95.9177,11,nan,nan,nan
ROI_070/patch_161,4,46.6708,139.2526,69.6668,139.5918,66.0707,139.6844,66.4889,139.6980,6,nan,nan,nan
ROI_070/patch_161,5,144.3487,257.5631,155.5529,257.4001,157.6584,257.9638,151.4933,257.6346,7,nan,nan,nan
ROI_070/patch_161,6,413.5462,468.0249,410.9310,467.9351,411.4401,468.3059,412.7645,468.4095,11,nan,nan,nan
ROI_070/patch_161,7,460.0509,408.5368,452.7340,409.4109,456.4164,408.7692,453.2535,409.0096,11,nan,nan,nan
ROI_070/patch_163,0,387.0150,109.9235,373.1742,111.4614,376.9681,110.2664,379.2119,110.4807,11,nan,nan,nan
ROI_070/patch_163,1,422.3859,42.2574,413.1587,41.4885,412.5667,42.5910,415.2272,42.8774,8,nan,nan,nan
ROI_070/patch_163,2,394.0127,315.9703,377.7878,317.5355,380.7692,316.3750,380.5419,316.3457,12,nan,nan,nan
ROI_070/patch_163,3,208.5779,485.7527,204.0089,485.9318,196.8729,486.1522,202.7431,486.1563,10,nan,nan,nan
ROI_070/patch_163,4,64.1617,186.6806,60.9873,186.0479,60.0265,186.9511,57.8515,186.9711,9,nan,nan,nan
ROI_070/patch_163,5,14.6980,269.1184,5.6241,270.6306,10.4244,269.3983,8.0736,269.9507,4,nan,nan,nan
ROI_070/patch_163,6,282.4321,313.6983,268.5993,314.4597,271.6571,314.0696,269.9384,314.0573,9,nan,nan,nan
ROI_070/patch_163,7,302.1743,61.9855,296.2808,63.0186,294.6871,62.2896,295.4174,62.0779,11,nan,nan,nan
ROI_070/patch_164,0,363.1780,256.7898,343.1858,256.7898,343.4341,257.2076,343.9534,257.1576,10,nan,nan,nan
ROI_070/patch_164,1,257.8342,206.8091,241.6866,208.3470,244.3189,207.0985,239.8141,206.9197,11,nan,nan,nan
ROI_070/patch_164,2,264.7231,429.2089,243.2245,428.2619,240.9087,429.7537,239.7664,429.6857,7,nan,nan,nan
ROI_070/patch_164,3,466.3119,478.5530,430.0752,478.2425,432.6681,479.2913,433.5118,478.8554,8,nan,nan,nan
ROI_070/patch_164,4,431.8224,364.3731,407.0072,367.5161,404.6334,364.9591,405.5819,365.7147,11,nan,nan,nan
ROI_070/patch_164,5,70.2415,277.3498,62.5252,278.3199,60.6160,277.5905,62.7607,277.5235,10,nan,nan,nan
ROI_070/patch_164,6,66.1641,354.6928,54.8358,355.2132,53.2010,355.0178,53.5421,355.1245,13,nan,nan,nan
ROI_070/patch_164,7,434.3926,85.6657,420.8480,88.3934,419.6879,85.9394,421.2474,86.0180,12,nan,nan,nan
ROI_070/patch_167,0,381.7726,33.7156,348.0457,32.8280,348.0361,33.6045,349.4612,32.9562,12,nan,nan,nan
ROI_070/patch_167,1,398.6361,183.7116,352.4835,184.5991,353.9236,183.6791,354.1597,183.6924,12,nan,nan,nan
ROI_070/patch_167,2,342.4248,210.5059,303.6682,212.1132,299.4820,210.5428,298.6296,211.0363,10,nan,nan,nan
ROI_070/patch_167,3,312.6999,141.0622,274.3790,141.9967,276.2192,141.0832,274.5170,140.9683,10,nan,nan,nan
ROI_070/patch_167,4,365.6196,373.6920,299.6742,373.8692,310.4302,373.8098,301.4564,372.9151,10,nan,nan,nan
ROI_070/patch_167,5,135.4250,14.4447,114.1624,16.5609,118.4791,14.5516,116.0863,15.4134,7,nan,nan,nan
ROI_070/patch_167,6,422.9944,108.4640,384.8726,108.8480,381.7210,108.3614,378.1434,108.8637,8,nan,nan,nan
ROI_070/patch_167,7,460.1598,317.5510,397.0321,316.6570,402.7260,317.5452,396.5731,317.3571,7,nan,nan,nan
ROI_071/patch_0,0,388.1294,97.0287,371.4082,97.0287,369.8780,97.7227,373.9732,97.5743,10,nan,nan,nan
ROI_071/patch_0,1,493.7769,228.5181,464.8949,230.0382,472.8929,229.2962,467.5929,229.3291,7,nan,nan,nan
ROI_071/patch_0,2,239.9891,78.8976,226.2379,81.0676,226.9795,79.5273,227.6565,78.9163,12,nan,nan,nan
ROI_071/patch_0,3,291.9107,353.9263,277.1615,353.9270,279.5693,354.6656,278.6983,355.0100,12,nan,nan,nan
ROI_071/patch_0,4,33.3896,358.8028,30.1440,361.5275,30.5361,359.4418,32.3144,359.8954,10,nan,nan,nan
ROI_071/patch_0,5,175.4513,436.8242,169.9939,438.2930,168.1366,437.5445,168.8840,438.1309,12,nan,nan,nan
ROI_071/patch_0,6,423.9372,495.0806,407.8908,495.2970,408.0898,495.9176,405.8671,496.1984,6,nan,nan,nan
ROI_071/patch_0,7,122.5427,111.5078,112.9899,113.7499,114.1269,112.1018,114.4502,112.6960,9,nan,nan,nan
ROI_071/patch_1,0,159.3532,52.9456,147.9524,54.4657,150.9404,53.6032,151.6282,54.0694,11,nan,nan,nan
ROI_071/patch_1,1,33.9443,212.5570,25.5837,213.3170,31.9221,213.3494,25.6267,213.3007,10,nan,nan,nan
ROI_071/patch_1,2,287.2933,351.9444,275.6414,355.4471,276.0227,353.0980,279.1121,353.4028,6,nan,nan,nan
ROI_071/patch_1,3,502.4609,418.9144,480.8560,419.2916,482.9281,420.3043,nan,nan,2,nan,nan,nan
ROI_071/patch_1,4,351.7087,490.4399,336.4457,493.0169,338.9038,491.8268,338.0742,491.5666,8,nan,nan,nan
ROI_071/patch_1,5,165.1984,477.4930,163.1534,478.5758,159.9130,478.7369,161.8306,479.4572,6,nan,nan,nan
ROI_071/patch_1,6,362.1620,97.8298,346.3265,99.3089,345.8169,98.6850,348.1152,98.8203,9,nan,nan,nan
ROI_071/patch_1,7,289.9615,20.3824,277.1615,22.5435,275.9529,21.0830,278.0363,20.7218,10,nan,nan,nan
ROI_071/patch_2,0,444.3734,132.7513,427.6522,135.7915,426.7853,133.4157,426.4224,134.4122,10,nan,nan,nan
ROI_071/patch_2,1,451.2139,203.4363,432.9726,203.4363,434.6142,204.0826,432.4937,203.3755,11,nan,nan,nan
ROI_071/patch_2,2,314.6073,260.7894,306.8036,262.7205,306.1672,261.3994,307.1832,261.6444,10,nan,nan,nan
ROI_071/patch_2,3,436.9530,415.1622,424.6120,415.4914,425.1125,415.7490,424.6927,415.1428,11,nan,nan,nan
ROI_071/patch_2,4,192.9612,127.2776,186.7151,127.4309,188.2815,127.9053,191.8313,127.8945,5,nan,nan,nan
ROI_071/patch_2,5,69.7398,17.9325,73.4671,17.2231,69.3610,18.5711,70.1075,17.9325,10,nan,nan,nan
ROI_071/patch_2,6,238.1431,433.6153,233.8385,436.0128,236.9429,434.1668,237.5156,434.6323,10,nan,nan,nan
ROI_071/patch_2,7,99.4351,377.4185,100.8290,379.0088,104.3467,377.9642,104.1307,378.4469,11,nan,nan,nan
ROI_071/patch_3,0,173.7942,184.4350,164.6735,187.4752,165.5294,185.1985,166.4505,185.6891,10,nan,nan,nan
ROI_071/patch_3,1,278.6816,160.1132,267.2808,161.6333,266.7347,161.0012,272.0454,161.1850,11,nan,nan,nan
ROI_071/patch_3,2,391.3022,340.9269,381.2889,342.5262,378.1058,341.7243,379.7430,342.6618,10,nan,nan,nan
ROI_071/patch_3,3,57.5968,29.2066,53.7057,29.3839,51.0305,30.0296,55.9715,30.1609,12,nan,nan,nan
ROI_071/patch_3,4,311.4891,32.6359,296.9229,33.1842,296.8240,33.6926,298.4998,33.6663,11,nan,nan,nan
ROI_071/patch_3,5,410.8561,215.0118,392.6897,216.3572,395.3871,215.9639,396.2217,215.9726,11,nan,nan,nan
ROI_071/patch_3,6,273.6112,369.3463,263.4806,370.6482,264.5611,370.0030,265.4039,370.1992,12,nan,nan,nan
ROI_071/patch_3,7,33.0833,412.3258,30.9040,413.2112,32.3099,412.7110,33.1841,411.8889,8,nan,nan,nan
ROI_071/patch_4,0,196.5958,28.6239,197.3559,31.6641,196.8725,28.8533,196.5450,29.0934,12,nan,nan,nan
ROI_071/patch_4,1,358.4873,236.1186,352.4069,236.1186,355.0999,236.2285,351.3697,236.8947,10,nan,nan,nan
ROI_071/patch_4,2,251.8889,478.4848,262.7205,479.3359,260.1058,478.3619,263.5116,477.9446,11,nan,nan,nan
ROI_071/patch_4,3,246.5937,92.6471,248.2795,90.9483,245.7374,92.8397,246.1005,92.9191,12,nan,nan,nan
ROI_071/patch_4,4,479.1733,132.9339,466.4150,131.2312,466.8003,133.1666,467.3795,133.1108,8,nan,nan,nan
ROI_071/patch_4,5,47.5441,294.6690,61.3062,295.4028,62.2799,294.6328,61.9804,294.9148,8,nan,nan,nan
ROI_071/patch_4,6,106.2838,435.6372,124.3907,435.2528,121.2832,435.5037,125.6186,435.9931,11,nan,nan,nan
ROI_071/patch_4,7,177.6535,248.5703,181.3947,250.5596,184.2821,248.6130,182.8670,248.5725,9,nan,nan,nan
ROI_071/patch_5,0,408.6509,27.8638,394.2099,31.6641,390.5963,28.6169,395.2634,28.7726,11,nan,nan,nan
ROI_071/patch_5,1,420.0517,410.9310,416.2514,412.4511,411.8013,411.7192,413.7265,411.6585,11,nan,nan,nan
ROI_071/patch_5,2,167.1962,301.4609,172.2741,303.0034,170.6379,301.9003,172.3762,301.0277,9,nan,nan,nan
ROI_071/patch_5,3,483.0846,307.5417,475.5356,307.5637,468.3491,308.4101,476.1930,308.0840,11,nan,nan,nan
ROI_071/patch_5,4,370.0788,276.3098,361.5275,277.9216,361.0521,277.0232,359.1181,277.4150,8,nan,nan,nan
ROI_071/patch_5,5,307.4784,447.7305,303.7634,451.2139,306.7705,448.3677,306.4267,448.2537,9,nan,nan,nan
ROI_071/patch_5,6,175.9569,179.2577,175.7893,181.2047,175.5510,179.7028,176.7737,179.4212,11,nan,nan,nan
ROI_071/patch_5,7,45.9366,189.8986,49.7367,190.0560,53.3716,190.1677,51.1256,190.4500,9,nan,nan,nan
ROI_071/patch_6,0,340.2460,191.2754,358.4873,190.5154,358.0450,191.0413,359.3097,192.0353,9,nan,nan,nan
ROI_071/patch_6,1,406.3707,460.3345,433.7327,460.3345,438.8313,460.1896,433.2308,460.3236,9,nan,nan,nan
ROI_071/patch_6,2,472.9507,496.2440,495.2970,495.2970,503.2310,496.2138,nan,nan,2,nan,nan,nan
ROI_071/patch_6,3,119.8157,363.8691,164.2935,363.4277,165.8483,363.2243,165.2208,363.1914,12,nan,nan,nan
ROI_071/patch_6,4,224.9317,36.8272,230.9883,36.7945,239.8557,36.4042,234.4114,36.3252,8,nan,nan,nan
ROI_071/patch_6,5,70.3263,49.0981,92.8484,49.5254,97.2099,48.3986,95.9758,48.1882,11,nan,nan,nan
ROI_071/patch_6,6,249.1662,193.9574,273.5513,194.3157,273.6829,193.5608,273.9847,194.2647,9,nan,nan,nan
ROI_071/patch_6,7,477.4627,184.6601,481.2729,186.1352,484.9555,184.6710,nan,nan,1,nan,nan,nan
ROI_071/patch_7,0,325.0449,160.1132,322.7648,158.5931,322.7623,160.6546,324.0372,159.8973,7,nan,nan,nan
ROI_071/patch_7,1,180.6347,451.9740,195.0757,449.6938,200.4528,451.7820,198.6014,451.5791,9,nan,nan,nan
ROI_071/patch_7,2,285.7891,385.8969,296.9229,386.6093,295.5977,385.9862,297.9031,386.1593,13,nan,nan,nan
ROI_071/patch_7,3,153.5097,174.9045,163.1534,176.8344,163.6921,175.1477,164.5608,175.3353,10,nan,nan,nan
ROI_071/patch_7,4,149.4468,484.5575,170.7540,485.4163,172.7731,484.2597,169.6976,484.7660,10,nan,nan,nan
ROI_071/patch_7,5,127.4189,396.5606,149.4725,398.0101,148.6116,396.3797,151.6622,396.0782,7,nan,nan,nan
ROI_071/patch_7,6,484.8454,194.0740,467.9351,194.6957,472.9337,194.8109,471.5499,194.7468,13,nan,nan,nan
ROI_071/patch_7,7,457.0826,90.8469,443.9934,90.9483,442.8007,91.7178,443.6378,92.2854,11,nan,nan,nan
ROI_071/patch_8,0,414.9213,350.8868,456.5343,350.8868,455.9596,350.8406,454.4420,350.7091,11,nan,nan,nan
ROI_071/patch_8,1,320.2946,208.9467,366.0404,207.2366,363.8212,208.7432,365.3334,208.6747,11,nan,nan,nan
ROI_071/patch_8,2,102.0419,65.7111,153.8202,65.6996,157.3417,64.9027,157.8431,64.7069,8,nan,nan,nan
ROI_071/patch_8,3,169.2843,149.0508,224.7381,146.9173,222.2416,148.3772,221.2255,148.2182,3,nan,nan,nan
ROI_071/patch_8,4,378.8215,93.2625,411.0711,94.7511,414.1416,93.4239,411.6782,93.4968,11,nan,nan,nan
ROI_071/patch_8,5,155.6011,101.2905,208.9813,101.6616,208.0258,100.6299,207.8051,100.5293,6,nan,nan,nan
ROI_071/patch_8,6,400.9945,444.7213,442.1838,443.9372,446.1583,444.5012,nan,nan,2,nan,nan,nan
ROI_071/patch_8,7,469.1369,483.6971,508.8384,482.7001,510.4366,483.6734,nan,nan,0,nan,nan,nan
ROI_071/patch_9,0,391.1696,65.8665,392.6422,66.2941,391.0776,66.1877,392.5428,65.9593,7,nan,nan,nan
ROI_071/patch_9,1,384.0808,433.0972,399.2458,431.8132,399.0296,433.2220,397.4996,433.3215,11,nan,nan,nan
ROI_071/patch_9,2,414.7794,343.2971,422.8905,344.3974,423.5390,343.4995,426.0674,343.2958,11,nan,nan,nan
ROI_071/patch_9,3,32.1650,308.2542,80.7241,310.2050,72.7203,308.0844,81.9000,307.4525,8,nan,nan,nan
ROI_071/patch_9,4,93.7410,193.6403,130.4832,194.3029,124.4552,193.5923,131.3684,193.2882,12,nan,nan,nan
ROI_071/patch_9,5,471.9999,143.2501,473.1833,144.5439,467.9398,143.6139,472.7632,144.6692,13,nan,nan,nan
ROI_071/patch_9,6,28.4134,110.7805,65.4018,110.8351,61.5363,110.7085,66.7817,110.1910,12,nan,nan,nan
ROI_071/patch_9,7,114.6467,327.8535,154.9508,327.9892,148.8208,327.7577,157.8962,328.3764,8,nan,nan,nan
ROI_071/patch_15,0,112.2298,68.1467,155.5529,68.1467,149.6695,67.6737,151.5384,68.1411,8,nan,nan,nan
ROI_071/patch_15,1,186.7151,353.9270,209.5167,354.6870,215.4977,353.7381,212.5056,354.2382,10,nan,nan,nan
ROI_071/patch_15,2,405.9677,344.2164,408.6509,344.8063,413.8839,344.4188,412.7352,343.8085,13,nan,nan,nan
ROI_071/patch_15,3,387.8771,158.5167,399.5302,158.5931,398.5267,158.5893,395.5513,157.8565,11,nan,nan,nan
ROI_071/patch_15,4,489.3538,194.2043,491.4968,191.2754,490.1278,194.4790,490.8208,194.0772,6,nan,nan,nan
ROI_071/patch_15,5,23.9069,224.6932,64.3464,224.7178,68.9243,224.1423,68.0754,224.7862,10,nan,nan,nan
ROI_071/patch_15,6,22.3568,330.5732,66.6266,328.8452,66.9476,330.0749,61.5199,330.5477,10,nan,nan,nan
ROI_071/patch_15,7,100.1198,419.2959,126.6709,418.5316,136.8099,418.9846,131.8743,417.8448,12,nan,nan,nan
ROI_071/patch_16,0,36.9845,156.3130,90.9483,154.0328,89.0605,155.4614,88.9648,155.6408,12,nan,nan,nan
ROI_071/patch_16,1,43.8250,426.8922,84.8679,424.6120,87.0527,426.1544,83.7198,425.7637,12,nan,nan,nan
ROI_071/patch_16,2,16.7309,337.6310,64.3464,335.6857,65.3183,336.8052,62.6985,337.3983,10,nan,nan,nan
ROI_071/patch_16,3,260.8043,157.8094,285.5221,155.5529,290.8405,157.4144,292.6799,156.7061,3,nan,nan,nan
ROI_071/patch_16,4,362.4185,58.3236,387.1160,57.6960,385.4753,58.0988,387.8631,58.1265,7,nan,nan,nan
ROI_071/patch_16,5,441.1343,197.0017,449.4404,198.0565,452.2654,196.9884,448.2735,196.4581,9,nan,nan,nan
ROI_071/patch_16,6,452.6644,126.8327,460.9910,126.2183,464.7827,126.8170,459.9771,126.5735,10,nan,nan,nan
ROI_071/patch_16,7,382.2580,387.2111,390.2602,389.6943,393.4273,387.1481,389.2448,387.8894,9,nan,nan,nan
ROI_071/patch_17,0,446.6536,412.4511,441.9982,412.8312,441.8227,412.5385,441.5303,412.4548,11,nan,nan,nan
ROI_071/patch_17,1,473.1605,376.5386,465.9399,376.9186,467.5326,376.6598,466.8349,375.7369,10,nan,nan,nan
ROI_071/patch_17,2,117.0766,451.9980,132.5745,451.2296,130.2176,451.8579,135.0862,451.8992,12,nan,nan,nan
ROI_071/patch_17,3,77.7891,278.8170,96.7490,280.9481,96.5966,278.7343,96.4258,279.8289,12,nan,nan,nan
ROI_071/patch_17,4,389.1518,303.0476,387.2269,303.1459,389.7606,303.1505,388.5847,303.7130,10,nan,nan,nan
ROI_071/patch_17,5,254.0153,86.1518,265.8557,87.0530,266.6113,86.2722,266.1307,86.1438,12,nan,nan,nan
ROI_071/patch_17,6,130.6133,107.1961,145.6824,109.9633,149.8147,107.2284,144.4838,107.4608,10,nan,nan,nan
ROI_071/patch_17,7,361.2860,40.0734,368.6751,40.1672,368.6904,40.2836,373.0545,39.7442,12,nan,nan,nan
ROI_071/patch_18,0,263.4806,328.8452,271.1761,328.2277,271.6066,328.2660,271.0578,328.0115,8,nan,nan,nan
ROI_071/patch_18,1,129.5164,197.1189,150.9094,195.6453,151.2075,196.3279,149.4029,195.5247,11,nan,nan,nan
ROI_071/patch_18,2,404.4481,324.5060,401.9347,328.2920,402.2124,324.1189,403.8472,325.1430,8,nan,nan,nan
ROI_071/patch_18,3,51.8836,258.7277,74.2898,257.9655,77.6603,257.8435,77.1875,257.6806,10,nan,nan,nan
ROI_071/patch_18,4,390.2550,28.2191,398.6804,28.5350,397.1836,27.7492,397.0716,28.6644,10,nan,nan,nan
ROI_071/patch_18,5,135.6865,412.7173,152.8318,412.1436,151.0181,411.9809,148.5713,412.3676,11,nan,nan,nan
ROI_071/patch_18,6,230.8002,404.6114,240.1447,403.7921,239.2823,404.0036,238.5822,403.5436,10,nan,nan,nan
ROI_071/patch_18,7,369.4936,407.6275,367.6134,407.1225,367.5817,407.2104,369.1454,406.0062,12,nan,nan,nan
ROI_071/patch_19,0,322.6223,274.5964,320.9121,273.7413,320.9806,274.9937,322.0029,274.7639,11,nan,nan,nan
ROI_071/patch_19,1,370.5057,331.8854,364.5202,331.8854,366.7238,332.3024,365.6268,332.1347,11,nan,nan,nan
ROI_071/patch_19,2,399.9570,186.8682,390.5224,184.9917,395.6725,187.3353,393.7081,187.1934,11,nan,nan,nan
ROI_071/patch_19,3,215.7716,197.1460,215.9556,194.6170,218.6781,197.4889,217.2173,198.0556,11,nan,nan,nan
ROI_071/patch_19,4,37.8034,258.3108,46.0337,257.4291,47.4269,258.5230,44.7678,258.7289,10,nan,nan,nan
ROI_071/patch_19,5,435.3692,69.9431,430.0312,70.4817,430.2210,70.4582,428.7020,69.9246,10,nan,nan,nan
ROI_071/patch_19,6,81.5540,426.7498,92.8026,426.9288,88.6980,426.9554,93.3552,426.3289,8,nan,nan,nan
ROI_071/patch_19,7,123.9597,112.5063,135.3363,112.8780,130.8560,112.8063,133.8665,112.5562,10,nan,nan,nan
ROI_071/patch_20,0,255.8800,335.6857,246.7594,333.4055,250.9354,335.5238,248.5698,336.0692,11,nan,nan,nan
ROI_071/patch_20,1,144.1521,362.2876,138.7486,360.6368,142.5648,362.0548,138.4335,361.4511,12,nan,nan,nan
ROI_071/patch_20,2,329.8740,430.3207,323.7218,429.3623,321.8620,430.2591,323.1834,430.8612,10,nan,nan,nan
ROI_071/patch_20,3,251.8776,69.8749,256.0845,68.7054,249.0588,69.5838,253.1883,69.2636,7,nan,nan,nan
ROI_071/patch_20,4,122.8852,441.5386,119.6922,441.8080,121.3792,441.3276,122.1675,441.0996,9,nan,nan,nan
ROI_071/patch_20,5,254.1541,417.2075,244.4718,416.0507,248.6516,417.0831,247.4135,416.3121,11,nan,nan,nan
ROI_071/patch_20,6,180.6864,16.0697,184.3202,15.6030,180.5388,15.6998,186.7732,15.7778,8,nan,nan,nan
ROI_071/patch_20,7,27.4173,119.7196,38.6584,118.2101,31.3704,119.2845,39.5149,119.1562,11,nan,nan,nan
ROI_071/patch_21,0,207.2366,201.9162,206.9040,200.7761,206.9096,202.4899,206.6843,202.2304,12,nan,nan,nan
ROI_071/patch_21,1,460.1952,250.3569,449.9599,249.9786,450.9757,250.9445,452.5540,250.6754,7,nan,nan,nan
ROI_071/patch_21,2,109.4675,405.4332,114.1300,406.9408,112.7978,405.9062,110.8210,406.3698,8,nan,nan,nan
ROI_071/patch_21,3,49.7859,170.2405,53.4422,172.0733,54.9925,170.8063,51.3617,170.6255,11,nan,nan,nan
ROI_071/patch_21,4,338.7408,433.2522,330.1674,434.4999,333.9953,433.7447,332.3763,434.3446,11,nan,nan,nan
ROI_071/patch_21,5,461.2691,57.5429,450.2094,57.0145,451.8205,58.2133,448.6846,58.7765,8,nan,nan,nan
ROI_071/patch_21,6,415.4587,140.4411,406.1514,141.6749,407.7115,141.0697,407.5713,141.3108,10,nan,nan,nan
ROI_071/patch_21,7,491.7180,448.6224,477.7529,450.0225,481.5808,449.1292,478.9478,449.9113,7,nan,nan,nan
ROI_071/patch_22,0,157.0730,158.5931,154.3653,159.4957,153.6181,158.1990,153.0014,158.4262,9,nan,nan,nan
ROI_071/patch_22,1,479.2760,32.0555,465.4329,31.6732,466.6252,31.8239,465.6814,31.2950,10,nan,nan,nan
ROI_071/patch_22,2,500.4914,141.2868,485.9906,139.1725,486.5064,141.1736,486.7636,142.0888,3,nan,nan,nan
ROI_071/patch_22,3,333.6855,216.5648,324.0992,217.5485,324.4007,216.3763,325.6511,216.4770,10,nan,nan,nan
ROI_071/patch_22,4,395.1126,406.1986,382.0256,403.9904,382.7498,406.2366,382.5489,405.6492,12,nan,nan,nan
ROI_071/patch_22,5,448.2062,495.2402,431.1901,495.1885,433.6469,495.4056,434.0895,495.1463,6,nan,nan,nan
ROI_071/patch_22,6,138.5561,329.3115,135.9959,328.8215,134.6167,329.0576,136.6489,329.5148,8,nan,nan,nan
ROI_071/patch_22,7,319.2758,495.7515,306.1393,495.4762,308.7070,495.8060,307.5305,496.0887,7,nan,nan,nan
ROI_071/patch_23,0,239.9189,141.1119,237.3537,140.1143,235.4203,140.8986,236.7877,140.2381,8,nan,nan,nan
ROI_071/patch_23,1,129.2255,278.4641,128.5642,276.1338,128.3333,278.3457,128.4073,278.5029,11,nan,nan,nan
ROI_071/patch_23,2,118.6059,178.3491,115.4277,176.7535,118.3780,178.1386,118.1093,178.4511,11,nan,nan,nan
ROI_071/patch_23,3,299.2052,319.4583,290.7711,317.8278,292.0674,319.4194,291.9551,319.0257,10,nan,nan,nan
ROI_071/patch_23,4,386.7181,409.8643,375.8726,409.2120,376.1700,409.9283,375.6486,408.8612,8,nan,nan,nan
ROI_071/patch_23,5,152.9963,442.1143,150.2679,440.6253,150.7871,442.1483,151.6534,441.9595,9,nan,nan,nan
ROI_071/patch_23,6,40.4583,442.3455,44.0338,441.7676,42.3073,442.3513,42.1342,442.5629,7,nan,nan,nan
ROI_071/patch_23,7,348.9071,26.0299,342.4013,25.8594,340.8010,25.7412,341.6899,25.3783,12,nan,nan,nan
ROI_071/patch_24,0,346.8965,101.2090,333.6430,101.2090,334.6770,100.9224,333.8308,101.3464,10,nan,nan,nan
ROI_071/patch_24,1,96.8150,380.5289,90.9721,380.1489,90.4667,380.2735,90.8127,379.9238,11,nan,nan,nan
ROI_071/patch_24,2,168.7632,321.4317,158.2368,320.8646,160.6443,321.1890,161.7344,321.9666,11,nan,nan,nan
ROI_071/patch_24,3,329.9282,355.0482,321.1130,354.3178,317.2070,355.0030,317.2681,354.6921,12,nan,nan,nan
ROI_071/patch_24,4,201.2172,501.9190,193.3673,501.8951,191.5058,501.8931,nan,nan,1,nan,nan,nan
ROI_071/patch_24,5,188.0162,33.8959,182.7700,34.5433,180.4647,33.3797,181.1732,33.0906,12,nan,nan,nan
ROI_071/patch_24,6,491.0091,238.9262,472.7624,238.4219,474.2617,238.9258,472.8974,238.9431,10,nan,nan,nan
ROI_071/patch_24,7,79.9561,334.8622,74.1298,332.5197,74.2508,334.5432,73.2164,334.1787,12,nan,nan,nan
ROI_071/patch_25,0,277.9216,182.9148,270.8911,183.2949,270.4208,182.8814,270.7318,182.8998,12,nan,nan,nan
ROI_071/patch_25,1,441.5232,211.9869,428.2223,210.0868,428.9375,211.9463,428.8057,211.6867,9,nan,nan,nan
ROI_071/patch_25,2,380.2577,395.5365,370.6482,397.0601,370.0161,395.4572,368.9505,396.1222,13,nan,nan,nan
ROI_071/patch_25,3,73.3575,60.6631,73.1828,60.9983,72.0205,60.6569,73.5707,59.9191,12,nan,nan,nan
ROI_071/patch_25,4,43.2849,323.9924,41.4924,323.9107,43.4903,323.9303,43.2763,324.4972,12,nan,nan,nan
ROI_071/patch_25,5,418.2261,117.5821,405.3444,117.3367,406.1603,117.5617,406.0323,117.2869,13,nan,nan,nan
ROI_071/patch_25,6,286.8368,451.6138,277.3640,452.3396,279.6631,451.5231,280.1864,451.4170,12,nan,nan,nan
ROI_071/patch_25,7,258.6773,24.4229,251.0986,22.6973,251.4239,24.4233,252.1336,23.5737,13,nan,nan,nan
ROI_071/patch_26,0,30.9040,310.6039,24.8236,309.0838,26.5823,310.3937,25.4353,309.4691,11,nan,nan,nan
ROI_071/patch_26,1,416.2514,273.3613,401.0503,273.3613,399.4751,273.4686,398.8162,273.2147,6,nan,nan,nan
ROI_071/patch_26,2,394.0648,506.9804,381.2889,507.4579,379.2761,506.9715,nan,nan,0,nan,nan,nan
ROI_071/patch_26,3,183.8424,299.7303,175.3143,299.3931,174.5991,299.6445,176.8610,299.5393,11,nan,nan,nan
ROI_071/patch_26,4,207.8624,89.7297,198.0790,88.3427,196.7028,89.7515,196.0319,89.7295,9,nan,nan,nan
ROI_071/patch_26,5,30.8530,181.7523,34.1133,177.2052,25.8256,181.5965,30.0759,181.2979,9,nan,nan,nan
ROI_071/patch_26,6,246.9936,156.4445,235.9356,155.2130,234.9562,156.4687,234.1115,156.5289,12,nan,nan,nan
ROI_071/patch_26,7,408.8595,96.3419,392.1777,97.6421,391.3465,96.5182,390.1446,97.2216,10,nan,nan,nan
ROI_071/patch_27,0,431.9320,101.6752,418.1044,102.8275,418.3272,101.6505,418.0983,102.3762,11,nan,nan,nan
ROI_071/patch_27,1,202.0481,90.1522,198.0150,89.5760,195.6663,89.9794,195.5800,89.9275,12,nan,nan,nan
ROI_071/patch_27,2,169.0217,275.1408,162.2937,276.2487,165.2144,274.9547,164.2571,274.7590,10,nan,nan,nan
ROI_071/patch_27,3,206.7676,295.9784,204.9288,294.1093,201.9304,295.8174,201.3788,296.4693,8,nan,nan,nan
ROI_071/patch_27,4,221.7583,348.6422,218.1803,350.5721,216.8775,348.4932,216.8880,348.9261,11,nan,nan,nan
ROI_071/patch_27,5,101.8559,182.0784,99.4934,182.3362,99.4205,181.8452,100.8658,181.9250,8,nan,nan,nan
ROI_071/patch_27,6,343.2420,65.6171,332.2580,64.8016,332.1636,65.5339,331.8553,64.9449,12,nan,nan,nan
ROI_071/patch_27,7,447.5172,449.7013,435.2052,449.5608,436.2819,449.7015,435.4459,448.9063,11,nan,nan,nan
ROI_071/patch_28,0,292.3626,214.0771,280.9618,211.0368,280.0056,213.8506,280.1758,212.6673,12,nan,nan,nan
ROI_071/patch_28,1,500.6174,74.2271,478.5758,72.7070,481.6052,73.9042,nan,nan,0,nan,nan,nan
ROI_071/patch_28,2,228.1991,98.2028,220.1575,97.0287,217.1569,97.8481,216.6126,97.8928,12,nan,nan,nan
ROI_071/patch_28,3,160.3520,210.8410,152.8927,207.6166,151.7883,210.5844,153.0947,210.6008,9,nan,nan,nan
ROI_071/patch_28,4,89.8043,94.8117,80.7651,94.5478,82.7390,94.4254,82.6571,94.1873,10,nan,nan,nan
ROI_071/patch_28,5,163.2055,416.0556,154.5259,415.4451,155.5093,416.0033,156.2975,415.7629,11,nan,nan,nan
ROI_071/patch_28,6,446.5702,138.4375,428.2771,137.1313,429.4144,138.1674,428.2391,138.6647,12,nan,nan,nan
ROI_071/patch_28,7,460.9753,282.8106,440.2538,281.4210,444.0721,282.6868,447.6283,282.5970,6,nan,nan,nan
ROI_071/patch_29,0,107.7600,167.3580,104.3381,166.2174,106.5767,167.1482,106.8939,166.5257,10,nan,nan,nan
ROI_071/patch_29,1,137.9867,434.8358,138.5570,433.6952,137.5039,434.8083,137.6202,433.8892,11,nan,nan,nan
ROI_071/patch_29,2,328.6561,132.0216,317.3561,129.8843,319.4034,131.8683,317.7057,131.6654,8,nan,nan,nan
ROI_071/patch_29,3,474.3870,309.2929,461.0450,309.4954,461.1401,309.3053,461.4635,309.0100,10,nan,nan,nan
ROI_071/patch_29,4,311.1199,373.7456,302.2919,373.2284,304.0911,373.7410,303.9708,372.8814,12,nan,nan,nan
ROI_071/patch_29,5,66.7262,84.9164,66.9652,84.2351,66.4520,84.6391,65.7135,84.0520,12,nan,nan,nan
ROI_071/patch_29,6,384.4704,366.1940,375.9570,368.5006,374.7899,366.2107,372.4409,366.4697,8,nan,nan,nan
ROI_071/patch_29,7,249.8332,59.9689,244.4091,60.3443,242.8989,59.7412,242.9654,59.1489,10,nan,nan,nan
ROI_071/patch_35,0,382.8918,365.9520,375.2842,367.4735,376.5174,365.7742,376.1686,365.8007,10,nan,nan,nan
ROI_071/patch_35,1,169.1171,456.4829,169.1171,455.7222,170.7303,456.1962,169.2665,456.1406,13,nan,nan,nan
ROI_071/patch_35,2,140.2395,388.6424,141.7296,387.2534,142.0520,388.4559,140.6307,388.1185,11,nan,nan,nan
ROI_071/patch_35,3,65.3607,430.4826,74.0216,428.3347,70.0823,430.2434,72.5253,429.4701,11,nan,nan,nan
ROI_071/patch_35,4,32.0578,346.7841,33.7011,344.6506,36.9493,346.6683,38.0046,346.6429,9,nan,nan,nan
ROI_071/patch_35,5,465.9101,414.5710,457.4467,415.4017,457.3541,414.3153,457.7756,414.4689,8,nan,nan,nan
ROI_071/patch_35,6,482.8365,169.5643,474.9443,165.1103,471.0352,169.6586,471.0431,169.5259,12,nan,nan,nan
ROI_071/patch_35,7,362.4304,278.4194,353.9828,273.8995,355.7637,278.3693,356.0085,278.1030,10,nan,nan,nan
ROI_071/patch_36,0,303.0116,71.5363,294.6432,71.5363,296.1819,71.3254,290.2670,72.0825,10,nan,nan,nan
ROI_071/patch_36,1,16.2035,290.6363,16.9643,287.5933,10.2507,290.4171,15.5774,289.6812,9,nan,nan,nan
ROI_071/patch_36,2,414.1605,210.6621,406.4755,209.2346,407.3307,210.2165,406.4876,209.9255,10,nan,nan,nan
ROI_071/patch_36,3,476.1628,207.4752,465.8151,205.4308,469.2104,206.9845,463.8960,206.8331,12,nan,nan,nan
ROI_071/patch_36,4,345.4303,234.9639,336.4852,235.1006,338.7678,234.5463,338.0687,234.2257,8,nan,nan,nan
ROI_071/patch_36,5,354.7194,144.4605,342.3811,146.0912,347.9021,144.1317,347.9292,144.4470,11,nan,nan,nan
ROI_071/patch_36,6,250.9743,90.0730,237.3957,91.3161,244.2715,89.8832,243.9357,90.3680,3,nan,nan,nan
ROI_071/patch_36,7,110.5204,230.1147,102.9306,232.0575,104.2966,229.8859,104.4124,229.5382,10,nan,nan,nan
ROI_071/patch_37,0,415.4914,204.9564,411.3111,204.5764,410.9377,204.6562,414.5838,204.7211,10,nan,nan,nan
ROI_071/patch_37,1,88.3526,217.2788,90.2573,216.1382,93.2645,216.8360,89.3629,216.4735,8,nan,nan,nan
ROI_071/patch_37,2,351.5156,84.3531,350.0084,82.6972,348.6000,83.9233,350.0156,82.9194,7,nan,nan,nan
ROI_071/patch_37,3,466.6994,87.4401,458.6817,86.5478,460.4639,87.0666,460.2073,86.7885,11,nan,nan,nan
ROI_071/patch_37,4,502.2643,19.1954,492.0538,18.5201,494.8839,18.7821,nan,nan,2,nan,nan,nan
ROI_071/patch_37,5,210.7141,106.4443,210.1022,105.8010,211.9015,105.9669,210.1419,105.7606,10,nan,nan,nan
ROI_071/patch_37,6,315.0877,468.1652,314.8394,468.7225,313.8885,468.0357,315.2319,467.9595,10,nan,nan,nan
ROI_071/patch_37,7,236.8832,414.8012,238.1370,414.3440,237.8492,414.5911,237.2086,414.8015,10,nan,nan,nan
ROI_071/patch_38,0,387.3694,141.1119,375.9686,140.3518,379.4551,140.7719,375.4839,140.7880,12,nan,nan,nan
ROI_071/patch_38,1,341.7661,499.8574,341.7661,498.3372,341.0376,499.3457,341.2312,499.8219,3,nan,nan,nan
ROI_071/patch_38,2,391.0361,415.7494,388.1294,417.7715,387.5983,415.3049,385.0979,414.9716,7,nan,nan,nan
ROI_071/patch_38,3,94.5805,322.1610,98.5489,322.0047,97.4581,321.5466,95.5723,321.7267,13,nan,nan,nan
ROI_071/patch_38,4,191.3350,285.8460,190.8954,284.3821,191.0380,285.3132,191.7400,284.4636,9,nan,nan,nan
ROI_071/patch_38,5,279.6365,66.9168,277.2812,66.1206,273.3481,66.5307,278.4105,66.2697,10,nan,nan,nan
ROI_071/patch_38,6,108.5399,172.8630,109.5517,170.1274,108.5604,172.3166,109.0348,172.0674,9,nan,nan,nan
ROI_071/patch_38,7,94.7632,498.1433,102.5377,496.1889,100.5668,497.4604,102.0998,497.3902,3,nan,nan,nan
ROI_071/patch_38,8,351.5615,333.2936,352.5716,333.1336,347.7989,332.8538,351.5426,332.4262,10,nan,nan,nan
ROI_071/patch_39,0,284.7621,179.8746,277.9216,178.3545,287.0927,179.5128,283.3761,178.6889,11,nan,nan,nan
ROI_071/patch_39,1,402.5704,123.6306,405.6107,122.8706,401.5202,123.1640,403.1867,122.7223,11,nan,nan,nan
ROI_071/patch_39,2,325.4521,361.7045,323.5248,360.0074,328.3307,361.2569,326.5653,360.8322,9,nan,nan,nan
ROI_071/patch_39,3,101.3486,245.7432,107.9960,246.9072,108.7579,245.5498,107.6725,245.5676,12,nan,nan,nan
ROI_071/patch_39,4,43.6671,220.8494,52.4138,219.9756,52.2847,220.7203,55.3345,220.3096,9,nan,nan,nan
ROI_071/patch_39,5,78.1760,115.6252,83.6929,114.3107,85.0467,115.4872,85.0186,115.3996,10,nan,nan,nan
ROI_071/patch_39,6,200.8935,458.0493,213.3698,457.8797,207.6610,457.7034,208.1465,457.9816,12,nan,nan,nan
ROI_071/patch_39,7,448.1308,268.4650,440.2565,266.7052,447.1932,267.9169,441.2222,267.4967,7,nan,nan,nan
ROI_075/patch_0,0,265.7607,138.8317,230.0382,140.3518,228.5786,140.1080,232.9201,140.4505,11,nan,nan,nan
ROI_075/patch_0,1,303.0034,334.9256,268.8009,336.4457,271.6276,336.1843,270.1800,336.7735,11,nan,nan,nan
ROI_075/patch_0,2,150.8198,386.9169,125.9108,387.3694,120.1606,388.1418,124.5585,388.0545,12,nan,nan,nan
ROI_075/patch_0,3,59.7328,356.3165,28.6239,357.7273,27.7344,357.5289,21.7577,357.5598,10,nan,nan,nan
ROI_075/patch_0,4,437.7271,156.1510,403.3305,157.0730,401.9143,157.4559,400.1444,157.1526,11,nan,nan,nan
ROI_075/patch_0,5,268.5156,74.2084,235.3586,75.7472,229.4962,75.4932,235.8457,76.1575,11,nan,nan,nan
ROI_075/patch_0,6,449.0979,4.3435,407.1308,5.0622,408.9942,5.6693,nan,nan,2,nan,nan,nan
ROI_075/patch_0,7,439.9059,406.4723,397.2501,407.8908,411.2749,407.7465,401.3244,408.4567,12,nan,nan,nan
ROI_075/patch_1,0,163.9135,91.7084,138.0717,92.4684,138.0740,92.3346,138.3405,92.8588,12,nan,nan,nan
ROI_075/patch_1,1,43.0649,64.3464,13.4228,66.6266,17.1288,64.9426,11.5835,66.0356,6,nan,nan,nan
ROI_075/patch_1,2,456.9883,88.1755,426.1321,87.9081,431.2934,88.9105,425.5531,89.6374,12,nan,nan,nan
ROI_075/patch_1,3,365.8397,309.0321,342.5262,309.0838,340.3816,309.6207,346.1354,309.5359,10,nan,nan,nan
ROI_075/patch_1,4,314.6911,450.2409,283.2420,451.9740,289.3880,450.7386,283.2284,451.3304,10,nan,nan,nan
ROI_075/patch_1,5,436.2697,473.3556,401.8104,473.2555,411.0581,473.8859,403.7172,474.7539,7,nan,nan,nan
ROI_075/patch_1,6,223.0306,200.0237,196.5958,201.1561,197.3600,200.6161,197.5190,201.1422,11,nan,nan,nan
ROI_075/patch_1,7,154.1513,344.4327,128.1910,345.5664,128.6308,344.9260,128.6411,344.9630,10,nan,nan,nan
ROI_075/patch_2,0,398.0101,100.0690,380.5289,103.1092,383.7746,100.3310,378.3470,100.0008,9,nan,nan,nan
ROI_075/patch_2,1,415.4914,278.6816,386.6093,278.6816,392.4605,279.3302,389.6625,279.5256,11,nan,nan,nan
ROI_075/patch_2,2,383.6617,353.8183,356.9672,353.9270,357.9312,354.6376,357.6456,355.3053,10,nan,nan,nan
ROI_075/patch_2,3,166.8665,248.9528,159.3532,248.2795,151.5722,249.5883,163.8871,249.4177,8,nan,nan,nan
ROI_075/patch_2,4,70.3769,175.6370,65.8665,175.3143,60.9729,176.1326,64.0495,176.2066,11,nan,nan,nan
ROI_075/patch_2,5,29.2703,239.7889,13.4228,242.1991,17.9169,240.4332,16.2900,240.7330,10,nan,nan,nan
ROI_075/patch_2,6,107.9084,482.7658,78.0274,484.6563,83.1898,483.9243,81.9955,484.3417,12,nan,nan,nan
ROI_075/patch_2,7,468.0668,169.8077,442.8533,170.7540,448.7830,170.2075,442.3146,171.4285,12,nan,nan,nan
ROI_075/patch_3,0,216.3572,45.3451,192.7955,45.3451,180.0657,46.5400,191.4484,46.3911,10,nan,nan,nan
ROI_075/patch_3,1,275.6414,329.6053,244.4792,329.7953,246.7702,330.6741,249.1488,331.0989,9,nan,nan,nan
ROI_075/patch_3,2,487.8221,229.6048,453.5813,230.1039,457.5483,230.7621,455.4008,230.3306,10,nan,nan,nan
ROI_075/patch_3,3,200.5078,271.9562,168.2564,274.2905,169.8046,273.0387,168.9482,273.2211,12,nan,nan,nan
ROI_075/patch_3,4,417.7073,391.3169,389.0094,391.7908,391.1166,392.3828,388.7186,392.5176,10,nan,nan,nan
ROI_075/patch_3,5,296.9516,464.2589,272.0729,465.0794,271.5603,465.2668,271.5443,465.2491,12,nan,nan,nan
ROI_075/patch_3,6,468.2141,459.5332,444.0005,459.9158,443.5921,460.5757,442.5956,460.8439,10,nan,nan,nan
ROI_075/patch_3,7,213.6312,126.7797,185.6310,129.0652,179.3633,127.9348,187.0245,128.5644,11,nan,nan,nan
ROI_075/patch_4,0,155.8947,91.3046,120.7672,92.8319,123.9562,92.2355,123.3563,92.4713,11,nan,nan,nan
ROI_075/patch_4,1,505.6431,466.2532,452.9518,468.5441,454.7379,467.8192,nan,nan,0,nan,nan,nan
ROI_075/patch_4,2,456.2644,459.7591,408.6605,461.6713,408.0354,461.2644,411.0203,462.1391,7,nan,nan,nan
ROI_075/patch_4,3,259.6655,378.4702,221.5680,379.9616,222.0936,379.6992,221.3385,379.8904,12,nan,nan,nan
ROI_075/patch_4,4,55.8506,382.2852,34.4755,383.0161,29.3238,383.2826,30.7713,382.9138,11,nan,nan,nan
ROI_075/patch_4,5,63.7828,101.5691,34.4755,102.7592,36.8357,102.4006,32.4775,103.0609,9,nan,nan,nan
ROI_075/patch_4,6,504.9763,335.5656,455.2427,337.9612,454.1117,337.0494,nan,nan,0,nan,nan,nan
ROI_075/patch_4,7,276.9138,227.7717,245.2409,229.9058,238.4122,228.9265,244.8366,229.0865,12,nan,nan,nan
ROI_075/patch_5,0,476.6883,203.6237,444.6153,205.1510,443.4704,204.5846,444.8316,204.2255,12,nan,nan,nan
ROI_075/patch_5,1,483.5611,73.8045,456.8336,76.0954,454.0192,74.7114,451.8237,74.9025,12,nan,nan,nan
ROI_075/patch_5,2,147.6484,161.3347,107.8489,162.3870,111.4446,162.6259,109.4978,162.6109,10,nan,nan,nan
ROI_075/patch_5,3,52.2293,266.7702,13.9208,267.7697,11.9054,268.1995,13.7645,267.9767,6,nan,nan,nan
ROI_075/patch_5,4,247.3125,264.3787,207.1224,263.1879,209.5183,265.6024,208.9842,264.6221,12,nan,nan,nan
ROI_075/patch_5,5,456.5178,447.8096,423.2333,449.5167,416.2939,448.8796,418.5284,448.7799,9,nan,nan,nan
ROI_075/patch_5,6,420.4552,477.5639,381.2330,477.7715,378.9533,478.6825,382.0599,479.0709,11,nan,nan,nan
ROI_075/patch_5,7,189.0293,424.2212,143.7401,426.6074,146.0798,425.5636,144.1454,426.1078,12,nan,nan,nan
ROI_075/patch_6,0,255.8800,167.7138,225.4779,167.7138,227.2888,168.5588,229.1540,168.6451,10,nan,nan,nan
ROI_075/patch_6,1,328.8452,197.3559,303.7634,198.1159,301.4893,198.1832,303.9004,198.7005,10,nan,nan,nan
ROI_075/patch_6,2,438.3255,32.2418,421.5718,32.4242,416.7519,32.8009,418.7050,32.8506,11,nan,nan,nan
ROI_075/patch_6,3,118.6440,238.0348,84.8679,239.1588,85.3661,239.0586,85.9945,239.5105,9,nan,nan,nan
ROI_075/patch_6,4,267.4038,381.4506,261.9605,382.8090,235.0888,382.5337,255.6183,382.2842,12,nan,nan,nan
ROI_075/patch_6,5,207.3423,284.5187,181.3947,284.7621,175.3701,285.5329,181.2261,285.8036,10,nan,nan,nan
ROI_075/patch_6,6,97.9205,193.8352,65.1065,195.8358,64.9625,194.8229,65.6738,194.5964,11,nan,nan,nan
ROI_075/patch_6,7,65.0246,148.8855,33.1842,152.5127,32.1018,149.8448,32.6217,149.7439,10,nan,nan,nan
ROI_075/patch_6,8,50.7049,389.1614,36.2244,391.9297,12.9264,390.4077,32.0317,389.7301,9,nan,nan,nan
ROI_075/patch_7,0,290.8425,84.1078,259.6803,87.1480,260.0480,85.4358,259.2800,85.8591,11,nan,nan,nan
ROI_075/patch_7,1,233.8385,383.5691,218.6374,382.0490,218.9231,384.3263,217.7189,382.9189,8,nan,nan,nan
ROI_075/patch_7,2,153.5112,353.8527,139.5918,354.6870,142.6463,354.4701,140.7041,355.1165,10,nan,nan,nan
ROI_075/patch_7,3,122.2478,204.3241,109.1896,205.7165,107.3622,205.0901,108.8734,205.4183,10,nan,nan,nan
ROI_075/patch_7,4,17.3636,194.8046,7.3424,197.3559,8.9546,195.3450,nan,nan,1,nan,nan,nan
ROI_075/patch_7,5,411.6947,190.4073,379.7688,193.5556,377.3051,191.8549,379.1049,192.2935,11,nan,nan,nan
ROI_075/patch_7,6,477.1830,255.2203,439.0530,258.1602,441.1378,256.7221,438.7984,256.6969,8,nan,nan,nan
ROI_075/patch_7,7,468.5316,75.8357,419.2916,77.2673,425.7748,77.5817,417.8809,77.3408,9,nan,nan,nan
ROI_075/patch_7,8,199.8367,15.2434,173.7942,16.4630,172.2032,16.4648,174.2657,16.2893,8,nan,nan,nan
ROI_075/patch_8,0,477.8158,201.1561,455.0142,203.4363,448.0341,202.0937,457.5550,201.9452,11,nan,nan,nan
ROI_075/patch_8,1,327.3251,220.9175,295.4028,221.6776,298.9036,221.8157,295.5959,222.2072,11,nan,nan,nan
ROI_075/patch_8,2,175.6420,169.5971,141.1119,170.7540,142.7029,170.6057,143.1277,171.2034,11,nan,nan,nan
ROI_075/patch_8,3,60.7646,305.5188,40.7848,308.3238,38.8522,306.2426,40.6224,306.8844,10,nan,nan,nan
ROI_075/patch_8,4,52.8356,440.8988,43.8250,442.8533,42.0993,441.3371,40.5945,441.0477,10,nan,nan,nan
ROI_075/patch_8,5,148.0651,402.6342,131.2312,403.3305,134.3388,403.1518,134.5489,403.6600,10,nan,nan,nan
ROI_075/patch_8,6,284.5957,40.6561,239.1588,41.5448,241.1962,41.9351,239.8232,42.0108,12,nan,nan,nan
ROI_075/patch_8,7,403.5329,11.5264,364.5677,14.1829,357.9415,12.8651,365.2232,13.0297,6,nan,nan,nan
ROI_075/patch_8,8,372.2389,483.8396,354.6870,485.4163,365.6321,484.1825,358.7809,484.5150,6,nan,nan,nan
ROI_075/patch_10,0,210.2768,290.8425,195.8358,291.6026,192.7755,291.6524,196.9535,291.8684,12,nan,nan,nan
ROI_075/patch_10,1,398.7702,217.1173,382.0490,218.6374,380.6294,217.8629,380.2335,218.2440,9,nan,nan,nan
ROI_075/patch_10,2,381.8870,154.0345,364.5677,152.5127,364.8579,154.7248,363.4640,154.8421,9,nan,nan,nan
ROI_075/patch_10,3,356.8565,67.0584,341.0061,65.8665,341.3765,67.6725,343.8582,67.1422,12,nan,nan,nan
ROI_075/patch_10,4,268.4184,79.3302,247.5194,79.5475,253.5762,79.9549,249.8775,80.2205,10,nan,nan,nan
ROI_075/patch_10,5,44.8436,379.2367,29.3839,378.2487,27.5452,380.1237,26.0206,380.4758,10,nan,nan,nan
ROI_075/patch_10,6,25.9694,461.0728,8.1024,463.3748,7.6084,462.0314,7.3912,462.6143,3,nan,nan,nan
ROI_075/patch_10,7,344.9082,500.1627,318.9645,502.1375,322.9862,501.1562,nan,nan,2,nan,nan,nan
ROI_075/patch_11,0,250.5596,126.6709,238.3988,126.6709,237.7399,127.0552,238.0371,127.3667,10,nan,nan,nan
ROI_075/patch_11,1,153.2727,116.7901,142.6320,116.7901,142.7809,117.0507,140.3225,117.5193,10,nan,nan,nan
ROI_075/patch_11,2,156.2400,41.1301,148.7124,43.0649,149.0574,41.3321,149.1942,40.6686,9,nan,nan,nan
ROI_075/patch_11,3,321.6114,6.3746,307.5637,8.1024,312.7657,6.7447,nan,nan,2,nan,nan,nan
ROI_075/patch_11,4,368.2543,479.0384,335.6857,481.6161,337.4702,479.8520,336.5628,480.1160,12,nan,nan,nan
ROI_075/patch_11,5,147.2371,486.7259,122.1105,488.4565,120.4007,487.2831,121.4628,487.5251,9,nan,nan,nan
ROI_075/patch_11,6,103.9926,273.9347,90.1883,273.3613,87.4645,274.2657,90.8929,274.2069,10,nan,nan,nan
ROI_075/patch_11,7,40.1766,308.3105,29.3839,309.0838,23.3575,308.5938,27.0300,308.6638,10,nan,nan,nan
ROI_075/patch_12,0,286.2822,472.4954,249.0395,474.7756,241.5041,474.1249,248.1583,474.1343,9,nan,nan,nan
ROI_075/patch_12,1,88.6682,17.9831,58.2660,19.5032,58.2897,19.4279,57.3471,19.5964,10,nan,nan,nan
ROI_075/patch_12,2,211.6201,23.9768,190.5154,26.3437,181.3035,25.3679,186.5859,25.1866,8,nan,nan,nan
ROI_075/patch_12,3,198.9349,179.3259,167.7138,179.8746,163.5287,180.8175,166.7318,181.3488,9,nan,nan,nan
ROI_075/patch_12,4,343.2538,259.4012,299.9632,260.4404,305.5398,260.8743,299.1349,261.6585,12,nan,nan,nan
ROI_075/patch_12,5,126.9370,457.0101,83.3478,461.8547,82.3302,458.7043,82.5986,459.0606,12,nan,nan,nan
ROI_075/patch_12,6,59.7979,128.2974,24.8236,131.2312,25.7637,129.8228,21.3965,129.7258,10,nan,nan,nan
ROI_075/patch_12,7,468.2768,151.7486,437.5329,154.7928,434.3329,153.0979,441.5445,153.3403,10,nan,nan,nan
ROI_075/patch_13,0,115.2700,93.9885,103.8692,96.2687,84.7380,94.9195,102.8534,94.4887,10,nan,nan,nan
ROI_075/patch_13,1,418.5316,133.5113,384.3291,136.5516,386.4793,134.7923,386.0421,135.7359,6,nan,nan,nan
ROI_075/patch_13,2,333.1110,251.9511,304.5235,252.8398,304.0350,253.1039,301.8843,253.2732,9,nan,nan,nan
ROI_075/patch_13,3,503.6348,455.6515,477.8158,456.5343,477.2726,456.9598,nan,nan,2,nan,nan,nan
ROI_075/patch_13,4,379.8863,456.4519,353.1669,457.2943,354.4774,457.6135,354.0604,457.5962,12,nan,nan,nan
ROI_075/patch_13,5,224.6679,301.1766,197.3559,304.5235,197.3814,302.1898,198.3652,302.2350,9,nan,nan,nan
ROI_075/patch_13,6,112.6126,367.3299,86.3880,369.8881,87.4760,368.1954,92.7141,368.4762,10,nan,nan,nan
ROI_075/patch_13,7,27.2631,131.1248,24.0636,131.9912,-1.8719,131.9430,20.4298,131.2117,10,nan,nan,nan
ROI_075/patch_13,8,497.1223,254.0491,461.8547,254.3599,466.8450,255.3957,464.1223,255.2035,5,nan,nan,nan
ROI_075/patch_14,0,123.6306,109.9497,85.6279,112.2298,90.3654,111.4288,90.5312,112.2279,5,nan,nan,nan
ROI_075/patch_14,1,329.6053,143.3920,295.4028,144.9121,289.4481,145.2328,296.8746,144.5768,9,nan,nan,nan
ROI_075/patch_14,2,405.7315,271.6268,387.3694,275.6414,366.7529,273.2913,385.9749,272.7883,9,nan,nan,nan
ROI_075/patch_14,3,70.7376,186.0125,37.7445,188.2352,41.9641,187.1723,32.9425,187.4404,7,nan,nan,nan
ROI_075/patch_14,4,378.5364,72.3549,347.0865,72.7070,334.2023,74.4928,346.2537,74.1167,8,nan,nan,nan
ROI_075/patch_14,5,236.9322,9.1275,205.7165,11.9027,196.0426,11.1244,204.9783,10.6608,4,nan,nan,nan
ROI_075/patch_14,6,62.5931,51.1207,27.1038,51.4255,29.7974,52.6236,30.4235,52.4934,10,nan,nan,nan
ROI_075/patch_14,7,132.7985,463.9379,112.2298,464.8949,110.5608,464.4902,113.4298,465.4448,7,nan,nan,nan
ROI_075/patch_15,0,176.8344,159.3532,143.3920,160.1132,142.6077,160.4101,144.4372,160.7942,10,nan,nan,nan
ROI_075/patch_15,1,125.1507,25.5837,81.8277,26.3437,88.5820,26.5924,80.8400,27.1392,9,nan,nan,nan
ROI_075/patch_15,2,397.6591,221.4081,356.2072,223.9578,359.6688,222.8036,359.3713,223.3640,12,nan,nan,nan
ROI_075/patch_15,3,473.0046,292.4176,432.2126,293.1227,435.0771,293.9156,434.4455,293.8829,11,nan,nan,nan
ROI_075/patch_15,4,412.4880,485.3671,384.3291,488.4565,381.2664,486.7178,386.2763,487.4234,10,nan,nan,nan
ROI_075/patch_15,5,247.6694,489.2686,215.5972,489.9767,220.6141,490.3535,221.1028,490.2613,7,nan,nan,nan
ROI_075/patch_15,6,167.6792,431.9229,140.3518,434.4927,141.0447,432.8943,141.6322,433.3826,11,nan,nan,nan
ROI_075/patch_15,7,64.8491,288.0534,38.5046,288.5623,36.8598,288.8970,39.1808,289.0373,9,nan,nan,nan
ROI_075/patch_16,0,393.4498,234.5985,367.6080,236.1186,367.8553,235.4525,367.8018,236.3966,12,nan,nan,nan
ROI_075/patch_16,1,247.5194,332.6455,220.9175,333.4055,221.7399,333.4333,221.8926,333.5053,11,nan,nan,nan
ROI_075/patch_16,2,147.9457,311.9857,121.3505,309.8439,121.9961,312.6818,121.8315,312.3831,9,nan,nan,nan
ROI_075/patch_16,3,76.4633,38.3724,47.6252,40.7848,50.2623,38.8647,44.9100,38.7695,8,nan,nan,nan
ROI_075/patch_16,4,458.2769,12.3767,426.1321,13.4228,432.6753,13.1648,426.7155,13.4839,7,nan,nan,nan
ROI_075/patch_16,5,369.5175,390.9864,341.7661,392.6897,343.9629,391.9043,343.5970,392.1659,10,nan,nan,nan
ROI_075/patch_16,6,494.6541,498.7069,477.8158,498.3372,469.3540,499.7837,nan,nan,1,nan,nan,nan
ROI_075/patch_16,7,93.0520,441.8084,65.8665,441.3332,67.0793,442.5292,67.4015,441.8651,12,nan,nan,nan
ROI_075/patch_17,0,106.1494,17.2231,85.6279,20.2633,85.8296,18.3926,86.4531,18.3956,8,nan,nan,nan
ROI_075/patch_17,1,139.5918,81.8277,124.3907,83.3478,118.9161,82.9810,120.3198,83.4393,11,nan,nan,nan
ROI_075/patch_17,2,314.0412,245.1444,284.7621,247.5194,290.1099,246.3347,288.0971,246.7961,10,nan,nan,nan
ROI_075/patch_17,3,390.5834,450.6742,392.6897,453.4941,366.3017,451.7871,390.6173,451.4572,10,nan,nan,nan
ROI_075/patch_17,4,230.2200,288.3673,206.4765,290.0825,208.8330,289.4548,204.1713,289.7545,9,nan,nan,nan
ROI_075/patch_17,5,154.5282,365.7113,131.9912,369.8881,135.7473,366.6791,134.3372,366.8562,7,nan,nan,nan
ROI_075/patch_17,6,235.1988,381.0801,217.8773,382.0490,214.4280,382.1071,216.3350,382.5310,12,nan,nan,nan
ROI_075/patch_17,7,53.8569,103.5007,38.5046,105.3893,35.6021,104.5647,34.7628,104.7793,11,nan,nan,nan
ROI_075/patch_18,0,332.6455,182.1548,293.1227,184.4350,294.9533,183.4121,294.3514,183.4591,11,nan,nan,nan
ROI_075/patch_18,1,401.8104,76.5073,369.1281,75.7472,362.0680,77.8341,369.6739,77.9614,10,nan,nan,nan
ROI_075/patch_18,2,189.9836,133.6706,151.7526,133.5113,151.4023,134.9232,152.0112,134.9603,12,nan,nan,nan
ROI_075/patch_18,3,128.1556,301.8347,99.3089,304.5235,92.8232,302.9868,96.8601,303.3783,9,nan,nan,nan
ROI_075/patch_18,4,88.8998,463.7403,59.0260,464.8949,56.6895,464.8000,57.2009,464.8893,12,nan,nan,nan
ROI_075/patch_18,5,64.0096,154.3519,27.1038,153.2727,25.8630,155.5673,26.0087,155.1616,9,nan,nan,nan
ROI_075/patch_18,6,467.8989,4.1777,436.7729,5.8223,426.7474,5.5560,435.9875,5.8173,3,nan,nan,nan
ROI_075/patch_18,7,412.3141,373.1067,373.6884,373.6884,378.2666,374.2814,374.8149,374.3994,9,nan,nan,nan
ROI_075/patch_18,8,315.4423,307.8312,276.4015,307.5637,280.1695,309.0196,277.3064,308.7498,10,nan,nan,nan
ROI_075/patch_19,0,48.3853,236.1186,44.5850,238.3988,32.7510,236.9616,42.1069,236.6862,10,nan,nan,nan
ROI_075/patch_19,1,76.5073,305.2835,68.9067,306.0436,63.7636,306.0850,69.5702,306.1847,11,nan,nan,nan
ROI_075/patch_19,2,337.6736,373.5748,323.5248,376.7286,325.1243,374.7656,324.8226,375.1772,13,nan,nan,nan
ROI_075/patch_19,3,434.3183,292.0930,417.7715,292.3626,416.8847,293.5720,421.2272,293.7543,12,nan,nan,nan
ROI_075/patch_19,4,482.4604,213.6519,463.3748,213.3170,460.8363,215.3256,463.4400,215.2966,13,nan,nan,nan
ROI_075/patch_19,5,373.7804,97.0783,343.2862,100.0690,347.9827,98.7090,347.8175,98.8004,9,nan,nan,nan
ROI_075/patch_19,6,457.7000,55.1739,429.9324,55.9858,429.0004,57.0159,431.5207,56.9548,11,nan,nan,nan
ROI_075/patch_19,7,286.7017,81.7613,260.4404,83.3478,261.1852,83.2521,260.8831,84.0071,12,nan,nan,nan
ROI_075/patch_20,0,331.8854,108.4296,319.7246,111.4698,308.5807,109.1003,318.4417,110.1303,9,nan,nan,nan
ROI_075/patch_20,1,245.2393,164.6735,225.4779,166.9537,227.0454,165.2992,225.9950,165.6632,13,nan,nan,nan
ROI_075/patch_20,2,135.0619,274.4028,122.1105,275.6414,124.7550,274.9493,122.4153,275.1668,10,nan,nan,nan
ROI_075/patch_20,3,18.5748,139.7219,8.1024,140.3518,7.4996,140.3275,6.5702,140.2102,3,nan,nan,nan
ROI_075/patch_20,4,384.5615,276.3365,374.4484,277.9216,365.4914,276.9195,372.7371,277.1225,8,nan,nan,nan
ROI_075/patch_20,5,160.2300,485.8724,157.0730,487.6965,156.7141,486.3022,159.4698,486.8642,10,nan,nan,nan
ROI_075/patch_20,6,8.7950,322.6879,3.5421,321.2447,4.7127,323.1878,nan,nan,2,nan,nan,nan
ROI_075/patch_20,7,249.5745,64.5324,233.0784,67.3866,227.5893,65.2158,231.0203,65.6081,7,nan,nan,nan
ROI_075/patch_21,0,147.1923,286.2822,117.5502,286.2822,114.7917,287.2898,115.3694,287.5352,10,nan,nan,nan
ROI_075/patch_21,1,123.6306,347.0865,88.6682,348.6066,91.8276,348.0739,91.1698,349.0206,11,nan,nan,nan
ROI_075/patch_21,2,401.6993,261.0457,363.9977,262.5305,364.8071,262.2667,363.7479,262.0866,13,nan,nan,nan
ROI_075/patch_21,3,368.3969,165.9817,332.8355,166.7637,331.7866,167.1755,330.6546,167.2491,8,nan,nan,nan
ROI_075/patch_21,4,504.0922,112.8647,465.0849,113.5599,464.9638,114.1726,nan,nan,2,nan,nan,nan
ROI_075/patch_21,5,444.8440,9.3864,405.8007,10.1926,406.4212,10.6453,406.7677,10.7962,6,nan,nan,nan
ROI_075/patch_21,6,421.5437,475.4032,382.2390,477.6258,384.9738,476.6394,383.6035,477.2204,8,nan,nan,nan
ROI_075/patch_21,7,140.9332,465.5650,108.6196,465.4649,109.1986,466.5661,108.9134,466.2060,10,nan,nan,nan
ROI_075/patch_22,0,215.7872,33.7543,196.0258,33.7543,193.3676,34.7415,196.0782,34.7962,7,nan,nan,nan
ROI_075/patch_22,1,72.1370,421.3818,48.5753,422.1418,49.0507,422.6848,47.1515,422.8807,10,nan,nan,nan
ROI_075/patch_22,2,477.3683,400.7677,458.2444,400.1003,461.4928,402.0973,457.8023,401.4313,12,nan,nan,nan
ROI_075/patch_22,3,491.6040,261.8203,471.1653,262.5305,475.2951,263.0327,472.1671,263.2514,8,nan,nan,nan
ROI_075/patch_22,4,386.2139,231.2752,367.7980,232.1283,367.8513,232.4499,367.1448,232.6437,10,nan,nan,nan
ROI_075/patch_22,5,298.7345,160.3146,276.5915,161.4433,278.4407,161.4191,278.9249,161.8409,10,nan,nan,nan
ROI_075/patch_22,6,397.7564,91.0217,380.7189,91.5184,378.9054,92.0778,378.6336,91.8748,10,nan,nan,nan
ROI_075/patch_22,7,131.7011,402.5724,111.6598,403.9005,109.5964,403.8658,112.1497,403.6971,10,nan,nan,nan
ROI_075/patch_23,0,393.6398,94.5586,386.7993,96.0787,387.1241,95.6736,387.3305,96.4390,12,nan,nan,nan
ROI_075/patch_23,1,107.0995,222.2476,109.3796,223.7677,106.6363,223.0172,107.7423,223.2588,12,nan,nan,nan
ROI_075/patch_23,2,221.3200,332.1659,224.9078,333.2155,221.5655,333.1076,221.2951,333.2885,10,nan,nan,nan
ROI_075/patch_23,3,9.8962,310.5455,7.5324,311.9340,12.3593,311.2075,nan,nan,1,nan,nan,nan
ROI_075/patch_23,4,273.2090,390.1674,275.0714,393.2598,273.9330,391.1890,278.7849,391.5979,10,nan,nan,nan
ROI_075/patch_23,5,75.0546,16.7730,73.6571,19.3132,71.0031,17.4569,69.0773,17.5511,9,nan,nan,nan
ROI_075/patch_23,6,57.2070,328.3933,53.1356,330.1753,59.4264,329.1207,51.4573,329.6566,9,nan,nan,nan
ROI_075/patch_23,7,230.2637,467.4366,227.9480,470.0252,233.0231,468.4189,223.9616,468.5562,9,nan,nan,nan
ROI_075/patch_23,8,498.2578,117.5641,487.1265,119.6404,490.8836,118.8202,486.0959,119.2497,4,nan,nan,nan
ROI_075/patch_24,0,64.3464,108.4296,33.9443,109.9497,32.5018,110.0151,33.1227,109.6159,9,nan,nan,nan
ROI_075/patch_24,1,101.5891,197.3559,68.9067,200.3961,69.7981,198.8481,69.5041,199.2417,11,nan,nan,nan
ROI_075/patch_24,2,432.6325,358.2601,405.6107,358.4873,400.7859,359.6402,407.0166,359.5467,9,nan,nan,nan
ROI_075/patch_24,3,306.4202,151.1915,272.6012,154.0328,274.4714,152.7804,274.2995,153.2468,12,nan,nan,nan
ROI_075/patch_24,4,249.9421,18.4839,214.0771,21.0233,217.9136,20.2118,217.5573,20.2301,8,nan,nan,nan
ROI_075/patch_24,5,109.7891,388.5200,83.3478,389.6495,78.1554,389.7963,83.8773,389.9977,10,nan,nan,nan
ROI_075/patch_24,6,247.8503,441.4355,242.1991,442.0933,216.1812,442.6812,241.9156,442.7004,8,nan,nan,nan
ROI_075/patch_24,7,481.9073,284.4518,449.6938,286.2822,449.9695,285.9266,449.2681,285.8318,12,nan,nan,nan
ROI_075/patch_25,0,82.5877,351.6468,60.5462,351.6468,62.3173,352.5551,62.6996,352.5437,10,nan,nan,nan
ROI_075/patch_25,1,259.6803,404.0906,254.3599,404.8506,253.0072,404.6220,253.9407,404.8919,6,nan,nan,nan
ROI_075/patch_25,2,346.2017,304.5249,345.5664,306.0436,348.3671,304.8511,345.7996,305.2623,12,nan,nan,nan
ROI_075/patch_25,3,411.2002,225.6569,414.7313,225.4779,420.0769,225.8281,417.4098,226.4700,11,nan,nan,nan
ROI_075/patch_25,4,346.0040,112.3656,354.6870,113.7499,351.5232,112.6597,352.2335,112.8859,12,nan,nan,nan
ROI_075/patch_25,5,227.5589,44.5542,221.6776,45.3451,224.5578,45.0948,221.4693,45.4883,12,nan,nan,nan
ROI_075/patch_25,6,118.7735,75.9004,101.5891,75.7472,106.3051,76.6832,99.5750,76.9567,12,nan,nan,nan
ROI_075/patch_25,7,76.6115,33.8392,52.9456,36.2244,61.4246,34.7068,50.9760,35.2661,10,nan,nan,nan
ROI_075/patch_26,0,169.9939,491.4968,176.0744,492.2568,176.7214,492.0400,176.6207,492.4745,10,nan,nan,nan
ROI_075/patch_26,1,392.6897,233.0784,385.0892,234.5985,388.7193,233.8883,385.4228,234.0047,9,nan,nan,nan
ROI_075/patch_26,2,333.1960,130.4505,322.0047,131.9912,325.2053,131.3534,320.6271,131.9429,10,nan,nan,nan
ROI_075/patch_26,3,174.9201,34.0990,164.6735,36.2244,163.3130,35.0804,165.2510,35.0844,10,nan,nan,nan
ROI_075/patch_26,4,129.4186,220.8800,125.9108,223.9578,125.3657,221.6787,123.0845,222.2997,11,nan,nan,nan
ROI_075/patch_26,5,70.5753,393.8415,74.9872,394.9699,73.5434,394.4695,71.2829,394.8651,12,nan,nan,nan
ROI_075/patch_26,6,324.2279,416.2137,330.3653,416.2514,327.7010,416.8423,330.4960,417.1002,11,nan,nan,nan
ROI_075/patch_26,7,488.8800,498.8183,491.4968,499.0973,495.4088,499.3822,489.3931,499.3394,3,nan,nan,nan
ROI_075/patch_27,0,294.6428,112.2298,301.4833,111.4698,297.7131,112.5430,300.8106,112.9573,12,nan,nan,nan
ROI_075/patch_27,1,195.8358,123.6306,197.3559,125.9108,189.6445,124.2661,201.8419,124.1882,12,nan,nan,nan
ROI_075/patch_27,2,356.2932,340.9459,337.9659,343.2862,344.1689,341.9673,337.7459,342.3340,9,nan,nan,nan
ROI_075/patch_27,3,300.5124,458.4839,282.4819,459.5745,273.2788,460.1157,281.2964,459.8193,11,nan,nan,nan
ROI_075/patch_27,4,112.4336,474.6939,97.0287,476.2957,68.0591,476.9180,93.6348,476.1378,12,nan,nan,nan
ROI_075/patch_27,5,125.4770,371.2561,98.5489,373.6884,91.3904,373.0446,93.9169,372.5585,11,nan,nan,nan
ROI_075/patch_27,6,132.2739,283.0126,105.3893,282.4819,106.6025,284.4417,106.4971,284.7998,11,nan,nan,nan
ROI_075/patch_27,7,272.1019,263.9201,258.9202,265.7607,259.8002,264.8817,259.2947,264.9699,11,nan,nan,nan
ROI_075/patch_27,8,301.6328,389.5695,284.7621,391.9297,280.6216,390.9324,281.9446,390.8354,10,nan,nan,nan
ROI_075/patch_28,0,224.7178,271.8412,215.5972,273.3613,219.9799,272.9606,218.2113,273.6447,11,nan,nan,nan
ROI_075/patch_28,1,493.0169,251.3197,480.0960,251.3197,481.0683,252.5421,480.1143,252.1030,7,nan,nan,nan
ROI_075/patch_28,2,471.0749,78.5621,458.0544,79.5475,457.1112,79.6456,458.0560,79.3611,11,nan,nan,nan
ROI_075/patch_28,3,277.4836,448.6051,272.6012,450.4538,274.0274,449.8801,276.6475,449.9698,8,nan,nan,nan
ROI_075/patch_28,4,121.9850,285.4160,118.3103,286.2822,120.0934,286.5003,121.4135,286.4544,10,nan,nan,nan
ROI_075/patch_28,5,137.7856,34.4617,129.7111,35.4644,131.7399,35.3652,131.1479,34.9931,11,nan,nan,nan
ROI_075/patch_28,6,355.6058,344.4723,349.3667,346.3265,348.5843,345.7038,349.2434,345.5180,12,nan,nan,nan
ROI_075/patch_28,7,127.5236,173.3234,121.3505,172.2741,123.8156,174.3263,120.8324,174.3106,10,nan,nan,nan
ROI_075/patch_29,0,217.1173,138.0717,212.5570,138.8317,217.4834,138.5659,216.5494,139.1564,9,nan,nan,nan
ROI_075/patch_29,1,346.3265,110.7097,346.3265,111.4698,346.4887,111.2332,346.7156,112.0782,10,nan,nan,nan
ROI_075/patch_29,2,263.5126,255.3856,272.6012,256.6401,266.0075,255.9092,270.2784,256.2290,10,nan,nan,nan
ROI_075/patch_29,3,58.3369,479.6585,69.6668,481.6161,64.2874,480.1623,65.1735,479.8038,9,nan,nan,nan
ROI_075/patch_29,4,7.4344,286.6372,14.1829,284.7621,9.9354,287.0993,7.9844,285.9272,3,nan,nan,nan
ROI_075/patch_29,5,24.5112,89.6743,31.6641,92.4684,23.6365,90.1117,30.6060,90.3240,9,nan,nan,nan
ROI_075/patch_29,6,178.5244,11.4961,184.4350,12.6628,176.6175,11.9616,184.7819,11.1118,7,nan,nan,nan
ROI_075/patch_29,7,483.2777,85.9875,479.3359,87.1480,483.2979,86.5426,477.2509,86.2132,12,nan,nan,nan
ROI_075/patch_30,0,162.3934,98.5489,144.1521,101.5891,147.5850,99.1436,142.5816,99.6814,13,nan,nan,nan
ROI_075/patch_30,1,255.1200,167.7138,242.9591,169.2339,243.5579,168.2849,242.6212,168.4928,11,nan,nan,nan
ROI_075/patch_30,2,293.9710,278.7849,290.0825,278.6816,286.9310,279.3193,288.0080,279.3315,10,nan,nan,nan
ROI_075/patch_30,3,389.0347,455.6692,387.3694,455.7742,389.4047,456.1447,388.3757,456.2233,10,nan,nan,nan
ROI_075/patch_30,4,306.3246,445.2520,302.2433,446.6536,305.7739,445.7318,305.6596,446.5567,11,nan,nan,nan
ROI_075/patch_30,5,88.1912,465.5626,88.6682,465.6549,87.0526,466.0381,87.6631,465.8770,13,nan,nan,nan
ROI_075/patch_30,6,372.6031,338.7520,367.6080,341.0061,368.3667,339.2659,366.3384,339.2007,11,nan,nan,nan
ROI_075/patch_30,7,60.7975,162.0694,41.5448,165.4336,47.7975,162.6445,41.5342,163.6089,12,nan,nan,nan
ROI_075/patch_31,0,210.2768,459.5745,218.6374,458.8144,217.2011,460.0154,216.6544,459.8768,11,nan,nan,nan
ROI_075/patch_31,1,348.6066,396.4900,351.6468,393.4498,352.8827,396.9632,354.0663,396.6287,11,nan,nan,nan
ROI_075/patch_31,2,131.4031,57.9162,131.2312,59.7861,130.9689,58.2874,131.6565,59.0829,12,nan,nan,nan
ROI_075/patch_31,3,9.0813,163.9803,12.6628,162.3934,12.0079,164.3289,14.5627,164.1167,6,nan,nan,nan
ROI_075/patch_31,4,345.4457,98.0991,350.1267,98.5489,343.7062,98.5365,351.2077,99.2237,6,nan,nan,nan
ROI_075/patch_31,5,390.4027,25.3432,383.5691,26.3437,386.7436,25.7850,384.2609,26.0792,9,nan,nan,nan
ROI_075/patch_31,6,13.6720,448.1501,25.5837,448.1737,22.3118,448.5332,nan,nan,1,nan,nan,nan
ROI_075/patch_31,7,501.0730,62.6930,500.6174,63.5864,497.0748,63.1709,495.3456,63.8294,3,nan,nan,nan
ROI_075/patch_32,0,379.0088,251.3197,396.4900,252.0798,391.0957,251.4020,391.8013,250.9206,11,nan,nan,nan
ROI_075/patch_32,1,443.6134,131.9912,464.1348,131.2312,453.1168,132.1535,462.8174,131.6211,12,nan,nan,nan
ROI_075/patch_32,2,78.8415,143.8302,91.7084,144.1521,94.5276,143.8960,91.8470,144.2731,12,nan,nan,nan
ROI_075/patch_32,3,236.3549,434.3283,255.8800,432.9726,253.1246,434.2773,255.2720,434.2064,10,nan,nan,nan
ROI_075/patch_32,4,272.3559,491.8757,290.8425,493.0169,289.2609,491.8028,291.4431,491.8333,10,nan,nan,nan
ROI_075/patch_32,5,427.3632,453.4722,439.8131,454.2541,441.2173,453.4582,440.4342,453.8166,9,nan,nan,nan
ROI_075/patch_32,6,255.0975,63.7924,268.0409,64.3464,266.8525,63.9447,267.6086,63.3574,10,nan,nan,nan
ROI_075/patch_32,7,181.2202,273.9182,198.1159,272.6012,196.8649,273.9395,195.1564,274.0196,9,nan,nan,nan
ROI_075/patch_33,0,174.5543,88.6682,169.9939,91.7084,172.1189,89.6978,168.7172,89.7412,10,nan,nan,nan
ROI_075/patch_33,1,47.6252,131.9912,46.8652,134.2714,46.0174,133.0406,46.7290,133.1472,8,nan,nan,nan
ROI_075/patch_33,2,194.6671,348.5264,189.7553,348.6066,186.0517,349.7980,188.2412,349.7871,12,nan,nan,nan
ROI_075/patch_33,3,336.4199,365.1495,324.2849,367.6080,325.4060,366.4588,323.6560,366.9043,12,nan,nan,nan
ROI_075/patch_33,4,467.8440,495.0465,453.4941,497.5772,452.0101,496.4960,449.3515,496.5381,5,nan,nan,nan
ROI_075/patch_33,5,190.4054,480.0456,178.3545,482.3761,178.8680,481.4375,177.1408,481.5520,9,nan,nan,nan
ROI_075/patch_33,6,78.7411,464.6638,68.1467,464.8949,69.1448,466.0238,66.2507,466.1441,10,nan,nan,nan
ROI_075/patch_33,7,104.8827,267.9546,99.3089,270.3211,99.3749,269.1380,98.9291,269.4769,12,nan,nan,nan
ROI_075/patch_33,8,362.4463,245.1765,355.4471,246.7594,353.7822,246.3796,355.6908,246.2023,12,nan,nan,nan
ROI_075/patch_34,0,425.3721,24.8236,425.3721,27.1038,425.1719,25.4062,425.3341,25.7528,12,nan,nan,nan
ROI_075/patch_34,1,484.6563,479.3359,495.2970,480.0960,481.3636,480.1416,491.1659,479.9617,9,nan,nan,nan
ROI_075/patch_34,2,339.9277,491.1467,341.7661,489.9767,338.8727,491.8865,340.8620,491.4217,6,nan,nan,nan
ROI_075/patch_34,3,267.4397,108.6122,268.0409,106.9094,269.3456,109.1531,267.8450,109.0856,10,nan,nan,nan
ROI_075/patch_34,4,68.2299,140.1939,73.4671,141.8719,73.1432,140.6508,73.8278,140.4801,9,nan,nan,nan
ROI_075/patch_34,5,24.3424,327.0235,29.3839,326.5650,29.0663,327.5386,29.8134,327.1130,8,nan,nan,nan
ROI_075/patch_34,6,132.4234,454.1836,136.5516,454.2541,134.8321,454.8060,138.1890,454.8885,10,nan,nan,nan
ROI_075/patch_34,7,264.9789,279.1817,266.5208,280.2018,266.1157,279.7943,265.2604,280.3990,12,nan,nan,nan
ROI_075/patch_35,0,271.8412,236.8787,287.0422,238.3988,286.9427,237.3695,290.1444,237.8584,9,nan,nan,nan
ROI_075/patch_35,1,176.0744,343.2862,195.0757,344.0463,193.1026,343.8470,195.0510,344.5947,12,nan,nan,nan
ROI_075/patch_35,2,48.8155,474.8112,65.8665,474.7756,68.3977,475.4628,67.9009,475.1897,11,nan,nan,nan
ROI_075/patch_35,3,385.8949,41.4281,394.9699,43.0649,398.6582,41.8213,398.1170,41.9448,13,nan,nan,nan
ROI_075/patch_35,4,397.5373,494.2924,409.4109,494.5370,410.3622,494.7744,410.5892,494.7273,6,nan,nan,nan
ROI_075/patch_35,5,44.6155,170.2975,63.5864,171.5140,64.0859,170.8876,63.5891,171.2802,11,nan,nan,nan
ROI_075/patch_35,6,242.6022,71.7820,260.4404,72.7070,258.1665,72.2529,256.1715,72.1569,7,nan,nan,nan
ROI_075/patch_35,7,207.1345,38.5156,227.7580,37.7445,223.3663,38.9972,220.7946,38.5191,10,nan,nan,nan
ROI_075/patch_36,0,441.3332,150.9926,407.8908,150.9926,411.5542,152.1911,409.0281,152.2933,11,nan,nan,nan
ROI_075/patch_36,1,496.8171,192.7955,461.8547,195.0757,464.6420,194.0563,458.9013,194.7584,5,nan,nan,nan
ROI_075/patch_36,2,293.1202,316.0655,268.8009,316.6843,268.9228,317.4250,268.1769,318.1047,11,nan,nan,nan
ROI_075/patch_36,3,240.5671,453.0341,207.9966,454.2541,218.1166,454.5435,208.0953,454.2767,12,nan,nan,nan
ROI_075/patch_36,4,168.3248,16.7285,147.1923,17.9831,150.1245,17.7051,149.1181,17.6063,10,nan,nan,nan
ROI_075/patch_36,5,66.0441,475.4205,34.7043,478.5758,50.6751,476.9161,33.5072,477.1210,11,nan,nan,nan
ROI_075/patch_36,6,218.6025,57.8496,195.8358,58.2660,198.2214,58.8864,193.5764,58.9074,8,nan,nan,nan
ROI_075/patch_36,7,385.6929,74.3222,356.9672,76.5073,358.4196,75.4171,359.9365,75.0760,10,nan,nan,nan
ROI_075/patch_37,0,381.2889,216.3572,369.1281,216.3572,369.5143,217.1411,368.4835,216.9943,12,nan,nan,nan
ROI_075/patch_37,1,283.2420,122.8706,274.1213,123.6306,274.3416,123.5084,276.3168,123.6625,8,nan,nan,nan
ROI_075/patch_37,2,141.4090,198.9873,123.6306,203.4363,124.6998,199.9191,122.6264,200.1182,9,nan,nan,nan
ROI_075/patch_37,3,59.3119,432.4286,68.9067,432.9726,27.3600,433.9835,65.6066,432.8474,11,nan,nan,nan
ROI_075/patch_37,4,419.6972,309.3823,413.9713,309.0838,403.6032,310.3583,413.7293,310.5209,12,nan,nan,nan
ROI_075/patch_37,5,235.1732,62.6953,226.2379,63.5864,228.4940,63.2272,228.5365,64.0150,13,nan,nan,nan
ROI_075/patch_37,6,490.7549,77.3892,491.4968,75.7472,489.5492,77.7544,490.5647,76.9514,7,nan,nan,nan
ROI_075/patch_37,7,191.8419,20.1678,185.9551,21.0233,186.5015,20.6323,185.7606,20.6981,9,nan,nan,nan
ROI_075/patch_38,0,47.6252,74.2271,66.6266,74.2271,60.7431,74.3520,65.8760,74.7548,10,nan,nan,nan
ROI_075/patch_38,1,209.5167,167.7138,226.2379,167.7138,222.4442,167.9034,222.9782,167.7390,10,nan,nan,nan
ROI_075/patch_38,2,206.7935,349.0181,218.6374,348.6066,219.5975,349.1296,219.5668,348.8965,12,nan,nan,nan
ROI_075/patch_38,3,316.9367,409.0543,328.0852,407.8908,329.6136,409.2114,329.6113,409.5150,11,nan,nan,nan
ROI_075/patch_38,4,494.4469,437.8724,502.8976,437.5329,506.9661,438.1314,501.1510,438.5362,3,nan,nan,nan
ROI_075/patch_38,5,353.4661,61.3046,361.5275,62.8263,366.3556,61.6315,366.2655,61.9870,8,nan,nan,nan
ROI_075/patch_38,6,84.1213,204.7136,100.8290,204.1964,97.1204,204.8070,100.5798,204.5876,8,nan,nan,nan
ROI_075/patch_38,7,72.5621,307.2132,78.7874,307.5637,85.4992,307.2560,78.8600,307.4596,10,nan,nan,nan
ROI_075/patch_39,0,236.8787,33.1842,186.7151,33.9443,193.8592,34.3134,191.4935,34.5099,6,nan,nan,nan
ROI_075/patch_39,1,422.3318,300.7232,388.1294,303.0034,387.7492,302.0929,390.3945,302.5608,9,nan,nan,nan
ROI_075/patch_39,2,58.5974,215.2634,11.1426,217.1173,11.0281,216.6425,13.4145,217.2046,7,nan,nan,nan
ROI_075/patch_39,3,89.8556,155.5724,47.6252,157.8331,42.8590,156.8773,45.1350,157.7566,10,nan,nan,nan
ROI_075/patch_39,4,297.3547,491.7542,250.5596,494.5370,260.0965,493.3684,nan,nan,2,nan,nan,nan
ROI_075/patch_39,5,490.8636,424.4110,458.0544,428.4123,459.5999,425.8967,452.7945,426.5853,9,nan,nan,nan
ROI_075/patch_39,6,144.6650,392.1912,100.8290,394.2099,101.4389,393.7396,100.0948,393.5609,11,nan,nan,nan
ROI_075/patch_39,7,77.5109,382.0058,30.9040,383.5691,31.9325,383.5621,32.4692,383.0393,9,nan,nan,nan
ROI_075/patch_40,0,328.8452,120.5904,371.4082,119.8304,380.0655,119.8971,373.1662,120.3425,10,nan,nan,nan
ROI_075/patch_40,1,245.9993,313.6441,269.5610,312.1240,266.9321,313.9727,271.0042,313.9325,10,nan,nan,nan
ROI_075/patch_40,2,341.3251,470.7552,343.2862,471.7354,345.4811,471.4986,342.5230,470.9003,12,nan,nan,nan
ROI_075/patch_40,3,47.9744,189.5219,68.9067,189.7553,76.2259,189.8370,73.3219,190.1444,11,nan,nan,nan
ROI_075/patch_40,4,156.1479,131.1203,198.8760,131.9912,197.5817,130.9134,200.3120,131.3056,12,nan,nan,nan
ROI_075/patch_40,5,374.3174,200.9481,415.4914,199.6360,416.7980,200.4753,412.5088,201.0072,7,nan,nan,nan
ROI_075/patch_40,6,259.0597,491.0490,258.1602,493.0169,256.4741,492.0881,259.1263,492.4861,10,nan,nan,nan
ROI_075/patch_40,7,38.5370,435.5499,29.3839,436.0128,32.8402,436.9210,25.3116,436.2226,6,nan,nan,nan
ROI_075/patch_40,8,139.1706,72.5182,177.5945,71.9470,187.7608,72.1090,177.8037,72.4731,13,nan,nan,nan
ROI_075/patch_41,0,402.5704,188.9953,420.0517,187.4752,419.8468,188.7442,421.2146,188.7966,11,nan,nan,nan
ROI_075/patch_41,1,271.8412,74.2271,283.2420,74.9872,284.4213,74.2709,284.2646,74.2075,11,nan,nan,nan
ROI_075/patch_41,2,292.2313,21.1102,302.2433,21.7834,303.1830,21.2301,304.7554,21.0491,13,nan,nan,nan
ROI_075/patch_41,3,286.1705,485.6558,310.6039,483.8962,312.5247,484.9813,311.9685,485.2710,10,nan,nan,nan
ROI_075/patch_41,4,370.3198,268.8595,390.4096,268.8009,390.0339,268.4952,389.8731,268.7566,10,nan,nan,nan
ROI_075/patch_41,5,258.2250,229.2885,278.6816,230.7982,275.8683,229.0757,276.9055,229.0444,9,nan,nan,nan
ROI_075/patch_41,6,173.6552,134.5614,188.9953,135.7915,187.5795,134.5746,180.6477,134.7647,9,nan,nan,nan
ROI_075/patch_41,7,116.3339,2.3635,135.0314,1.2619,125.4772,2.6467,nan,nan,0,nan,nan,nan
ROI_075/patch_41,8,81.8676,394.6444,102.3491,394.2099,103.8196,394.2786,101.0073,394.0176,12,nan,nan,nan
ROI_075/patch_42,0,326.5650,237.6387,277.1615,242.9591,279.0465,238.9664,276.0268,239.7112,9,nan,nan,nan
ROI_075/patch_42,1,465.6549,123.6306,417.7715,125.1507,411.8448,125.2414,414.9161,124.9246,12,nan,nan,nan
ROI_075/patch_42,2,415.2211,32.1730,362.2876,33.9443,360.0619,33.8791,nan,nan,1,nan,nan,nan
ROI_075/patch_42,3,139.3412,32.6308,89.4282,34.7043,90.4917,34.1119,94.1234,33.5843,7,nan,nan,nan
ROI_075/patch_42,4,109.5605,98.7391,59.7861,100.8290,63.1981,100.0975,58.8516,100.3570,7,nan,nan,nan
ROI_075/patch_42,5,82.4380,329.0761,45.3451,332.6455,42.9917,330.0689,43.7719,331.1201,11,nan,nan,nan
ROI_075/patch_42,6,66.3924,378.7614,27.8638,379.0088,28.6706,379.6671,27.9122,380.5088,10,nan,nan,nan
ROI_075/patch_42,7,443.2721,492.5221,402.5704,493.7769,400.0576,493.5646,399.0149,493.9588,4,nan,nan,nan
ROI_075/patch_43,0,175.3143,143.3920,147.9524,143.3920,151.9499,144.7007,149.7227,145.0576,12,nan,nan,nan
ROI_075/patch_43,1,125.9108,224.7178,101.5891,226.2379,101.6936,225.9959,99.9436,226.2121,11,nan,nan,nan
ROI_075/patch_43,2,192.9633,439.0289,184.4350,439.8131,181.8245,439.8445,186.1378,440.1129,11,nan,nan,nan
ROI_075/patch_43,3,304.2041,325.8774,298.4430,327.3251,297.5544,326.6533,297.7677,326.7628,11,nan,nan,nan
ROI_075/patch_43,4,366.6534,29.4998,375.2085,30.1440,353.9745,30.6148,372.5743,29.9901,12,nan,nan,nan
ROI_075/patch_43,5,296.9432,26.5258,287.8023,28.6239,278.7386,27.7804,284.0356,28.0601,10,nan,nan,nan
ROI_075/patch_43,6,411.0881,189.9668,416.2514,192.0355,407.7533,190.7467,411.4348,190.8711,12,nan,nan,nan
ROI_075/patch_43,7,436.3732,295.1211,437.5329,297.6830,438.8638,295.6888,436.6573,296.0337,9,nan,nan,nan
ROI_075/patch_44,0,94.7486,271.0811,119.8304,272.6012,118.7149,270.4203,119.7908,270.3394,11,nan,nan,nan
ROI_075/patch_44,1,53.7057,249.0395,74.2271,249.0395,77.5357,248.3479,73.4544,249.2229,11,nan,nan,nan
ROI_075/patch_44,2,3.1840,345.5107,26.3437,346.3265,29.1208,344.7289,nan,nan,1,nan,nan,nan
ROI_075/patch_44,3,123.4629,434.7666,150.2325,433.7327,150.2529,434.0648,149.4624,434.4217,10,nan,nan,nan
ROI_075/patch_44,4,276.6479,465.0516,304.5235,466.4150,302.9900,464.4870,302.8591,464.3226,11,nan,nan,nan
ROI_075/patch_44,5,470.1736,189.4651,489.9767,188.9953,490.1745,189.2063,489.2272,189.1737,10,nan,nan,nan
ROI_075/patch_44,6,388.2096,113.0601,402.5704,112.2298,407.3423,112.7533,406.8397,112.7932,12,nan,nan,nan
ROI_075/patch_44,7,268.5773,107.9559,287.0422,106.1494,288.4011,107.5341,287.9357,107.4040,10,nan,nan,nan
ROI_075/patch_45,0,255.1200,434.4927,245.2393,436.7729,246.7745,435.6733,248.2213,435.9166,7,nan,nan,nan
ROI_075/patch_45,1,114.5100,389.6495,128.1910,390.4096,124.4466,390.4242,128.3188,390.2138,7,nan,nan,nan
ROI_075/patch_45,2,104.8198,469.7992,118.3103,468.6951,122.7828,470.5518,117.8349,470.7561,12,nan,nan,nan
ROI_075/patch_45,3,415.6215,94.6288,369.1281,96.2687,354.6200,96.2453,370.8863,96.6512,10,nan,nan,nan
ROI_075/patch_45,4,425.3989,242.3656,373.6884,246.7594,374.8819,244.0204,374.3272,244.4590,11,nan,nan,nan
ROI_075/patch_45,5,470.4785,318.3122,416.2514,322.0047,419.1051,320.1014,nan,nan,1,nan,nan,nan
ROI_075/patch_45,6,340.9083,193.9901,296.9229,194.3157,299.6347,195.3996,296.4168,195.8070,11,nan,nan,nan
ROI_075/patch_45,7,127.9561,160.6145,107.6695,162.3934,117.1781,161.4117,nan,nan,0,nan,nan,nan
ROI_075/patch_46,0,160.1132,30.9040,145.6722,31.6641,140.8320,32.2087,146.7179,32.1417,10,nan,nan,nan
ROI_075/patch_46,1,275.6414,48.3853,276.4015,49.9054,267.2008,49.3320,275.1949,49.4765,5,nan,nan,nan
ROI_075/patch_46,2,267.8970,136.4391,257.4001,135.7915,256.0561,137.4912,255.6998,137.4117,11,nan,nan,nan
ROI_075/patch_46,3,322.7994,388.1087,307.5637,391.1696,308.8179,389.2129,309.7794,389.2907,12,nan,nan,nan
ROI_075/patch_46,4,365.6983,470.1676,355.4471,470.9753,353.4778,471.2080,353.1999,471.5240,11,nan,nan,nan
ROI_075/patch_46,5,486.6130,315.5993,489.9767,315.9243,490.9184,316.1073,491.8323,316.3380,7,nan,nan,nan
ROI_075/patch_46,6,453.9663,157.0868,458.8144,155.5529,459.8101,157.5557,460.2637,157.5070,10,nan,nan,nan
ROI_075/patch_46,7,144.7829,346.3527,112.2298,348.6066,114.5412,347.9949,113.0393,347.5258,10,nan,nan,nan
ROI_075/patch_46,8,118.4941,152.9895,87.9081,151.7526,91.4606,154.5402,nan,nan,0,nan,nan,nan
ROI_075/patch_47,0,290.0825,53.7057,319.7246,54.4657,315.7415,53.7679,315.8096,54.1567,13,nan,nan,nan
ROI_075/patch_47,1,381.2889,457.2943,413.2112,456.5343,407.4941,457.3482,412.8652,456.8949,12,nan,nan,nan
ROI_075/patch_47,2,182.7821,402.7335,211.7969,403.3305,208.6439,402.7653,208.6569,402.8884,10,nan,nan,nan
ROI_075/patch_47,3,21.0645,324.0214,40.7848,324.2849,46.6114,324.0367,40.4957,323.4138,12,nan,nan,nan
ROI_075/patch_47,4,144.0990,314.8132,172.2741,312.8841,169.8146,314.8444,170.5190,314.7878,11,nan,nan,nan
ROI_075/patch_47,5,252.5492,309.3051,278.6816,308.3238,278.4161,309.3501,279.0738,309.1617,11,nan,nan,nan
ROI_075/patch_47,6,59.9039,91.3736,83.3478,91.7084,85.2682,91.4053,84.6972,91.6874,10,nan,nan,nan
ROI_075/patch_47,7,392.2680,41.2808,413.2112,40.7848,418.0623,41.3565,417.6380,41.2662,11,nan,nan,nan
ROI_075/patch_48,0,313.6441,390.4096,344.8063,388.8895,343.7730,390.3949,345.8581,390.3675,9,nan,nan,nan
ROI_075/patch_48,1,317.4444,249.0395,350.8868,249.0395,340.2262,249.1008,348.8133,248.6015,11,nan,nan,nan
ROI_075/patch_48,2,126.8402,332.8364,182.1548,331.1254,151.6691,332.9334,183.8841,332.6516,8,nan,nan,nan
ROI_075/patch_48,3,128.4508,249.0928,183.6749,248.2795,148.9196,249.2351,179.6730,248.1975,9,nan,nan,nan
ROI_075/patch_48,4,169.5311,5.3867,175.3143,6.5823,177.7574,5.6452,nan,nan,2,nan,nan,nan
ROI_075/patch_48,5,328.9876,458.4256,358.4873,461.0946,362.8617,458.3670,360.8853,458.5403,12,nan,nan,nan
ROI_075/patch_48,6,66.3800,78.8602,79.3654,81.8079,77.1851,79.1226,79.0089,79.6334,13,nan,nan,nan
ROI_075/patch_48,7,240.2406,384.7501,271.6591,383.5493,269.1740,384.7700,272.0466,385.3343,12,nan,nan,nan
ROI_075/patch_49,0,261.2004,262.7205,274.8814,264.2406,274.4943,262.6985,274.4182,262.7377,10,nan,nan,nan
ROI_075/patch_49,1,186.7151,296.1629,211.0368,296.1629,205.9915,295.9571,211.9312,295.1136,10,nan,nan,nan
ROI_075/patch_49,2,153.1642,370.4672,188.9953,369.8881,183.0402,369.9604,190.7480,369.6555,8,nan,nan,nan
ROI_075/patch_49,3,276.0466,499.1210,307.5637,499.8574,320.5824,498.2402,307.6777,498.3538,3,nan,nan,nan
ROI_075/patch_49,4,458.0413,104.7810,450.4538,105.3893,446.2433,105.5011,451.6144,105.5016,12,nan,nan,nan
ROI_075/patch_49,5,481.7140,387.4859,493.7769,385.8493,507.1565,387.1838,494.5367,387.1880,6,nan,nan,nan
ROI_075/patch_49,6,142.1821,91.0502,132.7513,91.7084,134.9974,91.5638,135.7963,91.2023,11,nan,nan,nan
ROI_075/patch_49,7,87.7073,28.8941,68.9067,30.9040,73.3402,29.5923,74.3932,30.2041,8,nan,nan,nan
ROI_075/patch_49,8,44.8838,429.4628,87.1480,427.6522,84.8417,428.6505,83.7722,428.3457,9,nan,nan,nan
ROI_075/patch_50,0,29.3839,83.3478,42.3049,84.1078,55.0388,83.4619,41.9919,83.9226,12,nan,nan,nan
ROI_075/patch_50,1,160.8733,446.6536,192.0355,446.6536,186.2290,446.6506,192.9023,446.7349,10,nan,nan,nan
ROI_075/patch_50,2,248.9776,369.6331,273.3613,369.8881,274.4226,369.6262,274.8434,369.2473,11,nan,nan,nan
ROI_075/patch_50,3,436.8543,331.3870,463.3748,332.6455,462.3759,331.3427,462.6469,331.1568,11,nan,nan,nan
ROI_075/patch_50,4,366.0478,209.6519,390.4096,211.0368,391.6635,209.6534,386.2190,209.6120,8,nan,nan,nan
ROI_075/patch_50,5,198.3475,93.4982,223.1977,93.2285,224.0309,93.5682,223.7207,93.7343,11,nan,nan,nan
ROI_075/patch_50,6,112.0783,363.7640,135.7915,365.3278,137.4981,363.7924,137.4548,363.8706,12,nan,nan,nan
ROI_075/patch_50,7,15.9422,425.6559,43.0649,426.1321,41.2846,425.6935,41.4346,425.6884,9,nan,nan,nan
ROI_075/patch_50,8,426.9294,128.7701,457.2943,128.1910,452.6319,128.7755,458.2541,128.1928,10,nan,nan,nan
ROI_075/patch_51,0,93.9885,280.2018,128.1910,280.2018,128.1633,280.1461,131.5542,280.4396,11,nan,nan,nan
ROI_075/patch_51,1,239.9189,185.1950,282.4819,184.4350,279.8460,184.9519,279.1588,184.3441,9,nan,nan,nan
ROI_075/patch_51,2,194.5936,111.8182,233.0784,111.4698,230.4543,111.6726,233.3560,111.8540,12,nan,nan,nan
ROI_075/patch_51,3,386.9762,112.2746,432.2126,111.4698,433.2057,111.8339,431.1527,111.6124,11,nan,nan,nan
ROI_075/patch_51,4,334.7565,184.4551,382.0490,184.4350,379.7737,184.0669,379.6529,183.7544,11,nan,nan,nan
ROI_075/patch_51,5,456.6143,125.0195,499.8574,125.1507,506.8758,124.4672,nan,nan,2,nan,nan,nan
ROI_075/patch_51,6,387.7002,494.9700,439.0530,495.2970,442.4485,494.3820,437.9910,494.2645,5,nan,nan,nan
ROI_075/patch_51,7,133.3568,490.5147,178.3545,488.4565,174.3115,490.3183,177.7480,490.5504,10,nan,nan,nan
ROI_075/patch_51,8,83.0060,388.3895,119.8304,388.8895,118.9867,388.3093,120.5198,388.3925,11,nan,nan,nan
ROI_075/patch_52,0,223.1977,160.8733,264.2406,161.6333,263.5323,160.7369,262.3113,161.1604,9,nan,nan,nan
ROI_075/patch_52,1,296.1629,100.8290,331.8854,101.5891,329.1595,100.9274,328.7946,100.8735,12,nan,nan,nan
ROI_075/patch_52,2,22.5978,297.9874,78.7874,296.9229,81.4630,297.2359,74.1675,297.0967,9,nan,nan,nan
ROI_075/patch_52,3,46.0152,179.0796,94.7486,176.8344,96.6697,178.5124,96.8744,178.3413,10,nan,nan,nan
ROI_075/patch_52,4,198.5640,395.3577,253.5999,393.4498,253.9655,394.9079,250.6026,394.5263,8,nan,nan,nan
ROI_075/patch_52,5,111.6667,468.0329,165.4336,464.8949,175.8758,467.3021,163.2708,467.7267,11,nan,nan,nan
ROI_075/patch_52,6,47.3837,396.1451,103.1092,394.9699,110.7239,395.3438,104.3849,395.3345,8,nan,nan,nan
ROI_075/patch_52,7,409.0692,261.6396,446.6536,261.2004,445.6225,261.8241,447.5360,261.6151,11,nan,nan,nan
ROI_075/patch_53,0,110.7097,32.4242,152.5127,33.1842,141.3865,32.4341,149.8338,31.0471,8,nan,nan,nan
ROI_075/patch_53,1,205.7165,65.8665,254.3599,65.8665,237.9039,65.8283,250.7128,64.9741,10,nan,nan,nan
ROI_075/patch_53,2,37.7373,260.9305,78.0274,258.9202,80.0814,260.5519,82.0365,260.2780,9,nan,nan,nan
ROI_075/patch_53,3,106.4606,443.7056,156.3130,444.3734,157.9003,443.0267,157.8049,442.8306,12,nan,nan,nan
ROI_075/patch_53,4,217.0810,376.2331,266.5208,373.6884,264.9096,375.6763,267.8421,375.4789,8,nan,nan,nan
ROI_075/patch_53,5,320.2749,427.8870,374.4484,426.1321,370.5179,427.2522,377.4350,426.1170,9,nan,nan,nan
ROI_075/patch_53,6,299.3606,312.6877,344.8063,311.3640,343.8291,312.2440,344.6480,311.6721,10,nan,nan,nan
ROI_075/patch_53,7,243.6715,156.9788,287.8023,156.3130,280.3861,156.7911,282.7420,156.9765,10,nan,nan,nan
ROI_075/patch_54,0,394.2099,51.4255,439.8131,51.4255,438.5427,50.6227,439.5905,50.3959,12,nan,nan,nan
ROI_075/patch_54,1,192.7955,11.1426,239.1588,11.1426,235.4341,10.2045,237.8034,10.3416,6,nan,nan,nan
ROI_075/patch_54,2,131.2231,307.9252,182.1548,306.8036,179.4479,307.1908,182.2266,306.9764,11,nan,nan,nan
ROI_075/patch_54,3,73.8416,416.2877,126.6709,415.4914,123.9502,415.6098,125.3129,415.3189,12,nan,nan,nan
ROI_075/patch_54,4,9.9587,443.2384,59.7861,441.3332,60.3145,442.5491,60.6796,442.3262,5,nan,nan,nan
ROI_075/patch_54,5,451.7542,338.5630,500.6174,337.2058,502.0142,338.0173,nan,nan,2,nan,nan,nan
ROI_075/patch_54,6,298.1814,208.6868,348.6066,206.4765,345.1913,207.9594,348.9232,207.4957,11,nan,nan,nan
ROI_075/patch_54,7,156.3933,103.5479,197.3559,103.8692,200.6942,102.6644,194.4229,103.0784,11,nan,nan,nan
ROI_075/patch_55,0,247.5194,116.0301,296.9229,115.2700,295.6875,115.7426,298.6573,114.7206,11,nan,nan,nan
ROI_075/patch_55,1,92.4684,185.9551,146.4323,185.1950,143.8794,185.8138,149.4418,185.3925,10,nan,nan,nan
ROI_075/patch_55,2,81.4349,266.0773,134.2714,264.2406,133.5410,265.8900,133.0549,265.2353,12,nan,nan,nan
ROI_075/patch_55,3,105.0035,337.9442,157.8331,337.2058,157.1265,337.6727,156.3432,337.5362,13,nan,nan,nan
ROI_075/patch_55,4,104.2982,454.4876,158.5931,453.4941,157.1542,454.1295,155.8424,454.5005,10,nan,nan,nan
ROI_075/patch_55,5,320.1404,444.6342,369.8881,444.3734,369.0228,444.0069,371.0913,443.6633,11,nan,nan,nan
ROI_075/patch_55,6,443.8606,372.8051,492.2568,372.9283,490.0562,372.0730,489.2835,372.0118,8,nan,nan,nan
ROI_075/patch_55,7,408.8886,202.0051,455.0142,200.3961,454.6627,201.4462,454.0777,201.5161,10,nan,nan,nan
ROI_075/patch_56,0,154.7928,71.9470,207.9966,69.6668,204.5256,70.9187,206.5120,70.3399,9,nan,nan,nan
ROI_075/patch_56,1,226.9980,45.3451,286.2822,44.5850,274.3495,44.2836,284.4948,44.0352,11,nan,nan,nan
ROI_075/patch_56,2,148.3469,286.5709,203.4363,284.0020,202.1248,285.5811,205.6833,285.6906,9,nan,nan,nan
ROI_075/patch_56,3,92.2623,307.5133,149.4725,304.5235,147.8949,306.5493,149.9306,305.9996,10,nan,nan,nan
ROI_075/patch_56,4,61.4428,436.7647,119.8304,435.2528,120.2207,435.8347,118.9454,435.2832,10,nan,nan,nan
ROI_075/patch_56,5,392.9996,461.5945,440.5731,460.3345,443.4970,460.5363,438.6404,460.3926,7,nan,nan,nan
ROI_075/patch_56,6,456.0409,420.1955,505.1777,418.5316,504.1311,419.1052,nan,nan,1,nan,nan,nan
ROI_075/patch_56,7,7.2150,103.1039,62.0663,100.8290,61.3957,102.1398,58.6410,102.3193,3,nan,nan,nan
ROI_075/patch_57,0,83.3478,186.7151,124.3907,187.4752,122.8636,187.0532,122.0231,186.7169,9,nan,nan,nan
ROI_075/patch_57,1,344.0463,493.7769,388.1294,493.7769,387.1410,493.4719,388.8015,493.4060,7,nan,nan,nan
ROI_075/patch_57,2,256.4247,350.0111,304.5235,350.1267,298.6819,349.9717,301.6314,350.3581,10,nan,nan,nan
ROI_075/patch_57,3,55.1294,468.2879,71.1869,469.4552,91.4223,468.3116,74.0376,469.3921,11,nan,nan,nan
ROI_075/patch_57,4,85.3516,324.9238,117.5502,325.8050,123.6714,325.0913,117.5128,325.4632,13,nan,nan,nan
ROI_075/patch_57,5,388.1353,248.7870,435.2528,248.2795,434.5096,248.7354,433.6724,249.1166,12,nan,nan,nan
ROI_075/patch_57,6,456.9844,113.1881,501.3775,111.4698,506.2556,113.2311,nan,nan,2,nan,nan,nan
ROI_075/patch_57,7,374.6542,95.7996,419.2916,94.7486,422.0784,95.9486,nan,nan,2,nan,nan,nan
ROI_075/patch_58,0,95.5086,202.6762,147.9524,202.6762,147.3228,201.9992,147.3738,201.7087,10,nan,nan,nan
ROI_075/patch_58,1,132.7513,133.5113,188.9953,133.5113,184.4237,132.7836,184.4308,132.7119,11,nan,nan,nan
ROI_075/patch_58,2,279.0866,168.2836,330.3653,167.7138,330.2013,167.4738,329.8358,168.0619,12,nan,nan,nan
ROI_075/patch_58,3,242.5217,481.8826,293.8827,480.8560,293.7751,481.2164,293.8152,481.0394,11,nan,nan,nan
ROI_075/patch_58,4,196.3877,408.6220,252.0798,405.6107,247.8171,407.9578,247.7872,407.8509,12,nan,nan,nan
ROI_075/patch_58,5,131.6079,343.6902,183.6749,341.0061,183.2843,343.0435,183.3394,342.7395,11,nan,nan,nan
ROI_075/patch_58,6,68.1362,26.0502,122.1105,26.3437,120.0551,25.3235,125.1392,25.0006,7,nan,nan,nan
ROI_075/patch_58,7,423.2296,384.1759,471.7354,381.2889,473.7945,383.3546,473.9375,383.4168,8,nan,nan,nan
ROI_075/patch_59,0,156.3130,46.1051,217.8773,42.3049,203.8008,45.8566,214.4717,45.6125,3,nan,nan,nan
ROI_075/patch_59,1,350.1267,104.6293,391.9297,103.8692,394.0898,104.2171,394.3426,104.0196,13,nan,nan,nan
ROI_075/patch_59,2,453.1103,397.6945,498.3372,397.2501,497.2569,396.9816,497.9530,397.3591,4,nan,nan,nan
ROI_075/patch_59,3,353.1298,455.1818,401.0503,455.7742,399.7830,454.4817,403.8665,454.8884,8,nan,nan,nan
ROI_075/patch_59,4,212.3846,464.6141,261.2004,464.1348,262.0051,463.9906,263.5842,464.2654,11,nan,nan,nan
ROI_075/patch_59,5,68.5037,365.9007,120.5904,366.0879,120.3071,365.4437,119.8008,365.9568,11,nan,nan,nan
ROI_075/patch_59,6,41.9758,123.6814,102.3491,122.8706,92.4231,123.4380,102.7678,122.6045,12,nan,nan,nan
ROI_075/patch_59,7,17.1375,26.2970,74.2271,24.8236,67.3309,26.1479,74.8224,25.4309,9,nan,nan,nan
ROI_075/patch_60,0,134.2714,185.1950,181.3947,182.9148,185.2809,184.0905,184.6534,184.2824,9,nan,nan,nan
ROI_075/patch_60,1,343.7419,413.5600,393.4498,410.1710,394.5408,412.7271,394.3005,412.3964,11,nan,nan,nan
ROI_075/patch_60,2,52.0560,317.8622,107.6695,316.6843,103.4303,316.6029,108.7425,316.6823,11,nan,nan,nan
ROI_075/patch_60,3,151.5084,453.5963,203.4363,451.9740,202.8174,452.4600,202.6421,452.1595,12,nan,nan,nan
ROI_075/patch_60,4,269.8901,184.0798,318.2045,181.3947,320.5742,183.1834,315.7565,182.4030,7,nan,nan,nan
ROI_075/patch_60,5,27.1060,47.5059,74.9872,44.5850,78.1969,46.2670,78.1234,46.3410,12,nan,nan,nan
ROI_075/patch_60,6,353.3997,306.3053,401.8104,306.8036,404.0395,305.5105,399.1475,305.3398,7,nan,nan,nan
ROI_075/patch_60,7,215.8325,37.1102,265.0007,36.2244,266.4593,36.1629,266.9967,36.2007,13,nan,nan,nan
ROI_075/patch_61,0,297.6830,204.1964,337.9659,204.9564,332.2296,204.1971,336.1400,203.9583,11,nan,nan,nan
ROI_075/patch_61,1,192.0355,211.0368,215.5972,211.7969,216.1999,211.3912,217.4745,211.4300,9,nan,nan,nan
ROI_075/patch_61,2,107.6943,176.9821,122.1105,178.3545,124.2655,177.6163,120.6513,177.6946,13,nan,nan,nan
ROI_075/patch_61,3,72.1045,41.8429,81.8277,42.3049,87.5963,42.5874,84.6454,42.6150,12,nan,nan,nan
ROI_075/patch_61,4,242.2995,13.6691,277.9216,12.6628,274.8185,13.8428,274.5022,13.4269,7,nan,nan,nan
ROI_075/patch_61,5,426.6051,62.0171,465.6549,62.0663,476.1757,61.5778,471.2130,61.9165,12,nan,nan,nan
ROI_075/patch_61,6,427.5344,473.0826,468.6951,474.0155,469.9633,472.6665,466.1162,472.6826,11,nan,nan,nan
ROI_075/patch_61,7,355.5235,335.5776,396.4900,334.9256,393.3769,335.3934,394.2428,335.8036,12,nan,nan,nan
ROI_075/patch_61,8,46.3315,375.1015,55.4158,374.2584,53.4569,375.9535,52.7714,376.3292,11,nan,nan,nan
ROI_075/patch_62,0,152.3227,137.3116,202.4862,136.5516,201.6134,136.4890,198.2009,136.6503,12,nan,nan,nan
ROI_075/patch_62,1,105.1993,281.7219,156.1229,281.7219,155.8423,280.7838,156.2572,280.4689,10,nan,nan,nan
ROI_075/patch_62,2,82.5764,505.8369,137.1216,504.4177,134.2723,504.7591,nan,nan,0,nan,nan,nan
ROI_075/patch_62,3,252.5125,455.4759,300.5332,454.2541,300.5587,454.5579,302.9534,454.4101,9,nan,nan,nan
ROI_075/patch_62,4,242.9439,204.1279,289.8924,201.9162,290.5327,203.3394,288.3803,202.7871,10,nan,nan,nan
ROI_075/patch_62,5,42.3928,101.7350,96.0787,100.8290,93.8668,100.8461,93.6331,101.3021,10,nan,nan,nan
ROI_075/patch_62,6,410.5685,508.2092,456.3443,506.6978,455.4798,507.3856,nan,nan,0,nan,nan,nan
ROI_075/patch_62,7,230.3483,346.0772,276.2115,342.5262,278.5680,345.2016,280.1614,345.1777,7,nan,nan,nan
ROI_075/patch_62,8,374.4633,39.1012,419.1016,36.2244,418.8987,38.5051,419.3703,38.0564,12,nan,nan,nan
ROI_075/patch_63,0,266.3308,107.6695,314.2142,106.9094,317.1697,107.0564,317.3375,107.0026,11,nan,nan,nan
ROI_075/patch_63,1,361.3375,262.7205,410.7410,260.4404,412.0983,262.1616,411.8643,262.0851,10,nan,nan,nan
ROI_075/patch_63,2,299.1783,365.6575,346.8965,364.5677,350.1789,365.0676,349.7451,364.7760,9,nan,nan,nan
ROI_075/patch_63,3,164.7672,444.5468,217.6873,443.6134,216.1536,443.8869,216.6271,443.7645,12,nan,nan,nan
ROI_075/patch_63,4,29.8642,112.0449,80.8776,110.7097,81.2579,111.3057,81.3162,111.8001,12,nan,nan,nan
ROI_075/patch_63,5,105.1904,19.1703,161.4433,17.9831,156.3229,18.4693,156.4875,18.6144,10,nan,nan,nan
ROI_075/patch_63,6,20.8900,246.9210,75.5572,247.5194,72.4290,246.1799,77.6585,245.8810,11,nan,nan,nan
ROI_075/patch_63,7,57.7626,476.3913,113.5599,476.2957,109.4276,475.6750,109.6816,476.0757,8,nan,nan,nan
ROI_075/patch_63,8,377.0550,149.9248,425.1821,150.2325,427.6751,149.3718,427.7905,149.4312,10,nan,nan,nan
ROI_075/patch_64,0,126.4808,119.8304,178.1645,118.3103,180.0326,119.2165,177.9256,119.4164,12,nan,nan,nan
ROI_075/patch_64,1,81.6377,231.5583,137.1216,232.3184,138.3453,230.9086,139.1477,230.4721,10,nan,nan,nan
ROI_075/patch_64,2,13.1811,285.7586,73.2771,284.7621,72.7130,285.0816,71.2008,284.9311,7,nan,nan,nan
ROI_075/patch_64,3,278.1039,293.4933,333.2155,291.6026,330.4318,292.8709,334.6401,292.1975,8,nan,nan,nan
ROI_075/patch_64,4,403.2629,324.4146,455.5842,323.5248,452.6544,323.8116,454.7092,324.2019,10,nan,nan,nan
ROI_075/patch_64,5,388.9096,386.9635,441.9032,383.5691,439.7702,386.3428,440.4967,386.5158,12,nan,nan,nan
ROI_075/patch_64,6,278.3535,502.6897,327.8951,499.8574,334.2582,502.0182,nan,nan,2,nan,nan,nan
ROI_075/patch_64,7,291.7301,49.7898,339.2960,48.3853,339.5058,49.2276,337.3438,50.0160,10,nan,nan,nan
ROI_075/patch_65,0,321.0547,30.1440,345.3764,32.4242,335.6147,30.5705,346.0582,30.7264,10,nan,nan,nan
ROI_075/patch_65,1,451.0239,382.0490,477.6258,385.0892,474.6835,382.2313,470.6901,383.0324,11,nan,nan,nan
ROI_075/patch_65,2,42.7094,438.3063,46.6752,439.8131,46.4905,438.9211,48.3749,438.8611,12,nan,nan,nan
ROI_075/patch_65,3,114.9432,331.6985,124.2007,331.8854,121.5164,332.2647,121.4985,332.5959,10,nan,nan,nan
ROI_075/patch_65,4,25.4090,325.1816,26.1537,325.8050,27.4820,325.8480,25.0240,325.5513,10,nan,nan,nan
ROI_075/patch_65,5,239.7738,46.0312,252.6498,44.5850,250.4120,46.5425,252.6932,46.2852,11,nan,nan,nan
ROI_075/patch_65,6,293.1828,211.9381,307.3737,211.7969,307.7199,212.3428,305.9894,212.1322,10,nan,nan,nan
ROI_075/patch_65,7,468.8760,295.9290,493.5869,296.1629,492.7776,296.1165,494.0656,295.6454,7,nan,nan,nan
ROI_075/patch_66,0,43.0649,370.6482,84.8679,369.1281,88.0850,370.6138,87.7211,370.7517,11,nan,nan,nan
ROI_075/patch_66,1,93.9885,458.0544,141.1119,457.2943,138.9238,458.1021,138.7279,458.0494,12,nan,nan,nan
ROI_075/patch_66,2,271.8997,315.8633,317.4444,315.9243,316.7109,315.8304,317.9705,314.6154,10,nan,nan,nan
ROI_075/patch_66,3,431.9262,378.9467,470.9753,379.7688,476.5524,378.9980,471.0393,378.8007,11,nan,nan,nan
ROI_075/patch_66,4,282.6319,61.0816,327.3251,60.5462,327.5304,60.8417,327.8781,60.8021,12,nan,nan,nan
ROI_075/patch_66,5,204.5276,55.4675,249.7996,56.7459,249.5068,55.2071,249.1749,56.3771,11,nan,nan,nan
ROI_075/patch_66,6,24.9597,103.8241,72.7070,102.3491,70.1008,103.5670,70.3717,103.9966,11,nan,nan,nan
ROI_075/patch_66,7,379.7727,68.0025,420.8117,65.8665,424.5709,67.7880,419.0442,67.1524,9,nan,nan,nan
ROI_075/patch_66,8,193.8226,176.7191,240.6789,175.3143,238.7659,176.5561,244.4231,176.1571,12,nan,nan,nan
ROI_075/patch_67,0,204.1964,14.9429,252.0798,14.9429,253.4704,13.7995,254.9032,13.6976,8,nan,nan,nan
ROI_075/patch_67,1,401.8104,59.7861,444.3734,59.0260,444.1946,58.8219,446.2262,59.4318,12,nan,nan,nan
ROI_075/patch_67,2,430.0567,123.7403,470.2152,122.1105,471.0220,122.8445,469.2114,123.1770,7,nan,nan,nan
ROI_075/patch_67,3,207.5934,317.6508,252.8398,315.1642,254.4712,316.7351,257.8880,316.5292,10,nan,nan,nan
ROI_075/patch_67,4,281.2649,405.2624,324.2849,404.0906,325.0393,404.4662,325.4769,404.9494,10,nan,nan,nan
ROI_075/patch_67,5,160.0841,471.4836,207.2366,469.4552,207.3765,470.6473,205.0685,470.6561,11,nan,nan,nan
ROI_075/patch_67,6,49.7238,491.8709,97.7888,490.7367,100.5212,490.9683,94.7731,490.9642,8,nan,nan,nan
ROI_075/patch_67,7,56.8398,267.9890,109.1896,266.5208,109.0902,266.9251,107.9357,267.2283,11,nan,nan,nan
ROI_075/patch_67,8,108.4134,177.6829,159.3532,176.8344,159.6352,176.5899,159.3045,176.3745,9,nan,nan,nan
ROI_075/patch_68,0,334.1656,74.9872,377.4887,76.5073,371.0683,74.7844,378.8981,74.4973,11,nan,nan,nan
ROI_075/patch_68,1,257.4001,87.1480,297.6830,87.1480,296.5889,86.8169,300.6953,87.3159,8,nan,nan,nan
ROI_075/patch_68,2,167.9807,480.5369,193.5556,482.3761,193.3427,480.6547,193.9127,481.2797,10,nan,nan,nan
ROI_075/patch_68,3,110.2607,103.8060,154.7928,101.5891,154.1207,103.2183,154.4713,102.6277,11,nan,nan,nan
ROI_075/patch_68,4,302.0636,280.7002,328.8452,280.9618,331.1984,280.7603,328.0604,279.4108,10,nan,nan,nan
ROI_075/patch_68,5,345.8506,390.6879,375.9686,389.6495,368.5972,391.0058,371.6771,390.7195,9,nan,nan,nan
ROI_075/patch_68,6,476.5227,491.3966,499.0973,490.7367,490.0986,492.1245,nan,nan,2,nan,nan,nan
ROI_075/patch_68,7,49.0036,45.6345,97.0287,46.8652,97.6393,44.8374,94.6214,44.5790,8,nan,nan,nan
ROI_075/patch_68,8,54.7810,490.1552,84.1078,489.9767,83.8756,490.0706,86.9560,490.2833,10,nan,nan,nan
ROI_075/patch_69,0,348.6066,313.6441,374.4484,314.4042,376.5736,313.4750,374.5463,313.5210,11,nan,nan,nan
ROI_075/patch_69,1,223.9578,337.9659,242.9591,339.4860,241.7479,338.0928,243.1313,338.0945,10,nan,nan,nan
ROI_075/patch_69,2,155.7790,415.4115,177.5945,414.7313,169.7622,415.6906,174.8806,415.0146,11,nan,nan,nan
ROI_075/patch_69,3,105.0458,480.4348,129.7111,480.0960,116.3989,480.8261,124.7023,480.8356,10,nan,nan,nan
ROI_075/patch_69,4,91.9205,127.6481,93.2285,128.9510,92.4552,128.1245,91.9555,128.4398,10,nan,nan,nan
ROI_075/patch_69,5,228.3183,47.6940,240.6789,47.6252,238.5260,47.8545,241.0796,48.5299,12,nan,nan,nan
ROI_075/patch_69,6,103.5872,278.3949,106.9094,280.9618,109.2716,278.8203,103.9680,279.3705,11,nan,nan,nan
ROI_075/patch_69,7,5.4542,353.0356,4.3022,353.9270,4.6488,353.6857,5.7167,353.4645,3,nan,nan,nan
ROI_075/patch_69,8,391.3593,212.8153,413.2112,211.7969,420.2800,212.5587,416.3674,212.5184,10,nan,nan,nan
ROI_075/patch_70,0,258.9202,128.1910,273.3613,127.4309,267.4019,129.1747,277.6697,128.7304,6,nan,nan,nan
ROI_075/patch_70,1,39.2646,363.0476,79.5475,363.0476,81.8575,362.5431,83.5026,362.9589,10,nan,nan,nan
ROI_075/patch_70,2,58.0906,206.1083,87.1480,207.2366,89.2890,206.1847,89.6679,206.2288,7,nan,nan,nan
ROI_075/patch_70,3,443.4746,435.7349,451.2139,435.2528,454.5561,436.2959,450.6650,436.3083,9,nan,nan,nan
ROI_075/patch_70,4,333.3157,488.7676,356.9672,489.9767,357.4951,488.7968,358.8397,489.5093,9,nan,nan,nan
ROI_075/patch_70,5,335.6835,270.5745,339.4860,271.0811,346.1421,271.3344,342.2599,271.8337,12,nan,nan,nan
ROI_075/patch_70,6,171.6232,382.9871,208.7567,381.2889,203.6586,382.8443,204.1636,383.1934,9,nan,nan,nan
ROI_075/patch_70,7,408.0938,182.3188,415.4914,182.9148,406.6367,183.6053,414.4792,183.3165,12,nan,nan,nan
ROI_075/patch_71,0,269.5610,150.2325,297.6830,150.2325,294.7788,150.8123,295.2700,150.5107,11,nan,nan,nan
ROI_075/patch_71,1,132.7513,166.9537,150.9926,169.9939,153.5159,167.8107,151.8925,168.2058,10,nan,nan,nan
ROI_075/patch_71,2,46.6222,148.9081,65.1065,150.2325,65.7806,149.8984,66.1627,149.8109,11,nan,nan,nan
ROI_075/patch_71,3,402.9796,460.5667,417.0115,461.0946,418.8540,461.3477,421.6729,461.5703,9,nan,nan,nan
ROI_075/patch_71,4,338.8306,431.1983,352.4069,431.4525,354.1760,432.0556,352.2033,432.2053,10,nan,nan,nan
ROI_075/patch_71,5,169.7738,392.3618,181.3947,393.4498,182.1093,393.4758,182.0962,393.2079,12,nan,nan,nan
ROI_075/patch_71,6,142.7882,306.8049,156.3130,309.0838,157.9684,307.8453,155.8301,308.0606,10,nan,nan,nan
ROI_075/patch_71,7,440.4929,174.2640,466.4150,174.5543,469.3923,174.5623,466.4167,174.6972,11,nan,nan,nan
ROI_075/patch_71,8,414.5458,61.1580,440.5731,62.8263,447.4726,61.3409,440.3425,62.3806,12,nan,nan,nan
ROI_075/patch_72,0,226.2379,378.2487,247.5194,378.2487,251.4165,378.2619,251.3747,378.7953,9,nan,nan,nan
ROI_075/patch_72,1,292.3626,129.7111,313.6441,128.1910,313.4528,129.8862,312.2765,129.6839,8,nan,nan,nan
ROI_075/patch_72,2,164.7735,43.3642,187.4752,44.5850,184.2229,43.6750,184.4658,43.4659,13,nan,nan,nan
ROI_075/patch_72,3,8.5608,167.6194,44.5850,167.7138,29.8739,167.9141,46.9863,166.8990,4,nan,nan,nan
ROI_075/patch_72,4,74.3867,438.9008,102.3491,439.0530,100.3642,438.9459,100.6233,439.1598,12,nan,nan,nan
ROI_075/patch_72,5,89.5611,506.6776,116.0301,506.6978,116.7021,506.6611,nan,nan,0,nan,nan,nan
ROI_075/patch_72,6,434.4580,447.3772,461.8547,445.1335,461.1054,447.2259,460.9769,446.9006,11,nan,nan,nan
ROI_075/patch_72,7,418.1009,271.9964,444.3734,273.3613,441.7712,271.9926,443.8110,272.4581,12,nan,nan,nan
ROI_075/patch_72,8,291.0254,218.0227,316.6843,217.1173,313.6007,218.1286,316.0166,218.2870,10,nan,nan,nan
ROI_075/patch_73,0,92.4684,170.7540,124.3907,173.0341,133.4154,170.5935,124.9208,171.1547,12,nan,nan,nan
ROI_075/patch_73,1,138.8317,259.6803,189.7553,257.4001,189.8398,259.2249,190.1612,259.3716,12,nan,nan,nan
ROI_075/patch_73,2,244.4135,249.7076,303.7634,248.2795,297.9168,249.1114,302.0657,248.0092,10,nan,nan,nan
ROI_075/patch_73,3,356.7903,472.4361,435.2528,468.6951,435.3705,471.1073,434.0755,470.6666,12,nan,nan,nan
ROI_075/patch_73,4,341.4441,405.1542,418.5316,403.3305,413.0575,404.0175,418.0807,404.1149,12,nan,nan,nan
ROI_075/patch_73,5,224.6061,489.7358,296.1629,488.4565,300.5249,488.5713,294.6632,488.9396,9,nan,nan,nan
ROI_075/patch_73,6,219.1240,66.8207,251.3197,64.3464,254.2272,66.7209,251.5972,66.3575,11,nan,nan,nan
ROI_075/patch_73,7,377.4723,54.7631,418.5316,55.2258,416.5964,54.4448,416.5968,54.9477,11,nan,nan,nan
ROI_075/patch_74,0,261.2004,31.6641,293.8827,30.1440,293.0556,31.2670,298.9751,30.9167,8,nan,nan,nan
ROI_075/patch_74,1,194.3157,52.1856,236.8787,51.4255,231.0590,51.7266,238.3557,51.2700,7,nan,nan,nan
ROI_075/patch_74,2,213.7972,195.1739,258.9202,194.3157,263.3973,194.3784,259.2601,194.0824,11,nan,nan,nan
ROI_075/patch_74,3,348.7112,210.3412,395.7300,208.7567,393.8738,209.5359,394.2949,209.4020,11,nan,nan,nan
ROI_075/patch_74,4,377.2564,465.4947,443.6134,462.6147,445.6327,464.0877,444.3561,464.1726,8,nan,nan,nan
ROI_075/patch_74,5,53.4641,412.7621,131.2312,409.4109,130.9250,411.4174,130.4230,410.5522,11,nan,nan,nan
ROI_075/patch_74,6,58.6385,278.7594,126.6709,277.1615,123.0272,277.7347,128.9087,278.0003,10,nan,nan,nan
ROI_075/patch_74,7,40.4525,61.5371,89.4282,61.3062,84.8114,61.0259,91.1761,60.4270,11,nan,nan,nan
ROI_075/patch_75,0,112.9899,43.0649,128.1910,40.7848,127.4728,43.5529,125.5779,43.6484,12,nan,nan,nan
ROI_075/patch_75,1,412.4511,98.5489,420.0517,98.5489,416.9530,99.6619,419.1740,99.2905,12,nan,nan,nan
ROI_075/patch_75,2,288.9057,112.5043,296.9229,114.5100,297.7774,113.3555,300.8063,112.9409,12,nan,nan,nan
ROI_075/patch_75,3,141.6336,478.1897,211.7969,475.5356,158.1027,478.6915,212.2234,476.6069,10,nan,nan,nan
ROI_075/patch_75,4,4.8296,397.0490,81.0676,394.2099,25.4766,397.2712,81.3602,395.7687,3,nan,nan,nan
ROI_075/patch_75,5,429.5252,429.5287,441.3332,426.1321,435.7009,430.6423,442.7734,430.0502,8,nan,nan,nan
ROI_075/patch_75,6,372.8263,390.1445,386.6093,393.4498,380.6942,391.1429,385.7737,390.7943,9,nan,nan,nan
ROI_075/patch_75,7,400.3394,235.7904,403.3305,237.6387,406.1993,236.8633,405.8302,237.4577,9,nan,nan,nan
ROI_075/patch_75,8,111.1951,392.6073,178.3545,391.1696,128.1317,393.0541,175.2488,391.2379,10,nan,nan,nan
ROI_075/patch_76,0,351.6468,246.7594,373.6884,245.9993,373.5178,246.5396,371.6635,246.4976,10,nan,nan,nan
ROI_075/patch_76,1,339.4860,144.9121,362.2876,144.1521,358.6169,144.7525,358.1562,144.5718,11,nan,nan,nan
ROI_075/patch_76,2,34.2143,321.3657,50.6655,323.5248,46.0210,321.2451,50.1862,321.7642,6,nan,nan,nan
ROI_075/patch_76,3,110.9274,279.5335,124.3907,278.6816,124.6311,279.4018,123.6882,279.1243,12,nan,nan,nan
ROI_075/patch_76,4,142.2718,96.5007,155.5529,96.2687,153.0193,96.4537,160.6776,96.8166,10,nan,nan,nan
ROI_075/patch_76,5,334.4539,63.4026,350.8868,62.0663,351.5659,63.2890,353.8017,63.7704,11,nan,nan,nan
ROI_075/patch_76,6,417.9588,19.1423,440.5731,18.7432,437.1644,19.0159,442.8591,19.5352,9,nan,nan,nan
ROI_075/patch_76,7,428.6710,415.4464,461.0946,414.7313,457.1841,415.1021,461.3380,414.8441,3,nan,nan,nan
ROI_075/patch_77,0,164.6735,121.3505,230.7982,121.3505,233.9469,120.0987,234.4927,119.9171,8,nan,nan,nan
ROI_075/patch_77,1,269.5610,107.6695,337.9659,106.1494,335.6495,106.5533,339.1814,107.0583,9,nan,nan,nan
ROI_075/patch_77,2,217.4598,249.7026,284.0020,249.0395,283.2563,248.6605,281.6764,248.6429,9,nan,nan,nan
ROI_075/patch_77,3,117.4302,196.6191,187.4752,195.8358,187.1804,195.3785,186.8720,196.0230,10,nan,nan,nan
ROI_075/patch_77,4,55.2272,79.4650,120.5904,75.7472,128.6021,78.0131,124.8512,78.0456,10,nan,nan,nan
ROI_075/patch_77,5,20.8029,298.5968,93.9885,297.6830,92.2486,297.3247,91.9710,297.2356,9,nan,nan,nan
ROI_075/patch_77,6,65.1076,472.2174,139.5918,469.4552,132.7219,471.1900,141.6266,471.1451,7,nan,nan,nan
ROI_075/patch_77,7,352.2983,335.6272,407.1308,334.1656,412.5659,334.8675,409.9367,335.1073,10,nan,nan,nan
ROI_075/patch_77,8,169.4359,328.0603,235.3586,325.8050,235.6915,327.0314,234.1465,326.5916,9,nan,nan,nan
ROI_075/patch_78,0,382.0490,348.6066,445.1335,348.6066,444.3005,347.7884,442.8277,347.5816,10,nan,nan,nan
ROI_075/patch_78,1,330.3653,410.1710,389.6495,409.4109,392.8659,409.5035,388.6114,409.5636,11,nan,nan,nan
ROI_075/patch_78,2,68.6290,475.9601,130.4711,475.5356,140.1396,475.6707,131.9749,474.8368,12,nan,nan,nan
ROI_075/patch_78,3,85.1509,159.0383,157.0730,157.8331,165.9453,158.2353,161.8861,157.5580,11,nan,nan,nan
ROI_075/patch_78,4,10.6431,167.4273,86.3880,165.4336,94.3280,166.7157,87.2618,166.4767,6,nan,nan,nan
ROI_075/patch_78,5,320.8040,189.1616,391.1696,187.4752,390.6714,188.1580,391.6070,188.0789,12,nan,nan,nan
ROI_075/patch_78,6,277.2455,253.1543,349.3667,252.8398,346.9414,252.2967,348.3715,252.2054,11,nan,nan,nan
ROI_075/patch_78,7,400.6605,465.6087,457.2943,465.6549,458.4383,464.9541,457.8864,464.8973,12,nan,nan,nan
ROI_075/patch_78,8,17.0697,21.6882,105.3893,19.5032,105.0734,20.7416,106.2894,20.1812,9,nan,nan,nan
ROI_075/patch_79,0,79.5475,245.9993,142.6320,243.7192,144.4517,245.0720,143.8753,244.3348,12,nan,nan,nan
ROI_075/patch_79,1,125.1507,338.7259,191.2754,337.2058,191.2183,337.6866,189.3899,337.5066,10,nan,nan,nan
ROI_075/patch_79,2,39.8077,420.2787,109.9497,420.0517,110.2403,419.1730,109.8672,419.2563,9,nan,nan,nan
ROI_075/patch_79,3,347.3767,373.6630,407.8908,372.1683,408.4203,372.5290,411.1287,371.8226,12,nan,nan,nan
ROI_075/patch_79,4,408.0386,286.6489,468.6951,287.0422,465.2346,285.5935,465.8723,285.5608,13,nan,nan,nan
ROI_075/patch_79,5,375.9464,129.9061,418.5316,128.1910,429.9774,129.0285,420.6642,129.4323,12,nan,nan,nan
ROI_075/patch_79,6,251.7412,187.6961,311.3640,185.1950,310.5630,186.7878,309.9707,186.3273,11,nan,nan,nan
ROI_075/patch_79,7,9.8433,114.7588,78.7874,113.7499,73.2384,113.9913,80.4520,112.8472,5,nan,nan,nan
ROI_075/patch_80,0,97.0287,110.7097,144.9121,111.4698,148.0901,110.3230,148.0440,110.4697,9,nan,nan,nan
ROI_075/patch_80,1,258.9202,46.1051,303.7634,44.5850,302.1017,46.0535,304.3956,45.3612,11,nan,nan,nan
ROI_075/patch_80,2,138.5347,274.4727,217.1173,272.6012,215.0867,273.0522,215.9157,273.1384,11,nan,nan,nan
ROI_075/patch_80,3,253.3375,336.5990,331.8854,334.9256,340.7691,334.7460,336.3188,334.5455,11,nan,nan,nan
ROI_075/patch_80,4,132.6744,482.5363,215.5972,479.3359,240.8975,479.8264,216.3700,480.2379,12,nan,nan,nan
ROI_075/patch_80,5,40.6234,472.1277,121.3505,470.2152,146.1348,469.5199,123.3830,470.3988,12,nan,nan,nan
ROI_075/patch_80,6,57.5327,189.9445,123.6306,188.9953,120.2001,189.0819,121.9757,188.9772,11,nan,nan,nan
ROI_075/patch_80,7,403.3347,162.5124,464.8949,163.1534,466.0385,161.6791,466.8371,161.5351,10,nan,nan,nan
ROI_075/patch_80,8,294.5412,433.5444,375.2085,429.1723,397.2661,431.0726,377.5413,431.4883,10,nan,nan,nan
ROI_075/patch_81,0,159.3532,312.8841,225.4779,310.6039,227.6303,311.7617,228.8088,311.8937,7,nan,nan,nan
ROI_075/patch_81,1,194.3157,413.9713,265.0007,413.2112,262.6724,412.8266,264.3534,412.5057,12,nan,nan,nan
ROI_075/patch_81,2,237.5437,468.7373,305.2835,467.9351,305.0623,467.5666,302.3000,467.6588,7,nan,nan,nan
ROI_075/patch_81,3,28.5922,12.4238,100.8290,11.1426,97.6066,11.3831,99.3890,11.1368,7,nan,nan,nan
ROI_075/patch_81,4,339.8916,34.0048,389.6495,33.9443,397.8987,32.7835,391.6525,33.3228,10,nan,nan,nan
ROI_075/patch_81,5,332.3231,237.9751,394.2099,236.1186,393.3251,236.7541,391.5061,236.7702,9,nan,nan,nan
ROI_075/patch_81,6,345.8452,268.9417,407.8908,267.2808,406.7696,267.7122,404.1206,267.7779,5,nan,nan,nan
ROI_075/patch_81,7,150.7503,175.0736,214.8371,175.3143,217.5016,173.9590,215.7851,174.5145,12,nan,nan,nan
ROI_075/patch_82,0,176.0744,97.7888,220.1575,95.5086,230.8361,96.9161,221.2462,97.4015,12,nan,nan,nan
ROI_075/patch_82,1,204.1964,278.6816,261.9605,277.9216,259.7593,278.0441,262.8610,277.8635,9,nan,nan,nan
ROI_075/patch_82,2,384.4073,71.6197,432.9726,70.4269,434.4596,70.8192,435.5741,70.6201,10,nan,nan,nan
ROI_075/patch_82,3,247.0578,30.9648,299.9632,30.9040,299.7637,30.0459,298.1827,30.4492,12,nan,nan,nan
ROI_075/patch_82,4,242.4704,471.1065,295.4028,470.9753,298.7047,470.7232,294.1115,470.1706,11,nan,nan,nan
ROI_075/patch_82,5,336.8560,407.2534,386.6093,406.3707,390.5516,406.8393,387.4478,407.1963,9,nan,nan,nan
ROI_075/patch_82,6,101.6366,56.6014,154.7928,55.9858,157.6873,55.6412,152.2718,56.5289,11,nan,nan,nan
ROI_075/patch_82,7,191.6605,211.0965,247.5194,210.2768,246.9680,210.3701,248.8893,210.4802,9,nan,nan,nan
ROI_075/patch_82,8,415.6360,251.4053,461.8547,252.0798,466.4136,250.8401,461.0547,251.9160,10,nan,nan,nan
ROI_075/patch_83,0,141.8719,352.4069,209.5167,350.1267,206.3538,350.6952,206.2119,350.3815,9,nan,nan,nan
ROI_075/patch_83,1,65.8665,363.0476,126.6709,361.5275,132.4141,361.1830,128.9123,361.0798,10,nan,nan,nan
ROI_075/patch_83,2,193.4548,39.7947,254.3599,39.2646,254.9867,38.5655,257.0288,39.2417,11,nan,nan,nan
ROI_075/patch_83,3,135.8218,101.9440,204.9564,100.0690,199.1942,100.5318,200.1281,100.5644,11,nan,nan,nan
ROI_075/patch_83,4,48.5402,195.7378,111.4698,192.0355,114.6983,194.0488,112.3025,194.3560,12,nan,nan,nan
ROI_075/patch_83,5,4.8443,119.8097,68.9067,117.5502,71.7740,118.1345,69.0807,118.3636,3,nan,nan,nan
ROI_075/patch_83,6,415.3093,176.8336,472.4954,176.8344,471.6639,175.8425,472.6889,176.0191,10,nan,nan,nan
ROI_075/patch_83,7,444.5599,420.0144,498.3372,420.8117,501.3730,418.7756,495.6995,420.3384,6,nan,nan,nan
ROI_075/patch_84,0,119.8304,150.2325,191.2754,147.9524,191.7569,148.9444,190.8611,149.1766,11,nan,nan,nan
ROI_075/patch_84,1,54.4657,230.0382,122.8706,226.9980,122.6857,228.8550,123.9188,228.1399,11,nan,nan,nan
ROI_075/patch_84,2,380.2923,15.6154,455.7742,12.6628,459.2657,14.0084,456.8382,13.9295,10,nan,nan,nan
ROI_075/patch_84,3,202.6803,412.7468,264.0506,410.1710,263.9901,411.5227,266.1339,411.5204,12,nan,nan,nan
ROI_075/patch_84,4,79.9589,309.8183,142.7948,308.5172,144.9541,308.6543,144.4289,308.2995,11,nan,nan,nan
ROI_075/patch_84,5,272.1333,204.8859,341.4925,203.2279,342.5640,203.4836,342.4180,203.3027,12,nan,nan,nan
ROI_075/patch_84,6,370.7421,350.6530,436.5807,347.9332,435.5559,349.2366,435.2864,348.9564,9,nan,nan,nan
ROI_075/patch_84,7,58.9744,412.2528,119.8664,410.5884,119.5449,411.1641,117.3276,411.5247,10,nan,nan,nan
ROI_075/patch_85,0,216.7318,75.4558,280.1905,74.6913,279.7717,75.0629,280.2112,75.5161,11,nan,nan,nan
ROI_075/patch_85,1,401.7560,116.7422,455.2754,117.5068,461.9732,116.4648,453.8785,116.5637,11,nan,nan,nan
ROI_075/patch_85,2,418.8454,324.7110,475.9186,323.9388,472.4322,324.4684,476.8412,323.8636,12,nan,nan,nan
ROI_075/patch_85,3,248.6867,342.6325,306.9502,340.7592,303.1257,342.2902,305.9641,341.4755,12,nan,nan,nan
ROI_075/patch_85,4,159.9139,335.0259,212.9090,333.1136,215.3265,334.6296,216.4368,334.5918,5,nan,nan,nan
ROI_075/patch_85,5,167.5015,445.2010,219.7900,445.5043,219.4138,444.8223,218.7706,445.2507,12,nan,nan,nan
ROI_075/patch_85,6,31.5844,331.5914,92.1080,333.1136,88.1686,331.1180,89.8328,331.3893,10,nan,nan,nan
ROI_075/patch_85,7,38.8396,247.3195,104.3410,246.7179,97.9929,246.8405,103.3221,247.3147,10,nan,nan,nan
ROI_075/patch_86,0,366.5861,317.0577,419.3410,316.2932,419.9355,316.1616,418.3781,316.3246,12,nan,nan,nan
ROI_075/patch_86,1,255.7245,361.4024,311.5376,361.4024,310.8003,360.5690,313.0790,360.6660,11,nan,nan,nan
ROI_075/patch_86,2,107.6496,486.4129,160.9187,485.2616,163.7370,485.7035,164.6705,485.2607,6,nan,nan,nan
ROI_075/patch_86,3,71.4988,227.9008,134.1590,224.5456,133.5210,227.0452,136.0771,226.5788,11,nan,nan,nan
ROI_075/patch_86,4,171.3049,35.1901,225.1420,33.4049,234.7795,34.1846,228.5538,34.9271,9,nan,nan,nan
ROI_075/patch_86,5,378.4753,18.2575,420.1055,18.1136,437.4260,17.1749,423.0478,17.1766,8,nan,nan,nan
ROI_075/patch_86,6,398.4246,197.6582,444.5715,197.7859,453.3771,196.6789,443.8902,196.9829,11,nan,nan,nan
ROI_075/patch_86,7,325.0023,479.7413,377.2900,479.1451,376.1252,478.9580,376.6386,478.7731,10,nan,nan,nan
ROI_075/patch_87,0,182.3264,139.6791,228.9648,139.6791,230.2271,139.3093,227.4072,138.7364,12,nan,nan,nan
ROI_075/patch_87,1,148.6857,212.3126,189.9721,213.0772,196.0167,211.9887,193.1006,211.6876,10,nan,nan,nan
ROI_075/patch_87,2,182.9254,380.0549,224.3774,380.5165,226.8223,379.8386,226.7373,380.1086,11,nan,nan,nan
ROI_075/patch_87,3,180.2686,454.7860,225.1420,454.6791,222.9746,454.6175,225.0274,454.8595,9,nan,nan,nan
ROI_075/patch_87,4,334.2016,445.1832,374.2317,445.5043,374.1531,445.0107,372.7876,444.7869,10,nan,nan,nan
ROI_075/patch_87,5,331.6722,215.7953,375.7609,216.9000,375.4815,215.4762,376.0055,215.1982,12,nan,nan,nan
ROI_075/patch_87,6,103.6748,48.1982,155.5667,47.9316,154.5837,47.7687,154.9727,47.9193,11,nan,nan,nan
ROI_075/patch_87,7,7.5760,110.1618,58.4672,110.6257,59.2749,109.7706,nan,nan,2,nan,nan,nan
ROI_075/patch_87,8,442.5052,95.9048,488.1516,94.5699,486.2077,95.5106,487.5057,95.4073,9,nan,nan,nan
ROI_075/patch_88,0,150.9794,135.0917,209.0861,132.0335,206.9482,134.0294,207.8214,133.6364,12,nan,nan,nan
ROI_075/patch_88,1,103.5765,381.2810,148.6857,383.5747,154.2256,380.2236,148.6125,380.6825,11,nan,nan,nan
ROI_075/patch_88,2,142.5405,487.8038,184.6201,488.3198,190.9498,486.6975,181.0994,487.4208,10,nan,nan,nan
ROI_075/patch_88,3,404.7505,451.8717,452.9817,450.0917,454.2014,450.5459,455.4067,450.1323,10,nan,nan,nan
ROI_075/patch_88,4,354.9985,248.2296,408.6371,248.2471,408.7573,246.9759,411.3658,248.0508,11,nan,nan,nan
ROI_075/patch_88,5,319.9354,164.8273,373.4672,164.1451,375.4432,163.6158,376.3419,163.7473,8,nan,nan,nan
ROI_075/patch_88,6,255.1266,57.4430,315.3604,54.8126,312.8660,56.3026,312.6060,55.7291,10,nan,nan,nan
ROI_075/patch_88,7,430.3735,38.0565,486.6225,37.2277,488.7100,36.7687,487.9613,37.1692,9,nan,nan,nan
ROI_075/patch_89,0,219.0255,213.0772,255.7245,212.3126,255.5460,213.1638,257.0619,212.7686,11,nan,nan,nan
ROI_075/patch_89,1,85.9915,167.2034,121.1614,168.7325,123.4451,167.3533,123.7455,167.6407,10,nan,nan,nan
ROI_075/patch_89,2,26.2838,186.6188,59.9964,187.0820,62.6358,186.8468,58.4055,187.2496,9,nan,nan,nan
ROI_075/patch_89,3,169.0974,431.7691,197.6177,430.9776,197.0029,432.1734,200.7360,431.7986,12,nan,nan,nan
ROI_075/patch_89,4,340.8406,460.7460,368.1152,460.7956,368.6910,461.0310,366.6710,461.6112,9,nan,nan,nan
ROI_075/patch_89,5,348.5874,209.2610,386.4648,209.2544,386.0421,209.2256,386.8174,208.8640,12,nan,nan,nan
ROI_075/patch_89,6,223.1034,48.0999,266.4284,47.1670,265.9184,47.9773,267.3999,47.4646,11,nan,nan,nan
ROI_075/patch_89,7,340.6359,46.9331,381.1128,47.9316,384.2112,46.7026,384.9120,46.8747,11,nan,nan,nan
ROI_075/patch_89,8,466.0323,29.5063,504.2075,27.2884,511.0337,29.1406,nan,nan,1,nan,nan,nan
ROI_075/patch_90,0,141.8719,217.8773,186.7151,217.1173,189.5732,217.0895,187.6979,216.7062,8,nan,nan,nan
ROI_075/patch_90,1,144.1521,99.3089,193.5556,97.0287,194.3551,98.3634,195.5436,97.8329,12,nan,nan,nan
ROI_075/patch_90,2,24.7502,94.8105,74.9872,93.9885,77.6141,93.8403,76.0829,93.4269,11,nan,nan,nan
ROI_075/patch_90,3,345.6252,288.7360,385.8493,287.8023,387.4266,288.0743,384.3521,287.8269,9,nan,nan,nan
ROI_075/patch_90,4,136.0760,398.3113,178.3545,397.2501,180.0203,397.7631,180.8354,397.8850,11,nan,nan,nan
ROI_075/patch_90,5,136.1459,480.6360,179.8746,480.0960,178.3177,480.1975,177.7254,479.8386,8,nan,nan,nan
ROI_075/patch_90,6,274.9200,458.0397,315.9243,457.2943,314.5978,457.5928,313.9760,458.2984,9,nan,nan,nan
ROI_075/patch_90,7,386.9155,19.8712,434.4927,19.5032,433.6140,18.8576,431.9559,18.7862,11,nan,nan,nan
ROI_075/patch_91,0,30.9040,17.2231,81.0676,14.9429,77.7954,16.3926,82.1231,16.9528,11,nan,nan,nan
ROI_075/patch_91,1,321.2447,50.6655,350.8868,49.9054,354.8557,50.3104,353.2101,49.9555,11,nan,nan,nan
ROI_075/patch_91,2,203.5033,154.4009,236.8787,153.2727,240.9811,154.0002,236.0350,153.6495,8,nan,nan,nan
ROI_075/patch_91,3,203.9647,495.7004,233.0784,494.5370,237.0030,495.7283,235.9785,496.0614,5,nan,nan,nan
ROI_075/patch_91,4,384.3118,465.0863,407.1308,466.4150,409.7663,465.3451,409.8684,465.3616,10,nan,nan,nan
ROI_075/patch_91,5,427.9911,148.8600,456.5343,147.9524,455.6073,148.7875,459.4472,148.9946,11,nan,nan,nan
ROI_075/patch_91,6,103.3799,377.1796,144.1521,376.7286,142.4036,376.9087,141.7836,376.5924,10,nan,nan,nan
ROI_075/patch_91,7,294.7354,305.6434,328.8452,305.2835,326.2180,305.5685,327.0715,305.2341,10,nan,nan,nan
ROI_075/patch_92,0,316.6843,269.5610,333.4055,271.0811,336.9280,269.4020,335.9569,269.5152,11,nan,nan,nan
ROI_075/patch_92,1,217.8773,392.6897,237.6387,392.6897,235.9326,392.8069,237.1258,392.8880,10,nan,nan,nan
ROI_075/patch_92,2,239.6244,472.7368,255.8800,471.7354,253.9976,473.0136,258.3375,473.3110,8,nan,nan,nan
ROI_075/patch_92,3,329.1771,424.2627,336.4457,423.8520,343.0808,424.4191,340.9269,424.7344,11,nan,nan,nan
ROI_075/patch_92,4,418.0178,130.2700,452.7340,129.7111,441.0116,129.8011,450.6605,129.7058,12,nan,nan,nan
ROI_075/patch_92,5,140.4521,32.6341,175.3143,30.9040,174.5336,32.0284,172.5305,31.4829,9,nan,nan,nan
ROI_075/patch_92,6,285.9157,36.1618,320.4846,34.7043,316.0378,35.5298,318.9412,35.1601,11,nan,nan,nan
ROI_075/patch_92,7,100.4992,107.8013,131.2312,108.4296,132.7096,107.3595,132.4641,108.2756,12,nan,nan,nan
ROI_075/patch_92,8,36.4742,307.0846,62.8263,306.8036,62.6228,307.0675,62.4214,307.3161,9,nan,nan,nan
ROI_075/patch_93,0,65.1065,42.3049,92.4684,43.0649,91.3726,42.6347,95.9223,42.3574,7,nan,nan,nan
ROI_075/patch_93,1,436.7729,289.3224,449.6938,290.8425,454.3774,289.7393,450.2088,290.5326,8,nan,nan,nan
ROI_075/patch_93,2,366.7015,140.1057,385.8493,142.6320,386.5248,140.4684,385.9136,140.7728,11,nan,nan,nan
ROI_075/patch_93,3,307.6602,108.3884,326.5650,109.1896,328.8165,108.7400,327.2437,108.9521,8,nan,nan,nan
ROI_075/patch_93,4,158.6405,308.9509,180.6347,309.0838,181.5599,309.3781,183.1740,309.6089,9,nan,nan,nan
ROI_075/patch_93,5,286.0508,445.6122,307.5637,445.8935,305.7042,446.0885,305.5229,446.0910,12,nan,nan,nan
ROI_075/patch_93,6,62.3775,130.1789,87.9081,131.2312,88.1954,130.5412,87.8508,130.9660,13,nan,nan,nan
ROI_075/patch_93,7,10.4076,49.9892,41.5448,51.4255,37.6972,50.3225,36.7883,50.0525,5,nan,nan,nan
ROI_075/patch_93,8,435.1661,71.1839,454.2541,73.4671,454.0468,71.5204,454.4356,72.1385,9,nan,nan,nan
ROI_075/patch_94,0,159.3532,44.5850,194.3157,45.3451,196.7887,44.9267,192.3626,44.5098,8,nan,nan,nan
ROI_075/patch_94,1,261.9605,52.1856,293.1227,52.1856,294.0121,52.6203,294.2416,52.8696,10,nan,nan,nan
ROI_075/patch_94,2,188.9700,288.7044,205.7165,290.0825,203.7544,289.6678,202.7184,289.4473,9,nan,nan,nan
ROI_075/patch_94,3,59.8389,326.3472,84.1078,324.2849,77.2820,327.3096,84.7174,326.9841,7,nan,nan,nan
ROI_075/patch_94,4,19.8970,360.9416,41.5448,359.2474,36.1611,361.9600,45.2745,362.1308,9,nan,nan,nan
ROI_075/patch_94,5,454.1374,430.6918,442.8533,430.6924,444.3391,432.1966,nan,nan,2,nan,nan,nan
ROI_075/patch_94,6,352.1457,483.5141,337.9659,484.6563,342.4338,485.0749,344.8207,485.4948,8,nan,nan,nan
ROI_075/patch_94,7,337.0743,274.2190,349.3667,273.3613,346.3074,275.2541,349.8223,274.7940,12,nan,nan,nan
ROI_075/patch_95,0,191.2754,19.5032,217.8773,21.7834,220.8398,19.5647,222.1774,19.8611,7,nan,nan,nan
ROI_075/patch_95,1,259.6803,64.3464,286.2822,62.8263,286.3927,64.5007,285.6712,64.3784,12,nan,nan,nan
ROI_075/patch_95,2,235.0903,192.0529,257.4001,193.5556,254.6691,192.4855,254.5153,192.4221,10,nan,nan,nan
ROI_075/patch_95,3,45.1576,477.7572,33.9443,478.5758,49.3849,478.8211,nan,nan,0,nan,nan,nan
ROI_075/patch_95,4,206.6153,476.7240,199.6360,478.5758,210.1738,477.7753,200.1253,478.1431,12,nan,nan,nan
ROI_075/patch_95,5,441.1541,474.9394,448.9337,475.5356,443.7572,475.9718,453.6185,475.1496,11,nan,nan,nan
ROI_075/patch_95,6,380.6273,243.2000,401.8104,242.9591,396.6489,243.7341,405.5147,243.6661,9,nan,nan,nan
ROI_075/patch_95,7,222.1422,372.7337,224.7178,370.6482,231.5298,373.5587,228.1498,373.2554,12,nan,nan,nan
ROI_075/patch_95,8,15.6613,127.9441,40.0247,126.6709,39.8653,128.2518,40.9968,128.4456,8,nan,nan,nan
ROI_075/patch_96,0,265.0007,188.9953,276.4015,188.9953,274.4124,189.7831,277.4220,189.9642,11,nan,nan,nan
ROI_075/patch_96,1,125.9108,164.6735,148.7124,164.6735,149.7291,165.1175,151.1144,165.3898,12,nan,nan,nan
ROI_075/patch_96,2,240.2299,298.3657,253.5999,299.2031,250.8983,299.2043,253.5800,299.4246,11,nan,nan,nan
ROI_075/patch_96,3,53.0523,148.7360,84.1078,150.2325,84.4539,148.9967,84.9559,149.3862,11,nan,nan,nan
ROI_075/patch_96,4,436.8038,231.2174,426.8922,234.5985,428.2805,232.4419,430.1058,233.2256,8,nan,nan,nan
ROI_075/patch_96,5,124.7017,400.4976,144.1521,401.8104,145.9277,401.1711,144.4025,401.4787,10,nan,nan,nan
ROI_075/patch_96,6,245.6034,67.1037,261.2004,68.9067,258.3886,67.7269,258.6576,67.6668,12,nan,nan,nan
ROI_075/patch_96,7,456.8710,465.3788,432.9726,469.4552,443.6137,466.8802,nan,nan,1,nan,nan,nan
ROI_075/patch_97,0,207.2366,53.7057,230.7982,54.4657,226.7970,54.1875,227.0200,54.2477,13,nan,nan,nan
ROI_075/patch_97,1,287.8023,29.3839,307.5637,29.3839,305.3307,29.9421,306.2376,30.1733,8,nan,nan,nan
ROI_075/patch_97,2,218.2561,267.0659,232.3184,267.2808,232.7545,267.5703,231.5474,267.8916,10,nan,nan,nan
ROI_075/patch_97,3,82.5204,378.4167,100.0690,376.7286,98.8885,378.7963,101.2489,378.7595,10,nan,nan,nan
ROI_075/patch_97,4,429.2500,377.7791,433.7327,379.7688,434.5764,378.4933,435.5521,378.8930,9,nan,nan,nan
ROI_075/patch_97,5,254.1711,396.2586,265.0007,394.2099,264.6720,396.8049,266.1241,397.0718,10,nan,nan,nan
ROI_075/patch_97,6,350.4676,52.2873,365.3278,52.9456,365.4922,52.9072,368.6829,52.7956,8,nan,nan,nan
ROI_075/patch_97,7,466.5329,197.1027,472.4954,197.3559,474.6594,197.8427,473.0051,198.1592,11,nan,nan,nan
ROI_075/patch_98,0,147.9524,171.5140,146.7648,171.8941,149.0279,172.4158,148.0263,172.6768,10,nan,nan,nan
ROI_075/patch_98,1,358.1548,181.9648,326.5650,183.1049,337.0531,183.4208,326.4186,184.2380,11,nan,nan,nan
ROI_075/patch_98,2,410.9978,217.7078,367.6080,221.1076,384.2270,219.3140,372.3495,220.0597,8,nan,nan,nan
ROI_075/patch_98,3,21.1600,30.4686,35.4644,31.0941,35.9952,30.9920,34.7963,31.4917,9,nan,nan,nan
ROI_075/patch_98,4,33.0022,319.0559,49.9054,318.3945,45.7704,319.7044,46.1255,319.4834,10,nan,nan,nan
ROI_075/patch_98,5,388.1976,425.6446,325.8050,430.1224,363.2388,427.2588,nan,nan,0,nan,nan,nan
ROI_075/patch_98,6,117.8124,229.9413,122.4906,231.3683,121.8978,230.7830,123.6991,231.3564,10,nan,nan,nan
ROI_075/patch_98,7,342.4484,5.1292,323.9049,5.6323,323.5036,6.4864,nan,nan,0,nan,nan,nan
ROI_075/patch_99,0,169.6139,121.9205,144.5321,123.4406,148.0551,123.3314,143.4903,123.7742,12,nan,nan,nan
ROI_075/patch_99,1,237.2587,368.1780,212.9370,368.1780,208.6199,369.9060,212.2331,369.9044,10,nan,nan,nan
ROI_075/patch_99,2,428.5859,285.7748,402.9505,286.8522,404.4773,287.1154,403.4226,287.3180,10,nan,nan,nan
ROI_075/patch_99,3,490.5167,443.2685,460.7146,447.9837,462.0686,444.7874,458.2512,445.5330,8,nan,nan,nan
ROI_075/patch_99,4,157.5651,460.8374,127.0509,460.9046,125.2003,462.8230,125.5800,462.9032,10,nan,nan,nan
ROI_075/patch_99,5,67.6343,388.6414,30.5240,390.2196,36.6371,390.6263,29.6773,390.4927,11,nan,nan,nan
ROI_075/patch_99,6,56.6906,480.2645,16.8430,482.9462,22.6945,482.4148,nan,nan,0,nan,nan,nan
ROI_075/patch_99,7,442.5788,160.4105,425.7521,161.4433,422.5636,161.5260,423.9167,162.0744,8,nan,nan,nan
ROI_075/patch_101,0,172.6541,65.6765,178.3545,66.4366,180.0824,66.9075,179.0311,66.2413,10,nan,nan,nan
ROI_075/patch_101,1,364.7578,152.8927,368.1780,153.6528,369.5367,154.2481,370.6218,154.6448,10,nan,nan,nan
ROI_075/patch_101,2,308.8878,274.6188,312.5991,275.2139,312.7862,275.9234,309.8532,275.6755,11,nan,nan,nan
ROI_075/patch_101,3,31.0855,218.3057,34.1139,218.8226,38.0314,219.4234,31.6301,219.7706,9,nan,nan,nan
ROI_075/patch_101,4,196.0798,186.9981,202.2278,189.1554,201.9425,188.2332,202.5537,188.7069,11,nan,nan,nan
ROI_075/patch_101,5,304.2927,417.3079,305.6825,417.3643,306.6293,418.5953,304.3313,418.7507,11,nan,nan,nan
ROI_075/patch_101,6,400.5019,462.8727,403.0516,464.5274,401.4904,464.2222,401.3251,464.1652,11,nan,nan,nan
ROI_075/patch_101,7,166.3062,466.8404,170.2786,466.0488,169.2866,468.0272,171.9261,467.4965,7,nan,nan,nan
ROI_075/patch_102,0,74.2271,184.4350,85.6279,185.9551,82.9075,184.9874,86.5309,185.1745,11,nan,nan,nan
ROI_075/patch_102,1,464.1348,422.3318,437.5329,429.1723,436.3962,423.3983,444.4332,423.1252,11,nan,nan,nan
ROI_075/patch_102,2,41.1141,102.5976,52.9456,102.3491,52.3831,103.1493,53.6026,103.4239,10,nan,nan,nan
ROI_075/patch_102,3,155.1851,382.3321,158.5931,382.0490,157.5184,382.8879,160.7641,382.6202,9,nan,nan,nan
ROI_075/patch_102,4,339.2871,238.4809,307.5637,239.1588,322.3290,239.4577,307.4387,240.3858,8,nan,nan,nan
ROI_075/patch_102,5,476.6846,136.7270,423.8520,139.5918,445.3749,138.0141,nan,nan,1,nan,nan,nan
ROI_075/patch_102,6,85.6356,492.1285,98.5489,491.4968,95.7104,492.4867,97.7446,493.1346,8,nan,nan,nan
ROI_075/patch_102,7,130.1862,309.3532,130.4711,307.5637,134.3823,309.9162,130.2869,310.3166,13,nan,nan,nan
ROI_075/patch_103,0,281.7219,455.0142,303.0034,455.0142,299.5015,455.3367,301.3721,455.5327,8,nan,nan,nan
ROI_075/patch_103,1,157.8331,148.7124,119.8304,153.2727,118.2651,150.6928,119.7627,153.4291,9,nan,nan,nan
ROI_075/patch_103,2,361.5450,469.4390,392.6897,470.2152,389.6536,469.5832,393.2590,469.5713,12,nan,nan,nan
ROI_075/patch_103,3,202.1185,46.4762,167.7138,51.4255,152.2383,48.8940,169.3395,49.1327,7,nan,nan,nan
ROI_075/patch_103,4,115.1933,2.3145,74.9872,8.1024,49.9245,5.0648,nan,nan,1,nan,nan,nan
ROI_075/patch_103,5,51.0728,132.3002,8.1024,135.7915,-1.8905,134.5050,nan,nan,0,nan,nan,nan
ROI_075/patch_103,6,84.7814,482.3968,81.8277,484.6563,86.2416,482.8527,84.9470,483.9804,12,nan,nan,nan
ROI_075/patch_103,7,139.4638,275.6379,112.9899,277.1615,116.4729,277.0256,114.1416,277.6087,10,nan,nan,nan
ROI_075/patch_103,8,399.6070,369.4520,418.5316,369.1281,417.0890,370.0311,418.7444,370.0671,12,nan,nan,nan
ROI_075/patch_104,0,188.9953,164.6735,173.7942,164.6735,179.7420,165.7207,175.9192,165.4770,12,nan,nan,nan
ROI_075/patch_104,1,71.9470,123.6306,52.9456,125.9108,68.9915,124.5507,58.6730,125.5518,3,nan,nan,nan
ROI_075/patch_104,2,166.3422,454.6128,193.5556,455.7742,185.0433,455.1819,192.4939,454.7781,9,nan,nan,nan
ROI_075/patch_104,3,201.4673,421.2052,221.6776,421.5718,214.1746,421.8820,221.1884,422.0608,11,nan,nan,nan
ROI_075/patch_104,4,31.5014,286.5862,43.8250,287.8023,46.6206,287.1927,nan,nan,1,nan,nan,nan
ROI_075/patch_104,5,293.9530,60.1828,265.7607,60.5462,266.3710,61.5588,267.9467,61.7427,10,nan,nan,nan
ROI_075/patch_104,6,369.1591,255.5908,356.2072,260.4404,352.7020,256.7912,350.1847,257.5144,5,nan,nan,nan
ROI_075/patch_104,7,450.4253,360.1591,434.4927,363.0476,436.4233,361.3319,437.3540,361.4578,12,nan,nan,nan
ROI_075/patch_105,0,178.3545,179.8746,168.4738,179.8746,166.2882,181.4470,171.1738,181.6441,9,nan,nan,nan
ROI_075/patch_105,1,330.3653,81.0676,327.3251,81.8277,330.7430,82.3093,329.8073,82.2770,12,nan,nan,nan
ROI_075/patch_105,2,251.8891,261.5918,232.3184,264.2406,235.6813,263.1680,237.5412,263.8682,10,nan,nan,nan
ROI_075/patch_105,3,180.1221,462.1739,145.6722,464.8949,145.9623,464.1007,142.1568,464.8777,5,nan,nan,nan
ROI_075/patch_105,4,86.1152,381.1531,52.9456,382.0490,55.4103,383.1048,53.8554,383.2856,12,nan,nan,nan
ROI_075/patch_105,5,385.9700,257.4636,370.6482,262.7205,374.2246,258.8530,371.8737,259.8507,5,nan,nan,nan
ROI_075/patch_105,6,486.1342,273.3291,476.2957,274.1213,476.2358,274.6029,478.9967,274.6953,8,nan,nan,nan
ROI_075/patch_105,7,504.0393,200.7591,500.6174,202.6762,500.3871,201.9169,nan,nan,2,nan,nan,nan
ROI_075/patch_106,0,173.0341,135.0314,175.3143,134.2714,175.7393,135.6652,178.7777,135.4183,9,nan,nan,nan
ROI_075/patch_106,1,351.6468,12.6628,350.8868,14.1829,355.3784,13.2806,351.3835,12.9920,4,nan,nan,nan
ROI_075/patch_106,2,484.7669,87.6021,475.5356,86.3880,483.6675,88.3936,478.2082,88.2776,12,nan,nan,nan
ROI_075/patch_106,3,402.7009,466.6508,390.4096,467.9351,390.2565,467.8102,395.0470,467.1658,7,nan,nan,nan
ROI_075/patch_106,4,251.8585,463.3365,238.3988,464.1348,242.1397,464.3903,239.4892,464.5932,13,nan,nan,nan
ROI_075/patch_106,5,57.4193,442.1607,47.6252,442.8533,51.7832,443.0593,50.9100,443.3080,9,nan,nan,nan
ROI_075/patch_106,6,257.2588,89.4361,258.1602,87.9081,260.0402,90.0758,257.4462,90.3219,10,nan,nan,nan
ROI_075/patch_106,7,142.1896,10.4258,148.7124,9.6225,149.6262,10.8995,148.5991,11.1039,6,nan,nan,nan
ROI_075/patch_106,8,394.7687,298.0220,387.3694,298.4430,388.1415,298.9877,388.2251,299.6021,12,nan,nan,nan
ROI_075/patch_107,0,306.0436,232.3184,326.5650,230.7982,319.9920,233.0847,324.6287,232.5116,9,nan,nan,nan
ROI_075/patch_107,1,356.2072,123.6306,385.0892,122.8706,378.6023,123.9533,382.2299,123.0928,12,nan,nan,nan
ROI_075/patch_107,2,99.5007,184.7591,104.6293,184.4350,103.7926,185.8592,105.6428,186.3141,10,nan,nan,nan
ROI_075/patch_107,3,221.3549,494.9918,219.3974,496.0571,217.0252,496.7460,220.7542,496.5501,6,nan,nan,nan
ROI_075/patch_107,4,142.0228,501.0781,138.8317,502.8976,132.7483,503.0340,142.2089,502.6873,3,nan,nan,nan
ROI_075/patch_107,5,458.4934,392.1481,470.9753,392.6897,473.2403,393.0443,471.1792,393.3128,12,nan,nan,nan
ROI_075/patch_107,6,178.9556,248.4771,183.6749,250.5596,184.6573,249.5858,184.8718,249.5885,10,nan,nan,nan
ROI_075/patch_107,7,359.0460,312.8241,370.6482,315.1642,372.0066,313.7109,371.7168,314.1291,10,nan,nan,nan
ROI_075/patch_107,8,29.9272,245.3716,31.6641,247.5194,27.0776,246.8152,30.2816,247.0931,10,nan,nan,nan
ROI_075/patch_108,0,188.2352,214.8371,218.6374,211.7969,218.0825,214.6096,219.1420,214.0179,8,nan,nan,nan
ROI_075/patch_108,1,89.4282,503.6576,113.7499,504.4177,113.6756,503.5446,nan,nan,2,nan,nan,nan
ROI_075/patch_108,2,357.6228,416.1527,376.7286,415.4914,377.8557,416.1846,377.5660,415.5439,10,nan,nan,nan
ROI_075/patch_108,3,430.0214,377.9597,451.9740,376.7286,449.5727,378.0212,449.4244,378.1049,10,nan,nan,nan
ROI_075/patch_108,4,27.2814,82.5743,67.3866,81.0676,64.6357,82.1389,71.1827,81.9470,7,nan,nan,nan
ROI_075/patch_108,5,4.9295,28.1231,44.5850,27.1038,44.3218,27.6354,nan,nan,1,nan,nan,nan
ROI_075/patch_108,6,147.5982,465.4352,172.2741,464.1348,171.5058,465.3410,172.3032,465.1235,8,nan,nan,nan
ROI_075/patch_108,7,148.6132,282.8386,178.3545,280.2018,177.5341,282.6257,175.1324,282.7248,10,nan,nan,nan
ROI_075/patch_109,0,64.3464,160.8733,15.7030,163.9135,16.3118,163.2558,nan,nan,1,nan,nan,nan
ROI_075/patch_109,1,168.4738,183.6749,119.8304,186.7151,117.3681,185.8940,nan,nan,1,nan,nan,nan
ROI_075/patch_109,2,127.4309,32.4242,84.1078,34.7043,86.7100,34.7519,82.6542,34.7475,6,nan,nan,nan
ROI_075/patch_109,3,423.6823,153.7313,384.3291,157.8331,370.5846,155.5763,nan,nan,2,nan,nan,nan
ROI_075/patch_109,4,106.1629,249.3970,53.7057,254.3599,51.7767,251.6892,nan,nan,2,nan,nan,nan
ROI_075/patch_109,5,270.0573,305.2564,206.4765,312.1240,209.5495,307.2850,205.8840,310.3013,9,nan,nan,nan
ROI_075/patch_109,6,332.0073,129.8118,285.5221,131.9912,281.8612,131.8020,287.0751,132.2085,5,nan,nan,nan
ROI_075/patch_109,7,116.2665,422.8352,49.1453,426.8922,50.5403,425.0582,nan,nan,1,nan,nan,nan
ROI_075/patch_110,0,369.1281,60.5462,350.1267,64.3464,356.0526,61.9813,355.8396,62.6107,11,nan,nan,nan
ROI_075/patch_110,1,303.0034,320.4846,275.6414,324.2849,279.7789,322.3749,276.8555,322.8596,9,nan,nan,nan
ROI_075/patch_110,2,460.1467,354.2408,439.8131,356.9672,437.2428,356.0306,440.2342,356.4376,9,nan,nan,nan
ROI_075/patch_110,3,170.5929,21.9534,154.0328,24.8236,156.9643,23.5216,156.9248,23.3338,12,nan,nan,nan
ROI_075/patch_110,4,229.7733,259.4828,201.9162,261.9605,208.0531,261.3517,204.2569,261.9985,7,nan,nan,nan
ROI_075/patch_110,5,247.7631,136.4845,229.2781,139.5918,230.7137,138.1509,228.3724,138.5208,7,nan,nan,nan
ROI_075/patch_110,6,82.3844,286.8173,42.3049,289.3224,58.2084,288.8693,43.1621,291.8869,7,nan,nan,nan
ROI_075/patch_110,7,351.5755,408.7737,320.4846,413.9713,325.6061,410.7502,319.7284,413.5982,10,nan,nan,nan
ROI_075/patch_111,0,200.9661,62.6363,197.9259,62.6363,199.5043,63.5412,195.1049,63.6503,13,nan,nan,nan
ROI_075/patch_111,1,222.2476,181.2047,215.4072,181.2047,215.2261,182.2039,215.5603,182.6345,13,nan,nan,nan
ROI_075/patch_111,2,349.7117,346.9023,333.2155,348.4166,335.6782,348.0695,336.4695,348.1861,11,nan,nan,nan
ROI_075/patch_111,3,481.7161,282.3528,471.5453,283.8120,471.8225,283.5221,474.6193,283.1866,10,nan,nan,nan
ROI_075/patch_111,4,487.3349,479.9178,474.5856,480.6660,467.9461,481.2330,474.3752,481.1857,9,nan,nan,nan
ROI_075/patch_111,5,114.2428,326.6001,101.3991,327.8951,99.3639,327.6650,101.4912,328.3741,10,nan,nan,nan
ROI_075/patch_111,6,123.4077,157.9450,115.0800,158.4031,116.7428,158.8904,116.7725,158.1463,12,nan,nan,nan
ROI_075/patch_111,7,461.2192,112.4569,462.4247,113.5599,459.3696,113.4949,461.1233,113.6083,10,nan,nan,nan
ROI_075/patch_111,8,327.7273,12.0477,330.9354,13.9928,329.6907,12.9629,327.4588,13.4341,7,nan,nan,nan
ROI_075/patch_112,0,201.7262,44.3950,219.2074,45.1551,220.8493,45.0298,221.2652,44.7042,11,nan,nan,nan
ROI_075/patch_112,1,25.3937,262.5305,37.5545,264.0506,37.6777,263.3306,37.8827,263.6126,9,nan,nan,nan
ROI_075/patch_112,2,64.6124,456.1559,68.7167,456.3443,70.6946,457.1028,70.2658,456.8711,8,nan,nan,nan
ROI_075/patch_112,3,352.3858,300.2659,358.2973,299.0131,363.2473,301.0946,359.7587,301.2108,7,nan,nan,nan
ROI_075/patch_112,4,496.7408,485.3514,504.2277,487.5065,501.6024,486.3204,nan,nan,2,nan,nan,nan
ROI_075/patch_112,5,399.3593,106.2490,416.0614,106.7194,416.3773,106.9307,412.5216,106.9105,12,nan,nan,nan
ROI_075/patch_112,6,414.7080,32.6038,432.7826,33.7543,434.0644,33.2296,433.6657,33.1813,10,nan,nan,nan
ROI_075/patch_112,7,215.3716,270.9618,228.3281,273.1713,227.2595,271.7683,228.5247,271.8072,12,nan,nan,nan
ROI_075/patch_116,0,242.1991,90.9483,246.7594,95.5086,245.8773,91.8431,247.7804,92.6839,8,nan,nan,nan
ROI_075/patch_116,1,306.0436,308.3238,315.1642,310.2239,312.8365,308.9712,318.1583,309.6370,7,nan,nan,nan
ROI_075/patch_116,2,441.5929,170.7708,442.2833,172.6541,443.2821,171.5471,441.4192,172.1883,11,nan,nan,nan
ROI_075/patch_116,3,401.9389,58.3631,402.7605,57.8860,402.1357,59.2685,401.3118,59.3108,10,nan,nan,nan
ROI_075/patch_116,4,89.4797,463.5381,105.5794,461.4746,103.1643,464.0501,101.7832,464.7017,10,nan,nan,nan
ROI_075/patch_116,5,173.1545,463.9441,187.6652,462.9947,185.3572,464.4425,191.7211,464.2588,11,nan,nan,nan
ROI_075/patch_116,6,41.3692,299.1482,51.6155,300.3432,52.6952,299.8472,48.4011,300.1345,12,nan,nan,nan
ROI_075/patch_116,7,18.9512,123.9762,23.4935,124.0107,27.2504,124.8700,24.3585,125.4437,8,nan,nan,nan
ROI_075/patch_117,0,316.8744,333.0255,235.5486,338.3459,236.9262,338.9430,234.5328,339.2223,12,nan,nan,nan
ROI_075/patch_117,1,139.7818,428.0323,56.3659,433.9227,56.2933,433.2701,nan,nan,1,nan,nan,nan
ROI_075/patch_117,2,293.8583,458.6900,221.8676,460.7146,218.7045,463.6910,217.5150,461.4727,4,nan,nan,nan
ROI_075/patch_117,3,471.1461,444.1762,397.4401,448.5537,403.2739,449.2686,400.5056,449.8677,12,nan,nan,nan
ROI_075/patch_117,4,385.0838,503.6116,318.3945,507.8379,316.1062,508.2767,nan,nan,0,nan,nan,nan
ROI_075/patch_117,5,353.0472,366.0805,277.3516,371.7883,276.2548,371.7534,276.5624,371.4130,6,nan,nan,nan
ROI_075/patch_117,6,172.1038,287.7161,87.3381,293.5027,83.5591,293.9767,88.1313,293.8189,6,nan,nan,nan
ROI_075/patch_117,7,192.1137,362.6585,110.8997,364.9478,107.9419,368.3698,108.1266,367.9395,9,nan,nan,nan
ROI_075/patch_118,0,198.3059,320.1046,134.4614,324.6649,123.7539,320.5405,nan,nan,1,nan,nan,nan
ROI_075/patch_118,1,395.2581,409.3013,316.1143,413.5912,318.5672,413.0552,nan,nan,1,nan,nan,nan
ROI_075/patch_118,2,393.0401,91.5356,318.3945,94.3686,306.7574,97.4907,316.3113,96.6962,12,nan,nan,nan
ROI_075/patch_118,3,398.5625,244.3811,319.9146,247.8995,316.7838,249.3668,315.8874,248.9248,10,nan,nan,nan
ROI_075/patch_118,4,84.5623,346.9492,19.6933,348.9866,13.6243,344.9152,nan,nan,0,nan,nan,nan
ROI_075/patch_118,5,146.8676,236.1676,69.8568,239.5389,71.0333,236.1656,nan,nan,0,nan,nan,nan
ROI_075/patch_118,6,473.6983,57.7160,404.2806,61.6862,384.4041,65.5271,403.1379,62.2542,8,nan,nan,nan
ROI_075/patch_118,7,453.0511,382.5326,373.1184,386.9893,374.1254,387.6343,375.3831,388.4670,8,nan,nan,nan
ROI_075/patch_119,0,284.1920,114.8900,265.1907,117.9302,259.1533,118.5507,268.2249,117.1400,10,nan,nan,nan
ROI_075/patch_119,1,231.7483,155.1729,202.1062,158.9731,197.4933,159.1610,nan,nan,1,nan,nan,nan
ROI_075/patch_119,2,220.8793,255.8368,175.5043,257.0201,179.4210,259.4667,176.0411,260.4441,4,nan,nan,nan
ROI_075/patch_119,3,314.6607,284.5455,281.9119,288.9424,283.9068,287.1248,282.1590,288.5872,11,nan,nan,nan
ROI_075/patch_119,4,264.6147,351.6171,218.8274,355.8271,223.4243,354.3767,220.1477,355.7783,9,nan,nan,nan
ROI_075/patch_119,5,241.4654,480.9386,186.9051,485.0363,189.8113,483.3278,189.4060,485.9693,10,nan,nan,nan
ROI_075/patch_119,6,77.9816,388.1732,18.1731,393.8298,10.1169,392.5910,20.0673,393.0459,9,nan,nan,nan
ROI_075/patch_119,7,58.4933,150.4363,7.5324,155.1729,1.6934,156.1423,nan,nan,2,nan,nan,nan
ROI_075/patch_119,8,138.8879,130.0005,97.2188,134.6514,93.8472,135.0138,nan,nan,2,nan,nan,nan
ROI_075/patch_119,9,473.6146,348.9141,462.8047,349.7467,460.1030,349.6402,460.9489,350.5984,12,nan,nan,nan
ROI_075/patch_120,0,249.0395,172.2741,250.5596,173.0341,256.9721,172.7293,254.8287,172.4171,10,nan,nan,nan
ROI_075/patch_120,1,135.7915,205.7165,138.8317,207.2366,144.4590,206.2315,136.0557,206.7469,10,nan,nan,nan
ROI_075/patch_120,2,97.8769,465.7388,108.4296,464.1348,111.5161,466.3268,104.7919,466.2169,12,nan,nan,nan
ROI_075/patch_120,3,387.8750,503.5638,394.2099,505.1777,401.9772,504.0251,nan,nan,2,nan,nan,nan
ROI_075/patch_120,4,383.9295,238.1462,391.1696,237.6387,392.9943,238.5528,389.9746,238.9857,10,nan,nan,nan
ROI_075/patch_120,5,314.6004,337.4469,329.6053,335.6857,325.6122,337.9069,327.6837,337.5636,10,nan,nan,nan
ROI_075/patch_120,6,223.5221,410.4370,239.1588,410.9310,236.0004,410.9548,236.6313,411.1109,10,nan,nan,nan
ROI_075/patch_120,7,29.1849,402.1486,35.4644,401.8104,41.6769,402.7550,35.7591,402.9192,12,nan,nan,nan
ROI_075/patch_120,8,83.1942,47.2800,90.1883,49.1453,88.8990,47.7857,89.4814,48.4105,10,nan,nan,nan
ROI_075/patch_121,0,386.6093,238.3988,314.4042,243.7192,303.9995,243.6946,310.2323,242.9678,10,nan,nan,nan
ROI_075/patch_121,1,303.0034,140.3518,221.6776,144.1521,222.8185,145.0924,219.9447,144.7230,6,nan,nan,nan
ROI_075/patch_121,2,382.3058,106.3596,307.5637,109.1896,307.2439,111.2249,311.1886,111.3254,10,nan,nan,nan
ROI_075/patch_121,3,446.2306,121.5341,374.4484,126.6709,372.8097,126.6347,375.2346,126.9213,9,nan,nan,nan
ROI_075/patch_121,4,287.9733,344.2102,192.7955,347.8466,195.2778,349.5519,197.6358,349.3476,8,nan,nan,nan
ROI_075/patch_121,5,363.2060,408.5143,271.0811,413.9713,269.7269,414.2800,270.0858,413.8741,10,nan,nan,nan
ROI_075/patch_121,6,322.4629,471.7769,226.2379,475.5356,223.6748,477.6234,226.1934,477.6719,11,nan,nan,nan
ROI_075/patch_121,7,117.7163,399.4565,28.6239,401.8104,15.0586,404.4742,28.1331,404.7384,12,nan,nan,nan
ROI_075/patch_121,8,193.1229,41.9616,111.4698,44.5850,114.3439,46.0687,115.8884,46.8595,12,nan,nan,nan
ROI_075/patch_122,0,296.1629,198.1159,217.8773,203.4363,223.4947,200.3659,220.0127,202.3953,6,nan,nan,nan
ROI_075/patch_122,1,390.4096,486.1764,315.1642,491.4968,310.0688,489.5839,313.9576,491.4900,6,nan,nan,nan
ROI_075/patch_122,2,301.5126,352.7357,226.2379,355.4471,226.8062,355.5838,225.5151,356.9027,6,nan,nan,nan
ROI_075/patch_122,3,145.5810,460.2845,70.4269,467.1750,76.7981,463.4670,nan,nan,0,nan,nan,nan
ROI_075/patch_122,4,155.7891,196.3925,88.6682,198.8760,89.5956,198.5639,91.0683,198.7769,10,nan,nan,nan
ROI_075/patch_122,5,161.9307,88.8544,97.0287,91.7084,96.7012,90.6148,103.7027,93.2756,8,nan,nan,nan
ROI_075/patch_122,6,67.8732,101.4131,10.3826,105.3893,6.8231,103.1737,nan,nan,0,nan,nan,nan
ROI_075/patch_122,7,433.6907,217.9499,357.7273,222.4377,354.4688,220.3466,350.8885,223.8956,7,nan,nan,nan
ROI_075/patch_123,0,190.5154,178.3545,144.9121,181.3947,143.7668,181.0763,151.3489,182.2947,9,nan,nan,nan
ROI_075/patch_123,1,169.9939,290.0825,120.5904,292.3626,125.0520,292.6943,124.1024,292.8714,9,nan,nan,nan
ROI_075/patch_123,2,211.5868,439.2344,144.1521,442.8533,166.6673,441.7953,146.6790,443.5405,9,nan,nan,nan
ROI_075/patch_123,3,347.3252,406.4645,296.1629,409.4109,297.3833,409.2376,295.8732,410.5308,8,nan,nan,nan
ROI_075/patch_123,4,427.2977,493.5833,367.6080,496.0571,375.4406,496.4040,nan,nan,0,nan,nan,nan
ROI_075/patch_123,5,456.6967,50.5210,413.2112,52.9456,399.4755,53.7054,412.2051,52.7845,6,nan,nan,nan
ROI_075/patch_123,6,290.1558,26.8165,236.8787,30.9040,238.4699,29.7871,238.5149,30.7563,7,nan,nan,nan
ROI_075/patch_123,7,111.8211,90.5234,68.1467,95.5086,66.9363,93.2000,66.6381,93.9547,6,nan,nan,nan
ROI_075/patch_124,0,204.1964,62.8263,209.5167,62.0663,201.2152,64.3673,210.5723,63.1470,11,nan,nan,nan
ROI_075/patch_124,1,352.4069,57.5059,359.2474,57.5059,361.0655,58.7110,358.9856,59.4790,9,nan,nan,nan
ROI_075/patch_124,2,474.5470,239.6959,479.3359,241.4390,477.2525,241.0477,475.0956,241.0952,11,nan,nan,nan
ROI_075/patch_124,3,303.8947,381.8867,284.0020,385.8493,281.8610,383.9341,279.1521,384.0950,10,nan,nan,nan
ROI_075/patch_124,4,372.2885,406.7690,356.9672,410.1710,353.3485,408.7234,353.3760,411.6344,8,nan,nan,nan
ROI_075/patch_124,5,88.4307,275.1447,52.9456,275.6414,59.0138,277.4206,50.4868,277.5314,9,nan,nan,nan
ROI_075/patch_124,6,173.5325,232.2076,147.9524,235.3586,154.1221,234.2001,148.3801,235.9222,7,nan,nan,nan
ROI_075/patch_124,7,32.1835,57.5323,19.5032,58.2660,16.6489,59.4372,18.9545,58.8441,8,nan,nan,nan
ROI_075/patch_125,0,303.7634,73.4671,194.3157,81.0676,193.3295,79.8590,194.7418,80.6408,11,nan,nan,nan
ROI_075/patch_125,1,470.2152,53.7057,367.6080,55.9858,366.7795,59.1530,nan,nan,2,nan,nan,nan
ROI_075/patch_125,2,140.3511,372.7949,47.6252,378.2487,0.9177,380.9343,44.8680,378.1442,9,nan,nan,nan
ROI_075/patch_125,3,113.3621,130.6151,16.4630,134.2714,-7.8077,138.1887,17.3592,135.2770,10,nan,nan,nan
ROI_075/patch_125,4,143.1317,19.7086,44.5850,24.0636,31.7016,26.7986,46.8685,24.3585,8,nan,nan,nan
ROI_075/patch_125,5,319.7465,480.2413,194.3157,483.8962,177.6778,487.7399,nan,nan,2,nan,nan,nan
ROI_075/patch_125,6,342.8046,399.2805,215.5972,406.3707,207.8891,406.4190,nan,nan,0,nan,nan,nan
ROI_075/patch_125,7,490.8740,239.1537,384.3291,243.7192,373.4526,245.0343,375.3199,245.7349,7,nan,nan,nan
ROI_075/patch_127,0,160.8733,298.4430,97.7888,301.4833,96.5851,302.0878,96.1608,302.7073,11,nan,nan,nan
ROI_075/patch_127,1,318.2045,240.6789,248.2795,241.4390,253.8568,243.9010,253.8142,243.3029,12,nan,nan,nan
ROI_075/patch_127,2,372.8460,255.5669,306.8036,259.6803,308.4256,258.8669,308.1360,260.0425,10,nan,nan,nan
ROI_075/patch_127,3,483.0432,84.8768,415.4914,89.4282,418.7754,87.0433,nan,nan,1,nan,nan,nan
ROI_075/patch_127,4,357.7944,27.5790,294.6428,30.9040,293.7278,29.4180,293.9678,31.8529,5,nan,nan,nan
ROI_075/patch_127,5,77.1580,151.3285,11.9027,152.5127,13.1665,154.0546,13.2058,155.2577,6,nan,nan,nan
ROI_075/patch_127,6,150.1644,451.6160,73.4671,456.5343,85.6577,456.2492,73.2982,454.0644,7,nan,nan,nan
ROI_075/patch_127,7,371.2243,434.7407,300.7232,437.5329,306.5383,439.1933,300.7255,439.6544,10,nan,nan,nan
ROI_075/patch_128,0,189.7553,216.3572,122.1105,219.3974,126.6967,221.1602,125.5219,220.8950,11,nan,nan,nan
ROI_075/patch_128,1,288.5623,310.6039,231.5583,315.9243,230.5065,315.1150,230.6585,315.0493,12,nan,nan,nan
ROI_075/patch_128,2,347.4411,443.1476,293.1227,445.8935,291.7161,447.5451,290.5217,448.1613,11,nan,nan,nan
ROI_075/patch_128,3,405.7255,211.9388,361.5275,216.3572,355.3931,215.9375,354.6059,216.4150,6,nan,nan,nan
ROI_075/patch_128,4,239.5530,76.5283,182.1548,81.0676,180.6104,81.0362,182.0701,81.1100,9,nan,nan,nan
ROI_075/patch_128,5,240.4330,8.5855,190.5154,11.9027,182.1205,13.0364,189.1165,12.7792,4,nan,nan,nan
ROI_075/patch_128,6,141.6251,22.6893,82.5877,27.8638,77.3874,27.5178,77.9057,27.3423,12,nan,nan,nan
ROI_075/patch_128,7,150.6498,341.1584,86.3880,346.3265,84.2311,346.2050,86.6994,345.8055,5,nan,nan,nan
ROI_075/patch_128,8,427.1623,33.2566,394.2099,35.4644,379.6105,37.0347,395.0747,35.2593,5,nan,nan,nan
ROI_075/patch_129,0,308.3238,312.1240,163.9135,318.2045,167.0264,318.7960,167.3906,319.1591,10,nan,nan,nan
ROI_075/patch_129,1,284.7621,46.1051,151.7526,52.9456,152.6647,52.2539,151.0761,51.8466,10,nan,nan,nan
ROI_075/patch_129,2,463.3755,323.8886,315.9243,330.3653,313.2747,331.0893,321.4182,331.0456,8,nan,nan,nan
ROI_075/patch_129,3,338.8898,450.7990,202.6762,456.5343,191.7997,457.8038,198.3720,457.5812,11,nan,nan,nan
ROI_075/patch_129,4,236.1891,393.9051,89.4282,400.2903,96.3911,400.4773,89.8750,400.7259,8,nan,nan,nan
ROI_075/patch_129,5,492.6158,188.4750,347.0865,195.0757,344.9500,195.5448,345.5367,195.2347,8,nan,nan,nan
ROI_075/patch_129,6,387.9996,92.5187,248.2795,97.7888,248.8927,99.0842,246.9798,98.8854,12,nan,nan,nan
ROI_075/patch_129,7,131.8003,189.5794,5.8223,194.3157,3.7733,195.4665,nan,nan,2,nan,nan,nan
ROI_075/patch_130,0,198.8760,116.7901,74.9872,122.1105,74.7580,123.5276,76.4748,123.0867,9,nan,nan,nan
ROI_075/patch_130,1,448.9337,103.8692,348.6066,109.1896,351.4973,109.5844,352.5871,109.3353,10,nan,nan,nan
ROI_075/patch_130,2,406.8614,329.8543,309.0838,333.4055,306.9698,335.5305,310.5828,335.3136,12,nan,nan,nan
ROI_075/patch_130,3,474.7793,358.2284,387.3694,362.2876,382.4244,363.5968,385.6331,363.3992,8,nan,nan,nan
ROI_075/patch_130,4,286.7449,366.2387,167.7138,372.9283,174.3109,372.3774,171.2647,373.0001,11,nan,nan,nan
ROI_075/patch_130,5,398.7152,430.5132,298.4430,436.0128,298.8654,436.1281,296.4237,435.9487,10,nan,nan,nan
ROI_075/patch_130,6,467.4074,12.9798,369.8881,19.5032,371.1248,18.7042,370.8344,18.8944,6,nan,nan,nan
ROI_075/patch_130,7,370.9576,64.6817,266.5208,70.4269,264.8083,70.7564,268.3295,70.6625,9,nan,nan,nan
ROI_075/patch_131,0,185.9551,46.1051,101.5891,53.7057,106.9679,51.6064,102.7224,51.8990,10,nan,nan,nan
ROI_075/patch_131,1,385.8493,15.7030,305.2835,20.2633,301.7030,21.6088,303.3994,21.5643,9,nan,nan,nan
ROI_075/patch_131,2,450.0000,384.2603,406.3707,386.6093,368.2858,390.1794,372.9196,384.1665,3,nan,nan,nan
ROI_075/patch_131,3,494.2143,399.4454,462.6147,401.0503,411.5956,405.4472,nan,nan,0,nan,nan,nan
ROI_075/patch_131,4,118.3644,324.1314,45.3451,329.6053,44.0148,329.4134,47.7548,329.0154,12,nan,nan,nan
ROI_075/patch_131,5,157.4062,427.3791,85.6279,432.9726,83.2287,432.7065,86.0969,432.5384,11,nan,nan,nan
ROI_075/patch_131,6,244.2821,468.4789,160.8733,474.0155,168.4492,473.9654,167.1916,474.0812,4,nan,nan,nan
ROI_075/patch_131,7,375.4419,207.7404,289.3224,214.8371,293.6220,213.5665,292.4704,213.8021,11,nan,nan,nan
ROI_075/patch_132,0,383.5691,120.5904,315.9243,125.1507,316.2003,125.2741,318.9246,125.5647,9,nan,nan,nan
ROI_075/patch_132,1,154.7928,147.9524,84.1078,151.7526,80.6174,152.6576,78.6474,152.9567,9,nan,nan,nan
ROI_075/patch_132,2,196.4367,67.4481,128.9510,70.4269,127.3392,71.9970,nan,nan,0,nan,nan,nan
ROI_075/patch_132,3,418.0682,7.8482,359.2474,11.1426,357.2467,12.3093,nan,nan,2,nan,nan,nan
ROI_075/patch_132,4,489.0389,103.5748,426.1321,109.1896,425.0318,108.2396,424.8282,108.6784,9,nan,nan,nan
ROI_075/patch_132,5,421.0118,311.6838,342.5262,315.1642,344.8161,316.7588,343.5248,316.8028,9,nan,nan,nan
ROI_075/patch_132,6,426.1991,388.5258,344.8063,392.6897,346.2203,393.7567,343.8269,393.8854,10,nan,nan,nan
ROI_075/patch_132,7,144.1841,36.0461,73.4671,40.0247,75.4456,40.5239,74.1489,41.2892,5,nan,nan,nan
ROI_075/patch_133,0,409.4109,451.9740,271.0811,458.8144,280.2614,459.3615,274.2967,459.5612,8,nan,nan,nan
ROI_075/patch_133,1,440.5731,256.6401,309.0838,265.7607,307.5611,263.9078,306.6418,264.4209,7,nan,nan,nan
ROI_075/patch_133,2,445.0273,41.6285,303.7634,49.9054,306.4887,48.7520,310.1207,48.4946,11,nan,nan,nan
ROI_075/patch_133,3,478.2081,28.8595,338.7259,33.9443,340.7472,35.9882,343.0951,36.1932,10,nan,nan,nan
ROI_075/patch_133,4,259.4816,8.8146,113.7499,15.7030,112.1457,15.8380,112.4741,16.2807,6,nan,nan,nan
ROI_075/patch_133,5,155.7356,393.1460,13.4228,400.2903,14.1872,400.3872,nan,nan,0,nan,nan,nan
ROI_075/patch_133,6,433.8755,426.8567,299.2031,434.4927,305.1031,434.2374,299.0934,434.5607,11,nan,nan,nan
ROI_075/patch_133,7,378.3628,45.1752,232.8884,54.8457,237.0712,52.2731,nan,nan,2,nan,nan,nan
ROI_075/patch_134,0,302.2433,224.7178,201.1561,229.2781,197.1205,230.4047,199.9724,230.5441,10,nan,nan,nan
ROI_075/patch_134,1,317.4444,287.0422,217.1173,293.1227,214.3996,292.7125,215.8773,293.0190,12,nan,nan,nan
ROI_075/patch_134,2,255.4989,494.1431,145.6722,499.8574,156.8628,499.7956,146.7010,500.1495,3,nan,nan,nan
ROI_075/patch_134,3,142.9658,335.8730,35.4644,340.2460,37.4112,341.5927,39.7803,341.2287,11,nan,nan,nan
ROI_075/patch_134,4,134.1686,230.8768,20.2633,236.8787,25.4863,236.6189,24.5654,237.2153,6,nan,nan,nan
ROI_075/patch_134,5,135.8031,118.5569,22.5435,122.8706,24.0202,124.3193,21.6042,123.5806,10,nan,nan,nan
ROI_075/patch_134,6,425.7420,63.7308,323.5248,67.3866,318.8649,69.4063,323.7522,68.8724,11,nan,nan,nan
ROI_075/patch_134,7,487.3282,138.3308,398.0101,141.8719,383.9018,143.9718,396.9754,143.4560,11,nan,nan,nan
ROI_075/patch_135,0,138.8317,212.5570,62.0663,216.3572,63.0365,217.7249,62.3837,217.7439,6,nan,nan,nan
ROI_075/patch_135,1,187.4752,256.6401,107.6695,261.2004,109.3650,262.0985,110.0412,261.9018,10,nan,nan,nan
ROI_075/patch_135,2,437.5998,416.6544,347.8466,422.3318,349.3379,423.4165,348.2855,423.2022,10,nan,nan,nan
ROI_075/patch_135,3,286.5731,428.7388,201.9162,435.2528,201.5850,435.0226,203.1712,434.3737,8,nan,nan,nan
ROI_075/patch_135,4,114.6006,464.6854,37.9345,468.5051,32.7574,470.4874,32.2463,470.1476,4,nan,nan,nan
ROI_075/patch_135,5,98.5282,362.6400,11.1426,366.6579,19.7482,368.0976,9.2114,368.2030,6,nan,nan,nan
ROI_075/patch_135,6,321.4060,29.7037,245.2393,32.2341,246.0734,34.9720,nan,nan,1,nan,nan,nan
ROI_075/patch_135,7,454.1905,222.6388,374.4484,230.6082,370.6315,228.9061,370.8537,228.8415,10,nan,nan,nan
ROI_075/patch_137,0,214.8371,295.2128,68.9067,305.0935,49.6734,303.2057,73.8025,302.5731,11,nan,nan,nan
ROI_075/patch_137,1,319.7246,23.8735,176.8344,28.4339,166.6193,31.2335,172.2974,30.8556,10,nan,nan,nan
ROI_075/patch_137,2,243.9241,70.2697,87.9081,77.8374,89.7948,77.6740,89.9731,77.7784,9,nan,nan,nan
ROI_075/patch_137,3,358.0696,300.3762,200.3961,309.6538,190.0716,308.5413,nan,nan,1,nan,nan,nan
ROI_075/patch_137,4,411.0137,180.6682,246.7594,188.8053,248.2159,188.5614,245.2335,188.4900,11,nan,nan,nan
ROI_075/patch_137,5,406.6295,278.6090,234.5985,289.1324,238.8788,286.7676,239.8636,287.2950,12,nan,nan,nan
ROI_075/patch_137,6,233.1135,162.5930,76.5073,169.8039,74.4351,170.2401,73.4904,170.4722,11,nan,nan,nan
ROI_075/patch_137,7,323.8033,76.7982,171.5140,85.4379,167.9060,84.3086,170.2416,84.0207,12,nan,nan,nan
ROI_075/patch_138,0,297.6830,391.9297,187.4752,396.4900,192.9909,398.1727,188.7231,398.6513,11,nan,nan,nan
ROI_075/patch_138,1,230.0382,172.2741,112.9899,179.8746,114.7538,178.9716,102.1209,175.0885,6,nan,nan,nan
ROI_075/patch_138,2,325.5171,28.1115,210.2768,34.7043,212.5608,34.8534,210.5173,34.8320,12,nan,nan,nan
ROI_075/patch_138,3,140.7630,161.1563,9.6225,170.7540,19.2468,168.0327,nan,nan,2,nan,nan,nan
ROI_075/patch_138,4,167.9627,402.1393,40.0247,410.1710,54.9481,408.6024,40.2747,409.5061,11,nan,nan,nan
ROI_075/patch_138,5,281.4405,464.7377,176.0744,471.7354,177.6942,470.9003,172.7049,471.0218,11,nan,nan,nan
ROI_075/patch_138,6,499.7681,318.3537,401.0503,323.5248,406.4384,324.3411,398.2063,324.3207,3,nan,nan,nan
ROI_075/patch_138,7,501.6794,184.3193,404.0906,191.2754,404.7516,190.5056,399.9901,191.0043,3,nan,nan,nan
ROI_075/patch_139,0,299.2031,211.0368,204.1964,216.3572,209.3358,216.3717,203.7878,216.2743,9,nan,nan,nan
ROI_075/patch_139,1,306.8036,290.0825,206.4765,295.4028,216.9296,295.4433,204.2496,295.7036,10,nan,nan,nan
ROI_075/patch_139,2,368.4398,68.6969,278.6816,71.9470,278.6047,74.0893,278.9091,73.6744,12,nan,nan,nan
ROI_075/patch_139,3,409.7791,14.3754,320.4846,18.7432,319.9599,19.8085,319.9325,19.1683,7,nan,nan,nan
ROI_075/patch_139,4,147.4943,222.7256,58.2660,226.9980,57.5888,227.8724,57.7483,227.6236,9,nan,nan,nan
ROI_075/patch_139,5,308.9938,409.0819,197.3559,415.4914,219.1075,414.4701,302.3358,409.7685,3,nan,nan,nan
ROI_075/patch_139,6,426.7973,402.5307,309.8439,410.1710,336.9403,408.0655,311.4949,409.3161,4,nan,nan,nan
ROI_075/patch_139,7,257.1369,73.8196,163.1534,76.5073,167.2741,79.0732,161.3721,79.3806,10,nan,nan,nan
ROI_075/patch_140,0,204.9564,395.7300,114.5100,401.8104,114.8473,401.6388,115.9634,401.4962,10,nan,nan,nan
ROI_075/patch_140,1,320.4846,141.8719,220.1575,148.7124,219.1880,148.1224,218.1134,148.2382,9,nan,nan,nan
ROI_075/patch_140,2,464.0457,175.0297,358.4873,179.8746,360.8973,181.3212,361.3431,180.9427,7,nan,nan,nan
ROI_075/patch_140,3,469.3198,263.2429,370.6482,271.0811,369.1104,269.4402,367.5788,269.5238,10,nan,nan,nan
ROI_075/patch_140,4,273.3158,316.3608,178.3545,320.4846,179.0356,322.3939,180.7129,322.1524,8,nan,nan,nan
ROI_075/patch_140,5,172.9299,240.7292,81.8277,247.5194,78.1318,246.7913,78.2262,247.2797,10,nan,nan,nan
ROI_075/patch_140,6,374.6040,297.7693,278.6816,303.0034,277.5661,303.8775,278.1976,304.6182,12,nan,nan,nan
ROI_075/patch_140,7,500.8212,460.4785,408.6509,465.6549,406.7716,466.4759,nan,nan,1,nan,nan,nan
ROI_075/patch_141,0,363.0476,212.5570,260.4404,216.3572,269.4998,216.8245,264.0478,217.8082,8,nan,nan,nan
ROI_075/patch_141,1,135.7915,248.2795,61.3062,252.8398,64.8371,251.5082,nan,nan,0,nan,nan,nan
ROI_075/patch_141,2,313.6994,79.9899,197.3559,85.6279,205.3875,85.7094,nan,nan,2,nan,nan,nan
ROI_075/patch_141,3,135.4878,40.5875,36.9845,45.3451,35.4433,46.2983,38.9997,45.7009,9,nan,nan,nan
ROI_075/patch_141,4,267.5003,463.9752,214.8371,467.1750,216.5893,464.9798,nan,nan,0,nan,nan,nan
ROI_075/patch_141,5,317.6779,338.7648,245.9993,343.2862,245.3324,341.4013,nan,nan,1,nan,nan,nan
ROI_075/patch_141,6,407.0132,446.1056,342.7162,450.2638,342.8012,447.6994,343.1862,448.0831,8,nan,nan,nan
ROI_075/patch_141,7,149.5847,206.9926,72.3270,209.1367,71.7755,210.7520,72.4752,208.9425,3,nan,nan,nan
ROI_075/patch_141,8,420.9108,36.4246,294.5003,43.8725,298.1956,42.9535,293.1454,43.5238,9,nan,nan,nan
ROI_075/patch_142,0,266.5208,376.7286,206.4765,380.5289,205.7729,379.4334,203.3745,381.1660,12,nan,nan,nan
ROI_075/patch_142,1,128.9510,339.4860,62.8263,344.0463,63.2305,343.7249,64.6716,344.0568,7,nan,nan,nan
ROI_075/patch_142,2,264.3602,188.1043,182.1548,193.5556,184.4153,192.9766,181.7476,193.8160,10,nan,nan,nan
ROI_075/patch_142,3,211.1439,96.6927,111.4698,103.1092,121.4460,103.0362,114.6172,102.8479,9,nan,nan,nan
ROI_075/patch_142,4,445.6666,441.7065,376.7286,444.3734,393.0698,442.2256,nan,nan,1,nan,nan,nan
ROI_075/patch_142,5,81.5985,432.8767,19.5032,436.7729,24.9653,436.4330,17.8565,437.3666,5,nan,nan,nan
ROI_075/patch_142,6,496.9849,46.2339,401.8104,51.4255,404.6208,50.8471,nan,nan,0,nan,nan,nan
ROI_075/patch_142,7,160.0707,33.0893,45.3451,40.7848,63.4656,40.5699,50.7318,39.5558,6,nan,nan,nan
ROI_075/patch_143,0,405.6107,77.2673,272.6012,84.8679,273.5590,84.3393,271.8335,85.0033,10,nan,nan,nan
ROI_075/patch_143,1,502.1375,176.0744,369.1281,183.6749,359.3274,183.6658,nan,nan,2,nan,nan,nan
ROI_075/patch_143,2,350.1267,328.8452,230.0382,335.6857,228.5660,335.5603,234.8678,335.0074,8,nan,nan,nan
ROI_075/patch_143,3,198.6099,488.4722,109.9497,493.7769,98.3323,494.3124,115.0836,494.2643,5,nan,nan,nan
ROI_075/patch_143,4,237.7437,206.8472,131.2312,214.0771,128.6114,212.9588,128.7912,213.3577,9,nan,nan,nan
ROI_075/patch_143,5,236.4252,31.4148,125.1507,39.2646,125.0085,37.5522,nan,nan,0,nan,nan,nan
ROI_075/patch_143,6,293.1932,6.1189,176.0744,13.4228,174.2845,12.5775,nan,nan,0,nan,nan,nan
ROI_075/patch_143,7,442.2122,255.6177,301.4833,267.2808,308.0488,262.8600,nan,nan,0,nan,nan,nan
ROI_075/patch_144,0,245.9993,71.9470,143.3920,79.5475,143.5667,78.0871,143.8226,78.4399,12,nan,nan,nan
ROI_075/patch_144,1,336.4457,113.7499,229.2781,120.5904,230.1177,120.1819,233.4767,120.7484,11,nan,nan,nan
ROI_075/patch_144,2,371.0396,390.9893,234.5985,400.2903,233.5258,398.8819,236.4282,398.3781,9,nan,nan,nan
ROI_075/patch_144,3,154.1277,211.3894,33.1842,215.5972,34.9751,218.1726,32.6896,218.2766,9,nan,nan,nan
ROI_075/patch_144,4,384.2355,181.6022,274.1213,186.7151,270.6472,188.4246,274.8206,188.5526,4,nan,nan,nan
ROI_075/patch_144,5,434.3942,344.8024,305.2835,350.8868,302.7302,352.5096,300.7515,352.7010,9,nan,nan,nan
ROI_075/patch_144,6,504.6394,423.6663,371.4082,429.1723,364.6760,431.8398,nan,nan,0,nan,nan,nan
ROI_075/patch_144,7,189.9030,379.7348,46.8652,388.8895,51.9536,387.4173,49.0529,387.5520,10,nan,nan,nan
ROI_075/patch_145,0,407.8908,362.2876,419.2916,363.0476,413.2748,363.7601,414.6529,363.6014,12,nan,nan,nan
ROI_075/patch_145,1,366.8479,394.9699,379.0088,397.2501,377.3652,396.3764,379.2937,396.7354,11,nan,nan,nan
ROI_075/patch_145,2,208.6427,408.1095,231.5583,410.1710,229.2974,409.1586,228.2143,409.5317,11,nan,nan,nan
ROI_075/patch_145,3,35.5451,496.3373,74.2271,496.0571,73.6071,497.0626,68.1290,496.5595,3,nan,nan,nan
ROI_075/patch_145,4,197.1579,445.8892,220.9175,445.8935,221.6978,446.9458,222.1064,447.4373,12,nan,nan,nan
ROI_075/patch_145,5,143.6525,199.6907,137.3116,201.3462,150.1865,200.3979,143.3854,201.2804,10,nan,nan,nan
ROI_075/patch_145,6,391.2641,192.7747,377.4887,194.5057,383.0990,194.0537,378.7559,194.2818,9,nan,nan,nan
ROI_075/patch_145,7,369.1623,127.6196,344.8063,130.6611,356.6845,128.7876,343.6679,128.7879,9,nan,nan,nan
ROI_075/patch_146,0,141.8719,233.2684,138.0717,237.0687,140.6056,234.5420,141.5755,235.4732,3,nan,nan,nan
ROI_075/patch_146,1,247.5194,16.6530,204.1964,19.6933,216.3831,18.4133,202.8321,21.0069,10,nan,nan,nan
ROI_075/patch_146,2,429.3282,110.2065,385.0892,113.9399,386.0784,112.1417,384.5842,112.4591,8,nan,nan,nan
ROI_075/patch_146,3,416.0669,226.7759,381.2889,230.2282,384.0971,228.5229,384.2742,229.1345,7,nan,nan,nan
ROI_075/patch_146,4,117.9832,501.8281,131.9912,504.6077,141.9714,502.6796,nan,nan,2,nan,nan,nan
ROI_075/patch_146,5,56.8149,382.9703,72.7070,385.2792,77.5163,383.8872,70.0217,384.2030,11,nan,nan,nan
ROI_075/patch_146,6,117.7246,298.7484,125.1507,303.1934,124.6310,299.8881,124.3932,300.2610,12,nan,nan,nan
ROI_075/patch_146,7,506.1185,298.1990,465.6549,300.1532,470.2623,299.9970,nan,nan,0,nan,nan,nan
ROI_075/patch_146,8,467.2214,455.9858,449.6938,458.2444,448.9374,457.4937,448.6661,457.8111,6,nan,nan,nan
ROI_075/patch_147,0,316.6843,246.9494,237.6387,251.5097,238.6167,252.5774,239.3823,252.3978,7,nan,nan,nan
ROI_075/patch_147,1,315.1642,101.0190,219.3974,107.8595,222.9135,107.3835,219.4582,107.1753,11,nan,nan,nan
ROI_075/patch_147,2,174.5380,268.9607,117.5502,274.3113,120.1480,272.9172,116.9700,274.0060,3,nan,nan,nan
ROI_075/patch_147,3,132.7380,389.8349,98.5489,392.8798,96.6098,392.7094,nan,nan,2,nan,nan,nan
ROI_075/patch_147,4,205.8363,497.6575,170.7540,499.2873,169.2992,500.7768,nan,nan,2,nan,nan,nan
ROI_075/patch_147,5,347.5880,442.1664,286.2822,445.3235,284.1263,447.1256,nan,nan,1,nan,nan,nan
ROI_075/patch_147,6,114.2526,23.3571,43.0649,27.2938,44.7249,27.9204,nan,nan,1,nan,nan,nan
ROI_075/patch_147,7,236.3175,15.8508,149.4725,21.2134,147.5827,21.7907,nan,nan,1,nan,nan,nan
ROI_075/patch_148,0,379.7688,147.1923,228.5181,154.7928,229.3102,154.6620,232.2998,155.4049,10,nan,nan,nan
ROI_075/patch_148,1,446.6536,89.4282,291.6026,99.3089,284.2329,97.2945,292.8452,98.1472,9,nan,nan,nan
ROI_075/patch_148,2,497.3218,233.8061,350.1267,243.7192,348.4381,241.6018,350.4876,241.6433,4,nan,nan,nan
ROI_075/patch_148,3,426.0021,461.9539,308.3238,468.6951,309.8799,468.9983,310.8395,468.7000,11,nan,nan,nan
ROI_075/patch_148,4,410.3860,382.0422,285.5221,388.1294,285.8377,389.1782,288.1289,389.4373,5,nan,nan,nan
ROI_075/patch_148,5,286.8925,357.3189,165.4336,366.0879,168.6497,363.9817,171.0268,363.9737,11,nan,nan,nan
ROI_075/patch_148,6,170.5371,58.8253,36.9845,65.8665,25.1787,65.5850,36.4638,65.7877,11,nan,nan,nan
ROI_075/patch_148,7,122.2477,421.5983,25.5837,428.4123,24.0921,427.4386,nan,nan,0,nan,nan,nan
ROI_075/patch_149,0,214.8371,338.7259,250.5596,337.2058,245.5831,339.4396,246.9524,338.8962,9,nan,nan,nan
ROI_075/patch_149,1,76.5073,244.4792,114.5100,244.4792,115.5915,244.9749,115.4744,245.4729,10,nan,nan,nan
ROI_075/patch_149,2,21.6264,131.6736,61.3062,131.2312,63.1420,132.0757,59.8057,132.5843,12,nan,nan,nan
ROI_075/patch_149,3,38.7516,6.8255,74.2271,8.1024,77.6479,7.2416,71.4272,7.9583,3,nan,nan,nan
ROI_075/patch_149,4,471.8494,210.8631,483.1362,211.7969,483.5813,211.9530,484.2722,212.6266,9,nan,nan,nan
ROI_075/patch_149,5,410.1874,384.4423,432.9726,386.6093,428.1424,385.4556,429.5970,386.0749,8,nan,nan,nan
ROI_075/patch_149,6,30.9354,419.9644,72.7070,420.0517,75.1676,420.4079,75.5513,420.5377,12,nan,nan,nan
ROI_075/patch_149,7,63.0817,150.8031,100.0690,152.5127,101.9925,151.2696,101.0901,151.4617,12,nan,nan,nan
ROI_075/patch_150,0,225.4779,98.5489,235.3586,98.5489,234.4286,99.4821,237.6426,100.1853,9,nan,nan,nan
ROI_075/patch_150,1,293.1227,372.9283,302.2433,372.9283,306.6902,373.5891,306.0284,373.7917,11,nan,nan,nan
ROI_075/patch_150,2,378.6249,495.9130,398.0101,496.0571,392.0470,496.4880,397.7227,496.6739,6,nan,nan,nan
ROI_075/patch_150,3,120.0310,441.0690,139.5918,439.8131,142.3670,441.5368,139.6156,441.2780,8,nan,nan,nan
ROI_075/patch_150,4,472.6560,141.2184,466.4150,141.8719,472.8257,142.2655,466.4539,142.4982,10,nan,nan,nan
ROI_075/patch_150,5,133.7547,35.9573,153.2727,40.0247,144.7144,36.9024,146.1328,37.3547,10,nan,nan,nan
ROI_075/patch_150,6,9.2445,26.2068,24.8236,25.5837,24.9412,27.0810,22.5476,26.6097,4,nan,nan,nan
ROI_075/patch_150,7,33.1210,343.0979,54.4657,341.7661,56.3273,343.6215,58.4904,343.4165,11,nan,nan,nan
ROI_075/patch_151,0,460.3345,280.9618,432.9726,286.2822,432.2990,282.9086,434.7765,283.1539,4,nan,nan,nan
ROI_075/patch_151,1,348.6066,200.3961,324.2849,201.9162,322.3115,202.3936,322.9887,202.5689,12,nan,nan,nan
ROI_075/patch_151,2,402.0787,506.8723,392.6897,508.2179,394.5091,508.0316,nan,nan,0,nan,nan,nan
ROI_075/patch_151,3,16.1299,439.4831,31.6641,441.3332,29.9694,440.1768,29.6245,440.1415,7,nan,nan,nan
ROI_075/patch_151,4,283.5092,126.5066,253.5999,131.9912,256.2608,128.6156,252.0784,131.0232,5,nan,nan,nan
ROI_075/patch_151,5,324.6683,46.2288,280.9618,49.9054,288.7516,48.6531,280.4528,48.3420,9,nan,nan,nan
ROI_075/patch_151,6,153.6755,171.9216,137.3116,176.0744,138.5995,173.6671,140.0369,174.2919,4,nan,nan,nan
ROI_075/patch_151,7,9.8156,94.6555,6.5823,97.7888,-1.0872,96.3857,nan,nan,2,nan,nan,nan
ROI_075/patch_152,0,409.4109,160.8733,307.5637,165.4336,308.1678,167.0597,312.9750,166.4954,8,nan,nan,nan
ROI_075/patch_152,1,218.6374,71.1869,135.0314,76.5073,137.6698,76.2969,136.3220,76.9844,7,nan,nan,nan
ROI_075/patch_152,2,81.5455,456.9743,68.1467,455.7742,68.5179,457.5801,68.5858,458.2249,10,nan,nan,nan
ROI_075/patch_152,3,27.4308,254.0793,5.0622,258.1602,-0.8805,255.8501,nan,nan,1,nan,nan,nan
ROI_075/patch_152,4,259.6417,178.8417,182.3448,186.1451,184.7922,183.4508,nan,nan,1,nan,nan,nan
ROI_075/patch_152,5,448.7198,155.8663,349.7467,162.5834,340.5149,162.4692,346.3563,161.6967,10,nan,nan,nan
ROI_075/patch_152,6,465.4510,301.3783,379.0088,304.7135,371.7841,306.9351,375.7350,306.8681,10,nan,nan,nan
ROI_075/patch_152,7,503.1009,245.9457,409.7910,251.8897,396.7636,252.3209,nan,nan,2,nan,nan,nan
ROI_075/patch_153,0,331.5054,229.0881,355.0671,229.8482,354.0470,229.6765,357.5079,229.8055,11,nan,nan,nan
ROI_075/patch_153,1,135.4115,265.5707,170.3740,266.3308,167.8385,266.2059,167.7980,266.6240,9,nan,nan,nan
ROI_075/patch_153,2,184.3136,503.6782,200.0161,506.5078,207.7299,504.6945,nan,nan,2,nan,nan,nan
ROI_075/patch_153,3,416.1669,464.1254,428.7923,464.7049,427.8001,465.0921,428.8070,465.3574,11,nan,nan,nan
ROI_075/patch_153,4,226.4822,111.2040,255.5000,110.5197,257.9569,111.5990,258.5576,111.2009,13,nan,nan,nan
ROI_075/patch_153,5,21.9062,91.8179,57.8860,95.3186,65.2150,92.1705,60.3423,93.0121,13,nan,nan,nan
ROI_075/patch_153,6,117.2907,490.2552,136.9316,490.5467,144.7714,491.2463,136.8262,491.1200,10,nan,nan,nan
ROI_075/patch_153,7,433.0208,34.2421,455.3942,35.2744,455.1038,34.5267,452.9832,35.0675,8,nan,nan,nan
ROI_075/patch_154,0,276.0215,216.1672,295.0228,218.4474,291.7477,217.2174,295.6419,217.3745,10,nan,nan,nan
ROI_075/patch_154,1,105.7694,215.4072,125.5308,216.9273,126.7787,216.4210,125.2278,216.6914,11,nan,nan,nan
ROI_075/patch_154,2,79.3140,274.3117,99.6889,277.7316,100.1174,275.3934,98.5781,276.1861,12,nan,nan,nan
ROI_075/patch_154,3,145.7614,452.6223,167.3337,453.3040,161.4057,453.9400,164.4590,453.4468,11,nan,nan,nan
ROI_075/patch_154,4,460.5649,423.5317,467.5551,425.1821,466.9713,424.8786,467.1839,425.1884,9,nan,nan,nan
ROI_075/patch_154,5,396.3236,122.7991,404.4706,125.7208,409.9506,123.7579,409.2435,124.2507,10,nan,nan,nan
ROI_075/patch_154,6,347.9993,24.2660,363.4277,23.1135,364.8364,25.0920,361.0160,25.1348,13,nan,nan,nan
ROI_075/patch_154,7,191.1517,88.5731,215.9772,88.4781,211.7248,89.4466,216.0096,89.0065,9,nan,nan,nan
ROI_075/patch_155,0,247.8995,171.3240,256.8301,171.8941,255.1023,172.1570,254.7817,173.0134,13,nan,nan,nan
ROI_075/patch_155,1,166.3837,238.0188,182.1548,239.1588,179.7600,238.7737,184.8858,238.8617,9,nan,nan,nan
ROI_075/patch_155,2,350.5342,405.3907,360.9575,407.5741,362.6015,406.1949,362.7011,406.3623,13,nan,nan,nan
ROI_075/patch_155,3,150.0442,441.4096,179.6846,443.2967,172.2084,442.0731,175.4716,441.6374,11,nan,nan,nan
ROI_075/patch_155,4,12.6026,117.3637,30.1915,118.6586,27.8316,118.0700,31.6546,117.8935,7,nan,nan,nan
ROI_075/patch_155,5,395.0734,111.7829,391.6922,111.7231,393.5491,112.7323,395.0316,112.3360,12,nan,nan,nan
ROI_075/patch_155,6,276.1596,300.8666,292.2764,302.5611,287.2883,301.6657,289.2809,302.3316,9,nan,nan,nan
ROI_075/patch_155,7,478.8027,356.9929,484.6047,357.6761,483.4028,357.8973,484.4396,357.5559,8,nan,nan,nan
ROI_075/patch_156,0,444.3734,268.8009,388.8895,274.1213,389.3415,272.5527,392.6078,273.1593,6,nan,nan,nan
ROI_075/patch_156,1,446.6536,140.3518,382.0490,143.3920,383.8162,144.5728,383.2666,145.0888,7,nan,nan,nan
ROI_075/patch_156,2,31.4286,207.6838,32.4242,207.2366,40.2711,207.6552,37.4471,208.7927,9,nan,nan,nan
ROI_075/patch_156,3,372.5981,19.4707,304.5235,24.8236,314.8547,23.3965,308.0519,25.5549,5,nan,nan,nan
ROI_075/patch_156,4,146.9246,58.1660,128.1910,59.0260,128.2605,59.7748,127.9582,59.0654,6,nan,nan,nan
ROI_075/patch_156,5,65.4692,384.0571,71.9470,385.8493,78.9612,383.7435,72.0729,385.8718,10,nan,nan,nan
ROI_075/patch_156,6,238.3407,488.3081,231.5583,489.2166,229.6452,489.3032,232.1461,488.7771,8,nan,nan,nan
ROI_075/patch_156,7,463.9138,11.5341,394.2099,17.9831,390.8043,16.3706,392.9209,17.1649,6,nan,nan,nan
ROI_075/patch_157,0,85.6279,95.5086,95.5086,97.7888,95.5107,96.3706,98.0123,96.6835,10,nan,nan,nan
ROI_075/patch_157,1,176.0744,236.1186,169.9939,237.6387,172.5935,237.3860,175.4176,237.6249,11,nan,nan,nan
ROI_075/patch_157,2,281.5023,236.2826,270.3211,238.3988,273.7195,237.5370,274.3654,237.2756,9,nan,nan,nan
ROI_075/patch_157,3,243.3813,303.2293,231.5583,303.7634,232.5397,304.6872,230.8008,305.1642,10,nan,nan,nan
ROI_075/patch_157,4,381.0657,13.5051,385.8493,14.1829,384.5717,14.0860,387.1928,14.4651,8,nan,nan,nan
ROI_075/patch_157,5,444.6557,265.4295,427.6522,268.0409,428.2257,266.7495,425.6070,267.4668,12,nan,nan,nan
ROI_075/patch_157,6,343.2094,425.0036,305.2835,426.8922,319.9195,426.8098,304.7669,427.4604,5,nan,nan,nan
ROI_075/patch_157,7,371.7433,503.2008,323.5248,505.1777,341.9073,505.2353,nan,nan,2,nan,nan,nan
ROI_075/patch_158,0,143.6454,289.8291,152.0060,290.5892,149.7856,291.0363,150.7378,290.8060,12,nan,nan,nan
ROI_075/patch_158,1,101.8424,180.3813,118.5636,183.4215,118.1906,181.4559,114.6752,181.8481,9,nan,nan,nan
ROI_075/patch_158,2,302.8711,192.4650,306.2969,194.0623,304.6353,193.6457,308.3133,194.1609,7,nan,nan,nan
ROI_075/patch_158,3,464.9215,44.0084,462.8681,45.0917,465.5444,45.1111,465.3289,45.2951,11,nan,nan,nan
ROI_075/patch_158,4,426.1708,351.9907,408.1442,352.9136,408.7830,353.3939,407.4085,353.7052,12,nan,nan,nan
ROI_075/patch_158,5,365.8108,446.7130,346.5798,448.6804,346.2026,448.1860,346.9217,448.8004,9,nan,nan,nan
ROI_075/patch_158,6,163.1651,462.0011,157.3264,466.9217,156.4152,463.3954,nan,nan,0,nan,nan,nan
ROI_075/patch_158,7,76.8026,272.3933,83.6011,276.1481,88.6924,273.5514,83.6913,273.6039,12,nan,nan,nan
ROI_075/patch_159,0,443.8667,225.2245,441.5865,225.9846,445.4479,225.8109,443.1744,226.1272,7,nan,nan,nan
ROI_075/patch_159,1,231.8117,393.1964,220.4108,394.7166,232.4462,393.9902,219.1154,394.9951,10,nan,nan,nan
ROI_075/patch_159,2,161.7429,401.8653,144.4054,403.8372,162.9768,402.7017,143.0511,403.8780,11,nan,nan,nan
ROI_075/patch_159,3,168.2166,154.5935,176.3277,156.0596,174.1954,155.2896,175.2905,155.7695,10,nan,nan,nan
ROI_075/patch_159,4,25.1989,54.7123,34.9577,54.9724,34.6909,55.4304,37.7311,55.3403,11,nan,nan,nan
ROI_075/patch_159,5,379.1304,35.0134,380.0222,35.9711,385.1259,35.5295,384.4086,36.2872,7,nan,nan,nan
ROI_075/patch_159,6,467.9760,104.2975,464.3882,104.3759,471.6480,104.8039,462.1031,105.3561,10,nan,nan,nan
ROI_075/patch_159,7,349.6086,502.9886,339.7393,504.1643,346.8134,503.7795,nan,nan,2,nan,nan,nan
ROI_075/patch_160,0,146.6856,86.8947,150.4859,87.6547,145.6554,87.8580,146.6595,87.9585,11,nan,nan,nan
ROI_075/patch_160,1,54.7191,244.2259,53.9590,244.9859,56.9619,245.1652,54.8106,245.0038,12,nan,nan,nan
ROI_075/patch_160,2,249.2479,426.2184,243.9725,425.8788,243.3392,427.2122,243.1686,427.2987,9,nan,nan,nan
ROI_075/patch_160,3,330.5539,184.3016,320.7380,183.4215,321.9968,185.3158,323.5121,185.7292,10,nan,nan,nan
ROI_075/patch_160,4,504.8932,14.0250,465.9083,15.4496,489.8261,15.0856,nan,nan,0,nan,nan,nan
ROI_075/patch_160,5,203.9974,153.9802,198.3693,155.2996,200.5335,154.9597,197.9266,155.2475,7,nan,nan,nan
ROI_075/patch_160,6,68.0988,142.1560,69.9202,142.3786,70.0544,143.0983,68.3425,143.8041,11,nan,nan,nan
ROI_075/patch_160,7,131.5971,295.8493,131.4845,298.1897,130.6669,296.8100,131.3588,297.6071,10,nan,nan,nan
ROI_075/patch_161,0,143.6454,248.7862,120.0837,251.0664,121.9877,250.9278,118.8348,250.8682,5,nan,nan,nan
ROI_075/patch_161,1,474.2689,222.9444,426.3855,225.9846,430.2939,226.9471,429.8736,227.3019,7,nan,nan,nan
ROI_075/patch_161,2,375.3097,368.5680,342.7795,371.9149,344.2308,371.5034,343.3227,372.7360,12,nan,nan,nan
ROI_075/patch_161,3,454.6883,430.4462,414.9847,435.7595,421.3206,433.5765,415.9835,434.9871,6,nan,nan,nan
ROI_075/patch_161,4,258.0890,488.7839,240.1722,492.0035,239.9291,490.6483,238.6132,490.9945,11,nan,nan,nan
ROI_075/patch_161,5,221.4189,370.5073,198.3693,374.1951,200.2729,372.6137,202.1094,373.1286,5,nan,nan,nan
ROI_075/patch_161,6,33.8673,53.6282,40.2780,54.2124,10.4347,55.9059,37.3942,55.7675,6,nan,nan,nan
ROI_075/patch_161,7,494.0912,63.0161,443.1067,65.4232,441.6382,67.7166,442.7276,67.6829,7,nan,nan,nan
ROI_075/patch_162,0,380.5289,198.8760,339.4860,201.9162,341.6109,200.9418,341.8768,201.0288,9,nan,nan,nan
ROI_075/patch_162,1,473.2555,358.4873,425.3721,360.7675,424.6172,360.6754,427.6836,360.9415,5,nan,nan,nan
ROI_075/patch_162,2,378.7800,446.1081,323.5248,450.4538,327.3941,448.5236,327.2465,450.2545,9,nan,nan,nan
ROI_075/patch_162,3,143.4975,203.9224,108.4296,206.4765,108.5445,206.2568,110.9005,206.5564,8,nan,nan,nan
ROI_075/patch_162,4,38.1065,247.2299,2.7821,250.5596,2.8403,249.7414,nan,nan,0,nan,nan,nan
ROI_075/patch_162,5,55.2334,26.5558,31.6641,28.6239,30.8188,28.7380,35.1417,28.5208,6,nan,nan,nan
ROI_075/patch_162,6,218.7434,334.4919,173.7942,335.6857,175.8496,336.9269,173.9648,338.7067,6,nan,nan,nan
ROI_075/patch_162,7,120.5187,424.5238,70.4269,426.8922,74.8220,427.1939,nan,nan,0,nan,nan,nan
ROI_075/patch_162,8,395.3830,74.7485,367.6080,75.7472,362.4759,76.6233,363.3769,76.9441,4,nan,nan,nan
ROI_075/patch_163,0,36.9845,134.2714,7.3424,137.3116,6.1673,136.2157,nan,nan,0,nan,nan,nan
ROI_075/patch_163,1,353.1669,121.3505,337.2058,124.3907,332.8312,123.1836,334.5593,123.7817,8,nan,nan,nan
ROI_075/patch_163,2,218.6066,255.6371,198.8760,258.9202,189.7676,257.5072,192.6137,258.1269,9,nan,nan,nan
ROI_075/patch_163,3,140.1563,339.0917,106.9094,341.0061,106.1976,340.9828,107.8786,343.6799,8,nan,nan,nan
ROI_075/patch_163,4,59.2703,401.3263,26.3437,407.1308,20.7805,403.2411,21.5602,403.5221,3,nan,nan,nan
ROI_075/patch_163,5,402.5716,387.6028,368.3680,390.4096,375.4526,389.3968,376.6652,388.4212,10,nan,nan,nan
ROI_075/patch_163,6,505.8165,417.9994,473.2555,420.8117,481.0334,419.7543,nan,nan,0,nan,nan,nan
ROI_075/patch_163,7,366.7817,21.3404,354.6870,23.3035,350.0192,23.1767,354.2569,23.3532,11,nan,nan,nan
ROI_075/patch_163,8,168.0507,35.8565,145.6722,39.2646,144.4995,37.7623,142.8215,37.3529,10,nan,nan,nan
ROI_075/patch_164,0,160.8733,176.8344,150.2325,178.3545,152.6407,177.8854,153.9274,178.5492,11,nan,nan,nan
ROI_075/patch_164,1,217.8773,93.2285,211.7969,93.9885,212.3502,94.1733,211.4582,93.7030,12,nan,nan,nan
ROI_075/patch_164,2,348.1238,111.1647,337.2058,118.3103,339.0492,112.2665,335.6563,112.7803,13,nan,nan,nan
ROI_075/patch_164,3,368.6047,238.3368,354.6870,241.4390,353.1826,239.7010,355.6603,240.0246,8,nan,nan,nan
ROI_075/patch_164,4,493.3343,347.8941,469.4552,347.8466,470.2138,349.5853,467.2907,349.9428,7,nan,nan,nan
ROI_075/patch_164,5,392.6260,459.6859,364.5677,460.3345,366.3978,461.4960,366.5267,461.6388,11,nan,nan,nan
ROI_075/patch_164,6,211.6394,487.6502,179.8746,492.2568,187.8783,489.3433,179.4237,489.3155,9,nan,nan,nan
ROI_075/patch_164,7,70.5337,313.5727,59.0260,315.9243,57.8160,314.8001,57.8830,314.7266,9,nan,nan,nan
ROI_075/patch_165,0,229.2781,166.1937,160.8733,170.7540,161.5879,171.1338,159.3463,170.9633,10,nan,nan,nan
ROI_075/patch_165,1,272.6012,108.4296,208.7567,112.2298,208.7556,112.5722,208.8028,113.1231,11,nan,nan,nan
ROI_075/patch_165,2,430.8295,105.3759,366.0879,110.7097,369.3207,107.7711,367.2546,109.9527,5,nan,nan,nan
ROI_075/patch_165,3,472.2372,52.0985,416.2514,56.7459,414.2942,53.7422,414.0340,56.1265,4,nan,nan,nan
ROI_075/patch_165,4,400.3728,282.8967,329.6053,290.8425,328.4535,286.6198,330.2327,287.8919,10,nan,nan,nan
ROI_075/patch_165,5,353.3554,444.6976,270.3211,447.4136,271.6841,449.8417,270.4944,450.5229,11,nan,nan,nan
ROI_075/patch_165,6,395.5529,498.9472,302.2433,505.9378,311.4049,503.9337,nan,nan,0,nan,nan,nan
ROI_075/patch_165,7,236.0997,489.1001,154.0328,495.2970,150.3244,495.7753,158.7839,494.7347,6,nan,nan,nan
ROI_075/patch_165,8,132.6247,61.6411,68.9067,65.1065,69.4979,67.0524,68.7111,66.3209,3,nan,nan,nan
ROI_075/patch_166,0,87.1480,346.3265,15.7030,351.6468,18.0413,351.6249,16.7751,351.9545,9,nan,nan,nan
ROI_075/patch_166,1,173.0341,100.0690,114.5100,103.1092,102.9396,105.0131,115.5292,104.4431,11,nan,nan,nan
ROI_075/patch_166,2,319.5946,23.3157,261.9605,26.3437,242.2293,28.4278,261.8583,27.5146,8,nan,nan,nan
ROI_075/patch_166,3,411.0930,100.1994,353.1669,106.1494,327.1592,105.6973,353.1068,105.4933,11,nan,nan,nan
ROI_075/patch_166,4,336.5077,370.0357,249.0395,375.9686,252.5213,375.9673,247.1243,375.8056,10,nan,nan,nan
ROI_075/patch_166,5,343.5454,488.4302,258.9202,493.0169,257.2248,494.6446,260.1471,493.9087,7,nan,nan,nan
ROI_075/patch_166,6,133.6072,492.4855,56.7459,498.3372,59.4233,498.2208,56.4674,497.7341,3,nan,nan,nan
ROI_075/patch_166,7,436.1292,141.7167,371.4082,144.9121,350.0650,147.3662,371.6220,146.5999,9,nan,nan,nan
ROI_075/patch_167,0,280.2018,290.0825,217.1173,293.1227,215.9648,293.2760,222.3366,294.2943,4,nan,nan,nan
ROI_075/patch_167,1,271.8412,350.8868,211.0368,354.6870,202.8902,354.5571,209.2272,354.0891,10,nan,nan,nan
ROI_075/patch_167,2,127.4448,417.0570,41.5448,420.0517,55.5775,420.8963,44.5113,421.4476,10,nan,nan,nan
ROI_075/patch_167,3,436.6984,36.4076,394.2099,39.2646,390.1384,37.9264,392.2981,38.6172,12,nan,nan,nan
ROI_075/patch_167,4,491.9567,125.0764,434.4927,131.2312,437.4190,127.4650,nan,nan,1,nan,nan,nan
ROI_075/patch_167,5,461.8654,252.0771,400.2903,255.8800,397.6882,255.4290,403.6387,256.5311,5,nan,nan,nan
ROI_075/patch_167,6,482.0008,338.6165,420.0517,343.2862,410.5904,342.7299,424.2346,340.7096,9,nan,nan,nan
ROI_075/patch_167,7,72.3374,30.4384,43.8250,32.4242,32.2150,30.9656,40.6745,32.2855,12,nan,nan,nan
ROI_075/patch_167,8,254.0735,500.6878,176.0744,505.9378,173.4626,505.5403,nan,nan,0,nan,nan,nan
ROI_075/patch_168,0,135.0314,145.6722,78.7874,150.9926,81.5493,146.2786,nan,nan,0,nan,nan,nan
ROI_075/patch_168,1,81.0676,230.7982,29.3839,236.1186,28.7819,234.8774,29.5532,235.8867,8,nan,nan,nan
ROI_075/patch_168,2,232.6542,337.9949,186.7151,339.4860,187.9430,342.6271,187.5015,343.0826,9,nan,nan,nan
ROI_075/patch_168,3,423.2168,72.3627,325.0449,75.7472,375.3850,65.7724,327.1601,78.0648,8,nan,nan,nan
ROI_075/patch_168,4,160.5556,289.1792,117.5502,291.6026,112.3102,293.6129,nan,nan,2,nan,nan,nan
ROI_075/patch_168,5,459.9437,153.2219,372.1683,156.3130,415.6801,148.3992,nan,nan,0,nan,nan,nan
ROI_075/patch_168,6,182.7174,26.3409,107.6695,31.6641,126.7852,22.5656,nan,nan,0,nan,nan,nan
ROI_075/patch_168,7,263.8175,298.5329,217.6873,303.7634,218.7215,301.4482,116.5131,291.3728,3,nan,nan,nan
ROI_075/patch_169,0,178.5445,242.0090,84.2978,247.3294,86.8100,247.7273,83.3538,247.4961,9,nan,nan,nan
ROI_075/patch_169,1,119.2603,248.8495,24.2536,252.6498,26.9069,254.6098,23.9895,254.4088,12,nan,nan,nan
ROI_075/patch_169,2,357.4013,88.9808,271.2711,93.7985,269.2922,94.3542,271.0492,94.5726,8,nan,nan,nan
ROI_075/patch_169,3,469.1309,212.3671,376.9186,215.4072,380.3783,217.8857,379.2256,218.2160,10,nan,nan,nan
ROI_075/patch_169,4,374.8664,237.8104,284.9521,240.4889,284.9362,243.4198,285.6005,242.7576,12,nan,nan,nan
ROI_075/patch_169,5,430.1476,358.3425,337.3958,364.3777,339.1090,364.1217,340.5808,364.4432,10,nan,nan,nan
ROI_075/patch_169,6,312.9434,373.1436,223.3877,379.5788,220.6643,379.0080,223.0262,379.0437,11,nan,nan,nan
ROI_075/patch_169,7,340.7507,504.5351,243.9092,507.2679,246.9742,510.6015,nan,nan,0,nan,nan,nan
ROI_075/patch_170,0,222.6277,116.6001,129.1410,121.1605,132.5435,122.9052,127.1156,122.4412,11,nan,nan,nan
ROI_075/patch_170,1,408.0808,302.0533,330.5553,308.8938,327.2392,307.6588,325.1598,307.4228,7,nan,nan,nan
ROI_075/patch_170,2,475.4004,406.5641,392.8798,412.2611,396.6799,411.9525,397.7890,411.6220,12,nan,nan,nan
ROI_075/patch_170,3,461.2913,177.1929,399.7202,182.7248,389.0100,182.4214,397.1077,182.5288,5,nan,nan,nan
ROI_075/patch_170,4,125.6723,171.9537,28.8139,177.4045,25.7025,178.7752,23.7752,178.2380,11,nan,nan,nan
ROI_075/patch_170,5,251.1038,429.5484,153.4628,438.8630,153.0000,436.0276,154.4339,436.3414,7,nan,nan,nan
ROI_075/patch_170,6,257.8787,17.8858,173.2242,23.8735,173.9963,23.9253,174.6564,24.2343,10,nan,nan,nan
ROI_075/patch_170,7,182.7809,335.6550,77.0773,345.3764,82.1205,342.3666,79.8715,343.7765,3,nan,nan,nan
ROI_075/patch_171,0,369.6981,242.7691,259.4903,248.0895,259.0251,249.7718,260.5620,249.9972,10,nan,nan,nan
ROI_075/patch_171,1,178.1645,330.1753,66.4366,337.7758,64.6929,336.8527,63.5941,337.1246,12,nan,nan,nan
ROI_075/patch_171,2,165.9820,20.3774,62.6363,27.6738,62.0959,26.5447,63.5188,26.5276,7,nan,nan,nan
ROI_075/patch_171,3,112.0694,59.2381,6.3923,64.9165,6.9540,65.3359,nan,nan,1,nan,nan,nan
ROI_075/patch_171,4,323.1003,482.2540,194.1256,489.0266,204.9903,489.5162,194.7855,489.3571,8,nan,nan,nan
ROI_075/patch_171,5,308.2636,301.1227,195.6457,307.3737,195.7543,308.0681,198.6469,307.4501,6,nan,nan,nan
ROI_075/patch_171,6,178.9931,229.7969,65.6765,239.7289,68.6296,236.3205,64.3708,236.3893,6,nan,nan,nan
ROI_075/patch_171,7,137.4784,131.8611,27.6738,137.1216,30.1269,138.1328,28.5340,138.0953,9,nan,nan,nan
ROI_075/patch_172,0,169.0439,178.1645,66.4366,185.0050,65.1545,184.2981,66.3297,184.2200,12,nan,nan,nan
ROI_075/patch_172,1,133.3213,84.6779,30.7140,91.5184,33.3814,90.6806,30.7834,89.9863,11,nan,nan,nan
ROI_075/patch_172,2,375.7785,303.5734,263.2906,308.8938,265.5451,309.8209,267.3627,310.0118,12,nan,nan,nan
ROI_075/patch_172,3,293.1122,463.3293,176.6444,467.7451,177.0764,469.8562,177.9310,468.8029,13,nan,nan,nan
ROI_075/patch_172,4,159.1182,458.3788,39.8347,463.9448,44.1617,464.9500,38.3849,465.1365,8,nan,nan,nan
ROI_075/patch_172,5,186.5107,356.3939,74.7972,363.6177,75.4255,362.7966,77.5909,363.0345,11,nan,nan,nan
ROI_075/patch_172,6,443.4150,82.2489,347.6565,89.9982,341.5290,88.1275,346.8195,89.2003,11,nan,nan,nan
ROI_075/patch_172,7,301.5414,42.1871,200.9661,48.1953,202.1816,48.0588,205.2263,48.5349,9,nan,nan,nan
ROI_075/patch_173,0,279.2517,45.1551,175.8843,50.4754,177.2861,51.3489,176.9369,51.5288,12,nan,nan,nan
ROI_075/patch_173,1,261.7704,270.8911,152.3227,276.9715,150.6826,277.1548,152.5682,276.5341,11,nan,nan,nan
ROI_075/patch_173,2,345.7428,273.2122,235.9286,278.4916,233.7704,279.4783,236.6119,279.5356,10,nan,nan,nan
ROI_075/patch_173,3,234.0909,402.5292,114.3200,407.7008,117.8477,408.8333,112.6268,409.0548,10,nan,nan,nan
ROI_075/patch_173,4,421.1118,249.7013,309.6538,256.4501,309.3983,255.9616,311.5144,256.3030,7,nan,nan,nan
ROI_075/patch_173,5,470.3390,422.9635,343.0962,430.5024,351.0351,429.2786,341.6887,430.1180,11,nan,nan,nan
ROI_075/patch_173,6,113.3157,210.4939,12.4727,218.4474,6.1075,216.7358,10.8219,216.8865,7,nan,nan,nan
ROI_075/patch_173,7,166.2986,64.9823,64.9165,69.4768,64.5787,71.1801,nan,nan,2,nan,nan,nan
ROI_075/patch_173,8,391.3325,471.4908,260.2503,478.3858,270.7747,477.8195,263.4137,478.0106,3,nan,nan,nan
ROI_075/patch_174,0,160.8733,295.4028,26.3437,298.4430,25.6608,302.1786,26.5195,302.4102,9,nan,nan,nan
ROI_075/patch_174,1,359.2474,133.5113,211.0368,141.1119,213.0284,141.0403,212.0586,141.2642,10,nan,nan,nan
ROI_075/patch_174,2,503.3298,73.1690,350.1267,81.0676,346.1787,81.2627,nan,nan,2,nan,nan,nan
ROI_075/patch_174,3,196.8685,106.8193,66.6266,113.7499,67.8304,113.6825,68.9045,113.8386,12,nan,nan,nan
ROI_075/patch_174,4,290.2932,9.5321,157.8331,16.4630,157.1517,16.7435,156.4179,16.4212,6,nan,nan,nan
ROI_075/patch_174,5,465.1621,379.9774,288.5623,389.6495,295.9802,388.0113,nan,nan,2,nan,nan,nan
ROI_075/patch_174,6,438.1232,193.5585,281.7219,204.1964,281.1421,201.4253,nan,nan,2,nan,nan,nan
ROI_075/patch_174,7,167.0444,381.7460,19.5032,388.8895,26.7994,388.5734,nan,nan,2,nan,nan,nan
ROI_075/patch_175,0,285.5221,265.7607,146.4323,274.1213,145.6074,273.6410,150.8234,273.8313,11,nan,nan,nan
ROI_075/patch_175,1,215.5972,269.5610,71.9470,279.4417,76.7459,277.5255,74.4305,277.8199,10,nan,nan,nan
ROI_075/patch_175,2,160.6275,64.7477,33.9443,71.9470,39.5013,72.4050,32.3315,71.9896,9,nan,nan,nan
ROI_075/patch_175,3,420.2796,203.5887,284.0020,208.7567,282.7733,211.2081,285.1656,211.6654,11,nan,nan,nan
ROI_075/patch_175,4,454.5250,426.8977,297.6830,432.9726,298.1970,434.8804,300.3802,434.5547,7,nan,nan,nan
ROI_075/patch_175,5,332.4452,405.9138,179.8746,416.2514,180.2185,413.9940,179.0549,414.0212,10,nan,nan,nan
ROI_075/patch_175,6,333.9232,34.1101,211.0368,40.0247,211.8862,41.5206,211.9778,41.0735,10,nan,nan,nan
ROI_075/patch_175,7,487.5335,157.9398,346.3265,166.9537,352.4176,165.4027,346.8158,165.9829,11,nan,nan,nan
ROI_075/patch_175,8,162.2760,210.5935,19.5032,219.3974,29.2638,218.5111,nan,nan,1,nan,nan,nan
ROI_075/patch_177,0,451.2139,245.9993,249.0395,251.3197,250.8359,254.4066,nan,nan,1,nan,nan,nan
ROI_075/patch_177,1,384.3291,437.5329,168.4738,448.1737,174.4391,446.4497,nan,nan,0,nan,nan,nan
ROI_075/patch_177,2,294.6567,195.4251,95.5086,204.1964,93.4000,204.0466,nan,nan,2,nan,nan,nan
ROI_075/patch_177,3,226.8032,291.6100,24.0459,300.8428,20.1030,300.5559,nan,nan,0,nan,nan,nan
ROI_075/patch_177,4,273.6653,113.0160,75.6939,122.1608,75.5328,121.5180,nan,nan,0,nan,nan,nan
ROI_075/patch_177,5,241.8861,242.0681,35.5043,250.2652,37.6032,250.8867,293.4092,248.3669,3,nan,nan,nan
ROI_075/patch_177,6,372.3090,308.9767,168.6324,318.0852,167.6959,317.6654,167.5877,317.8941,3,nan,nan,nan
ROI_075/patch_177,7,467.4964,171.5127,269.9437,176.5843,270.6283,179.7413,nan,nan,2,nan,nan,nan
ROI_075/patch_178,0,288.3639,61.8764,115.0463,71.0865,115.0441,70.2278,115.2537,70.4245,10,nan,nan,nan
ROI_075/patch_178,1,407.2582,417.7219,207.9847,430.2812,211.7661,426.4606,209.1564,426.7954,5,nan,nan,nan
ROI_075/patch_178,2,269.2587,349.2153,70.6702,359.9494,73.0095,358.1126,nan,nan,0,nan,nan,nan
ROI_075/patch_178,3,305.5695,192.3724,121.7445,200.8655,122.9662,200.9193,nan,nan,1,nan,nan,nan
ROI_075/patch_178,4,225.3739,100.5816,43.0399,109.6016,46.3277,109.1289,40.9135,109.4029,5,nan,nan,nan
ROI_075/patch_178,5,489.0635,166.5458,303.4350,174.0724,316.4573,174.6755,nan,nan,0,nan,nan,nan
ROI_075/patch_178,6,378.2388,490.6939,181.1917,500.6130,175.8685,499.6202,nan,nan,0,nan,nan,nan
ROI_075/patch_178,7,262.3916,24.2659,91.6023,30.8969,90.8299,32.6035,89.3585,32.6831,10,nan,nan,nan
ROI_075/patch_179,0,386.3261,118.8117,193.7509,129.6964,199.4884,128.1186,nan,nan,2,nan,nan,nan
ROI_075/patch_179,1,489.3120,24.1987,306.7842,34.2461,304.1979,36.3568,nan,nan,0,nan,nan,nan
ROI_075/patch_179,2,184.6298,31.3938,17.0841,40.1071,7.1089,41.7704,nan,nan,0,nan,nan,nan
ROI_075/patch_179,3,284.7472,308.3787,68.9957,318.9225,91.7300,312.5252,nan,nan,2,nan,nan,nan
ROI_075/patch_179,4,287.3113,193.2191,91.6023,203.3773,99.5871,200.1887,nan,nan,2,nan,nan,nan
ROI_075/patch_179,5,474.8228,69.7717,286.6894,80.2967,287.9648,80.7416,nan,nan,1,nan,nan,nan
ROI_075/patch_179,6,439.7605,347.3505,216.3576,359.9494,240.8960,351.3632,nan,nan,0,nan,nan,nan
ROI_075/patch_179,7,212.7666,122.0477,28.8061,132.2082,30.2945,130.3609,nan,nan,0,nan,nan,nan
ROI_075/patch_180,0,406.4209,32.5715,175.3307,44.2935,344.2435,34.0350,nan,nan,0,nan,nan,nan
ROI_075/patch_180,1,306.7842,337.3427,66.4838,347.3901,276.0677,337.1669,377.4552,338.3133,8,nan,nan,nan
ROI_075/patch_180,2,290.0565,277.7781,55.5991,289.6175,254.0668,277.9376,399.0516,278.6108,3,nan,nan,nan
ROI_075/patch_180,3,257.6688,411.2575,24.6196,424.4202,235.1860,410.6944,nan,nan,0,nan,nan,nan
ROI_075/patch_180,4,480.6158,163.4967,221.3813,176.5843,429.1237,164.2079,nan,nan,0,nan,nan,nan
ROI_075/patch_180,5,433.9661,345.2254,178.6798,359.1121,400.9249,344.9539,nan,nan,0,nan,nan,nan
ROI_075/patch_180,6,230.2032,28.1478,23.7824,36.7579,171.8662,29.7081,nan,nan,0,nan,nan,nan
ROI_075/patch_180,7,274.4922,127.0997,52.2500,138.0692,224.5162,128.0963,nan,nan,1,nan,nan,nan
ROI_075/patch_181,0,422.3293,358.2748,160.2596,370.8340,162.4568,371.1716,160.1406,370.8294,9,nan,nan,nan
ROI_075/patch_181,1,410.6073,111.2762,179.5171,122.9981,178.1782,123.3633,178.9770,123.0020,6,nan,nan,nan
ROI_075/patch_181,2,255.5166,66.1231,33.8298,76.9475,29.3462,77.8653,nan,nan,0,nan,nan,nan
ROI_075/patch_181,3,324.7980,327.0315,60.4135,338.5986,69.1768,339.7022,nan,nan,0,nan,nan,nan
ROI_075/patch_181,4,481.2385,448.0772,219.2881,461.8886,210.9445,461.3389,nan,nan,0,nan,nan,nan
ROI_075/patch_181,5,325.9885,470.6781,61.6716,483.6493,54.4528,483.8125,nan,nan,0,nan,nan,nan
ROI_075/patch_181,6,432.6379,170.0419,189.7961,182.8353,193.5232,182.3465,nan,nan,1,nan,nan,nan
ROI_075/patch_181,7,348.9004,191.2383,103.4514,204.4215,108.1188,203.5032,nan,nan,1,nan,nan,nan
ROI_080/patch_1,0,28.5566,293.9088,45.0269,295.4632,43.7775,294.3857,41.7194,294.1423,11,nan,nan,nan
ROI_080/patch_1,1,365.0459,431.6860,373.2480,431.9175,368.0302,432.2586,371.9381,432.1723,6,nan,nan,nan
ROI_080/patch_1,2,410.8793,341.9102,413.3656,342.8078,410.4243,342.5030,416.2693,343.5082,10,nan,nan,nan
ROI_080/patch_1,3,412.9283,36.1159,404.7137,35.0968,407.3915,36.7292,406.2000,36.6307,12,nan,nan,nan
ROI_080/patch_1,4,257.3732,100.6362,263.7566,102.4389,259.5870,101.1969,263.7070,102.2758,7,nan,nan,nan
ROI_080/patch_1,5,58.5256,134.8756,67.8764,136.5041,69.8593,135.3722,70.8384,135.5509,9,nan,nan,nan
ROI_080/patch_1,6,342.1791,201.4775,341.2444,202.1738,342.3886,202.0580,342.1172,202.6628,12,nan,nan,nan
ROI_080/patch_1,7,66.8441,355.6941,81.8770,356.2934,81.4256,356.1789,79.9733,356.3026,12,nan,nan,nan
ROI_080/patch_3,0,216.3572,150.2325,218.6374,150.2325,220.3614,150.8879,216.7850,151.4785,10,nan,nan,nan
ROI_080/patch_3,1,55.2258,86.3880,64.3464,86.3880,65.4103,87.1776,62.3144,86.9629,11,nan,nan,nan
ROI_080/patch_3,2,68.2222,6.5024,83.3478,5.8223,80.4980,7.2488,81.7946,6.9990,3,nan,nan,nan
ROI_080/patch_3,3,212.7173,488.0234,212.5570,489.2166,206.5297,488.8111,212.5423,489.8197,10,nan,nan,nan
ROI_080/patch_3,4,172.8361,434.1866,173.0341,436.0128,169.3366,434.9929,172.8674,435.2345,10,nan,nan,nan
ROI_080/patch_3,5,251.8496,399.9857,242.1991,400.2903,247.3145,400.7013,nan,nan,2,nan,nan,nan
ROI_080/patch_3,6,457.1284,365.7106,454.2541,365.3278,448.2406,366.2111,451.2327,366.8663,3,nan,nan,nan
ROI_080/patch_3,7,37.2386,72.7941,47.0710,71.7649,48.3101,73.5962,44.2363,73.5937,12,nan,nan,nan
ROI_080/patch_4,0,375.2085,323.5248,378.2487,324.2849,377.9047,324.3407,375.9914,324.3472,10,nan,nan,nan
ROI_080/patch_4,1,406.3707,407.1308,403.3305,408.6509,406.8619,408.0993,406.0914,408.0377,12,nan,nan,nan
ROI_080/patch_4,2,311.5372,352.5611,315.9243,352.4069,316.4631,353.3964,317.5607,352.8043,9,nan,nan,nan
ROI_080/patch_4,3,352.4939,110.9881,351.6468,112.9899,358.5237,111.4414,355.7746,112.4510,8,nan,nan,nan
ROI_080/patch_4,4,56.2795,94.6626,72.7070,96.2687,74.4060,94.9552,75.0579,94.9722,11,nan,nan,nan
ROI_080/patch_4,5,306.6859,201.9824,314.4042,202.6762,313.5215,202.5658,313.4714,202.7204,10,nan,nan,nan
ROI_080/patch_4,6,450.1238,238.4942,447.4136,237.6387,450.7760,239.2028,449.9758,239.1872,11,nan,nan,nan
ROI_080/patch_4,7,446.2750,339.8912,449.6938,341.7661,445.9273,340.7662,446.1091,340.9482,10,nan,nan,nan
ROI_080/patch_5,0,64.3801,128.3931,77.0801,130.3775,73.5563,129.1872,77.0122,128.9442,9,nan,nan,nan
ROI_080/patch_5,1,274.4597,82.3556,283.9847,82.7524,278.7853,83.1157,281.3723,83.3478,10,nan,nan,nan
ROI_080/patch_5,2,75.4149,416.5829,102.3391,416.6043,99.6449,417.2069,101.1002,417.3562,10,nan,nan,nan
ROI_080/patch_5,3,327.2231,216.6403,345.4882,217.5473,338.0134,217.3076,nan,nan,0,nan,nan,nan
ROI_080/patch_5,4,148.3333,121.8321,157.2456,121.0447,156.1946,122.6057,154.7082,122.0813,9,nan,nan,nan
ROI_080/patch_5,5,59.3429,41.7980,70.6561,42.6750,64.0155,42.6436,69.0187,43.2170,6,nan,nan,nan
ROI_080/patch_5,6,218.8821,228.1009,236.4623,231.0838,231.5270,228.7927,nan,nan,0,nan,nan,nan
ROI_080/patch_5,7,197.7031,35.8347,200.0125,37.8458,200.4642,36.6439,198.1842,36.9979,9,nan,nan,nan
ROI_080/patch_7,0,39.1119,243.0504,53.3994,243.8442,54.6541,243.4097,51.7982,243.3752,9,nan,nan,nan
ROI_080/patch_7,1,26.5151,342.9441,36.2782,342.9474,37.0233,343.6070,38.4059,343.7148,11,nan,nan,nan
ROI_080/patch_7,2,71.4240,452.0124,79.2951,453.5611,77.0003,452.9766,78.1335,452.9294,11,nan,nan,nan
ROI_080/patch_7,3,398.5255,331.6929,412.5084,330.4634,413.1651,332.1296,411.4943,331.7779,11,nan,nan,nan
ROI_080/patch_7,4,96.5919,21.3713,126.6404,21.6229,123.5891,21.0413,127.8911,20.8245,10,nan,nan,nan
ROI_080/patch_7,5,244.2759,395.2315,256.3616,394.8761,254.3072,395.9372,256.8959,395.8727,10,nan,nan,nan
ROI_080/patch_7,6,406.1745,388.0036,416.2805,388.9891,418.1183,388.6040,417.8106,388.7033,9,nan,nan,nan
ROI_080/patch_7,7,92.0702,208.5693,107.3763,208.8644,109.8176,208.7986,111.0510,208.5241,12,nan,nan,nan
ROI_080/patch_8,0,198.5629,482.6781,209.3226,483.0089,211.1326,482.7997,211.0452,482.7679,10,nan,nan,nan
ROI_080/patch_8,1,164.6300,144.6590,171.1564,143.9314,177.3657,144.7901,171.5332,145.1902,12,nan,nan,nan
ROI_080/patch_8,2,447.1163,228.9244,453.2427,229.3816,459.6657,228.7577,453.4330,229.0770,11,nan,nan,nan
ROI_080/patch_8,3,274.9023,272.7548,289.3948,272.4911,287.5235,272.7773,287.5903,272.8364,11,nan,nan,nan
ROI_080/patch_8,4,136.9840,54.5575,149.8892,54.8937,149.7738,54.7112,149.1869,54.7097,12,nan,nan,nan
ROI_080/patch_8,5,411.5887,150.5160,420.9642,150.1939,424.1912,150.3813,423.8002,149.9269,12,nan,nan,nan
ROI_080/patch_8,6,56.3961,479.4673,65.7555,478.9282,69.0424,479.7418,68.9696,479.3821,11,nan,nan,nan
ROI_080/patch_8,7,13.5245,375.2207,32.1075,375.1407,26.2392,375.5331,32.5379,375.2270,8,nan,nan,nan
ROI_080/patch_9,0,80.4381,314.9920,86.9469,315.3624,89.2949,315.1483,86.7866,315.7748,10,nan,nan,nan
ROI_080/patch_9,1,102.7045,46.6605,110.6420,47.6130,117.5882,46.7530,109.6710,46.9544,10,nan,nan,nan
ROI_080/patch_9,2,337.4958,202.3399,337.5648,204.3089,335.7361,203.0305,337.2969,203.3900,12,nan,nan,nan
ROI_080/patch_9,3,414.4754,329.0043,405.6510,329.5673,405.2274,329.9232,402.2989,330.1446,11,nan,nan,nan
ROI_080/patch_9,4,280.7179,63.7290,285.7812,63.3998,285.6954,64.2320,286.9383,63.9687,10,nan,nan,nan
ROI_080/patch_9,5,332.1073,482.5035,332.4348,483.9435,323.1070,483.3013,nan,nan,0,nan,nan,nan
ROI_080/patch_9,6,215.0942,127.0420,221.7065,127.0199,221.8536,127.4233,221.5291,127.0613,11,nan,nan,nan
ROI_080/patch_9,7,178.4774,13.9345,181.1462,12.6199,190.2188,14.1847,184.6360,13.7183,7,nan,nan,nan
ROI_080/patch_11,0,163.9856,134.0290,168.3512,134.1613,164.7470,134.7184,164.6836,133.9874,8,nan,nan,nan
ROI_080/patch_11,1,78.0351,294.6828,87.0309,295.8073,83.0816,295.3343,84.6658,295.7910,10,nan,nan,nan
ROI_080/patch_11,2,257.4081,334.5286,254.9976,335.1200,253.7226,335.1276,256.7469,335.3954,11,nan,nan,nan
ROI_080/patch_11,3,322.9440,484.7578,310.0204,485.9222,316.1443,485.2900,310.3060,485.5012,12,nan,nan,nan
ROI_080/patch_11,4,37.2150,131.2071,41.1131,131.0781,44.1619,131.9247,43.2384,131.6617,12,nan,nan,nan
ROI_080/patch_11,5,6.9433,160.1867,9.9584,162.1667,15.3840,160.9007,12.7061,160.5470,3,nan,nan,nan
ROI_080/patch_11,6,451.7768,186.6735,438.5121,187.0729,438.5219,187.2826,439.1390,187.5703,9,nan,nan,nan
ROI_080/patch_11,7,396.7087,385.5725,383.4501,387.6852,386.2532,386.1236,384.2824,386.9346,10,nan,nan,nan
ROI_080/patch_14,0,223.4898,480.6613,228.6492,480.6613,230.4895,480.8854,229.2301,480.4726,10,nan,nan,nan
ROI_080/patch_14,1,196.1252,212.0227,207.2377,210.6998,203.5445,212.0443,208.1952,212.1666,10,nan,nan,nan
ROI_080/patch_14,2,331.8957,15.0966,333.5622,13.3225,334.2438,15.0978,332.9912,14.2873,7,nan,nan,nan
ROI_080/patch_14,3,298.7645,86.4935,302.0987,85.8184,302.3957,86.5153,299.3535,86.2461,12,nan,nan,nan
ROI_080/patch_14,4,383.3868,274.5005,382.9884,274.5259,384.4645,274.7179,383.1128,275.1433,11,nan,nan,nan
ROI_080/patch_14,5,225.6844,372.1212,232.4984,371.4588,232.3963,372.2744,231.9666,372.7127,10,nan,nan,nan
ROI_080/patch_14,6,164.9200,499.3164,170.6643,501.0004,173.9778,499.5048,171.0670,500.0878,3,nan,nan,nan
ROI_080/patch_14,7,388.1546,167.3644,386.0837,167.4812,388.8584,167.5140,387.6663,167.1299,11,nan,nan,nan
ROI_080/patch_18,0,125.6150,410.7756,138.0769,410.2498,137.6142,410.5718,138.4695,410.9345,11,nan,nan,nan
ROI_080/patch_18,1,358.3327,195.9566,360.4758,195.8276,362.4605,196.2498,364.5829,196.4789,6,nan,nan,nan
ROI_080/patch_18,2,311.4718,86.2794,319.2008,86.2899,316.8958,86.6624,318.1649,85.9272,11,nan,nan,nan
ROI_080/patch_18,3,84.5285,73.0912,93.9341,71.1822,97.2078,73.2662,96.9327,73.0567,5,nan,nan,nan
ROI_080/patch_18,4,463.5686,419.5061,466.3505,419.2623,464.7427,419.6257,464.1942,418.9628,9,nan,nan,nan
ROI_080/patch_18,5,17.9575,227.2222,33.3168,226.8351,33.0636,227.1399,36.1404,228.0010,9,nan,nan,nan
ROI_080/patch_18,6,72.3232,124.2720,86.5986,123.7268,85.4908,124.3714,85.5779,124.3979,11,nan,nan,nan
ROI_080/patch_18,7,137.4323,474.8691,149.5521,473.3689,149.1735,474.5974,150.0139,473.8127,11,nan,nan,nan
ROI_080/patch_19,0,160.3928,88.2782,174.6804,89.8657,174.0608,88.8065,173.2858,89.3619,10,nan,nan,nan
ROI_080/patch_19,1,368.4775,176.3211,375.5948,176.4957,375.7900,176.8734,375.1530,176.9579,12,nan,nan,nan
ROI_080/patch_19,2,268.9105,170.3062,280.5430,171.0718,279.4896,170.8530,281.5496,170.6732,9,nan,nan,nan
ROI_080/patch_19,3,457.8597,103.9508,468.9073,103.3813,461.7541,104.4951,470.4736,103.3584,10,nan,nan,nan
ROI_080/patch_19,4,154.5917,291.2061,172.1911,290.5126,169.7196,291.7678,170.5859,290.9632,6,nan,nan,nan
ROI_080/patch_19,5,334.1698,270.0036,339.0113,270.5307,343.2060,270.5699,340.9112,270.7681,10,nan,nan,nan
ROI_080/patch_19,6,52.0261,156.3433,66.0324,157.6305,69.7153,156.8780,65.0331,157.1457,10,nan,nan,nan
ROI_080/patch_19,7,293.5378,72.7354,304.9781,73.0960,302.6902,73.2671,306.3649,73.2752,11,nan,nan,nan
ROI_080/patch_19,8,483.8855,394.4332,491.6531,396.7105,488.7306,395.0269,490.9417,395.8137,5,nan,nan,nan
ROI_080/patch_22,0,149.6952,380.2226,163.9827,379.0320,162.7213,380.0713,162.6177,379.7018,12,nan,nan,nan
ROI_080/patch_22,1,232.8963,88.1216,242.4213,88.5184,243.8483,88.1354,245.2064,87.9848,13,nan,nan,nan
ROI_080/patch_22,2,322.1819,290.8921,332.3192,290.1644,331.1864,290.7471,329.4946,291.2849,10,nan,nan,nan
ROI_080/patch_22,3,486.5731,457.8083,490.2577,455.8101,491.8807,457.5051,492.2349,456.7169,6,nan,nan,nan
ROI_080/patch_22,4,447.3209,455.3997,448.9164,453.8257,453.5314,455.1099,nan,nan,1,nan,nan,nan
ROI_080/patch_22,5,328.6671,47.6793,338.3849,45.8719,337.3912,47.6907,335.6596,47.1114,12,nan,nan,nan
ROI_080/patch_22,6,217.4598,337.7811,231.5158,336.1384,228.9020,337.6371,230.6775,337.1257,10,nan,nan,nan
ROI_080/patch_22,7,49.6312,343.2293,68.1218,341.6454,64.9424,343.1322,68.0018,343.2342,9,nan,nan,nan
ROI_080/patch_24,0,160.1132,142.6320,174.9761,142.4694,175.3871,142.1208,173.5839,141.3256,10,nan,nan,nan
ROI_080/patch_24,1,429.6863,253.0055,437.1408,252.3138,437.1899,252.7321,437.0143,252.4214,11,nan,nan,nan
ROI_080/patch_24,2,338.9884,128.6081,346.6531,127.5625,348.8568,128.3292,346.4313,127.8566,9,nan,nan,nan
ROI_080/patch_24,3,458.2363,47.8098,465.0544,48.3857,464.2969,47.7469,464.6310,47.5936,12,nan,nan,nan
ROI_080/patch_24,4,352.9227,263.0409,364.4223,262.0955,362.7574,262.6644,365.3705,262.5691,9,nan,nan,nan
ROI_080/patch_24,5,482.5536,417.0201,494.8276,417.1894,488.9403,416.6719,495.6820,416.8340,3,nan,nan,nan
ROI_080/patch_24,6,102.8302,27.8572,119.5802,25.6568,119.4941,27.3735,121.2305,27.5112,10,nan,nan,nan
ROI_080/patch_24,7,22.1332,146.0741,45.2594,145.2842,41.5556,145.3900,nan,nan,0,nan,nan,nan
ROI_080/patch_25,0,269.2006,38.0703,281.5038,37.2765,282.4400,37.9052,282.4662,36.9549,9,nan,nan,nan
ROI_080/patch_25,1,144.5816,201.5434,162.5733,200.2205,163.8736,201.3020,163.8803,201.0945,12,nan,nan,nan
ROI_080/patch_25,2,96.0932,17.9730,111.5087,17.3931,113.3534,17.6824,112.2858,17.0380,8,nan,nan,nan
ROI_080/patch_25,3,319.7401,326.0402,340.9136,324.9477,336.8120,325.9340,339.2051,325.2073,9,nan,nan,nan
ROI_080/patch_25,4,75.7330,490.1999,102.3101,488.8457,101.8887,489.9320,101.6204,488.8172,10,nan,nan,nan
ROI_080/patch_25,5,324.9778,32.0534,335.2477,31.2872,336.6999,31.9277,337.4285,31.5638,10,nan,nan,nan
ROI_080/patch_25,6,463.1509,494.1501,478.8995,491.7495,479.5797,494.1599,nan,nan,0,nan,nan,nan
ROI_080/patch_25,7,50.3303,275.2242,69.3213,274.8936,73.3132,274.9211,nan,nan,1,nan,nan,nan
ROI_080/patch_28,0,297.8690,78.4306,326.1795,75.6525,323.3725,77.9569,323.7357,77.2831,11,nan,nan,nan
ROI_080/patch_28,1,45.3331,69.2834,71.1896,70.4196,72.5772,69.4233,76.5965,68.9087,7,nan,nan,nan
ROI_080/patch_28,2,63.6432,393.6583,78.1336,395.0895,82.8474,393.7632,82.1585,393.6417,10,nan,nan,nan
ROI_080/patch_28,3,96.6968,182.2222,117.1068,180.1945,120.8714,182.2406,121.7987,182.5950,11,nan,nan,nan
ROI_080/patch_28,4,26.1476,190.8312,46.4017,191.1009,50.5355,191.0213,51.5095,191.0000,10,nan,nan,nan
ROI_080/patch_28,5,48.5485,456.9398,65.7235,457.4964,66.2963,457.0832,61.9406,456.9094,9,nan,nan,nan
ROI_080/patch_28,6,49.4033,129.8804,78.7965,129.7285,75.1416,130.0122,75.3060,129.9173,7,nan,nan,nan
ROI_080/patch_28,7,405.6076,250.4467,445.1603,248.4481,426.2587,249.7161,nan,nan,0,nan,nan,nan
ROI_080/patch_29,0,289.5463,234.5755,296.9546,234.3109,298.8209,234.3622,296.2752,234.5526,12,nan,nan,nan
ROI_080/patch_29,1,262.4885,447.0138,282.2794,446.2200,269.2014,446.9407,281.5806,445.8756,8,nan,nan,nan
ROI_080/patch_29,2,495.4011,210.4711,502.7553,211.0239,499.0504,210.3169,501.2328,210.0457,3,nan,nan,nan
ROI_080/patch_29,3,173.4377,260.8060,186.2540,260.0549,185.6860,260.5683,186.6299,259.8970,10,nan,nan,nan
ROI_080/patch_29,4,183.8290,125.9736,196.6591,126.0622,197.9011,125.6444,196.5839,125.9455,9,nan,nan,nan
ROI_080/patch_29,5,450.0123,47.2208,462.4782,45.3876,457.5611,46.9344,457.0163,46.3758,11,nan,nan,nan
ROI_080/patch_29,6,167.6166,475.8177,185.1506,473.0246,176.6428,475.7298,186.1160,474.0059,10,nan,nan,nan
ROI_080/patch_29,7,395.0773,358.1024,400.0152,358.2068,399.3246,358.0155,401.1380,357.9486,6,nan,nan,nan
ROI_080/patch_30,0,129.5139,503.8735,143.8015,503.0797,140.5101,503.7508,nan,nan,2,nan,nan,nan
ROI_080/patch_30,1,455.6701,275.3246,463.6076,276.1183,473.5697,275.2619,467.8960,275.3744,10,nan,nan,nan
ROI_080/patch_30,2,363.8309,265.5052,383.0418,263.8152,380.8174,265.3865,383.1584,264.5520,6,nan,nan,nan
ROI_080/patch_30,3,238.7974,19.8444,258.8762,17.9192,257.7686,19.5268,258.5427,19.3358,10,nan,nan,nan
ROI_080/patch_30,4,212.5608,140.2400,229.2196,138.9252,229.5591,139.9713,225.6477,140.3516,5,nan,nan,nan
ROI_080/patch_30,5,112.8868,369.4332,122.3457,369.0091,125.5611,369.2303,125.2784,369.5702,11,nan,nan,nan
ROI_080/patch_30,6,112.0799,202.8453,123.7819,200.8981,127.0598,202.5540,124.7404,202.7323,12,nan,nan,nan
ROI_080/patch_30,7,405.9391,124.2968,429.1466,123.4677,425.3691,124.1269,426.2491,123.7259,11,nan,nan,nan
ROI_080/patch_32,0,341.1276,216.1661,336.7619,217.7536,334.8778,216.7917,335.4536,217.3131,9,nan,nan,nan
ROI_080/patch_32,1,258.7825,134.8307,257.3934,133.7724,252.6587,135.4191,258.3047,135.1582,10,nan,nan,nan
ROI_080/patch_32,2,400.3921,91.4478,396.8692,91.7107,394.2748,92.0138,394.4259,91.8186,12,nan,nan,nan
ROI_080/patch_32,3,267.3744,481.3323,255.3182,482.4047,260.8258,482.0841,260.6165,482.5997,10,nan,nan,nan
ROI_080/patch_32,4,374.8419,318.9940,370.3020,319.4927,368.4559,319.6677,369.2890,320.2265,11,nan,nan,nan
ROI_080/patch_32,5,217.7640,248.6731,214.1291,249.0017,211.5150,249.3158,214.4601,249.3015,10,nan,nan,nan
ROI_080/patch_32,6,159.1628,485.4004,148.3627,487.5677,152.6446,486.1557,151.7983,486.5651,9,nan,nan,nan
ROI_080/patch_32,7,182.5249,353.6668,173.1407,357.1527,176.1595,354.3596,nan,nan,1,nan,nan,nan
ROI_080/patch_33,0,105.9259,184.2176,111.4822,184.2176,110.5832,184.3480,111.4536,183.8545,10,nan,nan,nan
ROI_080/patch_33,1,430.4416,339.7279,432.4259,338.1404,431.2863,339.7328,431.0055,338.6712,10,nan,nan,nan
ROI_080/patch_33,2,31.2489,21.3533,47.5885,19.7911,39.3179,21.4363,44.4696,20.4772,11,nan,nan,nan
ROI_080/patch_33,3,240.9294,183.4588,241.0023,182.9962,245.3060,183.4977,241.2475,183.4861,12,nan,nan,nan
ROI_080/patch_33,4,378.0302,485.9220,374.8763,486.0107,376.0740,486.0500,377.5555,486.2737,10,nan,nan,nan
ROI_080/patch_33,5,62.5179,101.6003,71.5897,100.1434,68.9180,101.7103,69.8094,101.3014,10,nan,nan,nan
ROI_080/patch_33,6,140.9466,474.8909,148.3186,473.3409,139.7300,475.1720,147.7314,474.0216,8,nan,nan,nan
ROI_080/patch_33,7,325.7379,366.4817,327.8676,367.6255,326.2784,366.5732,325.9178,366.9022,11,nan,nan,nan
ROI_080/patch_33,8,35.7378,280.7437,35.7395,283.2637,38.6237,280.9793,41.4350,281.3413,11,nan,nan,nan
ROI_080/patch_33,9,168.2159,343.4614,165.9093,343.8149,169.5607,343.6453,168.1564,344.0711,12,nan,nan,nan
ROI_080/patch_34,0,65.4128,379.0494,84.0660,378.2557,76.0775,379.0760,85.2062,378.5673,10,nan,nan,nan
ROI_080/patch_34,1,272.5874,291.4199,272.1244,291.2876,276.8983,291.4676,273.2176,292.3969,12,nan,nan,nan
ROI_080/patch_34,2,333.6624,415.7784,339.2731,414.2326,335.8458,415.9477,333.7747,416.7040,3,nan,nan,nan
ROI_080/patch_34,3,276.1844,159.9355,275.9730,160.0159,280.6051,159.8838,276.2494,159.6986,9,nan,nan,nan
ROI_080/patch_34,4,445.4938,4.5661,452.7009,3.8641,444.8640,4.4673,nan,nan,2,nan,nan,nan
ROI_080/patch_34,5,51.7833,222.4450,61.9503,221.4026,63.1410,222.3455,64.6246,221.6990,10,nan,nan,nan
ROI_080/patch_34,6,393.3915,80.8038,400.8520,79.5588,394.2678,80.7413,399.8768,80.4947,12,nan,nan,nan
ROI_080/patch_34,7,272.7873,350.9852,277.4213,349.1962,276.9911,351.0788,275.9895,350.3455,8,nan,nan,nan
ROI_080/patch_34,8,62.3113,414.9760,87.8531,414.3765,73.0124,415.0288,87.6152,414.3784,11,nan,nan,nan
ROI_080/patch_35,0,434.5301,141.2766,419.8457,141.6735,418.9614,141.7662,421.7776,141.9417,10,nan,nan,nan
ROI_080/patch_35,1,332.5829,115.6067,315.1204,116.0035,319.0803,116.2502,314.5145,116.7836,7,nan,nan,nan
ROI_080/patch_35,2,403.4728,485.6735,369.5772,487.5556,379.8527,485.9842,366.2558,486.5455,8,nan,nan,nan
ROI_080/patch_35,3,455.7277,470.3156,425.1398,470.8868,431.7514,470.5656,418.3011,471.4790,8,nan,nan,nan
ROI_080/patch_35,4,135.3251,19.1968,124.0168,19.1064,126.9722,20.1683,122.6762,19.6676,9,nan,nan,nan
ROI_080/patch_35,5,38.7088,309.0207,25.1397,309.9439,24.5715,309.9367,25.7885,309.9777,10,nan,nan,nan
ROI_080/patch_35,6,152.6395,200.0117,150.7788,200.9136,139.5869,200.8438,151.8687,201.2366,8,nan,nan,nan
ROI_080/patch_35,7,490.9273,97.7907,475.6691,99.9255,475.6373,98.2321,477.8653,98.0851,9,nan,nan,nan
ROI_080/patch_38,0,315.8645,319.6278,295.2270,321.2153,297.9559,320.1366,296.8787,320.6757,10,nan,nan,nan
ROI_080/patch_38,1,271.7954,146.7599,246.1969,148.3474,253.6221,147.1488,246.4737,148.4362,11,nan,nan,nan
ROI_080/patch_38,2,407.1536,177.7145,386.4941,176.2641,384.4677,178.1738,387.2909,177.8252,12,nan,nan,nan
ROI_080/patch_38,3,178.6876,401.3154,170.4546,400.7155,166.5564,401.8202,171.6181,402.1191,11,nan,nan,nan
ROI_080/patch_38,4,178.9027,361.5772,166.0890,361.8216,166.3406,362.0585,166.7849,362.0729,10,nan,nan,nan
ROI_080/patch_38,5,87.0439,254.6018,73.7300,255.2361,76.6286,254.9842,74.6627,254.8479,11,nan,nan,nan
ROI_080/patch_38,6,312.3349,29.1912,291.4097,30.0221,291.4592,29.5258,292.9972,28.6618,8,nan,nan,nan
ROI_080/patch_38,7,178.2545,204.2714,161.4578,205.3694,164.0401,204.6588,159.8319,205.4614,10,nan,nan,nan
ROI_080/patch_39,0,20.2146,74.8479,12.2771,76.1708,14.2228,75.1022,13.5658,74.7470,8,nan,nan,nan
ROI_080/patch_39,1,149.0083,318.2280,136.3083,318.3603,138.6178,318.9207,136.2228,319.9168,12,nan,nan,nan
ROI_080/patch_39,2,33.9487,324.1693,24.5247,324.1333,28.1804,324.6077,26.6956,325.1251,10,nan,nan,nan
ROI_080/patch_39,3,158.2579,120.9758,147.2678,121.8761,146.8856,121.5678,146.0949,121.6428,9,nan,nan,nan
ROI_080/patch_39,4,310.8676,29.3489,300.1802,29.7972,293.1048,30.2267,nan,nan,2,nan,nan,nan
ROI_080/patch_39,5,353.1396,29.9605,340.6880,31.0407,333.6872,30.9333,340.1649,30.7980,11,nan,nan,nan
ROI_080/patch_39,6,424.9286,117.6319,414.4039,119.9156,402.8756,118.8195,nan,nan,0,nan,nan,nan
ROI_080/patch_39,7,35.3233,130.2926,23.1740,132.1780,28.8989,130.6149,22.2769,131.5143,5,nan,nan,nan
ROI_080/patch_44,0,80.4155,168.7407,69.0918,171.3099,72.0815,169.4895,70.8572,169.3624,12,nan,nan,nan
ROI_080/patch_44,1,140.2216,280.5500,126.2216,281.4064,129.2949,281.1761,127.7175,281.5133,11,nan,nan,nan
ROI_080/patch_44,2,340.9931,357.2633,323.6695,358.9799,323.4843,357.8315,322.6104,358.5442,10,nan,nan,nan
ROI_080/patch_44,3,21.7953,231.7381,12.1502,232.5672,14.7765,232.4026,10.1267,232.4484,5,nan,nan,nan
ROI_080/patch_44,4,256.5313,61.8424,258.8413,61.6338,243.6609,62.7470,257.1849,61.6666,10,nan,nan,nan
ROI_080/patch_44,5,348.0874,216.4667,331.9959,218.0937,331.3654,217.2031,329.5971,217.7052,9,nan,nan,nan
ROI_080/patch_44,6,401.6188,387.6635,382.9370,389.1203,382.0710,388.2056,382.5862,388.6818,12,nan,nan,nan
ROI_080/patch_44,7,441.5616,315.5846,416.9654,317.5495,421.3248,316.2189,421.2277,316.8051,9,nan,nan,nan
ROI_080/patch_45,0,193.9831,108.1089,191.0973,108.7502,194.1837,108.1505,193.5239,107.6161,11,nan,nan,nan
ROI_080/patch_45,1,63.7069,221.4097,68.8473,221.7300,69.5784,221.3760,69.2851,220.9843,11,nan,nan,nan
ROI_080/patch_45,2,422.3194,506.8366,412.5606,507.6189,414.5593,507.1750,nan,nan,0,nan,nan,nan
ROI_080/patch_45,3,155.5576,4.9172,162.0671,6.2028,156.9782,4.8989,161.9239,4.8357,3,nan,nan,nan
ROI_080/patch_45,4,20.5424,233.3574,24.6571,232.5781,28.2080,233.2916,26.7965,233.1980,11,nan,nan,nan
ROI_080/patch_45,5,461.3113,262.6095,454.8817,262.6206,451.1571,262.9124,455.2292,263.4717,3,nan,nan,nan
ROI_080/patch_45,6,427.6392,333.4085,417.5981,333.3310,419.0882,333.7033,420.6330,334.0447,6,nan,nan,nan
ROI_080/patch_45,7,317.0068,115.2388,309.7486,116.2450,312.2302,115.3830,310.3670,115.4460,12,nan,nan,nan
ROI_080/patch_46,0,504.0970,443.9696,467.3294,445.5491,472.3215,444.7962,nan,nan,2,nan,nan,nan
ROI_080/patch_46,1,364.0808,349.2717,343.0250,352.1337,345.7633,349.7921,338.6708,349.9243,10,nan,nan,nan
ROI_080/patch_46,2,404.1982,14.5953,394.8868,15.0617,421.2853,14.4248,397.5292,15.0713,7,nan,nan,nan
ROI_080/patch_46,3,421.2376,486.4344,388.4466,487.9371,386.7372,487.2918,nan,nan,0,nan,nan,nan
ROI_080/patch_46,4,117.3824,483.6261,107.8625,483.6822,90.0925,484.2553,110.4932,484.2512,5,nan,nan,nan
ROI_080/patch_46,5,239.2887,272.5183,227.3360,271.5222,232.1359,272.7823,226.9862,273.3264,10,nan,nan,nan
ROI_080/patch_46,6,83.0545,250.1094,92.8298,250.0167,81.8841,250.2110,94.9918,249.7772,9,nan,nan,nan
ROI_080/patch_46,7,324.5114,401.2876,299.1371,403.6108,301.4487,401.8910,304.6908,403.1898,8,nan,nan,nan
ROI_080/patch_48,0,426.9753,129.6042,412.0117,129.8061,403.1884,130.4597,414.7723,129.4992,10,nan,nan,nan
ROI_080/patch_48,1,300.4738,214.7302,284.6552,215.2528,285.2416,215.4235,287.5546,215.3538,11,nan,nan,nan
ROI_080/patch_48,2,188.0580,113.3621,179.4759,113.4612,178.9187,113.9382,180.9538,113.7216,10,nan,nan,nan
ROI_080/patch_48,3,44.7033,93.0461,43.9696,93.7924,44.2628,93.4561,44.4944,94.1819,12,nan,nan,nan
ROI_080/patch_48,4,192.9576,416.0128,180.2333,416.1831,186.0955,416.5487,185.3056,417.0138,9,nan,nan,nan
ROI_080/patch_48,5,44.6814,208.9333,44.2382,209.1146,45.2303,209.3256,44.4276,208.9877,11,nan,nan,nan
ROI_080/patch_48,6,366.0584,193.8048,357.9238,195.7658,346.5889,194.5787,359.0067,195.0879,10,nan,nan,nan
ROI_080/patch_48,7,50.5153,371.5124,54.9903,370.4132,52.0893,371.8870,56.6769,371.6928,10,nan,nan,nan
ROI_080/patch_50,0,338.7259,491.4968,306.8036,493.0169,351.0474,491.5932,312.1977,492.2621,5,nan,nan,nan
ROI_080/patch_50,1,292.3626,497.5772,263.0530,497.1972,304.6123,497.6059,266.0875,498.3854,6,nan,nan,nan
ROI_080/patch_50,2,288.0483,255.4879,296.9857,254.6612,300.5973,255.2526,nan,nan,0,nan,nan,nan
ROI_080/patch_50,3,275.9629,320.5069,288.1905,317.8136,288.4132,320.3213,288.1097,319.3732,5,nan,nan,nan
ROI_080/patch_50,4,151.5645,439.3497,138.5177,439.3653,163.6927,439.0913,138.9295,439.4028,12,nan,nan,nan
ROI_080/patch_50,5,234.3300,292.8534,241.2346,292.0626,246.7574,292.5719,241.3861,291.9921,12,nan,nan,nan
ROI_080/patch_50,6,353.7865,4.3574,376.1804,2.5365,366.7431,3.9606,nan,nan,0,nan,nan,nan
ROI_080/patch_50,7,439.8982,417.9753,422.1131,417.9277,452.4524,418.1555,421.0831,417.6899,9,nan,nan,nan
ROI_080/patch_50,8,507.0753,438.2317,487.6286,437.3387,519.6969,438.5409,nan,nan,0,nan,nan,nan
ROI_080/patch_51,0,305.7541,183.6975,273.5274,185.2321,272.4620,184.9921,273.2170,185.3870,10,nan,nan,nan
ROI_080/patch_51,1,379.1753,506.5877,344.7906,508.5540,344.8779,507.8898,nan,nan,0,nan,nan,nan
ROI_080/patch_51,2,459.7482,102.0304,416.8496,104.1720,420.3641,103.5866,420.8222,103.7058,10,nan,nan,nan
ROI_080/patch_51,3,73.8571,28.8764,49.0069,31.9655,48.2806,29.8670,53.7345,30.0794,10,nan,nan,nan
ROI_080/patch_51,4,143.5337,123.4271,116.0296,124.4438,115.8911,124.4935,117.4537,125.0504,12,nan,nan,nan
ROI_080/patch_51,5,436.4395,369.8619,396.9367,373.3262,399.3185,371.2957,397.9768,372.1622,7,nan,nan,nan
ROI_080/patch_51,6,68.1683,401.7021,43.0879,406.0141,44.7580,402.5633,42.9439,403.0731,12,nan,nan,nan
ROI_080/patch_51,7,346.3155,347.9550,312.4258,350.5493,312.3939,349.2583,313.8222,349.6108,10,nan,nan,nan
ROI_080/patch_52,0,178.6395,251.5572,147.4298,254.9775,147.5746,253.1566,147.0134,253.9173,8,nan,nan,nan
ROI_080/patch_52,1,407.7958,139.1167,365.8978,140.8269,366.0081,140.8853,364.0101,141.1321,12,nan,nan,nan
ROI_080/patch_52,2,73.3479,282.1048,47.3877,284.0495,46.9846,283.6373,46.8343,284.4813,10,nan,nan,nan
ROI_080/patch_52,3,346.9493,473.4056,311.8747,474.6746,311.2552,474.9727,315.1299,475.7732,10,nan,nan,nan
ROI_080/patch_52,4,166.8531,30.7622,132.8935,32.8505,133.9234,32.4693,134.4634,32.7476,10,nan,nan,nan
ROI_080/patch_52,5,468.3412,237.8969,423.7873,238.5274,425.0905,239.6441,429.1228,239.4070,9,nan,nan,nan
ROI_080/patch_52,6,243.6793,189.0403,208.3301,193.1856,209.2446,190.7034,206.5976,191.5769,3,nan,nan,nan
ROI_080/patch_52,7,147.2058,475.0033,118.8462,478.5201,119.8301,476.4726,120.4948,476.9722,10,nan,nan,nan
ROI_080/patch_53,0,247.4126,249.5383,218.7680,251.6047,219.5194,250.2037,221.0931,250.7333,11,nan,nan,nan
ROI_080/patch_53,1,187.5583,321.9335,159.0206,324.5699,162.8612,322.5327,162.0962,322.9709,11,nan,nan,nan
ROI_080/patch_53,2,88.5037,194.6216,73.4174,193.4514,66.0260,195.3145,75.7149,194.4811,5,nan,nan,nan
ROI_080/patch_53,3,286.1774,463.3538,256.0456,465.4251,259.4528,463.8477,259.9185,464.5244,11,nan,nan,nan
ROI_080/patch_53,4,502.7770,461.2380,465.2708,462.7356,467.7147,461.7578,nan,nan,2,nan,nan,nan
ROI_080/patch_53,5,428.4190,443.8585,393.2652,446.1377,395.9941,444.3842,395.9219,444.9966,7,nan,nan,nan
ROI_080/patch_53,6,453.3377,178.5533,415.4944,181.5309,416.6610,179.2999,415.5145,180.1883,8,nan,nan,nan
ROI_080/patch_53,7,428.3698,58.4555,391.2310,60.2405,391.1593,59.2980,390.1035,59.6447,9,nan,nan,nan
ROI_080/patch_54,0,36.2244,111.4698,14.1829,112.2298,10.9485,112.9304,11.4859,113.4327,6,nan,nan,nan
ROI_080/patch_54,1,40.0247,367.6080,18.9332,371.0282,14.4722,369.2054,20.1311,369.3160,8,nan,nan,nan
ROI_080/patch_54,2,133.9823,279.9308,110.1397,281.9594,108.3196,281.1421,108.0580,282.0288,10,nan,nan,nan
ROI_080/patch_54,3,88.5307,190.8718,64.1791,193.0124,63.0591,192.1927,63.0314,191.6241,9,nan,nan,nan
ROI_080/patch_54,4,221.1575,81.4235,199.4354,83.0435,195.5154,82.2078,nan,nan,0,nan,nan,nan
ROI_080/patch_54,5,244.1829,125.9234,231.3715,127.7253,218.4447,126.6518,231.2448,126.9544,10,nan,nan,nan
ROI_080/patch_54,6,288.2345,318.2639,276.3991,317.8285,262.2000,318.9482,nan,nan,0,nan,nan,nan
ROI_080/patch_54,7,69.5517,53.9197,46.0551,55.3651,44.2644,55.2278,44.1939,54.4000,9,nan,nan,nan
ROI_080/patch_55,0,382.0490,354.8771,350.8393,356.5872,352.4920,355.6007,nan,nan,0,nan,nan,nan
ROI_080/patch_55,1,468.4101,154.3653,433.7802,155.2204,435.5460,155.2899,435.9367,155.5658,10,nan,nan,nan
ROI_080/patch_55,2,128.9863,6.5050,112.8871,8.5189,108.4098,7.2569,110.3923,7.3622,3,nan,nan,nan
ROI_080/patch_55,3,12.5889,94.4007,5.0788,94.9577,-3.6687,95.0019,nan,nan,2,nan,nan,nan
ROI_080/patch_55,4,330.3891,137.3365,297.7540,138.9692,302.5543,138.1625,299.1495,139.2586,9,nan,nan,nan
ROI_080/patch_55,5,423.4221,472.2225,393.7443,474.1204,392.4428,472.9018,397.1923,473.3439,7,nan,nan,nan
ROI_080/patch_55,6,223.7983,442.0630,198.0770,443.6825,200.0887,442.6032,197.9187,443.2767,3,nan,nan,nan
ROI_080/patch_55,7,224.7152,229.6861,198.4797,233.0594,200.8110,230.3671,199.1995,231.1095,10,nan,nan,nan
ROI_080/patch_57,0,95.2830,53.4088,72.8614,55.4989,75.2653,54.4063,76.1200,54.2776,11,nan,nan,nan
ROI_080/patch_57,1,109.6448,194.1454,92.3536,194.5255,91.6938,194.8686,90.9431,195.1233,10,nan,nan,nan
ROI_080/patch_57,2,245.9761,226.0040,222.7504,227.0178,224.6970,226.6548,220.8147,226.5777,13,nan,nan,nan
ROI_080/patch_57,3,20.3486,191.3743,13.6880,191.9603,4.8958,192.1099,14.0896,192.2282,7,nan,nan,nan
ROI_080/patch_57,4,294.8479,490.8006,280.2354,491.4968,276.8339,490.9335,282.0969,491.6127,7,nan,nan,nan
ROI_080/patch_57,5,382.8169,382.3259,358.5210,385.0892,360.3852,382.6625,nan,nan,2,nan,nan,nan
ROI_080/patch_57,6,244.2981,70.7158,219.4311,74.9872,220.3346,71.6681,219.4728,71.7366,9,nan,nan,nan
ROI_080/patch_57,7,171.8775,475.5298,168.6025,474.6014,157.1023,475.7020,nan,nan,0,nan,nan,nan
ROI_080/patch_58,0,174.5543,487.6965,152.5127,486.1764,159.4691,487.9474,155.6740,488.4670,8,nan,nan,nan
ROI_080/patch_58,1,348.6066,105.3893,317.0644,108.4296,320.8306,106.2958,nan,nan,2,nan,nan,nan
ROI_080/patch_58,2,260.5982,49.3102,236.1186,51.4255,237.1740,50.3144,234.9037,50.9061,7,nan,nan,nan
ROI_080/patch_58,3,190.0427,140.3008,168.8538,142.0619,171.2332,141.1494,171.0370,141.6168,9,nan,nan,nan
ROI_080/patch_58,4,58.6993,216.9408,49.7154,217.3073,47.7122,217.6593,46.4771,217.8647,7,nan,nan,nan
ROI_080/patch_58,5,90.0737,362.4897,77.9486,362.0680,78.5750,362.9573,82.9033,363.4371,4,nan,nan,nan
ROI_080/patch_58,6,490.6726,476.2444,459.7924,477.0493,458.1931,476.5106,458.7209,476.4559,10,nan,nan,nan
ROI_080/patch_58,7,156.6114,283.6827,139.7975,286.0519,140.8188,284.2850,143.5849,285.1507,11,nan,nan,nan
ROI_080/patch_59,0,119.0703,419.4816,128.0484,418.1991,125.7529,419.3038,125.6472,418.8840,12,nan,nan,nan
ROI_080/patch_59,1,153.7003,353.6420,157.1205,353.2144,157.2892,353.5499,159.7250,353.2904,10,nan,nan,nan
ROI_080/patch_59,2,186.8199,77.7240,177.1948,76.3950,182.3408,77.8584,179.5414,78.1846,10,nan,nan,nan
ROI_080/patch_59,3,59.3733,35.5190,59.4270,35.6918,59.4533,35.5305,58.9690,35.1997,11,nan,nan,nan
ROI_080/patch_59,4,273.2212,55.1297,256.4338,54.5485,264.4227,55.3822,260.0794,55.6855,12,nan,nan,nan
ROI_080/patch_59,5,96.5294,508.8120,103.0018,509.5418,106.3408,508.5468,nan,nan,0,nan,nan,nan
ROI_080/patch_59,6,503.4352,100.5139,479.6999,101.8033,485.6611,101.0093,nan,nan,0,nan,nan,nan
ROI_080/patch_59,7,456.0252,4.6881,434.8727,8.1387,438.0246,5.1921,nan,nan,2,nan,nan,nan
ROI_080/patch_61,0,154.2934,123.4389,163.9944,121.0929,166.3288,122.8155,166.2259,121.6562,9,nan,nan,nan
ROI_080/patch_61,1,94.1483,487.3948,118.8288,485.9048,118.7297,486.6972,119.5418,485.8480,8,nan,nan,nan
ROI_080/patch_61,2,124.5547,320.8465,142.6532,318.7055,143.4546,320.1811,138.3930,319.8727,8,nan,nan,nan
ROI_080/patch_61,3,139.7271,465.5415,162.4120,462.5297,164.4232,464.8230,nan,nan,1,nan,nan,nan
ROI_080/patch_61,4,418.1574,1.0924,409.0850,1.1886,431.0150,0.3464,nan,nan,0,nan,nan,nan
ROI_080/patch_61,5,261.1164,288.0661,286.0425,286.8995,281.5990,287.3280,286.2985,286.4213,8,nan,nan,nan
ROI_080/patch_61,6,277.4643,85.8953,289.5883,83.5881,290.6249,85.2087,nan,nan,0,nan,nan,nan
ROI_080/patch_61,7,25.7711,485.7116,50.6400,485.0729,48.8743,485.0560,51.3268,484.5965,10,nan,nan,nan
ROI_080/patch_63,0,181.3947,210.2768,202.6762,207.9966,203.0290,209.5073,201.2573,209.0620,11,nan,nan,nan
ROI_080/patch_63,1,62.0663,280.2018,86.1980,278.3016,91.5318,279.4463,87.8573,278.5668,13,nan,nan,nan
ROI_080/patch_63,2,40.6625,410.8994,73.6571,408.8409,72.5069,410.2998,66.4434,409.9731,10,nan,nan,nan
ROI_080/patch_63,3,93.4204,52.0197,117.0331,51.7128,119.0983,50.9882,118.3333,51.2790,12,nan,nan,nan
ROI_080/patch_63,4,394.3092,91.6333,403.4970,91.1953,402.0209,90.8467,401.1771,90.1570,11,nan,nan,nan
ROI_080/patch_63,5,274.8968,263.5095,292.0438,263.6310,291.2854,262.8692,288.1144,262.2599,4,nan,nan,nan
ROI_080/patch_63,6,20.9389,274.9813,41.4222,272.8856,52.8618,274.1926,45.9878,273.6625,9,nan,nan,nan
ROI_080/patch_63,7,342.5585,490.5753,371.4370,486.8819,356.7057,490.2732,368.3776,489.8301,3,nan,nan,nan
ROI_080/patch_65,0,66.2151,360.8016,111.2085,359.2229,102.8034,360.3573,110.2931,359.1910,13,nan,nan,nan
ROI_080/patch_65,1,37.9463,121.9718,70.5073,120.3931,72.0022,121.8508,70.7197,121.2980,7,nan,nan,nan
ROI_080/patch_65,2,360.5654,42.0151,393.6462,30.7148,381.4454,42.5416,nan,nan,0,nan,nan,nan
ROI_080/patch_65,3,236.1092,398.0330,265.0635,396.9081,266.9486,397.8070,264.9519,397.1374,8,nan,nan,nan
ROI_080/patch_65,4,430.5047,463.2279,457.9129,462.1070,455.1051,463.2167,456.5517,462.9801,11,nan,nan,nan
ROI_080/patch_65,5,41.0718,494.4876,78.1036,492.8305,80.5984,493.7957,79.2430,493.7782,4,nan,nan,nan
ROI_080/patch_65,6,338.8033,431.6941,367.5727,429.7487,366.3352,431.5828,369.9448,430.7053,5,nan,nan,nan
ROI_080/patch_65,7,145.6858,230.8867,176.4593,227.1866,177.3754,230.7722,177.3548,230.7221,9,nan,nan,nan
ROI_080/patch_67,0,303.1624,399.5113,338.5743,400.8089,341.5348,398.8392,341.2772,399.1798,12,nan,nan,nan
ROI_080/patch_67,1,44.7909,309.0083,87.1364,307.9946,85.2686,308.8436,89.1071,308.0734,7,nan,nan,nan
ROI_080/patch_67,2,196.6429,64.7952,226.8887,62.8291,228.6145,64.1273,228.0498,62.9657,10,nan,nan,nan
ROI_080/patch_67,3,456.4442,151.9142,490.3425,151.2666,486.2037,150.7335,494.0613,151.8790,4,nan,nan,nan
ROI_080/patch_67,4,445.2755,300.3250,486.4804,298.8185,478.8490,299.2712,484.0662,299.7020,10,nan,nan,nan
ROI_080/patch_67,5,290.3440,151.6055,320.0069,152.3349,322.8716,150.7909,322.6746,150.9683,5,nan,nan,nan
ROI_080/patch_67,6,243.5631,404.2689,284.9703,401.6122,283.0477,403.7315,nan,nan,0,nan,nan,nan
ROI_080/patch_67,7,212.6023,260.1006,253.9542,259.7424,249.0806,259.5321,256.9425,258.9165,5,nan,nan,nan
ROI_080/patch_69,0,356.1019,466.6611,366.1034,467.4304,366.6943,466.5714,368.3045,466.6775,11,nan,nan,nan
ROI_080/patch_69,1,231.0838,211.8645,262.2902,210.0373,256.9021,211.4090,262.3176,210.7562,5,nan,nan,nan
ROI_080/patch_69,2,75.9991,466.3755,93.9556,465.6394,93.4506,466.2020,94.7693,465.9593,11,nan,nan,nan
ROI_080/patch_69,3,40.9297,203.8721,65.9516,204.4284,71.7769,203.3495,66.9666,203.5711,12,nan,nan,nan
ROI_080/patch_69,4,378.5041,113.7451,397.4964,112.8324,405.4064,113.2068,397.7250,112.5103,7,nan,nan,nan
ROI_080/patch_69,5,315.1473,39.6041,337.8601,38.1441,347.1394,38.9514,340.1723,38.5059,10,nan,nan,nan
ROI_080/patch_69,6,10.4184,53.1948,46.4381,53.2831,49.2085,52.4688,nan,nan,2,nan,nan,nan
ROI_080/patch_69,7,469.3755,354.5716,486.7206,354.2382,482.5537,354.3711,482.7679,354.2050,12,nan,nan,nan
ROI_080/patch_70,0,366.8479,185.9551,392.4997,184.0549,382.7429,185.8711,392.3643,184.8894,10,nan,nan,nan
ROI_080/patch_70,1,123.2842,259.8830,147.3626,259.2225,149.3729,259.5726,148.9526,259.1275,11,nan,nan,nan
ROI_080/patch_70,2,104.9176,432.6146,134.2323,431.4443,133.8454,432.2816,136.0952,432.3653,8,nan,nan,nan
ROI_080/patch_70,3,379.8655,420.2092,395.0586,419.0049,398.1660,420.1296,397.9302,419.9971,8,nan,nan,nan
ROI_080/patch_70,4,499.0894,467.8821,502.6531,466.2291,513.4388,467.9105,500.0639,467.4452,3,nan,nan,nan
ROI_080/patch_70,5,436.2006,320.5391,453.6660,320.1742,451.1207,320.5146,449.6129,320.5320,9,nan,nan,nan
ROI_080/patch_70,6,265.5932,507.7819,289.9311,506.9708,289.3314,507.5942,nan,nan,0,nan,nan,nan
ROI_080/patch_70,7,16.6544,275.7140,48.0642,276.0112,47.0011,275.3049,48.5306,275.4073,9,nan,nan,nan
ROI_080/patch_71,0,217.1173,232.3184,222.6277,232.3184,226.6678,231.9806,222.9770,232.7012,10,nan,nan,nan
ROI_080/patch_71,1,165.7186,31.6641,180.3497,30.1440,179.7516,31.2676,178.7037,30.7478,10,nan,nan,nan
ROI_080/patch_71,2,14.1911,209.3338,23.7785,211.0368,25.0460,209.0778,26.1194,209.0441,7,nan,nan,nan
ROI_080/patch_71,3,113.6092,223.8169,120.4954,224.9078,123.7564,223.5221,122.9093,223.4610,8,nan,nan,nan
ROI_080/patch_71,4,454.1918,308.4048,457.7010,308.3427,461.1692,307.9917,459.9486,308.0232,9,nan,nan,nan
ROI_080/patch_71,5,281.9873,370.6567,286.0433,371.5697,288.3293,370.3463,287.5701,369.6054,10,nan,nan,nan
ROI_080/patch_71,6,72.2065,416.8707,79.4579,416.7177,78.4057,416.6733,78.3781,416.2389,10,nan,nan,nan
ROI_080/patch_71,7,464.5057,70.6787,469.1532,68.4126,476.5079,70.1639,471.3723,69.6672,7,nan,nan,nan
ROI_080/patch_72,0,461.8547,114.5100,469.6452,114.8900,471.1843,114.5793,468.5052,114.4247,10,nan,nan,nan
ROI_080/patch_72,1,437.3429,352.7869,443.4233,353.1669,443.9835,352.8341,443.9101,352.8561,10,nan,nan,nan
ROI_080/patch_72,2,174.3797,381.4254,180.6347,382.8090,191.0851,381.0618,181.2423,381.1223,11,nan,nan,nan
ROI_080/patch_72,3,2.7767,90.6714,21.3325,92.0698,30.8140,90.0183,nan,nan,1,nan,nan,nan
ROI_080/patch_72,4,79.3070,116.9116,100.1156,115.3423,103.8828,116.3805,99.3248,116.5807,12,nan,nan,nan
ROI_080/patch_72,5,126.6727,476.3572,134.1569,478.0398,143.8225,475.9252,133.6764,476.8065,13,nan,nan,nan
ROI_080/patch_72,6,424.0911,496.7119,436.9353,496.7545,429.0454,496.7483,nan,nan,2,nan,nan,nan
ROI_080/patch_72,7,432.3148,25.8822,438.9398,25.4111,444.1890,25.8989,438.6508,25.6363,12,nan,nan,nan
ROI_080/patch_73,0,182.8413,252.5876,178.2596,252.5876,178.5053,252.5799,177.1113,253.4112,12,nan,nan,nan
ROI_080/patch_73,1,270.6574,344.2217,263.7849,342.6945,267.6433,344.1372,264.6913,344.4036,11,nan,nan,nan
ROI_080/patch_73,2,277.5698,483.8334,276.7664,485.4911,274.2112,483.7865,277.5976,483.4887,12,nan,nan,nan
ROI_080/patch_73,3,23.1373,452.9343,17.1362,452.6555,15.1543,453.1876,22.5369,452.5594,9,nan,nan,nan
ROI_080/patch_73,4,26.2016,344.9003,18.6634,344.4127,18.6415,345.1142,19.6101,345.4259,10,nan,nan,nan
ROI_080/patch_73,5,463.9070,385.6932,469.5303,386.6320,464.3443,385.3867,465.0412,385.2831,12,nan,nan,nan
ROI_080/patch_73,6,227.2933,47.1428,226.8753,46.4768,224.4794,47.0131,226.6220,46.9799,10,nan,nan,nan
ROI_080/patch_73,7,428.5821,14.5514,433.9238,14.0253,429.6199,14.1654,434.5190,14.2575,4,nan,nan,nan
ROI_080/patch_74,0,413.9713,429.1723,429.9324,427.6522,426.0734,428.8445,427.6148,428.2710,9,nan,nan,nan
ROI_080/patch_74,1,443.6134,101.5891,451.9740,101.5891,454.2490,101.2650,455.7235,100.5214,8,nan,nan,nan
ROI_080/patch_74,2,95.6233,128.1053,114.5100,128.1910,113.9766,127.9198,114.5928,127.4089,9,nan,nan,nan
ROI_080/patch_74,3,358.1642,136.6646,363.9977,135.4115,370.7660,136.3732,365.5589,136.2765,10,nan,nan,nan
ROI_080/patch_74,4,70.2288,220.0038,84.9747,218.6345,89.3690,219.8241,84.1214,219.7292,10,nan,nan,nan
ROI_080/patch_74,5,252.9950,301.6980,266.3376,300.9037,268.3197,301.4409,266.8412,302.3295,9,nan,nan,nan
ROI_080/patch_74,6,284.8929,191.9563,292.5583,190.3946,299.2432,191.6917,297.0864,191.4367,11,nan,nan,nan
ROI_080/patch_74,7,418.7374,278.1974,427.5481,276.5028,430.3593,277.8749,425.8296,277.5030,10,nan,nan,nan
ROI_080/patch_75,0,48.3853,489.9767,57.5059,491.1167,54.2064,489.6454,55.2418,490.2677,10,nan,nan,nan
ROI_080/patch_75,1,126.4808,379.9588,133.8914,379.6738,132.8096,379.5606,138.3162,379.4327,12,nan,nan,nan
ROI_080/patch_75,2,216.8392,62.8884,225.3374,61.8726,221.0827,62.3306,223.2212,62.0393,11,nan,nan,nan
ROI_080/patch_75,3,452.3730,244.4847,466.8037,242.8906,465.3779,243.9464,465.4504,243.2192,11,nan,nan,nan
ROI_080/patch_75,4,48.9605,220.3284,56.6031,219.6278,50.9994,219.8805,56.0101,219.2188,12,nan,nan,nan
ROI_080/patch_75,5,307.2014,388.3933,314.0447,387.1199,318.4092,387.9535,313.3766,387.8181,10,nan,nan,nan
ROI_080/patch_75,6,269.2533,500.8990,282.0563,499.0481,281.0459,500.5173,281.6931,499.3593,3,nan,nan,nan
ROI_080/patch_75,7,124.3375,137.6114,119.3813,136.6766,127.1969,137.1090,123.9085,136.6495,12,nan,nan,nan
ROI_080/patch_75,8,193.3614,379.1978,198.1120,377.7474,201.4411,378.7824,200.1111,378.6951,11,nan,nan,nan
ROI_080/patch_76,0,271.8412,102.3491,298.4430,101.5891,299.5283,101.5293,303.1347,101.0412,11,nan,nan,nan
ROI_080/patch_76,1,466.4150,27.1038,481.6161,25.5837,486.6864,26.4672,485.2656,26.4111,9,nan,nan,nan
ROI_080/patch_76,2,25.9106,349.0955,56.7459,345.5664,67.8526,347.9572,57.8712,348.0886,12,nan,nan,nan
ROI_080/patch_76,3,158.2149,81.3056,186.7151,78.0274,188.1406,80.4160,190.3304,79.4108,12,nan,nan,nan
ROI_080/patch_76,4,479.7103,131.9951,500.6174,129.7111,503.0173,131.3080,499.5517,130.4473,4,nan,nan,nan
ROI_080/patch_76,5,298.5951,273.7220,331.6954,272.9812,331.1126,272.8232,330.8467,272.3192,12,nan,nan,nan
ROI_080/patch_76,6,44.5082,183.9545,77.5840,183.7382,80.6565,182.9242,77.0771,183.0119,10,nan,nan,nan
ROI_080/patch_76,7,432.5353,379.6746,461.9407,379.1289,465.0264,378.8116,459.1879,378.8692,10,nan,nan,nan
ROI_080/patch_77,0,263.1005,133.1313,271.6511,130.8511,269.6203,132.4851,269.5442,131.9719,10,nan,nan,nan
ROI_080/patch_77,1,356.0171,283.6220,360.5775,283.0520,362.4879,282.9976,362.0355,282.5964,10,nan,nan,nan
ROI_080/patch_77,2,114.1272,335.2848,126.2908,333.7856,120.7503,334.7840,121.7321,334.2252,9,nan,nan,nan
ROI_080/patch_77,3,261.6299,360.4896,269.9410,360.0074,268.1633,359.9365,267.7553,359.1740,11,nan,nan,nan
ROI_080/patch_77,4,462.8862,87.3762,472.0496,87.3796,469.2799,86.6266,469.3492,86.7897,12,nan,nan,nan
ROI_080/patch_77,5,471.2957,341.2448,484.3744,340.0385,477.6984,340.5950,479.0215,340.3035,8,nan,nan,nan
ROI_080/patch_77,6,137.3468,206.8953,140.8200,206.0060,143.9484,206.3324,143.4109,205.5649,12,nan,nan,nan
ROI_080/patch_77,7,37.4507,446.2566,53.7759,445.5698,44.1274,445.8334,50.5245,445.2705,8,nan,nan,nan
ROI_080/patch_78,0,65.8665,118.3103,81.0676,115.2700,92.2491,117.1915,78.8987,116.9321,12,nan,nan,nan
ROI_080/patch_78,1,203.4363,368.3680,219.7775,366.8479,218.7477,367.7772,216.8211,367.1121,12,nan,nan,nan
ROI_080/patch_78,2,290.2738,160.6137,310.4139,158.2131,309.0499,159.5722,309.9279,159.5304,9,nan,nan,nan
ROI_080/patch_78,3,374.1999,340.3235,389.4473,338.2213,385.4454,339.6622,386.8264,339.0391,11,nan,nan,nan
ROI_080/patch_78,4,217.6556,455.1575,231.7250,453.0676,230.0802,454.7519,230.4714,454.3466,9,nan,nan,nan
ROI_080/patch_78,5,118.0851,409.5411,134.4885,406.9376,134.6523,409.0437,131.7237,408.1640,10,nan,nan,nan
ROI_080/patch_78,6,365.3897,134.1204,388.1741,130.6643,382.7820,133.0176,390.5116,132.4260,9,nan,nan,nan
ROI_080/patch_78,7,219.0330,68.9862,243.3961,68.1247,242.4597,67.7525,243.8877,67.3873,11,nan,nan,nan
ROI_080/patch_79,0,186.7853,439.9194,214.3257,438.3894,213.6532,439.3471,212.7871,438.7656,10,nan,nan,nan
ROI_080/patch_79,1,21.5432,417.7342,51.1993,416.3117,54.2558,417.1572,52.6529,416.7701,12,nan,nan,nan
ROI_080/patch_79,2,358.4070,116.3226,382.5934,112.9899,382.2210,115.6341,378.8811,115.2682,5,nan,nan,nan
ROI_080/patch_79,3,391.8175,258.5625,412.9956,257.0201,413.2511,257.9230,412.2302,257.1050,11,nan,nan,nan
ROI_080/patch_79,4,291.5990,463.4903,310.9584,461.6646,314.6770,462.9242,311.3616,462.1499,12,nan,nan,nan
ROI_080/patch_79,5,469.1992,215.3402,491.9156,214.4577,488.3622,214.6841,488.8533,214.3069,10,nan,nan,nan
ROI_080/patch_79,6,245.9264,172.2355,270.9292,167.0605,273.1009,171.5686,272.4734,170.8880,8,nan,nan,nan
ROI_080/patch_79,7,302.1109,380.8992,328.9333,378.9764,325.5480,380.3041,327.4192,380.4195,11,nan,nan,nan
ROI_080/patch_80,0,27.8638,379.0088,40.0247,379.7688,40.0573,378.9474,40.4999,378.8201,11,nan,nan,nan
ROI_080/patch_80,1,334.1656,484.6563,332.6455,485.4163,331.2245,484.8251,333.8531,484.2360,11,nan,nan,nan
ROI_080/patch_80,2,196.8821,185.7964,204.1964,183.6749,205.0874,185.6649,204.0382,185.1626,10,nan,nan,nan
ROI_080/patch_80,3,437.7770,41.7088,440.5731,40.0247,438.0206,41.5802,438.1901,40.9666,12,nan,nan,nan
ROI_080/patch_80,4,167.8002,356.1977,179.1146,357.7273,174.3124,356.1858,175.2961,355.7055,8,nan,nan,nan
ROI_080/patch_80,5,66.9239,92.4546,81.0676,90.9483,82.3922,92.1874,80.5319,91.7058,12,nan,nan,nan
ROI_080/patch_80,6,30.0053,155.0432,47.6252,155.5529,45.9911,154.8073,49.1487,154.5625,12,nan,nan,nan
ROI_080/patch_80,7,362.2873,176.4188,366.0879,176.8344,363.4723,176.3594,362.6889,176.1779,12,nan,nan,nan
ROI_080/patch_83,0,300.7232,303.7634,304.5235,303.0034,301.4148,304.0130,306.3459,303.8723,6,nan,nan,nan
ROI_080/patch_83,1,245.9993,164.6735,244.4792,165.4336,248.7135,164.7624,246.6399,165.1158,12,nan,nan,nan
ROI_080/patch_83,2,343.9091,14.5261,344.0463,13.4228,342.9323,14.6807,343.9200,15.0082,9,nan,nan,nan
ROI_080/patch_83,3,422.7884,374.2844,417.7715,373.6884,418.9252,374.7592,417.0830,375.0206,12,nan,nan,nan
ROI_080/patch_83,4,134.5342,460.2405,138.8317,460.3345,141.4727,460.3238,140.8164,460.9273,10,nan,nan,nan
ROI_080/patch_83,5,123.3310,89.8585,131.9912,90.1883,130.6217,89.7188,130.7420,90.1027,10,nan,nan,nan
ROI_080/patch_83,6,450.2829,168.7084,443.6134,168.4738,445.3536,169.1108,443.6833,168.7612,13,nan,nan,nan
ROI_080/patch_83,7,55.5443,354.9921,64.3464,353.1669,65.4195,354.8965,62.6293,354.8986,12,nan,nan,nan
ROI_080/patch_84,0,458.8144,230.7982,450.4538,230.7982,450.7818,231.4531,452.7379,231.5146,10,nan,nan,nan
ROI_080/patch_84,1,366.0879,413.9713,367.6080,415.4914,362.7916,414.6476,366.8161,414.1103,11,nan,nan,nan
ROI_080/patch_84,2,41.9631,315.3926,49.9054,314.4042,50.0961,315.6441,49.1817,315.5117,12,nan,nan,nan
ROI_080/patch_84,3,203.6362,314.6696,203.4363,316.6843,205.7221,315.0992,203.7692,315.3159,10,nan,nan,nan
ROI_080/patch_84,4,32.9584,29.1528,40.7848,30.1440,39.4416,29.2006,39.9315,29.4754,12,nan,nan,nan
ROI_080/patch_84,5,189.2478,7.4309,199.6360,8.1024,189.7395,7.6367,195.8389,7.7151,4,nan,nan,nan
ROI_080/patch_84,6,154.5668,447.5488,160.8733,448.9337,159.4086,448.0141,160.1567,448.2478,10,nan,nan,nan
ROI_080/patch_84,7,33.9314,476.9248,47.6252,477.0557,43.4853,477.2768,46.9297,477.1885,12,nan,nan,nan
ROI_080/patch_85,0,251.3197,303.7634,255.1200,303.0034,255.2932,303.8540,255.9531,303.8709,9,nan,nan,nan
ROI_080/patch_85,1,281.7219,370.6482,285.5221,368.3680,285.2807,370.7439,287.2719,370.3596,9,nan,nan,nan
ROI_080/patch_85,2,132.9419,109.8439,138.0717,108.4296,138.7564,109.9136,139.1635,109.7274,10,nan,nan,nan
ROI_080/patch_85,3,237.3165,60.9340,239.1588,61.3062,240.7588,61.0249,238.4794,61.1984,10,nan,nan,nan
ROI_080/patch_85,4,412.9802,370.7693,414.7313,370.0781,413.7657,370.8910,414.1931,370.5725,11,nan,nan,nan
ROI_080/patch_85,5,350.8295,464.3534,353.1669,464.1348,353.2471,464.4616,356.4235,464.6827,8,nan,nan,nan
ROI_080/patch_85,6,32.7437,330.6623,41.1600,330.4167,41.4277,330.7093,44.4460,330.5378,8,nan,nan,nan
ROI_080/patch_85,7,494.0837,106.2413,489.2849,106.8479,492.2543,106.3826,489.1013,106.3969,6,nan,nan,nan
ROI_080/patch_86,0,179.8746,185.9551,187.4752,185.9551,184.6240,186.2405,186.5493,185.7051,9,nan,nan,nan
ROI_080/patch_86,1,205.7165,423.8520,209.5167,424.6120,210.8311,424.2005,211.3420,424.4236,8,nan,nan,nan
ROI_080/patch_86,2,342.5738,486.1590,343.2862,485.2263,344.6721,486.5481,343.1547,486.0311,11,nan,nan,nan
ROI_080/patch_86,3,396.7461,183.1375,390.0520,183.0692,396.2957,183.4624,395.8532,182.4320,10,nan,nan,nan
ROI_080/patch_86,4,419.9401,368.0724,417.9425,369.0058,419.6995,368.4469,419.4106,368.6202,12,nan,nan,nan
ROI_080/patch_86,5,85.4701,100.5899,88.6226,101.6170,92.1249,100.8370,92.2091,100.8656,13,nan,nan,nan
ROI_080/patch_86,6,119.6313,28.6088,125.8754,29.3921,125.1713,28.8445,126.0903,29.0718,12,nan,nan,nan
ROI_080/patch_86,7,24.2427,437.1793,37.1148,437.8427,33.7537,437.4975,37.5175,436.5888,11,nan,nan,nan
ROI_080/patch_87,0,377.4887,279.4417,375.2085,279.4417,376.7312,279.4893,376.7637,279.1594,11,nan,nan,nan
ROI_080/patch_87,1,495.2970,433.7327,485.4163,432.9726,488.2092,433.9817,488.5616,433.5297,7,nan,nan,nan
ROI_080/patch_87,2,351.7368,465.3094,353.1669,464.8949,349.4155,465.4043,351.4853,464.8382,11,nan,nan,nan
ROI_080/patch_87,3,11.4489,331.6897,21.7834,331.8854,23.2243,331.3326,23.9540,331.3846,7,nan,nan,nan
ROI_080/patch_87,4,111.6588,223.5367,123.6306,218.6374,121.2628,223.2514,123.9534,223.0990,11,nan,nan,nan
ROI_080/patch_87,5,17.6816,59.7608,28.6239,58.2660,32.8818,59.2979,30.4084,58.8764,11,nan,nan,nan
ROI_080/patch_87,6,328.1282,39.3949,332.6455,40.7848,332.3775,39.2851,328.5784,39.9989,7,nan,nan,nan
ROI_080/patch_87,7,462.0793,83.5426,468.6951,79.5475,460.8931,83.6073,468.9351,82.3653,10,nan,nan,nan
ROI_080/patch_88,0,212.5570,267.2808,216.3572,268.0409,216.2033,267.5616,213.8914,267.1167,9,nan,nan,nan
ROI_080/patch_88,1,479.3359,93.9885,487.6965,90.9483,476.0703,94.2382,485.5716,92.8725,12,nan,nan,nan
ROI_080/patch_88,2,386.2538,3.4932,389.6495,4.3022,384.8604,3.9030,nan,nan,2,nan,nan,nan
ROI_080/patch_88,3,279.1636,423.5761,280.2018,421.5718,281.7973,423.6517,279.7334,423.2478,11,nan,nan,nan
ROI_080/patch_88,4,106.0458,319.9373,113.7499,322.0047,112.3926,320.2468,112.7221,320.2755,12,nan,nan,nan
ROI_080/patch_88,5,34.1380,444.3127,45.3451,444.3734,42.6254,444.5538,46.1036,444.2787,12,nan,nan,nan
ROI_080/patch_88,6,354.8313,149.4169,353.1669,150.9926,354.7005,149.7063,354.3466,149.8598,12,nan,nan,nan
ROI_080/patch_88,7,293.3773,51.2310,292.9802,51.9005,294.3453,51.6641,299.4673,51.2303,8,nan,nan,nan
ROI_080/patch_89,0,408.3975,180.8880,404.5973,180.8880,405.5738,181.0699,407.5179,181.5574,9,nan,nan,nan
ROI_080/patch_89,1,363.4277,382.8090,362.2876,384.1391,363.4372,382.9426,363.3951,383.1695,11,nan,nan,nan
ROI_080/patch_89,2,111.1834,22.0671,122.0762,20.7668,122.0717,21.8958,118.3243,21.4881,12,nan,nan,nan
ROI_080/patch_89,3,379.4927,433.7738,378.5019,432.8282,378.9034,433.9275,379.4136,433.5458,11,nan,nan,nan
ROI_080/patch_89,4,217.2511,316.3338,218.0814,315.5883,224.0435,316.2940,222.7681,316.2243,8,nan,nan,nan
ROI_080/patch_89,5,88.9214,501.7183,109.1473,498.9973,102.4869,501.5318,107.7736,501.2013,3,nan,nan,nan
ROI_080/patch_89,6,289.5211,52.0923,290.9695,52.6773,291.9627,52.1314,289.8757,51.5023,10,nan,nan,nan
ROI_080/patch_89,7,481.7096,147.6951,476.1916,148.3915,475.2607,147.9624,475.5177,148.4881,10,nan,nan,nan
ROI_080/patch_90,0,374.4484,430.6924,373.5934,430.0274,371.3583,430.7976,374.2982,430.2661,12,nan,nan,nan
ROI_080/patch_90,1,235.7599,248.6026,237.7112,249.8878,237.0027,248.6985,236.2350,249.3541,11,nan,nan,nan
ROI_080/patch_90,2,429.4478,134.2730,425.3721,132.5613,423.3673,134.6174,428.5002,134.2209,7,nan,nan,nan
ROI_080/patch_90,3,496.9877,280.9201,489.5966,281.3418,488.9972,281.2319,485.6186,280.9820,3,nan,nan,nan
ROI_080/patch_90,4,37.6062,152.1029,42.4949,150.6126,45.6046,152.0809,44.7823,151.7242,10,nan,nan,nan
ROI_080/patch_90,5,224.8798,431.0251,226.1974,430.7630,227.1413,430.9946,225.9378,431.2000,10,nan,nan,nan
ROI_080/patch_90,6,211.1138,53.6518,209.4942,54.5611,212.5655,53.8499,211.7107,53.7414,10,nan,nan,nan
ROI_080/patch_90,7,416.6440,228.5854,410.5313,228.6202,411.3470,228.8579,410.6025,228.9357,7,nan,nan,nan
ROI_080/patch_91,0,278.6816,325.8050,280.5818,326.1850,278.4342,325.6517,278.8765,325.7209,10,nan,nan,nan
ROI_080/patch_91,1,162.9634,289.8924,166.5737,289.7024,166.7683,289.6693,164.1565,289.1680,9,nan,nan,nan
ROI_080/patch_91,2,21.5002,344.7972,28.9089,345.1389,30.0092,344.4622,28.5894,344.0306,11,nan,nan,nan
ROI_080/patch_91,3,188.8988,166.1697,197.7920,165.9014,192.1284,165.9973,201.0313,165.7211,8,nan,nan,nan
ROI_080/patch_91,4,35.9118,253.1918,54.3448,252.3332,44.1588,252.8911,55.1790,253.0107,10,nan,nan,nan
ROI_080/patch_91,5,397.8814,454.8993,392.2395,454.8158,393.2271,454.7936,391.5402,454.6767,9,nan,nan,nan
ROI_080/patch_91,6,481.1177,412.4334,475.3838,414.8774,473.7211,412.3962,475.0306,412.6484,10,nan,nan,nan
ROI_080/patch_91,7,2.0420,183.5380,23.6910,181.6034,11.6246,183.2326,nan,nan,2,nan,nan,nan
ROI_080/patch_92,0,133.5113,243.7192,141.4444,242.1040,141.0681,243.5205,140.1584,243.2162,10,nan,nan,nan
ROI_080/patch_92,1,201.9637,314.5942,207.3316,315.8293,210.8732,314.4166,208.0014,314.0457,12,nan,nan,nan
ROI_080/patch_92,2,96.8872,450.2558,105.5348,446.9779,103.5378,450.2219,103.4999,450.2665,10,nan,nan,nan
ROI_080/patch_92,3,234.3210,71.8890,250.5484,69.9225,244.0761,71.5226,252.1913,71.7256,10,nan,nan,nan
ROI_080/patch_92,4,6.8343,173.1889,12.4993,173.8500,11.8424,172.9948,14.3687,172.5288,3,nan,nan,nan
ROI_080/patch_92,5,382.1396,199.3939,397.5024,198.9200,394.8350,199.0546,395.4396,199.3925,10,nan,nan,nan
ROI_080/patch_92,6,44.9769,338.3122,55.0222,337.5597,50.6450,338.2203,52.4226,337.6946,10,nan,nan,nan
ROI_080/patch_92,7,444.3719,285.0807,450.0742,286.6932,458.2813,284.7759,450.5960,284.4393,12,nan,nan,nan
ROI_080/patch_93,0,218.6374,262.7205,216.4997,261.9130,218.1919,262.4928,217.6217,263.0132,9,nan,nan,nan
ROI_080/patch_93,1,364.8528,344.3788,360.3637,344.3194,359.7200,344.1800,359.1818,343.9750,10,nan,nan,nan
ROI_080/patch_93,2,396.1212,130.3206,390.6216,130.1873,391.3094,130.1794,389.8821,130.0193,11,nan,nan,nan
ROI_080/patch_93,3,185.1729,108.0805,185.9503,108.8751,186.5773,107.8764,185.3280,108.6359,10,nan,nan,nan
ROI_080/patch_93,4,94.2964,425.9807,97.3494,426.0252,96.5068,425.6767,99.5245,425.5726,12,nan,nan,nan
ROI_080/patch_93,5,268.8892,476.1788,268.0884,475.6781,265.7731,475.9199,268.3409,475.4180,10,nan,nan,nan
ROI_080/patch_93,6,30.2433,141.2070,36.8301,142.2846,35.9304,140.9456,36.2110,140.3155,10,nan,nan,nan
ROI_080/patch_93,7,315.3386,10.6637,313.1194,9.9700,313.5426,10.5231,314.6102,10.4272,7,nan,nan,nan
ROI_080/patch_94,0,112.9899,321.2447,116.7901,320.4846,116.1915,321.1137,113.8439,321.0254,8,nan,nan,nan
ROI_080/patch_94,1,30.9040,248.2795,38.5046,247.1394,37.6875,248.1094,38.0320,247.9609,11,nan,nan,nan
ROI_080/patch_94,2,45.1763,169.0931,53.3256,169.6139,52.5357,168.9384,51.7134,169.4418,10,nan,nan,nan
ROI_080/patch_94,3,112.0776,52.2855,117.1702,53.3256,118.8175,52.1790,118.1687,51.8921,11,nan,nan,nan
ROI_080/patch_94,4,377.0880,416.6950,370.2682,418.1516,370.5831,416.7031,370.8415,417.1568,10,nan,nan,nan
ROI_080/patch_94,5,295.5625,357.8858,294.4528,358.8673,292.4368,357.8537,295.1959,357.8980,10,nan,nan,nan
ROI_080/patch_94,6,367.6620,236.0443,362.2876,236.8787,363.8160,236.0639,362.2040,236.0423,9,nan,nan,nan
ROI_080/patch_94,7,110.7162,438.8091,114.5104,439.0966,112.4568,438.6660,112.0534,439.0124,10,nan,nan,nan
ROI_080/patch_95,0,295.4028,270.3211,289.1324,268.8009,290.2040,269.9525,289.6606,268.9322,10,nan,nan,nan
ROI_080/patch_95,1,202.4862,376.3486,199.7785,374.8285,200.6138,375.9350,202.4722,375.2548,12,nan,nan,nan
ROI_080/patch_95,2,153.7399,193.4544,152.5364,193.0212,152.8566,193.0165,152.9147,193.2254,9,nan,nan,nan
ROI_080/patch_95,3,148.1683,13.9241,144.9411,13.4328,146.8954,13.4829,147.7664,12.7229,6,nan,nan,nan
ROI_080/patch_95,4,330.9655,145.6857,325.1054,147.6183,324.2272,145.3342,324.4324,144.9221,13,nan,nan,nan
ROI_080/patch_95,5,471.6584,413.4079,466.5071,413.3172,461.2406,413.1258,466.2205,412.4653,11,nan,nan,nan
ROI_080/patch_95,6,312.9111,415.8239,312.1117,415.1400,307.6099,415.4643,312.1460,414.7469,10,nan,nan,nan
ROI_080/patch_95,7,447.3173,41.3919,437.3566,40.6246,436.5039,41.0968,440.1057,41.1048,10,nan,nan,nan
ROI_080/patch_96,0,122.4906,59.9761,126.7659,59.5486,125.8164,59.8283,123.9169,59.4492,9,nan,nan,nan
ROI_080/patch_96,1,385.3418,56.0330,380.1085,56.3662,380.0662,55.9952,379.1831,56.4315,10,nan,nan,nan
ROI_080/patch_96,2,174.9925,286.4255,175.2193,286.4722,177.3237,286.2031,176.1746,286.0777,8,nan,nan,nan
ROI_080/patch_96,3,394.3205,223.4618,385.3646,223.2476,389.2844,223.3566,387.6548,223.4865,11,nan,nan,nan
ROI_080/patch_96,4,395.7079,382.4587,390.9465,383.4075,391.1325,382.2865,389.7478,382.3875,12,nan,nan,nan
ROI_080/patch_96,5,74.2604,438.2110,85.0133,439.3035,80.3662,437.8826,84.1809,437.3038,12,nan,nan,nan
ROI_080/patch_96,6,21.2530,210.3822,26.2933,209.6919,28.3656,210.1288,26.9363,209.7350,11,nan,nan,nan
ROI_080/patch_96,7,505.1091,335.3955,495.3852,334.7830,496.8091,335.2884,nan,nan,0,nan,nan,nan
ROI_080/patch_98,0,378.2487,31.6641,372.9283,32.4242,373.7066,32.1732,372.3677,32.2160,9,nan,nan,nan
ROI_080/patch_98,1,345.5664,299.2031,343.2862,299.5831,344.3485,299.4875,344.5145,299.3605,9,nan,nan,nan
ROI_080/patch_98,2,135.3734,387.7671,142.9170,387.9394,143.5521,387.6898,141.9325,387.3104,11,nan,nan,nan
ROI_080/patch_98,3,380.2968,211.5378,377.9894,211.8384,376.9901,211.9304,375.2188,211.8834,7,nan,nan,nan
ROI_080/patch_98,4,114.9750,261.8941,124.7674,263.0123,123.0783,261.8709,127.5145,262.5087,9,nan,nan,nan
ROI_080/patch_98,5,200.3539,285.0327,206.9028,284.6269,205.0744,285.1173,206.4590,284.6895,12,nan,nan,nan
ROI_080/patch_98,6,486.2167,285.7118,477.0405,286.3240,479.0472,286.2078,479.6116,285.6029,11,nan,nan,nan
ROI_080/patch_98,7,407.2402,259.8583,403.1739,260.3478,403.1672,260.2577,401.7287,260.2170,12,nan,nan,nan
ROI_080/patch_99,0,203.4363,200.3961,214.0771,201.1561,210.9838,200.1829,211.1494,200.6066,11,nan,nan,nan
ROI_080/patch_99,1,74.9872,466.4150,89.4282,465.6549,87.1357,466.0238,88.0884,465.1889,12,nan,nan,nan
ROI_080/patch_99,2,311.9208,15.5869,315.1642,14.1829,315.4830,15.5231,313.1977,15.2309,9,nan,nan,nan
ROI_080/patch_99,3,464.6653,278.1894,458.8144,277.1615,461.3128,278.3245,459.4102,278.8577,8,nan,nan,nan
ROI_080/patch_99,4,456.3407,505.5291,451.4039,506.1278,452.7626,505.6480,nan,nan,0,nan,nan,nan
ROI_080/patch_99,5,163.1751,234.1547,172.6541,234.7885,172.2884,233.8868,175.0008,234.4024,12,nan,nan,nan
ROI_080/patch_99,6,168.8099,348.7845,180.0646,347.6565,177.4065,348.5217,180.6845,348.9610,12,nan,nan,nan
ROI_080/patch_99,7,1.8079,176.7966,16.1074,176.3365,17.6775,176.3137,nan,nan,2,nan,nan,nan
ROI_080/patch_99,8,465.9614,161.6479,457.8800,162.0643,462.8464,161.7873,460.4804,161.9349,10,nan,nan,nan
ROI_080/patch_100,0,338.4374,434.1244,337.6762,436.0908,337.3105,434.4418,338.6186,434.6800,11,nan,nan,nan
ROI_080/patch_100,1,102.6604,394.1622,112.1753,394.4159,109.9335,394.3648,110.3899,394.2476,10,nan,nan,nan
ROI_080/patch_100,2,47.2887,434.2811,57.9408,434.9490,56.3551,434.4962,54.7679,434.7152,12,nan,nan,nan
ROI_080/patch_100,3,305.2177,214.6744,305.1356,216.2987,306.0485,214.8054,305.6832,215.2543,12,nan,nan,nan
ROI_080/patch_100,4,82.4186,145.2522,90.0906,144.1499,91.3017,145.2495,89.9810,144.6909,12,nan,nan,nan
ROI_080/patch_100,5,279.0963,75.8358,280.0045,75.6974,281.3444,75.8471,280.1547,75.9357,12,nan,nan,nan
ROI_080/patch_100,6,495.6651,362.1498,486.9495,361.8438,489.2937,362.4652,489.3632,361.9799,6,nan,nan,nan
ROI_080/patch_100,7,288.5929,317.6770,287.3739,318.0421,289.6328,317.8841,288.3253,318.1723,11,nan,nan,nan
ROI_080/patch_101,0,320.4846,163.1534,327.9901,164.4360,324.4966,162.9601,326.2100,162.5588,12,nan,nan,nan
ROI_080/patch_101,1,437.2004,339.2960,430.0630,339.0822,434.2804,339.2220,430.6302,338.7441,10,nan,nan,nan
ROI_080/patch_101,2,120.4133,332.6459,136.9070,330.3536,136.2560,331.9161,134.1726,331.3165,8,nan,nan,nan
ROI_080/patch_101,3,240.4577,80.8755,247.7094,80.5451,249.2184,80.5733,247.4295,81.0279,12,nan,nan,nan
ROI_080/patch_101,4,286.2715,345.5695,285.8233,344.4554,292.2897,345.1764,286.3789,345.0554,10,nan,nan,nan
ROI_080/patch_101,5,245.9834,176.4823,253.7387,177.0344,254.4063,176.1243,253.7997,176.5204,10,nan,nan,nan
ROI_080/patch_101,6,411.6219,45.6720,410.1279,45.6619,410.2491,45.7515,411.0609,45.5092,10,nan,nan,nan
ROI_080/patch_101,7,15.7961,85.2895,35.3135,85.5384,37.8621,84.5157,34.7167,84.2572,6,nan,nan,nan
ROI_080/patch_102,0,133.5125,116.3683,142.0763,114.0846,138.7412,116.4409,140.8783,116.0744,9,nan,nan,nan
ROI_080/patch_102,1,135.2252,228.2695,136.9380,228.8405,141.0761,228.3916,135.7412,228.1635,11,nan,nan,nan
ROI_080/patch_102,2,360.3776,130.3461,355.4919,130.8232,356.3590,130.3875,354.5571,130.7867,12,nan,nan,nan
ROI_080/patch_102,3,398.7782,389.2032,394.2925,389.2191,394.7817,389.3534,397.7462,389.6304,7,nan,nan,nan
ROI_080/patch_102,4,450.3438,488.9732,446.3020,489.9358,444.8432,489.1592,444.4489,489.0501,11,nan,nan,nan
ROI_080/patch_102,5,16.6385,468.1828,25.8926,469.0907,28.8532,468.4312,29.1291,468.1767,9,nan,nan,nan
ROI_080/patch_102,6,53.3197,319.8660,58.0889,321.1116,63.1073,320.0423,59.6115,320.4975,10,nan,nan,nan
ROI_080/patch_102,7,13.6298,124.1247,24.4994,125.7667,23.8389,124.2205,26.4368,124.5104,7,nan,nan,nan
ROI_080/patch_103,0,58.2660,387.3694,65.6765,386.0393,69.2896,387.2106,65.3867,387.1505,12,nan,nan,nan
ROI_080/patch_103,1,7.5646,111.7607,20.1188,110.4306,21.9910,111.4187,nan,nan,2,nan,nan,nan
ROI_080/patch_103,2,419.0637,142.2681,419.6743,142.2879,421.7011,141.8709,420.0794,142.0542,11,nan,nan,nan
ROI_080/patch_103,3,393.0568,155.0881,394.2231,156.4597,396.3335,154.7047,394.4127,154.7057,11,nan,nan,nan
ROI_080/patch_103,4,268.8196,326.8576,273.2462,326.6850,274.3572,326.6173,275.1244,326.1520,8,nan,nan,nan
ROI_080/patch_103,5,325.2715,257.8202,319.2335,257.0361,329.7171,257.5212,318.9579,257.3993,11,nan,nan,nan
ROI_080/patch_103,6,198.8972,461.5010,206.3303,459.8203,205.4349,461.3679,206.1055,460.9193,9,nan,nan,nan
ROI_080/patch_103,7,409.7806,476.2610,405.2961,473.5421,410.2830,476.0990,410.3055,476.4172,10,nan,nan,nan
ROI_080/patch_104,0,240.6347,216.6399,247.1145,217.4022,248.3199,216.7200,247.2459,217.2748,12,nan,nan,nan
ROI_080/patch_104,1,469.3311,218.3551,471.2369,215.6870,469.6360,218.6273,469.9110,217.7631,10,nan,nan,nan
ROI_080/patch_104,2,503.4038,126.0988,495.8218,125.9236,501.3255,126.3899,nan,nan,2,nan,nan,nan
ROI_080/patch_104,3,6.4322,271.5699,23.9926,270.5741,22.4619,271.4593,20.2110,271.1193,3,nan,nan,nan
ROI_080/patch_104,4,174.8769,314.4211,189.7260,313.8835,186.0478,314.4563,188.7277,313.6990,10,nan,nan,nan
ROI_080/patch_104,5,127.6781,409.6066,152.0900,408.3184,141.6979,409.6122,152.8160,408.9758,9,nan,nan,nan
ROI_080/patch_104,6,144.2295,44.6274,153.0520,44.1575,152.6489,44.6086,151.1128,44.4585,11,nan,nan,nan
ROI_080/patch_104,7,257.2558,53.4758,264.3344,53.2509,262.1388,53.5527,263.6104,53.0839,10,nan,nan,nan
ROI_080/patch_105,0,188.2352,16.4630,196.7858,15.3229,193.9921,16.0871,194.7531,14.9873,10,nan,nan,nan
ROI_080/patch_105,1,125.5308,93.4185,134.0814,93.9885,133.7349,93.0215,132.5852,92.6440,12,nan,nan,nan
ROI_080/patch_105,2,104.0613,302.9170,112.5148,302.5283,113.7916,302.5842,115.4973,301.9667,7,nan,nan,nan
ROI_080/patch_105,3,68.1387,327.9989,77.7424,327.6101,79.1995,327.6466,76.2087,327.6570,9,nan,nan,nan
ROI_080/patch_105,4,389.3606,286.6188,386.7043,285.9972,389.2110,286.5122,389.3855,286.1313,11,nan,nan,nan
ROI_080/patch_105,5,423.4581,442.7139,418.0859,441.9588,422.7216,442.6959,417.2451,443.5358,8,nan,nan,nan
ROI_080/patch_105,6,117.9743,465.8119,127.1828,464.8046,127.8379,465.5540,129.9150,465.5837,10,nan,nan,nan
ROI_080/patch_105,7,271.4833,480.0291,276.4420,478.5121,276.1173,479.9018,276.7403,479.4888,7,nan,nan,nan
ROI_080/patch_106,0,167.7138,339.4860,179.1146,338.7259,177.7454,339.2917,180.0086,338.5066,10,nan,nan,nan
ROI_080/patch_106,1,446.6536,450.4538,443.6134,450.4538,442.6933,450.5242,441.1613,450.2719,10,nan,nan,nan
ROI_080/patch_106,2,486.2271,366.9575,484.6563,366.8479,483.1121,366.9178,485.8229,366.8556,10,nan,nan,nan
ROI_080/patch_106,3,74.8241,47.6768,91.7084,46.8652,96.7840,47.0154,88.2090,47.0979,8,nan,nan,nan
ROI_080/patch_106,4,5.0435,247.7928,17.2231,248.2795,24.0044,247.4041,18.3719,247.5313,3,nan,nan,nan
ROI_080/patch_106,5,294.9803,316.9197,299.2031,316.6843,300.7158,316.7373,300.8218,316.9715,9,nan,nan,nan
ROI_080/patch_106,6,144.5532,413.0505,154.0328,414.7313,153.3857,412.9574,156.3076,412.7811,9,nan,nan,nan
ROI_080/patch_106,7,401.4382,450.9221,396.4425,448.3162,399.2196,450.9769,400.2314,450.9236,8,nan,nan,nan
