pair,variant,ring,ok,n_cand,gross,inlier,ms_x,ms_2d
ROI_035/patch_0,nearest,0–16,1,6297,0.000,1.000,29.9644,30.8406
ROI_035/patch_0,nearest,16–32,1,18362,0.000,1.000,30.1047,30.9843
ROI_035/patch_0,nearest,32–64,1,63278,0.000,1.000,32.1208,33.0368
ROI_035/patch_0,nearest,64–128,1,118414,0.000,1.000,52.1738,53.2333
ROI_035/patch_0,nearest,≥128,1,55793,0.000,1.000,195.1483,196.8399
ROI_035/patch_0,own,0–16,1,6297,0.000,1.000,30.0326,30.9065
ROI_035/patch_0,own,16–32,1,18362,0.000,1.000,30.1854,31.0693
ROI_035/patch_0,own,32–64,1,67932,0.000,1.000,31.2058,32.1279
ROI_035/patch_0,own,64–128,1,251303,0.000,1.000,43.0375,44.0529
ROI_035/patch_0,own,≥128,1,1753258,0.000,1.000,109.0462,110.3189
ROI_035/patch_1,nearest,0–16,1,6434,0.000,1.000,42.5615,43.4636
ROI_035/patch_1,nearest,16–32,1,18954,0.000,1.000,39.4962,40.3718
ROI_035/patch_1,nearest,32–64,1,66087,0.000,1.000,40.8780,41.7700
ROI_035/patch_1,nearest,64–128,1,135065,0.000,1.000,43.9758,44.8661
ROI_035/patch_1,nearest,≥128,1,35604,0.000,1.000,132.5059,133.5476
ROI_035/patch_1,own,0–16,1,6434,0.000,1.000,42.4574,43.3574
ROI_035/patch_1,own,16–32,1,18954,0.000,1.000,39.9341,40.8138
ROI_035/patch_1,own,32–64,1,67265,0.000,1.000,40.6775,41.5760
ROI_035/patch_1,own,64–128,1,207711,0.000,1.000,43.6546,44.5395
ROI_035/patch_1,own,≥128,1,1796788,0.000,1.000,49.6591,50.5257
ROI_035/patch_2,nearest,0–16,1,6437,0.000,1.000,23.4677,24.1497
ROI_035/patch_2,nearest,16–32,1,19285,0.000,1.000,20.0723,20.7195
ROI_035/patch_2,nearest,32–64,1,69338,0.000,1.000,26.4647,27.1608
ROI_035/patch_2,nearest,64–128,1,115531,0.000,1.000,116.1731,117.3782
ROI_035/patch_2,nearest,≥128,1,51553,1.000,1.000,,
ROI_035/patch_2,own,0–16,1,6437,0.000,1.000,23.2939,23.9688
ROI_035/patch_2,own,16–32,1,19285,0.000,1.000,20.7526,21.4033
ROI_035/patch_2,own,32–64,1,75431,0.000,1.000,25.1131,25.7998
ROI_035/patch_2,own,64–128,1,259499,0.000,1.000,94.3793,95.8999
ROI_035/patch_2,own,≥128,1,1736500,0.000,1.000,149.7611,151.1829
ROI_035/patch_3,nearest,0–16,1,6438,0.000,1.000,16.2436,17.5363
ROI_035/patch_3,nearest,16–32,1,18880,0.000,1.000,16.5150,17.8138
ROI_035/patch_3,nearest,32–64,1,69485,0.000,1.000,32.7817,34.0894
ROI_035/patch_3,nearest,64–128,1,138578,0.000,1.000,99.2139,100.5444
ROI_035/patch_3,nearest,≥128,1,28763,0.000,1.000,405.5174,406.8157
ROI_035/patch_3,own,0–16,1,6438,0.000,1.000,16.2839,17.5770
ROI_035/patch_3,own,16–32,1,18880,0.000,1.000,16.4244,17.7254
ROI_035/patch_3,own,32–64,1,72719,0.000,1.000,23.4819,24.7759
ROI_035/patch_3,own,64–128,1,256969,0.000,1.000,82.9571,84.2837
ROI_035/patch_3,own,≥128,1,1742146,0.000,1.000,94.7038,96.0736
ROI_035/patch_4,nearest,0–16,1,6439,0.000,1.000,12.4598,13.0013
ROI_035/patch_4,nearest,16–32,1,19302,0.000,1.000,12.0450,12.6081
ROI_035/patch_4,nearest,32–64,1,67145,0.000,1.000,14.0287,14.6578
ROI_035/patch_4,nearest,64–128,1,136941,0.000,1.000,30.2162,31.0149
ROI_035/patch_4,nearest,≥128,1,32317,0.000,1.000,112.6084,113.3703
ROI_035/patch_4,own,0–16,1,6439,0.000,1.000,12.4494,12.9936
ROI_035/patch_4,own,16–32,1,19302,0.000,1.000,12.1115,12.6688
ROI_035/patch_4,own,32–64,1,74472,0.000,1.000,12.0670,12.6820
ROI_035/patch_4,own,64–128,1,265328,0.000,1.000,21.0563,21.7058
ROI_035/patch_4,own,≥128,1,1731611,0.000,1.000,24.4456,25.1281
ROI_035/patch_5,nearest,0–16,1,6366,0.000,1.000,88.2270,89.5149
ROI_035/patch_5,nearest,16–32,1,17963,0.000,1.000,91.4683,92.7943
ROI_035/patch_5,nearest,32–64,1,60658,0.000,1.000,135.5576,136.8981
ROI_035/patch_5,nearest,64–128,1,113029,0.000,1.000,328.1470,329.9093
ROI_035/patch_5,nearest,≥128,1,64128,0.000,1.000,867.6992,869.4431
ROI_035/patch_5,own,0–16,1,6366,0.000,1.000,88.0900,89.3750
ROI_035/patch_5,own,16–32,1,17963,0.000,1.000,91.4028,92.7219
ROI_035/patch_5,own,32–64,1,68220,0.000,1.000,122.8366,124.1746
ROI_035/patch_5,own,64–128,1,245005,0.000,1.000,302.5132,304.1575
ROI_035/patch_5,own,≥128,1,1759598,0.000,1.000,459.2968,460.9708
ROI_035/patch_6,nearest,0–16,1,6428,0.000,1.000,17.2885,18.4566
ROI_035/patch_6,nearest,16–32,1,19166,0.000,1.000,17.9719,19.1301
ROI_035/patch_6,nearest,32–64,1,65490,0.000,1.000,18.1782,19.3435
ROI_035/patch_6,nearest,64–128,1,111517,0.000,1.000,30.2654,31.3942
ROI_035/patch_6,nearest,≥128,1,59543,0.000,1.000,77.1354,78.8510
ROI_035/patch_6,own,0–16,1,6428,0.000,1.000,17.5099,18.6820
ROI_035/patch_6,own,16–32,1,19166,0.000,1.000,17.4701,18.6486
ROI_035/patch_6,own,32–64,1,72499,0.000,1.000,17.5804,18.7444
ROI_035/patch_6,own,64–128,1,241624,0.000,1.000,21.4658,22.7453
ROI_035/patch_6,own,≥128,1,1757435,0.000,1.000,72.0824,73.4680
ROI_035/patch_7,nearest,0–16,1,6418,0.000,1.000,21.1337,22.0660
ROI_035/patch_7,nearest,16–32,1,19091,0.000,1.000,22.3671,23.3282
ROI_035/patch_7,nearest,32–64,1,70035,0.000,1.000,49.7820,50.6982
ROI_035/patch_7,nearest,64–128,1,136614,0.000,1.000,39.2709,40.2757
ROI_035/patch_7,nearest,≥128,1,29986,0.000,1.000,34.1975,35.6058
ROI_035/patch_7,own,0–16,1,6418,0.000,1.000,21.1779,22.1073
ROI_035/patch_7,own,16–32,1,19091,0.000,1.000,22.6611,23.6106
ROI_035/patch_7,own,32–64,1,70043,0.000,1.000,54.0513,54.9809
ROI_035/patch_7,own,64–128,1,232631,0.000,1.000,43.2621,44.2170
ROI_035/patch_7,own,≥128,1,1768969,0.000,1.000,61.6223,62.5605
ROI_035/patch_8,nearest,0–16,1,8045,0.000,1.000,123.1815,124.1985
ROI_035/patch_8,nearest,16–32,1,23449,0.000,1.000,122.5397,123.5473
ROI_035/patch_8,nearest,32–64,1,76342,0.000,1.000,123.2345,124.2513
ROI_035/patch_8,nearest,64–128,1,124090,0.000,1.000,130.9935,132.2019
ROI_035/patch_8,nearest,≥128,1,30218,0.000,1.000,144.2597,145.7047
ROI_035/patch_8,own,0–16,1,8045,0.000,1.000,123.2429,124.2657
ROI_035/patch_8,own,16–32,1,23449,0.000,1.000,122.7319,123.7431
ROI_035/patch_8,own,32–64,1,88363,0.000,1.000,124.0848,125.1102
ROI_035/patch_8,own,64–128,1,309086,0.000,1.000,127.4157,128.5018
ROI_035/patch_8,own,≥128,1,2192497,0.000,1.000,136.6667,137.9563
ROI_035/patch_9,nearest,0–16,1,6135,0.000,1.000,14.7103,15.6201
ROI_035/patch_9,nearest,16–32,1,18203,0.000,1.000,14.6645,15.5628
ROI_035/patch_9,nearest,32–64,1,71522,0.000,1.000,14.7002,15.5808
ROI_035/patch_9,nearest,64–128,1,142233,0.000,1.000,121.1582,122.1808
ROI_035/patch_9,nearest,≥128,1,24051,0.000,1.000,482.0115,483.6063
ROI_035/patch_9,own,0–16,1,6135,0.000,1.000,14.7029,15.6114
ROI_035/patch_9,own,16–32,1,18203,0.000,1.000,14.5354,15.4368
ROI_035/patch_9,own,32–64,1,72602,0.000,1.000,16.1470,17.0373
ROI_035/patch_9,own,64–128,1,261806,0.000,1.000,85.0244,86.0056
ROI_035/patch_9,own,≥128,1,1738406,0.000,1.000,154.3643,155.3601
ROI_035/patch_10,nearest,0–16,1,6445,0.000,1.000,39.7755,40.7905
ROI_035/patch_10,nearest,16–32,1,19298,0.000,1.000,53.0132,54.1388
ROI_035/patch_10,nearest,32–64,1,67712,0.000,1.000,92.2980,93.8891
ROI_035/patch_10,nearest,64–128,1,122949,0.000,1.000,90.3218,91.5807
ROI_035/patch_10,nearest,≥128,1,45740,0.000,1.000,533.2177,536.1982
ROI_035/patch_10,own,0–16,1,6445,0.000,1.000,39.1063,40.1181
ROI_035/patch_10,own,16–32,1,19298,0.000,1.000,53.5960,54.7770
ROI_035/patch_10,own,32–64,1,70821,0.000,1.000,86.2322,87.7130
ROI_035/patch_10,own,64–128,1,238459,0.000,1.000,82.9105,83.7290
ROI_035/patch_10,own,≥128,1,1762129,0.000,1.000,259.5177,260.5352
ROI_035/patch_11,nearest,0–16,1,6355,0.000,1.000,7.1462,8.4966
ROI_035/patch_11,nearest,16–32,1,17978,0.000,1.000,7.0463,8.3830
ROI_035/patch_11,nearest,32–64,1,64593,0.000,1.000,7.6675,9.0048
ROI_035/patch_11,nearest,64–128,1,107152,0.000,1.000,29.3333,30.9818
ROI_035/patch_11,nearest,≥128,1,66066,0.000,1.000,341.4442,344.5252
ROI_035/patch_11,own,0–16,1,6355,0.000,1.000,7.1608,8.5074
ROI_035/patch_11,own,16–32,1,17978,0.000,1.000,6.9919,8.3232
ROI_035/patch_11,own,32–64,1,67645,0.000,1.000,7.7221,9.0563
ROI_035/patch_11,own,64–128,1,239748,0.000,1.000,21.5383,23.0887
ROI_035/patch_11,own,≥128,1,1765426,0.000,1.000,41.7208,43.3207
ROI_035/patch_12,nearest,0–16,1,6447,0.000,1.000,15.4614,16.1170
ROI_035/patch_12,nearest,16–32,1,19221,0.000,1.000,15.4248,16.1125
ROI_035/patch_12,nearest,32–64,1,67721,0.000,1.000,15.5407,16.2960
ROI_035/patch_12,nearest,64–128,1,127615,0.000,1.000,78.6328,79.7385
ROI_035/patch_12,nearest,≥128,1,41140,1.000,1.000,,
ROI_035/patch_12,own,0–16,1,6447,0.000,1.000,15.4708,16.1321
ROI_035/patch_12,own,16–32,1,19300,0.000,1.000,15.4187,16.0907
ROI_035/patch_12,own,32–64,1,73244,0.000,1.000,15.4756,16.2212
ROI_035/patch_12,own,64–128,1,248244,0.000,1.000,58.2131,59.1868
ROI_035/patch_12,own,≥128,1,1749917,0.000,1.000,327.1731,328.6587
ROI_035/patch_13,nearest,0–16,1,7168,0.000,1.000,23.8759,24.7056
ROI_035/patch_13,nearest,16–32,1,20366,0.000,1.000,24.0643,24.8586
ROI_035/patch_13,nearest,32–64,1,72237,0.000,1.000,34.0741,34.8192
ROI_035/patch_13,nearest,64–128,1,109761,0.000,1.000,108.3919,109.4778
ROI_035/patch_13,nearest,≥128,1,52612,0.950,1.000,554.5641,556.5991
ROI_035/patch_13,own,0–16,1,7168,0.000,1.000,23.8096,24.6339
ROI_035/patch_13,own,16–32,1,20366,0.000,1.000,23.8813,24.6620
ROI_035/patch_13,own,32–64,1,76399,0.000,1.000,28.5252,29.2945
ROI_035/patch_13,own,64–128,1,266707,0.000,1.000,68.8444,69.7711
ROI_035/patch_13,own,≥128,1,1988656,0.000,1.000,217.5128,219.3299
ROI_035/patch_14,nearest,0–16,1,6427,0.000,1.000,8.9643,9.7198
ROI_035/patch_14,nearest,16–32,1,17379,0.000,1.000,8.9539,9.7091
ROI_035/patch_14,nearest,32–64,1,61046,0.000,1.000,12.6007,13.3063
ROI_035/patch_14,nearest,64–128,1,120362,0.000,1.000,51.9668,52.7384
ROI_035/patch_14,nearest,≥128,1,56930,0.000,1.000,659.0510,660.9209
ROI_035/patch_14,own,0–16,1,6427,0.000,1.000,8.9688,9.7260
ROI_035/patch_14,own,16–32,1,18625,0.000,1.000,8.9568,9.7068
ROI_035/patch_14,own,32–64,1,72792,0.000,1.000,12.5451,13.2605
ROI_035/patch_14,own,64–128,1,264596,0.000,1.000,47.5368,48.3956
ROI_035/patch_14,own,≥128,1,1734712,0.000,1.000,83.4406,84.4394
ROI_035/patch_15,nearest,0–16,1,6429,0.000,1.000,28.5068,29.3224
ROI_035/patch_15,nearest,16–32,1,18688,0.000,1.000,34.7502,35.5289
ROI_035/patch_15,nearest,32–64,1,69494,0.000,1.000,85.1346,86.0026
ROI_035/patch_15,nearest,64–128,1,148920,0.000,1.000,528.9056,530.4941
ROI_035/patch_15,nearest,≥128,1,18613,1.000,1.000,,
ROI_035/patch_15,own,0–16,1,6429,0.000,1.000,28.4645,29.2874
ROI_035/patch_15,own,16–32,1,18688,0.000,1.000,34.6364,35.4145
ROI_035/patch_15,own,32–64,1,72046,0.000,1.000,79.8326,80.7250
ROI_035/patch_15,own,64–128,1,255993,0.000,1.000,252.6974,253.8869
ROI_035/patch_15,own,≥128,1,1743996,0.000,1.000,383.0861,384.9817
ROI_035/patch_16,nearest,0–16,1,7112,0.000,1.000,23.3096,24.4555
ROI_035/patch_16,nearest,16–32,1,20673,0.000,1.000,23.4050,24.5527
ROI_035/patch_16,nearest,32–64,1,65835,0.000,1.000,23.2439,24.4356
ROI_035/patch_16,nearest,64–128,1,118218,0.000,1.000,122.5594,125.2046
ROI_035/patch_16,nearest,≥128,1,50306,0.900,1.000,767.4103,774.1366
ROI_035/patch_16,own,0–16,1,7112,0.000,1.000,23.5649,24.7097
ROI_035/patch_16,own,16–32,1,20673,0.000,1.000,23.4950,24.6525
ROI_035/patch_16,own,32–64,1,77595,0.000,1.000,23.1853,24.3787
ROI_035/patch_16,own,64–128,1,286836,0.000,1.000,38.1839,39.7151
ROI_035/patch_16,own,≥128,1,1967080,0.000,1.000,105.3665,107.4166
ROI_035/patch_17,nearest,0–16,1,6374,0.000,1.000,11.2053,22.4668
ROI_035/patch_17,nearest,16–32,1,18496,0.000,1.000,11.5190,22.6871
ROI_035/patch_17,nearest,32–64,1,70061,0.000,1.000,15.6332,26.7898
ROI_035/patch_17,nearest,64–128,1,129732,0.000,1.000,25.3611,36.6790
ROI_035/patch_17,nearest,≥128,1,37481,0.000,1.000,240.5627,257.7123
ROI_035/patch_17,own,0–16,1,6374,0.000,1.000,11.1850,22.4244
ROI_035/patch_17,own,16–32,1,18496,0.000,1.000,11.6031,22.7897
ROI_035/patch_17,own,32–64,1,70921,0.000,1.000,17.5049,28.5796
ROI_035/patch_17,own,64–128,1,245834,0.000,1.000,32.8375,44.3144
ROI_035/patch_17,own,≥128,1,1755527,0.000,1.000,67.0551,79.9727
ROI_035/patch_18,nearest,0–16,1,6424,0.000,1.000,24.6278,27.1160
ROI_035/patch_18,nearest,16–32,1,19291,0.000,1.000,25.0441,27.5125
ROI_035/patch_18,nearest,32–64,1,71192,0.000,1.000,25.8274,28.2680
ROI_035/patch_18,nearest,64–128,1,146887,0.000,1.000,41.7722,43.6909
ROI_035/patch_18,nearest,≥128,1,18350,0.000,1.000,103.0823,104.3120
ROI_035/patch_18,own,0–16,1,6424,0.000,1.000,24.6714,27.1648
ROI_035/patch_18,own,16–32,1,19291,0.000,1.000,25.1864,27.6624
ROI_035/patch_18,own,32–64,1,74137,0.000,1.000,25.7316,28.1836
ROI_035/patch_18,own,64–128,1,241321,0.000,1.000,43.5571,45.6534
ROI_035/patch_18,own,≥128,1,1755979,0.000,1.000,44.7481,46.8582
ROI_035/patch_19,nearest,0–16,1,6949,0.000,1.000,25.3274,27.0271
ROI_035/patch_19,nearest,16–32,1,19425,0.000,1.000,24.9755,26.6808
ROI_035/patch_19,nearest,32–64,1,61808,0.000,1.000,27.7048,29.4064
ROI_035/patch_19,nearest,64–128,1,121798,0.000,1.000,53.3695,55.0996
ROI_035/patch_19,nearest,≥128,1,52164,0.000,1.000,69.7745,71.4692
ROI_035/patch_19,own,0–16,1,6949,0.000,1.000,25.3382,27.0366
ROI_035/patch_19,own,16–32,1,19576,0.000,1.000,24.8239,26.5326
ROI_035/patch_19,own,32–64,1,72355,0.000,1.000,25.5366,27.2440
ROI_035/patch_19,own,64–128,1,240991,0.000,1.000,73.5046,75.4110
ROI_035/patch_19,own,≥128,1,2019425,0.000,1.000,84.3472,86.0432
ROI_035/patch_20,nearest,0–16,1,6446,0.000,1.000,3.9201,4.5253
ROI_035/patch_20,nearest,16–32,1,18960,0.000,1.000,3.9700,4.5781
ROI_035/patch_20,nearest,32–64,1,66131,0.000,1.000,3.8607,4.4472
ROI_035/patch_20,nearest,64–128,1,128588,0.000,1.000,3.4381,3.9608
ROI_035/patch_20,nearest,≥128,1,42019,0.000,1.000,23.6397,24.1090
ROI_035/patch_20,own,0–16,1,6446,0.000,1.000,3.9020,4.5050
ROI_035/patch_20,own,16–32,1,18960,0.000,1.000,3.9015,4.5136
ROI_035/patch_20,own,32–64,1,70582,0.000,1.000,3.6646,4.2430
ROI_035/patch_20,own,64–128,1,243461,0.000,1.000,3.5265,4.0555
ROI_035/patch_20,own,≥128,1,1757703,0.000,1.000,5.7686,6.2686
ROI_035/patch_21,nearest,0–16,1,6320,0.000,1.000,18.9046,19.2719
ROI_035/patch_21,nearest,16–32,1,18401,0.000,1.000,18.4962,18.8630
ROI_035/patch_21,nearest,32–64,1,65809,0.000,1.000,26.5797,27.0960
ROI_035/patch_21,nearest,64–128,1,126970,0.000,1.000,19.6555,20.0056
ROI_035/patch_21,nearest,≥128,1,44644,0.000,1.000,20.2953,20.6747
ROI_035/patch_21,own,0–16,1,6320,0.000,1.000,18.9095,19.2750
ROI_035/patch_21,own,16–32,1,18401,0.000,1.000,18.5195,18.8969
ROI_035/patch_21,own,32–64,1,65809,0.000,1.000,23.0955,23.5614
ROI_035/patch_21,own,64–128,1,221591,0.000,1.000,21.5273,21.9073
ROI_035/patch_21,own,≥128,1,1785031,0.000,1.000,20.4010,20.7813
ROI_035/patch_22,nearest,0–16,1,6436,0.000,1.000,11.0606,12.6412
ROI_035/patch_22,nearest,16–32,1,18819,0.000,1.000,11.2803,12.9100
ROI_035/patch_22,nearest,32–64,1,64892,0.000,1.000,11.4335,13.1004
ROI_035/patch_22,nearest,64–128,1,104724,0.000,1.000,17.2221,18.7502
ROI_035/patch_22,nearest,≥128,1,67273,0.000,1.000,92.9390,94.1236
ROI_035/patch_22,own,0–16,1,6436,0.000,1.000,11.0864,12.6696
ROI_035/patch_22,own,16–32,1,18819,0.000,1.000,11.6490,13.2541
ROI_035/patch_22,own,32–64,1,69686,0.000,1.000,11.4523,13.1016
ROI_035/patch_22,own,64–128,1,241149,0.000,1.000,13.4827,14.9851
ROI_035/patch_22,own,≥128,1,1761062,0.000,1.000,23.2645,24.8352
ROI_035/patch_23,nearest,0–16,1,6430,0.000,1.000,22.4157,23.8067
ROI_035/patch_23,nearest,16–32,1,19256,0.000,1.000,21.7543,23.1103
ROI_035/patch_23,nearest,32–64,1,68907,0.000,1.000,21.9950,23.3621
ROI_035/patch_23,nearest,64–128,1,129221,0.000,1.000,32.2269,33.6447
ROI_035/patch_23,nearest,≥128,1,38330,0.000,1.000,39.0948,40.5411
ROI_035/patch_23,own,0–16,1,6430,0.000,1.000,22.3438,23.7382
ROI_035/patch_23,own,16–32,1,19256,0.000,1.000,21.7030,23.0623
ROI_035/patch_23,own,32–64,1,73148,0.000,1.000,22.1085,23.4779
ROI_035/patch_23,own,64–128,1,233477,0.000,1.000,25.0767,26.4559
ROI_035/patch_23,own,≥128,1,1764841,0.000,1.000,32.9808,34.4361
ROI_035/patch_24,nearest,0–16,1,6431,0.000,1.000,33.6415,34.4271
ROI_035/patch_24,nearest,16–32,1,18266,0.000,1.000,33.6914,34.4670
ROI_035/patch_24,nearest,32–64,1,65288,0.000,1.000,35.6169,36.3938
ROI_035/patch_24,nearest,64–128,1,127299,0.000,1.000,38.4687,39.1972
ROI_035/patch_24,nearest,≥128,1,44860,0.000,1.000,70.3592,71.0518
ROI_035/patch_24,own,0–16,1,6431,0.000,1.000,33.6016,34.3843
ROI_035/patch_24,own,16–32,1,19128,0.000,1.000,33.4335,34.2099
ROI_035/patch_24,own,32–64,1,73055,0.000,1.000,35.2863,36.0603
ROI_035/patch_24,own,64–128,1,258897,0.000,1.000,34.3266,35.1027
ROI_035/patch_24,own,≥128,1,1739641,0.000,1.000,39.3310,40.0829
ROI_035/patch_25,nearest,0–16,1,6419,0.000,1.000,22.3441,23.0628
ROI_035/patch_25,nearest,16–32,1,18615,0.000,1.000,22.3254,23.0510
ROI_035/patch_25,nearest,32–64,1,67553,0.000,1.000,22.8737,23.6859
ROI_035/patch_25,nearest,64–128,1,140585,0.000,1.000,22.9466,24.0937
ROI_035/patch_25,nearest,≥128,1,28972,0.000,1.000,33.5559,35.1370
ROI_035/patch_25,own,0–16,1,6419,0.000,1.000,22.3146,23.0320
ROI_035/patch_25,own,16–32,1,18615,0.000,1.000,22.2534,22.9842
ROI_035/patch_25,own,32–64,1,67932,0.000,1.000,23.3917,24.2168
ROI_035/patch_25,own,64–128,1,226415,0.000,1.000,23.3161,24.4038
ROI_035/patch_25,own,≥128,1,1777771,0.000,1.000,26.4512,27.5124
ROI_035/patch_26,nearest,0–16,1,6265,0.000,1.000,24.4310,25.4682
ROI_035/patch_26,nearest,16–32,1,18350,0.000,1.000,24.4322,25.4737
ROI_035/patch_26,nearest,32–64,1,70441,0.000,1.000,25.3041,26.3674
ROI_035/patch_26,nearest,64–128,1,133888,0.000,1.000,25.7520,26.7831
ROI_035/patch_26,nearest,≥128,1,33200,0.000,1.000,28.1687,29.2706
ROI_035/patch_26,own,0–16,1,6265,0.000,1.000,24.4538,25.4933
ROI_035/patch_26,own,16–32,1,18350,0.000,1.000,24.4712,25.5109
ROI_035/patch_26,own,32–64,1,70545,0.000,1.000,25.0699,26.1181
ROI_035/patch_26,own,64–128,1,235134,0.000,1.000,24.9139,26.0103
ROI_035/patch_26,own,≥128,1,1766858,0.000,1.000,25.9161,26.9826
ROI_035/patch_27,nearest,0–16,1,6173,0.000,1.000,15.1897,16.4722
ROI_035/patch_27,nearest,16–32,1,18243,0.000,1.000,14.9982,16.2876
ROI_035/patch_27,nearest,32–64,1,61961,0.000,1.000,14.1796,15.4542
ROI_035/patch_27,nearest,64–128,1,84404,0.000,1.000,14.5482,15.8057
ROI_035/patch_27,nearest,≥128,1,91363,0.000,1.000,12.8001,14.3764
ROI_035/patch_27,own,0–16,1,6173,0.000,1.000,15.1470,16.4271
ROI_035/patch_27,own,16–32,1,18243,0.000,1.000,15.0986,16.3932
ROI_035/patch_27,own,32–64,1,67448,0.000,1.000,14.4750,15.7479
ROI_035/patch_27,own,64–128,1,231804,0.000,1.000,15.0367,16.2875
ROI_035/patch_27,own,≥128,1,1773484,0.000,1.000,16.4806,17.7437
ROI_035/patch_28,nearest,0–16,1,6447,0.000,1.000,17.7266,19.3814
ROI_035/patch_28,nearest,16–32,1,19297,0.000,1.000,17.4881,19.1467
ROI_035/patch_28,nearest,32–64,1,67852,0.000,1.000,17.8117,19.4577
ROI_035/patch_28,nearest,64–128,1,129531,0.000,1.000,17.8787,19.4226
ROI_035/patch_28,nearest,≥128,1,39017,0.000,1.000,55.0075,56.5082
ROI_035/patch_28,own,0–16,1,6447,0.000,1.000,17.6910,19.3462
ROI_035/patch_28,own,16–32,1,19297,0.000,1.000,17.7250,19.3901
ROI_035/patch_28,own,32–64,1,73244,0.000,1.000,17.9788,19.6645
ROI_035/patch_28,own,64–128,1,251826,0.000,1.000,17.5671,19.2422
ROI_035/patch_28,own,≥128,1,1746338,0.000,1.000,21.2044,22.8784
ROI_035/patch_29,nearest,0–16,1,6383,0.000,1.000,10.7027,12.1755
ROI_035/patch_29,nearest,16–32,1,17647,0.000,1.000,10.6568,12.1454
ROI_035/patch_29,nearest,32–64,1,63172,0.000,1.000,10.5947,12.1117
ROI_035/patch_29,nearest,64–128,1,130172,0.000,1.000,14.4886,16.2469
ROI_035/patch_29,nearest,≥128,1,44770,0.000,1.000,80.4056,83.8887
ROI_035/patch_29,own,0–16,1,6383,0.000,1.000,10.7437,12.2160
ROI_035/patch_29,own,16–32,1,17647,0.000,1.000,10.6264,12.1204
ROI_035/patch_29,own,32–64,1,66350,0.000,1.000,10.6216,12.1550
ROI_035/patch_29,own,64–128,1,235660,0.000,1.000,11.6845,13.2885
ROI_035/patch_29,own,≥128,1,1771112,0.000,1.000,10.9587,12.5752
ROI_035/patch_30,nearest,0–16,1,6431,0.000,1.000,32.2722,33.1346
ROI_035/patch_30,nearest,16–32,1,19093,0.000,1.000,32.7013,33.5583
ROI_035/patch_30,nearest,32–64,1,69505,0.000,1.000,32.2808,33.1654
ROI_035/patch_30,nearest,64–128,1,113246,0.000,1.000,44.7184,45.5675
ROI_035/patch_30,nearest,≥128,1,53869,0.000,1.000,75.0369,75.8481
ROI_035/patch_30,own,0–16,1,6431,0.000,1.000,32.4834,33.3442
ROI_035/patch_30,own,16–32,1,19093,0.000,1.000,32.5792,33.4399
ROI_035/patch_30,own,32–64,1,71219,0.000,1.000,33.8683,34.7394
ROI_035/patch_30,own,64–128,1,247906,0.000,1.000,38.6148,39.4706
ROI_035/patch_30,own,≥128,1,1752503,0.000,1.000,49.5223,50.3973
ROI_035/patch_31,nearest,0–16,1,6260,0.000,1.000,15.4232,16.4428
ROI_035/patch_31,nearest,16–32,1,18350,0.000,1.000,21.8251,22.8804
ROI_035/patch_31,nearest,32–64,1,66131,0.000,1.000,32.7937,33.9705
ROI_035/patch_31,nearest,64–128,1,131254,0.000,1.000,28.0697,29.2872
ROI_035/patch_31,nearest,≥128,1,40149,0.000,1.000,138.8982,141.1548
ROI_035/patch_31,own,0–16,1,6260,0.000,1.000,15.5144,16.5314
ROI_035/patch_31,own,16–32,1,18350,0.000,1.000,20.1108,21.1467
ROI_035/patch_31,own,32–64,1,67976,0.000,1.000,33.7291,34.9054
ROI_035/patch_31,own,64–128,1,225861,0.000,1.000,25.4615,26.7284
ROI_035/patch_31,own,≥128,1,1778705,0.000,1.000,36.0988,37.7790
ROI_035/patch_32,nearest,0–16,1,6416,0.000,1.000,68.1607,69.4508
ROI_035/patch_32,nearest,16–32,1,18427,0.000,1.000,67.9238,69.2075
ROI_035/patch_32,nearest,32–64,1,65642,0.000,1.000,66.8833,68.1740
ROI_035/patch_32,nearest,64–128,1,115305,0.000,1.000,66.5773,67.8860
ROI_035/patch_32,nearest,≥128,1,56354,0.000,1.000,85.4096,86.7375
ROI_035/patch_32,own,0–16,1,6416,0.000,1.000,68.0425,69.3315
ROI_035/patch_32,own,16–32,1,18427,0.000,1.000,68.1214,69.4070
ROI_035/patch_32,own,32–64,1,67011,0.000,1.000,67.3030,68.5904
ROI_035/patch_32,own,64–128,1,232521,0.000,1.000,67.7156,69.0164
ROI_035/patch_32,own,≥128,1,1772777,0.000,1.000,78.0009,79.2878
ROI_035/patch_33,nearest,0–16,1,6427,0.000,1.000,14.5113,16.5330
ROI_035/patch_33,nearest,16–32,1,18553,0.000,1.000,14.3922,16.4143
ROI_035/patch_33,nearest,32–64,1,66888,0.000,1.000,14.1493,16.1724
ROI_035/patch_33,nearest,64–128,1,127323,0.000,1.000,17.8274,19.9058
ROI_035/patch_33,nearest,≥128,1,42953,0.000,1.000,54.7171,58.0006
ROI_035/patch_33,own,0–16,1,6427,0.000,1.000,14.5788,16.6049
ROI_035/patch_33,own,16–32,1,18553,0.000,1.000,14.3571,16.3789
ROI_035/patch_33,own,32–64,1,68501,0.000,1.000,14.4198,16.4454
ROI_035/patch_33,own,64–128,1,246748,0.000,1.000,16.3260,18.3770
ROI_035/patch_33,own,≥128,1,1756923,0.000,1.000,21.5488,23.7175
ROI_035/patch_34,nearest,0–16,1,6429,0.000,1.000,6.6410,6.8221
ROI_035/patch_34,nearest,16–32,1,19067,0.000,1.000,8.0046,8.1906
ROI_035/patch_34,nearest,32–64,1,71742,0.000,1.000,11.7677,11.9459
ROI_035/patch_34,nearest,64–128,1,145104,0.000,1.000,8.5759,8.7106
ROI_035/patch_34,nearest,≥128,1,19802,0.000,1.000,25.5635,25.8205
ROI_035/patch_34,own,0–16,1,6429,0.000,1.000,6.6082,6.7897
ROI_035/patch_34,own,16–32,1,19067,0.000,1.000,8.3344,8.5257
ROI_035/patch_34,own,32–64,1,71742,0.000,1.000,11.6770,11.8547
ROI_035/patch_34,own,64–128,1,225474,0.000,1.000,8.9073,9.0377
ROI_035/patch_34,own,≥128,1,1774440,0.000,1.000,11.1584,11.3263
ROI_035/patch_35,nearest,0–16,1,6161,0.000,1.000,6.7253,8.0116
ROI_035/patch_35,nearest,16–32,1,18219,0.000,1.000,6.8086,8.0662
ROI_035/patch_35,nearest,32–64,1,70152,0.000,1.000,13.7740,15.0331
ROI_035/patch_35,nearest,64–128,1,125426,0.000,1.000,9.9020,11.1029
ROI_035/patch_35,nearest,≥128,1,42186,0.000,1.000,10.0719,11.1101
ROI_035/patch_35,own,0–16,1,6161,0.000,1.000,6.7124,8.0033
ROI_035/patch_35,own,16–32,1,18219,0.000,1.000,6.7537,8.0170
ROI_035/patch_35,own,32–64,1,70614,0.000,1.000,12.9326,14.1830
ROI_035/patch_35,own,64–128,1,233221,0.000,1.000,9.8235,11.1202
ROI_035/patch_35,own,≥128,1,1768937,0.000,1.000,10.4573,11.6558
ROI_035/patch_36,nearest,0–16,1,6349,0.000,1.000,3.0599,4.0484
ROI_035/patch_36,nearest,16–32,1,18493,0.000,1.000,3.0439,4.0398
ROI_035/patch_36,nearest,32–64,1,67233,0.000,1.000,4.4043,5.3510
ROI_035/patch_36,nearest,64–128,1,139045,0.000,1.000,8.2505,9.0404
ROI_035/patch_36,nearest,≥128,1,31024,0.000,1.000,5.2944,5.9878
ROI_035/patch_36,own,0–16,1,6349,0.000,1.000,3.0575,4.0506
ROI_035/patch_36,own,16–32,1,18493,0.000,1.000,3.0403,4.0201
ROI_035/patch_36,own,32–64,1,70447,0.000,1.000,4.2046,5.1414
ROI_035/patch_36,own,64–128,1,229863,0.000,1.000,5.8511,6.7266
ROI_035/patch_36,own,≥128,1,1772000,0.000,1.000,7.3929,8.2500
ROI_035/patch_37,nearest,0–16,1,7226,0.000,1.000,79.1666,80.9893
ROI_035/patch_37,nearest,16–32,1,21430,0.000,1.000,79.1161,80.9474
ROI_035/patch_37,nearest,32–64,1,72728,0.000,1.000,80.1051,81.9912
ROI_035/patch_37,nearest,64–128,1,130296,0.000,1.000,91.4973,93.4635
ROI_035/patch_37,nearest,≥128,1,30464,0.000,1.000,98.8438,101.2371
ROI_035/patch_37,own,0–16,1,7226,0.000,1.000,79.3295,81.1545
ROI_035/patch_37,own,16–32,1,21430,0.000,1.000,79.2228,81.0554
ROI_035/patch_37,own,32–64,1,78617,0.000,1.000,80.4962,82.3649
ROI_035/patch_37,own,64–128,1,284364,0.000,1.000,88.1100,90.0166
ROI_035/patch_37,own,≥128,1,1967659,0.000,1.000,96.1356,98.0981
ROI_035/patch_38,nearest,0–16,1,6248,0.000,1.000,5.3434,6.9108
ROI_035/patch_38,nearest,16–32,1,17766,0.000,1.000,7.7814,9.3002
ROI_035/patch_38,nearest,32–64,1,62612,0.000,1.000,6.4911,8.0882
ROI_035/patch_38,nearest,64–128,1,134484,0.000,1.000,9.0641,10.7089
ROI_035/patch_38,nearest,≥128,1,41034,0.000,1.000,26.3295,27.9035
ROI_035/patch_38,own,0–16,1,6248,0.000,1.000,5.3573,6.9233
ROI_035/patch_38,own,16–32,1,17766,0.000,1.000,7.7961,9.3205
ROI_035/patch_38,own,32–64,1,62938,0.000,1.000,7.3649,8.9705
ROI_035/patch_38,own,64–128,1,229267,0.000,1.000,9.9018,11.5893
ROI_035/patch_38,own,≥128,1,1780933,0.000,1.000,9.3724,10.9799
ROI_035/patch_39,nearest,0–16,1,6443,0.000,1.000,14.7832,15.4596
ROI_035/patch_39,nearest,16–32,1,19200,0.000,1.000,14.4652,15.1436
ROI_035/patch_39,nearest,32–64,1,70947,0.000,1.000,14.3398,15.0427
ROI_035/patch_39,nearest,64–128,1,147189,0.000,1.000,31.0446,31.7526
ROI_035/patch_39,nearest,≥128,1,18365,0.000,1.000,113.1171,113.8543
ROI_035/patch_39,own,0–16,1,6443,0.000,1.000,14.7580,15.4307
ROI_035/patch_39,own,16–32,1,19200,0.000,1.000,14.6273,15.3054
ROI_035/patch_39,own,32–64,1,72234,0.000,1.000,14.2726,14.9807
ROI_035/patch_39,own,64–128,1,259211,0.000,1.000,25.4651,26.1399
ROI_035/patch_39,own,≥128,1,1740064,0.000,1.000,27.8193,28.5511
ROI_035/patch_40,nearest,0–16,1,7066,0.000,1.000,86.1484,87.7734
ROI_035/patch_40,nearest,16–32,1,19868,0.000,1.000,86.3206,87.9378
ROI_035/patch_40,nearest,32–64,1,63225,0.000,1.000,86.8549,88.5364
ROI_035/patch_40,nearest,64–128,1,120312,0.000,1.000,89.2653,91.1263
ROI_035/patch_40,nearest,≥128,1,51673,0.000,1.000,125.0167,126.9963
ROI_035/patch_40,own,0–16,1,7066,0.000,1.000,85.7920,87.4220
ROI_035/patch_40,own,16–32,1,19868,0.000,1.000,86.4209,88.0457
ROI_035/patch_40,own,32–64,1,68144,0.000,1.000,86.5476,88.2318
ROI_035/patch_40,own,64–128,1,225658,0.000,1.000,86.6966,88.5429
ROI_035/patch_40,own,≥128,1,2038560,0.000,1.000,96.9214,98.7356
ROI_035/patch_41,nearest,0–16,1,6444,0.000,1.000,6.5034,7.0288
ROI_035/patch_41,nearest,16–32,1,19277,0.000,1.000,6.3021,6.8402
ROI_035/patch_41,nearest,32–64,1,69558,0.000,1.000,6.3114,6.8728
ROI_035/patch_41,nearest,64–128,1,142470,0.000,1.000,7.6734,8.1984
ROI_035/patch_41,nearest,≥128,1,24395,0.000,1.000,18.4141,18.8822
ROI_035/patch_41,own,0–16,1,6444,0.000,1.000,6.4850,7.0123
ROI_035/patch_41,own,16–32,1,19277,0.000,1.000,6.5434,7.0730
ROI_035/patch_41,own,32–64,1,70870,0.000,1.000,6.5435,7.0948
ROI_035/patch_41,own,64–128,1,226237,0.000,1.000,7.6370,8.1732
ROI_035/patch_41,own,≥128,1,1774324,0.000,1.000,7.5449,8.0810
ROI_035/patch_42,nearest,0–16,1,6420,0.000,1.000,12.4594,14.3288
ROI_035/patch_42,nearest,16–32,1,18618,0.000,1.000,12.1712,14.0373
ROI_035/patch_42,nearest,32–64,1,69500,0.000,1.000,12.1104,13.9904
ROI_035/patch_42,nearest,64–128,1,133700,0.000,1.000,14.5280,16.6031
ROI_035/patch_42,nearest,≥128,1,33906,0.000,1.000,22.4658,25.3027
ROI_035/patch_42,own,0–16,1,6420,0.000,1.000,12.4342,14.2971
ROI_035/patch_42,own,16–32,1,18618,0.000,1.000,11.9200,13.7827
ROI_035/patch_42,own,32–64,1,70640,0.000,1.000,11.9848,13.8706
ROI_035/patch_42,own,64–128,1,229602,0.000,1.000,13.7309,15.7578
ROI_035/patch_42,own,≥128,1,1771872,0.000,1.000,14.1696,16.1427
ROI_035/patch_43,nearest,0–16,1,6433,0.000,1.000,18.1510,20.3228
ROI_035/patch_43,nearest,16–32,1,18663,0.000,1.000,18.2410,20.3866
ROI_035/patch_43,nearest,32–64,1,62751,0.000,1.000,18.5272,20.6052
ROI_035/patch_43,nearest,64–128,1,123983,0.000,1.000,32.9806,35.0292
ROI_035/patch_43,nearest,≥128,1,50314,0.000,1.000,35.9613,37.9514
ROI_035/patch_43,own,0–16,1,6433,0.000,1.000,18.1553,20.3378
ROI_035/patch_43,own,16–32,1,18663,0.000,1.000,18.0042,20.1636
ROI_035/patch_43,own,32–64,1,69162,0.000,1.000,18.5381,20.6426
ROI_035/patch_43,own,64–128,1,233511,0.000,1.000,30.1609,32.2558
ROI_035/patch_43,own,≥128,1,1769383,0.000,1.000,31.5861,33.6056
ROI_035/patch_44,nearest,0–16,1,6333,0.000,1.000,16.6283,17.1198
ROI_035/patch_44,nearest,16–32,1,18436,0.000,1.000,16.7271,17.2157
ROI_035/patch_44,nearest,32–64,1,70896,0.000,1.000,16.8825,17.3770
ROI_035/patch_44,nearest,64–128,1,136120,0.000,1.000,17.3412,17.8212
ROI_035/patch_44,nearest,≥128,1,30359,0.000,1.000,20.3377,20.9088
ROI_035/patch_44,own,0–16,1,6333,0.000,1.000,16.7105,17.1997
ROI_035/patch_44,own,16–32,1,18436,0.000,1.000,16.6941,17.1866
ROI_035/patch_44,own,32–64,1,70896,0.000,1.000,17.0771,17.5734
ROI_035/patch_44,own,64–128,1,249004,0.000,1.000,16.8716,17.3539
ROI_035/patch_44,own,≥128,1,1752483,0.000,1.000,18.1574,18.6516
ROI_035/patch_45,nearest,0–16,1,6124,0.000,1.000,25.7993,27.6257
ROI_035/patch_45,nearest,16–32,1,18184,0.000,1.000,25.7028,27.5398
ROI_035/patch_45,nearest,32–64,1,69748,0.000,1.000,25.9445,27.7541
ROI_035/patch_45,nearest,64–128,1,139462,0.000,1.000,25.1845,27.0253
ROI_035/patch_45,nearest,≥128,1,28626,0.000,1.000,37.3561,39.3041
ROI_035/patch_45,own,0–16,1,6124,0.000,1.000,25.7294,27.5495
ROI_035/patch_45,own,16–32,1,18184,0.000,1.000,25.7812,27.6218
ROI_035/patch_45,own,32–64,1,70246,0.000,1.000,25.8770,27.6876
ROI_035/patch_45,own,64–128,1,244330,0.000,1.000,26.0484,27.8906
ROI_035/patch_45,own,≥128,1,1758268,0.000,1.000,25.7953,27.6759
ROI_035/patch_46,nearest,0–16,1,6264,0.000,1.000,18.6881,20.2932
ROI_035/patch_46,nearest,16–32,1,17990,0.000,1.000,18.8263,20.4193
ROI_035/patch_46,nearest,32–64,1,64165,0.000,1.000,19.0936,20.7270
ROI_035/patch_46,nearest,64–128,1,132328,0.000,1.000,19.9037,21.5923
ROI_035/patch_46,nearest,≥128,1,41397,0.000,1.000,27.0172,28.8224
ROI_035/patch_46,own,0–16,1,6264,0.000,1.000,18.6437,20.2442
ROI_035/patch_46,own,16–32,1,17990,0.000,1.000,18.8476,20.4427
ROI_035/patch_46,own,32–64,1,67647,0.000,1.000,19.2183,20.8606
ROI_035/patch_46,own,64–128,1,234157,0.000,1.000,18.9985,20.5817
ROI_035/patch_46,own,≥128,1,1771094,0.000,1.000,21.2903,22.8786
ROI_035/patch_47,nearest,0–16,1,6438,0.000,1.000,35.6322,37.1411
ROI_035/patch_47,nearest,16–32,1,19178,0.000,1.000,35.2754,36.7688
ROI_035/patch_47,nearest,32–64,1,64841,0.000,1.000,38.2662,39.6444
ROI_035/patch_47,nearest,64–128,1,123005,0.000,1.000,39.1438,40.3333
ROI_035/patch_47,nearest,≥128,1,48682,0.000,1.000,89.1899,90.0952
ROI_035/patch_47,own,0–16,1,6438,0.000,1.000,35.6383,37.1469
ROI_035/patch_47,own,16–32,1,19178,0.000,1.000,35.2459,36.7491
ROI_035/patch_47,own,32–64,1,68456,0.000,1.000,40.9661,42.3203
ROI_035/patch_47,own,64–128,1,228197,0.000,1.000,39.3482,40.6171
ROI_035/patch_47,own,≥128,1,1774883,0.000,1.000,39.6517,40.7425
ROI_035/patch_48,nearest,0–16,1,6435,0.000,1.000,5.6092,8.0762
ROI_035/patch_48,nearest,16–32,1,19150,0.000,1.000,5.4830,7.9385
ROI_035/patch_48,nearest,32–64,1,70323,0.000,1.000,5.5619,8.0298
ROI_035/patch_48,nearest,64–128,1,93215,0.000,1.000,7.0717,9.5224
ROI_035/patch_48,nearest,≥128,1,73021,0.000,1.000,39.9346,42.6080
ROI_035/patch_48,own,0–16,1,6435,0.000,1.000,5.6304,8.0985
ROI_035/patch_48,own,16–32,1,19150,0.000,1.000,5.5416,7.9939
ROI_035/patch_48,own,32–64,1,72854,0.000,1.000,5.6258,8.0790
ROI_035/patch_48,own,64–128,1,243530,0.000,1.000,6.3295,8.7719
ROI_035/patch_48,own,≥128,1,1755183,0.000,1.000,11.6220,14.0754
ROI_035/patch_49,nearest,0–16,1,6431,0.000,1.000,6.7632,8.5214
ROI_035/patch_49,nearest,16–32,1,18967,0.000,1.000,16.8761,18.7936
ROI_035/patch_49,nearest,32–64,1,66812,0.000,1.000,45.8167,47.8776
ROI_035/patch_49,nearest,64–128,1,132332,0.000,1.000,32.8377,34.6900
ROI_035/patch_49,nearest,≥128,1,37602,0.000,1.000,111.1906,112.9461
ROI_035/patch_49,own,0–16,1,6431,0.000,1.000,6.7395,8.4951
ROI_035/patch_49,own,16–32,1,18967,0.000,1.000,18.4966,20.4452
ROI_035/patch_49,own,32–64,1,66840,0.000,1.000,42.2476,44.2296
ROI_035/patch_49,own,64–128,1,232777,0.000,1.000,30.3272,32.1755
ROI_035/patch_49,own,≥128,1,1772137,0.000,1.000,57.5377,59.3842
ROI_035/patch_50,nearest,0–16,1,6436,0.000,1.000,8.4446,11.5221
ROI_035/patch_50,nearest,16–32,1,18721,0.000,1.000,8.4583,11.5565
ROI_035/patch_50,nearest,32–64,1,58296,0.000,1.000,9.1691,12.2517
ROI_035/patch_50,nearest,64–128,1,123767,0.000,1.000,9.9558,13.0602
ROI_035/patch_50,nearest,≥128,1,54924,0.000,1.000,12.5314,15.6278
ROI_035/patch_50,own,0–16,1,6436,0.000,1.000,8.4163,11.4943
ROI_035/patch_50,own,16–32,1,18721,0.000,1.000,8.4308,11.5297
ROI_035/patch_50,own,32–64,1,64692,0.000,1.000,9.6524,12.7178
ROI_035/patch_50,own,64–128,1,220824,0.000,1.000,9.3308,12.3954
ROI_035/patch_50,own,≥128,1,1786479,0.000,1.000,10.7839,13.8591
ROI_035/patch_51,nearest,0–16,1,6430,0.000,1.000,10.8717,11.7223
ROI_035/patch_51,nearest,16–32,1,19296,0.000,1.000,10.8379,11.6850
ROI_035/patch_51,nearest,32–64,1,71548,0.000,1.000,10.8539,11.6883
ROI_035/patch_51,nearest,64–128,1,135719,0.000,1.000,26.5723,27.4284
ROI_035/patch_51,nearest,≥128,1,29151,0.000,1.000,51.4202,52.2312
ROI_035/patch_51,own,0–16,1,6430,0.000,1.000,10.8628,11.7104
ROI_035/patch_51,own,16–32,1,19296,0.000,1.000,10.8369,11.6842
ROI_035/patch_51,own,32–64,1,71913,0.000,1.000,10.7838,11.6258
ROI_035/patch_51,own,64–128,1,245489,0.000,1.000,18.9019,19.7423
ROI_035/patch_51,own,≥128,1,1754024,0.000,1.000,19.0142,19.8752
ROI_035/patch_52,nearest,0–16,1,6310,0.000,1.000,10.3624,11.4369
ROI_035/patch_52,nearest,16–32,1,18399,0.000,1.000,10.0881,11.1925
ROI_035/patch_52,nearest,32–64,1,69160,0.000,1.000,17.6575,18.7868
ROI_035/patch_52,nearest,64–128,1,132612,0.000,1.000,29.0417,30.2658
ROI_035/patch_52,nearest,≥128,1,35663,0.000,1.000,128.6032,130.9016
ROI_035/patch_52,own,0–16,1,6310,0.000,1.000,10.3709,11.4425
ROI_035/patch_52,own,16–32,1,18399,0.000,1.000,10.0863,11.1773
ROI_035/patch_52,own,32–64,1,69721,0.000,1.000,14.3961,15.5349
ROI_035/patch_52,own,64–128,1,235224,0.000,1.000,21.2611,22.5894
ROI_035/patch_52,own,≥128,1,1767498,0.000,1.000,27.7110,29.4052
ROI_035/patch_53,nearest,0–16,1,6251,0.000,1.000,8.2431,9.0337
ROI_035/patch_53,nearest,16–32,1,18324,0.000,1.000,12.2134,12.9694
ROI_035/patch_53,nearest,32–64,1,64556,0.000,1.000,52.1297,52.6619
ROI_035/patch_53,nearest,64–128,1,110477,0.000,1.000,99.4964,99.9406
ROI_035/patch_53,nearest,≥128,1,62536,0.000,1.000,161.6917,162.2059
ROI_035/patch_53,own,0–16,1,6251,0.000,1.000,8.2131,8.9983
ROI_035/patch_53,own,16–32,1,18324,0.000,1.000,11.9444,12.6663
ROI_035/patch_53,own,32–64,1,72831,0.000,1.000,38.7447,39.3493
ROI_035/patch_53,own,64–128,1,262997,0.000,1.000,90.7959,91.2127
ROI_035/patch_53,own,≥128,1,1736749,0.000,1.000,95.4575,95.9104
ROI_035/patch_54,nearest,0–16,1,6391,0.000,1.000,10.2795,11.4889
ROI_035/patch_54,nearest,16–32,1,18523,0.000,1.000,11.6283,12.7830
ROI_035/patch_54,nearest,32–64,1,65491,0.000,1.000,11.0049,12.1657
ROI_035/patch_54,nearest,64–128,1,124843,0.000,1.000,10.1711,11.3170
ROI_035/patch_54,nearest,≥128,1,46896,0.000,1.000,23.2430,24.2341
ROI_035/patch_54,own,0–16,1,6391,0.000,1.000,10.2824,11.4905
ROI_035/patch_54,own,16–32,1,18523,0.000,1.000,12.2589,13.4231
ROI_035/patch_54,own,32–64,1,68334,0.000,1.000,10.9597,12.1305
ROI_035/patch_54,own,64–128,1,235911,0.000,1.000,9.8335,10.9907
ROI_035/patch_54,own,≥128,1,1767993,0.000,1.000,12.4173,13.5204
ROI_035/patch_55,nearest,0–16,1,6440,0.000,1.000,7.1020,7.4436
ROI_035/patch_55,nearest,16–32,1,19301,0.000,1.000,7.2966,7.6348
ROI_035/patch_55,nearest,32–64,1,68839,0.000,1.000,12.3615,12.6782
ROI_035/patch_55,nearest,64–128,1,129045,0.000,1.000,45.0422,45.5902
ROI_035/patch_55,nearest,≥128,1,38519,0.000,1.000,195.9564,196.4801
ROI_035/patch_55,own,0–16,1,6440,0.000,1.000,7.0593,7.3991
ROI_035/patch_55,own,16–32,1,19301,0.000,1.000,7.1199,7.4566
ROI_035/patch_55,own,32–64,1,74097,0.000,1.000,14.2210,14.5151
ROI_035/patch_55,own,64–128,1,241218,0.000,1.000,51.0826,51.5779
ROI_035/patch_55,own,≥128,1,1756096,0.000,1.000,41.6264,42.1170
ROI_035/patch_56,nearest,0–16,1,6415,0.000,1.000,15.0361,16.2225
ROI_035/patch_56,nearest,16–32,1,18559,0.000,1.000,15.4159,16.5957
ROI_035/patch_56,nearest,32–64,1,69882,0.000,1.000,14.7162,15.8645
ROI_035/patch_56,nearest,64–128,1,145073,0.000,1.000,27.4030,28.4319
ROI_035/patch_56,nearest,≥128,1,22215,0.000,1.000,74.1761,75.0947
ROI_035/patch_56,own,0–16,1,6415,0.000,1.000,15.0209,16.2052
ROI_035/patch_56,own,16–32,1,18559,0.000,1.000,15.2238,16.4006
ROI_035/patch_56,own,32–64,1,69882,0.000,1.000,14.9284,16.0466
ROI_035/patch_56,own,64–128,1,241781,0.000,1.000,31.3021,32.2944
ROI_035/patch_56,own,≥128,1,1760515,0.000,1.000,37.6716,38.5826
ROI_035/patch_57,nearest,0–16,1,6435,0.000,1.000,7.5865,7.9695
ROI_035/patch_57,nearest,16–32,1,19301,0.000,1.000,7.6046,7.9829
ROI_035/patch_57,nearest,32–64,1,70002,0.000,1.000,7.6514,8.0164
ROI_035/patch_57,nearest,64–128,1,129759,0.000,1.000,23.0796,23.4476
ROI_035/patch_57,nearest,≥128,1,36647,0.250,1.000,487.9901,488.4857
ROI_035/patch_57,own,0–16,1,6435,0.000,1.000,7.5988,7.9776
ROI_035/patch_57,own,16–32,1,19301,0.000,1.000,7.6173,7.9902
ROI_035/patch_57,own,32–64,1,73939,0.000,1.000,7.5898,7.9534
ROI_035/patch_57,own,64–128,1,268643,0.000,1.000,13.0484,13.3970
ROI_035/patch_57,own,≥128,1,1728834,0.000,1.000,85.2211,85.6111
ROI_035/patch_58,nearest,0–16,1,6432,0.000,1.000,17.4806,18.4339
ROI_035/patch_58,nearest,16–32,1,19301,0.000,1.000,19.4201,20.3456
ROI_035/patch_58,nearest,32–64,1,71057,0.000,1.000,25.2919,26.2093
ROI_035/patch_58,nearest,64–128,1,121409,0.000,1.000,23.1883,24.2062
ROI_035/patch_58,nearest,≥128,1,43945,0.000,1.000,20.5702,21.5172
ROI_035/patch_58,own,0–16,1,6432,0.000,1.000,17.4819,18.4377
ROI_035/patch_58,own,16–32,1,19301,0.000,1.000,19.6258,20.5471
ROI_035/patch_58,own,32–64,1,73707,0.000,1.000,26.3660,27.2745
ROI_035/patch_58,own,64–128,1,233954,0.000,1.000,21.8903,22.8546
ROI_035/patch_58,own,≥128,1,1763758,0.000,1.000,26.6162,27.5813
ROI_035/patch_59,nearest,0–16,1,6433,0.000,1.000,9.2882,10.4620
ROI_035/patch_59,nearest,16–32,1,19294,0.000,1.000,13.6568,14.7567
ROI_035/patch_59,nearest,32–64,1,68405,0.000,1.000,15.8315,16.9145
ROI_035/patch_59,nearest,64–128,1,131309,0.000,1.000,24.6407,25.6617
ROI_035/patch_59,nearest,≥128,1,36703,0.000,1.000,273.3718,274.4555
ROI_035/patch_59,own,0–16,1,6433,0.000,1.000,9.4271,10.5919
ROI_035/patch_59,own,16–32,1,19294,0.000,1.000,14.7018,15.8183
ROI_035/patch_59,own,32–64,1,73906,0.000,1.000,13.4705,14.5682
ROI_035/patch_59,own,64–128,1,257229,0.000,1.000,16.4998,17.5412
ROI_035/patch_59,own,≥128,1,1740290,0.000,1.000,41.7603,42.7948
ROI_035/patch_60,nearest,0–16,1,6329,0.000,1.000,29.9181,30.8697
ROI_035/patch_60,nearest,16–32,1,18152,0.000,1.000,31.0971,32.0299
ROI_035/patch_60,nearest,32–64,1,65466,0.000,1.000,46.6729,47.5666
ROI_035/patch_60,nearest,64–128,1,129632,0.000,1.000,47.2798,48.1966
ROI_035/patch_60,nearest,≥128,1,42565,0.000,1.000,170.6074,171.6324
ROI_035/patch_60,own,0–16,1,6329,0.000,1.000,29.8437,30.7949
ROI_035/patch_60,own,16–32,1,18152,0.000,1.000,31.2818,32.2166
ROI_035/patch_60,own,32–64,1,67699,0.000,1.000,49.3312,50.2304
ROI_035/patch_60,own,64–128,1,242033,0.000,1.000,51.4773,52.4102
ROI_035/patch_60,own,≥128,1,1762939,0.000,1.000,84.6954,85.6474
ROI_035/patch_62,nearest,0–16,1,6435,0.000,1.000,18.9368,19.9210
ROI_035/patch_62,nearest,16–32,1,18588,0.000,1.000,19.9969,20.9649
ROI_035/patch_62,nearest,32–64,1,62825,0.000,1.000,29.9609,30.9829
ROI_035/patch_62,nearest,64–128,1,118334,0.000,1.000,54.5855,55.9063
ROI_035/patch_62,nearest,≥128,1,55962,0.000,1.000,444.6984,447.0267
ROI_035/patch_62,own,0–16,1,6435,0.000,1.000,18.9344,19.9173
ROI_035/patch_62,own,16–32,1,18588,0.000,1.000,19.8798,20.8452
ROI_035/patch_62,own,32–64,1,65585,0.000,1.000,27.2041,28.2326
ROI_035/patch_62,own,64–128,1,210546,0.000,1.000,28.1007,29.2438
ROI_035/patch_62,own,≥128,1,1795998,0.000,1.000,40.5495,41.8332
ROI_035/patch_63,nearest,0–16,1,6297,0.000,1.000,27.1326,27.9274
ROI_035/patch_63,nearest,16–32,1,16988,0.000,1.000,26.6350,27.4730
ROI_035/patch_63,nearest,32–64,1,64186,0.000,1.000,25.0422,26.0687
ROI_035/patch_63,nearest,64–128,1,147820,0.000,1.000,32.2963,33.5712
ROI_035/patch_63,nearest,≥128,1,26853,0.000,1.000,505.4211,509.7548
ROI_035/patch_63,own,0–16,1,6297,0.000,1.000,27.0747,27.8627
ROI_035/patch_63,own,16–32,1,16988,0.000,1.000,26.6264,27.4609
ROI_035/patch_63,own,32–64,1,64186,0.000,1.000,25.1513,26.1427
ROI_035/patch_63,own,64–128,1,219508,0.000,1.000,29.6165,30.7600
ROI_035/patch_63,own,≥128,1,1790173,0.000,1.000,30.7058,31.8239
ROI_035/patch_64,nearest,0–16,1,6436,0.000,1.000,5.8775,8.0170
ROI_035/patch_64,nearest,16–32,1,19038,0.000,1.000,6.2391,8.4002
ROI_035/patch_64,nearest,32–64,1,62516,0.000,1.000,13.7321,15.9292
ROI_035/patch_64,nearest,64–128,1,118144,0.000,1.000,109.1946,111.6840
ROI_035/patch_64,nearest,≥128,1,56010,0.950,1.000,756.8052,760.3591
ROI_035/patch_64,own,0–16,1,6436,0.000,1.000,5.9038,8.0447
ROI_035/patch_64,own,16–32,1,19038,0.000,1.000,6.1042,8.2596
ROI_035/patch_64,own,32–64,1,71792,0.000,1.000,11.7690,13.9575
ROI_035/patch_64,own,64–128,1,259420,0.000,1.000,59.1189,61.3324
ROI_035/patch_64,own,≥128,1,1740466,0.000,1.000,116.2148,118.7146
ROI_035/patch_66,nearest,0–16,1,6313,0.000,1.000,6.8606,8.7093
ROI_035/patch_66,nearest,16–32,1,17726,0.000,1.000,6.8819,8.7334
ROI_035/patch_66,nearest,32–64,1,66670,0.000,1.000,8.4947,10.3561
ROI_035/patch_66,nearest,64–128,1,141148,0.000,1.000,34.6513,36.5992
ROI_035/patch_66,nearest,≥128,1,30287,0.000,1.000,102.3129,104.3914
ROI_035/patch_66,own,0–16,1,6313,0.000,1.000,6.8642,8.7146
ROI_035/patch_66,own,16–32,1,17726,0.000,1.000,6.9269,8.7789
ROI_035/patch_66,own,32–64,1,69139,0.000,1.000,8.0341,9.8945
ROI_035/patch_66,own,64–128,1,252984,0.000,1.000,28.4741,30.4000
ROI_035/patch_66,own,≥128,1,1750990,0.000,1.000,24.1890,26.1181
ROI_035/patch_67,nearest,0–16,1,6383,0.000,1.000,23.8814,24.7878
ROI_035/patch_67,nearest,16–32,1,17604,0.000,1.000,24.0832,25.0053
ROI_035/patch_67,nearest,32–64,1,57175,0.000,1.000,24.2647,25.1719
ROI_035/patch_67,nearest,64–128,1,135427,0.000,1.000,65.5481,66.5494
ROI_035/patch_67,nearest,≥128,1,45555,0.000,1.000,272.0344,274.6521
ROI_035/patch_67,own,0–16,1,6383,0.000,1.000,23.8804,24.7908
ROI_035/patch_67,own,16–32,1,17915,0.000,1.000,24.0271,24.9697
ROI_035/patch_67,own,32–64,1,64373,0.000,1.000,24.3033,25.2042
ROI_035/patch_67,own,64–128,1,218273,0.000,1.000,56.2765,57.2347
ROI_035/patch_67,own,≥128,1,1790208,0.000,1.000,76.3877,77.4788
ROI_035/patch_68,nearest,0–16,1,6439,0.000,1.000,6.7153,8.0022
ROI_035/patch_68,nearest,16–32,1,19301,0.000,1.000,6.4834,7.7934
ROI_035/patch_68,nearest,32–64,1,70827,0.000,1.000,14.4978,15.9380
ROI_035/patch_68,nearest,64–128,1,134802,0.000,1.000,262.9082,264.6297
ROI_035/patch_68,nearest,≥128,1,30775,0.150,1.000,474.5011,477.0082
ROI_035/patch_68,own,0–16,1,6439,0.000,1.000,6.7348,8.0252
ROI_035/patch_68,own,16–32,1,19301,0.000,1.000,6.4516,7.7704
ROI_035/patch_68,own,32–64,1,74861,0.000,1.000,13.4771,14.9136
ROI_035/patch_68,own,64–128,1,265681,0.000,1.000,103.2792,104.8670
ROI_035/patch_68,own,≥128,1,1730870,0.000,1.000,182.8507,184.5196
ROI_035/patch_70,nearest,0–16,1,6449,0.000,1.000,8.9382,10.5281
ROI_035/patch_70,nearest,16–32,1,19043,0.000,1.000,10.4403,12.0977
ROI_035/patch_70,nearest,32–64,1,67037,0.000,1.000,51.9240,53.5847
ROI_035/patch_70,nearest,64–128,1,119744,0.000,1.000,48.9638,50.6013
ROI_035/patch_70,nearest,≥128,1,49871,0.000,1.000,202.5273,203.7350
ROI_035/patch_70,own,0–16,1,6449,0.000,1.000,8.9647,10.5510
ROI_035/patch_70,own,16–32,1,19043,0.000,1.000,10.2714,11.9302
ROI_035/patch_70,own,32–64,1,73697,0.000,1.000,37.8218,39.4707
ROI_035/patch_70,own,64–128,1,270796,0.000,1.000,44.3288,45.9499
ROI_035/patch_70,own,≥128,1,1727167,0.000,1.000,90.4959,92.1864
ROI_035/patch_71,nearest,0–16,1,6280,0.000,1.000,7.5483,9.0814
ROI_035/patch_71,nearest,16–32,1,17835,0.000,1.000,7.4863,8.9774
ROI_035/patch_71,nearest,32–64,1,58290,0.000,1.000,7.6390,9.0938
ROI_035/patch_71,nearest,64–128,1,91111,0.000,1.000,8.9653,11.1262
ROI_035/patch_71,nearest,≥128,1,88628,0.000,1.000,59.0646,61.4576
ROI_035/patch_71,own,0–16,1,6280,0.000,1.000,7.5040,9.0453
ROI_035/patch_71,own,16–32,1,17835,0.000,1.000,7.4263,8.8922
ROI_035/patch_71,own,32–64,1,64605,0.000,1.000,7.5930,9.0478
ROI_035/patch_71,own,64–128,1,230695,0.000,1.000,8.5634,10.3364
ROI_035/patch_71,own,≥128,1,1777737,0.000,1.000,101.8076,103.6388
ROI_035/patch_72,nearest,0–16,1,6412,0.000,1.000,30.0687,31.6466
ROI_035/patch_72,nearest,16–32,1,18026,0.000,1.000,29.9834,31.6257
ROI_035/patch_72,nearest,32–64,1,61495,0.000,1.000,46.5038,48.1862
ROI_035/patch_72,nearest,64–128,1,91078,0.000,1.000,95.9712,97.8295
ROI_035/patch_72,nearest,≥128,1,85133,0.850,1.000,677.9221,681.9514
ROI_035/patch_72,own,0–16,1,6412,0.000,1.000,30.1609,31.7427
ROI_035/patch_72,own,16–32,1,18026,0.000,1.000,29.5317,31.1830
ROI_035/patch_72,own,32–64,1,66487,0.000,1.000,44.5320,46.2037
ROI_035/patch_72,own,64–128,1,226621,0.000,1.000,124.4665,126.2097
ROI_035/patch_72,own,≥128,1,1779606,0.000,1.000,172.4906,173.8039
ROI_035/patch_73,nearest,0–16,1,6436,0.000,1.000,9.1062,10.7317
ROI_035/patch_73,nearest,16–32,1,18773,0.000,1.000,9.7766,11.4217
ROI_035/patch_73,nearest,32–64,1,69841,0.000,1.000,13.2211,14.8609
ROI_035/patch_73,nearest,64–128,1,125605,0.000,1.000,51.3108,53.2627
ROI_035/patch_73,nearest,≥128,1,41489,0.000,1.000,110.6992,114.3230
ROI_035/patch_73,own,0–16,1,6436,0.000,1.000,9.0716,10.6928
ROI_035/patch_73,own,16–32,1,18773,0.000,1.000,9.6543,11.2918
ROI_035/patch_73,own,32–64,1,70898,0.000,1.000,11.7959,13.4387
ROI_035/patch_73,own,64–128,1,253560,0.000,1.000,28.9491,30.6905
ROI_035/patch_73,own,≥128,1,1747485,0.000,1.000,31.1151,33.1261
ROI_035/patch_74,nearest,0–16,1,6381,0.000,1.000,6.4979,7.9994
ROI_035/patch_74,nearest,16–32,1,18503,0.000,1.000,6.6771,8.1733
ROI_035/patch_74,nearest,32–64,1,65833,0.000,1.000,6.9326,8.4377
ROI_035/patch_74,nearest,64–128,1,108212,0.000,1.000,14.7130,16.5027
ROI_035/patch_74,nearest,≥128,1,63215,0.150,1.000,453.3087,458.2598
ROI_035/patch_74,own,0–16,1,6381,0.000,1.000,6.5440,8.0452
ROI_035/patch_74,own,16–32,1,18503,0.000,1.000,6.6581,8.1566
ROI_035/patch_74,own,32–64,1,68373,0.000,1.000,6.9037,8.4151
ROI_035/patch_74,own,64–128,1,237177,0.000,1.000,13.6070,15.3415
ROI_035/patch_74,own,≥128,1,1766718,0.000,1.000,93.9296,96.3796
ROI_035/patch_76,nearest,0–16,1,6442,0.000,1.000,5.0524,8.0872
ROI_035/patch_76,nearest,16–32,1,19288,0.000,1.000,4.9495,7.9497
ROI_035/patch_76,nearest,32–64,1,60954,0.000,1.000,5.0601,7.9884
ROI_035/patch_76,nearest,64–128,1,119423,0.000,1.000,10.8123,13.9704
ROI_035/patch_76,nearest,≥128,1,56037,0.000,1.000,73.6842,78.1099
ROI_035/patch_76,own,0–16,1,6442,0.000,1.000,5.0444,8.0878
ROI_035/patch_76,own,16–32,1,19288,0.000,1.000,4.9570,7.9613
ROI_035/patch_76,own,32–64,1,71282,0.000,1.000,5.0024,7.9716
ROI_035/patch_76,own,64–128,1,254986,0.000,1.000,8.8760,11.9897
ROI_035/patch_76,own,≥128,1,1745154,0.000,1.000,24.0866,27.5320
ROI_035/patch_79,nearest,0–16,1,6425,0.000,1.000,4.5900,7.6646
ROI_035/patch_79,nearest,16–32,1,18909,0.000,1.000,4.9370,7.9955
ROI_035/patch_79,nearest,32–64,1,59935,0.000,1.000,20.5493,23.6005
ROI_035/patch_79,nearest,64–128,1,110994,0.000,1.000,126.7231,131.7679
ROI_035/patch_79,nearest,≥128,1,65881,0.000,1.000,271.7846,280.2267
ROI_035/patch_79,own,0–16,1,6425,0.000,1.000,4.5988,7.6820
ROI_035/patch_79,own,16–32,1,18909,0.000,1.000,4.8012,7.8548
ROI_035/patch_79,own,32–64,1,66467,0.000,1.000,14.6873,17.7569
ROI_035/patch_79,own,64–128,1,223909,0.000,1.000,82.6286,86.4496
ROI_035/patch_79,own,≥128,1,1781442,0.000,1.000,69.9336,73.4372
ROI_035/patch_81,nearest,0–16,1,6444,0.000,1.000,47.9089,49.1467
ROI_035/patch_81,nearest,16–32,1,18943,0.000,1.000,48.8894,50.1105
ROI_035/patch_81,nearest,32–64,1,53409,0.000,1.000,54.9386,56.1342
ROI_035/patch_81,nearest,64–128,1,101061,0.000,1.000,76.2180,77.6698
ROI_035/patch_81,nearest,≥128,1,82287,0.000,1.000,155.7719,157.4199
ROI_035/patch_81,own,0–16,1,6444,0.000,1.000,47.9666,49.2033
ROI_035/patch_81,own,16–32,1,18943,0.000,1.000,48.4834,49.6913
ROI_035/patch_81,own,32–64,1,71725,0.000,1.000,53.2707,54.5199
ROI_035/patch_81,own,64–128,1,255907,0.000,1.000,63.5134,64.7667
ROI_035/patch_81,own,≥128,1,1744133,0.000,1.000,157.4166,158.8232
ROI_035/patch_82,nearest,0–16,1,6435,0.000,1.000,17.7159,19.9823
ROI_035/patch_82,nearest,16–32,1,18985,0.000,1.000,17.8430,20.0004
ROI_035/patch_82,nearest,32–64,1,66743,0.000,1.000,19.6614,21.7309
ROI_035/patch_82,nearest,64–128,1,103091,0.000,1.000,38.1805,39.9152
ROI_035/patch_82,nearest,≥128,1,66890,0.000,1.000,219.6986,221.4399
ROI_035/patch_82,own,0–16,1,6435,0.000,1.000,17.7302,19.9969
ROI_035/patch_82,own,16–32,1,18985,0.000,1.000,17.6402,19.7950
ROI_035/patch_82,own,32–64,1,71224,0.000,1.000,19.3920,21.4736
ROI_035/patch_82,own,64–128,1,260951,0.000,1.000,34.5083,36.4067
ROI_035/patch_82,own,≥128,1,1739557,0.000,1.000,58.3343,60.0986
ROI_035/patch_85,nearest,0–16,1,6331,0.000,1.000,8.0351,9.2821
ROI_035/patch_85,nearest,16–32,1,18453,0.000,1.000,7.6184,8.8857
ROI_035/patch_85,nearest,32–64,1,65841,0.000,1.000,9.8509,11.1613
ROI_035/patch_85,nearest,64–128,1,120517,0.000,1.000,89.3348,90.6391
ROI_035/patch_85,nearest,≥128,1,51002,0.000,1.000,478.0588,480.0167
ROI_035/patch_85,own,0–16,1,6331,0.000,1.000,8.0398,9.2852
ROI_035/patch_85,own,16–32,1,18453,0.000,1.000,7.5692,8.8491
ROI_035/patch_85,own,32–64,1,69640,0.000,1.000,10.4249,11.6918
ROI_035/patch_85,own,64–128,1,248073,0.000,1.000,50.0319,51.2973
ROI_035/patch_85,own,≥128,1,1754655,0.000,1.000,140.0856,141.4893
ROI_035/patch_87,nearest,0–16,1,6431,0.000,1.000,52.5215,53.4215
ROI_035/patch_87,nearest,16–32,1,19197,0.000,1.000,52.3979,53.3023
ROI_035/patch_87,nearest,32–64,1,61231,0.000,1.000,52.2981,53.2460
ROI_035/patch_87,nearest,64–128,1,106641,0.000,1.000,142.6216,143.8109
ROI_035/patch_87,nearest,≥128,1,68644,0.800,1.000,1011.2084,1012.9779
ROI_035/patch_87,own,0–16,1,6431,0.000,1.000,52.4474,53.3504
ROI_035/patch_87,own,16–32,1,19301,0.000,1.000,52.5131,53.4129
ROI_035/patch_87,own,32–64,1,77221,0.000,1.000,52.5780,53.4847
ROI_035/patch_87,own,64–128,1,285997,0.000,1.000,79.0938,80.1573
ROI_035/patch_87,own,≥128,1,1708202,0.100,1.000,648.3544,649.4015
ROI_035/patch_89,nearest,0–16,1,6304,0.000,1.000,0.8013,2.0515
ROI_035/patch_89,nearest,16–32,1,17911,0.000,1.000,0.7686,1.9943
ROI_035/patch_89,nearest,32–64,1,65798,0.000,1.000,0.8309,2.1498
ROI_035/patch_89,nearest,64–128,1,118285,0.000,1.000,3.1689,4.6969
ROI_035/patch_89,nearest,≥128,1,53846,0.300,1.000,483.4183,485.6674
ROI_035/patch_89,own,0–16,1,6304,0.000,1.000,0.8009,2.0511
ROI_035/patch_89,own,16–32,1,17911,0.000,1.000,0.7687,1.9952
ROI_035/patch_89,own,32–64,1,68129,0.000,1.000,0.8474,2.1496
ROI_035/patch_89,own,64–128,1,240595,0.000,1.000,2.6726,4.0989
ROI_035/patch_89,own,≥128,1,1764213,0.000,1.000,102.2010,104.6844
ROI_035/patch_90,nearest,0–16,1,6445,0.000,1.000,12.1202,12.9603
ROI_035/patch_90,nearest,16–32,1,19297,0.000,1.000,12.2702,13.0942
ROI_035/patch_90,nearest,32–64,1,68856,0.000,1.000,14.2439,14.9862
ROI_035/patch_90,nearest,64–128,1,101988,0.000,1.000,63.4721,64.0254
ROI_035/patch_90,nearest,≥128,1,65558,0.750,1.000,499.9323,500.4452
ROI_035/patch_90,own,0–16,1,6445,0.000,1.000,12.0819,12.9144
ROI_035/patch_90,own,16–32,1,19297,0.000,1.000,12.1080,12.9303
ROI_035/patch_90,own,32–64,1,73260,0.000,1.000,15.7515,16.5189
ROI_035/patch_90,own,64–128,1,260325,0.000,1.000,43.8662,44.5446
ROI_035/patch_90,own,≥128,1,1737825,0.000,1.000,245.3584,246.0681
ROI_035/patch_93,nearest,0–16,1,6434,0.000,1.000,16.3933,17.6409
ROI_035/patch_93,nearest,16–32,1,19299,0.000,1.000,20.2142,21.4985
ROI_035/patch_93,nearest,32–64,1,70207,0.000,1.000,43.2905,44.5831
ROI_035/patch_93,nearest,64–128,1,130010,0.000,1.000,345.5080,346.6908
ROI_035/patch_93,nearest,≥128,1,36194,1.000,1.000,,
ROI_035/patch_93,own,0–16,1,6434,0.000,1.000,16.3294,17.5728
ROI_035/patch_93,own,16–32,1,19299,0.000,1.000,22.8221,24.1241
ROI_035/patch_93,own,32–64,1,74007,0.000,1.000,37.7830,39.1134
ROI_035/patch_93,own,64–128,1,250883,0.000,1.000,273.9378,275.0867
ROI_035/patch_93,own,≥128,1,1746529,0.000,1.000,359.2185,360.3449
ROI_035/patch_94,nearest,0–16,1,6251,0.000,1.000,36.5558,37.1035
ROI_035/patch_94,nearest,16–32,1,17349,0.000,1.000,36.3095,36.8672
ROI_035/patch_94,nearest,32–64,1,57938,0.000,1.000,38.2535,38.8118
ROI_035/patch_94,nearest,64–128,1,123540,0.000,1.000,71.1107,72.2548
ROI_035/patch_94,nearest,≥128,1,57066,0.000,1.000,697.8915,703.0204
ROI_035/patch_94,own,0–16,1,6251,0.000,1.000,36.5544,37.1058
ROI_035/patch_94,own,16–32,1,17349,0.000,1.000,36.6946,37.2494
ROI_035/patch_94,own,32–64,1,62879,0.000,1.000,37.0278,37.5833
ROI_035/patch_94,own,64–128,1,223569,0.000,1.000,61.1145,62.1176
ROI_035/patch_94,own,≥128,1,1787104,0.000,1.000,386.1030,390.0073
ROI_035/patch_95,nearest,0–16,1,6323,0.000,1.000,12.4004,13.9887
ROI_035/patch_95,nearest,16–32,1,18407,0.000,1.000,15.9175,17.4986
ROI_035/patch_95,nearest,32–64,1,69245,0.000,1.000,35.8789,37.4708
ROI_035/patch_95,nearest,64–128,1,130014,0.000,1.000,156.0826,157.6657
ROI_035/patch_95,nearest,≥128,1,38155,0.800,1.000,810.4601,812.1558
ROI_035/patch_95,own,0–16,1,6323,0.000,1.000,12.4271,14.0126
ROI_035/patch_95,own,16–32,1,18407,0.000,1.000,16.4329,18.0151
ROI_035/patch_95,own,32–64,1,72947,0.000,1.000,51.0849,52.6923
ROI_035/patch_95,own,64–128,1,261008,0.000,1.000,77.7588,79.3523
ROI_035/patch_95,own,≥128,1,1738467,0.000,1.000,196.6679,198.2703
ROI_035/patch_96,nearest,0–16,1,6442,0.000,1.000,6.9868,11.4183
ROI_035/patch_96,nearest,16–32,1,19082,0.000,1.000,7.0069,11.4278
ROI_035/patch_96,nearest,32–64,1,70261,0.000,1.000,10.9842,15.3747
ROI_035/patch_96,nearest,64–128,1,132240,0.000,1.000,139.8316,144.0946
ROI_035/patch_96,nearest,≥128,1,34119,0.000,1.000,607.2810,611.4719
ROI_035/patch_96,own,0–16,1,6442,0.000,1.000,6.9863,11.4110
ROI_035/patch_96,own,16–32,1,19082,0.000,1.000,6.9589,11.3634
ROI_035/patch_96,own,32–64,1,73976,0.000,1.000,10.7559,15.1538
ROI_035/patch_96,own,64–128,1,266171,0.000,1.000,62.9374,67.2605
ROI_035/patch_96,own,≥128,1,1731481,0.000,1.000,227.3775,231.4173
ROI_035/patch_97,nearest,0–16,1,6209,0.000,1.000,1.8275,3.5598
ROI_035/patch_97,nearest,16–32,1,17537,0.000,1.000,1.9702,3.7295
ROI_035/patch_97,nearest,32–64,1,64299,0.000,1.000,2.4088,4.2100
ROI_035/patch_97,nearest,64–128,1,106410,0.000,1.000,15.3086,17.4871
ROI_035/patch_97,nearest,≥128,1,67689,0.000,1.000,1039.0138,1052.0166
ROI_035/patch_97,own,0–16,1,6209,0.000,1.000,1.8866,3.6302
ROI_035/patch_97,own,16–32,1,17537,0.000,1.000,2.0167,3.7914
ROI_035/patch_97,own,32–64,1,65054,0.000,1.000,2.3316,4.1280
ROI_035/patch_97,own,64–128,1,212380,0.000,1.000,12.3017,14.3314
ROI_035/patch_97,own,≥128,1,1795972,0.000,1.000,202.1142,206.1399
ROI_035/patch_98,nearest,0–16,1,6430,0.000,1.000,8.7768,10.0676
ROI_035/patch_98,nearest,16–32,1,19277,0.000,1.000,8.7900,10.0955
ROI_035/patch_98,nearest,32–64,1,68368,0.000,1.000,11.4573,12.7790
ROI_035/patch_98,nearest,64–128,1,129187,0.000,1.000,144.1971,146.0229
ROI_035/patch_98,nearest,≥128,1,38882,0.600,1.000,964.4095,967.9760
ROI_035/patch_98,own,0–16,1,6430,0.000,1.000,8.7692,10.0553
ROI_035/patch_98,own,16–32,1,19277,0.000,1.000,8.7971,10.1119
ROI_035/patch_98,own,32–64,1,72271,0.000,1.000,12.7198,14.0392
ROI_035/patch_98,own,64–128,1,254792,0.000,1.000,91.3258,92.9403
ROI_035/patch_98,own,≥128,1,1744382,0.000,1.000,318.7731,320.8084
ROI_035/patch_99,nearest,0–16,1,6440,0.000,1.000,4.1698,4.9744
ROI_035/patch_99,nearest,16–32,1,18698,0.000,1.000,4.0472,4.8391
ROI_035/patch_99,nearest,32–64,1,66225,0.000,1.000,3.9739,4.7409
ROI_035/patch_99,nearest,64–128,1,127020,0.000,1.000,166.6852,167.4251
ROI_035/patch_99,nearest,≥128,1,43761,0.000,1.000,1292.9814,1296.8619
ROI_035/patch_99,own,0–16,1,6440,0.000,1.000,4.1765,4.9891
ROI_035/patch_99,own,16–32,1,18698,0.000,1.000,4.0381,4.8238
ROI_035/patch_99,own,32–64,1,67995,0.000,1.000,6.7212,7.5450
ROI_035/patch_99,own,64–128,1,239011,0.000,1.000,148.2094,148.9437
ROI_035/patch_99,own,≥128,1,1765008,0.000,1.000,202.7586,203.5748
ROI_035/patch_100,nearest,0–16,1,6415,0.000,1.000,23.4716,24.9840
ROI_035/patch_100,nearest,16–32,1,19313,0.000,1.000,23.1356,24.6530
ROI_035/patch_100,nearest,32–64,1,69185,0.000,1.000,23.3466,24.8529
ROI_035/patch_100,nearest,64–128,1,114930,0.000,1.000,29.2280,30.8109
ROI_035/patch_100,nearest,≥128,1,52301,0.000,1.000,531.1099,534.6576
ROI_035/patch_100,own,0–16,1,6415,0.000,1.000,23.4024,24.9144
ROI_035/patch_100,own,16–32,1,19313,0.000,1.000,23.3504,24.8695
ROI_035/patch_100,own,32–64,1,73132,0.000,1.000,23.4264,24.9433
ROI_035/patch_100,own,64–128,1,253290,0.000,1.000,24.9158,26.4285
ROI_035/patch_100,own,≥128,1,1745002,0.000,1.000,226.1358,228.7241
ROI_035/patch_101,nearest,0–16,1,6311,0.000,1.000,13.9586,15.6406
ROI_035/patch_101,nearest,16–32,1,18388,0.000,1.000,13.8588,15.5180
ROI_035/patch_101,nearest,32–64,1,67469,0.000,1.000,14.1700,15.9043
ROI_035/patch_101,nearest,64–128,1,113138,0.000,1.000,43.8542,46.1806
ROI_035/patch_101,nearest,≥128,1,56838,0.000,1.000,167.8136,172.0611
ROI_035/patch_101,own,0–16,1,6311,0.000,1.000,13.9544,15.6311
ROI_035/patch_101,own,16–32,1,18388,0.000,1.000,13.8766,15.5382
ROI_035/patch_101,own,32–64,1,70799,0.000,1.000,13.9972,15.7340
ROI_035/patch_101,own,64–128,1,242507,0.000,1.000,45.9224,47.9630
ROI_035/patch_101,own,≥128,1,1759147,0.000,1.000,142.5210,145.4720
ROI_035/patch_102,nearest,0–16,1,6352,0.000,1.000,16.5662,18.6820
ROI_035/patch_102,nearest,16–32,1,18376,0.000,1.000,17.3386,19.4496
ROI_035/patch_102,nearest,32–64,1,69349,0.000,1.000,29.6376,31.7219
ROI_035/patch_102,nearest,64–128,1,112439,0.000,1.000,154.8857,157.0040
ROI_035/patch_102,nearest,≥128,1,55628,0.000,1.000,306.4509,308.3468
ROI_035/patch_102,own,0–16,1,6352,0.000,1.000,16.6056,18.7241
ROI_035/patch_102,own,16–32,1,18376,0.000,1.000,18.0583,20.1636
ROI_035/patch_102,own,32–64,1,70249,0.000,1.000,32.3797,34.4720
ROI_035/patch_102,own,64–128,1,257985,0.000,1.000,110.7657,112.8360
ROI_035/patch_102,own,≥128,1,1744190,0.000,1.000,281.9303,284.0370
ROI_035/patch_103,nearest,0–16,1,6441,0.000,1.000,12.5694,13.8559
ROI_035/patch_103,nearest,16–32,1,18818,0.000,1.000,11.4388,12.7280
ROI_035/patch_103,nearest,32–64,1,71296,0.000,1.000,11.3712,12.6153
ROI_035/patch_103,nearest,64–128,1,139110,0.000,1.000,84.2676,85.4998
ROI_035/patch_103,nearest,≥128,1,26479,0.000,1.000,565.9980,571.5061
ROI_035/patch_103,own,0–16,1,6441,0.000,1.000,12.5446,13.8278
ROI_035/patch_103,own,16–32,1,18818,0.000,1.000,11.6257,12.9222
ROI_035/patch_103,own,32–64,1,72399,0.000,1.000,10.7533,12.0096
ROI_035/patch_103,own,64–128,1,258701,0.000,1.000,68.0685,69.3220
ROI_035/patch_103,own,≥128,1,1740793,0.000,1.000,231.8918,233.8462
ROI_035/patch_104,nearest,0–16,1,6229,0.000,1.000,8.1221,10.8971
ROI_035/patch_104,nearest,16–32,1,18300,0.000,1.000,7.8957,10.6640
ROI_035/patch_104,nearest,32–64,1,63256,0.000,1.000,7.7301,10.4890
ROI_035/patch_104,nearest,64–128,1,117671,0.000,1.000,13.0973,15.8642
ROI_035/patch_104,nearest,≥128,1,56688,0.000,1.000,384.8603,387.9953
ROI_035/patch_104,own,0–16,1,6229,0.000,1.000,8.1779,10.9628
ROI_035/patch_104,own,16–32,1,18300,0.000,1.000,7.8666,10.6590
ROI_035/patch_104,own,32–64,1,72770,0.000,1.000,7.6324,10.4021
ROI_035/patch_104,own,64–128,1,256501,0.000,1.000,10.9892,13.7742
ROI_035/patch_104,own,≥128,1,1743352,0.000,1.000,161.0908,164.2063
ROI_035/patch_105,nearest,0–16,1,6438,0.000,1.000,8.1938,9.1375
ROI_035/patch_105,nearest,16–32,1,19300,0.000,1.000,12.3067,13.2311
ROI_035/patch_105,nearest,32–64,1,67930,0.000,1.000,64.9012,65.9544
ROI_035/patch_105,nearest,64–128,1,125923,0.000,1.000,348.5724,350.8306
ROI_035/patch_105,nearest,≥128,1,42553,0.350,1.000,714.4199,716.0894
ROI_035/patch_105,own,0–16,1,6438,0.000,1.000,8.1214,9.0774
ROI_035/patch_105,own,16–32,1,19300,0.000,1.000,13.8729,14.8170
ROI_035/patch_105,own,32–64,1,76023,0.000,1.000,77.1735,78.3352
ROI_035/patch_105,own,64–128,1,257479,0.000,1.000,298.5553,300.5445
ROI_035/patch_105,own,≥128,1,1737912,0.000,1.000,516.6045,519.0695
ROI_035/patch_106,nearest,0–16,1,6340,0.000,1.000,14.6228,15.8863
ROI_035/patch_106,nearest,16–32,1,18435,0.000,1.000,14.4151,15.6901
ROI_035/patch_106,nearest,32–64,1,67244,0.000,1.000,11.8660,13.1339
ROI_035/patch_106,nearest,64–128,1,133697,0.000,1.000,56.4639,57.7778
ROI_035/patch_106,nearest,≥128,1,36428,0.000,1.000,567.2798,570.0351
ROI_035/patch_106,own,0–16,1,6340,0.000,1.000,14.8929,16.1556
ROI_035/patch_106,own,16–32,1,18435,0.000,1.000,14.6994,15.9789
ROI_035/patch_106,own,32–64,1,69533,0.000,1.000,12.9354,14.1959
ROI_035/patch_106,own,64–128,1,243608,0.000,1.000,32.1266,33.5455
ROI_035/patch_106,own,≥128,1,1759236,0.000,1.000,83.7110,85.3382
ROI_035/patch_107,nearest,0–16,1,6360,0.000,1.000,7.9761,9.6380
ROI_035/patch_107,nearest,16–32,1,18465,0.000,1.000,7.9009,9.5601
ROI_035/patch_107,nearest,32–64,1,70182,0.000,1.000,9.9606,11.5885
ROI_035/patch_107,nearest,64–128,1,122066,0.000,1.000,90.2550,93.0151
ROI_035/patch_107,nearest,≥128,1,45071,0.000,1.000,217.4289,221.4351
ROI_035/patch_107,own,0–16,1,6360,0.000,1.000,7.9492,9.6121
ROI_035/patch_107,own,16–32,1,18465,0.000,1.000,8.0195,9.6732
ROI_035/patch_107,own,32–64,1,73111,0.000,1.000,11.2478,12.8605
ROI_035/patch_107,own,64–128,1,252667,0.000,1.000,34.3353,37.0809
ROI_035/patch_107,own,≥128,1,1746549,0.000,1.000,98.1728,101.3455
ROI_035/patch_109,nearest,0–16,1,6390,0.000,1.000,5.4041,6.1842
ROI_035/patch_109,nearest,16–32,1,17822,0.000,1.000,5.5427,6.3599
ROI_035/patch_109,nearest,32–64,1,60544,0.000,1.000,6.0879,7.0216
ROI_035/patch_109,nearest,64–128,1,141238,0.000,1.000,64.3089,65.4513
ROI_035/patch_109,nearest,≥128,1,36150,0.000,1.000,813.6415,815.4141
ROI_035/patch_109,own,0–16,1,6390,0.000,1.000,5.3957,6.1758
ROI_035/patch_109,own,16–32,1,17822,0.000,1.000,5.4917,6.3018
ROI_035/patch_109,own,32–64,1,60544,0.000,1.000,5.9522,6.9001
ROI_035/patch_109,own,64–128,1,214958,0.000,1.000,22.3658,23.5548
ROI_035/patch_109,own,≥128,1,1797438,0.000,1.000,203.9563,205.4624
ROI_035/patch_110,nearest,0–16,1,6239,0.000,1.000,12.5153,13.4034
ROI_035/patch_110,nearest,16–32,1,17304,0.000,1.000,12.5592,13.4714
ROI_035/patch_110,nearest,32–64,1,61578,0.000,1.000,12.6721,13.6265
ROI_035/patch_110,nearest,64–128,1,119302,0.000,1.000,15.9373,16.9076
ROI_035/patch_110,nearest,≥128,1,57721,0.000,1.000,209.7951,210.6450
ROI_035/patch_110,own,0–16,1,6239,0.000,1.000,12.5147,13.4032
ROI_035/patch_110,own,16–32,1,17304,0.000,1.000,12.5664,13.4734
ROI_035/patch_110,own,32–64,1,63455,0.000,1.000,12.6173,13.5697
ROI_035/patch_110,own,64–128,1,236662,0.000,1.000,14.4139,15.4030
ROI_035/patch_110,own,≥128,1,1773492,0.000,1.000,90.7292,91.8613
ROI_035/patch_111,nearest,0–16,1,6437,0.000,1.000,11.7805,13.0495
ROI_035/patch_111,nearest,16–32,1,18066,0.000,1.000,12.2381,13.5045
ROI_035/patch_111,nearest,32–64,1,65724,0.000,1.000,14.7081,15.9750
ROI_035/patch_111,nearest,64–128,1,101150,0.000,1.000,22.0142,23.1980
ROI_035/patch_111,nearest,≥128,1,70767,0.000,1.000,29.5814,30.5039
ROI_035/patch_111,own,0–16,1,6437,0.000,1.000,11.7379,13.0025
ROI_035/patch_111,own,16–32,1,18066,0.000,1.000,12.2075,13.4735
ROI_035/patch_111,own,32–64,1,66771,0.000,1.000,14.3780,15.6491
ROI_035/patch_111,own,64–128,1,243631,0.000,1.000,18.8492,20.0962
ROI_035/patch_111,own,≥128,1,1762247,0.000,1.000,23.8154,24.9518
ROI_035/patch_112,nearest,0–16,1,6434,0.000,1.000,13.1699,14.2115
ROI_035/patch_112,nearest,16–32,1,19271,0.000,1.000,13.1944,14.2437
ROI_035/patch_112,nearest,32–64,1,67287,0.000,1.000,13.5043,14.6020
ROI_035/patch_112,nearest,64–128,1,106185,0.000,1.000,32.8053,34.2289
ROI_035/patch_112,nearest,≥128,1,62967,0.000,1.000,87.1258,89.3688
ROI_035/patch_112,own,0–16,1,6434,0.000,1.000,13.2100,14.2537
ROI_035/patch_112,own,16–32,1,19271,0.000,1.000,13.3611,14.4085
ROI_035/patch_112,own,32–64,1,72840,0.000,1.000,13.5569,14.6536
ROI_035/patch_112,own,64–128,1,247224,0.000,1.000,35.0635,36.2765
ROI_035/patch_112,own,≥128,1,1751383,0.000,1.000,86.3988,87.8659
ROI_035/patch_113,nearest,0–16,1,6000,0.000,1.000,10.0272,10.8272
ROI_035/patch_113,nearest,16–32,1,17129,0.000,1.000,9.9933,10.7952
ROI_035/patch_113,nearest,32–64,1,64464,0.000,1.000,11.3402,12.2198
ROI_035/patch_113,nearest,64–128,1,144845,0.000,1.000,65.6399,67.1180
ROI_035/patch_113,nearest,≥128,1,29706,0.000,1.000,202.2225,203.6088
ROI_035/patch_113,own,0–16,1,6000,0.000,1.000,10.0351,10.8325
ROI_035/patch_113,own,16–32,1,17129,0.000,1.000,10.0059,10.8103
ROI_035/patch_113,own,32–64,1,65289,0.000,1.000,12.5451,13.4481
ROI_035/patch_113,own,64–128,1,243480,0.000,1.000,81.8025,83.1785
ROI_035/patch_113,own,≥128,1,1765254,0.000,1.000,56.9763,57.9430
ROI_035/patch_114,nearest,0–16,1,6434,0.000,1.000,7.9131,10.8589
ROI_035/patch_114,nearest,16–32,1,19118,0.000,1.000,7.6961,10.6258
ROI_035/patch_114,nearest,32–64,1,62431,0.000,1.000,7.4100,10.3158
ROI_035/patch_114,nearest,64–128,1,110710,0.000,1.000,9.9317,13.0692
ROI_035/patch_114,nearest,≥128,1,63451,0.000,1.000,22.3991,26.9895
ROI_035/patch_114,own,0–16,1,6434,0.000,1.000,7.9724,10.9124
ROI_035/patch_114,own,16–32,1,19118,0.000,1.000,7.7754,10.6934
ROI_035/patch_114,own,32–64,1,71763,0.000,1.000,7.2306,10.1447
ROI_035/patch_114,own,64–128,1,252147,0.000,1.000,8.7813,11.7021
ROI_035/patch_114,own,≥128,1,1747690,0.000,1.000,13.2487,16.2071
ROI_035/patch_115,nearest,0–16,1,6387,0.000,1.000,16.4813,17.0503
ROI_035/patch_115,nearest,16–32,1,18533,0.000,1.000,16.6134,17.1887
ROI_035/patch_115,nearest,32–64,1,65252,0.000,1.000,17.1123,17.7142
ROI_035/patch_115,nearest,64–128,1,139223,0.000,1.000,20.9417,21.5432
ROI_035/patch_115,nearest,≥128,1,32749,0.000,1.000,64.3156,65.1216
ROI_035/patch_115,own,0–16,1,6387,0.000,1.000,16.3618,16.9223
ROI_035/patch_115,own,16–32,1,18533,0.000,1.000,16.6594,17.2429
ROI_035/patch_115,own,32–64,1,68497,0.000,1.000,17.5460,18.1255
ROI_035/patch_115,own,64–128,1,243121,0.000,1.000,18.1578,18.7439
ROI_035/patch_115,own,≥128,1,1760614,0.000,1.000,21.6355,22.2453
ROI_035/patch_116,nearest,0–16,1,6437,0.000,1.000,8.2669,10.2281
ROI_035/patch_116,nearest,16–32,1,18710,0.000,1.000,8.3379,10.3008
ROI_035/patch_116,nearest,32–64,1,68573,0.000,1.000,10.2458,12.1914
ROI_035/patch_116,nearest,64–128,1,134741,0.000,1.000,111.5671,113.5137
ROI_035/patch_116,nearest,≥128,1,33683,0.100,1.000,521.3997,523.3487
ROI_035/patch_116,own,0–16,1,6437,0.000,1.000,8.2795,10.2432
ROI_035/patch_116,own,16–32,1,18710,0.000,1.000,8.3282,10.2855
ROI_035/patch_116,own,32–64,1,70711,0.000,1.000,10.4581,12.4051
ROI_035/patch_116,own,64–128,1,256138,0.000,1.000,40.1837,42.1968
ROI_035/patch_116,own,≥128,1,1745156,0.000,1.000,58.5888,60.5244
ROI_035/patch_117,nearest,0–16,1,6257,0.000,1.000,15.3842,16.5366
ROI_035/patch_117,nearest,16–32,1,16991,0.000,1.000,15.2673,16.4136
ROI_035/patch_117,nearest,32–64,1,57946,0.000,1.000,18.9300,20.0621
ROI_035/patch_117,nearest,64–128,1,132170,0.000,1.000,62.0102,63.1157
ROI_035/patch_117,nearest,≥128,1,48780,0.000,1.000,240.6249,241.8734
ROI_035/patch_117,own,0–16,1,6257,0.000,1.000,15.5205,16.6751
ROI_035/patch_117,own,16–32,1,16991,0.000,1.000,15.4271,16.5728
ROI_035/patch_117,own,32–64,1,65182,0.000,1.000,17.2864,18.4250
ROI_035/patch_117,own,64–128,1,244420,0.000,1.000,39.3098,40.4273
ROI_035/patch_117,own,≥128,1,1764302,0.000,1.000,53.0356,54.1510
ROI_035/patch_118,nearest,0–16,1,6439,0.000,1.000,12.8389,17.4921
ROI_035/patch_118,nearest,16–32,1,18361,0.000,1.000,21.6587,26.6209
ROI_035/patch_118,nearest,32–64,1,68478,0.000,1.000,65.9822,70.5778
ROI_035/patch_118,nearest,64–128,1,133097,0.000,1.000,81.8992,85.6790
ROI_035/patch_118,nearest,≥128,1,35769,0.000,1.000,114.5300,116.9961
ROI_035/patch_118,own,0–16,1,6439,0.000,1.000,12.7622,17.3775
ROI_035/patch_118,own,16–32,1,18361,0.000,1.000,18.8093,23.7030
ROI_035/patch_118,own,32–64,1,69687,0.000,1.000,67.4255,72.3022
ROI_035/patch_118,own,64–128,1,232273,0.000,1.000,42.9930,46.9137
ROI_035/patch_118,own,≥128,1,1770392,0.000,1.000,85.5220,90.0236
ROI_035/patch_120,nearest,0–16,1,6252,0.000,1.000,4.0818,7.2234
ROI_035/patch_120,nearest,16–32,1,17969,0.000,1.000,4.0837,7.2629
ROI_035/patch_120,nearest,32–64,1,65367,0.000,1.000,6.1148,9.3123
ROI_035/patch_120,nearest,64–128,1,129906,0.000,1.000,7.9468,11.4298
ROI_035/patch_120,nearest,≥128,1,42650,0.000,1.000,87.4151,91.3088
ROI_035/patch_120,own,0–16,1,6252,0.000,1.000,4.1267,7.2804
ROI_035/patch_120,own,16–32,1,17969,0.000,1.000,4.0971,7.2587
ROI_035/patch_120,own,32–64,1,67869,0.000,1.000,6.0279,9.1895
ROI_035/patch_120,own,64–128,1,235556,0.000,1.000,12.8916,16.3080
ROI_035/patch_120,own,≥128,1,1769506,0.000,1.000,29.5723,33.5208
ROI_035/patch_121,nearest,0–16,1,6429,0.000,1.000,51.2302,75.9223
ROI_035/patch_121,nearest,16–32,1,18187,0.000,1.000,51.2021,75.7442
ROI_035/patch_121,nearest,32–64,1,59332,0.000,1.000,46.5718,70.3678
ROI_035/patch_121,nearest,64–128,1,130719,0.000,1.000,149.4822,173.2235
ROI_035/patch_121,nearest,≥128,1,47477,0.000,1.000,67.8632,93.6938
ROI_035/patch_121,own,0–16,1,6429,0.000,1.000,51.4883,76.1758
ROI_035/patch_121,own,16–32,1,19019,0.000,1.000,50.6856,75.1799
ROI_035/patch_121,own,32–64,1,71065,0.000,1.000,42.9317,66.8150
ROI_035/patch_121,own,64–128,1,235970,0.000,1.000,59.2684,83.0058
ROI_035/patch_121,own,≥128,1,1764669,0.000,1.000,71.9282,96.7502
ROI_035/patch_122,nearest,0–16,1,6109,0.000,1.000,27.2621,31.0458
ROI_035/patch_122,nearest,16–32,1,18176,0.000,1.000,26.8884,30.7120
ROI_035/patch_122,nearest,32–64,1,66938,0.000,1.000,27.0093,30.9358
ROI_035/patch_122,nearest,64–128,1,121453,0.000,1.000,32.1429,36.2087
ROI_035/patch_122,nearest,≥128,1,49468,0.000,1.000,86.5686,90.9408
ROI_035/patch_122,own,0–16,1,6109,0.000,1.000,27.2280,31.0134
ROI_035/patch_122,own,16–32,1,18176,0.000,1.000,27.0086,30.7916
ROI_035/patch_122,own,32–64,1,68262,0.000,1.000,27.5654,31.4186
ROI_035/patch_122,own,64–128,1,242564,0.000,1.000,31.2875,35.3047
ROI_035/patch_122,own,≥128,1,1762041,0.000,1.000,55.6756,59.6699
ROI_035/patch_123,nearest,0–16,1,6404,0.000,1.000,8.2547,11.8368
ROI_035/patch_123,nearest,16–32,1,18557,0.000,1.000,8.1645,11.7855
ROI_035/patch_123,nearest,32–64,1,62995,0.000,1.000,8.0431,11.7016
ROI_035/patch_123,nearest,64–128,1,124201,0.000,1.000,10.4190,14.2692
ROI_035/patch_123,nearest,≥128,1,49987,0.000,1.000,33.3624,36.9589
ROI_035/patch_123,own,0–16,1,6404,0.000,1.000,8.2503,11.8342
ROI_035/patch_123,own,16–32,1,18557,0.000,1.000,8.0928,11.6904
ROI_035/patch_123,own,32–64,1,67124,0.000,1.000,7.9737,11.6189
ROI_035/patch_123,own,64–128,1,235929,0.000,1.000,9.1970,13.0199
ROI_035/patch_123,own,≥128,1,1769138,0.000,1.000,27.5157,31.1781
ROI_035/patch_124,nearest,0–16,1,6425,0.000,1.000,12.2220,12.7514
ROI_035/patch_124,nearest,16–32,1,18273,0.000,1.000,12.1692,12.6964
ROI_035/patch_124,nearest,32–64,1,64276,0.000,1.000,13.0112,13.5554
ROI_035/patch_124,nearest,64–128,1,123175,0.000,1.000,16.6083,17.1965
ROI_035/patch_124,nearest,≥128,1,49995,0.000,1.000,31.7796,32.4624
ROI_035/patch_124,own,0–16,1,6425,0.000,1.000,12.1500,12.6798
ROI_035/patch_124,own,16–32,1,18618,0.000,1.000,12.3486,12.8786
ROI_035/patch_124,own,32–64,1,70562,0.000,1.000,12.1707,12.7090
ROI_035/patch_124,own,64–128,1,239452,0.000,1.000,13.7589,14.3659
ROI_035/patch_124,own,≥128,1,1762095,0.000,1.000,17.4791,18.0863
ROI_035/patch_125,nearest,0–16,1,6436,0.000,1.000,32.3944,33.3940
ROI_035/patch_125,nearest,16–32,1,18846,0.000,1.000,32.4463,33.4585
ROI_035/patch_125,nearest,32–64,1,71097,0.000,1.000,36.2079,37.2163
ROI_035/patch_125,nearest,64–128,1,116736,0.000,1.000,55.5641,56.6106
ROI_035/patch_125,nearest,≥128,1,49029,0.000,1.000,256.1221,257.2658
ROI_035/patch_125,own,0–16,1,6436,0.000,1.000,32.4247,33.4244
ROI_035/patch_125,own,16–32,1,18846,0.000,1.000,32.8129,33.8175
ROI_035/patch_125,own,32–64,1,73408,0.000,1.000,35.9530,36.9513
ROI_035/patch_125,own,64–128,1,260190,0.000,1.000,49.3888,50.4124
ROI_035/patch_125,own,≥128,1,1738272,0.000,1.000,70.7341,71.7676
ROI_035/patch_126,nearest,0–16,1,6438,0.000,1.000,15.5078,17.1477
ROI_035/patch_126,nearest,16–32,1,18368,0.000,1.000,15.4504,17.0919
ROI_035/patch_126,nearest,32–64,1,61767,0.000,1.000,14.9379,16.6155
ROI_035/patch_126,nearest,64–128,1,146571,0.000,1.000,15.0205,16.8955
ROI_035/patch_126,nearest,≥128,1,29000,0.000,1.000,21.3187,23.6033
ROI_035/patch_126,own,0–16,1,6438,0.000,1.000,15.5491,17.1915
ROI_035/patch_126,own,16–32,1,18368,0.000,1.000,15.1874,16.8300
ROI_035/patch_126,own,32–64,1,65746,0.000,1.000,15.1220,16.7966
ROI_035/patch_126,own,64–128,1,225758,0.000,1.000,15.0186,16.8911
ROI_035/patch_126,own,≥128,1,1780842,0.000,1.000,16.8091,18.6955
ROI_035/patch_127,nearest,0–16,1,6408,0.000,1.000,15.8194,20.1888
ROI_035/patch_127,nearest,16–32,1,17052,0.000,1.000,16.5953,20.8402
ROI_035/patch_127,nearest,32–64,1,54505,0.000,1.000,16.5063,20.6750
ROI_035/patch_127,nearest,64–128,1,111825,0.000,1.000,27.3380,31.6004
ROI_035/patch_127,nearest,≥128,1,72354,0.000,1.000,24.1683,29.1748
ROI_035/patch_127,own,0–16,1,6408,0.000,1.000,15.7028,20.0766
ROI_035/patch_127,own,16–32,1,17052,0.000,1.000,16.0637,20.3467
ROI_035/patch_127,own,32–64,1,58025,0.000,1.000,16.5303,20.6919
ROI_035/patch_127,own,64–128,1,196489,0.000,1.000,21.2124,25.3825
ROI_035/patch_127,own,≥128,1,1819178,0.000,1.000,20.6287,24.9221
ROI_035/patch_128,nearest,0–16,1,6447,0.000,1.000,6.1364,7.9491
ROI_035/patch_128,nearest,16–32,1,19111,0.000,1.000,6.1867,7.9860
ROI_035/patch_128,nearest,32–64,1,68109,0.000,1.000,9.8945,11.7169
ROI_035/patch_128,nearest,64–128,1,126396,0.000,1.000,38.0324,39.8042
ROI_035/patch_128,nearest,≥128,1,42081,0.000,1.000,15.4788,17.3731
ROI_035/patch_128,own,0–16,1,6447,0.000,1.000,6.1673,7.9755
ROI_035/patch_128,own,16–32,1,19111,0.000,1.000,6.1387,7.9311
ROI_035/patch_128,own,32–64,1,72530,0.000,1.000,8.6288,10.4300
ROI_035/patch_128,own,64–128,1,257924,0.000,1.000,13.9606,15.7474
ROI_035/patch_128,own,≥128,1,1741140,0.000,1.000,16.6363,18.4025
ROI_035/patch_130,nearest,0–16,1,6292,0.000,1.000,12.3102,13.1850
ROI_035/patch_130,nearest,16–32,1,18375,0.000,1.000,12.2782,13.1656
ROI_035/patch_130,nearest,32–64,1,67683,0.000,1.000,12.3171,13.4234
ROI_035/patch_130,nearest,64–128,1,115621,0.000,1.000,14.9794,16.2795
ROI_035/patch_130,nearest,≥128,1,54173,0.000,1.000,32.1499,33.2765
ROI_035/patch_130,own,0–16,1,6292,0.000,1.000,12.3035,13.1812
ROI_035/patch_130,own,16–32,1,18375,0.000,1.000,12.2983,13.2010
ROI_035/patch_130,own,32–64,1,70829,0.000,1.000,12.3333,13.4089
ROI_035/patch_130,own,64–128,1,266600,0.000,1.000,13.8528,15.0731
ROI_035/patch_130,own,≥128,1,1735056,0.000,1.000,20.6432,21.9308
ROI_035/patch_131,nearest,0–16,1,6441,0.000,1.000,34.6409,35.7963
ROI_035/patch_131,nearest,16–32,1,18896,0.000,1.000,34.7608,35.8905
ROI_035/patch_131,nearest,32–64,1,66445,0.000,1.000,35.9011,37.0612
ROI_035/patch_131,nearest,64–128,1,124944,0.000,1.000,61.7210,62.6844
ROI_035/patch_131,nearest,≥128,1,45418,0.000,1.000,141.3729,142.4318
ROI_035/patch_131,own,0–16,1,6441,0.000,1.000,34.5941,35.7503
ROI_035/patch_131,own,16–32,1,18896,0.000,1.000,34.7791,35.9177
ROI_035/patch_131,own,32–64,1,69366,0.000,1.000,35.9236,37.0750
ROI_035/patch_131,own,64–128,1,243749,0.000,1.000,54.0473,55.0292
ROI_035/patch_131,own,≥128,1,1758700,0.000,1.000,75.0419,76.0877
ROI_035/patch_132,nearest,0–16,1,6282,0.000,1.000,8.9136,9.8660
ROI_035/patch_132,nearest,16–32,1,17702,0.000,1.000,12.9105,13.8625
ROI_035/patch_132,nearest,32–64,1,65889,0.000,1.000,29.5435,30.5032
ROI_035/patch_132,nearest,64–128,1,143929,0.000,1.000,37.0001,38.0349
ROI_035/patch_132,nearest,≥128,1,28342,0.000,1.000,285.8702,287.8363
ROI_035/patch_132,own,0–16,1,6282,0.000,1.000,8.8286,9.7852
ROI_035/patch_132,own,16–32,1,17702,0.000,1.000,13.9015,14.8565
ROI_035/patch_132,own,32–64,1,67872,0.000,1.000,26.7303,27.6976
ROI_035/patch_132,own,64–128,1,241118,0.000,1.000,27.7299,28.7545
ROI_035/patch_132,own,≥128,1,1764178,0.000,1.000,42.5027,43.5218
ROI_035/patch_135,nearest,0–16,1,6193,0.000,1.000,16.2818,17.4436
ROI_035/patch_135,nearest,16–32,1,16713,0.000,1.000,16.7863,17.9732
ROI_035/patch_135,nearest,32–64,1,55773,0.000,1.000,23.7939,25.0687
ROI_035/patch_135,nearest,64–128,1,127059,0.000,1.000,144.1336,145.5201
ROI_035/patch_135,nearest,≥128,1,56406,0.000,1.000,273.6358,275.2274
ROI_035/patch_135,own,0–16,1,6193,0.000,1.000,16.3162,17.4775
ROI_035/patch_135,own,16–32,1,17103,0.000,1.000,16.4201,17.6038
ROI_035/patch_135,own,32–64,1,63250,0.000,1.000,24.1667,25.4572
ROI_035/patch_135,own,64–128,1,213866,0.000,1.000,100.6023,101.9320
ROI_035/patch_135,own,≥128,1,1796740,0.000,1.000,139.9974,141.4379
ROI_035/patch_136,nearest,0–16,1,6210,0.000,1.000,24.5041,25.4936
ROI_035/patch_136,nearest,16–32,1,18277,0.000,1.000,29.9947,30.9840
ROI_035/patch_136,nearest,32–64,1,63846,0.000,1.000,46.8215,47.8789
ROI_035/patch_136,nearest,64–128,1,117987,0.000,1.000,43.3154,44.4014
ROI_035/patch_136,nearest,≥128,1,55824,0.000,1.000,336.2241,337.2945
ROI_035/patch_136,own,0–16,1,6210,0.000,1.000,24.6153,25.6017
ROI_035/patch_136,own,16–32,1,18277,0.000,1.000,30.7122,31.7076
ROI_035/patch_136,own,32–64,1,70468,0.000,1.000,48.7387,49.7979
ROI_035/patch_136,own,64–128,1,251663,0.000,1.000,33.4425,34.4867
ROI_035/patch_136,own,≥128,1,1750534,0.000,1.000,53.6327,54.7167
ROI_035/patch_137,nearest,0–16,1,6437,0.000,1.000,35.8380,37.5700
ROI_035/patch_137,nearest,16–32,1,18727,0.000,1.000,35.8635,37.6318
ROI_035/patch_137,nearest,32–64,1,67727,0.000,1.000,38.7335,40.6492
ROI_035/patch_137,nearest,64–128,1,136485,0.000,1.000,149.7059,151.8702
ROI_035/patch_137,nearest,≥128,1,32768,0.000,1.000,482.5789,484.8047
ROI_035/patch_137,own,0–16,1,6437,0.000,1.000,35.8495,37.5827
ROI_035/patch_137,own,16–32,1,18727,0.000,1.000,35.8907,37.6569
ROI_035/patch_137,own,32–64,1,72958,0.000,1.000,39.2056,41.1360
ROI_035/patch_137,own,64–128,1,241901,0.000,1.000,93.7719,95.8545
ROI_035/patch_137,own,≥128,1,1757129,0.000,1.000,128.3268,130.3351
ROI_035/patch_138,nearest,0–16,1,6227,0.000,1.000,19.3996,20.8215
ROI_035/patch_138,nearest,16–32,1,17765,0.000,1.000,20.9464,22.3748
ROI_035/patch_138,nearest,32–64,1,60286,0.000,1.000,52.0378,53.7570
ROI_035/patch_138,nearest,64–128,1,137255,0.000,1.000,265.6505,267.4697
ROI_035/patch_138,nearest,≥128,1,40611,0.000,1.000,857.4540,858.8736
ROI_035/patch_138,own,0–16,1,6227,0.000,1.000,19.2954,20.7249
ROI_035/patch_138,own,16–32,1,17765,0.000,1.000,21.3233,22.7734
ROI_035/patch_138,own,32–64,1,69141,0.000,1.000,37.7504,39.3162
ROI_035/patch_138,own,64–128,1,259492,0.000,1.000,143.3488,144.9506
ROI_035/patch_138,own,≥128,1,1744527,0.000,1.000,253.5108,255.3788
ROI_035/patch_139,nearest,0–16,1,6396,0.000,1.000,43.7664,45.5005
ROI_035/patch_139,nearest,16–32,1,18568,0.000,1.000,46.2655,47.9707
ROI_035/patch_139,nearest,32–64,1,63656,0.000,1.000,84.3849,85.9984
ROI_035/patch_139,nearest,64–128,1,100587,0.000,1.000,176.1453,177.7939
ROI_035/patch_139,nearest,≥128,1,72937,0.000,1.000,164.7970,166.5109
ROI_035/patch_139,own,0–16,1,6396,0.000,1.000,43.4429,45.1722
ROI_035/patch_139,own,16–32,1,18568,0.000,1.000,46.2074,47.9050
ROI_035/patch_139,own,32–64,1,71598,0.000,1.000,74.5009,76.1406
ROI_035/patch_139,own,64–128,1,238490,0.000,1.000,147.1553,148.7714
ROI_035/patch_139,own,≥128,1,1762100,0.000,1.000,138.1216,139.7356
ROI_035/patch_142,nearest,0–16,1,6434,0.000,1.000,7.5204,9.6487
ROI_035/patch_142,nearest,16–32,1,18728,0.000,1.000,7.7216,9.8492
ROI_035/patch_142,nearest,32–64,1,63742,0.000,1.000,12.4132,14.5259
ROI_035/patch_142,nearest,64–128,1,123577,0.000,1.000,174.3992,176.8264
ROI_035/patch_142,nearest,≥128,1,49663,1.000,1.000,,
ROI_035/patch_142,own,0–16,1,6434,0.000,1.000,7.4933,9.6138
ROI_035/patch_142,own,16–32,1,19272,0.000,1.000,7.6022,9.7306
ROI_035/patch_142,own,32–64,1,73132,0.000,1.000,14.3135,16.5006
ROI_035/patch_142,own,64–128,1,242700,0.000,1.000,88.6480,90.9520
ROI_035/patch_142,own,≥128,1,1755614,0.000,1.000,322.5709,324.8013
ROI_035/patch_150,nearest,0–16,1,6223,0.000,1.000,4.7814,5.8752
ROI_035/patch_150,nearest,16–32,1,18277,0.000,1.000,4.9388,6.0349
ROI_035/patch_150,nearest,32–64,1,65073,0.000,1.000,4.9061,5.9845
ROI_035/patch_150,nearest,64–128,1,103751,0.000,1.000,23.5758,24.5741
ROI_035/patch_150,nearest,≥128,1,68820,1.000,1.000,,
ROI_035/patch_150,own,0–16,1,6223,0.000,1.000,4.7611,5.8551
ROI_035/patch_150,own,16–32,1,18277,0.000,1.000,4.9399,6.0322
ROI_035/patch_150,own,32–64,1,72398,0.000,1.000,5.0135,6.1049
ROI_035/patch_150,own,64–128,1,264610,0.000,1.000,13.6239,14.6651
ROI_035/patch_150,own,≥128,1,1735644,0.150,1.000,403.6435,404.7759
ROI_035/patch_152,nearest,0–16,1,6436,0.000,1.000,16.4063,23.0359
ROI_035/patch_152,nearest,16–32,1,18995,0.000,1.000,16.7242,23.3259
ROI_035/patch_152,nearest,32–64,1,60293,0.000,1.000,18.9349,25.5642
ROI_035/patch_152,nearest,64–128,1,101722,0.000,1.000,28.6607,34.9654
ROI_035/patch_152,nearest,≥128,1,74698,0.000,1.000,90.1034,95.6992
ROI_035/patch_152,own,0–16,1,6436,0.000,1.000,16.2460,22.8521
ROI_035/patch_152,own,16–32,1,19259,0.000,1.000,16.6604,23.2797
ROI_035/patch_152,own,32–64,1,72448,0.000,1.000,18.0724,24.5888
ROI_035/patch_152,own,64–128,1,262162,0.000,1.000,28.6467,34.7939
ROI_035/patch_152,own,≥128,1,1736847,0.000,1.000,49.3789,55.3467
ROI_035/patch_154,nearest,0–16,1,6223,0.000,1.000,0.8688,2.3577
ROI_035/patch_154,nearest,16–32,1,18050,0.000,1.000,0.8578,2.3705
ROI_035/patch_154,nearest,32–64,1,63984,0.000,1.000,2.4513,4.0146
ROI_035/patch_154,nearest,64–128,1,102132,0.000,1.000,65.3541,67.2031
ROI_035/patch_154,nearest,≥128,1,71755,0.950,1.000,1174.0004,1178.4792
ROI_035/patch_154,own,0–16,1,6223,0.000,1.000,0.8584,2.3508
ROI_035/patch_154,own,16–32,1,18050,0.000,1.000,0.8540,2.3714
ROI_035/patch_154,own,32–64,1,68745,0.000,1.000,1.3567,2.9018
ROI_035/patch_154,own,64–128,1,241102,0.000,1.000,66.6778,68.4590
ROI_035/patch_154,own,≥128,1,1763032,0.000,1.000,781.5821,784.0963
ROI_035/patch_155,nearest,0–16,1,6326,0.000,1.000,5.3196,10.1458
ROI_035/patch_155,nearest,16–32,1,18073,0.000,1.000,5.8763,10.7021
ROI_035/patch_155,nearest,32–64,1,56407,0.000,1.000,6.7775,11.5285
ROI_035/patch_155,nearest,64–128,1,132832,0.000,1.000,27.4947,32.4142
ROI_035/patch_155,nearest,≥128,1,48506,0.000,1.000,43.5827,50.0132
ROI_035/patch_155,own,0–16,1,6326,0.000,1.000,5.3888,10.1940
ROI_035/patch_155,own,16–32,1,18073,0.000,1.000,5.6701,10.4971
ROI_035/patch_155,own,32–64,1,63212,0.000,1.000,6.9446,11.7111
ROI_035/patch_155,own,64–128,1,208800,0.000,1.000,10.8283,15.5568
ROI_035/patch_155,own,≥128,1,1800741,0.000,1.000,22.0196,27.1022
ROI_035/patch_156,nearest,0–16,1,6321,0.000,1.000,24.9609,26.8612
ROI_035/patch_156,nearest,16–32,1,16392,0.000,1.000,25.3865,27.3080
ROI_035/patch_156,nearest,32–64,1,55888,0.000,1.000,27.5474,29.4845
ROI_035/patch_156,nearest,64–128,1,119864,0.000,1.000,35.4939,37.5874
ROI_035/patch_156,nearest,≥128,1,63679,0.000,1.000,47.5325,49.7373
ROI_035/patch_156,own,0–16,1,6321,0.000,1.000,24.9629,26.8665
ROI_035/patch_156,own,16–32,1,16392,0.000,1.000,25.4291,27.3457
ROI_035/patch_156,own,32–64,1,61516,0.000,1.000,26.5482,28.4621
ROI_035/patch_156,own,64–128,1,233964,0.000,1.000,32.6272,34.6428
ROI_035/patch_156,own,≥128,1,1778959,0.000,1.000,34.4741,36.5787
ROI_035/patch_157,nearest,0–16,1,6426,0.000,1.000,10.4744,12.3251
ROI_035/patch_157,nearest,16–32,1,19236,0.000,1.000,14.7935,16.6734
ROI_035/patch_157,nearest,32–64,1,66375,0.000,1.000,31.4558,33.2212
ROI_035/patch_157,nearest,64–128,1,115547,0.000,1.000,66.9496,68.6282
ROI_035/patch_157,nearest,≥128,1,54560,0.000,1.000,443.5927,445.3049
ROI_035/patch_157,own,0–16,1,6426,0.000,1.000,10.6830,12.5209
ROI_035/patch_157,own,16–32,1,19236,0.000,1.000,13.1881,15.0834
ROI_035/patch_157,own,32–64,1,72177,0.000,1.000,47.6860,49.4553
ROI_035/patch_157,own,64–128,1,255908,0.000,1.000,31.7467,33.4513
ROI_035/patch_157,own,≥128,1,1743405,0.000,1.000,57.4271,59.1390
ROI_035/patch_158,nearest,0–16,1,6216,0.000,1.000,4.1168,5.7847
ROI_035/patch_158,nearest,16–32,1,17562,0.000,1.000,4.2297,5.8907
ROI_035/patch_158,nearest,32–64,1,57223,0.000,1.000,4.5709,6.2527
ROI_035/patch_158,nearest,64–128,1,84327,0.000,1.000,6.6186,8.6294
ROI_035/patch_158,nearest,≥128,1,96816,0.000,1.000,273.0079,277.4516
ROI_035/patch_158,own,0–16,1,6216,0.000,1.000,4.1343,5.8029
ROI_035/patch_158,own,16–32,1,17562,0.000,1.000,4.2412,5.9024
ROI_035/patch_158,own,32–64,1,65596,0.000,1.000,4.4082,6.1014
ROI_035/patch_158,own,64–128,1,235013,0.000,1.000,5.7573,7.5466
ROI_035/patch_158,own,≥128,1,1772765,0.000,1.000,337.1489,338.8602
ROI_035/patch_160,nearest,0–16,1,6098,0.000,1.000,21.2582,23.8465
ROI_035/patch_160,nearest,16–32,1,17517,0.000,1.000,21.2362,23.7711
ROI_035/patch_160,nearest,32–64,1,58851,0.000,1.000,22.2798,24.6974
ROI_035/patch_160,nearest,64–128,1,113602,0.000,1.000,26.0782,28.4487
ROI_035/patch_160,nearest,≥128,1,66076,0.000,1.000,124.0670,126.5077
ROI_035/patch_160,own,0–16,1,6098,0.000,1.000,21.2829,23.8796
ROI_035/patch_160,own,16–32,1,17518,0.000,1.000,21.1510,23.6811
ROI_035/patch_160,own,32–64,1,65354,0.000,1.000,22.3290,24.7509
ROI_035/patch_160,own,64–128,1,220269,0.000,1.000,24.8095,27.2200
ROI_035/patch_160,own,≥128,1,1787913,0.000,1.000,41.4801,43.9262
ROI_035/patch_161,nearest,0–16,1,6116,0.000,1.000,10.2111,11.7374
ROI_035/patch_161,nearest,16–32,1,17353,0.000,1.000,10.9290,12.4229
ROI_035/patch_161,nearest,32–64,1,63956,0.000,1.000,13.3864,14.8414
ROI_035/patch_161,nearest,64–128,1,139366,0.000,1.000,59.2080,60.5663
ROI_035/patch_161,nearest,≥128,1,35353,0.000,1.000,272.9100,274.7496
ROI_035/patch_161,own,0–16,1,6116,0.000,1.000,10.2138,11.7402
ROI_035/patch_161,own,16–32,1,17353,0.000,1.000,10.9756,12.4839
ROI_035/patch_161,own,32–64,1,64172,0.000,1.000,14.0075,15.4589
ROI_035/patch_161,own,64–128,1,242723,0.000,1.000,60.1359,61.5252
ROI_035/patch_161,own,≥128,1,1766788,0.000,1.000,105.0072,106.4421
ROI_035/patch_162,nearest,0–16,1,6242,0.000,1.000,10.1445,13.7896
ROI_035/patch_162,nearest,16–32,1,18001,0.000,1.000,9.9432,13.4998
ROI_035/patch_162,nearest,32–64,1,63628,0.000,1.000,9.9000,13.3544
ROI_035/patch_162,nearest,64–128,1,109648,0.000,1.000,35.7864,38.9189
ROI_035/patch_162,nearest,≥128,1,64625,0.000,1.000,868.0807,871.8343
ROI_035/patch_162,own,0–16,1,6242,0.000,1.000,10.1578,13.7970
ROI_035/patch_162,own,16–32,1,18001,0.000,1.000,9.9320,13.4632
ROI_035/patch_162,own,32–64,1,65848,0.000,1.000,9.7870,13.2300
ROI_035/patch_162,own,64–128,1,234343,0.000,1.000,25.4381,28.7457
ROI_035/patch_162,own,≥128,1,1772718,0.000,1.000,483.5221,487.1610
ROI_035/patch_164,nearest,0–16,1,5938,0.000,1.000,31.3395,32.4653
ROI_035/patch_164,nearest,16–32,1,17222,0.000,1.000,31.1465,32.2681
ROI_035/patch_164,nearest,32–64,1,66629,0.000,1.000,31.0714,32.2122
ROI_035/patch_164,nearest,64–128,1,142494,0.000,1.000,33.9643,35.2391
ROI_035/patch_164,nearest,≥128,1,29861,0.000,1.000,49.6725,50.9415
ROI_035/patch_164,own,0–16,1,5938,0.000,1.000,31.3369,32.4606
ROI_035/patch_164,own,16–32,1,17222,0.000,1.000,31.0920,32.2166
ROI_035/patch_164,own,32–64,1,68205,0.000,1.000,31.0463,32.1862
ROI_035/patch_164,own,64–128,1,258796,0.000,1.000,32.2471,33.4076
ROI_035/patch_164,own,≥128,1,1746991,0.000,1.000,37.0621,38.3221
ROI_035/patch_165,nearest,0–16,1,6183,0.000,1.000,60.1127,62.6418
ROI_035/patch_165,nearest,16–32,1,16042,0.000,1.000,59.8781,62.3449
ROI_035/patch_165,nearest,32–64,1,50840,0.000,1.000,63.8363,66.2923
ROI_035/patch_165,nearest,64–128,1,101296,0.000,1.000,96.1623,98.4405
ROI_035/patch_165,nearest,≥128,1,87783,0.000,1.000,232.9264,235.2633
ROI_035/patch_165,own,0–16,1,6183,0.000,1.000,60.0034,62.5185
ROI_035/patch_165,own,16–32,1,16876,0.000,1.000,60.5868,63.0606
ROI_035/patch_165,own,32–64,1,60860,0.000,1.000,64.8746,67.3429
ROI_035/patch_165,own,64–128,1,207669,0.000,1.000,81.1535,83.4576
ROI_035/patch_165,own,≥128,1,1805564,0.000,1.000,118.3426,120.4928
ROI_035/patch_166,nearest,0–16,1,6166,0.000,1.000,8.5605,11.6680
ROI_035/patch_166,nearest,16–32,1,18140,0.000,1.000,8.6096,11.7989
ROI_035/patch_166,nearest,32–64,1,61793,0.000,1.000,9.1386,12.4632
ROI_035/patch_166,nearest,64–128,1,106056,0.000,1.000,15.0071,18.2711
ROI_035/patch_166,nearest,≥128,1,69989,0.000,1.000,669.6143,672.2279
ROI_035/patch_166,own,0–16,1,6166,0.000,1.000,8.5933,11.6902
ROI_035/patch_166,own,16–32,1,18140,0.000,1.000,8.5898,11.7831
ROI_035/patch_166,own,32–64,1,67924,0.000,1.000,8.7770,12.1128
ROI_035/patch_166,own,64–128,1,223091,0.000,1.000,14.9435,18.2144
ROI_035/patch_166,own,≥128,1,1781831,0.000,1.000,297.5449,299.8575
ROI_035/patch_170,nearest,0–16,1,6406,0.000,1.000,28.9683,30.0743
ROI_035/patch_170,nearest,16–32,1,18079,0.000,1.000,29.3445,30.4671
ROI_035/patch_170,nearest,32–64,1,53797,0.000,1.000,32.5281,33.7145
ROI_035/patch_170,nearest,64–128,1,116809,0.000,1.000,48.1828,49.8821
ROI_035/patch_170,nearest,≥128,1,67053,0.000,1.000,58.8324,62.7520
ROI_035/patch_170,own,0–16,1,6406,0.000,1.000,29.0955,30.2013
ROI_035/patch_170,own,16–32,1,18254,0.000,1.000,29.3885,30.4985
ROI_035/patch_170,own,32–64,1,64740,0.000,1.000,30.6376,31.8328
ROI_035/patch_170,own,64–128,1,214374,0.000,1.000,41.7664,43.2843
ROI_035/patch_170,own,≥128,1,1793378,0.000,1.000,47.8152,49.6871
ROI_035/patch_171,nearest,0–16,1,6428,0.000,1.000,24.7212,25.9681
ROI_035/patch_171,nearest,16–32,1,18617,0.000,1.000,24.5350,25.7779
ROI_035/patch_171,nearest,32–64,1,68491,0.000,1.000,24.4894,25.7283
ROI_035/patch_171,nearest,64–128,1,124428,0.000,1.000,27.6914,29.0163
ROI_035/patch_171,nearest,≥128,1,44180,0.000,1.000,38.5613,40.4783
ROI_035/patch_171,own,0–16,1,6428,0.000,1.000,24.9690,26.2164
ROI_035/patch_171,own,16–32,1,18617,0.000,1.000,24.3885,25.6314
ROI_035/patch_171,own,32–64,1,72083,0.000,1.000,24.5210,25.7594
ROI_035/patch_171,own,64–128,1,232464,0.000,1.000,26.1302,27.4339
ROI_035/patch_171,own,≥128,1,1767560,0.000,1.000,31.4960,32.8522
ROI_035/patch_172,nearest,0–16,1,6235,0.000,1.000,10.0002,11.7789
ROI_035/patch_172,nearest,16–32,1,16775,0.000,1.000,9.9286,11.6916
ROI_035/patch_172,nearest,32–64,1,52974,0.000,1.000,10.4728,12.2652
ROI_035/patch_172,nearest,64–128,1,107784,0.000,1.000,13.0262,14.8861
ROI_035/patch_172,nearest,≥128,1,78376,0.000,1.000,29.4394,31.2261
ROI_035/patch_172,own,0–16,1,6235,0.000,1.000,10.0449,11.8230
ROI_035/patch_172,own,16–32,1,16999,0.000,1.000,9.8336,11.6152
ROI_035/patch_172,own,32–64,1,62175,0.000,1.000,10.2784,12.0830
ROI_035/patch_172,own,64–128,1,219408,0.000,1.000,11.9532,13.7546
ROI_035/patch_172,own,≥128,1,1792335,0.000,1.000,18.7140,20.6578
ROI_035/patch_173,nearest,0–16,1,6428,0.000,1.000,6.6656,9.3838
ROI_035/patch_173,nearest,16–32,1,18609,0.000,1.000,6.5704,9.2920
ROI_035/patch_173,nearest,32–64,1,66018,0.000,1.000,8.0671,10.7754
ROI_035/patch_173,nearest,64–128,1,115446,0.000,1.000,17.3844,20.1822
ROI_035/patch_173,nearest,≥128,1,55643,0.000,1.000,30.7201,33.4104
ROI_035/patch_173,own,0–16,1,6428,0.000,1.000,6.6206,9.3360
ROI_035/patch_173,own,16–32,1,18609,0.000,1.000,6.5943,9.3077
ROI_035/patch_173,own,32–64,1,71601,0.000,1.000,8.2128,10.9015
ROI_035/patch_173,own,64–128,1,263538,0.000,1.000,16.3535,19.0637
ROI_035/patch_173,own,≥128,1,1736976,0.000,1.000,28.1518,30.9229
ROI_035/patch_175,nearest,0–16,1,6428,0.000,1.000,45.0234,47.9807
ROI_035/patch_175,nearest,16–32,1,18930,0.000,1.000,45.1239,48.0997
ROI_035/patch_175,nearest,32–64,1,66976,0.000,1.000,44.5591,47.5865
ROI_035/patch_175,nearest,64–128,1,120837,0.000,1.000,44.4949,47.5151
ROI_035/patch_175,nearest,≥128,1,48973,0.000,1.000,46.6650,49.9284
ROI_035/patch_175,own,0–16,1,6428,0.000,1.000,45.2665,48.2179
ROI_035/patch_175,own,16–32,1,19303,0.000,1.000,45.1484,48.1193
ROI_035/patch_175,own,32–64,1,73949,0.000,1.000,44.7744,47.7725
ROI_035/patch_175,own,64–128,1,256570,0.000,1.000,44.0984,47.1122
ROI_035/patch_175,own,≥128,1,1740902,0.000,1.000,50.2001,53.1541
ROI_035/patch_176,nearest,0–16,1,6332,0.000,1.000,20.2416,21.6378
ROI_035/patch_176,nearest,16–32,1,18326,0.000,1.000,20.7680,22.1678
ROI_035/patch_176,nearest,32–64,1,62551,0.000,1.000,22.2506,23.6200
ROI_035/patch_176,nearest,64–128,1,117358,0.000,1.000,38.9182,40.1882
ROI_035/patch_176,nearest,≥128,1,57577,0.000,1.000,286.7259,287.9850
ROI_035/patch_176,own,0–16,1,6332,0.000,1.000,20.2806,21.6704
ROI_035/patch_176,own,16–32,1,18326,0.000,1.000,21.0041,22.3944
ROI_035/patch_176,own,32–64,1,69345,0.000,1.000,21.8847,23.2538
ROI_035/patch_176,own,64–128,1,240451,0.000,1.000,34.4346,35.7249
ROI_035/patch_176,own,≥128,1,1762698,0.000,1.000,95.1486,96.3725
ROI_035/patch_177,nearest,0–16,1,6278,0.000,1.000,16.4362,18.8760
ROI_035/patch_177,nearest,16–32,1,17596,0.000,1.000,17.1898,19.5571
ROI_035/patch_177,nearest,32–64,1,54929,0.000,1.000,16.8478,18.9677
ROI_035/patch_177,nearest,64–128,1,125849,0.000,1.000,18.7652,20.7343
ROI_035/patch_177,nearest,≥128,1,57492,0.000,1.000,26.9190,28.4688
ROI_035/patch_177,own,0–16,1,6278,0.000,1.000,16.3928,18.8214
ROI_035/patch_177,own,16–32,1,17596,0.000,1.000,17.1359,19.4919
ROI_035/patch_177,own,32–64,1,62175,0.000,1.000,17.0687,19.1925
ROI_035/patch_177,own,64–128,1,228350,0.000,1.000,17.9654,19.9170
ROI_035/patch_177,own,≥128,1,1782753,0.000,1.000,26.2826,28.0281
ROI_035/patch_178,nearest,0–16,1,6432,0.000,1.000,21.0024,24.3999
ROI_035/patch_178,nearest,16–32,1,19297,0.000,1.000,20.8201,24.2118
ROI_035/patch_178,nearest,32–64,1,65956,0.000,1.000,20.8115,24.1882
ROI_035/patch_178,nearest,64–128,1,132925,0.000,1.000,20.2226,23.5506
ROI_035/patch_178,nearest,≥128,1,37534,0.000,1.000,25.3733,28.8748
ROI_035/patch_178,own,0–16,1,6432,0.000,1.000,21.0000,24.3932
ROI_035/patch_178,own,16–32,1,19297,0.000,1.000,20.7452,24.1231
ROI_035/patch_178,own,32–64,1,77199,0.000,1.000,20.8782,24.2507
ROI_035/patch_178,own,64–128,1,269016,0.000,1.000,20.9209,24.2244
ROI_035/patch_178,own,≥128,1,1725208,0.000,1.000,23.7404,27.0755
ROI_035/patch_179,nearest,0–16,1,6047,0.000,1.000,27.8904,29.7160
ROI_035/patch_179,nearest,16–32,1,17336,0.000,1.000,29.7990,31.5865
ROI_035/patch_179,nearest,32–64,1,59174,0.000,1.000,37.2057,39.0088
ROI_035/patch_179,nearest,64–128,1,86892,0.000,1.000,44.8527,46.8229
ROI_035/patch_179,nearest,≥128,1,92695,0.000,1.000,164.5651,167.2287
ROI_035/patch_179,own,0–16,1,6047,0.000,1.000,27.8549,29.6857
ROI_035/patch_179,own,16–32,1,17336,0.000,1.000,29.4964,31.2704
ROI_035/patch_179,own,32–64,1,67228,0.000,1.000,33.5904,35.3684
ROI_035/patch_179,own,64–128,1,246845,0.000,1.000,39.6914,41.5374
ROI_035/patch_179,own,≥128,1,1759696,0.000,1.000,128.2062,130.1644
ROI_035/patch_180,nearest,0–16,1,6447,0.000,1.000,8.3755,9.2972
ROI_035/patch_180,nearest,16–32,1,19016,0.000,1.000,8.3282,9.2703
ROI_035/patch_180,nearest,32–64,1,65314,0.000,1.000,7.3275,8.3418
ROI_035/patch_180,nearest,64–128,1,127394,0.000,1.000,8.4486,9.4631
ROI_035/patch_180,nearest,≥128,1,43973,0.000,1.000,37.1411,37.9684
ROI_035/patch_180,own,0–16,1,6447,0.000,1.000,8.4029,9.3211
ROI_035/patch_180,own,16–32,1,19016,0.000,1.000,8.1614,9.1032
ROI_035/patch_180,own,32–64,1,70257,0.000,1.000,7.5584,8.5575
ROI_035/patch_180,own,64–128,1,240994,0.000,1.000,7.5290,8.6431
ROI_035/patch_180,own,≥128,1,1760438,0.000,1.000,11.6002,12.5588
ROI_035/patch_181,nearest,0–16,1,6417,0.000,1.000,8.5179,10.1660
ROI_035/patch_181,nearest,16–32,1,17808,0.000,1.000,7.9998,9.7206
ROI_035/patch_181,nearest,32–64,1,51934,0.000,1.000,5.8055,7.4560
ROI_035/patch_181,nearest,64–128,1,122089,0.000,1.000,5.7748,7.4211
ROI_035/patch_181,nearest,≥128,1,63896,0.000,1.000,6.1119,7.5594
ROI_035/patch_181,own,0–16,1,6417,0.000,1.000,8.5162,10.1656
ROI_035/patch_181,own,16–32,1,17808,0.000,1.000,7.7491,9.4605
ROI_035/patch_181,own,32–64,1,56114,0.000,1.000,6.2088,7.9106
ROI_035/patch_181,own,64–128,1,180229,0.000,1.000,5.8314,7.4700
ROI_035/patch_181,own,≥128,1,1836584,0.000,1.000,5.5361,7.2455
ROI_035/patch_183,nearest,0–16,1,6437,0.000,1.000,6.2418,9.0800
ROI_035/patch_183,nearest,16–32,1,19298,0.000,1.000,11.0400,13.8866
ROI_035/patch_183,nearest,32–64,1,66943,0.000,1.000,61.4677,64.3963
ROI_035/patch_183,nearest,64–128,1,127258,0.000,1.000,163.5266,166.9692
ROI_035/patch_183,nearest,≥128,1,42208,0.000,1.000,115.7588,119.1489
ROI_035/patch_183,own,0–16,1,6437,0.000,1.000,6.1864,9.0088
ROI_035/patch_183,own,16–32,1,19298,0.000,1.000,12.1405,14.9649
ROI_035/patch_183,own,32–64,1,73145,0.000,1.000,55.0694,57.9936
ROI_035/patch_183,own,64–128,1,257164,0.000,1.000,136.2078,139.4548
ROI_035/patch_183,own,≥128,1,1741108,0.000,1.000,166.2253,169.5117
ROI_035/patch_184,nearest,0–16,1,6436,0.000,1.000,6.9780,8.9238
ROI_035/patch_184,nearest,16–32,1,18534,0.000,1.000,6.7813,8.7166
ROI_035/patch_184,nearest,32–64,1,57768,0.000,1.000,7.5309,9.4409
ROI_035/patch_184,nearest,64–128,1,126046,0.000,1.000,8.0652,9.9997
ROI_035/patch_184,nearest,≥128,1,53360,0.000,1.000,5.6277,7.7209
ROI_035/patch_184,own,0–16,1,6436,0.000,1.000,6.9735,8.9222
ROI_035/patch_184,own,16–32,1,18825,0.000,1.000,6.8448,8.7760
ROI_035/patch_184,own,32–64,1,69697,0.000,1.000,8.6046,10.5398
ROI_035/patch_184,own,64–128,1,235304,0.000,1.000,7.2430,9.1910
ROI_035/patch_184,own,≥128,1,1766890,0.000,1.000,7.8791,9.8832
ROI_035/patch_187,nearest,0–16,1,6427,0.000,1.000,11.0842,12.7794
ROI_035/patch_187,nearest,16–32,1,18672,0.000,1.000,11.2801,13.0030
ROI_035/patch_187,nearest,32–64,1,61946,0.000,1.000,18.7506,20.3723
ROI_035/patch_187,nearest,64–128,1,105727,0.000,1.000,32.6913,34.3494
ROI_035/patch_187,nearest,≥128,1,69372,0.000,1.000,28.9931,31.1911
ROI_035/patch_187,own,0–16,1,6427,0.000,1.000,11.0886,12.7855
ROI_035/patch_187,own,16–32,1,18672,0.000,1.000,11.0968,12.8037
ROI_035/patch_187,own,32–64,1,72461,0.000,1.000,23.7076,25.4086
ROI_035/patch_187,own,64–128,1,257862,0.000,1.000,21.4838,23.1901
ROI_035/patch_187,own,≥128,1,1741730,0.000,1.000,27.2482,29.1509
ROI_035/patch_188,nearest,0–16,1,6388,0.000,1.000,2.3541,3.2346
ROI_035/patch_188,nearest,16–32,1,17584,0.000,1.000,2.3772,3.2851
ROI_035/patch_188,nearest,32–64,1,58606,0.000,1.000,2.4658,3.3781
ROI_035/patch_188,nearest,64–128,1,102042,0.000,1.000,20.6175,21.6183
ROI_035/patch_188,nearest,≥128,1,77524,0.000,1.000,99.2955,100.7565
ROI_035/patch_188,own,0–16,1,6388,0.000,1.000,2.3472,3.2224
ROI_035/patch_188,own,16–32,1,18031,0.000,1.000,2.3676,3.2976
ROI_035/patch_188,own,32–64,1,66785,0.000,1.000,2.4844,3.3897
ROI_035/patch_188,own,64–128,1,240507,0.000,1.000,24.0246,25.1215
ROI_035/patch_188,own,≥128,1,1765441,0.000,1.000,35.1077,36.1220
ROI_035/patch_189,nearest,0–16,1,6437,0.000,1.000,4.0419,5.5502
ROI_035/patch_189,nearest,16–32,1,18669,0.000,1.000,4.0829,5.5683
ROI_035/patch_189,nearest,32–64,1,61737,0.000,1.000,5.6164,6.9767
ROI_035/patch_189,nearest,64–128,1,128265,0.000,1.000,20.6841,22.1818
ROI_035/patch_189,nearest,≥128,1,47036,0.000,1.000,84.7644,86.5608
ROI_035/patch_189,own,0–16,1,6437,0.000,1.000,4.0515,5.5553
ROI_035/patch_189,own,16–32,1,18841,0.000,1.000,4.0835,5.5546
ROI_035/patch_189,own,32–64,1,70471,0.000,1.000,7.3233,8.7181
ROI_035/patch_189,own,64–128,1,241238,0.000,1.000,26.9762,28.5374
ROI_035/patch_189,own,≥128,1,1760165,0.000,1.000,44.3230,45.9626
ROI_035/patch_190,nearest,0–16,1,6239,0.000,1.000,8.6695,10.3234
ROI_035/patch_190,nearest,16–32,1,16934,0.000,1.000,8.3600,10.0038
ROI_035/patch_190,nearest,32–64,1,55732,0.000,1.000,8.5699,10.1391
ROI_035/patch_190,nearest,64–128,1,112944,0.000,1.000,14.3302,15.8537
ROI_035/patch_190,nearest,≥128,1,70295,0.000,1.000,72.8412,74.1725
ROI_035/patch_190,own,0–16,1,6239,0.000,1.000,8.6305,10.3039
ROI_035/patch_190,own,16–32,1,16936,0.000,1.000,8.5563,10.2127
ROI_035/patch_190,own,32–64,1,65093,0.000,1.000,8.4766,10.0319
ROI_035/patch_190,own,64–128,1,213146,0.000,1.000,14.0679,15.6068
ROI_035/patch_190,own,≥128,1,1795738,0.000,1.000,13.3534,14.7610
ROI_035/patch_191,nearest,0–16,1,6340,0.000,1.000,17.0446,20.9797
ROI_035/patch_191,nearest,16–32,1,18435,0.000,1.000,14.4025,18.3649
ROI_035/patch_191,nearest,32–64,1,65934,0.000,1.000,15.8761,19.8109
ROI_035/patch_191,nearest,64–128,1,118819,0.000,1.000,48.1690,52.1224
ROI_035/patch_191,nearest,≥128,1,52616,0.000,1.000,56.0485,60.4296
ROI_035/patch_191,own,0–16,1,6340,0.000,1.000,16.9467,20.8850
ROI_035/patch_191,own,16–32,1,18435,0.000,1.000,14.6054,18.5690
ROI_035/patch_191,own,32–64,1,70329,0.000,1.000,14.4276,18.3298
ROI_035/patch_191,own,64–128,1,230496,0.000,1.000,38.3164,42.2948
ROI_035/patch_191,own,≥128,1,1771552,0.000,1.000,45.2405,49.1248
ROI_035/patch_192,nearest,0–16,1,6354,0.000,1.000,6.7220,7.7444
ROI_035/patch_192,nearest,16–32,1,18473,0.000,1.000,6.7463,7.7739
ROI_035/patch_192,nearest,32–64,1,69694,0.000,1.000,8.1872,9.2863
ROI_035/patch_192,nearest,64–128,1,116866,0.000,1.000,9.2465,10.1863
ROI_035/patch_192,nearest,≥128,1,50757,0.000,1.000,12.0668,12.9091
ROI_035/patch_192,own,0–16,1,6354,0.000,1.000,6.7207,7.7451
ROI_035/patch_192,own,16–32,1,18473,0.000,1.000,6.7204,7.7519
ROI_035/patch_192,own,32–64,1,71558,0.000,1.000,11.6699,12.7814
ROI_035/patch_192,own,64–128,1,255586,0.000,1.000,9.4859,10.4493
ROI_035/patch_192,own,≥128,1,1745181,0.000,1.000,17.8670,18.8695
ROI_035/patch_194,nearest,0–16,1,6436,0.000,1.000,7.2154,7.9057
ROI_035/patch_194,nearest,16–32,1,19275,0.000,1.000,6.8534,7.5300
ROI_035/patch_194,nearest,32–64,1,72670,0.000,1.000,8.7980,9.4735
ROI_035/patch_194,nearest,64–128,1,132590,0.000,1.000,10.1419,10.8109
ROI_035/patch_194,nearest,≥128,1,31173,0.000,1.000,51.4613,52.2166
ROI_035/patch_194,own,0–16,1,6436,0.000,1.000,7.2419,7.9353
ROI_035/patch_194,own,16–32,1,19275,0.000,1.000,6.9673,7.6445
ROI_035/patch_194,own,32–64,1,72670,0.000,1.000,8.2750,8.9611
ROI_035/patch_194,own,64–128,1,229079,0.000,1.000,9.0494,9.7020
ROI_035/patch_194,own,≥128,1,1769692,0.000,1.000,9.7742,10.4306
ROI_035/patch_195,nearest,0–16,1,6317,0.000,1.000,18.1650,18.6874
ROI_035/patch_195,nearest,16–32,1,16952,0.000,1.000,18.1793,18.6870
ROI_035/patch_195,nearest,32–64,1,56059,0.000,1.000,18.9754,19.4663
ROI_035/patch_195,nearest,64–128,1,134991,0.000,1.000,31.6643,32.3297
ROI_035/patch_195,nearest,≥128,1,47825,0.000,1.000,123.9029,124.5906
ROI_035/patch_195,own,0–16,1,6317,0.000,1.000,18.1299,18.6556
ROI_035/patch_195,own,16–32,1,18421,0.000,1.000,18.2854,18.7904
ROI_035/patch_195,own,32–64,1,72432,0.000,1.000,18.8331,19.3186
ROI_035/patch_195,own,64–128,1,252265,0.000,1.000,26.7565,27.3483
ROI_035/patch_195,own,≥128,1,1747717,0.000,1.000,48.3163,48.9566
ROI_035/patch_196,nearest,0–16,1,6432,0.000,1.000,7.3351,8.5306
ROI_035/patch_196,nearest,16–32,1,18789,0.000,1.000,7.4338,8.6097
ROI_035/patch_196,nearest,32–64,1,67434,0.000,1.000,7.6984,8.8520
ROI_035/patch_196,nearest,64–128,1,106557,0.000,1.000,8.6376,9.7684
ROI_035/patch_196,nearest,≥128,1,62932,0.000,1.000,38.8394,40.0327
ROI_035/patch_196,own,0–16,1,6432,0.000,1.000,7.3426,8.5442
ROI_035/patch_196,own,16–32,1,18789,0.000,1.000,7.4604,8.6386
ROI_035/patch_196,own,32–64,1,70160,0.000,1.000,7.7820,8.9458
ROI_035/patch_196,own,64–128,1,250890,0.000,1.000,8.6445,9.7634
ROI_035/patch_196,own,≥128,1,1750881,0.000,1.000,27.5138,28.7434
ROI_035/patch_197,nearest,0–16,1,6437,0.000,1.000,11.4729,14.0733
ROI_035/patch_197,nearest,16–32,1,19304,0.000,1.000,15.7225,18.2887
ROI_035/patch_197,nearest,32–64,1,59529,0.000,1.000,35.4860,37.8947
ROI_035/patch_197,nearest,64–128,1,118550,0.000,1.000,145.0390,147.2436
ROI_035/patch_197,nearest,≥128,1,58324,0.150,1.000,544.2408,546.4508
ROI_035/patch_197,own,0–16,1,6437,0.000,1.000,11.5496,14.1510
ROI_035/patch_197,own,16–32,1,19312,0.000,1.000,15.5399,18.0988
ROI_035/patch_197,own,32–64,1,76163,0.000,1.000,46.5031,48.9248
ROI_035/patch_197,own,64–128,1,284583,0.000,1.000,54.8901,57.1587
ROI_035/patch_197,own,≥128,1,1710657,0.000,1.000,157.9633,159.9907
ROI_035/patch_198,nearest,0–16,1,6442,0.000,1.000,8.1991,9.7224
ROI_035/patch_198,nearest,16–32,1,18400,0.000,1.000,8.1961,9.7399
ROI_035/patch_198,nearest,32–64,1,59592,0.000,1.000,22.0700,23.7830
ROI_035/patch_198,nearest,64–128,1,122055,0.000,1.000,179.3987,181.4973
ROI_035/patch_198,nearest,≥128,1,55655,0.000,1.000,745.0984,747.0414
ROI_035/patch_198,own,0–16,1,6442,0.000,1.000,8.1905,9.7193
ROI_035/patch_198,own,16–32,1,19279,0.000,1.000,8.1883,9.7275
ROI_035/patch_198,own,32–64,1,72504,0.000,1.000,16.3951,18.0567
ROI_035/patch_198,own,64–128,1,233380,0.000,1.000,57.0078,58.8331
ROI_035/patch_198,own,≥128,1,1765547,0.000,1.000,87.7243,89.5528
ROI_035/patch_199,nearest,0–16,1,6439,0.000,1.000,14.2573,14.8107
ROI_035/patch_199,nearest,16–32,1,19086,0.000,1.000,13.9713,14.5125
ROI_035/patch_199,nearest,32–64,1,66304,0.000,1.000,26.8102,27.2818
ROI_035/patch_199,nearest,64–128,1,125067,0.000,1.000,57.1104,57.5952
ROI_035/patch_199,nearest,≥128,1,45248,0.000,1.000,328.0220,329.3495
ROI_035/patch_199,own,0–16,1,6439,0.000,1.000,14.2149,14.7580
ROI_035/patch_199,own,16–32,1,19086,0.000,1.000,14.1911,14.7218
ROI_035/patch_199,own,32–64,1,68196,0.000,1.000,24.6207,25.1173
ROI_035/patch_199,own,64–128,1,230389,0.000,1.000,41.7853,42.3458
ROI_035/patch_199,own,≥128,1,1773042,0.000,1.000,43.6727,44.2119
ROI_035/patch_200,nearest,0–16,1,6010,0.000,1.000,11.0576,12.3070
ROI_035/patch_200,nearest,16–32,1,16357,0.000,1.000,11.1364,12.4430
ROI_035/patch_200,nearest,32–64,1,54555,0.000,1.000,11.4080,12.7981
ROI_035/patch_200,nearest,64–128,1,110541,0.000,1.000,13.5289,15.0200
ROI_035/patch_200,nearest,≥128,1,74681,0.000,1.000,165.8654,169.0124
ROI_035/patch_200,own,0–16,1,6010,0.000,1.000,11.0116,12.2740
ROI_035/patch_200,own,16–32,1,16566,0.000,1.000,11.1318,12.4277
ROI_035/patch_200,own,32–64,1,61288,0.000,1.000,11.3184,12.7067
ROI_035/patch_200,own,64–128,1,224464,0.000,1.000,12.6741,14.1051
ROI_035/patch_200,own,≥128,1,1788824,0.000,1.000,29.2644,30.8217
ROI_035/patch_201,nearest,0–16,1,6439,0.000,1.000,10.0077,13.3057
ROI_035/patch_201,nearest,16–32,1,18848,0.000,1.000,9.7756,13.0355
ROI_035/patch_201,nearest,32–64,1,62137,0.000,1.000,13.6696,16.9961
ROI_035/patch_201,nearest,64–128,1,135750,0.000,1.000,25.8242,29.5043
ROI_035/patch_201,nearest,≥128,1,38970,0.000,1.000,112.0577,115.9575
ROI_035/patch_201,own,0–16,1,6439,0.000,1.000,10.0601,13.3812
ROI_035/patch_201,own,16–32,1,18848,0.000,1.000,9.9051,13.1755
ROI_035/patch_201,own,32–64,1,68263,0.000,1.000,13.0806,16.4631
ROI_035/patch_201,own,64–128,1,243219,0.000,1.000,21.1009,24.6965
ROI_035/patch_201,own,≥128,1,1760383,0.000,1.000,35.1630,38.8753
ROI_035/patch_202,nearest,0–16,1,6426,0.000,1.000,13.2967,14.8963
ROI_035/patch_202,nearest,16–32,1,18444,0.000,1.000,15.9764,17.5066
ROI_035/patch_202,nearest,32–64,1,63790,0.000,1.000,71.0045,72.3883
ROI_035/patch_202,nearest,64–128,1,119408,0.000,1.000,94.3347,95.8085
ROI_035/patch_202,nearest,≥128,1,54076,0.000,1.000,241.9389,244.2473
ROI_035/patch_202,own,0–16,1,6426,0.000,1.000,13.2744,14.8676
ROI_035/patch_202,own,16–32,1,19294,0.000,1.000,16.2886,17.7890
ROI_035/patch_202,own,32–64,1,77213,0.000,1.000,45.8529,47.2382
ROI_035/patch_202,own,64–128,1,268360,0.000,1.000,88.1486,89.6601
ROI_035/patch_202,own,≥128,1,1725859,0.000,1.000,82.8714,84.2737
ROI_035/patch_203,nearest,0–16,1,6428,0.000,1.000,9.6243,10.3970
ROI_035/patch_203,nearest,16–32,1,19014,0.000,1.000,9.6182,10.3884
ROI_035/patch_203,nearest,32–64,1,64995,0.000,1.000,10.0321,10.8246
ROI_035/patch_203,nearest,64–128,1,118826,0.000,1.000,14.9501,15.9377
ROI_035/patch_203,nearest,≥128,1,52881,0.000,1.000,32.8210,34.0217
ROI_035/patch_203,own,0–16,1,6428,0.000,1.000,9.6025,10.3776
ROI_035/patch_203,own,16–32,1,19014,0.000,1.000,9.6629,10.4369
ROI_035/patch_203,own,32–64,1,73876,0.000,1.000,9.8303,10.6431
ROI_035/patch_203,own,64–128,1,269379,0.000,1.000,16.7429,17.6758
ROI_035/patch_203,own,≥128,1,1728455,0.000,1.000,30.1501,31.0819
ROI_035/patch_205,nearest,0–16,1,6391,0.000,1.000,9.6154,10.6163
ROI_035/patch_205,nearest,16–32,1,18233,0.000,1.000,10.0472,11.0285
ROI_035/patch_205,nearest,32–64,1,61226,0.000,1.000,10.5850,11.5589
ROI_035/patch_205,nearest,64–128,1,124823,0.000,1.000,14.7597,15.6268
ROI_035/patch_205,nearest,≥128,1,51471,0.000,1.000,23.3518,24.5170
ROI_035/patch_205,own,0–16,1,6391,0.000,1.000,9.6237,10.6353
ROI_035/patch_205,own,16–32,1,18513,0.000,1.000,10.0241,11.0117
ROI_035/patch_205,own,32–64,1,70476,0.000,1.000,10.3695,11.3397
ROI_035/patch_205,own,64–128,1,222944,0.000,1.000,12.1230,13.0636
ROI_035/patch_205,own,≥128,1,1778828,0.000,1.000,22.4855,23.5036
ROI_035/patch_207,nearest,0–16,1,6430,0.000,1.000,80.3692,94.5287
ROI_035/patch_207,nearest,16–32,1,18827,0.000,1.000,79.7500,94.0118
ROI_035/patch_207,nearest,32–64,1,68460,0.000,1.000,78.1688,92.5883
ROI_035/patch_207,nearest,64–128,1,103753,0.000,1.000,76.5920,91.5030
ROI_035/patch_207,nearest,≥128,1,64674,0.000,1.000,69.6728,83.6912
ROI_035/patch_207,own,0–16,1,6430,0.000,1.000,80.4284,94.6010
ROI_035/patch_207,own,16–32,1,18827,0.000,1.000,79.6771,93.9357
ROI_035/patch_207,own,32–64,1,73088,0.000,1.000,78.0675,92.4584
ROI_035/patch_207,own,64–128,1,254883,0.000,1.000,79.6613,94.5445
ROI_035/patch_207,own,≥128,1,1743924,0.000,1.000,75.1940,89.4619
ROI_035/patch_208,nearest,0–16,1,6412,0.000,1.000,6.7373,7.8115
ROI_035/patch_208,nearest,16–32,1,18594,0.000,1.000,6.7556,7.8373
ROI_035/patch_208,nearest,32–64,1,60550,0.000,1.000,8.7124,9.8055
ROI_035/patch_208,nearest,64–128,1,113146,0.000,1.000,37.2851,38.3288
ROI_035/patch_208,nearest,≥128,1,63442,0.000,1.000,32.3327,33.1780
ROI_035/patch_208,own,0–16,1,6412,0.000,1.000,6.7517,7.8227
ROI_035/patch_208,own,16–32,1,18594,0.000,1.000,6.8111,7.9041
ROI_035/patch_208,own,32–64,1,72713,0.000,1.000,8.4134,9.5102
ROI_035/patch_208,own,64–128,1,269006,0.000,1.000,16.9422,17.9940
ROI_035/patch_208,own,≥128,1,1730427,0.000,1.000,22.3666,23.3597
ROI_035/patch_209,nearest,0–16,1,6432,0.000,1.000,20.6513,22.9836
ROI_035/patch_209,nearest,16–32,1,18866,0.000,1.000,24.1949,26.5355
ROI_035/patch_209,nearest,32–64,1,66896,0.000,1.000,21.8949,24.0065
ROI_035/patch_209,nearest,64–128,1,130574,0.000,1.000,22.1038,24.1143
ROI_035/patch_209,nearest,≥128,1,39376,0.000,1.000,232.2427,234.4649
ROI_035/patch_209,own,0–16,1,6432,0.000,1.000,19.6359,21.9185
ROI_035/patch_209,own,16–32,1,19038,0.000,1.000,25.1099,27.4515
ROI_035/patch_209,own,32–64,1,72652,0.000,1.000,20.2678,22.3789
ROI_035/patch_209,own,64–128,1,235607,0.000,1.000,20.0536,22.0686
ROI_035/patch_209,own,≥128,1,1763423,0.000,1.000,25.1879,27.1601
ROI_035/patch_210,nearest,0–16,1,6196,0.000,1.000,43.3270,45.6996
ROI_035/patch_210,nearest,16–32,1,17546,0.000,1.000,43.0369,45.2297
ROI_035/patch_210,nearest,32–64,1,58945,0.000,1.000,44.7782,46.9640
ROI_035/patch_210,nearest,64–128,1,121590,0.000,1.000,185.1272,187.0950
ROI_035/patch_210,nearest,≥128,1,57867,0.000,1.000,1588.3338,1591.1983
ROI_035/patch_210,own,0–16,1,6196,0.000,1.000,43.2548,45.5828
ROI_035/patch_210,own,16–32,1,17546,0.000,1.000,43.0275,45.2349
ROI_035/patch_210,own,32–64,1,64500,0.000,1.000,43.9783,46.1069
ROI_035/patch_210,own,64–128,1,222197,0.000,1.000,99.6042,101.6968
ROI_035/patch_210,own,≥128,1,1786713,0.000,1.000,281.3631,283.4106
ROI_035/patch_212,nearest,0–16,1,5808,0.000,1.000,58.0851,61.5801
ROI_035/patch_212,nearest,16–32,1,16657,0.000,1.000,61.3213,64.6600
ROI_035/patch_212,nearest,32–64,1,54523,0.000,1.000,92.5940,96.0432
ROI_035/patch_212,nearest,64–128,1,113345,0.000,1.000,190.0369,193.8225
ROI_035/patch_212,nearest,≥128,1,71811,0.000,1.000,339.5489,342.5390
ROI_035/patch_212,own,0–16,1,5808,0.000,1.000,58.2598,61.7639
ROI_035/patch_212,own,16–32,1,16657,0.000,1.000,60.7038,64.0614
ROI_035/patch_212,own,32–64,1,62455,0.000,1.000,77.4238,80.7602
ROI_035/patch_212,own,64–128,1,230531,0.000,1.000,124.3905,127.9720
ROI_035/patch_212,own,≥128,1,1781701,0.000,1.000,152.4937,156.0022
ROI_035/patch_213,nearest,0–16,1,6265,0.000,1.000,17.6776,22.6209
ROI_035/patch_213,nearest,16–32,1,18140,0.000,1.000,18.7036,23.8537
ROI_035/patch_213,nearest,32–64,1,61359,0.000,1.000,35.3299,40.7131
ROI_035/patch_213,nearest,64–128,1,121132,0.000,1.000,204.4764,209.3527
ROI_035/patch_213,nearest,≥128,1,55248,1.000,1.000,,
ROI_035/patch_213,own,0–16,1,6265,0.000,1.000,17.7354,22.6724
ROI_035/patch_213,own,16–32,1,18140,0.000,1.000,18.8390,23.9830
ROI_035/patch_213,own,32–64,1,68406,0.000,1.000,35.6731,40.7971
ROI_035/patch_213,own,64–128,1,225445,0.000,1.000,81.6894,86.7644
ROI_035/patch_213,own,≥128,1,1778896,0.000,1.000,116.8096,122.0194
ROI_049/patch_0,nearest,0–16,1,6432,0.000,1.000,9.7482,22.1417
ROI_049/patch_0,nearest,16–32,1,19277,0.000,1.000,9.6545,22.0649
ROI_049/patch_0,nearest,32–64,1,64395,0.000,1.000,9.8442,22.1488
ROI_049/patch_0,nearest,64–128,1,124482,0.000,1.000,9.9123,22.0647
ROI_049/patch_0,nearest,≥128,1,47558,0.000,1.000,10.7330,22.8016
ROI_049/patch_0,own,0–16,1,6432,0.000,1.000,9.7409,22.1372
ROI_049/patch_0,own,16–32,1,19277,0.000,1.000,9.6849,22.0920
ROI_049/patch_0,own,32–64,1,71917,0.000,1.000,9.7160,22.0644
ROI_049/patch_0,own,64–128,1,247787,0.000,1.000,9.9677,22.0930
ROI_049/patch_0,own,≥128,1,1751739,0.000,1.000,10.2871,22.4094
ROI_049/patch_1,nearest,0–16,1,6432,0.000,1.000,1.6999,4.1046
ROI_049/patch_1,nearest,16–32,1,19305,0.000,1.000,1.6982,4.0676
ROI_049/patch_1,nearest,32–64,1,69227,0.000,1.000,1.6936,4.0262
ROI_049/patch_1,nearest,64–128,1,118510,0.000,1.000,1.7345,3.9365
ROI_049/patch_1,nearest,≥128,1,48670,0.000,1.000,1.6940,3.7679
ROI_049/patch_1,own,0–16,1,6432,0.000,1.000,1.6991,4.1020
ROI_049/patch_1,own,16–32,1,19305,0.000,1.000,1.6951,4.0700
ROI_049/patch_1,own,32–64,1,76746,0.000,1.000,1.6795,4.0255
ROI_049/patch_1,own,64–128,1,276477,0.000,1.000,1.7615,4.0211
ROI_049/patch_1,own,≥128,1,1718192,0.000,1.000,1.7432,3.9275
ROI_049/patch_2,nearest,0–16,1,6396,0.000,1.000,5.9109,7.5300
ROI_049/patch_2,nearest,16–32,1,18582,0.000,1.000,5.9422,7.5448
ROI_049/patch_2,nearest,32–64,1,67596,0.000,1.000,5.8179,7.3579
ROI_049/patch_2,nearest,64–128,1,140167,0.000,1.000,6.0807,7.5331
ROI_049/patch_2,nearest,≥128,1,29403,0.000,1.000,4.9708,6.7148
ROI_049/patch_2,own,0–16,1,6396,0.000,1.000,5.8794,7.5039
ROI_049/patch_2,own,16–32,1,18582,0.000,1.000,5.9379,7.5397
ROI_049/patch_2,own,32–64,1,72828,0.000,1.000,5.8036,7.3515
ROI_049/patch_2,own,64–128,1,235070,0.000,1.000,5.6573,7.1601
ROI_049/patch_2,own,≥128,1,1764276,0.000,1.000,5.8319,7.3433
ROI_049/patch_3,nearest,0–16,1,6433,0.000,1.000,11.2133,11.8640
ROI_049/patch_3,nearest,16–32,1,18889,0.000,1.000,11.1611,11.8043
ROI_049/patch_3,nearest,32–64,1,65720,0.000,1.000,11.2211,11.8382
ROI_049/patch_3,nearest,64–128,1,113029,0.000,1.000,11.4110,12.1698
ROI_049/patch_3,nearest,≥128,1,58073,0.000,1.000,11.4156,12.4170
ROI_049/patch_3,own,0–16,1,6433,0.000,1.000,11.2168,11.8681
ROI_049/patch_3,own,16–32,1,18889,0.000,1.000,11.1632,11.8037
ROI_049/patch_3,own,32–64,1,72472,0.000,1.000,11.2384,11.8569
ROI_049/patch_3,own,64–128,1,258526,0.000,1.000,11.3969,12.0396
ROI_049/patch_3,own,≥128,1,1740832,0.000,1.000,11.3109,12.1072
ROI_049/patch_4,nearest,0–16,1,6429,0.000,1.000,3.7267,4.6285
ROI_049/patch_4,nearest,16–32,1,18907,0.000,1.000,3.7450,4.6209
ROI_049/patch_4,nearest,32–64,1,62889,0.000,1.000,3.6396,4.4316
ROI_049/patch_4,nearest,64–128,1,117848,0.000,1.000,3.5854,4.2531
ROI_049/patch_4,nearest,≥128,1,56071,0.000,1.000,5.2405,6.2574
ROI_049/patch_4,own,0–16,1,6429,0.000,1.000,3.7318,4.6278
ROI_049/patch_4,own,16–32,1,18907,0.000,1.000,3.7368,4.6152
ROI_049/patch_4,own,32–64,1,68957,0.000,1.000,3.6918,4.4731
ROI_049/patch_4,own,64–128,1,249425,0.000,1.000,3.6378,4.3153
ROI_049/patch_4,own,≥128,1,1753434,0.000,1.000,3.8195,4.6215
ROI_049/patch_5,nearest,0–16,1,6421,0.000,1.000,5.5393,7.7260
ROI_049/patch_5,nearest,16–32,1,18063,0.000,1.000,5.5314,7.7367
ROI_049/patch_5,nearest,32–64,1,58994,0.000,1.000,5.5405,7.7679
ROI_049/patch_5,nearest,64–128,1,106578,0.000,1.000,5.5485,7.8413
ROI_049/patch_5,nearest,≥128,1,72088,0.000,1.000,5.6256,7.6800
ROI_049/patch_5,own,0–16,1,6421,0.000,1.000,5.5415,7.7220
ROI_049/patch_5,own,16–32,1,18063,0.000,1.000,5.5323,7.7280
ROI_049/patch_5,own,32–64,1,66141,0.000,1.000,5.5468,7.7707
ROI_049/patch_5,own,64–128,1,236343,0.000,1.000,5.5621,7.8487
ROI_049/patch_5,own,≥128,1,1770184,0.000,1.000,5.5180,7.6865
ROI_049/patch_6,nearest,0–16,1,6422,0.000,1.000,3.2342,3.8670
ROI_049/patch_6,nearest,16–32,1,17238,0.000,1.000,3.1824,3.8445
ROI_049/patch_6,nearest,32–64,1,58430,0.000,1.000,3.2780,3.9714
ROI_049/patch_6,nearest,64–128,1,130215,0.000,1.000,3.3970,4.2384
ROI_049/patch_6,nearest,≥128,1,49839,0.000,1.000,3.5519,4.2944
ROI_049/patch_6,own,0–16,1,6441,0.000,1.000,3.2296,3.8639
ROI_049/patch_6,own,16–32,1,18612,0.000,1.000,3.1951,3.8482
ROI_049/patch_6,own,32–64,1,65020,0.000,1.000,3.2413,3.9236
ROI_049/patch_6,own,64–128,1,229128,0.000,1.000,3.3666,4.1523
ROI_049/patch_6,own,≥128,1,1777951,0.000,1.000,3.3936,4.2029
ROI_049/patch_7,nearest,0–16,1,6433,0.000,1.000,4.7185,8.3011
ROI_049/patch_7,nearest,16–32,1,19160,0.000,1.000,4.7232,8.3070
ROI_049/patch_7,nearest,32–64,1,62871,0.000,1.000,4.7663,8.2954
ROI_049/patch_7,nearest,64–128,1,120393,0.000,1.000,4.7549,8.1885
ROI_049/patch_7,nearest,≥128,1,53287,0.000,1.000,4.4359,7.7852
ROI_049/patch_7,own,0–16,1,6433,0.000,1.000,4.7163,8.2899
ROI_049/patch_7,own,16–32,1,19184,0.000,1.000,4.7092,8.2685
ROI_049/patch_7,own,32–64,1,74225,0.000,1.000,4.7575,8.2785
ROI_049/patch_7,own,64–128,1,271911,0.000,1.000,4.7377,8.1480
ROI_049/patch_7,own,≥128,1,1725399,0.000,1.000,4.6558,8.1219
ROI_049/patch_8,nearest,0–16,1,6440,0.000,1.000,2.7720,4.1981
ROI_049/patch_8,nearest,16–32,1,19297,0.000,1.000,2.7423,4.1464
ROI_049/patch_8,nearest,32–64,1,65408,0.000,1.000,2.6329,3.9888
ROI_049/patch_8,nearest,64–128,1,114375,0.000,1.000,2.5848,3.9336
ROI_049/patch_8,nearest,≥128,1,56624,0.000,1.000,2.4317,3.9673
ROI_049/patch_8,own,0–16,1,6440,0.000,1.000,2.7797,4.2035
ROI_049/patch_8,own,16–32,1,19297,0.000,1.000,2.7342,4.1430
ROI_049/patch_8,own,32–64,1,73170,0.000,1.000,2.6571,4.0102
ROI_049/patch_8,own,64–128,1,262589,0.000,1.000,2.6534,3.9901
ROI_049/patch_8,own,≥128,1,1735656,0.000,1.000,2.5485,3.9321
ROI_049/patch_10,nearest,0–16,1,6434,0.000,1.000,4.9113,5.6758
ROI_049/patch_10,nearest,16–32,1,18886,0.000,1.000,4.8867,5.6520
ROI_049/patch_10,nearest,32–64,1,69195,0.000,1.000,4.7254,5.5300
ROI_049/patch_10,nearest,64–128,1,141039,0.000,1.000,4.5398,5.3724
ROI_049/patch_10,nearest,≥128,1,26590,0.000,1.000,4.5609,5.2957
ROI_049/patch_10,own,0–16,1,6434,0.000,1.000,4.9021,5.6665
ROI_049/patch_10,own,16–32,1,18886,0.000,1.000,4.8515,5.6203
ROI_049/patch_10,own,32–64,1,70981,0.000,1.000,4.7326,5.5341
ROI_049/patch_10,own,64–128,1,250238,0.000,1.000,4.7610,5.6027
ROI_049/patch_10,own,≥128,1,1750613,0.000,1.000,4.6847,5.4802
ROI_049/patch_11,nearest,0–16,1,6435,0.000,1.000,4.4783,5.8537
ROI_049/patch_11,nearest,16–32,1,18453,0.000,1.000,4.5076,5.8676
ROI_049/patch_11,nearest,32–64,1,59318,0.000,1.000,4.5865,5.9371
ROI_049/patch_11,nearest,64–128,1,120681,0.000,1.000,4.7099,6.1022
ROI_049/patch_11,nearest,≥128,1,57257,0.000,1.000,4.8853,6.3477
ROI_049/patch_11,own,0–16,1,6435,0.000,1.000,4.4791,5.8561
ROI_049/patch_11,own,16–32,1,18453,0.000,1.000,4.4802,5.8393
ROI_049/patch_11,own,32–64,1,66933,0.000,1.000,4.5534,5.9091
ROI_049/patch_11,own,64–128,1,211125,0.000,1.000,4.6351,5.9777
ROI_049/patch_11,own,≥128,1,1794206,0.000,1.000,4.7176,6.0998
ROI_049/patch_12,nearest,0–16,1,6304,0.000,1.000,4.2150,6.1781
ROI_049/patch_12,nearest,16–32,1,18395,0.000,1.000,4.3059,6.2735
ROI_049/patch_12,nearest,32–64,1,69401,0.000,1.000,4.3572,6.3339
ROI_049/patch_12,nearest,64–128,1,127920,0.000,1.000,4.6052,6.4554
ROI_049/patch_12,nearest,≥128,1,40124,0.000,1.000,4.1426,6.4376
ROI_049/patch_12,own,0–16,1,6304,0.000,1.000,4.2182,6.1716
ROI_049/patch_12,own,16–32,1,18395,0.000,1.000,4.2527,6.2210
ROI_049/patch_12,own,32–64,1,70816,0.000,1.000,4.2902,6.2634
ROI_049/patch_12,own,64–128,1,248185,0.000,1.000,4.1894,6.0727
ROI_049/patch_12,own,≥128,1,1753452,0.000,1.000,4.1690,6.1094
ROI_049/patch_13,nearest,0–16,1,6370,0.000,1.000,1.5570,3.7016
ROI_049/patch_13,nearest,16–32,1,18098,0.000,1.000,1.5545,3.6595
ROI_049/patch_13,nearest,32–64,1,57090,0.000,1.000,1.5362,3.6472
ROI_049/patch_13,nearest,64–128,1,88640,0.000,1.000,1.5423,3.8057
ROI_049/patch_13,nearest,≥128,1,91946,0.000,1.000,2.8916,4.9459
ROI_049/patch_13,own,0–16,1,6370,0.000,1.000,1.5545,3.6957
ROI_049/patch_13,own,16–32,1,18098,0.000,1.000,1.5582,3.6844
ROI_049/patch_13,own,32–64,1,67531,0.000,1.000,1.5406,3.6606
ROI_049/patch_13,own,64–128,1,254504,0.000,1.000,1.5341,3.6866
ROI_049/patch_13,own,≥128,1,1750649,0.000,1.000,1.6212,3.7475
ROI_049/patch_15,nearest,0–16,1,6438,0.000,1.000,2.4479,4.2270
ROI_049/patch_15,nearest,16–32,1,18819,0.000,1.000,2.4298,4.2080
ROI_049/patch_15,nearest,32–64,1,62797,0.000,1.000,2.4676,4.2863
ROI_049/patch_15,nearest,64–128,1,135989,0.000,1.000,2.5963,4.3941
ROI_049/patch_15,nearest,≥128,1,38101,0.000,1.000,2.4291,4.3791
ROI_049/patch_15,own,0–16,1,6438,0.000,1.000,2.4464,4.2247
ROI_049/patch_15,own,16–32,1,18819,0.000,1.000,2.4326,4.2128
ROI_049/patch_15,own,32–64,1,70888,0.000,1.000,2.4589,4.2580
ROI_049/patch_15,own,64–128,1,255830,0.000,1.000,2.5344,4.3816
ROI_049/patch_15,own,≥128,1,1745177,0.000,1.000,2.4700,4.3774
ROI_049/patch_16,nearest,0–16,1,6436,0.000,1.000,3.5435,4.7009
ROI_049/patch_16,nearest,16–32,1,18990,0.000,1.000,3.5562,4.7303
ROI_049/patch_16,nearest,32–64,1,65810,0.000,1.000,3.5465,4.7161
ROI_049/patch_16,nearest,64–128,1,141860,0.000,1.000,3.4797,4.6670
ROI_049/patch_16,nearest,≥128,1,29048,0.000,1.000,3.4309,4.5579
ROI_049/patch_16,own,0–16,1,6436,0.000,1.000,3.5456,4.7063
ROI_049/patch_16,own,16–32,1,18990,0.000,1.000,3.5283,4.7018
ROI_049/patch_16,own,32–64,1,66844,0.000,1.000,3.5572,4.7402
ROI_049/patch_16,own,64–128,1,232166,0.000,1.000,3.5582,4.7273
ROI_049/patch_16,own,≥128,1,1772716,0.000,1.000,3.4847,4.6665
ROI_049/patch_17,nearest,0–16,1,6432,0.000,1.000,4.8854,6.2884
ROI_049/patch_17,nearest,16–32,1,18768,0.000,1.000,4.9121,6.3251
ROI_049/patch_17,nearest,32–64,1,63493,0.000,1.000,4.9484,6.4668
ROI_049/patch_17,nearest,64–128,1,98676,0.000,1.000,5.2921,6.9332
ROI_049/patch_17,nearest,≥128,1,74775,0.000,1.000,5.8093,8.0689
ROI_049/patch_17,own,0–16,1,6432,0.000,1.000,4.8785,6.2751
ROI_049/patch_17,own,16–32,1,18768,0.000,1.000,4.8928,6.3028
ROI_049/patch_17,own,32–64,1,71121,0.000,1.000,4.9272,6.4155
ROI_049/patch_17,own,64–128,1,265160,0.000,1.000,5.1010,6.6313
ROI_049/patch_17,own,≥128,1,1735671,0.000,1.000,5.1432,6.8951
ROI_049/patch_19,nearest,0–16,1,6448,0.000,1.000,3.3295,4.7880
ROI_049/patch_19,nearest,16–32,1,18500,0.000,1.000,3.3294,4.8171
ROI_049/patch_19,nearest,32–64,1,62660,0.000,1.000,3.3882,4.8979
ROI_049/patch_19,nearest,64–128,1,125440,0.000,1.000,3.7216,5.3180
ROI_049/patch_19,nearest,≥128,1,49096,0.000,1.000,3.7279,5.4571
ROI_049/patch_19,own,0–16,1,6448,0.000,1.000,3.3397,4.8016
ROI_049/patch_19,own,16–32,1,19286,0.000,1.000,3.3307,4.8199
ROI_049/patch_19,own,32–64,1,72593,0.000,1.000,3.3715,4.8831
ROI_049/patch_19,own,64–128,1,253901,0.000,1.000,3.5261,5.0715
ROI_049/patch_19,own,≥128,1,1744924,0.000,1.000,3.5902,5.1833
ROI_049/patch_20,nearest,0–16,1,6441,0.000,1.000,3.1093,5.5914
ROI_049/patch_20,nearest,16–32,1,18933,0.000,1.000,3.0710,5.5107
ROI_049/patch_20,nearest,32–64,1,64623,0.000,1.000,3.0691,5.5332
ROI_049/patch_20,nearest,64–128,1,122052,0.000,1.000,3.3029,5.7117
ROI_049/patch_20,nearest,≥128,1,50095,0.000,1.000,5.1831,7.7697
ROI_049/patch_20,own,0–16,1,6441,0.000,1.000,3.1000,5.5830
ROI_049/patch_20,own,16–32,1,18933,0.000,1.000,3.0514,5.5102
ROI_049/patch_20,own,32–64,1,68057,0.000,1.000,3.0382,5.4978
ROI_049/patch_20,own,64–128,1,224589,0.000,1.000,3.2948,5.7627
ROI_049/patch_20,own,≥128,1,1779132,0.000,1.000,3.5971,6.0190
ROI_049/patch_21,nearest,0–16,1,6431,0.000,1.000,3.7027,9.6499
ROI_049/patch_21,nearest,16–32,1,19284,0.000,1.000,3.8174,9.7517
ROI_049/patch_21,nearest,32–64,1,67006,0.000,1.000,3.9695,10.0236
ROI_049/patch_21,nearest,64–128,1,113781,0.000,1.000,4.0606,10.3714
ROI_049/patch_21,nearest,≥128,1,55642,0.000,1.000,4.7022,11.0176
ROI_049/patch_21,own,0–16,1,6431,0.000,1.000,3.6854,9.6137
ROI_049/patch_21,own,16–32,1,19284,0.000,1.000,3.8795,9.8231
ROI_049/patch_21,own,32–64,1,75425,0.000,1.000,4.0150,10.0476
ROI_049/patch_21,own,64–128,1,233094,0.000,1.000,3.9633,10.4113
ROI_049/patch_21,own,≥128,1,1762918,0.000,1.000,4.2315,10.6919
ROI_049/patch_22,nearest,0–16,1,6432,0.000,1.000,5.4249,11.7432
ROI_049/patch_22,nearest,16–32,1,19313,0.000,1.000,5.4610,11.7990
ROI_049/patch_22,nearest,32–64,1,68973,0.000,1.000,5.5888,12.0014
ROI_049/patch_22,nearest,64–128,1,118575,0.000,1.000,5.7523,12.0920
ROI_049/patch_22,nearest,≥128,1,48851,0.000,1.000,7.8137,13.9240
ROI_049/patch_22,own,0–16,1,6432,0.000,1.000,5.4336,11.7422
ROI_049/patch_22,own,16–32,1,19313,0.000,1.000,5.4900,11.8131
ROI_049/patch_22,own,32–64,1,74024,0.000,1.000,5.5839,11.9422
ROI_049/patch_22,own,64–128,1,227264,0.000,1.000,5.6112,11.9376
ROI_049/patch_22,own,≥128,1,1770119,0.000,1.000,6.2530,12.5326
ROI_049/patch_23,nearest,0–16,1,6432,0.000,1.000,4.3154,6.7513
ROI_049/patch_23,nearest,16–32,1,18753,0.000,1.000,4.3276,6.7474
ROI_049/patch_23,nearest,32–64,1,60173,0.000,1.000,4.3040,6.6795
ROI_049/patch_23,nearest,64–128,1,132980,0.000,1.000,4.5308,6.9590
ROI_049/patch_23,nearest,≥128,1,43806,0.000,1.000,4.7306,7.2490
ROI_049/patch_23,own,0–16,1,6432,0.000,1.000,4.3162,6.7589
ROI_049/patch_23,own,16–32,1,18855,0.000,1.000,4.3415,6.7535
ROI_049/patch_23,own,32–64,1,71975,0.000,1.000,4.3282,6.7591
ROI_049/patch_23,own,64–128,1,271118,0.000,1.000,4.4449,6.8800
ROI_049/patch_23,own,≥128,1,1728772,0.000,1.000,4.6527,7.0892
ROI_049/patch_24,nearest,0–16,1,6432,0.000,1.000,3.0371,5.8851
ROI_049/patch_24,nearest,16–32,1,19080,0.000,1.000,2.9923,5.8304
ROI_049/patch_24,nearest,32–64,1,67940,0.000,1.000,3.1383,5.9963
ROI_049/patch_24,nearest,64–128,1,107190,0.000,1.000,3.9192,6.7673
ROI_049/patch_24,nearest,≥128,1,61502,0.000,1.000,5.2356,8.0733
ROI_049/patch_24,own,0–16,1,6432,0.000,1.000,3.0233,5.8685
ROI_049/patch_24,own,16–32,1,19080,0.000,1.000,3.0241,5.8672
ROI_049/patch_24,own,32–64,1,72680,0.000,1.000,3.1898,6.0398
ROI_049/patch_24,own,64–128,1,257928,0.000,1.000,3.4607,6.3262
ROI_049/patch_24,own,≥128,1,1741032,0.000,1.000,3.9264,6.7594
ROI_049/patch_26,nearest,0–16,1,6445,0.000,1.000,2.6103,4.4871
ROI_049/patch_26,nearest,16–32,1,19311,0.000,1.000,2.6039,4.4724
ROI_049/patch_26,nearest,32–64,1,66739,0.000,1.000,2.5173,4.3471
ROI_049/patch_26,nearest,64–128,1,120071,0.000,1.000,2.4665,4.2201
ROI_049/patch_26,nearest,≥128,1,49578,0.000,1.000,2.4647,4.2611
ROI_049/patch_26,own,0–16,1,6445,0.000,1.000,2.6194,4.5066
ROI_049/patch_26,own,16–32,1,19311,0.000,1.000,2.5902,4.4737
ROI_049/patch_26,own,32–64,1,74387,0.000,1.000,2.5626,4.3965
ROI_049/patch_26,own,64–128,1,265946,0.000,1.000,2.3806,4.1106
ROI_049/patch_26,own,≥128,1,1731063,0.000,1.000,2.4280,4.1434
ROI_049/patch_27,nearest,0–16,1,6431,0.000,1.000,4.7039,7.0798
ROI_049/patch_27,nearest,16–32,1,18601,0.000,1.000,4.7082,7.0804
ROI_049/patch_27,nearest,32–64,1,64867,0.000,1.000,4.7398,7.1621
ROI_049/patch_27,nearest,64–128,1,125466,0.000,1.000,4.5897,7.1442
ROI_049/patch_27,nearest,≥128,1,46779,0.000,1.000,4.6027,7.1398
ROI_049/patch_27,own,0–16,1,6431,0.000,1.000,4.6998,7.0726
ROI_049/patch_27,own,16–32,1,18695,0.000,1.000,4.7098,7.0791
ROI_049/patch_27,own,32–64,1,71785,0.000,1.000,4.7291,7.1505
ROI_049/patch_27,own,64–128,1,256688,0.000,1.000,4.6505,7.2438
ROI_049/patch_27,own,≥128,1,1743553,0.000,1.000,4.6409,7.1605
ROI_049/patch_28,nearest,0–16,1,6431,0.000,1.000,1.6331,3.9193
ROI_049/patch_28,nearest,16–32,1,18824,0.000,1.000,1.6621,3.9506
ROI_049/patch_28,nearest,32–64,1,58789,0.000,1.000,1.5829,3.8486
ROI_049/patch_28,nearest,64–128,1,93724,0.000,1.000,1.7758,4.0484
ROI_049/patch_28,nearest,≥128,1,84376,0.000,1.000,4.2842,7.1586
ROI_049/patch_28,own,0–16,1,6431,0.000,1.000,1.6647,3.9531
ROI_049/patch_28,own,16–32,1,18824,0.000,1.000,1.6273,3.9008
ROI_049/patch_28,own,32–64,1,73275,0.000,1.000,1.6414,3.8917
ROI_049/patch_28,own,64–128,1,243901,0.000,1.000,1.6845,3.9217
ROI_049/patch_28,own,≥128,1,1754721,0.000,1.000,2.5883,4.8597
ROI_049/patch_29,nearest,0–16,1,6434,0.000,1.000,3.3450,4.3697
ROI_049/patch_29,nearest,16–32,1,18672,0.000,1.000,3.3597,4.4032
ROI_049/patch_29,nearest,32–64,1,60851,0.000,1.000,3.5324,4.5988
ROI_049/patch_29,nearest,64–128,1,110201,0.000,1.000,3.8745,4.9062
ROI_049/patch_29,nearest,≥128,1,65986,0.000,1.000,4.4334,5.4330
ROI_049/patch_29,own,0–16,1,6434,0.000,1.000,3.3299,4.3575
ROI_049/patch_29,own,16–32,1,18786,0.000,1.000,3.3774,4.4250
ROI_049/patch_29,own,32–64,1,71067,0.000,1.000,3.4703,4.5489
ROI_049/patch_29,own,64–128,1,262813,0.000,1.000,3.7578,4.8189
ROI_049/patch_29,own,≥128,1,1738052,0.000,1.000,3.8878,4.9101
ROI_049/patch_30,nearest,0–16,1,6440,0.000,1.000,7.5102,10.4986
ROI_049/patch_30,nearest,16–32,1,19051,0.000,1.000,7.5843,10.5777
ROI_049/patch_30,nearest,32–64,1,61945,0.000,1.000,7.6138,10.5917
ROI_049/patch_30,nearest,64–128,1,109102,0.000,1.000,7.5655,10.5022
ROI_049/patch_30,nearest,≥128,1,65606,0.000,1.000,7.2659,10.3205
ROI_049/patch_30,own,0–16,1,6440,0.000,1.000,7.5055,10.4922
ROI_049/patch_30,own,16–32,1,19218,0.000,1.000,7.5711,10.5578
ROI_049/patch_30,own,32–64,1,73873,0.000,1.000,7.5999,10.5843
ROI_049/patch_30,own,64–128,1,246063,0.000,1.000,7.4843,10.4359
ROI_049/patch_30,own,≥128,1,1751558,0.000,1.000,7.4781,10.4548
ROI_049/patch_31,nearest,0–16,1,6125,0.000,1.000,9.6389,12.1313
ROI_049/patch_31,nearest,16–32,1,17506,0.000,1.000,9.5865,12.0895
ROI_049/patch_31,nearest,32–64,1,65957,0.000,1.000,9.5691,12.0469
ROI_049/patch_31,nearest,64–128,1,130362,0.000,1.000,9.5959,12.0377
ROI_049/patch_31,nearest,≥128,1,42194,0.000,1.000,9.6857,12.3509
ROI_049/patch_31,own,0–16,1,6125,0.000,1.000,9.6296,12.1092
ROI_049/patch_31,own,16–32,1,17506,0.000,1.000,9.5819,12.0763
ROI_049/patch_31,own,32–64,1,68708,0.000,1.000,9.5593,12.0297
ROI_049/patch_31,own,64–128,1,248033,0.000,1.000,9.6820,12.1704
ROI_049/patch_31,own,≥128,1,1756780,0.000,1.000,9.6710,12.2036
ROI_049/patch_32,nearest,0–16,1,6431,0.000,1.000,3.2815,5.5842
ROI_049/patch_32,nearest,16–32,1,18894,0.000,1.000,3.3422,5.6095
ROI_049/patch_32,nearest,32–64,1,67152,0.000,1.000,3.5671,5.8058
ROI_049/patch_32,nearest,64–128,1,115900,0.000,1.000,3.6431,5.8135
ROI_049/patch_32,nearest,≥128,1,53767,0.000,1.000,3.7504,5.8675
ROI_049/patch_32,own,0–16,1,6431,0.000,1.000,3.2936,5.5920
ROI_049/patch_32,own,16–32,1,18894,0.000,1.000,3.3812,5.6218
ROI_049/patch_32,own,32–64,1,71946,0.000,1.000,3.5858,5.7917
ROI_049/patch_32,own,64–128,1,259342,0.000,1.000,3.6801,5.9155
ROI_049/patch_32,own,≥128,1,1740539,0.000,1.000,3.7967,6.0133
ROI_049/patch_33,nearest,0–16,1,6431,0.000,1.000,7.7067,8.4009
ROI_049/patch_33,nearest,16–32,1,19291,0.000,1.000,7.6927,8.3830
ROI_049/patch_33,nearest,32–64,1,67483,0.000,1.000,7.8898,8.6196
ROI_049/patch_33,nearest,64–128,1,129045,0.000,1.000,9.3271,10.1701
ROI_049/patch_33,nearest,≥128,1,39894,0.000,1.000,11.9749,12.8240
ROI_049/patch_33,own,0–16,1,6431,0.000,1.000,7.6934,8.3900
ROI_049/patch_33,own,16–32,1,19291,0.000,1.000,7.7660,8.4617
ROI_049/patch_33,own,32–64,1,71793,0.000,1.000,7.9485,8.6695
ROI_049/patch_33,own,64–128,1,246558,0.000,1.000,8.7454,9.6053
ROI_049/patch_33,own,≥128,1,1753079,0.000,1.000,9.3997,10.2550
ROI_049/patch_34,nearest,0–16,1,6426,0.000,1.000,3.3244,3.8779
ROI_049/patch_34,nearest,16–32,1,18798,0.000,1.000,3.2712,3.8382
ROI_049/patch_34,nearest,32–64,1,63153,0.000,1.000,3.5420,4.0933
ROI_049/patch_34,nearest,64–128,1,119667,0.000,1.000,3.5491,4.2595
ROI_049/patch_34,nearest,≥128,1,54100,0.000,1.000,3.3791,4.2503
ROI_049/patch_34,own,0–16,1,6426,0.000,1.000,3.3024,3.8608
ROI_049/patch_34,own,16–32,1,18798,0.000,1.000,3.3385,3.8866
ROI_049/patch_34,own,32–64,1,71379,0.000,1.000,3.5296,4.0884
ROI_049/patch_34,own,64–128,1,253882,0.000,1.000,3.6719,4.2949
ROI_049/patch_34,own,≥128,1,1746667,0.000,1.000,3.3986,4.0883
ROI_049/patch_35,nearest,0–16,1,7231,0.000,1.000,2.4667,3.5132
ROI_049/patch_35,nearest,16–32,1,21055,0.000,1.000,2.4215,3.4614
ROI_049/patch_35,nearest,32–64,1,69555,0.000,1.000,2.4269,3.4812
ROI_049/patch_35,nearest,64–128,1,122943,0.000,1.000,2.5804,3.6159
ROI_049/patch_35,nearest,≥128,1,41360,0.000,1.000,2.9600,4.2333
ROI_049/patch_35,own,0–16,1,7231,0.000,1.000,2.5038,3.5506
ROI_049/patch_35,own,16–32,1,21055,0.000,1.000,2.4388,3.4822
ROI_049/patch_35,own,32–64,1,76408,0.000,1.000,2.3524,3.4196
ROI_049/patch_35,own,64–128,1,267519,0.000,1.000,2.4186,3.4817
ROI_049/patch_35,own,≥128,1,1987083,0.000,1.000,2.4185,3.4657
ROI_049/patch_36,nearest,0–16,1,6437,0.000,1.000,4.7013,5.9324
ROI_049/patch_36,nearest,16–32,1,19132,0.000,1.000,4.7125,5.9326
ROI_049/patch_36,nearest,32–64,1,65700,0.000,1.000,4.7262,5.8922
ROI_049/patch_36,nearest,64–128,1,111932,0.000,1.000,4.8851,5.9478
ROI_049/patch_36,nearest,≥128,1,58943,0.000,1.000,5.0209,6.2594
ROI_049/patch_36,own,0–16,1,6437,0.000,1.000,4.6988,5.9279
ROI_049/patch_36,own,16–32,1,19132,0.000,1.000,4.7084,5.9264
ROI_049/patch_36,own,32–64,1,74105,0.000,1.000,4.7344,5.9186
ROI_049/patch_36,own,64–128,1,281328,0.000,1.000,4.8061,5.9467
ROI_049/patch_36,own,≥128,1,1716150,0.000,1.000,4.8890,6.0340
ROI_049/patch_37,nearest,0–16,1,6097,0.000,1.000,4.4041,5.7976
ROI_049/patch_37,nearest,16–32,1,17297,0.000,1.000,4.3933,5.7472
ROI_049/patch_37,nearest,32–64,1,57049,0.000,1.000,4.2513,5.5337
ROI_049/patch_37,nearest,64–128,1,126704,0.000,1.000,3.9854,5.2267
ROI_049/patch_37,nearest,≥128,1,54997,0.000,1.000,4.0859,5.5241
ROI_049/patch_37,own,0–16,1,6097,0.000,1.000,4.3938,5.7886
ROI_049/patch_37,own,16–32,1,17297,0.000,1.000,4.3836,5.7357
ROI_049/patch_37,own,32–64,1,65642,0.000,1.000,4.3337,5.6198
ROI_049/patch_37,own,64–128,1,250608,0.000,1.000,4.0369,5.2634
ROI_049/patch_37,own,≥128,1,1757508,0.000,1.000,3.9683,5.1652
ROI_049/patch_38,nearest,0–16,1,6423,0.000,1.000,29.8051,30.4265
ROI_049/patch_38,nearest,16–32,1,17788,0.000,1.000,30.0367,30.6345
ROI_049/patch_38,nearest,32–64,1,63008,0.000,1.000,30.3744,30.9985
ROI_049/patch_38,nearest,64–128,1,135095,0.000,1.000,29.2866,29.9664
ROI_049/patch_38,nearest,≥128,1,39830,0.000,1.000,24.1780,25.0789
ROI_049/patch_38,own,0–16,1,6423,0.000,1.000,29.8816,30.5018
ROI_049/patch_38,own,16–32,1,17788,0.000,1.000,29.9646,30.5647
ROI_049/patch_38,own,32–64,1,63434,0.000,1.000,30.3318,30.9454
ROI_049/patch_38,own,64–128,1,218281,0.000,1.000,30.9518,31.6226
ROI_049/patch_38,own,≥128,1,1791226,0.000,1.000,28.7284,29.4420
ROI_049/patch_39,nearest,0–16,1,6357,0.000,1.000,7.5200,9.5760
ROI_049/patch_39,nearest,16–32,1,17183,0.000,1.000,7.4287,9.4818
ROI_049/patch_39,nearest,32–64,1,58426,0.000,1.000,7.2951,9.3093
ROI_049/patch_39,nearest,64–128,1,111895,0.000,1.000,7.6731,9.5810
ROI_049/patch_39,nearest,≥128,1,68283,0.000,1.000,7.8151,9.5094
ROI_049/patch_39,own,0–16,1,6357,0.000,1.000,7.5800,9.6379
ROI_049/patch_39,own,16–32,1,17183,0.000,1.000,7.4660,9.5335
ROI_049/patch_39,own,32–64,1,65501,0.000,1.000,7.2168,9.2930
ROI_049/patch_39,own,64–128,1,235747,0.000,1.000,7.4564,9.3694
ROI_049/patch_39,own,≥128,1,1772364,0.000,1.000,8.1876,10.0326
ROI_049/patch_41,nearest,0–16,1,6430,0.000,1.000,4.1024,18.4604
ROI_049/patch_41,nearest,16–32,1,19070,0.000,1.000,4.0691,18.4518
ROI_049/patch_41,nearest,32–64,1,70283,0.000,1.000,4.1256,18.5905
ROI_049/patch_41,nearest,64–128,1,138212,0.000,1.000,4.1825,18.8446
ROI_049/patch_41,nearest,≥128,1,28149,0.000,1.000,5.0803,20.6799
ROI_049/patch_41,own,0–16,1,6430,0.000,1.000,4.1261,18.4797
ROI_049/patch_41,own,16–32,1,19070,0.000,1.000,4.0681,18.4040
ROI_049/patch_41,own,32–64,1,71269,0.000,1.000,4.1084,18.5563
ROI_049/patch_41,own,64–128,1,256033,0.000,1.000,4.3885,18.9024
ROI_049/patch_41,own,≥128,1,1744350,0.000,1.000,4.2806,18.9284
ROI_049/patch_42,nearest,0–16,1,6436,0.000,1.000,2.6367,5.5043
ROI_049/patch_42,nearest,16–32,1,18542,0.000,1.000,2.6407,5.5062
ROI_049/patch_42,nearest,32–64,1,56030,0.000,1.000,2.7425,5.6524
ROI_049/patch_42,nearest,64–128,1,122484,0.000,1.000,2.9561,5.9776
ROI_049/patch_42,nearest,≥128,1,58652,0.000,1.000,2.8879,5.5111
ROI_049/patch_42,own,0–16,1,6436,0.000,1.000,2.6443,5.5141
ROI_049/patch_42,own,16–32,1,19091,0.000,1.000,2.6355,5.4936
ROI_049/patch_42,own,32–64,1,71231,0.000,1.000,2.7314,5.6362
ROI_049/patch_42,own,64–128,1,237383,0.000,1.000,2.8501,5.9479
ROI_049/patch_42,own,≥128,1,1763011,0.000,1.000,2.9372,5.8430
ROI_049/patch_43,nearest,0–16,1,6436,0.000,1.000,1.2815,4.0297
ROI_049/patch_43,nearest,16–32,1,19303,0.000,1.000,1.2526,3.9562
ROI_049/patch_43,nearest,32–64,1,70974,0.000,1.000,1.2532,3.9353
ROI_049/patch_43,nearest,64–128,1,122295,0.000,1.000,1.3652,3.8945
ROI_049/patch_43,nearest,≥128,1,43136,0.000,1.000,1.9376,4.1764
ROI_049/patch_43,own,0–16,1,6436,0.000,1.000,1.2863,4.0263
ROI_049/patch_43,own,16–32,1,19303,0.000,1.000,1.2477,3.9483
ROI_049/patch_43,own,32–64,1,75021,0.000,1.000,1.2558,3.9425
ROI_049/patch_43,own,64–128,1,268288,0.000,1.000,1.2787,3.8419
ROI_049/patch_43,own,≥128,1,1728104,0.000,1.000,1.4479,3.8975
ROI_049/patch_44,nearest,0–16,1,6307,0.000,1.000,7.7613,9.7279
ROI_049/patch_44,nearest,16–32,1,17499,0.000,1.000,7.4133,9.3653
ROI_049/patch_44,nearest,32–64,1,55369,0.000,1.000,7.1970,9.1206
ROI_049/patch_44,nearest,64–128,1,127900,0.000,1.000,9.8204,11.8001
ROI_049/patch_44,nearest,≥128,1,55069,0.000,1.000,14.3602,16.6287
ROI_049/patch_44,own,0–16,1,6307,0.000,1.000,7.8026,9.7706
ROI_049/patch_44,own,16–32,1,17499,0.000,1.000,7.4299,9.3915
ROI_049/patch_44,own,32–64,1,65610,0.000,1.000,6.9326,8.8463
ROI_049/patch_44,own,64–128,1,229898,0.000,1.000,9.1414,11.0785
ROI_049/patch_44,own,≥128,1,1777838,0.000,1.000,9.8654,11.8414
ROI_049/patch_46,nearest,0–16,1,6442,0.000,1.000,3.2951,7.6668
ROI_049/patch_46,nearest,16–32,1,19129,0.000,1.000,3.3582,7.8008
ROI_049/patch_46,nearest,32–64,1,62515,0.000,1.000,3.3579,7.9165
ROI_049/patch_46,nearest,64–128,1,136352,0.000,1.000,3.5956,8.2904
ROI_049/patch_46,nearest,≥128,1,37706,0.000,1.000,4.5593,9.5227
ROI_049/patch_46,own,0–16,1,6442,0.000,1.000,3.2993,7.6820
ROI_049/patch_46,own,16–32,1,19129,0.000,1.000,3.3447,7.7834
ROI_049/patch_46,own,32–64,1,68478,0.000,1.000,3.3270,7.8946
ROI_049/patch_46,own,64–128,1,235589,0.000,1.000,3.5488,8.3576
ROI_049/patch_46,own,≥128,1,1767514,0.000,1.000,3.8453,8.7899
ROI_049/patch_47,nearest,0–16,1,6230,0.000,1.000,2.6286,3.6462
ROI_049/patch_47,nearest,16–32,1,17620,0.000,1.000,2.5856,3.5987
ROI_049/patch_47,nearest,32–64,1,61293,0.000,1.000,2.4148,3.4364
ROI_049/patch_47,nearest,64–128,1,131169,0.000,1.000,2.2368,3.3193
ROI_049/patch_47,nearest,≥128,1,45832,0.000,1.000,2.4210,3.7004
ROI_049/patch_47,own,0–16,1,6230,0.000,1.000,2.6220,3.6373
ROI_049/patch_47,own,16–32,1,17620,0.000,1.000,2.5480,3.5582
ROI_049/patch_47,own,32–64,1,65825,0.000,1.000,2.4140,3.4271
ROI_049/patch_47,own,64–128,1,234356,0.000,1.000,2.2451,3.2939
ROI_049/patch_47,own,≥128,1,1773121,0.000,1.000,2.0644,3.1887
ROI_049/patch_48,nearest,0–16,1,6432,0.000,1.000,6.2362,7.3067
ROI_049/patch_48,nearest,16–32,1,18849,0.000,1.000,6.2202,7.2763
ROI_049/patch_48,nearest,32–64,1,66387,0.000,1.000,6.2610,7.2164
ROI_049/patch_48,nearest,64–128,1,127568,0.000,1.000,6.5493,7.3769
ROI_049/patch_48,nearest,≥128,1,42908,0.000,1.000,6.5385,7.3665
ROI_049/patch_48,own,0–16,1,6432,0.000,1.000,6.2577,7.3352
ROI_049/patch_48,own,16–32,1,18849,0.000,1.000,6.2058,7.2555
ROI_049/patch_48,own,32–64,1,70386,0.000,1.000,6.2786,7.2416
ROI_049/patch_48,own,64–128,1,236296,0.000,1.000,6.4075,7.2757
ROI_049/patch_48,own,≥128,1,1765189,0.000,1.000,6.4773,7.3287
ROI_049/patch_49,nearest,0–16,1,6158,0.000,1.000,6.9641,9.0615
ROI_049/patch_49,nearest,16–32,1,17804,0.000,1.000,6.8739,8.9704
ROI_049/patch_49,nearest,32–64,1,62010,0.000,1.000,6.8307,9.0158
ROI_049/patch_49,nearest,64–128,1,111203,0.000,1.000,6.6995,9.2695
ROI_049/patch_49,nearest,≥128,1,64969,0.000,1.000,6.9978,9.4397
ROI_049/patch_49,own,0–16,1,6158,0.000,1.000,6.9754,9.0715
ROI_049/patch_49,own,16–32,1,17804,0.000,1.000,6.8981,8.9815
ROI_049/patch_49,own,32–64,1,67857,0.000,1.000,6.8011,8.9548
ROI_049/patch_49,own,64–128,1,227105,0.000,1.000,6.3894,8.8824
ROI_049/patch_49,own,≥128,1,1778228,0.000,1.000,5.7496,8.2109
ROI_049/patch_50,nearest,0–16,1,6438,0.000,1.000,3.1344,4.9507
ROI_049/patch_50,nearest,16–32,1,19157,0.000,1.000,3.1496,4.9957
ROI_049/patch_50,nearest,32–64,1,63445,0.000,1.000,3.2051,5.1374
ROI_049/patch_50,nearest,64–128,1,122987,0.000,1.000,3.7141,5.8808
ROI_049/patch_50,nearest,≥128,1,50117,0.000,1.000,4.9229,7.6194
ROI_049/patch_50,own,0–16,1,6438,0.000,1.000,3.1236,4.9411
ROI_049/patch_50,own,16–32,1,19321,0.000,1.000,3.1637,5.0088
ROI_049/patch_50,own,32–64,1,74672,0.000,1.000,3.2510,5.1890
ROI_049/patch_50,own,64–128,1,249781,0.000,1.000,3.5106,5.5882
ROI_049/patch_50,own,≥128,1,1746940,0.000,1.000,4.0426,6.1515
ROI_049/patch_51,nearest,0–16,1,6433,0.000,1.000,6.1612,9.5122
ROI_049/patch_51,nearest,16–32,1,18673,0.000,1.000,6.1922,9.5467
ROI_049/patch_51,nearest,32–64,1,65173,0.000,1.000,6.2086,9.6041
ROI_049/patch_51,nearest,64–128,1,135448,0.000,1.000,6.1309,9.5289
ROI_049/patch_51,nearest,≥128,1,36417,0.000,1.000,5.7954,9.3767
ROI_049/patch_51,own,0–16,1,6433,0.000,1.000,6.1563,9.5083
ROI_049/patch_51,own,16–32,1,18673,0.000,1.000,6.2078,9.5633
ROI_049/patch_51,own,32–64,1,69618,0.000,1.000,6.2018,9.5857
ROI_049/patch_51,own,64–128,1,243972,0.000,1.000,6.2794,9.7116
ROI_049/patch_51,own,≥128,1,1758456,0.000,1.000,6.1117,9.5465
ROI_049/patch_53,nearest,0–16,1,6431,0.000,1.000,4.0975,4.5573
ROI_049/patch_53,nearest,16–32,1,19304,0.000,1.000,4.0747,4.5358
ROI_049/patch_53,nearest,32–64,1,72233,0.000,1.000,3.9642,4.4264
ROI_049/patch_53,nearest,64–128,1,134250,0.000,1.000,3.6040,4.0376
ROI_049/patch_53,nearest,≥128,1,29926,0.000,1.000,3.5460,3.8332
ROI_049/patch_53,own,0–16,1,6431,0.000,1.000,4.0855,4.5426
ROI_049/patch_53,own,16–32,1,19304,0.000,1.000,4.0599,4.5175
ROI_049/patch_53,own,32–64,1,76432,0.000,1.000,3.9206,4.3821
ROI_049/patch_53,own,64–128,1,257187,0.000,1.000,3.7256,4.1472
ROI_049/patch_53,own,≥128,1,1737798,0.000,1.000,4.0668,4.4821
ROI_049/patch_54,nearest,0–16,1,6439,0.000,1.000,2.1684,3.6248
ROI_049/patch_54,nearest,16–32,1,19303,0.000,1.000,2.2000,3.6456
ROI_049/patch_54,nearest,32–64,1,66775,0.000,1.000,2.2079,3.6873
ROI_049/patch_54,nearest,64–128,1,108593,0.000,1.000,2.2863,3.9092
ROI_049/patch_54,nearest,≥128,1,61034,0.000,1.000,2.1807,3.9691
ROI_049/patch_54,own,0–16,1,6439,0.000,1.000,2.1647,3.6184
ROI_049/patch_54,own,16–32,1,19303,0.000,1.000,2.1910,3.6430
ROI_049/patch_54,own,32–64,1,76141,0.000,1.000,2.2122,3.6889
ROI_049/patch_54,own,64–128,1,264603,0.000,1.000,2.1762,3.7550
ROI_049/patch_54,own,≥128,1,1730666,0.000,1.000,2.2537,3.8553
ROI_049/patch_56,nearest,0–16,1,6437,0.000,1.000,2.5845,4.0646
ROI_049/patch_56,nearest,16–32,1,19307,0.000,1.000,2.5987,4.0970
ROI_049/patch_56,nearest,32–64,1,59716,0.000,1.000,2.6971,4.2117
ROI_049/patch_56,nearest,64–128,1,107763,0.000,1.000,2.7320,4.1718
ROI_049/patch_56,nearest,≥128,1,68921,0.000,1.000,2.5125,3.9022
ROI_049/patch_56,own,0–16,1,6437,0.000,1.000,2.5897,4.0716
ROI_049/patch_56,own,16–32,1,19307,0.000,1.000,2.5976,4.0803
ROI_049/patch_56,own,32–64,1,72523,0.000,1.000,2.6787,4.2181
ROI_049/patch_56,own,64–128,1,254774,0.000,1.000,2.7013,4.2257
ROI_049/patch_56,own,≥128,1,1744111,0.000,1.000,2.6420,4.1475
ROI_049/patch_57,nearest,0–16,1,6431,0.000,1.000,7.4124,7.8076
ROI_049/patch_57,nearest,16–32,1,18756,0.000,1.000,7.2466,7.6492
ROI_049/patch_57,nearest,32–64,1,68236,0.000,1.000,7.3537,7.7601
ROI_049/patch_57,nearest,64–128,1,133780,0.000,1.000,7.1999,7.6135
ROI_049/patch_57,nearest,≥128,1,34941,0.000,1.000,7.1288,7.5155
ROI_049/patch_57,own,0–16,1,6431,0.000,1.000,7.4289,7.8210
ROI_049/patch_57,own,16–32,1,18756,0.000,1.000,7.2676,7.6737
ROI_049/patch_57,own,32–64,1,68236,0.000,1.000,7.2641,7.6758
ROI_049/patch_57,own,64–128,1,226237,0.000,1.000,7.3049,7.6994
ROI_049/patch_57,own,≥128,1,1777492,0.000,1.000,6.9289,7.3290
ROI_049/patch_59,nearest,0–16,1,6215,0.000,1.000,5.7426,6.9447
ROI_049/patch_59,nearest,16–32,1,17968,0.000,1.000,5.6836,6.8937
ROI_049/patch_59,nearest,32–64,1,58149,0.000,1.000,5.8342,7.0920
ROI_049/patch_59,nearest,64–128,1,121905,0.000,1.000,5.6819,7.0737
ROI_049/patch_59,nearest,≥128,1,57907,0.000,1.000,5.3308,6.8068
ROI_049/patch_59,own,0–16,1,6215,0.000,1.000,5.7424,6.9449
ROI_049/patch_59,own,16–32,1,18099,0.000,1.000,5.7045,6.9112
ROI_049/patch_59,own,32–64,1,65082,0.000,1.000,5.8400,7.0919
ROI_049/patch_59,own,64–128,1,234180,0.000,1.000,5.7948,7.1241
ROI_049/patch_59,own,≥128,1,1773576,0.000,1.000,5.7505,7.1203
ROI_049/patch_60,nearest,0–16,1,6425,0.000,1.000,3.4251,5.5555
ROI_049/patch_60,nearest,16–32,1,18787,0.000,1.000,3.5383,5.6783
ROI_049/patch_60,nearest,32–64,1,62362,0.000,1.000,3.9655,6.2637
ROI_049/patch_60,nearest,64–128,1,137440,0.000,1.000,5.5058,8.0389
ROI_049/patch_60,nearest,≥128,1,37130,0.000,1.000,8.5154,11.0382
ROI_049/patch_60,own,0–16,1,6425,0.000,1.000,3.4253,5.5579
ROI_049/patch_60,own,16–32,1,18880,0.000,1.000,3.4339,5.5748
ROI_049/patch_60,own,32–64,1,68206,0.000,1.000,3.8561,6.1518
ROI_049/patch_60,own,64–128,1,244615,0.000,1.000,5.1335,7.6906
ROI_049/patch_60,own,≥128,1,1759026,0.000,1.000,5.4540,7.9000
ROI_049/patch_61,nearest,0–16,1,6434,0.000,1.000,3.6012,4.6009
ROI_049/patch_61,nearest,16–32,1,19057,0.000,1.000,3.5843,4.5906
ROI_049/patch_61,nearest,32–64,1,66727,0.000,1.000,3.4370,4.4369
ROI_049/patch_61,nearest,64–128,1,116135,0.000,1.000,3.2911,4.3339
ROI_049/patch_61,nearest,≥128,1,53791,0.000,1.000,5.2646,6.2890
ROI_049/patch_61,own,0–16,1,6434,0.000,1.000,3.6024,4.6045
ROI_049/patch_61,own,16–32,1,19057,0.000,1.000,3.5851,4.5882
ROI_049/patch_61,own,32–64,1,70850,0.000,1.000,3.4290,4.4382
ROI_049/patch_61,own,64–128,1,224589,0.000,1.000,3.4108,4.4433
ROI_049/patch_61,own,≥128,1,1776222,0.000,1.000,3.7516,4.8074
ROI_049/patch_63,nearest,0–16,1,6437,0.000,1.000,4.1583,6.0100
ROI_049/patch_63,nearest,16–32,1,19148,0.000,1.000,4.1162,6.0003
ROI_049/patch_63,nearest,32–64,1,63026,0.000,1.000,4.0693,5.9183
ROI_049/patch_63,nearest,64–128,1,142660,0.000,1.000,4.1409,5.8815
ROI_049/patch_63,nearest,≥128,1,30873,0.000,1.000,4.1250,5.7652
ROI_049/patch_63,own,0–16,1,6437,0.000,1.000,4.1521,6.0022
ROI_049/patch_63,own,16–32,1,19295,0.000,1.000,4.1166,5.9993
ROI_049/patch_63,own,32–64,1,72732,0.000,1.000,4.0293,5.8952
ROI_049/patch_63,own,64–128,1,241046,0.000,1.000,4.1064,5.8752
ROI_049/patch_63,own,≥128,1,1757642,0.000,1.000,4.0443,5.7836
ROI_049/patch_64,nearest,0–16,1,6423,0.000,1.000,3.1245,4.6802
ROI_049/patch_64,nearest,16–32,1,18924,0.000,1.000,3.0729,4.6057
ROI_049/patch_64,nearest,32–64,1,64334,0.000,1.000,2.9539,4.4612
ROI_049/patch_64,nearest,64–128,1,125764,0.000,1.000,2.6224,4.0494
ROI_049/patch_64,nearest,≥128,1,46699,0.000,1.000,2.8636,4.2693
ROI_049/patch_64,own,0–16,1,6423,0.000,1.000,3.1307,4.6923
ROI_049/patch_64,own,16–32,1,18924,0.000,1.000,3.0805,4.6262
ROI_049/patch_64,own,32–64,1,70400,0.000,1.000,2.9543,4.4801
ROI_049/patch_64,own,64–128,1,227163,0.000,1.000,2.7593,4.1822
ROI_049/patch_64,own,≥128,1,1774242,0.000,1.000,2.7928,4.3222
ROI_049/patch_65,nearest,0–16,1,6241,0.000,1.000,6.9262,8.9069
ROI_049/patch_65,nearest,16–32,1,17750,0.000,1.000,6.8749,8.9033
ROI_049/patch_65,nearest,32–64,1,58044,0.000,1.000,6.8540,8.9346
ROI_049/patch_65,nearest,64–128,1,103557,0.000,1.000,7.0833,9.3624
ROI_049/patch_65,nearest,≥128,1,76552,0.000,1.000,9.2608,11.1276
ROI_049/patch_65,own,0–16,1,6241,0.000,1.000,6.9275,8.9110
ROI_049/patch_65,own,16–32,1,17750,0.000,1.000,6.8780,8.8952
ROI_049/patch_65,own,32–64,1,63920,0.000,1.000,6.8781,8.9703
ROI_049/patch_65,own,64–128,1,217752,0.000,1.000,6.9405,9.1651
ROI_049/patch_65,own,≥128,1,1791489,0.000,1.000,7.7167,9.8612
ROI_049/patch_66,nearest,0–16,1,6273,0.000,1.000,4.9963,6.8808
ROI_049/patch_66,nearest,16–32,1,17704,0.000,1.000,4.9513,6.8709
ROI_049/patch_66,nearest,32–64,1,67202,0.000,1.000,4.8657,6.9019
ROI_049/patch_66,nearest,64–128,1,133451,0.000,1.000,4.7932,6.9364
ROI_049/patch_66,nearest,≥128,1,37514,0.000,1.000,4.3748,6.5978
ROI_049/patch_66,own,0–16,1,6273,0.000,1.000,4.9500,6.8347
ROI_049/patch_66,own,16–32,1,17704,0.000,1.000,4.9595,6.8863
ROI_049/patch_66,own,32–64,1,69074,0.000,1.000,4.9803,6.9955
ROI_049/patch_66,own,64–128,1,254708,0.000,1.000,4.7507,6.8188
ROI_049/patch_66,own,≥128,1,1749393,0.000,1.000,4.4212,6.4916
ROI_049/patch_67,nearest,0–16,1,6430,0.000,1.000,23.2094,25.2119
ROI_049/patch_67,nearest,16–32,1,18463,0.000,1.000,23.2780,25.2934
ROI_049/patch_67,nearest,32–64,1,64975,0.000,1.000,23.5126,25.5223
ROI_049/patch_67,nearest,64–128,1,119056,0.000,1.000,25.6929,27.7347
ROI_049/patch_67,nearest,≥128,1,53220,0.000,1.000,35.4181,37.6417
ROI_049/patch_67,own,0–16,1,6430,0.000,1.000,23.2112,25.2192
ROI_049/patch_67,own,16–32,1,18463,0.000,1.000,23.2219,25.2380
ROI_049/patch_67,own,32–64,1,69347,0.000,1.000,23.6751,25.6841
ROI_049/patch_67,own,64–128,1,226246,0.000,1.000,25.2410,27.2839
ROI_049/patch_67,own,≥128,1,1776666,0.000,1.000,30.5095,32.4575
ROI_049/patch_69,nearest,0–16,1,6133,0.000,1.000,7.4973,9.1853
ROI_049/patch_69,nearest,16–32,1,18069,0.000,1.000,7.5303,9.2162
ROI_049/patch_69,nearest,32–64,1,55742,0.000,1.000,7.5199,9.1862
ROI_049/patch_69,nearest,64–128,1,106684,0.000,1.000,7.8936,9.5202
ROI_049/patch_69,nearest,≥128,1,75516,0.000,1.000,8.3512,9.9500
ROI_049/patch_69,own,0–16,1,6133,0.000,1.000,7.5073,9.1967
ROI_049/patch_69,own,16–32,1,18069,0.000,1.000,7.5429,9.2265
ROI_049/patch_69,own,32–64,1,62853,0.000,1.000,7.5333,9.2059
ROI_049/patch_69,own,64–128,1,211753,0.000,1.000,7.9574,9.5958
ROI_049/patch_69,own,≥128,1,1798344,0.000,1.000,8.3302,9.9533
ROI_049/patch_71,nearest,0–16,1,6417,0.000,1.000,6.5123,7.8067
ROI_049/patch_71,nearest,16–32,1,19214,0.000,1.000,6.6765,7.9384
ROI_049/patch_71,nearest,32–64,1,67780,0.000,1.000,6.9679,8.1638
ROI_049/patch_71,nearest,64–128,1,122368,0.000,1.000,11.2056,12.4333
ROI_049/patch_71,nearest,≥128,1,46365,0.000,1.000,23.4922,24.8806
ROI_049/patch_71,own,0–16,1,6417,0.000,1.000,6.6516,7.9386
ROI_049/patch_71,own,16–32,1,19214,0.000,1.000,6.7035,7.9649
ROI_049/patch_71,own,32–64,1,71947,0.000,1.000,7.2017,8.3929
ROI_049/patch_71,own,64–128,1,234658,0.000,1.000,9.2750,10.4526
ROI_049/patch_71,own,≥128,1,1764916,0.000,1.000,13.6515,14.8615
ROI_049/patch_72,nearest,0–16,1,6442,0.000,1.000,10.5886,12.1896
ROI_049/patch_72,nearest,16–32,1,19301,0.000,1.000,10.3777,11.9559
ROI_049/patch_72,nearest,32–64,1,71526,0.000,1.000,10.3777,11.9297
ROI_049/patch_72,nearest,64–128,1,107650,0.000,1.000,12.6801,14.1880
ROI_049/patch_72,nearest,≥128,1,57225,0.000,1.000,13.6901,14.9604
ROI_049/patch_72,own,0–16,1,6442,0.000,1.000,10.6196,12.2220
ROI_049/patch_72,own,16–32,1,19301,0.000,1.000,10.5863,12.1852
ROI_049/patch_72,own,32–64,1,73521,0.000,1.000,10.6022,12.1789
ROI_049/patch_72,own,64–128,1,260956,0.000,1.000,11.0613,12.4979
ROI_049/patch_72,own,≥128,1,1736932,0.000,1.000,15.3640,16.9298
ROI_049/patch_73,nearest,0–16,1,6430,0.000,1.000,12.3989,13.2387
ROI_049/patch_73,nearest,16–32,1,18652,0.000,1.000,12.1142,12.9536
ROI_049/patch_73,nearest,32–64,1,68382,0.000,1.000,11.9814,12.8271
ROI_049/patch_73,nearest,64–128,1,126604,0.000,1.000,18.6845,19.5845
ROI_049/patch_73,nearest,≥128,1,42076,0.000,1.000,106.0672,107.3817
ROI_049/patch_73,own,0–16,1,6430,0.000,1.000,12.3185,13.1587
ROI_049/patch_73,own,16–32,1,18652,0.000,1.000,12.5204,13.3609
ROI_049/patch_73,own,32–64,1,71522,0.000,1.000,12.1990,13.0500
ROI_049/patch_73,own,64–128,1,252212,0.000,1.000,16.2206,17.1158
ROI_049/patch_73,own,≥128,1,1748336,0.000,1.000,18.3126,19.1731
ROI_049/patch_74,nearest,0–16,1,6436,0.000,1.000,53.7602,57.9288
ROI_049/patch_74,nearest,16–32,1,17641,0.000,1.000,53.1730,57.3407
ROI_049/patch_74,nearest,32–64,1,53674,0.000,1.000,58.0877,62.3265
ROI_049/patch_74,nearest,64–128,1,111682,0.000,1.000,45.7181,50.0803
ROI_049/patch_74,nearest,≥128,1,72711,0.000,1.000,39.0978,43.7497
ROI_049/patch_74,own,0–16,1,6436,0.000,1.000,52.5316,56.6955
ROI_049/patch_74,own,16–32,1,18383,0.000,1.000,53.9571,58.1229
ROI_049/patch_74,own,32–64,1,68695,0.000,1.000,52.5324,56.7556
ROI_049/patch_74,own,64–128,1,228087,0.000,1.000,54.7547,59.1663
ROI_049/patch_74,own,≥128,1,1775551,0.000,1.000,55.6742,60.2249
ROI_049/patch_75,nearest,0–16,1,6431,0.000,1.000,24.6072,25.0030
ROI_049/patch_75,nearest,16–32,1,18074,0.000,1.000,24.9197,25.3375
ROI_049/patch_75,nearest,32–64,1,58647,0.000,1.000,26.2385,26.6635
ROI_049/patch_75,nearest,64–128,1,111988,0.000,1.000,27.8183,28.1399
ROI_049/patch_75,nearest,≥128,1,67004,0.000,1.000,26.7384,27.0636
ROI_049/patch_75,own,0–16,1,6431,0.000,1.000,24.6110,25.0015
ROI_049/patch_75,own,16–32,1,18672,0.000,1.000,24.9639,25.3788
ROI_049/patch_75,own,32–64,1,71070,0.000,1.000,25.9886,26.4208
ROI_049/patch_75,own,64–128,1,216559,0.000,1.000,27.7740,28.1278
ROI_049/patch_75,own,≥128,1,1784420,0.000,1.000,27.4272,27.7846
ROI_049/patch_77,nearest,0–16,1,6442,0.000,1.000,12.1247,13.2867
ROI_049/patch_77,nearest,16–32,1,18538,0.000,1.000,11.6477,12.8264
ROI_049/patch_77,nearest,32–64,1,65044,0.000,1.000,11.3024,12.5483
ROI_049/patch_77,nearest,64–128,1,128062,0.000,1.000,13.8116,14.9581
ROI_049/patch_77,nearest,≥128,1,44058,0.000,1.000,49.8231,50.4633
ROI_049/patch_77,own,0–16,1,6442,0.000,1.000,12.0475,13.2108
ROI_049/patch_77,own,16–32,1,18704,0.000,1.000,11.7772,12.9537
ROI_049/patch_77,own,32–64,1,71840,0.000,1.000,11.6307,12.8582
ROI_049/patch_77,own,64–128,1,254990,0.000,1.000,12.6672,13.8742
ROI_049/patch_77,own,≥128,1,1745176,0.000,1.000,25.2214,26.4301
ROI_049/patch_80,nearest,0–16,1,7101,0.000,1.000,22.1838,22.4511
ROI_049/patch_80,nearest,16–32,1,19504,0.000,1.000,22.3826,22.6575
ROI_049/patch_80,nearest,32–64,1,64264,0.000,1.000,24.1088,24.3932
ROI_049/patch_80,nearest,64–128,1,138254,0.000,1.000,35.8390,36.1581
ROI_049/patch_80,nearest,≥128,1,33021,0.000,1.000,59.0524,59.4681
ROI_049/patch_80,own,0–16,1,7101,0.000,1.000,22.1253,22.3982
ROI_049/patch_80,own,16–32,1,19530,0.000,1.000,22.4200,22.6958
ROI_049/patch_80,own,32–64,1,70266,0.000,1.000,24.8815,25.1673
ROI_049/patch_80,own,64–128,1,248753,0.000,1.000,32.1039,32.4133
ROI_049/patch_80,own,≥128,1,2013646,0.000,1.000,41.2227,41.5271
ROI_049/patch_82,nearest,0–16,1,6432,0.000,1.000,10.5628,11.8640
ROI_049/patch_82,nearest,16–32,1,19293,0.000,1.000,10.4626,11.7701
ROI_049/patch_82,nearest,32–64,1,73650,0.000,1.000,10.6721,11.9660
ROI_049/patch_82,nearest,64–128,1,119776,0.000,1.000,11.6335,12.8492
ROI_049/patch_82,nearest,≥128,1,42993,0.000,1.000,12.6801,13.6233
ROI_049/patch_82,own,0–16,1,6432,0.000,1.000,10.5686,11.8706
ROI_049/patch_82,own,16–32,1,19293,0.000,1.000,10.4705,11.7728
ROI_049/patch_82,own,32–64,1,74005,0.000,1.000,11.8540,13.1841
ROI_049/patch_82,own,64–128,1,252365,0.000,1.000,11.4987,12.7597
ROI_049/patch_82,own,≥128,1,1745057,0.000,1.000,10.7178,11.8534
ROI_049/patch_83,nearest,0–16,1,6427,0.000,1.000,8.2074,9.5249
ROI_049/patch_83,nearest,16–32,1,19298,0.000,1.000,8.0844,9.4027
ROI_049/patch_83,nearest,32–64,1,66887,0.000,1.000,8.3523,9.6548
ROI_049/patch_83,nearest,64–128,1,97916,0.000,1.000,11.5726,12.8096
ROI_049/patch_83,nearest,≥128,1,71616,0.000,1.000,19.0526,19.9621
ROI_049/patch_83,own,0–16,1,6427,0.000,1.000,8.1389,9.4551
ROI_049/patch_83,own,16–32,1,19298,0.000,1.000,8.1329,9.4484
ROI_049/patch_83,own,32–64,1,73982,0.000,1.000,8.5282,9.8431
ROI_049/patch_83,own,64–128,1,264339,0.000,1.000,10.6548,11.9299
ROI_049/patch_83,own,≥128,1,1733106,0.000,1.000,15.8572,16.8690
ROI_049/patch_84,nearest,0–16,1,6436,0.000,1.000,7.0016,7.8287
ROI_049/patch_84,nearest,16–32,1,19119,0.000,1.000,7.7533,8.5836
ROI_049/patch_84,nearest,32–64,1,64407,0.000,1.000,17.5327,18.3530
ROI_049/patch_84,nearest,64–128,1,113074,0.000,1.000,10.9604,11.6415
ROI_049/patch_84,nearest,≥128,1,59108,0.000,1.000,17.8743,18.5525
ROI_049/patch_84,own,0–16,1,6436,0.000,1.000,7.0026,7.8280
ROI_049/patch_84,own,16–32,1,19119,0.000,1.000,8.1724,9.0057
ROI_049/patch_84,own,32–64,1,71005,0.000,1.000,17.0251,17.8412
ROI_049/patch_84,own,64–128,1,254004,0.000,1.000,10.3274,11.0653
ROI_049/patch_84,own,≥128,1,1746588,0.000,1.000,15.1861,15.9151
ROI_049/patch_85,nearest,0–16,1,6419,0.000,1.000,5.7420,6.6571
ROI_049/patch_85,nearest,16–32,1,19083,0.000,1.000,5.7397,6.6606
ROI_049/patch_85,nearest,32–64,1,65900,0.000,1.000,5.8670,6.7887
ROI_049/patch_85,nearest,64–128,1,125142,0.000,1.000,10.9226,11.8678
ROI_049/patch_85,nearest,≥128,1,45600,0.000,1.000,32.9463,33.9472
ROI_049/patch_85,own,0–16,1,6419,0.000,1.000,5.7502,6.6657
ROI_049/patch_85,own,16–32,1,19083,0.000,1.000,5.7352,6.6559
ROI_049/patch_85,own,32–64,1,68791,0.000,1.000,5.9293,6.8486
ROI_049/patch_85,own,64–128,1,227880,0.000,1.000,8.3760,9.3195
ROI_049/patch_85,own,≥128,1,1774979,0.000,1.000,11.4493,12.3913
ROI_049/patch_86,nearest,0–16,1,6439,0.000,1.000,0.8295,2.1675
ROI_049/patch_86,nearest,16–32,1,18699,0.000,1.000,0.8015,2.1636
ROI_049/patch_86,nearest,32–64,1,67522,0.000,1.000,0.8235,2.1880
ROI_049/patch_86,nearest,64–128,1,142375,0.000,1.000,2.8466,4.3291
ROI_049/patch_86,nearest,≥128,1,27109,0.000,1.000,11.7674,13.4191
ROI_049/patch_86,own,0–16,1,6439,0.000,1.000,0.8295,2.1649
ROI_049/patch_86,own,16–32,1,18699,0.000,1.000,0.8049,2.1675
ROI_049/patch_86,own,32–64,1,70267,0.000,1.000,0.8357,2.2170
ROI_049/patch_86,own,64–128,1,238180,0.000,1.000,3.0093,4.4753
ROI_049/patch_86,own,≥128,1,1763567,0.000,1.000,4.2923,5.7647
ROI_049/patch_88,nearest,0–16,1,6309,0.000,1.000,7.9064,10.4468
ROI_049/patch_88,nearest,16–32,1,18396,0.000,1.000,8.3773,10.9498
ROI_049/patch_88,nearest,32–64,1,70469,0.000,1.000,17.2668,19.8723
ROI_049/patch_88,nearest,64–128,1,142733,0.000,1.000,16.9741,19.6294
ROI_049/patch_88,nearest,≥128,1,24237,0.000,1.000,47.0730,49.8741
ROI_049/patch_88,own,0–16,1,6309,0.000,1.000,7.9161,10.4437
ROI_049/patch_88,own,16–32,1,18396,0.000,1.000,9.0115,11.5885
ROI_049/patch_88,own,32–64,1,71074,0.000,1.000,19.6739,22.2590
ROI_049/patch_88,own,64–128,1,237691,0.000,1.000,12.6462,15.2263
ROI_049/patch_88,own,≥128,1,1763682,0.000,1.000,15.9739,18.6546
ROI_049/patch_90,nearest,0–16,1,6446,0.000,1.000,24.3934,26.5887
ROI_049/patch_90,nearest,16–32,1,18402,0.000,1.000,24.4615,26.6726
ROI_049/patch_90,nearest,32–64,1,61352,0.000,1.000,24.5562,26.6915
ROI_049/patch_90,nearest,64–128,1,134611,0.000,1.000,28.0165,30.1477
ROI_049/patch_90,nearest,≥128,1,41333,0.000,1.000,119.5741,121.6721
ROI_049/patch_90,own,0–16,1,6446,0.000,1.000,24.3970,26.5836
ROI_049/patch_90,own,16–32,1,18402,0.000,1.000,24.6515,26.8489
ROI_049/patch_90,own,32–64,1,66053,0.000,1.000,24.5764,26.7060
ROI_049/patch_90,own,64–128,1,240580,0.000,1.000,26.5570,28.5853
ROI_049/patch_90,own,≥128,1,1765671,0.000,1.000,31.7971,33.8455
ROI_049/patch_91,nearest,0–16,1,6440,0.000,1.000,6.9478,8.3435
ROI_049/patch_91,nearest,16–32,1,19100,0.000,1.000,6.9352,8.3625
ROI_049/patch_91,nearest,32–64,1,56309,0.000,1.000,7.5518,9.0643
ROI_049/patch_91,nearest,64–128,1,97419,0.000,1.000,7.8973,9.9275
ROI_049/patch_91,nearest,≥128,1,82876,0.000,1.000,12.6054,16.5271
ROI_049/patch_91,own,0–16,1,6440,0.000,1.000,7.0158,8.4092
ROI_049/patch_91,own,16–32,1,19310,0.000,1.000,6.9886,8.4078
ROI_049/patch_91,own,32–64,1,75090,0.000,1.000,7.2206,8.6995
ROI_049/patch_91,own,64–128,1,260037,0.000,1.000,8.5245,10.3180
ROI_049/patch_91,own,≥128,1,1736275,0.000,1.000,7.0820,9.6384
ROI_049/patch_93,nearest,0–16,1,6429,0.000,1.000,47.3399,48.4952
ROI_049/patch_93,nearest,16–32,1,18885,0.000,1.000,47.7699,48.8875
ROI_049/patch_93,nearest,32–64,1,61838,0.000,1.000,50.7680,51.7888
ROI_049/patch_93,nearest,64–128,1,105103,0.000,1.000,61.9250,62.7530
ROI_049/patch_93,nearest,≥128,1,69889,0.000,1.000,65.1368,65.9312
ROI_049/patch_93,own,0–16,1,6429,0.000,1.000,47.4349,48.5868
ROI_049/patch_93,own,16–32,1,19306,0.000,1.000,47.7560,48.8779
ROI_049/patch_93,own,32–64,1,76437,0.000,1.000,50.4164,51.4473
ROI_049/patch_93,own,64–128,1,261606,0.000,1.000,56.6643,57.7172
ROI_049/patch_93,own,≥128,1,1733374,0.000,1.000,64.7131,65.7864
ROI_049/patch_96,nearest,0–16,1,6441,0.000,1.000,18.2783,21.2985
ROI_049/patch_96,nearest,16–32,1,19089,0.000,1.000,19.7724,22.7401
ROI_049/patch_96,nearest,32–64,1,64376,0.000,1.000,35.8974,38.8301
ROI_049/patch_96,nearest,64–128,1,104909,0.000,1.000,192.5591,195.2911
ROI_049/patch_96,nearest,≥128,1,67329,1.000,1.000,,
ROI_049/patch_96,own,0–16,1,6441,0.000,1.000,18.1566,21.1818
ROI_049/patch_96,own,16–32,1,19302,0.000,1.000,19.3119,22.2931
ROI_049/patch_96,own,32–64,1,77197,0.000,1.000,31.8011,34.7128
ROI_049/patch_96,own,64–128,1,284124,0.000,1.000,119.0292,121.8555
ROI_049/patch_96,own,≥128,1,1710088,0.000,1.000,165.2224,167.9534
ROI_049/patch_98,nearest,0–16,1,6373,0.000,1.000,11.6792,17.0993
ROI_049/patch_98,nearest,16–32,1,17652,0.000,1.000,11.5516,16.9840
ROI_049/patch_98,nearest,32–64,1,46598,0.000,1.000,11.9515,17.3949
ROI_049/patch_98,nearest,64–128,1,90190,0.000,1.000,16.3306,21.8540
ROI_049/patch_98,nearest,≥128,1,101331,0.500,1.000,436.9892,442.8084
ROI_049/patch_98,own,0–16,1,6373,0.000,1.000,11.7193,17.1419
ROI_049/patch_98,own,16–32,1,18419,0.000,1.000,11.3436,16.7719
ROI_049/patch_98,own,32–64,1,70303,0.000,1.000,11.6928,17.1280
ROI_049/patch_98,own,64–128,1,263447,0.000,1.000,14.7933,20.2547
ROI_049/patch_98,own,≥128,1,1738610,0.000,1.000,172.5667,178.4468
ROI_049/patch_99,nearest,0–16,1,6254,0.000,1.000,22.0740,23.7530
ROI_049/patch_99,nearest,16–32,1,17727,0.000,1.000,22.9926,24.6588
ROI_049/patch_99,nearest,32–64,1,54645,0.000,1.000,26.3512,27.9983
ROI_049/patch_99,nearest,64–128,1,102820,0.000,1.000,97.4040,99.0441
ROI_049/patch_99,nearest,≥128,1,80698,0.000,1.000,1421.7975,1424.5861
ROI_049/patch_99,own,0–16,1,6254,0.000,1.000,22.1498,23.8282
ROI_049/patch_99,own,16–32,1,18317,0.000,1.000,22.4524,24.1074
ROI_049/patch_99,own,32–64,1,72551,0.000,1.000,25.4922,27.1387
ROI_049/patch_99,own,64–128,1,260121,0.000,1.000,72.7257,74.3392
ROI_049/patch_99,own,≥128,1,1739909,0.000,1.000,575.6310,577.9773
ROI_049/patch_103,nearest,0–16,1,6208,0.000,1.000,29.9105,31.1885
ROI_049/patch_103,nearest,16–32,1,18273,0.000,1.000,29.6666,30.8187
ROI_049/patch_103,nearest,32–64,1,58472,0.000,1.000,30.4213,31.5708
ROI_049/patch_103,nearest,64–128,1,103215,0.000,1.000,135.8120,137.1079
ROI_049/patch_103,nearest,≥128,1,75976,1.000,1.000,,
ROI_049/patch_103,own,0–16,1,6208,0.000,1.000,30.3737,31.6701
ROI_049/patch_103,own,16–32,1,18273,0.000,1.000,29.5657,30.7095
ROI_049/patch_103,own,32–64,1,66186,0.000,1.000,28.5691,29.6777
ROI_049/patch_103,own,64–128,1,248808,0.000,1.000,48.3508,49.5374
ROI_049/patch_103,own,≥128,1,1757677,0.050,1.000,706.9687,708.3886
ROI_049/patch_104,nearest,0–16,1,6326,0.000,1.000,37.4098,38.9955
ROI_049/patch_104,nearest,16–32,1,17928,0.000,1.000,37.3518,38.9404
ROI_049/patch_104,nearest,32–64,1,64857,0.000,1.000,43.5230,44.9860
ROI_049/patch_104,nearest,64–128,1,118317,0.000,1.000,94.6642,96.0709
ROI_049/patch_104,nearest,≥128,1,54716,0.000,1.000,135.2379,136.6897
ROI_049/patch_104,own,0–16,1,6326,0.000,1.000,37.3384,38.9185
ROI_049/patch_104,own,16–32,1,17928,0.000,1.000,37.8623,39.4218
ROI_049/patch_104,own,32–64,1,69351,0.000,1.000,45.2247,46.6877
ROI_049/patch_104,own,64–128,1,240799,0.000,1.000,62.9823,64.4716
ROI_049/patch_104,own,≥128,1,1762748,0.000,1.000,77.6379,79.0607
ROI_049/patch_105,nearest,0–16,1,6430,0.000,1.000,16.0095,18.0199
ROI_049/patch_105,nearest,16–32,1,18825,0.000,1.000,16.5803,18.5881
ROI_049/patch_105,nearest,32–64,1,64592,0.000,1.000,15.8633,17.8097
ROI_049/patch_105,nearest,64–128,1,126836,0.000,1.000,78.3600,80.2352
ROI_049/patch_105,nearest,≥128,1,45461,0.000,1.000,450.8027,452.8399
ROI_049/patch_105,own,0–16,1,6430,0.000,1.000,16.0264,18.0374
ROI_049/patch_105,own,16–32,1,18825,0.000,1.000,16.3451,18.3563
ROI_049/patch_105,own,32–64,1,70991,0.000,1.000,15.7915,17.7572
ROI_049/patch_105,own,64–128,1,229388,0.000,1.000,53.5457,55.5508
ROI_049/patch_105,own,≥128,1,1771518,0.000,1.000,82.9867,84.9985
ROI_049/patch_106,nearest,0–16,1,6438,0.000,1.000,95.0328,95.8025
ROI_049/patch_106,nearest,16–32,1,19123,0.000,1.000,95.0420,95.7953
ROI_049/patch_106,nearest,32–64,1,62227,0.000,1.000,95.9531,96.7076
ROI_049/patch_106,nearest,64–128,1,117479,0.000,1.000,117.8063,118.6417
ROI_049/patch_106,nearest,≥128,1,56877,0.000,1.000,328.2078,329.0527
ROI_049/patch_106,own,0–16,1,6438,0.000,1.000,94.6071,95.3799
ROI_049/patch_106,own,16–32,1,19123,0.000,1.000,95.5350,96.2865
ROI_049/patch_106,own,32–64,1,69729,0.000,1.000,96.5937,97.3551
ROI_049/patch_106,own,64–128,1,238990,0.000,1.000,111.1850,111.9634
ROI_049/patch_106,own,≥128,1,1762872,0.000,1.000,138.5344,139.3478
ROI_049/patch_107,nearest,0–16,1,6274,0.000,1.000,5.3460,6.3951
ROI_049/patch_107,nearest,16–32,1,17653,0.000,1.000,5.2543,6.3120
ROI_049/patch_107,nearest,32–64,1,64742,0.000,1.000,5.3925,6.4347
ROI_049/patch_107,nearest,64–128,1,133532,0.000,1.000,12.4018,13.4767
ROI_049/patch_107,nearest,≥128,1,39943,0.000,1.000,35.0939,36.0482
ROI_049/patch_107,own,0–16,1,6274,0.000,1.000,5.3375,6.3889
ROI_049/patch_107,own,16–32,1,17653,0.000,1.000,5.2928,6.3503
ROI_049/patch_107,own,32–64,1,68178,0.000,1.000,5.3556,6.3951
ROI_049/patch_107,own,64–128,1,248754,0.000,1.000,10.2530,11.3347
ROI_049/patch_107,own,≥128,1,1756293,0.000,1.000,11.4508,12.4753
ROI_049/patch_108,nearest,0–16,1,6434,0.000,1.000,45.6820,47.3227
ROI_049/patch_108,nearest,16–32,1,19289,0.000,1.000,45.2841,46.9004
ROI_049/patch_108,nearest,32–64,1,66908,0.000,1.000,45.2955,46.9572
ROI_049/patch_108,nearest,64–128,1,103211,0.000,1.000,61.1547,62.6331
ROI_049/patch_108,nearest,≥128,1,66302,0.000,1.000,149.2384,150.7037
ROI_049/patch_108,own,0–16,1,6434,0.000,1.000,45.7546,47.3995
ROI_049/patch_108,own,16–32,1,19289,0.000,1.000,45.2466,46.8776
ROI_049/patch_108,own,32–64,1,73088,0.000,1.000,45.3184,46.9580
ROI_049/patch_108,own,64–128,1,237492,0.000,1.000,50.2522,51.7308
ROI_049/patch_108,own,≥128,1,1760849,0.000,1.000,53.9442,55.4986
ROI_049/patch_109,nearest,0–16,1,6196,0.000,1.000,13.4653,14.6706
ROI_049/patch_109,nearest,16–32,1,18266,0.000,1.000,13.4935,14.7189
ROI_049/patch_109,nearest,32–64,1,65819,0.000,1.000,14.6155,15.9073
ROI_049/patch_109,nearest,64–128,1,128044,0.000,1.000,14.7166,16.1373
ROI_049/patch_109,nearest,≥128,1,43819,0.000,1.000,16.3826,17.9507
ROI_049/patch_109,own,0–16,1,6196,0.000,1.000,13.4697,14.6729
ROI_049/patch_109,own,16–32,1,18266,0.000,1.000,13.5315,14.7602
ROI_049/patch_109,own,32–64,1,66629,0.000,1.000,14.4957,15.7749
ROI_049/patch_109,own,64–128,1,211844,0.000,1.000,14.8937,16.2305
ROI_049/patch_109,own,≥128,1,1794217,0.000,1.000,14.8489,16.2182
ROI_049/patch_110,nearest,0–16,1,6040,0.000,1.000,3.1901,3.7984
ROI_049/patch_110,nearest,16–32,1,18098,0.000,1.000,3.1642,3.7778
ROI_049/patch_110,nearest,32–64,1,66041,0.000,1.000,3.1155,3.7246
ROI_049/patch_110,nearest,64–128,1,131420,0.000,1.000,6.1814,6.7800
ROI_049/patch_110,nearest,≥128,1,40545,0.000,1.000,12.7733,13.3966
ROI_049/patch_110,own,0–16,1,6040,0.000,1.000,3.1768,3.7843
ROI_049/patch_110,own,16–32,1,18098,0.000,1.000,3.1686,3.7831
ROI_049/patch_110,own,32–64,1,70479,0.000,1.000,3.1358,3.7476
ROI_049/patch_110,own,64–128,1,227702,0.000,1.000,4.4514,5.0584
ROI_049/patch_110,own,≥128,1,1774833,0.000,1.000,7.4196,8.0450
ROI_049/patch_111,nearest,0–16,1,6303,0.000,1.000,18.4353,20.5638
ROI_049/patch_111,nearest,16–32,1,18200,0.000,1.000,19.3166,21.5624
ROI_049/patch_111,nearest,32–64,1,65192,0.000,1.000,19.6812,21.8833
ROI_049/patch_111,nearest,64–128,1,121634,0.000,1.000,19.7980,21.9674
ROI_049/patch_111,nearest,≥128,1,50815,0.000,1.000,22.4446,24.6624
ROI_049/patch_111,own,0–16,1,6303,0.000,1.000,18.3554,20.4760
ROI_049/patch_111,own,16–32,1,18200,0.000,1.000,18.9112,21.1039
ROI_049/patch_111,own,32–64,1,66212,0.000,1.000,19.5013,21.6697
ROI_049/patch_111,own,64–128,1,226695,0.000,1.000,19.6992,21.8834
ROI_049/patch_111,own,≥128,1,1779742,0.000,1.000,19.9700,22.1721
ROI_049/patch_112,nearest,0–16,1,6427,0.000,1.000,4.4811,6.4489
ROI_049/patch_112,nearest,16–32,1,17761,0.000,1.000,4.3518,6.2997
ROI_049/patch_112,nearest,32–64,1,66218,0.000,1.000,5.1166,7.0291
ROI_049/patch_112,nearest,64–128,1,137952,0.000,1.000,12.4072,14.3273
ROI_049/patch_112,nearest,≥128,1,33786,0.000,1.000,34.1342,36.4692
ROI_049/patch_112,own,0–16,1,6427,0.000,1.000,4.4811,6.4495
ROI_049/patch_112,own,16–32,1,17761,0.000,1.000,4.3683,6.3114
ROI_049/patch_112,own,32–64,1,66251,0.000,1.000,5.0843,6.9802
ROI_049/patch_112,own,64–128,1,232773,0.000,1.000,11.6651,13.5657
ROI_049/patch_112,own,≥128,1,1773940,0.000,1.000,22.3773,24.4930
ROI_070/patch_0,nearest,0–16,1,6430,0.000,1.000,3.6832,6.6679
ROI_070/patch_0,nearest,16–32,1,19061,0.000,1.000,3.6201,6.5602
ROI_070/patch_0,nearest,32–64,1,71960,0.000,1.000,3.6038,6.4739
ROI_070/patch_0,nearest,64–128,1,144324,0.000,1.000,3.8799,6.7857
ROI_070/patch_0,nearest,≥128,1,20369,0.000,1.000,6.9392,10.0906
ROI_070/patch_0,own,0–16,1,6430,0.000,1.000,3.6864,6.6844
ROI_070/patch_0,own,16–32,1,19061,0.000,1.000,3.6183,6.5677
ROI_070/patch_0,own,32–64,1,72957,0.000,1.000,3.6128,6.4627
ROI_070/patch_0,own,64–128,1,244164,0.000,1.000,3.6969,6.5253
ROI_070/patch_0,own,≥128,1,1754540,0.000,1.000,4.0718,6.9543
ROI_070/patch_1,nearest,0–16,1,6358,0.000,1.000,0.9369,3.1762
ROI_070/patch_1,nearest,16–32,1,18482,0.000,1.000,0.9291,3.1812
ROI_070/patch_1,nearest,32–64,1,68172,0.000,1.000,0.9408,3.2588
ROI_070/patch_1,nearest,64–128,1,124113,0.000,1.000,1.3379,3.8183
ROI_070/patch_1,nearest,≥128,1,45019,0.000,1.000,3.0805,5.7946
ROI_070/patch_1,own,0–16,1,6358,0.000,1.000,0.9399,3.1782
ROI_070/patch_1,own,16–32,1,18482,0.000,1.000,0.9315,3.1838
ROI_070/patch_1,own,32–64,1,68414,0.000,1.000,0.9377,3.2681
ROI_070/patch_1,own,64–128,1,230067,0.000,1.000,1.2188,3.6439
ROI_070/patch_1,own,≥128,1,1773831,0.000,1.000,1.2527,3.6932
ROI_070/patch_2,nearest,0–16,1,6425,0.000,1.000,5.5907,7.2889
ROI_070/patch_2,nearest,16–32,1,18949,0.000,1.000,5.7092,7.4160
ROI_070/patch_2,nearest,32–64,1,63735,0.000,1.000,5.9313,7.6899
ROI_070/patch_2,nearest,64–128,1,128031,0.000,1.000,7.5946,9.4915
ROI_070/patch_2,nearest,≥128,1,45004,0.000,1.000,13.7186,15.6963
ROI_070/patch_2,own,0–16,1,6425,0.000,1.000,5.6128,7.3144
ROI_070/patch_2,own,16–32,1,18949,0.000,1.000,5.7980,7.5002
ROI_070/patch_2,own,32–64,1,67900,0.000,1.000,5.8681,7.6334
ROI_070/patch_2,own,64–128,1,236876,0.000,1.000,6.6190,8.4343
ROI_070/patch_2,own,≥128,1,1767002,0.000,1.000,8.2819,10.1241
ROI_070/patch_3,nearest,0–16,1,6432,0.000,1.000,3.6015,4.4161
ROI_070/patch_3,nearest,16–32,1,18831,0.000,1.000,3.5726,4.4068
ROI_070/patch_3,nearest,32–64,1,67350,0.000,1.000,3.4609,4.3246
ROI_070/patch_3,nearest,64–128,1,136777,0.000,1.000,3.9073,5.0375
ROI_070/patch_3,nearest,≥128,1,32754,0.000,1.000,5.8780,7.0757
ROI_070/patch_3,own,0–16,1,6432,0.000,1.000,3.5995,4.4176
ROI_070/patch_3,own,16–32,1,18831,0.000,1.000,3.5666,4.3872
ROI_070/patch_3,own,32–64,1,70054,0.000,1.000,3.4166,4.2837
ROI_070/patch_3,own,64–128,1,224740,0.000,1.000,3.7122,4.7486
ROI_070/patch_3,own,≥128,1,1777095,0.000,1.000,3.7935,4.7887
ROI_070/patch_4,nearest,0–16,1,6309,0.000,1.000,3.9137,6.6588
ROI_070/patch_4,nearest,16–32,1,18230,0.000,1.000,3.9293,6.6283
ROI_070/patch_4,nearest,32–64,1,66530,0.000,1.000,4.1577,6.8628
ROI_070/patch_4,nearest,64–128,1,134820,0.000,1.000,3.7729,6.3884
ROI_070/patch_4,nearest,≥128,1,36255,0.000,1.000,3.6282,6.1009
ROI_070/patch_4,own,0–16,1,6309,0.000,1.000,3.8926,6.6449
ROI_070/patch_4,own,16–32,1,18230,0.000,1.000,3.9174,6.6175
ROI_070/patch_4,own,32–64,1,67872,0.000,1.000,4.0472,6.6950
ROI_070/patch_4,own,64–128,1,231430,0.000,1.000,3.9501,6.6339
ROI_070/patch_4,own,≥128,1,1773311,0.000,1.000,3.7248,6.3921
ROI_070/patch_5,nearest,0–16,1,6440,0.000,1.000,3.5066,5.5095
ROI_070/patch_5,nearest,16–32,1,18922,0.000,1.000,3.5286,5.5042
ROI_070/patch_5,nearest,32–64,1,68902,0.000,1.000,3.5460,5.5068
ROI_070/patch_5,nearest,64–128,1,130985,0.000,1.000,3.5916,5.4890
ROI_070/patch_5,nearest,≥128,1,36895,0.000,1.000,3.7018,5.7491
ROI_070/patch_5,own,0–16,1,6440,0.000,1.000,3.5041,5.5087
ROI_070/patch_5,own,16–32,1,18922,0.000,1.000,3.5352,5.5155
ROI_070/patch_5,own,32–64,1,70319,0.000,1.000,3.5429,5.4907
ROI_070/patch_5,own,64–128,1,242692,0.000,1.000,3.6038,5.4988
ROI_070/patch_5,own,≥128,1,1758779,0.000,1.000,3.6145,5.5968
ROI_070/patch_6,nearest,0–16,1,6428,0.000,1.000,4.5085,5.1153
ROI_070/patch_6,nearest,16–32,1,18996,0.000,1.000,4.4815,5.0716
ROI_070/patch_6,nearest,32–64,1,68908,0.000,1.000,4.6045,5.2100
ROI_070/patch_6,nearest,64–128,1,127748,0.000,1.000,4.7766,5.3096
ROI_070/patch_6,nearest,≥128,1,40064,0.000,1.000,4.0265,4.7876
ROI_070/patch_6,own,0–16,1,6428,0.000,1.000,4.5075,5.1119
ROI_070/patch_6,own,16–32,1,18996,0.000,1.000,4.5206,5.1197
ROI_070/patch_6,own,32–64,1,70524,0.000,1.000,4.6996,5.3190
ROI_070/patch_6,own,64–128,1,244170,0.000,1.000,4.7004,5.3447
ROI_070/patch_6,own,≥128,1,1757034,0.000,1.000,4.7690,5.3049
ROI_070/patch_7,nearest,0–16,1,6251,0.000,1.000,1.8285,2.7134
ROI_070/patch_7,nearest,16–32,1,17972,0.000,1.000,1.7997,2.6896
ROI_070/patch_7,nearest,32–64,1,65436,0.000,1.000,1.7791,2.6853
ROI_070/patch_7,nearest,64–128,1,131247,0.000,1.000,2.1239,3.0035
ROI_070/patch_7,nearest,≥128,1,41238,0.000,1.000,2.7018,3.4531
ROI_070/patch_7,own,0–16,1,6251,0.000,1.000,1.8328,2.7180
ROI_070/patch_7,own,16–32,1,17972,0.000,1.000,1.8001,2.6913
ROI_070/patch_7,own,32–64,1,65916,0.000,1.000,1.8006,2.7113
ROI_070/patch_7,own,64–128,1,226656,0.000,1.000,2.1471,3.0529
ROI_070/patch_7,own,≥128,1,1780357,0.000,1.000,2.1443,3.0234
ROI_070/patch_8,nearest,0–16,1,6377,0.000,1.000,1.0030,2.9694
ROI_070/patch_8,nearest,16–32,1,18276,0.000,1.000,1.0080,2.9710
ROI_070/patch_8,nearest,32–64,1,65821,0.000,1.000,1.0110,2.8805
ROI_070/patch_8,nearest,64–128,1,134522,0.000,1.000,1.0120,2.7380
ROI_070/patch_8,nearest,≥128,1,37148,0.000,1.000,1.0669,2.6722
ROI_070/patch_8,own,0–16,1,6377,0.000,1.000,0.9931,2.9459
ROI_070/patch_8,own,16–32,1,18276,0.000,1.000,0.9920,2.9492
ROI_070/patch_8,own,32–64,1,67829,0.000,1.000,1.0321,2.8800
ROI_070/patch_8,own,64–128,1,241113,0.000,1.000,1.0409,2.7986
ROI_070/patch_8,own,≥128,1,1763557,0.000,1.000,1.0227,2.6717
ROI_070/patch_9,nearest,0–16,1,6430,0.000,1.000,2.3559,3.4291
ROI_070/patch_9,nearest,16–32,1,17559,0.000,1.000,2.5461,3.6232
ROI_070/patch_9,nearest,32–64,1,57438,0.000,1.000,2.6700,3.9412
ROI_070/patch_9,nearest,64–128,1,117216,0.000,1.000,3.1648,4.6965
ROI_070/patch_9,nearest,≥128,1,63501,0.000,1.000,2.7851,4.5217
ROI_070/patch_9,own,0–16,1,6430,0.000,1.000,2.3603,3.4327
ROI_070/patch_9,own,16–32,1,17559,0.000,1.000,2.6574,3.7502
ROI_070/patch_9,own,32–64,1,58234,0.000,1.000,2.7015,3.9890
ROI_070/patch_9,own,64–128,1,197914,0.000,1.000,3.2015,4.7671
ROI_070/patch_9,own,≥128,1,1817015,0.000,1.000,2.8130,4.2417
ROI_070/patch_10,nearest,0–16,1,6431,0.000,1.000,1.5893,2.1668
ROI_070/patch_10,nearest,16–32,1,18501,0.000,1.000,1.6551,2.2437
ROI_070/patch_10,nearest,32–64,1,60326,0.000,1.000,1.6986,2.3266
ROI_070/patch_10,nearest,64–128,1,107538,0.000,1.000,1.6950,2.4844
ROI_070/patch_10,nearest,≥128,1,69348,0.000,1.000,1.5465,2.8837
ROI_070/patch_10,own,0–16,1,6431,0.000,1.000,1.5892,2.1617
ROI_070/patch_10,own,16–32,1,18557,0.000,1.000,1.6362,2.2268
ROI_070/patch_10,own,32–64,1,67636,0.000,1.000,1.7071,2.3446
ROI_070/patch_10,own,64–128,1,235720,0.000,1.000,1.7498,2.4723
ROI_070/patch_10,own,≥128,1,1768808,0.000,1.000,1.6354,2.5159
ROI_070/patch_11,nearest,0–16,1,6429,0.000,1.000,0.7042,1.1640
ROI_070/patch_11,nearest,16–32,1,19283,0.000,1.000,0.7147,1.1731
ROI_070/patch_11,nearest,32–64,1,71605,0.000,1.000,0.7452,1.2172
ROI_070/patch_11,nearest,64–128,1,133135,0.000,1.000,0.8846,1.3801
ROI_070/patch_11,nearest,≥128,1,31692,0.000,1.000,0.9237,1.3771
ROI_070/patch_11,own,0–16,1,6429,0.000,1.000,0.7089,1.1728
ROI_070/patch_11,own,16–32,1,19283,0.000,1.000,0.6947,1.1555
ROI_070/patch_11,own,32–64,1,74689,0.000,1.000,0.7289,1.2080
ROI_070/patch_11,own,64–128,1,254590,0.000,1.000,0.8876,1.3732
ROI_070/patch_11,own,≥128,1,1742161,0.000,1.000,0.7749,1.2445
ROI_070/patch_12,nearest,0–16,1,6432,0.000,1.000,9.3979,11.4355
ROI_070/patch_12,nearest,16–32,1,19318,0.000,1.000,9.4063,11.4291
ROI_070/patch_12,nearest,32–64,1,71297,0.000,1.000,9.4387,11.3735
ROI_070/patch_12,nearest,64–128,1,116643,0.000,1.000,9.9272,11.8748
ROI_070/patch_12,nearest,≥128,1,48454,0.000,1.000,11.0340,13.1235
ROI_070/patch_12,own,0–16,1,6432,0.000,1.000,9.4004,11.4376
ROI_070/patch_12,own,16–32,1,19318,0.000,1.000,9.3951,11.4083
ROI_070/patch_12,own,32–64,1,73617,0.000,1.000,9.5001,11.4270
ROI_070/patch_12,own,64–128,1,249009,0.000,1.000,9.5462,11.4344
ROI_070/patch_12,own,≥128,1,1748776,0.000,1.000,10.1896,12.1773
ROI_070/patch_13,nearest,0–16,1,6412,0.000,1.000,3.0947,4.8045
ROI_070/patch_13,nearest,16–32,1,18033,0.000,1.000,3.1286,4.8587
ROI_070/patch_13,nearest,32–64,1,64707,0.000,1.000,3.1473,4.9084
ROI_070/patch_13,nearest,64–128,1,129799,0.000,1.000,3.1358,4.8938
ROI_070/patch_13,nearest,≥128,1,43193,0.000,1.000,3.0387,4.6079
ROI_070/patch_13,own,0–16,1,6412,0.000,1.000,3.0964,4.8001
ROI_070/patch_13,own,16–32,1,18033,0.000,1.000,3.1225,4.8535
ROI_070/patch_13,own,32–64,1,66120,0.000,1.000,3.1323,4.8840
ROI_070/patch_13,own,64–128,1,225252,0.000,1.000,3.1209,4.9142
ROI_070/patch_13,own,≥128,1,1781335,0.000,1.000,3.0632,4.7419
ROI_070/patch_14,nearest,0–16,1,6281,0.000,1.000,2.5380,3.3642
ROI_070/patch_14,nearest,16–32,1,17873,0.000,1.000,2.5423,3.4151
ROI_070/patch_14,nearest,32–64,1,65666,0.000,1.000,2.5372,3.4621
ROI_070/patch_14,nearest,64–128,1,115792,0.000,1.000,2.7048,3.6519
ROI_070/patch_14,nearest,≥128,1,56532,0.000,1.000,3.5393,4.5676
ROI_070/patch_14,own,0–16,1,6281,0.000,1.000,2.5391,3.3663
ROI_070/patch_14,own,16–32,1,17873,0.000,1.000,2.5580,3.4278
ROI_070/patch_14,own,32–64,1,65909,0.000,1.000,2.5569,3.4935
ROI_070/patch_14,own,64–128,1,223260,0.000,1.000,2.5493,3.4973
ROI_070/patch_14,own,≥128,1,1783829,0.000,1.000,2.6559,3.4754
ROI_070/patch_15,nearest,0–16,1,6075,0.000,1.000,2.8099,4.5806
ROI_070/patch_15,nearest,16–32,1,17354,0.000,1.000,2.7984,4.5331
ROI_070/patch_15,nearest,32–64,1,66969,0.000,1.000,2.7638,4.5732
ROI_070/patch_15,nearest,64–128,1,122235,0.000,1.000,2.6180,4.5311
ROI_070/patch_15,nearest,≥128,1,49511,0.000,1.000,2.8092,4.5907
ROI_070/patch_15,own,0–16,1,6075,0.000,1.000,2.8068,4.5929
ROI_070/patch_15,own,16–32,1,17354,0.000,1.000,2.7993,4.5366
ROI_070/patch_15,own,32–64,1,67929,0.000,1.000,2.7251,4.5023
ROI_070/patch_15,own,64–128,1,240811,0.000,1.000,2.6611,4.5544
ROI_070/patch_15,own,≥128,1,1764983,0.000,1.000,2.7231,4.5100
ROI_070/patch_16,nearest,0–16,1,6425,0.000,1.000,4.1131,4.3550
ROI_070/patch_16,nearest,16–32,1,19022,0.000,1.000,4.0399,4.2790
ROI_070/patch_16,nearest,32–64,1,60504,0.000,1.000,4.0219,4.2850
ROI_070/patch_16,nearest,64–128,1,97821,0.000,1.000,4.2276,4.5939
ROI_070/patch_16,nearest,≥128,1,78372,0.000,1.000,7.7256,8.1986
ROI_070/patch_16,own,0–16,1,6425,0.000,1.000,4.1211,4.3647
ROI_070/patch_16,own,16–32,1,19022,0.000,1.000,4.1445,4.3807
ROI_070/patch_16,own,32–64,1,64359,0.000,1.000,4.0995,4.3634
ROI_070/patch_16,own,64–128,1,199436,0.000,1.000,3.8637,4.2113
ROI_070/patch_16,own,≥128,1,1807910,0.000,1.000,3.8031,4.1277
ROI_070/patch_17,nearest,0–16,1,6406,0.000,1.000,0.8869,2.1659
ROI_070/patch_17,nearest,16–32,1,18298,0.000,1.000,0.9300,2.1848
ROI_070/patch_17,nearest,32–64,1,59982,0.000,1.000,1.0109,2.3426
ROI_070/patch_17,nearest,64–128,1,145238,0.000,1.000,1.7701,3.1500
ROI_070/patch_17,nearest,≥128,1,32220,0.000,1.000,2.4245,3.6702
ROI_070/patch_17,own,0–16,1,6406,0.000,1.000,0.8883,2.1707
ROI_070/patch_17,own,16–32,1,18298,0.000,1.000,0.9382,2.1895
ROI_070/patch_17,own,32–64,1,62245,0.000,1.000,1.0140,2.3213
ROI_070/patch_17,own,64–128,1,226522,0.000,1.000,1.4319,2.7674
ROI_070/patch_17,own,≥128,1,1783681,0.000,1.000,1.7789,3.1289
ROI_070/patch_18,nearest,0–16,1,6442,0.000,1.000,2.4333,3.8649
ROI_070/patch_18,nearest,16–32,1,19269,0.000,1.000,2.4419,3.8756
ROI_070/patch_18,nearest,32–64,1,66025,0.000,1.000,2.4793,3.9297
ROI_070/patch_18,nearest,64–128,1,118580,0.000,1.000,2.7399,4.1088
ROI_070/patch_18,nearest,≥128,1,51828,0.000,1.000,2.9950,4.2156
ROI_070/patch_18,own,0–16,1,6442,0.000,1.000,2.4178,3.8488
ROI_070/patch_18,own,16–32,1,19269,0.000,1.000,2.4336,3.8662
ROI_070/patch_18,own,32–64,1,71991,0.000,1.000,2.4698,3.8991
ROI_070/patch_18,own,64–128,1,246436,0.000,1.000,2.7546,4.1988
ROI_070/patch_18,own,≥128,1,1753014,0.000,1.000,2.6155,3.9175
ROI_070/patch_19,nearest,0–16,1,6186,0.000,1.000,0.6228,1.6064
ROI_070/patch_19,nearest,16–32,1,17504,0.000,1.000,0.6186,1.6377
ROI_070/patch_19,nearest,32–64,1,60709,0.000,1.000,0.6192,1.7118
ROI_070/patch_19,nearest,64–128,1,116168,0.000,1.000,0.6388,1.9066
ROI_070/patch_19,nearest,≥128,1,61577,0.000,1.000,0.8024,2.0620
ROI_070/patch_19,own,0–16,1,6186,0.000,1.000,0.6295,1.6168
ROI_070/patch_19,own,16–32,1,17504,0.000,1.000,0.6204,1.6331
ROI_070/patch_19,own,32–64,1,66148,0.000,1.000,0.6332,1.7290
ROI_070/patch_19,own,64–128,1,235104,0.000,1.000,0.6493,1.8833
ROI_070/patch_19,own,≥128,1,1772210,0.000,1.000,0.7302,1.9278
ROI_070/patch_20,nearest,0–16,1,6434,0.000,1.000,3.4338,4.2557
ROI_070/patch_20,nearest,16–32,1,19304,0.000,1.000,3.4694,4.2763
ROI_070/patch_20,nearest,32–64,1,72792,0.000,1.000,3.4563,4.2540
ROI_070/patch_20,nearest,64–128,1,125353,0.000,1.000,3.5644,4.3352
ROI_070/patch_20,nearest,≥128,1,38261,0.000,1.000,3.5505,4.3145
ROI_070/patch_20,own,0–16,1,6434,0.000,1.000,3.4260,4.2455
ROI_070/patch_20,own,16–32,1,19304,0.000,1.000,3.4228,4.2333
ROI_070/patch_20,own,32–64,1,73132,0.000,1.000,3.4452,4.2439
ROI_070/patch_20,own,64–128,1,261253,0.000,1.000,3.6376,4.4245
ROI_070/patch_20,own,≥128,1,1737029,0.000,1.000,3.4409,4.2177
ROI_070/patch_21,nearest,0–16,1,6439,0.000,1.000,3.1674,4.2292
ROI_070/patch_21,nearest,16–32,1,17994,0.000,1.000,3.1440,4.2156
ROI_070/patch_21,nearest,32–64,1,64630,0.000,1.000,3.0821,4.2141
ROI_070/patch_21,nearest,64–128,1,108828,0.000,1.000,2.9487,4.3393
ROI_070/patch_21,nearest,≥128,1,64253,0.000,1.000,3.2285,5.4911
ROI_070/patch_21,own,0–16,1,6439,0.000,1.000,3.1725,4.2371
ROI_070/patch_21,own,16–32,1,17994,0.000,1.000,3.1481,4.2122
ROI_070/patch_21,own,32–64,1,66294,0.000,1.000,3.0835,4.2051
ROI_070/patch_21,own,64–128,1,234218,0.000,1.000,2.9747,4.1360
ROI_070/patch_21,own,≥128,1,1772207,0.000,1.000,3.3210,4.6133
ROI_070/patch_22,nearest,0–16,1,6429,0.000,1.000,2.7037,5.2710
ROI_070/patch_22,nearest,16–32,1,18834,0.000,1.000,2.7543,5.3265
ROI_070/patch_22,nearest,32–64,1,65939,0.000,1.000,2.7650,5.3104
ROI_070/patch_22,nearest,64–128,1,109202,0.000,1.000,3.0329,5.5556
ROI_070/patch_22,nearest,≥128,1,61740,0.000,1.000,3.7950,6.3876
ROI_070/patch_22,own,0–16,1,6429,0.000,1.000,2.6883,5.2563
ROI_070/patch_22,own,16–32,1,18834,0.000,1.000,2.7243,5.3014
ROI_070/patch_22,own,32–64,1,68412,0.000,1.000,2.7753,5.3377
ROI_070/patch_22,own,64–128,1,237684,0.000,1.000,2.9353,5.4087
ROI_070/patch_22,own,≥128,1,1765793,0.000,1.000,3.1757,5.8102
ROI_070/patch_23,nearest,0–16,1,6428,0.000,1.000,3.4717,4.8979
ROI_070/patch_23,nearest,16–32,1,19300,0.000,1.000,3.4227,4.8487
ROI_070/patch_23,nearest,32–64,1,61640,0.000,1.000,3.4183,4.7996
ROI_070/patch_23,nearest,64–128,1,122000,0.000,1.000,3.7142,5.0936
ROI_070/patch_23,nearest,≥128,1,52776,0.000,1.000,4.1506,5.4545
ROI_070/patch_23,own,0–16,1,6428,0.000,1.000,3.4639,4.8925
ROI_070/patch_23,own,16–32,1,19300,0.000,1.000,3.4266,4.8535
ROI_070/patch_23,own,32–64,1,69979,0.000,1.000,3.3720,4.7600
ROI_070/patch_23,own,64–128,1,250657,0.000,1.000,3.6015,5.0070
ROI_070/patch_23,own,≥128,1,1750788,0.000,1.000,3.7448,5.1091
ROI_070/patch_24,nearest,0–16,1,6407,0.000,1.000,1.8668,2.9742
ROI_070/patch_24,nearest,16–32,1,17733,0.000,1.000,1.8682,2.9725
ROI_070/patch_24,nearest,32–64,1,63222,0.000,1.000,1.7271,2.9291
ROI_070/patch_24,nearest,64–128,1,148605,0.000,1.000,1.5384,2.9917
ROI_070/patch_24,nearest,≥128,1,26177,0.000,1.000,1.4496,2.9901
ROI_070/patch_24,own,0–16,1,6407,0.000,1.000,1.8708,2.9739
ROI_070/patch_24,own,16–32,1,17733,0.000,1.000,1.8679,2.9717
ROI_070/patch_24,own,32–64,1,63222,0.000,1.000,1.7384,2.9199
ROI_070/patch_24,own,64–128,1,208865,0.000,1.000,1.5975,3.0433
ROI_070/patch_24,own,≥128,1,1800925,0.000,1.000,1.5741,3.1141
ROI_070/patch_25,nearest,0–16,1,6302,0.000,1.000,13.8455,16.2180
ROI_070/patch_25,nearest,16–32,1,18387,0.000,1.000,13.6409,15.9373
ROI_070/patch_25,nearest,32–64,1,57721,0.000,1.000,13.4908,15.7812
ROI_070/patch_25,nearest,64–128,1,111802,0.000,1.000,13.0997,15.4132
ROI_070/patch_25,nearest,≥128,1,67932,0.000,1.000,13.0255,15.4812
ROI_070/patch_25,own,0–16,1,6302,0.000,1.000,13.8392,16.2099
ROI_070/patch_25,own,16–32,1,18387,0.000,1.000,13.6410,15.9293
ROI_070/patch_25,own,32–64,1,65738,0.000,1.000,13.5338,15.8204
ROI_070/patch_25,own,64–128,1,214466,0.000,1.000,13.2941,15.6167
ROI_070/patch_25,own,≥128,1,1792259,0.000,1.000,13.2031,15.5574
ROI_070/patch_26,nearest,0–16,1,6429,0.000,1.000,5.5144,6.8785
ROI_070/patch_26,nearest,16–32,1,19282,0.000,1.000,5.4761,6.8297
ROI_070/patch_26,nearest,32–64,1,70253,0.000,1.000,5.4240,6.7722
ROI_070/patch_26,nearest,64–128,1,136333,0.000,1.000,5.4936,6.8377
ROI_070/patch_26,nearest,≥128,1,29847,0.000,1.000,5.9134,7.3160
ROI_070/patch_26,own,0–16,1,6429,0.000,1.000,5.5250,6.8921
ROI_070/patch_26,own,16–32,1,19282,0.000,1.000,5.4826,6.8394
ROI_070/patch_26,own,32–64,1,71803,0.000,1.000,5.4228,6.7664
ROI_070/patch_26,own,64–128,1,238638,0.000,1.000,5.5526,6.8810
ROI_070/patch_26,own,≥128,1,1761000,0.000,1.000,5.6151,6.9597
ROI_070/patch_27,nearest,0–16,1,6344,0.000,1.000,0.7278,1.1605
ROI_070/patch_27,nearest,16–32,1,16706,0.000,1.000,0.7344,1.1600
ROI_070/patch_27,nearest,32–64,1,52102,0.000,1.000,0.7568,1.1980
ROI_070/patch_27,nearest,64–128,1,115181,0.000,1.000,0.6764,1.0884
ROI_070/patch_27,nearest,≥128,1,71811,0.000,1.000,0.9231,1.2986
ROI_070/patch_27,own,0–16,1,6344,0.000,1.000,0.7292,1.1624
ROI_070/patch_27,own,16–32,1,16706,0.000,1.000,0.7231,1.1484
ROI_070/patch_27,own,32–64,1,57169,0.000,1.000,0.7668,1.1996
ROI_070/patch_27,own,64–128,1,204985,0.000,1.000,0.6679,1.0826
ROI_070/patch_27,own,≥128,1,1811948,0.000,1.000,0.7246,1.0644
ROI_070/patch_28,nearest,0–16,1,6429,0.000,1.000,2.1602,3.5618
ROI_070/patch_28,nearest,16–32,1,19174,0.000,1.000,2.1679,3.5900
ROI_070/patch_28,nearest,32–64,1,65964,0.000,1.000,2.1777,3.6730
ROI_070/patch_28,nearest,64–128,1,123125,0.000,1.000,2.3753,4.1338
ROI_070/patch_28,nearest,≥128,1,47452,0.000,1.000,2.6919,4.4165
ROI_070/patch_28,own,0–16,1,6429,0.000,1.000,2.1597,3.5610
ROI_070/patch_28,own,16–32,1,19174,0.000,1.000,2.1654,3.5890
ROI_070/patch_28,own,32–64,1,68607,0.000,1.000,2.1749,3.6759
ROI_070/patch_28,own,64–128,1,236806,0.000,1.000,2.2228,3.8939
ROI_070/patch_28,own,≥128,1,1766136,0.000,1.000,2.3158,3.9325
ROI_070/patch_29,nearest,0–16,1,6438,0.000,1.000,9.5020,15.5719
ROI_070/patch_29,nearest,16–32,1,19159,0.000,1.000,9.5520,15.5719
ROI_070/patch_29,nearest,32–64,1,66351,0.000,1.000,9.5571,15.6516
ROI_070/patch_29,nearest,64–128,1,124750,0.000,1.000,9.5405,15.7727
ROI_070/patch_29,nearest,≥128,1,45446,0.000,1.000,8.8601,14.9150
ROI_070/patch_29,own,0–16,1,6438,0.000,1.000,9.4873,15.5608
ROI_070/patch_29,own,16–32,1,19159,0.000,1.000,9.5313,15.5678
ROI_070/patch_29,own,32–64,1,72466,0.000,1.000,9.5241,15.5856
ROI_070/patch_29,own,64–128,1,263983,0.000,1.000,9.4438,15.5478
ROI_070/patch_29,own,≥128,1,1735106,0.000,1.000,9.6516,15.7649
ROI_070/patch_31,nearest,0–16,1,6328,0.000,1.000,1.1965,2.4262
ROI_070/patch_31,nearest,16–32,1,18437,0.000,1.000,1.2135,2.4289
ROI_070/patch_31,nearest,32–64,1,59789,0.000,1.000,1.2907,2.5293
ROI_070/patch_31,nearest,64–128,1,106830,0.000,1.000,1.4238,2.6225
ROI_070/patch_31,nearest,≥128,1,70760,0.000,1.000,1.5332,2.6574
ROI_070/patch_31,own,0–16,1,6328,0.000,1.000,1.1959,2.4243
ROI_070/patch_31,own,16–32,1,18437,0.000,1.000,1.2050,2.4270
ROI_070/patch_31,own,32–64,1,72748,0.000,1.000,1.2591,2.4786
ROI_070/patch_31,own,64–128,1,269904,0.000,1.000,1.4088,2.6141
ROI_070/patch_31,own,≥128,1,1729735,0.000,1.000,1.3886,2.5476
ROI_070/patch_33,nearest,0–16,1,6430,0.000,1.000,4.5537,6.2582
ROI_070/patch_33,nearest,16–32,1,19203,0.000,1.000,4.6222,6.3393
ROI_070/patch_33,nearest,32–64,1,63439,0.000,1.000,4.9743,6.7359
ROI_070/patch_33,nearest,64–128,1,140189,0.000,1.000,4.8776,6.8206
ROI_070/patch_33,nearest,≥128,1,32883,0.000,1.000,5.4676,7.3582
ROI_070/patch_33,own,0–16,1,6430,0.000,1.000,4.5318,6.2400
ROI_070/patch_33,own,16–32,1,19203,0.000,1.000,4.6207,6.3281
ROI_070/patch_33,own,32–64,1,72551,0.000,1.000,5.0266,6.8041
ROI_070/patch_33,own,64–128,1,257559,0.000,1.000,5.3072,7.2028
ROI_070/patch_33,own,≥128,1,1741409,0.000,1.000,5.2126,7.0327
ROI_070/patch_35,nearest,0–16,1,6438,0.000,1.000,2.3586,3.3565
ROI_070/patch_35,nearest,16–32,1,18854,0.000,1.000,1.9445,2.9980
ROI_070/patch_35,nearest,32–64,1,65501,0.000,1.000,2.8397,3.8671
ROI_070/patch_35,nearest,64–128,1,135867,0.000,1.000,2.5429,3.5934
ROI_070/patch_35,nearest,≥128,1,35484,0.000,1.000,3.1556,4.2705
ROI_070/patch_35,own,0–16,1,6438,0.000,1.000,2.4239,3.4208
ROI_070/patch_35,own,16–32,1,18854,0.000,1.000,2.0482,3.0927
ROI_070/patch_35,own,32–64,1,65948,0.000,1.000,3.0217,4.0436
ROI_070/patch_35,own,64–128,1,222784,0.000,1.000,2.6270,3.6850
ROI_070/patch_35,own,≥128,1,1783128,0.000,1.000,2.1652,3.1869
ROI_070/patch_36,nearest,0–16,1,6413,0.000,1.000,12.6778,13.6461
ROI_070/patch_36,nearest,16–32,1,19313,0.000,1.000,11.9128,12.8901
ROI_070/patch_36,nearest,32–64,1,68200,0.000,1.000,11.7115,12.7106
ROI_070/patch_36,nearest,64–128,1,133928,0.000,1.000,19.5803,20.6346
ROI_070/patch_36,nearest,≥128,1,34290,0.000,1.000,103.5889,104.6647
ROI_070/patch_36,own,0–16,1,6413,0.000,1.000,12.7029,13.6750
ROI_070/patch_36,own,16–32,1,19313,0.000,1.000,11.9320,12.9064
ROI_070/patch_36,own,32–64,1,72277,0.000,1.000,11.8112,12.8061
ROI_070/patch_36,own,64–128,1,238034,0.000,1.000,13.6938,14.7895
ROI_070/patch_36,own,≥128,1,1761115,0.000,1.000,15.1239,16.1792
ROI_070/patch_37,nearest,0–16,1,6451,0.000,1.000,1.0215,1.5117
ROI_070/patch_37,nearest,16–32,1,19287,0.000,1.000,1.3116,1.8238
ROI_070/patch_37,nearest,32–64,1,66758,0.000,1.000,1.0653,1.5790
ROI_070/patch_37,nearest,64–128,1,102540,0.000,1.000,1.7486,2.4508
ROI_070/patch_37,nearest,≥128,1,67108,0.000,1.000,8.7664,9.5483
ROI_070/patch_37,own,0–16,1,6451,0.000,1.000,1.0212,1.5095
ROI_070/patch_37,own,16–32,1,19287,0.000,1.000,1.3537,1.8662
ROI_070/patch_37,own,32–64,1,72228,0.000,1.000,2.1205,2.6319
ROI_070/patch_37,own,64–128,1,273033,0.000,1.000,1.3926,1.9525
ROI_070/patch_37,own,≥128,1,1726153,0.000,1.000,2.8812,3.5305
ROI_070/patch_38,nearest,0–16,1,6438,0.000,1.000,5.5523,6.4482
ROI_070/patch_38,nearest,16–32,1,18054,0.000,1.000,5.6472,6.5547
ROI_070/patch_38,nearest,32–64,1,56226,0.000,1.000,6.0179,6.9320
ROI_070/patch_38,nearest,64–128,1,124114,0.000,1.000,8.8066,9.7127
ROI_070/patch_38,nearest,≥128,1,57312,0.000,1.000,12.7652,13.9140
ROI_070/patch_38,own,0–16,1,6438,0.000,1.000,5.5522,6.4505
ROI_070/patch_38,own,16–32,1,19088,0.000,1.000,5.6293,6.5278
ROI_070/patch_38,own,32–64,1,67979,0.000,1.000,5.6689,6.5692
ROI_070/patch_38,own,64–128,1,222466,0.000,1.000,5.9967,6.9291
ROI_070/patch_38,own,≥128,1,1781181,0.000,1.000,7.7159,8.7719
ROI_070/patch_39,nearest,0–16,1,6070,0.000,1.000,3.4310,5.1129
ROI_070/patch_39,nearest,16–32,1,17036,0.000,1.000,3.4558,5.1008
ROI_070/patch_39,nearest,32–64,1,57094,0.000,1.000,3.5464,5.0604
ROI_070/patch_39,nearest,64–128,1,123728,0.000,1.000,3.8216,5.0726
ROI_070/patch_39,nearest,≥128,1,58216,0.000,1.000,12.8711,14.1202
ROI_070/patch_39,own,0–16,1,6070,0.000,1.000,3.4303,5.1152
ROI_070/patch_39,own,16–32,1,17036,0.000,1.000,3.4529,5.0846
ROI_070/patch_39,own,32–64,1,62709,0.000,1.000,3.5449,5.0793
ROI_070/patch_39,own,64–128,1,214821,0.000,1.000,3.7126,5.0783
ROI_070/patch_39,own,≥128,1,1796516,0.000,1.000,9.7664,11.0067
ROI_070/patch_40,nearest,0–16,1,6446,0.000,1.000,5.1619,7.2063
ROI_070/patch_40,nearest,16–32,1,18831,0.000,1.000,9.8403,11.9027
ROI_070/patch_40,nearest,32–64,1,64524,0.000,1.000,10.3272,12.3478
ROI_070/patch_40,nearest,64–128,1,140429,0.000,1.000,7.5438,9.4820
ROI_070/patch_40,nearest,≥128,1,31914,0.000,1.000,14.0555,15.7199
ROI_070/patch_40,own,0–16,1,6446,0.000,1.000,5.2195,7.2581
ROI_070/patch_40,own,16–32,1,18831,0.000,1.000,8.9702,11.0422
ROI_070/patch_40,own,32–64,1,66454,0.000,1.000,10.1501,12.2125
ROI_070/patch_40,own,64–128,1,232346,0.000,1.000,7.8410,9.8163
ROI_070/patch_40,own,≥128,1,1773075,0.000,1.000,8.4326,10.4458
ROI_070/patch_41,nearest,0–16,1,6335,0.000,1.000,5.2887,5.8604
ROI_070/patch_41,nearest,16–32,1,16517,0.000,1.000,12.2326,12.8483
ROI_070/patch_41,nearest,32–64,1,56179,0.000,1.000,12.0724,12.7786
ROI_070/patch_41,nearest,64–128,1,117809,0.000,1.000,8.5824,9.3052
ROI_070/patch_41,nearest,≥128,1,65304,0.000,1.000,5.5060,5.9857
ROI_070/patch_41,own,0–16,1,6358,0.000,1.000,5.3517,5.9331
ROI_070/patch_41,own,16–32,1,17913,0.000,1.000,8.2989,8.9163
ROI_070/patch_41,own,32–64,1,62907,0.000,1.000,9.0360,9.7522
ROI_070/patch_41,own,64–128,1,208797,0.000,1.000,10.3281,11.1153
ROI_070/patch_41,own,≥128,1,1801177,0.000,1.000,8.9472,9.6249
ROI_070/patch_42,nearest,0–16,1,6393,0.000,1.000,1.3728,2.3420
ROI_070/patch_42,nearest,16–32,1,17804,0.000,1.000,1.4604,2.4508
ROI_070/patch_42,nearest,32–64,1,59937,0.000,1.000,5.4633,6.5321
ROI_070/patch_42,nearest,64–128,1,103778,0.000,1.000,24.4054,25.7612
ROI_070/patch_42,nearest,≥128,1,74232,0.000,1.000,255.1578,256.1645
ROI_070/patch_42,own,0–16,1,6393,0.000,1.000,1.3689,2.3346
ROI_070/patch_42,own,16–32,1,17804,0.000,1.000,1.6627,2.6519
ROI_070/patch_42,own,32–64,1,65335,0.000,1.000,6.4846,7.5560
ROI_070/patch_42,own,64–128,1,214758,0.000,1.000,11.5843,12.8497
ROI_070/patch_42,own,≥128,1,1792862,0.000,1.000,12.3386,13.5583
ROI_070/patch_43,nearest,0–16,1,6437,0.000,1.000,0.8660,2.1946
ROI_070/patch_43,nearest,16–32,1,19293,0.000,1.000,0.8705,2.2073
ROI_070/patch_43,nearest,32–64,1,72121,0.000,1.000,0.8976,2.2893
ROI_070/patch_43,nearest,64–128,1,130350,0.000,1.000,5.2540,6.7879
ROI_070/patch_43,nearest,≥128,1,33943,0.000,1.000,135.0709,137.0176
ROI_070/patch_43,own,0–16,1,6437,0.000,1.000,0.8648,2.1890
ROI_070/patch_43,own,16–32,1,19293,0.000,1.000,0.8706,2.2135
ROI_070/patch_43,own,32–64,1,72474,0.000,1.000,0.8937,2.2754
ROI_070/patch_43,own,64–128,1,246931,0.000,1.000,2.9841,4.4657
ROI_070/patch_43,own,≥128,1,1752017,0.000,1.000,3.7287,5.2535
ROI_070/patch_45,nearest,0–16,1,6442,0.000,1.000,2.7543,2.9926
ROI_070/patch_45,nearest,16–32,1,19252,0.000,1.000,2.7478,2.9890
ROI_070/patch_45,nearest,32–64,1,68791,0.000,1.000,2.6297,2.9234
ROI_070/patch_45,nearest,64–128,1,143978,0.000,1.000,10.6323,11.0390
ROI_070/patch_45,nearest,≥128,1,23681,0.000,1.000,59.3563,60.5062
ROI_070/patch_45,own,0–16,1,6442,0.000,1.000,2.7514,2.9875
ROI_070/patch_45,own,16–32,1,19297,0.000,1.000,2.7354,2.9761
ROI_070/patch_45,own,32–64,1,74780,0.000,1.000,2.5838,2.8646
ROI_070/patch_45,own,64–128,1,265243,0.000,1.000,9.3055,9.6479
ROI_070/patch_45,own,≥128,1,1731390,0.000,1.000,9.7722,10.1661
ROI_070/patch_46,nearest,0–16,1,6429,0.000,1.000,2.6116,3.5312
ROI_070/patch_46,nearest,16–32,1,19298,0.000,1.000,2.6016,3.5223
ROI_070/patch_46,nearest,32–64,1,70460,0.000,1.000,2.7433,3.6297
ROI_070/patch_46,nearest,64–128,1,134236,0.000,1.000,4.5823,5.3869
ROI_070/patch_46,nearest,≥128,1,31721,0.000,1.000,11.7444,12.6664
ROI_070/patch_46,own,0–16,1,6429,0.000,1.000,2.5996,3.5217
ROI_070/patch_46,own,16–32,1,19298,0.000,1.000,2.6045,3.5238
ROI_070/patch_46,own,32–64,1,77193,0.000,1.000,2.7618,3.6603
ROI_070/patch_46,own,64–128,1,260847,0.000,1.000,4.2115,5.0167
ROI_070/patch_46,own,≥128,1,1733385,0.000,1.000,8.7649,9.5817
ROI_070/patch_47,nearest,0–16,1,6443,0.000,1.000,1.8504,4.1604
ROI_070/patch_47,nearest,16–32,1,19073,0.000,1.000,1.9743,4.3167
ROI_070/patch_47,nearest,32–64,1,63172,0.000,1.000,17.8443,20.2415
ROI_070/patch_47,nearest,64–128,1,103946,0.000,1.000,71.1489,73.7537
ROI_070/patch_47,nearest,≥128,1,69510,0.000,1.000,92.9448,96.7574
ROI_070/patch_47,own,0–16,1,6443,0.000,1.000,1.8629,4.1738
ROI_070/patch_47,own,16–32,1,19073,0.000,1.000,1.9031,4.2424
ROI_070/patch_47,own,32–64,1,71448,0.000,1.000,15.7931,18.1843
ROI_070/patch_47,own,64–128,1,251065,0.000,1.000,18.2456,20.8230
ROI_070/patch_47,own,≥128,1,1749123,0.000,1.000,26.7256,29.1858
ROI_070/patch_48,nearest,0–16,1,6218,0.000,1.000,2.2108,2.9280
ROI_070/patch_48,nearest,16–32,1,18199,0.000,1.000,3.0953,3.8590
ROI_070/patch_48,nearest,32–64,1,62718,0.000,1.000,13.7104,15.0548
ROI_070/patch_48,nearest,64–128,1,132837,0.000,1.000,21.2728,22.7351
ROI_070/patch_48,nearest,≥128,1,42172,0.000,1.000,36.6045,37.9394
ROI_070/patch_48,own,0–16,1,6218,0.000,1.000,2.2096,2.9315
ROI_070/patch_48,own,16–32,1,18199,0.000,1.000,3.2747,4.0489
ROI_070/patch_48,own,32–64,1,67051,0.000,1.000,14.9183,16.3373
ROI_070/patch_48,own,64–128,1,233459,0.000,1.000,30.9393,32.4437
ROI_070/patch_48,own,≥128,1,1772225,0.000,1.000,14.9096,16.1185
ROI_070/patch_49,nearest,0–16,1,6441,0.000,1.000,2.9643,5.4175
ROI_070/patch_49,nearest,16–32,1,17958,0.000,1.000,2.8922,5.3524
ROI_070/patch_49,nearest,32–64,1,63379,0.000,1.000,7.2182,10.0519
ROI_070/patch_49,nearest,64–128,1,151862,0.000,1.000,13.9883,16.8492
ROI_070/patch_49,nearest,≥128,1,22504,0.000,1.000,136.2241,139.6802
ROI_070/patch_49,own,0–16,1,6441,0.000,1.000,2.9578,5.4151
ROI_070/patch_49,own,16–32,1,18675,0.000,1.000,2.9085,5.3556
ROI_070/patch_49,own,32–64,1,68289,0.000,1.000,7.1712,10.0206
ROI_070/patch_49,own,64–128,1,238604,0.000,1.000,11.2678,13.9785
ROI_070/patch_49,own,≥128,1,1765143,0.000,1.000,16.6055,19.4503
ROI_070/patch_50,nearest,0–16,1,6437,0.000,1.000,4.4050,5.2781
ROI_070/patch_50,nearest,16–32,1,19303,0.000,1.000,4.2984,5.1595
ROI_070/patch_50,nearest,32–64,1,71753,0.000,1.000,5.3924,6.2848
ROI_070/patch_50,nearest,64–128,1,136247,0.000,1.000,37.5126,38.3668
ROI_070/patch_50,nearest,≥128,1,28404,0.000,1.000,249.2962,250.9327
ROI_070/patch_50,own,0–16,1,6437,0.000,1.000,4.4049,5.2790
ROI_070/patch_50,own,16–32,1,19303,0.000,1.000,4.3273,5.1892
ROI_070/patch_50,own,32–64,1,76554,0.000,1.000,5.2265,6.0901
ROI_070/patch_50,own,64–128,1,249832,0.000,1.000,13.2688,14.1944
ROI_070/patch_50,own,≥128,1,1745026,0.000,1.000,16.5812,17.4979
ROI_070/patch_51,nearest,0–16,1,6414,0.000,1.000,2.5227,3.5279
ROI_070/patch_51,nearest,16–32,1,19305,0.000,1.000,2.5092,3.5149
ROI_070/patch_51,nearest,32–64,1,63233,0.000,1.000,2.4635,3.4924
ROI_070/patch_51,nearest,64–128,1,117291,0.000,1.000,7.3365,8.4713
ROI_070/patch_51,nearest,≥128,1,55901,0.000,1.000,36.6311,37.8363
ROI_070/patch_51,own,0–16,1,6414,0.000,1.000,2.5196,3.5273
ROI_070/patch_51,own,16–32,1,19305,0.000,1.000,2.4892,3.5070
ROI_070/patch_51,own,32–64,1,72739,0.000,1.000,2.4824,3.5168
ROI_070/patch_51,own,64–128,1,251004,0.000,1.000,7.4817,8.6040
ROI_070/patch_51,own,≥128,1,1747690,0.000,1.000,16.8618,18.0551
ROI_070/patch_52,nearest,0–16,1,6430,0.000,1.000,3.3159,5.1111
ROI_070/patch_52,nearest,16–32,1,19136,0.000,1.000,3.2836,5.0715
ROI_070/patch_52,nearest,32–64,1,65164,0.000,1.000,3.2757,5.0207
ROI_070/patch_52,nearest,64–128,1,129247,0.000,1.000,16.3561,17.9567
ROI_070/patch_52,nearest,≥128,1,42167,0.000,1.000,304.1538,308.1536
ROI_070/patch_52,own,0–16,1,6430,0.000,1.000,3.3254,5.1110
ROI_070/patch_52,own,16–32,1,19136,0.000,1.000,3.2736,5.0595
ROI_070/patch_52,own,32–64,1,70354,0.000,1.000,3.2816,5.0716
ROI_070/patch_52,own,64–128,1,233872,0.000,1.000,8.5653,10.2907
ROI_070/patch_52,own,≥128,1,1767360,0.000,1.000,36.1585,38.0835
ROI_070/patch_53,nearest,0–16,1,6303,0.000,1.000,2.1300,3.6333
ROI_070/patch_53,nearest,16–32,1,18366,0.000,1.000,2.0691,3.6138
ROI_070/patch_53,nearest,32–64,1,64751,0.000,1.000,2.2473,3.8302
ROI_070/patch_53,nearest,64–128,1,120155,0.000,1.000,25.9838,27.7431
ROI_070/patch_53,nearest,≥128,1,52569,0.000,1.000,64.0927,65.5491
ROI_070/patch_53,own,0–16,1,6303,0.000,1.000,2.1325,3.6377
ROI_070/patch_53,own,16–32,1,18366,0.000,1.000,2.0823,3.6178
ROI_070/patch_53,own,32–64,1,67372,0.000,1.000,2.2847,3.8384
ROI_070/patch_53,own,64–128,1,217684,0.000,1.000,26.1620,27.8668
ROI_070/patch_53,own,≥128,1,1787427,0.000,1.000,23.0517,24.7364
ROI_070/patch_54,nearest,0–16,1,6427,0.000,1.000,61.2936,63.6368
ROI_070/patch_54,nearest,16–32,1,18781,0.000,1.000,61.6202,63.9360
ROI_070/patch_54,nearest,32–64,1,61584,0.000,1.000,61.6833,63.8897
ROI_070/patch_54,nearest,64–128,1,110497,0.000,1.000,67.5600,69.5349
ROI_070/patch_54,nearest,≥128,1,64855,0.000,1.000,88.1940,89.6027
ROI_070/patch_54,own,0–16,1,6427,0.000,1.000,61.3098,63.6697
ROI_070/patch_54,own,16–32,1,18781,0.000,1.000,61.4560,63.7530
ROI_070/patch_54,own,32–64,1,68329,0.000,1.000,61.3281,63.4729
ROI_070/patch_54,own,64–128,1,242889,0.000,1.000,63.1267,65.0693
ROI_070/patch_54,own,≥128,1,1760726,0.000,1.000,82.9214,84.6113
ROI_070/patch_57,nearest,0–16,1,6444,0.000,1.000,55.7996,57.3612
ROI_070/patch_57,nearest,16–32,1,18739,0.000,1.000,56.1174,57.7230
ROI_070/patch_57,nearest,32–64,1,63288,0.000,1.000,57.4190,59.1027
ROI_070/patch_57,nearest,64–128,1,120354,0.000,1.000,63.0030,64.5986
ROI_070/patch_57,nearest,≥128,1,53319,0.000,1.000,70.2872,71.8156
ROI_070/patch_57,own,0–16,1,6444,0.000,1.000,56.0091,57.5728
ROI_070/patch_57,own,16–32,1,18739,0.000,1.000,55.6508,57.2668
ROI_070/patch_57,own,32–64,1,71552,0.000,1.000,56.0586,57.7116
ROI_070/patch_57,own,64–128,1,261515,0.000,1.000,61.3429,62.9603
ROI_070/patch_57,own,≥128,1,1738902,0.000,1.000,62.1447,63.7417
ROI_070/patch_58,nearest,0–16,1,6430,0.000,1.000,61.0850,78.7872
ROI_070/patch_58,nearest,16–32,1,18474,0.000,1.000,60.7686,78.5880
ROI_070/patch_58,nearest,32–64,1,68655,0.000,1.000,60.6803,78.5639
ROI_070/patch_58,nearest,64–128,1,118901,0.000,1.000,69.8307,87.3655
ROI_070/patch_58,nearest,≥128,1,49684,0.000,1.000,86.3787,103.5773
ROI_070/patch_58,own,0–16,1,6430,0.000,1.000,61.1947,78.8761
ROI_070/patch_58,own,16–32,1,18474,0.000,1.000,60.9215,78.7584
ROI_070/patch_58,own,32–64,1,70202,0.000,1.000,61.4016,79.1966
ROI_070/patch_58,own,64–128,1,252339,0.000,1.000,67.9191,86.3056
ROI_070/patch_58,own,≥128,1,1749707,0.000,1.000,76.7651,94.4613
ROI_070/patch_59,nearest,0–16,1,6430,0.000,1.000,9.3532,10.6651
ROI_070/patch_59,nearest,16–32,1,18885,0.000,1.000,9.4202,10.7388
ROI_070/patch_59,nearest,32–64,1,67331,0.000,1.000,9.9979,11.3233
ROI_070/patch_59,nearest,64–128,1,108788,0.000,1.000,13.3399,14.7107
ROI_070/patch_59,nearest,≥128,1,60710,0.000,1.000,44.2624,45.6752
ROI_070/patch_59,own,0–16,1,6430,0.000,1.000,9.3986,10.7107
ROI_070/patch_59,own,16–32,1,18885,0.000,1.000,9.4789,10.7980
ROI_070/patch_59,own,32–64,1,71170,0.000,1.000,9.9184,11.2405
ROI_070/patch_59,own,64–128,1,249025,0.000,1.000,14.2606,15.6040
ROI_070/patch_59,own,≥128,1,1751642,0.000,1.000,21.5343,22.9197
ROI_070/patch_60,nearest,0–16,1,6404,0.000,1.000,59.8617,61.6249
ROI_070/patch_60,nearest,16–32,1,18570,0.000,1.000,60.1493,61.8999
ROI_070/patch_60,nearest,32–64,1,62559,0.000,1.000,64.6939,66.4109
ROI_070/patch_60,nearest,64–128,1,109045,0.000,1.000,77.1437,78.8351
ROI_070/patch_60,nearest,≥128,1,65566,0.000,1.000,91.7633,93.5624
ROI_070/patch_60,own,0–16,1,6404,0.000,1.000,60.1369,61.9015
ROI_070/patch_60,own,16–32,1,18570,0.000,1.000,60.2538,62.0080
ROI_070/patch_60,own,32–64,1,72130,0.000,1.000,63.9780,65.6972
ROI_070/patch_60,own,64–128,1,234234,0.000,1.000,76.2087,77.8763
ROI_070/patch_60,own,≥128,1,1765814,0.000,1.000,87.5841,89.2634
ROI_070/patch_61,nearest,0–16,1,5508,0.000,1.000,93.5005,97.3455
ROI_070/patch_61,nearest,16–32,1,15637,0.000,1.000,93.4649,97.3435
ROI_070/patch_61,nearest,32–64,1,44831,0.000,1.000,103.2828,107.3294
ROI_070/patch_61,nearest,64–128,1,93791,0.000,1.000,164.2448,168.5405
ROI_070/patch_61,nearest,≥128,1,102377,0.000,1.000,508.9800,513.8953
ROI_070/patch_61,own,0–16,1,5508,0.000,1.000,92.8714,96.7144
ROI_070/patch_61,own,16–32,1,15637,0.000,1.000,93.9078,97.7930
ROI_070/patch_61,own,32–64,1,53352,0.000,1.000,103.3205,107.3167
ROI_070/patch_61,own,64–128,1,170299,0.000,1.000,129.8432,134.0777
ROI_070/patch_61,own,≥128,1,1590212,0.000,1.000,327.8085,332.4370
ROI_070/patch_62,nearest,0–16,1,6422,0.000,1.000,15.4991,17.6951
ROI_070/patch_62,nearest,16–32,1,19305,0.000,1.000,15.8873,18.0884
ROI_070/patch_62,nearest,32–64,1,69326,0.000,1.000,20.1052,22.5540
ROI_070/patch_62,nearest,64–128,1,122213,0.000,1.000,32.9180,35.7176
ROI_070/patch_62,nearest,≥128,1,44878,0.000,1.000,198.2021,200.4233
ROI_070/patch_62,own,0–16,1,6422,0.000,1.000,15.5727,17.7599
ROI_070/patch_62,own,16–32,1,19305,0.000,1.000,16.0247,18.2425
ROI_070/patch_62,own,32–64,1,76019,0.000,1.000,18.9204,21.3144
ROI_070/patch_62,own,64–128,1,258833,0.000,1.000,26.4910,29.0120
ROI_070/patch_62,own,≥128,1,1736573,0.000,1.000,21.3512,24.2335
ROI_070/patch_63,nearest,0–16,1,6402,0.000,1.000,13.7579,14.8623
ROI_070/patch_63,nearest,16–32,1,18412,0.000,1.000,14.6981,15.8073
ROI_070/patch_63,nearest,32–64,1,57505,0.000,1.000,16.4472,17.5715
ROI_070/patch_63,nearest,64–128,1,117196,0.000,1.000,23.3330,24.4602
ROI_070/patch_63,nearest,≥128,1,62629,0.000,1.000,233.1725,235.0566
ROI_070/patch_63,own,0–16,1,6402,0.000,1.000,13.6367,14.7405
ROI_070/patch_63,own,16–32,1,18413,0.000,1.000,14.5734,15.6815
ROI_070/patch_63,own,32–64,1,69044,0.000,1.000,16.6711,17.7870
ROI_070/patch_63,own,64–128,1,244946,0.000,1.000,21.0582,22.1624
ROI_070/patch_63,own,≥128,1,1758347,0.000,1.000,64.1826,65.5208
ROI_070/patch_66,nearest,0–16,1,6394,0.000,1.000,19.5929,21.0270
ROI_070/patch_66,nearest,16–32,1,17241,0.000,1.000,20.0498,21.4409
ROI_070/patch_66,nearest,32–64,1,60776,0.000,1.000,20.9366,22.2860
ROI_070/patch_66,nearest,64–128,1,107388,0.000,1.000,32.8799,34.3328
ROI_070/patch_66,nearest,≥128,1,70345,0.000,1.000,176.2202,178.5142
ROI_070/patch_66,own,0–16,1,6407,0.000,1.000,19.4886,20.9255
ROI_070/patch_66,own,16–32,1,18589,0.000,1.000,19.8722,21.2655
ROI_070/patch_66,own,32–64,1,72768,0.000,1.000,21.7349,23.0713
ROI_070/patch_66,own,64–128,1,254561,0.000,1.000,27.7294,29.1045
ROI_070/patch_66,own,≥128,1,1744827,0.000,1.000,58.3920,59.8275
ROI_070/patch_67,nearest,0–16,1,6417,0.000,1.000,12.1610,15.2385
ROI_070/patch_67,nearest,16–32,1,18420,0.000,1.000,12.5625,15.6617
ROI_070/patch_67,nearest,32–64,1,65610,0.000,1.000,13.9221,17.0915
ROI_070/patch_67,nearest,64–128,1,111280,0.000,1.000,24.7581,28.0108
ROI_070/patch_67,nearest,≥128,1,60417,0.000,1.000,161.8259,165.1326
ROI_070/patch_67,own,0–16,1,6417,0.000,1.000,12.1910,15.2678
ROI_070/patch_67,own,16–32,1,18596,0.000,1.000,12.3756,15.4758
ROI_070/patch_67,own,32–64,1,71967,0.000,1.000,13.7150,16.7946
ROI_070/patch_67,own,64–128,1,241215,0.000,1.000,22.9645,25.9172
ROI_070/patch_67,own,≥128,1,1758957,0.000,1.000,56.3549,59.5150
ROI_070/patch_69,nearest,0–16,1,6161,0.000,1.000,12.0364,13.1557
ROI_070/patch_69,nearest,16–32,1,17696,0.000,1.000,13.6262,14.7546
ROI_070/patch_69,nearest,32–64,1,57927,0.000,1.000,15.6114,16.6596
ROI_070/patch_69,nearest,64–128,1,116041,0.000,1.000,18.2922,19.4832
ROI_070/patch_69,nearest,≥128,1,64319,0.000,1.000,152.5819,154.3480
ROI_070/patch_69,own,0–16,1,6161,0.000,1.000,11.9974,13.1126
ROI_070/patch_69,own,16–32,1,17696,0.000,1.000,13.9420,15.0639
ROI_070/patch_69,own,32–64,1,64009,0.000,1.000,12.4647,13.5360
ROI_070/patch_69,own,64–128,1,219629,0.000,1.000,13.3230,14.4301
ROI_070/patch_69,own,≥128,1,1789657,0.000,1.000,16.9884,18.0187
ROI_070/patch_70,nearest,0–16,1,6327,0.000,1.000,12.6041,15.3152
ROI_070/patch_70,nearest,16–32,1,18111,0.000,1.000,12.2057,14.9230
ROI_070/patch_70,nearest,32–64,1,62988,0.000,1.000,16.4020,19.0602
ROI_070/patch_70,nearest,64–128,1,86926,0.000,1.000,22.8406,26.8537
ROI_070/patch_70,nearest,≥128,1,87792,0.000,1.000,14.9367,25.7309
ROI_070/patch_70,own,0–16,1,6327,0.000,1.000,12.5576,15.2687
ROI_070/patch_70,own,16–32,1,18111,0.000,1.000,12.4141,15.1476
ROI_070/patch_70,own,32–64,1,68951,0.000,1.000,17.5427,20.1454
ROI_070/patch_70,own,64–128,1,239694,0.000,1.000,16.4266,19.3934
ROI_070/patch_70,own,≥128,1,1764069,0.000,1.000,26.2404,29.4278
ROI_070/patch_71,nearest,0–16,1,6446,0.000,1.000,4.6194,6.7084
ROI_070/patch_71,nearest,16–32,1,19276,0.000,1.000,4.7842,6.8549
ROI_070/patch_71,nearest,32–64,1,73169,0.000,1.000,13.2495,15.5338
ROI_070/patch_71,nearest,64–128,1,136105,0.000,1.000,15.0109,17.3352
ROI_070/patch_71,nearest,≥128,1,27148,0.000,1.000,51.6637,54.7928
ROI_070/patch_71,own,0–16,1,6446,0.000,1.000,4.6272,6.6998
ROI_070/patch_71,own,16–32,1,19276,0.000,1.000,4.7112,6.7862
ROI_070/patch_71,own,32–64,1,74268,0.000,1.000,14.8103,17.1374
ROI_070/patch_71,own,64–128,1,251675,0.000,1.000,10.9085,13.0751
ROI_070/patch_71,own,≥128,1,1745487,0.000,1.000,26.3889,28.8531
ROI_070/patch_72,nearest,0–16,1,6315,0.000,1.000,6.6480,7.3899
ROI_070/patch_72,nearest,16–32,1,17965,0.000,1.000,6.7981,7.5427
ROI_070/patch_72,nearest,32–64,1,60401,0.000,1.000,7.4209,8.1484
ROI_070/patch_72,nearest,64–128,1,142808,0.000,1.000,18.7584,19.4873
ROI_070/patch_72,nearest,≥128,1,34655,0.000,1.000,114.1841,114.9981
ROI_070/patch_72,own,0–16,1,6315,0.000,1.000,6.6585,7.4006
ROI_070/patch_72,own,16–32,1,17965,0.000,1.000,6.6687,7.3998
ROI_070/patch_72,own,32–64,1,64629,0.000,1.000,7.2614,8.0242
ROI_070/patch_72,own,64–128,1,219247,0.000,1.000,10.3430,11.0534
ROI_070/patch_72,own,≥128,1,1788996,0.000,1.000,12.7858,13.4644
ROI_070/patch_73,nearest,0–16,1,6435,0.000,1.000,5.1435,7.5985
ROI_070/patch_73,nearest,16–32,1,19275,0.000,1.000,5.1434,7.6004
ROI_070/patch_73,nearest,32–64,1,68437,0.000,1.000,5.1702,7.6093
ROI_070/patch_73,nearest,64–128,1,137327,0.000,1.000,19.5397,21.9042
ROI_070/patch_73,nearest,≥128,1,30670,0.000,1.000,221.7386,224.2694
ROI_070/patch_73,own,0–16,1,6435,0.000,1.000,5.1391,7.5927
ROI_070/patch_73,own,16–32,1,19275,0.000,1.000,5.1435,7.6027
ROI_070/patch_73,own,32–64,1,72471,0.000,1.000,5.1041,7.5424
ROI_070/patch_73,own,64–128,1,251853,0.000,1.000,11.5829,14.0028
ROI_070/patch_73,own,≥128,1,1747118,0.000,1.000,12.3923,14.7679
ROI_070/patch_74,nearest,0–16,1,6400,0.000,1.000,5.5714,7.0809
ROI_070/patch_74,nearest,16–32,1,18546,0.000,1.000,5.9493,7.4622
ROI_070/patch_74,nearest,32–64,1,66876,0.000,1.000,20.3018,21.9239
ROI_070/patch_74,nearest,64–128,1,118441,0.000,1.000,23.9433,25.7375
ROI_070/patch_74,nearest,≥128,1,51881,0.000,1.000,178.1539,180.3033
ROI_070/patch_74,own,0–16,1,6400,0.000,1.000,5.4974,7.0085
ROI_070/patch_74,own,16–32,1,18546,0.000,1.000,5.8317,7.3469
ROI_070/patch_74,own,32–64,1,71418,0.000,1.000,16.8057,18.4009
ROI_070/patch_74,own,64–128,1,237345,0.000,1.000,19.7146,21.3798
ROI_070/patch_74,own,≥128,1,1763443,0.000,1.000,46.2748,48.3567
ROI_070/patch_77,nearest,0–16,1,6406,0.000,1.000,6.5871,8.0403
ROI_070/patch_77,nearest,16–32,1,17250,0.000,1.000,6.5144,7.9955
ROI_070/patch_77,nearest,32–64,1,62108,0.000,1.000,6.3823,7.9000
ROI_070/patch_77,nearest,64–128,1,106811,0.000,1.000,8.1647,9.5632
ROI_070/patch_77,nearest,≥128,1,69569,0.000,1.000,25.9127,27.1602
ROI_070/patch_77,own,0–16,1,6406,0.000,1.000,6.6151,8.0707
ROI_070/patch_77,own,16–32,1,17250,0.000,1.000,6.4665,7.9490
ROI_070/patch_77,own,32–64,1,65255,0.000,1.000,6.3648,7.8764
ROI_070/patch_77,own,64–128,1,233423,0.000,1.000,7.5262,8.9946
ROI_070/patch_77,own,≥128,1,1774818,0.000,1.000,15.9205,17.4725
ROI_070/patch_78,nearest,0–16,1,6422,0.000,1.000,15.2117,16.1001
ROI_070/patch_78,nearest,16–32,1,19231,0.000,1.000,15.3155,16.1951
ROI_070/patch_78,nearest,32–64,1,68452,0.000,1.000,19.8120,20.6920
ROI_070/patch_78,nearest,64–128,1,120178,0.000,1.000,55.6602,56.6089
ROI_070/patch_78,nearest,≥128,1,47861,0.000,1.000,154.7744,155.7028
ROI_070/patch_78,own,0–16,1,6422,0.000,1.000,15.1918,16.0791
ROI_070/patch_78,own,16–32,1,19301,0.000,1.000,15.3914,16.2727
ROI_070/patch_78,own,32–64,1,77198,0.000,1.000,18.7941,19.6568
ROI_070/patch_78,own,64–128,1,270313,0.000,1.000,35.2310,36.1250
ROI_070/patch_78,own,≥128,1,1723918,0.000,1.000,78.1560,79.0393
ROI_070/patch_87,nearest,0–16,1,6436,0.000,1.000,22.5840,26.8238
ROI_070/patch_87,nearest,16–32,1,19009,0.000,1.000,22.6412,26.9330
ROI_070/patch_87,nearest,32–64,1,58933,0.000,1.000,25.2539,29.6662
ROI_070/patch_87,nearest,64–128,1,112216,0.000,1.000,38.3455,43.1277
ROI_070/patch_87,nearest,≥128,1,65550,0.000,1.000,65.3942,70.7045
ROI_070/patch_87,own,0–16,1,6436,0.000,1.000,22.4818,26.7263
ROI_070/patch_87,own,16–32,1,19228,0.000,1.000,22.6468,26.9450
ROI_070/patch_87,own,32–64,1,74361,0.000,1.000,25.1026,29.4538
ROI_070/patch_87,own,64–128,1,274653,0.000,1.000,32.5753,37.1382
ROI_070/patch_87,own,≥128,1,1722474,0.000,1.000,43.9509,48.4551
ROI_070/patch_90,nearest,0–16,1,6435,0.000,1.000,18.8396,20.7040
ROI_070/patch_90,nearest,16–32,1,17176,0.000,1.000,19.0398,20.9163
ROI_070/patch_90,nearest,32–64,1,56978,0.000,1.000,19.2401,21.0632
ROI_070/patch_90,nearest,64–128,1,133962,0.000,1.000,24.9451,26.6840
ROI_070/patch_90,nearest,≥128,1,47593,0.000,1.000,92.3876,93.9492
ROI_070/patch_90,own,0–16,1,6435,0.000,1.000,18.9135,20.7719
ROI_070/patch_90,own,16–32,1,17693,0.000,1.000,18.8790,20.7473
ROI_070/patch_90,own,32–64,1,66150,0.000,1.000,19.9586,21.7707
ROI_070/patch_90,own,64–128,1,245245,0.000,1.000,26.1640,27.8853
ROI_070/patch_90,own,≥128,1,1761629,0.000,1.000,48.0420,49.7763
ROI_070/patch_92,nearest,0–16,1,7106,0.000,1.000,14.6622,16.2227
ROI_070/patch_92,nearest,16–32,1,19945,0.000,1.000,14.0890,15.6710
ROI_070/patch_92,nearest,32–64,1,63107,0.000,1.000,15.8795,17.5647
ROI_070/patch_92,nearest,64–128,1,114893,0.000,1.000,18.7870,20.8268
ROI_070/patch_92,nearest,≥128,1,57093,0.000,1.000,52.4985,54.4418
ROI_070/patch_92,own,0–16,1,7106,0.000,1.000,14.4681,16.0252
ROI_070/patch_92,own,16–32,1,19952,0.000,1.000,14.6678,16.2522
ROI_070/patch_92,own,32–64,1,73158,0.000,1.000,15.0625,16.7234
ROI_070/patch_92,own,64–128,1,262699,0.000,1.000,19.5259,21.3888
ROI_070/patch_92,own,≥128,1,1996381,0.000,1.000,38.8880,40.8889
ROI_070/patch_93,nearest,0–16,1,6397,0.000,1.000,128.8023,129.5225
ROI_070/patch_93,nearest,16–32,1,18596,0.000,1.000,128.9395,129.6420
ROI_070/patch_93,nearest,32–64,1,66438,0.000,1.000,129.5598,130.1636
ROI_070/patch_93,nearest,64–128,1,123095,0.000,1.000,152.0760,152.5745
ROI_070/patch_93,nearest,≥128,1,47618,0.000,1.000,192.9685,193.5456
ROI_070/patch_93,own,0–16,1,6397,0.000,1.000,128.7008,129.4257
ROI_070/patch_93,own,16–32,1,18596,0.000,1.000,128.7941,129.5095
ROI_070/patch_93,own,32–64,1,71240,0.000,1.000,128.6314,129.2432
ROI_070/patch_93,own,64–128,1,266685,0.000,1.000,139.7531,140.2616
ROI_070/patch_93,own,≥128,1,1734234,0.000,1.000,137.4825,137.9640
ROI_070/patch_96,nearest,0–16,1,6436,0.000,1.000,14.3692,15.6458
ROI_070/patch_96,nearest,16–32,1,19245,0.000,1.000,17.5018,18.7471
ROI_070/patch_96,nearest,32–64,1,66376,0.000,1.000,15.1169,16.3843
ROI_070/patch_96,nearest,64–128,1,128055,0.000,1.000,22.2839,23.5283
ROI_070/patch_96,nearest,≥128,1,42032,0.000,1.000,45.0962,46.3465
ROI_070/patch_96,own,0–16,1,6436,0.000,1.000,14.2190,15.5001
ROI_070/patch_96,own,16–32,1,19245,0.000,1.000,17.1359,18.3857
ROI_070/patch_96,own,32–64,1,70172,0.000,1.000,17.1561,18.4024
ROI_070/patch_96,own,64–128,1,248987,0.000,1.000,17.1553,18.4072
ROI_070/patch_96,own,≥128,1,1752312,0.000,1.000,20.4368,21.6657
ROI_070/patch_97,nearest,0–16,1,6317,0.000,1.000,51.0945,52.1539
ROI_070/patch_97,nearest,16–32,1,17419,0.000,1.000,50.5784,51.6166
ROI_070/patch_97,nearest,32–64,1,54708,0.000,1.000,50.6526,51.6218
ROI_070/patch_97,nearest,64–128,1,127518,0.000,1.000,50.8198,51.6154
ROI_070/patch_97,nearest,≥128,1,56182,0.000,1.000,46.9368,47.8195
ROI_070/patch_97,own,0–16,1,6317,0.000,1.000,50.9472,52.0104
ROI_070/patch_97,own,16–32,1,17629,0.000,1.000,50.7190,51.7682
ROI_070/patch_97,own,32–64,1,64021,0.000,1.000,51.0635,52.0454
ROI_070/patch_97,own,64–128,1,191098,0.000,1.000,49.8981,50.6973
ROI_070/patch_97,own,≥128,1,1818087,0.000,1.000,50.6736,51.4814
ROI_070/patch_98,nearest,0–16,1,6367,0.000,1.000,11.6149,13.2765
ROI_070/patch_98,nearest,16–32,1,18468,0.000,1.000,11.5294,13.2244
ROI_070/patch_98,nearest,32–64,1,65690,0.000,1.000,12.1135,13.8440
ROI_070/patch_98,nearest,64–128,1,127488,0.000,1.000,14.0949,15.7892
ROI_070/patch_98,nearest,≥128,1,44131,0.000,1.000,24.2752,26.1099
ROI_070/patch_98,own,0–16,1,6367,0.000,1.000,11.6071,13.2686
ROI_070/patch_98,own,16–32,1,18468,0.000,1.000,11.5101,13.1997
ROI_070/patch_98,own,32–64,1,66782,0.000,1.000,11.8600,13.5764
ROI_070/patch_98,own,64–128,1,234699,0.000,1.000,14.3338,16.1439
ROI_070/patch_98,own,≥128,1,1770836,0.000,1.000,20.9833,22.7924
ROI_070/patch_99,nearest,0–16,1,6415,0.000,1.000,17.2058,17.8757
ROI_070/patch_99,nearest,16–32,1,18140,0.000,1.000,16.9419,17.6257
ROI_070/patch_99,nearest,32–64,1,63299,0.000,1.000,16.8014,17.5234
ROI_070/patch_99,nearest,64–128,1,124833,0.000,1.000,21.0597,22.1572
ROI_070/patch_99,nearest,≥128,1,49457,0.000,1.000,44.6094,45.8250
ROI_070/patch_99,own,0–16,1,6415,0.000,1.000,17.1807,17.8523
ROI_070/patch_99,own,16–32,1,18140,0.000,1.000,16.9557,17.6516
ROI_070/patch_99,own,32–64,1,69747,0.000,1.000,16.7866,17.5081
ROI_070/patch_99,own,64–128,1,271714,0.000,1.000,20.2407,21.3788
ROI_070/patch_99,own,≥128,1,1731136,0.000,1.000,25.9330,26.9281
ROI_070/patch_100,nearest,0–16,1,6388,0.000,1.000,66.7371,67.2534
ROI_070/patch_100,nearest,16–32,1,18539,0.000,1.000,67.6128,68.1037
ROI_070/patch_100,nearest,32–64,1,65950,0.000,1.000,70.5053,71.0498
ROI_070/patch_100,nearest,64–128,1,110134,0.000,1.000,74.2616,74.8140
ROI_070/patch_100,nearest,≥128,1,61133,0.000,1.000,111.7811,112.4302
ROI_070/patch_100,own,0–16,1,6388,0.000,1.000,66.7579,67.2792
ROI_070/patch_100,own,16–32,1,18539,0.000,1.000,67.3851,67.8900
ROI_070/patch_100,own,32–64,1,71592,0.000,1.000,70.3231,70.8786
ROI_070/patch_100,own,64–128,1,255682,0.000,1.000,74.8818,75.4077
ROI_070/patch_100,own,≥128,1,1744951,0.000,1.000,119.7688,120.3030
ROI_070/patch_102,nearest,0–16,1,6352,0.000,1.000,21.4296,23.4989
ROI_070/patch_102,nearest,16–32,1,18293,0.000,1.000,21.6509,23.7431
ROI_070/patch_102,nearest,32–64,1,56907,0.000,1.000,22.6426,24.6911
ROI_070/patch_102,nearest,64–128,1,101113,0.000,1.000,28.9994,31.0689
ROI_070/patch_102,nearest,≥128,1,79479,0.000,1.000,43.5025,46.2706
ROI_070/patch_102,own,0–16,1,6352,0.000,1.000,21.4861,23.5585
ROI_070/patch_102,own,16–32,1,18293,0.000,1.000,21.5590,23.6483
ROI_070/patch_102,own,32–64,1,65523,0.000,1.000,22.0445,24.1099
ROI_070/patch_102,own,64–128,1,227540,0.000,1.000,24.3758,26.4190
ROI_070/patch_102,own,≥128,1,1779444,0.000,1.000,32.5602,34.3336
ROI_070/patch_103,nearest,0–16,1,6311,0.000,1.000,19.2281,21.1068
ROI_070/patch_103,nearest,16–32,1,17690,0.000,1.000,19.3459,21.2258
ROI_070/patch_103,nearest,32–64,1,59754,0.000,1.000,20.7604,22.6263
ROI_070/patch_103,nearest,64–128,1,95847,0.000,1.000,29.5236,31.4067
ROI_070/patch_103,nearest,≥128,1,82542,0.000,1.000,183.6253,185.7264
ROI_070/patch_103,own,0–16,1,6311,0.000,1.000,19.2087,21.0931
ROI_070/patch_103,own,16–32,1,17690,0.000,1.000,19.2913,21.1713
ROI_070/patch_103,own,32–64,1,67362,0.000,1.000,20.1537,22.0255
ROI_070/patch_103,own,64–128,1,233800,0.000,1.000,27.0099,28.8915
ROI_070/patch_103,own,≥128,1,1771989,0.000,1.000,217.0197,219.2077
ROI_070/patch_105,nearest,0–16,1,6338,0.000,1.000,9.3755,10.2453
ROI_070/patch_105,nearest,16–32,1,16266,0.000,1.000,9.2729,10.1240
ROI_070/patch_105,nearest,32–64,1,51740,0.000,1.000,9.7299,10.5310
ROI_070/patch_105,nearest,64–128,1,119625,0.000,1.000,81.3179,82.1225
ROI_070/patch_105,nearest,≥128,1,68175,0.000,1.000,571.2746,572.0237
ROI_070/patch_105,own,0–16,1,6338,0.000,1.000,9.3364,10.2105
ROI_070/patch_105,own,16–32,1,17376,0.000,1.000,9.2762,10.1309
ROI_070/patch_105,own,32–64,1,63267,0.000,1.000,9.4879,10.2864
ROI_070/patch_105,own,64–128,1,225625,0.000,1.000,53.1998,54.0227
ROI_070/patch_105,own,≥128,1,1784546,0.000,1.000,78.6699,79.4355
ROI_070/patch_106,nearest,0–16,1,6427,0.000,1.000,26.8489,29.6920
ROI_070/patch_106,nearest,16–32,1,18343,0.000,1.000,26.6157,29.4715
ROI_070/patch_106,nearest,32–64,1,48261,0.000,1.000,44.3750,47.1901
ROI_070/patch_106,nearest,64–128,1,90178,0.000,1.000,201.9660,204.7969
ROI_070/patch_106,nearest,≥128,1,98935,0.000,1.000,2349.9385,2353.0914
ROI_070/patch_106,own,0–16,1,6427,0.000,1.000,26.9400,29.7817
ROI_070/patch_106,own,16–32,1,18806,0.000,1.000,26.5853,29.4575
ROI_070/patch_106,own,32–64,1,69223,0.000,1.000,33.2502,36.1171
ROI_070/patch_106,own,64–128,1,235173,0.000,1.000,119.6104,122.3727
ROI_070/patch_106,own,≥128,1,1767523,0.000,1.000,131.2557,134.1588
ROI_070/patch_108,nearest,0–16,1,6992,0.000,1.000,32.1559,36.2170
ROI_070/patch_108,nearest,16–32,1,20206,0.000,1.000,32.2364,36.3278
ROI_070/patch_108,nearest,32–64,1,66328,0.000,1.000,37.7891,41.8587
ROI_070/patch_108,nearest,64–128,1,90062,0.000,1.000,49.5269,53.7238
ROI_070/patch_108,nearest,≥128,1,78556,0.000,1.000,217.1179,223.1968
ROI_070/patch_108,own,0–16,1,6992,0.000,1.000,32.2082,36.2655
ROI_070/patch_108,own,16–32,1,20206,0.000,1.000,32.4866,36.5402
ROI_070/patch_108,own,32–64,1,76501,0.000,1.000,44.0211,48.0972
ROI_070/patch_108,own,64–128,1,271247,0.000,1.000,44.0159,48.1209
ROI_070/patch_108,own,≥128,1,1984350,0.000,1.000,67.6117,72.2179
ROI_070/patch_109,nearest,0–16,1,7170,0.000,1.000,19.9187,22.4773
ROI_070/patch_109,nearest,16–32,1,19564,0.000,1.000,19.9171,22.4504
ROI_070/patch_109,nearest,32–64,1,58944,0.000,1.000,20.4479,22.8967
ROI_070/patch_109,nearest,64–128,1,91154,0.000,1.000,28.7741,31.1279
ROI_070/patch_109,nearest,≥128,1,85312,0.950,1.000,356.1931,359.5580
ROI_070/patch_109,own,0–16,1,7241,0.000,1.000,19.9082,22.4641
ROI_070/patch_109,own,16–32,1,21085,0.000,1.000,19.9814,22.5163
ROI_070/patch_109,own,32–64,1,81129,0.000,1.000,20.5487,23.0521
ROI_070/patch_109,own,64–128,1,297704,0.000,1.000,21.0293,23.3945
ROI_070/patch_109,own,≥128,1,1952137,0.000,1.000,75.1558,77.5781
ROI_070/patch_110,nearest,0–16,1,7223,0.000,1.000,14.8474,15.8737
ROI_070/patch_110,nearest,16–32,1,20126,0.000,1.000,14.4278,15.4428
ROI_070/patch_110,nearest,32–64,1,60854,0.000,1.000,24.1483,25.4426
ROI_070/patch_110,nearest,64–128,1,98624,0.000,1.000,29.0686,30.3187
ROI_070/patch_110,nearest,≥128,1,75317,0.000,1.000,107.9822,108.6571
ROI_070/patch_110,own,0–16,1,7223,0.000,1.000,14.8852,15.9167
ROI_070/patch_110,own,16–32,1,20246,0.000,1.000,14.6608,15.6830
ROI_070/patch_110,own,32–64,1,72476,0.000,1.000,18.4017,19.5580
ROI_070/patch_110,own,64–128,1,253865,0.000,1.000,15.4308,16.4451
ROI_070/patch_110,own,≥128,1,2005486,0.000,1.000,51.8588,52.6659
ROI_070/patch_112,nearest,0–16,1,7237,0.000,1.000,22.6965,24.4134
ROI_070/patch_112,nearest,16–32,1,21503,0.000,1.000,23.1798,24.8755
ROI_070/patch_112,nearest,32–64,1,67297,0.000,1.000,26.6381,28.3034
ROI_070/patch_112,nearest,64–128,1,111569,0.000,1.000,38.1034,39.7860
ROI_070/patch_112,nearest,≥128,1,54538,0.000,1.000,74.0792,77.0327
ROI_070/patch_112,own,0–16,1,7237,0.000,1.000,22.5757,24.2708
ROI_070/patch_112,own,16–32,1,21503,0.000,1.000,23.2411,24.9336
ROI_070/patch_112,own,32–64,1,82969,0.000,1.000,24.7162,26.2911
ROI_070/patch_112,own,64–128,1,314735,0.000,1.000,34.2645,35.9600
ROI_070/patch_112,own,≥128,1,1932852,0.000,1.000,51.9911,53.6720
ROI_070/patch_113,nearest,0–16,1,6431,0.000,1.000,29.9059,30.4357
ROI_070/patch_113,nearest,16–32,1,17976,0.000,1.000,34.6515,35.1674
ROI_070/patch_113,nearest,32–64,1,59015,0.000,1.000,30.9670,31.5395
ROI_070/patch_113,nearest,64–128,1,117851,0.000,1.000,34.9475,36.1500
ROI_070/patch_113,nearest,≥128,1,60871,0.000,1.000,44.6032,46.7306
ROI_070/patch_113,own,0–16,1,6431,0.000,1.000,29.7130,30.2433
ROI_070/patch_113,own,16–32,1,18357,0.000,1.000,33.6822,34.2073
ROI_070/patch_113,own,32–64,1,65681,0.000,1.000,32.6773,33.2509
ROI_070/patch_113,own,64–128,1,221050,0.000,1.000,34.5802,35.5179
ROI_070/patch_113,own,≥128,1,1785633,0.000,1.000,39.7459,41.1425
ROI_070/patch_114,nearest,0–16,1,7246,0.000,1.000,3.9893,5.6711
ROI_070/patch_114,nearest,16–32,1,21178,0.000,1.000,3.9625,5.5916
ROI_070/patch_114,nearest,32–64,1,73161,0.000,1.000,3.8820,5.4457
ROI_070/patch_114,nearest,64–128,1,132106,0.000,1.000,21.2669,22.7609
ROI_070/patch_114,nearest,≥128,1,28453,0.000,1.000,172.6907,174.2144
ROI_070/patch_114,own,0–16,1,7246,0.000,1.000,4.0076,5.6827
ROI_070/patch_114,own,16–32,1,21178,0.000,1.000,3.9705,5.6106
ROI_070/patch_114,own,32–64,1,83246,0.000,1.000,3.9679,5.5167
ROI_070/patch_114,own,64–128,1,306920,0.000,1.000,5.1879,6.6607
ROI_070/patch_114,own,≥128,1,1940706,0.000,1.000,12.9266,14.3825
ROI_070/patch_115,nearest,0–16,1,6428,0.000,1.000,11.4559,13.4568
ROI_070/patch_115,nearest,16–32,1,18719,0.000,1.000,11.5019,13.5012
ROI_070/patch_115,nearest,32–64,1,53970,0.000,1.000,12.1920,14.1730
ROI_070/patch_115,nearest,64–128,1,98087,0.000,1.000,11.4914,13.3637
ROI_070/patch_115,nearest,≥128,1,84940,0.000,1.000,8.8631,11.5180
ROI_070/patch_115,own,0–16,1,6428,0.000,1.000,11.4549,13.4483
ROI_070/patch_115,own,16–32,1,18719,0.000,1.000,11.3943,13.3801
ROI_070/patch_115,own,32–64,1,68432,0.000,1.000,12.7835,14.7712
ROI_070/patch_115,own,64–128,1,217665,0.000,1.000,11.3317,13.2554
ROI_070/patch_115,own,≥128,1,1785908,0.000,1.000,12.5698,14.6782
ROI_070/patch_117,nearest,0–16,1,6445,0.000,1.000,17.9167,19.1063
ROI_070/patch_117,nearest,16–32,1,18986,0.000,1.000,18.5250,19.7236
ROI_070/patch_117,nearest,32–64,1,62224,0.000,1.000,23.9075,25.2455
ROI_070/patch_117,nearest,64–128,1,98076,0.000,1.000,22.7890,24.2285
ROI_070/patch_117,nearest,≥128,1,76413,0.000,1.000,31.2907,33.2549
ROI_070/patch_117,own,0–16,1,6445,0.000,1.000,17.9083,19.0957
ROI_070/patch_117,own,16–32,1,18986,0.000,1.000,18.4823,19.6725
ROI_070/patch_117,own,32–64,1,69646,0.000,1.000,22.3424,23.6899
ROI_070/patch_117,own,64–128,1,239694,0.000,1.000,20.5850,21.9823
ROI_070/patch_117,own,≥128,1,1762381,0.000,1.000,24.6853,26.3798
ROI_070/patch_118,nearest,0–16,1,6431,0.000,1.000,31.5422,36.0297
ROI_070/patch_118,nearest,16–32,1,18880,0.000,1.000,32.1555,36.6005
ROI_070/patch_118,nearest,32–64,1,57300,0.000,1.000,36.7224,41.0806
ROI_070/patch_118,nearest,64–128,1,108306,0.000,1.000,51.5116,55.8751
ROI_070/patch_118,nearest,≥128,1,71227,0.000,1.000,87.1740,91.5466
ROI_070/patch_118,own,0–16,1,6431,0.000,1.000,31.3079,35.8006
ROI_070/patch_118,own,16–32,1,19105,0.000,1.000,31.7466,36.2268
ROI_070/patch_118,own,32–64,1,68295,0.000,1.000,37.1865,41.5354
ROI_070/patch_118,own,64–128,1,225683,0.000,1.000,53.2348,57.6121
ROI_070/patch_118,own,≥128,1,1777638,0.000,1.000,91.6913,95.6558
ROI_070/patch_120,nearest,0–16,1,6437,0.000,1.000,6.9826,8.8826
ROI_070/patch_120,nearest,16–32,1,18046,0.000,1.000,7.4324,9.3494
ROI_070/patch_120,nearest,32–64,1,59527,0.000,1.000,7.7368,9.6524
ROI_070/patch_120,nearest,64–128,1,118556,0.000,1.000,7.9417,9.9185
ROI_070/patch_120,nearest,≥128,1,59578,0.000,1.000,17.8807,21.0244
ROI_070/patch_120,own,0–16,1,6437,0.000,1.000,7.0018,8.9032
ROI_070/patch_120,own,16–32,1,18496,0.000,1.000,7.4800,9.3924
ROI_070/patch_120,own,32–64,1,66090,0.000,1.000,7.4951,9.4126
ROI_070/patch_120,own,64–128,1,223758,0.000,1.000,7.3912,9.2954
ROI_070/patch_120,own,≥128,1,1782371,0.000,1.000,8.1956,10.2868
ROI_070/patch_121,nearest,0–16,1,6114,0.000,1.000,11.8594,14.2507
ROI_070/patch_121,nearest,16–32,1,16768,0.000,1.000,11.7124,14.1041
ROI_070/patch_121,nearest,32–64,1,52757,0.000,1.000,12.0243,14.4223
ROI_070/patch_121,nearest,64–128,1,125598,0.000,1.000,14.6165,17.0748
ROI_070/patch_121,nearest,≥128,1,60907,0.000,1.000,19.4970,22.5776
ROI_070/patch_121,own,0–16,1,6114,0.000,1.000,11.7419,14.1309
ROI_070/patch_121,own,16–32,1,17393,0.000,1.000,11.6048,13.9926
ROI_070/patch_121,own,32–64,1,63926,0.000,1.000,11.9076,14.3093
ROI_070/patch_121,own,64–128,1,205635,0.000,1.000,12.3854,14.8055
ROI_070/patch_121,own,≥128,1,1804084,0.000,1.000,13.3109,15.8922
ROI_070/patch_122,nearest,0–16,1,6426,0.000,1.000,11.9527,15.7874
ROI_070/patch_122,nearest,16–32,1,19298,0.000,1.000,11.9182,15.7422
ROI_070/patch_122,nearest,32–64,1,70693,0.000,1.000,11.6512,15.4804
ROI_070/patch_122,nearest,64–128,1,136489,0.000,1.000,11.6433,15.7008
ROI_070/patch_122,nearest,≥128,1,29238,0.000,1.000,26.2701,30.6552
ROI_070/patch_122,own,0–16,1,6426,0.000,1.000,12.0701,15.8934
ROI_070/patch_122,own,16–32,1,19298,0.000,1.000,12.0225,15.8412
ROI_070/patch_122,own,32–64,1,74069,0.000,1.000,12.0964,15.9036
ROI_070/patch_122,own,64–128,1,243896,0.000,1.000,11.7773,15.8827
ROI_070/patch_122,own,≥128,1,1753463,0.000,1.000,20.0574,24.0721
ROI_070/patch_123,nearest,0–16,1,5819,0.000,1.000,183.8176,186.8151
ROI_070/patch_123,nearest,16–32,1,15524,0.000,1.000,184.9125,188.0733
ROI_070/patch_123,nearest,32–64,1,56868,0.000,1.000,202.2905,205.5916
ROI_070/patch_123,nearest,64–128,1,113686,0.000,1.000,223.9036,226.8940
ROI_070/patch_123,nearest,≥128,1,70247,0.000,1.000,222.1186,225.2069
ROI_070/patch_123,own,0–16,1,5819,0.000,1.000,182.9688,185.9971
ROI_070/patch_123,own,16–32,1,15524,0.000,1.000,184.1378,187.3622
ROI_070/patch_123,own,32–64,1,58409,0.000,1.000,197.7466,201.0506
ROI_070/patch_123,own,64–128,1,217151,0.000,1.000,222.5644,225.6826
ROI_070/patch_123,own,≥128,1,1800249,0.000,1.000,220.3631,223.4313
ROI_070/patch_125,nearest,0–16,1,6439,0.000,1.000,21.4149,22.5513
ROI_070/patch_125,nearest,16–32,1,19301,0.000,1.000,20.2107,21.3824
ROI_070/patch_125,nearest,32–64,1,64096,0.000,1.000,19.7033,20.9580
ROI_070/patch_125,nearest,64–128,1,108838,0.000,1.000,26.2351,27.7106
ROI_070/patch_125,nearest,≥128,1,63470,0.000,1.000,28.8396,30.5342
ROI_070/patch_125,own,0–16,1,6439,0.000,1.000,21.2474,22.3895
ROI_070/patch_125,own,16–32,1,19301,0.000,1.000,19.9067,21.0793
ROI_070/patch_125,own,32–64,1,69738,0.000,1.000,20.1552,21.4111
ROI_070/patch_125,own,64–128,1,232988,0.000,1.000,22.5660,23.9437
ROI_070/patch_125,own,≥128,1,1768686,0.000,1.000,24.0462,25.4601
ROI_070/patch_126,nearest,0–16,1,6235,0.000,1.000,33.1077,34.0333
ROI_070/patch_126,nearest,16–32,1,18085,0.000,1.000,33.2373,34.1760
ROI_070/patch_126,nearest,32–64,1,65249,0.000,1.000,31.9400,32.8604
ROI_070/patch_126,nearest,64–128,1,126370,0.000,1.000,34.9981,36.1031
ROI_070/patch_126,nearest,≥128,1,46205,0.000,1.000,39.0334,40.4247
ROI_070/patch_126,own,0–16,1,6235,0.000,1.000,32.9399,33.8685
ROI_070/patch_126,own,16–32,1,18318,0.000,1.000,32.8846,33.7922
ROI_070/patch_126,own,32–64,1,72245,0.000,1.000,32.8324,33.8004
ROI_070/patch_126,own,64–128,1,257987,0.000,1.000,34.1286,35.1866
ROI_070/patch_126,own,≥128,1,1742367,0.000,1.000,36.2808,37.4398
ROI_070/patch_127,nearest,0–16,1,6438,0.000,1.000,10.8509,15.6013
ROI_070/patch_127,nearest,16–32,1,19288,0.000,1.000,11.1210,15.8988
ROI_070/patch_127,nearest,32–64,1,61902,0.000,1.000,11.9721,16.7704
ROI_070/patch_127,nearest,64–128,1,112579,0.000,1.000,16.1433,21.1401
ROI_070/patch_127,nearest,≥128,1,61937,0.000,1.000,17.3675,23.0694
ROI_070/patch_127,own,0–16,1,6438,0.000,1.000,10.8827,15.6159
ROI_070/patch_127,own,16–32,1,19288,0.000,1.000,11.0646,15.8148
ROI_070/patch_127,own,32–64,1,73172,0.000,1.000,11.6484,16.4117
ROI_070/patch_127,own,64–128,1,260199,0.000,1.000,13.8192,18.6557
ROI_070/patch_127,own,≥128,1,1738055,0.000,1.000,16.2685,21.2731
ROI_070/patch_129,nearest,0–16,1,6378,0.000,1.000,13.8819,14.7309
ROI_070/patch_129,nearest,16–32,1,18518,0.000,1.000,13.9587,14.8069
ROI_070/patch_129,nearest,32–64,1,58930,0.000,1.000,15.4698,16.3087
ROI_070/patch_129,nearest,64–128,1,96165,0.000,1.000,35.5773,36.4373
ROI_070/patch_129,nearest,≥128,1,82153,0.000,1.000,506.1286,507.1922
ROI_070/patch_129,own,0–16,1,6378,0.000,1.000,14.0358,14.8855
ROI_070/patch_129,own,16–32,1,18518,0.000,1.000,14.0509,14.8981
ROI_070/patch_129,own,32–64,1,73189,0.000,1.000,15.2406,16.0833
ROI_070/patch_129,own,64–128,1,282769,0.000,1.000,28.6697,29.5240
ROI_070/patch_129,own,≥128,1,1716298,0.000,1.000,60.1714,61.0288
ROI_070/patch_131,nearest,0–16,1,6437,0.000,1.000,26.4845,28.4823
ROI_070/patch_131,nearest,16–32,1,18707,0.000,1.000,26.7386,28.7381
ROI_070/patch_131,nearest,32–64,1,67072,0.000,1.000,26.2485,28.2976
ROI_070/patch_131,nearest,64–128,1,112985,0.000,1.000,26.1407,28.4472
ROI_070/patch_131,nearest,≥128,1,56943,0.000,1.000,43.4024,46.4996
ROI_070/patch_131,own,0–16,1,6437,0.000,1.000,26.5998,28.5980
ROI_070/patch_131,own,16–32,1,19295,0.000,1.000,26.7782,28.7916
ROI_070/patch_131,own,32–64,1,74370,0.000,1.000,25.0491,27.1361
ROI_070/patch_131,own,64–128,1,262457,0.000,1.000,25.4174,27.6456
ROI_070/patch_131,own,≥128,1,1734593,0.000,1.000,25.9283,28.2417
ROI_070/patch_133,nearest,0–16,1,6436,0.000,1.000,12.8962,16.0593
ROI_070/patch_133,nearest,16–32,1,19017,0.000,1.000,13.0541,16.2357
ROI_070/patch_133,nearest,32–64,1,61646,0.000,1.000,17.3129,20.5966
ROI_070/patch_133,nearest,64–128,1,120543,0.000,1.000,29.4927,32.8607
ROI_070/patch_133,nearest,≥128,1,54502,0.000,1.000,214.9406,217.7640
ROI_070/patch_133,own,0–16,1,6436,0.000,1.000,12.9213,16.0869
ROI_070/patch_133,own,16–32,1,19293,0.000,1.000,13.1976,16.3462
ROI_070/patch_133,own,32–64,1,73473,0.000,1.000,22.1585,25.4069
ROI_070/patch_133,own,64–128,1,252133,0.000,1.000,25.0245,28.3508
ROI_070/patch_133,own,≥128,1,1745817,0.000,1.000,74.7539,77.9499
ROI_070/patch_135,nearest,0–16,1,6427,0.000,1.000,89.8131,93.6765
ROI_070/patch_135,nearest,16–32,1,18746,0.000,1.000,89.5058,93.3146
ROI_070/patch_135,nearest,32–64,1,67738,0.000,1.000,94.5967,98.4098
ROI_070/patch_135,nearest,64–128,1,128545,0.000,1.000,103.0095,106.8811
ROI_070/patch_135,nearest,≥128,1,40688,0.000,1.000,137.7131,140.9548
ROI_070/patch_135,own,0–16,1,6427,0.000,1.000,89.8312,93.6854
ROI_070/patch_135,own,16–32,1,18746,0.000,1.000,90.3472,94.1713
ROI_070/patch_135,own,32–64,1,71562,0.000,1.000,91.1734,94.9526
ROI_070/patch_135,own,64–128,1,253947,0.000,1.000,99.0128,102.8700
ROI_070/patch_135,own,≥128,1,1746470,0.000,1.000,126.3448,130.3465
ROI_070/patch_137,nearest,0–16,1,6435,0.000,1.000,9.7717,11.7815
ROI_070/patch_137,nearest,16–32,1,17689,0.000,1.000,9.7262,11.6951
ROI_070/patch_137,nearest,32–64,1,50857,0.000,1.000,9.9005,11.8903
ROI_070/patch_137,nearest,64–128,1,102287,0.000,1.000,9.7827,11.8499
ROI_070/patch_137,nearest,≥128,1,84876,0.000,1.000,27.0253,29.1397
ROI_070/patch_137,own,0–16,1,6435,0.000,1.000,9.7720,11.7762
ROI_070/patch_137,own,16–32,1,18429,0.000,1.000,9.7656,11.7546
ROI_070/patch_137,own,32–64,1,67633,0.000,1.000,9.8739,11.8379
ROI_070/patch_137,own,64–128,1,209022,0.000,1.000,9.6908,11.7684
ROI_070/patch_137,own,≥128,1,1795633,0.000,1.000,12.6951,14.5558
ROI_070/patch_151,nearest,0–16,1,7144,0.000,1.000,16.7921,18.8770
ROI_070/patch_151,nearest,16–32,1,19624,0.000,1.000,15.7495,17.8979
ROI_070/patch_151,nearest,32–64,1,65483,0.000,1.000,31.4173,33.5936
ROI_070/patch_151,nearest,64–128,1,107646,0.000,1.000,31.1200,33.1373
ROI_070/patch_151,nearest,≥128,1,62247,0.000,1.000,99.9521,102.1939
ROI_070/patch_151,own,0–16,1,7144,0.000,1.000,16.6815,18.7674
ROI_070/patch_151,own,16–32,1,20117,0.000,1.000,16.2105,18.3740
ROI_070/patch_151,own,32–64,1,73576,0.000,1.000,26.2046,28.3493
ROI_070/patch_151,own,64–128,1,260961,0.000,1.000,22.8516,24.8533
ROI_070/patch_151,own,≥128,1,1997498,0.000,1.000,97.2848,99.4161
ROI_070/patch_152,nearest,0–16,1,6115,0.000,1.000,102.4181,110.1313
ROI_070/patch_152,nearest,16–32,1,17249,0.000,1.000,103.4976,111.1912
ROI_070/patch_152,nearest,32–64,1,52459,0.000,1.000,106.1600,113.8642
ROI_070/patch_152,nearest,64–128,1,114970,0.000,1.000,105.8808,113.7143
ROI_070/patch_152,nearest,≥128,1,71351,0.000,1.000,150.5423,158.4814
ROI_070/patch_152,own,0–16,1,6115,0.000,1.000,102.5204,110.2401
ROI_070/patch_152,own,16–32,1,17448,0.000,1.000,104.6274,112.3222
ROI_070/patch_152,own,32–64,1,66412,0.000,1.000,107.3790,115.0744
ROI_070/patch_152,own,64–128,1,231350,0.000,1.000,109.0822,116.8215
ROI_070/patch_152,own,≥128,1,1775827,0.000,1.000,122.1946,130.3597
ROI_070/patch_155,nearest,0–16,1,6440,0.000,1.000,99.2058,105.2940
ROI_070/patch_155,nearest,16–32,1,19280,0.000,1.000,103.4652,109.5023
ROI_070/patch_155,nearest,32–64,1,65372,0.000,1.000,143.7490,149.4699
ROI_070/patch_155,nearest,64–128,1,111315,0.000,1.000,549.3835,554.9447
ROI_070/patch_155,nearest,≥128,1,59737,1.000,1.000,,
ROI_070/patch_155,own,0–16,1,6440,0.000,1.000,99.3478,105.4380
ROI_070/patch_155,own,16–32,1,19280,0.000,1.000,104.5675,110.5647
ROI_070/patch_155,own,32–64,1,73154,0.000,1.000,126.0169,131.8341
ROI_070/patch_155,own,64–128,1,264557,0.000,1.000,261.8925,267.5347
ROI_070/patch_155,own,≥128,1,1733721,0.050,1.000,485.7154,491.2505
ROI_070/patch_157,nearest,0–16,1,6442,0.000,1.000,11.3820,13.3342
ROI_070/patch_157,nearest,16–32,1,19150,0.000,1.000,12.3071,14.2732
ROI_070/patch_157,nearest,32–64,1,68554,0.000,1.000,32.1739,34.1563
ROI_070/patch_157,nearest,64–128,1,121306,0.000,1.000,25.0178,26.8533
ROI_070/patch_157,nearest,≥128,1,46692,0.000,1.000,40.1517,42.0889
ROI_070/patch_157,own,0–16,1,6442,0.000,1.000,11.0954,13.0602
ROI_070/patch_157,own,16–32,1,19150,0.000,1.000,14.3025,16.3303
ROI_070/patch_157,own,32–64,1,71390,0.000,1.000,33.7105,35.6761
ROI_070/patch_157,own,64–128,1,256051,0.000,1.000,21.5929,23.3568
ROI_070/patch_157,own,≥128,1,1744119,0.000,1.000,28.7772,30.5899
ROI_070/patch_158,nearest,0–16,1,6420,0.000,1.000,10.7205,15.0362
ROI_070/patch_158,nearest,16–32,1,19301,0.000,1.000,10.7662,15.0711
ROI_070/patch_158,nearest,32–64,1,68684,0.000,1.000,10.6670,15.0249
ROI_070/patch_158,nearest,64–128,1,135931,0.000,1.000,18.7775,23.4605
ROI_070/patch_158,nearest,≥128,1,31808,0.000,1.000,22.8522,27.6591
ROI_070/patch_158,own,0–16,1,6420,0.000,1.000,10.6642,14.9684
ROI_070/patch_158,own,16–32,1,19301,0.000,1.000,10.4829,14.7662
ROI_070/patch_158,own,32–64,1,73835,0.000,1.000,11.0274,15.4102
ROI_070/patch_158,own,64–128,1,255959,0.000,1.000,21.1489,25.7498
ROI_070/patch_158,own,≥128,1,1741637,0.000,1.000,16.4941,21.0006
ROI_070/patch_159,nearest,0–16,1,6330,0.000,1.000,8.3706,9.7876
ROI_070/patch_159,nearest,16–32,1,17748,0.000,1.000,8.4991,9.9293
ROI_070/patch_159,nearest,32–64,1,64270,0.000,1.000,8.6193,10.0830
ROI_070/patch_159,nearest,64–128,1,122630,0.000,1.000,10.7050,12.2550
ROI_070/patch_159,nearest,≥128,1,51166,0.000,1.000,14.1378,15.7682
ROI_070/patch_159,own,0–16,1,6330,0.000,1.000,8.3770,9.7886
ROI_070/patch_159,own,16–32,1,17748,0.000,1.000,8.5189,9.9539
ROI_070/patch_159,own,32–64,1,66289,0.000,1.000,8.5842,10.0509
ROI_070/patch_159,own,64–128,1,237459,0.000,1.000,9.6263,11.1576
ROI_070/patch_159,own,≥128,1,1769326,0.000,1.000,10.0908,11.6387
ROI_070/patch_160,nearest,0–16,1,6235,0.000,1.000,16.0303,19.4212
ROI_070/patch_160,nearest,16–32,1,18029,0.000,1.000,16.6694,19.9987
ROI_070/patch_160,nearest,32–64,1,62679,0.000,1.000,17.3285,20.4493
ROI_070/patch_160,nearest,64–128,1,122168,0.000,1.000,19.6874,22.5417
ROI_070/patch_160,nearest,≥128,1,53033,0.000,1.000,33.1261,35.6767
ROI_070/patch_160,own,0–16,1,6235,0.000,1.000,16.1018,19.5019
ROI_070/patch_160,own,16–32,1,18029,0.000,1.000,16.5213,19.8393
ROI_070/patch_160,own,32–64,1,69188,0.000,1.000,17.3343,20.5183
ROI_070/patch_160,own,64–128,1,239483,0.000,1.000,19.3990,22.3076
ROI_070/patch_160,own,≥128,1,1764217,0.000,1.000,29.2331,32.0745
ROI_070/patch_161,nearest,0–16,1,6436,0.000,1.000,5.5262,6.4762
ROI_070/patch_161,nearest,16–32,1,19064,0.000,1.000,5.6244,6.5824
ROI_070/patch_161,nearest,32–64,1,64396,0.000,1.000,5.9389,6.9026
ROI_070/patch_161,nearest,64–128,1,119333,0.000,1.000,6.9549,7.8091
ROI_070/patch_161,nearest,≥128,1,52915,0.000,1.000,13.3434,14.2135
ROI_070/patch_161,own,0–16,1,6436,0.000,1.000,5.5255,6.4771
ROI_070/patch_161,own,16–32,1,19064,0.000,1.000,5.6007,6.5652
ROI_070/patch_161,own,32–64,1,70062,0.000,1.000,6.0142,6.9902
ROI_070/patch_161,own,64–128,1,225434,0.000,1.000,6.8696,7.7545
ROI_070/patch_161,own,≥128,1,1776156,0.000,1.000,10.2904,11.1946
ROI_070/patch_163,nearest,0–16,1,6439,0.000,1.000,13.9826,14.9450
ROI_070/patch_163,nearest,16–32,1,18471,0.000,1.000,13.9082,14.8755
ROI_070/patch_163,nearest,32–64,1,60774,0.000,1.000,14.0221,14.9861
ROI_070/patch_163,nearest,64–128,1,128055,0.000,1.000,14.6848,15.6250
ROI_070/patch_163,nearest,≥128,1,48405,0.000,1.000,16.4614,17.2699
ROI_070/patch_163,own,0–16,1,6439,0.000,1.000,13.9862,14.9522
ROI_070/patch_163,own,16–32,1,18471,0.000,1.000,13.9564,14.9186
ROI_070/patch_163,own,32–64,1,68837,0.000,1.000,14.1105,15.0963
ROI_070/patch_163,own,64–128,1,234980,0.000,1.000,14.3952,15.3793
ROI_070/patch_163,own,≥128,1,1768425,0.000,1.000,14.5231,15.4657
ROI_070/patch_164,nearest,0–16,1,6443,0.000,1.000,3.5866,6.1702
ROI_070/patch_164,nearest,16–32,1,19295,0.000,1.000,3.6337,6.2216
ROI_070/patch_164,nearest,32–64,1,69510,0.000,1.000,3.8804,6.5040
ROI_070/patch_164,nearest,64–128,1,121188,0.000,1.000,5.6209,8.4266
ROI_070/patch_164,nearest,≥128,1,45708,0.000,1.000,17.4131,21.3663
ROI_070/patch_164,own,0–16,1,6443,0.000,1.000,3.5756,6.1451
ROI_070/patch_164,own,16–32,1,19295,0.000,1.000,3.6326,6.2074
ROI_070/patch_164,own,32–64,1,73782,0.000,1.000,3.8259,6.4412
ROI_070/patch_164,own,64–128,1,241486,0.000,1.000,4.8373,7.5557
ROI_070/patch_164,own,≥128,1,1756146,0.000,1.000,8.7580,11.4627
ROI_070/patch_167,nearest,0–16,1,6405,0.000,1.000,15.2592,16.9133
ROI_070/patch_167,nearest,16–32,1,18592,0.000,1.000,15.4813,17.1482
ROI_070/patch_167,nearest,32–64,1,53531,0.000,1.000,16.3069,18.1806
ROI_070/patch_167,nearest,64–128,1,84165,0.000,1.000,20.9412,22.8062
ROI_070/patch_167,nearest,≥128,1,99451,0.000,1.000,30.3971,31.7532
ROI_070/patch_167,own,0–16,1,6405,0.000,1.000,15.2680,16.9173
ROI_070/patch_167,own,16–32,1,18609,0.000,1.000,15.3913,17.1049
ROI_070/patch_167,own,32–64,1,70349,0.000,1.000,15.9212,17.7295
ROI_070/patch_167,own,64–128,1,256377,0.000,1.000,18.9135,20.8464
ROI_070/patch_167,own,≥128,1,1745412,0.000,1.000,34.7333,36.7154
ROI_071/patch_0,nearest,0–16,1,6441,0.000,1.000,7.5985,8.7110
ROI_071/patch_0,nearest,16–32,1,18204,0.000,1.000,7.6415,8.7641
ROI_071/patch_0,nearest,32–64,1,67357,0.000,1.000,8.0025,9.1317
ROI_071/patch_0,nearest,64–128,1,150583,0.000,1.000,8.2863,9.5207
ROI_071/patch_0,nearest,≥128,1,19559,0.000,1.000,8.2184,9.4870
ROI_071/patch_0,own,0–16,1,6441,0.000,1.000,7.6080,8.7200
ROI_071/patch_0,own,16–32,1,18204,0.000,1.000,7.6548,8.7599
ROI_071/patch_0,own,32–64,1,67520,0.000,1.000,7.7709,8.8560
ROI_071/patch_0,own,64–128,1,236598,0.000,1.000,8.3981,9.6473
ROI_071/patch_0,own,≥128,1,1768389,0.000,1.000,8.3921,9.6617
ROI_071/patch_1,nearest,0–16,1,6312,0.000,1.000,7.9624,8.9593
ROI_071/patch_1,nearest,16–32,1,17671,0.000,1.000,7.9577,8.9584
ROI_071/patch_1,nearest,32–64,1,59982,0.000,1.000,8.0652,9.0765
ROI_071/patch_1,nearest,64–128,1,130228,0.000,1.000,7.9618,9.0554
ROI_071/patch_1,nearest,≥128,1,47951,0.000,1.000,7.8650,9.0165
ROI_071/patch_1,own,0–16,1,6312,0.000,1.000,7.9726,8.9674
ROI_071/patch_1,own,16–32,1,17671,0.000,1.000,7.9869,8.9862
ROI_071/patch_1,own,32–64,1,61059,0.000,1.000,7.9796,8.9839
ROI_071/patch_1,own,64–128,1,210075,0.000,1.000,8.1230,9.1853
ROI_071/patch_1,own,≥128,1,1802035,0.000,1.000,7.7829,8.8743
ROI_071/patch_2,nearest,0–16,1,6430,0.000,1.000,5.9131,7.6447
ROI_071/patch_2,nearest,16–32,1,18793,0.000,1.000,5.9187,7.6378
ROI_071/patch_2,nearest,32–64,1,69201,0.000,1.000,6.0409,7.7104
ROI_071/patch_2,nearest,64–128,1,145161,0.000,1.000,6.8550,8.4745
ROI_071/patch_2,nearest,≥128,1,22559,0.000,1.000,12.3862,13.9354
ROI_071/patch_2,own,0–16,1,6430,0.000,1.000,5.8962,7.6246
ROI_071/patch_2,own,16–32,1,18793,0.000,1.000,6.0023,7.7125
ROI_071/patch_2,own,32–64,1,73470,0.000,1.000,6.1170,7.7968
ROI_071/patch_2,own,64–128,1,245045,0.000,1.000,6.9019,8.5450
ROI_071/patch_2,own,≥128,1,1753414,0.000,1.000,7.1718,8.8424
ROI_071/patch_3,nearest,0–16,1,6432,0.000,1.000,3.7073,4.4336
ROI_071/patch_3,nearest,16–32,1,19258,0.000,1.000,3.7395,4.4556
ROI_071/patch_3,nearest,32–64,1,68188,0.000,1.000,3.7764,4.4381
ROI_071/patch_3,nearest,64–128,1,134046,0.000,1.000,3.7943,4.3970
ROI_071/patch_3,nearest,≥128,1,34220,0.000,1.000,3.5001,4.1953
ROI_071/patch_3,own,0–16,1,6432,0.000,1.000,3.7061,4.4326
ROI_071/patch_3,own,16–32,1,19258,0.000,1.000,3.7385,4.4553
ROI_071/patch_3,own,32–64,1,69342,0.000,1.000,3.8051,4.4556
ROI_071/patch_3,own,64–128,1,250077,0.000,1.000,3.7661,4.3788
ROI_071/patch_3,own,≥128,1,1752043,0.000,1.000,3.7528,4.3805
ROI_071/patch_4,nearest,0–16,1,6425,0.000,1.000,5.0848,7.7140
ROI_071/patch_4,nearest,16–32,1,19239,0.000,1.000,5.0793,7.6860
ROI_071/patch_4,nearest,32–64,1,65421,0.000,1.000,5.2157,7.6926
ROI_071/patch_4,nearest,64–128,1,124389,0.000,1.000,5.2843,7.6228
ROI_071/patch_4,nearest,≥128,1,46670,0.000,1.000,5.1238,7.3745
ROI_071/patch_4,own,0–16,1,6425,0.000,1.000,5.0754,7.6964
ROI_071/patch_4,own,16–32,1,19239,0.000,1.000,5.0491,7.6667
ROI_071/patch_4,own,32–64,1,68638,0.000,1.000,5.0549,7.5264
ROI_071/patch_4,own,64–128,1,236663,0.000,1.000,5.0129,7.3255
ROI_071/patch_4,own,≥128,1,1766187,0.000,1.000,4.9767,7.3216
ROI_071/patch_5,nearest,0–16,1,6439,0.000,1.000,5.7905,7.9284
ROI_071/patch_5,nearest,16–32,1,19156,0.000,1.000,5.7577,7.9414
ROI_071/patch_5,nearest,32–64,1,69401,0.000,1.000,5.8736,8.0866
ROI_071/patch_5,nearest,64–128,1,119552,0.000,1.000,5.7616,8.2143
ROI_071/patch_5,nearest,≥128,1,47596,0.000,1.000,6.1589,8.8078
ROI_071/patch_5,own,0–16,1,6439,0.000,1.000,5.8004,7.9392
ROI_071/patch_5,own,16–32,1,19156,0.000,1.000,5.8150,7.9732
ROI_071/patch_5,own,32–64,1,70403,0.000,1.000,5.8989,8.1283
ROI_071/patch_5,own,64–128,1,245247,0.000,1.000,5.9465,8.2394
ROI_071/patch_5,own,≥128,1,1755907,0.000,1.000,6.0204,8.2828
ROI_071/patch_6,nearest,0–16,1,6437,0.000,1.000,14.5829,14.9728
ROI_071/patch_6,nearest,16–32,1,18672,0.000,1.000,14.4585,14.8364
ROI_071/patch_6,nearest,32–64,1,60623,0.000,1.000,16.8178,17.2320
ROI_071/patch_6,nearest,64–128,1,128090,0.000,1.000,16.4216,17.0318
ROI_071/patch_6,nearest,≥128,1,48322,0.000,1.000,30.5872,31.3974
ROI_071/patch_6,own,0–16,1,6437,0.000,1.000,14.5919,14.9827
ROI_071/patch_6,own,16–32,1,18672,0.000,1.000,14.6438,15.0199
ROI_071/patch_6,own,32–64,1,66448,0.000,1.000,14.8818,15.2916
ROI_071/patch_6,own,64–128,1,219798,0.000,1.000,15.2589,15.7270
ROI_071/patch_6,own,≥128,1,1785797,0.000,1.000,17.4533,17.9086
ROI_071/patch_7,nearest,0–16,1,6425,0.000,1.000,6.6484,8.9418
ROI_071/patch_7,nearest,16–32,1,18517,0.000,1.000,6.7687,9.0417
ROI_071/patch_7,nearest,32–64,1,59119,0.000,1.000,7.0931,9.3417
ROI_071/patch_7,nearest,64–128,1,122436,0.000,1.000,8.7927,11.0876
ROI_071/patch_7,nearest,≥128,1,55647,0.000,1.000,9.2077,11.2481
ROI_071/patch_7,own,0–16,1,6425,0.000,1.000,6.6453,8.9398
ROI_071/patch_7,own,16–32,1,19107,0.000,1.000,6.7153,8.9845
ROI_071/patch_7,own,32–64,1,70790,0.000,1.000,7.0332,9.2730
ROI_071/patch_7,own,64–128,1,249647,0.000,1.000,8.1978,10.4649
ROI_071/patch_7,own,≥128,1,1751183,0.000,1.000,7.9862,10.1733
ROI_071/patch_8,nearest,0–16,1,6437,0.000,1.000,9.8885,10.9482
ROI_071/patch_8,nearest,16–32,1,18853,0.000,1.000,11.5797,12.6538
ROI_071/patch_8,nearest,32–64,1,56385,0.000,1.000,22.3570,23.4902
ROI_071/patch_8,nearest,64–128,1,100811,0.000,1.000,84.5942,85.9266
ROI_071/patch_8,nearest,≥128,1,79658,0.200,1.000,286.2455,287.8706
ROI_071/patch_8,own,0–16,1,6437,0.000,1.000,9.6785,10.7419
ROI_071/patch_8,own,16–32,1,19248,0.000,1.000,12.4124,13.4888
ROI_071/patch_8,own,32–64,1,73122,0.000,1.000,22.1585,23.2913
ROI_071/patch_8,own,64–128,1,250829,0.000,1.000,29.3900,30.6110
ROI_071/patch_8,own,≥128,1,1747516,0.000,1.000,118.5811,120.1802
ROI_071/patch_9,nearest,0–16,1,6445,0.000,1.000,4.5697,5.8220
ROI_071/patch_9,nearest,16–32,1,19230,0.000,1.000,4.5879,5.8518
ROI_071/patch_9,nearest,32–64,1,63590,0.000,1.000,4.7192,5.9454
ROI_071/patch_9,nearest,64–128,1,114649,0.000,1.000,6.4444,7.7189
ROI_071/patch_9,nearest,≥128,1,58230,0.000,1.000,16.1645,17.7465
ROI_071/patch_9,own,0–16,1,6445,0.000,1.000,4.5763,5.8283
ROI_071/patch_9,own,16–32,1,19230,0.000,1.000,4.5860,5.8627
ROI_071/patch_9,own,32–64,1,70199,0.000,1.000,4.6187,5.8702
ROI_071/patch_9,own,64–128,1,237348,0.000,1.000,5.1547,6.3921
ROI_071/patch_9,own,≥128,1,1763930,0.000,1.000,7.7626,8.9570
ROI_071/patch_15,nearest,0–16,1,6438,0.000,1.000,10.9437,12.8047
ROI_071/patch_15,nearest,16–32,1,18483,0.000,1.000,10.7962,12.6405
ROI_071/patch_15,nearest,32–64,1,64180,0.000,1.000,11.0928,12.9927
ROI_071/patch_15,nearest,64–128,1,128927,0.000,1.000,13.5006,15.5440
ROI_071/patch_15,nearest,≥128,1,44116,0.000,1.000,19.2049,21.0673
ROI_071/patch_15,own,0–16,1,6438,0.000,1.000,10.9120,12.7769
ROI_071/patch_15,own,16–32,1,18483,0.000,1.000,10.9519,12.8014
ROI_071/patch_15,own,32–64,1,67356,0.000,1.000,11.2736,13.1517
ROI_071/patch_15,own,64–128,1,239750,0.000,1.000,13.1472,15.1073
ROI_071/patch_15,own,≥128,1,1765125,0.000,1.000,17.8866,19.7517
ROI_071/patch_16,nearest,0–16,1,6435,0.000,1.000,4.6278,6.3783
ROI_071/patch_16,nearest,16–32,1,18727,0.000,1.000,4.5461,6.3112
ROI_071/patch_16,nearest,32–64,1,63032,0.000,1.000,4.8067,6.6027
ROI_071/patch_16,nearest,64–128,1,127934,0.000,1.000,6.7654,8.5689
ROI_071/patch_16,nearest,≥128,1,46016,0.000,1.000,14.7152,16.6849
ROI_071/patch_16,own,0–16,1,6435,0.000,1.000,4.6327,6.3856
ROI_071/patch_16,own,16–32,1,18727,0.000,1.000,4.5820,6.3339
ROI_071/patch_16,own,32–64,1,69848,0.000,1.000,4.8227,6.6581
ROI_071/patch_16,own,64–128,1,228396,0.000,1.000,6.2943,8.1727
ROI_071/patch_16,own,≥128,1,1773746,0.000,1.000,8.8362,10.8049
ROI_071/patch_17,nearest,0–16,1,6446,0.000,1.000,3.1691,4.4567
ROI_071/patch_17,nearest,16–32,1,18693,0.000,1.000,3.1912,4.4786
ROI_071/patch_17,nearest,32–64,1,65809,0.000,1.000,3.3392,4.6475
ROI_071/patch_17,nearest,64–128,1,133604,0.000,1.000,3.6290,4.9901
ROI_071/patch_17,nearest,≥128,1,37592,0.000,1.000,4.2974,6.0452
ROI_071/patch_17,own,0–16,1,6446,0.000,1.000,3.1764,4.4653
ROI_071/patch_17,own,16–32,1,19303,0.000,1.000,3.2199,4.5428
ROI_071/patch_17,own,32–64,1,73636,0.000,1.000,3.3060,4.6269
ROI_071/patch_17,own,64–128,1,241437,0.000,1.000,3.7317,5.0205
ROI_071/patch_17,own,≥128,1,1756330,0.000,1.000,3.7420,5.1748
ROI_071/patch_18,nearest,0–16,1,6424,0.000,1.000,2.3022,4.7414
ROI_071/patch_18,nearest,16–32,1,19226,0.000,1.000,2.3364,4.8302
ROI_071/patch_18,nearest,32–64,1,64750,0.000,1.000,2.3809,5.0000
ROI_071/patch_18,nearest,64–128,1,120749,0.000,1.000,2.7542,5.5853
ROI_071/patch_18,nearest,≥128,1,50995,0.000,1.000,4.5443,7.3996
ROI_071/patch_18,own,0–16,1,6424,0.000,1.000,2.3147,4.7434
ROI_071/patch_18,own,16–32,1,19226,0.000,1.000,2.3543,4.8358
ROI_071/patch_18,own,32–64,1,73710,0.000,1.000,2.3154,4.8691
ROI_071/patch_18,own,64–128,1,271246,0.000,1.000,2.5943,5.3329
ROI_071/patch_18,own,≥128,1,1726546,0.000,1.000,2.3613,5.0680
ROI_071/patch_19,nearest,0–16,1,6433,0.000,1.000,8.2678,10.5885
ROI_071/patch_19,nearest,16–32,1,19292,0.000,1.000,8.2385,10.6010
ROI_071/patch_19,nearest,32–64,1,70825,0.000,1.000,8.0029,10.4636
ROI_071/patch_19,nearest,64–128,1,124651,0.000,1.000,7.6754,10.2792
ROI_071/patch_19,nearest,≥128,1,40943,0.000,1.000,7.6990,10.2928
ROI_071/patch_19,own,0–16,1,6433,0.000,1.000,8.2706,10.5828
ROI_071/patch_19,own,16–32,1,19292,0.000,1.000,8.1590,10.5152
ROI_071/patch_19,own,32–64,1,75301,0.000,1.000,8.0063,10.4310
ROI_071/patch_19,own,64–128,1,264261,0.000,1.000,7.7710,10.3650
ROI_071/patch_19,own,≥128,1,1731865,0.000,1.000,7.9550,10.4799
ROI_071/patch_20,nearest,0–16,1,6444,0.000,1.000,9.0733,9.8268
ROI_071/patch_20,nearest,16–32,1,18565,0.000,1.000,9.1658,9.9097
ROI_071/patch_20,nearest,32–64,1,57427,0.000,1.000,9.7406,10.4899
ROI_071/patch_20,nearest,64–128,1,104849,0.000,1.000,12.1075,12.9477
ROI_071/patch_20,nearest,≥128,1,74859,0.000,1.000,23.7766,24.5713
ROI_071/patch_20,own,0–16,1,6444,0.000,1.000,9.0568,9.8119
ROI_071/patch_20,own,16–32,1,18565,0.000,1.000,9.2105,9.9569
ROI_071/patch_20,own,32–64,1,70520,0.000,1.000,9.5986,10.3448
ROI_071/patch_20,own,64–128,1,247460,0.000,1.000,10.4451,11.2095
ROI_071/patch_20,own,≥128,1,1754163,0.000,1.000,13.9091,14.6329
ROI_071/patch_21,nearest,0–16,1,6425,0.000,1.000,2.0587,3.2068
ROI_071/patch_21,nearest,16–32,1,18912,0.000,1.000,2.0693,3.2358
ROI_071/patch_21,nearest,32–64,1,69092,0.000,1.000,2.1132,3.2991
ROI_071/patch_21,nearest,64–128,1,139621,0.000,1.000,2.4496,3.6143
ROI_071/patch_21,nearest,≥128,1,28094,0.000,1.000,6.1961,7.2467
ROI_071/patch_21,own,0–16,1,6425,0.000,1.000,2.0543,3.2044
ROI_071/patch_21,own,16–32,1,18912,0.000,1.000,2.0662,3.2303
ROI_071/patch_21,own,32–64,1,71356,0.000,1.000,2.0916,3.2678
ROI_071/patch_21,own,64–128,1,225399,0.000,1.000,2.3371,3.5053
ROI_071/patch_21,own,≥128,1,1775060,0.000,1.000,2.6425,3.7678
ROI_071/patch_22,nearest,0–16,1,6366,0.000,1.000,1.5991,3.1908
ROI_071/patch_22,nearest,16–32,1,17279,0.000,1.000,1.6569,3.1966
ROI_071/patch_22,nearest,32–64,1,58720,0.000,1.000,1.7341,3.2398
ROI_071/patch_22,nearest,64–128,1,129619,0.000,1.000,2.8327,4.1671
ROI_071/patch_22,nearest,≥128,1,50160,0.000,1.000,5.7574,7.1189
ROI_071/patch_22,own,0–16,1,6366,0.000,1.000,1.5955,3.1673
ROI_071/patch_22,own,16–32,1,17279,0.000,1.000,1.6542,3.2094
ROI_071/patch_22,own,32–64,1,61006,0.000,1.000,1.6464,3.1407
ROI_071/patch_22,own,64–128,1,222859,0.000,1.000,2.0409,3.4706
ROI_071/patch_22,own,≥128,1,1789642,0.000,1.000,4.3541,5.8337
ROI_071/patch_23,nearest,0–16,1,6435,0.000,1.000,2.8614,3.9520
ROI_071/patch_23,nearest,16–32,1,19146,0.000,1.000,2.8218,3.9208
ROI_071/patch_23,nearest,32–64,1,70401,0.000,1.000,2.7654,3.8423
ROI_071/patch_23,nearest,64–128,1,123012,0.000,1.000,2.7028,3.9246
ROI_071/patch_23,nearest,≥128,1,43150,0.000,1.000,2.6231,4.1594
ROI_071/patch_23,own,0–16,1,6435,0.000,1.000,2.8608,3.9511
ROI_071/patch_23,own,16–32,1,19146,0.000,1.000,2.8164,3.8973
ROI_071/patch_23,own,32–64,1,72547,0.000,1.000,2.7550,3.8645
ROI_071/patch_23,own,64–128,1,260062,0.000,1.000,2.6821,3.8052
ROI_071/patch_23,own,≥128,1,1738962,0.000,1.000,2.7476,3.9217
ROI_071/patch_24,nearest,0–16,1,6348,0.000,1.000,4.5875,5.4081
ROI_071/patch_24,nearest,16–32,1,17623,0.000,1.000,4.5802,5.3746
ROI_071/patch_24,nearest,32–64,1,57804,0.000,1.000,4.4635,5.2219
ROI_071/patch_24,nearest,64–128,1,132147,0.000,1.000,4.3267,5.0959
ROI_071/patch_24,nearest,≥128,1,48222,0.000,1.000,4.4943,5.3621
ROI_071/patch_24,own,0–16,1,6348,0.000,1.000,4.5838,5.4113
ROI_071/patch_24,own,16–32,1,18057,0.000,1.000,4.5705,5.3770
ROI_071/patch_24,own,32–64,1,67315,0.000,1.000,4.4734,5.2313
ROI_071/patch_24,own,64–128,1,246223,0.000,1.000,4.3919,5.1331
ROI_071/patch_24,own,≥128,1,1759209,0.000,1.000,4.4200,5.1391
ROI_071/patch_25,nearest,0–16,1,6432,0.000,1.000,1.8109,3.1123
ROI_071/patch_25,nearest,16–32,1,19081,0.000,1.000,1.7679,3.0754
ROI_071/patch_25,nearest,32–64,1,69863,0.000,1.000,1.7107,3.0241
ROI_071/patch_25,nearest,64–128,1,138896,0.000,1.000,1.6278,2.8162
ROI_071/patch_25,nearest,≥128,1,27872,0.000,1.000,1.7729,2.7244
ROI_071/patch_25,own,0–16,1,6432,0.000,1.000,1.8088,3.1144
ROI_071/patch_25,own,16–32,1,19081,0.000,1.000,1.7606,3.0665
ROI_071/patch_25,own,32–64,1,72480,0.000,1.000,1.6918,2.9929
ROI_071/patch_25,own,64–128,1,236395,0.000,1.000,1.5835,2.8073
ROI_071/patch_25,own,≥128,1,1762764,0.000,1.000,1.5210,2.6550
ROI_071/patch_26,nearest,0–16,1,6200,0.000,1.000,9.2707,11.4497
ROI_071/patch_26,nearest,16–32,1,18225,0.000,1.000,9.2037,11.4415
ROI_071/patch_26,nearest,32–64,1,63841,0.000,1.000,9.1214,11.6342
ROI_071/patch_26,nearest,64–128,1,138291,0.000,1.000,9.3313,12.3551
ROI_071/patch_26,nearest,≥128,1,35587,0.000,1.000,8.9696,11.9025
ROI_071/patch_26,own,0–16,1,6200,0.000,1.000,9.2886,11.4686
ROI_071/patch_26,own,16–32,1,18225,0.000,1.000,9.2654,11.4623
ROI_071/patch_26,own,32–64,1,67452,0.000,1.000,9.2761,11.8024
ROI_071/patch_26,own,64–128,1,244474,0.000,1.000,9.2056,12.1877
ROI_071/patch_26,own,≥128,1,1760801,0.000,1.000,9.2686,12.1331
ROI_071/patch_27,nearest,0–16,1,6436,0.000,1.000,3.1693,5.0468
ROI_071/patch_27,nearest,16–32,1,18423,0.000,1.000,3.1772,5.0636
ROI_071/patch_27,nearest,32–64,1,62150,0.000,1.000,3.2465,5.1200
ROI_071/patch_27,nearest,64–128,1,115595,0.000,1.000,3.4037,5.1093
ROI_071/patch_27,nearest,≥128,1,59540,0.000,1.000,3.6306,5.3694
ROI_071/patch_27,own,0–16,1,6436,0.000,1.000,3.1646,5.0396
ROI_071/patch_27,own,16–32,1,19317,0.000,1.000,3.1670,5.0441
ROI_071/patch_27,own,32–64,1,77177,0.000,1.000,3.2151,5.0614
ROI_071/patch_27,own,64–128,1,263139,0.000,1.000,3.3181,5.0992
ROI_071/patch_27,own,≥128,1,1731083,0.000,1.000,3.4052,5.0818
ROI_071/patch_28,nearest,0–16,1,6363,0.000,1.000,5.1653,7.1895
ROI_071/patch_28,nearest,16–32,1,18489,0.000,1.000,5.1458,7.1592
ROI_071/patch_28,nearest,32–64,1,69481,0.000,1.000,5.1430,7.2165
ROI_071/patch_28,nearest,64–128,1,119623,0.000,1.000,5.4308,7.7261
ROI_071/patch_28,nearest,≥128,1,48188,0.000,1.000,4.9907,7.5821
ROI_071/patch_28,own,0–16,1,6363,0.000,1.000,5.1812,7.2088
ROI_071/patch_28,own,16–32,1,18489,0.000,1.000,5.1379,7.1700
ROI_071/patch_28,own,32–64,1,72437,0.000,1.000,5.1758,7.2482
ROI_071/patch_28,own,64–128,1,248571,0.000,1.000,5.2701,7.5268
ROI_071/patch_28,own,≥128,1,1751292,0.000,1.000,5.4683,7.7474
ROI_071/patch_29,nearest,0–16,1,6437,0.000,1.000,2.3457,3.7843
ROI_071/patch_29,nearest,16–32,1,19313,0.000,1.000,2.3549,3.7841
ROI_071/patch_29,nearest,32–64,1,66927,0.000,1.000,2.3599,3.7660
ROI_071/patch_29,nearest,64–128,1,133280,0.000,1.000,2.4066,3.7911
ROI_071/patch_29,nearest,≥128,1,36187,0.000,1.000,2.4013,3.6787
ROI_071/patch_29,own,0–16,1,6437,0.000,1.000,2.3508,3.7937
ROI_071/patch_29,own,16–32,1,19313,0.000,1.000,2.3500,3.7844
ROI_071/patch_29,own,32–64,1,75168,0.000,1.000,2.3633,3.7720
ROI_071/patch_29,own,64–128,1,259727,0.000,1.000,2.4263,3.7983
ROI_071/patch_29,own,≥128,1,1736507,0.000,1.000,2.3785,3.7308
ROI_071/patch_35,nearest,0–16,1,6429,0.000,1.000,6.5647,11.8615
ROI_071/patch_35,nearest,16–32,1,19255,0.000,1.000,6.6631,11.8850
ROI_071/patch_35,nearest,32–64,1,56426,0.000,1.000,6.9421,12.2133
ROI_071/patch_35,nearest,64–128,1,87557,0.000,1.000,7.0672,12.7077
ROI_071/patch_35,nearest,≥128,1,92477,0.000,1.000,6.7465,14.8002
ROI_071/patch_35,own,0–16,1,6429,0.000,1.000,6.5895,11.8573
ROI_071/patch_35,own,16–32,1,19255,0.000,1.000,6.7160,12.0041
ROI_071/patch_35,own,32–64,1,70457,0.000,1.000,6.9636,12.1293
ROI_071/patch_35,own,64–128,1,234644,0.000,1.000,7.0020,12.3938
ROI_071/patch_35,own,≥128,1,1766367,0.000,1.000,6.6384,12.8040
ROI_071/patch_36,nearest,0–16,1,6435,0.000,1.000,6.7798,9.2540
ROI_071/patch_36,nearest,16–32,1,18451,0.000,1.000,6.7427,9.2277
ROI_071/patch_36,nearest,32–64,1,49315,0.000,1.000,7.0809,9.6341
ROI_071/patch_36,nearest,64–128,1,86085,0.000,1.000,7.5911,10.1882
ROI_071/patch_36,nearest,≥128,1,101858,0.000,1.000,7.4496,10.1879
ROI_071/patch_36,own,0–16,1,6435,0.000,1.000,6.8025,9.2711
ROI_071/patch_36,own,16–32,1,18666,0.000,1.000,6.7286,9.2218
ROI_071/patch_36,own,32–64,1,71340,0.000,1.000,6.9611,9.4789
ROI_071/patch_36,own,64–128,1,258949,0.000,1.000,7.3487,9.9545
ROI_071/patch_36,own,≥128,1,1741762,0.000,1.000,7.2183,10.0199
ROI_071/patch_37,nearest,0–16,1,6320,0.000,1.000,2.2254,2.4612
ROI_071/patch_37,nearest,16–32,1,18068,0.000,1.000,2.2723,2.5112
ROI_071/patch_37,nearest,32–64,1,62797,0.000,1.000,2.2843,2.5594
ROI_071/patch_37,nearest,64–128,1,118152,0.000,1.000,2.3778,2.6811
ROI_071/patch_37,nearest,≥128,1,56807,0.000,1.000,9.0526,9.3601
ROI_071/patch_37,own,0–16,1,6320,0.000,1.000,2.2147,2.4504
ROI_071/patch_37,own,16–32,1,18068,0.000,1.000,2.2573,2.4972
ROI_071/patch_37,own,32–64,1,68449,0.000,1.000,2.2108,2.4813
ROI_071/patch_37,own,64–128,1,230601,0.000,1.000,2.5131,2.7928
ROI_071/patch_37,own,≥128,1,1773714,0.000,1.000,3.2599,3.5068
ROI_071/patch_38,nearest,0–16,1,7168,0.000,1.000,5.3712,6.6959
ROI_071/patch_38,nearest,16–32,1,20183,0.000,1.000,5.4576,6.8216
ROI_071/patch_38,nearest,32–64,1,73649,0.000,1.000,5.5160,6.9682
ROI_071/patch_38,nearest,64–128,1,139489,0.000,1.000,5.5914,7.0873
ROI_071/patch_38,nearest,≥128,1,21655,0.000,1.000,5.4827,7.1653
ROI_071/patch_38,own,0–16,1,7168,0.000,1.000,5.3764,6.6953
ROI_071/patch_38,own,16–32,1,20183,0.000,1.000,5.4713,6.8314
ROI_071/patch_38,own,32–64,1,78908,0.000,1.000,5.4484,6.9100
ROI_071/patch_38,own,64–128,1,290405,0.000,1.000,5.6517,7.1577
ROI_071/patch_38,own,≥128,1,1962632,0.000,1.000,5.8404,7.4428
ROI_071/patch_39,nearest,0–16,1,6440,0.000,1.000,24.3296,25.1116
ROI_071/patch_39,nearest,16–32,1,19287,0.000,1.000,24.3419,25.1291
ROI_071/patch_39,nearest,32–64,1,69528,0.000,1.000,24.1508,24.9336
ROI_071/patch_39,nearest,64–128,1,130040,0.000,1.000,25.2159,26.0813
ROI_071/patch_39,nearest,≥128,1,36849,0.000,1.000,27.1330,28.4896
ROI_071/patch_39,own,0–16,1,6440,0.000,1.000,24.3988,25.1789
ROI_071/patch_39,own,16–32,1,19297,0.000,1.000,24.2852,25.0739
ROI_071/patch_39,own,32–64,1,75429,0.000,1.000,24.2284,25.0051
ROI_071/patch_39,own,64–128,1,260728,0.000,1.000,24.5215,25.3325
ROI_071/patch_39,own,≥128,1,1735258,0.000,1.000,25.3958,26.3175
ROI_075/patch_0,nearest,0–16,1,6177,0.000,1.000,15.9739,16.3543
ROI_075/patch_0,nearest,16–32,1,18225,0.000,1.000,15.4094,15.7750
ROI_075/patch_0,nearest,32–64,1,65724,0.000,1.000,14.3651,14.7302
ROI_075/patch_0,nearest,64–128,1,126490,0.000,1.000,15.8229,16.2546
ROI_075/patch_0,nearest,≥128,1,45528,0.000,1.000,28.1776,29.0501
ROI_075/patch_0,own,0–16,1,6177,0.000,1.000,15.9941,16.3683
ROI_075/patch_0,own,16–32,1,18225,0.000,1.000,15.4126,15.7884
ROI_075/patch_0,own,32–64,1,72529,0.000,1.000,13.9919,14.3530
ROI_075/patch_0,own,64–128,1,247421,0.000,1.000,14.7178,15.1453
ROI_075/patch_0,own,≥128,1,1752800,0.000,1.000,21.0737,21.6003
ROI_075/patch_1,nearest,0–16,1,6451,0.000,1.000,12.2019,13.0807
ROI_075/patch_1,nearest,16–32,1,19306,0.000,1.000,12.8419,13.6991
ROI_075/patch_1,nearest,32–64,1,73296,0.000,1.000,15.3510,16.1174
ROI_075/patch_1,nearest,64–128,1,128676,0.000,1.000,17.5480,18.2326
ROI_075/patch_1,nearest,≥128,1,34415,0.000,1.000,32.7103,33.3876
ROI_075/patch_1,own,0–16,1,6451,0.000,1.000,12.2097,13.0889
ROI_075/patch_1,own,16–32,1,19306,0.000,1.000,12.6372,13.5072
ROI_075/patch_1,own,32–64,1,73586,0.000,1.000,17.4332,18.1934
ROI_075/patch_1,own,64–128,1,236547,0.000,1.000,14.8124,15.5041
ROI_075/patch_1,own,≥128,1,1761262,0.000,1.000,20.0045,20.7335
ROI_075/patch_2,nearest,0–16,1,6447,0.000,1.000,22.3101,24.1662
ROI_075/patch_2,nearest,16–32,1,19197,0.000,1.000,22.6345,24.4944
ROI_075/patch_2,nearest,32–64,1,61449,0.000,1.000,23.7814,25.6339
ROI_075/patch_2,nearest,64–128,1,126464,0.000,1.000,31.9579,33.8465
ROI_075/patch_2,nearest,≥128,1,48587,0.000,1.000,39.8857,41.9315
ROI_075/patch_2,own,0–16,1,6447,0.000,1.000,22.3341,24.1930
ROI_075/patch_2,own,16–32,1,19197,0.000,1.000,23.0248,24.8837
ROI_075/patch_2,own,32–64,1,70370,0.000,1.000,23.8356,25.6896
ROI_075/patch_2,own,64–128,1,246500,0.000,1.000,28.9042,30.7711
ROI_075/patch_2,own,≥128,1,1754638,0.000,1.000,30.8810,32.7482
ROI_075/patch_3,nearest,0–16,1,6433,0.000,1.000,16.8501,17.8806
ROI_075/patch_3,nearest,16–32,1,19065,0.000,1.000,16.7441,17.7894
ROI_075/patch_3,nearest,32–64,1,62013,0.000,1.000,16.6363,17.6866
ROI_075/patch_3,nearest,64–128,1,94659,0.000,1.000,19.9464,21.0059
ROI_075/patch_3,nearest,≥128,1,79974,0.000,1.000,37.6409,38.5958
ROI_075/patch_3,own,0–16,1,6433,0.000,1.000,16.7761,17.8022
ROI_075/patch_3,own,16–32,1,19065,0.000,1.000,16.7490,17.7958
ROI_075/patch_3,own,32–64,1,70021,0.000,1.000,16.4362,17.4765
ROI_075/patch_3,own,64–128,1,239744,0.000,1.000,18.8768,19.9263
ROI_075/patch_3,own,≥128,1,1761889,0.000,1.000,23.3290,24.3891
ROI_075/patch_4,nearest,0–16,1,6042,0.000,1.000,10.2596,10.4147
ROI_075/patch_4,nearest,16–32,1,16933,0.000,1.000,10.3802,10.5298
ROI_075/patch_4,nearest,32–64,1,58570,0.000,1.000,13.9821,14.1432
ROI_075/patch_4,nearest,64–128,1,128467,0.000,1.000,16.9211,17.1530
ROI_075/patch_4,nearest,≥128,1,52132,0.000,1.000,20.8837,21.4766
ROI_075/patch_4,own,0–16,1,6042,0.000,1.000,10.2645,10.4188
ROI_075/patch_4,own,16–32,1,17321,0.000,1.000,10.3707,10.5058
ROI_075/patch_4,own,32–64,1,66456,0.000,1.000,14.0519,14.2189
ROI_075/patch_4,own,64–128,1,214678,0.000,1.000,13.8400,13.9913
ROI_075/patch_4,own,≥128,1,1792655,0.000,1.000,16.2418,16.5277
ROI_075/patch_5,nearest,0–16,1,6423,0.000,1.000,7.9856,9.4736
ROI_075/patch_5,nearest,16–32,1,18729,0.000,1.000,9.3469,10.8171
ROI_075/patch_5,nearest,32–64,1,62492,0.000,1.000,20.0927,21.4565
ROI_075/patch_5,nearest,64–128,1,130336,0.000,1.000,34.7334,36.0961
ROI_075/patch_5,nearest,≥128,1,44164,0.000,1.000,182.5172,183.7966
ROI_075/patch_5,own,0–16,1,6423,0.000,1.000,8.0398,9.5270
ROI_075/patch_5,own,16–32,1,19244,0.000,1.000,11.3621,12.7953
ROI_075/patch_5,own,32–64,1,68987,0.000,1.000,22.0492,23.3981
ROI_075/patch_5,own,64–128,1,217574,0.000,1.000,16.8655,18.3019
ROI_075/patch_5,own,≥128,1,1784924,0.000,1.000,53.9799,55.2931
ROI_075/patch_6,nearest,0–16,1,7235,0.000,1.000,35.4079,36.9769
ROI_075/patch_6,nearest,16–32,1,21116,0.000,1.000,35.7637,37.3305
ROI_075/patch_6,nearest,32–64,1,65963,0.000,1.000,51.6473,53.2501
ROI_075/patch_6,nearest,64–128,1,112857,0.000,1.000,78.4679,79.8987
ROI_075/patch_6,nearest,≥128,1,54973,0.000,1.000,91.7909,93.3781
ROI_075/patch_6,own,0–16,1,7235,0.000,1.000,35.3624,36.9344
ROI_075/patch_6,own,16–32,1,21726,0.000,1.000,35.4129,36.9822
ROI_075/patch_6,own,32–64,1,83660,0.000,1.000,45.5060,47.1470
ROI_075/patch_6,own,64–128,1,300161,0.000,1.000,58.1167,59.5632
ROI_075/patch_6,own,≥128,1,1946514,0.000,1.000,66.5240,68.0363
ROI_075/patch_7,nearest,0–16,1,7239,0.000,1.000,7.0631,8.7949
ROI_075/patch_7,nearest,16–32,1,20484,0.000,1.000,7.1577,8.8494
ROI_075/patch_7,nearest,32–64,1,69157,0.000,1.000,7.3664,9.0193
ROI_075/patch_7,nearest,64–128,1,117839,0.000,1.000,9.1507,10.8659
ROI_075/patch_7,nearest,≥128,1,47425,0.000,1.000,55.0830,57.0356
ROI_075/patch_7,own,0–16,1,7239,0.000,1.000,7.0994,8.8308
ROI_075/patch_7,own,16–32,1,20484,0.000,1.000,7.0896,8.7654
ROI_075/patch_7,own,32–64,1,75803,0.000,1.000,7.1883,8.8441
ROI_075/patch_7,own,64–128,1,269718,0.000,1.000,8.2776,9.9706
ROI_075/patch_7,own,≥128,1,1986052,0.000,1.000,13.0027,14.7093
ROI_075/patch_8,nearest,0–16,1,7165,0.000,1.000,22.4403,23.4237
ROI_075/patch_8,nearest,16–32,1,20819,0.000,1.000,22.4747,23.4442
ROI_075/patch_8,nearest,32–64,1,73929,0.000,1.000,22.8845,23.8884
ROI_075/patch_8,nearest,64–128,1,130694,0.000,1.000,25.6822,26.7290
ROI_075/patch_8,nearest,≥128,1,29537,0.000,1.000,161.5541,162.4412
ROI_075/patch_8,own,0–16,1,7165,0.000,1.000,22.4257,23.4056
ROI_075/patch_8,own,16–32,1,20819,0.000,1.000,22.6486,23.6218
ROI_075/patch_8,own,32–64,1,75394,0.000,1.000,23.7059,24.6910
ROI_075/patch_8,own,64–128,1,252634,0.000,1.000,22.5811,23.6039
ROI_075/patch_8,own,≥128,1,2003284,0.000,1.000,26.0145,27.0010
ROI_075/patch_10,nearest,0–16,1,6389,0.000,1.000,7.9525,10.0297
ROI_075/patch_10,nearest,16–32,1,18345,0.000,1.000,9.2598,11.3192
ROI_075/patch_10,nearest,32–64,1,55793,0.000,1.000,10.8110,12.8944
ROI_075/patch_10,nearest,64–128,1,119348,0.000,1.000,8.3820,10.5832
ROI_075/patch_10,nearest,≥128,1,62269,0.000,1.000,9.6870,11.9637
ROI_075/patch_10,own,0–16,1,6389,0.000,1.000,7.9298,10.0121
ROI_075/patch_10,own,16–32,1,18345,0.000,1.000,9.1486,11.2102
ROI_075/patch_10,own,32–64,1,68272,0.000,1.000,10.8415,12.9006
ROI_075/patch_10,own,64–128,1,236541,0.000,1.000,8.7147,10.8423
ROI_075/patch_10,own,≥128,1,1767605,0.000,1.000,9.3216,11.4762
ROI_075/patch_11,nearest,0–16,1,6245,0.000,1.000,11.5043,12.5416
ROI_075/patch_11,nearest,16–32,1,18124,0.000,1.000,10.8918,11.9212
ROI_075/patch_11,nearest,32–64,1,54466,0.000,1.000,9.3613,10.4129
ROI_075/patch_11,nearest,64–128,1,107060,0.000,1.000,11.3972,12.5565
ROI_075/patch_11,nearest,≥128,1,76249,0.000,1.000,37.3821,38.8975
ROI_075/patch_11,own,0–16,1,6245,0.000,1.000,11.4835,12.5170
ROI_075/patch_11,own,16–32,1,18124,0.000,1.000,10.9487,11.9649
ROI_075/patch_11,own,32–64,1,64061,0.000,1.000,9.4036,10.4522
ROI_075/patch_11,own,64–128,1,228265,0.000,1.000,10.5001,11.6259
ROI_075/patch_11,own,≥128,1,1780457,0.000,1.000,12.4677,13.6732
ROI_075/patch_12,nearest,0–16,1,6436,0.000,1.000,23.0323,24.6744
ROI_075/patch_12,nearest,16–32,1,18547,0.000,1.000,22.7725,24.4379
ROI_075/patch_12,nearest,32–64,1,66145,0.000,1.000,24.4029,26.1203
ROI_075/patch_12,nearest,64–128,1,123414,0.000,1.000,67.9498,69.6357
ROI_075/patch_12,nearest,≥128,1,47602,0.000,1.000,71.0250,72.9646
ROI_075/patch_12,own,0–16,1,6436,0.000,1.000,23.0090,24.6517
ROI_075/patch_12,own,16–32,1,18547,0.000,1.000,22.5947,24.2699
ROI_075/patch_12,own,32–64,1,66809,0.000,1.000,23.4141,25.1215
ROI_075/patch_12,own,64–128,1,222313,0.000,1.000,40.8981,42.6144
ROI_075/patch_12,own,≥128,1,1783047,0.000,1.000,38.8005,40.5478
ROI_075/patch_13,nearest,0–16,1,7085,0.000,1.000,40.7213,42.4699
ROI_075/patch_13,nearest,16–32,1,19995,0.000,1.000,39.7739,41.5614
ROI_075/patch_13,nearest,32–64,1,72916,0.000,1.000,39.3944,41.1989
ROI_075/patch_13,nearest,64–128,1,135810,0.000,1.000,42.1630,43.8714
ROI_075/patch_13,nearest,≥128,1,26338,0.000,1.000,74.7579,76.8713
ROI_075/patch_13,own,0–16,1,7085,0.000,1.000,40.6994,42.4450
ROI_075/patch_13,own,16–32,1,19995,0.000,1.000,39.8897,41.6687
ROI_075/patch_13,own,32–64,1,75186,0.000,1.000,40.4309,42.2110
ROI_075/patch_13,own,64–128,1,267734,0.000,1.000,40.2128,41.9081
ROI_075/patch_13,own,≥128,1,1989296,0.000,1.000,42.7706,44.5393
ROI_075/patch_14,nearest,0–16,1,6304,0.000,1.000,19.7271,21.2455
ROI_075/patch_14,nearest,16–32,1,18400,0.000,1.000,19.5937,21.1117
ROI_075/patch_14,nearest,32–64,1,63600,0.000,1.000,37.5714,39.3180
ROI_075/patch_14,nearest,64–128,1,111372,0.000,1.000,75.1506,77.3573
ROI_075/patch_14,nearest,≥128,1,62468,0.000,1.000,73.4310,74.9213
ROI_075/patch_14,own,0–16,1,6304,0.000,1.000,19.6963,21.2183
ROI_075/patch_14,own,16–32,1,18400,0.000,1.000,19.5762,21.0947
ROI_075/patch_14,own,32–64,1,71350,0.000,1.000,33.2327,34.9564
ROI_075/patch_14,own,64–128,1,236476,0.000,1.000,38.8337,40.7403
ROI_075/patch_14,own,≥128,1,1764622,0.000,1.000,53.9704,55.5926
ROI_075/patch_15,nearest,0–16,1,6429,0.000,1.000,10.0062,11.1796
ROI_075/patch_15,nearest,16–32,1,18729,0.000,1.000,10.1016,11.2341
ROI_075/patch_15,nearest,32–64,1,63147,0.000,1.000,10.9897,12.1910
ROI_075/patch_15,nearest,64–128,1,128605,0.000,1.000,24.2059,25.3965
ROI_075/patch_15,nearest,≥128,1,45234,0.000,1.000,116.8413,117.7846
ROI_075/patch_15,own,0–16,1,6429,0.000,1.000,9.9880,11.1560
ROI_075/patch_15,own,16–32,1,18729,0.000,1.000,10.1271,11.2874
ROI_075/patch_15,own,32–64,1,66055,0.000,1.000,10.3467,11.5620
ROI_075/patch_15,own,64–128,1,226506,0.000,1.000,20.2603,21.4412
ROI_075/patch_15,own,≥128,1,1779433,0.000,1.000,29.8372,30.9186
ROI_075/patch_16,nearest,0–16,1,6344,0.000,1.000,7.5904,9.5147
ROI_075/patch_16,nearest,16–32,1,17301,0.000,1.000,7.7938,9.7004
ROI_075/patch_16,nearest,32–64,1,63349,0.000,1.000,8.8824,10.8308
ROI_075/patch_16,nearest,64–128,1,130034,0.000,1.000,20.6315,22.6406
ROI_075/patch_16,nearest,≥128,1,45116,0.000,1.000,29.9130,31.9453
ROI_075/patch_16,own,0–16,1,6344,0.000,1.000,7.6250,9.5639
ROI_075/patch_16,own,16–32,1,17301,0.000,1.000,7.8421,9.7601
ROI_075/patch_16,own,32–64,1,64746,0.000,1.000,8.8739,10.8493
ROI_075/patch_16,own,64–128,1,223721,0.000,1.000,17.3116,19.3038
ROI_075/patch_16,own,≥128,1,1785040,0.000,1.000,20.2058,22.1283
ROI_075/patch_17,nearest,0–16,1,6433,0.000,1.000,68.2719,70.5570
ROI_075/patch_17,nearest,16–32,1,18738,0.000,1.000,68.4037,70.7372
ROI_075/patch_17,nearest,32–64,1,57805,0.000,1.000,69.6191,72.0883
ROI_075/patch_17,nearest,64–128,1,109097,0.000,1.000,71.0503,73.9874
ROI_075/patch_17,nearest,≥128,1,70071,0.000,1.000,79.3887,82.2392
ROI_075/patch_17,own,0–16,1,6433,0.000,1.000,68.2634,70.5446
ROI_075/patch_17,own,16–32,1,18738,0.000,1.000,68.2909,70.6058
ROI_075/patch_17,own,32–64,1,72968,0.000,1.000,70.0098,72.5084
ROI_075/patch_17,own,64–128,1,258797,0.000,1.000,72.3134,75.0381
ROI_075/patch_17,own,≥128,1,1740216,0.000,1.000,92.2696,94.9055
ROI_075/patch_18,nearest,0–16,1,6968,0.000,1.000,17.5325,19.8808
ROI_075/patch_18,nearest,16–32,1,20640,0.000,1.000,17.7503,20.1060
ROI_075/patch_18,nearest,32–64,1,78554,0.000,1.000,21.1090,23.3898
ROI_075/patch_18,nearest,64–128,1,129483,0.000,1.000,40.6850,42.8976
ROI_075/patch_18,nearest,≥128,1,26499,0.000,1.000,126.7975,128.9583
ROI_075/patch_18,own,0–16,1,6968,0.000,1.000,17.5059,19.8486
ROI_075/patch_18,own,16–32,1,20640,0.000,1.000,17.5755,19.9451
ROI_075/patch_18,own,32–64,1,80670,0.000,1.000,23.8583,26.1595
ROI_075/patch_18,own,64–128,1,282608,0.000,1.000,30.9071,33.1316
ROI_075/patch_18,own,≥128,1,1968410,0.000,1.000,44.1726,46.3723
ROI_075/patch_19,nearest,0–16,1,6434,0.000,1.000,29.3968,30.9887
ROI_075/patch_19,nearest,16–32,1,19256,0.000,1.000,29.8576,31.4144
ROI_075/patch_19,nearest,32–64,1,62037,0.000,1.000,28.8615,30.3767
ROI_075/patch_19,nearest,64–128,1,106161,0.000,1.000,40.2944,41.8218
ROI_075/patch_19,nearest,≥128,1,68256,0.000,1.000,107.3843,108.9010
ROI_075/patch_19,own,0–16,1,6434,0.000,1.000,29.6201,31.2071
ROI_075/patch_19,own,16–32,1,19256,0.000,1.000,29.6096,31.1652
ROI_075/patch_19,own,32–64,1,72735,0.000,1.000,27.0737,28.6119
ROI_075/patch_19,own,64–128,1,235021,0.000,1.000,34.8998,36.4746
ROI_075/patch_19,own,≥128,1,1763706,0.000,1.000,53.2458,54.7698
ROI_075/patch_20,nearest,0–16,1,6299,0.000,1.000,9.5374,11.7038
ROI_075/patch_20,nearest,16–32,1,17744,0.000,1.000,9.5966,11.7375
ROI_075/patch_20,nearest,32–64,1,61647,0.000,1.000,9.7539,11.9448
ROI_075/patch_20,nearest,64–128,1,124998,0.000,1.000,11.2437,13.6097
ROI_075/patch_20,nearest,≥128,1,51456,0.000,1.000,17.3427,20.0839
ROI_075/patch_20,own,0–16,1,6299,0.000,1.000,9.5018,11.6713
ROI_075/patch_20,own,16–32,1,17744,0.000,1.000,9.7567,11.8708
ROI_075/patch_20,own,32–64,1,66301,0.000,1.000,9.5909,11.7153
ROI_075/patch_20,own,64–128,1,246086,0.000,1.000,10.8101,13.0492
ROI_075/patch_20,own,≥128,1,1760722,0.000,1.000,13.4285,15.9904
ROI_075/patch_21,nearest,0–16,1,6148,0.000,1.000,3.6235,4.1590
ROI_075/patch_21,nearest,16–32,1,17466,0.000,1.000,3.6381,4.1864
ROI_075/patch_21,nearest,32–64,1,58707,0.000,1.000,3.9197,4.4698
ROI_075/patch_21,nearest,64–128,1,116553,0.000,1.000,8.6513,9.2065
ROI_075/patch_21,nearest,≥128,1,63270,0.000,1.000,208.0607,208.9913
ROI_075/patch_21,own,0–16,1,6148,0.000,1.000,3.6152,4.1472
ROI_075/patch_21,own,16–32,1,17466,0.000,1.000,3.6209,4.1716
ROI_075/patch_21,own,32–64,1,65594,0.000,1.000,3.8299,4.3795
ROI_075/patch_21,own,64–128,1,233537,0.000,1.000,5.1559,5.7125
ROI_075/patch_21,own,≥128,1,1774407,0.000,1.000,10.2586,10.8514
ROI_075/patch_22,nearest,0–16,1,6440,0.000,1.000,2.9602,3.8285
ROI_075/patch_22,nearest,16–32,1,18890,0.000,1.000,2.9009,3.7807
ROI_075/patch_22,nearest,32–64,1,62364,0.000,1.000,3.2387,4.1078
ROI_075/patch_22,nearest,64–128,1,108285,0.000,1.000,6.9909,7.9044
ROI_075/patch_22,nearest,≥128,1,66165,0.000,1.000,6.6404,7.4276
ROI_075/patch_22,own,0–16,1,6440,0.000,1.000,2.9728,3.8428
ROI_075/patch_22,own,16–32,1,18905,0.000,1.000,2.9063,3.7954
ROI_075/patch_22,own,32–64,1,69191,0.000,1.000,3.1769,4.0606
ROI_075/patch_22,own,64–128,1,241088,0.000,1.000,4.6965,5.5661
ROI_075/patch_22,own,≥128,1,1761528,0.000,1.000,7.3305,8.2636
ROI_075/patch_23,nearest,0–16,1,7106,0.000,1.000,13.3520,14.4661
ROI_075/patch_23,nearest,16–32,1,19149,0.000,1.000,13.4751,14.5892
ROI_075/patch_23,nearest,32–64,1,60134,0.000,1.000,13.2865,14.4545
ROI_075/patch_23,nearest,64–128,1,111580,0.000,1.000,14.9550,16.1387
ROI_075/patch_23,nearest,≥128,1,64175,0.000,1.000,31.6661,32.9622
ROI_075/patch_23,own,0–16,1,7106,0.000,1.000,13.3346,14.4438
ROI_075/patch_23,own,16–32,1,19514,0.000,1.000,13.3657,14.4916
ROI_075/patch_23,own,32–64,1,73526,0.000,1.000,13.3244,14.4887
ROI_075/patch_23,own,64–128,1,257941,0.000,1.000,14.0626,15.2958
ROI_075/patch_23,own,≥128,1,2001209,0.000,1.000,16.8480,18.0497
ROI_075/patch_24,nearest,0–16,1,6435,0.000,1.000,32.8930,33.6086
ROI_075/patch_24,nearest,16–32,1,18761,0.000,1.000,33.1264,33.8531
ROI_075/patch_24,nearest,32–64,1,66583,0.000,1.000,35.4172,36.0614
ROI_075/patch_24,nearest,64–128,1,141015,0.000,1.000,42.5908,43.2363
ROI_075/patch_24,nearest,≥128,1,29350,0.000,1.000,62.3839,62.9989
ROI_075/patch_24,own,0–16,1,6435,0.000,1.000,32.9040,33.6206
ROI_075/patch_24,own,16–32,1,18761,0.000,1.000,33.0219,33.7275
ROI_075/patch_24,own,32–64,1,70900,0.000,1.000,34.1876,34.8531
ROI_075/patch_24,own,64–128,1,244666,0.000,1.000,43.3812,44.0083
ROI_075/patch_24,own,≥128,1,1756390,0.000,1.000,39.9864,40.6068
ROI_075/patch_25,nearest,0–16,1,6429,0.000,1.000,15.9618,16.8005
ROI_075/patch_25,nearest,16–32,1,19226,0.000,1.000,15.4735,16.3192
ROI_075/patch_25,nearest,32–64,1,66264,0.000,1.000,17.6215,18.5041
ROI_075/patch_25,nearest,64–128,1,122271,0.000,1.000,57.4164,58.2665
ROI_075/patch_25,nearest,≥128,1,47954,0.000,1.000,119.5559,120.7167
ROI_075/patch_25,own,0–16,1,6429,0.000,1.000,15.9487,16.7846
ROI_075/patch_25,own,16–32,1,19297,0.000,1.000,15.8068,16.6527
ROI_075/patch_25,own,32–64,1,73666,0.000,1.000,18.2472,19.1170
ROI_075/patch_25,own,64–128,1,254905,0.000,1.000,38.1689,38.9967
ROI_075/patch_25,own,≥128,1,1742855,0.000,1.000,44.3971,45.2035
ROI_075/patch_26,nearest,0–16,1,6400,0.000,1.000,3.6029,4.2765
ROI_075/patch_26,nearest,16–32,1,17908,0.000,1.000,3.7143,4.4154
ROI_075/patch_26,nearest,32–64,1,65119,0.000,1.000,3.9048,4.6223
ROI_075/patch_26,nearest,64–128,1,145831,0.000,1.000,4.9937,5.7634
ROI_075/patch_26,nearest,≥128,1,26886,0.000,1.000,12.2842,13.4299
ROI_075/patch_26,own,0–16,1,6400,0.000,1.000,3.6177,4.2933
ROI_075/patch_26,own,16–32,1,17908,0.000,1.000,3.6720,4.3666
ROI_075/patch_26,own,32–64,1,65421,0.000,1.000,3.9092,4.6285
ROI_075/patch_26,own,64–128,1,237179,0.000,1.000,4.5919,5.3111
ROI_075/patch_26,own,≥128,1,1770244,0.000,1.000,6.0352,6.8402
ROI_075/patch_27,nearest,0–16,1,7229,0.000,1.000,51.7917,53.0842
ROI_075/patch_27,nearest,16–32,1,21720,0.000,1.000,52.2253,53.5117
ROI_075/patch_27,nearest,32–64,1,70051,0.000,1.000,52.7613,54.0334
ROI_075/patch_27,nearest,64–128,1,105452,0.000,1.000,60.6775,61.9473
ROI_075/patch_27,nearest,≥128,1,57692,0.000,1.000,275.3424,276.9910
ROI_075/patch_27,own,0–16,1,7229,0.000,1.000,51.7921,53.0856
ROI_075/patch_27,own,16–32,1,21720,0.000,1.000,51.6883,52.9733
ROI_075/patch_27,own,32–64,1,84426,0.000,1.000,52.6469,53.9225
ROI_075/patch_27,own,64–128,1,318057,0.000,1.000,55.6612,56.9536
ROI_075/patch_27,own,≥128,1,1927864,0.000,1.000,57.0386,58.2629
ROI_075/patch_28,nearest,0–16,1,6412,0.000,1.000,3.8350,4.7180
ROI_075/patch_28,nearest,16–32,1,18837,0.000,1.000,3.8368,4.7073
ROI_075/patch_28,nearest,32–64,1,67909,0.000,1.000,3.8527,4.7467
ROI_075/patch_28,nearest,64–128,1,119790,0.000,1.000,4.3968,5.4096
ROI_075/patch_28,nearest,≥128,1,49196,0.000,1.000,9.1069,10.0785
ROI_075/patch_28,own,0–16,1,6412,0.000,1.000,3.8413,4.7250
ROI_075/patch_28,own,16–32,1,18837,0.000,1.000,3.7833,4.6544
ROI_075/patch_28,own,32–64,1,69807,0.000,1.000,3.8506,4.7523
ROI_075/patch_28,own,64–128,1,247396,0.000,1.000,3.9785,4.9473
ROI_075/patch_28,own,≥128,1,1754700,0.000,1.000,5.3067,6.2673
ROI_075/patch_29,nearest,0–16,1,6175,0.000,1.000,21.5538,23.5297
ROI_075/patch_29,nearest,16–32,1,17268,0.000,1.000,21.0023,22.9369
ROI_075/patch_29,nearest,32–64,1,60074,0.000,1.000,21.6928,23.5569
ROI_075/patch_29,nearest,64–128,1,106846,0.000,1.000,24.7622,26.5466
ROI_075/patch_29,nearest,≥128,1,71781,0.000,1.000,48.8427,50.4892
ROI_075/patch_29,own,0–16,1,6175,0.000,1.000,21.5555,23.5230
ROI_075/patch_29,own,16–32,1,17268,0.000,1.000,20.6444,22.5684
ROI_075/patch_29,own,32–64,1,60100,0.000,1.000,21.5287,23.3708
ROI_075/patch_29,own,64–128,1,209421,0.000,1.000,25.5775,27.3824
ROI_075/patch_29,own,≥128,1,1804188,0.000,1.000,43.3450,45.1226
ROI_075/patch_30,nearest,0–16,1,6429,0.000,1.000,7.1363,8.9220
ROI_075/patch_30,nearest,16–32,1,19308,0.000,1.000,7.1501,8.9521
ROI_075/patch_30,nearest,32–64,1,69695,0.000,1.000,7.3598,9.2286
ROI_075/patch_30,nearest,64–128,1,110331,0.000,1.000,7.5034,9.7273
ROI_075/patch_30,nearest,≥128,1,56381,0.000,1.000,10.6967,13.2971
ROI_075/patch_30,own,0–16,1,6429,0.000,1.000,7.1290,8.9185
ROI_075/patch_30,own,16–32,1,19308,0.000,1.000,7.1336,8.9327
ROI_075/patch_30,own,32–64,1,75746,0.000,1.000,7.7065,9.5731
ROI_075/patch_30,own,64–128,1,256373,0.000,1.000,7.4465,9.4795
ROI_075/patch_30,own,≥128,1,1739296,0.000,1.000,8.6179,10.8816
ROI_075/patch_31,nearest,0–16,1,6193,0.000,1.000,8.8612,11.0243
ROI_075/patch_31,nearest,16–32,1,16647,0.000,1.000,8.7647,10.9576
ROI_075/patch_31,nearest,32–64,1,57790,0.000,1.000,8.6546,10.9472
ROI_075/patch_31,nearest,64–128,1,120292,0.000,1.000,8.9663,11.3199
ROI_075/patch_31,nearest,≥128,1,61222,0.000,1.000,8.6718,10.8826
ROI_075/patch_31,own,0–16,1,6193,0.000,1.000,8.8535,11.0229
ROI_075/patch_31,own,16–32,1,16647,0.000,1.000,8.7977,11.0126
ROI_075/patch_31,own,32–64,1,60985,0.000,1.000,8.7243,10.9843
ROI_075/patch_31,own,64–128,1,199502,0.000,1.000,8.6737,11.0364
ROI_075/patch_31,own,≥128,1,1813825,0.000,1.000,8.7145,10.9936
ROI_075/patch_32,nearest,0–16,1,6428,0.000,1.000,9.9983,10.9388
ROI_075/patch_32,nearest,16–32,1,18893,0.000,1.000,9.7835,10.7120
ROI_075/patch_32,nearest,32–64,1,68942,0.000,1.000,10.2943,11.2255
ROI_075/patch_32,nearest,64–128,1,138303,0.000,1.000,14.1150,15.0849
ROI_075/patch_32,nearest,≥128,1,29578,0.000,1.000,41.4786,42.9608
ROI_075/patch_32,own,0–16,1,6428,0.000,1.000,10.0155,10.9537
ROI_075/patch_32,own,16–32,1,18893,0.000,1.000,9.7496,10.6828
ROI_075/patch_32,own,32–64,1,73546,0.000,1.000,10.3915,11.3222
ROI_075/patch_32,own,64–128,1,242624,0.000,1.000,14.0003,14.9609
ROI_075/patch_32,own,≥128,1,1755661,0.000,1.000,13.3488,14.3176
ROI_075/patch_33,nearest,0–16,1,7243,0.000,1.000,3.2441,4.5146
ROI_075/patch_33,nearest,16–32,1,21122,0.000,1.000,3.2561,4.5180
ROI_075/patch_33,nearest,32–64,1,76754,0.000,1.000,3.2897,4.5301
ROI_075/patch_33,nearest,64–128,1,118720,0.000,1.000,3.3833,4.6213
ROI_075/patch_33,nearest,≥128,1,38305,0.000,1.000,3.5986,4.9615
ROI_075/patch_33,own,0–16,1,7243,0.000,1.000,3.2586,4.5259
ROI_075/patch_33,own,16–32,1,21122,0.000,1.000,3.2272,4.4935
ROI_075/patch_33,own,32–64,1,77723,0.000,1.000,3.2776,4.5239
ROI_075/patch_33,own,64–128,1,268655,0.000,1.000,3.1742,4.3998
ROI_075/patch_33,own,≥128,1,1984553,0.000,1.000,3.3643,4.5926
ROI_075/patch_34,nearest,0–16,1,6433,0.000,1.000,7.9996,9.5444
ROI_075/patch_34,nearest,16–32,1,18418,0.000,1.000,8.2104,9.7553
ROI_075/patch_34,nearest,32–64,1,62248,0.000,1.000,8.3346,9.8538
ROI_075/patch_34,nearest,64–128,1,142097,0.000,1.000,9.4513,11.0275
ROI_075/patch_34,nearest,≥128,1,32948,0.000,1.000,11.3477,13.4289
ROI_075/patch_34,own,0–16,1,6433,0.000,1.000,7.9990,9.5430
ROI_075/patch_34,own,16–32,1,18418,0.000,1.000,8.2662,9.8092
ROI_075/patch_34,own,32–64,1,62248,0.000,1.000,8.5503,10.0663
ROI_075/patch_34,own,64–128,1,209131,0.000,1.000,8.9551,10.5323
ROI_075/patch_34,own,≥128,1,1800922,0.000,1.000,9.8178,11.4397
ROI_075/patch_35,nearest,0–16,1,6434,0.000,1.000,9.3510,9.9779
ROI_075/patch_35,nearest,16–32,1,18328,0.000,1.000,9.1676,9.7995
ROI_075/patch_35,nearest,32–64,1,59809,0.000,1.000,9.1188,9.7876
ROI_075/patch_35,nearest,64–128,1,132259,0.000,1.000,9.0539,9.7071
ROI_075/patch_35,nearest,≥128,1,45314,0.000,1.000,13.8388,14.5066
ROI_075/patch_35,own,0–16,1,6434,0.000,1.000,9.3358,9.9628
ROI_075/patch_35,own,16–32,1,18764,0.000,1.000,9.1392,9.7710
ROI_075/patch_35,own,32–64,1,66165,0.000,1.000,9.0655,9.7324
ROI_075/patch_35,own,64–128,1,218133,0.000,1.000,8.7667,9.4330
ROI_075/patch_35,own,≥128,1,1787656,0.000,1.000,9.4236,10.0576
ROI_075/patch_36,nearest,0–16,1,6428,0.000,1.000,9.5473,10.6369
ROI_075/patch_36,nearest,16–32,1,18041,0.000,1.000,9.4833,10.5595
ROI_075/patch_36,nearest,32–64,1,56085,0.000,1.000,11.5925,12.7427
ROI_075/patch_36,nearest,64–128,1,108069,0.000,1.000,16.9263,18.2334
ROI_075/patch_36,nearest,≥128,1,73521,0.000,1.000,28.3861,29.6889
ROI_075/patch_36,own,0–16,1,6428,0.000,1.000,9.5276,10.6192
ROI_075/patch_36,own,16–32,1,18041,0.000,1.000,9.4904,10.5653
ROI_075/patch_36,own,32–64,1,67228,0.000,1.000,11.2184,12.3668
ROI_075/patch_36,own,64–128,1,214105,0.000,1.000,10.7814,11.9702
ROI_075/patch_36,own,≥128,1,1791350,0.000,1.000,14.1403,15.3078
ROI_075/patch_37,nearest,0–16,1,6434,0.000,1.000,51.5196,53.7428
ROI_075/patch_37,nearest,16–32,1,18488,0.000,1.000,51.7243,54.0005
ROI_075/patch_37,nearest,32–64,1,59675,0.000,1.000,51.7001,53.9243
ROI_075/patch_37,nearest,64–128,1,117061,0.000,1.000,52.8148,54.9048
ROI_075/patch_37,nearest,≥128,1,60486,0.000,1.000,63.2090,65.5073
ROI_075/patch_37,own,0–16,1,6434,0.000,1.000,51.5547,53.7807
ROI_075/patch_37,own,16–32,1,18534,0.000,1.000,51.6348,53.8945
ROI_075/patch_37,own,32–64,1,70137,0.000,1.000,51.7085,53.9091
ROI_075/patch_37,own,64–128,1,239040,0.000,1.000,52.8730,54.9300
ROI_075/patch_37,own,≥128,1,1763007,0.000,1.000,53.6094,55.6757
ROI_075/patch_38,nearest,0–16,1,6438,0.000,1.000,15.5934,16.0551
ROI_075/patch_38,nearest,16–32,1,18754,0.000,1.000,14.6765,15.1430
ROI_075/patch_38,nearest,32–64,1,71192,0.000,1.000,15.3282,15.8099
ROI_075/patch_38,nearest,64–128,1,116390,0.000,1.000,16.0147,16.6241
ROI_075/patch_38,nearest,≥128,1,49370,0.000,1.000,14.3073,15.4118
ROI_075/patch_38,own,0–16,1,6438,0.000,1.000,15.2235,15.6799
ROI_075/patch_38,own,16–32,1,18754,0.000,1.000,14.6889,15.1560
ROI_075/patch_38,own,32–64,1,72521,0.000,1.000,15.9645,16.4457
ROI_075/patch_38,own,64–128,1,240387,0.000,1.000,16.5025,17.0412
ROI_075/patch_38,own,≥128,1,1759052,0.000,1.000,15.6038,16.3070
ROI_075/patch_39,nearest,0–16,1,6435,0.000,1.000,19.3835,20.0552
ROI_075/patch_39,nearest,16–32,1,18521,0.000,1.000,22.4663,23.1204
ROI_075/patch_39,nearest,32–64,1,58478,0.000,1.000,72.4935,73.1217
ROI_075/patch_39,nearest,64–128,1,123846,0.000,1.000,149.9534,150.6054
ROI_075/patch_39,nearest,≥128,1,54864,0.000,1.000,214.4526,215.7109
ROI_075/patch_39,own,0–16,1,6435,0.000,1.000,19.3203,19.9913
ROI_075/patch_39,own,16–32,1,18521,0.000,1.000,20.2566,20.9255
ROI_075/patch_39,own,32–64,1,67733,0.000,1.000,41.4773,42.0891
ROI_075/patch_39,own,64–128,1,228807,0.000,1.000,90.7803,91.4346
ROI_075/patch_39,own,≥128,1,1775656,0.000,1.000,81.3364,82.0053
ROI_075/patch_40,nearest,0–16,1,7238,0.000,1.000,25.7755,26.6765
ROI_075/patch_40,nearest,16–32,1,21294,0.000,1.000,26.1573,27.0500
ROI_075/patch_40,nearest,32–64,1,68860,0.000,1.000,30.7557,31.6402
ROI_075/patch_40,nearest,64–128,1,134206,0.000,1.000,50.7325,51.5729
ROI_075/patch_40,nearest,≥128,1,30546,0.000,1.000,293.9654,294.7912
ROI_075/patch_40,own,0–16,1,7238,0.000,1.000,26.0587,26.9559
ROI_075/patch_40,own,16–32,1,21333,0.000,1.000,26.1962,27.0951
ROI_075/patch_40,own,32–64,1,79129,0.000,1.000,28.3018,29.1814
ROI_075/patch_40,own,64–128,1,275779,0.000,1.000,39.8802,40.7281
ROI_075/patch_40,own,≥128,1,1975817,0.000,1.000,91.3657,92.2059
ROI_075/patch_41,nearest,0–16,1,6920,0.000,1.000,7.5701,8.7801
ROI_075/patch_41,nearest,16–32,1,19927,0.000,1.000,7.5790,8.7916
ROI_075/patch_41,nearest,32–64,1,66537,0.000,1.000,7.5227,8.7495
ROI_075/patch_41,nearest,64–128,1,129086,0.000,1.000,7.9130,9.2031
ROI_075/patch_41,nearest,≥128,1,39674,0.000,1.000,14.2055,15.7135
ROI_075/patch_41,own,0–16,1,6920,0.000,1.000,7.4487,8.6682
ROI_075/patch_41,own,16–32,1,20069,0.000,1.000,7.4949,8.6994
ROI_075/patch_41,own,32–64,1,75753,0.000,1.000,7.7474,8.9675
ROI_075/patch_41,own,64–128,1,278972,0.000,1.000,8.0921,9.3281
ROI_075/patch_41,own,≥128,1,1977582,0.000,1.000,9.0086,10.3636
ROI_075/patch_42,nearest,0–16,1,6427,0.000,1.000,6.0171,8.2582
ROI_075/patch_42,nearest,16–32,1,18552,0.000,1.000,6.0151,8.2921
ROI_075/patch_42,nearest,32–64,1,56281,0.000,1.000,16.4985,18.8112
ROI_075/patch_42,nearest,64–128,1,133597,0.000,1.000,63.1329,65.6739
ROI_075/patch_42,nearest,≥128,1,47287,0.000,1.000,185.8726,188.7540
ROI_075/patch_42,own,0–16,1,6427,0.000,1.000,6.0304,8.2773
ROI_075/patch_42,own,16–32,1,18844,0.000,1.000,6.0275,8.2934
ROI_075/patch_42,own,32–64,1,67659,0.000,1.000,11.7755,14.0562
ROI_075/patch_42,own,64–128,1,219617,0.000,1.000,48.8927,51.3321
ROI_075/patch_42,own,≥128,1,1784605,0.000,1.000,55.9538,58.4715
ROI_075/patch_43,nearest,0–16,1,6444,0.000,1.000,35.0680,36.8155
ROI_075/patch_43,nearest,16–32,1,19129,0.000,1.000,34.6919,36.4497
ROI_075/patch_43,nearest,32–64,1,64902,0.000,1.000,34.4135,36.1934
ROI_075/patch_43,nearest,64–128,1,125001,0.000,1.000,37.9071,39.7771
ROI_075/patch_43,nearest,≥128,1,46668,0.000,1.000,70.0986,71.6024
ROI_075/patch_43,own,0–16,1,6444,0.000,1.000,35.0529,36.8014
ROI_075/patch_43,own,16–32,1,19129,0.000,1.000,34.7556,36.5212
ROI_075/patch_43,own,32–64,1,71465,0.000,1.000,34.5586,36.3148
ROI_075/patch_43,own,64–128,1,258829,0.000,1.000,36.8120,38.5655
ROI_075/patch_43,own,≥128,1,1741285,0.000,1.000,49.0467,50.7245
ROI_075/patch_44,nearest,0–16,1,6129,0.000,1.000,5.8098,7.6950
ROI_075/patch_44,nearest,16–32,1,17659,0.000,1.000,5.8539,7.7695
ROI_075/patch_44,nearest,32–64,1,61190,0.000,1.000,6.7722,8.7214
ROI_075/patch_44,nearest,64–128,1,112162,0.000,1.000,9.9357,11.9157
ROI_075/patch_44,nearest,≥128,1,65004,0.000,1.000,15.0292,16.8767
ROI_075/patch_44,own,0–16,1,6129,0.000,1.000,5.7971,7.6824
ROI_075/patch_44,own,16–32,1,18184,0.000,1.000,5.9030,7.8133
ROI_075/patch_44,own,32–64,1,69600,0.000,1.000,7.0816,9.0297
ROI_075/patch_44,own,64–128,1,236698,0.000,1.000,8.4015,10.4083
ROI_075/patch_44,own,≥128,1,1766541,0.000,1.000,14.7940,16.7186
ROI_075/patch_45,nearest,0–16,1,6432,0.000,1.000,46.7917,49.0430
ROI_075/patch_45,nearest,16–32,1,19289,0.000,1.000,48.8811,51.1478
ROI_075/patch_45,nearest,32–64,1,66608,0.000,1.000,50.6862,52.9547
ROI_075/patch_45,nearest,64–128,1,133991,0.000,1.000,63.0834,65.3699
ROI_075/patch_45,nearest,≥128,1,35824,0.000,1.000,44.4864,47.4831
ROI_075/patch_45,own,0–16,1,6432,0.000,1.000,46.7231,48.9769
ROI_075/patch_45,own,16–32,1,19289,0.000,1.000,48.5807,50.8366
ROI_075/patch_45,own,32–64,1,74239,0.000,1.000,51.0550,53.3164
ROI_075/patch_45,own,64–128,1,257829,0.000,1.000,57.5917,59.9784
ROI_075/patch_45,own,≥128,1,1739363,0.000,1.000,66.4075,68.7898
ROI_075/patch_46,nearest,0–16,1,7248,0.000,1.000,14.3084,16.3464
ROI_075/patch_46,nearest,16–32,1,21517,0.000,1.000,14.7541,16.8003
ROI_075/patch_46,nearest,32–64,1,73448,0.000,1.000,15.2171,17.2923
ROI_075/patch_46,nearest,64–128,1,132148,0.000,1.000,23.5428,25.6050
ROI_075/patch_46,nearest,≥128,1,27783,0.000,1.000,135.5603,137.6166
ROI_075/patch_46,own,0–16,1,7248,0.000,1.000,14.4820,16.5229
ROI_075/patch_46,own,16–32,1,21517,0.000,1.000,14.7295,16.7787
ROI_075/patch_46,own,32–64,1,78521,0.000,1.000,15.5343,17.6245
ROI_075/patch_46,own,64–128,1,277710,0.000,1.000,20.0938,22.1797
ROI_075/patch_46,own,≥128,1,1974300,0.000,1.000,40.9910,43.0324
ROI_075/patch_47,nearest,0–16,1,6447,0.000,1.000,11.3758,12.1687
ROI_075/patch_47,nearest,16–32,1,18935,0.000,1.000,11.3055,12.0926
ROI_075/patch_47,nearest,32–64,1,66675,0.000,1.000,11.3698,12.1423
ROI_075/patch_47,nearest,64–128,1,129187,0.000,1.000,16.7357,17.5446
ROI_075/patch_47,nearest,≥128,1,40900,0.000,1.000,46.8308,47.6468
ROI_075/patch_47,own,0–16,1,6447,0.000,1.000,11.3617,12.1532
ROI_075/patch_47,own,16–32,1,18935,0.000,1.000,11.3450,12.1289
ROI_075/patch_47,own,32–64,1,71213,0.000,1.000,11.3700,12.1433
ROI_075/patch_47,own,64–128,1,237564,0.000,1.000,15.3438,16.1684
ROI_075/patch_47,own,≥128,1,1762993,0.000,1.000,17.1411,17.9298
ROI_075/patch_48,nearest,0–16,1,6199,0.000,1.000,143.0229,145.7957
ROI_075/patch_48,nearest,16–32,1,18268,0.000,1.000,144.0305,146.7905
ROI_075/patch_48,nearest,32–64,1,60754,0.000,1.000,156.9749,159.7233
ROI_075/patch_48,nearest,64–128,1,104301,0.000,1.000,160.2237,162.9051
ROI_075/patch_48,nearest,≥128,1,72622,0.000,1.000,204.1201,206.8747
ROI_075/patch_48,own,0–16,1,6199,0.000,1.000,144.5815,147.3674
ROI_075/patch_48,own,16–32,1,18268,0.000,1.000,143.0280,145.7774
ROI_075/patch_48,own,32–64,1,72216,0.000,1.000,151.7382,154.4809
ROI_075/patch_48,own,64–128,1,262058,0.000,1.000,166.3085,169.0091
ROI_075/patch_48,own,≥128,1,1738411,0.000,1.000,171.2461,173.9096
ROI_075/patch_49,nearest,0–16,1,7201,0.000,1.000,47.8980,48.9268
ROI_075/patch_49,nearest,16–32,1,20869,0.000,1.000,48.0064,49.0404
ROI_075/patch_49,nearest,32–64,1,66147,0.000,1.000,49.2580,50.3386
ROI_075/patch_49,nearest,64–128,1,139651,0.000,1.000,54.9445,56.1827
ROI_075/patch_49,nearest,≥128,1,28276,0.000,1.000,52.4030,53.9708
ROI_075/patch_49,own,0–16,1,7201,0.000,1.000,48.5812,49.6101
ROI_075/patch_49,own,16–32,1,20869,0.000,1.000,47.7396,48.7675
ROI_075/patch_49,own,32–64,1,75705,0.000,1.000,48.6562,49.7193
ROI_075/patch_49,own,64–128,1,258097,0.000,1.000,51.3070,52.4997
ROI_075/patch_49,own,≥128,1,1997424,0.000,1.000,56.8562,58.0440
ROI_075/patch_50,nearest,0–16,1,7233,0.000,1.000,12.1245,13.0785
ROI_075/patch_50,nearest,16–32,1,21036,0.000,1.000,12.1454,13.1136
ROI_075/patch_50,nearest,32–64,1,76130,0.000,1.000,12.6139,13.6107
ROI_075/patch_50,nearest,64–128,1,131960,0.000,1.000,24.4415,25.5281
ROI_075/patch_50,nearest,≥128,1,25785,0.000,1.000,24.0356,24.9907
ROI_075/patch_50,own,0–16,1,7233,0.000,1.000,12.1529,13.1121
ROI_075/patch_50,own,16–32,1,21036,0.000,1.000,12.1928,13.1640
ROI_075/patch_50,own,32–64,1,80319,0.000,1.000,12.4530,13.4548
ROI_075/patch_50,own,64–128,1,278447,0.000,1.000,17.5422,18.6012
ROI_075/patch_50,own,≥128,1,1972261,0.000,1.000,22.4265,23.5207
ROI_075/patch_51,nearest,0–16,1,7236,0.000,1.000,11.1504,11.9448
ROI_075/patch_51,nearest,16–32,1,20795,0.000,1.000,13.3565,14.1684
ROI_075/patch_51,nearest,32–64,1,66515,0.000,1.000,40.4221,41.5698
ROI_075/patch_51,nearest,64–128,1,120917,0.000,1.000,55.7287,56.7179
ROI_075/patch_51,nearest,≥128,1,46681,0.000,1.000,142.5593,143.4684
ROI_075/patch_51,own,0–16,1,7236,0.000,1.000,11.3222,12.1140
ROI_075/patch_51,own,16–32,1,20795,0.000,1.000,13.5903,14.4050
ROI_075/patch_51,own,32–64,1,79391,0.000,1.000,23.6174,24.5381
ROI_075/patch_51,own,64–128,1,288814,0.000,1.000,39.2591,40.3036
ROI_075/patch_51,own,≥128,1,1963060,0.000,1.000,85.2542,86.3206
ROI_075/patch_52,nearest,0–16,1,6439,0.000,1.000,4.9339,6.4166
ROI_075/patch_52,nearest,16–32,1,19011,0.000,1.000,4.9233,6.4035
ROI_075/patch_52,nearest,32–64,1,64523,0.000,1.000,4.9211,6.3646
ROI_075/patch_52,nearest,64–128,1,118278,0.000,1.000,9.8622,11.2507
ROI_075/patch_52,nearest,≥128,1,53893,0.000,1.000,32.4725,33.5372
ROI_075/patch_52,own,0–16,1,6439,0.000,1.000,4.9361,6.4274
ROI_075/patch_52,own,16–32,1,19011,0.000,1.000,4.9210,6.4033
ROI_075/patch_52,own,32–64,1,70540,0.000,1.000,4.8789,6.2832
ROI_075/patch_52,own,64–128,1,244499,0.000,1.000,10.1614,11.5250
ROI_075/patch_52,own,≥128,1,1756663,0.000,1.000,13.2819,14.4840
ROI_075/patch_53,nearest,0–16,1,6431,0.000,1.000,11.3093,12.7336
ROI_075/patch_53,nearest,16–32,1,19308,0.000,1.000,11.2419,12.6512
ROI_075/patch_53,nearest,32–64,1,67673,0.000,1.000,11.4470,12.8867
ROI_075/patch_53,nearest,64–128,1,109238,0.000,1.000,13.1620,14.4542
ROI_075/patch_53,nearest,≥128,1,59494,0.000,1.000,67.6989,68.9074
ROI_075/patch_53,own,0–16,1,6431,0.000,1.000,11.3660,12.7987
ROI_075/patch_53,own,16–32,1,19308,0.000,1.000,11.2410,12.6782
ROI_075/patch_53,own,32–64,1,72853,0.000,1.000,11.8699,13.2701
ROI_075/patch_53,own,64–128,1,251474,0.000,1.000,13.3156,14.6049
ROI_075/patch_53,own,≥128,1,1747086,0.000,1.000,48.6114,49.8196
ROI_075/patch_54,nearest,0–16,1,6246,0.000,1.000,8.4289,9.3019
ROI_075/patch_54,nearest,16–32,1,17598,0.000,1.000,10.1088,11.0061
ROI_075/patch_54,nearest,32–64,1,62004,0.000,1.000,18.2786,19.3357
ROI_075/patch_54,nearest,64–128,1,127598,0.000,1.000,44.6564,45.5225
ROI_075/patch_54,nearest,≥128,1,48698,0.000,1.000,225.0499,225.9175
ROI_075/patch_54,own,0–16,1,6246,0.000,1.000,8.3296,9.1958
ROI_075/patch_54,own,16–32,1,17598,0.000,1.000,10.8391,11.7686
ROI_075/patch_54,own,32–64,1,68167,0.000,1.000,26.0173,27.2676
ROI_075/patch_54,own,64–128,1,229922,0.000,1.000,46.4842,47.3614
ROI_075/patch_54,own,≥128,1,1775219,0.000,1.000,46.8950,47.7970
ROI_075/patch_55,nearest,0–16,1,6444,0.000,1.000,0.6366,1.1156
ROI_075/patch_55,nearest,16–32,1,19285,0.000,1.000,0.7706,1.2646
ROI_075/patch_55,nearest,32–64,1,69525,0.000,1.000,12.9448,13.4111
ROI_075/patch_55,nearest,64–128,1,133434,0.000,1.000,58.4384,58.8252
ROI_075/patch_55,nearest,≥128,1,33456,0.000,1.000,103.5430,103.8993
ROI_075/patch_55,own,0–16,1,6444,0.000,1.000,0.6271,1.1061
ROI_075/patch_55,own,16–32,1,19285,0.000,1.000,0.9217,1.4256
ROI_075/patch_55,own,32–64,1,76974,0.000,1.000,6.1598,6.6248
ROI_075/patch_55,own,64–128,1,260295,0.000,1.000,20.3317,20.7465
ROI_075/patch_55,own,≥128,1,1734154,0.000,1.000,46.8928,47.2677
ROI_075/patch_56,nearest,0–16,1,6248,0.000,1.000,11.6149,12.2586
ROI_075/patch_56,nearest,16–32,1,18268,0.000,1.000,13.5677,14.2111
ROI_075/patch_56,nearest,32–64,1,57658,0.000,1.000,40.6535,41.3208
ROI_075/patch_56,nearest,64–128,1,99886,0.000,1.000,35.3797,36.0651
ROI_075/patch_56,nearest,≥128,1,80084,0.000,1.000,201.2054,201.9271
ROI_075/patch_56,own,0–16,1,6248,0.000,1.000,11.4717,12.1171
ROI_075/patch_56,own,16–32,1,18329,0.000,1.000,12.9626,13.6018
ROI_075/patch_56,own,32–64,1,70547,0.000,1.000,20.9715,21.6115
ROI_075/patch_56,own,64–128,1,217189,0.000,1.000,31.1182,31.7974
ROI_075/patch_56,own,≥128,1,1784839,0.000,1.000,39.9314,40.6206
ROI_075/patch_57,nearest,0–16,1,6438,0.000,1.000,45.1845,45.4117
ROI_075/patch_57,nearest,16–32,1,18801,0.000,1.000,47.3274,47.5011
ROI_075/patch_57,nearest,32–64,1,68548,0.000,1.000,63.8627,64.0015
ROI_075/patch_57,nearest,64–128,1,127760,0.000,1.000,132.0651,132.3210
ROI_075/patch_57,nearest,≥128,1,40597,0.000,1.000,229.1780,230.1489
ROI_075/patch_57,own,0–16,1,6438,0.000,1.000,45.2704,45.4889
ROI_075/patch_57,own,16–32,1,18801,0.000,1.000,47.9541,48.1148
ROI_075/patch_57,own,32–64,1,71481,0.000,1.000,63.0709,63.2066
ROI_075/patch_57,own,64–128,1,241248,0.000,1.000,75.1935,75.4189
ROI_075/patch_57,own,≥128,1,1759184,0.000,1.000,102.7772,103.0702
ROI_075/patch_58,nearest,0–16,1,6430,0.000,1.000,3.9225,5.5200
ROI_075/patch_58,nearest,16–32,1,19115,0.000,1.000,3.8410,5.4618
ROI_075/patch_58,nearest,32–64,1,63014,0.000,1.000,4.9737,6.5882
ROI_075/patch_58,nearest,64–128,1,121436,0.000,1.000,16.0821,17.8290
ROI_075/patch_58,nearest,≥128,1,52149,0.000,1.000,38.8032,40.6516
ROI_075/patch_58,own,0–16,1,6430,0.000,1.000,3.8951,5.4859
ROI_075/patch_58,own,16–32,1,19115,0.000,1.000,3.8389,5.4584
ROI_075/patch_58,own,32–64,1,71473,0.000,1.000,4.9170,6.5311
ROI_075/patch_58,own,64–128,1,260090,0.000,1.000,10.8812,12.5896
ROI_075/patch_58,own,≥128,1,1740044,0.000,1.000,31.9648,33.5338
ROI_075/patch_59,nearest,0–16,1,6430,0.000,1.000,16.6818,18.1523
ROI_075/patch_59,nearest,16–32,1,18595,0.000,1.000,16.3434,17.7860
ROI_075/patch_59,nearest,32–64,1,65525,0.000,1.000,31.9565,33.6235
ROI_075/patch_59,nearest,64–128,1,119668,0.000,1.000,31.1244,33.3608
ROI_075/patch_59,nearest,≥128,1,51926,0.000,1.000,68.3320,70.2134
ROI_075/patch_59,own,0–16,1,6430,0.000,1.000,16.6756,18.1379
ROI_075/patch_59,own,16–32,1,18595,0.000,1.000,16.4641,17.9191
ROI_075/patch_59,own,32–64,1,67424,0.000,1.000,27.2080,28.8180
ROI_075/patch_59,own,64–128,1,207880,0.000,1.000,20.1228,21.8473
ROI_075/patch_59,own,≥128,1,1796823,0.000,1.000,49.0476,51.6686
ROI_075/patch_60,nearest,0–16,1,6428,0.000,1.000,3.3506,4.9959
ROI_075/patch_60,nearest,16–32,1,19199,0.000,1.000,3.3239,4.9587
ROI_075/patch_60,nearest,32–64,1,69651,0.000,1.000,3.3640,4.9720
ROI_075/patch_60,nearest,64–128,1,119546,0.000,1.000,3.6192,5.2328
ROI_075/patch_60,nearest,≥128,1,47320,0.000,1.000,93.5166,96.1879
ROI_075/patch_60,own,0–16,1,6428,0.000,1.000,3.3456,4.9844
ROI_075/patch_60,own,16–32,1,19199,0.000,1.000,3.3284,4.9632
ROI_075/patch_60,own,32–64,1,70597,0.000,1.000,3.3505,4.9623
ROI_075/patch_60,own,64–128,1,243802,0.000,1.000,3.4297,5.0054
ROI_075/patch_60,own,≥128,1,1757126,0.000,1.000,25.7997,27.5384
ROI_075/patch_61,nearest,0–16,1,7212,0.000,1.000,20.7490,21.6670
ROI_075/patch_61,nearest,16–32,1,20992,0.000,1.000,20.6786,21.5854
ROI_075/patch_61,nearest,32–64,1,75147,0.000,1.000,24.6132,25.5527
ROI_075/patch_61,nearest,64–128,1,127372,0.000,1.000,71.4501,72.7262
ROI_075/patch_61,nearest,≥128,1,31421,0.000,1.000,122.2939,124.5616
ROI_075/patch_61,own,0–16,1,7212,0.000,1.000,20.6764,21.5945
ROI_075/patch_61,own,16–32,1,20992,0.000,1.000,20.6942,21.5919
ROI_075/patch_61,own,32–64,1,78536,0.000,1.000,23.8232,24.7550
ROI_075/patch_61,own,64–128,1,260521,0.000,1.000,57.3078,58.4944
ROI_075/patch_61,own,≥128,1,1992035,0.000,1.000,50.4321,51.6829
ROI_075/patch_62,nearest,0–16,1,6737,0.000,1.000,2.4235,3.6958
ROI_075/patch_62,nearest,16–32,1,19630,0.000,1.000,2.5124,3.7508
ROI_075/patch_62,nearest,32–64,1,72552,0.000,1.000,2.4727,3.7125
ROI_075/patch_62,nearest,64–128,1,120716,0.000,1.000,11.5901,12.8378
ROI_075/patch_62,nearest,≥128,1,42509,0.000,1.000,17.8831,18.9890
ROI_075/patch_62,own,0–16,1,6737,0.000,1.000,2.4089,3.6846
ROI_075/patch_62,own,16–32,1,19630,0.000,1.000,2.4703,3.7061
ROI_075/patch_62,own,32–64,1,74339,0.000,1.000,2.4759,3.7108
ROI_075/patch_62,own,64–128,1,261343,0.000,1.000,11.1383,12.3504
ROI_075/patch_62,own,≥128,1,1997247,0.000,1.000,13.1168,14.2632
ROI_075/patch_63,nearest,0–16,1,7244,0.000,1.000,4.8442,5.6791
ROI_075/patch_63,nearest,16–32,1,20855,0.000,1.000,4.9419,5.7706
ROI_075/patch_63,nearest,32–64,1,72758,0.000,1.000,5.0102,5.8058
ROI_075/patch_63,nearest,64–128,1,120287,0.000,1.000,7.7782,8.5068
ROI_075/patch_63,nearest,≥128,1,41000,0.000,1.000,197.8948,198.6833
ROI_075/patch_63,own,0–16,1,7244,0.000,1.000,4.8338,5.6716
ROI_075/patch_63,own,16–32,1,20855,0.000,1.000,4.9284,5.7509
ROI_075/patch_63,own,32–64,1,74799,0.000,1.000,5.0576,5.8566
ROI_075/patch_63,own,64–128,1,262134,0.000,1.000,8.0483,8.8037
ROI_075/patch_63,own,≥128,1,1994264,0.000,1.000,42.6871,43.4812
ROI_075/patch_64,nearest,0–16,1,6274,0.000,1.000,7.6555,9.6212
ROI_075/patch_64,nearest,16–32,1,17648,0.000,1.000,7.5523,9.4722
ROI_075/patch_64,nearest,32–64,1,60362,0.000,1.000,7.4698,9.3446
ROI_075/patch_64,nearest,64–128,1,125664,0.000,1.000,40.1979,42.0608
ROI_075/patch_64,nearest,≥128,1,52196,0.000,1.000,138.0993,139.0234
ROI_075/patch_64,own,0–16,1,6274,0.000,1.000,7.6526,9.6314
ROI_075/patch_64,own,16–32,1,17648,0.000,1.000,7.5017,9.4494
ROI_075/patch_64,own,32–64,1,68229,0.000,1.000,7.4531,9.3590
ROI_075/patch_64,own,64–128,1,251575,0.000,1.000,20.5669,22.4105
ROI_075/patch_64,own,≥128,1,1753426,0.000,1.000,48.2646,49.7901
ROI_075/patch_65,nearest,0–16,1,6449,0.000,1.000,8.3080,10.2298
ROI_075/patch_65,nearest,16–32,1,19116,0.000,1.000,9.4234,11.3865
ROI_075/patch_65,nearest,32–64,1,58986,0.000,1.000,18.1658,20.2520
ROI_075/patch_65,nearest,64–128,1,109997,0.000,1.000,10.5555,12.7339
ROI_075/patch_65,nearest,≥128,1,67596,0.000,1.000,23.2376,25.5846
ROI_075/patch_65,own,0–16,1,6449,0.000,1.000,8.3216,10.2485
ROI_075/patch_65,own,16–32,1,19116,0.000,1.000,9.4251,11.4003
ROI_075/patch_65,own,32–64,1,67465,0.000,1.000,18.2253,20.2708
ROI_075/patch_65,own,64–128,1,219352,0.000,1.000,15.8199,17.9776
ROI_075/patch_65,own,≥128,1,1784770,0.000,1.000,19.9356,22.0953
ROI_075/patch_66,nearest,0–16,1,7248,0.000,1.000,4.3813,5.7029
ROI_075/patch_66,nearest,16–32,1,21537,0.000,1.000,4.3945,5.7232
ROI_075/patch_66,nearest,32–64,1,74595,0.000,1.000,4.8499,6.1938
ROI_075/patch_66,nearest,64–128,1,132050,0.000,1.000,14.3319,15.7223
ROI_075/patch_66,nearest,≥128,1,26714,0.000,1.000,69.9877,71.5996
ROI_075/patch_66,own,0–16,1,7248,0.000,1.000,4.3883,5.7113
ROI_075/patch_66,own,16–32,1,21537,0.000,1.000,4.3870,5.7136
ROI_075/patch_66,own,32–64,1,81444,0.000,1.000,5.1242,6.4827
ROI_075/patch_66,own,64–128,1,262335,0.000,1.000,11.5656,13.0057
ROI_075/patch_66,own,≥128,1,1986732,0.000,1.000,23.0888,24.5858
ROI_075/patch_67,nearest,0–16,1,7234,0.000,1.000,1.6077,2.2645
ROI_075/patch_67,nearest,16–32,1,20638,0.000,1.000,1.5944,2.2656
ROI_075/patch_67,nearest,32–64,1,70042,0.000,1.000,1.1116,1.7946
ROI_075/patch_67,nearest,64–128,1,115012,0.000,1.000,18.4290,19.1063
ROI_075/patch_67,nearest,≥128,1,49218,0.000,1.000,19.0188,21.7706
ROI_075/patch_67,own,0–16,1,7234,0.000,1.000,1.6190,2.2814
ROI_075/patch_67,own,16–32,1,20638,0.000,1.000,1.5487,2.2203
ROI_075/patch_67,own,32–64,1,76831,0.000,1.000,1.2803,1.9524
ROI_075/patch_67,own,64–128,1,257689,0.000,1.000,13.2414,13.8977
ROI_075/patch_67,own,≥128,1,1996904,0.000,1.000,11.8580,12.4914
ROI_075/patch_68,nearest,0–16,1,7236,0.000,1.000,8.1677,10.0252
ROI_075/patch_68,nearest,16–32,1,21002,0.000,1.000,10.2212,11.9944
ROI_075/patch_68,nearest,32–64,1,66110,0.000,1.000,11.2089,13.0148
ROI_075/patch_68,nearest,64–128,1,115580,0.000,1.000,8.2237,10.2103
ROI_075/patch_68,nearest,≥128,1,52216,0.000,1.000,62.6988,65.9511
ROI_075/patch_68,own,0–16,1,7236,0.000,1.000,8.0840,9.9390
ROI_075/patch_68,own,16–32,1,21002,0.000,1.000,9.6336,11.4140
ROI_075/patch_68,own,32–64,1,73474,0.000,1.000,8.6933,10.5405
ROI_075/patch_68,own,64–128,1,243276,0.000,1.000,8.7343,10.5942
ROI_075/patch_68,own,≥128,1,2014308,0.000,1.000,15.9554,17.8308
ROI_075/patch_69,nearest,0–16,1,7006,0.000,1.000,21.1038,22.3139
ROI_075/patch_69,nearest,16–32,1,20681,0.000,1.000,21.1861,22.3821
ROI_075/patch_69,nearest,32–64,1,73544,0.000,1.000,21.4515,22.6352
ROI_075/patch_69,nearest,64–128,1,115014,0.000,1.000,22.0850,23.3151
ROI_075/patch_69,nearest,≥128,1,45899,0.000,1.000,43.5458,44.8467
ROI_075/patch_69,own,0–16,1,7006,0.000,1.000,21.1217,22.3260
ROI_075/patch_69,own,16–32,1,20681,0.000,1.000,21.2202,22.4144
ROI_075/patch_69,own,32–64,1,78868,0.000,1.000,21.1853,22.3649
ROI_075/patch_69,own,64–128,1,288022,0.000,1.000,23.5519,24.7455
ROI_075/patch_69,own,≥128,1,1964719,0.000,1.000,33.1283,34.3516
ROI_075/patch_70,nearest,0–16,1,6435,0.000,1.000,28.2676,29.4925
ROI_075/patch_70,nearest,16–32,1,19034,0.000,1.000,28.0595,29.2740
ROI_075/patch_70,nearest,32–64,1,71306,0.000,1.000,29.0125,30.1901
ROI_075/patch_70,nearest,64–128,1,133920,0.000,1.000,31.6396,32.7526
ROI_075/patch_70,nearest,≥128,1,31449,0.000,1.000,49.5851,50.6519
ROI_075/patch_70,own,0–16,1,6435,0.000,1.000,28.1325,29.3581
ROI_075/patch_70,own,16–32,1,19034,0.000,1.000,28.0912,29.3082
ROI_075/patch_70,own,32–64,1,71995,0.000,1.000,28.0871,29.2913
ROI_075/patch_70,own,64–128,1,248926,0.000,1.000,29.5482,30.7562
ROI_075/patch_70,own,≥128,1,1750762,0.000,1.000,35.1348,36.2437
ROI_075/patch_71,nearest,0–16,1,7233,0.000,1.000,6.3505,7.2842
ROI_075/patch_71,nearest,16–32,1,21708,0.000,1.000,6.4672,7.4021
ROI_075/patch_71,nearest,32–64,1,75360,0.000,1.000,7.0351,7.9889
ROI_075/patch_71,nearest,64–128,1,127922,0.000,1.000,14.8444,15.8789
ROI_075/patch_71,nearest,≥128,1,29921,0.000,1.000,14.2592,15.4136
ROI_075/patch_71,own,0–16,1,7233,0.000,1.000,6.3636,7.2979
ROI_075/patch_71,own,16–32,1,21708,0.000,1.000,6.4594,7.4074
ROI_075/patch_71,own,32–64,1,85098,0.000,1.000,6.9832,7.9545
ROI_075/patch_71,own,64–128,1,291100,0.000,1.000,10.8100,11.8332
ROI_075/patch_71,own,≥128,1,1954157,0.000,1.000,9.4703,10.4875
ROI_075/patch_72,nearest,0–16,1,6870,0.000,1.000,14.9441,16.1681
ROI_075/patch_72,nearest,16–32,1,19757,0.000,1.000,14.8731,16.1041
ROI_075/patch_72,nearest,32–64,1,69781,0.000,1.000,14.8736,16.0875
ROI_075/patch_72,nearest,64–128,1,135350,0.000,1.000,24.8495,26.0269
ROI_075/patch_72,nearest,≥128,1,30386,0.000,1.000,23.9785,25.5488
ROI_075/patch_72,own,0–16,1,6870,0.000,1.000,14.9392,16.1590
ROI_075/patch_72,own,16–32,1,19757,0.000,1.000,14.8010,16.0294
ROI_075/patch_72,own,32–64,1,76762,0.000,1.000,14.8555,16.0822
ROI_075/patch_72,own,64–128,1,258579,0.000,1.000,19.2711,20.4566
ROI_075/patch_72,own,≥128,1,1997328,0.000,1.000,17.1165,18.3065
ROI_075/patch_73,nearest,0–16,1,6429,0.000,1.000,14.3996,16.7315
ROI_075/patch_73,nearest,16–32,1,18975,0.000,1.000,14.4281,16.7796
ROI_075/patch_73,nearest,32–64,1,64701,0.000,1.000,14.6765,17.0516
ROI_075/patch_73,nearest,64–128,1,117282,0.000,1.000,84.7399,87.3920
ROI_075/patch_73,nearest,≥128,1,54757,0.100,1.000,496.1694,499.3842
ROI_075/patch_73,own,0–16,1,6429,0.000,1.000,14.4130,16.7464
ROI_075/patch_73,own,16–32,1,18975,0.000,1.000,14.5705,16.9300
ROI_075/patch_73,own,32–64,1,71761,0.000,1.000,14.6356,16.9987
ROI_075/patch_73,own,64–128,1,250806,0.000,1.000,37.2632,39.7172
ROI_075/patch_73,own,≥128,1,1749181,0.000,1.000,120.8943,123.4012
ROI_075/patch_74,nearest,0–16,1,6425,0.000,1.000,7.1109,7.6984
ROI_075/patch_74,nearest,16–32,1,19287,0.000,1.000,7.1551,7.7419
ROI_075/patch_74,nearest,32–64,1,66405,0.000,1.000,7.1984,7.7767
ROI_075/patch_74,nearest,64–128,1,119316,0.000,1.000,15.1748,15.6495
ROI_075/patch_74,nearest,≥128,1,50711,0.000,1.000,590.5509,593.0317
ROI_075/patch_74,own,0–16,1,6425,0.000,1.000,7.1437,7.7295
ROI_075/patch_74,own,16–32,1,19287,0.000,1.000,7.1304,7.7185
ROI_075/patch_74,own,32–64,1,70649,0.000,1.000,7.3012,7.8814
ROI_075/patch_74,own,64–128,1,220709,0.000,1.000,16.6088,17.0807
ROI_075/patch_74,own,≥128,1,1780082,0.000,1.000,36.0366,36.5398
ROI_075/patch_75,nearest,0–16,1,6984,0.000,1.000,80.7428,85.1100
ROI_075/patch_75,nearest,16–32,1,20674,0.000,1.000,80.4468,84.7576
ROI_075/patch_75,nearest,32–64,1,70732,0.000,1.000,86.3258,90.6105
ROI_075/patch_75,nearest,64–128,1,131425,0.000,1.000,128.1664,133.0642
ROI_075/patch_75,nearest,≥128,1,32329,0.000,1.000,311.9619,318.7053
ROI_075/patch_75,own,0–16,1,6984,0.000,1.000,80.7678,85.1211
ROI_075/patch_75,own,16–32,1,20674,0.000,1.000,82.3090,86.6417
ROI_075/patch_75,own,32–64,1,78643,0.000,1.000,85.3498,89.6097
ROI_075/patch_75,own,64–128,1,275007,0.000,1.000,101.7668,106.3190
ROI_075/patch_75,own,≥128,1,1977988,0.000,1.000,144.7876,149.8880
ROI_075/patch_76,nearest,0–16,1,6429,0.000,1.000,5.4499,6.4598
ROI_075/patch_76,nearest,16–32,1,18836,0.000,1.000,5.6710,6.6269
ROI_075/patch_76,nearest,32–64,1,62240,0.000,1.000,5.8904,6.8411
ROI_075/patch_76,nearest,64–128,1,125972,0.000,1.000,22.6683,23.5231
ROI_075/patch_76,nearest,≥128,1,48667,0.000,1.000,63.6392,64.3657
ROI_075/patch_76,own,0–16,1,6429,0.000,1.000,5.5191,6.5349
ROI_075/patch_76,own,16–32,1,18836,0.000,1.000,5.6262,6.5817
ROI_075/patch_76,own,32–64,1,71352,0.000,1.000,6.2106,7.1590
ROI_075/patch_76,own,64–128,1,249585,0.000,1.000,18.2039,19.0597
ROI_075/patch_76,own,≥128,1,1750950,0.000,1.000,20.1287,20.9115
ROI_075/patch_77,nearest,0–16,1,7227,0.000,1.000,11.9641,13.1454
ROI_075/patch_77,nearest,16–32,1,21334,0.000,1.000,11.9639,13.1465
ROI_075/patch_77,nearest,32–64,1,74590,0.000,1.000,12.4732,13.6686
ROI_075/patch_77,nearest,64–128,1,98574,0.000,1.000,14.5893,15.8135
ROI_075/patch_77,nearest,≥128,1,60419,0.400,1.000,348.6214,350.7389
ROI_075/patch_77,own,0–16,1,7227,0.000,1.000,11.9297,13.1091
ROI_075/patch_77,own,16–32,1,21334,0.000,1.000,11.9104,13.0865
ROI_075/patch_77,own,32–64,1,81339,0.000,1.000,12.2484,13.4324
ROI_075/patch_77,own,64–128,1,288942,0.000,1.000,13.5219,14.6951
ROI_075/patch_77,own,≥128,1,1960454,0.000,1.000,35.5978,36.8535
ROI_075/patch_78,nearest,0–16,1,7154,0.000,1.000,8.6519,9.0822
ROI_075/patch_78,nearest,16–32,1,19975,0.000,1.000,8.8378,9.2599
ROI_075/patch_78,nearest,32–64,1,60315,0.000,1.000,9.3738,9.7800
ROI_075/patch_78,nearest,64–128,1,114959,0.000,1.000,106.7082,107.8765
ROI_075/patch_78,nearest,≥128,1,59741,0.000,1.000,751.3719,755.0769
ROI_075/patch_78,own,0–16,1,7154,0.000,1.000,8.6746,9.0992
ROI_075/patch_78,own,16–32,1,19975,0.000,1.000,8.9299,9.3500
ROI_075/patch_78,own,32–64,1,73635,0.000,1.000,9.0730,9.4855
ROI_075/patch_78,own,64–128,1,259043,0.000,1.000,31.1414,31.7469
ROI_075/patch_78,own,≥128,1,1999489,0.000,1.000,113.4785,114.3408
ROI_075/patch_79,nearest,0–16,1,6334,0.000,1.000,20.0860,21.0031
ROI_075/patch_79,nearest,16–32,1,18414,0.000,1.000,19.9496,20.8713
ROI_075/patch_79,nearest,32–64,1,68666,0.000,1.000,20.4242,21.3555
ROI_075/patch_79,nearest,64–128,1,129709,0.000,1.000,71.7727,72.7707
ROI_075/patch_79,nearest,≥128,1,39021,0.000,1.000,454.6042,455.6256
ROI_075/patch_79,own,0–16,1,6334,0.000,1.000,20.1134,21.0292
ROI_075/patch_79,own,16–32,1,18414,0.000,1.000,20.0909,21.0117
ROI_075/patch_79,own,32–64,1,71328,0.000,1.000,20.4708,21.4042
ROI_075/patch_79,own,64–128,1,263234,0.000,1.000,42.1263,43.1360
ROI_075/patch_79,own,≥128,1,1737842,0.000,1.000,78.8783,79.9312
ROI_075/patch_80,nearest,0–16,1,7224,0.000,1.000,27.7553,29.0191
ROI_075/patch_80,nearest,16–32,1,21680,0.000,1.000,27.7822,29.0574
ROI_075/patch_80,nearest,32–64,1,73419,0.000,1.000,27.9015,29.1999
ROI_075/patch_80,nearest,64–128,1,124657,0.000,1.000,48.1825,49.4955
ROI_075/patch_80,nearest,≥128,1,35164,0.000,1.000,158.3899,160.1807
ROI_075/patch_80,own,0–16,1,7224,0.000,1.000,27.7082,28.9653
ROI_075/patch_80,own,16–32,1,21680,0.000,1.000,27.7895,29.0765
ROI_075/patch_80,own,32–64,1,79509,0.000,1.000,28.1668,29.4699
ROI_075/patch_80,own,64–128,1,270164,0.000,1.000,56.7931,58.0520
ROI_075/patch_80,own,≥128,1,1980719,0.000,1.000,105.9984,107.5532
ROI_075/patch_81,nearest,0–16,1,6379,0.000,1.000,9.5291,10.5698
ROI_075/patch_81,nearest,16–32,1,17292,0.000,1.000,9.6189,10.6597
ROI_075/patch_81,nearest,32–64,1,54901,0.000,1.000,10.3706,11.4503
ROI_075/patch_81,nearest,64–128,1,121264,0.000,1.000,12.2567,13.4293
ROI_075/patch_81,nearest,≥128,1,62308,0.000,1.000,128.3423,129.2113
ROI_075/patch_81,own,0–16,1,6379,0.000,1.000,9.5395,10.5839
ROI_075/patch_81,own,16–32,1,18457,0.000,1.000,9.5516,10.6002
ROI_075/patch_81,own,32–64,1,67729,0.000,1.000,10.3200,11.3914
ROI_075/patch_81,own,64–128,1,250806,0.000,1.000,11.8530,12.9997
ROI_075/patch_81,own,≥128,1,1753781,0.000,1.000,37.8496,38.9620
ROI_075/patch_82,nearest,0–16,1,7243,0.000,1.000,13.9061,14.5473
ROI_075/patch_82,nearest,16–32,1,21700,0.000,1.000,13.8617,14.5028
ROI_075/patch_82,nearest,32–64,1,72194,0.000,1.000,13.6839,14.3196
ROI_075/patch_82,nearest,64–128,1,117363,0.000,1.000,31.4422,32.1041
ROI_075/patch_82,nearest,≥128,1,43644,1.000,1.000,,
ROI_075/patch_82,own,0–16,1,7243,0.000,1.000,13.8859,14.5259
ROI_075/patch_82,own,16–32,1,21700,0.000,1.000,13.8683,14.5119
ROI_075/patch_82,own,32–64,1,82369,0.000,1.000,13.6491,14.2932
ROI_075/patch_82,own,64–128,1,286437,0.000,1.000,23.5056,24.1967
ROI_075/patch_82,own,≥128,1,1961547,0.000,1.000,33.7697,34.4143
ROI_075/patch_83,nearest,0–16,1,6188,0.000,1.000,13.4777,14.4777
ROI_075/patch_83,nearest,16–32,1,18239,0.000,1.000,14.4840,15.5058
ROI_075/patch_83,nearest,32–64,1,61207,0.000,1.000,26.8106,27.6978
ROI_075/patch_83,nearest,64–128,1,125326,0.000,1.000,60.1963,61.6723
ROI_075/patch_83,nearest,≥128,1,51184,0.000,1.000,36.8578,39.7293
ROI_075/patch_83,own,0–16,1,6188,0.000,1.000,13.4812,14.4769
ROI_075/patch_83,own,16–32,1,18239,0.000,1.000,14.2683,15.2901
ROI_075/patch_83,own,32–64,1,70128,0.000,1.000,35.9015,36.7375
ROI_075/patch_83,own,64–128,1,233602,0.000,1.000,83.6253,84.9094
ROI_075/patch_83,own,≥128,1,1768995,0.000,1.000,103.0727,104.4334
ROI_075/patch_84,nearest,0–16,1,6442,0.000,1.000,2.2430,2.6951
ROI_075/patch_84,nearest,16–32,1,18651,0.000,1.000,2.2197,2.6875
ROI_075/patch_84,nearest,32–64,1,67372,0.000,1.000,2.1628,2.6440
ROI_075/patch_84,nearest,64–128,1,126789,0.000,1.000,36.1070,36.8106
ROI_075/patch_84,nearest,≥128,1,42890,0.000,1.000,517.5279,518.5724
ROI_075/patch_84,own,0–16,1,6442,0.000,1.000,2.2458,2.6943
ROI_075/patch_84,own,16–32,1,18651,0.000,1.000,2.2256,2.6889
ROI_075/patch_84,own,32–64,1,72801,0.000,1.000,2.1877,2.6495
ROI_075/patch_84,own,64–128,1,255446,0.000,1.000,25.4923,26.0883
ROI_075/patch_84,own,≥128,1,1743812,0.000,1.000,90.9800,91.7519
ROI_075/patch_85,nearest,0–16,1,6435,0.000,1.000,13.8112,15.2538
ROI_075/patch_85,nearest,16–32,1,19295,0.000,1.000,13.9093,15.3575
ROI_075/patch_85,nearest,32–64,1,66891,0.000,1.000,13.6795,15.1249
ROI_075/patch_85,nearest,64–128,1,134764,0.000,1.000,65.7502,67.1544
ROI_075/patch_85,nearest,≥128,1,34759,0.000,1.000,135.3280,136.6349
ROI_075/patch_85,own,0–16,1,6435,0.000,1.000,13.7859,15.2310
ROI_075/patch_85,own,16–32,1,19295,0.000,1.000,13.6836,15.1352
ROI_075/patch_85,own,32–64,1,72862,0.000,1.000,14.2656,15.7024
ROI_075/patch_85,own,64–128,1,255875,0.000,1.000,47.9238,49.3604
ROI_075/patch_85,own,≥128,1,1742685,0.000,1.000,59.7208,61.0763
ROI_075/patch_86,nearest,0–16,1,6431,0.000,1.000,12.7059,13.5935
ROI_075/patch_86,nearest,16–32,1,18617,0.000,1.000,12.7470,13.6373
ROI_075/patch_86,nearest,32–64,1,65481,0.000,1.000,13.0053,13.9338
ROI_075/patch_86,nearest,64–128,1,143572,0.000,1.000,21.0349,22.1552
ROI_075/patch_86,nearest,≥128,1,28043,0.000,1.000,196.9662,199.8400
ROI_075/patch_86,own,0–16,1,6431,0.000,1.000,12.7332,13.6154
ROI_075/patch_86,own,16–32,1,18617,0.000,1.000,12.7862,13.6806
ROI_075/patch_86,own,32–64,1,65847,0.000,1.000,13.0808,13.9911
ROI_075/patch_86,own,64–128,1,235125,0.000,1.000,16.7238,17.8539
ROI_075/patch_86,own,≥128,1,1771132,0.000,1.000,44.5746,46.0185
ROI_075/patch_87,nearest,0–16,1,7080,0.000,1.000,5.1432,6.1672
ROI_075/patch_87,nearest,16–32,1,20751,0.000,1.000,5.1041,6.1398
ROI_075/patch_87,nearest,32–64,1,73383,0.000,1.000,12.6529,13.7202
ROI_075/patch_87,nearest,64–128,1,120428,0.000,1.000,20.0935,21.2069
ROI_075/patch_87,nearest,≥128,1,40502,0.000,1.000,47.4322,49.4749
ROI_075/patch_87,own,0–16,1,7080,0.000,1.000,5.1677,6.1894
ROI_075/patch_87,own,16–32,1,20751,0.000,1.000,5.1306,6.1563
ROI_075/patch_87,own,32–64,1,81332,0.000,1.000,8.4743,9.5213
ROI_075/patch_87,own,64–128,1,279866,0.000,1.000,14.3892,15.4138
ROI_075/patch_87,own,≥128,1,1970267,0.000,1.000,24.1212,25.3194
ROI_075/patch_88,nearest,0–16,1,6443,0.000,1.000,6.3728,9.2245
ROI_075/patch_88,nearest,16–32,1,19066,0.000,1.000,6.1816,9.0215
ROI_075/patch_88,nearest,32–64,1,68823,0.000,1.000,8.9938,12.0204
ROI_075/patch_88,nearest,64–128,1,134751,0.000,1.000,50.1423,53.6227
ROI_075/patch_88,nearest,≥128,1,33061,0.000,1.000,382.1366,385.9412
ROI_075/patch_88,own,0–16,1,6443,0.000,1.000,6.3359,9.1942
ROI_075/patch_88,own,16–32,1,19066,0.000,1.000,6.1754,9.0262
ROI_075/patch_88,own,32–64,1,71799,0.000,1.000,9.7376,12.7335
ROI_075/patch_88,own,64–128,1,246975,0.000,1.000,31.4229,34.8055
ROI_075/patch_88,own,≥128,1,1752869,0.000,1.000,54.1504,57.6947
ROI_075/patch_89,nearest,0–16,1,7250,0.000,1.000,4.1685,5.2849
ROI_075/patch_89,nearest,16–32,1,21524,0.000,1.000,9.0586,10.0849
ROI_075/patch_89,nearest,32–64,1,71930,0.000,1.000,22.7407,23.7396
ROI_075/patch_89,nearest,64–128,1,122491,0.000,1.000,12.6948,13.6831
ROI_075/patch_89,nearest,≥128,1,38949,0.000,1.000,120.7305,121.8641
ROI_075/patch_89,own,0–16,1,7250,0.000,1.000,4.1060,5.2276
ROI_075/patch_89,own,16–32,1,21534,0.000,1.000,9.6078,10.6244
ROI_075/patch_89,own,32–64,1,77457,0.000,1.000,25.7785,26.7869
ROI_075/patch_89,own,64–128,1,257371,0.000,1.000,10.8340,11.8820
ROI_075/patch_89,own,≥128,1,1995684,0.000,1.000,20.2580,21.2954
ROI_075/patch_90,nearest,0–16,1,6448,0.000,1.000,1.7862,2.0552
ROI_075/patch_90,nearest,16–32,1,18675,0.000,1.000,1.7973,2.0682
ROI_075/patch_90,nearest,32–64,1,63837,0.000,1.000,1.7947,2.0715
ROI_075/patch_90,nearest,64–128,1,130226,0.000,1.000,3.8418,4.1323
ROI_075/patch_90,nearest,≥128,1,42958,0.000,1.000,35.7612,36.1592
ROI_075/patch_90,own,0–16,1,6448,0.000,1.000,1.7857,2.0550
ROI_075/patch_90,own,16–32,1,18675,0.000,1.000,1.7923,2.0643
ROI_075/patch_90,own,32–64,1,67509,0.000,1.000,1.8390,2.1168
ROI_075/patch_90,own,64–128,1,241764,0.000,1.000,4.2452,4.5402
ROI_075/patch_90,own,≥128,1,1762756,0.000,1.000,13.5756,13.9062
ROI_075/patch_91,nearest,0–16,1,6432,0.000,1.000,8.8096,9.7914
ROI_075/patch_91,nearest,16–32,1,18133,0.000,1.000,8.7622,9.7160
ROI_075/patch_91,nearest,32–64,1,66146,0.000,1.000,8.7929,9.6462
ROI_075/patch_91,nearest,64–128,1,145141,0.000,1.000,9.3813,10.2108
ROI_075/patch_91,nearest,≥128,1,26292,0.000,1.000,11.5704,12.4481
ROI_075/patch_91,own,0–16,1,6432,0.000,1.000,8.8249,9.8025
ROI_075/patch_91,own,16–32,1,18133,0.000,1.000,8.8039,9.7528
ROI_075/patch_91,own,32–64,1,66146,0.000,1.000,8.9179,9.7898
ROI_075/patch_91,own,64–128,1,231996,0.000,1.000,9.1474,9.9373
ROI_075/patch_91,own,≥128,1,1774445,0.000,1.000,9.0350,9.8503
ROI_075/patch_92,nearest,0–16,1,7234,0.000,1.000,19.7034,20.7071
ROI_075/patch_92,nearest,16–32,1,21713,0.000,1.000,19.8991,20.8914
ROI_075/patch_92,nearest,32–64,1,70970,0.000,1.000,19.8288,20.8000
ROI_075/patch_92,nearest,64–128,1,129623,0.000,1.000,31.1687,32.0632
ROI_075/patch_92,nearest,≥128,1,32604,0.000,1.000,63.6964,64.6187
ROI_075/patch_92,own,0–16,1,7234,0.000,1.000,19.5523,20.5599
ROI_075/patch_92,own,16–32,1,21713,0.000,1.000,19.5561,20.5613
ROI_075/patch_92,own,32–64,1,78584,0.000,1.000,19.8732,20.8471
ROI_075/patch_92,own,64–128,1,274620,0.000,1.000,26.0600,27.0135
ROI_075/patch_92,own,≥128,1,1977145,0.000,1.000,28.7690,29.7183
ROI_075/patch_93,nearest,0–16,1,7147,0.000,1.000,4.5067,5.3962
ROI_075/patch_93,nearest,16–32,1,20656,0.000,1.000,4.3611,5.2562
ROI_075/patch_93,nearest,32–64,1,65363,0.000,1.000,4.2954,5.2746
ROI_075/patch_93,nearest,64–128,1,133111,0.000,1.000,4.9536,6.2649
ROI_075/patch_93,nearest,≥128,1,35867,0.000,1.000,22.6495,24.9819
ROI_075/patch_93,own,0–16,1,7147,0.000,1.000,4.5123,5.3999
ROI_075/patch_93,own,16–32,1,20847,0.000,1.000,4.3772,5.2651
ROI_075/patch_93,own,32–64,1,80709,0.000,1.000,4.2976,5.2399
ROI_075/patch_93,own,64–128,1,256725,0.000,1.000,4.3583,5.5079
ROI_075/patch_93,own,≥128,1,1993868,0.000,1.000,4.4003,5.6609
ROI_075/patch_94,nearest,0–16,1,6437,0.000,1.000,7.8736,11.2227
ROI_075/patch_94,nearest,16–32,1,18547,0.000,1.000,8.0145,11.3501
ROI_075/patch_94,nearest,32–64,1,60981,0.000,1.000,8.6514,11.9641
ROI_075/patch_94,nearest,64–128,1,118928,0.000,1.000,15.1363,18.3317
ROI_075/patch_94,nearest,≥128,1,57251,0.000,1.000,43.9640,47.0413
ROI_075/patch_94,own,0–16,1,6437,0.000,1.000,7.9222,11.2652
ROI_075/patch_94,own,16–32,1,18821,0.000,1.000,8.1018,11.4414
ROI_075/patch_94,own,32–64,1,68686,0.000,1.000,8.4467,11.7375
ROI_075/patch_94,own,64–128,1,223292,0.000,1.000,11.7739,14.9920
ROI_075/patch_94,own,≥128,1,1779916,0.000,1.000,18.9054,22.0834
ROI_075/patch_95,nearest,0–16,1,7247,0.000,1.000,17.4914,20.0358
ROI_075/patch_95,nearest,16–32,1,20627,0.000,1.000,17.6185,20.1492
ROI_075/patch_95,nearest,32–64,1,67697,0.000,1.000,18.8969,21.4388
ROI_075/patch_95,nearest,64–128,1,132418,0.000,1.000,22.0295,24.5506
ROI_075/patch_95,nearest,≥128,1,34155,0.000,1.000,54.1831,56.5026
ROI_075/patch_95,own,0–16,1,7247,0.000,1.000,17.4677,20.0146
ROI_075/patch_95,own,16–32,1,20627,0.000,1.000,17.7628,20.3061
ROI_075/patch_95,own,32–64,1,71988,0.000,1.000,18.7126,21.2248
ROI_075/patch_95,own,64–128,1,244270,0.000,1.000,19.0972,21.6633
ROI_075/patch_95,own,≥128,1,2015164,0.000,1.000,39.7697,42.2470
ROI_075/patch_96,nearest,0–16,1,6442,0.000,1.000,9.9070,11.1466
ROI_075/patch_96,nearest,16–32,1,19303,0.000,1.000,10.0108,11.2805
ROI_075/patch_96,nearest,32–64,1,70597,0.000,1.000,10.6576,11.9362
ROI_075/patch_96,nearest,64–128,1,130277,0.000,1.000,15.3300,16.6268
ROI_075/patch_96,nearest,≥128,1,35525,0.000,1.000,22.0670,23.5038
ROI_075/patch_96,own,0–16,1,6442,0.000,1.000,9.8663,11.1084
ROI_075/patch_96,own,16–32,1,19303,0.000,1.000,9.9194,11.1788
ROI_075/patch_96,own,32–64,1,75265,0.000,1.000,10.5607,11.8519
ROI_075/patch_96,own,64–128,1,256212,0.000,1.000,13.8032,15.0974
ROI_075/patch_96,own,≥128,1,1739930,0.000,1.000,13.3250,14.6074
ROI_075/patch_97,nearest,0–16,1,6430,0.000,1.000,4.3046,5.9686
ROI_075/patch_97,nearest,16–32,1,19267,0.000,1.000,4.2796,5.9411
ROI_075/patch_97,nearest,32–64,1,64762,0.000,1.000,4.2011,5.8855
ROI_075/patch_97,nearest,64–128,1,136830,0.000,1.000,5.1207,6.8164
ROI_075/patch_97,nearest,≥128,1,34855,0.000,1.000,8.8978,10.8197
ROI_075/patch_97,own,0–16,1,6430,0.000,1.000,4.3020,5.9635
ROI_075/patch_97,own,16–32,1,19267,0.000,1.000,4.2424,5.9075
ROI_075/patch_97,own,32–64,1,72210,0.000,1.000,4.2397,5.9091
ROI_075/patch_97,own,64–128,1,242887,0.000,1.000,4.8857,6.5994
ROI_075/patch_97,own,≥128,1,1756358,0.000,1.000,5.0205,6.7790
ROI_075/patch_98,nearest,0–16,1,6202,0.000,1.000,54.1145,55.5629
ROI_075/patch_98,nearest,16–32,1,17877,0.000,1.000,54.3518,55.8120
ROI_075/patch_98,nearest,32–64,1,54873,0.000,1.000,55.7683,57.1994
ROI_075/patch_98,nearest,64–128,1,132585,0.000,1.000,61.2330,62.6479
ROI_075/patch_98,nearest,≥128,1,50607,0.000,1.000,94.0088,95.3951
ROI_075/patch_98,own,0–16,1,6202,0.000,1.000,54.1040,55.5594
ROI_075/patch_98,own,16–32,1,17878,0.000,1.000,54.3459,55.8139
ROI_075/patch_98,own,32–64,1,64878,0.000,1.000,55.2312,56.6481
ROI_075/patch_98,own,64–128,1,240425,0.000,1.000,61.0455,62.4638
ROI_075/patch_98,own,≥128,1,1767769,0.000,1.000,59.2714,60.6827
ROI_075/patch_99,nearest,0–16,1,6427,0.000,1.000,14.0266,16.2936
ROI_075/patch_99,nearest,16–32,1,18948,0.000,1.000,13.9757,16.1838
ROI_075/patch_99,nearest,32–64,1,66232,0.000,1.000,44.1378,46.2053
ROI_075/patch_99,nearest,64–128,1,124952,0.000,1.000,248.2629,250.1611
ROI_075/patch_99,nearest,≥128,1,45585,0.000,1.000,38.9909,41.3461
ROI_075/patch_99,own,0–16,1,6427,0.000,1.000,13.9981,16.2646
ROI_075/patch_99,own,16–32,1,18948,0.000,1.000,13.8795,16.0910
ROI_075/patch_99,own,32–64,1,70307,0.000,1.000,32.2177,34.2657
ROI_075/patch_99,own,64–128,1,226591,0.000,1.000,26.8177,28.8539
ROI_075/patch_99,own,≥128,1,1774879,0.000,1.000,25.8072,27.9434
ROI_075/patch_101,nearest,0–16,1,6440,0.000,1.000,1.2969,2.5101
ROI_075/patch_101,nearest,16–32,1,19289,0.000,1.000,1.3007,2.4949
ROI_075/patch_101,nearest,32–64,1,71443,0.000,1.000,1.3060,2.4892
ROI_075/patch_101,nearest,64–128,1,123945,0.000,1.000,1.3301,2.5891
ROI_075/patch_101,nearest,≥128,1,41027,0.000,1.000,1.5923,3.0157
ROI_075/patch_101,own,0–16,1,6440,0.000,1.000,1.2990,2.5053
ROI_075/patch_101,own,16–32,1,19289,0.000,1.000,1.2933,2.4840
ROI_075/patch_101,own,32–64,1,72578,0.000,1.000,1.3097,2.5114
ROI_075/patch_101,own,64–128,1,252744,0.000,1.000,1.3559,2.6186
ROI_075/patch_101,own,≥128,1,1746101,0.000,1.000,1.4004,2.6428
ROI_075/patch_102,nearest,0–16,1,6435,0.000,1.000,33.5650,37.7688
ROI_075/patch_102,nearest,16–32,1,18867,0.000,1.000,33.8108,37.9654
ROI_075/patch_102,nearest,32–64,1,62878,0.000,1.000,37.1775,41.2982
ROI_075/patch_102,nearest,64–128,1,127466,0.000,1.000,48.9208,53.0115
ROI_075/patch_102,nearest,≥128,1,46498,0.000,1.000,96.3240,101.5700
ROI_075/patch_102,own,0–16,1,6435,0.000,1.000,33.6183,37.8150
ROI_075/patch_102,own,16–32,1,18867,0.000,1.000,33.9363,38.1102
ROI_075/patch_102,own,32–64,1,69046,0.000,1.000,37.4008,41.5774
ROI_075/patch_102,own,64–128,1,232908,0.000,1.000,45.6070,49.6346
ROI_075/patch_102,own,≥128,1,1769896,0.000,1.000,50.3283,54.4576
ROI_075/patch_103,nearest,0–16,1,6898,0.000,1.000,36.9022,38.8502
ROI_075/patch_103,nearest,16–32,1,20559,0.000,1.000,43.5032,45.3670
ROI_075/patch_103,nearest,32–64,1,68560,0.000,1.000,61.8614,63.5725
ROI_075/patch_103,nearest,64–128,1,105016,0.000,1.000,123.3253,125.2953
ROI_075/patch_103,nearest,≥128,1,61111,0.000,1.000,376.9413,377.8143
ROI_075/patch_103,own,0–16,1,6898,0.000,1.000,36.9188,38.8458
ROI_075/patch_103,own,16–32,1,20559,0.000,1.000,41.8383,43.7196
ROI_075/patch_103,own,32–64,1,75999,0.000,1.000,66.2348,67.9605
ROI_075/patch_103,own,64–128,1,256674,0.000,1.000,73.7672,75.5637
ROI_075/patch_103,own,≥128,1,1999166,0.000,1.000,90.1641,91.5590
ROI_075/patch_104,nearest,0–16,1,6427,0.000,1.000,27.5364,30.4553
ROI_075/patch_104,nearest,16–32,1,18855,0.000,1.000,27.9398,30.8524
ROI_075/patch_104,nearest,32–64,1,67777,0.000,1.000,28.6298,31.3748
ROI_075/patch_104,nearest,64–128,1,136984,0.000,1.000,35.0474,37.5235
ROI_075/patch_104,nearest,≥128,1,32101,0.000,1.000,60.6303,63.3578
ROI_075/patch_104,own,0–16,1,6427,0.000,1.000,27.6209,30.5427
ROI_075/patch_104,own,16–32,1,19294,0.000,1.000,27.8814,30.7775
ROI_075/patch_104,own,32–64,1,74228,0.000,1.000,28.1803,30.9972
ROI_075/patch_104,own,64–128,1,247844,0.000,1.000,32.3848,35.0514
ROI_075/patch_104,own,≥128,1,1749359,0.000,1.000,36.1531,38.7248
ROI_075/patch_105,nearest,0–16,1,6278,0.000,1.000,4.6663,7.0174
ROI_075/patch_105,nearest,16–32,1,18198,0.000,1.000,4.7544,7.1163
ROI_075/patch_105,nearest,32–64,1,63916,0.000,1.000,5.5327,7.8514
ROI_075/patch_105,nearest,64–128,1,115365,0.000,1.000,22.3814,24.8170
ROI_075/patch_105,nearest,≥128,1,58387,0.000,1.000,50.3427,52.6525
ROI_075/patch_105,own,0–16,1,6278,0.000,1.000,4.6655,7.0167
ROI_075/patch_105,own,16–32,1,18198,0.000,1.000,4.7084,7.0686
ROI_075/patch_105,own,32–64,1,69051,0.000,1.000,5.2496,7.5793
ROI_075/patch_105,own,64–128,1,250071,0.000,1.000,11.2302,13.5959
ROI_075/patch_105,own,≥128,1,1753554,0.000,1.000,18.3542,20.6881
ROI_075/patch_106,nearest,0–16,1,7105,0.000,1.000,7.0195,8.9686
ROI_075/patch_106,nearest,16–32,1,19967,0.000,1.000,7.1116,9.1299
ROI_075/patch_106,nearest,32–64,1,71435,0.000,1.000,7.2329,9.3229
ROI_075/patch_106,nearest,64–128,1,128286,0.000,1.000,7.7633,9.7741
ROI_075/patch_106,nearest,≥128,1,35351,0.000,1.000,9.6425,11.4649
ROI_075/patch_106,own,0–16,1,7105,0.000,1.000,7.1019,9.0435
ROI_075/patch_106,own,16–32,1,19967,0.000,1.000,7.1379,9.1784
ROI_075/patch_106,own,32–64,1,73488,0.000,1.000,7.1790,9.2954
ROI_075/patch_106,own,64–128,1,240439,0.000,1.000,7.6919,9.7286
ROI_075/patch_106,own,≥128,1,2018297,0.000,1.000,7.9783,10.0195
ROI_075/patch_107,nearest,0–16,1,7153,0.000,1.000,12.4757,13.8182
ROI_075/patch_107,nearest,16–32,1,20256,0.000,1.000,12.6888,14.0536
ROI_075/patch_107,nearest,32–64,1,67825,0.000,1.000,13.1051,14.4966
ROI_075/patch_107,nearest,64–128,1,125462,0.000,1.000,14.3182,15.7631
ROI_075/patch_107,nearest,≥128,1,41448,0.000,1.000,37.2978,38.8038
ROI_075/patch_107,own,0–16,1,7153,0.000,1.000,12.5480,13.8892
ROI_075/patch_107,own,16–32,1,20256,0.000,1.000,12.6281,13.9939
ROI_075/patch_107,own,32–64,1,75816,0.000,1.000,12.8134,14.2042
ROI_075/patch_107,own,64–128,1,281281,0.000,1.000,13.5931,15.0456
ROI_075/patch_107,own,≥128,1,1974790,0.000,1.000,18.1592,19.5497
ROI_075/patch_108,nearest,0–16,1,6047,0.000,1.000,2.9455,4.3992
ROI_075/patch_108,nearest,16–32,1,17067,0.000,1.000,3.0844,4.5537
ROI_075/patch_108,nearest,32–64,1,48521,0.000,1.000,3.3829,5.0333
ROI_075/patch_108,nearest,64–128,1,112174,0.000,1.000,10.4342,12.4037
ROI_075/patch_108,nearest,≥128,1,78335,0.000,1.000,51.8593,54.6207
ROI_075/patch_108,own,0–16,1,6047,0.000,1.000,2.9833,4.4378
ROI_075/patch_108,own,16–32,1,17153,0.000,1.000,2.9260,4.3927
ROI_075/patch_108,own,32–64,1,62828,0.000,1.000,3.1166,4.6943
ROI_075/patch_108,own,64–128,1,217891,0.000,1.000,6.7721,8.5186
ROI_075/patch_108,own,≥128,1,1793233,0.000,1.000,36.3110,38.4238
ROI_075/patch_109,nearest,0–16,1,6432,0.000,1.000,14.6566,17.0149
ROI_075/patch_109,nearest,16–32,1,19313,0.000,1.000,15.0275,17.4026
ROI_075/patch_109,nearest,32–64,1,67938,0.000,1.000,28.9757,31.5747
ROI_075/patch_109,nearest,64–128,1,118549,0.000,1.000,249.2496,252.8263
ROI_075/patch_109,nearest,≥128,1,49912,1.000,1.000,,
ROI_075/patch_109,own,0–16,1,6432,0.000,1.000,14.6810,17.0405
ROI_075/patch_109,own,16–32,1,19313,0.000,1.000,14.9950,17.3715
ROI_075/patch_109,own,32–64,1,74736,0.000,1.000,29.8091,32.4335
ROI_075/patch_109,own,64–128,1,270799,0.000,1.000,98.8324,102.2742
ROI_075/patch_109,own,≥128,1,1725872,0.000,1.000,120.7589,124.4818
ROI_075/patch_110,nearest,0–16,1,6431,0.000,1.000,15.3111,17.0468
ROI_075/patch_110,nearest,16–32,1,18953,0.000,1.000,15.1356,16.9048
ROI_075/patch_110,nearest,32–64,1,69512,0.000,1.000,16.1528,17.9732
ROI_075/patch_110,nearest,64–128,1,114614,0.000,1.000,29.8780,31.9051
ROI_075/patch_110,nearest,≥128,1,52634,0.000,1.000,40.8546,43.4215
ROI_075/patch_110,own,0–16,1,6431,0.000,1.000,15.2581,16.9958
ROI_075/patch_110,own,16–32,1,18953,0.000,1.000,15.2007,16.9914
ROI_075/patch_110,own,32–64,1,73128,0.000,1.000,16.5773,18.4067
ROI_075/patch_110,own,64–128,1,260664,0.000,1.000,27.5509,29.5072
ROI_075/patch_110,own,≥128,1,1737976,0.000,1.000,28.4170,30.5846
ROI_075/patch_111,nearest,0–16,1,7174,0.000,1.000,8.3023,9.0349
ROI_075/patch_111,nearest,16–32,1,20685,0.000,1.000,8.1006,8.7938
ROI_075/patch_111,nearest,32–64,1,72513,0.000,1.000,8.0228,8.6387
ROI_075/patch_111,nearest,64–128,1,129538,0.000,1.000,8.3591,8.8803
ROI_075/patch_111,nearest,≥128,1,32234,0.000,1.000,14.9344,15.4414
ROI_075/patch_111,own,0–16,1,7174,0.000,1.000,8.2465,8.9734
ROI_075/patch_111,own,16–32,1,20685,0.000,1.000,8.1567,8.8389
ROI_075/patch_111,own,32–64,1,74258,0.000,1.000,7.8509,8.4582
ROI_075/patch_111,own,64–128,1,263826,0.000,1.000,8.6307,9.1590
ROI_075/patch_111,own,≥128,1,1993353,0.000,1.000,10.4033,10.9336
ROI_075/patch_112,nearest,0–16,1,6422,0.000,1.000,4.5526,5.7401
ROI_075/patch_112,nearest,16–32,1,18336,0.000,1.000,4.6182,5.8077
ROI_075/patch_112,nearest,32–64,1,60413,0.000,1.000,4.7594,5.9414
ROI_075/patch_112,nearest,64–128,1,138710,0.000,1.000,9.7887,10.9661
ROI_075/patch_112,nearest,≥128,1,38263,0.000,1.000,19.3997,20.6031
ROI_075/patch_112,own,0–16,1,6422,0.000,1.000,4.5220,5.7103
ROI_075/patch_112,own,16–32,1,18336,0.000,1.000,4.6881,5.8750
ROI_075/patch_112,own,32–64,1,64244,0.000,1.000,4.8243,6.0153
ROI_075/patch_112,own,64–128,1,212272,0.000,1.000,6.7211,7.9002
ROI_075/patch_112,own,≥128,1,1795878,0.000,1.000,6.7455,7.9389
ROI_075/patch_116,nearest,0–16,1,6433,0.000,1.000,3.0674,6.1870
ROI_075/patch_116,nearest,16–32,1,18847,0.000,1.000,3.0130,6.1712
ROI_075/patch_116,nearest,32–64,1,66823,0.000,1.000,3.0705,6.3467
ROI_075/patch_116,nearest,64–128,1,132512,0.000,1.000,3.1864,6.6308
ROI_075/patch_116,nearest,≥128,1,37529,0.000,1.000,10.8512,14.0471
ROI_075/patch_116,own,0–16,1,6433,0.000,1.000,3.0926,6.2147
ROI_075/patch_116,own,16–32,1,18847,0.000,1.000,2.9967,6.1463
ROI_075/patch_116,own,32–64,1,70077,0.000,1.000,3.0309,6.2596
ROI_075/patch_116,own,64–128,1,222357,0.000,1.000,2.8344,6.2150
ROI_075/patch_116,own,≥128,1,1779438,0.000,1.000,4.3919,7.7171
ROI_075/patch_117,nearest,0–16,1,6299,0.000,1.000,7.2873,9.1363
ROI_075/patch_117,nearest,16–32,1,17961,0.000,1.000,7.4237,9.2718
ROI_075/patch_117,nearest,32–64,1,54562,0.000,1.000,7.7052,9.5818
ROI_075/patch_117,nearest,64–128,1,63547,0.000,1.000,71.9391,74.1919
ROI_075/patch_117,nearest,≥128,1,119775,1.000,1.000,,
ROI_075/patch_117,own,0–16,1,6299,0.000,1.000,7.2945,9.1419
ROI_075/patch_117,own,16–32,1,18381,0.000,1.000,7.4235,9.2722
ROI_075/patch_117,own,32–64,1,70831,0.000,1.000,7.6697,9.5346
ROI_075/patch_117,own,64–128,1,251848,0.000,1.000,26.8406,28.8578
ROI_075/patch_117,own,≥128,1,1749793,0.000,1.000,191.1406,195.8141
ROI_075/patch_118,nearest,0–16,1,6432,0.000,1.000,27.4959,27.9140
ROI_075/patch_118,nearest,16–32,1,19287,0.000,1.000,28.7270,29.1528
ROI_075/patch_118,nearest,32–64,1,65214,0.000,1.000,43.6968,44.1392
ROI_075/patch_118,nearest,64–128,1,114856,0.000,1.000,145.9257,146.5033
ROI_075/patch_118,nearest,≥128,1,56355,0.000,1.000,213.5522,215.4569
ROI_075/patch_118,own,0–16,1,6432,0.000,1.000,27.4391,27.8553
ROI_075/patch_118,own,16–32,1,19289,0.000,1.000,29.2802,29.7002
ROI_075/patch_118,own,32–64,1,74949,0.000,1.000,48.0936,48.5331
ROI_075/patch_118,own,64–128,1,260043,0.000,1.000,93.4566,94.0523
ROI_075/patch_118,own,≥128,1,1736439,0.000,1.000,177.3838,178.2378
ROI_075/patch_119,nearest,0–16,1,8042,0.000,1.000,18.6481,20.4616
ROI_075/patch_119,nearest,16–32,1,24130,0.000,1.000,25.8774,27.6519
ROI_075/patch_119,nearest,32–64,1,75284,0.000,1.000,77.9791,79.5295
ROI_075/patch_119,nearest,64–128,1,118949,0.000,1.000,75.8904,77.4351
ROI_075/patch_119,nearest,≥128,1,35739,0.700,1.000,565.7463,567.9114
ROI_075/patch_119,own,0–16,1,8042,0.000,1.000,18.8091,20.6360
ROI_075/patch_119,own,16–32,1,24130,0.000,1.000,23.5186,25.2970
ROI_075/patch_119,own,32–64,1,91860,0.000,1.000,77.2386,78.8801
ROI_075/patch_119,own,64–128,1,337189,0.000,1.000,98.2819,99.8521
ROI_075/patch_119,own,≥128,1,2160219,0.000,1.000,122.4236,124.2248
ROI_075/patch_120,nearest,0–16,1,7091,0.000,1.000,18.9312,20.5063
ROI_075/patch_120,nearest,16–32,1,20758,0.000,1.000,19.1365,20.7327
ROI_075/patch_120,nearest,32–64,1,74716,0.000,1.000,18.8545,20.5425
ROI_075/patch_120,nearest,64–128,1,121867,0.000,1.000,18.9817,20.7219
ROI_075/patch_120,nearest,≥128,1,37712,0.000,1.000,32.9915,34.4748
ROI_075/patch_120,own,0–16,1,7091,0.000,1.000,18.9499,20.5268
ROI_075/patch_120,own,16–32,1,20758,0.000,1.000,19.0384,20.6356
ROI_075/patch_120,own,32–64,1,77699,0.000,1.000,18.9323,20.5905
ROI_075/patch_120,own,64–128,1,275537,0.000,1.000,19.2671,20.9691
ROI_075/patch_120,own,≥128,1,1978211,0.000,1.000,18.5328,20.1629
ROI_075/patch_121,nearest,0–16,1,7223,0.000,1.000,25.0964,27.1415
ROI_075/patch_121,nearest,16–32,1,21706,0.000,1.000,25.2101,27.2500
ROI_075/patch_121,nearest,32–64,1,70731,0.000,1.000,33.6984,35.6990
ROI_075/patch_121,nearest,64–128,1,116554,0.000,1.000,76.1914,77.8048
ROI_075/patch_121,nearest,≥128,1,45930,0.000,1.000,150.2478,152.0903
ROI_075/patch_121,own,0–16,1,7223,0.000,1.000,25.1134,27.1611
ROI_075/patch_121,own,16–32,1,21706,0.000,1.000,25.0721,27.1225
ROI_075/patch_121,own,32–64,1,83736,0.000,1.000,31.5191,33.5366
ROI_075/patch_121,own,64–128,1,303088,0.000,1.000,71.3301,73.1388
ROI_075/patch_121,own,≥128,1,1943543,0.000,1.000,189.2412,190.9587
ROI_075/patch_122,nearest,0–16,1,6435,0.000,1.000,13.6068,16.2129
ROI_075/patch_122,nearest,16–32,1,19137,0.000,1.000,17.7715,20.4892
ROI_075/patch_122,nearest,32–64,1,70617,0.000,1.000,32.6943,35.3008
ROI_075/patch_122,nearest,64–128,1,125852,0.000,1.000,93.9247,96.4914
ROI_075/patch_122,nearest,≥128,1,40103,0.300,1.000,468.6816,470.7111
ROI_075/patch_122,own,0–16,1,6435,0.000,1.000,13.7677,16.3667
ROI_075/patch_122,own,16–32,1,19137,0.000,1.000,16.1547,18.8221
ROI_075/patch_122,own,32–64,1,73522,0.000,1.000,33.7625,36.3386
ROI_075/patch_122,own,64–128,1,256333,0.000,1.000,48.2503,50.8683
ROI_075/patch_122,own,≥128,1,1741725,0.000,1.000,98.1704,100.4403
ROI_075/patch_123,nearest,0–16,1,6430,0.000,1.000,33.5913,34.6539
ROI_075/patch_123,nearest,16–32,1,18670,0.000,1.000,33.2902,34.2958
ROI_075/patch_123,nearest,32–64,1,68297,0.000,1.000,32.3685,33.5026
ROI_075/patch_123,nearest,64–128,1,115408,0.000,1.000,40.7857,42.0971
ROI_075/patch_123,nearest,≥128,1,53339,0.000,1.000,299.4349,301.1785
ROI_075/patch_123,own,0–16,1,6430,0.000,1.000,33.5691,34.6333
ROI_075/patch_123,own,16–32,1,18670,0.000,1.000,33.4234,34.4093
ROI_075/patch_123,own,32–64,1,69527,0.000,1.000,32.7460,33.8926
ROI_075/patch_123,own,64–128,1,234425,0.000,1.000,39.7736,40.9881
ROI_075/patch_123,own,≥128,1,1768100,0.000,1.000,67.0299,68.3503
ROI_075/patch_124,nearest,0–16,1,6429,0.000,1.000,22.6830,24.2519
ROI_075/patch_124,nearest,16–32,1,19292,0.000,1.000,22.2970,23.8451
ROI_075/patch_124,nearest,32–64,1,66304,0.000,1.000,23.5538,25.2151
ROI_075/patch_124,nearest,64–128,1,133718,0.000,1.000,39.8746,41.6159
ROI_075/patch_124,nearest,≥128,1,36401,0.000,1.000,58.3803,60.4953
ROI_075/patch_124,own,0–16,1,6429,0.000,1.000,22.6682,24.2343
ROI_075/patch_124,own,16–32,1,19292,0.000,1.000,22.4032,23.9642
ROI_075/patch_124,own,32–64,1,72297,0.000,1.000,23.4971,25.1704
ROI_075/patch_124,own,64–128,1,242734,0.000,1.000,32.6281,34.4582
ROI_075/patch_124,own,≥128,1,1756400,0.000,1.000,44.1321,45.8677
ROI_075/patch_125,nearest,0–16,1,6442,0.000,1.000,83.4060,86.6437
ROI_075/patch_125,nearest,16–32,1,18509,0.000,1.000,84.0358,87.2443
ROI_075/patch_125,nearest,32–64,1,62315,0.000,1.000,103.3404,106.5054
ROI_075/patch_125,nearest,64–128,1,138692,0.000,1.000,499.5548,505.3138
ROI_075/patch_125,nearest,≥128,1,36186,0.000,1.000,1554.2559,1590.6793
ROI_075/patch_125,own,0–16,1,6442,0.000,1.000,83.1166,86.3612
ROI_075/patch_125,own,16–32,1,18509,0.000,1.000,83.7561,86.9145
ROI_075/patch_125,own,32–64,1,65739,0.000,1.000,103.5803,106.8185
ROI_075/patch_125,own,64–128,1,227440,0.000,1.000,342.4275,346.9855
ROI_075/patch_125,own,≥128,1,1779022,0.000,1.000,536.2237,540.7084
ROI_075/patch_127,nearest,0–16,1,6445,0.000,1.000,9.3903,11.4946
ROI_075/patch_127,nearest,16–32,1,18997,0.000,1.000,11.1605,13.1902
ROI_075/patch_127,nearest,32–64,1,65652,0.000,1.000,24.2554,26.2211
ROI_075/patch_127,nearest,64–128,1,141733,0.000,1.000,54.6665,56.8256
ROI_075/patch_127,nearest,≥128,1,29317,0.050,1.000,816.6786,820.4042
ROI_075/patch_127,own,0–16,1,6445,0.000,1.000,9.4127,11.5140
ROI_075/patch_127,own,16–32,1,19146,0.000,1.000,10.6405,12.6746
ROI_075/patch_127,own,32–64,1,71372,0.000,1.000,23.3686,25.3315
ROI_075/patch_127,own,64–128,1,248264,0.000,1.000,47.1920,49.3657
ROI_075/patch_127,own,≥128,1,1751925,0.000,1.000,88.5931,90.9162
ROI_075/patch_128,nearest,0–16,1,7083,0.000,1.000,23.5549,24.7347
ROI_075/patch_128,nearest,16–32,1,20521,0.000,1.000,22.8971,24.0312
ROI_075/patch_128,nearest,32–64,1,70742,0.000,1.000,22.6329,23.7158
ROI_075/patch_128,nearest,64–128,1,121893,0.000,1.000,47.7207,48.8528
ROI_075/patch_128,nearest,≥128,1,41905,0.900,1.000,470.3700,471.8783
ROI_075/patch_128,own,0–16,1,7083,0.000,1.000,23.9534,25.1298
ROI_075/patch_128,own,16–32,1,20521,0.000,1.000,22.7315,23.8885
ROI_075/patch_128,own,32–64,1,76887,0.000,1.000,23.5396,24.6079
ROI_075/patch_128,own,64–128,1,275186,0.000,1.000,34.5613,35.5918
ROI_075/patch_128,own,≥128,1,1979619,0.000,1.000,149.0277,150.2048
ROI_075/patch_129,nearest,0–16,1,6434,0.000,1.000,22.3588,22.7408
ROI_075/patch_129,nearest,16–32,1,18848,0.000,1.000,30.1222,30.4993
ROI_075/patch_129,nearest,32–64,1,69803,0.000,1.000,55.3303,55.7935
ROI_075/patch_129,nearest,64–128,1,120481,0.000,1.000,186.7854,187.2300
ROI_075/patch_129,nearest,≥128,1,46578,0.750,1.000,821.6882,823.4179
ROI_075/patch_129,own,0–16,1,6434,0.000,1.000,22.6654,23.0473
ROI_075/patch_129,own,16–32,1,18848,0.000,1.000,28.7354,29.1147
ROI_075/patch_129,own,32–64,1,71620,0.000,1.000,53.7885,54.2184
ROI_075/patch_129,own,64–128,1,250466,0.000,1.000,282.4379,282.8232
ROI_075/patch_129,own,≥128,1,1749784,0.000,1.000,821.2353,822.2594
ROI_075/patch_130,nearest,0–16,1,6396,0.000,1.000,9.7552,10.6444
ROI_075/patch_130,nearest,16–32,1,18552,0.000,1.000,9.9288,10.8144
ROI_075/patch_130,nearest,32–64,1,58825,0.000,1.000,10.2494,11.1208
ROI_075/patch_130,nearest,64–128,1,99618,0.000,1.000,31.4046,32.2884
ROI_075/patch_130,nearest,≥128,1,78753,0.000,1.000,761.1672,763.0524
ROI_075/patch_130,own,0–16,1,6396,0.000,1.000,9.7669,10.6551
ROI_075/patch_130,own,16–32,1,18552,0.000,1.000,9.8642,10.7514
ROI_075/patch_130,own,32–64,1,70393,0.000,1.000,10.2802,11.1584
ROI_075/patch_130,own,64–128,1,236102,0.000,1.000,23.4125,24.3327
ROI_075/patch_130,own,≥128,1,1765709,0.050,1.000,852.3809,854.2611
ROI_075/patch_131,nearest,0–16,1,6432,0.000,1.000,342.3301,344.3917
ROI_075/patch_131,nearest,16–32,1,17596,0.000,1.000,341.3824,343.4213
ROI_075/patch_131,nearest,32–64,1,58224,0.000,1.000,351.1685,353.3047
ROI_075/patch_131,nearest,64–128,1,140431,0.000,1.000,511.7671,513.5751
ROI_075/patch_131,nearest,≥128,1,39461,0.000,1.000,1129.5341,1132.0843
ROI_075/patch_131,own,0–16,1,6432,0.000,1.000,341.8388,343.8931
ROI_075/patch_131,own,16–32,1,18118,0.000,1.000,343.1102,345.1602
ROI_075/patch_131,own,32–64,1,67300,0.000,1.000,348.8447,350.9520
ROI_075/patch_131,own,64–128,1,230130,0.000,1.000,458.5705,460.5742
ROI_075/patch_131,own,≥128,1,1775172,0.000,1.000,739.6042,741.4528
ROI_075/patch_132,nearest,0–16,1,6262,0.000,1.000,5.0624,5.9626
ROI_075/patch_132,nearest,16–32,1,18040,0.000,1.000,4.8675,5.7107
ROI_075/patch_132,nearest,32–64,1,54456,0.000,1.000,5.0696,5.7973
ROI_075/patch_132,nearest,64–128,1,94142,0.000,1.000,66.3119,67.2228
ROI_075/patch_132,nearest,≥128,1,89244,0.000,1.000,861.3066,884.2636
ROI_075/patch_132,own,0–16,1,6262,0.000,1.000,5.0309,5.9504
ROI_075/patch_132,own,16–32,1,18081,0.000,1.000,4.9037,5.7550
ROI_075/patch_132,own,32–64,1,67530,0.000,1.000,5.2994,6.0310
ROI_075/patch_132,own,64–128,1,235482,0.000,1.000,19.6840,20.3523
ROI_075/patch_132,own,≥128,1,1769797,0.000,1.000,171.0785,172.5793
ROI_075/patch_133,nearest,0–16,1,6301,0.000,1.000,8.0728,10.0063
ROI_075/patch_133,nearest,16–32,1,16167,0.000,1.000,9.8205,11.8171
ROI_075/patch_133,nearest,32–64,1,47185,0.000,1.000,28.7705,31.2083
ROI_075/patch_133,nearest,64–128,1,105806,0.000,1.000,99.4205,102.6210
ROI_075/patch_133,nearest,≥128,1,86685,0.950,1.000,1473.1127,1477.2799
ROI_075/patch_133,own,0–16,1,6301,0.000,1.000,8.0762,10.0093
ROI_075/patch_133,own,16–32,1,18322,0.000,1.000,10.1349,12.1244
ROI_075/patch_133,own,32–64,1,65376,0.000,1.000,31.9942,34.4118
ROI_075/patch_133,own,64–128,1,196640,0.000,1.000,216.0175,219.3182
ROI_075/patch_133,own,≥128,1,1810513,0.000,1.000,768.5082,772.0907
ROI_075/patch_134,nearest,0–16,1,6433,0.000,1.000,20.9156,22.0756
ROI_075/patch_134,nearest,16–32,1,18576,0.000,1.000,22.9774,24.2341
ROI_075/patch_134,nearest,32–64,1,61816,0.000,1.000,67.8785,69.6891
ROI_075/patch_134,nearest,64–128,1,124427,0.000,1.000,656.1460,660.5130
ROI_075/patch_134,nearest,≥128,1,50892,1.000,1.000,,
ROI_075/patch_134,own,0–16,1,6433,0.000,1.000,21.1250,22.2867
ROI_075/patch_134,own,16–32,1,18576,0.000,1.000,22.5028,23.7224
ROI_075/patch_134,own,32–64,1,70383,0.000,1.000,63.3400,64.9953
ROI_075/patch_134,own,64–128,1,259979,0.000,1.000,379.6590,383.7421
ROI_075/patch_134,own,≥128,1,1741781,0.000,1.000,731.5928,738.2972
ROI_075/patch_135,nearest,0–16,1,6425,0.000,1.000,14.5590,16.1378
ROI_075/patch_135,nearest,16–32,1,19258,0.000,1.000,14.5468,16.0874
ROI_075/patch_135,nearest,32–64,1,67139,0.000,1.000,25.2938,26.8054
ROI_075/patch_135,nearest,64–128,1,134630,0.000,1.000,490.4352,492.2399
ROI_075/patch_135,nearest,≥128,1,34692,0.600,1.000,918.1599,920.8588
ROI_075/patch_135,own,0–16,1,6425,0.000,1.000,14.5554,16.1277
ROI_075/patch_135,own,16–32,1,19258,0.000,1.000,14.7928,16.3353
ROI_075/patch_135,own,32–64,1,73256,0.000,1.000,26.3561,27.8739
ROI_075/patch_135,own,64–128,1,247285,0.000,1.000,154.7720,156.5136
ROI_075/patch_135,own,≥128,1,1750928,0.000,1.000,195.2447,197.4420
ROI_075/patch_137,nearest,0–16,1,6438,0.000,1.000,45.4524,48.6866
ROI_075/patch_137,nearest,16–32,1,18538,0.000,1.000,47.1153,50.3588
ROI_075/patch_137,nearest,32–64,1,54065,0.000,1.000,54.4570,57.7265
ROI_075/patch_137,nearest,64–128,1,81942,0.000,1.000,101.2495,105.3210
ROI_075/patch_137,nearest,≥128,1,101161,1.000,1.000,,
ROI_075/patch_137,own,0–16,1,6438,0.000,1.000,45.7250,48.9495
ROI_075/patch_137,own,16–32,1,19062,0.000,1.000,46.9429,50.1511
ROI_075/patch_137,own,32–64,1,74000,0.000,1.000,50.6693,53.9478
ROI_075/patch_137,own,64–128,1,271473,0.000,1.000,69.4996,73.1750
ROI_075/patch_137,own,≥128,1,1726179,0.250,1.000,433.7857,439.7090
ROI_075/patch_138,nearest,0–16,1,6286,0.000,1.000,13.7517,15.5314
ROI_075/patch_138,nearest,16–32,1,17562,0.000,1.000,18.4715,20.4064
ROI_075/patch_138,nearest,32–64,1,58871,0.000,1.000,42.9134,44.9113
ROI_075/patch_138,nearest,64–128,1,133768,0.000,1.000,612.4089,614.3273
ROI_075/patch_138,nearest,≥128,1,45657,1.000,1.000,,
ROI_075/patch_138,own,0–16,1,6286,0.000,1.000,13.8533,15.6534
ROI_075/patch_138,own,16–32,1,17562,0.000,1.000,16.8026,18.6821
ROI_075/patch_138,own,32–64,1,65156,0.000,1.000,38.2675,40.2893
ROI_075/patch_138,own,64–128,1,242463,0.000,1.000,309.8320,311.5713
ROI_075/patch_138,own,≥128,1,1765685,0.200,1.000,1131.2372,1133.2056
ROI_075/patch_139,nearest,0–16,1,6420,0.000,1.000,10.5365,11.4190
ROI_075/patch_139,nearest,16–32,1,18590,0.000,1.000,10.3679,11.2750
ROI_075/patch_139,nearest,32–64,1,64043,0.000,1.000,10.1380,11.1554
ROI_075/patch_139,nearest,64–128,1,104911,0.000,1.000,20.0859,21.8123
ROI_075/patch_139,nearest,≥128,1,68180,0.000,1.000,246.1422,250.5085
ROI_075/patch_139,own,0–16,1,6420,0.000,1.000,10.5010,11.3738
ROI_075/patch_139,own,16–32,1,18590,0.000,1.000,10.3122,11.2282
ROI_075/patch_139,own,32–64,1,73327,0.000,1.000,10.2388,11.2295
ROI_075/patch_139,own,64–128,1,262748,0.000,1.000,16.5112,17.9764
ROI_075/patch_139,own,≥128,1,1736067,0.000,1.000,117.8678,120.3232
ROI_075/patch_140,nearest,0–16,1,6363,0.000,1.000,7.0353,8.2877
ROI_075/patch_140,nearest,16–32,1,18472,0.000,1.000,7.3673,8.6227
ROI_075/patch_140,nearest,32–64,1,63817,0.000,1.000,8.5478,9.8116
ROI_075/patch_140,nearest,64–128,1,102002,0.000,1.000,17.4701,18.8055
ROI_075/patch_140,nearest,≥128,1,71490,0.000,1.000,230.1979,232.2840
ROI_075/patch_140,own,0–16,1,6363,0.000,1.000,6.9872,8.2388
ROI_075/patch_140,own,16–32,1,18472,0.000,1.000,7.3137,8.5707
ROI_075/patch_140,own,32–64,1,70315,0.000,1.000,7.8822,9.1359
ROI_075/patch_140,own,64–128,1,256838,0.000,1.000,14.1753,15.4424
ROI_075/patch_140,own,≥128,1,1745164,0.000,1.000,165.1308,166.6487
ROI_075/patch_141,nearest,0–16,1,7238,0.000,1.000,28.7949,29.7297
ROI_075/patch_141,nearest,16–32,1,21040,0.000,1.000,29.3322,30.2746
ROI_075/patch_141,nearest,32–64,1,75068,0.000,1.000,32.7600,33.7044
ROI_075/patch_141,nearest,64–128,1,121877,0.000,1.000,130.1828,131.4058
ROI_075/patch_141,nearest,≥128,1,36921,1.000,1.000,,
ROI_075/patch_141,own,0–16,1,7238,0.000,1.000,28.8363,29.7708
ROI_075/patch_141,own,16–32,1,21707,0.000,1.000,29.2165,30.1604
ROI_075/patch_141,own,32–64,1,82266,0.000,1.000,31.3409,32.2785
ROI_075/patch_141,own,64–128,1,284075,0.000,1.000,74.3773,75.4871
ROI_075/patch_141,own,≥128,1,1964010,0.000,1.000,193.8472,195.5754
ROI_075/patch_142,nearest,0–16,1,6431,0.000,1.000,53.9411,54.5908
ROI_075/patch_142,nearest,16–32,1,18612,0.000,1.000,53.0837,53.7646
ROI_075/patch_142,nearest,32–64,1,64725,0.000,1.000,64.5121,65.3650
ROI_075/patch_142,nearest,64–128,1,125857,0.000,1.000,342.8714,343.9964
ROI_075/patch_142,nearest,≥128,1,46519,0.800,1.000,818.5577,825.7664
ROI_075/patch_142,own,0–16,1,6431,0.000,1.000,53.8492,54.4957
ROI_075/patch_142,own,16–32,1,18612,0.000,1.000,53.4586,54.1417
ROI_075/patch_142,own,32–64,1,70162,0.000,1.000,62.8392,63.6585
ROI_075/patch_142,own,64–128,1,235050,0.000,1.000,233.9418,235.0649
ROI_075/patch_142,own,≥128,1,1766897,0.050,1.000,439.4741,441.8584
ROI_075/patch_143,nearest,0–16,1,6113,0.000,1.000,25.1430,29.1187
ROI_075/patch_143,nearest,16–32,1,17149,0.000,1.000,25.0079,28.9809
ROI_075/patch_143,nearest,32–64,1,57010,0.000,1.000,25.1830,29.0629
ROI_075/patch_143,nearest,64–128,1,103279,0.000,1.000,27.0940,30.9999
ROI_075/patch_143,nearest,≥128,1,78593,0.050,1.000,286.9706,292.8681
ROI_075/patch_143,own,0–16,1,6113,0.000,1.000,25.1906,29.1696
ROI_075/patch_143,own,16–32,1,17168,0.000,1.000,25.0017,28.9729
ROI_075/patch_143,own,32–64,1,62769,0.000,1.000,25.3408,29.1685
ROI_075/patch_143,own,64–128,1,222691,0.000,1.000,25.9857,29.5797
ROI_075/patch_143,own,≥128,1,1788411,0.000,1.000,121.2935,128.5700
ROI_075/patch_144,nearest,0–16,1,6274,0.000,1.000,11.8167,14.9924
ROI_075/patch_144,nearest,16–32,1,18327,0.000,1.000,11.4831,14.6053
ROI_075/patch_144,nearest,32–64,1,63673,0.000,1.000,15.6318,18.7283
ROI_075/patch_144,nearest,64–128,1,125177,0.000,1.000,139.7376,142.7358
ROI_075/patch_144,nearest,≥128,1,48693,0.900,1.000,846.2507,852.9891
ROI_075/patch_144,own,0–16,1,6274,0.000,1.000,11.7591,14.9352
ROI_075/patch_144,own,16–32,1,18327,0.000,1.000,11.3012,14.4589
ROI_075/patch_144,own,32–64,1,72880,0.000,1.000,21.9515,25.0307
ROI_075/patch_144,own,64–128,1,270581,0.000,1.000,126.7109,129.8268
ROI_075/patch_144,own,≥128,1,1729090,0.000,1.000,624.6384,628.8902
ROI_075/patch_145,nearest,0–16,1,6437,0.000,1.000,26.1582,26.7871
ROI_075/patch_145,nearest,16–32,1,17516,0.000,1.000,25.7027,26.3412
ROI_075/patch_145,nearest,32–64,1,54296,0.000,1.000,25.9414,26.5588
ROI_075/patch_145,nearest,64–128,1,135809,0.000,1.000,29.7412,30.4881
ROI_075/patch_145,nearest,≥128,1,48086,0.000,1.000,39.8879,41.3070
ROI_075/patch_145,own,0–16,1,6437,0.000,1.000,26.2279,26.8593
ROI_075/patch_145,own,16–32,1,18665,0.000,1.000,26.1085,26.7417
ROI_075/patch_145,own,32–64,1,71893,0.000,1.000,25.7804,26.3925
ROI_075/patch_145,own,64–128,1,267589,0.000,1.000,29.6889,30.3811
ROI_075/patch_145,own,≥128,1,1732568,0.000,1.000,33.7922,34.9566
ROI_075/patch_146,nearest,0–16,1,6931,0.000,1.000,17.3718,19.1107
ROI_075/patch_146,nearest,16–32,1,19259,0.000,1.000,17.4816,19.2918
ROI_075/patch_146,nearest,32–64,1,66175,0.000,1.000,18.5134,20.4362
ROI_075/patch_146,nearest,64–128,1,120329,0.000,1.000,24.2078,26.3886
ROI_075/patch_146,nearest,≥128,1,49450,0.000,1.000,69.5585,72.7637
ROI_075/patch_146,own,0–16,1,6931,0.000,1.000,17.2630,19.0056
ROI_075/patch_146,own,16–32,1,19259,0.000,1.000,17.5514,19.3352
ROI_075/patch_146,own,32–64,1,72666,0.000,1.000,18.2828,20.2213
ROI_075/patch_146,own,64–128,1,247768,0.000,1.000,21.4855,23.6443
ROI_075/patch_146,own,≥128,1,2012672,0.000,1.000,29.2686,31.6147
ROI_075/patch_147,nearest,0–16,1,6422,0.000,1.000,5.5482,6.6221
ROI_075/patch_147,nearest,16–32,1,17698,0.000,1.000,5.2627,6.3345
ROI_075/patch_147,nearest,32–64,1,65689,0.000,1.000,5.2712,6.3021
ROI_075/patch_147,nearest,64–128,1,120427,0.000,1.000,28.9149,30.1052
ROI_075/patch_147,nearest,≥128,1,51908,0.000,1.000,98.5841,100.6166
ROI_075/patch_147,own,0–16,1,6422,0.000,1.000,5.5628,6.6426
ROI_075/patch_147,own,16–32,1,17698,0.000,1.000,5.2281,6.3026
ROI_075/patch_147,own,32–64,1,66271,0.000,1.000,5.1922,6.2780
ROI_075/patch_147,own,64–128,1,245031,0.000,1.000,20.9225,22.1440
ROI_075/patch_147,own,≥128,1,1761730,0.000,1.000,29.5323,30.7782
ROI_075/patch_148,nearest,0–16,1,6432,0.000,1.000,11.8961,13.8157
ROI_075/patch_148,nearest,16–32,1,18607,0.000,1.000,10.8047,12.7285
ROI_075/patch_148,nearest,32–64,1,66645,0.000,1.000,14.4490,16.5629
ROI_075/patch_148,nearest,64–128,1,125184,0.000,1.000,134.9744,137.4093
ROI_075/patch_148,nearest,≥128,1,45276,0.300,1.000,1274.3428,1277.4022
ROI_075/patch_148,own,0–16,1,6432,0.000,1.000,11.8185,13.7485
ROI_075/patch_148,own,16–32,1,18607,0.000,1.000,10.9900,12.9072
ROI_075/patch_148,own,32–64,1,72414,0.000,1.000,13.4079,15.5020
ROI_075/patch_148,own,64–128,1,241015,0.000,1.000,117.4916,119.6412
ROI_075/patch_148,own,≥128,1,1758684,0.000,1.000,329.5333,332.0696
ROI_075/patch_149,nearest,0–16,1,6245,0.000,1.000,4.5906,5.6890
ROI_075/patch_149,nearest,16–32,1,17408,0.000,1.000,4.5560,5.6549
ROI_075/patch_149,nearest,32–64,1,55491,0.000,1.000,4.9276,6.0510
ROI_075/patch_149,nearest,64–128,1,115020,0.000,1.000,4.8225,5.9838
ROI_075/patch_149,nearest,≥128,1,67980,0.000,1.000,13.9280,15.4138
ROI_075/patch_149,own,0–16,1,6245,0.000,1.000,4.6057,5.7065
ROI_075/patch_149,own,16–32,1,17978,0.000,1.000,4.6250,5.7262
ROI_075/patch_149,own,32–64,1,64067,0.000,1.000,4.6857,5.7925
ROI_075/patch_149,own,64–128,1,213451,0.000,1.000,4.8848,6.0175
ROI_075/patch_149,own,≥128,1,1795411,0.000,1.000,5.2595,6.4232
ROI_075/patch_150,nearest,0–16,1,6314,0.000,1.000,21.8016,24.4025
ROI_075/patch_150,nearest,16–32,1,17666,0.000,1.000,21.7956,24.3813
ROI_075/patch_150,nearest,32–64,1,60387,0.000,1.000,21.8010,24.3735
ROI_075/patch_150,nearest,64–128,1,130652,0.000,1.000,22.4919,24.9590
ROI_075/patch_150,nearest,≥128,1,47125,0.000,1.000,23.0134,25.5366
ROI_075/patch_150,own,0–16,1,6314,0.000,1.000,21.8194,24.4207
ROI_075/patch_150,own,16–32,1,17666,0.000,1.000,21.8301,24.4166
ROI_075/patch_150,own,32–64,1,61177,0.000,1.000,21.7590,24.3249
ROI_075/patch_150,own,64–128,1,208987,0.000,1.000,21.9145,24.4930
ROI_075/patch_150,own,≥128,1,1803008,0.000,1.000,23.5372,26.0664
ROI_075/patch_151,nearest,0–16,1,6072,0.000,1.000,14.8129,17.4501
ROI_075/patch_151,nearest,16–32,1,16759,0.000,1.000,14.5979,17.2966
ROI_075/patch_151,nearest,32–64,1,59014,0.000,1.000,14.5638,17.3151
ROI_075/patch_151,nearest,64–128,1,118235,0.000,1.000,14.5686,17.2273
ROI_075/patch_151,nearest,≥128,1,62064,0.000,1.000,18.1482,20.3641
ROI_075/patch_151,own,0–16,1,6072,0.000,1.000,14.7965,17.4376
ROI_075/patch_151,own,16–32,1,16759,0.000,1.000,14.6943,17.3654
ROI_075/patch_151,own,32–64,1,63022,0.000,1.000,14.8392,17.5973
ROI_075/patch_151,own,64–128,1,221372,0.000,1.000,14.8637,17.4875
ROI_075/patch_151,own,≥128,1,1789927,0.000,1.000,16.1760,18.7175
ROI_075/patch_152,nearest,0–16,1,6308,0.000,1.000,31.3699,34.2932
ROI_075/patch_152,nearest,16–32,1,17424,0.000,1.000,38.5533,41.3905
ROI_075/patch_152,nearest,32–64,1,55854,0.000,1.000,35.1203,38.1618
ROI_075/patch_152,nearest,64–128,1,111137,0.000,1.000,50.6482,54.1324
ROI_075/patch_152,nearest,≥128,1,71421,0.000,1.000,111.1158,115.1766
ROI_075/patch_152,own,0–16,1,6308,0.000,1.000,31.6057,34.5108
ROI_075/patch_152,own,16–32,1,18273,0.000,1.000,36.7711,39.6719
ROI_075/patch_152,own,32–64,1,68572,0.000,1.000,36.3875,39.3856
ROI_075/patch_152,own,64–128,1,223321,0.000,1.000,48.6923,51.9409
ROI_075/patch_152,own,≥128,1,1780678,0.000,1.000,81.2972,84.5477
ROI_075/patch_153,nearest,0–16,1,6282,0.000,1.000,9.0833,11.2035
ROI_075/patch_153,nearest,16–32,1,17706,0.000,1.000,9.1421,11.2579
ROI_075/patch_153,nearest,32–64,1,59803,0.000,1.000,9.2985,11.4210
ROI_075/patch_153,nearest,64–128,1,153620,0.000,1.000,10.1571,12.3224
ROI_075/patch_153,nearest,≥128,1,24733,0.000,1.000,15.5165,17.7283
ROI_075/patch_153,own,0–16,1,6282,0.000,1.000,9.0882,11.2174
ROI_075/patch_153,own,16–32,1,17706,0.000,1.000,9.1314,11.2561
ROI_075/patch_153,own,32–64,1,62967,0.000,1.000,9.2673,11.3855
ROI_075/patch_153,own,64–128,1,216643,0.000,1.000,10.8165,12.9705
ROI_075/patch_153,own,≥128,1,1793554,0.000,1.000,11.9193,14.0813
ROI_075/patch_154,nearest,0–16,1,6432,0.000,1.000,10.9178,12.9532
ROI_075/patch_154,nearest,16–32,1,19088,0.000,1.000,11.0038,13.0381
ROI_075/patch_154,nearest,32–64,1,67431,0.000,1.000,10.9176,12.9836
ROI_075/patch_154,nearest,64–128,1,132003,0.000,1.000,11.3452,13.4248
ROI_075/patch_154,nearest,≥128,1,37190,0.000,1.000,12.1092,14.2097
ROI_075/patch_154,own,0–16,1,6432,0.000,1.000,10.9368,12.9754
ROI_075/patch_154,own,16–32,1,19088,0.000,1.000,10.9739,13.0052
ROI_075/patch_154,own,32–64,1,73212,0.000,1.000,10.9045,12.9600
ROI_075/patch_154,own,64–128,1,249895,0.000,1.000,11.3395,13.4098
ROI_075/patch_154,own,≥128,1,1748525,0.000,1.000,10.6673,12.8006
ROI_075/patch_155,nearest,0–16,1,6384,0.000,1.000,12.0946,12.9336
ROI_075/patch_155,nearest,16–32,1,18530,0.000,1.000,11.8174,12.6699
ROI_075/patch_155,nearest,32–64,1,69679,0.000,1.000,11.7028,12.5321
ROI_075/patch_155,nearest,64–128,1,139378,0.000,1.000,14.7075,15.4881
ROI_075/patch_155,nearest,≥128,1,28173,0.000,1.000,20.4323,21.1861
ROI_075/patch_155,own,0–16,1,6384,0.000,1.000,12.0756,12.9056
ROI_075/patch_155,own,16–32,1,18530,0.000,1.000,11.7826,12.6279
ROI_075/patch_155,own,32–64,1,70819,0.000,1.000,11.7738,12.6077
ROI_075/patch_155,own,64–128,1,262890,0.000,1.000,13.4356,14.1858
ROI_075/patch_155,own,≥128,1,1738529,0.000,1.000,14.2119,15.0086
ROI_075/patch_156,nearest,0–16,1,6358,0.000,1.000,21.7737,23.8171
ROI_075/patch_156,nearest,16–32,1,17795,0.000,1.000,21.9509,23.9820
ROI_075/patch_156,nearest,32–64,1,61262,0.000,1.000,23.2347,25.1556
ROI_075/patch_156,nearest,64–128,1,118037,0.000,1.000,26.5237,28.4653
ROI_075/patch_156,nearest,≥128,1,58692,0.000,1.000,26.5783,28.3599
ROI_075/patch_156,own,0–16,1,6358,0.000,1.000,21.6515,23.6877
ROI_075/patch_156,own,16–32,1,17795,0.000,1.000,22.0148,24.0531
ROI_075/patch_156,own,32–64,1,62929,0.000,1.000,22.7396,24.6578
ROI_075/patch_156,own,64–128,1,195724,0.000,1.000,23.5266,25.4254
ROI_075/patch_156,own,≥128,1,1814346,0.000,1.000,27.1907,29.1345
ROI_075/patch_157,nearest,0–16,1,6267,0.000,1.000,25.3834,26.0144
ROI_075/patch_157,nearest,16–32,1,17648,0.000,1.000,25.2423,25.8857
ROI_075/patch_157,nearest,32–64,1,59736,0.000,1.000,31.9882,32.6477
ROI_075/patch_157,nearest,64–128,1,123536,0.000,1.000,45.5108,46.2229
ROI_075/patch_157,nearest,≥128,1,54957,0.000,1.000,81.3482,82.1753
ROI_075/patch_157,own,0–16,1,6267,0.000,1.000,24.6504,25.2642
ROI_075/patch_157,own,16–32,1,17648,0.000,1.000,26.0248,26.6663
ROI_075/patch_157,own,32–64,1,69002,0.000,1.000,30.8971,31.5478
ROI_075/patch_157,own,64–128,1,249042,0.000,1.000,39.2499,40.0070
ROI_075/patch_157,own,≥128,1,1755193,0.000,1.000,63.7882,64.4465
ROI_075/patch_158,nearest,0–16,1,6446,0.000,1.000,11.2051,13.6243
ROI_075/patch_158,nearest,16–32,1,19314,0.000,1.000,11.2884,13.7633
ROI_075/patch_158,nearest,32–64,1,66960,0.000,1.000,12.5595,15.1257
ROI_075/patch_158,nearest,64–128,1,132203,0.000,1.000,18.9102,21.3344
ROI_075/patch_158,nearest,≥128,1,37221,0.000,1.000,28.7646,30.5694
ROI_075/patch_158,own,0–16,1,6446,0.000,1.000,11.2360,13.6489
ROI_075/patch_158,own,16–32,1,19314,0.000,1.000,11.3051,13.8013
ROI_075/patch_158,own,32–64,1,74133,0.000,1.000,12.2712,14.8364
ROI_075/patch_158,own,64–128,1,248086,0.000,1.000,14.4776,17.0949
ROI_075/patch_158,own,≥128,1,1749173,0.000,1.000,19.0383,21.3138
ROI_075/patch_159,nearest,0–16,1,6312,0.000,1.000,23.9448,24.2496
ROI_075/patch_159,nearest,16–32,1,18214,0.000,1.000,24.1517,24.4574
ROI_075/patch_159,nearest,32–64,1,60936,0.000,1.000,24.5144,24.8030
ROI_075/patch_159,nearest,64–128,1,132962,0.000,1.000,32.7478,33.0006
ROI_075/patch_159,nearest,≥128,1,43720,0.000,1.000,73.5608,73.8906
ROI_075/patch_159,own,0–16,1,6312,0.000,1.000,23.8962,24.2017
ROI_075/patch_159,own,16–32,1,18214,0.000,1.000,24.0111,24.3111
ROI_075/patch_159,own,32–64,1,65990,0.000,1.000,24.4054,24.7061
ROI_075/patch_159,own,64–128,1,225576,0.000,1.000,29.1774,29.4281
ROI_075/patch_159,own,≥128,1,1781060,0.000,1.000,46.4820,46.7182
ROI_075/patch_160,nearest,0–16,1,6245,0.000,1.000,26.8384,28.1582
ROI_075/patch_160,nearest,16–32,1,17858,0.000,1.000,28.6412,29.9970
ROI_075/patch_160,nearest,32–64,1,62387,0.000,1.000,32.0451,33.4301
ROI_075/patch_160,nearest,64–128,1,109669,0.000,1.000,42.2800,43.6375
ROI_075/patch_160,nearest,≥128,1,65985,0.000,1.000,48.8241,50.1409
ROI_075/patch_160,own,0–16,1,6245,0.000,1.000,26.8599,28.1926
ROI_075/patch_160,own,16–32,1,17858,0.000,1.000,28.4885,29.8367
ROI_075/patch_160,own,32–64,1,70241,0.000,1.000,31.7993,33.1834
ROI_075/patch_160,own,64–128,1,249401,0.000,1.000,40.6967,42.0584
ROI_075/patch_160,own,≥128,1,1753407,0.000,1.000,44.5962,45.9930
ROI_075/patch_161,nearest,0–16,1,6434,0.000,1.000,64.6441,65.4215
ROI_075/patch_161,nearest,16–32,1,18515,0.000,1.000,61.8962,62.7042
ROI_075/patch_161,nearest,32–64,1,63753,0.000,1.000,58.2074,59.0308
ROI_075/patch_161,nearest,64–128,1,110051,0.000,1.000,72.5564,73.4274
ROI_075/patch_161,nearest,≥128,1,63391,0.000,1.000,86.0240,86.5065
ROI_075/patch_161,own,0–16,1,6434,0.000,1.000,64.7885,65.5579
ROI_075/patch_161,own,16–32,1,18515,0.000,1.000,60.5437,61.3763
ROI_075/patch_161,own,32–64,1,65316,0.000,1.000,59.9611,60.7466
ROI_075/patch_161,own,64–128,1,214989,0.000,1.000,68.7240,69.6237
ROI_075/patch_161,own,≥128,1,1791898,0.000,1.000,72.6471,73.2702
ROI_075/patch_162,nearest,0–16,1,7217,0.000,1.000,6.8501,7.8550
ROI_075/patch_162,nearest,16–32,1,21576,0.000,1.000,12.6705,13.6711
ROI_075/patch_162,nearest,32–64,1,79211,0.000,1.000,13.0305,14.0390
ROI_075/patch_162,nearest,64–128,1,140636,0.000,1.000,43.4128,44.4324
ROI_075/patch_162,nearest,≥128,1,13504,0.000,1.000,314.7033,315.8471
ROI_075/patch_162,own,0–16,1,7217,0.000,1.000,6.7270,7.7259
ROI_075/patch_162,own,16–32,1,21576,0.000,1.000,10.2525,11.2551
ROI_075/patch_162,own,32–64,1,79817,0.000,1.000,13.2276,14.2427
ROI_075/patch_162,own,64–128,1,271745,0.000,1.000,16.8545,17.8866
ROI_075/patch_162,own,≥128,1,1978941,0.000,1.000,32.9090,33.9479
ROI_075/patch_163,nearest,0–16,1,7031,0.000,1.000,21.7407,22.9129
ROI_075/patch_163,nearest,16–32,1,20371,0.000,1.000,21.2108,22.4057
ROI_075/patch_163,nearest,32–64,1,70493,0.000,1.000,30.1334,31.4592
ROI_075/patch_163,nearest,64–128,1,136456,0.000,1.000,32.1738,33.4197
ROI_075/patch_163,nearest,≥128,1,27793,0.000,1.000,23.5634,25.2021
ROI_075/patch_163,own,0–16,1,7031,0.000,1.000,21.3889,22.5856
ROI_075/patch_163,own,16–32,1,20371,0.000,1.000,21.5421,22.7718
ROI_075/patch_163,own,32–64,1,74791,0.000,1.000,26.9415,28.1663
ROI_075/patch_163,own,64–128,1,266497,0.000,1.000,26.1351,27.3158
ROI_075/patch_163,own,≥128,1,1990606,0.000,1.000,30.9969,32.2471
ROI_075/patch_164,nearest,0–16,1,6431,0.000,1.000,10.2476,16.9620
ROI_075/patch_164,nearest,16–32,1,18610,0.000,1.000,10.1937,16.8724
ROI_075/patch_164,nearest,32–64,1,68416,0.000,1.000,11.4031,18.0003
ROI_075/patch_164,nearest,64–128,1,132349,0.000,1.000,19.0198,25.6229
ROI_075/patch_164,nearest,≥128,1,36338,0.000,1.000,31.2147,37.8983
ROI_075/patch_164,own,0–16,1,6431,0.000,1.000,10.2038,16.9171
ROI_075/patch_164,own,16–32,1,18610,0.000,1.000,10.3616,17.0315
ROI_075/patch_164,own,32–64,1,69848,0.000,1.000,11.1903,17.7722
ROI_075/patch_164,own,64–128,1,248820,0.000,1.000,15.2549,21.9453
ROI_075/patch_164,own,≥128,1,1753443,0.000,1.000,19.1188,25.6699
ROI_075/patch_165,nearest,0–16,1,7199,0.000,1.000,17.8040,21.0560
ROI_075/patch_165,nearest,16–32,1,20675,0.000,1.000,17.8275,21.1136
ROI_075/patch_165,nearest,32–64,1,63903,0.000,1.000,18.1193,21.5668
ROI_075/patch_165,nearest,64–128,1,111335,0.000,1.000,47.5984,51.4276
ROI_075/patch_165,nearest,≥128,1,59032,0.000,1.000,179.6526,184.2263
ROI_075/patch_165,own,0–16,1,7199,0.000,1.000,17.6576,21.0095
ROI_075/patch_165,own,16–32,1,20675,0.000,1.000,18.4944,21.8826
ROI_075/patch_165,own,32–64,1,77249,0.000,1.000,18.9458,22.3234
ROI_075/patch_165,own,64–128,1,258408,0.000,1.000,36.5678,39.9513
ROI_075/patch_165,own,≥128,1,1995765,0.000,1.000,131.3455,134.8503
ROI_075/patch_166,nearest,0–16,1,6429,0.000,1.000,18.1436,19.1764
ROI_075/patch_166,nearest,16–32,1,17914,0.000,1.000,18.7965,19.8744
ROI_075/patch_166,nearest,32–64,1,60241,0.000,1.000,27.1743,28.2961
ROI_075/patch_166,nearest,64–128,1,136408,0.000,1.000,117.1280,118.6910
ROI_075/patch_166,nearest,≥128,1,41152,0.000,1.000,949.3730,951.0311
ROI_075/patch_166,own,0–16,1,6429,0.000,1.000,18.1896,19.2200
ROI_075/patch_166,own,16–32,1,18357,0.000,1.000,19.3079,20.3848
ROI_075/patch_166,own,32–64,1,67178,0.000,1.000,26.1566,27.2601
ROI_075/patch_166,own,64–128,1,237698,0.000,1.000,66.5235,67.9396
ROI_075/patch_166,own,≥128,1,1767490,0.000,1.000,106.2221,107.5909
ROI_075/patch_167,nearest,0–16,1,7171,0.000,1.000,59.1335,60.8119
ROI_075/patch_167,nearest,16–32,1,20392,0.000,1.000,57.7249,59.4117
ROI_075/patch_167,nearest,32–64,1,62151,0.000,1.000,61.3456,63.0848
ROI_075/patch_167,nearest,64–128,1,110979,0.000,1.000,162.3834,164.5228
ROI_075/patch_167,nearest,≥128,1,61451,0.000,1.000,430.0921,432.6933
ROI_075/patch_167,own,0–16,1,7171,0.000,1.000,59.9100,61.5916
ROI_075/patch_167,own,16–32,1,20425,0.000,1.000,58.9977,60.6813
ROI_075/patch_167,own,32–64,1,71088,0.000,1.000,58.7420,60.4368
ROI_075/patch_167,own,64–128,1,239704,0.000,1.000,101.6490,103.7389
ROI_075/patch_167,own,≥128,1,2020908,0.000,1.000,143.8850,146.1644
ROI_075/patch_168,nearest,0–16,1,6430,0.000,1.000,103.6876,107.9344
ROI_075/patch_168,nearest,16–32,1,18793,0.000,1.000,105.8923,110.0912
ROI_075/patch_168,nearest,32–64,1,58859,0.000,1.000,114.2977,118.3367
ROI_075/patch_168,nearest,64–128,1,102803,0.000,1.000,155.2098,158.8077
ROI_075/patch_168,nearest,≥128,1,75259,0.000,1.000,247.2691,249.9205
ROI_075/patch_168,own,0–16,1,6430,0.000,1.000,102.6440,106.8951
ROI_075/patch_168,own,16–32,1,19160,0.000,1.000,105.1022,109.3560
ROI_075/patch_168,own,32–64,1,73588,0.000,1.000,104.5888,108.7204
ROI_075/patch_168,own,64–128,1,261259,0.000,1.000,141.1439,144.7645
ROI_075/patch_168,own,≥128,1,1736715,0.000,1.000,151.9363,154.8673
ROI_075/patch_169,nearest,0–16,1,6265,0.000,1.000,6.4182,9.1440
ROI_075/patch_169,nearest,16–32,1,18267,0.000,1.000,6.6175,9.4199
ROI_075/patch_169,nearest,32–64,1,63977,0.000,1.000,19.5257,22.3378
ROI_075/patch_169,nearest,64–128,1,106954,0.000,1.000,146.4991,149.2692
ROI_075/patch_169,nearest,≥128,1,66681,0.000,1.000,82.0033,84.5128
ROI_075/patch_169,own,0–16,1,6265,0.000,1.000,6.4229,9.1559
ROI_075/patch_169,own,16–32,1,18331,0.000,1.000,6.4918,9.3407
ROI_075/patch_169,own,32–64,1,71472,0.000,1.000,16.2946,19.1288
ROI_075/patch_169,own,64–128,1,265107,0.000,1.000,91.8691,94.6400
ROI_075/patch_169,own,≥128,1,1735977,0.000,1.000,269.7520,272.5605
ROI_075/patch_170,nearest,0–16,1,6438,0.000,1.000,20.1774,25.2992
ROI_075/patch_170,nearest,16–32,1,18773,0.000,1.000,20.8621,25.9813
ROI_075/patch_170,nearest,32–64,1,68490,0.000,1.000,32.8347,38.0329
ROI_075/patch_170,nearest,64–128,1,128463,0.000,1.000,235.7046,241.1043
ROI_075/patch_170,nearest,≥128,1,39980,0.000,1.000,806.2550,814.4638
ROI_075/patch_170,own,0–16,1,6438,0.000,1.000,20.1444,25.2650
ROI_075/patch_170,own,16–32,1,18773,0.000,1.000,20.1570,25.2239
ROI_075/patch_170,own,32–64,1,70838,0.000,1.000,31.0142,36.0791
ROI_075/patch_170,own,64–128,1,253561,0.000,1.000,140.0269,145.0257
ROI_075/patch_170,own,≥128,1,1747542,0.000,1.000,539.5829,544.2233
ROI_075/patch_171,nearest,0–16,1,6440,0.000,1.000,11.8887,14.5627
ROI_075/patch_171,nearest,16–32,1,18873,0.000,1.000,14.3966,17.1459
ROI_075/patch_171,nearest,32–64,1,57105,0.000,1.000,74.9807,77.3863
ROI_075/patch_171,nearest,64–128,1,102804,0.250,1.000,784.0542,786.6276
ROI_075/patch_171,nearest,≥128,1,76922,1.000,1.000,,
ROI_075/patch_171,own,0–16,1,6440,0.000,1.000,11.7861,14.4735
ROI_075/patch_171,own,16–32,1,18873,0.000,1.000,14.1455,16.9283
ROI_075/patch_171,own,32–64,1,70850,0.000,1.000,41.3149,43.7893
ROI_075/patch_171,own,64–128,1,264462,0.000,1.000,268.5244,270.7680
ROI_075/patch_171,own,≥128,1,1736527,0.600,1.000,426.2886,429.8018
ROI_075/patch_172,nearest,0–16,1,6423,0.000,1.000,9.0068,10.5067
ROI_075/patch_172,nearest,16–32,1,19308,0.000,1.000,8.9258,10.4965
ROI_075/patch_172,nearest,32–64,1,71754,0.000,1.000,15.4382,17.0824
ROI_075/patch_172,nearest,64–128,1,129056,0.000,1.000,467.6356,468.9488
ROI_075/patch_172,nearest,≥128,1,35603,1.000,1.000,,
ROI_075/patch_172,own,0–16,1,6423,0.000,1.000,9.0599,10.5571
ROI_075/patch_172,own,16–32,1,19308,0.000,1.000,8.9963,10.5633
ROI_075/patch_172,own,32–64,1,74383,0.000,1.000,14.0378,15.6691
ROI_075/patch_172,own,64–128,1,249856,0.000,1.000,211.5352,212.9012
ROI_075/patch_172,own,≥128,1,1747182,0.050,1.000,536.3458,537.6010
ROI_075/patch_173,nearest,0–16,1,7241,0.000,1.000,11.4138,12.4501
ROI_075/patch_173,nearest,16–32,1,21706,0.000,1.000,12.9493,13.9957
ROI_075/patch_173,nearest,32–64,1,73517,0.000,1.000,24.9673,26.1690
ROI_075/patch_173,nearest,64–128,1,116792,0.000,1.000,138.0760,140.8340
ROI_075/patch_173,nearest,≥128,1,42888,1.000,1.000,,
ROI_075/patch_173,own,0–16,1,7241,0.000,1.000,11.4159,12.4505
ROI_075/patch_173,own,16–32,1,21706,0.000,1.000,12.8620,13.9146
ROI_075/patch_173,own,32–64,1,82569,0.000,1.000,19.5597,20.6977
ROI_075/patch_173,own,64–128,1,284795,0.000,1.000,115.4273,117.9246
ROI_075/patch_173,own,≥128,1,1962985,0.000,1.000,282.2910,286.7466
ROI_075/patch_174,nearest,0–16,1,6184,0.000,1.000,7.6206,10.4957
ROI_075/patch_174,nearest,16–32,1,17487,0.000,1.000,8.1016,10.9186
ROI_075/patch_174,nearest,32–64,1,63414,0.000,1.000,24.7001,27.2635
ROI_075/patch_174,nearest,64–128,1,120836,0.000,1.000,202.8067,205.2804
ROI_075/patch_174,nearest,≥128,1,54223,0.050,1.000,3410.0760,3415.5954
ROI_075/patch_174,own,0–16,1,6184,0.000,1.000,7.5013,10.3948
ROI_075/patch_174,own,16–32,1,17487,0.000,1.000,8.0832,10.8990
ROI_075/patch_174,own,32–64,1,67711,0.000,1.000,25.0709,27.5984
ROI_075/patch_174,own,64–128,1,245083,0.000,1.000,133.5388,135.9089
ROI_075/patch_174,own,≥128,1,1760687,0.000,1.000,1057.0623,1060.1771
ROI_075/patch_175,nearest,0–16,1,7229,0.000,1.000,9.5674,12.4726
ROI_075/patch_175,nearest,16–32,1,21494,0.000,1.000,9.5023,12.4612
ROI_075/patch_175,nearest,32–64,1,70117,0.000,1.000,20.0492,23.7771
ROI_075/patch_175,nearest,64–128,1,112117,0.000,1.000,337.1762,346.1004
ROI_075/patch_175,nearest,≥128,1,51187,1.000,1.000,,
ROI_075/patch_175,own,0–16,1,7229,0.000,1.000,9.5461,12.4588
ROI_075/patch_175,own,16–32,1,21494,0.000,1.000,9.5696,12.5203
ROI_075/patch_175,own,32–64,1,81160,0.000,1.000,20.1384,23.8554
ROI_075/patch_175,own,64–128,1,283658,0.000,1.000,184.2122,190.8710
ROI_075/patch_175,own,≥128,1,1965755,0.000,1.000,756.6152,764.7004
ROI_075/patch_177,nearest,0–16,1,6425,0.000,1.000,5.4884,9.8976
ROI_075/patch_177,nearest,16–32,1,18993,0.000,1.000,6.0094,10.4067
ROI_075/patch_177,nearest,32–64,1,57424,0.000,1.000,139.1967,143.9042
ROI_075/patch_177,nearest,64–128,1,89649,0.650,1.000,889.7566,895.9499
ROI_075/patch_177,nearest,≥128,1,89653,1.000,1.000,,
ROI_075/patch_177,own,0–16,1,6425,0.000,1.000,5.5170,9.9374
ROI_075/patch_177,own,16–32,1,19308,0.000,1.000,5.7955,10.1916
ROI_075/patch_177,own,32–64,1,75885,0.000,1.000,89.8387,94.6531
ROI_075/patch_177,own,64–128,1,275767,0.050,1.000,618.9122,625.0206
ROI_075/patch_177,own,≥128,1,1719767,0.450,1.000,2276.5738,2286.5443
ROI_075/patch_178,nearest,0–16,1,6434,0.000,1.000,14.2493,16.8066
ROI_075/patch_178,nearest,16–32,1,17889,0.000,1.000,15.2349,18.1802
ROI_075/patch_178,nearest,32–64,1,52502,0.000,1.000,16.6855,19.7976
ROI_075/patch_178,nearest,64–128,1,101661,0.300,1.000,795.0390,799.6550
ROI_075/patch_178,nearest,≥128,1,83658,1.000,1.000,,
ROI_075/patch_178,own,0–16,1,6434,0.000,1.000,14.3063,16.8464
ROI_075/patch_178,own,16–32,1,18451,0.000,1.000,15.2176,18.3174
ROI_075/patch_178,own,32–64,1,67267,0.000,1.000,16.5178,19.3005
ROI_075/patch_178,own,64–128,1,240005,0.000,1.000,219.0818,223.0878
ROI_075/patch_178,own,≥128,1,1764995,0.900,1.000,6107.7167,6120.8437
ROI_075/patch_179,nearest,0–16,1,6442,0.000,1.000,8.1108,8.2725
ROI_075/patch_179,nearest,16–32,1,18313,0.000,1.000,6.4647,6.6395
ROI_075/patch_179,nearest,32–64,1,56516,0.000,1.000,36.9847,37.3572
ROI_075/patch_179,nearest,64–128,1,89920,0.000,1.000,865.8293,867.0105
ROI_075/patch_179,nearest,≥128,1,90953,1.000,1.000,,
ROI_075/patch_179,own,0–16,1,6442,0.000,1.000,8.0801,8.2422
ROI_075/patch_179,own,16–32,1,18788,0.000,1.000,6.8997,7.0737
ROI_075/patch_179,own,32–64,1,67012,0.000,1.000,29.3507,29.6440
ROI_075/patch_179,own,64–128,1,237577,0.000,1.000,345.2556,346.0500
ROI_075/patch_179,own,≥128,1,1767333,0.300,1.000,6315.1379,6326.7805
ROI_075/patch_180,nearest,0–16,1,6426,1.000,1.000,,
ROI_075/patch_180,nearest,16–32,1,19209,1.000,1.000,,
ROI_075/patch_180,nearest,32–64,1,60633,1.000,1.000,,
ROI_075/patch_180,nearest,64–128,1,95654,1.000,1.000,,
ROI_075/patch_180,nearest,≥128,1,80222,1.000,1.000,,
ROI_075/patch_180,own,0–16,1,6426,1.000,1.000,,
ROI_075/patch_180,own,16–32,1,19233,1.000,1.000,,
ROI_075/patch_180,own,32–64,1,69287,1.000,1.000,,
ROI_075/patch_180,own,64–128,1,251156,1.000,1.000,,
ROI_075/patch_180,own,≥128,1,1751050,1.000,1.000,,
ROI_075/patch_181,nearest,0–16,1,6431,0.000,1.000,30.8021,31.6068
ROI_075/patch_181,nearest,16–32,1,19281,0.000,1.000,31.3405,32.1747
ROI_075/patch_181,nearest,32–64,1,62314,0.000,1.000,36.0069,37.2837
ROI_075/patch_181,nearest,64–128,1,78972,0.000,1.000,563.3677,565.9654
ROI_075/patch_181,nearest,≥128,1,95146,0.900,1.000,9096.8702,9103.4808
ROI_075/patch_181,own,0–16,1,6431,0.000,1.000,30.8160,31.6197
ROI_075/patch_181,own,16–32,1,19293,0.000,1.000,31.3437,32.1959
ROI_075/patch_181,own,32–64,1,73029,0.000,1.000,37.6868,39.0637
ROI_075/patch_181,own,64–128,1,247296,0.000,1.000,463.7410,464.9717
ROI_075/patch_181,own,≥128,1,1751103,0.450,1.000,5793.9952,5795.6848
ROI_080/patch_1,nearest,0–16,1,6435,0.000,1.000,7.6979,8.5717
ROI_080/patch_1,nearest,16–32,1,19234,0.000,1.000,7.7059,8.5866
ROI_080/patch_1,nearest,32–64,1,66565,0.000,1.000,7.4940,8.3827
ROI_080/patch_1,nearest,64–128,1,131699,0.000,1.000,7.9466,8.7902
ROI_080/patch_1,nearest,≥128,1,38211,0.000,1.000,8.8429,9.6086
ROI_080/patch_1,own,0–16,1,6435,0.000,1.000,7.6986,8.5666
ROI_080/patch_1,own,16–32,1,19234,0.000,1.000,7.6711,8.5514
ROI_080/patch_1,own,32–64,1,72115,0.000,1.000,7.7593,8.6274
ROI_080/patch_1,own,64–128,1,243138,0.000,1.000,7.7996,8.6736
ROI_080/patch_1,own,≥128,1,1756230,0.000,1.000,7.9105,8.7031
ROI_080/patch_3,nearest,0–16,1,6087,0.000,1.000,13.7823,15.1672
ROI_080/patch_3,nearest,16–32,1,16426,0.000,1.000,14.0051,15.4702
ROI_080/patch_3,nearest,32–64,1,46508,0.000,1.000,14.4054,15.8874
ROI_080/patch_3,nearest,64–128,1,107414,0.000,1.000,14.5841,16.3887
ROI_080/patch_3,nearest,≥128,1,85709,0.000,1.000,13.1978,14.8642
ROI_080/patch_3,own,0–16,1,6235,0.000,1.000,13.7689,15.1714
ROI_080/patch_3,own,16–32,1,18087,0.000,1.000,13.9905,15.4402
ROI_080/patch_3,own,32–64,1,66854,0.000,1.000,14.3736,15.9046
ROI_080/patch_3,own,64–128,1,212094,0.000,1.000,14.7811,16.4920
ROI_080/patch_3,own,≥128,1,1793882,0.000,1.000,14.5683,16.2236
ROI_080/patch_4,nearest,0–16,1,6423,0.000,1.000,8.2277,9.1868
ROI_080/patch_4,nearest,16–32,1,19294,0.000,1.000,8.2352,9.1869
ROI_080/patch_4,nearest,32–64,1,60241,0.000,1.000,8.3220,9.2829
ROI_080/patch_4,nearest,64–128,1,96275,0.000,1.000,9.2878,10.3107
ROI_080/patch_4,nearest,≥128,1,79911,0.000,1.000,14.2081,15.1200
ROI_080/patch_4,own,0–16,1,6423,0.000,1.000,8.2376,9.1974
ROI_080/patch_4,own,16–32,1,19294,0.000,1.000,8.2089,9.1614
ROI_080/patch_4,own,32–64,1,76829,0.000,1.000,8.2681,9.2219
ROI_080/patch_4,own,64–128,1,267602,0.000,1.000,8.6581,9.6655
ROI_080/patch_4,own,≥128,1,1727004,0.000,1.000,10.5186,11.4839
ROI_080/patch_5,nearest,0–16,1,6433,0.000,1.000,8.0044,9.5212
ROI_080/patch_5,nearest,16–32,1,19299,0.000,1.000,7.6888,9.2152
ROI_080/patch_5,nearest,32–64,1,62870,0.000,1.000,7.9656,9.4661
ROI_080/patch_5,nearest,64–128,1,85004,0.000,1.000,7.2033,8.8020
ROI_080/patch_5,nearest,≥128,1,88538,0.000,1.000,48.7037,50.5964
ROI_080/patch_5,own,0–16,1,6433,0.000,1.000,7.9406,9.4585
ROI_080/patch_5,own,16–32,1,19299,0.000,1.000,7.6812,9.1931
ROI_080/patch_5,own,32–64,1,73465,0.000,1.000,8.1279,9.6318
ROI_080/patch_5,own,64–128,1,244413,0.000,1.000,7.8131,9.2864
ROI_080/patch_5,own,≥128,1,1753542,0.000,1.000,16.0866,17.6063
ROI_080/patch_7,nearest,0–16,1,6437,0.000,1.000,3.8460,4.4567
ROI_080/patch_7,nearest,16–32,1,18673,0.000,1.000,3.8013,4.4221
ROI_080/patch_7,nearest,32–64,1,56298,0.000,1.000,3.8614,4.5199
ROI_080/patch_7,nearest,64–128,1,108180,0.000,1.000,4.8084,5.4742
ROI_080/patch_7,nearest,≥128,1,72556,0.000,1.000,43.2842,43.9709
ROI_080/patch_7,own,0–16,1,6437,0.000,1.000,3.8347,4.4446
ROI_080/patch_7,own,16–32,1,18820,0.000,1.000,3.8132,4.4307
ROI_080/patch_7,own,32–64,1,68902,0.000,1.000,3.8347,4.4796
ROI_080/patch_7,own,64–128,1,232998,0.000,1.000,4.2766,4.9519
ROI_080/patch_7,own,≥128,1,1769995,0.000,1.000,7.7288,8.4243
ROI_080/patch_8,nearest,0–16,1,6391,0.000,1.000,14.2075,14.3945
ROI_080/patch_8,nearest,16–32,1,18525,0.000,1.000,14.1020,14.2894
ROI_080/patch_8,nearest,32–64,1,61912,0.000,1.000,14.3445,14.5425
ROI_080/patch_8,nearest,64–128,1,121835,0.000,1.000,17.1190,17.3716
ROI_080/patch_8,nearest,≥128,1,53481,0.000,1.000,42.9197,43.4046
ROI_080/patch_8,own,0–16,1,6391,0.000,1.000,14.2114,14.3995
ROI_080/patch_8,own,16–32,1,18525,0.000,1.000,14.0959,14.2880
ROI_080/patch_8,own,32–64,1,67293,0.000,1.000,14.1836,14.3808
ROI_080/patch_8,own,64–128,1,228232,0.000,1.000,15.5536,15.7798
ROI_080/patch_8,own,≥128,1,1776711,0.000,1.000,25.2040,25.4486
ROI_080/patch_9,nearest,0–16,1,6407,0.000,1.000,12.9683,13.8000
ROI_080/patch_9,nearest,16–32,1,18528,0.000,1.000,12.8090,13.6692
ROI_080/patch_9,nearest,32–64,1,63514,0.000,1.000,13.1883,14.0335
ROI_080/patch_9,nearest,64–128,1,121012,0.000,1.000,13.5421,14.3133
ROI_080/patch_9,nearest,≥128,1,52683,0.000,1.000,17.1530,17.9073
ROI_080/patch_9,own,0–16,1,6407,0.000,1.000,12.9377,13.7613
ROI_080/patch_9,own,16–32,1,18528,0.000,1.000,12.8826,13.7345
ROI_080/patch_9,own,32–64,1,69468,0.000,1.000,13.4363,14.2726
ROI_080/patch_9,own,64–128,1,240324,0.000,1.000,13.7388,14.5479
ROI_080/patch_9,own,≥128,1,1762425,0.000,1.000,13.9160,14.7240
ROI_080/patch_11,nearest,0–16,1,6253,0.000,1.000,12.3512,12.9756
ROI_080/patch_11,nearest,16–32,1,17480,0.000,1.000,12.3223,12.9300
ROI_080/patch_11,nearest,32–64,1,62598,0.000,1.000,12.2857,12.8838
ROI_080/patch_11,nearest,64–128,1,126957,0.000,1.000,12.6367,13.2278
ROI_080/patch_11,nearest,≥128,1,48856,0.000,1.000,12.7358,13.4687
ROI_080/patch_11,own,0–16,1,6253,0.000,1.000,12.3295,12.9539
ROI_080/patch_11,own,16–32,1,18222,0.000,1.000,12.3246,12.9316
ROI_080/patch_11,own,32–64,1,67818,0.000,1.000,12.3344,12.9474
ROI_080/patch_11,own,64–128,1,241371,0.000,1.000,12.5266,13.1181
ROI_080/patch_11,own,≥128,1,1763488,0.000,1.000,12.8678,13.4929
ROI_080/patch_14,nearest,0–16,1,6373,0.000,1.000,4.1780,4.8766
ROI_080/patch_14,nearest,16–32,1,17824,0.000,1.000,4.1926,4.8769
ROI_080/patch_14,nearest,32–64,1,57170,0.000,1.000,4.1544,4.8440
ROI_080/patch_14,nearest,64–128,1,103997,0.000,1.000,4.2171,5.0021
ROI_080/patch_14,nearest,≥128,1,76780,0.000,1.000,4.4577,5.6832
ROI_080/patch_14,own,0–16,1,6373,0.000,1.000,4.2044,4.8998
ROI_080/patch_14,own,16–32,1,17854,0.000,1.000,4.1381,4.8254
ROI_080/patch_14,own,32–64,1,66782,0.000,1.000,4.1253,4.8265
ROI_080/patch_14,own,64–128,1,252964,0.000,1.000,4.1532,4.8542
ROI_080/patch_14,own,≥128,1,1753179,0.000,1.000,3.7838,4.5623
ROI_080/patch_18,nearest,0–16,1,6426,0.000,1.000,2.9014,3.6004
ROI_080/patch_18,nearest,16–32,1,18493,0.000,1.000,2.8623,3.5526
ROI_080/patch_18,nearest,32–64,1,59062,0.000,1.000,2.8606,3.5335
ROI_080/patch_18,nearest,64–128,1,130004,0.000,1.000,2.8159,3.3963
ROI_080/patch_18,nearest,≥128,1,48159,0.000,1.000,2.8655,3.2377
ROI_080/patch_18,own,0–16,1,6426,0.000,1.000,2.9008,3.5998
ROI_080/patch_18,own,16–32,1,18775,0.000,1.000,2.8560,3.5464
ROI_080/patch_18,own,32–64,1,70706,0.000,1.000,2.8516,3.5123
ROI_080/patch_18,own,64–128,1,230512,0.000,1.000,2.8523,3.4788
ROI_080/patch_18,own,≥128,1,1770733,0.000,1.000,2.7376,3.2548
ROI_080/patch_19,nearest,0–16,1,7240,0.000,1.000,9.5610,10.3910
ROI_080/patch_19,nearest,16–32,1,21629,0.000,1.000,9.0605,9.8920
ROI_080/patch_19,nearest,32–64,1,77589,0.000,1.000,9.2729,10.1031
ROI_080/patch_19,nearest,64–128,1,105168,0.000,1.000,10.2674,11.2008
ROI_080/patch_19,nearest,≥128,1,50518,0.000,1.000,24.9016,26.0790
ROI_080/patch_19,own,0–16,1,7240,0.000,1.000,9.5773,10.4071
ROI_080/patch_19,own,16–32,1,21629,0.000,1.000,8.7607,9.5974
ROI_080/patch_19,own,32–64,1,82920,0.000,1.000,9.3190,10.1514
ROI_080/patch_19,own,64–128,1,291570,0.000,1.000,9.9258,10.7775
ROI_080/patch_19,own,≥128,1,1955937,0.000,1.000,17.3688,18.2778
ROI_080/patch_22,nearest,0–16,1,6436,0.000,1.000,6.1008,6.6526
ROI_080/patch_22,nearest,16–32,1,18261,0.000,1.000,5.2413,5.8100
ROI_080/patch_22,nearest,32–64,1,58578,0.000,1.000,5.1294,5.7514
ROI_080/patch_22,nearest,64–128,1,114448,0.000,1.000,5.1831,5.7926
ROI_080/patch_22,nearest,≥128,1,64421,0.000,1.000,4.5650,5.9044
ROI_080/patch_22,own,0–16,1,6436,0.000,1.000,6.1268,6.6770
ROI_080/patch_22,own,16–32,1,19126,0.000,1.000,5.4797,6.0453
ROI_080/patch_22,own,32–64,1,71640,0.000,1.000,5.5526,6.1830
ROI_080/patch_22,own,64–128,1,234997,0.000,1.000,5.4396,6.0625
ROI_080/patch_22,own,≥128,1,1764953,0.000,1.000,4.6286,5.4318
ROI_080/patch_24,nearest,0–16,1,6440,0.000,1.000,5.2593,5.8102
ROI_080/patch_24,nearest,16–32,1,18855,0.000,1.000,4.6005,5.1821
ROI_080/patch_24,nearest,32–64,1,63184,0.000,1.000,4.4633,5.0848
ROI_080/patch_24,nearest,64–128,1,96103,0.000,1.000,4.2258,5.1812
ROI_080/patch_24,nearest,≥128,1,77562,0.000,1.000,4.7940,5.7982
ROI_080/patch_24,own,0–16,1,6440,0.000,1.000,5.2781,5.8280
ROI_080/patch_24,own,16–32,1,18855,0.000,1.000,4.5080,5.0981
ROI_080/patch_24,own,32–64,1,66782,0.000,1.000,4.5876,5.1970
ROI_080/patch_24,own,64–128,1,228228,0.000,1.000,4.7036,5.4568
ROI_080/patch_24,own,≥128,1,1776847,0.000,1.000,4.6285,5.5071
ROI_080/patch_25,nearest,0–16,1,6444,0.000,1.000,5.2881,5.4865
ROI_080/patch_25,nearest,16–32,1,17769,0.000,1.000,5.1064,5.3101
ROI_080/patch_25,nearest,32–64,1,55405,0.000,1.000,5.3264,5.5891
ROI_080/patch_25,nearest,64–128,1,130031,0.000,1.000,5.0092,5.5157
ROI_080/patch_25,nearest,≥128,1,52495,0.000,1.000,6.2268,6.9685
ROI_080/patch_25,own,0–16,1,6444,0.000,1.000,5.2814,5.4811
ROI_080/patch_25,own,16–32,1,17936,0.000,1.000,5.0666,5.2660
ROI_080/patch_25,own,32–64,1,60746,0.000,1.000,5.4960,5.7099
ROI_080/patch_25,own,64–128,1,201722,0.000,1.000,5.0480,5.5616
ROI_080/patch_25,own,≥128,1,1810304,0.000,1.000,5.2560,5.8040
ROI_080/patch_28,nearest,0–16,1,6431,0.000,1.000,18.9488,20.5490
ROI_080/patch_28,nearest,16–32,1,19109,0.000,1.000,18.7241,20.3109
ROI_080/patch_28,nearest,32–64,1,49954,0.000,1.000,18.2994,19.9040
ROI_080/patch_28,nearest,64–128,1,107049,0.000,1.000,32.4098,34.2492
ROI_080/patch_28,nearest,≥128,1,79601,0.000,1.000,154.7653,156.8581
ROI_080/patch_28,own,0–16,1,6431,0.000,1.000,19.0242,20.6250
ROI_080/patch_28,own,16–32,1,19153,0.000,1.000,18.7655,20.3349
ROI_080/patch_28,own,32–64,1,70907,0.000,1.000,19.0932,20.7690
ROI_080/patch_28,own,64–128,1,214898,0.000,1.000,38.6814,40.3448
ROI_080/patch_28,own,≥128,1,1785763,0.000,1.000,68.1675,70.2091
ROI_080/patch_29,nearest,0–16,1,6431,0.000,1.000,18.6570,19.6785
ROI_080/patch_29,nearest,16–32,1,18715,0.000,1.000,18.6462,19.6560
ROI_080/patch_29,nearest,32–64,1,68484,0.000,1.000,19.4153,20.4242
ROI_080/patch_29,nearest,64–128,1,125357,0.000,1.000,24.3620,25.3322
ROI_080/patch_29,nearest,≥128,1,43157,0.000,1.000,32.3073,33.3529
ROI_080/patch_29,own,0–16,1,6431,0.000,1.000,18.5178,19.5393
ROI_080/patch_29,own,16–32,1,18715,0.000,1.000,18.8607,19.8700
ROI_080/patch_29,own,32–64,1,70352,0.000,1.000,19.7037,20.7061
ROI_080/patch_29,own,64–128,1,245322,0.000,1.000,23.5484,24.5280
ROI_080/patch_29,own,≥128,1,1756332,0.000,1.000,25.1811,26.1808
ROI_080/patch_30,nearest,0–16,1,6276,0.000,1.000,25.8124,26.7220
ROI_080/patch_30,nearest,16–32,1,17934,0.000,1.000,25.5631,26.4737
ROI_080/patch_30,nearest,32–64,1,66486,0.000,1.000,26.8921,27.8552
ROI_080/patch_30,nearest,64–128,1,123572,0.000,1.000,29.7060,30.8111
ROI_080/patch_30,nearest,≥128,1,47876,0.000,1.000,47.3943,48.7769
ROI_080/patch_30,own,0–16,1,6276,0.000,1.000,25.7732,26.6908
ROI_080/patch_30,own,16–32,1,17934,0.000,1.000,25.6567,26.5640
ROI_080/patch_30,own,32–64,1,69080,0.000,1.000,26.0468,27.0105
ROI_080/patch_30,own,64–128,1,257497,0.000,1.000,28.0996,29.2334
ROI_080/patch_30,own,≥128,1,1746365,0.000,1.000,30.9659,32.0230
ROI_080/patch_32,nearest,0–16,1,6436,0.000,1.000,5.4589,6.9940
ROI_080/patch_32,nearest,16–32,1,19162,0.000,1.000,5.3997,6.9243
ROI_080/patch_32,nearest,32–64,1,68340,0.000,1.000,5.8754,7.4015
ROI_080/patch_32,nearest,64–128,1,102570,0.000,1.000,7.5173,9.0335
ROI_080/patch_32,nearest,≥128,1,65636,0.000,1.000,14.8497,16.3834
ROI_080/patch_32,own,0–16,1,6436,0.000,1.000,5.4489,6.9863
ROI_080/patch_32,own,16–32,1,19162,0.000,1.000,5.4768,6.9935
ROI_080/patch_32,own,32–64,1,71552,0.000,1.000,5.9116,7.4370
ROI_080/patch_32,own,64–128,1,271798,0.000,1.000,6.9561,8.4629
ROI_080/patch_32,own,≥128,1,1728204,0.000,1.000,11.1345,12.6828
ROI_080/patch_33,nearest,0–16,1,8037,0.000,1.000,17.4221,18.9466
ROI_080/patch_33,nearest,16–32,1,23619,0.000,1.000,17.3889,18.9036
ROI_080/patch_33,nearest,32–64,1,77969,0.000,1.000,17.5979,19.1170
ROI_080/patch_33,nearest,64–128,1,103707,0.000,1.000,17.7627,19.4066
ROI_080/patch_33,nearest,≥128,1,48812,0.000,1.000,19.5886,21.4960
ROI_080/patch_33,own,0–16,1,8037,0.000,1.000,17.4369,18.9675
ROI_080/patch_33,own,16–32,1,23619,0.000,1.000,17.4163,18.9316
ROI_080/patch_33,own,32–64,1,83999,0.000,1.000,17.6063,19.1191
ROI_080/patch_33,own,64–128,1,293976,0.000,1.000,17.9374,19.4726
ROI_080/patch_33,own,≥128,1,2211809,0.000,1.000,18.3978,20.0325
ROI_080/patch_34,nearest,0–16,1,6971,0.000,1.000,37.2776,38.0316
ROI_080/patch_34,nearest,16–32,1,19561,0.000,1.000,37.3556,38.1026
ROI_080/patch_34,nearest,32–64,1,64251,0.000,1.000,37.5573,38.3255
ROI_080/patch_34,nearest,64–128,1,117108,0.000,1.000,39.9988,40.9381
ROI_080/patch_34,nearest,≥128,1,54253,0.000,1.000,45.9792,46.8621
ROI_080/patch_34,own,0–16,1,6971,0.000,1.000,37.2617,38.0168
ROI_080/patch_34,own,16–32,1,20663,0.000,1.000,37.3120,38.0575
ROI_080/patch_34,own,32–64,1,81649,0.000,1.000,37.6222,38.3649
ROI_080/patch_34,own,64–128,1,277161,0.000,1.000,39.1660,40.0441
ROI_080/patch_34,own,≥128,1,1972852,0.000,1.000,41.0746,41.8038
ROI_080/patch_35,nearest,0–16,1,6428,0.000,1.000,24.6001,25.0879
ROI_080/patch_35,nearest,16–32,1,18118,0.000,1.000,24.6137,25.0980
ROI_080/patch_35,nearest,32–64,1,53037,0.000,1.000,25.1240,25.6541
ROI_080/patch_35,nearest,64–128,1,113857,0.000,1.000,26.8163,27.5082
ROI_080/patch_35,nearest,≥128,1,70704,0.000,1.000,29.8426,30.6944
ROI_080/patch_35,own,0–16,1,6428,0.000,1.000,24.5919,25.0805
ROI_080/patch_35,own,16–32,1,18330,0.000,1.000,24.5352,25.0322
ROI_080/patch_35,own,32–64,1,63585,0.000,1.000,25.0279,25.5247
ROI_080/patch_35,own,64–128,1,211317,0.000,1.000,26.1357,26.7094
ROI_080/patch_35,own,≥128,1,1797492,0.000,1.000,30.1533,30.7010
ROI_080/patch_38,nearest,0–16,1,6437,0.000,1.000,14.6973,15.9012
ROI_080/patch_38,nearest,16–32,1,18405,0.000,1.000,15.0566,16.2569
ROI_080/patch_38,nearest,32–64,1,65319,0.000,1.000,15.3518,16.5598
ROI_080/patch_38,nearest,64–128,1,107041,0.000,1.000,19.7520,20.9880
ROI_080/patch_38,nearest,≥128,1,64942,0.000,1.000,36.6853,37.9020
ROI_080/patch_38,own,0–16,1,6437,0.000,1.000,14.7211,15.9228
ROI_080/patch_38,own,16–32,1,19254,0.000,1.000,15.0363,16.2412
ROI_080/patch_38,own,32–64,1,74421,0.000,1.000,15.2389,16.4320
ROI_080/patch_38,own,64–128,1,284200,0.000,1.000,17.2301,18.4606
ROI_080/patch_38,own,≥128,1,1712840,0.000,1.000,25.5251,26.7213
ROI_080/patch_39,nearest,0–16,1,6440,0.000,1.000,2.1238,2.7534
ROI_080/patch_39,nearest,16–32,1,17975,0.000,1.000,2.6384,3.2941
ROI_080/patch_39,nearest,32–64,1,52515,0.000,1.000,3.0442,3.7341
ROI_080/patch_39,nearest,64–128,1,92216,0.000,1.000,3.9836,4.7736
ROI_080/patch_39,nearest,≥128,1,92998,0.000,1.000,84.3600,84.9892
ROI_080/patch_39,own,0–16,1,6440,0.000,1.000,2.1182,2.7492
ROI_080/patch_39,own,16–32,1,18827,0.000,1.000,2.5522,3.2007
ROI_080/patch_39,own,32–64,1,63795,0.000,1.000,2.8127,3.5158
ROI_080/patch_39,own,64–128,1,220443,0.000,1.000,3.6854,4.4482
ROI_080/patch_39,own,≥128,1,1787647,0.000,1.000,14.5796,15.2649
ROI_080/patch_44,nearest,0–16,1,6424,0.000,1.000,16.7625,17.6164
ROI_080/patch_44,nearest,16–32,1,18972,0.000,1.000,18.4663,19.3252
ROI_080/patch_44,nearest,32–64,1,63087,0.000,1.000,19.8400,20.7608
ROI_080/patch_44,nearest,64–128,1,113610,0.000,1.000,28.8512,29.8939
ROI_080/patch_44,nearest,≥128,1,60051,0.000,1.000,36.8677,37.6395
ROI_080/patch_44,own,0–16,1,6424,0.000,1.000,16.7619,17.6119
ROI_080/patch_44,own,16–32,1,18972,0.000,1.000,18.2080,19.0629
ROI_080/patch_44,own,32–64,1,73785,0.000,1.000,18.9704,19.8390
ROI_080/patch_44,own,64–128,1,264892,0.000,1.000,25.2656,26.2026
ROI_080/patch_44,own,≥128,1,1733079,0.000,1.000,31.2776,32.1569
ROI_080/patch_45,nearest,0–16,1,5947,0.000,1.000,11.8624,12.4707
ROI_080/patch_45,nearest,16–32,1,16224,0.000,1.000,11.8809,12.5101
ROI_080/patch_45,nearest,32–64,1,52980,0.000,1.000,12.2807,12.9477
ROI_080/patch_45,nearest,64–128,1,105048,0.000,1.000,13.9792,14.9881
ROI_080/patch_45,nearest,≥128,1,81945,0.000,1.000,27.6511,29.2057
ROI_080/patch_45,own,0–16,1,5947,0.000,1.000,11.8706,12.4887
ROI_080/patch_45,own,16–32,1,16826,0.000,1.000,11.8253,12.4396
ROI_080/patch_45,own,32–64,1,64043,0.000,1.000,12.3477,13.0102
ROI_080/patch_45,own,64–128,1,221078,0.000,1.000,14.1700,15.2161
ROI_080/patch_45,own,≥128,1,1789258,0.000,1.000,23.3743,24.4040
ROI_080/patch_46,nearest,0–16,1,6265,0.000,1.000,25.9568,27.1273
ROI_080/patch_46,nearest,16–32,1,17408,0.000,1.000,25.6873,26.8397
ROI_080/patch_46,nearest,32–64,1,56111,0.000,1.000,27.6456,28.8527
ROI_080/patch_46,nearest,64–128,1,116613,0.000,1.000,44.9195,46.3355
ROI_080/patch_46,nearest,≥128,1,65747,0.000,1.000,106.2342,107.8522
ROI_080/patch_46,own,0–16,1,6265,0.000,1.000,26.0662,27.2380
ROI_080/patch_46,own,16–32,1,17408,0.000,1.000,25.6975,26.8431
ROI_080/patch_46,own,32–64,1,63101,0.000,1.000,26.8655,28.0472
ROI_080/patch_46,own,64–128,1,223742,0.000,1.000,38.9180,40.2983
ROI_080/patch_46,own,≥128,1,1786636,0.000,1.000,67.6547,69.2104
ROI_080/patch_48,nearest,0–16,1,6427,0.000,1.000,19.0962,19.7075
ROI_080/patch_48,nearest,16–32,1,19309,0.000,1.000,19.1224,19.7307
ROI_080/patch_48,nearest,32–64,1,66593,0.000,1.000,19.6337,20.2993
ROI_080/patch_48,nearest,64–128,1,119062,0.000,1.000,23.5840,24.3572
ROI_080/patch_48,nearest,≥128,1,50753,0.000,1.000,39.7369,40.6133
ROI_080/patch_48,own,0–16,1,6427,0.000,1.000,19.0936,19.7043
ROI_080/patch_48,own,16–32,1,19309,0.000,1.000,18.9221,19.5302
ROI_080/patch_48,own,32–64,1,74060,0.000,1.000,19.4864,20.1247
ROI_080/patch_48,own,64–128,1,255616,0.000,1.000,22.2938,22.9806
ROI_080/patch_48,own,≥128,1,1741740,0.000,1.000,29.9966,30.7126
ROI_080/patch_50,nearest,0–16,1,6717,0.000,1.000,51.3891,52.4525
ROI_080/patch_50,nearest,16–32,1,17606,0.000,1.000,51.5516,52.6352
ROI_080/patch_50,nearest,32–64,1,48960,0.000,1.000,53.3140,54.4272
ROI_080/patch_50,nearest,64–128,1,94623,0.000,1.000,69.3277,70.6310
ROI_080/patch_50,nearest,≥128,1,94238,0.000,1.000,164.6135,166.0644
ROI_080/patch_50,own,0–16,1,6717,0.000,1.000,51.5032,52.5697
ROI_080/patch_50,own,16–32,1,18487,0.000,1.000,51.3828,52.4753
ROI_080/patch_50,own,32–64,1,70444,0.000,1.000,53.0768,54.1832
ROI_080/patch_50,own,64–128,1,251238,0.000,1.000,65.5513,66.7352
ROI_080/patch_50,own,≥128,1,2012410,0.000,1.000,112.0926,113.3496
ROI_080/patch_51,nearest,0–16,1,6201,0.000,1.000,2.8904,4.1908
ROI_080/patch_51,nearest,16–32,1,18222,0.000,1.000,2.9367,4.2300
ROI_080/patch_51,nearest,32–64,1,66825,0.000,1.000,3.2768,4.5979
ROI_080/patch_51,nearest,64–128,1,135791,0.000,1.000,8.9065,10.2162
ROI_080/patch_51,nearest,≥128,1,35105,0.000,1.000,39.5675,40.9976
ROI_080/patch_51,own,0–16,1,6201,0.000,1.000,2.8944,4.1980
ROI_080/patch_51,own,16–32,1,18222,0.000,1.000,2.9188,4.2047
ROI_080/patch_51,own,32–64,1,69325,0.000,1.000,3.3311,4.6484
ROI_080/patch_51,own,64–128,1,236003,0.000,1.000,6.5870,7.7843
ROI_080/patch_51,own,≥128,1,1767401,0.000,1.000,6.1113,7.3912
ROI_080/patch_52,nearest,0–16,1,6438,0.000,1.000,1.8075,3.1045
ROI_080/patch_52,nearest,16–32,1,19290,0.000,1.000,1.8709,3.1766
ROI_080/patch_52,nearest,32–64,1,65852,0.000,1.000,1.9730,3.2673
ROI_080/patch_52,nearest,64–128,1,137412,0.000,1.000,5.1113,6.4348
ROI_080/patch_52,nearest,≥128,1,33152,0.000,1.000,54.0077,55.8485
ROI_080/patch_52,own,0–16,1,6438,0.000,1.000,1.8084,3.0978
ROI_080/patch_52,own,16–32,1,19290,0.000,1.000,1.8744,3.1844
ROI_080/patch_52,own,32–64,1,69479,0.000,1.000,1.9236,3.2207
ROI_080/patch_52,own,64–128,1,241011,0.000,1.000,5.4278,6.7198
ROI_080/patch_52,own,≥128,1,1760934,0.000,1.000,7.7306,9.0894
ROI_080/patch_53,nearest,0–16,1,6293,0.000,1.000,7.4057,8.6212
ROI_080/patch_53,nearest,16–32,1,18404,0.000,1.000,7.2817,8.5062
ROI_080/patch_53,nearest,32–64,1,65382,0.000,1.000,7.1510,8.4144
ROI_080/patch_53,nearest,64–128,1,115979,0.000,1.000,7.0556,8.3265
ROI_080/patch_53,nearest,≥128,1,56086,0.000,1.000,7.7747,9.2135
ROI_080/patch_53,own,0–16,1,6293,0.000,1.000,7.3890,8.6036
ROI_080/patch_53,own,16–32,1,18404,0.000,1.000,7.2945,8.5106
ROI_080/patch_53,own,32–64,1,71249,0.000,1.000,7.1322,8.3845
ROI_080/patch_53,own,64–128,1,223921,0.000,1.000,6.9183,8.1533
ROI_080/patch_53,own,≥128,1,1777285,0.000,1.000,7.3730,8.6752
ROI_080/patch_54,nearest,0–16,1,6439,0.000,1.000,11.9294,12.7265
ROI_080/patch_54,nearest,16–32,1,18915,0.000,1.000,10.5668,11.4751
ROI_080/patch_54,nearest,32–64,1,58550,0.000,1.000,18.1992,19.3168
ROI_080/patch_54,nearest,64–128,1,86281,0.000,1.000,43.4588,44.8400
ROI_080/patch_54,nearest,≥128,1,91959,0.000,1.000,44.2965,45.3836
ROI_080/patch_54,own,0–16,1,6439,0.000,1.000,11.8396,12.6394
ROI_080/patch_54,own,16–32,1,19291,0.000,1.000,10.2687,11.1366
ROI_080/patch_54,own,32–64,1,73009,0.000,1.000,18.5069,19.6806
ROI_080/patch_54,own,64–128,1,248324,0.000,1.000,12.7438,13.8826
ROI_080/patch_54,own,≥128,1,1750089,0.000,1.000,12.4235,13.5079
ROI_080/patch_55,nearest,0–16,1,6189,0.000,1.000,10.7666,11.6309
ROI_080/patch_55,nearest,16–32,1,17526,0.000,1.000,10.7961,11.6625
ROI_080/patch_55,nearest,32–64,1,65700,0.000,1.000,10.8109,11.6867
ROI_080/patch_55,nearest,64–128,1,133296,0.000,1.000,13.1046,14.1306
ROI_080/patch_55,nearest,≥128,1,39433,0.000,1.000,20.0047,21.4256
ROI_080/patch_55,own,0–16,1,6189,0.000,1.000,10.7354,11.6014
ROI_080/patch_55,own,16–32,1,17526,0.000,1.000,10.9353,11.7916
ROI_080/patch_55,own,32–64,1,65770,0.000,1.000,11.1412,12.0272
ROI_080/patch_55,own,64–128,1,230010,0.000,1.000,11.3368,12.3080
ROI_080/patch_55,own,≥128,1,1777657,0.000,1.000,13.4962,14.6103
ROI_080/patch_57,nearest,0–16,1,6445,0.000,1.000,9.7193,11.3911
ROI_080/patch_57,nearest,16–32,1,18536,0.000,1.000,9.2188,10.8350
ROI_080/patch_57,nearest,32–64,1,65265,0.000,1.000,10.0962,11.8086
ROI_080/patch_57,nearest,64–128,1,110832,0.000,1.000,12.7341,14.4338
ROI_080/patch_57,nearest,≥128,1,61066,0.000,1.000,12.5747,14.7810
ROI_080/patch_57,own,0–16,1,6445,0.000,1.000,9.8149,11.4928
ROI_080/patch_57,own,16–32,1,18536,0.000,1.000,9.2292,10.8608
ROI_080/patch_57,own,32–64,1,67795,0.000,1.000,9.8027,11.5036
ROI_080/patch_57,own,64–128,1,235409,0.000,1.000,11.2387,12.8881
ROI_080/patch_57,own,≥128,1,1768967,0.000,1.000,11.3079,13.0817
ROI_080/patch_58,nearest,0–16,1,6427,0.000,1.000,8.0121,9.9378
ROI_080/patch_58,nearest,16–32,1,18735,0.000,1.000,7.9371,9.8408
ROI_080/patch_58,nearest,32–64,1,64705,0.000,1.000,7.6698,9.5651
ROI_080/patch_58,nearest,64–128,1,103127,0.000,1.000,7.8075,9.7985
ROI_080/patch_58,nearest,≥128,1,69150,0.000,1.000,8.1857,10.5863
ROI_080/patch_58,own,0–16,1,6427,0.000,1.000,8.0317,9.9617
ROI_080/patch_58,own,16–32,1,18735,0.000,1.000,7.9601,9.8566
ROI_080/patch_58,own,32–64,1,67976,0.000,1.000,7.7438,9.6593
ROI_080/patch_58,own,64–128,1,236793,0.000,1.000,7.6484,9.5537
ROI_080/patch_58,own,≥128,1,1767221,0.000,1.000,7.9703,9.8155
ROI_080/patch_59,nearest,0–16,1,5726,0.000,1.000,6.8425,8.3286
ROI_080/patch_59,nearest,16–32,1,16216,0.000,1.000,6.8856,8.3297
ROI_080/patch_59,nearest,32–64,1,51353,0.000,1.000,6.9378,8.3561
ROI_080/patch_59,nearest,64–128,1,87616,0.000,1.000,7.3379,8.9836
ROI_080/patch_59,nearest,≥128,1,101233,0.000,1.000,7.9382,9.9914
ROI_080/patch_59,own,0–16,1,5726,0.000,1.000,6.8598,8.3432
ROI_080/patch_59,own,16–32,1,16216,0.000,1.000,6.9111,8.3598
ROI_080/patch_59,own,32–64,1,60913,0.000,1.000,6.9152,8.3253
ROI_080/patch_59,own,64–128,1,197214,0.000,1.000,7.4969,9.0429
ROI_080/patch_59,own,≥128,1,1817083,0.000,1.000,7.0244,8.7963
ROI_080/patch_61,nearest,0–16,1,6070,0.000,1.000,38.2893,39.2925
ROI_080/patch_61,nearest,16–32,1,17256,0.000,1.000,38.6071,39.6015
ROI_080/patch_61,nearest,32–64,1,53572,0.000,1.000,39.0739,40.1298
ROI_080/patch_61,nearest,64–128,1,108403,0.000,1.000,43.2013,44.5299
ROI_080/patch_61,nearest,≥128,1,76843,0.000,1.000,71.2055,73.0402
ROI_080/patch_61,own,0–16,1,6070,0.000,1.000,38.1389,39.1415
ROI_080/patch_61,own,16–32,1,17615,0.000,1.000,38.2182,39.2189
ROI_080/patch_61,own,32–64,1,62806,0.000,1.000,39.6961,40.7132
ROI_080/patch_61,own,64–128,1,224147,0.000,1.000,42.1133,43.2690
ROI_080/patch_61,own,≥128,1,1786514,0.000,1.000,48.5031,49.7129
ROI_080/patch_63,nearest,0–16,1,6430,0.000,1.000,21.9692,23.6731
ROI_080/patch_63,nearest,16–32,1,17820,0.000,1.000,22.0144,23.7442
ROI_080/patch_63,nearest,32–64,1,60317,0.000,1.000,22.0328,23.8160
ROI_080/patch_63,nearest,64–128,1,131391,0.000,1.000,25.0938,27.0079
ROI_080/patch_63,nearest,≥128,1,46186,0.000,1.000,27.8995,29.8025
ROI_080/patch_63,own,0–16,1,6430,0.000,1.000,21.9583,23.6616
ROI_080/patch_63,own,16–32,1,18582,0.000,1.000,21.8970,23.6063
ROI_080/patch_63,own,32–64,1,68133,0.000,1.000,22.4711,24.2243
ROI_080/patch_63,own,64–128,1,227846,0.000,1.000,23.8566,25.6543
ROI_080/patch_63,own,≥128,1,1776161,0.000,1.000,23.0809,25.0844
ROI_080/patch_65,nearest,0–16,1,6440,0.000,1.000,37.9911,56.0768
ROI_080/patch_65,nearest,16–32,1,18751,0.000,1.000,38.2602,56.3169
ROI_080/patch_65,nearest,32–64,1,65477,0.000,1.000,39.2402,57.7420
ROI_080/patch_65,nearest,64–128,1,114138,0.000,1.000,52.6979,70.5753
ROI_080/patch_65,nearest,≥128,1,57338,0.000,1.000,51.9402,69.7375
ROI_080/patch_65,own,0–16,1,6440,0.000,1.000,38.0708,56.1880
ROI_080/patch_65,own,16–32,1,18751,0.000,1.000,38.1962,56.2603
ROI_080/patch_65,own,32–64,1,68172,0.000,1.000,38.5351,56.7227
ROI_080/patch_65,own,64–128,1,220115,0.000,1.000,45.8079,64.3227
ROI_080/patch_65,own,≥128,1,1783674,0.000,1.000,46.3834,64.7128
ROI_080/patch_67,nearest,0–16,1,6436,0.000,1.000,15.7497,17.3608
ROI_080/patch_67,nearest,16–32,1,19225,0.000,1.000,16.0056,17.6498
ROI_080/patch_67,nearest,32–64,1,70201,0.000,1.000,32.8632,35.1842
ROI_080/patch_67,nearest,64–128,1,123794,0.000,1.000,35.5532,37.6334
ROI_080/patch_67,nearest,≥128,1,42488,0.000,1.000,55.3987,57.1271
ROI_080/patch_67,own,0–16,1,6436,0.000,1.000,15.7879,17.4002
ROI_080/patch_67,own,16–32,1,19291,0.000,1.000,15.8332,17.4564
ROI_080/patch_67,own,32–64,1,75639,0.000,1.000,30.2307,32.6418
ROI_080/patch_67,own,64–128,1,261419,0.000,1.000,29.6860,31.8179
ROI_080/patch_67,own,≥128,1,1734367,0.000,1.000,44.1582,46.4485
ROI_080/patch_69,nearest,0–16,1,6334,0.000,1.000,18.2027,18.9039
ROI_080/patch_69,nearest,16–32,1,18438,0.000,1.000,18.3093,19.0068
ROI_080/patch_69,nearest,32–64,1,63967,0.000,1.000,19.0330,19.7794
ROI_080/patch_69,nearest,64–128,1,141384,0.000,1.000,19.5292,20.3290
ROI_080/patch_69,nearest,≥128,1,32021,0.000,1.000,32.9117,33.7011
ROI_080/patch_69,own,0–16,1,6334,0.000,1.000,18.2291,18.9301
ROI_080/patch_69,own,16–32,1,18438,0.000,1.000,18.2952,19.0010
ROI_080/patch_69,own,32–64,1,65698,0.000,1.000,19.1829,19.9076
ROI_080/patch_69,own,64–128,1,209157,0.000,1.000,19.1842,20.0332
ROI_080/patch_69,own,≥128,1,1797525,0.000,1.000,21.9044,22.6999
ROI_080/patch_70,nearest,0–16,1,6128,0.000,1.000,20.8789,21.5796
ROI_080/patch_70,nearest,16–32,1,16871,0.000,1.000,20.5812,21.2489
ROI_080/patch_70,nearest,32–64,1,62586,0.000,1.000,20.3872,21.0318
ROI_080/patch_70,nearest,64–128,1,109631,0.000,1.000,20.8237,21.5008
ROI_080/patch_70,nearest,≥128,1,66928,0.000,1.000,30.5732,31.2752
ROI_080/patch_70,own,0–16,1,6128,0.000,1.000,20.8678,21.5742
ROI_080/patch_70,own,16–32,1,16871,0.000,1.000,20.5762,21.2509
ROI_080/patch_70,own,32–64,1,64056,0.000,1.000,20.2781,20.9378
ROI_080/patch_70,own,64–128,1,226426,0.000,1.000,20.1789,20.7926
ROI_080/patch_70,own,≥128,1,1783671,0.000,1.000,19.7443,20.5377
ROI_080/patch_71,nearest,0–16,1,6416,0.000,1.000,5.1120,6.7606
ROI_080/patch_71,nearest,16–32,1,18580,0.000,1.000,4.9173,6.6090
ROI_080/patch_71,nearest,32–64,1,66841,0.000,1.000,4.3242,6.1025
ROI_080/patch_71,nearest,64–128,1,138927,0.000,1.000,5.1244,7.0657
ROI_080/patch_71,nearest,≥128,1,31380,0.000,1.000,5.9540,7.8683
ROI_080/patch_71,own,0–16,1,6416,0.000,1.000,5.0858,6.7385
ROI_080/patch_71,own,16–32,1,18580,0.000,1.000,4.9196,6.6092
ROI_080/patch_71,own,32–64,1,69565,0.000,1.000,4.4001,6.2017
ROI_080/patch_71,own,64–128,1,231988,0.000,1.000,4.9803,6.9377
ROI_080/patch_71,own,≥128,1,1770603,0.000,1.000,4.9113,6.7612
ROI_080/patch_72,nearest,0–16,1,6113,0.000,1.000,17.9307,19.6201
ROI_080/patch_72,nearest,16–32,1,17371,0.000,1.000,18.1432,19.8140
ROI_080/patch_72,nearest,32–64,1,56412,0.000,1.000,18.4081,20.0999
ROI_080/patch_72,nearest,64–128,1,120493,0.000,1.000,19.3975,21.0531
ROI_080/patch_72,nearest,≥128,1,61755,0.000,1.000,23.2685,24.9565
ROI_080/patch_72,own,0–16,1,6113,0.000,1.000,17.9480,19.6519
ROI_080/patch_72,own,16–32,1,17371,0.000,1.000,18.1402,19.8192
ROI_080/patch_72,own,32–64,1,62790,0.000,1.000,18.4290,20.1258
ROI_080/patch_72,own,64–128,1,202884,0.000,1.000,19.6370,21.3531
ROI_080/patch_72,own,≥128,1,1807994,0.000,1.000,20.5682,22.3393
ROI_080/patch_73,nearest,0–16,1,6427,0.000,1.000,10.3021,11.3886
ROI_080/patch_73,nearest,16–32,1,18110,0.000,1.000,10.9949,12.0897
ROI_080/patch_73,nearest,32–64,1,61178,0.000,1.000,10.7159,11.8594
ROI_080/patch_73,nearest,64–128,1,126990,0.000,1.000,11.2073,12.2319
ROI_080/patch_73,nearest,≥128,1,49439,0.000,1.000,15.4493,16.4080
ROI_080/patch_73,own,0–16,1,6427,0.000,1.000,10.2347,11.3269
ROI_080/patch_73,own,16–32,1,18110,0.000,1.000,11.1131,12.2038
ROI_080/patch_73,own,32–64,1,62065,0.000,1.000,10.1637,11.2871
ROI_080/patch_73,own,64–128,1,207115,0.000,1.000,11.4395,12.5064
ROI_080/patch_73,own,≥128,1,1803435,0.000,1.000,12.4372,13.4816
ROI_080/patch_74,nearest,0–16,1,6439,0.000,1.000,11.2682,11.8933
ROI_080/patch_74,nearest,16–32,1,19316,0.000,1.000,11.1618,11.8079
ROI_080/patch_74,nearest,32–64,1,70350,0.000,1.000,11.2175,11.9029
ROI_080/patch_74,nearest,64–128,1,117828,0.000,1.000,11.1794,11.8562
ROI_080/patch_74,nearest,≥128,1,48211,0.000,1.000,12.8624,13.4744
ROI_080/patch_74,own,0–16,1,6439,0.000,1.000,11.2488,11.8759
ROI_080/patch_74,own,16–32,1,19316,0.000,1.000,11.1123,11.7624
ROI_080/patch_74,own,32–64,1,77195,0.000,1.000,10.9973,11.6822
ROI_080/patch_74,own,64–128,1,270798,0.000,1.000,11.2497,12.0150
ROI_080/patch_74,own,≥128,1,1723404,0.000,1.000,10.6933,11.3441
ROI_080/patch_75,nearest,0–16,1,7156,0.000,1.000,17.9243,18.4769
ROI_080/patch_75,nearest,16–32,1,20554,0.000,1.000,17.9659,18.5227
ROI_080/patch_75,nearest,32–64,1,71121,0.000,1.000,19.0264,19.5680
ROI_080/patch_75,nearest,64–128,1,112725,0.000,1.000,20.0984,20.6457
ROI_080/patch_75,nearest,≥128,1,50588,0.000,1.000,21.4320,22.0052
ROI_080/patch_75,own,0–16,1,7156,0.000,1.000,17.9821,18.5392
ROI_080/patch_75,own,16–32,1,20554,0.000,1.000,17.9598,18.5233
ROI_080/patch_75,own,32–64,1,77626,0.000,1.000,18.8334,19.3900
ROI_080/patch_75,own,64–128,1,271087,0.000,1.000,19.6035,20.1626
ROI_080/patch_75,own,≥128,1,1982873,0.000,1.000,19.0621,19.5788
ROI_080/patch_76,nearest,0–16,1,6440,0.000,1.000,9.6745,11.2666
ROI_080/patch_76,nearest,16–32,1,19019,0.000,1.000,9.4144,11.0570
ROI_080/patch_76,nearest,32–64,1,64913,0.000,1.000,10.8855,12.5616
ROI_080/patch_76,nearest,64–128,1,130758,0.000,1.000,14.8288,16.6263
ROI_080/patch_76,nearest,≥128,1,41014,0.000,1.000,136.5646,141.7086
ROI_080/patch_76,own,0–16,1,6440,0.000,1.000,9.7752,11.3632
ROI_080/patch_76,own,16–32,1,19019,0.000,1.000,9.3652,10.9996
ROI_080/patch_76,own,32–64,1,66467,0.000,1.000,9.8341,11.4572
ROI_080/patch_76,own,64–128,1,224461,0.000,1.000,14.4702,16.2231
ROI_080/patch_76,own,≥128,1,1780765,0.000,1.000,13.1967,14.9192
ROI_080/patch_77,nearest,0–16,1,6433,0.000,1.000,17.2719,17.7112
ROI_080/patch_77,nearest,16–32,1,19295,0.000,1.000,17.3259,17.7635
ROI_080/patch_77,nearest,32–64,1,72676,0.000,1.000,18.2449,18.6829
ROI_080/patch_77,nearest,64–128,1,125867,0.000,1.000,19.9602,20.3956
ROI_080/patch_77,nearest,≥128,1,37873,0.000,1.000,22.6601,23.1207
ROI_080/patch_77,own,0–16,1,6433,0.000,1.000,17.3325,17.7719
ROI_080/patch_77,own,16–32,1,19295,0.000,1.000,17.2535,17.6897
ROI_080/patch_77,own,32–64,1,72844,0.000,1.000,17.8604,18.2990
ROI_080/patch_77,own,64–128,1,255288,0.000,1.000,19.6907,20.1265
ROI_080/patch_77,own,≥128,1,1743292,0.000,1.000,20.0465,20.4781
ROI_080/patch_78,nearest,0–16,1,6443,0.000,1.000,7.6552,9.0314
ROI_080/patch_78,nearest,16–32,1,19300,0.000,1.000,7.6643,9.0444
ROI_080/patch_78,nearest,32–64,1,68004,0.000,1.000,7.8143,9.3302
ROI_080/patch_78,nearest,64–128,1,132290,0.000,1.000,9.8451,11.6961
ROI_080/patch_78,nearest,≥128,1,36107,0.000,1.000,21.4373,23.3033
ROI_080/patch_78,own,0–16,1,6443,0.000,1.000,7.6061,8.9809
ROI_080/patch_78,own,16–32,1,19300,0.000,1.000,7.7666,9.1653
ROI_080/patch_78,own,32–64,1,76936,0.000,1.000,7.8042,9.2580
ROI_080/patch_78,own,64–128,1,274822,0.000,1.000,8.7992,10.4251
ROI_080/patch_78,own,≥128,1,1719651,0.000,1.000,13.7302,15.4275
ROI_080/patch_79,nearest,0–16,1,6425,0.000,1.000,6.3628,9.0443
ROI_080/patch_79,nearest,16–32,1,18966,0.000,1.000,6.6568,9.3223
ROI_080/patch_79,nearest,32–64,1,65006,0.000,1.000,8.7985,11.2806
ROI_080/patch_79,nearest,64–128,1,102490,0.000,1.000,11.4669,14.0133
ROI_080/patch_79,nearest,≥128,1,69257,0.000,1.000,32.2027,34.4001
ROI_080/patch_79,own,0–16,1,6425,0.000,1.000,6.3695,9.0586
ROI_080/patch_79,own,16–32,1,18966,0.000,1.000,6.7300,9.3830
ROI_080/patch_79,own,32–64,1,71554,0.000,1.000,9.8204,12.3313
ROI_080/patch_79,own,64–128,1,253656,0.000,1.000,8.3160,10.8273
ROI_080/patch_79,own,≥128,1,1746551,0.000,1.000,11.7795,14.3426
ROI_080/patch_80,nearest,0–16,1,6446,0.000,1.000,4.2463,5.9564
ROI_080/patch_80,nearest,16–32,1,19078,0.000,1.000,4.3625,6.0442
ROI_080/patch_80,nearest,32–64,1,63076,0.000,1.000,5.0001,6.7382
ROI_080/patch_80,nearest,64–128,1,129861,0.000,1.000,8.7716,10.7531
ROI_080/patch_80,nearest,≥128,1,43683,0.000,1.000,38.1770,39.9176
ROI_080/patch_80,own,0–16,1,6446,0.000,1.000,4.2420,5.9625
ROI_080/patch_80,own,16–32,1,19078,0.000,1.000,4.2828,5.9757
ROI_080/patch_80,own,32–64,1,67176,0.000,1.000,4.9203,6.6718
ROI_080/patch_80,own,64–128,1,228634,0.000,1.000,8.6775,10.6321
ROI_080/patch_80,own,≥128,1,1775818,0.000,1.000,15.6186,17.5842
ROI_080/patch_83,nearest,0–16,1,6421,0.000,1.000,4.7318,5.7242
ROI_080/patch_83,nearest,16–32,1,18592,0.000,1.000,4.6948,5.6716
ROI_080/patch_83,nearest,32–64,1,72284,0.000,1.000,4.7417,5.6919
ROI_080/patch_83,nearest,64–128,1,146371,0.000,1.000,4.9102,5.8085
ROI_080/patch_83,nearest,≥128,1,18476,0.000,1.000,5.9095,6.9084
ROI_080/patch_83,own,0–16,1,6421,0.000,1.000,4.7254,5.7099
ROI_080/patch_83,own,16–32,1,18592,0.000,1.000,4.7103,5.6801
ROI_080/patch_83,own,32–64,1,72284,0.000,1.000,4.7389,5.6842
ROI_080/patch_83,own,64–128,1,247144,0.000,1.000,4.9397,5.8311
ROI_080/patch_83,own,≥128,1,1752711,0.000,1.000,4.9426,5.8656
ROI_080/patch_84,nearest,0–16,1,6265,0.000,1.000,14.2680,15.1678
ROI_080/patch_84,nearest,16–32,1,18290,0.000,1.000,14.3560,15.2504
ROI_080/patch_84,nearest,32–64,1,61679,0.000,1.000,15.1721,16.0786
ROI_080/patch_84,nearest,64–128,1,122465,0.000,1.000,18.1068,18.9956
ROI_080/patch_84,nearest,≥128,1,53445,0.000,1.000,29.2250,30.1720
ROI_080/patch_84,own,0–16,1,6265,0.000,1.000,14.2559,15.1554
ROI_080/patch_84,own,16–32,1,18290,0.000,1.000,14.3174,15.2162
ROI_080/patch_84,own,32–64,1,61758,0.000,1.000,15.1580,16.0619
ROI_080/patch_84,own,64–128,1,202092,0.000,1.000,17.5061,18.3895
ROI_080/patch_84,own,≥128,1,1808747,0.000,1.000,21.2720,22.1843
ROI_080/patch_85,nearest,0–16,1,6440,0.000,1.000,0.5079,1.4091
ROI_080/patch_85,nearest,16–32,1,18788,0.000,1.000,0.5305,1.4382
ROI_080/patch_85,nearest,32–64,1,64543,0.000,1.000,0.5725,1.5161
ROI_080/patch_85,nearest,64–128,1,137988,0.000,1.000,0.9445,2.0159
ROI_080/patch_85,nearest,≥128,1,34385,0.000,1.000,1.2049,2.5027
ROI_080/patch_85,own,0–16,1,6440,0.000,1.000,0.5088,1.4130
ROI_080/patch_85,own,16–32,1,18788,0.000,1.000,0.5265,1.4203
ROI_080/patch_85,own,32–64,1,70093,0.000,1.000,0.5677,1.5064
ROI_080/patch_85,own,64–128,1,247036,0.000,1.000,0.7508,1.7455
ROI_080/patch_85,own,≥128,1,1754795,0.000,1.000,0.7996,1.8141
ROI_080/patch_86,nearest,0–16,1,6440,0.000,1.000,6.8556,7.2679
ROI_080/patch_86,nearest,16–32,1,18863,0.000,1.000,6.9111,7.3219
ROI_080/patch_86,nearest,32–64,1,64754,0.000,1.000,7.2447,7.6556
ROI_080/patch_86,nearest,64–128,1,137360,0.000,1.000,8.3198,8.7629
ROI_080/patch_86,nearest,≥128,1,34727,0.000,1.000,14.2519,14.8665
ROI_080/patch_86,own,0–16,1,6440,0.000,1.000,6.8654,7.2769
ROI_080/patch_86,own,16–32,1,18863,0.000,1.000,6.9792,7.3919
ROI_080/patch_86,own,32–64,1,68131,0.000,1.000,7.3171,7.7306
ROI_080/patch_86,own,64–128,1,236496,0.000,1.000,7.9563,8.3820
ROI_080/patch_86,own,≥128,1,1767222,0.000,1.000,9.7271,10.1899
ROI_080/patch_87,nearest,0–16,1,6359,0.000,1.000,11.2589,15.9520
ROI_080/patch_87,nearest,16–32,1,17348,0.000,1.000,11.2735,16.0010
ROI_080/patch_87,nearest,32–64,1,62055,0.000,1.000,11.3594,16.1835
ROI_080/patch_87,nearest,64–128,1,130793,0.000,1.000,11.5531,16.5518
ROI_080/patch_87,nearest,≥128,1,45589,0.000,1.000,13.8650,18.9163
ROI_080/patch_87,own,0–16,1,6359,0.000,1.000,11.2687,15.9624
ROI_080/patch_87,own,16–32,1,17348,0.000,1.000,11.2343,15.9685
ROI_080/patch_87,own,32–64,1,62055,0.000,1.000,11.2966,16.1046
ROI_080/patch_87,own,64–128,1,199853,0.000,1.000,11.3856,16.3214
ROI_080/patch_87,own,≥128,1,1811537,0.000,1.000,12.2525,17.1853
ROI_080/patch_88,nearest,0–16,1,6147,0.000,1.000,14.5461,16.9798
ROI_080/patch_88,nearest,16–32,1,18192,0.000,1.000,14.5752,16.9986
ROI_080/patch_88,nearest,32–64,1,65336,0.000,1.000,14.6343,17.0576
ROI_080/patch_88,nearest,64–128,1,103606,0.000,1.000,15.1388,17.4551
ROI_080/patch_88,nearest,≥128,1,68863,0.000,1.000,22.9923,25.2111
ROI_080/patch_88,own,0–16,1,6147,0.000,1.000,14.5467,16.9778
ROI_080/patch_88,own,16–32,1,18192,0.000,1.000,14.5668,16.9776
ROI_080/patch_88,own,32–64,1,67236,0.000,1.000,14.5723,17.0770
ROI_080/patch_88,own,64–128,1,230819,0.000,1.000,14.9424,17.3263
ROI_080/patch_88,own,≥128,1,1774758,0.000,1.000,15.6580,17.9625
ROI_080/patch_89,nearest,0–16,1,6337,0.000,1.000,10.2477,11.4798
ROI_080/patch_89,nearest,16–32,1,17832,0.000,1.000,10.3459,11.4931
ROI_080/patch_89,nearest,32–64,1,57129,0.000,1.000,10.7081,11.8730
ROI_080/patch_89,nearest,64–128,1,136473,0.000,1.000,11.8429,13.1311
ROI_080/patch_89,nearest,≥128,1,44373,0.000,1.000,13.8253,15.4979
ROI_080/patch_89,own,0–16,1,6337,0.000,1.000,10.2545,11.4573
ROI_080/patch_89,own,16–32,1,18082,0.000,1.000,10.3312,11.4922
ROI_080/patch_89,own,32–64,1,66403,0.000,1.000,10.7345,11.9085
ROI_080/patch_89,own,64–128,1,233385,0.000,1.000,11.6639,12.9337
ROI_080/patch_89,own,≥128,1,1772945,0.000,1.000,12.4017,13.7853
ROI_080/patch_90,nearest,0–16,1,6432,0.000,1.000,2.8955,3.9078
ROI_080/patch_90,nearest,16–32,1,18616,0.000,1.000,2.9422,3.9525
ROI_080/patch_90,nearest,32–64,1,67179,0.000,1.000,2.9082,3.9145
ROI_080/patch_90,nearest,64–128,1,136118,0.000,1.000,3.9052,4.9310
ROI_080/patch_90,nearest,≥128,1,33799,0.000,1.000,11.0833,12.1922
ROI_080/patch_90,own,0–16,1,6432,0.000,1.000,2.9106,3.9233
ROI_080/patch_90,own,16–32,1,18616,0.000,1.000,2.9327,3.9411
ROI_080/patch_90,own,32–64,1,70970,0.000,1.000,2.9325,3.9389
ROI_080/patch_90,own,64–128,1,242274,0.000,1.000,3.0783,4.0932
ROI_080/patch_90,own,≥128,1,1758860,0.000,1.000,5.0576,6.0752
ROI_080/patch_91,nearest,0–16,1,6105,0.000,1.000,12.4296,13.6559
ROI_080/patch_91,nearest,16–32,1,17801,0.000,1.000,12.5699,13.7906
ROI_080/patch_91,nearest,32–64,1,57104,0.000,1.000,12.7881,14.0025
ROI_080/patch_91,nearest,64–128,1,91150,0.000,1.000,13.3290,14.5362
ROI_080/patch_91,nearest,≥128,1,89984,0.000,1.000,16.1071,17.3535
ROI_080/patch_91,own,0–16,1,6105,0.000,1.000,12.4810,13.7069
ROI_080/patch_91,own,16–32,1,17801,0.000,1.000,12.6432,13.8699
ROI_080/patch_91,own,32–64,1,64138,0.000,1.000,12.8572,14.0824
ROI_080/patch_91,own,64–128,1,228600,0.000,1.000,13.7574,14.9838
ROI_080/patch_91,own,≥128,1,1780508,0.000,1.000,16.6619,17.8867
ROI_080/patch_92,nearest,0–16,1,6245,0.000,1.000,13.9439,16.5870
ROI_080/patch_92,nearest,16–32,1,18306,0.000,1.000,13.9178,16.5595
ROI_080/patch_92,nearest,32–64,1,68767,0.000,1.000,14.3602,16.9633
ROI_080/patch_92,nearest,64–128,1,115356,0.000,1.000,16.8355,19.4160
ROI_080/patch_92,nearest,≥128,1,53470,0.000,1.000,24.9978,28.1844
ROI_080/patch_92,own,0–16,1,6245,0.000,1.000,13.8525,16.4985
ROI_080/patch_92,own,16–32,1,18306,0.000,1.000,13.9633,16.6077
ROI_080/patch_92,own,32–64,1,71598,0.000,1.000,14.3393,16.9358
ROI_080/patch_92,own,64–128,1,245620,0.000,1.000,16.2004,18.7195
ROI_080/patch_92,own,≥128,1,1755383,0.000,1.000,18.5078,21.0845
ROI_080/patch_93,nearest,0–16,1,6347,0.000,1.000,1.7474,2.1163
ROI_080/patch_93,nearest,16–32,1,18440,0.000,1.000,1.8102,2.1835
ROI_080/patch_93,nearest,32–64,1,68281,0.000,1.000,1.7928,2.1923
ROI_080/patch_93,nearest,64–128,1,145428,0.000,1.000,1.8571,2.3110
ROI_080/patch_93,nearest,≥128,1,23648,0.000,1.000,2.0771,2.6397
ROI_080/patch_93,own,0–16,1,6347,0.000,1.000,1.7578,2.1262
ROI_080/patch_93,own,16–32,1,18440,0.000,1.000,1.8039,2.1717
ROI_080/patch_93,own,32–64,1,68281,0.000,1.000,1.8380,2.2380
ROI_080/patch_93,own,64–128,1,248715,0.000,1.000,1.7608,2.1791
ROI_080/patch_93,own,≥128,1,1755369,0.000,1.000,1.8294,2.2586
ROI_080/patch_94,nearest,0–16,1,6441,0.000,1.000,1.2319,2.2827
ROI_080/patch_94,nearest,16–32,1,19299,0.000,1.000,1.1867,2.2622
ROI_080/patch_94,nearest,32–64,1,66998,0.000,1.000,1.2698,2.3569
ROI_080/patch_94,nearest,64–128,1,116100,0.000,1.000,1.1813,2.2024
ROI_080/patch_94,nearest,≥128,1,53306,0.000,1.000,2.3188,3.2858
ROI_080/patch_94,own,0–16,1,6441,0.000,1.000,1.2343,2.2856
ROI_080/patch_94,own,16–32,1,19299,0.000,1.000,1.1968,2.2681
ROI_080/patch_94,own,32–64,1,72817,0.000,1.000,1.2529,2.3464
ROI_080/patch_94,own,64–128,1,252265,0.000,1.000,1.3058,2.3547
ROI_080/patch_94,own,≥128,1,1746330,0.000,1.000,2.0210,3.0507
ROI_080/patch_95,nearest,0–16,1,6402,0.000,1.000,2.1710,3.1910
ROI_080/patch_95,nearest,16–32,1,18581,0.000,1.000,2.0761,3.1026
ROI_080/patch_95,nearest,32–64,1,69751,0.000,1.000,2.0771,3.0842
ROI_080/patch_95,nearest,64–128,1,124695,0.000,1.000,2.6164,3.6126
ROI_080/patch_95,nearest,≥128,1,42715,0.000,1.000,4.2318,5.3143
ROI_080/patch_95,own,0–16,1,6402,0.000,1.000,2.1542,3.1747
ROI_080/patch_95,own,16–32,1,18581,0.000,1.000,2.0489,3.0702
ROI_080/patch_95,own,32–64,1,70116,0.000,1.000,2.0580,3.0653
ROI_080/patch_95,own,64–128,1,249659,0.000,1.000,2.5158,3.5079
ROI_080/patch_95,own,≥128,1,1752394,0.000,1.000,2.7125,3.7384
ROI_080/patch_96,nearest,0–16,1,6243,0.000,1.000,4.8564,5.5983
ROI_080/patch_96,nearest,16–32,1,17950,0.000,1.000,4.8182,5.5641
ROI_080/patch_96,nearest,32–64,1,68662,0.000,1.000,4.8465,5.5770
ROI_080/patch_96,nearest,64–128,1,147964,0.000,1.000,4.9631,5.6106
ROI_080/patch_96,nearest,≥128,1,21325,0.000,1.000,4.8982,5.4865
ROI_080/patch_96,own,0–16,1,6243,0.000,1.000,4.8630,5.6056
ROI_080/patch_96,own,16–32,1,17950,0.000,1.000,4.8472,5.5901
ROI_080/patch_96,own,32–64,1,68943,0.000,1.000,4.8042,5.5286
ROI_080/patch_96,own,64–128,1,234372,0.000,1.000,5.0365,5.7010
ROI_080/patch_96,own,≥128,1,1769644,0.000,1.000,4.8846,5.5819
ROI_080/patch_98,nearest,0–16,1,6443,0.000,1.000,1.2534,1.4359
ROI_080/patch_98,nearest,16–32,1,18940,0.000,1.000,1.2340,1.4209
ROI_080/patch_98,nearest,32–64,1,55591,0.000,1.000,1.1753,1.3678
ROI_080/patch_98,nearest,64–128,1,106490,0.000,1.000,1.2375,1.4557
ROI_080/patch_98,nearest,≥128,1,74680,0.000,1.000,1.5479,1.8044
ROI_080/patch_98,own,0–16,1,6443,0.000,1.000,1.2307,1.4129
ROI_080/patch_98,own,16–32,1,19130,0.000,1.000,1.2456,1.4356
ROI_080/patch_98,own,32–64,1,71593,0.000,1.000,1.1961,1.3839
ROI_080/patch_98,own,64–128,1,274246,0.000,1.000,1.1329,1.3449
ROI_080/patch_98,own,≥128,1,1725740,0.000,1.000,1.3938,1.5880
ROI_080/patch_99,nearest,0–16,1,6689,0.000,1.000,7.8917,8.5627
ROI_080/patch_99,nearest,16–32,1,18632,0.000,1.000,7.5402,8.2120
ROI_080/patch_99,nearest,32–64,1,63518,0.000,1.000,7.4390,8.1115
ROI_080/patch_99,nearest,64–128,1,132360,0.000,1.000,8.6885,9.3440
ROI_080/patch_99,nearest,≥128,1,40945,0.000,1.000,8.0248,8.6722
ROI_080/patch_99,own,0–16,1,6689,0.000,1.000,7.9415,8.6124
ROI_080/patch_99,own,16–32,1,18917,0.000,1.000,7.6259,8.2963
ROI_080/patch_99,own,32–64,1,70484,0.000,1.000,7.4476,8.1194
ROI_080/patch_99,own,64–128,1,241052,0.000,1.000,8.1994,8.8605
ROI_080/patch_99,own,≥128,1,2022154,0.000,1.000,7.9607,8.6205
ROI_080/patch_100,nearest,0–16,1,6437,0.000,1.000,2.7170,3.6305
ROI_080/patch_100,nearest,16–32,1,18690,0.000,1.000,2.6519,3.5504
ROI_080/patch_100,nearest,32–64,1,66694,0.000,1.000,2.7699,3.6327
ROI_080/patch_100,nearest,64–128,1,135817,0.000,1.000,3.0696,3.9394
ROI_080/patch_100,nearest,≥128,1,34506,0.000,1.000,3.1839,4.1064
ROI_080/patch_100,own,0–16,1,6437,0.000,1.000,2.7199,3.6351
ROI_080/patch_100,own,16–32,1,18690,0.000,1.000,2.6222,3.5241
ROI_080/patch_100,own,32–64,1,72452,0.000,1.000,2.7251,3.5779
ROI_080/patch_100,own,64–128,1,248744,0.000,1.000,2.9559,3.8225
ROI_080/patch_100,own,≥128,1,1750829,0.000,1.000,3.0237,3.9557
ROI_080/patch_101,nearest,0–16,1,6435,0.000,1.000,8.2485,9.1405
ROI_080/patch_101,nearest,16–32,1,18647,0.000,1.000,8.4778,9.3700
ROI_080/patch_101,nearest,32–64,1,66367,0.000,1.000,8.6052,9.5072
ROI_080/patch_101,nearest,64–128,1,133213,0.000,1.000,9.2784,10.2457
ROI_080/patch_101,nearest,≥128,1,37482,0.000,1.000,10.4913,11.5621
ROI_080/patch_101,own,0–16,1,6435,0.000,1.000,8.2401,9.1356
ROI_080/patch_101,own,16–32,1,18647,0.000,1.000,8.4703,9.3610
ROI_080/patch_101,own,32–64,1,72272,0.000,1.000,8.5002,9.4107
ROI_080/patch_101,own,64–128,1,257599,0.000,1.000,9.1311,10.0934
ROI_080/patch_101,own,≥128,1,1742199,0.000,1.000,9.2122,10.3035
ROI_080/patch_102,nearest,0–16,1,6408,0.000,1.000,6.1993,7.4925
ROI_080/patch_102,nearest,16–32,1,17702,0.000,1.000,6.2047,7.4831
ROI_080/patch_102,nearest,32–64,1,63029,0.000,1.000,6.0898,7.3392
ROI_080/patch_102,nearest,64–128,1,124116,0.000,1.000,6.7591,8.0054
ROI_080/patch_102,nearest,≥128,1,50889,0.000,1.000,12.3819,13.8482
ROI_080/patch_102,own,0–16,1,6408,0.000,1.000,6.2064,7.4988
ROI_080/patch_102,own,16–32,1,17702,0.000,1.000,6.1620,7.4455
ROI_080/patch_102,own,32–64,1,64703,0.000,1.000,6.0524,7.3033
ROI_080/patch_102,own,64–128,1,228866,0.000,1.000,5.9551,7.1941
ROI_080/patch_102,own,≥128,1,1779473,0.000,1.000,6.9171,8.2375
ROI_080/patch_103,nearest,0–16,1,6241,0.000,1.000,14.1410,15.6060
ROI_080/patch_103,nearest,16–32,1,16953,0.000,1.000,14.0578,15.5157
ROI_080/patch_103,nearest,32–64,1,59493,0.000,1.000,13.7869,15.2662
ROI_080/patch_103,nearest,64–128,1,124588,0.000,1.000,16.0212,17.6043
ROI_080/patch_103,nearest,≥128,1,54869,0.000,1.000,24.2033,25.6832
ROI_080/patch_103,own,0–16,1,6269,0.000,1.000,14.0102,15.4761
ROI_080/patch_103,own,16–32,1,18358,0.000,1.000,14.1892,15.6507
ROI_080/patch_103,own,32–64,1,69829,0.000,1.000,14.2592,15.7353
ROI_080/patch_103,own,64–128,1,244350,0.000,1.000,15.4893,17.0538
ROI_080/patch_103,own,≥128,1,1758346,0.000,1.000,16.6757,18.2156
ROI_080/patch_104,nearest,0–16,1,6085,0.000,1.000,10.0455,10.9060
ROI_080/patch_104,nearest,16–32,1,17370,0.000,1.000,9.9946,10.8687
ROI_080/patch_104,nearest,32–64,1,61885,0.000,1.000,10.0511,10.9479
ROI_080/patch_104,nearest,64–128,1,120255,0.000,1.000,10.9564,11.8697
ROI_080/patch_104,nearest,≥128,1,56549,0.000,1.000,13.6687,14.4728
ROI_080/patch_104,own,0–16,1,6085,0.000,1.000,10.0457,10.9115
ROI_080/patch_104,own,16–32,1,17370,0.000,1.000,9.9397,10.8101
ROI_080/patch_104,own,32–64,1,65388,0.000,1.000,10.0797,10.9790
ROI_080/patch_104,own,64–128,1,230543,0.000,1.000,10.7021,11.6322
ROI_080/patch_104,own,≥128,1,1777766,0.000,1.000,10.4688,11.3241
ROI_080/patch_105,nearest,0–16,1,6431,0.000,1.000,2.7957,3.2833
ROI_080/patch_105,nearest,16–32,1,18046,0.000,1.000,2.8819,3.3617
ROI_080/patch_105,nearest,32–64,1,61534,0.000,1.000,2.8969,3.3784
ROI_080/patch_105,nearest,64–128,1,122916,0.000,1.000,3.0940,3.5733
ROI_080/patch_105,nearest,≥128,1,53217,0.000,1.000,4.2125,4.5934
ROI_080/patch_105,own,0–16,1,6431,0.000,1.000,2.8037,3.2909
ROI_080/patch_105,own,16–32,1,18698,0.000,1.000,2.8845,3.3643
ROI_080/patch_105,own,32–64,1,69842,0.000,1.000,2.9271,3.4070
ROI_080/patch_105,own,64–128,1,232980,0.000,1.000,3.1837,3.6547
ROI_080/patch_105,own,≥128,1,1769201,0.000,1.000,3.7199,4.1874
ROI_080/patch_106,nearest,0–16,1,6190,0.000,1.000,5.4230,6.9254
ROI_080/patch_106,nearest,16–32,1,17515,0.000,1.000,5.3603,6.8300
ROI_080/patch_106,nearest,32–64,1,56157,0.000,1.000,5.3708,6.7648
ROI_080/patch_106,nearest,64–128,1,102546,0.000,1.000,5.8924,7.2742
ROI_080/patch_106,nearest,≥128,1,79736,0.000,1.000,6.4833,7.6570
ROI_080/patch_106,own,0–16,1,6190,0.000,1.000,5.4191,6.9189
ROI_080/patch_106,own,16–32,1,18096,0.000,1.000,5.3934,6.8553
ROI_080/patch_106,own,32–64,1,68570,0.000,1.000,5.3734,6.7840
ROI_080/patch_106,own,64–128,1,220722,0.000,1.000,5.6524,7.0546
ROI_080/patch_106,own,≥128,1,1783574,0.000,1.000,6.3536,7.6317
