pair,variant,ring,ok,n_cand,gross,inlier,ms_x,ms_2d
ROI_035/patch_0,nearest,0–16,1,133,0.000,1.000,27.6329,28.6325
ROI_035/patch_0,nearest,16–32,1,397,0.000,1.000,27.6516,28.6616
ROI_035/patch_0,nearest,32–64,1,1283,0.000,1.000,28.5309,29.5175
ROI_035/patch_0,nearest,64–128,1,1873,0.000,1.000,40.6833,41.5430
ROI_035/patch_0,nearest,≥128,1,528,0.000,1.000,195.9971,197.3955
ROI_035/patch_0,own,0–16,1,133,0.000,1.000,27.4967,28.5006
ROI_035/patch_0,own,16–32,1,397,0.000,1.000,27.6521,28.6666
ROI_035/patch_0,own,32–64,1,1392,0.000,1.000,28.8944,29.9236
ROI_035/patch_0,own,64–128,1,4675,0.000,1.000,36.0505,36.9987
ROI_035/patch_0,own,≥128,1,27115,0.000,1.000,92.5449,93.5308
ROI_035/patch_1,nearest,0–16,1,140,0.000,1.000,38.6205,39.8189
ROI_035/patch_1,nearest,16–32,1,352,0.000,1.000,38.4211,39.4644
ROI_035/patch_1,nearest,32–64,1,1144,0.000,1.000,42.7145,43.8007
ROI_035/patch_1,nearest,64–128,1,2000,0.000,1.000,49.1943,50.2996
ROI_035/patch_1,nearest,≥128,1,469,0.000,1.000,54.3125,55.7072
ROI_035/patch_1,own,0–16,1,140,0.000,1.000,38.6033,39.7865
ROI_035/patch_1,own,16–32,1,352,0.000,1.000,38.5084,39.5469
ROI_035/patch_1,own,32–64,1,1172,0.000,1.000,43.6708,44.7061
ROI_035/patch_1,own,64–128,1,3195,0.000,1.000,43.7991,44.9171
ROI_035/patch_1,own,≥128,1,27981,0.000,1.000,51.0691,52.1887
ROI_035/patch_2,nearest,0–16,1,134,0.000,1.000,18.8561,19.6323
ROI_035/patch_2,nearest,16–32,1,406,0.000,1.000,18.7166,19.5325
ROI_035/patch_2,nearest,32–64,1,1212,0.000,1.000,19.6330,20.7331
ROI_035/patch_2,nearest,64–128,1,1320,0.000,1.000,29.3830,30.9034
ROI_035/patch_2,nearest,≥128,1,340,0.050,1.000,730.9505,732.3758
ROI_035/patch_2,own,0–16,1,134,0.000,1.000,18.8254,19.6071
ROI_035/patch_2,own,16–32,1,406,0.000,1.000,18.5767,19.4056
ROI_035/patch_2,own,32–64,1,1336,0.000,1.000,19.8657,20.9981
ROI_035/patch_2,own,64–128,1,4175,0.000,1.000,32.0360,33.3558
ROI_035/patch_2,own,≥128,1,21245,0.000,1.000,81.5711,83.0172
ROI_035/patch_3,nearest,0–16,1,133,0.000,1.000,14.3444,15.6623
ROI_035/patch_3,nearest,16–32,1,402,0.000,1.000,12.8700,14.2058
ROI_035/patch_3,nearest,32–64,1,1238,0.000,1.000,12.4489,13.8025
ROI_035/patch_3,nearest,64–128,1,1851,0.000,1.000,13.0785,14.7195
ROI_035/patch_3,nearest,≥128,0,22,nan,nan,,
ROI_035/patch_3,own,0–16,1,133,0.000,1.000,14.1528,15.4742
ROI_035/patch_3,own,16–32,1,402,0.000,1.000,13.0039,14.3486
ROI_035/patch_3,own,32–64,1,1313,0.000,1.000,12.7686,14.1170
ROI_035/patch_3,own,64–128,1,4153,0.000,1.000,13.2249,14.9099
ROI_035/patch_3,own,≥128,1,23167,0.000,1.000,14.1916,15.6587
ROI_035/patch_4,nearest,0–16,1,150,0.000,1.000,11.8036,12.3641
ROI_035/patch_4,nearest,16–32,1,427,0.000,1.000,11.2388,11.8312
ROI_035/patch_4,nearest,32–64,1,1327,0.000,1.000,11.7185,12.2827
ROI_035/patch_4,nearest,64–128,1,2387,0.000,1.000,15.5525,16.1401
ROI_035/patch_4,nearest,≥128,1,271,0.000,1.000,60.4869,61.2273
ROI_035/patch_4,own,0–16,1,150,0.000,1.000,11.6292,12.1848
ROI_035/patch_4,own,16–32,1,427,0.000,1.000,11.2455,11.8261
ROI_035/patch_4,own,32–64,1,1486,0.000,1.000,11.4070,12.0222
ROI_035/patch_4,own,64–128,1,5022,0.000,1.000,12.2380,12.8589
ROI_035/patch_4,own,≥128,1,29411,0.000,1.000,14.3905,15.0081
ROI_035/patch_5,nearest,0–16,1,130,0.000,1.000,78.1239,79.4107
ROI_035/patch_5,nearest,16–32,1,365,0.000,1.000,78.8031,80.0730
ROI_035/patch_5,nearest,32–64,1,769,0.000,1.000,129.6721,131.1113
ROI_035/patch_5,nearest,64–128,1,799,0.050,1.000,1270.8948,1272.5872
ROI_035/patch_5,nearest,≥128,1,254,0.000,1.000,697.7503,700.5971
ROI_035/patch_5,own,0–16,1,130,0.000,1.000,79.0721,80.3428
ROI_035/patch_5,own,16–32,1,365,0.000,1.000,78.1739,79.4404
ROI_035/patch_5,own,32–64,1,889,0.000,1.000,107.3237,108.7375
ROI_035/patch_5,own,64–128,1,2590,0.000,1.000,116.8213,118.3532
ROI_035/patch_5,own,≥128,1,14562,0.000,1.000,235.8021,237.4781
ROI_035/patch_6,nearest,0–16,1,112,0.000,1.000,12.2728,13.1029
ROI_035/patch_6,nearest,16–32,1,372,0.000,1.000,12.1954,13.1852
ROI_035/patch_6,nearest,32–64,1,825,0.000,1.000,13.6750,14.5253
ROI_035/patch_6,nearest,64–128,1,1174,0.000,1.000,18.9451,19.8213
ROI_035/patch_6,nearest,≥128,1,228,0.000,1.000,136.9468,138.0472
ROI_035/patch_6,own,0–16,1,112,0.000,1.000,12.2872,13.1180
ROI_035/patch_6,own,16–32,1,372,0.000,1.000,12.3119,13.3144
ROI_035/patch_6,own,32–64,1,936,0.000,1.000,13.1062,13.9676
ROI_035/patch_6,own,64–128,1,2991,0.000,1.000,18.5967,19.4600
ROI_035/patch_6,own,≥128,1,17277,0.000,1.000,24.5742,25.4186
ROI_035/patch_7,nearest,0–16,1,128,0.000,1.000,20.5707,22.3680
ROI_035/patch_7,nearest,16–32,1,367,0.000,1.000,20.3292,22.0307
ROI_035/patch_7,nearest,32–64,1,1276,0.000,1.000,20.7339,22.3642
ROI_035/patch_7,nearest,64–128,1,2363,0.000,1.000,24.4045,25.9932
ROI_035/patch_7,nearest,≥128,1,501,0.000,1.000,38.5194,40.4238
ROI_035/patch_7,own,0–16,1,128,0.000,1.000,20.5642,22.3608
ROI_035/patch_7,own,16–32,1,367,0.000,1.000,20.3643,22.0519
ROI_035/patch_7,own,32–64,1,1277,0.000,1.000,20.6068,22.2590
ROI_035/patch_7,own,64–128,1,4395,0.000,1.000,23.6975,25.1900
ROI_035/patch_7,own,≥128,1,30913,0.000,1.000,25.5137,27.0694
ROI_035/patch_8,nearest,0–16,1,175,0.000,1.000,120.7964,122.0877
ROI_035/patch_8,nearest,16–32,1,511,0.000,1.000,120.6557,121.9721
ROI_035/patch_8,nearest,32–64,1,1468,0.000,1.000,122.4463,123.6997
ROI_035/patch_8,nearest,64–128,1,1981,0.000,1.000,129.6005,130.9399
ROI_035/patch_8,nearest,≥128,1,201,0.000,1.000,180.7571,181.8718
ROI_035/patch_8,own,0–16,1,175,0.000,1.000,120.7676,122.0548
ROI_035/patch_8,own,16–32,1,511,0.000,1.000,120.5332,121.8459
ROI_035/patch_8,own,32–64,1,1723,0.000,1.000,122.5901,123.8284
ROI_035/patch_8,own,64–128,1,5721,0.000,1.000,136.4742,137.7716
ROI_035/patch_8,own,≥128,1,35230,0.000,1.000,147.2688,148.5809
ROI_035/patch_9,nearest,0–16,1,110,0.000,1.000,11.0744,11.9129
ROI_035/patch_9,nearest,16–32,1,303,0.000,1.000,13.8349,14.6772
ROI_035/patch_9,nearest,32–64,1,769,0.000,1.000,10.7486,11.6496
ROI_035/patch_9,nearest,64–128,1,862,0.000,1.000,18.4119,19.3990
ROI_035/patch_9,nearest,≥128,0,10,nan,nan,,
ROI_035/patch_9,own,0–16,1,110,0.000,1.000,11.3681,12.2068
ROI_035/patch_9,own,16–32,1,303,0.000,1.000,12.8223,13.6625
ROI_035/patch_9,own,32–64,1,790,0.000,1.000,10.8888,11.7922
ROI_035/patch_9,own,64–128,1,2386,0.000,1.000,16.3766,17.3135
ROI_035/patch_9,own,≥128,1,12843,0.000,1.000,16.0504,16.9539
ROI_035/patch_10,nearest,0–16,1,147,0.000,1.000,43.6735,44.4181
ROI_035/patch_10,nearest,16–32,1,415,0.000,1.000,58.1333,58.8833
ROI_035/patch_10,nearest,32–64,1,917,0.000,1.000,37.5631,38.3558
ROI_035/patch_10,nearest,64–128,1,1093,0.000,1.000,36.2252,37.2808
ROI_035/patch_10,nearest,≥128,1,326,0.000,1.000,221.0993,222.0095
ROI_035/patch_10,own,0–16,1,147,0.000,1.000,41.3866,42.1325
ROI_035/patch_10,own,16–32,1,415,0.000,1.000,53.9438,54.7112
ROI_035/patch_10,own,32–64,1,965,0.000,1.000,38.6045,39.3731
ROI_035/patch_10,own,64–128,1,2909,0.000,1.000,44.3394,45.2884
ROI_035/patch_10,own,≥128,1,18748,0.000,1.000,44.5420,45.4926
ROI_035/patch_11,nearest,0–16,1,131,0.000,1.000,7.5296,8.8460
ROI_035/patch_11,nearest,16–32,1,371,0.000,1.000,7.2583,8.5312
ROI_035/patch_11,nearest,32–64,1,1091,0.000,1.000,8.1810,9.4773
ROI_035/patch_11,nearest,64–128,1,1226,0.000,1.000,32.7470,34.2243
ROI_035/patch_11,nearest,≥128,1,355,0.000,1.000,111.9511,113.5406
ROI_035/patch_11,own,0–16,1,131,0.000,1.000,7.5085,8.8258
ROI_035/patch_11,own,16–32,1,371,0.000,1.000,7.5198,8.7992
ROI_035/patch_11,own,32–64,1,1141,0.000,1.000,8.2012,9.5161
ROI_035/patch_11,own,64–128,1,3621,0.000,1.000,20.4405,21.8598
ROI_035/patch_11,own,≥128,1,20128,0.000,1.000,22.4043,23.7779
ROI_035/patch_12,nearest,0–16,1,139,0.000,1.000,20.7843,21.8453
ROI_035/patch_12,nearest,16–32,1,394,0.000,1.000,20.6769,21.8212
ROI_035/patch_12,nearest,32–64,1,967,0.000,1.000,21.2917,22.5792
ROI_035/patch_12,nearest,64–128,1,1119,0.000,1.000,24.6841,26.2766
ROI_035/patch_12,nearest,≥128,0,9,nan,nan,,
ROI_035/patch_12,own,0–16,1,139,0.000,1.000,20.2951,21.3737
ROI_035/patch_12,own,16–32,1,396,0.000,1.000,19.9180,21.0525
ROI_035/patch_12,own,32–64,1,1073,0.000,1.000,19.8110,21.1195
ROI_035/patch_12,own,64–128,1,2617,0.000,1.000,21.3335,22.7884
ROI_035/patch_12,own,≥128,1,16799,0.000,1.000,22.0745,23.3378
ROI_035/patch_13,nearest,0–16,1,161,0.000,1.000,24.1698,25.0595
ROI_035/patch_13,nearest,16–32,1,422,0.000,1.000,24.1036,25.0118
ROI_035/patch_13,nearest,32–64,1,1307,0.000,1.000,24.4894,25.5906
ROI_035/patch_13,nearest,64–128,1,1357,0.000,1.000,27.6497,28.9918
ROI_035/patch_13,nearest,≥128,1,359,0.000,1.000,120.7476,121.6560
ROI_035/patch_13,own,0–16,1,161,0.000,1.000,23.9503,24.8472
ROI_035/patch_13,own,16–32,1,422,0.000,1.000,24.0885,25.0292
ROI_035/patch_13,own,32–64,1,1392,0.000,1.000,24.1836,25.2789
ROI_035/patch_13,own,64–128,1,4309,0.000,1.000,26.3169,27.4746
ROI_035/patch_13,own,≥128,1,26170,0.000,1.000,35.2220,36.3327
ROI_035/patch_14,nearest,0–16,1,132,0.000,1.000,9.4366,10.4967
ROI_035/patch_14,nearest,16–32,1,337,0.000,1.000,10.1130,11.2462
ROI_035/patch_14,nearest,32–64,1,931,0.000,1.000,12.7657,13.9134
ROI_035/patch_14,nearest,64–128,1,1456,0.000,1.000,12.1064,13.4356
ROI_035/patch_14,nearest,≥128,1,453,0.000,1.000,63.3270,64.1614
ROI_035/patch_14,own,0–16,1,132,0.000,1.000,9.4504,10.5093
ROI_035/patch_14,own,16–32,1,367,0.000,1.000,10.0803,11.1988
ROI_035/patch_14,own,32–64,1,1200,0.000,1.000,11.6104,12.7691
ROI_035/patch_14,own,64–128,1,3772,0.000,1.000,12.1612,13.4536
ROI_035/patch_14,own,≥128,1,21001,0.000,1.000,11.8705,13.0476
ROI_035/patch_15,nearest,0–16,1,134,0.000,1.000,30.6845,31.4055
ROI_035/patch_15,nearest,16–32,1,382,0.000,1.000,32.0795,32.9310
ROI_035/patch_15,nearest,32–64,1,1004,0.000,1.000,31.9543,33.2036
ROI_035/patch_15,nearest,64–128,1,1238,0.000,1.000,43.1732,44.6076
ROI_035/patch_15,nearest,≥128,0,25,nan,nan,,
ROI_035/patch_15,own,0–16,1,134,0.000,1.000,31.1558,31.8710
ROI_035/patch_15,own,16–32,1,382,0.000,1.000,32.0074,32.8526
ROI_035/patch_15,own,32–64,1,1055,0.000,1.000,32.7038,33.9906
ROI_035/patch_15,own,64–128,1,2807,0.000,1.000,39.4883,40.7387
ROI_035/patch_15,own,≥128,1,17886,0.000,1.000,40.8591,42.0135
ROI_035/patch_16,nearest,0–16,1,102,0.000,1.000,17.8442,19.6878
ROI_035/patch_16,nearest,16–32,1,326,0.000,1.000,18.6588,20.7097
ROI_035/patch_16,nearest,32–64,1,602,0.000,1.000,20.2815,23.2961
ROI_035/patch_16,nearest,64–128,1,618,0.000,1.000,28.7568,32.3737
ROI_035/patch_16,nearest,≥128,1,394,0.000,1.000,68.2161,71.6160
ROI_035/patch_16,own,0–16,1,102,0.000,1.000,17.9044,19.7267
ROI_035/patch_16,own,16–32,1,326,0.000,1.000,19.2706,21.3071
ROI_035/patch_16,own,32–64,1,722,0.000,1.000,19.4728,22.2489
ROI_035/patch_16,own,64–128,1,1990,0.000,1.000,20.0229,22.9487
ROI_035/patch_16,own,≥128,1,15238,0.000,1.000,30.0295,32.8017
ROI_035/patch_17,nearest,0–16,1,133,0.000,1.000,16.5288,26.8977
ROI_035/patch_17,nearest,16–32,1,393,0.000,1.000,15.6008,25.5778
ROI_035/patch_17,nearest,32–64,1,1372,0.000,1.000,18.3818,29.0908
ROI_035/patch_17,nearest,64–128,1,2345,0.000,1.000,13.1509,24.3399
ROI_035/patch_17,nearest,≥128,1,314,0.000,1.000,22.4947,32.5783
ROI_035/patch_17,own,0–16,1,133,0.000,1.000,16.2759,26.6436
ROI_035/patch_17,own,16–32,1,393,0.000,1.000,15.6805,25.6739
ROI_035/patch_17,own,32–64,1,1388,0.000,1.000,19.1168,29.8106
ROI_035/patch_17,own,64–128,1,4850,0.000,1.000,15.2335,26.2392
ROI_035/patch_17,own,≥128,1,29692,0.000,1.000,14.3466,25.1620
ROI_035/patch_18,nearest,0–16,1,137,0.000,1.000,23.7639,25.9760
ROI_035/patch_18,nearest,16–32,1,406,0.000,1.000,23.3610,25.6453
ROI_035/patch_18,nearest,32–64,1,1309,0.000,1.000,24.0655,26.1577
ROI_035/patch_18,nearest,64–128,1,2122,0.000,1.000,28.4736,30.4232
ROI_035/patch_18,nearest,≥128,1,260,0.000,1.000,146.0820,148.6455
ROI_035/patch_18,own,0–16,1,137,0.000,1.000,24.2016,26.3675
ROI_035/patch_18,own,16–32,1,406,0.000,1.000,23.2947,25.5877
ROI_035/patch_18,own,32–64,1,1376,0.000,1.000,23.4761,25.5551
ROI_035/patch_18,own,64–128,1,3833,0.000,1.000,26.7256,28.7785
ROI_035/patch_18,own,≥128,1,28120,0.000,1.000,26.4460,28.5376
ROI_035/patch_19,nearest,0–16,1,139,0.000,1.000,19.0767,20.9563
ROI_035/patch_19,nearest,16–32,1,366,0.000,1.000,18.6552,20.4849
ROI_035/patch_19,nearest,32–64,1,963,0.000,1.000,20.7646,22.6886
ROI_035/patch_19,nearest,64–128,1,1624,0.000,1.000,29.8801,31.8689
ROI_035/patch_19,nearest,≥128,1,561,0.000,1.000,66.1713,75.1651
ROI_035/patch_19,own,0–16,1,139,0.000,1.000,18.9380,20.8280
ROI_035/patch_19,own,16–32,1,368,0.000,1.000,18.6747,20.4922
ROI_035/patch_19,own,32–64,1,1204,0.000,1.000,20.5177,22.4585
ROI_035/patch_19,own,64–128,1,3977,0.000,1.000,26.6397,28.5709
ROI_035/patch_19,own,≥128,1,27189,0.000,1.000,34.4904,36.4135
ROI_035/patch_20,nearest,0–16,1,142,0.000,1.000,4.1164,4.6999
ROI_035/patch_20,nearest,16–32,1,415,0.000,1.000,4.0328,4.7042
ROI_035/patch_20,nearest,32–64,1,1159,0.000,1.000,4.3269,4.9570
ROI_035/patch_20,nearest,64–128,1,1936,0.000,1.000,4.2903,4.8629
ROI_035/patch_20,nearest,≥128,1,464,0.000,1.000,6.3015,6.8544
ROI_035/patch_20,own,0–16,1,142,0.000,1.000,4.0341,4.6143
ROI_035/patch_20,own,16–32,1,415,0.000,1.000,3.9231,4.5771
ROI_035/patch_20,own,32–64,1,1243,0.000,1.000,4.5349,5.1339
ROI_035/patch_20,own,64–128,1,4043,0.000,1.000,4.0788,4.6434
ROI_035/patch_20,own,≥128,1,27085,0.000,1.000,4.5027,5.0498
ROI_035/patch_21,nearest,0–16,1,127,0.000,1.000,20.4921,20.7962
ROI_035/patch_21,nearest,16–32,1,379,0.000,1.000,20.6339,20.9453
ROI_035/patch_21,nearest,32–64,1,1212,0.000,1.000,19.3154,19.6350
ROI_035/patch_21,nearest,64–128,1,2382,0.000,1.000,19.2413,19.5841
ROI_035/patch_21,nearest,≥128,1,619,0.000,1.000,34.5908,34.9206
ROI_035/patch_21,own,0–16,1,127,0.000,1.000,20.7059,21.0087
ROI_035/patch_21,own,16–32,1,379,0.000,1.000,20.5833,20.8979
ROI_035/patch_21,own,32–64,1,1212,0.000,1.000,19.5406,19.8587
ROI_035/patch_21,own,64–128,1,4323,0.000,1.000,18.8242,19.1718
ROI_035/patch_21,own,≥128,1,31711,0.000,1.000,18.6177,18.9681
ROI_035/patch_22,nearest,0–16,1,119,0.000,1.000,12.2425,14.0116
ROI_035/patch_22,nearest,16–32,1,387,0.000,1.000,11.6804,13.8078
ROI_035/patch_22,nearest,32–64,1,1189,0.000,1.000,12.0131,14.2512
ROI_035/patch_22,nearest,64–128,1,1330,0.000,1.000,23.9689,26.0940
ROI_035/patch_22,nearest,≥128,1,790,0.000,1.000,184.2209,186.3068
ROI_035/patch_22,own,0–16,1,119,0.000,1.000,12.4373,14.2102
ROI_035/patch_22,own,16–32,1,387,0.000,1.000,11.5677,13.6566
ROI_035/patch_22,own,32–64,1,1296,0.000,1.000,11.9515,14.1722
ROI_035/patch_22,own,64–128,1,3580,0.000,1.000,14.3558,16.2563
ROI_035/patch_22,own,≥128,1,25138,0.000,1.000,33.4145,35.5355
ROI_035/patch_23,nearest,0–16,1,145,0.000,1.000,22.8232,24.1279
ROI_035/patch_23,nearest,16–32,1,381,0.000,1.000,23.8054,25.2108
ROI_035/patch_23,nearest,32–64,1,1032,0.000,1.000,24.1859,25.6724
ROI_035/patch_23,nearest,64–128,1,1950,0.000,1.000,33.7127,35.4783
ROI_035/patch_23,nearest,≥128,1,248,0.000,1.000,54.5157,56.4216
ROI_035/patch_23,own,0–16,1,145,0.000,1.000,22.7495,24.0466
ROI_035/patch_23,own,16–32,1,381,0.000,1.000,23.1767,24.5753
ROI_035/patch_23,own,32–64,1,1105,0.000,1.000,23.8118,25.3013
ROI_035/patch_23,own,64–128,1,3578,0.000,1.000,29.2311,30.8344
ROI_035/patch_23,own,≥128,1,24839,0.000,1.000,48.2301,49.9454
ROI_035/patch_24,nearest,0–16,1,157,0.000,1.000,31.7574,32.4930
ROI_035/patch_24,nearest,16–32,1,414,0.000,1.000,32.2191,32.9234
ROI_035/patch_24,nearest,32–64,1,1161,0.000,1.000,33.2854,34.0061
ROI_035/patch_24,nearest,64–128,1,1837,0.000,1.000,35.8949,36.6546
ROI_035/patch_24,nearest,≥128,1,603,0.000,1.000,48.7951,49.5444
ROI_035/patch_24,own,0–16,1,157,0.000,1.000,31.7840,32.5179
ROI_035/patch_24,own,16–32,1,435,0.000,1.000,32.1842,32.8861
ROI_035/patch_24,own,32–64,1,1346,0.000,1.000,33.2258,33.9542
ROI_035/patch_24,own,64–128,1,4258,0.000,1.000,33.9694,34.7555
ROI_035/patch_24,own,≥128,1,27180,0.000,1.000,35.4519,36.1804
ROI_035/patch_25,nearest,0–16,1,122,0.000,1.000,21.9603,22.9411
ROI_035/patch_25,nearest,16–32,1,377,0.000,1.000,22.0253,23.1628
ROI_035/patch_25,nearest,32–64,1,1080,0.000,1.000,24.0850,25.4222
ROI_035/patch_25,nearest,64–128,1,1968,0.000,1.000,31.0665,32.6728
ROI_035/patch_25,nearest,≥128,1,203,0.000,1.000,25.9468,28.0141
ROI_035/patch_25,own,0–16,1,122,0.000,1.000,22.0305,23.0072
ROI_035/patch_25,own,16–32,1,377,0.000,1.000,22.1290,23.2557
ROI_035/patch_25,own,32–64,1,1089,0.000,1.000,25.2840,26.5282
ROI_035/patch_25,own,64–128,1,3517,0.000,1.000,33.1333,34.7085
ROI_035/patch_25,own,≥128,1,24895,0.000,1.000,30.1394,31.5859
ROI_035/patch_26,nearest,0–16,1,129,0.000,1.000,24.4239,25.5649
ROI_035/patch_26,nearest,16–32,1,355,0.000,1.000,24.4094,25.6243
ROI_035/patch_26,nearest,32–64,1,1040,0.000,1.000,25.1569,26.3799
ROI_035/patch_26,nearest,64–128,1,2107,0.000,1.000,27.0759,28.1796
ROI_035/patch_26,nearest,≥128,1,355,0.000,1.000,100.4105,101.4328
ROI_035/patch_26,own,0–16,1,129,0.000,1.000,24.3851,25.5215
ROI_035/patch_26,own,16–32,1,355,0.000,1.000,24.3378,25.5636
ROI_035/patch_26,own,32–64,1,1043,0.000,1.000,25.6005,26.8515
ROI_035/patch_26,own,64–128,1,3776,0.000,1.000,26.3270,27.4890
ROI_035/patch_26,own,≥128,1,26585,0.000,1.000,28.3409,29.4766
ROI_035/patch_27,nearest,0–16,1,128,0.000,1.000,15.1921,16.6598
ROI_035/patch_27,nearest,16–32,1,357,0.000,1.000,14.3422,15.7783
ROI_035/patch_27,nearest,32–64,1,832,0.000,1.000,14.7047,16.1181
ROI_035/patch_27,nearest,64–128,1,843,0.000,1.000,20.0242,21.3395
ROI_035/patch_27,nearest,≥128,0,32,nan,nan,,
ROI_035/patch_27,own,0–16,1,128,0.000,1.000,14.9371,16.4125
ROI_035/patch_27,own,16–32,1,357,0.000,1.000,14.7767,16.2085
ROI_035/patch_27,own,32–64,1,936,0.000,1.000,14.3952,15.8103
ROI_035/patch_27,own,64–128,1,3202,0.000,1.000,19.9752,21.3145
ROI_035/patch_27,own,≥128,1,12913,0.000,1.000,17.2173,18.5737
ROI_035/patch_28,nearest,0–16,1,151,0.000,1.000,13.5751,15.2820
ROI_035/patch_28,nearest,16–32,1,414,0.000,1.000,15.0627,16.8264
ROI_035/patch_28,nearest,32–64,1,1105,0.000,1.000,17.5474,19.4891
ROI_035/patch_28,nearest,64–128,1,1320,0.000,1.000,16.5003,18.4247
ROI_035/patch_28,nearest,≥128,1,156,0.000,1.000,140.6547,143.0787
ROI_035/patch_28,own,0–16,1,151,0.000,1.000,13.5894,15.3468
ROI_035/patch_28,own,16–32,1,414,0.000,1.000,14.9668,16.7393
ROI_035/patch_28,own,32–64,1,1223,0.000,1.000,19.0836,21.0433
ROI_035/patch_28,own,64–128,1,3715,0.000,1.000,16.2442,18.0610
ROI_035/patch_28,own,≥128,1,19665,0.000,1.000,16.7552,18.7641
ROI_035/patch_29,nearest,0–16,1,138,0.000,1.000,11.6584,13.4901
ROI_035/patch_29,nearest,16–32,1,353,0.000,1.000,11.4747,13.1441
ROI_035/patch_29,nearest,32–64,1,1095,0.000,1.000,10.5952,12.3461
ROI_035/patch_29,nearest,64–128,1,2071,0.000,1.000,10.5270,12.1386
ROI_035/patch_29,nearest,≥128,1,722,0.000,1.000,208.8360,210.8246
ROI_035/patch_29,own,0–16,1,138,0.000,1.000,11.5290,13.3781
ROI_035/patch_29,own,16–32,1,353,0.000,1.000,11.3052,13.0022
ROI_035/patch_29,own,32–64,1,1168,0.000,1.000,10.7908,12.4577
ROI_035/patch_29,own,64–128,1,4235,0.000,1.000,11.4283,13.1225
ROI_035/patch_29,own,≥128,1,29138,0.000,1.000,12.2529,13.9608
ROI_035/patch_30,nearest,0–16,1,141,0.000,1.000,26.6885,27.5133
ROI_035/patch_30,nearest,16–32,1,392,0.000,1.000,26.6434,27.5166
ROI_035/patch_30,nearest,32–64,1,1137,0.000,1.000,27.2805,28.0971
ROI_035/patch_30,nearest,64–128,1,1372,0.000,1.000,45.2831,46.0815
ROI_035/patch_30,nearest,≥128,1,231,0.000,1.000,156.3285,157.0503
ROI_035/patch_30,own,0–16,1,141,0.000,1.000,27.0686,27.8950
ROI_035/patch_30,own,16–32,1,392,0.000,1.000,26.8768,27.7624
ROI_035/patch_30,own,32–64,1,1175,0.000,1.000,28.1831,28.9977
ROI_035/patch_30,own,64–128,1,3684,0.000,1.000,33.2268,34.0344
ROI_035/patch_30,own,≥128,1,20792,0.000,1.000,41.9898,42.8094
ROI_035/patch_31,nearest,0–16,1,100,0.000,1.000,13.7418,15.5932
ROI_035/patch_31,nearest,16–32,1,314,0.000,1.000,11.2887,12.8644
ROI_035/patch_31,nearest,32–64,1,875,0.000,1.000,13.9742,15.5446
ROI_035/patch_31,nearest,64–128,1,1441,0.000,1.000,30.0919,31.4570
ROI_035/patch_31,nearest,≥128,1,197,0.000,1.000,53.8372,56.0435
ROI_035/patch_31,own,0–16,1,100,0.000,1.000,13.8962,15.7753
ROI_035/patch_31,own,16–32,1,314,0.000,1.000,11.2779,12.8491
ROI_035/patch_31,own,32–64,1,912,0.000,1.000,14.1551,15.7404
ROI_035/patch_31,own,64–128,1,2984,0.000,1.000,26.7269,28.2047
ROI_035/patch_31,own,≥128,1,19106,0.000,1.000,38.6377,40.1340
ROI_035/patch_32,nearest,0–16,1,110,0.000,1.000,79.5351,81.4282
ROI_035/patch_32,nearest,16–32,1,343,0.000,1.000,62.0828,63.5825
ROI_035/patch_32,nearest,32–64,1,736,0.000,1.000,65.8670,67.2972
ROI_035/patch_32,nearest,64–128,1,1203,0.000,1.000,72.3069,73.9673
ROI_035/patch_32,nearest,≥128,1,171,0.000,1.000,132.7682,134.1124
ROI_035/patch_32,own,0–16,1,110,0.000,1.000,79.0569,80.9576
ROI_035/patch_32,own,16–32,1,343,0.000,1.000,61.9665,63.4823
ROI_035/patch_32,own,32–64,1,751,0.000,1.000,65.8355,67.2329
ROI_035/patch_32,own,64–128,1,2446,0.000,1.000,76.1303,77.6123
ROI_035/patch_32,own,≥128,1,16854,0.000,1.000,74.7218,76.2046
ROI_035/patch_33,nearest,0–16,1,132,0.000,1.000,9.8218,11.8098
ROI_035/patch_33,nearest,16–32,1,388,0.000,1.000,10.4519,12.4805
ROI_035/patch_33,nearest,32–64,1,1245,0.000,1.000,12.2813,14.2030
ROI_035/patch_33,nearest,64–128,1,1928,0.000,1.000,19.7264,22.0606
ROI_035/patch_33,nearest,≥128,1,474,0.000,1.000,54.7880,57.9163
ROI_035/patch_33,own,0–16,1,132,0.000,1.000,9.8145,11.8000
ROI_035/patch_33,own,16–32,1,388,0.000,1.000,10.5856,12.6280
ROI_035/patch_33,own,32–64,1,1277,0.000,1.000,12.2748,14.1909
ROI_035/patch_33,own,64–128,1,4217,0.000,1.000,12.6197,14.7910
ROI_035/patch_33,own,≥128,1,27322,0.000,1.000,18.0818,20.3948
ROI_035/patch_34,nearest,0–16,1,128,0.000,1.000,4.9751,5.1775
ROI_035/patch_34,nearest,16–32,1,362,0.000,1.000,5.1161,5.3987
ROI_035/patch_34,nearest,32–64,1,1297,0.000,1.000,6.3448,6.5480
ROI_035/patch_34,nearest,64–128,1,2502,0.000,1.000,12.0247,12.2054
ROI_035/patch_34,nearest,≥128,1,191,0.000,1.000,40.0461,40.3954
ROI_035/patch_34,own,0–16,1,128,0.000,1.000,4.7979,5.0007
ROI_035/patch_34,own,16–32,1,362,0.000,1.000,4.9903,5.2774
ROI_035/patch_34,own,32–64,1,1297,0.000,1.000,5.5696,5.7834
ROI_035/patch_34,own,64–128,1,4009,0.000,1.000,11.8263,11.9931
ROI_035/patch_34,own,≥128,1,30044,0.000,1.000,11.6549,11.8472
ROI_035/patch_35,nearest,0–16,1,141,0.000,1.000,6.6379,7.6865
ROI_035/patch_35,nearest,16–32,1,381,0.000,1.000,5.8553,6.9923
ROI_035/patch_35,nearest,32–64,1,1359,0.000,1.000,5.4614,6.6748
ROI_035/patch_35,nearest,64–128,1,2037,0.000,1.000,6.9823,8.2565
ROI_035/patch_35,nearest,≥128,1,597,0.000,1.000,44.9836,46.1913
ROI_035/patch_35,own,0–16,1,141,0.000,1.000,6.4539,7.5045
ROI_035/patch_35,own,16–32,1,381,0.000,1.000,6.3031,7.4327
ROI_035/patch_35,own,32–64,1,1368,0.000,1.000,5.4224,6.6334
ROI_035/patch_35,own,64–128,1,4331,0.000,1.000,7.0737,8.3911
ROI_035/patch_35,own,≥128,1,29899,0.000,1.000,7.0035,8.2238
ROI_035/patch_36,nearest,0–16,1,135,0.000,1.000,4.9263,5.8435
ROI_035/patch_36,nearest,16–32,1,397,0.000,1.000,4.7416,5.6197
ROI_035/patch_36,nearest,32–64,1,1161,0.000,1.000,4.5984,5.5084
ROI_035/patch_36,nearest,64–128,1,2312,0.000,1.000,7.2393,8.2604
ROI_035/patch_36,nearest,≥128,1,365,0.000,1.000,25.7533,26.7420
ROI_035/patch_36,own,0–16,1,135,0.000,1.000,4.9034,5.8134
ROI_035/patch_36,own,16–32,1,397,0.000,1.000,4.7861,5.6248
ROI_035/patch_36,own,32–64,1,1233,0.000,1.000,4.5223,5.3864
ROI_035/patch_36,own,64–128,1,4154,0.000,1.000,4.9919,6.0119
ROI_035/patch_36,own,≥128,1,29041,0.000,1.000,7.6570,8.6319
ROI_035/patch_37,nearest,0–16,1,167,0.000,1.000,78.7358,80.9126
ROI_035/patch_37,nearest,16–32,1,454,0.000,1.000,78.8717,81.0722
ROI_035/patch_37,nearest,32–64,1,1262,0.000,1.000,78.5500,80.6728
ROI_035/patch_37,nearest,64–128,1,2196,0.000,1.000,85.0902,87.1109
ROI_035/patch_37,nearest,≥128,1,225,0.000,1.000,106.2510,108.6896
ROI_035/patch_37,own,0–16,1,167,0.000,1.000,78.7288,80.9100
ROI_035/patch_37,own,16–32,1,454,0.000,1.000,78.6867,80.8708
ROI_035/patch_37,own,32–64,1,1384,0.000,1.000,79.4052,81.5644
ROI_035/patch_37,own,64–128,1,5170,0.000,1.000,86.4917,88.5700
ROI_035/patch_37,own,≥128,1,31561,0.000,1.000,104.9845,107.0480
ROI_035/patch_38,nearest,0–16,1,113,0.000,1.000,4.8936,6.5569
ROI_035/patch_38,nearest,16–32,1,360,0.000,1.000,6.7540,8.3816
ROI_035/patch_38,nearest,32–64,1,1270,0.000,1.000,9.0419,10.6062
ROI_035/patch_38,nearest,64–128,1,2729,0.000,1.000,9.5566,11.0707
ROI_035/patch_38,nearest,≥128,1,573,0.000,1.000,10.6719,12.4253
ROI_035/patch_38,own,0–16,1,113,0.000,1.000,4.8513,6.5252
ROI_035/patch_38,own,16–32,1,360,0.000,1.000,6.5074,8.1365
ROI_035/patch_38,own,32–64,1,1279,0.000,1.000,8.9467,10.4767
ROI_035/patch_38,own,64–128,1,4804,0.000,1.000,8.5073,10.0774
ROI_035/patch_38,own,≥128,1,33804,0.000,1.000,8.4685,10.0511
ROI_035/patch_39,nearest,0–16,1,152,0.000,1.000,13.2085,13.8215
ROI_035/patch_39,nearest,16–32,1,438,0.000,1.000,13.3170,13.9531
ROI_035/patch_39,nearest,32–64,1,1463,0.000,1.000,16.0841,16.6857
ROI_035/patch_39,nearest,64–128,1,2297,0.000,1.000,20.1962,20.8659
ROI_035/patch_39,nearest,≥128,1,212,0.000,1.000,62.1769,63.3377
ROI_035/patch_39,own,0–16,1,152,0.000,1.000,13.1883,13.7962
ROI_035/patch_39,own,16–32,1,438,0.000,1.000,13.4504,14.0916
ROI_035/patch_39,own,32–64,1,1493,0.000,1.000,16.2982,16.9000
ROI_035/patch_39,own,64–128,1,4591,0.000,1.000,17.6001,18.1798
ROI_035/patch_39,own,≥128,1,29822,0.000,1.000,15.7708,16.3915
ROI_035/patch_40,nearest,0–16,1,132,0.000,1.000,87.7079,89.4505
ROI_035/patch_40,nearest,16–32,1,381,0.000,1.000,85.5969,87.4279
ROI_035/patch_40,nearest,32–64,1,762,0.000,1.000,85.2195,87.2060
ROI_035/patch_40,nearest,64–128,1,1121,0.000,1.000,87.5426,89.7540
ROI_035/patch_40,nearest,≥128,1,167,0.800,1.000,994.6209,996.3817
ROI_035/patch_40,own,0–16,1,132,0.000,1.000,86.6012,88.3385
ROI_035/patch_40,own,16–32,1,381,0.000,1.000,85.3685,87.1958
ROI_035/patch_40,own,32–64,1,844,0.000,1.000,92.6166,94.6486
ROI_035/patch_40,own,64–128,1,2674,0.000,1.000,88.2030,90.2368
ROI_035/patch_40,own,≥128,1,19036,0.000,1.000,95.3785,97.3948
ROI_035/patch_41,nearest,0–16,1,157,0.000,1.000,6.5357,6.9523
ROI_035/patch_41,nearest,16–32,1,423,0.000,1.000,6.1811,6.6047
ROI_035/patch_41,nearest,32–64,1,1190,0.000,1.000,7.7858,8.2841
ROI_035/patch_41,nearest,64–128,1,2198,0.000,1.000,13.5959,14.1151
ROI_035/patch_41,nearest,≥128,1,400,0.000,1.000,59.2967,59.8095
ROI_035/patch_41,own,0–16,1,157,0.000,1.000,6.5712,6.9918
ROI_035/patch_41,own,16–32,1,423,0.000,1.000,6.1575,6.5983
ROI_035/patch_41,own,32–64,1,1220,0.000,1.000,7.5471,8.0524
ROI_035/patch_41,own,64–128,1,3828,0.000,1.000,11.7074,12.2110
ROI_035/patch_41,own,≥128,1,29316,0.000,1.000,12.3971,12.8779
ROI_035/patch_42,nearest,0–16,1,150,0.000,1.000,6.5931,8.3845
ROI_035/patch_42,nearest,16–32,1,424,0.000,1.000,6.8634,8.8873
ROI_035/patch_42,nearest,32–64,1,1411,0.000,1.000,9.9562,12.1683
ROI_035/patch_42,nearest,64–128,1,2731,0.000,1.000,14.5065,16.7755
ROI_035/patch_42,nearest,≥128,1,443,0.000,1.000,30.1485,34.2020
ROI_035/patch_42,own,0–16,1,150,0.000,1.000,6.6382,8.4413
ROI_035/patch_42,own,16–32,1,424,0.000,1.000,6.7274,8.7223
ROI_035/patch_42,own,32–64,1,1441,0.000,1.000,10.3636,12.5717
ROI_035/patch_42,own,64–128,1,4813,0.000,1.000,12.3192,14.5799
ROI_035/patch_42,own,≥128,1,34444,0.000,1.000,15.0654,17.3768
ROI_035/patch_43,nearest,0–16,1,152,0.000,1.000,16.2846,18.5366
ROI_035/patch_43,nearest,16–32,1,425,0.000,1.000,16.3776,18.5397
ROI_035/patch_43,nearest,32–64,1,1104,0.000,1.000,18.8488,20.8508
ROI_035/patch_43,nearest,64–128,1,2017,0.000,1.000,26.9005,28.8367
ROI_035/patch_43,nearest,≥128,1,586,0.000,1.000,27.5288,29.4434
ROI_035/patch_43,own,0–16,1,152,0.000,1.000,16.3146,18.5455
ROI_035/patch_43,own,16–32,1,425,0.000,1.000,16.3050,18.4754
ROI_035/patch_43,own,32–64,1,1216,0.000,1.000,18.4915,20.5220
ROI_035/patch_43,own,64–128,1,3776,0.000,1.000,27.1576,29.1291
ROI_035/patch_43,own,≥128,1,28703,0.000,1.000,38.8427,40.7699
ROI_035/patch_44,nearest,0–16,1,139,0.000,1.000,18.4070,18.9625
ROI_035/patch_44,nearest,16–32,1,417,0.000,1.000,17.4110,17.9905
ROI_035/patch_44,nearest,32–64,1,1334,0.000,1.000,18.2839,18.7724
ROI_035/patch_44,nearest,64–128,1,2237,0.000,1.000,17.1899,17.6785
ROI_035/patch_44,nearest,≥128,1,317,0.000,1.000,19.1939,19.7476
ROI_035/patch_44,own,0–16,1,139,0.000,1.000,18.3845,18.9345
ROI_035/patch_44,own,16–32,1,417,0.000,1.000,17.3109,17.8790
ROI_035/patch_44,own,32–64,1,1334,0.000,1.000,18.0138,18.4900
ROI_035/patch_44,own,64–128,1,4529,0.000,1.000,18.0591,18.5254
ROI_035/patch_44,own,≥128,1,29133,0.000,1.000,18.8741,19.3547
ROI_035/patch_45,nearest,0–16,1,137,0.000,1.000,26.3676,28.3234
ROI_035/patch_45,nearest,16–32,1,428,0.000,1.000,26.9583,28.8378
ROI_035/patch_45,nearest,32–64,1,1300,0.000,1.000,27.7230,29.5223
ROI_035/patch_45,nearest,64–128,1,2317,0.000,1.000,27.8885,29.6870
ROI_035/patch_45,nearest,≥128,1,227,0.000,1.000,30.9783,32.7553
ROI_035/patch_45,own,0–16,1,137,0.000,1.000,26.4738,28.4369
ROI_035/patch_45,own,16–32,1,428,0.000,1.000,26.8833,28.7698
ROI_035/patch_45,own,32–64,1,1300,0.000,1.000,27.8112,29.6035
ROI_035/patch_45,own,64–128,1,4409,0.000,1.000,28.4313,30.2155
ROI_035/patch_45,own,≥128,1,28998,0.000,1.000,29.0132,30.8773
ROI_035/patch_46,nearest,0–16,1,136,0.000,1.000,17.3995,19.0324
ROI_035/patch_46,nearest,16–32,1,403,0.000,1.000,18.1136,19.6897
ROI_035/patch_46,nearest,32–64,1,1343,0.000,1.000,18.5308,19.9963
ROI_035/patch_46,nearest,64–128,1,2550,0.000,1.000,21.3874,22.8011
ROI_035/patch_46,nearest,≥128,1,504,0.000,1.000,28.8024,30.0984
ROI_035/patch_46,own,0–16,1,136,0.000,1.000,17.4657,19.0821
ROI_035/patch_46,own,16–32,1,403,0.000,1.000,17.9313,19.4900
ROI_035/patch_46,own,32–64,1,1427,0.000,1.000,18.9892,20.4788
ROI_035/patch_46,own,64–128,1,4792,0.000,1.000,21.3585,22.7651
ROI_035/patch_46,own,≥128,1,32730,0.000,1.000,22.0733,23.4951
ROI_035/patch_47,nearest,0–16,1,143,0.000,1.000,32.5833,33.8416
ROI_035/patch_47,nearest,16–32,1,388,0.000,1.000,32.5363,33.8585
ROI_035/patch_47,nearest,32–64,1,1208,0.000,1.000,35.4978,37.1704
ROI_035/patch_47,nearest,64–128,1,2005,0.000,1.000,37.7744,39.5115
ROI_035/patch_47,nearest,≥128,1,689,0.000,1.000,165.2103,166.8587
ROI_035/patch_47,own,0–16,1,143,0.000,1.000,32.3720,33.6596
ROI_035/patch_47,own,16–32,1,388,0.000,1.000,32.1182,33.4478
ROI_035/patch_47,own,32–64,1,1287,0.000,1.000,34.0344,35.7168
ROI_035/patch_47,own,64–128,1,4146,0.000,1.000,34.6536,36.4492
ROI_035/patch_47,own,≥128,1,29500,0.000,1.000,39.3650,41.1001
ROI_035/patch_48,nearest,0–16,1,140,0.000,1.000,4.3908,7.0223
ROI_035/patch_48,nearest,16–32,1,419,0.000,1.000,4.7223,7.3737
ROI_035/patch_48,nearest,32–64,1,1305,0.000,1.000,5.8965,8.5618
ROI_035/patch_48,nearest,64–128,1,1277,0.000,1.000,8.5400,11.2349
ROI_035/patch_48,nearest,≥128,1,679,0.000,1.000,53.0081,55.5587
ROI_035/patch_48,own,0–16,1,140,0.000,1.000,4.4521,7.0974
ROI_035/patch_48,own,16–32,1,419,0.000,1.000,4.7902,7.4153
ROI_035/patch_48,own,32–64,1,1345,0.000,1.000,5.6506,8.3091
ROI_035/patch_48,own,64–128,1,4072,0.000,1.000,5.9786,8.6571
ROI_035/patch_48,own,≥128,1,24584,0.000,1.000,6.8609,9.5855
ROI_035/patch_49,nearest,0–16,1,137,0.000,1.000,5.1080,7.2447
ROI_035/patch_49,nearest,16–32,1,357,0.000,1.000,3.9304,6.0384
ROI_035/patch_49,nearest,32–64,1,1145,0.000,1.000,6.1152,8.7058
ROI_035/patch_49,nearest,64–128,1,2063,0.000,1.000,8.6690,11.2921
ROI_035/patch_49,nearest,≥128,1,330,0.000,1.000,16.9166,20.3558
ROI_035/patch_49,own,0–16,1,137,0.000,1.000,5.2019,7.3629
ROI_035/patch_49,own,16–32,1,357,0.000,1.000,4.0339,6.1211
ROI_035/patch_49,own,32–64,1,1145,0.000,1.000,5.4590,8.0344
ROI_035/patch_49,own,64–128,1,4192,0.000,1.000,5.1781,7.7494
ROI_035/patch_49,own,≥128,1,26425,0.000,1.000,5.8218,8.3360
ROI_035/patch_50,nearest,0–16,1,151,0.000,1.000,8.5707,11.6358
ROI_035/patch_50,nearest,16–32,1,366,0.000,1.000,8.9184,11.9583
ROI_035/patch_50,nearest,32–64,1,1150,0.000,1.000,8.9396,12.0470
ROI_035/patch_50,nearest,64–128,1,2290,0.000,1.000,12.1711,15.2421
ROI_035/patch_50,nearest,≥128,1,1000,0.000,1.000,32.7787,35.8645
ROI_035/patch_50,own,0–16,1,151,0.000,1.000,8.7890,11.8561
ROI_035/patch_50,own,16–32,1,366,0.000,1.000,8.9236,11.9799
ROI_035/patch_50,own,32–64,1,1293,0.000,1.000,8.9356,12.0226
ROI_035/patch_50,own,64–128,1,4356,0.000,1.000,10.3527,13.4210
ROI_035/patch_50,own,≥128,1,33490,0.000,1.000,12.8680,15.9428
ROI_035/patch_51,nearest,0–16,1,150,0.000,1.000,11.9788,12.7948
ROI_035/patch_51,nearest,16–32,1,430,0.000,1.000,11.9801,12.7801
ROI_035/patch_51,nearest,32–64,1,1508,0.000,1.000,10.8927,11.6527
ROI_035/patch_51,nearest,64–128,1,2417,0.000,1.000,12.4082,13.1589
ROI_035/patch_51,nearest,≥128,1,416,0.000,1.000,11.0082,11.8877
ROI_035/patch_51,own,0–16,1,150,0.000,1.000,11.7624,12.5744
ROI_035/patch_51,own,16–32,1,430,0.000,1.000,11.8720,12.6781
ROI_035/patch_51,own,32–64,1,1517,0.000,1.000,11.4732,12.2402
ROI_035/patch_51,own,64–128,1,4780,0.000,1.000,13.5876,14.3458
ROI_035/patch_51,own,≥128,1,32491,0.000,1.000,12.9329,13.6804
ROI_035/patch_52,nearest,0–16,1,121,0.000,1.000,11.3608,12.7255
ROI_035/patch_52,nearest,16–32,1,380,0.000,1.000,11.1633,12.4869
ROI_035/patch_52,nearest,32–64,1,1237,0.000,1.000,10.7971,12.3300
ROI_035/patch_52,nearest,64–128,1,2062,0.000,1.000,10.9785,12.7794
ROI_035/patch_52,nearest,≥128,1,395,0.000,1.000,72.6890,74.6937
ROI_035/patch_52,own,0–16,1,121,0.000,1.000,11.4454,12.7875
ROI_035/patch_52,own,16–32,1,380,0.000,1.000,11.2689,12.5778
ROI_035/patch_52,own,32–64,1,1250,0.000,1.000,11.1773,12.7903
ROI_035/patch_52,own,64–128,1,4022,0.000,1.000,12.3012,14.1216
ROI_035/patch_52,own,≥128,1,27787,0.000,1.000,11.1321,12.8792
ROI_035/patch_53,nearest,0–16,1,111,0.000,1.000,7.8534,9.1387
ROI_035/patch_53,nearest,16–32,1,370,0.000,1.000,8.1973,9.4142
ROI_035/patch_53,nearest,32–64,1,1073,0.000,1.000,9.2374,10.7960
ROI_035/patch_53,nearest,64–128,1,1472,0.000,1.000,12.1509,13.6040
ROI_035/patch_53,nearest,≥128,1,410,0.000,1.000,29.9284,31.5389
ROI_035/patch_53,own,0–16,1,111,0.000,1.000,7.6159,8.9671
ROI_035/patch_53,own,16–32,1,370,0.000,1.000,8.0359,9.2292
ROI_035/patch_53,own,32–64,1,1240,0.000,1.000,9.4949,11.0837
ROI_035/patch_53,own,64–128,1,4171,0.000,1.000,9.9847,11.3758
ROI_035/patch_53,own,≥128,1,21596,0.000,1.000,13.3792,14.8236
ROI_035/patch_54,nearest,0–16,1,131,0.000,1.000,9.5265,10.5172
ROI_035/patch_54,nearest,16–32,1,384,0.000,1.000,10.5452,11.5969
ROI_035/patch_54,nearest,32–64,1,1304,0.000,1.000,10.5101,11.6651
ROI_035/patch_54,nearest,64–128,1,2201,0.000,1.000,11.0241,12.2923
ROI_035/patch_54,nearest,≥128,1,480,0.000,1.000,12.0989,13.4910
ROI_035/patch_54,own,0–16,1,131,0.000,1.000,9.6719,10.6778
ROI_035/patch_54,own,16–32,1,384,0.000,1.000,10.4143,11.4499
ROI_035/patch_54,own,32–64,1,1356,0.000,1.000,9.7129,10.8258
ROI_035/patch_54,own,64–128,1,4579,0.000,1.000,10.7252,12.0154
ROI_035/patch_54,own,≥128,1,29550,0.000,1.000,11.2086,12.3662
ROI_035/patch_55,nearest,0–16,1,128,0.000,1.000,6.3941,6.8167
ROI_035/patch_55,nearest,16–32,1,359,0.000,1.000,6.9291,7.4451
ROI_035/patch_55,nearest,32–64,1,1060,0.000,1.000,7.2055,7.6611
ROI_035/patch_55,nearest,64–128,1,1885,0.000,1.000,11.1888,11.6782
ROI_035/patch_55,nearest,≥128,1,537,0.000,1.000,27.1732,27.6926
ROI_035/patch_55,own,0–16,1,128,0.000,1.000,6.3331,6.7646
ROI_035/patch_55,own,16–32,1,359,0.000,1.000,6.5248,6.9979
ROI_035/patch_55,own,32–64,1,1177,0.000,1.000,7.0632,7.4776
ROI_035/patch_55,own,64–128,1,3756,0.000,1.000,11.8605,12.2394
ROI_035/patch_55,own,≥128,1,26332,0.000,1.000,22.0759,22.5657
ROI_035/patch_56,nearest,0–16,1,137,0.000,1.000,14.2666,15.8903
ROI_035/patch_56,nearest,16–32,1,415,0.000,1.000,15.3741,16.8903
ROI_035/patch_56,nearest,32–64,1,1244,0.000,1.000,15.7675,17.1762
ROI_035/patch_56,nearest,64–128,1,2157,0.000,1.000,19.6066,20.7519
ROI_035/patch_56,nearest,≥128,1,193,0.000,1.000,56.6137,58.6763
ROI_035/patch_56,own,0–16,1,137,0.000,1.000,14.2151,15.8528
ROI_035/patch_56,own,16–32,1,415,0.000,1.000,15.6286,17.1608
ROI_035/patch_56,own,32–64,1,1244,0.000,1.000,15.7119,17.1655
ROI_035/patch_56,own,64–128,1,4136,0.000,1.000,18.9978,20.1816
ROI_035/patch_56,own,≥128,1,27236,0.000,1.000,22.4889,23.7769
ROI_035/patch_57,nearest,0–16,1,149,0.000,1.000,9.1573,9.5495
ROI_035/patch_57,nearest,16–32,1,449,0.000,1.000,9.8483,10.2294
ROI_035/patch_57,nearest,32–64,1,1245,0.000,1.000,10.4336,10.9222
ROI_035/patch_57,nearest,64–128,1,1775,0.000,1.000,11.7924,12.3815
ROI_035/patch_57,nearest,≥128,1,128,0.000,1.000,36.2429,37.0452
ROI_035/patch_57,own,0–16,1,149,0.000,1.000,9.0625,9.4508
ROI_035/patch_57,own,16–32,1,449,0.000,1.000,9.1827,9.5609
ROI_035/patch_57,own,32–64,1,1341,0.000,1.000,9.8615,10.3519
ROI_035/patch_57,own,64–128,1,4238,0.000,1.000,11.3051,11.8159
ROI_035/patch_57,own,≥128,1,23791,0.000,1.000,9.8636,10.3328
ROI_035/patch_58,nearest,0–16,1,143,0.000,1.000,17.8638,18.6832
ROI_035/patch_58,nearest,16–32,1,428,0.000,1.000,17.4518,18.3258
ROI_035/patch_58,nearest,32–64,1,1227,0.000,1.000,18.1766,19.2613
ROI_035/patch_58,nearest,64–128,1,1740,0.000,1.000,25.3707,26.2390
ROI_035/patch_58,nearest,≥128,1,450,0.000,1.000,39.5737,40.4820
ROI_035/patch_58,own,0–16,1,143,0.000,1.000,17.8072,18.6308
ROI_035/patch_58,own,16–32,1,428,0.000,1.000,17.2158,18.0572
ROI_035/patch_58,own,32–64,1,1284,0.000,1.000,18.0339,19.1306
ROI_035/patch_58,own,64–128,1,3974,0.000,1.000,23.3066,24.1552
ROI_035/patch_58,own,≥128,1,26075,0.000,1.000,27.4965,28.4725
ROI_035/patch_59,nearest,0–16,1,127,0.000,1.000,9.5519,10.9065
ROI_035/patch_59,nearest,16–32,1,402,0.000,1.000,7.1585,8.3837
ROI_035/patch_59,nearest,32–64,1,1263,0.000,1.000,8.2559,9.3610
ROI_035/patch_59,nearest,64–128,1,1880,0.000,1.000,12.9225,14.0351
ROI_035/patch_59,nearest,≥128,1,277,0.000,1.000,52.7394,53.7420
ROI_035/patch_59,own,0–16,1,127,0.000,1.000,9.3820,10.7232
ROI_035/patch_59,own,16–32,1,402,0.000,1.000,7.2897,8.5156
ROI_035/patch_59,own,32–64,1,1381,0.000,1.000,8.9661,10.0544
ROI_035/patch_59,own,64–128,1,4434,0.000,1.000,11.5539,12.6755
ROI_035/patch_59,own,≥128,1,25248,0.000,1.000,19.2098,20.2985
ROI_035/patch_60,nearest,0–16,1,142,0.000,1.000,30.8506,31.7040
ROI_035/patch_60,nearest,16–32,1,399,0.000,1.000,30.0093,30.8863
ROI_035/patch_60,nearest,32–64,1,1218,0.000,1.000,28.8559,29.7643
ROI_035/patch_60,nearest,64–128,1,2234,0.000,1.000,27.8369,28.7195
ROI_035/patch_60,nearest,≥128,1,147,0.000,1.000,32.4086,33.2874
ROI_035/patch_60,own,0–16,1,142,0.000,1.000,30.7292,31.5812
ROI_035/patch_60,own,16–32,1,399,0.000,1.000,30.3589,31.2449
ROI_035/patch_60,own,32–64,1,1260,0.000,1.000,30.4036,31.3312
ROI_035/patch_60,own,64–128,1,4576,0.000,1.000,29.2722,30.1566
ROI_035/patch_60,own,≥128,1,26743,0.000,1.000,31.0600,31.9088
ROI_035/patch_62,nearest,0–16,1,131,0.000,1.000,20.9744,21.5844
ROI_035/patch_62,nearest,16–32,1,362,0.000,1.000,19.9252,20.5273
ROI_035/patch_62,nearest,32–64,1,1010,0.000,1.000,19.7018,20.4177
ROI_035/patch_62,nearest,64–128,1,1879,0.000,1.000,19.9336,20.8558
ROI_035/patch_62,nearest,≥128,1,682,0.000,1.000,77.4309,78.8677
ROI_035/patch_62,own,0–16,1,131,0.000,1.000,20.7825,21.3872
ROI_035/patch_62,own,16–32,1,362,0.000,1.000,20.0252,20.6308
ROI_035/patch_62,own,32–64,1,1062,0.000,1.000,19.7836,20.5195
ROI_035/patch_62,own,64–128,1,3270,0.000,1.000,20.4213,21.4595
ROI_035/patch_62,own,≥128,1,27687,0.000,1.000,25.8288,26.8482
ROI_035/patch_63,nearest,0–16,1,108,0.000,1.000,24.1867,25.2313
ROI_035/patch_63,nearest,16–32,1,346,0.000,1.000,25.0938,25.9932
ROI_035/patch_63,nearest,32–64,1,950,0.000,1.000,25.3827,26.2884
ROI_035/patch_63,nearest,64–128,1,2063,0.000,1.000,30.5966,31.5001
ROI_035/patch_63,nearest,≥128,1,300,0.000,1.000,60.1796,61.4106
ROI_035/patch_63,own,0–16,1,108,0.000,1.000,24.1979,25.2412
ROI_035/patch_63,own,16–32,1,346,0.000,1.000,24.8904,25.8297
ROI_035/patch_63,own,32–64,1,950,0.000,1.000,25.0719,26.0125
ROI_035/patch_63,own,64–128,1,3335,0.000,1.000,28.3618,29.1636
ROI_035/patch_63,own,≥128,1,25397,0.000,1.000,30.9891,32.0195
ROI_035/patch_64,nearest,0–16,1,145,0.000,1.000,5.9452,8.6260
ROI_035/patch_64,nearest,16–32,1,393,0.000,1.000,5.7767,8.4819
ROI_035/patch_64,nearest,32–64,1,778,0.000,1.000,7.3004,10.1525
ROI_035/patch_64,nearest,64–128,1,1145,0.000,1.000,12.8189,15.7430
ROI_035/patch_64,nearest,≥128,1,436,0.000,1.000,39.4758,42.3270
ROI_035/patch_64,own,0–16,1,145,0.000,1.000,6.0191,8.7085
ROI_035/patch_64,own,16–32,1,393,0.000,1.000,5.7137,8.3378
ROI_035/patch_64,own,32–64,1,951,0.000,1.000,7.8281,10.5952
ROI_035/patch_64,own,64–128,1,3262,0.000,1.000,7.2213,10.0628
ROI_035/patch_64,own,≥128,1,18425,0.000,1.000,14.3208,16.9296
ROI_035/patch_66,nearest,0–16,1,123,0.000,1.000,6.5176,8.3902
ROI_035/patch_66,nearest,16–32,1,375,0.000,1.000,6.4322,8.2933
ROI_035/patch_66,nearest,32–64,1,1161,0.000,1.000,7.4935,9.4170
ROI_035/patch_66,nearest,64–128,1,1562,0.000,1.000,23.7894,25.6976
ROI_035/patch_66,nearest,≥128,1,172,0.000,1.000,85.7402,88.3474
ROI_035/patch_66,own,0–16,1,123,0.000,1.000,6.2591,8.1251
ROI_035/patch_66,own,16–32,1,375,0.000,1.000,6.4834,8.3329
ROI_035/patch_66,own,32–64,1,1212,0.000,1.000,8.1342,10.0510
ROI_035/patch_66,own,64–128,1,3366,0.000,1.000,21.6169,23.5451
ROI_035/patch_66,own,≥128,1,22068,0.000,1.000,18.8669,20.7741
ROI_035/patch_67,nearest,0–16,1,144,0.000,1.000,23.1522,23.7957
ROI_035/patch_67,nearest,16–32,1,388,0.000,1.000,23.2020,23.9443
ROI_035/patch_67,nearest,32–64,1,901,0.000,1.000,24.2283,24.7944
ROI_035/patch_67,nearest,64–128,1,1602,0.000,1.000,26.7126,27.2371
ROI_035/patch_67,nearest,≥128,1,410,0.000,1.000,37.2353,37.7486
ROI_035/patch_67,own,0–16,1,144,0.000,1.000,23.2209,23.8778
ROI_035/patch_67,own,16–32,1,396,0.000,1.000,23.1561,23.8693
ROI_035/patch_67,own,32–64,1,1012,0.000,1.000,23.9033,24.4808
ROI_035/patch_67,own,64–128,1,2791,0.000,1.000,27.9925,28.5294
ROI_035/patch_67,own,≥128,1,23217,0.000,1.000,27.1174,27.6535
ROI_035/patch_68,nearest,0–16,1,136,0.000,1.000,7.1105,8.5246
ROI_035/patch_68,nearest,16–32,1,403,0.000,1.000,7.5172,8.9650
ROI_035/patch_68,nearest,32–64,1,1133,0.000,1.000,8.2036,9.9716
ROI_035/patch_68,nearest,64–128,1,1633,0.000,1.000,8.4885,10.6493
ROI_035/patch_68,nearest,≥128,1,139,0.000,1.000,21.6713,24.5492
ROI_035/patch_68,own,0–16,1,136,0.000,1.000,7.2781,8.7020
ROI_035/patch_68,own,16–32,1,403,0.000,1.000,7.6891,9.1528
ROI_035/patch_68,own,32–64,1,1223,0.000,1.000,8.4172,10.1812
ROI_035/patch_68,own,64–128,1,3861,0.000,1.000,8.0281,10.1705
ROI_035/patch_68,own,≥128,1,21929,0.000,1.000,8.9357,10.8368
ROI_035/patch_70,nearest,0–16,1,128,0.000,1.000,9.3068,10.3795
ROI_035/patch_70,nearest,16–32,1,355,0.000,1.000,10.8879,12.0837
ROI_035/patch_70,nearest,32–64,1,1067,0.000,1.000,15.0762,16.6467
ROI_035/patch_70,nearest,64–128,1,1251,0.000,1.000,55.2764,57.4044
ROI_035/patch_70,nearest,≥128,1,138,0.000,1.000,15.5338,16.7270
ROI_035/patch_70,own,0–16,1,128,0.000,1.000,9.2644,10.3118
ROI_035/patch_70,own,16–32,1,355,0.000,1.000,10.6558,11.8286
ROI_035/patch_70,own,32–64,1,1179,0.000,1.000,15.9391,17.4595
ROI_035/patch_70,own,64–128,1,3732,0.000,1.000,20.2462,21.8660
ROI_035/patch_70,own,≥128,1,18118,0.000,1.000,18.4164,20.0711
ROI_035/patch_71,nearest,0–16,1,129,0.000,1.000,6.7228,8.2584
ROI_035/patch_71,nearest,16–32,1,373,0.000,1.000,7.5157,9.1555
ROI_035/patch_71,nearest,32–64,1,991,0.000,1.000,7.2486,9.3232
ROI_035/patch_71,nearest,64–128,1,1268,0.000,1.000,8.9924,11.3433
ROI_035/patch_71,nearest,≥128,1,490,0.000,1.000,36.3850,38.9468
ROI_035/patch_71,own,0–16,1,129,0.000,1.000,6.7855,8.2923
ROI_035/patch_71,own,16–32,1,373,0.000,1.000,7.4310,9.0174
ROI_035/patch_71,own,32–64,1,1109,0.000,1.000,6.8884,8.9530
ROI_035/patch_71,own,64–128,1,3655,0.000,1.000,7.7992,9.7514
ROI_035/patch_71,own,≥128,1,20742,0.000,1.000,8.3799,10.6613
ROI_035/patch_72,nearest,0–16,1,120,0.000,1.000,26.4317,29.0360
ROI_035/patch_72,nearest,16–32,1,348,0.000,1.000,25.5633,27.9290
ROI_035/patch_72,nearest,32–64,1,987,0.000,1.000,25.3403,27.8532
ROI_035/patch_72,nearest,64–128,1,1114,0.000,1.000,35.1362,37.5967
ROI_035/patch_72,nearest,≥128,1,396,0.050,1.000,544.0203,544.9779
ROI_035/patch_72,own,0–16,1,120,0.000,1.000,26.3056,28.8810
ROI_035/patch_72,own,16–32,1,348,0.000,1.000,25.3411,27.7105
ROI_035/patch_72,own,32–64,1,1101,0.000,1.000,24.9894,27.6220
ROI_035/patch_72,own,64–128,1,3661,0.000,1.000,34.3051,36.6583
ROI_035/patch_72,own,≥128,1,18490,0.000,1.000,61.3314,63.7100
ROI_035/patch_73,nearest,0–16,1,121,0.000,1.000,8.8564,10.4894
ROI_035/patch_73,nearest,16–32,1,338,0.000,1.000,9.0615,10.7136
ROI_035/patch_73,nearest,32–64,1,820,0.000,1.000,232.7205,234.3767
ROI_035/patch_73,nearest,64–128,1,903,0.000,1.000,59.1217,60.9411
ROI_035/patch_73,nearest,≥128,1,209,0.000,1.000,102.4965,105.5561
ROI_035/patch_73,own,0–16,1,121,0.000,1.000,8.9963,10.6327
ROI_035/patch_73,own,16–32,1,338,0.000,1.000,9.4984,11.1489
ROI_035/patch_73,own,32–64,1,844,0.000,1.000,90.9205,92.5891
ROI_035/patch_73,own,64–128,1,2551,0.000,1.000,12.4357,14.2237
ROI_035/patch_73,own,≥128,1,15274,0.000,1.000,26.0206,27.8271
ROI_035/patch_74,nearest,0–16,1,139,0.000,1.000,7.5477,8.9353
ROI_035/patch_74,nearest,16–32,1,425,0.000,1.000,7.7125,9.2419
ROI_035/patch_74,nearest,32–64,1,1256,0.000,1.000,6.5565,8.4531
ROI_035/patch_74,nearest,64–128,1,1401,0.000,1.000,10.8438,12.7044
ROI_035/patch_74,nearest,≥128,1,387,0.000,1.000,20.2129,22.0751
ROI_035/patch_74,own,0–16,1,139,0.000,1.000,7.6463,9.0430
ROI_035/patch_74,own,16–32,1,425,0.000,1.000,7.7213,9.2730
ROI_035/patch_74,own,32–64,1,1317,0.000,1.000,6.8932,8.7940
ROI_035/patch_74,own,64–128,1,3958,0.000,1.000,8.9830,10.7993
ROI_035/patch_74,own,≥128,1,23025,0.000,1.000,8.9848,10.7069
ROI_035/patch_76,nearest,0–16,1,154,0.000,1.000,3.7382,6.2147
ROI_035/patch_76,nearest,16–32,1,442,0.000,1.000,4.3500,6.7542
ROI_035/patch_76,nearest,32–64,1,1213,0.000,1.000,4.9173,7.2703
ROI_035/patch_76,nearest,64–128,1,1778,0.000,1.000,9.3060,11.6250
ROI_035/patch_76,nearest,≥128,1,394,0.000,1.000,20.2411,22.3203
ROI_035/patch_76,own,0–16,1,154,0.000,1.000,3.7488,6.2249
ROI_035/patch_76,own,16–32,1,442,0.000,1.000,4.2716,6.6869
ROI_035/patch_76,own,32–64,1,1447,0.000,1.000,4.6031,6.9881
ROI_035/patch_76,own,64–128,1,4519,0.000,1.000,7.6995,9.9084
ROI_035/patch_76,own,≥128,1,25286,0.000,1.000,7.5986,9.7586
ROI_035/patch_79,nearest,0–16,1,134,0.000,1.000,4.5691,7.8336
ROI_035/patch_79,nearest,16–32,1,365,0.000,1.000,5.1297,8.5782
ROI_035/patch_79,nearest,32–64,1,988,0.000,1.000,8.5255,11.8720
ROI_035/patch_79,nearest,64–128,1,1776,0.000,1.000,10.2867,14.1568
ROI_035/patch_79,nearest,≥128,1,737,0.000,1.000,31.1568,34.2032
ROI_035/patch_79,own,0–16,1,134,0.000,1.000,4.5973,7.8659
ROI_035/patch_79,own,16–32,1,365,0.000,1.000,5.2995,8.7429
ROI_035/patch_79,own,32–64,1,1099,0.000,1.000,8.6688,11.9880
ROI_035/patch_79,own,64–128,1,3948,0.000,1.000,10.0741,13.6583
ROI_035/patch_79,own,≥128,1,26454,0.000,1.000,9.7277,13.2184
ROI_035/patch_81,nearest,0–16,1,118,0.000,1.000,47.4271,48.4629
ROI_035/patch_81,nearest,16–32,1,383,0.000,1.000,37.0488,38.2613
ROI_035/patch_81,nearest,32–64,1,763,0.000,1.000,45.8443,47.1804
ROI_035/patch_81,nearest,64–128,1,1254,0.000,1.000,70.9242,72.6800
ROI_035/patch_81,nearest,≥128,1,486,0.000,1.000,189.7365,191.9765
ROI_035/patch_81,own,0–16,1,118,0.000,1.000,47.4728,48.5072
ROI_035/patch_81,own,16–32,1,383,0.000,1.000,36.7078,37.9155
ROI_035/patch_81,own,32–64,1,1128,0.000,1.000,44.7900,46.1066
ROI_035/patch_81,own,64–128,1,3735,0.000,1.000,57.9061,59.4786
ROI_035/patch_81,own,≥128,1,18668,0.000,1.000,92.2824,94.0198
ROI_035/patch_82,nearest,0–16,1,125,0.000,1.000,19.2214,21.2279
ROI_035/patch_82,nearest,16–32,1,349,0.000,1.000,17.0181,18.9539
ROI_035/patch_82,nearest,32–64,1,959,0.000,1.000,17.6792,19.5906
ROI_035/patch_82,nearest,64–128,1,805,0.000,1.000,42.7140,44.1721
ROI_035/patch_82,nearest,≥128,1,273,0.000,1.000,344.6571,346.2804
ROI_035/patch_82,own,0–16,1,125,0.000,1.000,18.7600,20.7659
ROI_035/patch_82,own,16–32,1,349,0.000,1.000,16.9576,18.9047
ROI_035/patch_82,own,32–64,1,1014,0.000,1.000,17.1254,19.0423
ROI_035/patch_82,own,64–128,1,3177,0.000,1.000,22.3533,23.9711
ROI_035/patch_82,own,≥128,1,15423,0.000,1.000,38.4428,40.0211
ROI_035/patch_85,nearest,0–16,1,134,0.000,1.000,7.1752,8.6383
ROI_035/patch_85,nearest,16–32,1,384,0.000,1.000,6.6887,8.1616
ROI_035/patch_85,nearest,32–64,1,1244,0.000,1.000,6.1733,7.7471
ROI_035/patch_85,nearest,64–128,1,2003,0.000,1.000,8.0314,9.7953
ROI_035/patch_85,nearest,≥128,1,310,0.000,1.000,8.0976,10.8055
ROI_035/patch_85,own,0–16,1,134,0.000,1.000,7.2012,8.6718
ROI_035/patch_85,own,16–32,1,384,0.000,1.000,6.7424,8.2026
ROI_035/patch_85,own,32–64,1,1326,0.000,1.000,5.7548,7.3108
ROI_035/patch_85,own,64–128,1,4609,0.000,1.000,6.3270,8.0119
ROI_035/patch_85,own,≥128,1,26147,0.000,1.000,7.9349,9.6162
ROI_035/patch_87,nearest,0–16,1,140,0.000,1.000,48.5465,49.1140
ROI_035/patch_87,nearest,16–32,1,391,0.000,1.000,49.3809,50.0064
ROI_035/patch_87,nearest,32–64,1,688,0.000,1.000,129.2483,130.1771
ROI_035/patch_87,nearest,64–128,1,413,0.000,1.000,147.2225,148.1460
ROI_035/patch_87,nearest,≥128,0,23,nan,nan,,
ROI_035/patch_87,own,0–16,1,140,0.000,1.000,48.4716,49.0379
ROI_035/patch_87,own,16–32,1,394,0.000,1.000,49.4721,50.0879
ROI_035/patch_87,own,32–64,1,1011,0.000,1.000,124.2348,125.1190
ROI_035/patch_87,own,64–128,1,2638,0.000,1.000,123.3874,124.3017
ROI_035/patch_87,own,≥128,1,9057,0.000,1.000,119.4885,120.3746
ROI_035/patch_89,nearest,0–16,1,123,0.000,1.000,2.5019,3.8526
ROI_035/patch_89,nearest,16–32,1,373,0.000,1.000,1.4066,2.6384
ROI_035/patch_89,nearest,32–64,1,1217,0.000,1.000,1.7846,3.1515
ROI_035/patch_89,nearest,64–128,1,1764,0.000,1.000,2.3170,3.6284
ROI_035/patch_89,nearest,≥128,1,310,0.000,1.000,47.2394,48.9766
ROI_035/patch_89,own,0–16,1,123,0.000,1.000,2.5235,3.8827
ROI_035/patch_89,own,16–32,1,373,0.000,1.000,1.3494,2.5158
ROI_035/patch_89,own,32–64,1,1264,0.000,1.000,1.3434,2.7171
ROI_035/patch_89,own,64–128,1,4107,0.000,1.000,4.2397,5.5537
ROI_035/patch_89,own,≥128,1,24429,0.000,1.000,9.8509,11.2596
ROI_035/patch_90,nearest,0–16,1,142,0.000,1.000,12.1228,12.5426
ROI_035/patch_90,nearest,16–32,1,454,0.000,1.000,12.5852,13.0181
ROI_035/patch_90,nearest,32–64,1,1248,0.000,1.000,13.4127,13.8869
ROI_035/patch_90,nearest,64–128,1,1498,0.000,1.000,27.6033,28.1675
ROI_035/patch_90,nearest,≥128,1,377,0.000,1.000,199.1665,199.6030
ROI_035/patch_90,own,0–16,1,142,0.000,1.000,12.1190,12.5416
ROI_035/patch_90,own,16–32,1,454,0.000,1.000,12.6538,13.0779
ROI_035/patch_90,own,32–64,1,1341,0.000,1.000,14.5480,14.9870
ROI_035/patch_90,own,64–128,1,4823,0.000,1.000,19.7799,20.2605
ROI_035/patch_90,own,≥128,1,22992,0.000,1.000,14.9548,15.3674
ROI_035/patch_93,nearest,0–16,1,126,0.000,1.000,17.4320,19.2906
ROI_035/patch_93,nearest,16–32,1,390,0.000,1.000,18.3834,20.3052
ROI_035/patch_93,nearest,32–64,1,1088,0.000,1.000,16.4222,19.0883
ROI_035/patch_93,nearest,64–128,1,1669,0.000,1.000,22.1732,25.0635
ROI_035/patch_93,nearest,≥128,1,310,0.000,1.000,79.2958,82.4623
ROI_035/patch_93,own,0–16,1,126,0.000,1.000,17.4120,19.3284
ROI_035/patch_93,own,16–32,1,390,0.000,1.000,17.9189,19.9412
ROI_035/patch_93,own,32–64,1,1155,0.000,1.000,16.5713,19.2328
ROI_035/patch_93,own,64–128,1,3723,0.000,1.000,16.9819,19.4683
ROI_035/patch_93,own,≥128,1,23270,0.000,1.000,20.2415,22.9900
ROI_035/patch_94,nearest,0–16,1,124,0.000,1.000,33.6807,34.1972
ROI_035/patch_94,nearest,16–32,1,356,0.000,1.000,33.2538,33.7755
ROI_035/patch_94,nearest,32–64,1,1125,0.000,1.000,34.2748,34.9368
ROI_035/patch_94,nearest,64–128,1,2050,0.000,1.000,50.0918,50.8097
ROI_035/patch_94,nearest,≥128,1,384,0.000,1.000,73.3356,74.1758
ROI_035/patch_94,own,0–16,1,124,0.000,1.000,33.8123,34.3314
ROI_035/patch_94,own,16–32,1,356,0.000,1.000,32.9866,33.5015
ROI_035/patch_94,own,32–64,1,1229,0.000,1.000,34.0892,34.7359
ROI_035/patch_94,own,64–128,1,4200,0.000,1.000,42.2105,42.9039
ROI_035/patch_94,own,≥128,1,26403,0.000,1.000,46.3959,47.0799
ROI_035/patch_95,nearest,0–16,1,114,0.000,1.000,11.3377,12.9144
ROI_035/patch_95,nearest,16–32,1,379,0.000,1.000,11.5595,13.2249
ROI_035/patch_95,nearest,32–64,1,1311,0.000,1.000,11.8564,13.8158
ROI_035/patch_95,nearest,64–128,1,1868,0.000,1.000,12.8875,14.8954
ROI_035/patch_95,nearest,≥128,1,349,0.000,1.000,1807.1216,1809.4589
ROI_035/patch_95,own,0–16,1,114,0.000,1.000,11.3523,12.9337
ROI_035/patch_95,own,16–32,1,379,0.000,1.000,11.5687,13.2140
ROI_035/patch_95,own,32–64,1,1396,0.000,1.000,12.0978,13.9913
ROI_035/patch_95,own,64–128,1,4528,0.000,1.000,14.3260,16.1922
ROI_035/patch_95,own,≥128,1,25751,0.000,1.000,18.7767,20.7278
ROI_035/patch_96,nearest,0–16,1,127,0.000,1.000,7.3211,11.8997
ROI_035/patch_96,nearest,16–32,1,335,0.000,1.000,6.0699,10.7796
ROI_035/patch_96,nearest,32–64,1,1001,0.000,1.000,7.1145,12.7851
ROI_035/patch_96,nearest,64–128,1,1456,0.000,1.000,11.8515,17.5268
ROI_035/patch_96,nearest,≥128,1,123,0.000,1.000,125.0105,131.0171
ROI_035/patch_96,own,0–16,1,127,0.000,1.000,7.3225,11.9221
ROI_035/patch_96,own,16–32,1,335,0.000,1.000,6.0689,10.7174
ROI_035/patch_96,own,32–64,1,1072,0.000,1.000,6.7847,12.6861
ROI_035/patch_96,own,64–128,1,3412,0.000,1.000,11.8348,17.7735
ROI_035/patch_96,own,≥128,1,19390,0.000,1.000,7.8174,13.6197
ROI_035/patch_97,nearest,0–16,1,126,0.000,1.000,1.6379,3.1757
ROI_035/patch_97,nearest,16–32,1,348,0.000,1.000,1.8785,3.3288
ROI_035/patch_97,nearest,32–64,1,1130,0.000,1.000,4.7530,6.3198
ROI_035/patch_97,nearest,64–128,1,1539,0.000,1.000,7.6595,9.1233
ROI_035/patch_97,nearest,≥128,1,408,0.000,1.000,2.9514,4.4026
ROI_035/patch_97,own,0–16,1,126,0.000,1.000,1.6217,3.1541
ROI_035/patch_97,own,16–32,1,348,0.000,1.000,1.5828,3.0280
ROI_035/patch_97,own,32–64,1,1141,0.000,1.000,4.7968,6.3505
ROI_035/patch_97,own,64–128,1,3492,0.000,1.000,5.8942,7.4527
ROI_035/patch_97,own,≥128,1,23301,0.000,1.000,3.6099,5.1194
ROI_035/patch_98,nearest,0–16,1,137,0.000,1.000,8.9982,10.9838
ROI_035/patch_98,nearest,16–32,1,406,0.000,1.000,9.0191,10.9488
ROI_035/patch_98,nearest,32–64,1,1266,0.000,1.000,9.5493,11.8056
ROI_035/patch_98,nearest,64–128,1,1722,0.000,1.000,10.0457,12.3241
ROI_035/patch_98,nearest,≥128,1,463,0.000,1.000,11.8382,14.0315
ROI_035/patch_98,own,0–16,1,137,0.000,1.000,9.0767,11.0307
ROI_035/patch_98,own,16–32,1,406,0.000,1.000,9.1204,10.9897
ROI_035/patch_98,own,32–64,1,1362,0.000,1.000,9.5309,11.8652
ROI_035/patch_98,own,64–128,1,4080,0.000,1.000,9.9603,12.2212
ROI_035/patch_98,own,≥128,1,25967,0.000,1.000,10.1685,12.4235
ROI_035/patch_99,nearest,0–16,1,126,0.000,1.000,8.5317,9.5720
ROI_035/patch_99,nearest,16–32,1,365,0.000,1.000,7.0026,8.0779
ROI_035/patch_99,nearest,32–64,1,1168,0.000,1.000,5.5026,6.9046
ROI_035/patch_99,nearest,64–128,1,1939,0.000,1.000,7.0103,8.8450
ROI_035/patch_99,nearest,≥128,1,413,0.000,1.000,33.9080,35.6813
ROI_035/patch_99,own,0–16,1,126,0.000,1.000,7.8756,8.9135
ROI_035/patch_99,own,16–32,1,365,0.000,1.000,6.8353,7.9370
ROI_035/patch_99,own,32–64,1,1204,0.000,1.000,5.8338,7.2688
ROI_035/patch_99,own,64–128,1,4289,0.000,1.000,5.7112,7.3988
ROI_035/patch_99,own,≥128,1,26104,0.000,1.000,5.6053,7.1094
ROI_035/patch_100,nearest,0–16,1,127,0.000,1.000,11.5495,13.2833
ROI_035/patch_100,nearest,16–32,1,396,0.000,1.000,13.5847,15.3385
ROI_035/patch_100,nearest,32–64,1,1079,0.000,1.000,19.6897,21.9488
ROI_035/patch_100,nearest,64–128,1,1268,0.000,1.000,35.7661,38.1497
ROI_035/patch_100,nearest,≥128,0,32,nan,nan,,
ROI_035/patch_100,own,0–16,1,127,0.000,1.000,11.3990,13.1280
ROI_035/patch_100,own,16–32,1,396,0.000,1.000,13.7487,15.4912
ROI_035/patch_100,own,32–64,1,1150,0.000,1.000,19.5116,21.7400
ROI_035/patch_100,own,64–128,1,3791,0.000,1.000,25.6876,27.8196
ROI_035/patch_100,own,≥128,1,17752,0.000,1.000,22.6364,24.8408
ROI_035/patch_101,nearest,0–16,1,122,0.000,1.000,12.3247,14.5485
ROI_035/patch_101,nearest,16–32,1,365,0.000,1.000,12.1502,14.5224
ROI_035/patch_101,nearest,32–64,1,1144,0.000,1.000,12.0148,14.9526
ROI_035/patch_101,nearest,64–128,1,1277,0.000,1.000,42.2294,46.0295
ROI_035/patch_101,nearest,≥128,1,197,0.000,1.000,33.6890,39.8529
ROI_035/patch_101,own,0–16,1,122,0.000,1.000,12.2605,14.4514
ROI_035/patch_101,own,16–32,1,365,0.000,1.000,12.1345,14.5640
ROI_035/patch_101,own,32–64,1,1212,0.000,1.000,12.1450,14.9533
ROI_035/patch_101,own,64–128,1,3550,0.000,1.000,18.4458,21.6789
ROI_035/patch_101,own,≥128,1,19591,0.000,1.000,23.1766,26.6561
ROI_035/patch_102,nearest,0–16,1,132,0.000,1.000,12.7141,14.1629
ROI_035/patch_102,nearest,16–32,1,380,0.000,1.000,12.9916,14.5970
ROI_035/patch_102,nearest,32–64,1,1361,0.000,1.000,13.6900,15.4338
ROI_035/patch_102,nearest,64–128,1,1777,0.000,1.000,23.8292,25.8244
ROI_035/patch_102,nearest,≥128,1,238,0.000,1.000,113.6223,115.6113
ROI_035/patch_102,own,0–16,1,132,0.000,1.000,12.7282,14.1726
ROI_035/patch_102,own,16–32,1,380,0.000,1.000,12.8999,14.5125
ROI_035/patch_102,own,32–64,1,1383,0.000,1.000,13.9883,15.7754
ROI_035/patch_102,own,64–128,1,4878,0.000,1.000,16.3897,18.2046
ROI_035/patch_102,own,≥128,1,24331,0.000,1.000,26.5429,28.3449
ROI_035/patch_103,nearest,0–16,1,140,0.000,1.000,7.4551,9.1113
ROI_035/patch_103,nearest,16–32,1,391,0.000,1.000,7.5670,9.1516
ROI_035/patch_103,nearest,32–64,1,1238,0.000,1.000,10.4337,12.1137
ROI_035/patch_103,nearest,64–128,1,1666,0.000,1.000,12.6437,14.4880
ROI_035/patch_103,nearest,≥128,1,43,0.000,1.000,2045.4749,2047.3316
ROI_035/patch_103,own,0–16,1,140,0.000,1.000,7.4610,9.1085
ROI_035/patch_103,own,16–32,1,391,0.000,1.000,7.5372,9.1365
ROI_035/patch_103,own,32–64,1,1265,0.000,1.000,10.4561,12.1499
ROI_035/patch_103,own,64–128,1,3868,0.000,1.000,10.9449,12.7288
ROI_035/patch_103,own,≥128,1,22160,0.000,1.000,12.4181,14.1151
ROI_035/patch_104,nearest,0–16,1,106,0.000,1.000,5.1219,7.9621
ROI_035/patch_104,nearest,16–32,1,377,0.000,1.000,4.7184,7.6892
ROI_035/patch_104,nearest,32–64,1,1131,0.000,1.000,5.9736,9.7927
ROI_035/patch_104,nearest,64–128,1,1681,0.000,1.000,8.1299,12.2406
ROI_035/patch_104,nearest,≥128,1,145,0.000,1.000,10.9324,14.8844
ROI_035/patch_104,own,0–16,1,106,0.000,1.000,5.1502,7.9862
ROI_035/patch_104,own,16–32,1,377,0.000,1.000,4.8361,7.7910
ROI_035/patch_104,own,32–64,1,1324,0.000,1.000,5.2305,8.9473
ROI_035/patch_104,own,64–128,1,4101,0.000,1.000,6.9639,10.9895
ROI_035/patch_104,own,≥128,1,21612,0.000,1.000,6.6701,10.3371
ROI_035/patch_105,nearest,0–16,1,117,0.000,1.000,5.1471,5.7432
ROI_035/patch_105,nearest,16–32,1,375,0.000,1.000,6.3703,7.0002
ROI_035/patch_105,nearest,32–64,1,918,0.000,1.000,11.5857,12.4038
ROI_035/patch_105,nearest,64–128,1,1432,0.000,1.000,27.4567,28.3612
ROI_035/patch_105,nearest,≥128,1,416,0.000,1.000,46.3211,47.7340
ROI_035/patch_105,own,0–16,1,117,0.000,1.000,5.0666,5.6633
ROI_035/patch_105,own,16–32,1,375,0.000,1.000,6.4095,7.0541
ROI_035/patch_105,own,32–64,1,1051,0.000,1.000,12.0476,12.8862
ROI_035/patch_105,own,64–128,1,3436,0.000,1.000,23.0922,23.9968
ROI_035/patch_105,own,≥128,1,21085,0.000,1.000,26.0471,26.8453
ROI_035/patch_106,nearest,0–16,1,135,0.000,1.000,11.6294,12.6804
ROI_035/patch_106,nearest,16–32,1,372,0.000,1.000,12.6258,13.5619
ROI_035/patch_106,nearest,32–64,1,1159,0.000,1.000,10.9779,11.8857
ROI_035/patch_106,nearest,64–128,1,2031,0.000,1.000,24.7062,25.5947
ROI_035/patch_106,nearest,≥128,1,313,0.000,1.000,124.2592,125.2053
ROI_035/patch_106,own,0–16,1,135,0.000,1.000,11.6690,12.7249
ROI_035/patch_106,own,16–32,1,372,0.000,1.000,12.6622,13.6135
ROI_035/patch_106,own,32–64,1,1212,0.000,1.000,10.8635,11.7757
ROI_035/patch_106,own,64–128,1,4049,0.000,1.000,17.6016,18.5571
ROI_035/patch_106,own,≥128,1,26312,0.000,1.000,36.3305,37.2628
ROI_035/patch_107,nearest,0–16,1,137,0.000,1.000,7.8047,9.1226
ROI_035/patch_107,nearest,16–32,1,384,0.000,1.000,7.8271,9.2753
ROI_035/patch_107,nearest,32–64,1,1203,0.000,1.000,8.7791,10.7105
ROI_035/patch_107,nearest,64–128,1,1677,0.000,1.000,11.5201,14.2255
ROI_035/patch_107,nearest,≥128,1,460,0.000,1.000,328.2916,330.2905
ROI_035/patch_107,own,0–16,1,137,0.000,1.000,7.9236,9.2365
ROI_035/patch_107,own,16–32,1,384,0.000,1.000,7.9203,9.3772
ROI_035/patch_107,own,32–64,1,1258,0.000,1.000,8.6095,10.6014
ROI_035/patch_107,own,64–128,1,4073,0.000,1.000,9.4977,11.8234
ROI_035/patch_107,own,≥128,1,25036,0.000,1.000,13.2955,15.3049
ROI_035/patch_109,nearest,0–16,1,132,0.000,1.000,3.3043,4.5048
ROI_035/patch_109,nearest,16–32,1,341,0.000,1.000,3.3617,4.5327
ROI_035/patch_109,nearest,32–64,1,1016,0.000,1.000,4.4306,6.2732
ROI_035/patch_109,nearest,64–128,1,1754,0.000,1.000,12.2376,14.4856
ROI_035/patch_109,nearest,≥128,1,51,0.000,1.000,101.5192,104.9652
ROI_035/patch_109,own,0–16,1,132,0.000,1.000,3.3500,4.5279
ROI_035/patch_109,own,16–32,1,341,0.000,1.000,3.2899,4.5102
ROI_035/patch_109,own,32–64,1,1016,0.000,1.000,4.3939,6.2674
ROI_035/patch_109,own,64–128,1,3023,0.000,1.000,9.6167,12.0115
ROI_035/patch_109,own,≥128,1,21840,0.000,1.000,8.5170,10.4872
ROI_035/patch_110,nearest,0–16,1,127,0.000,1.000,13.1032,13.9010
ROI_035/patch_110,nearest,16–32,1,340,0.000,1.000,13.7845,14.5750
ROI_035/patch_110,nearest,32–64,1,1193,0.000,1.000,14.0792,14.8840
ROI_035/patch_110,nearest,64–128,1,2086,0.000,1.000,16.3335,17.1431
ROI_035/patch_110,nearest,≥128,1,332,0.000,1.000,15.5132,16.5039
ROI_035/patch_110,own,0–16,1,127,0.000,1.000,13.1746,13.9738
ROI_035/patch_110,own,16–32,1,340,0.000,1.000,13.8787,14.6673
ROI_035/patch_110,own,32–64,1,1228,0.000,1.000,14.5272,15.3291
ROI_035/patch_110,own,64–128,1,4410,0.000,1.000,15.1171,15.9279
ROI_035/patch_110,own,≥128,1,26519,0.000,1.000,15.1585,15.9744
ROI_035/patch_111,nearest,0–16,1,137,0.000,1.000,9.3749,10.3887
ROI_035/patch_111,nearest,16–32,1,391,0.000,1.000,9.1047,10.0974
ROI_035/patch_111,nearest,32–64,1,1283,0.000,1.000,11.2350,12.3224
ROI_035/patch_111,nearest,64–128,1,1710,0.000,1.000,23.2743,24.4057
ROI_035/patch_111,nearest,≥128,1,773,0.000,1.000,49.9703,51.6563
ROI_035/patch_111,own,0–16,1,137,0.000,1.000,9.4024,10.4052
ROI_035/patch_111,own,16–32,1,391,0.000,1.000,9.1977,10.2140
ROI_035/patch_111,own,32–64,1,1310,0.000,1.000,11.1604,12.2562
ROI_035/patch_111,own,64–128,1,4441,0.000,1.000,21.2632,22.3174
ROI_035/patch_111,own,≥128,1,28073,0.000,1.000,33.6680,34.7236
ROI_035/patch_112,nearest,0–16,1,134,0.000,1.000,13.3383,14.6250
ROI_035/patch_112,nearest,16–32,1,415,0.000,1.000,12.0672,13.4629
ROI_035/patch_112,nearest,32–64,1,1148,0.000,1.000,12.0257,14.1005
ROI_035/patch_112,nearest,64–128,1,1450,0.000,1.000,14.1780,16.6347
ROI_035/patch_112,nearest,≥128,1,497,0.000,1.000,16.3011,20.2155
ROI_035/patch_112,own,0–16,1,134,0.000,1.000,13.3700,14.6609
ROI_035/patch_112,own,16–32,1,415,0.000,1.000,12.1058,13.5010
ROI_035/patch_112,own,32–64,1,1244,0.000,1.000,13.1499,15.2591
ROI_035/patch_112,own,64–128,1,4109,0.000,1.000,12.7352,15.0053
ROI_035/patch_112,own,≥128,1,23250,0.000,1.000,13.0848,15.3718
ROI_035/patch_113,nearest,0–16,1,118,0.000,1.000,10.5678,11.6521
ROI_035/patch_113,nearest,16–32,1,352,0.000,1.000,11.1762,12.2186
ROI_035/patch_113,nearest,32–64,1,1231,0.000,1.000,11.7884,12.7808
ROI_035/patch_113,nearest,64–128,1,2255,0.000,1.000,10.2324,11.1058
ROI_035/patch_113,nearest,≥128,1,204,0.000,1.000,24.6895,25.3761
ROI_035/patch_113,own,0–16,1,118,0.000,1.000,10.4202,11.4952
ROI_035/patch_113,own,16–32,1,352,0.000,1.000,10.9249,11.9869
ROI_035/patch_113,own,32–64,1,1248,0.000,1.000,11.1671,12.1918
ROI_035/patch_113,own,64–128,1,4206,0.000,1.000,11.1425,11.9323
ROI_035/patch_113,own,≥128,1,27356,0.000,1.000,11.1437,12.0025
ROI_035/patch_114,nearest,0–16,1,146,0.000,1.000,7.1922,10.0099
ROI_035/patch_114,nearest,16–32,1,400,0.000,1.000,6.2176,9.1016
ROI_035/patch_114,nearest,32–64,1,1117,0.000,1.000,11.5845,14.6693
ROI_035/patch_114,nearest,64–128,1,1605,0.000,1.000,7.3457,10.6595
ROI_035/patch_114,nearest,≥128,1,698,0.000,1.000,36.7524,40.8595
ROI_035/patch_114,own,0–16,1,146,0.000,1.000,7.2377,10.0589
ROI_035/patch_114,own,16–32,1,400,0.000,1.000,6.3296,9.1884
ROI_035/patch_114,own,32–64,1,1318,0.000,1.000,9.9959,13.0561
ROI_035/patch_114,own,64–128,1,4222,0.000,1.000,6.3711,9.4285
ROI_035/patch_114,own,≥128,1,25642,0.000,1.000,7.6463,10.6508
ROI_035/patch_115,nearest,0–16,1,136,0.000,1.000,16.9157,17.4342
ROI_035/patch_115,nearest,16–32,1,401,0.000,1.000,17.2048,17.7628
ROI_035/patch_115,nearest,32–64,1,1298,0.000,1.000,19.8738,20.5222
ROI_035/patch_115,nearest,64–128,1,2689,0.000,1.000,22.6860,23.2191
ROI_035/patch_115,nearest,≥128,1,252,0.000,1.000,69.0281,69.7486
ROI_035/patch_115,own,0–16,1,136,0.000,1.000,16.0760,16.5989
ROI_035/patch_115,own,16–32,1,401,0.000,1.000,17.0952,17.6772
ROI_035/patch_115,own,32–64,1,1378,0.000,1.000,20.4749,21.0988
ROI_035/patch_115,own,64–128,1,4828,0.000,1.000,18.3699,18.8988
ROI_035/patch_115,own,≥128,1,31465,0.000,1.000,20.1462,20.7404
ROI_035/patch_116,nearest,0–16,1,149,0.000,1.000,9.4782,11.7669
ROI_035/patch_116,nearest,16–32,1,392,0.000,1.000,9.8519,12.1908
ROI_035/patch_116,nearest,32–64,1,1314,0.000,1.000,9.6428,12.4143
ROI_035/patch_116,nearest,64–128,1,2325,0.000,1.000,10.0463,13.2002
ROI_035/patch_116,nearest,≥128,1,288,0.000,1.000,52.6705,56.5564
ROI_035/patch_116,own,0–16,1,149,0.000,1.000,9.4456,11.7367
ROI_035/patch_116,own,16–32,1,392,0.000,1.000,9.5936,11.8815
ROI_035/patch_116,own,32–64,1,1358,0.000,1.000,9.5216,12.3378
ROI_035/patch_116,own,64–128,1,4681,0.000,1.000,9.4767,12.4287
ROI_035/patch_116,own,≥128,1,29164,0.000,1.000,12.4206,15.4302
ROI_035/patch_117,nearest,0–16,1,117,0.000,1.000,11.3387,12.4981
ROI_035/patch_117,nearest,16–32,1,351,0.000,1.000,10.5874,11.7956
ROI_035/patch_117,nearest,32–64,1,1032,0.000,1.000,13.6051,14.7995
ROI_035/patch_117,nearest,64–128,1,2111,0.000,1.000,26.5053,27.6388
ROI_035/patch_117,nearest,≥128,1,592,0.000,1.000,120.9222,122.0095
ROI_035/patch_117,own,0–16,1,117,0.000,1.000,11.1649,12.3227
ROI_035/patch_117,own,16–32,1,351,0.000,1.000,10.6524,11.8651
ROI_035/patch_117,own,32–64,1,1191,0.000,1.000,12.4039,13.6194
ROI_035/patch_117,own,64–128,1,4250,0.000,1.000,23.2746,24.4177
ROI_035/patch_117,own,≥128,1,27715,0.000,1.000,41.6531,42.7896
ROI_035/patch_118,nearest,0–16,1,118,0.000,1.000,12.8607,15.6229
ROI_035/patch_118,nearest,16–32,1,348,0.000,1.000,13.1824,15.9216
ROI_035/patch_118,nearest,32–64,1,1210,0.000,1.000,13.8545,16.4435
ROI_035/patch_118,nearest,64–128,1,2162,0.000,1.000,28.2129,31.2425
ROI_035/patch_118,nearest,≥128,1,480,0.000,1.000,107.7876,110.3100
ROI_035/patch_118,own,0–16,1,118,0.000,1.000,12.8528,15.6103
ROI_035/patch_118,own,16–32,1,348,0.000,1.000,12.9870,15.6854
ROI_035/patch_118,own,32–64,1,1236,0.000,1.000,17.8170,20.4471
ROI_035/patch_118,own,64–128,1,4102,0.000,1.000,20.3408,23.3426
ROI_035/patch_118,own,≥128,1,28740,0.000,1.000,24.9822,27.8160
ROI_035/patch_120,nearest,0–16,1,120,0.000,1.000,6.2097,8.8691
ROI_035/patch_120,nearest,16–32,1,387,0.000,1.000,5.3902,8.1166
ROI_035/patch_120,nearest,32–64,1,1216,0.000,1.000,5.1050,8.4422
ROI_035/patch_120,nearest,64–128,1,2358,0.000,1.000,4.9303,8.8702
ROI_035/patch_120,nearest,≥128,1,326,0.000,1.000,47.6632,51.5633
ROI_035/patch_120,own,0–16,1,120,0.000,1.000,6.1807,8.7563
ROI_035/patch_120,own,16–32,1,387,0.000,1.000,5.5694,8.2561
ROI_035/patch_120,own,32–64,1,1265,0.000,1.000,4.9094,8.1362
ROI_035/patch_120,own,64–128,1,4543,0.000,1.000,4.7438,8.4015
ROI_035/patch_120,own,≥128,1,28941,0.000,1.000,5.5194,9.0068
ROI_035/patch_121,nearest,0–16,1,144,0.000,1.000,55.3239,80.6947
ROI_035/patch_121,nearest,16–32,1,367,0.000,1.000,57.5831,82.6085
ROI_035/patch_121,nearest,32–64,1,1031,0.000,1.000,62.6636,87.6285
ROI_035/patch_121,nearest,64–128,1,2005,0.000,1.000,73.2210,98.1973
ROI_035/patch_121,nearest,≥128,1,698,0.000,1.000,97.5176,122.9477
ROI_035/patch_121,own,0–16,1,144,0.000,1.000,55.5759,80.9893
ROI_035/patch_121,own,16–32,1,387,0.000,1.000,56.5526,81.7261
ROI_035/patch_121,own,32–64,1,1251,0.000,1.000,57.3019,82.0295
ROI_035/patch_121,own,64–128,1,4022,0.000,1.000,71.3066,96.5072
ROI_035/patch_121,own,≥128,1,28156,0.000,1.000,66.7173,92.2357
ROI_035/patch_122,nearest,0–16,1,135,0.000,1.000,22.3042,26.6489
ROI_035/patch_122,nearest,16–32,1,395,0.000,1.000,22.3972,26.8941
ROI_035/patch_122,nearest,32–64,1,1362,0.000,1.000,24.5506,29.1501
ROI_035/patch_122,nearest,64–128,1,1983,0.000,1.000,32.0264,36.8681
ROI_035/patch_122,nearest,≥128,1,484,0.000,1.000,84.4010,89.3955
ROI_035/patch_122,own,0–16,1,135,0.000,1.000,22.3581,26.6952
ROI_035/patch_122,own,16–32,1,395,0.000,1.000,22.3798,26.9083
ROI_035/patch_122,own,32–64,1,1392,0.000,1.000,24.7160,29.3831
ROI_035/patch_122,own,64–128,1,4458,0.000,1.000,28.6643,33.5570
ROI_035/patch_122,own,≥128,1,28492,0.000,1.000,30.9291,35.7709
ROI_035/patch_123,nearest,0–16,1,147,0.000,1.000,10.7794,13.3880
ROI_035/patch_123,nearest,16–32,1,407,0.000,1.000,12.0988,14.8795
ROI_035/patch_123,nearest,32–64,1,1268,0.000,1.000,9.8122,12.8692
ROI_035/patch_123,nearest,64–128,1,2429,0.000,1.000,10.1293,13.3930
ROI_035/patch_123,nearest,≥128,1,652,0.000,1.000,14.2534,17.7792
ROI_035/patch_123,own,0–16,1,147,0.000,1.000,10.8167,13.3884
ROI_035/patch_123,own,16–32,1,407,0.000,1.000,12.0626,14.8319
ROI_035/patch_123,own,32–64,1,1351,0.000,1.000,10.2744,13.2966
ROI_035/patch_123,own,64–128,1,4803,0.000,1.000,9.8918,13.0411
ROI_035/patch_123,own,≥128,1,32516,0.000,1.000,9.1897,12.4422
ROI_035/patch_124,nearest,0–16,1,141,0.000,1.000,10.8005,11.4558
ROI_035/patch_124,nearest,16–32,1,390,0.000,1.000,9.0124,9.7331
ROI_035/patch_124,nearest,32–64,1,1281,0.000,1.000,8.1168,8.9136
ROI_035/patch_124,nearest,64–128,1,2157,0.000,1.000,11.5474,12.2127
ROI_035/patch_124,nearest,≥128,1,621,0.000,1.000,12.1081,12.8689
ROI_035/patch_124,own,0–16,1,141,0.000,1.000,10.8617,11.5265
ROI_035/patch_124,own,16–32,1,399,0.000,1.000,9.2875,10.0161
ROI_035/patch_124,own,32–64,1,1429,0.000,1.000,7.8694,8.6662
ROI_035/patch_124,own,64–128,1,4541,0.000,1.000,8.8171,9.5650
ROI_035/patch_124,own,≥128,1,30210,0.000,1.000,11.2224,11.9769
ROI_035/patch_125,nearest,0–16,1,142,0.000,1.000,31.7896,32.9052
ROI_035/patch_125,nearest,16–32,1,419,0.000,1.000,31.9093,32.9669
ROI_035/patch_125,nearest,32–64,1,1303,0.000,1.000,34.5748,35.5703
ROI_035/patch_125,nearest,64–128,1,1654,0.000,1.000,38.7865,39.8535
ROI_035/patch_125,nearest,≥128,1,210,0.000,1.000,474.0582,475.2139
ROI_035/patch_125,own,0–16,1,142,0.000,1.000,31.8508,32.9512
ROI_035/patch_125,own,16–32,1,419,0.000,1.000,31.5868,32.6157
ROI_035/patch_125,own,32–64,1,1357,0.000,1.000,35.4764,36.4723
ROI_035/patch_125,own,64–128,1,4378,0.000,1.000,39.1578,40.2332
ROI_035/patch_125,own,≥128,1,23528,0.000,1.000,61.7045,62.7647
ROI_035/patch_126,nearest,0–16,1,134,0.000,1.000,13.6169,14.7830
ROI_035/patch_126,nearest,16–32,1,364,0.000,1.000,13.2995,14.7873
ROI_035/patch_126,nearest,32–64,1,1132,0.000,1.000,13.8845,15.4529
ROI_035/patch_126,nearest,64–128,1,2741,0.000,1.000,15.7081,17.3806
ROI_035/patch_126,nearest,≥128,1,474,0.000,1.000,18.0111,20.8469
ROI_035/patch_126,own,0–16,1,134,0.000,1.000,13.4857,14.6709
ROI_035/patch_126,own,16–32,1,364,0.000,1.000,13.5540,15.0065
ROI_035/patch_126,own,32–64,1,1221,0.000,1.000,13.8120,15.3440
ROI_035/patch_126,own,64–128,1,4286,0.000,1.000,15.5499,17.2922
ROI_035/patch_126,own,≥128,1,32755,0.000,1.000,14.6710,16.1676
ROI_035/patch_127,nearest,0–16,1,113,0.000,1.000,20.0766,24.8963
ROI_035/patch_127,nearest,16–32,1,310,0.000,1.000,20.3128,25.1742
ROI_035/patch_127,nearest,32–64,1,893,0.000,1.000,20.1013,24.9237
ROI_035/patch_127,nearest,64–128,1,1803,0.000,1.000,25.4517,30.0292
ROI_035/patch_127,nearest,≥128,1,1041,0.000,1.000,53.0382,58.7388
ROI_035/patch_127,own,0–16,1,113,0.000,1.000,20.2981,25.0859
ROI_035/patch_127,own,16–32,1,310,0.000,1.000,20.1812,25.0752
ROI_035/patch_127,own,32–64,1,952,0.000,1.000,20.0646,24.7626
ROI_035/patch_127,own,64–128,1,3489,0.000,1.000,23.7590,28.5949
ROI_035/patch_127,own,≥128,1,28416,0.000,1.000,27.4865,32.5139
ROI_035/patch_128,nearest,0–16,1,148,0.000,1.000,6.3342,7.9975
ROI_035/patch_128,nearest,16–32,1,417,0.000,1.000,6.8486,8.6870
ROI_035/patch_128,nearest,32–64,1,1350,0.000,1.000,5.5079,7.7203
ROI_035/patch_128,nearest,64–128,1,2314,0.000,1.000,7.4181,9.8627
ROI_035/patch_128,nearest,≥128,1,557,0.000,1.000,26.9979,29.5817
ROI_035/patch_128,own,0–16,1,148,0.000,1.000,6.5356,8.1819
ROI_035/patch_128,own,16–32,1,417,0.000,1.000,6.4450,8.2535
ROI_035/patch_128,own,32–64,1,1445,0.000,1.000,5.2697,7.4628
ROI_035/patch_128,own,64–128,1,4899,0.000,1.000,6.4667,8.8200
ROI_035/patch_128,own,≥128,1,31379,0.000,1.000,9.3137,11.6474
ROI_035/patch_130,nearest,0–16,1,139,0.000,1.000,12.5809,13.3717
ROI_035/patch_130,nearest,16–32,1,395,0.000,1.000,12.8823,13.6761
ROI_035/patch_130,nearest,32–64,1,1383,0.000,1.000,13.9773,14.7880
ROI_035/patch_130,nearest,64–128,1,1994,0.000,1.000,16.4035,17.6300
ROI_035/patch_130,nearest,≥128,1,533,0.000,1.000,67.6417,68.8611
ROI_035/patch_130,own,0–16,1,139,0.000,1.000,12.6888,13.4977
ROI_035/patch_130,own,16–32,1,395,0.000,1.000,12.7965,13.5917
ROI_035/patch_130,own,32–64,1,1456,0.000,1.000,13.6281,14.4178
ROI_035/patch_130,own,64–128,1,5291,0.000,1.000,14.9339,16.0662
ROI_035/patch_130,own,≥128,1,28271,0.000,1.000,15.1437,16.2322
ROI_035/patch_131,nearest,0–16,1,139,0.000,1.000,34.4549,36.2721
ROI_035/patch_131,nearest,16–32,1,405,0.000,1.000,34.3884,36.0461
ROI_035/patch_131,nearest,32–64,1,1154,0.000,1.000,34.9139,36.6270
ROI_035/patch_131,nearest,64–128,1,1656,0.000,1.000,36.7977,38.7606
ROI_035/patch_131,nearest,≥128,1,352,0.000,1.000,41.9440,43.6220
ROI_035/patch_131,own,0–16,1,139,0.000,1.000,34.4324,36.2603
ROI_035/patch_131,own,16–32,1,405,0.000,1.000,34.4052,36.0778
ROI_035/patch_131,own,32–64,1,1211,0.000,1.000,35.2280,37.0097
ROI_035/patch_131,own,64–128,1,3826,0.000,1.000,39.2473,40.9981
ROI_035/patch_131,own,≥128,1,24067,0.000,1.000,39.6684,41.4066
ROI_035/patch_132,nearest,0–16,1,122,0.000,1.000,10.5544,11.6507
ROI_035/patch_132,nearest,16–32,1,360,0.000,1.000,9.5394,10.7634
ROI_035/patch_132,nearest,32–64,1,1224,0.000,1.000,9.4924,10.7569
ROI_035/patch_132,nearest,64–128,1,2134,0.000,1.000,9.0920,10.2466
ROI_035/patch_132,nearest,≥128,1,342,0.000,1.000,21.6603,22.8508
ROI_035/patch_132,own,0–16,1,122,0.000,1.000,10.5544,11.6444
ROI_035/patch_132,own,16–32,1,360,0.000,1.000,9.4813,10.7018
ROI_035/patch_132,own,32–64,1,1262,0.000,1.000,11.8495,13.0780
ROI_035/patch_132,own,64–128,1,3846,0.000,1.000,11.0634,12.2371
ROI_035/patch_132,own,≥128,1,27866,0.000,1.000,13.7754,14.9471
ROI_035/patch_135,nearest,0–16,1,107,0.000,1.000,6.0937,7.0670
ROI_035/patch_135,nearest,16–32,1,307,0.000,1.000,7.8468,8.8408
ROI_035/patch_135,nearest,32–64,1,725,0.000,1.000,10.7652,11.9001
ROI_035/patch_135,nearest,64–128,1,1442,0.000,1.000,41.3341,42.4499
ROI_035/patch_135,nearest,≥128,1,404,0.000,1.000,188.0400,189.5175
ROI_035/patch_135,own,0–16,1,107,0.000,1.000,6.1596,7.1286
ROI_035/patch_135,own,16–32,1,316,0.000,1.000,7.1492,8.1412
ROI_035/patch_135,own,32–64,1,824,0.000,1.000,10.3424,11.5239
ROI_035/patch_135,own,64–128,1,2594,0.000,1.000,27.3069,28.4140
ROI_035/patch_135,own,≥128,1,20039,0.000,1.000,82.8739,84.1207
ROI_035/patch_136,nearest,0–16,1,127,0.000,1.000,28.9308,29.6867
ROI_035/patch_136,nearest,16–32,1,388,0.000,1.000,25.4086,26.1746
ROI_035/patch_136,nearest,32–64,1,1243,0.000,1.000,24.0756,24.7679
ROI_035/patch_136,nearest,64–128,1,1901,0.000,1.000,23.4229,24.1966
ROI_035/patch_136,nearest,≥128,1,520,0.000,1.000,73.8383,74.6792
ROI_035/patch_136,own,0–16,1,127,0.000,1.000,29.6604,30.4019
ROI_035/patch_136,own,16–32,1,388,0.000,1.000,25.2268,26.0259
ROI_035/patch_136,own,32–64,1,1397,0.000,1.000,23.1637,23.8817
ROI_035/patch_136,own,64–128,1,4613,0.000,1.000,23.5309,24.2329
ROI_035/patch_136,own,≥128,1,26907,0.000,1.000,37.6490,38.4056
ROI_035/patch_137,nearest,0–16,1,135,0.000,1.000,35.7761,38.2789
ROI_035/patch_137,nearest,16–32,1,335,0.000,1.000,37.1345,39.6917
ROI_035/patch_137,nearest,32–64,1,949,0.000,1.000,38.7375,41.8298
ROI_035/patch_137,nearest,64–128,1,1817,0.000,1.000,41.2820,45.4695
ROI_035/patch_137,nearest,≥128,1,189,0.000,1.000,407.4375,411.1849
ROI_035/patch_137,own,0–16,1,135,0.000,1.000,35.7876,38.3037
ROI_035/patch_137,own,16–32,1,335,0.000,1.000,36.8963,39.4144
ROI_035/patch_137,own,32–64,1,1047,0.000,1.000,41.9384,45.0596
ROI_035/patch_137,own,64–128,1,3565,0.000,1.000,43.6215,47.3387
ROI_035/patch_137,own,≥128,1,22318,0.000,1.000,48.9651,52.6142
ROI_035/patch_138,nearest,0–16,1,80,0.000,1.000,22.2300,23.4569
ROI_035/patch_138,nearest,16–32,1,284,0.000,1.000,16.1835,18.1174
ROI_035/patch_138,nearest,32–64,1,737,0.000,1.000,22.5884,25.0085
ROI_035/patch_138,nearest,64–128,1,1184,0.000,1.000,26.6445,29.4103
ROI_035/patch_138,nearest,≥128,1,154,0.000,1.000,51.0387,55.4242
ROI_035/patch_138,own,0–16,1,80,0.000,1.000,22.1094,23.3386
ROI_035/patch_138,own,16–32,1,284,0.000,1.000,16.7469,18.6613
ROI_035/patch_138,own,32–64,1,921,0.000,1.000,21.3753,24.0533
ROI_035/patch_138,own,64–128,1,2804,0.000,1.000,20.5098,23.1743
ROI_035/patch_138,own,≥128,1,15423,0.000,1.000,24.8205,27.2702
ROI_035/patch_139,nearest,0–16,1,105,0.000,1.000,42.3236,44.2075
ROI_035/patch_139,nearest,16–32,1,354,0.000,1.000,67.7635,69.5678
ROI_035/patch_139,nearest,32–64,1,794,0.000,1.000,34.8828,36.5806
ROI_035/patch_139,nearest,64–128,1,878,0.000,1.000,97.9086,99.6236
ROI_035/patch_139,nearest,≥128,1,439,0.000,1.000,207.5459,209.2561
ROI_035/patch_139,own,0–16,1,105,0.000,1.000,41.1026,42.9922
ROI_035/patch_139,own,16–32,1,354,0.000,1.000,68.9324,70.7424
ROI_035/patch_139,own,32–64,1,885,0.000,1.000,31.7205,33.3855
ROI_035/patch_139,own,64–128,1,2652,0.000,1.000,38.1654,39.8247
ROI_035/patch_139,own,≥128,1,16564,0.000,1.000,69.4978,71.2198
ROI_035/patch_142,nearest,0–16,1,143,0.000,1.000,7.8977,9.3464
ROI_035/patch_142,nearest,16–32,1,392,0.000,1.000,8.2307,9.8326
ROI_035/patch_142,nearest,32–64,1,788,0.000,1.000,122.7469,125.0291
ROI_035/patch_142,nearest,64–128,1,1215,0.000,1.000,164.6796,167.6959
ROI_035/patch_142,nearest,≥128,1,243,0.000,1.000,185.3392,192.6333
ROI_035/patch_142,own,0–16,1,143,0.000,1.000,7.8696,9.3317
ROI_035/patch_142,own,16–32,1,406,0.000,1.000,8.2077,9.8048
ROI_035/patch_142,own,32–64,1,975,0.000,1.000,47.6434,49.7924
ROI_035/patch_142,own,64–128,1,2721,0.000,1.000,67.3401,69.7021
ROI_035/patch_142,own,≥128,1,18003,0.000,1.000,28.2019,30.0882
ROI_035/patch_150,nearest,0–16,1,128,0.000,1.000,4.9517,5.8688
ROI_035/patch_150,nearest,16–32,1,367,0.000,1.000,5.4956,6.4962
ROI_035/patch_150,nearest,32–64,1,1116,0.000,1.000,9.3108,10.5588
ROI_035/patch_150,nearest,64–128,1,1338,0.000,1.000,9.9364,11.4806
ROI_035/patch_150,nearest,≥128,1,132,1.000,1.000,,
ROI_035/patch_150,own,0–16,1,128,0.000,1.000,5.0134,5.8479
ROI_035/patch_150,own,16–32,1,367,0.000,1.000,5.6117,6.6427
ROI_035/patch_150,own,32–64,1,1249,0.000,1.000,9.8203,11.1165
ROI_035/patch_150,own,64–128,1,4163,0.000,1.000,6.4191,7.7653
ROI_035/patch_150,own,≥128,1,18741,0.000,1.000,12.6338,13.8633
ROI_035/patch_152,nearest,0–16,1,87,0.000,1.000,66.9677,76.1008
ROI_035/patch_152,nearest,16–32,1,288,0.000,1.000,29.0285,37.4278
ROI_035/patch_152,nearest,32–64,1,751,0.000,1.000,37.8777,46.0128
ROI_035/patch_152,nearest,64–128,1,972,0.000,1.000,64.8947,73.5183
ROI_035/patch_152,nearest,≥128,1,284,0.000,1.000,177.0441,185.8716
ROI_035/patch_152,own,0–16,1,87,0.000,1.000,63.6660,72.6373
ROI_035/patch_152,own,16–32,1,295,0.000,1.000,29.3914,37.8630
ROI_035/patch_152,own,32–64,1,941,0.000,1.000,33.4913,41.5404
ROI_035/patch_152,own,64–128,1,3052,0.000,1.000,38.4357,46.5622
ROI_035/patch_152,own,≥128,1,14681,0.000,1.000,122.6267,130.8861
ROI_035/patch_154,nearest,0–16,1,111,0.000,1.000,1.7417,4.8591
ROI_035/patch_154,nearest,16–32,1,320,0.000,1.000,1.6586,5.3439
ROI_035/patch_154,nearest,32–64,1,1015,0.000,1.000,8.1398,13.5818
ROI_035/patch_154,nearest,64–128,1,1249,0.000,1.000,11.7274,18.6123
ROI_035/patch_154,nearest,≥128,1,442,0.000,1.000,109.4502,117.5160
ROI_035/patch_154,own,0–16,1,111,0.000,1.000,1.7141,4.7899
ROI_035/patch_154,own,16–32,1,320,0.000,1.000,1.6681,5.3482
ROI_035/patch_154,own,32–64,1,1101,0.000,1.000,5.2106,10.5697
ROI_035/patch_154,own,64–128,1,3715,0.000,1.000,11.3209,17.5843
ROI_035/patch_154,own,≥128,1,19849,0.000,1.000,15.8504,21.9822
ROI_035/patch_155,,,excluded,,,,,
ROI_035/patch_156,nearest,0–16,1,111,0.000,1.000,24.6780,26.7814
ROI_035/patch_156,nearest,16–32,1,315,0.000,1.000,25.0852,27.1790
ROI_035/patch_156,nearest,32–64,1,688,0.000,1.000,33.3417,35.8732
ROI_035/patch_156,nearest,64–128,1,857,0.000,1.000,57.7794,60.3795
ROI_035/patch_156,nearest,≥128,1,445,0.000,1.000,64.6964,67.5283
ROI_035/patch_156,own,0–16,1,111,0.000,1.000,24.6931,26.7922
ROI_035/patch_156,own,16–32,1,315,0.000,1.000,25.0319,27.1338
ROI_035/patch_156,own,32–64,1,783,0.000,1.000,34.7599,37.2018
ROI_035/patch_156,own,64–128,1,2058,0.000,1.000,34.2638,36.7531
ROI_035/patch_156,own,≥128,1,16061,0.000,1.000,36.8479,39.5265
ROI_035/patch_157,nearest,0–16,1,116,0.000,1.000,10.5954,12.9549
ROI_035/patch_157,nearest,16–32,1,357,0.000,1.000,9.2458,11.7818
ROI_035/patch_157,nearest,32–64,1,903,0.000,1.000,9.5774,13.1199
ROI_035/patch_157,nearest,64–128,1,1274,0.000,1.000,11.2382,15.0958
ROI_035/patch_157,nearest,≥128,1,346,0.000,1.000,21.4302,25.8159
ROI_035/patch_157,own,0–16,1,116,0.000,1.000,10.1056,12.4509
ROI_035/patch_157,own,16–32,1,357,0.000,1.000,9.3204,11.8792
ROI_035/patch_157,own,32–64,1,1018,0.000,1.000,10.3786,13.6358
ROI_035/patch_157,own,64–128,1,3384,0.000,1.000,9.7411,12.8471
ROI_035/patch_157,own,≥128,1,19093,0.000,1.000,12.6303,16.2480
ROI_035/patch_158,nearest,0–16,1,104,0.000,1.000,4.0896,7.8562
ROI_035/patch_158,nearest,16–32,1,338,0.000,1.000,3.8830,8.4461
ROI_035/patch_158,nearest,32–64,1,1022,0.000,1.000,5.8291,12.8784
ROI_035/patch_158,nearest,64–128,1,1323,0.000,1.000,9.8497,19.3156
ROI_035/patch_158,nearest,≥128,1,341,0.000,1.000,21.2790,36.3262
ROI_035/patch_158,own,0–16,1,104,0.000,1.000,4.0557,7.8316
ROI_035/patch_158,own,16–32,1,338,0.000,1.000,3.9060,8.4554
ROI_035/patch_158,own,32–64,1,1195,0.000,1.000,7.6219,14.6368
ROI_035/patch_158,own,64–128,1,3953,0.000,1.000,6.4912,13.4312
ROI_035/patch_158,own,≥128,1,19434,0.000,1.000,10.2161,17.0035
ROI_035/patch_160,nearest,0–16,1,124,0.000,1.000,20.0563,22.4533
ROI_035/patch_160,nearest,16–32,1,377,0.000,1.000,18.4441,21.0036
ROI_035/patch_160,nearest,32–64,1,945,0.000,1.000,20.6379,23.4910
ROI_035/patch_160,nearest,64–128,1,1414,0.000,1.000,24.9637,27.6534
ROI_035/patch_160,nearest,≥128,1,351,0.000,1.000,73.0680,75.9726
ROI_035/patch_160,own,0–16,1,124,0.000,1.000,20.2759,22.6868
ROI_035/patch_160,own,16–32,1,377,0.000,1.000,18.3892,20.9679
ROI_035/patch_160,own,32–64,1,1092,0.000,1.000,20.0184,22.8239
ROI_035/patch_160,own,64–128,1,3224,0.000,1.000,23.7710,26.4427
ROI_035/patch_160,own,≥128,1,20871,0.000,1.000,31.5156,34.2305
ROI_035/patch_161,nearest,0–16,1,97,0.000,1.000,27.7883,29.9268
ROI_035/patch_161,nearest,16–32,1,294,0.000,1.000,6.9052,9.3484
ROI_035/patch_161,nearest,32–64,1,822,0.000,1.000,8.7473,12.0781
ROI_035/patch_161,nearest,64–128,1,1052,0.000,1.000,47.0722,50.9121
ROI_035/patch_161,nearest,≥128,1,97,0.000,1.000,299.0972,302.4542
ROI_035/patch_161,own,0–16,1,97,0.000,1.000,28.1012,30.2321
ROI_035/patch_161,own,16–32,1,294,0.000,1.000,6.8187,9.2723
ROI_035/patch_161,own,32–64,1,824,0.000,1.000,9.0542,12.4153
ROI_035/patch_161,own,64–128,1,2394,0.000,1.000,33.0150,36.5246
ROI_035/patch_161,own,≥128,1,15287,0.000,1.000,31.1141,34.3371
ROI_035/patch_162,nearest,0–16,1,91,0.000,1.000,10.2599,15.9496
ROI_035/patch_162,nearest,16–32,1,314,0.000,1.000,9.6048,15.3436
ROI_035/patch_162,nearest,32–64,1,1221,0.000,1.000,15.4721,22.1684
ROI_035/patch_162,nearest,64–128,1,1590,0.000,1.000,71.9635,79.4824
ROI_035/patch_162,nearest,≥128,1,102,1.000,1.000,,
ROI_035/patch_162,own,0–16,1,91,0.000,1.000,10.3424,16.0029
ROI_035/patch_162,own,16–32,1,314,0.000,1.000,9.6500,15.3690
ROI_035/patch_162,own,32–64,1,1267,0.000,1.000,15.4365,22.2242
ROI_035/patch_162,own,64–128,1,3970,0.000,1.000,43.7781,50.9148
ROI_035/patch_162,own,≥128,1,20902,0.000,1.000,51.7855,58.7625
ROI_035/patch_164,nearest,0–16,1,123,0.000,1.000,33.8281,34.9792
ROI_035/patch_164,nearest,16–32,1,376,0.000,1.000,34.3207,35.3801
ROI_035/patch_164,nearest,32–64,1,1301,0.000,1.000,33.8185,34.7024
ROI_035/patch_164,nearest,64–128,1,2060,0.000,1.000,35.4859,36.4061
ROI_035/patch_164,nearest,≥128,1,156,0.000,1.000,103.7627,104.9666
ROI_035/patch_164,own,0–16,1,123,0.000,1.000,34.1041,35.2570
ROI_035/patch_164,own,16–32,1,376,0.000,1.000,33.7273,34.8087
ROI_035/patch_164,own,32–64,1,1331,0.000,1.000,33.0742,33.9595
ROI_035/patch_164,own,64–128,1,4284,0.000,1.000,34.2819,35.1777
ROI_035/patch_164,own,≥128,1,26014,0.000,1.000,39.7126,40.6837
ROI_035/patch_165,nearest,0–16,1,106,0.000,1.000,54.2978,56.9106
ROI_035/patch_165,nearest,16–32,1,289,0.000,1.000,55.4073,57.9465
ROI_035/patch_165,nearest,32–64,1,591,0.000,1.000,55.3072,58.4087
ROI_035/patch_165,nearest,64–128,1,910,0.000,1.000,199.7472,202.8751
ROI_035/patch_165,nearest,≥128,1,950,0.000,1.000,302.9428,305.7453
ROI_035/patch_165,own,0–16,1,106,0.000,1.000,54.1768,56.7945
ROI_035/patch_165,own,16–32,1,304,0.000,1.000,55.1448,57.6712
ROI_035/patch_165,own,32–64,1,737,0.000,1.000,56.6780,59.7050
ROI_035/patch_165,own,64–128,1,2000,0.000,1.000,103.5758,106.4966
ROI_035/patch_165,own,≥128,1,19621,0.000,1.000,146.2983,149.1845
ROI_035/patch_166,nearest,0–16,1,116,0.000,1.000,8.7567,11.4496
ROI_035/patch_166,nearest,16–32,1,335,0.000,1.000,8.1636,10.7113
ROI_035/patch_166,nearest,32–64,1,934,0.000,1.000,11.9627,15.2104
ROI_035/patch_166,nearest,64–128,1,1268,0.000,1.000,15.5192,19.4797
ROI_035/patch_166,nearest,≥128,1,80,0.000,1.000,233.0206,235.6945
ROI_035/patch_166,own,0–16,1,116,0.000,1.000,8.6683,11.3744
ROI_035/patch_166,own,16–32,1,335,0.000,1.000,8.2312,10.7180
ROI_035/patch_166,own,32–64,1,1038,0.000,1.000,11.4486,14.7517
ROI_035/patch_166,own,64–128,1,3273,0.000,1.000,15.6303,18.8040
ROI_035/patch_166,own,≥128,1,17102,0.000,1.000,21.4112,24.5570
ROI_035/patch_170,,,excluded,,,,,
ROI_035/patch_171,nearest,0–16,1,136,0.000,1.000,20.0708,21.3085
ROI_035/patch_171,nearest,16–32,1,405,0.000,1.000,19.2884,20.5470
ROI_035/patch_171,nearest,32–64,1,1165,0.000,1.000,19.9454,21.2994
ROI_035/patch_171,nearest,64–128,1,1556,0.000,1.000,36.1003,37.4594
ROI_035/patch_171,nearest,≥128,1,499,0.000,1.000,132.5825,134.5607
ROI_035/patch_171,own,0–16,1,136,0.000,1.000,20.0184,21.2569
ROI_035/patch_171,own,16–32,1,405,0.000,1.000,19.1620,20.4186
ROI_035/patch_171,own,32–64,1,1242,0.000,1.000,21.8463,23.1657
ROI_035/patch_171,own,64–128,1,3529,0.000,1.000,27.9981,29.3173
ROI_035/patch_171,own,≥128,1,24776,0.000,1.000,35.0615,36.4236
ROI_035/patch_172,nearest,0–16,1,121,0.000,1.000,10.7461,12.1415
ROI_035/patch_172,nearest,16–32,1,340,0.000,1.000,10.4509,11.9605
ROI_035/patch_172,nearest,32–64,1,820,0.000,1.000,11.9686,13.5808
ROI_035/patch_172,nearest,64–128,1,1542,0.000,1.000,25.2370,26.7121
ROI_035/patch_172,nearest,≥128,1,675,0.000,1.000,110.8138,112.3657
ROI_035/patch_172,own,0–16,1,121,0.000,1.000,10.5842,11.9778
ROI_035/patch_172,own,16–32,1,346,0.000,1.000,10.8625,12.3757
ROI_035/patch_172,own,32–64,1,1002,0.000,1.000,14.2776,15.8491
ROI_035/patch_172,own,64–128,1,3526,0.000,1.000,16.1001,17.6127
ROI_035/patch_172,own,≥128,1,22989,0.000,1.000,32.3600,33.8793
ROI_035/patch_173,nearest,0–16,1,116,0.000,1.000,5.4039,7.9258
ROI_035/patch_173,nearest,16–32,1,385,0.000,1.000,7.9297,10.6509
ROI_035/patch_173,nearest,32–64,1,1003,0.000,1.000,11.2285,14.2951
ROI_035/patch_173,nearest,64–128,1,1184,0.000,1.000,22.1550,24.9655
ROI_035/patch_173,nearest,≥128,1,254,0.000,1.000,42.0311,44.6832
ROI_035/patch_173,own,0–16,1,116,0.000,1.000,5.0287,7.5831
ROI_035/patch_173,own,16–32,1,385,0.000,1.000,7.6525,10.3531
ROI_035/patch_173,own,32–64,1,1101,0.000,1.000,11.3037,14.3178
ROI_035/patch_173,own,64–128,1,3435,0.000,1.000,12.0855,14.8655
ROI_035/patch_173,own,≥128,1,18499,0.000,1.000,8.4436,11.1733
ROI_035/patch_175,nearest,0–16,1,126,0.000,1.000,40.0453,43.0774
ROI_035/patch_175,nearest,16–32,1,397,0.000,1.000,39.7072,42.6728
ROI_035/patch_175,nearest,32–64,1,1089,0.000,1.000,42.8407,45.7969
ROI_035/patch_175,nearest,64–128,1,1529,0.000,1.000,49.4817,52.3042
ROI_035/patch_175,nearest,≥128,1,595,0.000,1.000,70.6751,73.7802
ROI_035/patch_175,own,0–16,1,126,0.000,1.000,40.1064,43.1500
ROI_035/patch_175,own,16–32,1,407,0.000,1.000,40.3637,43.3246
ROI_035/patch_175,own,32–64,1,1232,0.000,1.000,40.7271,43.6563
ROI_035/patch_175,own,64–128,1,3944,0.000,1.000,50.3407,53.2137
ROI_035/patch_175,own,≥128,1,24179,0.000,1.000,56.4173,59.2746
ROI_035/patch_176,nearest,0–16,1,125,0.000,1.000,14.6754,16.4790
ROI_035/patch_176,nearest,16–32,1,357,0.000,1.000,15.6778,17.3216
ROI_035/patch_176,nearest,32–64,1,985,0.000,1.000,21.8042,23.3989
ROI_035/patch_176,nearest,64–128,1,1362,0.000,1.000,46.9116,48.7604
ROI_035/patch_176,nearest,≥128,1,399,0.000,1.000,192.7256,195.4168
ROI_035/patch_176,own,0–16,1,125,0.000,1.000,14.6177,16.4267
ROI_035/patch_176,own,16–32,1,357,0.000,1.000,15.9947,17.6371
ROI_035/patch_176,own,32–64,1,1099,0.000,1.000,20.4854,22.0670
ROI_035/patch_176,own,64–128,1,3236,0.000,1.000,36.3394,38.0747
ROI_035/patch_176,own,≥128,1,21007,0.000,1.000,51.4903,53.2586
ROI_035/patch_177,nearest,0–16,1,119,0.000,1.000,18.9674,20.3973
ROI_035/patch_177,nearest,16–32,1,333,0.000,1.000,18.4869,20.1285
ROI_035/patch_177,nearest,32–64,1,921,0.000,1.000,18.0564,19.7644
ROI_035/patch_177,nearest,64–128,1,2098,0.000,1.000,31.1147,32.9201
ROI_035/patch_177,nearest,≥128,1,520,0.000,1.000,30.9752,32.7697
ROI_035/patch_177,own,0–16,1,119,0.000,1.000,18.6933,20.1010
ROI_035/patch_177,own,16–32,1,333,0.000,1.000,18.8751,20.4945
ROI_035/patch_177,own,32–64,1,1049,0.000,1.000,18.0987,19.8222
ROI_035/patch_177,own,64–128,1,3991,0.000,1.000,23.6918,25.4251
ROI_035/patch_177,own,≥128,1,26436,0.000,1.000,22.5896,24.2259
ROI_035/patch_178,nearest,0–16,1,148,0.000,1.000,19.2931,22.6676
ROI_035/patch_178,nearest,16–32,1,419,0.000,1.000,19.2154,22.7096
ROI_035/patch_178,nearest,32–64,1,880,0.000,1.000,20.0634,23.9661
ROI_035/patch_178,nearest,64–128,1,1094,0.000,1.000,30.7620,34.9752
ROI_035/patch_178,nearest,≥128,1,60,0.000,1.000,146.0812,150.6992
ROI_035/patch_178,own,0–16,1,148,0.000,1.000,19.2688,22.6182
ROI_035/patch_178,own,16–32,1,419,0.000,1.000,19.2878,22.8173
ROI_035/patch_178,own,32–64,1,1119,0.000,1.000,20.3763,24.2523
ROI_035/patch_178,own,64–128,1,2889,0.000,1.000,27.3120,31.3455
ROI_035/patch_178,own,≥128,1,16233,0.000,1.000,28.4690,32.4292
ROI_035/patch_179,nearest,0–16,1,112,0.000,1.000,17.9541,19.5311
ROI_035/patch_179,nearest,16–32,1,350,0.000,1.000,16.0830,18.0078
ROI_035/patch_179,nearest,32–64,1,986,0.000,1.000,25.7961,27.9990
ROI_035/patch_179,nearest,64–128,1,1233,0.000,1.000,38.8638,41.1892
ROI_035/patch_179,nearest,≥128,1,681,0.000,1.000,228.0456,231.2342
ROI_035/patch_179,own,0–16,1,112,0.000,1.000,18.3782,19.9456
ROI_035/patch_179,own,16–32,1,350,0.000,1.000,16.3290,18.2449
ROI_035/patch_179,own,32–64,1,1138,0.000,1.000,20.6321,22.8403
ROI_035/patch_179,own,64–128,1,3863,0.000,1.000,36.1136,38.2457
ROI_035/patch_179,own,≥128,1,21433,0.000,1.000,143.6140,145.7988
ROI_035/patch_180,nearest,0–16,1,148,0.000,1.000,7.7969,8.7949
ROI_035/patch_180,nearest,16–32,1,413,0.000,1.000,5.8787,6.9700
ROI_035/patch_180,nearest,32–64,1,1265,0.000,1.000,4.5678,5.6888
ROI_035/patch_180,nearest,64–128,1,2235,0.000,1.000,6.0894,7.1853
ROI_035/patch_180,nearest,≥128,1,461,0.000,1.000,29.5450,30.4731
ROI_035/patch_180,own,0–16,1,148,0.000,1.000,7.6083,8.5995
ROI_035/patch_180,own,16–32,1,413,0.000,1.000,5.9245,7.0172
ROI_035/patch_180,own,32–64,1,1382,0.000,1.000,4.4262,5.5421
ROI_035/patch_180,own,64–128,1,4622,0.000,1.000,5.4503,6.6268
ROI_035/patch_180,own,≥128,1,29611,0.000,1.000,8.1965,9.3679
ROI_035/patch_181,nearest,0–16,1,121,0.000,1.000,5.0824,6.9063
ROI_035/patch_181,nearest,16–32,1,322,0.000,1.000,4.6523,6.4684
ROI_035/patch_181,nearest,32–64,1,771,0.000,1.000,7.0101,8.7607
ROI_035/patch_181,nearest,64–128,1,1798,0.000,1.000,7.1888,8.8017
ROI_035/patch_181,nearest,≥128,1,1003,0.000,1.000,26.3431,28.3038
ROI_035/patch_181,own,0–16,1,121,0.000,1.000,5.1017,6.9236
ROI_035/patch_181,own,16–32,1,322,0.000,1.000,4.6240,6.4585
ROI_035/patch_181,own,32–64,1,844,0.000,1.000,7.1219,8.7966
ROI_035/patch_181,own,64–128,1,2791,0.000,1.000,7.1809,8.7733
ROI_035/patch_181,own,≥128,1,28042,0.000,1.000,7.2035,8.6838
ROI_035/patch_183,nearest,0–16,1,135,0.000,1.000,3.5477,6.2447
ROI_035/patch_183,nearest,16–32,1,369,0.000,1.000,4.4051,7.0892
ROI_035/patch_183,nearest,32–64,1,973,0.000,1.000,8.7061,11.1960
ROI_035/patch_183,nearest,64–128,1,1517,0.000,1.000,13.7295,15.9607
ROI_035/patch_183,nearest,≥128,1,373,0.000,1.000,37.3833,40.0395
ROI_035/patch_183,own,0–16,1,135,0.000,1.000,3.5908,6.2808
ROI_035/patch_183,own,16–32,1,369,0.000,1.000,4.7774,7.4246
ROI_035/patch_183,own,32–64,1,1105,0.000,1.000,6.9764,9.4383
ROI_035/patch_183,own,64–128,1,3733,0.000,1.000,10.2523,12.7777
ROI_035/patch_183,own,≥128,1,21594,0.000,1.000,11.1162,13.5257
ROI_035/patch_184,nearest,0–16,1,140,0.000,1.000,4.1802,6.3834
ROI_035/patch_184,nearest,16–32,1,373,0.000,1.000,4.3881,6.5926
ROI_035/patch_184,nearest,32–64,1,978,0.000,1.000,6.2609,8.2492
ROI_035/patch_184,nearest,64–128,1,1876,0.000,1.000,5.1647,7.3112
ROI_035/patch_184,nearest,≥128,1,795,0.000,1.000,8.1227,10.2406
ROI_035/patch_184,own,0–16,1,140,0.000,1.000,4.2022,6.3935
ROI_035/patch_184,own,16–32,1,380,0.000,1.000,4.5081,6.7364
ROI_035/patch_184,own,32–64,1,1232,0.000,1.000,5.9322,7.9748
ROI_035/patch_184,own,64–128,1,3874,0.000,1.000,5.6650,7.7583
ROI_035/patch_184,own,≥128,1,27670,0.000,1.000,6.0560,8.2265
ROI_035/patch_187,nearest,0–16,1,131,0.000,1.000,6.3175,8.1712
ROI_035/patch_187,nearest,16–32,1,400,0.000,1.000,6.4227,8.4318
ROI_035/patch_187,nearest,32–64,1,880,0.000,1.000,9.4583,11.6020
ROI_035/patch_187,nearest,64–128,1,991,0.000,1.000,10.1791,12.6664
ROI_035/patch_187,nearest,≥128,1,202,0.000,1.000,41.0627,43.4146
ROI_035/patch_187,own,0–16,1,131,0.000,1.000,6.2605,8.1191
ROI_035/patch_187,own,16–32,1,400,0.000,1.000,6.3742,8.3770
ROI_035/patch_187,own,32–64,1,1102,0.000,1.000,8.6206,10.8522
ROI_035/patch_187,own,64–128,1,3289,0.000,1.000,11.6518,14.1167
ROI_035/patch_187,own,≥128,1,15910,0.000,1.000,10.8353,13.1352
ROI_035/patch_188,nearest,0–16,1,147,0.000,1.000,3.3084,4.3530
ROI_035/patch_188,nearest,16–32,1,371,0.000,1.000,3.4289,4.4860
ROI_035/patch_188,nearest,32–64,1,948,0.000,1.000,5.0128,6.7362
ROI_035/patch_188,nearest,64–128,1,1227,0.000,1.000,7.4510,10.0422
ROI_035/patch_188,nearest,≥128,1,336,0.000,1.000,249.0732,250.6323
ROI_035/patch_188,own,0–16,1,147,0.000,1.000,3.3031,4.3542
ROI_035/patch_188,own,16–32,1,382,0.000,1.000,3.7788,4.8165
ROI_035/patch_188,own,32–64,1,1118,0.000,1.000,3.9957,5.6348
ROI_035/patch_188,own,64–128,1,3632,0.000,1.000,6.1928,8.7202
ROI_035/patch_188,own,≥128,1,18953,0.000,1.000,5.0718,6.9738
ROI_035/patch_189,nearest,0–16,1,124,0.000,1.000,6.4702,8.4058
ROI_035/patch_189,nearest,16–32,1,329,0.000,1.000,6.5836,8.8465
ROI_035/patch_189,nearest,32–64,1,872,0.000,1.000,5.0540,7.8594
ROI_035/patch_189,nearest,64–128,1,1383,0.000,1.000,9.5695,13.6119
ROI_035/patch_189,nearest,≥128,1,246,0.000,1.000,9.3599,13.0969
ROI_035/patch_189,own,0–16,1,124,0.000,1.000,6.3932,8.3312
ROI_035/patch_189,own,16–32,1,333,0.000,1.000,6.6686,8.9624
ROI_035/patch_189,own,32–64,1,1036,0.000,1.000,6.3459,9.0874
ROI_035/patch_189,own,64–128,1,3041,0.000,1.000,9.2151,12.9618
ROI_035/patch_189,own,≥128,1,19098,0.000,1.000,6.4448,9.4338
ROI_035/patch_190,nearest,0–16,1,113,0.000,1.000,4.5792,6.0878
ROI_035/patch_190,nearest,16–32,1,340,0.000,1.000,4.7134,6.2956
ROI_035/patch_190,nearest,32–64,1,938,0.000,1.000,6.7617,8.3016
ROI_035/patch_190,nearest,64–128,1,1531,0.000,1.000,13.7747,15.3015
ROI_035/patch_190,nearest,≥128,1,795,0.000,1.000,87.4970,88.9176
ROI_035/patch_190,own,0–16,1,113,0.000,1.000,4.5717,6.0819
ROI_035/patch_190,own,16–32,1,340,0.000,1.000,4.1671,5.7626
ROI_035/patch_190,own,32–64,1,1097,0.000,1.000,6.5048,8.1288
ROI_035/patch_190,own,64–128,1,3062,0.000,1.000,11.4132,13.0614
ROI_035/patch_190,own,≥128,1,25124,0.000,1.000,19.3551,20.7972
ROI_035/patch_191,nearest,0–16,1,130,0.000,1.000,16.7202,20.5379
ROI_035/patch_191,nearest,16–32,1,404,0.000,1.000,16.7629,20.7177
ROI_035/patch_191,nearest,32–64,1,1042,0.000,1.000,19.6302,23.7058
ROI_035/patch_191,nearest,64–128,1,1235,0.000,1.000,29.5718,33.9335
ROI_035/patch_191,nearest,≥128,1,466,0.000,1.000,119.6120,124.3719
ROI_035/patch_191,own,0–16,1,130,0.000,1.000,16.7020,20.5085
ROI_035/patch_191,own,16–32,1,404,0.000,1.000,17.2483,21.1975
ROI_035/patch_191,own,32–64,1,1144,0.000,1.000,21.0158,25.0233
ROI_035/patch_191,own,64–128,1,3352,0.000,1.000,26.1754,30.2241
ROI_035/patch_191,own,≥128,1,21186,0.000,1.000,29.8551,34.0486
ROI_035/patch_192,nearest,0–16,1,136,0.000,1.000,9.2349,10.4601
ROI_035/patch_192,nearest,16–32,1,353,0.000,1.000,10.7524,11.9940
ROI_035/patch_192,nearest,32–64,1,971,0.000,1.000,9.6913,11.1526
ROI_035/patch_192,nearest,64–128,1,1152,0.000,1.000,10.1984,11.6903
ROI_035/patch_192,nearest,≥128,1,258,0.200,1.000,298.7291,300.2520
ROI_035/patch_192,own,0–16,1,136,0.000,1.000,9.1746,10.4142
ROI_035/patch_192,own,16–32,1,353,0.000,1.000,10.2917,11.4995
ROI_035/patch_192,own,32–64,1,1010,0.000,1.000,9.7048,11.2431
ROI_035/patch_192,own,64–128,1,3119,0.000,1.000,10.6555,12.0234
ROI_035/patch_192,own,≥128,1,18342,0.000,1.000,11.9199,13.1999
ROI_035/patch_194,nearest,0–16,1,142,0.000,1.000,6.8041,7.8497
ROI_035/patch_194,nearest,16–32,1,422,0.000,1.000,6.9283,7.7762
ROI_035/patch_194,nearest,32–64,1,1373,0.000,1.000,6.6311,7.3017
ROI_035/patch_194,nearest,64–128,1,2289,0.000,1.000,13.3665,14.0886
ROI_035/patch_194,nearest,≥128,1,464,0.000,1.000,56.7947,57.7595
ROI_035/patch_194,own,0–16,1,142,0.000,1.000,6.8193,7.8517
ROI_035/patch_194,own,16–32,1,422,0.000,1.000,6.9177,7.7830
ROI_035/patch_194,own,32–64,1,1373,0.000,1.000,7.2432,7.9131
ROI_035/patch_194,own,64–128,1,4243,0.000,1.000,9.7917,10.5683
ROI_035/patch_194,own,≥128,1,31340,0.000,1.000,11.5529,12.3091
ROI_035/patch_195,nearest,0–16,1,139,0.000,1.000,15.7655,16.3989
ROI_035/patch_195,nearest,16–32,1,385,0.000,1.000,16.6271,17.3174
ROI_035/patch_195,nearest,32–64,1,1122,0.000,1.000,19.5678,20.2792
ROI_035/patch_195,nearest,64–128,1,1935,0.000,1.000,20.7616,21.5420
ROI_035/patch_195,nearest,≥128,1,324,0.000,1.000,38.1134,38.6549
ROI_035/patch_195,own,0–16,1,139,0.000,1.000,15.7290,16.3663
ROI_035/patch_195,own,16–32,1,422,0.000,1.000,16.7750,17.4362
ROI_035/patch_195,own,32–64,1,1479,0.000,1.000,18.7049,19.3010
ROI_035/patch_195,own,64–128,1,4166,0.000,1.000,20.2209,20.8965
ROI_035/patch_195,own,≥128,1,25034,0.000,1.000,21.1052,21.7261
ROI_035/patch_196,nearest,0–16,1,138,0.000,1.000,6.8830,9.0683
ROI_035/patch_196,nearest,16–32,1,379,0.000,1.000,6.8375,9.0661
ROI_035/patch_196,nearest,32–64,1,1177,0.000,1.000,8.0179,9.8714
ROI_035/patch_196,nearest,64–128,1,1570,0.000,1.000,8.6717,10.1229
ROI_035/patch_196,nearest,≥128,1,312,0.000,1.000,26.2602,27.4400
ROI_035/patch_196,own,0–16,1,138,0.000,1.000,6.6373,8.8286
ROI_035/patch_196,own,16–32,1,379,0.000,1.000,7.3362,9.5806
ROI_035/patch_196,own,32–64,1,1230,0.000,1.000,7.3691,9.2768
ROI_035/patch_196,own,64–128,1,4387,0.000,1.000,9.2177,10.8951
ROI_035/patch_196,own,≥128,1,22474,0.000,1.000,8.2916,10.0680
ROI_035/patch_197,nearest,0–16,1,139,0.000,1.000,12.4066,14.2759
ROI_035/patch_197,nearest,16–32,1,403,0.000,1.000,11.9704,13.7699
ROI_035/patch_197,nearest,32–64,1,910,0.000,1.000,17.5935,19.2207
ROI_035/patch_197,nearest,64–128,1,1107,0.000,1.000,24.6808,26.3766
ROI_035/patch_197,nearest,≥128,1,184,0.000,1.000,89.4114,91.4161
ROI_035/patch_197,own,0–16,1,139,0.000,1.000,12.0070,13.8669
ROI_035/patch_197,own,16–32,1,403,0.000,1.000,11.9005,13.6951
ROI_035/patch_197,own,32–64,1,1274,0.000,1.000,16.3428,17.9973
ROI_035/patch_197,own,64–128,1,4005,0.000,1.000,22.4279,24.0778
ROI_035/patch_197,own,≥128,1,16123,0.000,1.000,24.5883,26.2036
ROI_035/patch_198,nearest,0–16,1,123,0.000,1.000,9.3947,11.2188
ROI_035/patch_198,nearest,16–32,1,365,0.000,1.000,10.9627,13.1268
ROI_035/patch_198,nearest,32–64,1,1061,0.000,1.000,10.0248,13.0597
ROI_035/patch_198,nearest,64–128,1,1853,0.000,1.000,12.5562,15.6058
ROI_035/patch_198,nearest,≥128,1,848,0.000,1.000,12.8771,15.6367
ROI_035/patch_198,own,0–16,1,123,0.000,1.000,9.0131,10.8312
ROI_035/patch_198,own,16–32,1,375,0.000,1.000,11.7330,13.8757
ROI_035/patch_198,own,32–64,1,1274,0.000,1.000,10.0688,13.0088
ROI_035/patch_198,own,64–128,1,3879,0.000,1.000,11.6933,14.7262
ROI_035/patch_198,own,≥128,1,28349,0.000,1.000,10.5335,13.1033
ROI_035/patch_199,nearest,0–16,1,133,0.000,1.000,8.9686,9.6694
ROI_035/patch_199,nearest,16–32,1,370,0.000,1.000,9.4521,10.0060
ROI_035/patch_199,nearest,32–64,1,1257,0.000,1.000,10.4510,10.8189
ROI_035/patch_199,nearest,64–128,1,2230,0.000,1.000,14.7236,15.1281
ROI_035/patch_199,nearest,≥128,1,501,0.000,1.000,119.7104,120.2214
ROI_035/patch_199,own,0–16,1,133,0.000,1.000,9.0551,9.7615
ROI_035/patch_199,own,16–32,1,370,0.000,1.000,9.3451,9.9020
ROI_035/patch_199,own,32–64,1,1301,0.000,1.000,10.8344,11.2326
ROI_035/patch_199,own,64–128,1,4271,0.000,1.000,13.5254,13.9410
ROI_035/patch_199,own,≥128,1,29853,0.000,1.000,21.2028,21.6470
ROI_035/patch_200,nearest,0–16,1,119,0.000,1.000,15.7522,17.0204
ROI_035/patch_200,nearest,16–32,1,336,0.000,1.000,11.5628,12.8989
ROI_035/patch_200,nearest,32–64,1,899,0.000,1.000,12.9049,14.2849
ROI_035/patch_200,nearest,64–128,1,1538,0.000,1.000,20.8156,22.3779
ROI_035/patch_200,nearest,≥128,1,690,0.000,1.000,348.3768,349.4085
ROI_035/patch_200,own,0–16,1,119,0.000,1.000,15.7650,17.0190
ROI_035/patch_200,own,16–32,1,341,0.000,1.000,11.4116,12.7456
ROI_035/patch_200,own,32–64,1,1056,0.000,1.000,13.5220,14.9264
ROI_035/patch_200,own,64–128,1,3640,0.000,1.000,16.2990,17.9034
ROI_035/patch_200,own,≥128,1,23500,0.000,1.000,22.5056,23.9383
ROI_035/patch_201,nearest,0–16,1,136,0.000,1.000,9.2724,12.8700
ROI_035/patch_201,nearest,16–32,1,346,0.000,1.000,10.0403,13.5985
ROI_035/patch_201,nearest,32–64,1,794,0.000,1.000,12.1949,16.4430
ROI_035/patch_201,nearest,64–128,1,1205,0.000,1.000,13.2211,17.5465
ROI_035/patch_201,nearest,≥128,1,160,0.000,1.000,21.6714,25.6530
ROI_035/patch_201,own,0–16,1,136,0.000,1.000,9.2529,12.7969
ROI_035/patch_201,own,16–32,1,346,0.000,1.000,9.9479,13.5750
ROI_035/patch_201,own,32–64,1,906,0.000,1.000,11.5729,15.7733
ROI_035/patch_201,own,64–128,1,2930,0.000,1.000,13.8557,18.2024
ROI_035/patch_201,own,≥128,1,16810,0.000,1.000,12.4712,16.7032
ROI_035/patch_202,nearest,0–16,1,148,0.000,1.000,16.6387,18.5082
ROI_035/patch_202,nearest,16–32,1,375,0.000,1.000,15.6088,17.3887
ROI_035/patch_202,nearest,32–64,1,1059,0.000,1.000,13.9020,16.0998
ROI_035/patch_202,nearest,64–128,1,1765,0.000,1.000,14.4137,16.8219
ROI_035/patch_202,nearest,≥128,1,627,0.000,1.000,15.8257,18.0428
ROI_035/patch_202,own,0–16,1,148,0.000,1.000,16.7533,18.5939
ROI_035/patch_202,own,16–32,1,395,0.000,1.000,16.0802,17.8805
ROI_035/patch_202,own,32–64,1,1353,0.000,1.000,14.6484,16.6994
ROI_035/patch_202,own,64–128,1,4386,0.000,1.000,14.0750,16.3227
ROI_035/patch_202,own,≥128,1,25510,0.000,1.000,14.1818,16.3265
ROI_035/patch_203,nearest,0–16,1,146,0.000,1.000,10.1176,10.7883
ROI_035/patch_203,nearest,16–32,1,441,0.000,1.000,10.3046,10.9845
ROI_035/patch_203,nearest,32–64,1,1192,0.000,1.000,10.9247,11.6782
ROI_035/patch_203,nearest,64–128,1,1441,0.000,1.000,14.2476,14.8680
ROI_035/patch_203,nearest,≥128,1,332,0.000,1.000,81.2628,82.2372
ROI_035/patch_203,own,0–16,1,146,0.000,1.000,10.0309,10.7043
ROI_035/patch_203,own,16–32,1,441,0.000,1.000,10.3594,11.0307
ROI_035/patch_203,own,32–64,1,1390,0.000,1.000,10.8770,11.5581
ROI_035/patch_203,own,64–128,1,4592,0.000,1.000,12.4224,13.0309
ROI_035/patch_203,own,≥128,1,21847,0.000,1.000,14.3246,14.9596
ROI_035/patch_205,nearest,0–16,1,135,0.000,1.000,6.1643,7.0032
ROI_035/patch_205,nearest,16–32,1,400,0.000,1.000,5.4221,6.4071
ROI_035/patch_205,nearest,32–64,1,891,0.000,1.000,5.5489,6.6510
ROI_035/patch_205,nearest,64–128,1,1251,0.000,1.000,11.4085,12.3451
ROI_035/patch_205,nearest,≥128,1,278,0.000,1.000,53.0666,53.8592
ROI_035/patch_205,own,0–16,1,135,0.000,1.000,6.1365,6.9822
ROI_035/patch_205,own,16–32,1,406,0.000,1.000,5.6326,6.6328
ROI_035/patch_205,own,32–64,1,1082,0.000,1.000,5.4422,6.5930
ROI_035/patch_205,own,64–128,1,2817,0.000,1.000,5.8835,6.8961
ROI_035/patch_205,own,≥128,1,19200,0.000,1.000,7.9691,8.9318
ROI_035/patch_207,nearest,0–16,1,121,0.000,1.000,76.9368,93.6592
ROI_035/patch_207,nearest,16–32,1,372,0.000,1.000,81.4244,98.1189
ROI_035/patch_207,nearest,32–64,1,1166,0.000,1.000,79.9555,98.3850
ROI_035/patch_207,nearest,64–128,1,1433,0.000,1.000,92.7779,112.1138
ROI_035/patch_207,nearest,≥128,1,267,0.000,1.000,99.4644,117.9988
ROI_035/patch_207,own,0–16,1,121,0.000,1.000,77.6112,94.3217
ROI_035/patch_207,own,16–32,1,372,0.000,1.000,79.8714,96.5637
ROI_035/patch_207,own,32–64,1,1255,0.000,1.000,82.8165,101.0831
ROI_035/patch_207,own,64–128,1,4155,0.000,1.000,88.6502,107.2266
ROI_035/patch_207,own,≥128,1,20969,0.000,1.000,82.6343,101.5717
ROI_035/patch_208,nearest,0–16,1,142,0.000,1.000,7.1403,8.2766
ROI_035/patch_208,nearest,16–32,1,413,0.000,1.000,6.8185,8.0340
ROI_035/patch_208,nearest,32–64,1,1016,0.000,1.000,6.8516,8.0677
ROI_035/patch_208,nearest,64–128,1,1599,0.000,1.000,7.7990,9.1107
ROI_035/patch_208,nearest,≥128,1,455,0.000,1.000,11.1477,13.2815
ROI_035/patch_208,own,0–16,1,142,0.000,1.000,7.1379,8.2862
ROI_035/patch_208,own,16–32,1,413,0.000,1.000,6.7241,7.9555
ROI_035/patch_208,own,32–64,1,1236,0.000,1.000,6.6557,7.8660
ROI_035/patch_208,own,64–128,1,4328,0.000,1.000,7.6315,8.8283
ROI_035/patch_208,own,≥128,1,22881,0.000,1.000,7.0920,8.3433
ROI_035/patch_209,nearest,0–16,1,118,0.000,1.000,18.2765,20.2991
ROI_035/patch_209,nearest,16–32,1,372,0.000,1.000,19.1771,21.2129
ROI_035/patch_209,nearest,32–64,1,873,0.000,1.000,21.0998,22.8825
ROI_035/patch_209,nearest,64–128,1,1321,0.000,1.000,22.9153,24.5124
ROI_035/patch_209,nearest,≥128,1,213,0.000,1.000,85.4654,87.1731
ROI_035/patch_209,own,0–16,1,118,0.000,1.000,18.3468,20.3856
ROI_035/patch_209,own,16–32,1,378,0.000,1.000,19.1824,21.2176
ROI_035/patch_209,own,32–64,1,962,0.000,1.000,21.3166,23.1973
ROI_035/patch_209,own,64–128,1,2539,0.000,1.000,22.2759,24.0652
ROI_035/patch_209,own,≥128,1,19179,0.000,1.000,26.6659,28.4191
ROI_035/patch_210,nearest,0–16,1,46,0.000,1.000,146.4724,150.1779
ROI_035/patch_210,nearest,16–32,1,203,0.000,1.000,101.1819,104.0207
ROI_035/patch_210,nearest,32–64,1,457,0.000,1.000,61.1123,65.6245
ROI_035/patch_210,nearest,64–128,1,506,0.000,1.000,56.7446,62.1259
ROI_035/patch_210,nearest,≥128,1,63,0.000,1.000,76.7644,82.6647
ROI_035/patch_210,own,0–16,1,46,0.000,1.000,146.4884,150.0958
ROI_035/patch_210,own,16–32,1,203,0.000,1.000,102.2516,105.0408
ROI_035/patch_210,own,32–64,1,527,0.000,1.000,61.9650,66.4281
ROI_035/patch_210,own,64–128,1,1520,0.000,1.000,51.2562,56.2300
ROI_035/patch_210,own,≥128,1,7904,0.000,1.000,157.4312,161.8943
ROI_035/patch_212,nearest,0–16,1,70,0.000,1.000,48.5829,51.5061
ROI_035/patch_212,nearest,16–32,1,250,0.000,1.000,39.1961,41.9221
ROI_035/patch_212,nearest,32–64,1,731,0.000,1.000,56.1653,59.2022
ROI_035/patch_212,nearest,64–128,1,1020,0.000,1.000,112.9130,116.6244
ROI_035/patch_212,nearest,≥128,1,339,0.000,1.000,435.0086,438.9933
ROI_035/patch_212,own,0–16,1,70,0.000,1.000,48.5415,51.4701
ROI_035/patch_212,own,16–32,1,250,0.000,1.000,40.0384,42.7117
ROI_035/patch_212,own,32–64,1,894,0.000,1.000,52.0407,54.9262
ROI_035/patch_212,own,64–128,1,2630,0.000,1.000,108.2912,111.8409
ROI_035/patch_212,own,≥128,1,15436,0.000,1.000,120.6527,124.1240
ROI_035/patch_213,nearest,0–16,1,108,0.000,1.000,118.6851,124.8637
ROI_035/patch_213,nearest,16–32,1,315,0.000,1.000,63.9675,70.5427
ROI_035/patch_213,nearest,32–64,1,780,0.000,1.000,22.6975,29.3211
ROI_035/patch_213,nearest,64–128,1,1483,0.000,1.000,24.0290,29.6073
ROI_035/patch_213,nearest,≥128,1,611,0.000,1.000,51.9758,57.7994
ROI_035/patch_213,own,0–16,1,108,0.000,1.000,118.2126,124.3749
ROI_035/patch_213,own,16–32,1,315,0.000,1.000,65.6878,72.2751
ROI_035/patch_213,own,32–64,1,911,0.000,1.000,25.2942,31.8506
ROI_035/patch_213,own,64–128,1,2994,0.000,1.000,19.5162,25.4599
ROI_035/patch_213,own,≥128,1,22048,0.000,1.000,26.0215,32.1268
ROI_049/patch_0,nearest,0–16,1,131,0.000,1.000,10.2341,23.1120
ROI_049/patch_0,nearest,16–32,1,397,0.000,1.000,10.0121,22.6931
ROI_049/patch_0,nearest,32–64,1,1303,0.000,1.000,10.5040,22.9019
ROI_049/patch_0,nearest,64–128,1,2363,0.000,1.000,10.9910,23.4020
ROI_049/patch_0,nearest,≥128,1,874,0.000,1.000,12.1648,24.7700
ROI_049/patch_0,own,0–16,1,131,0.000,1.000,10.5254,23.3783
ROI_049/patch_0,own,16–32,1,397,0.000,1.000,10.1220,22.7510
ROI_049/patch_0,own,32–64,1,1476,0.000,1.000,10.6666,23.0553
ROI_049/patch_0,own,64–128,1,4897,0.000,1.000,11.2802,23.7265
ROI_049/patch_0,own,≥128,1,33643,0.000,1.000,12.9524,25.4268
ROI_049/patch_1,nearest,0–16,1,140,0.000,1.000,2.3977,4.7106
ROI_049/patch_1,nearest,16–32,1,440,0.000,1.000,3.0057,5.4162
ROI_049/patch_1,nearest,32–64,1,1385,0.000,1.000,2.6031,5.0614
ROI_049/patch_1,nearest,64–128,1,2036,0.000,1.000,1.9357,4.1997
ROI_049/patch_1,nearest,≥128,1,558,0.000,1.000,4.3744,6.6232
ROI_049/patch_1,own,0–16,1,140,0.000,1.000,2.3560,4.6610
ROI_049/patch_1,own,16–32,1,440,0.000,1.000,2.6099,4.9460
ROI_049/patch_1,own,32–64,1,1555,0.000,1.000,2.7561,5.1939
ROI_049/patch_1,own,64–128,1,5404,0.000,1.000,2.3131,4.5940
ROI_049/patch_1,own,≥128,1,28933,0.000,1.000,2.8318,5.0748
ROI_049/patch_2,nearest,0–16,1,132,0.000,1.000,6.7490,8.6856
ROI_049/patch_2,nearest,16–32,1,392,0.000,1.000,6.7330,8.7182
ROI_049/patch_2,nearest,32–64,1,1439,0.000,1.000,9.0419,10.7815
ROI_049/patch_2,nearest,64–128,1,2707,0.000,1.000,6.2906,7.9857
ROI_049/patch_2,nearest,≥128,1,513,0.000,1.000,34.8936,36.4195
ROI_049/patch_2,own,0–16,1,132,0.000,1.000,6.7313,8.7030
ROI_049/patch_2,own,16–32,1,392,0.000,1.000,6.7780,8.7630
ROI_049/patch_2,own,32–64,1,1552,0.000,1.000,8.9337,10.7186
ROI_049/patch_2,own,64–128,1,4712,0.000,1.000,6.7929,8.4614
ROI_049/patch_2,own,≥128,1,34676,0.000,1.000,8.7668,10.4278
ROI_049/patch_3,nearest,0–16,1,123,0.000,1.000,12.1772,12.9576
ROI_049/patch_3,nearest,16–32,1,418,0.000,1.000,12.5853,13.4497
ROI_049/patch_3,nearest,32–64,1,1340,0.000,1.000,14.7351,16.0189
ROI_049/patch_3,nearest,64–128,1,2037,0.000,1.000,11.7306,13.1150
ROI_049/patch_3,nearest,≥128,1,888,0.000,1.000,12.6054,14.2083
ROI_049/patch_3,own,0–16,1,123,0.000,1.000,12.0854,12.8513
ROI_049/patch_3,own,16–32,1,418,0.000,1.000,12.4956,13.3809
ROI_049/patch_3,own,32–64,1,1480,0.000,1.000,14.4881,15.6566
ROI_049/patch_3,own,64–128,1,4999,0.000,1.000,13.1060,14.3294
ROI_049/patch_3,own,≥128,1,31428,0.000,1.000,12.6172,13.8718
ROI_049/patch_4,nearest,0–16,1,145,0.000,1.000,3.1999,4.5705
ROI_049/patch_4,nearest,16–32,1,422,0.000,1.000,2.6653,3.8847
ROI_049/patch_4,nearest,32–64,1,1336,0.000,1.000,3.3112,4.2615
ROI_049/patch_4,nearest,64–128,1,2402,0.000,1.000,3.4815,4.2114
ROI_049/patch_4,nearest,≥128,1,971,0.000,1.000,3.5748,4.3694
ROI_049/patch_4,own,0–16,1,145,0.000,1.000,3.1498,4.5407
ROI_049/patch_4,own,16–32,1,422,0.000,1.000,2.7007,3.8862
ROI_049/patch_4,own,32–64,1,1483,0.000,1.000,3.1209,4.0618
ROI_049/patch_4,own,64–128,1,5295,0.000,1.000,3.4993,4.2400
ROI_049/patch_4,own,≥128,1,34863,0.000,1.000,3.4271,4.2184
ROI_049/patch_5,nearest,0–16,1,134,0.000,1.000,5.8278,9.3823
ROI_049/patch_5,nearest,16–32,1,375,0.000,1.000,5.8357,9.4038
ROI_049/patch_5,nearest,32–64,1,1240,0.000,1.000,5.6199,9.7082
ROI_049/patch_5,nearest,64–128,1,2107,0.000,1.000,5.9870,9.3976
ROI_049/patch_5,nearest,≥128,1,1337,0.000,1.000,6.2663,10.9677
ROI_049/patch_5,own,0–16,1,134,0.000,1.000,5.8425,9.3125
ROI_049/patch_5,own,16–32,1,375,0.000,1.000,5.8963,9.4107
ROI_049/patch_5,own,32–64,1,1405,0.000,1.000,5.5833,9.6213
ROI_049/patch_5,own,64–128,1,4808,0.000,1.000,5.6680,9.2310
ROI_049/patch_5,own,≥128,1,34822,0.000,1.000,5.7230,9.2854
ROI_049/patch_6,nearest,0–16,1,150,0.000,1.000,3.9406,4.5776
ROI_049/patch_6,nearest,16–32,1,350,0.000,1.000,3.9903,4.6919
ROI_049/patch_6,nearest,32–64,1,1203,0.000,1.000,3.3233,4.4756
ROI_049/patch_6,nearest,64–128,1,2582,0.000,1.000,4.0754,5.3421
ROI_049/patch_6,nearest,≥128,1,895,0.000,1.000,3.1859,4.4674
ROI_049/patch_6,own,0–16,1,150,0.000,1.000,3.9423,4.5561
ROI_049/patch_6,own,16–32,1,381,0.000,1.000,3.8372,4.5011
ROI_049/patch_6,own,32–64,1,1327,0.000,1.000,3.2816,4.2659
ROI_049/patch_6,own,64–128,1,4672,0.000,1.000,3.8335,5.1223
ROI_049/patch_6,own,≥128,1,34910,0.000,1.000,3.3953,4.6712
ROI_049/patch_7,nearest,0–16,1,144,0.000,1.000,4.5507,6.5089
ROI_049/patch_7,nearest,16–32,1,432,0.000,1.000,4.6469,6.6108
ROI_049/patch_7,nearest,32–64,1,1386,0.000,1.000,4.6111,6.6072
ROI_049/patch_7,nearest,64–128,1,2419,0.000,1.000,4.2623,6.3212
ROI_049/patch_7,nearest,≥128,1,800,0.000,1.000,4.6051,6.9950
ROI_049/patch_7,own,0–16,1,144,0.000,1.000,4.5508,6.5496
ROI_049/patch_7,own,16–32,1,432,0.000,1.000,4.7120,6.7030
ROI_049/patch_7,own,32–64,1,1631,0.000,1.000,4.9205,6.8954
ROI_049/patch_7,own,64–128,1,5777,0.000,1.000,4.3326,6.3849
ROI_049/patch_7,own,≥128,1,33464,0.000,1.000,4.4029,6.4634
ROI_049/patch_8,nearest,0–16,1,154,0.000,1.000,3.2812,4.7328
ROI_049/patch_8,nearest,16–32,1,441,0.000,1.000,3.5313,4.9473
ROI_049/patch_8,nearest,32–64,1,1326,0.000,1.000,3.7283,5.0715
ROI_049/patch_8,nearest,64–128,1,2107,0.000,1.000,3.4900,4.8956
ROI_049/patch_8,nearest,≥128,1,899,0.000,1.000,6.0692,7.4931
ROI_049/patch_8,own,0–16,1,154,0.000,1.000,3.3161,4.7597
ROI_049/patch_8,own,16–32,1,441,0.000,1.000,3.4780,4.9079
ROI_049/patch_8,own,32–64,1,1501,0.000,1.000,3.7778,5.1291
ROI_049/patch_8,own,64–128,1,5300,0.000,1.000,3.4939,4.8394
ROI_049/patch_8,own,≥128,1,32020,0.000,1.000,4.2372,5.6162
ROI_049/patch_10,nearest,0–16,1,137,0.000,1.000,4.9986,5.8294
ROI_049/patch_10,nearest,16–32,1,409,0.000,1.000,5.0207,5.9709
ROI_049/patch_10,nearest,32–64,1,1455,0.000,1.000,6.0462,7.0034
ROI_049/patch_10,nearest,64–128,1,2575,0.000,1.000,5.4397,6.4337
ROI_049/patch_10,nearest,≥128,1,392,0.000,1.000,5.2447,6.3582
ROI_049/patch_10,own,0–16,1,137,0.000,1.000,4.6058,5.4513
ROI_049/patch_10,own,16–32,1,409,0.000,1.000,4.9233,5.8987
ROI_049/patch_10,own,32–64,1,1499,0.000,1.000,6.0095,6.9687
ROI_049/patch_10,own,64–128,1,4979,0.000,1.000,4.6250,5.6973
ROI_049/patch_10,own,≥128,1,32720,0.000,1.000,4.8356,5.7868
ROI_049/patch_11,nearest,0–16,1,147,0.000,1.000,4.8971,6.7638
ROI_049/patch_11,nearest,16–32,1,433,0.000,1.000,5.1311,6.9875
ROI_049/patch_11,nearest,32–64,1,1216,0.000,1.000,5.8620,7.7788
ROI_049/patch_11,nearest,64–128,1,2349,0.000,1.000,6.3344,8.6135
ROI_049/patch_11,nearest,≥128,1,1094,0.000,1.000,6.5811,8.2649
ROI_049/patch_11,own,0–16,1,147,0.000,1.000,4.9224,6.7606
ROI_049/patch_11,own,16–32,1,433,0.000,1.000,5.1103,6.9604
ROI_049/patch_11,own,32–64,1,1398,0.000,1.000,5.6744,7.5647
ROI_049/patch_11,own,64–128,1,4310,0.000,1.000,6.6530,8.7504
ROI_049/patch_11,own,≥128,1,35624,0.000,1.000,6.0976,8.1522
ROI_049/patch_12,nearest,0–16,1,141,0.000,1.000,5.1833,6.8576
ROI_049/patch_12,nearest,16–32,1,411,0.000,1.000,5.3346,7.1047
ROI_049/patch_12,nearest,32–64,1,1301,0.000,1.000,6.5916,8.7679
ROI_049/patch_12,nearest,64–128,1,2057,0.000,1.000,5.7921,7.9308
ROI_049/patch_12,nearest,≥128,1,710,0.000,1.000,27.1064,28.8727
ROI_049/patch_12,own,0–16,1,141,0.000,1.000,5.2143,6.9250
ROI_049/patch_12,own,16–32,1,411,0.000,1.000,5.4290,7.2217
ROI_049/patch_12,own,32–64,1,1314,0.000,1.000,5.9464,8.0537
ROI_049/patch_12,own,64–128,1,4200,0.000,1.000,5.6801,7.8163
ROI_049/patch_12,own,≥128,1,30894,0.000,1.000,5.6631,7.7602
ROI_049/patch_13,nearest,0–16,1,134,0.000,1.000,2.0774,4.0572
ROI_049/patch_13,nearest,16–32,1,403,0.000,1.000,1.9251,3.9360
ROI_049/patch_13,nearest,32–64,1,1116,0.000,1.000,2.4279,4.5688
ROI_049/patch_13,nearest,64–128,1,1661,0.000,1.000,2.4528,4.4879
ROI_049/patch_13,nearest,≥128,1,1580,0.000,1.000,3.5669,5.9951
ROI_049/patch_13,own,0–16,1,134,0.000,1.000,2.0774,4.0531
ROI_049/patch_13,own,16–32,1,403,0.000,1.000,1.9857,3.9933
ROI_049/patch_13,own,32–64,1,1350,0.000,1.000,2.7033,4.8082
ROI_049/patch_13,own,64–128,1,5117,0.000,1.000,2.5251,4.5174
ROI_049/patch_13,own,≥128,1,32148,0.000,1.000,2.0135,4.1338
ROI_049/patch_15,nearest,0–16,1,133,0.000,1.000,2.9842,4.6078
ROI_049/patch_15,nearest,16–32,1,389,0.000,1.000,2.8345,4.5351
ROI_049/patch_15,nearest,32–64,1,1220,0.000,1.000,3.5009,5.3324
ROI_049/patch_15,nearest,64–128,1,2398,0.000,1.000,2.7255,4.5665
ROI_049/patch_15,nearest,≥128,1,495,0.000,1.000,2.7120,4.7711
ROI_049/patch_15,own,0–16,1,133,0.000,1.000,2.8892,4.5127
ROI_049/patch_15,own,16–32,1,389,0.000,1.000,2.7080,4.3993
ROI_049/patch_15,own,32–64,1,1396,0.000,1.000,3.7692,5.5582
ROI_049/patch_15,own,64–128,1,4750,0.000,1.000,2.6638,4.5235
ROI_049/patch_15,own,≥128,1,30412,0.000,1.000,2.7231,4.6069
ROI_049/patch_16,nearest,0–16,1,140,0.000,1.000,4.8794,6.0392
ROI_049/patch_16,nearest,16–32,1,388,0.000,1.000,4.2147,5.3808
ROI_049/patch_16,nearest,32–64,1,1354,0.000,1.000,4.9413,6.1676
ROI_049/patch_16,nearest,64–128,1,2862,0.000,1.000,4.5524,5.7989
ROI_049/patch_16,nearest,≥128,1,419,0.000,1.000,9.9513,12.0603
ROI_049/patch_16,own,0–16,1,140,0.000,1.000,5.0203,6.1786
ROI_049/patch_16,own,16–32,1,388,0.000,1.000,4.2525,5.4082
ROI_049/patch_16,own,32–64,1,1379,0.000,1.000,5.1422,6.3696
ROI_049/patch_16,own,64–128,1,4830,0.000,1.000,5.0838,6.3161
ROI_049/patch_16,own,≥128,1,34567,0.000,1.000,4.9852,6.2313
ROI_049/patch_17,nearest,0–16,1,131,0.000,1.000,4.8303,6.3180
ROI_049/patch_17,nearest,16–32,1,390,0.000,1.000,4.7898,6.2739
ROI_049/patch_17,nearest,32–64,1,1245,0.000,1.000,5.3943,6.9951
ROI_049/patch_17,nearest,64–128,1,1899,0.000,1.000,5.5001,6.9485
ROI_049/patch_17,nearest,≥128,1,955,0.000,1.000,11.8665,13.2358
ROI_049/patch_17,own,0–16,1,131,0.000,1.000,4.7507,6.2189
ROI_049/patch_17,own,16–32,1,390,0.000,1.000,4.9175,6.4260
ROI_049/patch_17,own,32–64,1,1411,0.000,1.000,5.5653,7.1020
ROI_049/patch_17,own,64–128,1,5308,0.000,1.000,5.5939,7.0707
ROI_049/patch_17,own,≥128,1,29720,0.000,1.000,5.6182,7.1570
ROI_049/patch_19,nearest,0–16,1,141,0.000,1.000,3.9110,5.3597
ROI_049/patch_19,nearest,16–32,1,401,0.000,1.000,3.3803,4.8392
ROI_049/patch_19,nearest,32–64,1,1244,0.000,1.000,4.2886,5.7630
ROI_049/patch_19,nearest,64–128,1,2375,0.000,1.000,5.2925,6.8083
ROI_049/patch_19,nearest,≥128,1,742,0.000,1.000,3.5703,5.0711
ROI_049/patch_19,own,0–16,1,141,0.000,1.000,3.8523,5.2982
ROI_049/patch_19,own,16–32,1,418,0.000,1.000,3.2350,4.7078
ROI_049/patch_19,own,32–64,1,1453,0.000,1.000,4.2727,5.7696
ROI_049/patch_19,own,64–128,1,5164,0.000,1.000,4.5185,6.0404
ROI_049/patch_19,own,≥128,1,32048,0.000,1.000,4.4379,5.9495
ROI_049/patch_20,nearest,0–16,1,142,0.000,1.000,2.4736,4.8239
ROI_049/patch_20,nearest,16–32,1,392,0.000,1.000,2.9369,5.4356
ROI_049/patch_20,nearest,32–64,1,1195,0.000,1.000,3.6430,6.0256
ROI_049/patch_20,nearest,64–128,1,2045,0.000,1.000,2.8551,5.1126
ROI_049/patch_20,nearest,≥128,1,730,0.000,1.000,13.9626,16.9788
ROI_049/patch_20,own,0–16,1,142,0.000,1.000,2.4619,4.8363
ROI_049/patch_20,own,16–32,1,392,0.000,1.000,2.9748,5.5716
ROI_049/patch_20,own,32–64,1,1276,0.000,1.000,3.6457,6.1182
ROI_049/patch_20,own,64–128,1,4117,0.000,1.000,3.1115,5.3738
ROI_049/patch_20,own,≥128,1,30105,0.000,1.000,3.2942,5.5799
ROI_049/patch_21,nearest,0–16,1,150,0.000,1.000,4.1319,10.3185
ROI_049/patch_21,nearest,16–32,1,443,0.000,1.000,3.5020,9.6774
ROI_049/patch_21,nearest,32–64,1,1381,0.000,1.000,3.5457,9.6250
ROI_049/patch_21,nearest,64–128,1,2173,0.000,1.000,6.0127,12.6098
ROI_049/patch_21,nearest,≥128,1,949,0.000,1.000,7.3484,14.0037
ROI_049/patch_21,own,0–16,1,150,0.000,1.000,4.1422,10.2567
ROI_049/patch_21,own,16–32,1,443,0.000,1.000,3.3769,9.4599
ROI_049/patch_21,own,32–64,1,1582,0.000,1.000,3.9832,9.9917
ROI_049/patch_21,own,64–128,1,4710,0.000,1.000,4.5261,11.1879
ROI_049/patch_21,own,≥128,1,33883,0.000,1.000,5.4394,11.9146
ROI_049/patch_22,nearest,0–16,1,142,0.000,1.000,8.6669,14.6497
ROI_049/patch_22,nearest,16–32,1,439,0.000,1.000,9.9470,15.8997
ROI_049/patch_22,nearest,32–64,1,1387,0.000,1.000,8.6434,14.5175
ROI_049/patch_22,nearest,64–128,1,2224,0.000,1.000,7.1140,13.1454
ROI_049/patch_22,nearest,≥128,1,672,0.000,1.000,22.9059,28.8567
ROI_049/patch_22,own,0–16,1,142,0.000,1.000,8.9714,14.9512
ROI_049/patch_22,own,16–32,1,439,0.000,1.000,9.6202,15.5804
ROI_049/patch_22,own,32–64,1,1506,0.000,1.000,9.1203,14.9835
ROI_049/patch_22,own,64–128,1,4470,0.000,1.000,7.2685,13.1793
ROI_049/patch_22,own,≥128,1,32355,0.000,1.000,9.9496,15.8961
ROI_049/patch_23,nearest,0–16,1,140,0.000,1.000,4.5790,7.3979
ROI_049/patch_23,nearest,16–32,1,414,0.000,1.000,4.6967,7.5839
ROI_049/patch_23,nearest,32–64,1,1261,0.000,1.000,5.7399,8.6464
ROI_049/patch_23,nearest,64–128,1,2416,0.000,1.000,5.8481,8.6335
ROI_049/patch_23,nearest,≥128,1,652,0.000,1.000,6.6225,9.1144
ROI_049/patch_23,own,0–16,1,140,0.000,1.000,4.5690,7.3783
ROI_049/patch_23,own,16–32,1,416,0.000,1.000,4.7390,7.6276
ROI_049/patch_23,own,32–64,1,1535,0.000,1.000,4.9962,7.8618
ROI_049/patch_23,own,64–128,1,5325,0.000,1.000,5.8024,8.5073
ROI_049/patch_23,own,≥128,1,31648,0.000,1.000,6.0517,8.8462
ROI_049/patch_24,nearest,0–16,1,152,0.000,1.000,3.4549,6.7264
ROI_049/patch_24,nearest,16–32,1,425,0.000,1.000,3.7149,6.8923
ROI_049/patch_24,nearest,32–64,1,1392,0.000,1.000,4.3204,7.4767
ROI_049/patch_24,nearest,64–128,1,1967,0.000,1.000,3.4893,6.5342
ROI_049/patch_24,nearest,≥128,1,1021,0.000,1.000,4.3604,7.4827
ROI_049/patch_24,own,0–16,1,152,0.000,1.000,3.3942,6.6534
ROI_049/patch_24,own,16–32,1,425,0.000,1.000,3.5685,6.7539
ROI_049/patch_24,own,32–64,1,1489,0.000,1.000,4.6211,7.8074
ROI_049/patch_24,own,64–128,1,5320,0.000,1.000,4.3524,7.4188
ROI_049/patch_24,own,≥128,1,32270,0.000,1.000,3.7870,6.8142
ROI_049/patch_26,nearest,0–16,1,145,0.000,1.000,2.8808,4.5923
ROI_049/patch_26,nearest,16–32,1,447,0.000,1.000,3.1805,4.9456
ROI_049/patch_26,nearest,32–64,1,1317,0.000,1.000,3.5814,5.1620
ROI_049/patch_26,nearest,64–128,1,2284,0.000,1.000,3.2850,4.9373
ROI_049/patch_26,nearest,≥128,1,750,0.000,1.000,3.8643,5.4795
ROI_049/patch_26,own,0–16,1,145,0.000,1.000,2.8583,4.5640
ROI_049/patch_26,own,16–32,1,447,0.000,1.000,3.0858,4.8440
ROI_049/patch_26,own,32–64,1,1482,0.000,1.000,3.3028,4.9267
ROI_049/patch_26,own,64–128,1,5372,0.000,1.000,3.3848,4.9839
ROI_049/patch_26,own,≥128,1,32098,0.000,1.000,3.0472,4.7372
ROI_049/patch_27,nearest,0–16,1,143,0.000,1.000,4.5114,7.1829
ROI_049/patch_27,nearest,16–32,1,431,0.000,1.000,4.4561,6.9964
ROI_049/patch_27,nearest,32–64,1,1375,0.000,1.000,4.6407,7.3159
ROI_049/patch_27,nearest,64–128,1,2431,0.000,1.000,5.3788,8.5500
ROI_049/patch_27,nearest,≥128,1,586,0.000,1.000,5.5107,8.9168
ROI_049/patch_27,own,0–16,1,143,0.000,1.000,4.5523,7.1830
ROI_049/patch_27,own,16–32,1,433,0.000,1.000,4.4905,7.0558
ROI_049/patch_27,own,32–64,1,1523,0.000,1.000,4.6316,7.2566
ROI_049/patch_27,own,64–128,1,5219,0.000,1.000,5.3669,8.5066
ROI_049/patch_27,own,≥128,1,32410,0.000,1.000,5.0478,8.0972
ROI_049/patch_28,nearest,0–16,1,134,0.000,1.000,0.3238,2.6156
ROI_049/patch_28,nearest,16–32,1,420,0.000,1.000,0.5262,2.9032
ROI_049/patch_28,nearest,32–64,1,1186,0.000,1.000,2.1028,4.4339
ROI_049/patch_28,nearest,64–128,1,1848,0.000,1.000,3.8130,6.1370
ROI_049/patch_28,nearest,≥128,1,1611,0.000,1.000,9.3651,11.7845
ROI_049/patch_28,own,0–16,1,134,0.000,1.000,0.3560,2.6555
ROI_049/patch_28,own,16–32,1,420,0.000,1.000,0.5656,2.9497
ROI_049/patch_28,own,32–64,1,1499,0.000,1.000,2.2755,4.6222
ROI_049/patch_28,own,64–128,1,5001,0.000,1.000,1.8909,4.2058
ROI_049/patch_28,own,≥128,1,34538,0.000,1.000,3.8783,6.2032
ROI_049/patch_29,nearest,0–16,1,147,0.000,1.000,2.4539,3.2663
ROI_049/patch_29,nearest,16–32,1,412,0.000,1.000,2.6369,3.5117
ROI_049/patch_29,nearest,32–64,1,1299,0.000,1.000,5.2565,6.0889
ROI_049/patch_29,nearest,64–128,1,2191,0.000,1.000,5.3321,6.1644
ROI_049/patch_29,nearest,≥128,1,887,0.000,1.000,5.7225,6.5394
ROI_049/patch_29,own,0–16,1,147,0.000,1.000,2.5872,3.4032
ROI_049/patch_29,own,16–32,1,416,0.000,1.000,2.7374,3.5574
ROI_049/patch_29,own,32–64,1,1535,0.000,1.000,5.0329,5.8957
ROI_049/patch_29,own,64–128,1,5480,0.000,1.000,5.8585,6.6753
ROI_049/patch_29,own,≥128,1,31910,0.000,1.000,5.8767,6.7326
ROI_049/patch_30,nearest,0–16,1,141,0.000,1.000,9.5342,12.4775
ROI_049/patch_30,nearest,16–32,1,425,0.000,1.000,8.0375,11.0027
ROI_049/patch_30,nearest,32–64,1,1299,0.000,1.000,8.1616,11.1582
ROI_049/patch_30,nearest,64–128,1,2074,0.000,1.000,8.4527,11.5035
ROI_049/patch_30,nearest,≥128,1,1074,0.000,1.000,11.5578,14.6217
ROI_049/patch_30,own,0–16,1,141,0.000,1.000,9.5675,12.5147
ROI_049/patch_30,own,16–32,1,431,0.000,1.000,8.0348,10.9971
ROI_049/patch_30,own,32–64,1,1556,0.000,1.000,8.5165,11.5070
ROI_049/patch_30,own,64–128,1,4897,0.000,1.000,8.5654,11.5651
ROI_049/patch_30,own,≥128,1,33079,0.000,1.000,8.3363,11.3726
ROI_049/patch_31,nearest,0–16,1,128,0.000,1.000,9.4163,11.7723
ROI_049/patch_31,nearest,16–32,1,384,0.000,1.000,10.1097,12.4217
ROI_049/patch_31,nearest,32–64,1,1358,0.000,1.000,10.5002,13.0329
ROI_049/patch_31,nearest,64–128,1,2420,0.000,1.000,11.0432,13.7327
ROI_049/patch_31,nearest,≥128,1,591,0.000,1.000,9.9610,12.5164
ROI_049/patch_31,own,0–16,1,128,0.000,1.000,9.3564,11.7225
ROI_049/patch_31,own,16–32,1,384,0.000,1.000,10.1040,12.3889
ROI_049/patch_31,own,32–64,1,1413,0.000,1.000,10.8381,13.3739
ROI_049/patch_31,own,64–128,1,4837,0.000,1.000,10.7220,13.3047
ROI_049/patch_31,own,≥128,1,32286,0.000,1.000,10.4600,12.9275
ROI_049/patch_32,nearest,0–16,1,141,0.000,1.000,3.2490,5.2875
ROI_049/patch_32,nearest,16–32,1,397,0.000,1.000,3.3356,5.5301
ROI_049/patch_32,nearest,32–64,1,1287,0.000,1.000,3.4880,5.6958
ROI_049/patch_32,nearest,64–128,1,2092,0.000,1.000,3.7612,5.9441
ROI_049/patch_32,nearest,≥128,1,881,0.000,1.000,4.2784,6.3935
ROI_049/patch_32,own,0–16,1,141,0.000,1.000,3.3704,5.4214
ROI_049/patch_32,own,16–32,1,397,0.000,1.000,3.2552,5.4443
ROI_049/patch_32,own,32–64,1,1387,0.000,1.000,4.2392,6.4513
ROI_049/patch_32,own,64–128,1,4895,0.000,1.000,4.0216,6.2041
ROI_049/patch_32,own,≥128,1,31564,0.000,1.000,3.7466,5.9124
ROI_049/patch_33,nearest,0–16,1,155,0.000,1.000,8.9694,10.4597
ROI_049/patch_33,nearest,16–32,1,415,0.000,1.000,9.7272,11.0634
ROI_049/patch_33,nearest,32–64,1,1287,0.000,1.000,9.6691,11.2327
ROI_049/patch_33,nearest,64–128,1,2302,0.000,1.000,14.8337,16.3674
ROI_049/patch_33,nearest,≥128,1,605,0.000,1.000,21.3087,22.7296
ROI_049/patch_33,own,0–16,1,155,0.000,1.000,8.9694,10.4585
ROI_049/patch_33,own,16–32,1,415,0.000,1.000,9.6728,11.0071
ROI_049/patch_33,own,32–64,1,1392,0.000,1.000,9.8667,11.4254
ROI_049/patch_33,own,64–128,1,4460,0.000,1.000,11.1514,12.6608
ROI_049/patch_33,own,≥128,1,31690,0.000,1.000,12.0840,13.5043
ROI_049/patch_34,nearest,0–16,1,147,0.000,1.000,2.2766,2.8947
ROI_049/patch_34,nearest,16–32,1,419,0.000,1.000,2.6183,3.1681
ROI_049/patch_34,nearest,32–64,1,1309,0.000,1.000,3.4483,3.9350
ROI_049/patch_34,nearest,64–128,1,2402,0.000,1.000,2.9535,3.7855
ROI_049/patch_34,nearest,≥128,1,908,0.000,1.000,2.4365,3.4784
ROI_049/patch_34,own,0–16,1,147,0.000,1.000,2.2912,2.9057
ROI_049/patch_34,own,16–32,1,419,0.000,1.000,2.5307,3.0690
ROI_049/patch_34,own,32–64,1,1501,0.000,1.000,3.7156,4.2089
ROI_049/patch_34,own,64–128,1,5353,0.000,1.000,2.7812,3.5467
ROI_049/patch_34,own,≥128,1,34060,0.000,1.000,2.6217,3.3625
ROI_049/patch_35,nearest,0–16,1,162,0.000,1.000,2.8290,4.1538
ROI_049/patch_35,nearest,16–32,1,463,0.000,1.000,3.1285,4.4439
ROI_049/patch_35,nearest,32–64,1,1457,0.000,1.000,2.6351,3.9685
ROI_049/patch_35,nearest,64–128,1,2490,0.000,1.000,2.1450,3.4854
ROI_049/patch_35,nearest,≥128,1,702,0.000,1.000,2.7466,4.3169
ROI_049/patch_35,own,0–16,1,162,0.000,1.000,2.9640,4.2845
ROI_049/patch_35,own,16–32,1,463,0.000,1.000,3.1864,4.5368
ROI_049/patch_35,own,32–64,1,1621,0.000,1.000,2.6520,3.9875
ROI_049/patch_35,own,64–128,1,5649,0.000,1.000,2.2007,3.5695
ROI_049/patch_35,own,≥128,1,39571,0.000,1.000,2.2287,3.5693
ROI_049/patch_36,nearest,0–16,1,148,0.000,1.000,6.5784,7.9949
ROI_049/patch_36,nearest,16–32,1,430,0.000,1.000,5.3271,6.3986
ROI_049/patch_36,nearest,32–64,1,1468,0.000,1.000,5.6058,6.6594
ROI_049/patch_36,nearest,64–128,1,2193,0.000,1.000,6.6844,7.5873
ROI_049/patch_36,nearest,≥128,1,865,0.000,1.000,10.8348,11.7723
ROI_049/patch_36,own,0–16,1,148,0.000,1.000,6.4787,7.9033
ROI_049/patch_36,own,16–32,1,430,0.000,1.000,4.9862,6.0531
ROI_049/patch_36,own,32–64,1,1666,0.000,1.000,5.3827,6.4014
ROI_049/patch_36,own,64–128,1,5996,0.000,1.000,6.3277,7.4043
ROI_049/patch_36,own,≥128,1,32592,0.000,1.000,6.2696,7.3302
ROI_049/patch_37,nearest,0–16,1,119,0.000,1.000,2.3308,3.8742
ROI_049/patch_37,nearest,16–32,1,371,0.000,1.000,2.7811,4.2647
ROI_049/patch_37,nearest,32–64,1,1211,0.000,1.000,3.3706,5.0064
ROI_049/patch_37,nearest,64–128,1,2389,0.000,1.000,5.0966,6.7778
ROI_049/patch_37,nearest,≥128,1,830,0.000,1.000,6.8886,8.7001
ROI_049/patch_37,own,0–16,1,119,0.000,1.000,2.3304,3.8738
ROI_049/patch_37,own,16–32,1,371,0.000,1.000,2.7589,4.2459
ROI_049/patch_37,own,32–64,1,1416,0.000,1.000,3.6917,5.3047
ROI_049/patch_37,own,64–128,1,5036,0.000,1.000,5.0320,6.7267
ROI_049/patch_37,own,≥128,1,32418,0.000,1.000,4.5183,6.0739
ROI_049/patch_38,nearest,0–16,1,144,0.000,1.000,27.9505,28.6376
ROI_049/patch_38,nearest,16–32,1,361,0.000,1.000,26.5737,27.2381
ROI_049/patch_38,nearest,32–64,1,1265,0.000,1.000,25.8218,26.6255
ROI_049/patch_38,nearest,64–128,1,2465,0.000,1.000,23.3222,24.1677
ROI_049/patch_38,nearest,≥128,1,422,0.000,1.000,25.5886,26.4154
ROI_049/patch_38,own,0–16,1,144,0.000,1.000,27.8189,28.5094
ROI_049/patch_38,own,16–32,1,361,0.000,1.000,26.3105,26.9836
ROI_049/patch_38,own,32–64,1,1273,0.000,1.000,26.2380,27.0138
ROI_049/patch_38,own,64–128,1,4172,0.000,1.000,24.9231,25.8196
ROI_049/patch_38,own,≥128,1,31306,0.000,1.000,25.7773,26.6233
ROI_049/patch_39,nearest,0–16,1,118,0.000,1.000,7.3835,9.2720
ROI_049/patch_39,nearest,16–32,1,364,0.000,1.000,6.0111,7.9751
ROI_049/patch_39,nearest,32–64,1,1178,0.000,1.000,8.2545,10.2208
ROI_049/patch_39,nearest,64–128,1,2148,0.000,1.000,7.5529,9.7651
ROI_049/patch_39,nearest,≥128,1,1280,0.000,1.000,13.4747,15.3537
ROI_049/patch_39,own,0–16,1,118,0.000,1.000,6.9586,8.8466
ROI_049/patch_39,own,16–32,1,364,0.000,1.000,7.2936,9.2299
ROI_049/patch_39,own,32–64,1,1349,0.000,1.000,8.1835,10.0671
ROI_049/patch_39,own,64–128,1,4605,0.000,1.000,8.5786,10.5741
ROI_049/patch_39,own,≥128,1,34268,0.000,1.000,10.0087,11.8670
ROI_049/patch_41,nearest,0–16,1,130,0.000,1.000,2.2141,14.7436
ROI_049/patch_41,nearest,16–32,1,367,0.000,1.000,2.7801,15.9757
ROI_049/patch_41,nearest,32–64,1,1241,0.000,1.000,3.7826,18.6738
ROI_049/patch_41,nearest,64–128,1,2217,0.000,1.000,3.7794,18.8727
ROI_049/patch_41,nearest,≥128,1,336,0.000,1.000,5.7425,19.1326
ROI_049/patch_41,own,0–16,1,130,0.000,1.000,2.3613,14.9847
ROI_049/patch_41,own,16–32,1,367,0.000,1.000,2.4840,15.7473
ROI_049/patch_41,own,32–64,1,1253,0.000,1.000,3.5920,18.4142
ROI_049/patch_41,own,64–128,1,4355,0.000,1.000,3.8117,18.6063
ROI_049/patch_41,own,≥128,1,28223,0.000,1.000,3.3857,17.8329
ROI_049/patch_42,nearest,0–16,1,149,0.000,1.000,2.6037,5.1324
ROI_049/patch_42,nearest,16–32,1,414,0.000,1.000,2.2606,4.6973
ROI_049/patch_42,nearest,32–64,1,1144,0.000,1.000,2.5601,5.1850
ROI_049/patch_42,nearest,64–128,1,2241,0.000,1.000,4.9328,7.5896
ROI_049/patch_42,nearest,≥128,1,988,0.000,1.000,4.4511,7.0507
ROI_049/patch_42,own,0–16,1,149,0.000,1.000,2.6308,5.1464
ROI_049/patch_42,own,16–32,1,428,0.000,1.000,2.3048,4.6912
ROI_049/patch_42,own,32–64,1,1476,0.000,1.000,2.4224,5.0271
ROI_049/patch_42,own,64–128,1,4559,0.000,1.000,4.1155,6.7398
ROI_049/patch_42,own,≥128,1,32876,0.000,1.000,3.8841,6.5589
ROI_049/patch_43,nearest,0–16,1,152,0.000,1.000,1.0285,4.3804
ROI_049/patch_43,nearest,16–32,1,447,0.000,1.000,1.1521,4.3219
ROI_049/patch_43,nearest,32–64,1,1518,0.000,1.000,1.3693,4.1145
ROI_049/patch_43,nearest,64–128,1,2197,0.000,1.000,2.0441,4.6549
ROI_049/patch_43,nearest,≥128,1,334,0.000,1.000,1.9142,4.5222
ROI_049/patch_43,own,0–16,1,152,0.000,1.000,0.9973,4.3381
ROI_049/patch_43,own,16–32,1,447,0.000,1.000,1.0227,4.2159
ROI_049/patch_43,own,32–64,1,1612,0.000,1.000,1.3568,4.2051
ROI_049/patch_43,own,64–128,1,5376,0.000,1.000,1.5294,4.1941
ROI_049/patch_43,own,≥128,1,29597,0.000,1.000,1.5794,4.3393
ROI_049/patch_44,nearest,0–16,1,115,0.000,1.000,3.1003,4.7882
ROI_049/patch_44,nearest,16–32,1,329,0.000,1.000,3.1325,4.8955
ROI_049/patch_44,nearest,32–64,1,972,0.000,1.000,3.8971,5.6692
ROI_049/patch_44,nearest,64–128,1,2377,0.000,1.000,18.6487,20.5947
ROI_049/patch_44,nearest,≥128,1,821,0.000,1.000,31.8958,34.0262
ROI_049/patch_44,own,0–16,1,115,0.000,1.000,3.1001,4.7922
ROI_049/patch_44,own,16–32,1,329,0.000,1.000,3.1573,4.9424
ROI_049/patch_44,own,32–64,1,1189,0.000,1.000,3.6456,5.4220
ROI_049/patch_44,own,64–128,1,4283,0.000,1.000,10.4377,12.3342
ROI_049/patch_44,own,≥128,1,30996,0.000,1.000,9.3284,11.2030
ROI_049/patch_46,nearest,0–16,1,138,0.000,1.000,3.8649,7.6756
ROI_049/patch_46,nearest,16–32,1,397,0.000,1.000,4.8043,8.8775
ROI_049/patch_46,nearest,32–64,1,1137,0.000,1.000,4.7224,9.2887
ROI_049/patch_46,nearest,64–128,1,2555,0.000,1.000,4.1473,8.8695
ROI_049/patch_46,nearest,≥128,1,529,0.000,1.000,6.0296,10.7560
ROI_049/patch_46,own,0–16,1,138,0.000,1.000,3.8524,7.6171
ROI_049/patch_46,own,16–32,1,397,0.000,1.000,5.1666,9.3287
ROI_049/patch_46,own,32–64,1,1265,0.000,1.000,4.1631,8.8920
ROI_049/patch_46,own,64–128,1,4661,0.000,1.000,4.1903,8.9066
ROI_049/patch_46,own,≥128,1,31587,0.000,1.000,4.9256,9.6297
ROI_049/patch_47,nearest,0–16,1,135,0.000,1.000,1.4508,2.4692
ROI_049/patch_47,nearest,16–32,1,390,0.000,1.000,1.9293,2.8975
ROI_049/patch_47,nearest,32–64,1,1322,0.000,1.000,1.3184,2.2202
ROI_049/patch_47,nearest,64–128,1,2795,0.000,1.000,1.9760,2.8950
ROI_049/patch_47,nearest,≥128,1,683,0.000,1.000,8.3915,9.5595
ROI_049/patch_47,own,0–16,1,135,0.000,1.000,1.4355,2.4721
ROI_049/patch_47,own,16–32,1,390,0.000,1.000,1.9276,2.8821
ROI_049/patch_47,own,32–64,1,1419,0.000,1.000,1.3486,2.2096
ROI_049/patch_47,own,64–128,1,5055,0.000,1.000,2.0489,3.0330
ROI_049/patch_47,own,≥128,1,35601,0.000,1.000,2.0228,2.9749
ROI_049/patch_48,nearest,0–16,1,137,0.000,1.000,7.1387,8.4088
ROI_049/patch_48,nearest,16–32,1,402,0.000,1.000,8.1019,9.1792
ROI_049/patch_48,nearest,32–64,1,1234,0.000,1.000,7.6929,8.5880
ROI_049/patch_48,nearest,64–128,1,2226,0.000,1.000,11.6769,12.5376
ROI_049/patch_48,nearest,≥128,1,663,0.000,1.000,6.0024,6.8114
ROI_049/patch_48,own,0–16,1,137,0.000,1.000,6.9914,8.2667
ROI_049/patch_48,own,16–32,1,402,0.000,1.000,8.4573,9.4965
ROI_049/patch_48,own,32–64,1,1322,0.000,1.000,7.8650,8.7539
ROI_049/patch_48,own,64–128,1,4400,0.000,1.000,10.2482,11.1579
ROI_049/patch_48,own,≥128,1,31035,0.000,1.000,9.0233,9.9105
ROI_049/patch_49,nearest,0–16,1,124,0.000,1.000,8.8395,10.9695
ROI_049/patch_49,nearest,16–32,1,367,0.000,1.000,8.5736,10.7268
ROI_049/patch_49,nearest,32–64,1,1173,0.000,1.000,10.8643,13.3768
ROI_049/patch_49,nearest,64–128,1,1916,0.000,1.000,11.4376,13.9146
ROI_049/patch_49,nearest,≥128,1,1105,0.000,1.000,5.8921,8.0652
ROI_049/patch_49,own,0–16,1,124,0.000,1.000,8.8883,11.0747
ROI_049/patch_49,own,16–32,1,367,0.000,1.000,8.4541,10.6535
ROI_049/patch_49,own,32–64,1,1270,0.000,1.000,11.7826,14.1962
ROI_049/patch_49,own,64–128,1,4087,0.000,1.000,11.9888,14.4347
ROI_049/patch_49,own,≥128,1,31632,0.000,1.000,7.8880,10.0840
ROI_049/patch_50,nearest,0–16,1,149,0.000,1.000,5.4930,7.2651
ROI_049/patch_50,nearest,16–32,1,432,0.000,1.000,4.8740,6.8400
ROI_049/patch_50,nearest,32–64,1,1223,0.000,1.000,4.1439,6.5558
ROI_049/patch_50,nearest,64–128,1,2071,0.000,1.000,4.6793,7.4914
ROI_049/patch_50,nearest,≥128,1,724,0.000,1.000,7.4600,10.7344
ROI_049/patch_50,own,0–16,1,149,0.000,1.000,5.5178,7.2842
ROI_049/patch_50,own,16–32,1,436,0.000,1.000,4.8914,6.8221
ROI_049/patch_50,own,32–64,1,1486,0.000,1.000,4.3293,6.7496
ROI_049/patch_50,own,64–128,1,4588,0.000,1.000,3.8846,6.5038
ROI_049/patch_50,own,≥128,1,30133,0.000,1.000,3.8621,6.3587
ROI_049/patch_51,nearest,0–16,1,135,0.000,1.000,7.8652,11.3228
ROI_049/patch_51,nearest,16–32,1,391,0.000,1.000,6.9287,10.3490
ROI_049/patch_51,nearest,32–64,1,1303,0.000,1.000,7.3187,10.7909
ROI_049/patch_51,nearest,64–128,1,2596,0.000,1.000,8.6128,12.2363
ROI_049/patch_51,nearest,≥128,1,495,0.000,1.000,11.5077,15.1669
ROI_049/patch_51,own,0–16,1,135,0.000,1.000,7.6316,11.0770
ROI_049/patch_51,own,16–32,1,391,0.000,1.000,6.8369,10.2551
ROI_049/patch_51,own,32–64,1,1399,0.000,1.000,6.7676,10.2354
ROI_049/patch_51,own,64–128,1,4836,0.000,1.000,7.9711,11.5924
ROI_049/patch_51,own,≥128,1,32599,0.000,1.000,8.7447,12.3561
ROI_049/patch_53,nearest,0–16,1,147,0.000,1.000,4.8074,5.2585
ROI_049/patch_53,nearest,16–32,1,458,0.000,1.000,4.9671,5.4061
ROI_049/patch_53,nearest,32–64,1,1470,0.000,1.000,4.7255,5.4623
ROI_049/patch_53,nearest,64–128,1,2461,0.000,1.000,4.4501,5.2003
ROI_049/patch_53,nearest,≥128,1,432,0.000,1.000,5.7554,6.2791
ROI_049/patch_53,own,0–16,1,147,0.000,1.000,4.7509,5.2172
ROI_049/patch_53,own,16–32,1,458,0.000,1.000,4.8096,5.2909
ROI_049/patch_53,own,32–64,1,1573,0.000,1.000,4.7821,5.5132
ROI_049/patch_53,own,64–128,1,5182,0.000,1.000,4.0228,4.7762
ROI_049/patch_53,own,≥128,1,32384,0.000,1.000,5.0615,5.7130
ROI_049/patch_54,nearest,0–16,1,140,0.000,1.000,1.9501,3.8557
ROI_049/patch_54,nearest,16–32,1,417,0.000,1.000,2.0673,3.8393
ROI_049/patch_54,nearest,32–64,1,1238,0.000,1.000,3.2412,4.9221
ROI_049/patch_54,nearest,64–128,1,1715,0.000,1.000,3.3894,4.6774
ROI_049/patch_54,nearest,≥128,1,801,0.000,1.000,12.1061,13.3961
ROI_049/patch_54,own,0–16,1,140,0.000,1.000,2.0240,3.9269
ROI_049/patch_54,own,16–32,1,417,0.000,1.000,2.1266,3.8948
ROI_049/patch_54,own,32–64,1,1417,0.000,1.000,4.1812,5.9286
ROI_049/patch_54,own,64–128,1,4724,0.000,1.000,3.5755,5.0558
ROI_049/patch_54,own,≥128,1,27790,0.000,1.000,2.4562,3.9650
ROI_049/patch_56,nearest,0–16,1,141,0.000,1.000,2.5490,3.8301
ROI_049/patch_56,nearest,16–32,1,413,0.000,1.000,2.7403,4.0413
ROI_049/patch_56,nearest,32–64,1,1104,0.000,1.000,2.8690,4.1984
ROI_049/patch_56,nearest,64–128,1,1923,0.000,1.000,3.1992,4.6040
ROI_049/patch_56,nearest,≥128,1,840,0.000,1.000,5.9988,7.4201
ROI_049/patch_56,own,0–16,1,141,0.000,1.000,2.6398,3.9068
ROI_049/patch_56,own,16–32,1,413,0.000,1.000,2.8063,4.1252
ROI_049/patch_56,own,32–64,1,1356,0.000,1.000,2.8594,4.2237
ROI_049/patch_56,own,64–128,1,4786,0.000,1.000,3.2927,4.6429
ROI_049/patch_56,own,≥128,1,28672,0.000,1.000,3.0396,4.4239
ROI_049/patch_57,nearest,0–16,1,136,0.000,1.000,7.9281,8.3667
ROI_049/patch_57,nearest,16–32,1,389,0.000,1.000,9.5700,10.0575
ROI_049/patch_57,nearest,32–64,1,1401,0.000,1.000,9.0930,9.6336
ROI_049/patch_57,nearest,64–128,1,2546,0.000,1.000,7.1782,7.6775
ROI_049/patch_57,nearest,≥128,1,388,0.000,1.000,7.1898,7.8178
ROI_049/patch_57,own,0–16,1,136,0.000,1.000,7.9435,8.3760
ROI_049/patch_57,own,16–32,1,389,0.000,1.000,9.5764,10.0766
ROI_049/patch_57,own,32–64,1,1401,0.000,1.000,8.5963,9.1491
ROI_049/patch_57,own,64–128,1,4529,0.000,1.000,7.6705,8.2198
ROI_049/patch_57,own,≥128,1,32425,0.000,1.000,7.6393,8.1908
ROI_049/patch_59,nearest,0–16,1,131,0.000,1.000,6.0106,7.3774
ROI_049/patch_59,nearest,16–32,1,359,0.000,1.000,5.4890,6.9138
ROI_049/patch_59,nearest,32–64,1,1212,0.000,1.000,6.4395,7.7441
ROI_049/patch_59,nearest,64–128,1,2443,0.000,1.000,6.7183,8.0667
ROI_049/patch_59,nearest,≥128,1,1029,0.000,1.000,5.4567,6.9245
ROI_049/patch_59,own,0–16,1,131,0.000,1.000,5.9872,7.3464
ROI_049/patch_59,own,16–32,1,361,0.000,1.000,5.5961,6.9979
ROI_049/patch_59,own,32–64,1,1329,0.000,1.000,5.7617,7.0887
ROI_049/patch_59,own,64–128,1,4836,0.000,1.000,6.1615,7.5496
ROI_049/patch_59,own,≥128,1,34735,0.000,1.000,6.3468,7.7671
ROI_049/patch_60,nearest,0–16,1,137,0.000,1.000,2.0949,4.0442
ROI_049/patch_60,nearest,16–32,1,362,0.000,1.000,2.6035,4.7577
ROI_049/patch_60,nearest,32–64,1,1154,0.000,1.000,4.3976,6.8520
ROI_049/patch_60,nearest,64–128,1,2566,0.000,1.000,5.5103,8.0180
ROI_049/patch_60,nearest,≥128,1,548,0.000,1.000,12.4078,15.4764
ROI_049/patch_60,own,0–16,1,137,0.000,1.000,2.2084,4.1567
ROI_049/patch_60,own,16–32,1,365,0.000,1.000,2.4614,4.5913
ROI_049/patch_60,own,32–64,1,1286,0.000,1.000,3.8201,6.3926
ROI_049/patch_60,own,64–128,1,4753,0.000,1.000,6.0550,8.8740
ROI_049/patch_60,own,≥128,1,31595,0.000,1.000,6.0193,8.4484
ROI_049/patch_61,nearest,0–16,1,144,0.000,1.000,3.2267,4.2307
ROI_049/patch_61,nearest,16–32,1,418,0.000,1.000,3.1001,4.0997
ROI_049/patch_61,nearest,32–64,1,1354,0.000,1.000,4.4237,5.4643
ROI_049/patch_61,nearest,64–128,1,2369,0.000,1.000,4.3920,5.4417
ROI_049/patch_61,nearest,≥128,1,573,0.000,1.000,5.7798,6.6129
ROI_049/patch_61,own,0–16,1,144,0.000,1.000,3.1930,4.2064
ROI_049/patch_61,own,16–32,1,418,0.000,1.000,2.9646,3.9624
ROI_049/patch_61,own,32–64,1,1444,0.000,1.000,4.5093,5.5259
ROI_049/patch_61,own,64–128,1,4686,0.000,1.000,4.8525,5.8399
ROI_049/patch_61,own,≥128,1,32172,0.000,1.000,4.7956,5.7975
ROI_049/patch_63,nearest,0–16,1,152,0.000,1.000,4.0166,5.6080
ROI_049/patch_63,nearest,16–32,1,448,0.000,1.000,3.7897,5.5124
ROI_049/patch_63,nearest,32–64,1,1229,0.000,1.000,4.7563,6.5503
ROI_049/patch_63,nearest,64–128,1,2642,0.000,1.000,5.3870,7.1035
ROI_049/patch_63,nearest,≥128,1,354,0.000,1.000,7.6788,9.3417
ROI_049/patch_63,own,0–16,1,152,0.000,1.000,3.9994,5.5796
ROI_049/patch_63,own,16–32,1,451,0.000,1.000,3.8087,5.5036
ROI_049/patch_63,own,32–64,1,1456,0.000,1.000,4.4693,6.2840
ROI_049/patch_63,own,64–128,1,4680,0.000,1.000,5.4607,7.1492
ROI_049/patch_63,own,≥128,1,31861,0.000,1.000,4.7822,6.4787
ROI_049/patch_64,nearest,0–16,1,151,0.000,1.000,5.0698,6.6876
ROI_049/patch_64,nearest,16–32,1,422,0.000,1.000,3.2559,4.9221
ROI_049/patch_64,nearest,32–64,1,1336,0.000,1.000,3.4922,5.1052
ROI_049/patch_64,nearest,64–128,1,2595,0.000,1.000,3.4230,4.9539
ROI_049/patch_64,nearest,≥128,1,558,0.000,1.000,2.9814,5.0964
ROI_049/patch_64,own,0–16,1,151,0.000,1.000,5.1907,6.8131
ROI_049/patch_64,own,16–32,1,422,0.000,1.000,3.2320,4.9257
ROI_049/patch_64,own,32–64,1,1465,0.000,1.000,3.1876,4.8151
ROI_049/patch_64,own,64–128,1,4830,0.000,1.000,3.9712,5.5476
ROI_049/patch_64,own,≥128,1,33628,0.000,1.000,3.1845,4.8140
ROI_049/patch_65,nearest,0–16,1,107,0.000,1.000,9.0318,11.4803
ROI_049/patch_65,nearest,16–32,1,261,0.000,1.000,112.0109,114.3392
ROI_049/patch_65,nearest,32–64,1,778,0.000,1.000,161.6453,163.6818
ROI_049/patch_65,nearest,64–128,1,1052,0.000,1.000,171.2946,173.3042
ROI_049/patch_65,nearest,≥128,1,254,0.000,1.000,378.3082,380.3657
ROI_049/patch_65,own,0–16,1,107,0.000,1.000,9.5395,11.9806
ROI_049/patch_65,own,16–32,1,261,0.000,1.000,111.5025,113.8110
ROI_049/patch_65,own,32–64,1,910,0.000,1.000,171.4123,173.4703
ROI_049/patch_65,own,64–128,1,3103,0.000,1.000,136.0713,138.1323
ROI_049/patch_65,own,≥128,1,15235,0.000,1.000,140.0584,142.0392
ROI_049/patch_66,nearest,0–16,1,128,0.000,1.000,4.6585,6.2970
ROI_049/patch_66,nearest,16–32,1,391,0.000,1.000,5.3072,7.0887
ROI_049/patch_66,nearest,32–64,1,1448,0.000,1.000,7.0453,8.9066
ROI_049/patch_66,nearest,64–128,1,2709,0.000,1.000,7.3046,9.0781
ROI_049/patch_66,nearest,≥128,1,547,0.000,1.000,5.5014,7.4740
ROI_049/patch_66,own,0–16,1,128,0.000,1.000,4.6593,6.2933
ROI_049/patch_66,own,16–32,1,391,0.000,1.000,5.3657,7.0886
ROI_049/patch_66,own,32–64,1,1490,0.000,1.000,6.9661,8.8486
ROI_049/patch_66,own,64–128,1,5421,0.000,1.000,7.6653,9.4654
ROI_049/patch_66,own,≥128,1,34354,0.000,1.000,6.8353,8.6411
ROI_049/patch_67,nearest,0–16,1,132,0.000,1.000,23.1182,25.1172
ROI_049/patch_67,nearest,16–32,1,371,0.000,1.000,23.9544,26.0326
ROI_049/patch_67,nearest,32–64,1,969,0.000,1.000,25.6806,27.9185
ROI_049/patch_67,nearest,64–128,1,1513,0.000,1.000,28.1115,30.4913
ROI_049/patch_67,nearest,≥128,1,482,0.000,1.000,165.9529,168.8896
ROI_049/patch_67,own,0–16,1,132,0.000,1.000,23.3013,25.2940
ROI_049/patch_67,own,16–32,1,371,0.000,1.000,23.8265,25.9106
ROI_049/patch_67,own,32–64,1,1043,0.000,1.000,26.9105,29.1498
ROI_049/patch_67,own,64–128,1,3204,0.000,1.000,29.7060,32.0031
ROI_049/patch_67,own,≥128,1,22986,0.000,1.000,50.7453,53.0043
ROI_049/patch_69,nearest,0–16,1,120,0.000,1.000,7.8056,9.5729
ROI_049/patch_69,nearest,16–32,1,324,0.000,1.000,8.1682,9.9187
ROI_049/patch_69,nearest,32–64,1,1002,0.000,1.000,8.3135,10.0098
ROI_049/patch_69,nearest,64–128,1,1883,0.000,1.000,8.3961,10.0765
ROI_049/patch_69,nearest,≥128,1,821,0.000,1.000,9.2557,11.3066
ROI_049/patch_69,own,0–16,1,120,0.000,1.000,7.8569,9.6302
ROI_049/patch_69,own,16–32,1,324,0.000,1.000,8.1472,9.9025
ROI_049/patch_69,own,32–64,1,1138,0.000,1.000,8.4061,10.1256
ROI_049/patch_69,own,64–128,1,3874,0.000,1.000,9.1606,10.8641
ROI_049/patch_69,own,≥128,1,27744,0.000,1.000,9.3487,11.0586
ROI_049/patch_71,nearest,0–16,1,156,0.000,1.000,4.5915,5.5926
ROI_049/patch_71,nearest,16–32,1,416,0.000,1.000,4.7408,5.7454
ROI_049/patch_71,nearest,32–64,1,1356,0.000,1.000,7.1378,8.2658
ROI_049/patch_71,nearest,64–128,1,2375,0.000,1.000,14.7387,16.0812
ROI_049/patch_71,nearest,≥128,1,763,0.000,1.000,46.3866,48.2108
ROI_049/patch_71,own,0–16,1,156,0.000,1.000,4.5712,5.5827
ROI_049/patch_71,own,16–32,1,416,0.000,1.000,4.7453,5.7352
ROI_049/patch_71,own,32–64,1,1445,0.000,1.000,7.8371,8.9347
ROI_049/patch_71,own,64–128,1,4686,0.000,1.000,10.3076,11.5305
ROI_049/patch_71,own,≥128,1,33825,0.000,1.000,14.7823,16.0577
ROI_049/patch_72,nearest,0–16,1,140,0.000,1.000,10.4304,12.2939
ROI_049/patch_72,nearest,16–32,1,437,0.000,1.000,10.4006,12.4896
ROI_049/patch_72,nearest,32–64,1,1485,0.000,1.000,11.1580,13.1446
ROI_049/patch_72,nearest,64–128,1,2028,0.000,1.000,16.8735,18.5456
ROI_049/patch_72,nearest,≥128,1,682,0.000,1.000,41.9935,43.8085
ROI_049/patch_72,own,0–16,1,140,0.000,1.000,10.3519,12.2392
ROI_049/patch_72,own,16–32,1,437,0.000,1.000,10.4476,12.5530
ROI_049/patch_72,own,32–64,1,1519,0.000,1.000,11.9260,14.0092
ROI_049/patch_72,own,64–128,1,5407,0.000,1.000,12.3837,14.0646
ROI_049/patch_72,own,≥128,1,30673,0.000,1.000,16.3300,18.2444
ROI_049/patch_73,nearest,0–16,1,131,0.000,1.000,13.1190,13.9774
ROI_049/patch_73,nearest,16–32,1,420,0.000,1.000,12.6174,13.4923
ROI_049/patch_73,nearest,32–64,1,1289,0.000,1.000,18.3094,19.2286
ROI_049/patch_73,nearest,64–128,1,1786,0.000,1.000,33.9354,34.8970
ROI_049/patch_73,nearest,≥128,1,256,0.000,1.000,51.3789,52.3517
ROI_049/patch_73,own,0–16,1,131,0.000,1.000,12.9180,13.7816
ROI_049/patch_73,own,16–32,1,420,0.000,1.000,13.3701,14.2406
ROI_049/patch_73,own,32–64,1,1352,0.000,1.000,17.0519,17.9906
ROI_049/patch_73,own,64–128,1,4069,0.000,1.000,21.0738,22.0127
ROI_049/patch_73,own,≥128,1,25084,0.000,1.000,23.0236,23.9280
ROI_049/patch_74,nearest,0–16,1,128,0.000,1.000,52.3604,56.7624
ROI_049/patch_74,nearest,16–32,1,336,0.000,1.000,60.7012,65.0435
ROI_049/patch_74,nearest,32–64,1,838,0.000,1.000,79.0322,83.3519
ROI_049/patch_74,nearest,64–128,1,1597,0.000,1.000,51.1108,55.4905
ROI_049/patch_74,nearest,≥128,1,854,0.000,1.000,38.1448,42.5764
ROI_049/patch_74,own,0–16,1,128,0.000,1.000,52.0736,56.4813
ROI_049/patch_74,own,16–32,1,354,0.000,1.000,59.6287,63.9701
ROI_049/patch_74,own,32–64,1,1108,0.000,1.000,71.0150,75.2726
ROI_049/patch_74,own,64–128,1,3558,0.000,1.000,62.3035,66.7315
ROI_049/patch_74,own,≥128,1,24876,0.000,1.000,72.1986,76.5604
ROI_049/patch_75,nearest,0–16,1,140,0.000,1.000,28.1825,28.6568
ROI_049/patch_75,nearest,16–32,1,389,0.000,1.000,27.8092,28.2640
ROI_049/patch_75,nearest,32–64,1,984,0.000,1.000,38.3745,38.7415
ROI_049/patch_75,nearest,64–128,1,1818,0.000,1.000,56.9706,57.4655
ROI_049/patch_75,nearest,≥128,1,873,0.000,1.000,60.7666,61.0692
ROI_049/patch_75,own,0–16,1,140,0.000,1.000,27.9844,28.4697
ROI_049/patch_75,own,16–32,1,401,0.000,1.000,27.7182,28.1717
ROI_049/patch_75,own,32–64,1,1250,0.000,1.000,33.5908,33.9814
ROI_049/patch_75,own,64–128,1,3689,0.000,1.000,44.6217,45.0721
ROI_049/patch_75,own,≥128,1,28152,0.000,1.000,41.2407,41.6270
ROI_049/patch_77,nearest,0–16,1,128,0.000,1.000,10.4147,11.7064
ROI_049/patch_77,nearest,16–32,1,408,0.000,1.000,10.4090,11.6010
ROI_049/patch_77,nearest,32–64,1,1297,0.000,1.000,14.8030,16.1223
ROI_049/patch_77,nearest,64–128,1,2241,0.000,1.000,22.4304,23.4397
ROI_049/patch_77,nearest,≥128,1,389,0.000,1.000,90.2477,90.8519
ROI_049/patch_77,own,0–16,1,128,0.000,1.000,10.1584,11.4427
ROI_049/patch_77,own,16–32,1,413,0.000,1.000,10.6444,11.8567
ROI_049/patch_77,own,32–64,1,1452,0.000,1.000,12.9320,14.2023
ROI_049/patch_77,own,64–128,1,4817,0.000,1.000,17.4533,18.5511
ROI_049/patch_77,own,≥128,1,28894,0.000,1.000,27.4273,28.5757
ROI_049/patch_80,nearest,0–16,1,130,0.000,1.000,21.6374,21.9117
ROI_049/patch_80,nearest,16–32,1,365,0.000,1.000,22.1008,22.3774
ROI_049/patch_80,nearest,32–64,1,977,0.000,1.000,24.0677,24.4392
ROI_049/patch_80,nearest,64–128,1,1982,0.000,1.000,49.1108,49.4896
ROI_049/patch_80,nearest,≥128,1,387,0.000,1.000,105.2737,105.6976
ROI_049/patch_80,own,0–16,1,130,0.000,1.000,21.8962,22.1693
ROI_049/patch_80,own,16–32,1,365,0.000,1.000,21.5961,21.8698
ROI_049/patch_80,own,32–64,1,1091,0.000,1.000,27.3875,27.7651
ROI_049/patch_80,own,64–128,1,3886,0.000,1.000,34.5831,34.9385
ROI_049/patch_80,own,≥128,1,29097,0.000,1.000,52.3051,52.6523
ROI_049/patch_82,nearest,0–16,1,145,0.000,1.000,10.7129,11.8532
ROI_049/patch_82,nearest,16–32,1,433,0.000,1.000,10.3193,11.3146
ROI_049/patch_82,nearest,32–64,1,1436,0.000,1.000,10.7037,11.6301
ROI_049/patch_82,nearest,64–128,1,2140,0.000,1.000,11.9355,12.8840
ROI_049/patch_82,nearest,≥128,1,522,0.000,1.000,12.5912,14.1379
ROI_049/patch_82,own,0–16,1,145,0.000,1.000,10.7055,11.8755
ROI_049/patch_82,own,16–32,1,433,0.000,1.000,10.3245,11.3427
ROI_049/patch_82,own,32–64,1,1444,0.000,1.000,10.6838,11.5834
ROI_049/patch_82,own,64–128,1,5045,0.000,1.000,11.6831,12.6250
ROI_049/patch_82,own,≥128,1,30341,0.000,1.000,11.0603,11.9030
ROI_049/patch_83,nearest,0–16,1,146,0.000,1.000,5.9345,7.4782
ROI_049/patch_83,nearest,16–32,1,395,0.000,1.000,6.8051,8.3816
ROI_049/patch_83,nearest,32–64,1,1073,0.000,1.000,12.9221,14.7816
ROI_049/patch_83,nearest,64–128,1,1264,0.000,1.000,23.0572,25.6598
ROI_049/patch_83,nearest,≥128,1,97,0.000,1.000,110.9300,113.6669
ROI_049/patch_83,own,0–16,1,146,0.000,1.000,5.9982,7.5457
ROI_049/patch_83,own,16–32,1,395,0.000,1.000,6.8905,8.4573
ROI_049/patch_83,own,32–64,1,1201,0.000,1.000,11.3902,13.2566
ROI_049/patch_83,own,64–128,1,4237,0.000,1.000,14.5036,16.5296
ROI_049/patch_83,own,≥128,1,17821,0.000,1.000,18.3094,20.4622
ROI_049/patch_84,nearest,0–16,1,137,0.000,1.000,10.7270,11.5851
ROI_049/patch_84,nearest,16–32,1,384,0.000,1.000,10.2440,11.1019
ROI_049/patch_84,nearest,32–64,1,1266,0.000,1.000,8.2879,9.1615
ROI_049/patch_84,nearest,64–128,1,2341,0.000,1.000,8.8796,9.5578
ROI_049/patch_84,nearest,≥128,1,944,0.000,1.000,12.0848,12.7098
ROI_049/patch_84,own,0–16,1,137,0.000,1.000,10.2354,11.0962
ROI_049/patch_84,own,16–32,1,384,0.000,1.000,10.5483,11.4019
ROI_049/patch_84,own,32–64,1,1394,0.000,1.000,8.5557,9.4153
ROI_049/patch_84,own,64–128,1,5278,0.000,1.000,8.0641,8.7810
ROI_049/patch_84,own,≥128,1,33383,0.000,1.000,9.6834,10.3634
ROI_049/patch_85,nearest,0–16,1,145,0.000,1.000,5.8278,6.7614
ROI_049/patch_85,nearest,16–32,1,386,0.000,1.000,5.9469,6.8830
ROI_049/patch_85,nearest,32–64,1,1154,0.000,1.000,7.2136,8.1707
ROI_049/patch_85,nearest,64–128,1,2117,0.000,1.000,17.3494,18.4439
ROI_049/patch_85,nearest,≥128,1,609,0.000,1.000,10.7679,11.7731
ROI_049/patch_85,own,0–16,1,145,0.000,1.000,5.8631,6.7997
ROI_049/patch_85,own,16–32,1,386,0.000,1.000,5.9826,6.9111
ROI_049/patch_85,own,32–64,1,1205,0.000,1.000,8.9325,9.9123
ROI_049/patch_85,own,64–128,1,4141,0.000,1.000,10.4845,11.5339
ROI_049/patch_85,own,≥128,1,29411,0.000,1.000,10.8892,11.8601
ROI_049/patch_86,nearest,0–16,1,141,0.000,1.000,0.9410,2.1372
ROI_049/patch_86,nearest,16–32,1,405,0.000,1.000,1.1876,2.3687
ROI_049/patch_86,nearest,32–64,1,1406,0.000,1.000,3.5757,4.9918
ROI_049/patch_86,nearest,64–128,1,2574,0.000,1.000,1.1587,2.7429
ROI_049/patch_86,nearest,≥128,1,406,0.000,1.000,3.2796,5.1213
ROI_049/patch_86,own,0–16,1,141,0.000,1.000,0.9806,2.1892
ROI_049/patch_86,own,16–32,1,405,0.000,1.000,1.0723,2.2549
ROI_049/patch_86,own,32–64,1,1463,0.000,1.000,3.1629,4.6165
ROI_049/patch_86,own,64–128,1,4639,0.000,1.000,1.1063,2.6509
ROI_049/patch_86,own,≥128,1,32808,0.000,1.000,3.1576,4.6898
ROI_049/patch_88,nearest,0–16,1,132,0.000,1.000,9.8081,12.4481
ROI_049/patch_88,nearest,16–32,1,381,0.000,1.000,8.2103,10.8591
ROI_049/patch_88,nearest,32–64,1,1346,0.000,1.000,8.5263,11.2763
ROI_049/patch_88,nearest,64–128,1,2537,0.000,1.000,9.6860,12.4358
ROI_049/patch_88,nearest,≥128,1,360,0.000,1.000,12.9894,15.7352
ROI_049/patch_88,own,0–16,1,132,0.000,1.000,9.8149,12.4599
ROI_049/patch_88,own,16–32,1,381,0.000,1.000,8.2729,10.9100
ROI_049/patch_88,own,32–64,1,1360,0.000,1.000,8.4810,11.2204
ROI_049/patch_88,own,64–128,1,4465,0.000,1.000,9.7207,12.4234
ROI_049/patch_88,own,≥128,1,31710,0.000,1.000,8.5882,11.4395
ROI_049/patch_90,nearest,0–16,1,135,0.000,1.000,23.5292,25.5732
ROI_049/patch_90,nearest,16–32,1,357,0.000,1.000,23.3321,25.2168
ROI_049/patch_90,nearest,32–64,1,1206,0.000,1.000,24.5457,26.6494
ROI_049/patch_90,nearest,64–128,1,2311,0.000,1.000,28.4252,30.8875
ROI_049/patch_90,nearest,≥128,1,360,0.000,1.000,141.9417,144.7384
ROI_049/patch_90,own,0–16,1,135,0.000,1.000,23.5271,25.6205
ROI_049/patch_90,own,16–32,1,357,0.000,1.000,23.3868,25.2780
ROI_049/patch_90,own,32–64,1,1298,0.000,1.000,23.2282,25.2810
ROI_049/patch_90,own,64–128,1,4515,0.000,1.000,25.4629,27.5651
ROI_049/patch_90,own,≥128,1,28647,0.000,1.000,28.5325,30.8279
ROI_049/patch_91,nearest,0–16,1,129,0.000,1.000,6.3550,8.3429
ROI_049/patch_91,nearest,16–32,1,394,0.000,1.000,5.8262,7.9183
ROI_049/patch_91,nearest,32–64,1,748,0.000,1.000,6.3562,8.7844
ROI_049/patch_91,nearest,64–128,1,672,0.000,1.000,13.4713,16.2890
ROI_049/patch_91,nearest,≥128,0,9,nan,nan,,
ROI_049/patch_91,own,0–16,1,129,0.000,1.000,6.3375,8.3447
ROI_049/patch_91,own,16–32,1,400,0.000,1.000,5.9954,8.0610
ROI_049/patch_91,own,32–64,1,1120,0.000,1.000,6.9624,9.3094
ROI_049/patch_91,own,64–128,1,2801,0.000,1.000,9.0943,11.4855
ROI_049/patch_91,own,≥128,1,11166,0.000,1.000,8.6667,11.0527
ROI_049/patch_93,nearest,0–16,1,145,0.000,1.000,45.3862,46.3840
ROI_049/patch_93,nearest,16–32,1,419,0.000,1.000,45.2619,46.1771
ROI_049/patch_93,nearest,32–64,1,875,0.000,1.000,46.3042,47.1875
ROI_049/patch_93,nearest,64–128,1,799,0.000,1.000,48.1211,49.0821
ROI_049/patch_93,nearest,≥128,1,262,0.600,1.000,338.2355,339.6335
ROI_049/patch_93,own,0–16,1,145,0.000,1.000,45.5130,46.5130
ROI_049/patch_93,own,16–32,1,427,0.000,1.000,45.3114,46.2178
ROI_049/patch_93,own,32–64,1,1134,0.000,1.000,46.0158,46.9015
ROI_049/patch_93,own,64–128,1,3231,0.000,1.000,48.0078,48.8988
ROI_049/patch_93,own,≥128,1,15063,0.000,1.000,62.2514,63.2902
ROI_049/patch_96,nearest,0–16,1,133,0.000,1.000,18.2341,21.3488
ROI_049/patch_96,nearest,16–32,1,403,0.000,1.000,20.1253,23.1688
ROI_049/patch_96,nearest,32–64,1,1057,0.000,1.000,40.3282,43.2803
ROI_049/patch_96,nearest,64–128,1,1130,0.000,1.000,231.4554,234.4515
ROI_049/patch_96,nearest,≥128,1,765,1.000,1.000,,
ROI_049/patch_96,own,0–16,1,133,0.000,1.000,18.0548,21.1820
ROI_049/patch_96,own,16–32,1,409,0.000,1.000,19.6508,22.6776
ROI_049/patch_96,own,32–64,1,1274,0.000,1.000,30.2975,33.2524
ROI_049/patch_96,own,64–128,1,4122,0.000,1.000,38.8954,41.7406
ROI_049/patch_96,own,≥128,1,21966,0.000,1.000,101.0569,104.1200
ROI_049/patch_98,nearest,0–16,1,127,0.000,1.000,11.4044,16.6636
ROI_049/patch_98,nearest,16–32,1,354,0.000,1.000,11.5860,16.9165
ROI_049/patch_98,nearest,32–64,1,817,0.000,1.000,15.8853,21.1311
ROI_049/patch_98,nearest,64–128,1,566,0.000,1.000,52.7007,57.9036
ROI_049/patch_98,nearest,≥128,1,249,0.600,1.000,516.1033,522.7478
ROI_049/patch_98,own,0–16,1,127,0.000,1.000,11.5600,16.8054
ROI_049/patch_98,own,16–32,1,373,0.000,1.000,11.5184,16.8693
ROI_049/patch_98,own,32–64,1,1350,0.000,1.000,16.1542,21.4563
ROI_049/patch_98,own,64–128,1,3488,0.000,1.000,28.6544,33.8937
ROI_049/patch_98,own,≥128,1,11566,0.000,1.000,60.6835,65.8714
ROI_049/patch_99,nearest,0–16,1,105,0.000,1.000,20.0339,22.5183
ROI_049/patch_99,nearest,16–32,1,291,0.000,1.000,18.8982,21.4993
ROI_049/patch_99,nearest,32–64,1,379,0.000,1.000,66.8828,69.5070
ROI_049/patch_99,nearest,64–128,1,279,0.000,1.000,264.4176,266.6403
ROI_049/patch_99,nearest,≥128,1,48,1.000,1.000,,
ROI_049/patch_99,own,0–16,1,105,0.000,1.000,19.4314,21.9056
ROI_049/patch_99,own,16–32,1,303,0.000,1.000,18.5902,21.1884
ROI_049/patch_99,own,32–64,1,667,0.000,1.000,61.4658,63.8861
ROI_049/patch_99,own,64–128,1,1516,0.000,1.000,224.8584,227.2778
ROI_049/patch_99,own,≥128,1,6225,0.000,1.000,70.8878,73.3611
ROI_049/patch_103,nearest,0–16,1,104,0.000,1.000,27.9517,29.2634
ROI_049/patch_103,nearest,16–32,1,284,0.000,1.000,29.0306,30.3813
ROI_049/patch_103,nearest,32–64,1,634,0.000,1.000,32.2812,33.6339
ROI_049/patch_103,nearest,64–128,1,553,0.000,1.000,105.1360,106.5086
ROI_049/patch_103,nearest,≥128,1,299,1.000,1.000,,
ROI_049/patch_103,own,0–16,1,104,0.000,1.000,27.4692,28.8021
ROI_049/patch_103,own,16–32,1,284,0.000,1.000,28.1316,29.4650
ROI_049/patch_103,own,32–64,1,722,0.000,1.000,32.9475,34.3284
ROI_049/patch_103,own,64–128,1,2229,0.000,1.000,48.1434,49.5137
ROI_049/patch_103,own,≥128,1,11653,0.000,1.000,86.4660,87.8024
ROI_049/patch_104,nearest,0–16,1,129,0.000,1.000,31.2664,32.5236
ROI_049/patch_104,nearest,16–32,1,306,0.000,1.000,33.2816,34.6025
ROI_049/patch_104,nearest,32–64,1,660,0.000,1.000,36.3956,37.6833
ROI_049/patch_104,nearest,64–128,1,739,0.000,1.000,52.7071,54.0170
ROI_049/patch_104,nearest,≥128,1,213,0.000,1.000,159.6621,160.9211
ROI_049/patch_104,own,0–16,1,129,0.000,1.000,31.1902,32.4485
ROI_049/patch_104,own,16–32,1,306,0.000,1.000,33.7096,35.0262
ROI_049/patch_104,own,32–64,1,736,0.000,1.000,37.6362,38.9217
ROI_049/patch_104,own,64–128,1,2263,0.000,1.000,46.1653,47.5299
ROI_049/patch_104,own,≥128,1,12942,0.000,1.000,49.4023,50.6772
ROI_049/patch_105,nearest,0–16,1,143,0.000,1.000,15.9109,18.0320
ROI_049/patch_105,nearest,16–32,1,407,0.000,1.000,16.1821,18.1214
ROI_049/patch_105,nearest,32–64,1,1093,0.000,1.000,17.1103,18.9846
ROI_049/patch_105,nearest,64–128,1,1799,0.000,1.000,25.0002,26.9000
ROI_049/patch_105,nearest,≥128,1,339,0.000,1.000,153.7967,156.2433
ROI_049/patch_105,own,0–16,1,143,0.000,1.000,15.8367,17.9582
ROI_049/patch_105,own,16–32,1,407,0.000,1.000,16.2327,18.1741
ROI_049/patch_105,own,32–64,1,1233,0.000,1.000,16.7792,18.6855
ROI_049/patch_105,own,64–128,1,3641,0.000,1.000,24.9476,26.9259
ROI_049/patch_105,own,≥128,1,24824,0.000,1.000,28.3445,30.2313
ROI_049/patch_106,nearest,0–16,1,143,0.000,1.000,87.6665,88.3558
ROI_049/patch_106,nearest,16–32,1,378,0.000,1.000,87.6117,88.3292
ROI_049/patch_106,nearest,32–64,1,942,0.000,1.000,90.6195,91.3868
ROI_049/patch_106,nearest,64–128,1,1300,0.000,1.000,111.5007,112.3845
ROI_049/patch_106,nearest,≥128,1,427,0.000,1.000,401.5334,402.5235
ROI_049/patch_106,own,0–16,1,143,0.000,1.000,87.6839,88.3711
ROI_049/patch_106,own,16–32,1,378,0.000,1.000,87.7087,88.4337
ROI_049/patch_106,own,32–64,1,1095,0.000,1.000,91.3015,92.0437
ROI_049/patch_106,own,64–128,1,3317,0.000,1.000,107.7234,108.5990
ROI_049/patch_106,own,≥128,1,20587,0.000,1.000,144.9693,145.8415
ROI_049/patch_107,nearest,0–16,1,140,0.000,1.000,5.6760,6.5752
ROI_049/patch_107,nearest,16–32,1,377,0.000,1.000,5.5360,6.4712
ROI_049/patch_107,nearest,32–64,1,1310,0.000,1.000,5.8649,6.9175
ROI_049/patch_107,nearest,64–128,1,2261,0.000,1.000,8.4111,9.4385
ROI_049/patch_107,nearest,≥128,1,500,0.000,1.000,32.6117,33.6916
ROI_049/patch_107,own,0–16,1,140,0.000,1.000,5.5914,6.4885
ROI_049/patch_107,own,16–32,1,377,0.000,1.000,5.5921,6.5419
ROI_049/patch_107,own,32–64,1,1381,0.000,1.000,5.6811,6.7180
ROI_049/patch_107,own,64–128,1,4650,0.000,1.000,8.3953,9.4526
ROI_049/patch_107,own,≥128,1,30156,0.000,1.000,10.9093,11.9629
ROI_049/patch_108,nearest,0–16,1,147,0.000,1.000,43.5253,45.0359
ROI_049/patch_108,nearest,16–32,1,410,0.000,1.000,43.6583,45.1536
ROI_049/patch_108,nearest,32–64,1,1219,0.000,1.000,44.3884,45.9114
ROI_049/patch_108,nearest,64–128,1,1577,0.000,1.000,57.1605,58.7111
ROI_049/patch_108,nearest,≥128,1,1084,0.000,1.000,168.7238,170.2171
ROI_049/patch_108,own,0–16,1,147,0.000,1.000,43.5518,45.0427
ROI_049/patch_108,own,16–32,1,410,0.000,1.000,43.7248,45.2027
ROI_049/patch_108,own,32–64,1,1332,0.000,1.000,44.6087,46.1339
ROI_049/patch_108,own,64–128,1,4074,0.000,1.000,46.1452,47.7199
ROI_049/patch_108,own,≥128,1,29533,0.000,1.000,47.9064,49.4923
ROI_049/patch_109,nearest,0–16,1,135,0.000,1.000,13.6019,14.8704
ROI_049/patch_109,nearest,16–32,1,385,0.000,1.000,13.7369,15.0486
ROI_049/patch_109,nearest,32–64,1,1204,0.000,1.000,14.1343,15.5795
ROI_049/patch_109,nearest,64–128,1,2421,0.000,1.000,14.0998,15.5703
ROI_049/patch_109,nearest,≥128,1,851,0.000,1.000,19.4182,21.2569
ROI_049/patch_109,own,0–16,1,135,0.000,1.000,13.5647,14.8389
ROI_049/patch_109,own,16–32,1,385,0.000,1.000,13.7220,15.0426
ROI_049/patch_109,own,32–64,1,1221,0.000,1.000,14.0161,15.4176
ROI_049/patch_109,own,64–128,1,4169,0.000,1.000,14.3499,15.7228
ROI_049/patch_109,own,≥128,1,34058,0.000,1.000,14.9029,16.4023
ROI_049/patch_110,nearest,0–16,1,136,0.000,1.000,3.5987,4.2538
ROI_049/patch_110,nearest,16–32,1,412,0.000,1.000,3.0888,3.6853
ROI_049/patch_110,nearest,32–64,1,1334,0.000,1.000,3.4042,4.0283
ROI_049/patch_110,nearest,64–128,1,2314,0.000,1.000,3.9029,4.5228
ROI_049/patch_110,nearest,≥128,1,641,0.000,1.000,10.5255,11.4983
ROI_049/patch_110,own,0–16,1,136,0.000,1.000,3.5111,4.1630
ROI_049/patch_110,own,16–32,1,412,0.000,1.000,3.0832,3.6874
ROI_049/patch_110,own,32–64,1,1442,0.000,1.000,3.5797,4.1907
ROI_049/patch_110,own,64–128,1,4270,0.000,1.000,3.9965,4.6550
ROI_049/patch_110,own,≥128,1,32436,0.000,1.000,3.5744,4.1836
ROI_049/patch_111,nearest,0–16,1,130,0.000,1.000,17.2869,19.3124
ROI_049/patch_111,nearest,16–32,1,368,0.000,1.000,16.4134,18.5087
ROI_049/patch_111,nearest,32–64,1,1278,0.000,1.000,18.8179,20.9106
ROI_049/patch_111,nearest,64–128,1,2215,0.000,1.000,20.1110,22.3769
ROI_049/patch_111,nearest,≥128,1,715,0.000,1.000,23.9456,26.1036
ROI_049/patch_111,own,0–16,1,130,0.000,1.000,17.2470,19.2773
ROI_049/patch_111,own,16–32,1,368,0.000,1.000,16.2425,18.3157
ROI_049/patch_111,own,32–64,1,1298,0.000,1.000,19.0553,21.1420
ROI_049/patch_111,own,64–128,1,4443,0.000,1.000,19.5309,21.7326
ROI_049/patch_111,own,≥128,1,31409,0.000,1.000,17.9899,20.1457
ROI_049/patch_112,nearest,0–16,1,139,0.000,1.000,3.2520,4.7834
ROI_049/patch_112,nearest,16–32,1,374,0.000,1.000,3.3349,4.9365
ROI_049/patch_112,nearest,32–64,1,1261,0.000,1.000,4.4273,6.4444
ROI_049/patch_112,nearest,64–128,1,2197,0.000,1.000,10.5260,12.6879
ROI_049/patch_112,nearest,≥128,1,338,0.000,1.000,34.3956,37.7646
ROI_049/patch_112,own,0–16,1,139,0.000,1.000,3.2723,4.7830
ROI_049/patch_112,own,16–32,1,374,0.000,1.000,3.3759,5.0071
ROI_049/patch_112,own,32–64,1,1261,0.000,1.000,4.4383,6.3853
ROI_049/patch_112,own,64–128,1,4072,0.000,1.000,10.3347,12.3399
ROI_049/patch_112,own,≥128,1,28626,0.000,1.000,6.6449,8.6960
ROI_070/patch_0,nearest,0–16,1,146,0.000,1.000,3.3101,5.3761
ROI_070/patch_0,nearest,16–32,1,431,0.000,1.000,3.4167,5.4653
ROI_070/patch_0,nearest,32–64,1,1499,0.000,1.000,3.3087,5.7241
ROI_070/patch_0,nearest,64–128,1,2623,0.000,1.000,4.7837,7.4498
ROI_070/patch_0,nearest,≥128,1,242,0.000,1.000,6.4842,9.0193
ROI_070/patch_0,own,0–16,1,146,0.000,1.000,3.3626,5.4460
ROI_070/patch_0,own,16–32,1,431,0.000,1.000,3.1419,5.1529
ROI_070/patch_0,own,32–64,1,1519,0.000,1.000,3.5025,5.8390
ROI_070/patch_0,own,64–128,1,4696,0.000,1.000,6.3878,8.9881
ROI_070/patch_0,own,≥128,1,32736,0.000,1.000,3.9116,6.2668
ROI_070/patch_1,nearest,0–16,1,143,0.000,1.000,0.8816,3.4310
ROI_070/patch_1,nearest,16–32,1,413,0.000,1.000,2.4216,5.1770
ROI_070/patch_1,nearest,32–64,1,1376,0.000,1.000,4.5703,7.5013
ROI_070/patch_1,nearest,64–128,1,2418,0.000,1.000,2.4834,5.5928
ROI_070/patch_1,nearest,≥128,1,721,0.000,1.000,5.2593,13.8469
ROI_070/patch_1,own,0–16,1,143,0.000,1.000,0.9073,3.4725
ROI_070/patch_1,own,16–32,1,413,0.000,1.000,2.5647,5.2943
ROI_070/patch_1,own,32–64,1,1382,0.000,1.000,2.0896,4.9835
ROI_070/patch_1,own,64–128,1,4747,0.000,1.000,2.2831,5.3175
ROI_070/patch_1,own,≥128,1,33883,0.000,1.000,1.3554,4.3492
ROI_070/patch_2,nearest,0–16,1,150,0.000,1.000,5.7997,7.3299
ROI_070/patch_2,nearest,16–32,1,395,0.000,1.000,5.5070,7.0235
ROI_070/patch_2,nearest,32–64,1,1263,0.000,1.000,6.3243,7.9038
ROI_070/patch_2,nearest,64–128,1,2277,0.000,1.000,11.0540,12.6773
ROI_070/patch_2,nearest,≥128,1,620,0.000,1.000,21.3382,23.1508
ROI_070/patch_2,own,0–16,1,150,0.000,1.000,5.8455,7.3716
ROI_070/patch_2,own,16–32,1,395,0.000,1.000,5.5075,6.9962
ROI_070/patch_2,own,32–64,1,1361,0.000,1.000,6.3102,7.8860
ROI_070/patch_2,own,64–128,1,4585,0.000,1.000,7.8997,9.4855
ROI_070/patch_2,own,≥128,1,31149,0.000,1.000,9.7863,11.4080
ROI_070/patch_3,nearest,0–16,1,144,0.000,1.000,2.8876,3.6842
ROI_070/patch_3,nearest,16–32,1,401,0.000,1.000,2.8029,3.8713
ROI_070/patch_3,nearest,32–64,1,1329,0.000,1.000,3.3335,4.6470
ROI_070/patch_3,nearest,64–128,1,2712,0.000,1.000,3.1823,4.6640
ROI_070/patch_3,nearest,≥128,1,572,0.000,1.000,3.0922,5.1010
ROI_070/patch_3,own,0–16,1,144,0.000,1.000,2.8406,3.6517
ROI_070/patch_3,own,16–32,1,401,0.000,1.000,2.8031,3.8289
ROI_070/patch_3,own,32–64,1,1379,0.000,1.000,3.4150,4.8125
ROI_070/patch_3,own,64–128,1,4604,0.000,1.000,4.0115,5.4969
ROI_070/patch_3,own,≥128,1,34736,0.000,1.000,3.2467,4.7758
ROI_070/patch_4,nearest,0–16,1,134,0.000,1.000,5.0754,7.5216
ROI_070/patch_4,nearest,16–32,1,384,0.000,1.000,5.1005,7.3849
ROI_070/patch_4,nearest,32–64,1,1369,0.000,1.000,4.7270,7.0061
ROI_070/patch_4,nearest,64–128,1,2707,0.000,1.000,3.8767,6.2247
ROI_070/patch_4,nearest,≥128,1,650,0.000,1.000,4.0048,6.2134
ROI_070/patch_4,own,0–16,1,134,0.000,1.000,5.0985,7.6105
ROI_070/patch_4,own,16–32,1,384,0.000,1.000,5.1143,7.4097
ROI_070/patch_4,own,32–64,1,1402,0.000,1.000,4.6369,6.8781
ROI_070/patch_4,own,64–128,1,4808,0.000,1.000,3.8692,6.2469
ROI_070/patch_4,own,≥128,1,35224,0.000,1.000,4.1873,6.4689
ROI_070/patch_5,nearest,0–16,1,146,0.000,1.000,3.5845,5.2295
ROI_070/patch_5,nearest,16–32,1,410,0.000,1.000,3.6381,5.1754
ROI_070/patch_5,nearest,32–64,1,1424,0.000,1.000,3.6983,5.1344
ROI_070/patch_5,nearest,64–128,1,2615,0.000,1.000,3.9159,5.4069
ROI_070/patch_5,nearest,≥128,1,626,0.000,1.000,4.9092,6.4273
ROI_070/patch_5,own,0–16,1,146,0.000,1.000,3.5770,5.2189
ROI_070/patch_5,own,16–32,1,410,0.000,1.000,3.5689,5.1157
ROI_070/patch_5,own,32–64,1,1454,0.000,1.000,3.7549,5.2012
ROI_070/patch_5,own,64–128,1,5026,0.000,1.000,3.8376,5.3284
ROI_070/patch_5,own,≥128,1,34732,0.000,1.000,3.8907,5.4297
ROI_070/patch_6,nearest,0–16,1,145,0.000,1.000,8.7915,9.4065
ROI_070/patch_6,nearest,16–32,1,404,0.000,1.000,6.0702,6.6260
ROI_070/patch_6,nearest,32–64,1,1457,0.000,1.000,5.2826,5.8583
ROI_070/patch_6,nearest,64–128,1,2495,0.000,1.000,5.8842,6.3704
ROI_070/patch_6,nearest,≥128,1,562,0.000,1.000,9.5435,10.3185
ROI_070/patch_6,own,0–16,1,145,0.000,1.000,9.3758,9.9776
ROI_070/patch_6,own,16–32,1,404,0.000,1.000,6.1648,6.7164
ROI_070/patch_6,own,32–64,1,1494,0.000,1.000,4.7569,5.3649
ROI_070/patch_6,own,64–128,1,5036,0.000,1.000,5.6218,6.1669
ROI_070/patch_6,own,≥128,1,33425,0.000,1.000,6.2011,6.7604
ROI_070/patch_7,nearest,0–16,1,136,0.000,1.000,1.2048,1.8011
ROI_070/patch_7,nearest,16–32,1,399,0.000,1.000,1.5271,2.1125
ROI_070/patch_7,nearest,32–64,1,1390,0.000,1.000,2.1934,2.9457
ROI_070/patch_7,nearest,64–128,1,2645,0.000,1.000,3.0608,3.8301
ROI_070/patch_7,nearest,≥128,1,656,0.000,1.000,6.1742,6.9314
ROI_070/patch_7,own,0–16,1,136,0.000,1.000,1.2663,1.8597
ROI_070/patch_7,own,16–32,1,399,0.000,1.000,1.5783,2.1428
ROI_070/patch_7,own,32–64,1,1400,0.000,1.000,1.9854,2.7615
ROI_070/patch_7,own,64–128,1,4851,0.000,1.000,3.1965,3.8876
ROI_070/patch_7,own,≥128,1,35022,0.000,1.000,2.9373,3.6295
ROI_070/patch_8,nearest,0–16,1,127,0.000,1.000,1.6284,3.2669
ROI_070/patch_8,nearest,16–32,1,390,0.000,1.000,1.3675,3.0831
ROI_070/patch_8,nearest,32–64,1,1375,0.000,1.000,1.3372,3.0704
ROI_070/patch_8,nearest,64–128,1,2707,0.000,1.000,1.0998,2.5326
ROI_070/patch_8,nearest,≥128,1,542,0.000,1.000,1.1672,2.5712
ROI_070/patch_8,own,0–16,1,127,0.000,1.000,1.5869,3.2286
ROI_070/patch_8,own,16–32,1,390,0.000,1.000,1.3605,3.0677
ROI_070/patch_8,own,32–64,1,1414,0.000,1.000,1.4952,3.1783
ROI_070/patch_8,own,64–128,1,5008,0.000,1.000,1.1179,2.6414
ROI_070/patch_8,own,≥128,1,34189,0.000,1.000,1.0878,2.5869
ROI_070/patch_9,nearest,0–16,1,121,0.000,1.000,2.4389,3.4666
ROI_070/patch_9,nearest,16–32,1,315,0.000,1.000,2.1785,3.1354
ROI_070/patch_9,nearest,32–64,1,1124,0.000,1.000,2.0804,3.5225
ROI_070/patch_9,nearest,64–128,1,2362,0.000,1.000,3.4992,4.7704
ROI_070/patch_9,nearest,≥128,1,1155,0.000,1.000,5.3410,7.4141
ROI_070/patch_9,own,0–16,1,121,0.000,1.000,2.4832,3.5275
ROI_070/patch_9,own,16–32,1,315,0.000,1.000,2.2922,3.2851
ROI_070/patch_9,own,32–64,1,1142,0.000,1.000,1.8282,3.2999
ROI_070/patch_9,own,64–128,1,4080,0.000,1.000,4.1831,5.4584
ROI_070/patch_9,own,≥128,1,34958,0.000,1.000,2.7669,4.0960
ROI_070/patch_10,nearest,0–16,1,143,0.000,1.000,2.5556,3.5738
ROI_070/patch_10,nearest,16–32,1,402,0.000,1.000,2.3452,3.6323
ROI_070/patch_10,nearest,32–64,1,1216,0.000,1.000,2.0181,3.2238
ROI_070/patch_10,nearest,64–128,1,2179,0.000,1.000,1.5942,2.5911
ROI_070/patch_10,nearest,≥128,1,1157,0.000,1.000,1.8839,3.1256
ROI_070/patch_10,own,0–16,1,143,0.000,1.000,2.5734,3.5623
ROI_070/patch_10,own,16–32,1,404,0.000,1.000,2.4292,3.6942
ROI_070/patch_10,own,32–64,1,1379,0.000,1.000,1.9222,3.1311
ROI_070/patch_10,own,64–128,1,4966,0.000,1.000,1.5832,2.5895
ROI_070/patch_10,own,≥128,1,33884,0.000,1.000,1.4604,2.5647
ROI_070/patch_11,nearest,0–16,1,150,0.000,1.000,0.5254,1.0148
ROI_070/patch_11,nearest,16–32,1,439,0.000,1.000,0.7284,1.2277
ROI_070/patch_11,nearest,32–64,1,1430,0.000,1.000,0.7651,1.2380
ROI_070/patch_11,nearest,64–128,1,2581,0.000,1.000,1.1324,1.6306
ROI_070/patch_11,nearest,≥128,1,516,0.000,1.000,1.7980,2.2401
ROI_070/patch_11,own,0–16,1,150,0.000,1.000,0.4973,0.9821
ROI_070/patch_11,own,16–32,1,439,0.000,1.000,0.6666,1.1557
ROI_070/patch_11,own,32–64,1,1493,0.000,1.000,0.6762,1.1475
ROI_070/patch_11,own,64–128,1,5243,0.000,1.000,1.3124,1.8327
ROI_070/patch_11,own,≥128,1,33603,0.000,1.000,0.9392,1.4308
ROI_070/patch_12,nearest,0–16,1,153,0.000,1.000,11.8177,13.8309
ROI_070/patch_12,nearest,16–32,1,416,0.000,1.000,10.5833,12.8264
ROI_070/patch_12,nearest,32–64,1,1490,0.000,1.000,10.9376,13.1416
ROI_070/patch_12,nearest,64–128,1,2280,0.000,1.000,11.3404,13.5243
ROI_070/patch_12,nearest,≥128,1,819,0.000,1.000,12.0245,13.8343
ROI_070/patch_12,own,0–16,1,153,0.000,1.000,11.6723,13.7123
ROI_070/patch_12,own,16–32,1,416,0.000,1.000,10.6750,12.9029
ROI_070/patch_12,own,32–64,1,1535,0.000,1.000,11.0845,13.3511
ROI_070/patch_12,own,64–128,1,5276,0.000,1.000,10.3444,12.5170
ROI_070/patch_12,own,≥128,1,33884,0.000,1.000,10.9385,13.1395
ROI_070/patch_13,nearest,0–16,1,136,0.000,1.000,3.2699,4.5558
ROI_070/patch_13,nearest,16–32,1,375,0.000,1.000,3.9472,5.2822
ROI_070/patch_13,nearest,32–64,1,1300,0.000,1.000,3.6561,5.2724
ROI_070/patch_13,nearest,64–128,1,2521,0.000,1.000,3.5755,5.2072
ROI_070/patch_13,nearest,≥128,1,738,0.000,1.000,4.4299,6.2531
ROI_070/patch_13,own,0–16,1,136,0.000,1.000,3.2691,4.5490
ROI_070/patch_13,own,16–32,1,375,0.000,1.000,3.9175,5.2832
ROI_070/patch_13,own,32–64,1,1325,0.000,1.000,3.7832,5.4552
ROI_070/patch_13,own,64–128,1,4539,0.000,1.000,3.3960,4.9767
ROI_070/patch_13,own,≥128,1,34185,0.000,1.000,3.3589,4.8866
ROI_070/patch_14,nearest,0–16,1,112,0.000,1.000,2.4618,3.0119
ROI_070/patch_14,nearest,16–32,1,362,0.000,1.000,2.8730,3.4178
ROI_070/patch_14,nearest,32–64,1,1289,0.000,1.000,3.0263,3.8559
ROI_070/patch_14,nearest,64–128,1,2337,0.000,1.000,2.4126,3.2873
ROI_070/patch_14,nearest,≥128,1,1026,0.000,1.000,6.2604,7.0632
ROI_070/patch_14,own,0–16,1,112,0.000,1.000,2.4703,3.0049
ROI_070/patch_14,own,16–32,1,362,0.000,1.000,2.7171,3.2403
ROI_070/patch_14,own,32–64,1,1293,0.000,1.000,2.8937,3.6863
ROI_070/patch_14,own,64–128,1,4645,0.000,1.000,2.4368,3.3319
ROI_070/patch_14,own,≥128,1,34596,0.000,1.000,2.5606,3.3671
ROI_070/patch_15,nearest,0–16,1,121,0.000,1.000,4.7444,6.5207
ROI_070/patch_15,nearest,16–32,1,390,0.000,1.000,3.8848,5.6138
ROI_070/patch_15,nearest,32–64,1,1428,0.000,1.000,2.8467,4.5832
ROI_070/patch_15,nearest,64–128,1,2424,0.000,1.000,2.6367,4.8059
ROI_070/patch_15,nearest,≥128,1,648,0.000,1.000,6.0281,8.1897
ROI_070/patch_15,own,0–16,1,121,0.000,1.000,4.8123,6.6215
ROI_070/patch_15,own,16–32,1,390,0.000,1.000,3.9388,5.6660
ROI_070/patch_15,own,32–64,1,1437,0.000,1.000,2.7858,4.5580
ROI_070/patch_15,own,64–128,1,4933,0.000,1.000,2.6453,4.6792
ROI_070/patch_15,own,≥128,1,33207,0.000,1.000,3.0248,5.0132
ROI_070/patch_16,nearest,0–16,1,139,0.000,1.000,4.4138,4.8620
ROI_070/patch_16,nearest,16–32,1,386,0.000,1.000,4.6112,5.0370
ROI_070/patch_16,nearest,32–64,1,1134,0.000,1.000,5.2295,5.7125
ROI_070/patch_16,nearest,64–128,1,1904,0.000,1.000,5.9229,6.4601
ROI_070/patch_16,nearest,≥128,1,1529,0.000,1.000,6.2322,6.8513
ROI_070/patch_16,own,0–16,1,139,0.000,1.000,4.3382,4.7764
ROI_070/patch_16,own,16–32,1,386,0.000,1.000,4.4545,4.8619
ROI_070/patch_16,own,32–64,1,1216,0.000,1.000,5.0963,5.6016
ROI_070/patch_16,own,64–128,1,4005,0.000,1.000,5.1545,5.6180
ROI_070/patch_16,own,≥128,1,34990,0.000,1.000,4.7291,5.1027
ROI_070/patch_17,nearest,0–16,1,144,0.000,1.000,1.1521,2.5146
ROI_070/patch_17,nearest,16–32,1,350,0.000,1.000,1.2680,2.7042
ROI_070/patch_17,nearest,32–64,1,1210,0.000,1.000,0.9570,2.4927
ROI_070/patch_17,nearest,64–128,1,2918,0.000,1.000,1.9562,3.4295
ROI_070/patch_17,nearest,≥128,1,459,0.000,1.000,4.8055,5.8835
ROI_070/patch_17,own,0–16,1,144,0.000,1.000,1.2296,2.5645
ROI_070/patch_17,own,16–32,1,350,0.000,1.000,1.2129,2.6141
ROI_070/patch_17,own,32–64,1,1257,0.000,1.000,1.0669,2.5607
ROI_070/patch_17,own,64–128,1,4660,0.000,1.000,1.7128,3.1582
ROI_070/patch_17,own,≥128,1,34237,0.000,1.000,1.5063,2.9772
ROI_070/patch_18,nearest,0–16,1,148,0.000,1.000,2.2960,3.9460
ROI_070/patch_18,nearest,16–32,1,418,0.000,1.000,2.6414,4.1919
ROI_070/patch_18,nearest,32–64,1,1389,0.000,1.000,3.2159,4.5190
ROI_070/patch_18,nearest,64–128,1,2124,0.000,1.000,4.1129,5.5267
ROI_070/patch_18,nearest,≥128,1,686,0.000,1.000,4.9329,6.3997
ROI_070/patch_18,own,0–16,1,148,0.000,1.000,2.2212,3.8627
ROI_070/patch_18,own,16–32,1,418,0.000,1.000,2.3377,3.9021
ROI_070/patch_18,own,32–64,1,1528,0.000,1.000,3.4167,4.6800
ROI_070/patch_18,own,64–128,1,4690,0.000,1.000,3.4625,4.8132
ROI_070/patch_18,own,≥128,1,31336,0.000,1.000,4.1435,5.4953
ROI_070/patch_19,nearest,0–16,1,119,0.000,1.000,0.5775,1.4737
ROI_070/patch_19,nearest,16–32,1,379,0.000,1.000,0.5914,1.5230
ROI_070/patch_19,nearest,32–64,1,1248,0.000,1.000,0.6223,1.7397
ROI_070/patch_19,nearest,64–128,1,2431,0.000,1.000,2.0140,3.1900
ROI_070/patch_19,nearest,≥128,1,1019,0.000,1.000,1.1832,2.3825
ROI_070/patch_19,own,0–16,1,119,0.000,1.000,0.5759,1.4725
ROI_070/patch_19,own,16–32,1,379,0.000,1.000,0.5893,1.5400
ROI_070/patch_19,own,32–64,1,1358,0.000,1.000,0.6669,1.7903
ROI_070/patch_19,own,64–128,1,5048,0.000,1.000,1.6690,2.7916
ROI_070/patch_19,own,≥128,1,34664,0.000,1.000,1.8039,2.9399
ROI_070/patch_20,nearest,0–16,1,142,0.000,1.000,4.2912,5.1121
ROI_070/patch_20,nearest,16–32,1,427,0.000,1.000,3.8360,4.6802
ROI_070/patch_20,nearest,32–64,1,1529,0.000,1.000,3.5755,4.4909
ROI_070/patch_20,nearest,64–128,1,2409,0.000,1.000,4.9572,5.8383
ROI_070/patch_20,nearest,≥128,1,532,0.000,1.000,3.7417,4.5631
ROI_070/patch_20,own,0–16,1,142,0.000,1.000,4.3374,5.1598
ROI_070/patch_20,own,16–32,1,427,0.000,1.000,3.9692,4.8112
ROI_070/patch_20,own,32–64,1,1536,0.000,1.000,3.6351,4.5446
ROI_070/patch_20,own,64–128,1,5373,0.000,1.000,5.3827,6.2633
ROI_070/patch_20,own,≥128,1,32834,0.000,1.000,4.1352,5.0222
ROI_070/patch_21,nearest,0–16,1,137,0.000,1.000,3.9085,5.3906
ROI_070/patch_21,nearest,16–32,1,382,0.000,1.000,4.5217,6.2969
ROI_070/patch_21,nearest,32–64,1,1366,0.000,1.000,4.8622,6.6223
ROI_070/patch_21,nearest,64–128,1,2231,0.000,1.000,4.0554,5.8542
ROI_070/patch_21,nearest,≥128,1,1183,0.000,1.000,3.8401,5.7205
ROI_070/patch_21,own,0–16,1,137,0.000,1.000,3.8861,5.3691
ROI_070/patch_21,own,16–32,1,382,0.000,1.000,4.5314,6.2483
ROI_070/patch_21,own,32–64,1,1403,0.000,1.000,4.8424,6.5714
ROI_070/patch_21,own,64–128,1,5005,0.000,1.000,3.7781,5.3190
ROI_070/patch_21,own,≥128,1,35465,0.000,1.000,3.9337,5.7364
ROI_070/patch_22,nearest,0–16,1,147,0.000,1.000,4.6780,7.0872
ROI_070/patch_22,nearest,16–32,1,405,0.000,1.000,4.4528,6.8978
ROI_070/patch_22,nearest,32–64,1,1342,0.000,1.000,2.5262,4.8755
ROI_070/patch_22,nearest,64–128,1,2127,0.000,1.000,2.8180,5.2863
ROI_070/patch_22,nearest,≥128,1,893,0.000,1.000,4.4058,7.4760
ROI_070/patch_22,own,0–16,1,147,0.000,1.000,5.0205,7.4208
ROI_070/patch_22,own,16–32,1,405,0.000,1.000,4.2484,6.6852
ROI_070/patch_22,own,32–64,1,1395,0.000,1.000,2.6991,5.0575
ROI_070/patch_22,own,64–128,1,4828,0.000,1.000,2.8418,5.2419
ROI_070/patch_22,own,≥128,1,32537,0.000,1.000,2.9333,5.4522
ROI_070/patch_23,nearest,0–16,1,147,0.000,1.000,3.4212,5.0346
ROI_070/patch_23,nearest,16–32,1,416,0.000,1.000,3.7482,5.4254
ROI_070/patch_23,nearest,32–64,1,1261,0.000,1.000,3.9539,5.7219
ROI_070/patch_23,nearest,64–128,1,2446,0.000,1.000,4.2550,5.9114
ROI_070/patch_23,nearest,≥128,1,906,0.000,1.000,4.0471,5.9101
ROI_070/patch_23,own,0–16,1,147,0.000,1.000,3.4672,5.0721
ROI_070/patch_23,own,16–32,1,416,0.000,1.000,3.6767,5.3645
ROI_070/patch_23,own,32–64,1,1426,0.000,1.000,3.7032,5.4559
ROI_070/patch_23,own,64–128,1,5212,0.000,1.000,3.8422,5.4979
ROI_070/patch_23,own,≥128,1,34207,0.000,1.000,4.2041,5.8516
ROI_070/patch_24,nearest,0–16,1,140,0.000,1.000,3.5709,4.6692
ROI_070/patch_24,nearest,16–32,1,403,0.000,1.000,4.3737,5.6876
ROI_070/patch_24,nearest,32–64,1,1291,0.000,1.000,4.4304,6.3062
ROI_070/patch_24,nearest,64–128,1,3003,0.000,1.000,2.5091,4.4607
ROI_070/patch_24,nearest,≥128,1,458,0.000,1.000,1.9721,3.7989
ROI_070/patch_24,own,0–16,1,140,0.000,1.000,3.7359,4.8141
ROI_070/patch_24,own,16–32,1,403,0.000,1.000,4.2994,5.6020
ROI_070/patch_24,own,32–64,1,1291,0.000,1.000,4.7894,6.6498
ROI_070/patch_24,own,64–128,1,4357,0.000,1.000,2.4680,4.4418
ROI_070/patch_24,own,≥128,1,36169,0.000,1.000,2.4970,4.2472
ROI_070/patch_25,nearest,0–16,1,123,0.000,1.000,11.3136,13.5941
ROI_070/patch_25,nearest,16–32,1,394,0.000,1.000,11.9157,14.4600
ROI_070/patch_25,nearest,32–64,1,1167,0.000,1.000,13.0801,15.9620
ROI_070/patch_25,nearest,64–128,1,2314,0.000,1.000,14.1816,17.1269
ROI_070/patch_25,nearest,≥128,1,1241,0.000,1.000,13.2420,16.0170
ROI_070/patch_25,own,0–16,1,123,0.000,1.000,11.4939,13.8043
ROI_070/patch_25,own,16–32,1,394,0.000,1.000,12.1769,14.7018
ROI_070/patch_25,own,32–64,1,1347,0.000,1.000,13.0485,15.9749
ROI_070/patch_25,own,64–128,1,4517,0.000,1.000,13.4951,16.4233
ROI_070/patch_25,own,≥128,1,35531,0.000,1.000,13.0412,15.9098
ROI_070/patch_26,nearest,0–16,1,147,0.000,1.000,6.1905,7.4635
ROI_070/patch_26,nearest,16–32,1,423,0.000,1.000,6.3911,7.6611
ROI_070/patch_26,nearest,32–64,1,1487,0.000,1.000,5.7254,7.1180
ROI_070/patch_26,nearest,64–128,1,2570,0.000,1.000,5.9871,7.4105
ROI_070/patch_26,nearest,≥128,1,486,0.000,1.000,6.7792,8.1549
ROI_070/patch_26,own,0–16,1,147,0.000,1.000,6.1749,7.4424
ROI_070/patch_26,own,16–32,1,423,0.000,1.000,6.5389,7.8214
ROI_070/patch_26,own,32–64,1,1520,0.000,1.000,5.6325,7.0695
ROI_070/patch_26,own,64–128,1,4735,0.000,1.000,6.4651,7.8533
ROI_070/patch_26,own,≥128,1,34079,0.000,1.000,6.3487,7.7169
ROI_070/patch_27,nearest,0–16,1,119,0.000,1.000,0.9913,1.5472
ROI_070/patch_27,nearest,16–32,1,327,0.000,1.000,0.9941,1.6770
ROI_070/patch_27,nearest,32–64,1,1059,0.000,1.000,1.1676,2.0531
ROI_070/patch_27,nearest,64–128,1,2131,0.000,1.000,1.6913,2.3050
ROI_070/patch_27,nearest,≥128,1,1400,0.000,1.000,0.9703,1.5023
ROI_070/patch_27,own,0–16,1,119,0.000,1.000,0.9671,1.5179
ROI_070/patch_27,own,16–32,1,327,0.000,1.000,1.0067,1.6779
ROI_070/patch_27,own,32–64,1,1153,0.000,1.000,1.2268,2.0262
ROI_070/patch_27,own,64–128,1,3925,0.000,1.000,1.5926,2.1865
ROI_070/patch_27,own,≥128,1,34764,0.000,1.000,1.0795,1.5671
ROI_070/patch_28,nearest,0–16,1,149,0.000,1.000,2.4313,4.2738
ROI_070/patch_28,nearest,16–32,1,399,0.000,1.000,2.4337,4.5476
ROI_070/patch_28,nearest,32–64,1,1321,0.000,1.000,2.4394,5.0781
ROI_070/patch_28,nearest,64–128,1,2315,0.000,1.000,2.6207,5.4086
ROI_070/patch_28,nearest,≥128,1,649,0.000,1.000,3.3519,5.5632
ROI_070/patch_28,own,0–16,1,149,0.000,1.000,2.4180,4.2545
ROI_070/patch_28,own,16–32,1,399,0.000,1.000,2.5049,4.5783
ROI_070/patch_28,own,32–64,1,1363,0.000,1.000,2.6113,5.3290
ROI_070/patch_28,own,64–128,1,4638,0.000,1.000,2.7229,5.4998
ROI_070/patch_28,own,≥128,1,32115,0.000,1.000,2.8950,5.3976
ROI_070/patch_29,nearest,0–16,1,152,0.000,1.000,9.0335,14.2705
ROI_070/patch_29,nearest,16–32,1,424,0.000,1.000,9.3293,15.0350
ROI_070/patch_29,nearest,32–64,1,1442,0.000,1.000,9.3373,15.7941
ROI_070/patch_29,nearest,64–128,1,2336,0.000,1.000,8.9266,16.0032
ROI_070/patch_29,nearest,≥128,1,557,0.000,1.000,10.1870,17.1247
ROI_070/patch_29,own,0–16,1,152,0.000,1.000,9.0183,14.2658
ROI_070/patch_29,own,16–32,1,424,0.000,1.000,9.2444,14.8841
ROI_070/patch_29,own,32–64,1,1579,0.000,1.000,8.9115,15.3663
ROI_070/patch_29,own,64–128,1,5344,0.000,1.000,9.2871,16.1165
ROI_070/patch_29,own,≥128,1,31789,0.000,1.000,9.6177,16.1983
ROI_070/patch_31,nearest,0–16,1,122,0.000,1.000,1.8290,3.2082
ROI_070/patch_31,nearest,16–32,1,398,0.000,1.000,1.7979,3.0889
ROI_070/patch_31,nearest,32–64,1,1185,0.000,1.000,1.8384,3.1654
ROI_070/patch_31,nearest,64–128,1,2043,0.000,1.000,2.0102,3.4687
ROI_070/patch_31,nearest,≥128,1,1135,0.000,1.000,2.1547,3.4063
ROI_070/patch_31,own,0–16,1,122,0.000,1.000,1.7659,3.1367
ROI_070/patch_31,own,16–32,1,398,0.000,1.000,1.8255,3.1230
ROI_070/patch_31,own,32–64,1,1481,0.000,1.000,1.8496,3.2399
ROI_070/patch_31,own,64–128,1,5518,0.000,1.000,1.9780,3.3934
ROI_070/patch_31,own,≥128,1,31545,0.000,1.000,2.3647,3.7413
ROI_070/patch_33,nearest,0–16,1,147,0.000,1.000,4.0560,5.4601
ROI_070/patch_33,nearest,16–32,1,413,0.000,1.000,3.8826,5.3980
ROI_070/patch_33,nearest,32–64,1,1310,0.000,1.000,4.3127,5.9743
ROI_070/patch_33,nearest,64–128,1,2513,0.000,1.000,4.5836,6.0973
ROI_070/patch_33,nearest,≥128,1,480,0.000,1.000,7.8334,9.3928
ROI_070/patch_33,own,0–16,1,147,0.000,1.000,4.0959,5.5223
ROI_070/patch_33,own,16–32,1,413,0.000,1.000,3.8824,5.3721
ROI_070/patch_33,own,32–64,1,1509,0.000,1.000,4.2484,5.9785
ROI_070/patch_33,own,64–128,1,5042,0.000,1.000,5.9770,7.5796
ROI_070/patch_33,own,≥128,1,31793,0.000,1.000,5.9164,7.5978
ROI_070/patch_35,nearest,0–16,1,143,0.000,1.000,1.2809,2.5998
ROI_070/patch_35,nearest,16–32,1,375,0.000,1.000,1.6204,2.8847
ROI_070/patch_35,nearest,32–64,1,1362,0.000,1.000,2.2748,3.6332
ROI_070/patch_35,nearest,64–128,1,2760,0.000,1.000,1.5608,2.8934
ROI_070/patch_35,nearest,≥128,1,554,0.000,1.000,2.7547,4.1249
ROI_070/patch_35,own,0–16,1,143,0.000,1.000,1.3126,2.6439
ROI_070/patch_35,own,16–32,1,375,0.000,1.000,1.5551,2.8266
ROI_070/patch_35,own,32–64,1,1372,0.000,1.000,1.8935,3.2375
ROI_070/patch_35,own,64–128,1,4726,0.000,1.000,1.6178,2.9912
ROI_070/patch_35,own,≥128,1,34936,0.000,1.000,1.9608,3.2736
ROI_070/patch_36,nearest,0–16,1,143,0.000,1.000,10.1924,11.0527
ROI_070/patch_36,nearest,16–32,1,389,0.000,1.000,10.7699,11.7753
ROI_070/patch_36,nearest,32–64,1,1323,0.000,1.000,11.7441,13.0013
ROI_070/patch_36,nearest,64–128,1,2576,0.000,1.000,12.7613,14.0681
ROI_070/patch_36,nearest,≥128,1,530,0.000,1.000,24.0448,25.1912
ROI_070/patch_36,own,0–16,1,143,0.000,1.000,10.2229,11.0698
ROI_070/patch_36,own,16–32,1,389,0.000,1.000,10.7199,11.7006
ROI_070/patch_36,own,32–64,1,1412,0.000,1.000,11.4192,12.6090
ROI_070/patch_36,own,64–128,1,4676,0.000,1.000,13.4959,14.7944
ROI_070/patch_36,own,≥128,1,33068,0.000,1.000,13.6248,14.8641
ROI_070/patch_37,nearest,0–16,1,136,0.000,1.000,1.0797,1.8709
ROI_070/patch_37,nearest,16–32,1,418,0.000,1.000,0.9292,1.9327
ROI_070/patch_37,nearest,32–64,1,1362,0.000,1.000,1.8639,3.0486
ROI_070/patch_37,nearest,64–128,1,1834,0.000,1.000,2.2571,3.4648
ROI_070/patch_37,nearest,≥128,1,804,0.000,1.000,5.7510,6.8240
ROI_070/patch_37,own,0–16,1,136,0.000,1.000,1.0878,1.8746
ROI_070/patch_37,own,16–32,1,418,0.000,1.000,0.8981,1.9071
ROI_070/patch_37,own,32–64,1,1483,0.000,1.000,1.9140,3.1507
ROI_070/patch_37,own,64–128,1,5275,0.000,1.000,1.6676,2.7733
ROI_070/patch_37,own,≥128,1,29120,0.000,1.000,2.6435,3.7982
ROI_070/patch_38,nearest,0–16,1,153,0.000,1.000,5.5067,6.3602
ROI_070/patch_38,nearest,16–32,1,381,0.000,1.000,6.3806,7.2526
ROI_070/patch_38,nearest,32–64,1,1082,0.000,1.000,8.0188,9.0128
ROI_070/patch_38,nearest,64–128,1,2296,0.000,1.000,8.5729,9.6020
ROI_070/patch_38,nearest,≥128,1,973,0.000,1.000,7.4055,8.5494
ROI_070/patch_38,own,0–16,1,153,0.000,1.000,5.4921,6.3508
ROI_070/patch_38,own,16–32,1,400,0.000,1.000,6.4845,7.3267
ROI_070/patch_38,own,32–64,1,1331,0.000,1.000,7.5529,8.5109
ROI_070/patch_38,own,64–128,1,4218,0.000,1.000,8.0231,9.0381
ROI_070/patch_38,own,≥128,1,32978,0.000,1.000,7.4462,8.5415
ROI_070/patch_39,nearest,0–16,1,116,0.000,1.000,3.9306,4.5394
ROI_070/patch_39,nearest,16–32,1,362,0.000,1.000,3.4245,4.2193
ROI_070/patch_39,nearest,32–64,1,1084,0.000,1.000,4.0727,5.0432
ROI_070/patch_39,nearest,64–128,1,2563,0.000,1.000,6.5847,7.4539
ROI_070/patch_39,nearest,≥128,1,709,0.000,1.000,4.9366,5.9177
ROI_070/patch_39,own,0–16,1,116,0.000,1.000,3.9589,4.5789
ROI_070/patch_39,own,16–32,1,362,0.000,1.000,3.3691,4.1407
ROI_070/patch_39,own,32–64,1,1184,0.000,1.000,4.1179,5.1152
ROI_070/patch_39,own,64–128,1,4437,0.000,1.000,5.4803,6.3591
ROI_070/patch_39,own,≥128,1,32573,0.000,1.000,4.6465,5.5881
ROI_070/patch_40,nearest,0–16,1,126,0.000,1.000,5.6600,6.9640
ROI_070/patch_40,nearest,16–32,1,360,0.000,1.000,5.6251,7.0606
ROI_070/patch_40,nearest,32–64,1,1133,0.000,1.000,5.8010,7.4303
ROI_070/patch_40,nearest,64–128,1,2649,0.000,1.000,5.2050,7.0555
ROI_070/patch_40,nearest,≥128,1,459,0.000,1.000,4.5201,5.9300
ROI_070/patch_40,own,0–16,1,126,0.000,1.000,6.0298,7.3540
ROI_070/patch_40,own,16–32,1,360,0.000,1.000,5.6074,7.0166
ROI_070/patch_40,own,32–64,1,1174,0.000,1.000,5.7492,7.3658
ROI_070/patch_40,own,64–128,1,4478,0.000,1.000,4.9888,6.8596
ROI_070/patch_40,own,≥128,1,31678,0.000,1.000,5.7412,7.4232
ROI_070/patch_41,nearest,0–16,1,115,0.000,1.000,4.6684,5.0700
ROI_070/patch_41,nearest,16–32,1,293,0.000,1.000,4.4722,4.8647
ROI_070/patch_41,nearest,32–64,1,938,0.000,1.000,5.3014,5.7025
ROI_070/patch_41,nearest,64–128,1,1796,0.000,1.000,6.9282,7.3345
ROI_070/patch_41,nearest,≥128,1,1010,0.000,1.000,8.9889,9.4542
ROI_070/patch_41,own,0–16,1,116,0.000,1.000,4.8274,5.2275
ROI_070/patch_41,own,16–32,1,316,0.000,1.000,4.2911,4.6855
ROI_070/patch_41,own,32–64,1,1040,0.000,1.000,4.8395,5.2388
ROI_070/patch_41,own,64–128,1,3282,0.000,1.000,7.2908,7.7157
ROI_070/patch_41,own,≥128,1,28462,0.000,1.000,6.4466,6.8904
ROI_070/patch_42,nearest,0–16,1,127,0.000,1.000,1.0405,1.8792
ROI_070/patch_42,nearest,16–32,1,343,0.000,1.000,1.1879,2.0393
ROI_070/patch_42,nearest,32–64,1,1108,0.000,1.000,1.5840,2.5648
ROI_070/patch_42,nearest,64–128,1,1645,0.000,1.000,1.7707,2.9914
ROI_070/patch_42,nearest,≥128,1,1303,0.000,1.000,3.5814,4.7878
ROI_070/patch_42,own,0–16,1,127,0.000,1.000,1.0693,1.9088
ROI_070/patch_42,own,16–32,1,343,0.000,1.000,1.2616,2.1147
ROI_070/patch_42,own,32–64,1,1210,0.000,1.000,1.7487,2.7273
ROI_070/patch_42,own,64–128,1,3638,0.000,1.000,1.7754,2.9157
ROI_070/patch_42,own,≥128,1,30890,0.000,1.000,1.8034,2.8843
ROI_070/patch_43,nearest,0–16,1,149,0.000,1.000,0.9053,2.4758
ROI_070/patch_43,nearest,16–32,1,429,0.000,1.000,1.0753,2.7358
ROI_070/patch_43,nearest,32–64,1,1431,0.000,1.000,0.9392,3.1287
ROI_070/patch_43,nearest,64–128,1,2369,0.000,1.000,1.3579,3.6437
ROI_070/patch_43,nearest,≥128,1,361,0.000,1.000,38.3262,40.9454
ROI_070/patch_43,own,0–16,1,149,0.000,1.000,0.9192,2.5079
ROI_070/patch_43,own,16–32,1,429,0.000,1.000,1.1099,2.7564
ROI_070/patch_43,own,32–64,1,1432,0.000,1.000,1.1048,3.2771
ROI_070/patch_43,own,64–128,1,4866,0.000,1.000,1.1816,3.3687
ROI_070/patch_43,own,≥128,1,31036,0.000,1.000,1.6431,3.8858
ROI_070/patch_45,nearest,0–16,1,143,0.000,1.000,4.0676,4.2673
ROI_070/patch_45,nearest,16–32,1,450,0.000,1.000,3.7329,3.9571
ROI_070/patch_45,nearest,32–64,1,1358,0.000,1.000,2.8347,3.0387
ROI_070/patch_45,nearest,64–128,1,2511,0.000,1.000,2.6493,2.8500
ROI_070/patch_45,nearest,≥128,1,162,0.000,1.000,3.5374,3.8070
ROI_070/patch_45,own,0–16,1,143,0.000,1.000,4.0899,4.2934
ROI_070/patch_45,own,16–32,1,450,0.000,1.000,3.7079,3.9235
ROI_070/patch_45,own,32–64,1,1495,0.000,1.000,3.2294,3.4427
ROI_070/patch_45,own,64–128,1,4969,0.000,1.000,4.0786,4.2939
ROI_070/patch_45,own,≥128,1,29935,0.000,1.000,4.3352,4.5295
ROI_070/patch_46,nearest,0–16,1,135,0.000,1.000,3.0907,3.8435
ROI_070/patch_46,nearest,16–32,1,432,0.000,1.000,3.5321,4.3454
ROI_070/patch_46,nearest,32–64,1,1443,0.000,1.000,4.9227,5.8653
ROI_070/patch_46,nearest,64–128,1,2175,0.000,1.000,4.4176,5.3325
ROI_070/patch_46,nearest,≥128,1,338,0.000,1.000,3.0012,3.8935
ROI_070/patch_46,own,0–16,1,135,0.000,1.000,2.9975,3.7220
ROI_070/patch_46,own,16–32,1,432,0.000,1.000,3.5631,4.3918
ROI_070/patch_46,own,32–64,1,1598,0.000,1.000,4.6160,5.5964
ROI_070/patch_46,own,64–128,1,4694,0.000,1.000,5.2680,6.1708
ROI_070/patch_46,own,≥128,1,29325,0.000,1.000,4.0103,5.0074
ROI_070/patch_47,nearest,0–16,1,147,0.000,1.000,2.8422,5.6224
ROI_070/patch_47,nearest,16–32,1,394,0.000,1.000,2.8606,5.7533
ROI_070/patch_47,nearest,32–64,1,1140,0.000,1.000,3.8279,7.4297
ROI_070/patch_47,nearest,64–128,1,1621,0.000,1.000,4.4089,8.0696
ROI_070/patch_47,nearest,≥128,1,1154,0.000,1.000,4.4405,7.5791
ROI_070/patch_47,own,0–16,1,147,0.000,1.000,2.9034,5.6927
ROI_070/patch_47,own,16–32,1,394,0.000,1.000,2.9627,5.7930
ROI_070/patch_47,own,32–64,1,1305,0.000,1.000,4.6620,8.2130
ROI_070/patch_47,own,64–128,1,4532,0.000,1.000,4.7827,8.4677
ROI_070/patch_47,own,≥128,1,29270,0.000,1.000,4.6421,8.1604
ROI_070/patch_48,nearest,0–16,1,124,0.000,1.000,2.4224,4.1484
ROI_070/patch_48,nearest,16–32,1,335,0.000,1.000,2.3334,4.1969
ROI_070/patch_48,nearest,32–64,1,1183,0.000,1.000,2.4172,3.8888
ROI_070/patch_48,nearest,64–128,1,2244,0.000,1.000,5.0223,6.6411
ROI_070/patch_48,nearest,≥128,1,696,0.000,1.000,7.6860,9.6967
ROI_070/patch_48,own,0–16,1,124,0.000,1.000,2.4181,4.1900
ROI_070/patch_48,own,16–32,1,335,0.000,1.000,2.3824,4.1785
ROI_070/patch_48,own,32–64,1,1280,0.000,1.000,2.7861,4.2096
ROI_070/patch_48,own,64–128,1,4192,0.000,1.000,3.5951,5.0485
ROI_070/patch_48,own,≥128,1,30725,0.000,1.000,3.9586,5.6497
ROI_070/patch_49,nearest,0–16,1,147,0.000,1.000,2.8364,4.8005
ROI_070/patch_49,nearest,16–32,1,370,0.000,1.000,2.4842,4.6163
ROI_070/patch_49,nearest,32–64,1,1219,0.000,1.000,3.1461,5.6493
ROI_070/patch_49,nearest,64–128,1,2531,0.000,1.000,3.5270,5.8526
ROI_070/patch_49,nearest,≥128,1,215,0.000,1.000,10.0894,13.0862
ROI_070/patch_49,own,0–16,1,147,0.000,1.000,3.0123,4.9981
ROI_070/patch_49,own,16–32,1,382,0.000,1.000,2.6516,4.7748
ROI_070/patch_49,own,32–64,1,1313,0.000,1.000,3.1807,5.4199
ROI_070/patch_49,own,64–128,1,4345,0.000,1.000,3.7154,6.1477
ROI_070/patch_49,own,≥128,1,29669,0.000,1.000,3.1949,5.5804
ROI_070/patch_50,nearest,0–16,1,155,0.000,1.000,4.0630,5.4362
ROI_070/patch_50,nearest,16–32,1,432,0.000,1.000,4.5567,6.2827
ROI_070/patch_50,nearest,32–64,1,1393,0.000,1.000,5.6664,7.5569
ROI_070/patch_50,nearest,64–128,1,2180,0.000,1.000,7.0034,9.1315
ROI_070/patch_50,nearest,≥128,1,364,0.000,1.000,14.7119,17.2915
ROI_070/patch_50,own,0–16,1,155,0.000,1.000,4.0986,5.4766
ROI_070/patch_50,own,16–32,1,432,0.000,1.000,4.3873,6.0932
ROI_070/patch_50,own,32–64,1,1499,0.000,1.000,5.5349,7.3526
ROI_070/patch_50,own,64–128,1,4453,0.000,1.000,6.3195,8.4497
ROI_070/patch_50,own,≥128,1,29653,0.000,1.000,5.8855,7.9120
ROI_070/patch_51,nearest,0–16,1,139,0.000,1.000,3.0372,4.4594
ROI_070/patch_51,nearest,16–32,1,418,0.000,1.000,2.7694,4.2788
ROI_070/patch_51,nearest,32–64,1,1207,0.000,1.000,3.2739,4.6416
ROI_070/patch_51,nearest,64–128,1,1992,0.000,1.000,3.4429,4.9008
ROI_070/patch_51,nearest,≥128,1,739,0.000,1.000,3.6364,5.4417
ROI_070/patch_51,own,0–16,1,139,0.000,1.000,3.0262,4.4522
ROI_070/patch_51,own,16–32,1,418,0.000,1.000,2.7571,4.2452
ROI_070/patch_51,own,32–64,1,1413,0.000,1.000,3.3094,4.7585
ROI_070/patch_51,own,64–128,1,4657,0.000,1.000,3.5550,5.0706
ROI_070/patch_51,own,≥128,1,29333,0.000,1.000,4.3648,5.8392
ROI_070/patch_52,nearest,0–16,1,152,0.000,1.000,3.1445,4.8285
ROI_070/patch_52,nearest,16–32,1,388,0.000,1.000,3.3529,5.0865
ROI_070/patch_52,nearest,32–64,1,1158,0.000,1.000,5.5565,7.4027
ROI_070/patch_52,nearest,64–128,1,2155,0.000,1.000,4.3775,6.2409
ROI_070/patch_52,nearest,≥128,1,587,0.000,1.000,6.7787,8.7682
ROI_070/patch_52,own,0–16,1,152,0.000,1.000,3.1467,4.8395
ROI_070/patch_52,own,16–32,1,388,0.000,1.000,3.3889,5.1448
ROI_070/patch_52,own,32–64,1,1249,0.000,1.000,4.1983,6.0370
ROI_070/patch_52,own,64–128,1,4119,0.000,1.000,4.1945,6.0383
ROI_070/patch_52,own,≥128,1,29612,0.000,1.000,4.0769,5.9951
ROI_070/patch_53,nearest,0–16,1,134,0.000,1.000,1.9164,4.6146
ROI_070/patch_53,nearest,16–32,1,418,0.000,1.000,2.7500,5.4989
ROI_070/patch_53,nearest,32–64,1,1228,0.000,1.000,3.4053,6.5608
ROI_070/patch_53,nearest,64–128,1,2146,0.000,1.000,2.0514,4.7445
ROI_070/patch_53,nearest,≥128,1,720,0.000,1.000,4.4967,5.9194
ROI_070/patch_53,own,0–16,1,134,0.000,1.000,1.9580,4.7037
ROI_070/patch_53,own,16–32,1,418,0.000,1.000,2.5711,5.3314
ROI_070/patch_53,own,32–64,1,1278,0.000,1.000,3.0764,6.3841
ROI_070/patch_53,own,64–128,1,4247,0.000,1.000,1.9443,4.8865
ROI_070/patch_53,own,≥128,1,31091,0.000,1.000,1.9510,4.8730
ROI_070/patch_54,nearest,0–16,1,150,0.000,1.000,60.2248,62.4404
ROI_070/patch_54,nearest,16–32,1,394,0.000,1.000,62.4641,64.6663
ROI_070/patch_54,nearest,32–64,1,982,0.000,1.000,64.5526,66.9377
ROI_070/patch_54,nearest,64–128,1,1449,0.000,1.000,71.0614,74.1950
ROI_070/patch_54,nearest,≥128,1,271,0.000,1.000,74.7017,77.4988
ROI_070/patch_54,own,0–16,1,150,0.000,1.000,60.2703,62.4932
ROI_070/patch_54,own,16–32,1,394,0.000,1.000,62.1323,64.3771
ROI_070/patch_54,own,32–64,1,1112,0.000,1.000,61.7741,63.9614
ROI_070/patch_54,own,64–128,1,3884,0.000,1.000,65.2878,68.0137
ROI_070/patch_54,own,≥128,1,20428,0.000,1.000,72.0753,74.6326
ROI_070/patch_57,nearest,0–16,1,109,0.000,1.000,52.3955,53.8888
ROI_070/patch_57,nearest,16–32,1,337,0.000,1.000,52.4029,53.9639
ROI_070/patch_57,nearest,32–64,1,791,0.000,1.000,58.5408,60.0255
ROI_070/patch_57,nearest,64–128,1,1464,0.000,1.000,88.8906,90.6220
ROI_070/patch_57,nearest,≥128,1,356,0.000,1.000,134.4158,135.8656
ROI_070/patch_57,own,0–16,1,109,0.000,1.000,52.1450,53.6274
ROI_070/patch_57,own,16–32,1,337,0.000,1.000,52.0978,53.6548
ROI_070/patch_57,own,32–64,1,897,0.000,1.000,56.3911,57.8848
ROI_070/patch_57,own,64–128,1,3312,0.000,1.000,83.9968,85.6885
ROI_070/patch_57,own,≥128,1,19801,0.000,1.000,102.0927,103.5896
ROI_070/patch_58,nearest,0–16,1,130,0.000,1.000,61.9946,79.4214
ROI_070/patch_58,nearest,16–32,1,380,0.000,1.000,58.3271,76.0403
ROI_070/patch_58,nearest,32–64,1,1164,0.000,1.000,60.3917,77.3110
ROI_070/patch_58,nearest,64–128,1,1381,0.000,1.000,62.6706,79.1972
ROI_070/patch_58,nearest,≥128,1,189,0.000,1.000,85.6975,101.9845
ROI_070/patch_58,own,0–16,1,130,0.000,1.000,61.9908,79.4237
ROI_070/patch_58,own,16–32,1,380,0.000,1.000,58.7614,76.5129
ROI_070/patch_58,own,32–64,1,1188,0.000,1.000,60.1832,76.7451
ROI_070/patch_58,own,64–128,1,3811,0.000,1.000,67.4045,85.0245
ROI_070/patch_58,own,≥128,1,20443,0.000,1.000,63.0484,80.5529
ROI_070/patch_59,nearest,0–16,1,151,0.000,1.000,10.2715,11.6521
ROI_070/patch_59,nearest,16–32,1,410,0.000,1.000,8.9388,10.2972
ROI_070/patch_59,nearest,32–64,1,1148,0.000,1.000,9.1695,10.4838
ROI_070/patch_59,nearest,64–128,1,1521,0.000,1.000,27.4766,28.7931
ROI_070/patch_59,nearest,≥128,1,593,0.000,1.000,22.0457,23.5328
ROI_070/patch_59,own,0–16,1,151,0.000,1.000,10.4846,11.8582
ROI_070/patch_59,own,16–32,1,410,0.000,1.000,8.7763,10.1253
ROI_070/patch_59,own,32–64,1,1222,0.000,1.000,9.1222,10.4321
ROI_070/patch_59,own,64–128,1,3856,0.000,1.000,14.0813,15.4151
ROI_070/patch_59,own,≥128,1,24945,0.000,1.000,14.0364,15.3805
ROI_070/patch_60,nearest,0–16,1,142,0.000,1.000,46.8232,48.7287
ROI_070/patch_60,nearest,16–32,1,415,0.000,1.000,47.0477,48.9883
ROI_070/patch_60,nearest,32–64,1,941,0.000,1.000,51.4563,53.2196
ROI_070/patch_60,nearest,64–128,1,1255,0.000,1.000,95.9718,97.6927
ROI_070/patch_60,nearest,≥128,1,442,0.000,1.000,202.6785,204.5267
ROI_070/patch_60,own,0–16,1,142,0.000,1.000,46.8156,48.7078
ROI_070/patch_60,own,16–32,1,415,0.000,1.000,47.0374,48.9803
ROI_070/patch_60,own,32–64,1,1121,0.000,1.000,55.0325,56.8256
ROI_070/patch_60,own,64–128,1,3105,0.000,1.000,92.3588,94.1188
ROI_070/patch_60,own,≥128,1,20777,0.000,1.000,104.7220,106.4961
ROI_070/patch_61,nearest,0–16,1,97,0.000,1.000,95.0207,99.1515
ROI_070/patch_61,nearest,16–32,1,272,0.000,1.000,94.4369,98.6257
ROI_070/patch_61,nearest,32–64,1,609,0.000,1.000,101.1066,105.4605
ROI_070/patch_61,nearest,64–128,1,1271,0.000,1.000,154.1281,158.5299
ROI_070/patch_61,nearest,≥128,1,1196,0.000,1.000,933.5933,938.3455
ROI_070/patch_61,own,0–16,1,97,0.000,1.000,94.8421,98.9819
ROI_070/patch_61,own,16–32,1,272,0.000,1.000,95.3786,99.5887
ROI_070/patch_61,own,32–64,1,781,0.000,1.000,101.0693,105.3656
ROI_070/patch_61,own,64–128,1,2198,0.000,1.000,126.8891,131.1006
ROI_070/patch_61,own,≥128,1,20767,0.000,1.000,430.3641,435.0820
ROI_070/patch_62,nearest,0–16,1,153,0.000,1.000,13.6883,16.2121
ROI_070/patch_62,nearest,16–32,1,404,0.000,1.000,14.8730,17.4251
ROI_070/patch_62,nearest,32–64,1,1169,0.000,1.000,25.2158,27.6294
ROI_070/patch_62,nearest,64–128,1,1383,0.000,1.000,31.4131,33.7425
ROI_070/patch_62,nearest,≥128,1,284,0.000,1.000,126.6768,129.1206
ROI_070/patch_62,own,0–16,1,153,0.000,1.000,13.8625,16.4011
ROI_070/patch_62,own,16–32,1,404,0.000,1.000,15.2321,17.7574
ROI_070/patch_62,own,32–64,1,1317,0.000,1.000,26.2569,28.6705
ROI_070/patch_62,own,64–128,1,3649,0.000,1.000,32.9980,35.4383
ROI_070/patch_62,own,≥128,1,21621,0.000,1.000,20.8362,23.1812
ROI_070/patch_63,nearest,0–16,1,117,0.000,1.000,12.5398,13.7329
ROI_070/patch_63,nearest,16–32,1,351,0.000,1.000,39.6726,40.8627
ROI_070/patch_63,nearest,32–64,1,702,0.000,1.000,87.0381,88.3167
ROI_070/patch_63,nearest,64–128,1,1052,0.000,1.000,36.1054,37.1890
ROI_070/patch_63,nearest,≥128,1,235,0.000,1.000,57.1454,60.8658
ROI_070/patch_63,own,0–16,1,117,0.000,1.000,12.2722,13.4710
ROI_070/patch_63,own,16–32,1,351,0.000,1.000,39.2943,40.4920
ROI_070/patch_63,own,32–64,1,934,0.000,1.000,84.2824,85.5544
ROI_070/patch_63,own,64–128,1,2589,0.000,1.000,20.8187,21.8984
ROI_070/patch_63,own,≥128,1,15665,0.000,1.000,31.4661,32.7490
ROI_070/patch_66,nearest,0–16,1,133,0.000,1.000,18.2438,19.6993
ROI_070/patch_66,nearest,16–32,1,350,0.000,1.000,17.7846,19.1220
ROI_070/patch_66,nearest,32–64,1,842,0.000,1.000,25.5925,26.9374
ROI_070/patch_66,nearest,64–128,1,1074,0.000,1.000,85.8459,87.6940
ROI_070/patch_66,nearest,≥128,1,726,0.000,1.000,177.6156,178.9270
ROI_070/patch_66,own,0–16,1,133,0.000,1.000,18.6070,20.0706
ROI_070/patch_66,own,16–32,1,384,0.000,1.000,17.7001,19.0918
ROI_070/patch_66,own,32–64,1,1035,0.000,1.000,23.0983,24.4355
ROI_070/patch_66,own,64–128,1,2903,0.000,1.000,48.9231,50.4919
ROI_070/patch_66,own,≥128,1,20545,0.000,1.000,91.3830,92.8651
ROI_070/patch_67,nearest,0–16,1,128,0.000,1.000,12.0114,14.4494
ROI_070/patch_67,nearest,16–32,1,374,0.000,1.000,10.7948,13.2367
ROI_070/patch_67,nearest,32–64,1,1027,0.000,1.000,11.7046,14.2772
ROI_070/patch_67,nearest,64–128,1,1500,0.000,1.000,37.1767,39.4897
ROI_070/patch_67,nearest,≥128,1,650,0.000,1.000,294.0373,297.7040
ROI_070/patch_67,own,0–16,1,128,0.000,1.000,11.7513,14.1987
ROI_070/patch_67,own,16–32,1,379,0.000,1.000,10.9235,13.3406
ROI_070/patch_67,own,32–64,1,1140,0.000,1.000,11.4207,13.9136
ROI_070/patch_67,own,64–128,1,3490,0.000,1.000,18.3871,20.6389
ROI_070/patch_67,own,≥128,1,24295,0.000,1.000,50.2748,53.2399
ROI_070/patch_69,nearest,0–16,1,123,0.000,1.000,13.1885,14.2222
ROI_070/patch_69,nearest,16–32,1,354,0.000,1.000,12.9536,14.2170
ROI_070/patch_69,nearest,32–64,1,859,0.000,1.000,17.6590,19.5545
ROI_070/patch_69,nearest,64–128,1,1224,0.000,1.000,42.9124,45.0339
ROI_070/patch_69,nearest,≥128,1,410,0.400,1.000,282.1199,283.5396
ROI_070/patch_69,own,0–16,1,123,0.000,1.000,12.9528,13.9737
ROI_070/patch_69,own,16–32,1,354,0.000,1.000,12.7265,13.9918
ROI_070/patch_69,own,32–64,1,946,0.000,1.000,14.4810,16.4132
ROI_070/patch_69,own,64–128,1,2699,0.000,1.000,37.4890,39.2006
ROI_070/patch_69,own,≥128,1,19638,0.000,1.000,30.8295,32.5335
ROI_070/patch_70,nearest,0–16,1,134,0.000,1.000,10.2179,12.4562
ROI_070/patch_70,nearest,16–32,1,374,0.000,1.000,10.3568,12.7376
ROI_070/patch_70,nearest,32–64,1,1141,0.000,1.000,11.8310,14.4600
ROI_070/patch_70,nearest,64–128,1,1470,0.000,1.000,22.7699,26.0672
ROI_070/patch_70,nearest,≥128,1,864,0.000,1.000,31.0615,36.0769
ROI_070/patch_70,own,0–16,1,134,0.000,1.000,10.2215,12.4708
ROI_070/patch_70,own,16–32,1,374,0.000,1.000,10.2598,12.6265
ROI_070/patch_70,own,32–64,1,1265,0.000,1.000,11.8150,14.3100
ROI_070/patch_70,own,64–128,1,4515,0.000,1.000,16.5796,19.1357
ROI_070/patch_70,own,≥128,1,25576,0.000,1.000,17.7666,20.6721
ROI_070/patch_71,nearest,0–16,1,139,0.000,1.000,6.5501,8.1775
ROI_070/patch_71,nearest,16–32,1,372,0.000,1.000,5.6098,7.1768
ROI_070/patch_71,nearest,32–64,1,1063,0.000,1.000,8.9572,10.6718
ROI_070/patch_71,nearest,64–128,1,1661,0.000,1.000,20.0437,21.9732
ROI_070/patch_71,nearest,≥128,1,223,0.000,1.000,15.3410,17.3720
ROI_070/patch_71,own,0–16,1,139,0.000,1.000,6.6484,8.3061
ROI_070/patch_71,own,16–32,1,372,0.000,1.000,5.5138,7.1169
ROI_070/patch_71,own,32–64,1,1088,0.000,1.000,9.9634,11.6109
ROI_070/patch_71,own,64–128,1,3378,0.000,1.000,14.8331,16.3613
ROI_070/patch_71,own,≥128,1,22687,0.000,1.000,12.2335,13.9661
ROI_070/patch_72,nearest,0–16,1,120,0.000,1.000,8.5520,9.3717
ROI_070/patch_72,nearest,16–32,1,365,0.000,1.000,7.9143,8.7648
ROI_070/patch_72,nearest,32–64,1,832,0.000,1.000,9.8424,10.8045
ROI_070/patch_72,nearest,64–128,1,1728,0.000,1.000,20.7737,21.7383
ROI_070/patch_72,nearest,≥128,1,404,0.000,1.000,124.3592,125.5479
ROI_070/patch_72,own,0–16,1,120,0.000,1.000,8.8312,9.6627
ROI_070/patch_72,own,16–32,1,365,0.000,1.000,7.9428,8.7869
ROI_070/patch_72,own,32–64,1,928,0.000,1.000,9.4130,10.3946
ROI_070/patch_72,own,64–128,1,3064,0.000,1.000,13.7336,14.6705
ROI_070/patch_72,own,≥128,1,23115,0.000,1.000,12.2811,13.2752
ROI_070/patch_73,nearest,0–16,1,139,0.000,1.000,6.9667,8.7456
ROI_070/patch_73,nearest,16–32,1,404,0.000,1.000,7.1703,9.0458
ROI_070/patch_73,nearest,32–64,1,1221,0.000,1.000,6.9138,8.8376
ROI_070/patch_73,nearest,64–128,1,1855,0.000,1.000,7.5419,9.5636
ROI_070/patch_73,nearest,≥128,1,124,0.000,1.000,48.5348,51.4986
ROI_070/patch_73,own,0–16,1,139,0.000,1.000,6.7936,8.5961
ROI_070/patch_73,own,16–32,1,404,0.000,1.000,6.9353,8.7975
ROI_070/patch_73,own,32–64,1,1281,0.000,1.000,6.4355,8.3483
ROI_070/patch_73,own,64–128,1,4012,0.000,1.000,5.7066,7.6704
ROI_070/patch_73,own,≥128,1,24108,0.000,1.000,7.6329,9.5321
ROI_070/patch_74,nearest,0–16,1,136,0.000,1.000,6.8338,7.9475
ROI_070/patch_74,nearest,16–32,1,419,0.000,1.000,6.6363,7.8441
ROI_070/patch_74,nearest,32–64,1,1208,0.000,1.000,10.9894,12.0845
ROI_070/patch_74,nearest,64–128,1,2040,0.000,1.000,20.2414,21.3799
ROI_070/patch_74,nearest,≥128,1,524,0.000,1.000,255.3645,256.8058
ROI_070/patch_74,own,0–16,1,136,0.000,1.000,6.7900,7.9045
ROI_070/patch_74,own,16–32,1,419,0.000,1.000,6.6524,7.8274
ROI_070/patch_74,own,32–64,1,1315,0.000,1.000,9.5430,10.6615
ROI_070/patch_74,own,64–128,1,4506,0.000,1.000,13.2741,14.4097
ROI_070/patch_74,own,≥128,1,28240,0.000,1.000,25.1537,26.2587
ROI_070/patch_77,nearest,0–16,1,129,0.000,1.000,6.2286,7.4501
ROI_070/patch_77,nearest,16–32,1,365,0.000,1.000,6.1796,7.3663
ROI_070/patch_77,nearest,32–64,1,1191,0.000,1.000,6.8407,8.0696
ROI_070/patch_77,nearest,64–128,1,1507,0.000,1.000,13.8734,15.2632
ROI_070/patch_77,nearest,≥128,1,526,0.000,1.000,37.7353,39.1728
ROI_070/patch_77,own,0–16,1,129,0.000,1.000,6.1845,7.3900
ROI_070/patch_77,own,16–32,1,365,0.000,1.000,6.2015,7.3816
ROI_070/patch_77,own,32–64,1,1255,0.000,1.000,7.2008,8.4270
ROI_070/patch_77,own,64–128,1,4037,0.000,1.000,9.5651,10.9522
ROI_070/patch_77,own,≥128,1,23958,0.000,1.000,18.8689,20.1636
ROI_070/patch_78,nearest,0–16,1,145,0.000,1.000,5.9753,7.0894
ROI_070/patch_78,nearest,16–32,1,410,0.000,1.000,10.4058,11.6025
ROI_070/patch_78,nearest,32–64,1,1007,0.000,1.000,13.6292,14.7103
ROI_070/patch_78,nearest,64–128,1,1139,0.000,1.000,23.7624,24.7105
ROI_070/patch_78,nearest,≥128,1,279,0.000,1.000,101.3873,102.3686
ROI_070/patch_78,own,0–16,1,145,0.000,1.000,6.5608,7.6802
ROI_070/patch_78,own,16–32,1,412,0.000,1.000,11.2017,12.4133
ROI_070/patch_78,own,32–64,1,1159,0.000,1.000,13.1082,14.2000
ROI_070/patch_78,own,64–128,1,3408,0.000,1.000,15.4638,16.5377
ROI_070/patch_78,own,≥128,1,18716,0.000,1.000,37.1045,38.1434
ROI_070/patch_87,nearest,0–16,1,138,0.000,1.000,22.0617,26.5393
ROI_070/patch_87,nearest,16–32,1,368,0.000,1.000,20.2239,24.8898
ROI_070/patch_87,nearest,32–64,1,616,0.000,1.000,31.7910,36.8823
ROI_070/patch_87,nearest,64–128,1,712,0.000,1.000,74.1537,79.6684
ROI_070/patch_87,nearest,≥128,1,141,0.000,1.000,205.1325,212.0534
ROI_070/patch_87,own,0–16,1,138,0.000,1.000,21.9941,26.4900
ROI_070/patch_87,own,16–32,1,374,0.000,1.000,19.8298,24.4927
ROI_070/patch_87,own,32–64,1,919,0.000,1.000,29.5478,34.5738
ROI_070/patch_87,own,64–128,1,2485,0.000,1.000,45.8155,51.2028
ROI_070/patch_87,own,≥128,1,11884,0.000,1.000,56.8071,62.0389
ROI_070/patch_90,nearest,0–16,1,136,0.000,1.000,16.7750,18.5197
ROI_070/patch_90,nearest,16–32,1,325,0.000,1.000,18.5111,20.2096
ROI_070/patch_90,nearest,32–64,1,543,0.000,1.000,23.7038,25.3728
ROI_070/patch_90,nearest,64–128,1,803,0.000,1.000,45.5502,47.4827
ROI_070/patch_90,nearest,≥128,0,17,nan,nan,,
ROI_070/patch_90,own,0–16,1,136,0.000,1.000,16.7275,18.4706
ROI_070/patch_90,own,16–32,1,334,0.000,1.000,18.1759,19.8706
ROI_070/patch_90,own,32–64,1,705,0.000,1.000,24.9580,26.6875
ROI_070/patch_90,own,64–128,1,1789,0.000,1.000,29.5523,31.2554
ROI_070/patch_90,own,≥128,1,11628,0.000,1.000,28.0651,29.9136
ROI_070/patch_92,nearest,0–16,1,147,0.000,1.000,14.2245,15.6191
ROI_070/patch_92,nearest,16–32,1,394,0.000,1.000,14.1077,15.5798
ROI_070/patch_92,nearest,32–64,1,989,0.000,1.000,14.9044,16.4832
ROI_070/patch_92,nearest,64–128,1,1436,0.000,1.000,17.0626,18.8715
ROI_070/patch_92,nearest,≥128,1,430,0.000,1.000,214.8235,216.7868
ROI_070/patch_92,own,0–16,1,147,0.000,1.000,14.2305,15.6157
ROI_070/patch_92,own,16–32,1,394,0.000,1.000,13.9978,15.5122
ROI_070/patch_92,own,32–64,1,1192,0.000,1.000,14.3853,15.9783
ROI_070/patch_92,own,64–128,1,4229,0.000,1.000,18.8562,20.4529
ROI_070/patch_92,own,≥128,1,24602,0.000,1.000,26.0956,27.7831
ROI_070/patch_93,nearest,0–16,1,121,0.000,1.000,863.3792,863.9382
ROI_070/patch_93,nearest,16–32,1,360,0.000,1.000,491.7458,492.2704
ROI_070/patch_93,nearest,32–64,1,938,0.000,1.000,77.0541,77.6323
ROI_070/patch_93,nearest,64–128,1,931,0.000,1.000,100.0060,100.7826
ROI_070/patch_93,nearest,≥128,1,192,0.000,1.000,81.9378,82.4745
ROI_070/patch_93,own,0–16,1,121,0.000,1.000,877.7247,878.2838
ROI_070/patch_93,own,16–32,1,360,0.000,1.000,457.4404,457.9642
ROI_070/patch_93,own,32–64,1,1042,0.000,1.000,78.2626,78.8155
ROI_070/patch_93,own,64–128,1,3107,0.000,1.000,87.0659,87.7299
ROI_070/patch_93,own,≥128,1,15706,0.000,1.000,117.8839,118.5776
ROI_070/patch_96,nearest,0–16,1,128,0.000,1.000,16.2219,17.7292
ROI_070/patch_96,nearest,16–32,1,352,0.000,1.000,17.0952,18.5395
ROI_070/patch_96,nearest,32–64,1,852,0.000,1.000,24.1988,25.7511
ROI_070/patch_96,nearest,64–128,1,1305,0.000,1.000,25.5186,26.5686
ROI_070/patch_96,nearest,≥128,1,88,0.000,1.000,182.3438,183.7267
ROI_070/patch_96,own,0–16,1,128,0.000,1.000,16.2783,17.7769
ROI_070/patch_96,own,16–32,1,352,0.000,1.000,17.1467,18.5977
ROI_070/patch_96,own,32–64,1,913,0.000,1.000,24.7164,26.1740
ROI_070/patch_96,own,64–128,1,3196,0.000,1.000,22.2234,23.4221
ROI_070/patch_96,own,≥128,1,17211,0.000,1.000,27.5813,28.8597
ROI_070/patch_97,nearest,0–16,1,119,0.000,1.000,46.2632,47.2646
ROI_070/patch_97,nearest,16–32,1,337,0.000,1.000,48.1600,49.1532
ROI_070/patch_97,nearest,32–64,1,652,0.000,1.000,50.6284,51.6419
ROI_070/patch_97,nearest,64–128,1,1337,0.000,1.000,50.0788,51.0297
ROI_070/patch_97,nearest,≥128,1,536,0.000,1.000,62.5612,63.4346
ROI_070/patch_97,own,0–16,1,119,0.000,1.000,46.1287,47.1339
ROI_070/patch_97,own,16–32,1,342,0.000,1.000,48.2999,49.2662
ROI_070/patch_97,own,32–64,1,815,0.000,1.000,51.0724,52.0361
ROI_070/patch_97,own,64–128,1,2098,0.000,1.000,51.8171,52.7877
ROI_070/patch_97,own,≥128,1,20474,0.000,1.000,47.7407,48.5863
ROI_070/patch_98,nearest,0–16,1,138,0.000,1.000,11.1105,12.8059
ROI_070/patch_98,nearest,16–32,1,382,0.000,1.000,11.2609,12.8726
ROI_070/patch_98,nearest,32–64,1,1123,0.000,1.000,12.1547,13.7756
ROI_070/patch_98,nearest,64–128,1,2033,0.000,1.000,16.2415,17.8405
ROI_070/patch_98,nearest,≥128,1,406,0.000,1.000,36.5396,38.3581
ROI_070/patch_98,own,0–16,1,138,0.000,1.000,11.1286,12.8456
ROI_070/patch_98,own,16–32,1,382,0.000,1.000,11.3195,12.9622
ROI_070/patch_98,own,32–64,1,1140,0.000,1.000,12.8137,14.4260
ROI_070/patch_98,own,64–128,1,3971,0.000,1.000,15.1212,16.7242
ROI_070/patch_98,own,≥128,1,27025,0.000,1.000,18.3394,20.0388
ROI_070/patch_99,nearest,0–16,1,130,0.000,1.000,16.3671,16.8910
ROI_070/patch_99,nearest,16–32,1,374,0.000,1.000,17.3456,18.0148
ROI_070/patch_99,nearest,32–64,1,1000,0.000,1.000,19.3154,20.1867
ROI_070/patch_99,nearest,64–128,1,1580,0.000,1.000,20.8801,21.9032
ROI_070/patch_99,nearest,≥128,1,348,0.000,1.000,262.0778,263.3348
ROI_070/patch_99,own,0–16,1,130,0.000,1.000,16.3053,16.8400
ROI_070/patch_99,own,16–32,1,374,0.000,1.000,17.4237,18.0840
ROI_070/patch_99,own,32–64,1,1132,0.000,1.000,19.3647,20.2192
ROI_070/patch_99,own,64–128,1,4013,0.000,1.000,21.5660,22.5307
ROI_070/patch_99,own,≥128,1,21807,0.000,1.000,28.4785,29.4060
ROI_070/patch_100,nearest,0–16,1,129,0.000,1.000,65.3741,65.9807
ROI_070/patch_100,nearest,16–32,1,362,0.000,1.000,63.9074,64.4892
ROI_070/patch_100,nearest,32–64,1,854,0.000,1.000,67.2644,67.7502
ROI_070/patch_100,nearest,64–128,1,819,0.000,1.000,68.9560,69.4554
ROI_070/patch_100,nearest,≥128,0,34,nan,nan,,
ROI_070/patch_100,own,0–16,1,129,0.000,1.000,65.3806,65.9973
ROI_070/patch_100,own,16–32,1,362,0.000,1.000,64.1951,64.7495
ROI_070/patch_100,own,32–64,1,978,0.000,1.000,68.3924,68.9023
ROI_070/patch_100,own,64–128,1,2335,0.000,1.000,70.9836,71.4989
ROI_070/patch_100,own,≥128,1,13780,0.000,1.000,80.0193,80.5609
ROI_070/patch_102,nearest,0–16,1,141,0.000,1.000,17.2149,18.9966
ROI_070/patch_102,nearest,16–32,1,356,0.000,1.000,16.4241,18.1002
ROI_070/patch_102,nearest,32–64,1,716,0.000,1.000,17.5673,19.4166
ROI_070/patch_102,nearest,64–128,1,969,0.000,1.000,38.2574,40.3128
ROI_070/patch_102,nearest,≥128,1,631,0.000,1.000,16.1889,18.5921
ROI_070/patch_102,own,0–16,1,141,0.000,1.000,17.0991,18.8670
ROI_070/patch_102,own,16–32,1,356,0.000,1.000,16.2782,17.9674
ROI_070/patch_102,own,32–64,1,895,0.000,1.000,17.8030,19.6942
ROI_070/patch_102,own,64–128,1,3241,0.000,1.000,21.7918,23.7225
ROI_070/patch_102,own,≥128,1,17871,0.000,1.000,19.1582,21.0177
ROI_070/patch_103,nearest,0–16,1,129,0.000,1.000,18.4667,20.3788
ROI_070/patch_103,nearest,16–32,1,387,0.000,1.000,20.2423,22.1918
ROI_070/patch_103,nearest,32–64,1,1024,0.000,1.000,22.9149,24.8787
ROI_070/patch_103,nearest,64–128,1,1167,0.000,1.000,49.8480,52.0407
ROI_070/patch_103,nearest,≥128,1,146,0.000,1.000,47.8512,49.9599
ROI_070/patch_103,own,0–16,1,129,0.000,1.000,18.5274,20.4312
ROI_070/patch_103,own,16–32,1,387,0.000,1.000,20.3019,22.2668
ROI_070/patch_103,own,32–64,1,1198,0.000,1.000,21.3194,23.2633
ROI_070/patch_103,own,64–128,1,3642,0.000,1.000,29.9931,31.9459
ROI_070/patch_103,own,≥128,1,17468,0.000,1.000,32.7751,34.7728
ROI_070/patch_105,nearest,0–16,1,127,0.000,1.000,9.4827,10.2315
ROI_070/patch_105,nearest,16–32,1,350,0.000,1.000,8.7247,9.4862
ROI_070/patch_105,nearest,32–64,1,837,0.000,1.000,9.1386,9.9081
ROI_070/patch_105,nearest,64–128,1,1335,0.000,1.000,9.0212,9.7201
ROI_070/patch_105,nearest,≥128,1,650,0.000,1.000,47.1058,47.8313
ROI_070/patch_105,own,0–16,1,127,0.000,1.000,9.6017,10.3530
ROI_070/patch_105,own,16–32,1,377,0.000,1.000,9.2319,9.9766
ROI_070/patch_105,own,32–64,1,1065,0.000,1.000,9.5080,10.2958
ROI_070/patch_105,own,64–128,1,2914,0.000,1.000,10.1118,10.8561
ROI_070/patch_105,own,≥128,1,21909,0.000,1.000,12.1466,12.9245
ROI_070/patch_106,nearest,0–16,1,130,0.000,1.000,25.7264,28.6670
ROI_070/patch_106,nearest,16–32,1,356,0.000,1.000,25.8189,28.6265
ROI_070/patch_106,nearest,32–64,1,686,0.000,1.000,26.7646,29.7227
ROI_070/patch_106,nearest,64–128,1,920,0.000,1.000,36.4268,39.2677
ROI_070/patch_106,nearest,≥128,1,1030,0.000,1.000,65.1916,67.9748
ROI_070/patch_106,own,0–16,1,130,0.000,1.000,25.6682,28.6121
ROI_070/patch_106,own,16–32,1,365,0.000,1.000,25.8717,28.6918
ROI_070/patch_106,own,32–64,1,1054,0.000,1.000,26.6390,29.4696
ROI_070/patch_106,own,64–128,1,2704,0.000,1.000,29.6566,32.5989
ROI_070/patch_106,own,≥128,1,20723,0.000,1.000,40.4523,43.1792
ROI_070/patch_108,nearest,0–16,1,161,0.000,1.000,30.8177,34.3696
ROI_070/patch_108,nearest,16–32,1,416,0.000,1.000,31.2107,34.8618
ROI_070/patch_108,nearest,32–64,1,1064,0.000,1.000,33.4887,37.4372
ROI_070/patch_108,nearest,64–128,1,1330,0.000,1.000,33.1661,36.9177
ROI_070/patch_108,nearest,≥128,1,531,0.000,1.000,33.7250,37.6691
ROI_070/patch_108,own,0–16,1,161,0.000,1.000,30.8840,34.4290
ROI_070/patch_108,own,16–32,1,416,0.000,1.000,31.3669,34.9768
ROI_070/patch_108,own,32–64,1,1261,0.000,1.000,35.1769,39.1601
ROI_070/patch_108,own,64–128,1,4413,0.000,1.000,31.4618,35.2012
ROI_070/patch_108,own,≥128,1,25267,0.000,1.000,35.8992,39.7253
ROI_070/patch_109,nearest,0–16,1,147,0.000,1.000,15.7747,18.0088
ROI_070/patch_109,nearest,16–32,1,420,0.000,1.000,15.6650,18.1285
ROI_070/patch_109,nearest,32–64,1,1043,0.000,1.000,17.6569,20.3345
ROI_070/patch_109,nearest,64–128,1,758,0.000,1.000,27.0109,29.3411
ROI_070/patch_109,nearest,≥128,1,441,0.000,1.000,136.2990,139.8083
ROI_070/patch_109,own,0–16,1,148,0.000,1.000,15.8316,18.0347
ROI_070/patch_109,own,16–32,1,444,0.000,1.000,15.5734,18.0128
ROI_070/patch_109,own,32–64,1,1445,0.000,1.000,17.5003,20.1700
ROI_070/patch_109,own,64–128,1,4125,0.000,1.000,19.1751,21.7291
ROI_070/patch_109,own,≥128,1,19119,0.000,1.000,33.5314,36.0380
ROI_070/patch_110,nearest,0–16,1,114,0.000,1.000,4.2412,4.8475
ROI_070/patch_110,nearest,16–32,1,306,0.000,1.000,6.3727,6.9283
ROI_070/patch_110,nearest,32–64,1,701,0.000,1.000,23.7827,24.4626
ROI_070/patch_110,nearest,64–128,1,1273,0.000,1.000,11.4664,12.4459
ROI_070/patch_110,nearest,≥128,1,508,0.000,1.000,17.4037,17.9478
ROI_070/patch_110,own,0–16,1,114,0.000,1.000,4.2762,4.8736
ROI_070/patch_110,own,16–32,1,310,0.000,1.000,6.5353,7.0925
ROI_070/patch_110,own,32–64,1,882,0.000,1.000,18.5463,19.2010
ROI_070/patch_110,own,64–128,1,3538,0.000,1.000,10.9923,11.7038
ROI_070/patch_110,own,≥128,1,21274,0.000,1.000,12.7164,13.4425
ROI_070/patch_112,nearest,0–16,1,162,0.000,1.000,20.8535,23.1075
ROI_070/patch_112,nearest,16–32,1,417,0.000,1.000,21.4693,23.7567
ROI_070/patch_112,nearest,32–64,1,918,0.000,1.000,21.4068,23.8422
ROI_070/patch_112,nearest,64–128,1,794,0.000,1.000,31.2106,33.8697
ROI_070/patch_112,nearest,≥128,1,240,0.000,1.000,94.3977,97.0160
ROI_070/patch_112,own,0–16,1,162,0.000,1.000,20.6772,22.9303
ROI_070/patch_112,own,16–32,1,417,0.000,1.000,21.6287,23.9544
ROI_070/patch_112,own,32–64,1,1253,0.000,1.000,21.6707,24.0520
ROI_070/patch_112,own,64–128,1,3983,0.000,1.000,29.1399,31.7069
ROI_070/patch_112,own,≥128,1,16964,0.000,1.000,24.9106,27.4469
ROI_070/patch_113,nearest,0–16,1,131,0.000,1.000,20.8809,21.6502
ROI_070/patch_113,nearest,16–32,1,345,0.000,1.000,26.3612,27.0967
ROI_070/patch_113,nearest,32–64,1,517,0.000,1.000,82.1445,83.0825
ROI_070/patch_113,nearest,64–128,1,597,0.000,1.000,85.9274,87.2475
ROI_070/patch_113,nearest,≥128,1,329,0.000,1.000,202.8127,204.0341
ROI_070/patch_113,own,0–16,1,131,0.000,1.000,20.7547,21.5151
ROI_070/patch_113,own,16–32,1,351,0.000,1.000,30.6169,31.3601
ROI_070/patch_113,own,32–64,1,580,0.000,1.000,72.3696,73.2383
ROI_070/patch_113,own,64–128,1,1619,0.000,1.000,33.6183,34.6102
ROI_070/patch_113,own,≥128,1,12671,0.000,1.000,79.9053,80.9790
ROI_070/patch_114,nearest,0–16,1,157,0.000,1.000,3.0658,4.9320
ROI_070/patch_114,nearest,16–32,1,481,0.000,1.000,3.6117,5.4932
ROI_070/patch_114,nearest,32–64,1,1374,0.000,1.000,4.0924,6.1858
ROI_070/patch_114,nearest,64–128,1,1746,0.000,1.000,6.4454,8.4905
ROI_070/patch_114,nearest,≥128,1,198,0.000,1.000,17.6366,19.4547
ROI_070/patch_114,own,0–16,1,157,0.000,1.000,3.0808,4.9443
ROI_070/patch_114,own,16–32,1,481,0.000,1.000,3.4359,5.3119
ROI_070/patch_114,own,32–64,1,1599,0.000,1.000,4.6112,6.7215
ROI_070/patch_114,own,64–128,1,4703,0.000,1.000,5.4249,7.3630
ROI_070/patch_114,own,≥128,1,28664,0.000,1.000,5.0830,7.0780
ROI_070/patch_115,nearest,0–16,1,145,0.000,1.000,13.0113,14.5026
ROI_070/patch_115,nearest,16–32,1,396,0.000,1.000,11.4818,12.9933
ROI_070/patch_115,nearest,32–64,1,908,0.000,1.000,12.1927,13.7448
ROI_070/patch_115,nearest,64–128,1,1396,0.000,1.000,10.2675,11.8272
ROI_070/patch_115,nearest,≥128,1,1030,0.000,1.000,10.2740,12.1187
ROI_070/patch_115,own,0–16,1,145,0.000,1.000,13.1024,14.6200
ROI_070/patch_115,own,16–32,1,396,0.000,1.000,11.6128,13.1300
ROI_070/patch_115,own,32–64,1,1177,0.000,1.000,12.4611,13.9928
ROI_070/patch_115,own,64–128,1,3497,0.000,1.000,13.3412,14.8833
ROI_070/patch_115,own,≥128,1,25785,0.000,1.000,10.0343,11.7193
ROI_070/patch_117,nearest,0–16,1,135,0.000,1.000,15.5392,17.1137
ROI_070/patch_117,nearest,16–32,1,391,0.000,1.000,15.8271,17.3952
ROI_070/patch_117,nearest,32–64,1,1110,0.000,1.000,18.1624,20.2289
ROI_070/patch_117,nearest,64–128,1,1478,0.000,1.000,26.1535,28.2618
ROI_070/patch_117,nearest,≥128,1,902,0.000,1.000,33.1774,36.8310
ROI_070/patch_117,own,0–16,1,135,0.000,1.000,15.5453,17.1315
ROI_070/patch_117,own,16–32,1,391,0.000,1.000,15.7122,17.2969
ROI_070/patch_117,own,32–64,1,1245,0.000,1.000,18.4038,20.5217
ROI_070/patch_117,own,64–128,1,4192,0.000,1.000,21.7051,23.7245
ROI_070/patch_117,own,≥128,1,26165,0.000,1.000,24.7409,26.9475
ROI_070/patch_118,nearest,0–16,1,117,0.000,1.000,27.0581,31.4498
ROI_070/patch_118,nearest,16–32,1,296,0.000,1.000,26.0069,30.4295
ROI_070/patch_118,nearest,32–64,1,614,0.000,1.000,27.7534,32.0382
ROI_070/patch_118,nearest,64–128,1,1174,0.000,1.000,31.6294,36.1874
ROI_070/patch_118,nearest,≥128,1,873,0.000,1.000,378.2853,382.5138
ROI_070/patch_118,own,0–16,1,117,0.000,1.000,27.1525,31.5660
ROI_070/patch_118,own,16–32,1,302,0.000,1.000,25.5850,29.9898
ROI_070/patch_118,own,32–64,1,792,0.000,1.000,26.8204,31.1894
ROI_070/patch_118,own,64–128,1,2588,0.000,1.000,34.9477,39.2021
ROI_070/patch_118,own,≥128,1,20793,0.000,1.000,80.3716,84.4761
ROI_070/patch_120,nearest,0–16,1,129,0.000,1.000,8.9010,10.9883
ROI_070/patch_120,nearest,16–32,1,338,0.000,1.000,7.8414,10.1295
ROI_070/patch_120,nearest,32–64,1,914,0.000,1.000,6.2044,8.4521
ROI_070/patch_120,nearest,64–128,1,1607,0.000,1.000,10.8627,12.9680
ROI_070/patch_120,nearest,≥128,1,760,0.000,1.000,97.2355,99.5629
ROI_070/patch_120,own,0–16,1,129,0.000,1.000,9.2446,11.3333
ROI_070/patch_120,own,16–32,1,350,0.000,1.000,7.7848,10.1041
ROI_070/patch_120,own,32–64,1,1060,0.000,1.000,6.9296,9.1718
ROI_070/patch_120,own,64–128,1,3205,0.000,1.000,11.3587,13.3754
ROI_070/patch_120,own,≥128,1,25240,0.000,1.000,11.9369,14.1009
ROI_070/patch_121,nearest,0–16,1,98,0.000,1.000,11.3221,13.7935
ROI_070/patch_121,nearest,16–32,1,301,0.000,1.000,12.5029,15.0288
ROI_070/patch_121,nearest,32–64,1,594,0.000,1.000,15.0544,17.4855
ROI_070/patch_121,nearest,64–128,1,1244,0.000,1.000,22.8652,25.2928
ROI_070/patch_121,nearest,≥128,1,608,0.000,1.000,135.4959,138.0044
ROI_070/patch_121,own,0–16,1,98,0.000,1.000,11.2952,13.7606
ROI_070/patch_121,own,16–32,1,314,0.000,1.000,13.0808,15.5909
ROI_070/patch_121,own,32–64,1,748,0.000,1.000,13.0366,15.4611
ROI_070/patch_121,own,64–128,1,1796,0.000,1.000,24.0788,26.4976
ROI_070/patch_121,own,≥128,1,19804,0.000,1.000,46.6892,49.1191
ROI_070/patch_122,nearest,0–16,1,126,0.000,1.000,6.6837,10.5715
ROI_070/patch_122,nearest,16–32,1,362,0.000,1.000,7.1036,11.1097
ROI_070/patch_122,nearest,32–64,1,1024,0.000,1.000,10.9410,15.0171
ROI_070/patch_122,nearest,64–128,1,1849,0.000,1.000,16.1664,20.4351
ROI_070/patch_122,nearest,≥128,1,280,0.000,1.000,27.0876,31.8489
ROI_070/patch_122,own,0–16,1,126,0.000,1.000,7.1319,11.0193
ROI_070/patch_122,own,16–32,1,362,0.000,1.000,7.2291,11.2029
ROI_070/patch_122,own,32–64,1,1099,0.000,1.000,10.2848,14.2534
ROI_070/patch_122,own,64–128,1,3544,0.000,1.000,15.6668,19.8975
ROI_070/patch_122,own,≥128,1,23997,0.000,1.000,13.4369,17.6176
ROI_070/patch_123,,,excluded,,,,,
ROI_070/patch_125,nearest,0–16,1,139,0.000,1.000,15.8307,17.0715
ROI_070/patch_125,nearest,16–32,1,415,0.000,1.000,16.0312,17.4742
ROI_070/patch_125,nearest,32–64,1,963,0.000,1.000,18.1588,20.1093
ROI_070/patch_125,nearest,64–128,1,1431,0.000,1.000,26.5126,28.7705
ROI_070/patch_125,nearest,≥128,1,373,0.000,1.000,29.0368,31.4862
ROI_070/patch_125,own,0–16,1,139,0.000,1.000,15.7363,16.9698
ROI_070/patch_125,own,16–32,1,415,0.000,1.000,15.7219,17.1954
ROI_070/patch_125,own,32–64,1,1070,0.000,1.000,18.5758,20.5586
ROI_070/patch_125,own,64–128,1,3701,0.000,1.000,20.5880,22.6121
ROI_070/patch_125,own,≥128,1,21243,0.000,1.000,20.7031,22.6632
ROI_070/patch_126,nearest,0–16,1,118,0.000,1.000,29.1327,30.1072
ROI_070/patch_126,nearest,16–32,1,372,0.000,1.000,31.5245,32.4923
ROI_070/patch_126,nearest,32–64,1,1024,0.000,1.000,30.5338,31.4213
ROI_070/patch_126,nearest,64–128,1,1233,0.000,1.000,36.1426,37.0828
ROI_070/patch_126,nearest,≥128,1,218,0.000,1.000,63.5941,64.5093
ROI_070/patch_126,own,0–16,1,118,0.000,1.000,29.2012,30.1859
ROI_070/patch_126,own,16–32,1,377,0.000,1.000,30.5016,31.4442
ROI_070/patch_126,own,32–64,1,1176,0.000,1.000,31.3103,32.2206
ROI_070/patch_126,own,64–128,1,3188,0.000,1.000,35.5916,36.4620
ROI_070/patch_126,own,≥128,1,18861,0.000,1.000,32.4179,33.3621
ROI_070/patch_127,nearest,0–16,1,134,0.000,1.000,9.2401,13.5135
ROI_070/patch_127,nearest,16–32,1,428,0.000,1.000,8.5438,13.0455
ROI_070/patch_127,nearest,32–64,1,1092,0.000,1.000,11.6994,16.6516
ROI_070/patch_127,nearest,64–128,1,1646,0.000,1.000,24.9625,30.1450
ROI_070/patch_127,nearest,≥128,1,464,0.000,1.000,24.9440,30.0575
ROI_070/patch_127,own,0–16,1,134,0.000,1.000,9.1434,13.3768
ROI_070/patch_127,own,16–32,1,428,0.000,1.000,8.6000,13.0503
ROI_070/patch_127,own,32–64,1,1326,0.000,1.000,10.9720,15.8557
ROI_070/patch_127,own,64–128,1,4386,0.000,1.000,18.8509,23.9293
ROI_070/patch_127,own,≥128,1,23838,0.000,1.000,22.6550,27.6079
ROI_070/patch_129,nearest,0–16,1,127,0.000,1.000,8.7816,9.6194
ROI_070/patch_129,nearest,16–32,1,392,0.000,1.000,9.0547,9.8970
ROI_070/patch_129,nearest,32–64,1,935,0.000,1.000,14.6589,15.5342
ROI_070/patch_129,nearest,64–128,1,1098,0.000,1.000,29.4639,30.3711
ROI_070/patch_129,nearest,≥128,1,739,0.000,1.000,25.3564,26.2057
ROI_070/patch_129,own,0–16,1,127,0.000,1.000,8.8043,9.6427
ROI_070/patch_129,own,16–32,1,392,0.000,1.000,9.3010,10.1470
ROI_070/patch_129,own,32–64,1,1178,0.000,1.000,14.5952,15.4707
ROI_070/patch_129,own,64–128,1,3972,0.000,1.000,23.7749,24.6649
ROI_070/patch_129,own,≥128,1,20659,0.000,1.000,19.9825,20.8425
ROI_070/patch_131,nearest,0–16,1,154,0.000,1.000,20.8191,22.5839
ROI_070/patch_131,nearest,16–32,1,414,0.000,1.000,20.8304,22.7058
ROI_070/patch_131,nearest,32–64,1,903,0.000,1.000,21.3452,23.7252
ROI_070/patch_131,nearest,64–128,1,793,0.000,1.000,31.0840,34.0700
ROI_070/patch_131,nearest,≥128,1,535,0.000,1.000,35.0416,37.8791
ROI_070/patch_131,own,0–16,1,154,0.000,1.000,20.8134,22.5660
ROI_070/patch_131,own,16–32,1,428,0.000,1.000,20.9374,22.8972
ROI_070/patch_131,own,32–64,1,1050,0.000,1.000,21.0895,23.4432
ROI_070/patch_131,own,64–128,1,2819,0.000,1.000,32.2994,34.9887
ROI_070/patch_131,own,≥128,1,17941,0.000,1.000,26.2918,28.7555
ROI_070/patch_133,nearest,0–16,1,128,0.000,1.000,10.0733,13.8321
ROI_070/patch_133,nearest,16–32,1,340,0.000,1.000,7.3231,10.9241
ROI_070/patch_133,nearest,32–64,1,690,0.000,1.000,14.1219,17.4863
ROI_070/patch_133,nearest,64–128,1,868,0.000,1.000,14.2046,17.9794
ROI_070/patch_133,nearest,≥128,1,212,0.000,1.000,43.3492,47.2010
ROI_070/patch_133,own,0–16,1,128,0.000,1.000,10.6002,14.3479
ROI_070/patch_133,own,16–32,1,346,0.000,1.000,7.5427,11.0422
ROI_070/patch_133,own,32–64,1,882,0.000,1.000,10.4925,13.8799
ROI_070/patch_133,own,64–128,1,2425,0.000,1.000,14.0382,17.5476
ROI_070/patch_133,own,≥128,1,14123,0.000,1.000,13.7445,17.2396
ROI_070/patch_135,nearest,0–16,1,96,0.000,1.000,91.4423,94.1117
ROI_070/patch_135,nearest,16–32,1,256,0.000,1.000,91.0840,93.6898
ROI_070/patch_135,nearest,32–64,1,807,0.000,1.000,132.6122,135.8730
ROI_070/patch_135,nearest,64–128,1,1440,0.000,1.000,101.7257,104.8479
ROI_070/patch_135,nearest,≥128,1,257,0.000,1.000,153.8543,157.1451
ROI_070/patch_135,own,0–16,1,96,0.000,1.000,90.5578,93.2236
ROI_070/patch_135,own,16–32,1,256,0.000,1.000,91.4750,94.0828
ROI_070/patch_135,own,32–64,1,887,0.000,1.000,129.1921,132.3621
ROI_070/patch_135,own,64–128,1,3181,0.000,1.000,96.9240,100.0007
ROI_070/patch_135,own,≥128,1,18428,0.000,1.000,164.7117,167.9990
ROI_070/patch_137,nearest,0–16,1,125,0.000,1.000,9.4665,11.2566
ROI_070/patch_137,nearest,16–32,1,312,0.000,1.000,10.6854,12.4710
ROI_070/patch_137,nearest,32–64,1,823,0.000,1.000,13.3626,15.2537
ROI_070/patch_137,nearest,64–128,1,1161,0.000,1.000,35.5597,37.5072
ROI_070/patch_137,nearest,≥128,1,716,0.000,1.000,63.8994,65.6506
ROI_070/patch_137,own,0–16,1,125,0.000,1.000,9.4127,11.2089
ROI_070/patch_137,own,16–32,1,329,0.000,1.000,10.3040,12.0985
ROI_070/patch_137,own,32–64,1,1128,0.000,1.000,11.4913,13.3875
ROI_070/patch_137,own,64–128,1,2763,0.000,1.000,17.5723,19.5711
ROI_070/patch_137,own,≥128,1,20751,0.000,1.000,22.7504,24.5842
ROI_070/patch_151,nearest,0–16,1,64,0.000,1.000,46.6542,49.1156
ROI_070/patch_151,nearest,16–32,1,158,0.000,1.000,20.9247,23.3594
ROI_070/patch_151,nearest,32–64,1,311,0.000,1.000,21.7438,24.8373
ROI_070/patch_151,nearest,64–128,1,308,0.000,1.000,67.6365,71.2450
ROI_070/patch_151,nearest,≥128,0,14,nan,nan,,
ROI_070/patch_151,own,0–16,1,64,0.000,1.000,46.8634,49.3262
ROI_070/patch_151,own,16–32,1,163,0.000,1.000,24.0148,26.4758
ROI_070/patch_151,own,32–64,1,417,0.000,1.000,29.2184,32.3610
ROI_070/patch_151,own,64–128,1,1248,0.000,1.000,22.3738,25.2808
ROI_070/patch_151,own,≥128,1,5803,0.000,1.000,31.8216,34.5977
ROI_070/patch_152,nearest,0–16,1,86,0.000,1.000,143.5865,151.4706
ROI_070/patch_152,nearest,16–32,1,226,0.000,1.000,130.9636,139.1559
ROI_070/patch_152,nearest,32–64,1,449,0.000,1.000,167.2014,175.6100
ROI_070/patch_152,nearest,64–128,1,920,0.050,1.000,817.3198,825.5789
ROI_070/patch_152,nearest,≥128,1,278,0.000,1.000,954.6885,963.5287
ROI_070/patch_152,own,0–16,1,86,0.000,1.000,144.1752,152.0708
ROI_070/patch_152,own,16–32,1,226,0.000,1.000,129.6019,137.7254
ROI_070/patch_152,own,32–64,1,568,0.000,1.000,114.2252,122.4261
ROI_070/patch_152,own,64–128,1,1933,0.000,1.000,352.1874,360.3528
ROI_070/patch_152,own,≥128,1,12859,0.100,1.000,488.5490,497.0080
ROI_070/patch_155,nearest,0–16,1,115,0.000,1.000,72.9838,78.4604
ROI_070/patch_155,nearest,16–32,1,371,0.000,1.000,67.8015,73.5755
ROI_070/patch_155,nearest,32–64,1,1008,0.000,1.000,79.5767,85.4481
ROI_070/patch_155,nearest,64–128,1,993,0.000,1.000,399.8701,405.2635
ROI_070/patch_155,nearest,≥128,1,367,0.000,1.000,877.5408,883.1793
ROI_070/patch_155,own,0–16,1,115,0.000,1.000,74.4737,79.9510
ROI_070/patch_155,own,16–32,1,371,0.000,1.000,67.2757,73.0578
ROI_070/patch_155,own,32–64,1,1125,0.000,1.000,78.8566,84.8097
ROI_070/patch_155,own,64–128,1,3083,0.000,1.000,140.4913,146.0785
ROI_070/patch_155,own,≥128,1,18138,0.000,1.000,289.3543,294.8951
ROI_070/patch_157,nearest,0–16,1,118,0.000,1.000,10.8625,11.9640
ROI_070/patch_157,nearest,16–32,1,343,0.000,1.000,10.5136,11.8743
ROI_070/patch_157,nearest,32–64,1,818,0.000,1.000,16.0450,18.1672
ROI_070/patch_157,nearest,64–128,1,652,0.000,1.000,137.0609,139.6842
ROI_070/patch_157,nearest,≥128,1,85,0.150,1.000,205.1731,206.2789
ROI_070/patch_157,own,0–16,1,118,0.000,1.000,10.9631,12.0617
ROI_070/patch_157,own,16–32,1,343,0.000,1.000,10.6693,12.0833
ROI_070/patch_157,own,32–64,1,883,0.000,1.000,17.6003,19.7326
ROI_070/patch_157,own,64–128,1,2274,0.000,1.000,76.0589,77.9332
ROI_070/patch_157,own,≥128,1,12510,0.000,1.000,33.4815,35.1600
ROI_070/patch_158,nearest,0–16,1,144,0.000,1.000,8.7122,12.8948
ROI_070/patch_158,nearest,16–32,1,407,0.000,1.000,8.9440,13.1265
ROI_070/patch_158,nearest,32–64,1,1269,0.000,1.000,10.1357,14.4295
ROI_070/patch_158,nearest,64–128,1,1891,0.000,1.000,10.6849,15.2705
ROI_070/patch_158,nearest,≥128,1,319,0.000,1.000,34.9455,39.7618
ROI_070/patch_158,own,0–16,1,144,0.000,1.000,9.0477,13.2581
ROI_070/patch_158,own,16–32,1,407,0.000,1.000,8.6244,12.7589
ROI_070/patch_158,own,32–64,1,1379,0.000,1.000,10.2675,14.5891
ROI_070/patch_158,own,64–128,1,4034,0.000,1.000,14.4122,18.9508
ROI_070/patch_158,own,≥128,1,26276,0.000,1.000,11.2551,15.8504
ROI_070/patch_159,nearest,0–16,1,130,0.000,1.000,7.9035,9.2289
ROI_070/patch_159,nearest,16–32,1,385,0.000,1.000,7.5162,8.7623
ROI_070/patch_159,nearest,32–64,1,1194,0.000,1.000,9.7117,11.1225
ROI_070/patch_159,nearest,64–128,1,1821,0.000,1.000,29.6167,31.1551
ROI_070/patch_159,nearest,≥128,1,623,0.000,1.000,57.8090,60.2161
ROI_070/patch_159,own,0–16,1,130,0.000,1.000,7.9788,9.3025
ROI_070/patch_159,own,16–32,1,385,0.000,1.000,7.4603,8.7011
ROI_070/patch_159,own,32–64,1,1240,0.000,1.000,9.5280,10.9531
ROI_070/patch_159,own,64–128,1,3871,0.000,1.000,13.4693,15.0007
ROI_070/patch_159,own,≥128,1,27598,0.000,1.000,14.8385,16.3471
ROI_070/patch_160,nearest,0–16,1,108,0.000,1.000,15.5706,18.0267
ROI_070/patch_160,nearest,16–32,1,350,0.000,1.000,16.5025,18.7907
ROI_070/patch_160,nearest,32–64,1,907,0.000,1.000,17.2198,19.9474
ROI_070/patch_160,nearest,64–128,1,1227,0.000,1.000,17.7793,21.0009
ROI_070/patch_160,nearest,≥128,1,224,0.000,1.000,90.7182,94.3485
ROI_070/patch_160,own,0–16,1,108,0.000,1.000,15.5923,18.0219
ROI_070/patch_160,own,16–32,1,350,0.000,1.000,16.3558,18.6518
ROI_070/patch_160,own,32–64,1,1020,0.000,1.000,17.4363,20.2759
ROI_070/patch_160,own,64–128,1,2896,0.000,1.000,16.2244,19.1482
ROI_070/patch_160,own,≥128,1,18154,0.000,1.000,26.4635,29.2879
ROI_070/patch_161,nearest,0–16,1,135,0.000,1.000,6.7729,7.9402
ROI_070/patch_161,nearest,16–32,1,408,0.000,1.000,5.9688,7.1245
ROI_070/patch_161,nearest,32–64,1,1070,0.000,1.000,6.4445,7.4634
ROI_070/patch_161,nearest,64–128,1,1690,0.000,1.000,23.3575,24.4294
ROI_070/patch_161,nearest,≥128,1,507,0.000,1.000,22.7748,25.5535
ROI_070/patch_161,own,0–16,1,135,0.000,1.000,6.8676,8.0311
ROI_070/patch_161,own,16–32,1,408,0.000,1.000,5.7664,6.9301
ROI_070/patch_161,own,32–64,1,1167,0.000,1.000,6.9707,7.9740
ROI_070/patch_161,own,64–128,1,3387,0.000,1.000,15.0242,16.1075
ROI_070/patch_161,own,≥128,1,25383,0.000,1.000,14.3402,15.4789
ROI_070/patch_163,nearest,0–16,1,136,0.000,1.000,15.7862,16.6536
ROI_070/patch_163,nearest,16–32,1,404,0.000,1.000,15.7460,16.6378
ROI_070/patch_163,nearest,32–64,1,1146,0.000,1.000,15.6787,16.5494
ROI_070/patch_163,nearest,64–128,1,2325,0.000,1.000,14.5299,15.4210
ROI_070/patch_163,nearest,≥128,1,492,0.000,1.000,16.2436,17.1517
ROI_070/patch_163,own,0–16,1,136,0.000,1.000,15.7236,16.5885
ROI_070/patch_163,own,16–32,1,404,0.000,1.000,15.8031,16.6948
ROI_070/patch_163,own,32–64,1,1323,0.000,1.000,16.3308,17.2051
ROI_070/patch_163,own,64–128,1,4484,0.000,1.000,15.2809,16.1762
ROI_070/patch_163,own,≥128,1,29677,0.000,1.000,14.8701,15.7734
ROI_070/patch_164,nearest,0–16,1,147,0.000,1.000,3.8621,5.9966
ROI_070/patch_164,nearest,16–32,1,408,0.000,1.000,3.7358,5.8671
ROI_070/patch_164,nearest,32–64,1,1273,0.000,1.000,4.1571,6.2620
ROI_070/patch_164,nearest,64–128,1,1903,0.000,1.000,4.8936,7.2317
ROI_070/patch_164,nearest,≥128,1,235,0.000,1.000,143.9197,146.9148
ROI_070/patch_164,own,0–16,1,147,0.000,1.000,3.8334,5.9808
ROI_070/patch_164,own,16–32,1,408,0.000,1.000,3.6738,5.7824
ROI_070/patch_164,own,32–64,1,1365,0.000,1.000,4.0788,6.2959
ROI_070/patch_164,own,64–128,1,4122,0.000,1.000,4.4502,6.7109
ROI_070/patch_164,own,≥128,1,25686,0.000,1.000,7.5754,9.9640
ROI_070/patch_167,nearest,0–16,1,142,0.000,1.000,11.9067,12.9738
ROI_070/patch_167,nearest,16–32,1,402,0.000,1.000,13.8146,15.1256
ROI_070/patch_167,nearest,32–64,1,671,0.000,1.000,20.7217,22.1613
ROI_070/patch_167,nearest,64–128,1,530,0.000,1.000,127.5337,128.4689
ROI_070/patch_167,nearest,≥128,1,461,0.000,1.000,94.9357,96.1918
ROI_070/patch_167,own,0–16,1,142,0.000,1.000,11.9513,13.0052
ROI_070/patch_167,own,16–32,1,403,0.000,1.000,13.7519,15.0923
ROI_070/patch_167,own,32–64,1,996,0.000,1.000,20.6663,22.1799
ROI_070/patch_167,own,64–128,1,2934,0.000,1.000,33.7970,34.9827
ROI_070/patch_167,own,≥128,1,13173,0.000,1.000,37.6570,38.8295
ROI_071/patch_0,nearest,0–16,1,134,0.000,1.000,8.4616,9.9001
ROI_071/patch_0,nearest,16–32,1,397,0.000,1.000,7.8888,9.4227
ROI_071/patch_0,nearest,32–64,1,1347,0.000,1.000,9.0954,10.6902
ROI_071/patch_0,nearest,64–128,1,2811,0.000,1.000,11.2509,12.7058
ROI_071/patch_0,nearest,≥128,1,307,0.000,1.000,12.1061,13.7189
ROI_071/patch_0,own,0–16,1,134,0.000,1.000,8.4113,9.8672
ROI_071/patch_0,own,16–32,1,397,0.000,1.000,8.0775,9.6857
ROI_071/patch_0,own,32–64,1,1351,0.000,1.000,9.3359,10.9525
ROI_071/patch_0,own,64–128,1,4560,0.000,1.000,11.4704,13.0510
ROI_071/patch_0,own,≥128,1,33526,0.000,1.000,11.0008,12.5524
ROI_071/patch_1,nearest,0–16,1,111,0.000,1.000,9.2267,10.5872
ROI_071/patch_1,nearest,16–32,1,337,0.000,1.000,8.0317,9.3336
ROI_071/patch_1,nearest,32–64,1,1185,0.000,1.000,8.0607,9.3691
ROI_071/patch_1,nearest,64–128,1,2687,0.000,1.000,9.2798,10.8153
ROI_071/patch_1,nearest,≥128,1,847,0.000,1.000,9.8310,11.1546
ROI_071/patch_1,own,0–16,1,111,0.000,1.000,9.0476,10.3969
ROI_071/patch_1,own,16–32,1,337,0.000,1.000,8.1041,9.4186
ROI_071/patch_1,own,32–64,1,1211,0.000,1.000,7.9320,9.2924
ROI_071/patch_1,own,64–128,1,4360,0.000,1.000,8.8166,10.2471
ROI_071/patch_1,own,≥128,1,35317,0.000,1.000,8.5525,9.9957
ROI_071/patch_2,nearest,0–16,1,139,0.000,1.000,5.6967,7.4134
ROI_071/patch_2,nearest,16–32,1,390,0.000,1.000,5.1219,6.7881
ROI_071/patch_2,nearest,32–64,1,1307,0.000,1.000,5.4396,7.2765
ROI_071/patch_2,nearest,64–128,1,2469,0.000,1.000,7.7791,9.6957
ROI_071/patch_2,nearest,≥128,1,290,0.000,1.000,34.0100,36.6507
ROI_071/patch_2,own,0–16,1,139,0.000,1.000,5.7241,7.4252
ROI_071/patch_2,own,16–32,1,390,0.000,1.000,5.3587,7.0636
ROI_071/patch_2,own,32–64,1,1397,0.000,1.000,6.2788,8.0707
ROI_071/patch_2,own,64–128,1,4388,0.000,1.000,8.7340,10.6101
ROI_071/patch_2,own,≥128,1,30446,0.000,1.000,6.8528,8.7446
ROI_071/patch_3,nearest,0–16,1,145,0.000,1.000,7.9498,8.8998
ROI_071/patch_3,nearest,16–32,1,406,0.000,1.000,8.5866,9.7267
ROI_071/patch_3,nearest,32–64,1,1325,0.000,1.000,5.2619,6.2431
ROI_071/patch_3,nearest,64–128,1,2382,0.000,1.000,4.1692,5.3121
ROI_071/patch_3,nearest,≥128,1,413,0.000,1.000,4.0595,5.3076
ROI_071/patch_3,own,0–16,1,145,0.000,1.000,7.6992,8.6699
ROI_071/patch_3,own,16–32,1,406,0.000,1.000,8.7135,9.8995
ROI_071/patch_3,own,32–64,1,1353,0.000,1.000,5.4278,6.4417
ROI_071/patch_3,own,64–128,1,4797,0.000,1.000,4.3060,5.3947
ROI_071/patch_3,own,≥128,1,30667,0.000,1.000,5.0151,6.1580
ROI_071/patch_4,nearest,0–16,1,138,0.000,1.000,4.9598,7.3833
ROI_071/patch_4,nearest,16–32,1,385,0.000,1.000,5.4268,7.8846
ROI_071/patch_4,nearest,32–64,1,1204,0.000,1.000,7.2311,9.7726
ROI_071/patch_4,nearest,64–128,1,2208,0.000,1.000,7.4256,10.1878
ROI_071/patch_4,nearest,≥128,1,668,0.000,1.000,13.9868,16.4099
ROI_071/patch_4,own,0–16,1,138,0.000,1.000,5.0461,7.4615
ROI_071/patch_4,own,16–32,1,385,0.000,1.000,5.2579,7.7204
ROI_071/patch_4,own,32–64,1,1280,0.000,1.000,7.7991,10.4038
ROI_071/patch_4,own,64–128,1,4348,0.000,1.000,6.8433,9.5471
ROI_071/patch_4,own,≥128,1,30673,0.000,1.000,6.9545,9.5607
ROI_071/patch_5,nearest,0–16,1,148,0.000,1.000,4.8597,7.8652
ROI_071/patch_5,nearest,16–32,1,404,0.000,1.000,5.0299,7.8267
ROI_071/patch_5,nearest,32–64,1,1307,0.000,1.000,6.4060,9.4372
ROI_071/patch_5,nearest,64–128,1,2082,0.000,1.000,7.0118,10.2976
ROI_071/patch_5,nearest,≥128,1,713,0.000,1.000,8.3666,11.9273
ROI_071/patch_5,own,0–16,1,148,0.000,1.000,4.9010,7.8679
ROI_071/patch_5,own,16–32,1,404,0.000,1.000,5.0041,7.7711
ROI_071/patch_5,own,32–64,1,1321,0.000,1.000,6.3238,9.3833
ROI_071/patch_5,own,64–128,1,4553,0.000,1.000,8.1552,11.2273
ROI_071/patch_5,own,≥128,1,30806,0.000,1.000,7.1811,10.3651
ROI_071/patch_6,nearest,0–16,1,111,0.000,1.000,11.6765,12.3260
ROI_071/patch_6,nearest,16–32,1,322,0.000,1.000,12.1350,12.8006
ROI_071/patch_6,nearest,32–64,1,939,0.000,1.000,14.8682,15.6599
ROI_071/patch_6,nearest,64–128,1,1939,0.000,1.000,36.5216,37.1968
ROI_071/patch_6,nearest,≥128,1,577,0.000,1.000,33.5096,34.2021
ROI_071/patch_6,own,0–16,1,111,0.000,1.000,11.6175,12.2669
ROI_071/patch_6,own,16–32,1,322,0.000,1.000,12.0716,12.7666
ROI_071/patch_6,own,32–64,1,1046,0.000,1.000,14.1742,14.9772
ROI_071/patch_6,own,64–128,1,3388,0.000,1.000,32.8569,33.5949
ROI_071/patch_6,own,≥128,1,26237,0.000,1.000,24.2066,24.9405
ROI_071/patch_7,nearest,0–16,1,132,0.000,1.000,6.8642,8.9179
ROI_071/patch_7,nearest,16–32,1,368,0.000,1.000,6.3081,8.2714
ROI_071/patch_7,nearest,32–64,1,1087,0.000,1.000,8.8412,10.9009
ROI_071/patch_7,nearest,64–128,1,2011,0.000,1.000,20.0023,22.0360
ROI_071/patch_7,nearest,≥128,1,693,0.000,1.000,16.9773,19.0596
ROI_071/patch_7,own,0–16,1,132,0.000,1.000,6.9578,9.0282
ROI_071/patch_7,own,16–32,1,384,0.000,1.000,6.5316,8.4963
ROI_071/patch_7,own,32–64,1,1299,0.000,1.000,8.1046,10.1070
ROI_071/patch_7,own,64–128,1,4231,0.000,1.000,14.2137,16.3093
ROI_071/patch_7,own,≥128,1,28282,0.000,1.000,12.6445,14.7548
ROI_071/patch_8,nearest,0–16,1,95,0.000,1.000,78.2125,79.4225
ROI_071/patch_8,nearest,16–32,1,304,0.000,1.000,13.4464,14.6481
ROI_071/patch_8,nearest,32–64,1,621,0.000,1.000,57.7237,58.9222
ROI_071/patch_8,nearest,64–128,1,619,0.000,1.000,340.4174,341.8039
ROI_071/patch_8,nearest,≥128,1,267,0.000,1.000,942.3473,944.2082
ROI_071/patch_8,own,0–16,1,95,0.000,1.000,95.4183,96.6278
ROI_071/patch_8,own,16–32,1,309,0.000,1.000,12.8811,14.1044
ROI_071/patch_8,own,32–64,1,836,0.000,1.000,63.0761,64.2424
ROI_071/patch_8,own,64–128,1,2091,0.050,1.000,101.5991,102.8289
ROI_071/patch_8,own,≥128,1,11917,0.250,1.000,509.5174,510.9833
ROI_071/patch_9,nearest,0–16,1,137,0.000,1.000,5.0044,6.3077
ROI_071/patch_9,nearest,16–32,1,398,0.000,1.000,4.9508,6.2233
ROI_071/patch_9,nearest,32–64,1,1165,0.000,1.000,8.4786,9.6476
ROI_071/patch_9,nearest,64–128,1,1693,0.000,1.000,11.3007,12.5251
ROI_071/patch_9,nearest,≥128,1,957,0.000,1.000,26.8102,28.3910
ROI_071/patch_9,own,0–16,1,137,0.000,1.000,5.0907,6.4081
ROI_071/patch_9,own,16–32,1,398,0.000,1.000,4.9250,6.2057
ROI_071/patch_9,own,32–64,1,1306,0.000,1.000,6.6830,7.8249
ROI_071/patch_9,own,64–128,1,3901,0.000,1.000,6.2433,7.4314
ROI_071/patch_9,own,≥128,1,29058,0.000,1.000,9.6023,10.8412
ROI_071/patch_15,nearest,0–16,1,134,0.000,1.000,11.2067,12.7133
ROI_071/patch_15,nearest,16–32,1,349,0.000,1.000,10.0625,11.6085
ROI_071/patch_15,nearest,32–64,1,1093,0.000,1.000,9.6316,11.2639
ROI_071/patch_15,nearest,64–128,1,2188,0.000,1.000,14.6646,16.4936
ROI_071/patch_15,nearest,≥128,1,674,0.000,1.000,17.9387,19.8748
ROI_071/patch_15,own,0–16,1,134,0.000,1.000,11.1048,12.5835
ROI_071/patch_15,own,16–32,1,349,0.000,1.000,9.9947,11.5062
ROI_071/patch_15,own,32–64,1,1127,0.000,1.000,9.0594,10.7252
ROI_071/patch_15,own,64–128,1,4127,0.000,1.000,13.1687,14.9323
ROI_071/patch_15,own,≥128,1,29767,0.000,1.000,17.7809,19.4610
ROI_071/patch_16,nearest,0–16,1,116,0.000,1.000,4.7846,6.8502
ROI_071/patch_16,nearest,16–32,1,342,0.000,1.000,4.6454,6.6560
ROI_071/patch_16,nearest,32–64,1,952,0.000,1.000,8.5706,10.6410
ROI_071/patch_16,nearest,64–128,1,1839,0.000,1.000,14.7794,16.9169
ROI_071/patch_16,nearest,≥128,1,510,0.000,1.000,48.0335,50.6782
ROI_071/patch_16,own,0–16,1,116,0.000,1.000,4.6649,6.7092
ROI_071/patch_16,own,16–32,1,342,0.000,1.000,5.0065,7.0056
ROI_071/patch_16,own,32–64,1,1097,0.000,1.000,7.9339,10.0463
ROI_071/patch_16,own,64–128,1,3381,0.000,1.000,16.5603,18.8018
ROI_071/patch_16,own,≥128,1,25136,0.000,1.000,13.2153,15.4121
ROI_071/patch_17,nearest,0–16,1,148,0.000,1.000,4.2953,5.7820
ROI_071/patch_17,nearest,16–32,1,403,0.000,1.000,3.7325,5.3457
ROI_071/patch_17,nearest,32–64,1,1168,0.000,1.000,4.7104,6.4143
ROI_071/patch_17,nearest,64–128,1,1975,0.000,1.000,4.5675,6.1985
ROI_071/patch_17,nearest,≥128,1,492,0.000,1.000,24.7660,26.2437
ROI_071/patch_17,own,0–16,1,148,0.000,1.000,4.2186,5.6989
ROI_071/patch_17,own,16–32,1,417,0.000,1.000,3.8606,5.4146
ROI_071/patch_17,own,32–64,1,1318,0.000,1.000,4.6294,6.1494
ROI_071/patch_17,own,64–128,1,3840,0.000,1.000,5.6115,7.1924
ROI_071/patch_17,own,≥128,1,27765,0.000,1.000,5.8133,7.4844
ROI_071/patch_18,nearest,0–16,1,147,0.000,1.000,2.2510,4.5092
ROI_071/patch_18,nearest,16–32,1,423,0.000,1.000,2.3063,4.6313
ROI_071/patch_18,nearest,32–64,1,1247,0.000,1.000,2.8673,5.0927
ROI_071/patch_18,nearest,64–128,1,2076,0.000,1.000,4.6631,7.2434
ROI_071/patch_18,nearest,≥128,1,695,0.000,1.000,4.5096,7.1132
ROI_071/patch_18,own,0–16,1,147,0.000,1.000,2.2638,4.5148
ROI_071/patch_18,own,16–32,1,423,0.000,1.000,2.3443,4.8254
ROI_071/patch_18,own,32–64,1,1417,0.000,1.000,3.1049,5.3953
ROI_071/patch_18,own,64–128,1,5101,0.000,1.000,3.3176,5.9053
ROI_071/patch_18,own,≥128,1,29616,0.000,1.000,2.9915,5.4510
ROI_071/patch_19,nearest,0–16,1,140,0.000,1.000,7.8126,9.6986
ROI_071/patch_19,nearest,16–32,1,445,0.000,1.000,8.3601,10.4336
ROI_071/patch_19,nearest,32–64,1,1442,0.000,1.000,9.0127,11.2209
ROI_071/patch_19,nearest,64–128,1,2247,0.000,1.000,9.2066,11.2302
ROI_071/patch_19,nearest,≥128,1,636,0.000,1.000,14.9297,16.6366
ROI_071/patch_19,own,0–16,1,140,0.000,1.000,7.7982,9.6544
ROI_071/patch_19,own,16–32,1,445,0.000,1.000,8.2078,10.3476
ROI_071/patch_19,own,32–64,1,1534,0.000,1.000,9.2276,11.4536
ROI_071/patch_19,own,64–128,1,5248,0.000,1.000,9.2804,11.3193
ROI_071/patch_19,own,≥128,1,31913,0.000,1.000,10.1337,12.1953
ROI_071/patch_20,nearest,0–16,1,139,0.000,1.000,9.6089,10.8261
ROI_071/patch_20,nearest,16–32,1,403,0.000,1.000,9.1821,10.4687
ROI_071/patch_20,nearest,32–64,1,1042,0.000,1.000,11.2368,12.7745
ROI_071/patch_20,nearest,64–128,1,1584,0.000,1.000,23.0866,24.5946
ROI_071/patch_20,nearest,≥128,1,1323,0.000,1.000,17.9580,18.8463
ROI_071/patch_20,own,0–16,1,139,0.000,1.000,9.5669,10.7914
ROI_071/patch_20,own,16–32,1,403,0.000,1.000,9.3161,10.5841
ROI_071/patch_20,own,32–64,1,1296,0.000,1.000,10.5913,12.0820
ROI_071/patch_20,own,64–128,1,4319,0.000,1.000,13.7766,15.1223
ROI_071/patch_20,own,≥128,1,29771,0.000,1.000,14.4115,15.7232
ROI_071/patch_21,nearest,0–16,1,141,0.000,1.000,3.4105,4.6706
ROI_071/patch_21,nearest,16–32,1,389,0.000,1.000,3.3887,4.5800
ROI_071/patch_21,nearest,32–64,1,1374,0.000,1.000,3.3878,4.6304
ROI_071/patch_21,nearest,64–128,1,2808,0.000,1.000,4.7320,6.1720
ROI_071/patch_21,nearest,≥128,1,468,0.000,1.000,5.7305,6.7807
ROI_071/patch_21,own,0–16,1,141,0.000,1.000,3.3392,4.5912
ROI_071/patch_21,own,16–32,1,389,0.000,1.000,2.9777,4.1858
ROI_071/patch_21,own,32–64,1,1419,0.000,1.000,3.5845,4.8534
ROI_071/patch_21,own,64–128,1,4524,0.000,1.000,3.9427,5.3911
ROI_071/patch_21,own,≥128,1,34967,0.000,1.000,4.7287,5.9625
ROI_071/patch_22,nearest,0–16,1,119,0.000,1.000,1.8267,3.2593
ROI_071/patch_22,nearest,16–32,1,342,0.000,1.000,1.9677,3.5550
ROI_071/patch_22,nearest,32–64,1,1236,0.000,1.000,3.2051,4.7872
ROI_071/patch_22,nearest,64–128,1,2806,0.000,1.000,4.8402,6.2263
ROI_071/patch_22,nearest,≥128,1,784,0.000,1.000,7.4732,8.9856
ROI_071/patch_22,own,0–16,1,119,0.000,1.000,1.8027,3.2316
ROI_071/patch_22,own,16–32,1,342,0.000,1.000,1.9513,3.5348
ROI_071/patch_22,own,32–64,1,1284,0.000,1.000,3.1863,4.8419
ROI_071/patch_22,own,64–128,1,4763,0.000,1.000,3.2755,4.7875
ROI_071/patch_22,own,≥128,1,35788,0.000,1.000,6.4657,7.9856
ROI_071/patch_23,nearest,0–16,1,138,0.000,1.000,2.7121,4.1991
ROI_071/patch_23,nearest,16–32,1,422,0.000,1.000,2.6398,4.1792
ROI_071/patch_23,nearest,32–64,1,1499,0.000,1.000,2.6706,4.2698
ROI_071/patch_23,nearest,64–128,1,2426,0.000,1.000,2.8466,4.5336
ROI_071/patch_23,nearest,≥128,1,710,0.000,1.000,3.7194,5.4604
ROI_071/patch_23,own,0–16,1,138,0.000,1.000,2.7454,4.2100
ROI_071/patch_23,own,16–32,1,422,0.000,1.000,2.6608,4.1673
ROI_071/patch_23,own,32–64,1,1544,0.000,1.000,2.6318,4.3154
ROI_071/patch_23,own,64–128,1,5398,0.000,1.000,2.8090,4.4007
ROI_071/patch_23,own,≥128,1,34058,0.000,1.000,2.8471,4.5749
ROI_071/patch_24,nearest,0–16,1,134,0.000,1.000,4.3909,5.2872
ROI_071/patch_24,nearest,16–32,1,388,0.000,1.000,4.6425,5.4321
ROI_071/patch_24,nearest,32–64,1,1188,0.000,1.000,5.1034,5.9230
ROI_071/patch_24,nearest,64–128,1,2683,0.000,1.000,4.3917,5.2597
ROI_071/patch_24,nearest,≥128,1,662,0.000,1.000,4.7610,5.4440
ROI_071/patch_24,own,0–16,1,134,0.000,1.000,4.3966,5.2809
ROI_071/patch_24,own,16–32,1,400,0.000,1.000,4.6536,5.4365
ROI_071/patch_24,own,32–64,1,1409,0.000,1.000,5.3550,6.1722
ROI_071/patch_24,own,64–128,1,5120,0.000,1.000,4.5736,5.4566
ROI_071/patch_24,own,≥128,1,33377,0.000,1.000,4.3722,5.1576
ROI_071/patch_25,nearest,0–16,1,152,0.000,1.000,1.6856,2.5607
ROI_071/patch_25,nearest,16–32,1,443,0.000,1.000,1.9473,2.9726
ROI_071/patch_25,nearest,32–64,1,1551,0.000,1.000,2.0480,3.4978
ROI_071/patch_25,nearest,64–128,1,2701,0.000,1.000,1.9115,3.1668
ROI_071/patch_25,nearest,≥128,1,439,0.000,1.000,4.5446,5.7446
ROI_071/patch_25,own,0–16,1,152,0.000,1.000,1.6227,2.5012
ROI_071/patch_25,own,16–32,1,443,0.000,1.000,1.9361,2.9740
ROI_071/patch_25,own,32–64,1,1613,0.000,1.000,2.0541,3.4664
ROI_071/patch_25,own,64–128,1,4779,0.000,1.000,1.9617,3.2828
ROI_071/patch_25,own,≥128,1,35301,0.000,1.000,1.7531,3.0041
ROI_071/patch_26,nearest,0–16,1,120,0.000,1.000,9.0063,11.6908
ROI_071/patch_26,nearest,16–32,1,368,0.000,1.000,9.3300,11.9109
ROI_071/patch_26,nearest,32–64,1,1269,0.000,1.000,10.7068,13.8635
ROI_071/patch_26,nearest,64–128,1,2415,0.000,1.000,10.8578,14.6069
ROI_071/patch_26,nearest,≥128,1,503,0.000,1.000,12.4679,15.2250
ROI_071/patch_26,own,0–16,1,120,0.000,1.000,8.9914,11.6845
ROI_071/patch_26,own,16–32,1,368,0.000,1.000,8.6423,11.2951
ROI_071/patch_26,own,32–64,1,1348,0.000,1.000,11.4446,14.5451
ROI_071/patch_26,own,64–128,1,4717,0.000,1.000,10.5933,14.1364
ROI_071/patch_26,own,≥128,1,30847,0.000,1.000,10.6269,14.0626
ROI_071/patch_27,nearest,0–16,1,143,0.000,1.000,3.4075,4.8450
ROI_071/patch_27,nearest,16–32,1,402,0.000,1.000,3.7106,5.1437
ROI_071/patch_27,nearest,32–64,1,1309,0.000,1.000,3.9664,5.4325
ROI_071/patch_27,nearest,64–128,1,2106,0.000,1.000,3.8114,5.3096
ROI_071/patch_27,nearest,≥128,1,1001,0.000,1.000,3.7947,5.1620
ROI_071/patch_27,own,0–16,1,143,0.000,1.000,3.3744,4.8125
ROI_071/patch_27,own,16–32,1,420,0.000,1.000,3.6840,5.1425
ROI_071/patch_27,own,32–64,1,1643,0.000,1.000,3.8283,5.2439
ROI_071/patch_27,own,64–128,1,5158,0.000,1.000,4.4671,5.9874
ROI_071/patch_27,own,≥128,1,32324,0.000,1.000,3.9312,5.3539
ROI_071/patch_28,nearest,0–16,1,130,0.000,1.000,9.6365,11.9634
ROI_071/patch_28,nearest,16–32,1,396,0.000,1.000,6.4388,8.8259
ROI_071/patch_28,nearest,32–64,1,1355,0.000,1.000,7.7930,10.7236
ROI_071/patch_28,nearest,64–128,1,2060,0.000,1.000,6.9123,10.0132
ROI_071/patch_28,nearest,≥128,1,593,0.000,1.000,7.8100,10.1559
ROI_071/patch_28,own,0–16,1,130,0.000,1.000,9.7956,12.1022
ROI_071/patch_28,own,16–32,1,396,0.000,1.000,6.8751,9.2790
ROI_071/patch_28,own,32–64,1,1416,0.000,1.000,7.6394,10.4951
ROI_071/patch_28,own,64–128,1,4636,0.000,1.000,5.3812,8.3730
ROI_071/patch_28,own,≥128,1,29694,0.000,1.000,7.4834,10.3631
ROI_071/patch_29,nearest,0–16,1,148,0.000,1.000,2.1980,3.6166
ROI_071/patch_29,nearest,16–32,1,436,0.000,1.000,2.2274,3.6474
ROI_071/patch_29,nearest,32–64,1,1396,0.000,1.000,3.1194,4.7305
ROI_071/patch_29,nearest,64–128,1,2425,0.000,1.000,2.6819,4.3646
ROI_071/patch_29,nearest,≥128,1,529,0.000,1.000,2.7284,4.6244
ROI_071/patch_29,own,0–16,1,148,0.000,1.000,2.2187,3.6072
ROI_071/patch_29,own,16–32,1,436,0.000,1.000,2.2213,3.6515
ROI_071/patch_29,own,32–64,1,1566,0.000,1.000,2.9555,4.5922
ROI_071/patch_29,own,64–128,1,5080,0.000,1.000,2.5636,4.1888
ROI_071/patch_29,own,≥128,1,32242,0.000,1.000,2.7376,4.3847
ROI_071/patch_35,nearest,0–16,1,149,0.000,1.000,6.2443,12.5153
ROI_071/patch_35,nearest,16–32,1,396,0.000,1.000,6.0825,12.4287
ROI_071/patch_35,nearest,32–64,1,947,0.000,1.000,6.2906,13.1771
ROI_071/patch_35,nearest,64–128,1,1287,0.000,1.000,6.2515,13.0242
ROI_071/patch_35,nearest,≥128,1,833,0.000,1.000,7.5862,15.4045
ROI_071/patch_35,own,0–16,1,149,0.000,1.000,6.2516,12.3912
ROI_071/patch_35,own,16–32,1,396,0.000,1.000,6.1019,12.3841
ROI_071/patch_35,own,32–64,1,1235,0.000,1.000,6.1431,12.9562
ROI_071/patch_35,own,64–128,1,4010,0.000,1.000,6.7115,13.4324
ROI_071/patch_35,own,≥128,1,23106,0.000,1.000,6.5093,13.4164
ROI_071/patch_36,nearest,0–16,1,132,0.000,1.000,6.0282,8.3084
ROI_071/patch_36,nearest,16–32,1,376,0.000,1.000,6.0869,8.4612
ROI_071/patch_36,nearest,32–64,1,817,0.000,1.000,9.2572,11.6936
ROI_071/patch_36,nearest,64–128,1,1250,0.000,1.000,13.4988,16.2742
ROI_071/patch_36,nearest,≥128,1,1044,0.000,1.000,17.0235,19.8744
ROI_071/patch_36,own,0–16,1,132,0.000,1.000,6.1072,8.3878
ROI_071/patch_36,own,16–32,1,381,0.000,1.000,5.9014,8.2426
ROI_071/patch_36,own,32–64,1,1272,0.000,1.000,7.1319,9.5453
ROI_071/patch_36,own,64–128,1,4336,0.000,1.000,10.2982,12.9538
ROI_071/patch_36,own,≥128,1,22831,0.000,1.000,9.9866,12.7986
ROI_071/patch_37,nearest,0–16,1,133,0.000,1.000,2.7880,2.9735
ROI_071/patch_37,nearest,16–32,1,387,0.000,1.000,1.9851,2.2642
ROI_071/patch_37,nearest,32–64,1,1179,0.000,1.000,2.6167,3.0464
ROI_071/patch_37,nearest,64–128,1,1572,0.000,1.000,7.7893,8.4690
ROI_071/patch_37,nearest,≥128,1,543,0.000,1.000,50.0002,50.5934
ROI_071/patch_37,own,0–16,1,133,0.000,1.000,2.7209,2.9031
ROI_071/patch_37,own,16–32,1,387,0.000,1.000,2.0071,2.2851
ROI_071/patch_37,own,32–64,1,1281,0.000,1.000,2.4758,2.9086
ROI_071/patch_37,own,64–128,1,3641,0.000,1.000,4.0527,4.4461
ROI_071/patch_37,own,≥128,1,25070,0.000,1.000,9.3996,9.7968
ROI_071/patch_38,nearest,0–16,1,143,0.000,1.000,5.6020,7.1031
ROI_071/patch_38,nearest,16–32,1,420,0.000,1.000,5.4018,6.9634
ROI_071/patch_38,nearest,32–64,1,1294,0.000,1.000,6.6119,8.2703
ROI_071/patch_38,nearest,64–128,1,2040,0.000,1.000,9.0719,10.8171
ROI_071/patch_38,nearest,≥128,1,148,0.000,1.000,11.9824,14.0777
ROI_071/patch_38,own,0–16,1,143,0.000,1.000,5.5456,7.0306
ROI_071/patch_38,own,16–32,1,420,0.000,1.000,5.3752,6.9732
ROI_071/patch_38,own,32–64,1,1389,0.000,1.000,6.5398,8.2138
ROI_071/patch_38,own,64–128,1,4684,0.000,1.000,9.3439,11.0997
ROI_071/patch_38,own,≥128,1,29769,0.000,1.000,8.1899,9.9161
ROI_071/patch_39,nearest,0–16,1,135,0.000,1.000,21.9410,22.6938
ROI_071/patch_39,nearest,16–32,1,413,0.000,1.000,22.8999,23.7656
ROI_071/patch_39,nearest,32–64,1,1000,0.000,1.000,33.3516,34.3263
ROI_071/patch_39,nearest,64–128,1,1517,0.000,1.000,37.7485,38.8143
ROI_071/patch_39,nearest,≥128,1,211,0.000,1.000,26.3910,27.6304
ROI_071/patch_39,own,0–16,1,135,0.000,1.000,21.8981,22.6575
ROI_071/patch_39,own,16–32,1,414,0.000,1.000,22.6509,23.5532
ROI_071/patch_39,own,32–64,1,1111,0.000,1.000,28.9862,29.9822
ROI_071/patch_39,own,64–128,1,3600,0.000,1.000,33.7221,34.7247
ROI_071/patch_39,own,≥128,1,20948,0.000,1.000,30.0775,31.0687
ROI_075/patch_0,nearest,0–16,1,126,0.000,1.000,16.5441,16.9239
ROI_075/patch_0,nearest,16–32,1,389,0.000,1.000,16.0040,16.3058
ROI_075/patch_0,nearest,32–64,1,1187,0.000,1.000,15.5720,15.8104
ROI_075/patch_0,nearest,64–128,1,1879,0.000,1.000,18.8011,19.0162
ROI_075/patch_0,nearest,≥128,1,345,0.000,1.000,37.5200,38.0861
ROI_075/patch_0,own,0–16,1,126,0.000,1.000,17.0868,17.4716
ROI_075/patch_0,own,16–32,1,389,0.000,1.000,15.6610,15.9684
ROI_075/patch_0,own,32–64,1,1334,0.000,1.000,14.7118,14.9281
ROI_075/patch_0,own,64–128,1,4204,0.000,1.000,16.8444,17.0589
ROI_075/patch_0,own,≥128,1,25355,0.000,1.000,22.1135,22.3486
ROI_075/patch_1,nearest,0–16,1,147,0.000,1.000,10.7520,11.5625
ROI_075/patch_1,nearest,16–32,1,419,0.000,1.000,11.1583,11.9580
ROI_075/patch_1,nearest,32–64,1,1463,0.000,1.000,14.3811,15.3755
ROI_075/patch_1,nearest,64–128,1,2605,0.000,1.000,19.7425,20.7706
ROI_075/patch_1,nearest,≥128,1,350,0.000,1.000,24.4962,25.2776
ROI_075/patch_1,own,0–16,1,147,0.000,1.000,10.6919,11.5288
ROI_075/patch_1,own,16–32,1,419,0.000,1.000,11.3407,12.1468
ROI_075/patch_1,own,32–64,1,1469,0.000,1.000,14.4209,15.4098
ROI_075/patch_1,own,64–128,1,5013,0.000,1.000,20.6753,21.6158
ROI_075/patch_1,own,≥128,1,32824,0.000,1.000,21.5692,22.5038
ROI_075/patch_2,nearest,0–16,1,144,0.000,1.000,23.1926,25.1312
ROI_075/patch_2,nearest,16–32,1,407,0.000,1.000,23.4866,25.3126
ROI_075/patch_2,nearest,32–64,1,1201,0.000,1.000,24.9669,26.7487
ROI_075/patch_2,nearest,64–128,1,2111,0.000,1.000,29.1470,31.0100
ROI_075/patch_2,nearest,≥128,1,752,0.000,1.000,96.8238,98.8044
ROI_075/patch_2,own,0–16,1,144,0.000,1.000,23.0126,24.9619
ROI_075/patch_2,own,16–32,1,407,0.000,1.000,23.2257,25.0577
ROI_075/patch_2,own,32–64,1,1394,0.000,1.000,24.8091,26.5660
ROI_075/patch_2,own,64–128,1,4493,0.000,1.000,33.4579,35.2953
ROI_075/patch_2,own,≥128,1,30482,0.000,1.000,35.9681,37.8562
ROI_075/patch_3,nearest,0–16,1,146,0.000,1.000,13.5059,14.2958
ROI_075/patch_3,nearest,16–32,1,426,0.000,1.000,13.4334,14.2689
ROI_075/patch_3,nearest,32–64,1,1251,0.000,1.000,15.2673,16.1565
ROI_075/patch_3,nearest,64–128,1,1737,0.000,1.000,24.0651,24.9830
ROI_075/patch_3,nearest,≥128,1,1138,0.000,1.000,79.2953,80.0065
ROI_075/patch_3,own,0–16,1,146,0.000,1.000,13.5345,14.3213
ROI_075/patch_3,own,16–32,1,426,0.000,1.000,13.3918,14.2297
ROI_075/patch_3,own,32–64,1,1436,0.000,1.000,14.4542,15.3409
ROI_075/patch_3,own,64–128,1,4803,0.000,1.000,23.1400,24.0803
ROI_075/patch_3,own,≥128,1,30773,0.000,1.000,22.0705,22.9686
ROI_075/patch_4,nearest,0–16,1,112,0.000,1.000,10.9846,11.0459
ROI_075/patch_4,nearest,16–32,1,355,0.000,1.000,10.7905,10.9038
ROI_075/patch_4,nearest,32–64,1,1022,0.000,1.000,10.3851,10.7519
ROI_075/patch_4,nearest,64–128,1,2119,0.000,1.000,16.8413,17.5498
ROI_075/patch_4,nearest,≥128,1,750,0.000,1.000,33.0494,34.1530
ROI_075/patch_4,own,0–16,1,112,0.000,1.000,10.9670,11.0309
ROI_075/patch_4,own,16–32,1,365,0.000,1.000,11.0896,11.1827
ROI_075/patch_4,own,32–64,1,1147,0.000,1.000,10.4516,10.7352
ROI_075/patch_4,own,64–128,1,3760,0.000,1.000,11.2985,11.6881
ROI_075/patch_4,own,≥128,1,29480,0.000,1.000,17.1600,17.7449
ROI_075/patch_5,nearest,0–16,1,142,0.000,1.000,8.4763,9.8294
ROI_075/patch_5,nearest,16–32,1,393,0.000,1.000,8.1918,9.5550
ROI_075/patch_5,nearest,32–64,1,1175,0.000,1.000,10.0211,11.3791
ROI_075/patch_5,nearest,64–128,1,2426,0.000,1.000,14.1197,15.4159
ROI_075/patch_5,nearest,≥128,1,619,0.000,1.000,27.3250,28.5923
ROI_075/patch_5,own,0–16,1,142,0.000,1.000,8.5843,9.9357
ROI_075/patch_5,own,16–32,1,404,0.000,1.000,8.0924,9.4417
ROI_075/patch_5,own,32–64,1,1303,0.000,1.000,8.9668,10.3241
ROI_075/patch_5,own,64–128,1,4139,0.000,1.000,11.7318,13.1218
ROI_075/patch_5,own,≥128,1,32052,0.000,1.000,11.7071,13.0225
ROI_075/patch_6,nearest,0–16,1,167,0.000,1.000,33.8757,35.3750
ROI_075/patch_6,nearest,16–32,1,470,0.000,1.000,33.1682,34.5099
ROI_075/patch_6,nearest,32–64,1,1243,0.000,1.000,33.8478,35.5924
ROI_075/patch_6,nearest,64–128,1,1982,0.000,1.000,40.0268,41.8514
ROI_075/patch_6,nearest,≥128,1,437,0.000,1.000,74.4694,76.6777
ROI_075/patch_6,own,0–16,1,167,0.000,1.000,33.7541,35.2461
ROI_075/patch_6,own,16–32,1,485,0.000,1.000,33.2467,34.6152
ROI_075/patch_6,own,32–64,1,1645,0.000,1.000,33.4670,35.0990
ROI_075/patch_6,own,64–128,1,5586,0.000,1.000,36.3955,38.0773
ROI_075/patch_6,own,≥128,1,30808,0.000,1.000,41.5693,43.2546
ROI_075/patch_7,nearest,0–16,1,140,0.000,1.000,6.9769,8.7959
ROI_075/patch_7,nearest,16–32,1,395,0.000,1.000,6.9884,8.8821
ROI_075/patch_7,nearest,32–64,1,1312,0.000,1.000,7.3343,9.3560
ROI_075/patch_7,nearest,64–128,1,2176,0.000,1.000,10.7254,12.8862
ROI_075/patch_7,nearest,≥128,1,693,0.000,1.000,69.8323,72.8886
ROI_075/patch_7,own,0–16,1,140,0.000,1.000,7.0469,8.8636
ROI_075/patch_7,own,16–32,1,395,0.000,1.000,7.0147,8.8841
ROI_075/patch_7,own,32–64,1,1454,0.000,1.000,7.7022,9.7196
ROI_075/patch_7,own,64–128,1,5181,0.000,1.000,9.2650,11.3014
ROI_075/patch_7,own,≥128,1,35274,0.000,1.000,18.0980,20.2667
ROI_075/patch_8,nearest,0–16,1,157,0.000,1.000,21.1660,22.1709
ROI_075/patch_8,nearest,16–32,1,432,0.000,1.000,21.5221,22.6843
ROI_075/patch_8,nearest,32–64,1,1354,0.000,1.000,22.3069,23.6763
ROI_075/patch_8,nearest,64–128,1,2404,0.000,1.000,26.1226,27.7157
ROI_075/patch_8,nearest,≥128,1,270,0.000,1.000,24.0137,26.5651
ROI_075/patch_8,own,0–16,1,157,0.000,1.000,20.9810,21.9909
ROI_075/patch_8,own,16–32,1,432,0.000,1.000,21.6059,22.7693
ROI_075/patch_8,own,32–64,1,1385,0.000,1.000,23.2788,24.5828
ROI_075/patch_8,own,64–128,1,4780,0.000,1.000,27.0100,28.5495
ROI_075/patch_8,own,≥128,1,34799,0.000,1.000,24.2038,25.6118
ROI_075/patch_10,nearest,0–16,1,127,0.000,1.000,8.5246,10.4996
ROI_075/patch_10,nearest,16–32,1,358,0.000,1.000,9.0765,11.0008
ROI_075/patch_10,nearest,32–64,1,1071,0.000,1.000,8.9625,10.9712
ROI_075/patch_10,nearest,64–128,1,2417,0.000,1.000,8.0984,10.1697
ROI_075/patch_10,nearest,≥128,1,1018,0.000,1.000,8.5903,10.3118
ROI_075/patch_10,own,0–16,1,127,0.000,1.000,8.5896,10.5473
ROI_075/patch_10,own,16–32,1,358,0.000,1.000,8.9392,10.8651
ROI_075/patch_10,own,32–64,1,1307,0.000,1.000,9.4691,11.4899
ROI_075/patch_10,own,64–128,1,4822,0.000,1.000,8.5082,10.4952
ROI_075/patch_10,own,≥128,1,33314,0.000,1.000,8.3002,10.2438
ROI_075/patch_11,nearest,0–16,1,137,0.000,1.000,4.0238,5.1105
ROI_075/patch_11,nearest,16–32,1,346,0.000,1.000,4.2839,5.3852
ROI_075/patch_11,nearest,32–64,1,1056,0.000,1.000,7.3364,8.5558
ROI_075/patch_11,nearest,64–128,1,1837,0.000,1.000,11.5867,12.9797
ROI_075/patch_11,nearest,≥128,1,1105,0.000,1.000,12.7571,14.0904
ROI_075/patch_11,own,0–16,1,137,0.000,1.000,3.9400,5.0335
ROI_075/patch_11,own,16–32,1,346,0.000,1.000,4.3006,5.4369
ROI_075/patch_11,own,32–64,1,1269,0.000,1.000,5.9275,7.1319
ROI_075/patch_11,own,64–128,1,4265,0.000,1.000,8.6443,9.9559
ROI_075/patch_11,own,≥128,1,29831,0.000,1.000,12.7435,14.1389
ROI_075/patch_12,nearest,0–16,1,142,0.000,1.000,22.3660,24.1890
ROI_075/patch_12,nearest,16–32,1,388,0.000,1.000,21.9915,23.8242
ROI_075/patch_12,nearest,32–64,1,1209,0.000,1.000,21.1861,23.4925
ROI_075/patch_12,nearest,64–128,1,2078,0.000,1.000,24.6149,26.9568
ROI_075/patch_12,nearest,≥128,1,676,0.000,1.000,48.2393,51.0157
ROI_075/patch_12,own,0–16,1,142,0.000,1.000,22.3471,24.1654
ROI_075/patch_12,own,16–32,1,388,0.000,1.000,21.9931,23.8214
ROI_075/patch_12,own,32–64,1,1221,0.000,1.000,21.1286,23.4365
ROI_075/patch_12,own,64–128,1,4015,0.000,1.000,23.5090,25.7646
ROI_075/patch_12,own,≥128,1,30178,0.000,1.000,30.3750,32.5840
ROI_075/patch_13,nearest,0–16,1,130,0.000,1.000,37.8468,39.6782
ROI_075/patch_13,nearest,16–32,1,402,0.000,1.000,37.8117,39.6306
ROI_075/patch_13,nearest,32–64,1,1461,0.000,1.000,39.9263,41.9113
ROI_075/patch_13,nearest,64–128,1,2517,0.000,1.000,57.9412,59.7266
ROI_075/patch_13,nearest,≥128,1,332,0.000,1.000,80.9122,83.0596
ROI_075/patch_13,own,0–16,1,130,0.000,1.000,37.7861,39.6195
ROI_075/patch_13,own,16–32,1,402,0.000,1.000,38.0377,39.8371
ROI_075/patch_13,own,32–64,1,1507,0.000,1.000,40.3012,42.2570
ROI_075/patch_13,own,64–128,1,5242,0.000,1.000,48.8347,50.7451
ROI_075/patch_13,own,≥128,1,36297,0.000,1.000,55.1002,56.9802
ROI_075/patch_14,nearest,0–16,1,119,0.000,1.000,12.3437,13.9748
ROI_075/patch_14,nearest,16–32,1,340,0.000,1.000,13.7112,15.4463
ROI_075/patch_14,nearest,32–64,1,902,0.000,1.000,17.8328,19.8503
ROI_075/patch_14,nearest,64–128,1,1435,0.000,1.000,27.9260,29.7851
ROI_075/patch_14,nearest,≥128,1,621,0.000,1.000,147.0627,150.3102
ROI_075/patch_14,own,0–16,1,119,0.000,1.000,13.0427,14.6750
ROI_075/patch_14,own,16–32,1,340,0.000,1.000,13.7338,15.4964
ROI_075/patch_14,own,32–64,1,1047,0.000,1.000,17.8747,19.9806
ROI_075/patch_14,own,64–128,1,3519,0.000,1.000,27.9535,29.7985
ROI_075/patch_14,own,≥128,1,22311,0.000,1.000,35.7968,37.5519
ROI_075/patch_15,nearest,0–16,1,136,0.000,1.000,12.3861,13.2863
ROI_075/patch_15,nearest,16–32,1,384,0.000,1.000,12.0063,12.8484
ROI_075/patch_15,nearest,32–64,1,1219,0.000,1.000,11.2591,12.1255
ROI_075/patch_15,nearest,64–128,1,2367,0.000,1.000,11.2771,12.4141
ROI_075/patch_15,nearest,≥128,1,686,0.000,1.000,28.1624,30.6119
ROI_075/patch_15,own,0–16,1,136,0.000,1.000,12.1289,13.0216
ROI_075/patch_15,own,16–32,1,384,0.000,1.000,12.2324,13.0645
ROI_075/patch_15,own,32–64,1,1284,0.000,1.000,11.1149,11.9882
ROI_075/patch_15,own,64–128,1,4429,0.000,1.000,11.6740,12.7335
ROI_075/patch_15,own,≥128,1,32103,0.000,1.000,12.8132,13.8590
ROI_075/patch_16,nearest,0–16,1,124,0.000,1.000,7.2482,9.0994
ROI_075/patch_16,nearest,16–32,1,385,0.000,1.000,7.2009,8.9247
ROI_075/patch_16,nearest,32–64,1,1302,0.000,1.000,7.2876,9.4033
ROI_075/patch_16,nearest,64–128,1,2529,0.000,1.000,9.2988,11.2158
ROI_075/patch_16,nearest,≥128,1,736,0.000,1.000,12.2912,14.5104
ROI_075/patch_16,own,0–16,1,124,0.000,1.000,7.2756,9.1293
ROI_075/patch_16,own,16–32,1,385,0.000,1.000,7.2012,8.9292
ROI_075/patch_16,own,32–64,1,1336,0.000,1.000,7.1665,9.2291
ROI_075/patch_16,own,64–128,1,4726,0.000,1.000,9.1495,11.1032
ROI_075/patch_16,own,≥128,1,34037,0.000,1.000,8.7045,10.6967
ROI_075/patch_17,nearest,0–16,1,146,0.000,1.000,69.7034,71.7477
ROI_075/patch_17,nearest,16–32,1,402,0.000,1.000,69.3528,71.4412
ROI_075/patch_17,nearest,32–64,1,1105,0.000,1.000,70.4655,73.0337
ROI_075/patch_17,nearest,64–128,1,1780,0.000,1.000,73.2886,76.4991
ROI_075/patch_17,nearest,≥128,1,538,0.000,1.000,105.2257,108.8563
ROI_075/patch_17,own,0–16,1,146,0.000,1.000,69.7986,71.8093
ROI_075/patch_17,own,16–32,1,402,0.000,1.000,69.2354,71.3495
ROI_075/patch_17,own,32–64,1,1420,0.000,1.000,70.3271,72.8089
ROI_075/patch_17,own,64–128,1,4819,0.000,1.000,73.2470,75.8945
ROI_075/patch_17,own,≥128,1,24981,0.000,1.000,88.7620,91.5167
ROI_075/patch_18,nearest,0–16,1,160,0.000,1.000,17.1608,19.2041
ROI_075/patch_18,nearest,16–32,1,453,0.000,1.000,17.6969,19.7542
ROI_075/patch_18,nearest,32–64,1,1574,0.000,1.000,17.9520,19.9196
ROI_075/patch_18,nearest,64–128,1,2296,0.000,1.000,21.9623,23.8256
ROI_075/patch_18,nearest,≥128,1,308,0.000,1.000,25.4934,27.0883
ROI_075/patch_18,own,0–16,1,160,0.000,1.000,17.5095,19.5266
ROI_075/patch_18,own,16–32,1,453,0.000,1.000,17.4825,19.5429
ROI_075/patch_18,own,32–64,1,1625,0.000,1.000,17.6814,19.6728
ROI_075/patch_18,own,64–128,1,5612,0.000,1.000,19.0746,20.9938
ROI_075/patch_18,own,≥128,1,35269,0.000,1.000,19.1053,21.0199
ROI_075/patch_19,nearest,0–16,1,150,0.000,1.000,14.7627,16.5638
ROI_075/patch_19,nearest,16–32,1,456,0.000,1.000,15.6391,17.3247
ROI_075/patch_19,nearest,32–64,1,1267,0.000,1.000,21.8528,23.5143
ROI_075/patch_19,nearest,64–128,1,2071,0.000,1.000,45.6189,47.2753
ROI_075/patch_19,nearest,≥128,1,1087,0.000,1.000,146.5631,148.2068
ROI_075/patch_19,own,0–16,1,150,0.000,1.000,14.9661,16.7728
ROI_075/patch_19,own,16–32,1,456,0.000,1.000,16.0095,17.6923
ROI_075/patch_19,own,32–64,1,1517,0.000,1.000,19.0828,20.7384
ROI_075/patch_19,own,64–128,1,4760,0.000,1.000,27.4195,29.1619
ROI_075/patch_19,own,≥128,1,33365,0.000,1.000,59.5996,61.2686
ROI_075/patch_20,nearest,0–16,1,128,0.000,1.000,10.5378,12.3946
ROI_075/patch_20,nearest,16–32,1,353,0.000,1.000,10.0040,11.9779
ROI_075/patch_20,nearest,32–64,1,1197,0.000,1.000,10.8880,13.2764
ROI_075/patch_20,nearest,64–128,1,2248,0.000,1.000,13.3867,16.5985
ROI_075/patch_20,nearest,≥128,1,509,0.000,1.000,22.9081,26.0824
ROI_075/patch_20,own,0–16,1,128,0.000,1.000,10.4247,12.2591
ROI_075/patch_20,own,16–32,1,353,0.000,1.000,9.9964,12.1040
ROI_075/patch_20,own,32–64,1,1298,0.000,1.000,10.7748,13.1278
ROI_075/patch_20,own,64–128,1,4759,0.000,1.000,14.6308,17.3785
ROI_075/patch_20,own,≥128,1,28942,0.000,1.000,15.8015,18.7725
ROI_075/patch_21,nearest,0–16,1,118,0.000,1.000,3.3552,4.0620
ROI_075/patch_21,nearest,16–32,1,382,0.000,1.000,2.7293,3.4605
ROI_075/patch_21,nearest,32–64,1,1142,0.000,1.000,2.6097,3.2684
ROI_075/patch_21,nearest,64–128,1,2121,0.000,1.000,4.3047,4.8485
ROI_075/patch_21,nearest,≥128,1,925,0.000,1.000,17.6758,18.4010
ROI_075/patch_21,own,0–16,1,118,0.000,1.000,3.2595,3.9755
ROI_075/patch_21,own,16–32,1,382,0.000,1.000,2.7551,3.4786
ROI_075/patch_21,own,32–64,1,1305,0.000,1.000,2.6695,3.3282
ROI_075/patch_21,own,64–128,1,4523,0.000,1.000,4.0510,4.6751
ROI_075/patch_21,own,≥128,1,31176,0.000,1.000,5.2473,5.8177
ROI_075/patch_22,nearest,0–16,1,141,0.000,1.000,2.6411,3.3332
ROI_075/patch_22,nearest,16–32,1,405,0.000,1.000,2.4424,3.0371
ROI_075/patch_22,nearest,32–64,1,1257,0.000,1.000,2.8376,3.3702
ROI_075/patch_22,nearest,64–128,1,1863,0.000,1.000,4.4507,4.9402
ROI_075/patch_22,nearest,≥128,1,1025,0.000,1.000,47.8313,49.6862
ROI_075/patch_22,own,0–16,1,141,0.000,1.000,2.6093,3.2852
ROI_075/patch_22,own,16–32,1,405,0.000,1.000,2.3803,2.9740
ROI_075/patch_22,own,32–64,1,1411,0.000,1.000,2.7271,3.2282
ROI_075/patch_22,own,64–128,1,4587,0.000,1.000,3.5799,4.1716
ROI_075/patch_22,own,≥128,1,30984,0.000,1.000,5.4356,5.9875
ROI_075/patch_23,nearest,0–16,1,138,0.000,1.000,14.6536,15.5280
ROI_075/patch_23,nearest,16–32,1,417,0.000,1.000,16.0851,17.0521
ROI_075/patch_23,nearest,32–64,1,1220,0.000,1.000,13.7383,15.1941
ROI_075/patch_23,nearest,64–128,1,2162,0.000,1.000,18.0453,19.7798
ROI_075/patch_23,nearest,≥128,1,855,0.000,1.000,34.9936,36.7893
ROI_075/patch_23,own,0–16,1,138,0.000,1.000,14.7576,15.6332
ROI_075/patch_23,own,16–32,1,426,0.000,1.000,16.0509,17.0019
ROI_075/patch_23,own,32–64,1,1494,0.000,1.000,13.8945,15.3200
ROI_075/patch_23,own,64–128,1,5252,0.000,1.000,15.2026,16.7184
ROI_075/patch_23,own,≥128,1,35818,0.000,1.000,15.9480,17.5431
ROI_075/patch_24,nearest,0–16,1,144,0.000,1.000,33.4417,34.2250
ROI_075/patch_24,nearest,16–32,1,406,0.000,1.000,33.3577,34.1535
ROI_075/patch_24,nearest,32–64,1,1258,0.000,1.000,34.2800,35.1158
ROI_075/patch_24,nearest,64–128,1,2294,0.000,1.000,35.5551,36.3841
ROI_075/patch_24,nearest,≥128,1,408,0.000,1.000,91.2013,92.1779
ROI_075/patch_24,own,0–16,1,144,0.000,1.000,33.4202,34.2052
ROI_075/patch_24,own,16–32,1,406,0.000,1.000,33.4604,34.2698
ROI_075/patch_24,own,32–64,1,1342,0.000,1.000,34.1305,34.9693
ROI_075/patch_24,own,64–128,1,4282,0.000,1.000,36.3382,37.1721
ROI_075/patch_24,own,≥128,1,29906,0.000,1.000,38.0517,38.8530
ROI_075/patch_25,nearest,0–16,1,147,0.000,1.000,9.7444,10.4730
ROI_075/patch_25,nearest,16–32,1,442,0.000,1.000,9.3879,10.1527
ROI_075/patch_25,nearest,32–64,1,1235,0.000,1.000,10.2531,11.1398
ROI_075/patch_25,nearest,64–128,1,2074,0.000,1.000,34.6947,35.7569
ROI_075/patch_25,nearest,≥128,1,496,0.000,1.000,87.8755,88.7639
ROI_075/patch_25,own,0–16,1,147,0.000,1.000,9.7791,10.5099
ROI_075/patch_25,own,16–32,1,444,0.000,1.000,9.2001,9.9740
ROI_075/patch_25,own,32–64,1,1385,0.000,1.000,10.6765,11.5492
ROI_075/patch_25,own,64–128,1,4764,0.000,1.000,23.8019,24.6577
ROI_075/patch_25,own,≥128,1,28412,0.000,1.000,39.3862,40.2573
ROI_075/patch_26,nearest,0–16,1,126,0.000,1.000,4.8874,5.6135
ROI_075/patch_26,nearest,16–32,1,373,0.000,1.000,4.3810,5.2007
ROI_075/patch_26,nearest,32–64,1,1307,0.000,1.000,3.6237,4.6324
ROI_075/patch_26,nearest,64–128,1,2656,0.000,1.000,6.8125,8.2270
ROI_075/patch_26,nearest,≥128,1,307,0.000,1.000,47.7601,49.8703
ROI_075/patch_26,own,0–16,1,126,0.000,1.000,4.9200,5.6531
ROI_075/patch_26,own,16–32,1,373,0.000,1.000,4.3301,5.1307
ROI_075/patch_26,own,32–64,1,1313,0.000,1.000,3.5853,4.5710
ROI_075/patch_26,own,64–128,1,4562,0.000,1.000,5.2726,6.6005
ROI_075/patch_26,own,≥128,1,31778,0.000,1.000,7.8615,9.1477
ROI_075/patch_27,nearest,0–16,1,167,0.000,1.000,53.3747,54.6412
ROI_075/patch_27,nearest,16–32,1,505,0.000,1.000,52.8461,54.1216
ROI_075/patch_27,nearest,32–64,1,1418,0.000,1.000,56.5482,57.8477
ROI_075/patch_27,nearest,64–128,1,1744,0.000,1.000,65.0504,66.5916
ROI_075/patch_27,nearest,≥128,1,517,0.000,1.000,88.2998,89.6513
ROI_075/patch_27,own,0–16,1,167,0.000,1.000,52.8147,54.0817
ROI_075/patch_27,own,16–32,1,505,0.000,1.000,52.8455,54.1062
ROI_075/patch_27,own,32–64,1,1739,0.000,1.000,57.2960,58.5805
ROI_075/patch_27,own,64–128,1,5987,0.000,1.000,63.2293,64.6243
ROI_075/patch_27,own,≥128,1,30761,0.000,1.000,58.9567,60.3049
ROI_075/patch_28,nearest,0–16,1,139,0.000,1.000,3.1809,3.9488
ROI_075/patch_28,nearest,16–32,1,410,0.000,1.000,1.9502,2.6819
ROI_075/patch_28,nearest,32–64,1,1337,0.000,1.000,2.5878,3.4368
ROI_075/patch_28,nearest,64–128,1,2157,0.000,1.000,3.8304,4.7026
ROI_075/patch_28,nearest,≥128,1,689,0.000,1.000,10.4966,11.3696
ROI_075/patch_28,own,0–16,1,139,0.000,1.000,3.3153,4.0758
ROI_075/patch_28,own,16–32,1,410,0.000,1.000,1.8638,2.6024
ROI_075/patch_28,own,32–64,1,1378,0.000,1.000,2.3468,3.1863
ROI_075/patch_28,own,64–128,1,4905,0.000,1.000,2.7566,3.5866
ROI_075/patch_28,own,≥128,1,31024,0.000,1.000,4.0662,4.9040
ROI_075/patch_29,nearest,0–16,1,134,0.000,1.000,19.7454,21.6818
ROI_075/patch_29,nearest,16–32,1,326,0.000,1.000,21.2610,23.3243
ROI_075/patch_29,nearest,32–64,1,1108,0.000,1.000,23.6031,25.6228
ROI_075/patch_29,nearest,64–128,1,1610,0.000,1.000,29.4818,31.4469
ROI_075/patch_29,nearest,≥128,1,821,0.000,1.000,133.7250,135.4596
ROI_075/patch_29,own,0–16,1,134,0.000,1.000,19.6008,21.5491
ROI_075/patch_29,own,16–32,1,326,0.000,1.000,21.0270,23.0913
ROI_075/patch_29,own,32–64,1,1108,0.000,1.000,23.5637,25.6029
ROI_075/patch_29,own,64–128,1,3690,0.000,1.000,26.3016,28.2554
ROI_075/patch_29,own,≥128,1,26734,0.000,1.000,64.9213,66.8469
ROI_075/patch_30,nearest,0–16,1,157,0.000,1.000,7.5129,9.2458
ROI_075/patch_30,nearest,16–32,1,462,0.000,1.000,7.4419,9.2085
ROI_075/patch_30,nearest,32–64,1,1438,0.000,1.000,8.1147,10.3727
ROI_075/patch_30,nearest,64–128,1,2211,0.000,1.000,7.9898,10.3890
ROI_075/patch_30,nearest,≥128,1,927,0.000,1.000,23.4829,26.0633
ROI_075/patch_30,own,0–16,1,157,0.000,1.000,7.5146,9.2866
ROI_075/patch_30,own,16–32,1,462,0.000,1.000,7.5035,9.3068
ROI_075/patch_30,own,32–64,1,1578,0.000,1.000,7.9186,10.1948
ROI_075/patch_30,own,64–128,1,5541,0.000,1.000,8.3399,10.6228
ROI_075/patch_30,own,≥128,1,33822,0.000,1.000,9.5232,11.8752
ROI_075/patch_31,nearest,0–16,1,109,0.000,1.000,9.0568,11.5179
ROI_075/patch_31,nearest,16–32,1,322,0.000,1.000,9.3230,11.8842
ROI_075/patch_31,nearest,32–64,1,1156,0.000,1.000,9.7244,12.1498
ROI_075/patch_31,nearest,64–128,1,2367,0.000,1.000,8.5734,11.0815
ROI_075/patch_31,nearest,≥128,1,1161,0.000,1.000,23.4811,25.5925
ROI_075/patch_31,own,0–16,1,109,0.000,1.000,8.9062,11.4200
ROI_075/patch_31,own,16–32,1,322,0.000,1.000,9.4360,11.9244
ROI_075/patch_31,own,32–64,1,1221,0.000,1.000,9.3611,11.8013
ROI_075/patch_31,own,64–128,1,3974,0.000,1.000,8.7507,11.2602
ROI_075/patch_31,own,≥128,1,35294,0.000,1.000,10.0197,12.4529
ROI_075/patch_32,nearest,0–16,1,147,0.000,1.000,9.2503,10.1897
ROI_075/patch_32,nearest,16–32,1,424,0.000,1.000,9.2342,10.1937
ROI_075/patch_32,nearest,32–64,1,1413,0.000,1.000,12.0776,13.0592
ROI_075/patch_32,nearest,64–128,1,2422,0.000,1.000,19.8110,20.7240
ROI_075/patch_32,nearest,≥128,1,406,0.000,1.000,61.0721,62.1208
ROI_075/patch_32,own,0–16,1,147,0.000,1.000,9.2234,10.1556
ROI_075/patch_32,own,16–32,1,424,0.000,1.000,9.2464,10.1874
ROI_075/patch_32,own,32–64,1,1522,0.000,1.000,11.7358,12.7037
ROI_075/patch_32,own,64–128,1,4484,0.000,1.000,19.6462,20.5738
ROI_075/patch_32,own,≥128,1,31919,0.000,1.000,16.2482,17.1686
ROI_075/patch_33,nearest,0–16,1,152,0.000,1.000,3.7737,5.1307
ROI_075/patch_33,nearest,16–32,1,449,0.000,1.000,4.2485,5.5295
ROI_075/patch_33,nearest,32–64,1,1517,0.000,1.000,3.4655,5.0200
ROI_075/patch_33,nearest,64–128,1,2285,0.000,1.000,3.6842,5.1258
ROI_075/patch_33,nearest,≥128,1,571,0.000,1.000,35.3403,37.1989
ROI_075/patch_33,own,0–16,1,152,0.000,1.000,3.8714,5.2454
ROI_075/patch_33,own,16–32,1,449,0.000,1.000,4.0699,5.4133
ROI_075/patch_33,own,32–64,1,1543,0.000,1.000,3.5577,5.0949
ROI_075/patch_33,own,64–128,1,5515,0.000,1.000,3.4790,4.9678
ROI_075/patch_33,own,≥128,1,37107,0.000,1.000,3.7091,5.1825
ROI_075/patch_34,nearest,0–16,1,134,0.000,1.000,8.4867,10.1248
ROI_075/patch_34,nearest,16–32,1,348,0.000,1.000,8.2112,9.8310
ROI_075/patch_34,nearest,32–64,1,1264,0.000,1.000,8.2414,9.8707
ROI_075/patch_34,nearest,64–128,1,2880,0.000,1.000,10.2202,11.9483
ROI_075/patch_34,nearest,≥128,1,579,0.000,1.000,18.5210,20.1582
ROI_075/patch_34,own,0–16,1,134,0.000,1.000,8.3696,10.0118
ROI_075/patch_34,own,16–32,1,348,0.000,1.000,8.3048,9.9016
ROI_075/patch_34,own,32–64,1,1264,0.000,1.000,8.5164,10.1525
ROI_075/patch_34,own,64–128,1,4280,0.000,1.000,9.4426,11.1686
ROI_075/patch_34,own,≥128,1,35614,0.000,1.000,12.6845,14.4259
ROI_075/patch_35,nearest,0–16,1,140,0.000,1.000,7.3919,8.0733
ROI_075/patch_35,nearest,16–32,1,378,0.000,1.000,6.9319,7.6131
ROI_075/patch_35,nearest,32–64,1,1083,0.000,1.000,7.9224,8.5924
ROI_075/patch_35,nearest,64–128,1,2371,0.000,1.000,7.7662,8.6130
ROI_075/patch_35,nearest,≥128,1,610,0.000,1.000,8.8737,9.4864
ROI_075/patch_35,own,0–16,1,140,0.000,1.000,7.4640,8.1355
ROI_075/patch_35,own,16–32,1,389,0.000,1.000,7.1627,7.8429
ROI_075/patch_35,own,32–64,1,1207,0.000,1.000,8.3672,9.0261
ROI_075/patch_35,own,64–128,1,4069,0.000,1.000,8.9212,9.6816
ROI_075/patch_35,own,≥128,1,30851,0.000,1.000,7.7501,8.4572
ROI_075/patch_36,nearest,0–16,1,128,0.000,1.000,8.4552,9.4373
ROI_075/patch_36,nearest,16–32,1,367,0.000,1.000,10.3051,11.2428
ROI_075/patch_36,nearest,32–64,1,930,0.000,1.000,10.7096,11.6621
ROI_075/patch_36,nearest,64–128,1,1721,0.000,1.000,24.1231,25.2375
ROI_075/patch_36,nearest,≥128,1,757,0.000,1.000,31.8067,33.0842
ROI_075/patch_36,own,0–16,1,128,0.000,1.000,8.2244,9.1944
ROI_075/patch_36,own,16–32,1,367,0.000,1.000,10.3858,11.3303
ROI_075/patch_36,own,32–64,1,1149,0.000,1.000,10.0029,10.9576
ROI_075/patch_36,own,64–128,1,3525,0.000,1.000,13.1497,14.2424
ROI_075/patch_36,own,≥128,1,26055,0.000,1.000,19.8547,20.9264
ROI_075/patch_37,nearest,0–16,1,139,0.000,1.000,51.4021,53.7035
ROI_075/patch_37,nearest,16–32,1,396,0.000,1.000,51.0892,53.4795
ROI_075/patch_37,nearest,32–64,1,1196,0.000,1.000,52.5442,55.0585
ROI_075/patch_37,nearest,64–128,1,1858,0.000,1.000,55.2926,57.9625
ROI_075/patch_37,nearest,≥128,1,505,0.000,1.000,109.3919,112.0262
ROI_075/patch_37,own,0–16,1,139,0.000,1.000,51.3808,53.7097
ROI_075/patch_37,own,16–32,1,397,0.000,1.000,51.2370,53.6326
ROI_075/patch_37,own,32–64,1,1428,0.000,1.000,52.5997,55.1063
ROI_075/patch_37,own,64–128,1,4489,0.000,1.000,58.1981,60.9258
ROI_075/patch_37,own,≥128,1,26299,0.000,1.000,75.4971,78.1215
ROI_075/patch_38,nearest,0–16,1,133,0.000,1.000,13.5634,14.1740
ROI_075/patch_38,nearest,16–32,1,410,0.000,1.000,14.1699,14.8302
ROI_075/patch_38,nearest,32–64,1,1440,0.000,1.000,16.1970,16.9666
ROI_075/patch_38,nearest,64–128,1,1987,0.000,1.000,20.2388,20.9605
ROI_075/patch_38,nearest,≥128,1,693,0.000,1.000,29.0648,30.1722
ROI_075/patch_38,own,0–16,1,133,0.000,1.000,13.7338,14.3263
ROI_075/patch_38,own,16–32,1,410,0.000,1.000,13.7892,14.4834
ROI_075/patch_38,own,32–64,1,1471,0.000,1.000,15.7820,16.5465
ROI_075/patch_38,own,64–128,1,4512,0.000,1.000,19.8919,20.6486
ROI_075/patch_38,own,≥128,1,30778,0.000,1.000,19.4936,20.2153
ROI_075/patch_39,nearest,0–16,1,120,0.000,1.000,17.1600,18.1014
ROI_075/patch_39,nearest,16–32,1,292,0.000,1.000,16.9798,17.9119
ROI_075/patch_39,nearest,32–64,1,697,0.000,1.000,20.4759,21.8948
ROI_075/patch_39,nearest,64–128,1,1563,0.000,1.000,26.5027,28.3940
ROI_075/patch_39,nearest,≥128,1,609,0.000,1.000,193.6203,195.4125
ROI_075/patch_39,own,0–16,1,120,0.000,1.000,17.3509,18.2753
ROI_075/patch_39,own,16–32,1,292,0.000,1.000,16.8822,17.8356
ROI_075/patch_39,own,32–64,1,871,0.000,1.000,19.4679,20.8416
ROI_075/patch_39,own,64–128,1,2890,0.000,1.000,30.5969,32.1329
ROI_075/patch_39,own,≥128,1,22075,0.000,1.000,42.4382,44.0036
ROI_075/patch_40,nearest,0–16,1,151,0.000,1.000,13.8285,14.7255
ROI_075/patch_40,nearest,16–32,1,451,0.000,1.000,17.1080,17.9411
ROI_075/patch_40,nearest,32–64,1,1261,0.000,1.000,15.4941,16.3174
ROI_075/patch_40,nearest,64–128,1,2165,0.000,1.000,47.5853,48.5138
ROI_075/patch_40,nearest,≥128,1,163,0.000,1.000,264.0230,265.4078
ROI_075/patch_40,own,0–16,1,151,0.000,1.000,13.8005,14.7109
ROI_075/patch_40,own,16–32,1,452,0.000,1.000,15.9481,16.7862
ROI_075/patch_40,own,32–64,1,1478,0.000,1.000,14.7753,15.5898
ROI_075/patch_40,own,64–128,1,5126,0.000,1.000,28.1775,29.0621
ROI_075/patch_40,own,≥128,1,30512,0.000,1.000,44.2890,45.2633
ROI_075/patch_41,nearest,0–16,1,145,0.000,1.000,11.7440,12.9241
ROI_075/patch_41,nearest,16–32,1,427,0.000,1.000,9.3906,10.5590
ROI_075/patch_41,nearest,32–64,1,1391,0.000,1.000,9.2604,10.4116
ROI_075/patch_41,nearest,64–128,1,2413,0.000,1.000,8.5595,9.7001
ROI_075/patch_41,nearest,≥128,1,428,0.000,1.000,7.4423,8.6392
ROI_075/patch_41,own,0–16,1,145,0.000,1.000,11.6262,12.8085
ROI_075/patch_41,own,16–32,1,430,0.000,1.000,8.9210,10.0977
ROI_075/patch_41,own,32–64,1,1601,0.000,1.000,9.3398,10.4953
ROI_075/patch_41,own,64–128,1,5627,0.000,1.000,11.3365,12.4792
ROI_075/patch_41,own,≥128,1,35433,0.000,1.000,9.2801,10.4586
ROI_075/patch_42,nearest,0–16,1,123,0.000,1.000,6.9868,9.4611
ROI_075/patch_42,nearest,16–32,1,356,0.000,1.000,6.8949,9.5699
ROI_075/patch_42,nearest,32–64,1,847,0.000,1.000,6.1688,9.4887
ROI_075/patch_42,nearest,64–128,1,1990,0.000,1.000,8.0127,11.2934
ROI_075/patch_42,nearest,≥128,1,536,0.000,1.000,8.0719,11.4681
ROI_075/patch_42,own,0–16,1,123,0.000,1.000,6.9057,9.4019
ROI_075/patch_42,own,16–32,1,364,0.000,1.000,6.8773,9.5455
ROI_075/patch_42,own,32–64,1,1048,0.000,1.000,5.6447,8.7614
ROI_075/patch_42,own,64–128,1,3313,0.000,1.000,7.1710,10.3340
ROI_075/patch_42,own,≥128,1,25968,0.000,1.000,7.9932,11.1254
ROI_075/patch_43,nearest,0–16,1,154,0.000,1.000,35.4144,36.5744
ROI_075/patch_43,nearest,16–32,1,448,0.000,1.000,35.2271,36.5256
ROI_075/patch_43,nearest,32–64,1,1410,0.000,1.000,34.2388,35.7261
ROI_075/patch_43,nearest,64–128,1,2186,0.000,1.000,34.8027,36.3613
ROI_075/patch_43,nearest,≥128,1,436,0.000,1.000,38.4794,39.7089
ROI_075/patch_43,own,0–16,1,154,0.000,1.000,35.5567,36.7050
ROI_075/patch_43,own,16–32,1,448,0.000,1.000,34.8749,36.1643
ROI_075/patch_43,own,32–64,1,1551,0.000,1.000,34.9669,36.3420
ROI_075/patch_43,own,64–128,1,5090,0.000,1.000,38.3923,39.8383
ROI_075/patch_43,own,≥128,1,29829,0.000,1.000,40.1730,41.5063
ROI_075/patch_44,nearest,0–16,1,136,0.000,1.000,3.7640,5.1889
ROI_075/patch_44,nearest,16–32,1,378,0.000,1.000,3.4687,4.9874
ROI_075/patch_44,nearest,32–64,1,1233,0.000,1.000,3.7822,5.2710
ROI_075/patch_44,nearest,64–128,1,2087,0.000,1.000,6.0769,7.8042
ROI_075/patch_44,nearest,≥128,1,930,0.000,1.000,19.3301,22.7298
ROI_075/patch_44,own,0–16,1,136,0.000,1.000,3.8268,5.2288
ROI_075/patch_44,own,16–32,1,392,0.000,1.000,3.3936,4.9403
ROI_075/patch_44,own,32–64,1,1421,0.000,1.000,3.8298,5.3358
ROI_075/patch_44,own,64–128,1,4616,0.000,1.000,4.8412,6.4431
ROI_075/patch_44,own,≥128,1,31547,0.000,1.000,7.6690,9.3077
ROI_075/patch_45,nearest,0–16,1,106,0.000,1.000,85.6432,87.3002
ROI_075/patch_45,nearest,16–32,1,305,0.000,1.000,40.8852,42.6196
ROI_075/patch_45,nearest,32–64,1,634,0.000,1.000,42.9584,44.7631
ROI_075/patch_45,nearest,64–128,1,730,0.000,1.000,50.8661,53.1808
ROI_075/patch_45,nearest,≥128,1,75,0.000,1.000,42.1563,47.1089
ROI_075/patch_45,own,0–16,1,106,0.000,1.000,84.6051,86.2552
ROI_075/patch_45,own,16–32,1,305,0.000,1.000,40.9352,42.6524
ROI_075/patch_45,own,32–64,1,750,0.000,1.000,43.1400,44.9175
ROI_075/patch_45,own,64–128,1,2290,0.000,1.000,42.5983,44.6621
ROI_075/patch_45,own,≥128,1,11349,0.000,1.000,40.9803,43.1845
ROI_075/patch_46,nearest,0–16,1,138,0.000,1.000,12.4866,14.5684
ROI_075/patch_46,nearest,16–32,1,462,0.000,1.000,11.0602,13.0791
ROI_075/patch_46,nearest,32–64,1,1338,0.000,1.000,13.4746,15.4972
ROI_075/patch_46,nearest,64–128,1,2099,0.000,1.000,20.6271,22.7747
ROI_075/patch_46,nearest,≥128,1,130,0.000,1.000,31.3341,33.8472
ROI_075/patch_46,own,0–16,1,138,0.000,1.000,12.3717,14.4544
ROI_075/patch_46,own,16–32,1,462,0.000,1.000,11.3291,13.3826
ROI_075/patch_46,own,32–64,1,1436,0.000,1.000,11.6501,13.7232
ROI_075/patch_46,own,64–128,1,5075,0.000,1.000,16.0821,18.3288
ROI_075/patch_46,own,≥128,1,30392,0.000,1.000,18.5317,20.6849
ROI_075/patch_47,nearest,0–16,1,143,0.000,1.000,10.8986,11.6748
ROI_075/patch_47,nearest,16–32,1,437,0.000,1.000,10.9785,11.7561
ROI_075/patch_47,nearest,32–64,1,1349,0.000,1.000,10.8768,11.6459
ROI_075/patch_47,nearest,64–128,1,2298,0.000,1.000,12.2026,13.1843
ROI_075/patch_47,nearest,≥128,1,514,0.000,1.000,36.5024,37.7593
ROI_075/patch_47,own,0–16,1,143,0.000,1.000,10.8658,11.6396
ROI_075/patch_47,own,16–32,1,437,0.000,1.000,11.0555,11.8393
ROI_075/patch_47,own,32–64,1,1459,0.000,1.000,10.7890,11.5668
ROI_075/patch_47,own,64–128,1,4643,0.000,1.000,11.7133,12.6622
ROI_075/patch_47,own,≥128,1,31246,0.000,1.000,12.2931,13.1269
ROI_075/patch_48,nearest,0–16,1,138,0.000,1.000,121.9635,124.8449
ROI_075/patch_48,nearest,16–32,1,400,0.000,1.000,122.5425,125.4566
ROI_075/patch_48,nearest,32–64,1,1021,0.000,1.000,125.7242,128.5823
ROI_075/patch_48,nearest,64–128,1,1390,0.000,1.000,142.9266,145.9228
ROI_075/patch_48,nearest,≥128,1,615,0.000,1.000,339.4896,342.2774
ROI_075/patch_48,own,0–16,1,138,0.000,1.000,122.0850,124.9581
ROI_075/patch_48,own,16–32,1,400,0.000,1.000,122.8506,125.7931
ROI_075/patch_48,own,32–64,1,1283,0.000,1.000,124.0950,126.9847
ROI_075/patch_48,own,64–128,1,4069,0.000,1.000,131.2181,134.1597
ROI_075/patch_48,own,≥128,1,22622,0.000,1.000,170.9709,173.8735
ROI_075/patch_49,nearest,0–16,1,151,0.000,1.000,40.4979,41.6431
ROI_075/patch_49,nearest,16–32,1,415,0.000,1.000,41.3697,42.5546
ROI_075/patch_49,nearest,32–64,1,1267,0.000,1.000,43.4909,44.7337
ROI_075/patch_49,nearest,64–128,1,2384,0.000,1.000,52.4180,53.6872
ROI_075/patch_49,nearest,≥128,1,375,0.000,1.000,60.6833,61.9582
ROI_075/patch_49,own,0–16,1,151,0.000,1.000,40.6630,41.7891
ROI_075/patch_49,own,16–32,1,415,0.000,1.000,41.2025,42.3819
ROI_075/patch_49,own,32–64,1,1451,0.000,1.000,42.5157,43.7290
ROI_075/patch_49,own,64–128,1,4748,0.000,1.000,46.0619,47.2373
ROI_075/patch_49,own,≥128,1,34563,0.000,1.000,48.8423,50.0426
ROI_075/patch_50,nearest,0–16,1,161,0.000,1.000,12.1748,13.0555
ROI_075/patch_50,nearest,16–32,1,481,0.000,1.000,12.0906,12.9283
ROI_075/patch_50,nearest,32–64,1,1469,0.000,1.000,12.9043,13.7691
ROI_075/patch_50,nearest,64–128,1,2252,0.000,1.000,16.6340,17.4183
ROI_075/patch_50,nearest,≥128,1,316,0.000,1.000,23.1505,24.4063
ROI_075/patch_50,own,0–16,1,161,0.000,1.000,12.3100,13.1717
ROI_075/patch_50,own,16–32,1,481,0.000,1.000,12.1284,12.9684
ROI_075/patch_50,own,32–64,1,1567,0.000,1.000,12.8416,13.7314
ROI_075/patch_50,own,64–128,1,5212,0.000,1.000,16.3698,17.1324
ROI_075/patch_50,own,≥128,1,34690,0.000,1.000,14.5139,15.3362
ROI_075/patch_51,nearest,0–16,1,134,0.000,1.000,6.9777,7.7164
ROI_075/patch_51,nearest,16–32,1,419,0.000,1.000,6.6394,7.3707
ROI_075/patch_51,nearest,32–64,1,1394,0.000,1.000,9.5518,10.2538
ROI_075/patch_51,nearest,64–128,1,2169,0.000,1.000,13.2565,13.9589
ROI_075/patch_51,nearest,≥128,1,735,0.000,1.000,25.2330,25.8752
ROI_075/patch_51,own,0–16,1,134,0.000,1.000,7.1320,7.8641
ROI_075/patch_51,own,16–32,1,419,0.000,1.000,6.9501,7.6920
ROI_075/patch_51,own,32–64,1,1697,0.000,1.000,9.6033,10.2920
ROI_075/patch_51,own,64–128,1,5704,0.000,1.000,8.7055,9.3814
ROI_075/patch_51,own,≥128,1,35705,0.000,1.000,9.8325,10.5608
ROI_075/patch_52,nearest,0–16,1,145,0.000,1.000,6.0273,7.6927
ROI_075/patch_52,nearest,16–32,1,400,0.000,1.000,5.6310,7.4489
ROI_075/patch_52,nearest,32–64,1,1267,0.000,1.000,6.2618,7.9017
ROI_075/patch_52,nearest,64–128,1,1992,0.000,1.000,5.2901,7.2977
ROI_075/patch_52,nearest,≥128,1,571,0.000,1.000,29.2963,30.8219
ROI_075/patch_52,own,0–16,1,145,0.000,1.000,6.0609,7.7491
ROI_075/patch_52,own,16–32,1,400,0.000,1.000,5.5202,7.3607
ROI_075/patch_52,own,32–64,1,1397,0.000,1.000,6.2670,7.9179
ROI_075/patch_52,own,64–128,1,4523,0.000,1.000,6.2893,7.9463
ROI_075/patch_52,own,≥128,1,28535,0.000,1.000,9.4967,11.1435
ROI_075/patch_53,nearest,0–16,1,145,0.000,1.000,12.4870,13.7263
ROI_075/patch_53,nearest,16–32,1,427,0.000,1.000,11.3201,12.6046
ROI_075/patch_53,nearest,32–64,1,1376,0.000,1.000,13.9739,15.3714
ROI_075/patch_53,nearest,64–128,1,1948,0.000,1.000,23.3890,24.9498
ROI_075/patch_53,nearest,≥128,1,363,0.000,1.000,38.3907,39.9991
ROI_075/patch_53,own,0–16,1,145,0.000,1.000,12.3236,13.5572
ROI_075/patch_53,own,16–32,1,427,0.000,1.000,11.3831,12.6820
ROI_075/patch_53,own,32–64,1,1485,0.000,1.000,14.8802,16.2747
ROI_075/patch_53,own,64–128,1,4956,0.000,1.000,21.2588,22.6785
ROI_075/patch_53,own,≥128,1,27059,0.000,1.000,33.1608,34.6096
ROI_075/patch_54,nearest,0–16,1,116,0.000,1.000,6.7110,7.4653
ROI_075/patch_54,nearest,16–32,1,381,0.000,1.000,7.0151,7.7739
ROI_075/patch_54,nearest,32–64,1,1248,0.000,1.000,9.0427,9.8009
ROI_075/patch_54,nearest,64–128,1,2252,0.000,1.000,16.5294,17.2365
ROI_075/patch_54,nearest,≥128,1,703,0.000,1.000,52.2897,53.3616
ROI_075/patch_54,own,0–16,1,116,0.000,1.000,6.6832,7.4266
ROI_075/patch_54,own,16–32,1,381,0.000,1.000,6.9058,7.6776
ROI_075/patch_54,own,32–64,1,1397,0.000,1.000,9.0742,9.8348
ROI_075/patch_54,own,64–128,1,4450,0.000,1.000,15.6709,16.3250
ROI_075/patch_54,own,≥128,1,31256,0.000,1.000,21.2183,22.0696
ROI_075/patch_55,nearest,0–16,1,144,0.000,1.000,1.5524,1.9680
ROI_075/patch_55,nearest,16–32,1,432,0.000,1.000,1.1309,1.6510
ROI_075/patch_55,nearest,32–64,1,1405,0.000,1.000,1.1556,1.8485
ROI_075/patch_55,nearest,64–128,1,2051,0.000,1.000,2.8353,3.7403
ROI_075/patch_55,nearest,≥128,1,395,0.000,1.000,12.5812,12.9683
ROI_075/patch_55,own,0–16,1,144,0.000,1.000,1.4824,1.9028
ROI_075/patch_55,own,16–32,1,432,0.000,1.000,1.0820,1.5956
ROI_075/patch_55,own,32–64,1,1580,0.000,1.000,1.2582,1.9080
ROI_075/patch_55,own,64–128,1,4647,0.000,1.000,1.9797,2.7411
ROI_075/patch_55,own,≥128,1,28613,0.000,1.000,3.1702,3.8222
ROI_075/patch_56,nearest,0–16,1,119,0.000,1.000,7.9243,8.8992
ROI_075/patch_56,nearest,16–32,1,372,0.000,1.000,8.2981,9.3950
ROI_075/patch_56,nearest,32–64,1,974,0.000,1.000,9.8872,11.5460
ROI_075/patch_56,nearest,64–128,1,1600,0.000,1.000,16.3482,17.9111
ROI_075/patch_56,nearest,≥128,1,944,0.000,1.000,45.3130,46.4038
ROI_075/patch_56,own,0–16,1,119,0.000,1.000,8.0472,9.0094
ROI_075/patch_56,own,16–32,1,373,0.000,1.000,8.3817,9.4885
ROI_075/patch_56,own,32–64,1,1260,0.000,1.000,9.4820,11.0745
ROI_075/patch_56,own,64–128,1,3717,0.000,1.000,14.5519,16.0080
ROI_075/patch_56,own,≥128,1,26603,0.000,1.000,13.8519,15.2817
ROI_075/patch_57,nearest,0–16,1,115,0.000,1.000,45.9981,46.5588
ROI_075/patch_57,nearest,16–32,1,338,0.000,1.000,45.2358,45.8309
ROI_075/patch_57,nearest,32–64,1,1115,0.000,1.000,46.4201,47.0964
ROI_075/patch_57,nearest,64–128,1,1921,0.000,1.000,49.5647,50.2074
ROI_075/patch_57,nearest,≥128,1,541,0.000,1.000,73.2351,74.0948
ROI_075/patch_57,own,0–16,1,115,0.000,1.000,46.3245,46.8616
ROI_075/patch_57,own,16–32,1,338,0.000,1.000,45.1174,45.7322
ROI_075/patch_57,own,32–64,1,1133,0.000,1.000,46.6942,47.3634
ROI_075/patch_57,own,64–128,1,3689,0.000,1.000,49.5682,50.2525
ROI_075/patch_57,own,≥128,1,26965,0.000,1.000,69.1387,69.7602
ROI_075/patch_58,nearest,0–16,1,139,0.000,1.000,4.3940,6.4420
ROI_075/patch_58,nearest,16–32,1,396,0.000,1.000,4.0144,6.0884
ROI_075/patch_58,nearest,32–64,1,1227,0.000,1.000,3.5613,5.6801
ROI_075/patch_58,nearest,64–128,1,2139,0.000,1.000,4.9432,6.8457
ROI_075/patch_58,nearest,≥128,1,536,0.000,1.000,9.1430,11.5943
ROI_075/patch_58,own,0–16,1,139,0.000,1.000,4.2690,6.2801
ROI_075/patch_58,own,16–32,1,396,0.000,1.000,3.9949,6.0459
ROI_075/patch_58,own,32–64,1,1430,0.000,1.000,3.8487,5.8776
ROI_075/patch_58,own,64–128,1,5105,0.000,1.000,5.6201,7.5255
ROI_075/patch_58,own,≥128,1,28426,0.000,1.000,5.5516,7.6340
ROI_075/patch_59,nearest,0–16,1,124,0.000,1.000,15.8630,17.2359
ROI_075/patch_59,nearest,16–32,1,361,0.000,1.000,15.9739,17.5158
ROI_075/patch_59,nearest,32–64,1,1110,0.000,1.000,23.9783,25.5715
ROI_075/patch_59,nearest,64–128,1,1990,0.000,1.000,21.5374,23.6963
ROI_075/patch_59,nearest,≥128,1,814,0.000,1.000,27.0269,29.9258
ROI_075/patch_59,own,0–16,1,124,0.000,1.000,15.8789,17.2602
ROI_075/patch_59,own,16–32,1,361,0.000,1.000,15.9417,17.5051
ROI_075/patch_59,own,32–64,1,1130,0.000,1.000,23.1580,24.7244
ROI_075/patch_59,own,64–128,1,3604,0.000,1.000,22.7314,24.4780
ROI_075/patch_59,own,≥128,1,29973,0.000,1.000,20.3219,22.1535
ROI_075/patch_60,nearest,0–16,1,144,0.000,1.000,5.9711,7.8241
ROI_075/patch_60,nearest,16–32,1,421,0.000,1.000,5.8217,7.7672
ROI_075/patch_60,nearest,32–64,1,1476,0.000,1.000,5.6154,7.6738
ROI_075/patch_60,nearest,64–128,1,2359,0.000,1.000,5.0576,7.1375
ROI_075/patch_60,nearest,≥128,1,353,0.000,1.000,30.4192,32.1764
ROI_075/patch_60,own,0–16,1,144,0.000,1.000,6.0413,7.8860
ROI_075/patch_60,own,16–32,1,421,0.000,1.000,5.7436,7.6993
ROI_075/patch_60,own,32–64,1,1496,0.000,1.000,5.3604,7.3951
ROI_075/patch_60,own,64–128,1,5155,0.000,1.000,4.8899,6.9073
ROI_075/patch_60,own,≥128,1,30808,0.000,1.000,5.5559,7.5763
ROI_075/patch_61,nearest,0–16,1,168,0.000,1.000,20.3501,21.1852
ROI_075/patch_61,nearest,16–32,1,484,0.000,1.000,20.8122,21.6339
ROI_075/patch_61,nearest,32–64,1,1522,0.000,1.000,22.0278,22.8456
ROI_075/patch_61,nearest,64–128,1,2343,0.000,1.000,24.8411,25.6448
ROI_075/patch_61,nearest,≥128,1,416,0.000,1.000,48.9066,49.9807
ROI_075/patch_61,own,0–16,1,168,0.000,1.000,20.3195,21.1632
ROI_075/patch_61,own,16–32,1,484,0.000,1.000,20.7356,21.5613
ROI_075/patch_61,own,32–64,1,1603,0.000,1.000,21.8535,22.6802
ROI_075/patch_61,own,64–128,1,5352,0.000,1.000,22.9044,23.7222
ROI_075/patch_61,own,≥128,1,36790,0.000,1.000,21.3850,22.1939
ROI_075/patch_62,nearest,0–16,1,130,0.000,1.000,2.5918,3.9741
ROI_075/patch_62,nearest,16–32,1,433,0.000,1.000,2.0271,3.4946
ROI_075/patch_62,nearest,32–64,1,1493,0.000,1.000,2.4258,4.1047
ROI_075/patch_62,nearest,64–128,1,2308,0.000,1.000,2.7596,4.6057
ROI_075/patch_62,nearest,≥128,1,533,0.000,1.000,5.3837,7.3842
ROI_075/patch_62,own,0–16,1,130,0.000,1.000,2.6285,3.9975
ROI_075/patch_62,own,16–32,1,433,0.000,1.000,2.1868,3.6640
ROI_075/patch_62,own,32–64,1,1525,0.000,1.000,2.4639,4.1348
ROI_075/patch_62,own,64–128,1,5381,0.000,1.000,2.5218,4.2810
ROI_075/patch_62,own,≥128,1,36604,0.000,1.000,2.6358,4.4296
ROI_075/patch_63,nearest,0–16,1,155,0.000,1.000,5.1662,5.8984
ROI_075/patch_63,nearest,16–32,1,422,0.000,1.000,4.4634,5.2335
ROI_075/patch_63,nearest,32–64,1,1370,0.000,1.000,5.1862,6.0241
ROI_075/patch_63,nearest,64–128,1,2048,0.000,1.000,6.4963,7.2958
ROI_075/patch_63,nearest,≥128,1,372,0.000,1.000,4.5467,5.2812
ROI_075/patch_63,own,0–16,1,155,0.000,1.000,4.9136,5.6400
ROI_075/patch_63,own,16–32,1,422,0.000,1.000,4.3517,5.1258
ROI_075/patch_63,own,32–64,1,1405,0.000,1.000,5.3866,6.2243
ROI_075/patch_63,own,64–128,1,4847,0.000,1.000,6.1112,6.9353
ROI_075/patch_63,own,≥128,1,32474,0.000,1.000,5.5778,6.3771
ROI_075/patch_64,nearest,0–16,1,123,0.000,1.000,7.2120,9.6194
ROI_075/patch_64,nearest,16–32,1,390,0.000,1.000,7.0529,9.2305
ROI_075/patch_64,nearest,32–64,1,1219,0.000,1.000,7.1411,9.4262
ROI_075/patch_64,nearest,64–128,1,2317,0.000,1.000,8.1197,10.3270
ROI_075/patch_64,nearest,≥128,1,716,0.000,1.000,12.6679,14.7609
ROI_075/patch_64,own,0–16,1,123,0.000,1.000,7.1357,9.5813
ROI_075/patch_64,own,16–32,1,390,0.000,1.000,7.0324,9.2676
ROI_075/patch_64,own,32–64,1,1390,0.000,1.000,7.2399,9.4917
ROI_075/patch_64,own,64–128,1,4852,0.000,1.000,8.1669,10.2648
ROI_075/patch_64,own,≥128,1,31365,0.000,1.000,8.2757,10.4755
ROI_075/patch_65,nearest,0–16,1,149,0.000,1.000,9.7844,11.5854
ROI_075/patch_65,nearest,16–32,1,394,0.000,1.000,8.6281,10.4764
ROI_075/patch_65,nearest,32–64,1,1115,0.000,1.000,8.2377,10.2542
ROI_075/patch_65,nearest,64–128,1,2271,0.000,1.000,7.9221,10.1601
ROI_075/patch_65,nearest,≥128,1,1158,0.000,1.000,11.0892,13.0736
ROI_075/patch_65,own,0–16,1,149,0.000,1.000,9.9553,11.7748
ROI_075/patch_65,own,16–32,1,394,0.000,1.000,8.3630,10.2444
ROI_075/patch_65,own,32–64,1,1285,0.000,1.000,8.3439,10.3600
ROI_075/patch_65,own,64–128,1,4519,0.000,1.000,7.6314,9.8017
ROI_075/patch_65,own,≥128,1,34349,0.000,1.000,8.6426,10.7397
ROI_075/patch_66,nearest,0–16,1,164,0.000,1.000,4.6916,6.2829
ROI_075/patch_66,nearest,16–32,1,495,0.000,1.000,4.9107,6.4570
ROI_075/patch_66,nearest,32–64,1,1499,0.000,1.000,6.6093,8.0073
ROI_075/patch_66,nearest,64–128,1,2209,0.000,1.000,12.2091,13.4241
ROI_075/patch_66,nearest,≥128,1,257,0.000,1.000,22.7714,23.9963
ROI_075/patch_66,own,0–16,1,164,0.000,1.000,4.6434,6.2326
ROI_075/patch_66,own,16–32,1,495,0.000,1.000,4.9194,6.4485
ROI_075/patch_66,own,32–64,1,1660,0.000,1.000,6.6948,8.1249
ROI_075/patch_66,own,64–128,1,5034,0.000,1.000,12.1039,13.3713
ROI_075/patch_66,own,≥128,1,34263,0.000,1.000,10.6048,11.8978
ROI_075/patch_67,nearest,0–16,1,153,0.000,1.000,2.9649,3.8778
ROI_075/patch_67,nearest,16–32,1,442,0.000,1.000,3.7337,4.7045
ROI_075/patch_67,nearest,32–64,1,1357,0.000,1.000,1.6352,2.3876
ROI_075/patch_67,nearest,64–128,1,2110,0.000,1.000,1.9909,2.6733
ROI_075/patch_67,nearest,≥128,1,706,0.000,1.000,71.8172,73.6422
ROI_075/patch_67,own,0–16,1,153,0.000,1.000,3.0022,3.9359
ROI_075/patch_67,own,16–32,1,442,0.000,1.000,3.6011,4.5897
ROI_075/patch_67,own,32–64,1,1502,0.000,1.000,1.9408,2.6871
ROI_075/patch_67,own,64–128,1,4951,0.000,1.000,2.3551,2.9838
ROI_075/patch_67,own,≥128,1,35864,0.000,1.000,2.1289,2.9041
ROI_075/patch_68,nearest,0–16,1,149,0.000,1.000,6.7027,8.6829
ROI_075/patch_68,nearest,16–32,1,403,0.000,1.000,6.7996,8.7927
ROI_075/patch_68,nearest,32–64,1,1230,0.000,1.000,7.4154,9.3367
ROI_075/patch_68,nearest,64–128,1,2149,0.000,1.000,8.8854,10.8425
ROI_075/patch_68,nearest,≥128,1,690,0.000,1.000,15.3833,17.2868
ROI_075/patch_68,own,0–16,1,149,0.000,1.000,6.6765,8.6350
ROI_075/patch_68,own,16–32,1,403,0.000,1.000,6.7927,8.7930
ROI_075/patch_68,own,32–64,1,1390,0.000,1.000,7.2949,9.2677
ROI_075/patch_68,own,64–128,1,4718,0.000,1.000,9.7338,11.6496
ROI_075/patch_68,own,≥128,1,34929,0.000,1.000,13.1551,15.0004
ROI_075/patch_69,nearest,0–16,1,164,0.000,1.000,22.1831,23.2780
ROI_075/patch_69,nearest,16–32,1,465,0.000,1.000,21.7612,22.8943
ROI_075/patch_69,nearest,32–64,1,1638,0.000,1.000,21.3853,22.6226
ROI_075/patch_69,nearest,64–128,1,2231,0.000,1.000,20.8039,21.9939
ROI_075/patch_69,nearest,≥128,1,460,0.000,1.000,33.8062,35.1501
ROI_075/patch_69,own,0–16,1,164,0.000,1.000,22.3251,23.4154
ROI_075/patch_69,own,16–32,1,465,0.000,1.000,21.7394,22.8767
ROI_075/patch_69,own,32–64,1,1761,0.000,1.000,21.2349,22.4754
ROI_075/patch_69,own,64–128,1,6143,0.000,1.000,23.3447,24.5073
ROI_075/patch_69,own,≥128,1,36089,0.000,1.000,22.7908,24.0284
ROI_075/patch_70,nearest,0–16,1,137,0.000,1.000,22.0371,23.2282
ROI_075/patch_70,nearest,16–32,1,397,0.000,1.000,21.7121,22.8081
ROI_075/patch_70,nearest,32–64,1,1406,0.000,1.000,22.1361,23.2006
ROI_075/patch_70,nearest,64–128,1,2561,0.000,1.000,32.3992,33.4094
ROI_075/patch_70,nearest,≥128,1,333,0.000,1.000,58.4983,59.4088
ROI_075/patch_70,own,0–16,1,137,0.000,1.000,22.2088,23.4116
ROI_075/patch_70,own,16–32,1,397,0.000,1.000,21.5638,22.6424
ROI_075/patch_70,own,32–64,1,1421,0.000,1.000,22.0401,23.1173
ROI_075/patch_70,own,64–128,1,4978,0.000,1.000,26.6623,27.7600
ROI_075/patch_70,own,≥128,1,31739,0.000,1.000,37.2222,38.2135
ROI_075/patch_71,nearest,0–16,1,172,0.000,1.000,4.9690,5.9307
ROI_075/patch_71,nearest,16–32,1,515,0.000,1.000,4.9941,5.9750
ROI_075/patch_71,nearest,32–64,1,1513,0.000,1.000,5.5580,6.4764
ROI_075/patch_71,nearest,64–128,1,2285,0.000,1.000,12.6044,13.6270
ROI_075/patch_71,nearest,≥128,1,345,0.000,1.000,22.4168,23.4190
ROI_075/patch_71,own,0–16,1,172,0.000,1.000,5.0393,6.0219
ROI_075/patch_71,own,16–32,1,515,0.000,1.000,5.1228,6.1124
ROI_075/patch_71,own,32–64,1,1737,0.000,1.000,5.5503,6.5044
ROI_075/patch_71,own,64–128,1,5815,0.000,1.000,8.5099,9.5677
ROI_075/patch_71,own,≥128,1,35231,0.000,1.000,10.1951,11.2661
ROI_075/patch_72,nearest,0–16,1,140,0.000,1.000,14.8970,16.3237
ROI_075/patch_72,nearest,16–32,1,429,0.000,1.000,15.1880,16.6169
ROI_075/patch_72,nearest,32–64,1,1388,0.000,1.000,15.7241,17.0126
ROI_075/patch_72,nearest,64–128,1,2468,0.000,1.000,16.2691,17.5364
ROI_075/patch_72,nearest,≥128,1,421,0.000,1.000,15.9876,17.4351
ROI_075/patch_72,own,0–16,1,140,0.000,1.000,14.8925,16.3306
ROI_075/patch_72,own,16–32,1,429,0.000,1.000,15.2711,16.7131
ROI_075/patch_72,own,32–64,1,1539,0.000,1.000,15.9103,17.2358
ROI_075/patch_72,own,64–128,1,5025,0.000,1.000,16.7774,17.9809
ROI_075/patch_72,own,≥128,1,36481,0.000,1.000,15.9308,17.2086
ROI_075/patch_73,nearest,0–16,1,150,0.000,1.000,13.8532,16.5746
ROI_075/patch_73,nearest,16–32,1,431,0.000,1.000,14.2913,16.9729
ROI_075/patch_73,nearest,32–64,1,1399,0.000,1.000,14.8386,17.6891
ROI_075/patch_73,nearest,64–128,1,2050,0.000,1.000,16.2105,19.0939
ROI_075/patch_73,nearest,≥128,1,480,0.000,1.000,22.6064,25.9640
ROI_075/patch_73,own,0–16,1,150,0.000,1.000,13.9375,16.6618
ROI_075/patch_73,own,16–32,1,431,0.000,1.000,15.0702,17.7643
ROI_075/patch_73,own,32–64,1,1569,0.000,1.000,14.8779,17.6769
ROI_075/patch_73,own,64–128,1,4834,0.000,1.000,16.3310,19.2575
ROI_075/patch_73,own,≥128,1,29096,0.000,1.000,16.0007,18.8309
ROI_075/patch_74,nearest,0–16,1,132,0.000,1.000,7.2407,8.0979
ROI_075/patch_74,nearest,16–32,1,428,0.000,1.000,7.6388,8.4870
ROI_075/patch_74,nearest,32–64,1,1244,0.000,1.000,7.3938,8.5245
ROI_075/patch_74,nearest,64–128,1,2090,0.000,1.000,13.0740,14.4079
ROI_075/patch_74,nearest,≥128,1,518,0.000,1.000,193.5076,196.1993
ROI_075/patch_74,own,0–16,1,132,0.000,1.000,7.3277,8.1733
ROI_075/patch_74,own,16–32,1,428,0.000,1.000,7.8375,8.7019
ROI_075/patch_74,own,32–64,1,1333,0.000,1.000,7.3055,8.4452
ROI_075/patch_74,own,64–128,1,4256,0.000,1.000,10.3249,11.7146
ROI_075/patch_74,own,≥128,1,29147,0.000,1.000,12.7564,13.9917
ROI_075/patch_75,nearest,0–16,1,152,0.000,1.000,75.8705,80.1458
ROI_075/patch_75,nearest,16–32,1,436,0.000,1.000,76.6826,80.9368
ROI_075/patch_75,nearest,32–64,1,1302,0.000,1.000,78.9756,83.3759
ROI_075/patch_75,nearest,64–128,1,1833,0.000,1.000,128.7920,134.1930
ROI_075/patch_75,nearest,≥128,1,514,0.000,1.000,311.0540,316.5234
ROI_075/patch_75,own,0–16,1,152,0.000,1.000,76.0073,80.2726
ROI_075/patch_75,own,16–32,1,436,0.000,1.000,76.7492,81.0098
ROI_075/patch_75,own,32–64,1,1444,0.000,1.000,78.9915,83.3777
ROI_075/patch_75,own,64–128,1,4261,0.000,1.000,89.7803,94.4688
ROI_075/patch_75,own,≥128,1,31840,0.000,1.000,173.6202,178.7771
ROI_075/patch_76,nearest,0–16,1,134,0.000,1.000,4.9660,6.0666
ROI_075/patch_76,nearest,16–32,1,404,0.000,1.000,4.4030,5.4224
ROI_075/patch_76,nearest,32–64,1,1204,0.000,1.000,4.5732,5.4713
ROI_075/patch_76,nearest,64–128,1,2226,0.000,1.000,12.1524,13.0802
ROI_075/patch_76,nearest,≥128,1,578,0.000,1.000,33.1204,34.2314
ROI_075/patch_76,own,0–16,1,134,0.000,1.000,4.9946,6.0979
ROI_075/patch_76,own,16–32,1,404,0.000,1.000,4.4072,5.4207
ROI_075/patch_76,own,32–64,1,1419,0.000,1.000,4.8048,5.6356
ROI_075/patch_76,own,64–128,1,4930,0.000,1.000,8.1025,9.0124
ROI_075/patch_76,own,≥128,1,29481,0.000,1.000,14.4613,15.5004
ROI_075/patch_77,nearest,0–16,1,154,0.000,1.000,12.3663,13.8042
ROI_075/patch_77,nearest,16–32,1,453,0.000,1.000,12.7066,14.1520
ROI_075/patch_77,nearest,32–64,1,1584,0.000,1.000,13.5791,14.9779
ROI_075/patch_77,nearest,64–128,1,1784,0.000,1.000,19.7142,21.2747
ROI_075/patch_77,nearest,≥128,1,415,0.000,1.000,131.2419,132.9889
ROI_075/patch_77,own,0–16,1,154,0.000,1.000,12.3352,13.7852
ROI_075/patch_77,own,16–32,1,453,0.000,1.000,12.6222,14.1065
ROI_075/patch_77,own,32–64,1,1734,0.000,1.000,13.1805,14.5686
ROI_075/patch_77,own,64–128,1,5927,0.000,1.000,16.3705,17.7927
ROI_075/patch_77,own,≥128,1,31242,0.000,1.000,19.0193,20.5495
ROI_075/patch_78,nearest,0–16,1,146,0.000,1.000,7.4949,7.8865
ROI_075/patch_78,nearest,16–32,1,432,0.000,1.000,6.4608,6.8722
ROI_075/patch_78,nearest,32–64,1,1223,0.000,1.000,7.3354,7.7792
ROI_075/patch_78,nearest,64–128,1,1960,0.000,1.000,17.4672,18.1997
ROI_075/patch_78,nearest,≥128,1,769,0.000,1.000,29.6574,30.5485
ROI_075/patch_78,own,0–16,1,146,0.000,1.000,7.4964,7.8756
ROI_075/patch_78,own,16–32,1,432,0.000,1.000,6.4554,6.8552
ROI_075/patch_78,own,32–64,1,1538,0.000,1.000,6.8847,7.2972
ROI_075/patch_78,own,64–128,1,4919,0.000,1.000,11.9632,12.4954
ROI_075/patch_78,own,≥128,1,33735,0.000,1.000,17.2865,17.8618
ROI_075/patch_79,nearest,0–16,1,140,0.000,1.000,18.8828,19.7457
ROI_075/patch_79,nearest,16–32,1,413,0.000,1.000,19.5665,20.4313
ROI_075/patch_79,nearest,32–64,1,1259,0.000,1.000,21.4316,22.3654
ROI_075/patch_79,nearest,64–128,1,1918,0.000,1.000,26.2617,27.2680
ROI_075/patch_79,nearest,≥128,1,277,0.000,1.000,186.9315,188.1336
ROI_075/patch_79,own,0–16,1,140,0.000,1.000,18.8606,19.7261
ROI_075/patch_79,own,16–32,1,413,0.000,1.000,19.5922,20.4650
ROI_075/patch_79,own,32–64,1,1323,0.000,1.000,21.2366,22.1926
ROI_075/patch_79,own,64–128,1,4528,0.000,1.000,20.7816,21.7848
ROI_075/patch_79,own,≥128,1,25652,0.000,1.000,23.7437,24.7971
ROI_075/patch_80,nearest,0–16,1,164,0.000,1.000,29.9128,31.3181
ROI_075/patch_80,nearest,16–32,1,471,0.000,1.000,30.2541,31.7818
ROI_075/patch_80,nearest,32–64,1,1331,0.000,1.000,31.8078,33.4514
ROI_075/patch_80,nearest,64–128,1,1870,0.000,1.000,51.7651,53.2300
ROI_075/patch_80,nearest,≥128,1,112,0.000,1.000,62.6946,64.2217
ROI_075/patch_80,own,0–16,1,164,0.000,1.000,30.1282,31.5350
ROI_075/patch_80,own,16–32,1,471,0.000,1.000,30.5167,32.0219
ROI_075/patch_80,own,32–64,1,1457,0.000,1.000,31.4967,33.0983
ROI_075/patch_80,own,64–128,1,4680,0.000,1.000,43.7194,45.1567
ROI_075/patch_80,own,≥128,1,28760,0.000,1.000,38.9707,40.5253
ROI_075/patch_81,nearest,0–16,1,134,0.000,1.000,9.0219,9.6677
ROI_075/patch_81,nearest,16–32,1,332,0.000,1.000,8.8220,9.5054
ROI_075/patch_81,nearest,32–64,1,932,0.000,1.000,13.9469,14.6257
ROI_075/patch_81,nearest,64–128,1,1743,0.000,1.000,13.0335,13.7276
ROI_075/patch_81,nearest,≥128,1,142,0.000,1.000,14.4117,15.3223
ROI_075/patch_81,own,0–16,1,134,0.000,1.000,8.8921,9.5388
ROI_075/patch_81,own,16–32,1,355,0.000,1.000,8.7857,9.4690
ROI_075/patch_81,own,32–64,1,1183,0.000,1.000,14.1566,14.8420
ROI_075/patch_81,own,64–128,1,3913,0.000,1.000,12.7627,13.4730
ROI_075/patch_81,own,≥128,1,20679,0.000,1.000,10.7364,11.4318
ROI_075/patch_82,nearest,0–16,1,170,0.000,1.000,13.0139,13.6471
ROI_075/patch_82,nearest,16–32,1,484,0.000,1.000,13.1294,13.7410
ROI_075/patch_82,nearest,32–64,1,1366,0.000,1.000,14.0468,14.6578
ROI_075/patch_82,nearest,64–128,1,1597,0.000,1.000,13.8176,14.3885
ROI_075/patch_82,nearest,≥128,1,278,0.000,1.000,223.3902,224.0964
ROI_075/patch_82,own,0–16,1,170,0.000,1.000,13.0071,13.6295
ROI_075/patch_82,own,16–32,1,484,0.000,1.000,13.2485,13.8541
ROI_075/patch_82,own,32–64,1,1592,0.000,1.000,14.2742,14.8946
ROI_075/patch_82,own,64–128,1,4967,0.000,1.000,14.4004,14.9966
ROI_075/patch_82,own,≥128,1,27842,0.000,1.000,16.4232,16.9793
ROI_075/patch_83,nearest,0–16,1,128,0.000,1.000,11.8735,12.7881
ROI_075/patch_83,nearest,16–32,1,376,0.000,1.000,12.8359,13.8362
ROI_075/patch_83,nearest,32–64,1,951,0.000,1.000,13.0720,14.1478
ROI_075/patch_83,nearest,64–128,1,1601,0.000,1.000,45.6164,46.9029
ROI_075/patch_83,nearest,≥128,1,564,0.000,1.000,21.1838,23.2705
ROI_075/patch_83,own,0–16,1,128,0.000,1.000,11.7815,12.7011
ROI_075/patch_83,own,16–32,1,376,0.000,1.000,12.7598,13.7395
ROI_075/patch_83,own,32–64,1,1154,0.000,1.000,12.3736,13.4585
ROI_075/patch_83,own,64–128,1,3743,0.000,1.000,46.2429,47.3902
ROI_075/patch_83,own,≥128,1,23559,0.000,1.000,24.8455,26.1898
ROI_075/patch_84,nearest,0–16,1,141,0.000,1.000,1.3846,2.3862
ROI_075/patch_84,nearest,16–32,1,431,0.000,1.000,1.5435,2.4234
ROI_075/patch_84,nearest,32–64,1,1447,0.000,1.000,2.2030,3.2482
ROI_075/patch_84,nearest,64–128,1,2222,0.000,1.000,2.8281,4.2421
ROI_075/patch_84,nearest,≥128,1,301,0.000,1.000,12.3490,14.0983
ROI_075/patch_84,own,0–16,1,141,0.000,1.000,1.4395,2.4349
ROI_075/patch_84,own,16–32,1,431,0.000,1.000,1.5489,2.4289
ROI_075/patch_84,own,32–64,1,1564,0.000,1.000,2.5375,3.5423
ROI_075/patch_84,own,64–128,1,5033,0.000,1.000,2.9393,4.2617
ROI_075/patch_84,own,≥128,1,29167,0.000,1.000,3.0553,4.3350
ROI_075/patch_85,nearest,0–16,1,146,0.000,1.000,11.2661,12.5188
ROI_075/patch_85,nearest,16–32,1,420,0.000,1.000,11.0551,12.3117
ROI_075/patch_85,nearest,32–64,1,1252,0.000,1.000,12.1755,13.4588
ROI_075/patch_85,nearest,64–128,1,1857,0.000,1.000,17.1904,18.5418
ROI_075/patch_85,nearest,≥128,1,353,0.000,1.000,25.6710,27.0504
ROI_075/patch_85,own,0–16,1,146,0.000,1.000,11.2868,12.5429
ROI_075/patch_85,own,16–32,1,420,0.000,1.000,10.9585,12.2127
ROI_075/patch_85,own,32–64,1,1380,0.000,1.000,12.3861,13.6743
ROI_075/patch_85,own,64–128,1,4430,0.000,1.000,13.8514,15.2158
ROI_075/patch_85,own,≥128,1,25848,0.000,1.000,13.5086,14.8329
ROI_075/patch_86,nearest,0–16,1,137,0.000,1.000,15.0319,16.1923
ROI_075/patch_86,nearest,16–32,1,376,0.000,1.000,15.1397,16.4487
ROI_075/patch_86,nearest,32–64,1,1235,0.000,1.000,15.7811,17.1132
ROI_075/patch_86,nearest,64–128,1,2144,0.000,1.000,18.8372,19.9513
ROI_075/patch_86,nearest,≥128,1,232,0.000,1.000,31.9027,33.1581
ROI_075/patch_86,own,0–16,1,137,0.000,1.000,14.9426,16.0866
ROI_075/patch_86,own,16–32,1,376,0.000,1.000,15.2750,16.5732
ROI_075/patch_86,own,32–64,1,1243,0.000,1.000,15.5065,16.7747
ROI_075/patch_86,own,64–128,1,4007,0.000,1.000,20.6509,21.7294
ROI_075/patch_86,own,≥128,1,27229,0.000,1.000,21.8974,22.9551
ROI_075/patch_87,nearest,0–16,1,156,0.000,1.000,5.1784,5.8353
ROI_075/patch_87,nearest,16–32,1,453,0.000,1.000,5.2374,5.8962
ROI_075/patch_87,nearest,32–64,1,1423,0.000,1.000,5.4952,6.0861
ROI_075/patch_87,nearest,64–128,1,2256,0.000,1.000,5.9839,6.6094
ROI_075/patch_87,nearest,≥128,1,349,0.000,1.000,28.1761,29.3724
ROI_075/patch_87,own,0–16,1,156,0.000,1.000,5.1487,5.8195
ROI_075/patch_87,own,16–32,1,453,0.000,1.000,5.2865,5.9443
ROI_075/patch_87,own,32–64,1,1607,0.000,1.000,5.6905,6.2381
ROI_075/patch_87,own,64–128,1,5670,0.000,1.000,6.4435,7.0029
ROI_075/patch_87,own,≥128,1,33847,0.000,1.000,5.8458,6.5089
ROI_075/patch_88,nearest,0–16,1,147,0.000,1.000,7.0972,9.5243
ROI_075/patch_88,nearest,16–32,1,386,0.000,1.000,6.7789,9.3072
ROI_075/patch_88,nearest,32–64,1,1352,0.000,1.000,5.8675,8.6268
ROI_075/patch_88,nearest,64–128,1,2408,0.000,1.000,5.8406,8.6025
ROI_075/patch_88,nearest,≥128,1,430,0.000,1.000,19.6998,22.6833
ROI_075/patch_88,own,0–16,1,147,0.000,1.000,7.2547,9.6662
ROI_075/patch_88,own,16–32,1,386,0.000,1.000,6.7883,9.2754
ROI_075/patch_88,own,32–64,1,1413,0.000,1.000,5.5684,8.3456
ROI_075/patch_88,own,64–128,1,4884,0.000,1.000,5.4677,8.0759
ROI_075/patch_88,own,≥128,1,30954,0.000,1.000,6.1950,8.8843
ROI_075/patch_89,nearest,0–16,1,157,0.000,1.000,8.3219,9.3269
ROI_075/patch_89,nearest,16–32,1,457,0.000,1.000,6.5546,7.6126
ROI_075/patch_89,nearest,32–64,1,1447,0.000,1.000,5.4635,6.4622
ROI_075/patch_89,nearest,64–128,1,2466,0.000,1.000,4.7332,5.9234
ROI_075/patch_89,nearest,≥128,1,337,0.000,1.000,8.6282,9.8417
ROI_075/patch_89,own,0–16,1,157,0.000,1.000,8.2323,9.2276
ROI_075/patch_89,own,16–32,1,457,0.000,1.000,6.5506,7.5996
ROI_075/patch_89,own,32–64,1,1576,0.000,1.000,5.1612,6.1795
ROI_075/patch_89,own,64–128,1,5366,0.000,1.000,5.2344,6.3786
ROI_075/patch_89,own,≥128,1,36220,0.000,1.000,6.1258,7.2633
ROI_075/patch_90,nearest,0–16,1,143,0.000,1.000,3.5604,3.9030
ROI_075/patch_90,nearest,16–32,1,382,0.000,1.000,3.1868,3.5008
ROI_075/patch_90,nearest,32–64,1,1313,0.000,1.000,2.5846,2.9591
ROI_075/patch_90,nearest,64–128,1,2653,0.000,1.000,3.4878,3.9210
ROI_075/patch_90,nearest,≥128,1,388,0.000,1.000,7.2169,7.7055
ROI_075/patch_90,own,0–16,1,143,0.000,1.000,3.4349,3.7651
ROI_075/patch_90,own,16–32,1,382,0.000,1.000,3.0107,3.3216
ROI_075/patch_90,own,32–64,1,1395,0.000,1.000,2.9911,3.3423
ROI_075/patch_90,own,64–128,1,5077,0.000,1.000,3.1626,3.5492
ROI_075/patch_90,own,≥128,1,32035,0.000,1.000,3.7916,4.1582
ROI_075/patch_91,nearest,0–16,1,139,0.000,1.000,9.6923,10.4966
ROI_075/patch_91,nearest,16–32,1,386,0.000,1.000,10.7953,11.6300
ROI_075/patch_91,nearest,32–64,1,1281,0.000,1.000,11.2372,12.1903
ROI_075/patch_91,nearest,64–128,1,2588,0.000,1.000,10.5442,11.4436
ROI_075/patch_91,nearest,≥128,1,281,0.000,1.000,8.4770,9.1838
ROI_075/patch_91,own,0–16,1,139,0.000,1.000,9.7097,10.5278
ROI_075/patch_91,own,16–32,1,386,0.000,1.000,10.5685,11.4032
ROI_075/patch_91,own,32–64,1,1281,0.000,1.000,11.5392,12.4277
ROI_075/patch_91,own,64–128,1,4397,0.000,1.000,10.4396,11.2943
ROI_075/patch_91,own,≥128,1,31197,0.000,1.000,11.3317,12.2174
ROI_075/patch_92,nearest,0–16,1,166,0.000,1.000,19.0119,19.9897
ROI_075/patch_92,nearest,16–32,1,481,0.000,1.000,18.6785,19.6002
ROI_075/patch_92,nearest,32–64,1,1409,0.000,1.000,18.8276,19.7090
ROI_075/patch_92,nearest,64–128,1,2215,0.000,1.000,25.6849,26.6630
ROI_075/patch_92,nearest,≥128,1,398,0.000,1.000,71.0671,72.0304
ROI_075/patch_92,own,0–16,1,166,0.000,1.000,18.6512,19.6363
ROI_075/patch_92,own,16–32,1,481,0.000,1.000,18.6663,19.5811
ROI_075/patch_92,own,32–64,1,1584,0.000,1.000,19.2521,20.1382
ROI_075/patch_92,own,64–128,1,5138,0.000,1.000,23.4246,24.3519
ROI_075/patch_92,own,≥128,1,34652,0.000,1.000,25.0078,25.9252
ROI_075/patch_93,nearest,0–16,1,153,0.000,1.000,3.6870,4.6062
ROI_075/patch_93,nearest,16–32,1,452,0.000,1.000,4.1081,5.1989
ROI_075/patch_93,nearest,32–64,1,1353,0.000,1.000,5.0608,6.3937
ROI_075/patch_93,nearest,64–128,1,2283,0.000,1.000,5.6123,6.9155
ROI_075/patch_93,nearest,≥128,1,181,0.000,1.000,11.9049,13.0544
ROI_075/patch_93,own,0–16,1,153,0.000,1.000,3.6683,4.5943
ROI_075/patch_93,own,16–32,1,456,0.000,1.000,3.9673,5.0545
ROI_075/patch_93,own,32–64,1,1697,0.000,1.000,4.8350,6.1422
ROI_075/patch_93,own,64–128,1,4890,0.000,1.000,4.9961,6.4276
ROI_075/patch_93,own,≥128,1,32602,0.000,1.000,5.3793,6.8430
ROI_075/patch_94,nearest,0–16,1,127,0.000,1.000,9.5215,12.4394
ROI_075/patch_94,nearest,16–32,1,367,0.000,1.000,8.1471,11.3050
ROI_075/patch_94,nearest,32–64,1,1108,0.000,1.000,7.7020,10.5498
ROI_075/patch_94,nearest,64–128,1,2157,0.000,1.000,15.3875,18.1031
ROI_075/patch_94,nearest,≥128,1,780,0.000,1.000,49.8051,52.1794
ROI_075/patch_94,own,0–16,1,127,0.000,1.000,8.9884,11.9050
ROI_075/patch_94,own,16–32,1,373,0.000,1.000,8.1717,11.3338
ROI_075/patch_94,own,32–64,1,1250,0.000,1.000,7.7091,10.4862
ROI_075/patch_94,own,64–128,1,4107,0.000,1.000,10.5715,13.4241
ROI_075/patch_94,own,≥128,1,30455,0.000,1.000,18.4277,21.2071
ROI_075/patch_95,nearest,0–16,1,139,0.000,1.000,19.3993,21.7754
ROI_075/patch_95,nearest,16–32,1,371,0.000,1.000,17.3471,19.7555
ROI_075/patch_95,nearest,32–64,1,1235,0.000,1.000,16.5516,19.0578
ROI_075/patch_95,nearest,64–128,1,2530,0.000,1.000,18.4941,21.0104
ROI_075/patch_95,nearest,≥128,1,454,0.000,1.000,114.3118,116.7317
ROI_075/patch_95,own,0–16,1,139,0.000,1.000,19.6658,22.0479
ROI_075/patch_95,own,16–32,1,371,0.000,1.000,17.6245,20.0535
ROI_075/patch_95,own,32–64,1,1327,0.000,1.000,16.6337,19.0816
ROI_075/patch_95,own,64–128,1,4871,0.000,1.000,17.0275,19.5403
ROI_075/patch_95,own,≥128,1,35853,0.000,1.000,37.4296,39.8482
ROI_075/patch_96,nearest,0–16,1,127,0.000,1.000,12.0231,13.4537
ROI_075/patch_96,nearest,16–32,1,389,0.000,1.000,8.0546,9.7162
ROI_075/patch_96,nearest,32–64,1,1208,0.000,1.000,11.1455,12.9467
ROI_075/patch_96,nearest,64–128,1,1882,0.000,1.000,17.1048,19.2184
ROI_075/patch_96,nearest,≥128,1,255,0.000,1.000,28.0083,30.1180
ROI_075/patch_96,own,0–16,1,127,0.000,1.000,12.1712,13.5882
ROI_075/patch_96,own,16–32,1,389,0.000,1.000,8.1246,9.7491
ROI_075/patch_96,own,32–64,1,1311,0.000,1.000,11.0685,12.9000
ROI_075/patch_96,own,64–128,1,4430,0.000,1.000,16.7399,18.8991
ROI_075/patch_96,own,≥128,1,24631,0.000,1.000,17.5854,19.4844
ROI_075/patch_97,nearest,0–16,1,150,0.000,1.000,3.3172,5.1137
ROI_075/patch_97,nearest,16–32,1,423,0.000,1.000,3.6393,5.3283
ROI_075/patch_97,nearest,32–64,1,1298,0.000,1.000,3.5334,5.0933
ROI_075/patch_97,nearest,64–128,1,2492,0.000,1.000,4.9931,6.7596
ROI_075/patch_97,nearest,≥128,1,249,0.000,1.000,7.3197,9.1303
ROI_075/patch_97,own,0–16,1,150,0.000,1.000,3.3268,5.1227
ROI_075/patch_97,own,16–32,1,423,0.000,1.000,3.4798,5.1533
ROI_075/patch_97,own,32–64,1,1442,0.000,1.000,3.7473,5.3291
ROI_075/patch_97,own,64–128,1,4644,0.000,1.000,4.6458,6.3607
ROI_075/patch_97,own,≥128,1,30237,0.000,1.000,5.8141,7.4591
ROI_075/patch_98,nearest,0–16,1,107,0.000,1.000,60.2152,61.6559
ROI_075/patch_98,nearest,16–32,1,296,0.000,1.000,49.3975,50.5873
ROI_075/patch_98,nearest,32–64,1,683,0.000,1.000,54.2739,55.3226
ROI_075/patch_98,nearest,64–128,1,1337,0.000,1.000,70.9988,72.0057
ROI_075/patch_98,nearest,≥128,1,179,0.000,1.000,95.1608,96.5765
ROI_075/patch_98,own,0–16,1,107,0.000,1.000,60.2865,61.7262
ROI_075/patch_98,own,16–32,1,296,0.000,1.000,48.8768,50.0908
ROI_075/patch_98,own,32–64,1,857,0.000,1.000,53.4929,54.5938
ROI_075/patch_98,own,64–128,1,2897,0.000,1.000,68.4733,69.4895
ROI_075/patch_98,own,≥128,1,16659,0.000,1.000,66.8272,67.8876
ROI_075/patch_99,nearest,0–16,1,120,0.000,1.000,11.5615,13.6136
ROI_075/patch_99,nearest,16–32,1,351,0.000,1.000,10.9126,13.0954
ROI_075/patch_99,nearest,32–64,1,1116,0.000,1.000,11.1646,13.2589
ROI_075/patch_99,nearest,64–128,1,2079,0.000,1.000,18.6465,20.8193
ROI_075/patch_99,nearest,≥128,1,534,0.000,1.000,19.0331,21.1736
ROI_075/patch_99,own,0–16,1,120,0.000,1.000,11.6790,13.7424
ROI_075/patch_99,own,16–32,1,351,0.000,1.000,10.8631,13.0711
ROI_075/patch_99,own,32–64,1,1162,0.000,1.000,11.4665,13.5435
ROI_075/patch_99,own,64–128,1,3781,0.000,1.000,14.0787,16.3419
ROI_075/patch_99,own,≥128,1,28186,0.000,1.000,13.7605,15.9027
ROI_075/patch_101,nearest,0–16,1,155,0.000,1.000,1.6650,2.5476
ROI_075/patch_101,nearest,16–32,1,427,0.000,1.000,2.0951,2.9795
ROI_075/patch_101,nearest,32–64,1,1570,0.000,1.000,2.3350,3.2914
ROI_075/patch_101,nearest,64–128,1,2572,0.000,1.000,2.1373,3.1773
ROI_075/patch_101,nearest,≥128,1,574,0.000,1.000,2.1707,3.3486
ROI_075/patch_101,own,0–16,1,155,0.000,1.000,1.6571,2.5453
ROI_075/patch_101,own,16–32,1,427,0.000,1.000,2.0206,2.9109
ROI_075/patch_101,own,32–64,1,1594,0.000,1.000,2.2707,3.2584
ROI_075/patch_101,own,64–128,1,5425,0.000,1.000,2.2734,3.3516
ROI_075/patch_101,own,≥128,1,34783,0.000,1.000,2.2498,3.2430
ROI_075/patch_102,nearest,0–16,1,122,0.000,1.000,28.6269,33.6381
ROI_075/patch_102,nearest,16–32,1,350,0.000,1.000,28.2187,32.9347
ROI_075/patch_102,nearest,32–64,1,847,0.000,1.000,55.9897,60.9444
ROI_075/patch_102,nearest,64–128,1,1113,0.000,1.000,128.0153,133.3063
ROI_075/patch_102,nearest,≥128,1,230,0.000,1.000,762.8900,772.1494
ROI_075/patch_102,own,0–16,1,122,0.000,1.000,28.3660,33.3050
ROI_075/patch_102,own,16–32,1,350,0.000,1.000,29.7597,34.5654
ROI_075/patch_102,own,32–64,1,976,0.000,1.000,44.4089,49.5371
ROI_075/patch_102,own,64–128,1,2776,0.000,1.000,66.0427,71.0631
ROI_075/patch_102,own,≥128,1,17072,0.000,1.000,118.9294,124.4051
ROI_075/patch_103,nearest,0–16,1,131,0.000,1.000,32.9753,33.8993
ROI_075/patch_103,nearest,16–32,1,339,0.000,1.000,31.3628,32.6021
ROI_075/patch_103,nearest,32–64,1,768,0.000,1.000,33.7173,36.1271
ROI_075/patch_103,nearest,64–128,1,1038,0.000,1.000,47.9759,50.4077
ROI_075/patch_103,nearest,≥128,1,294,0.000,1.000,171.2488,177.1742
ROI_075/patch_103,own,0–16,1,131,0.000,1.000,32.9676,33.9058
ROI_075/patch_103,own,16–32,1,339,0.000,1.000,32.0465,33.3037
ROI_075/patch_103,own,32–64,1,866,0.000,1.000,32.7122,35.0830
ROI_075/patch_103,own,64–128,1,3012,0.000,1.000,40.4955,42.7205
ROI_075/patch_103,own,≥128,1,18782,0.000,1.000,74.8779,77.4693
ROI_075/patch_104,nearest,0–16,1,118,0.000,1.000,26.9279,29.4014
ROI_075/patch_104,nearest,16–32,1,372,0.000,1.000,26.5005,29.0908
ROI_075/patch_104,nearest,32–64,1,789,0.000,1.000,27.0533,30.2390
ROI_075/patch_104,nearest,64–128,1,1395,0.000,1.000,33.7612,36.6666
ROI_075/patch_104,nearest,≥128,1,66,0.000,1.000,132.4487,136.3799
ROI_075/patch_104,own,0–16,1,118,0.000,1.000,26.9030,29.3755
ROI_075/patch_104,own,16–32,1,382,0.000,1.000,26.5740,29.2119
ROI_075/patch_104,own,32–64,1,915,0.000,1.000,27.3319,30.5568
ROI_075/patch_104,own,64–128,1,2744,0.000,1.000,35.7339,38.7972
ROI_075/patch_104,own,≥128,1,17761,0.000,1.000,33.2447,36.1087
ROI_075/patch_105,nearest,0–16,1,110,0.000,1.000,6.8539,9.2486
ROI_075/patch_105,nearest,16–32,1,362,0.000,1.000,4.8052,7.2694
ROI_075/patch_105,nearest,32–64,1,1240,0.000,1.000,4.7066,7.3217
ROI_075/patch_105,nearest,64–128,1,2055,0.000,1.000,4.8003,7.5743
ROI_075/patch_105,nearest,≥128,1,729,0.000,1.000,23.7989,26.5308
ROI_075/patch_105,own,0–16,1,110,0.000,1.000,6.9058,9.3056
ROI_075/patch_105,own,16–32,1,362,0.000,1.000,4.8748,7.3526
ROI_075/patch_105,own,32–64,1,1336,0.000,1.000,4.6342,7.1649
ROI_075/patch_105,own,64–128,1,4676,0.000,1.000,4.7461,7.3789
ROI_075/patch_105,own,≥128,1,29484,0.000,1.000,6.3944,9.0457
ROI_075/patch_106,nearest,0–16,1,154,0.000,1.000,8.0941,9.7038
ROI_075/patch_106,nearest,16–32,1,406,0.000,1.000,8.4285,10.1647
ROI_075/patch_106,nearest,32–64,1,1429,0.000,1.000,9.1506,10.7863
ROI_075/patch_106,nearest,64–128,1,2534,0.000,1.000,12.4548,13.9363
ROI_075/patch_106,nearest,≥128,1,676,0.000,1.000,10.6620,12.0223
ROI_075/patch_106,own,0–16,1,154,0.000,1.000,8.3072,9.9362
ROI_075/patch_106,own,16–32,1,406,0.000,1.000,8.6178,10.3442
ROI_075/patch_106,own,32–64,1,1472,0.000,1.000,9.2031,10.8389
ROI_075/patch_106,own,64–128,1,4867,0.000,1.000,11.1800,12.7462
ROI_075/patch_106,own,≥128,1,39892,0.000,1.000,12.1978,13.7502
ROI_075/patch_107,nearest,0–16,1,145,0.000,1.000,12.1224,13.4428
ROI_075/patch_107,nearest,16–32,1,422,0.000,1.000,12.2053,13.5497
ROI_075/patch_107,nearest,32–64,1,1286,0.000,1.000,12.4440,13.8688
ROI_075/patch_107,nearest,64–128,1,1994,0.000,1.000,12.8287,14.3101
ROI_075/patch_107,nearest,≥128,1,401,0.000,1.000,36.4418,37.9320
ROI_075/patch_107,own,0–16,1,145,0.000,1.000,12.2527,13.5631
ROI_075/patch_107,own,16–32,1,422,0.000,1.000,12.3506,13.7030
ROI_075/patch_107,own,32–64,1,1432,0.000,1.000,11.9968,13.3833
ROI_075/patch_107,own,64–128,1,5103,0.000,1.000,12.1926,13.6770
ROI_075/patch_107,own,≥128,1,31130,0.000,1.000,16.4437,17.8523
ROI_075/patch_108,nearest,0–16,1,112,0.000,1.000,2.0660,4.0043
ROI_075/patch_108,nearest,16–32,1,337,0.000,1.000,1.8439,3.8334
ROI_075/patch_108,nearest,32–64,1,972,0.000,1.000,2.0682,4.4263
ROI_075/patch_108,nearest,64–128,1,1801,0.000,1.000,6.2018,8.9805
ROI_075/patch_108,nearest,≥128,1,976,0.000,1.000,54.8546,57.9993
ROI_075/patch_108,own,0–16,1,112,0.000,1.000,2.0408,3.9898
ROI_075/patch_108,own,16–32,1,340,0.000,1.000,2.0000,4.0117
ROI_075/patch_108,own,32–64,1,1253,0.000,1.000,2.0019,4.2102
ROI_075/patch_108,own,64–128,1,3920,0.000,1.000,2.8543,5.2028
ROI_075/patch_108,own,≥128,1,27959,0.000,1.000,42.5653,45.3615
ROI_075/patch_109,nearest,0–16,1,62,0.000,1.000,14.9557,17.2017
ROI_075/patch_109,nearest,16–32,1,232,0.000,1.000,14.3575,16.9840
ROI_075/patch_109,nearest,32–64,1,670,0.000,1.000,13.3681,17.2035
ROI_075/patch_109,nearest,64–128,1,760,0.000,1.000,15.1113,20.6425
ROI_075/patch_109,nearest,≥128,1,70,0.000,1.000,53.8167,64.0473
ROI_075/patch_109,own,0–16,1,62,0.000,1.000,14.8808,17.1498
ROI_075/patch_109,own,16–32,1,232,0.000,1.000,14.3105,16.9199
ROI_075/patch_109,own,32–64,1,737,0.000,1.000,13.7839,17.6333
ROI_075/patch_109,own,64–128,1,2330,0.000,1.000,14.4122,18.9251
ROI_075/patch_109,own,≥128,1,10991,0.000,1.000,19.3458,23.0439
ROI_075/patch_110,nearest,0–16,1,130,0.000,1.000,12.7003,14.3369
ROI_075/patch_110,nearest,16–32,1,355,0.000,1.000,13.7776,15.5954
ROI_075/patch_110,nearest,32–64,1,1093,0.000,1.000,15.1999,17.8847
ROI_075/patch_110,nearest,64–128,1,1555,0.000,1.000,23.2860,26.2543
ROI_075/patch_110,nearest,≥128,1,335,0.000,1.000,45.2946,48.9423
ROI_075/patch_110,own,0–16,1,130,0.000,1.000,12.6259,14.2942
ROI_075/patch_110,own,16–32,1,355,0.000,1.000,14.1320,15.8581
ROI_075/patch_110,own,32–64,1,1161,0.000,1.000,15.9693,18.6770
ROI_075/patch_110,own,64–128,1,4055,0.000,1.000,21.8792,24.3879
ROI_075/patch_110,own,≥128,1,22043,0.000,1.000,21.0787,23.8576
ROI_075/patch_111,nearest,0–16,1,168,0.000,1.000,6.1329,6.6157
ROI_075/patch_111,nearest,16–32,1,416,0.000,1.000,6.0890,6.5821
ROI_075/patch_111,nearest,32–64,1,1357,0.000,1.000,6.4058,6.9004
ROI_075/patch_111,nearest,64–128,1,2338,0.000,1.000,8.5574,8.9949
ROI_075/patch_111,nearest,≥128,1,297,0.000,1.000,19.5653,19.9387
ROI_075/patch_111,own,0–16,1,168,0.000,1.000,6.2468,6.7185
ROI_075/patch_111,own,16–32,1,416,0.000,1.000,6.0721,6.5795
ROI_075/patch_111,own,32–64,1,1398,0.000,1.000,6.1868,6.6910
ROI_075/patch_111,own,64–128,1,5164,0.000,1.000,8.8688,9.2842
ROI_075/patch_111,own,≥128,1,34038,0.000,1.000,13.5458,13.9694
ROI_075/patch_112,nearest,0–16,1,133,0.000,1.000,5.7932,6.9475
ROI_075/patch_112,nearest,16–32,1,368,0.000,1.000,4.3812,5.5588
ROI_075/patch_112,nearest,32–64,1,1174,0.000,1.000,4.6102,5.7583
ROI_075/patch_112,nearest,64–128,1,2789,0.000,1.000,6.0702,7.2516
ROI_075/patch_112,nearest,≥128,1,564,0.000,1.000,25.2329,26.4139
ROI_075/patch_112,own,0–16,1,133,0.000,1.000,5.8183,6.9764
ROI_075/patch_112,own,16–32,1,368,0.000,1.000,4.5861,5.7596
ROI_075/patch_112,own,32–64,1,1250,0.000,1.000,4.9209,6.0755
ROI_075/patch_112,own,64–128,1,4332,0.000,1.000,5.5351,6.6932
ROI_075/patch_112,own,≥128,1,34141,0.000,1.000,6.1644,7.3351
ROI_075/patch_116,nearest,0–16,1,143,0.000,1.000,1.9796,5.4710
ROI_075/patch_116,nearest,16–32,1,419,0.000,1.000,3.3531,6.7432
ROI_075/patch_116,nearest,32–64,1,1259,0.000,1.000,2.3716,5.8808
ROI_075/patch_116,nearest,64–128,1,2292,0.000,1.000,3.3676,6.7989
ROI_075/patch_116,nearest,≥128,1,521,0.000,1.000,23.4897,26.4461
ROI_075/patch_116,own,0–16,1,143,0.000,1.000,2.0014,5.4761
ROI_075/patch_116,own,16–32,1,419,0.000,1.000,3.1985,6.6278
ROI_075/patch_116,own,32–64,1,1310,0.000,1.000,2.1712,5.6679
ROI_075/patch_116,own,64–128,1,4052,0.000,1.000,3.2542,6.7183
ROI_075/patch_116,own,≥128,1,31148,0.000,1.000,3.8719,7.3718
ROI_075/patch_117,nearest,0–16,1,93,0.000,1.000,7.1948,9.3276
ROI_075/patch_117,nearest,16–32,1,258,0.000,1.000,7.3988,9.5655
ROI_075/patch_117,nearest,32–64,1,474,0.000,1.000,26.6388,29.4946
ROI_075/patch_117,nearest,64–128,1,200,0.000,1.000,187.2400,192.0674
ROI_075/patch_117,nearest,≥128,0,24,nan,nan,,
ROI_075/patch_117,own,0–16,1,93,0.000,1.000,7.4798,9.6237
ROI_075/patch_117,own,16–32,1,268,0.000,1.000,7.2716,9.4017
ROI_075/patch_117,own,32–64,1,703,0.000,1.000,18.1984,21.1348
ROI_075/patch_117,own,64–128,1,2251,0.000,1.000,21.1321,25.0409
ROI_075/patch_117,own,≥128,1,5077,0.000,1.000,95.4410,99.2820
ROI_075/patch_118,nearest,0–16,1,72,0.000,1.000,29.8882,31.2384
ROI_075/patch_118,nearest,16–32,1,162,0.000,1.000,30.0985,31.3664
ROI_075/patch_118,nearest,32–64,1,353,0.000,1.000,35.3173,36.8955
ROI_075/patch_118,nearest,64–128,1,271,0.000,1.000,118.1738,120.7784
ROI_075/patch_118,nearest,≥128,1,40,0.000,1.000,1289.7316,1291.8797
ROI_075/patch_118,own,0–16,1,72,0.000,1.000,29.7261,31.0511
ROI_075/patch_118,own,16–32,1,162,0.000,1.000,30.0673,31.3782
ROI_075/patch_118,own,32–64,1,459,0.000,1.000,33.1766,34.6526
ROI_075/patch_118,own,64–128,1,945,0.000,1.000,64.1116,66.0977
ROI_075/patch_118,own,≥128,1,5546,0.000,1.000,60.5699,62.5766
ROI_075/patch_119,nearest,0–16,1,115,0.000,1.000,14.8799,16.2248
ROI_075/patch_119,nearest,16–32,1,327,0.000,1.000,16.2061,17.4130
ROI_075/patch_119,nearest,32–64,1,825,0.000,1.000,16.3782,18.5679
ROI_075/patch_119,nearest,64–128,1,1194,0.000,1.000,21.1023,23.7016
ROI_075/patch_119,nearest,≥128,1,251,0.700,1.000,540.9285,542.3692
ROI_075/patch_119,own,0–16,1,115,0.000,1.000,14.7062,16.0609
ROI_075/patch_119,own,16–32,1,327,0.000,1.000,16.4210,17.6236
ROI_075/patch_119,own,32–64,1,1051,0.000,1.000,16.6912,18.9532
ROI_075/patch_119,own,64–128,1,3955,0.000,1.000,36.7574,38.9270
ROI_075/patch_119,own,≥128,1,21672,0.000,1.000,18.1285,20.0647
ROI_075/patch_120,nearest,0–16,1,162,0.000,1.000,18.9095,20.6378
ROI_075/patch_120,nearest,16–32,1,464,0.000,1.000,19.5711,21.2893
ROI_075/patch_120,nearest,32–64,1,1570,0.000,1.000,19.4388,21.2230
ROI_075/patch_120,nearest,64–128,1,2277,0.000,1.000,20.3494,22.1401
ROI_075/patch_120,nearest,≥128,1,545,0.000,1.000,84.5254,87.5579
ROI_075/patch_120,own,0–16,1,162,0.000,1.000,18.7470,20.4773
ROI_075/patch_120,own,16–32,1,464,0.000,1.000,19.3401,21.0495
ROI_075/patch_120,own,32–64,1,1638,0.000,1.000,19.5870,21.3222
ROI_075/patch_120,own,64–128,1,5489,0.000,1.000,22.1978,23.9634
ROI_075/patch_120,own,≥128,1,37409,0.000,1.000,18.7072,20.5455
ROI_075/patch_121,nearest,0–16,1,149,0.000,1.000,25.0382,27.7228
ROI_075/patch_121,nearest,16–32,1,420,0.000,1.000,24.5865,27.2613
ROI_075/patch_121,nearest,32–64,1,902,0.000,1.000,25.9969,27.7836
ROI_075/patch_121,nearest,64–128,1,976,0.000,1.000,33.5920,35.7585
ROI_075/patch_121,nearest,≥128,1,105,0.000,1.000,218.5871,228.3515
ROI_075/patch_121,own,0–16,1,149,0.000,1.000,24.8902,27.5358
ROI_075/patch_121,own,16–32,1,420,0.000,1.000,24.8722,27.5785
ROI_075/patch_121,own,32–64,1,1168,0.000,1.000,33.0294,34.8330
ROI_075/patch_121,own,64–128,1,3757,0.000,1.000,32.4726,34.6786
ROI_075/patch_121,own,≥128,1,17474,0.000,1.000,43.9132,45.9237
ROI_075/patch_122,nearest,0–16,1,82,0.000,1.000,36.9708,40.3475
ROI_075/patch_122,nearest,16–32,1,244,0.000,1.000,15.9714,17.7756
ROI_075/patch_122,nearest,32–64,1,847,0.000,1.000,14.5953,17.4035
ROI_075/patch_122,nearest,64–128,1,1195,0.000,1.000,14.0136,18.4258
ROI_075/patch_122,nearest,≥128,1,171,0.000,1.000,19.5782,24.4997
ROI_075/patch_122,own,0–16,1,82,0.000,1.000,37.0830,40.4565
ROI_075/patch_122,own,16–32,1,244,0.000,1.000,16.2935,18.1392
ROI_075/patch_122,own,32–64,1,879,0.000,1.000,14.8609,17.5880
ROI_075/patch_122,own,64–128,1,3038,0.000,1.000,14.3934,17.6265
ROI_075/patch_122,own,≥128,1,16069,0.000,1.000,14.4889,17.8699
ROI_075/patch_123,nearest,0–16,1,94,0.000,1.000,32.3056,33.1123
ROI_075/patch_123,nearest,16–32,1,259,0.000,1.000,32.3009,33.3718
ROI_075/patch_123,nearest,32–64,1,884,0.000,1.000,31.6222,33.0065
ROI_075/patch_123,nearest,64–128,1,1078,0.000,1.000,32.0004,33.5424
ROI_075/patch_123,nearest,≥128,1,359,0.000,1.000,440.7887,444.4660
ROI_075/patch_123,own,0–16,1,94,0.000,1.000,32.1379,32.9906
ROI_075/patch_123,own,16–32,1,259,0.000,1.000,32.2565,33.2520
ROI_075/patch_123,own,32–64,1,902,0.000,1.000,31.7695,33.1293
ROI_075/patch_123,own,64–128,1,2681,0.000,1.000,36.5486,38.1381
ROI_075/patch_123,own,≥128,1,17456,0.000,1.000,38.7902,40.4220
ROI_075/patch_124,nearest,0–16,1,139,0.000,1.000,21.3538,22.9250
ROI_075/patch_124,nearest,16–32,1,361,0.000,1.000,20.3400,21.9361
ROI_075/patch_124,nearest,32–64,1,1105,0.000,1.000,20.8274,22.7441
ROI_075/patch_124,nearest,64–128,1,1967,0.000,1.000,22.3447,24.6255
ROI_075/patch_124,nearest,≥128,1,207,0.000,1.000,29.4199,35.1075
ROI_075/patch_124,own,0–16,1,139,0.000,1.000,21.5298,23.0300
ROI_075/patch_124,own,16–32,1,361,0.000,1.000,20.0716,21.6741
ROI_075/patch_124,own,32–64,1,1210,0.000,1.000,20.4526,22.5075
ROI_075/patch_124,own,64–128,1,3885,0.000,1.000,20.8689,22.8424
ROI_075/patch_124,own,≥128,1,24637,0.000,1.000,22.8924,24.9470
ROI_075/patch_125,nearest,0–16,1,81,0.000,1.000,81.6969,86.0419
ROI_075/patch_125,nearest,16–32,1,198,0.000,1.000,81.6846,85.8622
ROI_075/patch_125,nearest,32–64,1,236,0.000,1.000,216.3361,221.9984
ROI_075/patch_125,nearest,64–128,1,406,0.000,1.000,115.3003,124.4517
ROI_075/patch_125,nearest,≥128,1,42,0.000,1.000,299.4344,304.1403
ROI_075/patch_125,own,0–16,1,81,0.000,1.000,82.1308,86.5008
ROI_075/patch_125,own,16–32,1,198,0.000,1.000,82.0666,86.2285
ROI_075/patch_125,own,32–64,1,241,0.000,1.000,185.9155,191.0507
ROI_075/patch_125,own,64–128,1,864,0.000,1.000,108.2475,114.6494
ROI_075/patch_125,own,≥128,1,6320,0.000,1.000,114.7108,119.0644
ROI_075/patch_127,nearest,0–16,1,109,0.000,1.000,9.4474,11.9790
ROI_075/patch_127,nearest,16–32,1,306,0.000,1.000,10.1838,12.4252
ROI_075/patch_127,nearest,32–64,1,997,0.000,1.000,10.7184,12.5877
ROI_075/patch_127,nearest,64–128,1,1538,0.000,1.000,12.2195,14.5925
ROI_075/patch_127,nearest,≥128,1,150,0.000,1.000,612.5104,618.3852
ROI_075/patch_127,own,0–16,1,109,0.000,1.000,9.4668,11.9686
ROI_075/patch_127,own,16–32,1,308,0.000,1.000,10.2038,12.4686
ROI_075/patch_127,own,32–64,1,1103,0.000,1.000,10.5060,12.4160
ROI_075/patch_127,own,64–128,1,3164,0.000,1.000,13.0319,15.2094
ROI_075/patch_127,own,≥128,1,20116,0.000,1.000,13.4406,15.5105
ROI_075/patch_128,nearest,0–16,1,121,0.000,1.000,11.1928,12.2670
ROI_075/patch_128,nearest,16–32,1,326,0.000,1.000,10.9133,11.9076
ROI_075/patch_128,nearest,32–64,1,950,0.000,1.000,15.4227,16.7805
ROI_075/patch_128,nearest,64–128,1,1274,0.000,1.000,19.7391,20.9829
ROI_075/patch_128,nearest,≥128,1,97,0.000,1.000,85.8650,94.8134
ROI_075/patch_128,own,0–16,1,121,0.000,1.000,11.1825,12.2639
ROI_075/patch_128,own,16–32,1,326,0.000,1.000,11.1747,12.1865
ROI_075/patch_128,own,32–64,1,1031,0.000,1.000,15.8158,17.3066
ROI_075/patch_128,own,64–128,1,3634,0.000,1.000,27.6939,28.7754
ROI_075/patch_128,own,≥128,1,19800,0.000,1.000,28.9957,30.1915
ROI_075/patch_129,nearest,0–16,1,122,0.000,1.000,21.5195,22.2772
ROI_075/patch_129,nearest,16–32,1,352,0.000,1.000,21.1955,21.8782
ROI_075/patch_129,nearest,32–64,1,749,0.000,1.000,24.6918,25.2613
ROI_075/patch_129,nearest,64–128,1,528,0.000,1.000,28.3726,29.4067
ROI_075/patch_129,nearest,≥128,0,1,nan,nan,,
ROI_075/patch_129,own,0–16,1,122,0.000,1.000,21.5520,22.3148
ROI_075/patch_129,own,16–32,1,352,0.000,1.000,21.2246,21.9132
ROI_075/patch_129,own,32–64,1,778,0.000,1.000,22.6328,23.2094
ROI_075/patch_129,own,64–128,1,2133,0.000,1.000,31.4559,32.3555
ROI_075/patch_129,own,≥128,1,10631,0.000,1.000,25.1781,25.8530
ROI_075/patch_130,nearest,0–16,1,144,0.000,1.000,11.6432,12.8068
ROI_075/patch_130,nearest,16–32,1,410,0.000,1.000,10.9177,12.0230
ROI_075/patch_130,nearest,32–64,1,805,0.000,1.000,10.8404,11.9976
ROI_075/patch_130,nearest,64–128,1,573,0.000,1.000,16.1644,18.9407
ROI_075/patch_130,nearest,≥128,1,108,0.000,1.000,70.8171,74.0214
ROI_075/patch_130,own,0–16,1,144,0.000,1.000,11.6509,12.8192
ROI_075/patch_130,own,16–32,1,410,0.000,1.000,10.6634,11.7749
ROI_075/patch_130,own,32–64,1,989,0.000,1.000,11.1129,12.2690
ROI_075/patch_130,own,64–128,1,2622,0.000,1.000,11.4131,12.5198
ROI_075/patch_130,own,≥128,1,12155,0.000,1.000,13.0541,14.2646
ROI_075/patch_131,nearest,0–16,1,104,0.000,1.000,460.2635,461.8880
ROI_075/patch_131,nearest,16–32,1,278,0.000,1.000,296.2190,297.7579
ROI_075/patch_131,nearest,32–64,1,743,0.000,1.000,257.3047,260.0175
ROI_075/patch_131,nearest,64–128,1,1499,0.000,1.000,390.3087,393.4673
ROI_075/patch_131,nearest,≥128,1,240,0.000,1.000,563.6623,568.0075
ROI_075/patch_131,own,0–16,1,104,0.000,1.000,460.2067,461.8085
ROI_075/patch_131,own,16–32,1,278,0.000,1.000,314.4669,316.0441
ROI_075/patch_131,own,32–64,1,768,0.000,1.000,251.4102,253.0178
ROI_075/patch_131,own,64–128,1,2391,0.000,1.000,300.8239,303.8150
ROI_075/patch_131,own,≥128,1,19371,0.000,1.000,436.1106,439.7583
ROI_075/patch_132,nearest,0–16,1,97,0.000,1.000,4.2528,6.0336
ROI_075/patch_132,nearest,16–32,1,260,0.000,1.000,4.2013,5.6101
ROI_075/patch_132,nearest,32–64,1,495,0.000,1.000,4.3373,5.1969
ROI_075/patch_132,nearest,64–128,1,287,0.000,1.000,5.7334,7.1754
ROI_075/patch_132,nearest,≥128,0,9,nan,nan,,
ROI_075/patch_132,own,0–16,1,97,0.000,1.000,4.3636,6.1294
ROI_075/patch_132,own,16–32,1,261,0.000,1.000,4.1576,5.5171
ROI_075/patch_132,own,32–64,1,659,0.000,1.000,4.9690,5.8260
ROI_075/patch_132,own,64–128,1,1654,0.000,1.000,3.5693,4.4383
ROI_075/patch_132,own,≥128,1,6513,0.000,1.000,5.6088,6.3811
ROI_075/patch_133,nearest,0–16,1,92,0.000,1.000,22.3069,24.2706
ROI_075/patch_133,nearest,16–32,1,206,0.000,1.000,12.8057,14.7600
ROI_075/patch_133,nearest,32–64,1,202,0.000,1.000,16.7772,20.9807
ROI_075/patch_133,nearest,64–128,1,119,0.000,1.000,31.4937,42.7147
ROI_075/patch_133,nearest,≥128,0,21,nan,nan,,
ROI_075/patch_133,own,0–16,1,92,0.000,1.000,21.3968,23.3393
ROI_075/patch_133,own,16–32,1,254,0.000,1.000,13.7510,15.7033
ROI_075/patch_133,own,32–64,1,422,0.000,1.000,22.7446,27.0931
ROI_075/patch_133,own,64–128,1,483,0.000,1.000,38.7526,47.4318
ROI_075/patch_133,own,≥128,1,3869,0.000,1.000,26.0791,28.7249
ROI_075/patch_134,nearest,0–16,1,131,0.000,1.000,15.5420,16.8849
ROI_075/patch_134,nearest,16–32,1,348,0.000,1.000,15.3675,16.8995
ROI_075/patch_134,nearest,32–64,1,922,0.000,1.000,22.2949,23.5868
ROI_075/patch_134,nearest,64–128,1,1335,0.000,1.000,36.2332,37.2566
ROI_075/patch_134,nearest,≥128,1,392,0.000,1.000,42.7654,44.7581
ROI_075/patch_134,own,0–16,1,131,0.000,1.000,15.4773,16.7774
ROI_075/patch_134,own,16–32,1,348,0.000,1.000,15.1874,16.7341
ROI_075/patch_134,own,32–64,1,1119,0.000,1.000,20.9041,22.2647
ROI_075/patch_134,own,64–128,1,3485,0.000,1.000,34.5250,35.6268
ROI_075/patch_134,own,≥128,1,19941,0.000,1.000,32.9833,34.2372
ROI_075/patch_135,nearest,0–16,1,103,0.000,1.000,15.0575,17.3446
ROI_075/patch_135,nearest,16–32,1,307,0.000,1.000,14.5463,16.8136
ROI_075/patch_135,nearest,32–64,1,398,0.000,1.000,23.9608,26.4932
ROI_075/patch_135,nearest,64–128,1,288,0.000,1.000,474.8183,485.5299
ROI_075/patch_135,nearest,≥128,1,40,1.000,1.000,,
ROI_075/patch_135,own,0–16,1,103,0.000,1.000,14.8625,17.1368
ROI_075/patch_135,own,16–32,1,307,0.000,1.000,14.8570,17.1474
ROI_075/patch_135,own,32–64,1,493,0.000,1.000,21.1346,23.5611
ROI_075/patch_135,own,64–128,1,1071,0.000,1.000,95.9646,100.2931
ROI_075/patch_135,own,≥128,1,7114,0.000,1.000,26.4506,28.9364
ROI_075/patch_137,nearest,0–16,1,136,0.000,1.000,40.6618,43.6929
ROI_075/patch_137,nearest,16–32,1,342,0.000,1.000,39.9914,42.7503
ROI_075/patch_137,nearest,32–64,1,532,0.000,1.000,45.4573,49.6623
ROI_075/patch_137,nearest,64–128,1,230,0.000,1.000,135.6318,141.7772
ROI_075/patch_137,nearest,≥128,1,109,1.000,1.000,,
ROI_075/patch_137,own,0–16,1,136,0.000,1.000,40.6957,43.7491
ROI_075/patch_137,own,16–32,1,354,0.000,1.000,40.7478,43.5571
ROI_075/patch_137,own,32–64,1,834,0.000,1.000,43.6134,47.5792
ROI_075/patch_137,own,64–128,1,2274,0.000,1.000,71.3534,75.6445
ROI_075/patch_137,own,≥128,1,7194,0.000,1.000,87.9231,92.9560
ROI_075/patch_138,nearest,0–16,1,109,0.000,1.000,17.7358,20.1193
ROI_075/patch_138,nearest,16–32,1,328,0.000,1.000,13.8951,15.6564
ROI_075/patch_138,nearest,32–64,1,825,0.000,1.000,13.5353,15.5547
ROI_075/patch_138,nearest,64–128,1,1311,0.000,1.000,52.3010,55.5407
ROI_075/patch_138,nearest,≥128,1,253,0.000,1.000,227.1288,231.1373
ROI_075/patch_138,own,0–16,1,109,0.000,1.000,16.2428,18.3520
ROI_075/patch_138,own,16–32,1,328,0.000,1.000,13.8015,15.5102
ROI_075/patch_138,own,32–64,1,938,0.000,1.000,13.7369,15.7482
ROI_075/patch_138,own,64–128,1,2979,0.000,1.000,24.4496,26.8316
ROI_075/patch_138,own,≥128,1,18254,0.000,1.000,21.7274,23.7632
ROI_075/patch_139,nearest,0–16,1,117,0.000,1.000,385.7848,389.2295
ROI_075/patch_139,nearest,16–32,1,302,0.000,1.000,338.1930,341.6017
ROI_075/patch_139,nearest,32–64,1,689,0.000,1.000,261.3126,265.1989
ROI_075/patch_139,nearest,64–128,1,691,0.000,1.000,38.0987,40.0649
ROI_075/patch_139,nearest,≥128,0,33,nan,nan,,
ROI_075/patch_139,own,0–16,1,117,0.000,1.000,383.4272,386.8125
ROI_075/patch_139,own,16–32,1,302,0.000,1.000,333.6331,336.9624
ROI_075/patch_139,own,32–64,1,834,0.000,1.000,180.3226,183.9709
ROI_075/patch_139,own,64–128,1,2566,0.000,1.000,168.0474,171.1025
ROI_075/patch_139,own,≥128,1,10837,0.000,1.000,103.2509,105.5305
ROI_075/patch_140,nearest,0–16,1,117,0.000,1.000,3.3479,4.7401
ROI_075/patch_140,nearest,16–32,1,381,0.000,1.000,3.5043,4.7828
ROI_075/patch_140,nearest,32–64,1,902,0.000,1.000,3.4481,4.8116
ROI_075/patch_140,nearest,64–128,1,792,0.000,1.000,6.7245,8.4261
ROI_075/patch_140,nearest,≥128,1,108,0.000,1.000,152.6824,155.4314
ROI_075/patch_140,own,0–16,1,117,0.000,1.000,3.3412,4.7276
ROI_075/patch_140,own,16–32,1,381,0.000,1.000,3.4861,4.7769
ROI_075/patch_140,own,32–64,1,1027,0.000,1.000,4.4678,5.7940
ROI_075/patch_140,own,64–128,1,2913,0.000,1.000,4.5448,6.0425
ROI_075/patch_140,own,≥128,1,13962,0.000,1.000,5.5299,7.1004
ROI_075/patch_141,nearest,0–16,1,73,0.000,1.000,11.5315,12.9415
ROI_075/patch_141,nearest,16–32,1,161,0.000,1.000,12.2266,13.4445
ROI_075/patch_141,nearest,32–64,1,267,0.000,1.000,114.5253,117.1545
ROI_075/patch_141,nearest,64–128,1,309,0.000,1.000,155.7454,159.9536
ROI_075/patch_141,nearest,≥128,0,19,nan,nan,,
ROI_075/patch_141,own,0–16,1,73,0.000,1.000,11.8419,13.2744
ROI_075/patch_141,own,16–32,1,167,0.000,1.000,12.4200,13.6165
ROI_075/patch_141,own,32–64,1,277,0.000,1.000,42.0862,44.4474
ROI_075/patch_141,own,64–128,1,685,0.000,1.000,26.8255,29.1769
ROI_075/patch_141,own,≥128,1,6259,0.000,1.000,48.2106,50.0772
ROI_075/patch_142,nearest,0–16,1,101,0.000,1.000,46.2863,47.3313
ROI_075/patch_142,nearest,16–32,1,238,0.000,1.000,53.9098,54.5197
ROI_075/patch_142,nearest,32–64,1,580,0.000,1.000,56.6966,58.0125
ROI_075/patch_142,nearest,64–128,1,790,0.000,1.000,108.1525,114.0776
ROI_075/patch_142,nearest,≥128,1,98,0.000,1.000,96.9919,110.7381
ROI_075/patch_142,own,0–16,1,101,0.000,1.000,46.3024,47.3224
ROI_075/patch_142,own,16–32,1,238,0.000,1.000,53.0999,53.7551
ROI_075/patch_142,own,32–64,1,647,0.000,1.000,59.8972,61.3265
ROI_075/patch_142,own,64–128,1,1925,0.000,1.000,77.0271,79.2802
ROI_075/patch_142,own,≥128,1,11545,0.000,1.000,81.7513,83.6895
ROI_075/patch_143,nearest,0–16,1,64,0.000,1.000,40.5201,43.1800
ROI_075/patch_143,nearest,16–32,1,184,0.000,1.000,26.8979,33.0256
ROI_075/patch_143,nearest,32–64,1,437,0.000,1.000,27.1852,31.3549
ROI_075/patch_143,nearest,64–128,1,458,0.000,1.000,28.2979,33.5655
ROI_075/patch_143,nearest,≥128,0,35,nan,nan,,
ROI_075/patch_143,own,0–16,1,64,0.000,1.000,40.6471,43.3039
ROI_075/patch_143,own,16–32,1,184,0.000,1.000,27.2139,33.2968
ROI_075/patch_143,own,32–64,1,476,0.000,1.000,26.6927,30.9548
ROI_075/patch_143,own,64–128,1,1313,0.000,1.000,35.6704,40.3709
ROI_075/patch_143,own,≥128,1,7387,0.000,1.000,29.4398,33.3912
ROI_075/patch_144,nearest,0–16,1,121,0.000,1.000,4.0613,7.3132
ROI_075/patch_144,nearest,16–32,1,355,0.000,1.000,4.6950,7.8866
ROI_075/patch_144,nearest,32–64,1,898,0.000,1.000,7.8523,10.7998
ROI_075/patch_144,nearest,64–128,1,975,0.000,1.000,84.3542,87.9206
ROI_075/patch_144,nearest,≥128,1,78,0.000,1.000,1860.4878,1882.9329
ROI_075/patch_144,own,0–16,1,121,0.000,1.000,4.1122,7.3751
ROI_075/patch_144,own,16–32,1,355,0.000,1.000,5.0410,8.2086
ROI_075/patch_144,own,32–64,1,1084,0.000,1.000,7.2356,10.2860
ROI_075/patch_144,own,64–128,1,3168,0.000,1.000,70.1573,73.6208
ROI_075/patch_144,own,≥128,1,14688,0.000,1.000,62.0807,65.3722
ROI_075/patch_145,nearest,0–16,1,127,0.000,1.000,6.7413,7.7384
ROI_075/patch_145,nearest,16–32,1,328,0.000,1.000,6.7169,7.7080
ROI_075/patch_145,nearest,32–64,1,698,0.000,1.000,7.1115,8.0295
ROI_075/patch_145,nearest,64–128,1,1337,0.000,1.000,14.8585,15.7548
ROI_075/patch_145,nearest,≥128,1,99,0.000,1.000,21.4617,22.5291
ROI_075/patch_145,own,0–16,1,127,0.000,1.000,6.9647,7.9672
ROI_075/patch_145,own,16–32,1,356,0.000,1.000,5.9825,6.9591
ROI_075/patch_145,own,32–64,1,1024,0.000,1.000,7.5205,8.4758
ROI_075/patch_145,own,64–128,1,3484,0.000,1.000,21.3266,22.2884
ROI_075/patch_145,own,≥128,1,15721,0.000,1.000,13.4621,14.3568
ROI_075/patch_146,nearest,0–16,1,117,0.000,1.000,16.1963,17.8861
ROI_075/patch_146,nearest,16–32,1,357,0.000,1.000,24.4268,26.4055
ROI_075/patch_146,nearest,32–64,1,1026,0.000,1.000,18.0427,21.4740
ROI_075/patch_146,nearest,64–128,1,1723,0.000,1.000,28.2347,32.2449
ROI_075/patch_146,nearest,≥128,1,594,0.000,1.000,142.4464,146.4342
ROI_075/patch_146,own,0–16,1,117,0.000,1.000,16.1928,17.8521
ROI_075/patch_146,own,16–32,1,357,0.000,1.000,23.6316,25.6034
ROI_075/patch_146,own,32–64,1,1153,0.000,1.000,17.9942,21.3027
ROI_075/patch_146,own,64–128,1,3892,0.000,1.000,25.1371,28.7994
ROI_075/patch_146,own,≥128,1,28834,0.000,1.000,26.5007,29.9908
ROI_075/patch_147,nearest,0–16,1,56,0.000,1.000,257.2648,258.4869
ROI_075/patch_147,nearest,16–32,1,172,0.000,1.000,237.7296,238.9477
ROI_075/patch_147,nearest,32–64,1,392,0.000,1.000,105.6578,109.1718
ROI_075/patch_147,nearest,64–128,1,518,0.000,1.000,12.6344,14.1471
ROI_075/patch_147,nearest,≥128,1,73,0.000,1.000,3.8810,5.3301
ROI_075/patch_147,own,0–16,1,56,0.000,1.000,257.6942,258.9150
ROI_075/patch_147,own,16–32,1,172,0.000,1.000,236.5974,237.8200
ROI_075/patch_147,own,32–64,1,392,0.000,1.000,92.5428,95.5305
ROI_075/patch_147,own,64–128,1,1318,0.000,1.000,16.1400,17.6925
ROI_075/patch_147,own,≥128,1,7750,0.000,1.000,27.3644,28.9715
ROI_075/patch_148,nearest,0–16,1,112,0.000,1.000,11.9876,13.5287
ROI_075/patch_148,nearest,16–32,1,329,0.000,1.000,10.1831,11.6649
ROI_075/patch_148,nearest,32–64,1,636,0.000,1.000,14.7025,17.0799
ROI_075/patch_148,nearest,64–128,1,734,0.000,1.000,16.1372,19.1837
ROI_075/patch_148,nearest,≥128,1,43,0.000,1.000,257.4102,259.4637
ROI_075/patch_148,own,0–16,1,112,0.000,1.000,11.8986,13.4317
ROI_075/patch_148,own,16–32,1,329,0.000,1.000,10.1863,11.6724
ROI_075/patch_148,own,32–64,1,752,0.000,1.000,17.7801,20.0311
ROI_075/patch_148,own,64–128,1,2040,0.000,1.000,30.8831,33.9600
ROI_075/patch_148,own,≥128,1,11599,0.000,1.000,19.4026,21.7075
ROI_075/patch_149,nearest,0–16,1,135,0.000,1.000,5.7781,7.0850
ROI_075/patch_149,nearest,16–32,1,350,0.000,1.000,5.4834,6.7415
ROI_075/patch_149,nearest,32–64,1,1054,0.000,1.000,4.7516,5.9521
ROI_075/patch_149,nearest,64–128,1,1996,0.000,1.000,8.1341,9.3398
ROI_075/patch_149,nearest,≥128,1,812,0.000,1.000,24.9981,26.2579
ROI_075/patch_149,own,0–16,1,135,0.000,1.000,5.4209,6.7241
ROI_075/patch_149,own,16–32,1,364,0.000,1.000,5.4269,6.6796
ROI_075/patch_149,own,32–64,1,1233,0.000,1.000,4.8706,6.0927
ROI_075/patch_149,own,64–128,1,3919,0.000,1.000,6.7453,8.0088
ROI_075/patch_149,own,≥128,1,29125,0.000,1.000,6.4847,7.7014
ROI_075/patch_150,nearest,0–16,1,126,0.000,1.000,25.9976,28.5204
ROI_075/patch_150,nearest,16–32,1,362,0.000,1.000,26.0541,28.5824
ROI_075/patch_150,nearest,32–64,1,1156,0.000,1.000,24.7251,27.2009
ROI_075/patch_150,nearest,64–128,1,2288,0.000,1.000,23.5837,26.1873
ROI_075/patch_150,nearest,≥128,1,759,0.000,1.000,25.1431,29.0304
ROI_075/patch_150,own,0–16,1,126,0.000,1.000,25.9686,28.4488
ROI_075/patch_150,own,16–32,1,362,0.000,1.000,25.7711,28.3439
ROI_075/patch_150,own,32–64,1,1177,0.000,1.000,24.2664,26.8294
ROI_075/patch_150,own,64–128,1,3796,0.000,1.000,23.2380,25.8201
ROI_075/patch_150,own,≥128,1,32067,0.000,1.000,26.0351,28.6562
ROI_075/patch_151,nearest,0–16,1,73,0.000,1.000,12.9037,15.9003
ROI_075/patch_151,nearest,16–32,1,273,0.000,1.000,13.7661,17.6228
ROI_075/patch_151,nearest,32–64,1,854,0.000,1.000,13.7560,18.8447
ROI_075/patch_151,nearest,64–128,1,1548,0.000,1.000,13.7620,18.5269
ROI_075/patch_151,nearest,≥128,1,754,0.000,1.000,17.8728,20.2078
ROI_075/patch_151,own,0–16,1,73,0.000,1.000,12.8879,15.9053
ROI_075/patch_151,own,16–32,1,273,0.000,1.000,14.1197,18.0535
ROI_075/patch_151,own,32–64,1,908,0.000,1.000,14.0606,18.9742
ROI_075/patch_151,own,64–128,1,3100,0.000,1.000,16.1134,20.5553
ROI_075/patch_151,own,≥128,1,23662,0.000,1.000,20.3598,24.8305
ROI_075/patch_152,nearest,0–16,1,99,0.000,1.000,23.2839,25.9836
ROI_075/patch_152,nearest,16–32,1,267,0.000,1.000,27.1687,30.0027
ROI_075/patch_152,nearest,32–64,1,592,0.000,1.000,31.8387,34.8433
ROI_075/patch_152,nearest,64–128,1,850,0.000,1.000,38.4785,41.7529
ROI_075/patch_152,nearest,≥128,1,172,0.000,1.000,49.3541,57.5559
ROI_075/patch_152,own,0–16,1,99,0.000,1.000,23.3812,26.0579
ROI_075/patch_152,own,16–32,1,281,0.000,1.000,27.1567,29.9828
ROI_075/patch_152,own,32–64,1,808,0.000,1.000,32.6682,35.5715
ROI_075/patch_152,own,64–128,1,2184,0.000,1.000,37.6523,40.8536
ROI_075/patch_152,own,≥128,1,12468,0.000,1.000,39.1039,42.4424
ROI_075/patch_153,nearest,0–16,1,123,0.000,1.000,9.6709,11.4147
ROI_075/patch_153,nearest,16–32,1,375,0.000,1.000,9.7373,11.5621
ROI_075/patch_153,nearest,32–64,1,1134,0.000,1.000,10.7925,12.8179
ROI_075/patch_153,nearest,64–128,1,2773,0.000,1.000,11.0354,13.0861
ROI_075/patch_153,nearest,≥128,1,330,0.000,1.000,11.6258,13.4304
ROI_075/patch_153,own,0–16,1,123,0.000,1.000,9.7753,11.5355
ROI_075/patch_153,own,16–32,1,375,0.000,1.000,9.7171,11.5538
ROI_075/patch_153,own,32–64,1,1185,0.000,1.000,10.5371,12.5335
ROI_075/patch_153,own,64–128,1,4003,0.000,1.000,11.2521,13.2915
ROI_075/patch_153,own,≥128,1,32194,0.000,1.000,14.2365,16.1998
ROI_075/patch_154,nearest,0–16,1,151,0.000,1.000,10.1199,12.1029
ROI_075/patch_154,nearest,16–32,1,426,0.000,1.000,10.2765,12.3151
ROI_075/patch_154,nearest,32–64,1,1381,0.000,1.000,10.6451,12.7659
ROI_075/patch_154,nearest,64–128,1,2295,0.000,1.000,12.2829,14.3315
ROI_075/patch_154,nearest,≥128,1,504,0.000,1.000,12.2639,14.3346
ROI_075/patch_154,own,0–16,1,151,0.000,1.000,10.0301,12.0042
ROI_075/patch_154,own,16–32,1,426,0.000,1.000,10.2485,12.2747
ROI_075/patch_154,own,32–64,1,1512,0.000,1.000,10.6601,12.7581
ROI_075/patch_154,own,64–128,1,4693,0.000,1.000,11.8248,13.8596
ROI_075/patch_154,own,≥128,1,31274,0.000,1.000,11.0467,13.1375
ROI_075/patch_155,nearest,0–16,1,144,0.000,1.000,6.4657,7.2387
ROI_075/patch_155,nearest,16–32,1,391,0.000,1.000,6.5443,7.2887
ROI_075/patch_155,nearest,32–64,1,1369,0.000,1.000,12.7502,13.6659
ROI_075/patch_155,nearest,64–128,1,2146,0.000,1.000,18.3947,19.3348
ROI_075/patch_155,nearest,≥128,1,332,0.000,1.000,29.8994,30.7821
ROI_075/patch_155,own,0–16,1,144,0.000,1.000,6.4521,7.2205
ROI_075/patch_155,own,16–32,1,391,0.000,1.000,6.3494,7.0789
ROI_075/patch_155,own,32–64,1,1397,0.000,1.000,12.1483,13.0886
ROI_075/patch_155,own,64–128,1,4425,0.000,1.000,16.1532,16.9687
ROI_075/patch_155,own,≥128,1,28699,0.000,1.000,19.0577,19.9657
ROI_075/patch_156,nearest,0–16,1,116,0.000,1.000,18.3368,19.9325
ROI_075/patch_156,nearest,16–32,1,298,0.000,1.000,18.4127,20.1461
ROI_075/patch_156,nearest,32–64,1,642,0.000,1.000,19.9461,21.5087
ROI_075/patch_156,nearest,64–128,1,863,0.000,1.000,29.5409,31.8134
ROI_075/patch_156,nearest,≥128,1,240,0.000,1.000,258.7665,265.4589
ROI_075/patch_156,own,0–16,1,116,0.000,1.000,17.9629,19.5414
ROI_075/patch_156,own,16–32,1,298,0.000,1.000,18.8420,20.5303
ROI_075/patch_156,own,32–64,1,651,0.000,1.000,19.5988,21.0976
ROI_075/patch_156,own,64–128,1,1606,0.000,1.000,27.5621,29.2755
ROI_075/patch_156,own,≥128,1,14601,0.000,1.000,26.7432,28.9981
ROI_075/patch_157,nearest,0–16,1,119,0.000,1.000,14.8454,15.4611
ROI_075/patch_157,nearest,16–32,1,367,0.000,1.000,14.8168,15.3766
ROI_075/patch_157,nearest,32–64,1,939,0.000,1.000,15.5282,16.1386
ROI_075/patch_157,nearest,64–128,1,1697,0.000,1.000,437.2852,438.6296
ROI_075/patch_157,nearest,≥128,1,560,0.000,1.000,612.2712,614.4335
ROI_075/patch_157,own,0–16,1,119,0.000,1.000,15.0274,15.6368
ROI_075/patch_157,own,16–32,1,367,0.000,1.000,15.2235,15.7920
ROI_075/patch_157,own,32–64,1,1096,0.000,1.000,15.7307,16.3358
ROI_075/patch_157,own,64–128,1,3482,0.000,1.000,26.9741,27.7946
ROI_075/patch_157,own,≥128,1,24392,0.000,1.000,179.2787,180.1847
ROI_075/patch_158,nearest,0–16,1,126,0.000,1.000,7.4283,10.1784
ROI_075/patch_158,nearest,16–32,1,374,0.000,1.000,8.5927,11.3744
ROI_075/patch_158,nearest,32–64,1,962,0.000,1.000,13.9987,17.1320
ROI_075/patch_158,nearest,64–128,1,1617,0.000,1.000,22.7161,25.9385
ROI_075/patch_158,nearest,≥128,1,174,0.000,1.000,87.1460,89.5165
ROI_075/patch_158,own,0–16,1,126,0.000,1.000,7.1724,9.9431
ROI_075/patch_158,own,16–32,1,374,0.000,1.000,8.8978,11.6677
ROI_075/patch_158,own,32–64,1,1122,0.000,1.000,12.5653,15.6228
ROI_075/patch_158,own,64–128,1,3586,0.000,1.000,12.4537,15.6880
ROI_075/patch_158,own,≥128,1,20816,0.000,1.000,14.1735,17.2477
ROI_075/patch_159,nearest,0–16,1,127,0.000,1.000,27.7511,28.0278
ROI_075/patch_159,nearest,16–32,1,366,0.000,1.000,25.3559,25.5952
ROI_075/patch_159,nearest,32–64,1,1098,0.000,1.000,25.8410,26.1055
ROI_075/patch_159,nearest,64–128,1,2346,0.000,1.000,33.2491,33.5643
ROI_075/patch_159,nearest,≥128,1,554,0.000,1.000,90.7922,91.0748
ROI_075/patch_159,own,0–16,1,127,0.000,1.000,28.0679,28.3523
ROI_075/patch_159,own,16–32,1,366,0.000,1.000,24.9326,25.1742
ROI_075/patch_159,own,32–64,1,1217,0.000,1.000,25.1590,25.4194
ROI_075/patch_159,own,64–128,1,4077,0.000,1.000,30.0031,30.2886
ROI_075/patch_159,own,≥128,1,30141,0.000,1.000,48.9258,49.1987
ROI_075/patch_160,nearest,0–16,1,121,0.000,1.000,93.3894,94.7285
ROI_075/patch_160,nearest,16–32,1,398,0.000,1.000,31.5793,32.9301
ROI_075/patch_160,nearest,32–64,1,1224,0.000,1.000,30.9891,32.0914
ROI_075/patch_160,nearest,64–128,1,1876,0.000,1.000,57.1363,58.1271
ROI_075/patch_160,nearest,≥128,1,774,0.000,1.000,57.2001,58.1297
ROI_075/patch_160,own,0–16,1,121,0.000,1.000,91.0782,92.4091
ROI_075/patch_160,own,16–32,1,398,0.000,1.000,31.0783,32.4381
ROI_075/patch_160,own,32–64,1,1411,0.000,1.000,30.5362,31.6351
ROI_075/patch_160,own,64–128,1,4883,0.000,1.000,51.1040,52.1133
ROI_075/patch_160,own,≥128,1,28331,0.000,1.000,69.7866,70.7845
ROI_075/patch_161,nearest,0–16,1,111,0.000,1.000,33.8455,35.5424
ROI_075/patch_161,nearest,16–32,1,296,0.000,1.000,34.2024,35.7510
ROI_075/patch_161,nearest,32–64,1,834,0.000,1.000,33.2013,35.5247
ROI_075/patch_161,nearest,64–128,1,1321,0.000,1.000,63.7989,66.0340
ROI_075/patch_161,nearest,≥128,1,411,0.000,1.000,134.4648,135.8808
ROI_075/patch_161,own,0–16,1,111,0.000,1.000,33.9650,35.6563
ROI_075/patch_161,own,16–32,1,296,0.000,1.000,33.6347,35.1898
ROI_075/patch_161,own,32–64,1,846,0.000,1.000,33.3772,35.6969
ROI_075/patch_161,own,64–128,1,2786,0.000,1.000,59.6237,61.2900
ROI_075/patch_161,own,≥128,1,19745,0.000,1.000,69.5977,70.8317
ROI_075/patch_162,nearest,0–16,1,85,0.000,1.000,5.8422,6.8996
ROI_075/patch_162,nearest,16–32,1,293,0.000,1.000,4.8691,5.7738
ROI_075/patch_162,nearest,32–64,1,1029,0.000,1.000,7.1954,8.0863
ROI_075/patch_162,nearest,64–128,1,1514,0.000,1.000,7.4935,8.5851
ROI_075/patch_162,nearest,≥128,1,140,0.000,1.000,66.0736,67.4447
ROI_075/patch_162,own,0–16,1,85,0.000,1.000,6.0131,7.0613
ROI_075/patch_162,own,16–32,1,293,0.000,1.000,4.3684,5.3042
ROI_075/patch_162,own,32–64,1,1034,0.000,1.000,6.5036,7.3541
ROI_075/patch_162,own,64–128,1,3412,0.000,1.000,7.4045,8.3832
ROI_075/patch_162,own,≥128,1,22725,0.000,1.000,8.8244,9.8004
ROI_075/patch_163,nearest,0–16,1,116,0.000,1.000,25.1230,26.5229
ROI_075/patch_163,nearest,16–32,1,334,0.000,1.000,19.6375,21.4106
ROI_075/patch_163,nearest,32–64,1,987,0.000,1.000,20.9986,23.5523
ROI_075/patch_163,nearest,64–128,1,1768,0.000,1.000,25.2427,27.3004
ROI_075/patch_163,nearest,≥128,1,279,0.000,1.000,143.1409,144.1790
ROI_075/patch_163,own,0–16,1,116,0.000,1.000,25.4453,26.8927
ROI_075/patch_163,own,16–32,1,334,0.000,1.000,19.3961,21.1276
ROI_075/patch_163,own,32–64,1,1042,0.000,1.000,20.1922,22.8168
ROI_075/patch_163,own,64–128,1,3734,0.000,1.000,23.7673,25.4713
ROI_075/patch_163,own,≥128,1,26130,0.000,1.000,28.3743,30.1712
ROI_075/patch_164,nearest,0–16,1,144,0.000,1.000,5.9599,12.3620
ROI_075/patch_164,nearest,16–32,1,397,0.000,1.000,6.0674,12.7295
ROI_075/patch_164,nearest,32–64,1,1342,0.000,1.000,7.3361,14.2155
ROI_075/patch_164,nearest,64–128,1,2356,0.000,1.000,16.4792,23.2319
ROI_075/patch_164,nearest,≥128,1,468,0.000,1.000,34.6786,41.4632
ROI_075/patch_164,own,0–16,1,144,0.000,1.000,5.9653,12.3615
ROI_075/patch_164,own,16–32,1,397,0.000,1.000,6.0481,12.7631
ROI_075/patch_164,own,32–64,1,1375,0.000,1.000,6.9250,13.8311
ROI_075/patch_164,own,64–128,1,4634,0.000,1.000,12.8339,19.4866
ROI_075/patch_164,own,≥128,1,31106,0.000,1.000,12.8994,19.5844
ROI_075/patch_165,nearest,0–16,1,116,0.000,1.000,14.6632,17.3436
ROI_075/patch_165,nearest,16–32,1,341,0.000,1.000,12.8712,15.4217
ROI_075/patch_165,nearest,32–64,1,613,0.000,1.000,17.7609,23.5699
ROI_075/patch_165,nearest,64–128,1,526,0.000,1.000,42.4923,50.1709
ROI_075/patch_165,nearest,≥128,1,41,0.000,1.000,381.5542,389.4770
ROI_075/patch_165,own,0–16,1,116,0.000,1.000,14.7494,17.3903
ROI_075/patch_165,own,16–32,1,341,0.000,1.000,13.0500,15.7263
ROI_075/patch_165,own,32–64,1,814,0.000,1.000,18.6439,23.7420
ROI_075/patch_165,own,64–128,1,1863,0.000,1.000,22.9062,30.9582
ROI_075/patch_165,own,≥128,1,11599,0.000,1.000,21.2456,27.1063
ROI_075/patch_166,nearest,0–16,1,119,0.000,1.000,17.4002,18.7823
ROI_075/patch_166,nearest,16–32,1,306,0.000,1.000,17.5698,18.9864
ROI_075/patch_166,nearest,32–64,1,635,0.000,1.000,18.0277,19.3376
ROI_075/patch_166,nearest,64–128,1,831,0.000,1.000,27.8088,30.5741
ROI_075/patch_166,nearest,≥128,1,258,0.000,1.000,232.3944,244.7370
ROI_075/patch_166,own,0–16,1,119,0.000,1.000,17.3846,18.7636
ROI_075/patch_166,own,16–32,1,315,0.000,1.000,17.6574,19.0801
ROI_075/patch_166,own,32–64,1,748,0.000,1.000,18.7125,20.0423
ROI_075/patch_166,own,64–128,1,1720,0.000,1.000,26.1327,27.6858
ROI_075/patch_166,own,≥128,1,14290,0.000,1.000,44.0139,45.4703
ROI_075/patch_167,nearest,0–16,1,113,0.000,1.000,53.4950,55.5043
ROI_075/patch_167,nearest,16–32,1,311,0.000,1.000,50.6012,53.1868
ROI_075/patch_167,nearest,32–64,1,701,0.000,1.000,56.1090,60.2367
ROI_075/patch_167,nearest,64–128,1,909,0.000,1.000,102.5619,105.4635
ROI_075/patch_167,nearest,≥128,1,439,0.000,1.000,146.9447,149.2121
ROI_075/patch_167,own,0–16,1,113,0.000,1.000,53.3746,55.3818
ROI_075/patch_167,own,16–32,1,312,0.000,1.000,51.0808,53.7294
ROI_075/patch_167,own,32–64,1,839,0.000,1.000,58.0208,62.0362
ROI_075/patch_167,own,64–128,1,2536,0.000,1.000,86.3313,89.4670
ROI_075/patch_167,own,≥128,1,18457,0.000,1.000,67.5105,70.6959
ROI_075/patch_168,nearest,0–16,1,57,0.000,1.000,590.5386,594.8609
ROI_075/patch_168,nearest,16–32,1,159,0.000,1.000,684.0734,688.1738
ROI_075/patch_168,nearest,32–64,1,281,0.000,1.000,74.2305,76.5156
ROI_075/patch_168,nearest,64–128,1,118,0.000,1.000,269.5398,281.6846
ROI_075/patch_168,nearest,≥128,0,0,nan,nan,,
ROI_075/patch_168,own,0–16,1,57,0.000,1.000,605.2373,609.6575
ROI_075/patch_168,own,16–32,1,163,0.000,1.000,781.7227,786.7728
ROI_075/patch_168,own,32–64,1,404,0.000,1.000,131.9873,135.1998
ROI_075/patch_168,own,64–128,1,991,0.000,1.000,42.1206,44.1551
ROI_075/patch_168,own,≥128,1,3305,0.000,1.000,197.6792,200.3760
ROI_075/patch_169,nearest,0–16,1,131,0.000,1.000,7.9865,11.7961
ROI_075/patch_169,nearest,16–32,1,379,0.000,1.000,5.9952,9.7240
ROI_075/patch_169,nearest,32–64,1,1059,0.000,1.000,6.3472,9.5267
ROI_075/patch_169,nearest,64–128,1,1237,0.000,1.000,6.7240,10.5072
ROI_075/patch_169,nearest,≥128,1,310,0.000,1.000,31.8272,36.1711
ROI_075/patch_169,own,0–16,1,131,0.000,1.000,8.0975,11.8757
ROI_075/patch_169,own,16–32,1,382,0.000,1.000,6.1312,9.8439
ROI_075/patch_169,own,32–64,1,1224,0.000,1.000,5.7492,9.1749
ROI_075/patch_169,own,64–128,1,3888,0.000,1.000,7.4594,10.6795
ROI_075/patch_169,own,≥128,1,19303,0.000,1.000,6.1461,9.5530
ROI_075/patch_170,nearest,0–16,1,117,0.000,1.000,18.7023,21.3458
ROI_075/patch_170,nearest,16–32,1,321,0.000,1.000,18.3229,21.2981
ROI_075/patch_170,nearest,32–64,1,628,0.000,1.000,19.4202,23.8921
ROI_075/patch_170,nearest,64–128,1,515,0.000,1.000,41.3398,48.8871
ROI_075/patch_170,nearest,≥128,0,20,nan,nan,,
ROI_075/patch_170,own,0–16,1,117,0.000,1.000,18.5608,21.1781
ROI_075/patch_170,own,16–32,1,321,0.000,1.000,18.4511,21.3914
ROI_075/patch_170,own,32–64,1,655,0.000,1.000,19.5866,24.2249
ROI_075/patch_170,own,64–128,1,1760,0.000,1.000,27.4586,33.0650
ROI_075/patch_170,own,≥128,1,9955,0.000,1.000,24.8508,29.4479
ROI_075/patch_171,nearest,0–16,1,110,0.000,1.000,9.8760,12.0633
ROI_075/patch_171,nearest,16–32,1,286,0.000,1.000,9.7207,11.8999
ROI_075/patch_171,nearest,32–64,1,444,0.000,1.000,11.0194,16.4083
ROI_075/patch_171,nearest,64–128,1,387,0.000,1.000,52.2132,82.5453
ROI_075/patch_171,nearest,≥128,1,180,0.000,1.000,20.7271,26.4710
ROI_075/patch_171,own,0–16,1,110,0.000,1.000,9.8623,12.0356
ROI_075/patch_171,own,16–32,1,286,0.000,1.000,9.6553,11.8823
ROI_075/patch_171,own,32–64,1,566,0.000,1.000,10.8295,14.8158
ROI_075/patch_171,own,64–128,1,1743,0.000,1.000,16.4226,21.3888
ROI_075/patch_171,own,≥128,1,8551,0.000,1.000,16.8759,21.7037
ROI_075/patch_172,nearest,0–16,1,146,0.000,1.000,7.4818,8.7129
ROI_075/patch_172,nearest,16–32,1,423,0.000,1.000,7.3129,8.6097
ROI_075/patch_172,nearest,32–64,1,841,0.000,1.000,7.4587,8.9991
ROI_075/patch_172,nearest,64–128,1,849,0.000,1.000,84.7525,87.4029
ROI_075/patch_172,nearest,≥128,1,119,0.000,1.000,30.9693,67.0805
ROI_075/patch_172,own,0–16,1,146,0.000,1.000,7.4452,8.6772
ROI_075/patch_172,own,16–32,1,423,0.000,1.000,7.3778,8.7180
ROI_075/patch_172,own,32–64,1,876,0.000,1.000,7.4272,9.0697
ROI_075/patch_172,own,64–128,1,2334,0.000,1.000,10.6892,12.7022
ROI_075/patch_172,own,≥128,1,15245,0.000,1.000,11.8988,13.7084
ROI_075/patch_173,nearest,0–16,1,136,0.000,1.000,12.7527,13.8451
ROI_075/patch_173,nearest,16–32,1,381,0.000,1.000,12.3562,13.4609
ROI_075/patch_173,nearest,32–64,1,972,0.000,1.000,12.5724,13.8546
ROI_075/patch_173,nearest,64–128,1,1039,0.000,1.000,20.3708,21.5297
ROI_075/patch_173,nearest,≥128,1,115,0.000,1.000,23.3657,52.9440
ROI_075/patch_173,own,0–16,1,136,0.000,1.000,12.8345,13.9223
ROI_075/patch_173,own,16–32,1,381,0.000,1.000,12.7109,13.8263
ROI_075/patch_173,own,32–64,1,1142,0.000,1.000,12.8424,14.2053
ROI_075/patch_173,own,64–128,1,3480,0.000,1.000,16.8888,18.0064
ROI_075/patch_173,own,≥128,1,18648,0.000,1.000,15.4566,16.7068
ROI_075/patch_174,nearest,0–16,1,86,0.000,1.000,7.9278,11.2588
ROI_075/patch_174,nearest,16–32,1,286,0.000,1.000,7.7894,10.8448
ROI_075/patch_174,nearest,32–64,1,581,0.000,1.000,17.4041,20.7850
ROI_075/patch_174,nearest,64–128,1,773,0.000,1.000,13.2297,16.7296
ROI_075/patch_174,nearest,≥128,1,205,0.000,1.000,271.1834,304.3465
ROI_075/patch_174,own,0–16,1,86,0.000,1.000,7.8930,11.2128
ROI_075/patch_174,own,16–32,1,286,0.000,1.000,7.9364,10.9912
ROI_075/patch_174,own,32–64,1,616,0.000,1.000,14.9372,18.3756
ROI_075/patch_174,own,64–128,1,2127,0.000,1.000,14.2905,17.2903
ROI_075/patch_174,own,≥128,1,12333,0.000,1.000,14.0740,17.7880
ROI_075/patch_175,nearest,0–16,1,138,0.000,1.000,11.5462,14.3700
ROI_075/patch_175,nearest,16–32,1,421,0.000,1.000,10.9522,13.7687
ROI_075/patch_175,nearest,32–64,1,864,0.000,1.000,19.1794,22.7035
ROI_075/patch_175,nearest,64–128,1,915,0.000,1.000,51.5671,56.1697
ROI_075/patch_175,nearest,≥128,0,30,nan,nan,,
ROI_075/patch_175,own,0–16,1,138,0.000,1.000,11.6381,14.4730
ROI_075/patch_175,own,16–32,1,421,0.000,1.000,10.6346,13.4903
ROI_075/patch_175,own,32–64,1,1089,0.000,1.000,21.7661,25.3112
ROI_075/patch_175,own,64–128,1,3339,0.000,1.000,23.6830,27.0826
ROI_075/patch_175,own,≥128,1,16325,0.000,1.000,15.2389,18.2190
ROI_075/patch_177,nearest,0–16,0,26,nan,nan,,
ROI_075/patch_177,nearest,16–32,1,116,1.000,1.000,,
ROI_075/patch_177,nearest,32–64,1,344,1.000,1.000,,
ROI_075/patch_177,nearest,64–128,1,187,1.000,1.000,,
ROI_075/patch_177,nearest,≥128,0,32,nan,nan,,
ROI_075/patch_177,own,0–16,0,26,nan,nan,,
ROI_075/patch_177,own,16–32,1,121,1.000,1.000,,
ROI_075/patch_177,own,32–64,1,514,1.000,1.000,,
ROI_075/patch_177,own,64–128,1,1226,0.700,1.000,552.1714,562.9639
ROI_075/patch_177,own,≥128,1,3753,1.000,1.000,,
ROI_075/patch_178,nearest,0–16,1,57,0.000,1.000,69.8171,71.9256
ROI_075/patch_178,nearest,16–32,1,151,0.000,1.000,16.7659,20.6338
ROI_075/patch_178,nearest,32–64,1,199,0.000,1.000,132.6581,158.2980
ROI_075/patch_178,nearest,64–128,1,146,0.000,1.000,124.1354,153.7013
ROI_075/patch_178,nearest,≥128,0,0,nan,nan,,
ROI_075/patch_178,own,0–16,1,57,0.000,1.000,70.6793,72.7998
ROI_075/patch_178,own,16–32,1,164,0.000,1.000,16.1565,19.9771
ROI_075/patch_178,own,32–64,1,396,0.000,1.000,68.6022,86.2473
ROI_075/patch_178,own,64–128,1,846,0.000,1.000,66.0575,83.1314
ROI_075/patch_178,own,≥128,1,2961,0.000,1.000,62.6732,79.7201
ROI_075/patch_179,nearest,0–16,0,11,nan,nan,,
ROI_075/patch_179,nearest,16–32,1,51,0.000,1.000,49.8827,54.7599
ROI_075/patch_179,nearest,32–64,1,68,0.700,1.000,1168.2594,1201.1680
ROI_075/patch_179,nearest,64–128,0,36,nan,nan,,
ROI_075/patch_179,nearest,≥128,0,0,nan,nan,,
ROI_075/patch_179,own,0–16,0,11,nan,nan,,
ROI_075/patch_179,own,16–32,1,55,0.000,1.000,54.7375,60.1354
ROI_075/patch_179,own,32–64,1,86,0.850,1.000,1206.5866,1236.6083
ROI_075/patch_179,own,64–128,1,252,0.000,1.000,934.4854,955.3640
ROI_075/patch_179,own,≥128,1,924,0.000,1.000,699.8681,718.1531
ROI_075/patch_180,,,excluded,,,,,
ROI_075/patch_181,nearest,0–16,1,41,1.000,1.000,,
ROI_075/patch_181,nearest,16–32,1,79,1.000,1.000,,
ROI_075/patch_181,nearest,32–64,1,70,1.000,1.000,,
ROI_075/patch_181,nearest,64–128,1,48,1.000,1.000,,
ROI_075/patch_181,nearest,≥128,0,12,nan,nan,,
ROI_075/patch_181,own,0–16,1,41,1.000,1.000,,
ROI_075/patch_181,own,16–32,1,79,1.000,1.000,,
ROI_075/patch_181,own,32–64,1,97,1.000,1.000,,
ROI_075/patch_181,own,64–128,1,347,1.000,1.000,,
ROI_075/patch_181,own,≥128,1,1436,0.950,1.000,2331.4623,2353.4520
ROI_080/patch_1,nearest,0–16,1,138,0.000,1.000,6.2733,7.2831
ROI_080/patch_1,nearest,16–32,1,414,0.000,1.000,6.4140,7.3156
ROI_080/patch_1,nearest,32–64,1,1124,0.000,1.000,6.7768,7.6880
ROI_080/patch_1,nearest,64–128,1,1680,0.000,1.000,11.2367,12.2200
ROI_080/patch_1,nearest,≥128,1,463,0.000,1.000,19.3009,20.6126
ROI_080/patch_1,own,0–16,1,138,0.000,1.000,6.2530,7.2589
ROI_080/patch_1,own,16–32,1,414,0.000,1.000,6.4979,7.3695
ROI_080/patch_1,own,32–64,1,1247,0.000,1.000,7.0387,7.9221
ROI_080/patch_1,own,64–128,1,3511,0.000,1.000,9.9538,10.9071
ROI_080/patch_1,own,≥128,1,25242,0.000,1.000,9.1761,10.0997
ROI_080/patch_3,nearest,0–16,1,106,0.000,1.000,14.5003,15.9273
ROI_080/patch_3,nearest,16–32,1,302,0.000,1.000,13.5276,14.8626
ROI_080/patch_3,nearest,32–64,1,473,0.000,1.000,29.1357,30.2104
ROI_080/patch_3,nearest,64–128,1,1008,0.000,1.000,16.7903,17.8805
ROI_080/patch_3,nearest,≥128,1,400,0.000,1.000,14.0767,15.2634
ROI_080/patch_3,own,0–16,1,109,0.000,1.000,14.3259,15.7532
ROI_080/patch_3,own,16–32,1,342,0.000,1.000,13.5588,14.9228
ROI_080/patch_3,own,32–64,1,820,0.000,1.000,21.3084,22.2961
ROI_080/patch_3,own,64–128,1,1969,0.000,1.000,17.7170,18.7965
ROI_080/patch_3,own,≥128,1,15072,0.000,1.000,15.9650,17.2103
ROI_080/patch_4,nearest,0–16,1,145,0.000,1.000,8.6897,9.7394
ROI_080/patch_4,nearest,16–32,1,431,0.000,1.000,8.7075,9.7256
ROI_080/patch_4,nearest,32–64,1,929,0.000,1.000,9.0271,10.1065
ROI_080/patch_4,nearest,64–128,1,684,0.000,1.000,17.7459,18.9842
ROI_080/patch_4,nearest,≥128,1,126,0.000,1.000,127.3630,129.1561
ROI_080/patch_4,own,0–16,1,145,0.000,1.000,9.0569,10.1134
ROI_080/patch_4,own,16–32,1,431,0.000,1.000,8.5524,9.5727
ROI_080/patch_4,own,32–64,1,1289,0.000,1.000,9.3332,10.3995
ROI_080/patch_4,own,64–128,1,3910,0.000,1.000,10.0826,11.2245
ROI_080/patch_4,own,≥128,1,12745,0.000,1.000,14.7556,15.8618
ROI_080/patch_5,nearest,0–16,1,101,0.000,1.000,12.5653,13.9548
ROI_080/patch_5,nearest,16–32,1,289,0.000,1.000,15.1620,16.5782
ROI_080/patch_5,nearest,32–64,1,551,0.000,1.000,11.2496,12.7082
ROI_080/patch_5,nearest,64–128,1,605,0.000,1.000,12.1056,13.5710
ROI_080/patch_5,nearest,≥128,1,161,1.000,1.000,,
ROI_080/patch_5,own,0–16,1,101,0.000,1.000,13.1047,14.5008
ROI_080/patch_5,own,16–32,1,289,0.000,1.000,15.5732,16.9787
ROI_080/patch_5,own,32–64,1,680,0.000,1.000,11.3267,12.7440
ROI_080/patch_5,own,64–128,1,2707,0.000,1.000,13.1119,14.5754
ROI_080/patch_5,own,≥128,1,9879,0.000,1.000,18.7600,20.1872
ROI_080/patch_7,nearest,0–16,1,143,0.000,1.000,4.1285,4.7735
ROI_080/patch_7,nearest,16–32,1,406,0.000,1.000,4.3953,5.1104
ROI_080/patch_7,nearest,32–64,1,751,0.000,1.000,9.9793,10.6809
ROI_080/patch_7,nearest,64–128,1,749,0.000,1.000,45.2979,45.9740
ROI_080/patch_7,nearest,≥128,1,138,0.250,1.000,507.2579,512.1140
ROI_080/patch_7,own,0–16,1,143,0.000,1.000,4.3341,4.9829
ROI_080/patch_7,own,16–32,1,410,0.000,1.000,4.5292,5.2454
ROI_080/patch_7,own,32–64,1,1001,0.000,1.000,8.3497,9.0373
ROI_080/patch_7,own,64–128,1,2509,0.000,1.000,30.8124,31.4526
ROI_080/patch_7,own,≥128,1,13433,0.000,1.000,68.4037,69.1033
ROI_080/patch_8,nearest,0–16,1,142,0.000,1.000,12.0774,12.3140
ROI_080/patch_8,nearest,16–32,1,388,0.000,1.000,12.0664,12.2791
ROI_080/patch_8,nearest,32–64,1,811,0.000,1.000,11.7254,11.9157
ROI_080/patch_8,nearest,64–128,1,1213,0.000,1.000,16.7735,17.0725
ROI_080/patch_8,nearest,≥128,1,479,0.000,1.000,41.2264,41.8613
ROI_080/patch_8,own,0–16,1,142,0.000,1.000,12.1368,12.3825
ROI_080/patch_8,own,16–32,1,388,0.000,1.000,12.0189,12.2283
ROI_080/patch_8,own,32–64,1,893,0.000,1.000,11.8852,12.0723
ROI_080/patch_8,own,64–128,1,2611,0.000,1.000,14.4984,14.8025
ROI_080/patch_8,own,≥128,1,20230,0.000,1.000,20.0123,20.2941
ROI_080/patch_9,nearest,0–16,1,117,0.000,1.000,16.9888,17.6433
ROI_080/patch_9,nearest,16–32,1,347,0.000,1.000,8.8044,9.5967
ROI_080/patch_9,nearest,32–64,1,1048,0.000,1.000,11.3375,12.1261
ROI_080/patch_9,nearest,64–128,1,1751,0.000,1.000,22.7502,23.5644
ROI_080/patch_9,nearest,≥128,1,402,0.000,1.000,52.6923,53.4099
ROI_080/patch_9,own,0–16,1,117,0.000,1.000,17.9481,18.5972
ROI_080/patch_9,own,16–32,1,347,0.000,1.000,8.8391,9.6482
ROI_080/patch_9,own,32–64,1,1153,0.000,1.000,12.0586,12.8725
ROI_080/patch_9,own,64–128,1,3973,0.000,1.000,16.3306,17.1337
ROI_080/patch_9,own,≥128,1,23730,0.000,1.000,20.1839,21.0390
ROI_080/patch_11,nearest,0–16,1,138,0.000,1.000,12.5508,13.1026
ROI_080/patch_11,nearest,16–32,1,327,0.000,1.000,13.5478,14.1560
ROI_080/patch_11,nearest,32–64,1,817,0.000,1.000,13.5423,14.2486
ROI_080/patch_11,nearest,64–128,1,1023,0.000,1.000,14.3945,15.1928
ROI_080/patch_11,nearest,≥128,1,146,0.000,1.000,12.9241,14.2580
ROI_080/patch_11,own,0–16,1,138,0.000,1.000,12.5618,13.1112
ROI_080/patch_11,own,16–32,1,344,0.000,1.000,13.3576,13.9823
ROI_080/patch_11,own,32–64,1,914,0.000,1.000,13.4435,14.1345
ROI_080/patch_11,own,64–128,1,2545,0.000,1.000,14.5093,15.2469
ROI_080/patch_11,own,≥128,1,15667,0.000,1.000,15.6117,16.4038
ROI_080/patch_14,nearest,0–16,1,140,0.000,1.000,2.6797,3.4563
ROI_080/patch_14,nearest,16–32,1,371,0.000,1.000,3.2644,4.2366
ROI_080/patch_14,nearest,32–64,1,1025,0.000,1.000,3.3238,4.5827
ROI_080/patch_14,nearest,64–128,1,1400,0.000,1.000,7.7535,8.9551
ROI_080/patch_14,nearest,≥128,1,604,0.000,1.000,9.3458,10.3347
ROI_080/patch_14,own,0–16,1,140,0.000,1.000,2.6366,3.4127
ROI_080/patch_14,own,16–32,1,372,0.000,1.000,3.0691,4.0655
ROI_080/patch_14,own,32–64,1,1215,0.000,1.000,3.1024,4.3582
ROI_080/patch_14,own,64–128,1,4009,0.000,1.000,4.2767,5.3826
ROI_080/patch_14,own,≥128,1,22584,0.000,1.000,5.9283,6.9616
ROI_080/patch_18,nearest,0–16,1,122,0.000,1.000,3.2131,3.9821
ROI_080/patch_18,nearest,16–32,1,371,0.000,1.000,3.3810,4.2252
ROI_080/patch_18,nearest,32–64,1,919,0.000,1.000,3.3423,4.3359
ROI_080/patch_18,nearest,64–128,1,1690,0.000,1.000,3.5543,4.6692
ROI_080/patch_18,nearest,≥128,1,655,0.000,1.000,5.1788,6.9194
ROI_080/patch_18,own,0–16,1,122,0.000,1.000,3.1811,3.9423
ROI_080/patch_18,own,16–32,1,378,0.000,1.000,3.5344,4.3734
ROI_080/patch_18,own,32–64,1,1117,0.000,1.000,3.4241,4.4001
ROI_080/patch_18,own,64–128,1,3161,0.000,1.000,3.2522,4.3042
ROI_080/patch_18,own,≥128,1,25278,0.000,1.000,3.5919,4.6489
ROI_080/patch_19,nearest,0–16,1,148,0.000,1.000,7.5890,8.3817
ROI_080/patch_19,nearest,16–32,1,450,0.000,1.000,7.4994,8.3107
ROI_080/patch_19,nearest,32–64,1,1272,0.000,1.000,7.7914,8.6389
ROI_080/patch_19,nearest,64–128,1,1185,0.000,1.000,11.6871,12.5522
ROI_080/patch_19,nearest,≥128,1,227,0.000,1.000,51.1459,52.1215
ROI_080/patch_19,own,0–16,1,148,0.000,1.000,7.6501,8.4449
ROI_080/patch_19,own,16–32,1,450,0.000,1.000,7.4492,8.2602
ROI_080/patch_19,own,32–64,1,1362,0.000,1.000,8.1748,9.0198
ROI_080/patch_19,own,64–128,1,4828,0.000,1.000,10.3455,11.1665
ROI_080/patch_19,own,≥128,1,22750,0.000,1.000,23.3858,24.2905
ROI_080/patch_22,nearest,0–16,1,121,0.000,1.000,4.4317,5.5425
ROI_080/patch_22,nearest,16–32,1,364,0.000,1.000,6.3364,7.6408
ROI_080/patch_22,nearest,32–64,1,1007,0.000,1.000,4.6732,6.6030
ROI_080/patch_22,nearest,64–128,1,1954,0.000,1.000,3.9931,5.7370
ROI_080/patch_22,nearest,≥128,1,646,0.000,1.000,7.5630,9.6784
ROI_080/patch_22,own,0–16,1,121,0.000,1.000,4.2824,5.3671
ROI_080/patch_22,own,16–32,1,376,0.000,1.000,5.5783,6.8652
ROI_080/patch_22,own,32–64,1,1213,0.000,1.000,5.7247,7.5352
ROI_080/patch_22,own,64–128,1,4160,0.000,1.000,4.1429,5.6606
ROI_080/patch_22,own,≥128,1,26866,0.000,1.000,6.9802,8.8140
ROI_080/patch_24,nearest,0–16,1,125,0.000,1.000,3.5975,4.1473
ROI_080/patch_24,nearest,16–32,1,325,0.000,1.000,3.9367,4.4619
ROI_080/patch_24,nearest,32–64,1,675,0.000,1.000,5.5441,6.1764
ROI_080/patch_24,nearest,64–128,1,484,0.000,1.000,7.8005,8.4441
ROI_080/patch_24,nearest,≥128,0,3,nan,nan,,
ROI_080/patch_24,own,0–16,1,125,0.000,1.000,3.5668,4.1169
ROI_080/patch_24,own,16–32,1,325,0.000,1.000,3.9106,4.4501
ROI_080/patch_24,own,32–64,1,738,0.000,1.000,7.4817,8.0951
ROI_080/patch_24,own,64–128,1,1898,0.000,1.000,7.3790,8.0087
ROI_080/patch_24,own,≥128,1,9810,0.000,1.000,15.4755,16.1986
ROI_080/patch_25,nearest,0–16,1,115,0.000,1.000,5.3509,5.7170
ROI_080/patch_25,nearest,16–32,1,288,0.000,1.000,5.8290,6.4126
ROI_080/patch_25,nearest,32–64,1,676,0.000,1.000,4.8396,5.9513
ROI_080/patch_25,nearest,64–128,1,1160,0.000,1.000,7.3638,8.9951
ROI_080/patch_25,nearest,≥128,1,483,0.000,1.000,12.5462,14.1751
ROI_080/patch_25,own,0–16,1,115,0.000,1.000,5.3010,5.6727
ROI_080/patch_25,own,16–32,1,291,0.000,1.000,6.0498,6.6368
ROI_080/patch_25,own,32–64,1,788,0.000,1.000,4.6461,5.7198
ROI_080/patch_25,own,64–128,1,2051,0.000,1.000,8.6868,10.1507
ROI_080/patch_25,own,≥128,1,18531,0.000,1.000,6.1890,7.6664
ROI_080/patch_28,nearest,0–16,1,116,0.000,1.000,24.2483,25.8590
ROI_080/patch_28,nearest,16–32,1,377,0.000,1.000,20.6927,22.5029
ROI_080/patch_28,nearest,32–64,1,584,0.000,1.000,23.3773,25.3046
ROI_080/patch_28,nearest,64–128,1,619,0.000,1.000,27.7795,29.7145
ROI_080/patch_28,nearest,≥128,1,218,0.900,1.000,426.8620,429.5362
ROI_080/patch_28,own,0–16,1,116,0.000,1.000,24.9722,26.5677
ROI_080/patch_28,own,16–32,1,377,0.000,1.000,20.6666,22.4857
ROI_080/patch_28,own,32–64,1,970,0.000,1.000,22.7185,24.7309
ROI_080/patch_28,own,64–128,1,1932,0.000,1.000,26.3660,28.4165
ROI_080/patch_28,own,≥128,1,11917,0.000,1.000,39.5257,41.3443
ROI_080/patch_29,nearest,0–16,1,127,0.000,1.000,17.4979,18.4677
ROI_080/patch_29,nearest,16–32,1,331,0.000,1.000,16.6121,17.6379
ROI_080/patch_29,nearest,32–64,1,963,0.000,1.000,19.4718,20.6289
ROI_080/patch_29,nearest,64–128,1,1609,0.000,1.000,25.8392,27.0247
ROI_080/patch_29,nearest,≥128,1,399,0.000,1.000,34.8409,35.9085
ROI_080/patch_29,own,0–16,1,127,0.000,1.000,17.4120,18.3779
ROI_080/patch_29,own,16–32,1,331,0.000,1.000,16.3104,17.3688
ROI_080/patch_29,own,32–64,1,989,0.000,1.000,18.9328,20.0947
ROI_080/patch_29,own,64–128,1,3455,0.000,1.000,24.2053,25.3765
ROI_080/patch_29,own,≥128,1,22530,0.000,1.000,24.8512,25.9826
ROI_080/patch_30,nearest,0–16,1,109,0.000,1.000,18.2371,19.6566
ROI_080/patch_30,nearest,16–32,1,292,0.000,1.000,18.0513,19.4719
ROI_080/patch_30,nearest,32–64,1,918,0.000,1.000,19.8951,21.2794
ROI_080/patch_30,nearest,64–128,1,1377,0.000,1.000,23.3506,24.6433
ROI_080/patch_30,nearest,≥128,1,185,0.000,1.000,36.0039,37.5731
ROI_080/patch_30,own,0–16,1,109,0.000,1.000,18.2773,19.7544
ROI_080/patch_30,own,16–32,1,292,0.000,1.000,18.4792,19.7955
ROI_080/patch_30,own,32–64,1,928,0.000,1.000,19.8370,21.2720
ROI_080/patch_30,own,64–128,1,3242,0.000,1.000,20.9376,22.2491
ROI_080/patch_30,own,≥128,1,18477,0.000,1.000,20.3447,21.6508
ROI_080/patch_32,nearest,0–16,1,126,0.000,1.000,9.0628,10.2522
ROI_080/patch_32,nearest,16–32,1,367,0.000,1.000,8.9505,10.2602
ROI_080/patch_32,nearest,32–64,1,1246,0.000,1.000,10.0460,11.7258
ROI_080/patch_32,nearest,64–128,1,1487,0.000,1.000,10.1321,12.1449
ROI_080/patch_32,nearest,≥128,1,475,0.000,1.000,24.9555,26.5997
ROI_080/patch_32,own,0–16,1,126,0.000,1.000,8.9663,10.1628
ROI_080/patch_32,own,16–32,1,367,0.000,1.000,9.0619,10.3649
ROI_080/patch_32,own,32–64,1,1300,0.000,1.000,9.8153,11.5240
ROI_080/patch_32,own,64–128,1,4598,0.000,1.000,11.8863,13.6488
ROI_080/patch_32,own,≥128,1,23217,0.000,1.000,15.0514,16.6519
ROI_080/patch_33,nearest,0–16,1,181,0.000,1.000,18.7981,20.3546
ROI_080/patch_33,nearest,16–32,1,488,0.000,1.000,18.1837,19.7690
ROI_080/patch_33,nearest,32–64,1,1421,0.000,1.000,17.7138,19.3953
ROI_080/patch_33,nearest,64–128,1,1647,0.000,1.000,22.2767,24.0346
ROI_080/patch_33,nearest,≥128,1,388,0.000,1.000,28.3994,30.1780
ROI_080/patch_33,own,0–16,1,181,0.000,1.000,18.7414,20.3095
ROI_080/patch_33,own,16–32,1,488,0.000,1.000,18.3806,19.9723
ROI_080/patch_33,own,32–64,1,1542,0.000,1.000,17.7592,19.4608
ROI_080/patch_33,own,64–128,1,5271,0.000,1.000,19.7673,21.4229
ROI_080/patch_33,own,≥128,1,33768,0.000,1.000,19.2251,20.9890
ROI_080/patch_34,nearest,0–16,1,136,0.000,1.000,39.1625,40.3825
ROI_080/patch_34,nearest,16–32,1,432,0.000,1.000,39.3354,40.3176
ROI_080/patch_34,nearest,32–64,1,1062,0.000,1.000,39.3045,40.7385
ROI_080/patch_34,nearest,64–128,1,1317,0.000,1.000,39.9658,41.3769
ROI_080/patch_34,nearest,≥128,1,560,0.000,1.000,67.1229,67.8571
ROI_080/patch_34,own,0–16,1,136,0.000,1.000,39.6502,40.8690
ROI_080/patch_34,own,16–32,1,461,0.000,1.000,39.2823,40.2778
ROI_080/patch_34,own,32–64,1,1413,0.000,1.000,38.6745,40.0074
ROI_080/patch_34,own,64–128,1,3774,0.000,1.000,39.6509,41.2428
ROI_080/patch_34,own,≥128,1,25779,0.000,1.000,43.1874,44.4105
ROI_080/patch_35,nearest,0–16,1,131,0.000,1.000,25.5367,26.0602
ROI_080/patch_35,nearest,16–32,1,319,0.000,1.000,26.1724,26.7228
ROI_080/patch_35,nearest,32–64,1,599,0.000,1.000,31.6884,32.1648
ROI_080/patch_35,nearest,64–128,1,1078,0.000,1.000,32.2824,32.8840
ROI_080/patch_35,nearest,≥128,1,989,0.000,1.000,71.5219,72.4777
ROI_080/patch_35,own,0–16,1,131,0.000,1.000,25.1538,25.6724
ROI_080/patch_35,own,16–32,1,322,0.000,1.000,26.2494,26.7875
ROI_080/patch_35,own,32–64,1,790,0.000,1.000,30.5774,31.0387
ROI_080/patch_35,own,64–128,1,2216,0.000,1.000,29.8960,30.4039
ROI_080/patch_35,own,≥128,1,21469,0.000,1.000,30.9306,31.5584
ROI_080/patch_38,nearest,0–16,1,141,0.000,1.000,9.3943,10.5050
ROI_080/patch_38,nearest,16–32,1,390,0.000,1.000,10.4792,11.6043
ROI_080/patch_38,nearest,32–64,1,1114,0.000,1.000,11.9200,12.9597
ROI_080/patch_38,nearest,64–128,1,1441,0.000,1.000,25.0552,26.0809
ROI_080/patch_38,nearest,≥128,1,575,0.000,1.000,111.3284,112.4557
ROI_080/patch_38,own,0–16,1,141,0.000,1.000,9.4062,10.5311
ROI_080/patch_38,own,16–32,1,408,0.000,1.000,10.6349,11.7615
ROI_080/patch_38,own,32–64,1,1304,0.000,1.000,12.8379,13.9193
ROI_080/patch_38,own,64–128,1,4527,0.000,1.000,16.5742,17.5887
ROI_080/patch_38,own,≥128,1,22908,0.000,1.000,31.6212,32.6896
ROI_080/patch_39,nearest,0–16,1,95,0.000,1.000,3.3640,4.3404
ROI_080/patch_39,nearest,16–32,1,250,0.000,1.000,2.3855,3.4621
ROI_080/patch_39,nearest,32–64,1,559,0.000,1.000,22.1804,23.2457
ROI_080/patch_39,nearest,64–128,1,588,0.000,1.000,31.2093,32.3311
ROI_080/patch_39,nearest,≥128,1,96,0.000,1.000,184.5855,186.2862
ROI_080/patch_39,own,0–16,1,95,0.000,1.000,3.3355,4.3156
ROI_080/patch_39,own,16–32,1,269,0.000,1.000,2.4776,3.5248
ROI_080/patch_39,own,32–64,1,690,0.000,1.000,13.1698,14.1392
ROI_080/patch_39,own,64–128,1,1903,0.000,1.000,27.7016,28.8360
ROI_080/patch_39,own,≥128,1,9747,0.000,1.000,13.6961,14.6595
ROI_080/patch_44,nearest,0–16,1,135,0.000,1.000,14.6767,15.5001
ROI_080/patch_44,nearest,16–32,1,411,0.000,1.000,15.0471,15.9552
ROI_080/patch_44,nearest,32–64,1,1189,0.000,1.000,16.3361,17.7007
ROI_080/patch_44,nearest,64–128,1,1920,0.000,1.000,43.8554,45.2617
ROI_080/patch_44,nearest,≥128,1,632,0.000,1.000,62.6213,64.2751
ROI_080/patch_44,own,0–16,1,135,0.000,1.000,14.7240,15.5514
ROI_080/patch_44,own,16–32,1,411,0.000,1.000,14.9416,15.8819
ROI_080/patch_44,own,32–64,1,1428,0.000,1.000,15.7599,16.9344
ROI_080/patch_44,own,64–128,1,4865,0.000,1.000,29.9120,31.1346
ROI_080/patch_44,own,≥128,1,27457,0.000,1.000,40.6127,41.9623
ROI_080/patch_45,nearest,0–16,1,107,0.000,1.000,8.6782,9.2439
ROI_080/patch_45,nearest,16–32,1,325,0.000,1.000,8.9674,9.4690
ROI_080/patch_45,nearest,32–64,1,574,0.000,1.000,10.3952,10.8368
ROI_080/patch_45,nearest,64–128,1,514,0.000,1.000,11.4120,11.9084
ROI_080/patch_45,nearest,≥128,0,32,nan,nan,,
ROI_080/patch_45,own,0–16,1,107,0.000,1.000,8.7426,9.3020
ROI_080/patch_45,own,16–32,1,339,0.000,1.000,8.8595,9.3535
ROI_080/patch_45,own,32–64,1,785,0.000,1.000,10.1040,10.5674
ROI_080/patch_45,own,64–128,1,1776,0.000,1.000,13.6905,14.1526
ROI_080/patch_45,own,≥128,1,9409,0.000,1.000,11.3406,11.8259
ROI_080/patch_46,nearest,0–16,1,90,0.000,1.000,7.9192,9.1041
ROI_080/patch_46,nearest,16–32,1,278,0.000,1.000,9.9703,11.1874
ROI_080/patch_46,nearest,32–64,1,712,0.000,1.000,18.0998,19.4411
ROI_080/patch_46,nearest,64–128,1,1269,0.000,1.000,58.1258,59.8351
ROI_080/patch_46,nearest,≥128,1,574,1.000,1.000,,
ROI_080/patch_46,own,0–16,1,90,0.000,1.000,7.9374,9.1245
ROI_080/patch_46,own,16–32,1,278,0.000,1.000,10.0144,11.2621
ROI_080/patch_46,own,32–64,1,825,0.000,1.000,16.6875,18.0012
ROI_080/patch_46,own,64–128,1,2716,0.000,1.000,53.0634,54.5974
ROI_080/patch_46,own,≥128,1,19475,0.000,1.000,139.3376,140.9918
ROI_080/patch_48,nearest,0–16,1,151,0.000,1.000,20.9359,21.5937
ROI_080/patch_48,nearest,16–32,1,444,0.000,1.000,21.3907,22.0475
ROI_080/patch_48,nearest,32–64,1,1086,0.000,1.000,21.2974,21.8638
ROI_080/patch_48,nearest,64–128,1,1243,0.000,1.000,28.1187,28.7477
ROI_080/patch_48,nearest,≥128,1,135,0.000,1.000,244.6890,245.7722
ROI_080/patch_48,own,0–16,1,151,0.000,1.000,20.9641,21.6255
ROI_080/patch_48,own,16–32,1,444,0.000,1.000,20.6327,21.2524
ROI_080/patch_48,own,32–64,1,1245,0.000,1.000,21.7690,22.3017
ROI_080/patch_48,own,64–128,1,3673,0.000,1.000,24.4391,24.9946
ROI_080/patch_48,own,≥128,1,18959,0.000,1.000,34.7974,35.3922
ROI_080/patch_50,nearest,0–16,1,84,0.000,1.000,210.5539,211.7071
ROI_080/patch_50,nearest,16–32,1,217,0.000,1.000,55.3871,56.5571
ROI_080/patch_50,nearest,32–64,1,412,0.000,1.000,68.4261,69.7294
ROI_080/patch_50,nearest,64–128,1,564,0.000,1.000,153.1049,154.7233
ROI_080/patch_50,nearest,≥128,1,94,1.000,1.000,,
ROI_080/patch_50,own,0–16,1,84,0.000,1.000,202.3794,203.5563
ROI_080/patch_50,own,16–32,1,232,0.000,1.000,55.3328,56.5131
ROI_080/patch_50,own,32–64,1,646,0.000,1.000,58.3944,59.5548
ROI_080/patch_50,own,64–128,1,1834,0.000,1.000,87.8814,89.4142
ROI_080/patch_50,own,≥128,1,9543,0.000,1.000,72.2246,73.7198
ROI_080/patch_51,nearest,0–16,1,128,0.000,1.000,5.5153,7.6150
ROI_080/patch_51,nearest,16–32,1,391,0.000,1.000,5.7768,8.1477
ROI_080/patch_51,nearest,32–64,1,1160,0.000,1.000,6.0539,9.3128
ROI_080/patch_51,nearest,64–128,1,2020,0.000,1.000,14.6569,17.7008
ROI_080/patch_51,nearest,≥128,1,388,0.000,1.000,28.1674,31.9887
ROI_080/patch_51,own,0–16,1,128,0.000,1.000,5.6489,7.7223
ROI_080/patch_51,own,16–32,1,391,0.000,1.000,5.7455,8.1303
ROI_080/patch_51,own,32–64,1,1208,0.000,1.000,4.7679,7.9381
ROI_080/patch_51,own,64–128,1,3876,0.000,1.000,9.6889,12.6542
ROI_080/patch_51,own,≥128,1,27093,0.000,1.000,9.0574,12.1003
ROI_080/patch_52,nearest,0–16,1,140,0.000,1.000,3.4289,4.6135
ROI_080/patch_52,nearest,16–32,1,372,0.000,1.000,3.5228,4.8219
ROI_080/patch_52,nearest,32–64,1,1071,0.000,1.000,3.3581,5.1533
ROI_080/patch_52,nearest,64–128,1,1885,0.000,1.000,4.5078,6.8498
ROI_080/patch_52,nearest,≥128,1,222,0.000,1.000,10.5772,13.7200
ROI_080/patch_52,own,0–16,1,140,0.000,1.000,3.4972,4.6752
ROI_080/patch_52,own,16–32,1,372,0.000,1.000,3.9690,5.2711
ROI_080/patch_52,own,32–64,1,1136,0.000,1.000,3.0745,4.8209
ROI_080/patch_52,own,64–128,1,3842,0.000,1.000,3.5368,5.6392
ROI_080/patch_52,own,≥128,1,24030,0.000,1.000,3.1186,5.0762
ROI_080/patch_53,nearest,0–16,1,115,0.000,1.000,10.4408,12.1745
ROI_080/patch_53,nearest,16–32,1,345,0.000,1.000,9.0688,11.5034
ROI_080/patch_53,nearest,32–64,1,1035,0.000,1.000,7.5055,10.3617
ROI_080/patch_53,nearest,64–128,1,1631,0.000,1.000,11.1098,14.3118
ROI_080/patch_53,nearest,≥128,1,694,0.000,1.000,22.0196,23.7861
ROI_080/patch_53,own,0–16,1,115,0.000,1.000,9.9042,11.6442
ROI_080/patch_53,own,16–32,1,345,0.000,1.000,9.1574,11.5672
ROI_080/patch_53,own,32–64,1,1149,0.000,1.000,7.4076,10.3160
ROI_080/patch_53,own,64–128,1,3525,0.000,1.000,9.8003,12.8723
ROI_080/patch_53,own,≥128,1,25426,0.000,1.000,9.8653,12.4973
ROI_080/patch_54,nearest,0–16,1,94,0.000,1.000,8.8343,9.8934
ROI_080/patch_54,nearest,16–32,1,258,0.000,1.000,11.4299,12.5654
ROI_080/patch_54,nearest,32–64,1,616,0.000,1.000,21.2223,22.5559
ROI_080/patch_54,nearest,64–128,1,508,0.000,1.000,51.6819,53.1870
ROI_080/patch_54,nearest,≥128,0,24,nan,nan,,
ROI_080/patch_54,own,0–16,1,94,0.000,1.000,8.7530,9.8336
ROI_080/patch_54,own,16–32,1,267,0.000,1.000,11.6386,12.7563
ROI_080/patch_54,own,32–64,1,859,0.000,1.000,18.0416,19.4052
ROI_080/patch_54,own,64–128,1,2666,0.000,1.000,24.8015,26.2454
ROI_080/patch_54,own,≥128,1,8114,0.000,1.000,20.0671,21.4405
ROI_080/patch_55,nearest,0–16,1,92,0.000,1.000,10.8103,11.7439
ROI_080/patch_55,nearest,16–32,1,270,0.000,1.000,27.3452,28.6459
ROI_080/patch_55,nearest,32–64,1,899,0.000,1.000,10.7115,12.2983
ROI_080/patch_55,nearest,64–128,1,1853,0.000,1.000,11.1118,13.0569
ROI_080/patch_55,nearest,≥128,1,369,0.000,1.000,15.9082,17.9712
ROI_080/patch_55,own,0–16,1,92,0.000,1.000,10.7319,11.6941
ROI_080/patch_55,own,16–32,1,270,0.000,1.000,27.9915,29.2847
ROI_080/patch_55,own,32–64,1,900,0.000,1.000,11.4773,13.0112
ROI_080/patch_55,own,64–128,1,3285,0.000,1.000,12.5278,14.3427
ROI_080/patch_55,own,≥128,1,23317,0.000,1.000,11.3395,13.0844
ROI_080/patch_57,nearest,0–16,1,105,0.000,1.000,6.4446,8.7260
ROI_080/patch_57,nearest,16–32,1,307,0.000,1.000,7.2674,9.5649
ROI_080/patch_57,nearest,32–64,1,898,0.000,1.000,15.7121,18.1977
ROI_080/patch_57,nearest,64–128,1,1138,0.000,1.000,14.6628,17.1605
ROI_080/patch_57,nearest,≥128,1,266,0.000,1.000,72.8112,77.3164
ROI_080/patch_57,own,0–16,1,105,0.000,1.000,6.4094,8.7240
ROI_080/patch_57,own,16–32,1,307,0.000,1.000,7.1964,9.5402
ROI_080/patch_57,own,32–64,1,931,0.000,1.000,15.6616,18.0809
ROI_080/patch_57,own,64–128,1,3128,0.000,1.000,10.8845,13.1584
ROI_080/patch_57,own,≥128,1,17241,0.000,1.000,20.5199,23.1612
ROI_080/patch_58,nearest,0–16,1,94,0.000,1.000,10.8859,12.2943
ROI_080/patch_58,nearest,16–32,1,286,0.000,1.000,10.8056,12.3647
ROI_080/patch_58,nearest,32–64,1,556,0.000,1.000,12.3306,13.9470
ROI_080/patch_58,nearest,64–128,1,398,0.000,1.000,23.6060,25.5265
ROI_080/patch_58,nearest,≥128,0,13,nan,nan,,
ROI_080/patch_58,own,0–16,1,94,0.000,1.000,11.4512,12.8603
ROI_080/patch_58,own,16–32,1,286,0.000,1.000,10.2127,11.7052
ROI_080/patch_58,own,32–64,1,589,0.000,1.000,12.0388,13.6815
ROI_080/patch_58,own,64–128,1,1759,0.000,1.000,21.8597,23.6699
ROI_080/patch_58,own,≥128,1,8048,0.000,1.000,16.3194,18.1707
ROI_080/patch_59,nearest,0–16,1,95,0.000,1.000,9.1781,10.6200
ROI_080/patch_59,nearest,16–32,1,281,0.000,1.000,7.5600,9.1999
ROI_080/patch_59,nearest,32–64,1,654,0.000,1.000,9.8270,11.3853
ROI_080/patch_59,nearest,64–128,1,808,0.000,1.000,22.3653,24.2786
ROI_080/patch_59,nearest,≥128,1,987,0.000,1.000,18.3408,20.8626
ROI_080/patch_59,own,0–16,1,95,0.000,1.000,9.0799,10.5218
ROI_080/patch_59,own,16–32,1,281,0.000,1.000,7.4335,9.0371
ROI_080/patch_59,own,32–64,1,841,0.000,1.000,8.9286,10.4096
ROI_080/patch_59,own,64–128,1,2307,0.000,1.000,11.6875,13.4243
ROI_080/patch_59,own,≥128,1,19076,0.000,1.000,12.2877,14.1093
ROI_080/patch_61,nearest,0–16,1,83,0.000,1.000,63.1258,64.3070
ROI_080/patch_61,nearest,16–32,1,197,0.000,1.000,62.9185,64.1474
ROI_080/patch_61,nearest,32–64,1,383,0.000,1.000,70.4267,72.5040
ROI_080/patch_61,nearest,64–128,1,626,0.000,1.000,112.9399,115.5143
ROI_080/patch_61,nearest,≥128,1,153,0.000,1.000,78.6393,81.7572
ROI_080/patch_61,own,0–16,1,83,0.000,1.000,63.9937,65.1537
ROI_080/patch_61,own,16–32,1,206,0.000,1.000,61.7538,62.9689
ROI_080/patch_61,own,32–64,1,490,0.000,1.000,70.7651,72.5322
ROI_080/patch_61,own,64–128,1,1617,0.000,1.000,81.6744,83.9024
ROI_080/patch_61,own,≥128,1,9140,0.000,1.000,65.9432,67.9896
ROI_080/patch_63,nearest,0–16,1,121,0.000,1.000,19.3135,20.9865
ROI_080/patch_63,nearest,16–32,1,325,0.000,1.000,16.3651,18.1040
ROI_080/patch_63,nearest,32–64,1,616,0.000,1.000,20.1383,22.7257
ROI_080/patch_63,nearest,64–128,1,663,0.000,1.000,42.4902,45.9100
ROI_080/patch_63,nearest,≥128,1,127,0.000,1.000,43.7398,47.8454
ROI_080/patch_63,own,0–16,1,121,0.000,1.000,19.0053,20.6879
ROI_080/patch_63,own,16–32,1,346,0.000,1.000,16.7304,18.4661
ROI_080/patch_63,own,32–64,1,754,0.000,1.000,19.4153,21.8818
ROI_080/patch_63,own,64–128,1,1680,0.000,1.000,46.6700,49.4569
ROI_080/patch_63,own,≥128,1,11915,0.000,1.000,29.2743,31.7377
ROI_080/patch_65,nearest,0–16,1,96,0.000,1.000,33.5799,51.9560
ROI_080/patch_65,nearest,16–32,1,273,0.000,1.000,38.7326,56.1659
ROI_080/patch_65,nearest,32–64,1,521,0.000,1.000,33.8892,52.9927
ROI_080/patch_65,nearest,64–128,1,664,0.000,1.000,286.3181,308.8017
ROI_080/patch_65,nearest,≥128,1,290,1.000,1.000,,
ROI_080/patch_65,own,0–16,1,96,0.000,1.000,34.0911,52.4542
ROI_080/patch_65,own,16–32,1,273,0.000,1.000,39.1099,56.6646
ROI_080/patch_65,own,32–64,1,567,0.000,1.000,35.3162,54.4706
ROI_080/patch_65,own,64–128,1,1532,0.000,1.000,65.8914,87.2086
ROI_080/patch_65,own,≥128,1,12284,0.000,1.000,55.1839,75.3457
ROI_080/patch_67,nearest,0–16,1,94,0.000,1.000,37.4917,39.0613
ROI_080/patch_67,nearest,16–32,1,300,0.000,1.000,12.1900,13.7662
ROI_080/patch_67,nearest,32–64,1,518,0.000,1.000,13.5945,15.2543
ROI_080/patch_67,nearest,64–128,1,475,0.000,1.000,30.8942,32.7479
ROI_080/patch_67,nearest,≥128,1,112,0.000,1.000,21.7289,23.8672
ROI_080/patch_67,own,0–16,1,94,0.000,1.000,42.3278,43.8900
ROI_080/patch_67,own,16–32,1,300,0.000,1.000,12.1590,13.7382
ROI_080/patch_67,own,32–64,1,609,0.000,1.000,14.2538,15.9246
ROI_080/patch_67,own,64–128,1,1331,0.000,1.000,20.5922,22.2724
ROI_080/patch_67,own,≥128,1,9658,0.000,1.000,15.7259,17.3695
ROI_080/patch_69,nearest,0–16,1,129,0.000,1.000,16.9340,17.6074
ROI_080/patch_69,nearest,16–32,1,363,0.000,1.000,17.3264,18.0158
ROI_080/patch_69,nearest,32–64,1,677,0.000,1.000,18.2906,19.0224
ROI_080/patch_69,nearest,64–128,1,1231,0.000,1.000,26.0583,26.8019
ROI_080/patch_69,nearest,≥128,1,277,0.000,1.000,34.7482,35.7583
ROI_080/patch_69,own,0–16,1,129,0.000,1.000,16.9597,17.6290
ROI_080/patch_69,own,16–32,1,363,0.000,1.000,17.4824,18.1843
ROI_080/patch_69,own,32–64,1,712,0.000,1.000,19.4712,20.2080
ROI_080/patch_69,own,64–128,1,1937,0.000,1.000,27.1920,27.9186
ROI_080/patch_69,own,≥128,1,18275,0.000,1.000,21.5642,22.2754
ROI_080/patch_70,nearest,0–16,1,110,0.000,1.000,20.6830,21.5106
ROI_080/patch_70,nearest,16–32,1,330,0.000,1.000,18.8830,19.8052
ROI_080/patch_70,nearest,32–64,1,945,0.000,1.000,20.9898,22.1162
ROI_080/patch_70,nearest,64–128,1,1449,0.000,1.000,26.1034,27.3283
ROI_080/patch_70,nearest,≥128,1,463,0.000,1.000,37.1700,38.9549
ROI_080/patch_70,own,0–16,1,110,0.000,1.000,20.2796,21.1081
ROI_080/patch_70,own,16–32,1,330,0.000,1.000,19.0207,19.9589
ROI_080/patch_70,own,32–64,1,969,0.000,1.000,21.2110,22.4157
ROI_080/patch_70,own,64–128,1,3211,0.000,1.000,22.6048,23.6715
ROI_080/patch_70,own,≥128,1,21756,0.000,1.000,23.0092,24.1096
ROI_080/patch_71,nearest,0–16,1,143,0.000,1.000,4.3153,5.7573
ROI_080/patch_71,nearest,16–32,1,384,0.000,1.000,4.4485,5.8505
ROI_080/patch_71,nearest,32–64,1,1207,0.000,1.000,8.7535,10.2540
ROI_080/patch_71,nearest,64–128,1,2208,0.000,1.000,16.4517,17.8346
ROI_080/patch_71,nearest,≥128,1,354,0.000,1.000,23.4005,25.0545
ROI_080/patch_71,own,0–16,1,143,0.000,1.000,4.1669,5.6248
ROI_080/patch_71,own,16–32,1,384,0.000,1.000,4.4075,5.8985
ROI_080/patch_71,own,32–64,1,1254,0.000,1.000,9.9587,11.4656
ROI_080/patch_71,own,64–128,1,4020,0.000,1.000,15.5506,16.9811
ROI_080/patch_71,own,≥128,1,28567,0.000,1.000,11.8467,13.3742
ROI_080/patch_72,nearest,0–16,1,125,0.000,1.000,17.1060,18.2746
ROI_080/patch_72,nearest,16–32,1,359,0.000,1.000,18.2617,19.5472
ROI_080/patch_72,nearest,32–64,1,958,0.000,1.000,20.6105,21.8756
ROI_080/patch_72,nearest,64–128,1,1685,0.000,1.000,23.6038,25.0057
ROI_080/patch_72,nearest,≥128,1,986,0.000,1.000,45.7342,46.9339
ROI_080/patch_72,own,0–16,1,125,0.000,1.000,17.1092,18.2624
ROI_080/patch_72,own,16–32,1,359,0.000,1.000,18.6982,19.9760
ROI_080/patch_72,own,32–64,1,1097,0.000,1.000,20.6732,21.9154
ROI_080/patch_72,own,64–128,1,3011,0.000,1.000,27.5042,28.8927
ROI_080/patch_72,own,≥128,1,28312,0.000,1.000,35.3095,36.7406
ROI_080/patch_73,nearest,0–16,1,129,0.000,1.000,7.6749,8.8565
ROI_080/patch_73,nearest,16–32,1,352,0.000,1.000,10.7921,12.1028
ROI_080/patch_73,nearest,32–64,1,1021,0.000,1.000,9.0749,10.1674
ROI_080/patch_73,nearest,64–128,1,1868,0.000,1.000,16.1513,17.0718
ROI_080/patch_73,nearest,≥128,1,672,0.000,1.000,20.5956,21.5781
ROI_080/patch_73,own,0–16,1,129,0.000,1.000,7.6515,8.8357
ROI_080/patch_73,own,16–32,1,352,0.000,1.000,11.0783,12.3612
ROI_080/patch_73,own,32–64,1,1027,0.000,1.000,9.0945,10.1343
ROI_080/patch_73,own,64–128,1,3501,0.000,1.000,11.7647,12.8001
ROI_080/patch_73,own,≥128,1,27327,0.000,1.000,12.5731,13.5120
ROI_080/patch_74,nearest,0–16,1,141,0.000,1.000,10.3014,11.1956
ROI_080/patch_74,nearest,16–32,1,419,0.000,1.000,11.2449,12.1972
ROI_080/patch_74,nearest,32–64,1,1330,0.000,1.000,14.8737,15.8924
ROI_080/patch_74,nearest,64–128,1,1456,0.000,1.000,16.8182,17.9461
ROI_080/patch_74,nearest,≥128,1,183,0.000,1.000,58.3627,59.0919
ROI_080/patch_74,own,0–16,1,141,0.000,1.000,10.2167,11.0952
ROI_080/patch_74,own,16–32,1,419,0.000,1.000,11.6876,12.6769
ROI_080/patch_74,own,32–64,1,1460,0.000,1.000,14.0535,15.0391
ROI_080/patch_74,own,64–128,1,4293,0.000,1.000,15.1252,16.2245
ROI_080/patch_74,own,≥128,1,21919,0.000,1.000,14.5547,15.5110
ROI_080/patch_75,nearest,0–16,1,155,0.000,1.000,17.6084,18.0876
ROI_080/patch_75,nearest,16–32,1,453,0.000,1.000,18.0195,18.5645
ROI_080/patch_75,nearest,32–64,1,1268,0.000,1.000,20.6634,21.4634
ROI_080/patch_75,nearest,64–128,1,1659,0.000,1.000,24.7395,25.7696
ROI_080/patch_75,nearest,≥128,1,554,0.000,1.000,25.0403,26.2166
ROI_080/patch_75,own,0–16,1,155,0.000,1.000,17.6772,18.1518
ROI_080/patch_75,own,16–32,1,453,0.000,1.000,17.9852,18.5165
ROI_080/patch_75,own,32–64,1,1402,0.000,1.000,20.0468,20.8674
ROI_080/patch_75,own,64–128,1,4714,0.000,1.000,21.5456,22.5477
ROI_080/patch_75,own,≥128,1,30077,0.000,1.000,21.0120,21.9883
ROI_080/patch_76,nearest,0–16,1,135,0.000,1.000,12.4437,13.9903
ROI_080/patch_76,nearest,16–32,1,359,0.000,1.000,11.8010,13.4145
ROI_080/patch_76,nearest,32–64,1,995,0.000,1.000,11.5429,13.6730
ROI_080/patch_76,nearest,64–128,1,1587,0.000,1.000,17.3880,19.5762
ROI_080/patch_76,nearest,≥128,1,320,0.000,1.000,31.0339,35.1927
ROI_080/patch_76,own,0–16,1,135,0.000,1.000,12.3800,13.9317
ROI_080/patch_76,own,16–32,1,359,0.000,1.000,11.8022,13.4189
ROI_080/patch_76,own,32–64,1,1016,0.000,1.000,11.1386,13.2541
ROI_080/patch_76,own,64–128,1,3042,0.000,1.000,16.8404,18.9209
ROI_080/patch_76,own,≥128,1,22616,0.000,1.000,20.5417,22.6259
ROI_080/patch_77,nearest,0–16,1,140,0.000,1.000,15.0441,15.4663
ROI_080/patch_77,nearest,16–32,1,412,0.000,1.000,13.8071,14.2089
ROI_080/patch_77,nearest,32–64,1,1324,0.000,1.000,15.9243,16.4645
ROI_080/patch_77,nearest,64–128,1,2290,0.000,1.000,18.3788,19.1146
ROI_080/patch_77,nearest,≥128,1,397,0.000,1.000,25.4334,26.1059
ROI_080/patch_77,own,0–16,1,140,0.000,1.000,15.4116,15.8339
ROI_080/patch_77,own,16–32,1,412,0.000,1.000,13.8206,14.2202
ROI_080/patch_77,own,32–64,1,1324,0.000,1.000,15.4970,16.0245
ROI_080/patch_77,own,64–128,1,4986,0.000,1.000,16.4252,17.0948
ROI_080/patch_77,own,≥128,1,29642,0.000,1.000,19.0275,19.6170
ROI_080/patch_78,nearest,0–16,1,150,0.000,1.000,7.1965,8.7541
ROI_080/patch_78,nearest,16–32,1,435,0.000,1.000,6.8541,8.5711
ROI_080/patch_78,nearest,32–64,1,1260,0.000,1.000,5.9887,8.7298
ROI_080/patch_78,nearest,64–128,1,1897,0.000,1.000,12.6856,16.3400
ROI_080/patch_78,nearest,≥128,1,245,0.000,1.000,24.0030,28.2758
ROI_080/patch_78,own,0–16,1,150,0.000,1.000,6.9554,8.5125
ROI_080/patch_78,own,16–32,1,435,0.000,1.000,6.6199,8.3017
ROI_080/patch_78,own,32–64,1,1456,0.000,1.000,6.5423,9.1843
ROI_080/patch_78,own,64–128,1,4587,0.000,1.000,10.9878,13.9364
ROI_080/patch_78,own,≥128,1,25268,0.000,1.000,11.7006,14.9179
ROI_080/patch_79,nearest,0–16,1,139,0.000,1.000,6.1537,8.9947
ROI_080/patch_79,nearest,16–32,1,397,0.000,1.000,6.4658,9.5322
ROI_080/patch_79,nearest,32–64,1,1236,0.000,1.000,6.3343,10.5200
ROI_080/patch_79,nearest,64–128,1,1678,0.000,1.000,7.6216,12.2231
ROI_080/patch_79,nearest,≥128,1,563,0.000,1.000,7.8146,13.5602
ROI_080/patch_79,own,0–16,1,139,0.000,1.000,6.2390,9.0729
ROI_080/patch_79,own,16–32,1,397,0.000,1.000,6.6001,9.7187
ROI_080/patch_79,own,32–64,1,1379,0.000,1.000,6.7906,11.0293
ROI_080/patch_79,own,64–128,1,4677,0.000,1.000,6.5082,10.7979
ROI_080/patch_79,own,≥128,1,25512,0.000,1.000,7.3370,11.6797
ROI_080/patch_80,nearest,0–16,1,144,0.000,1.000,4.4249,6.0013
ROI_080/patch_80,nearest,16–32,1,414,0.000,1.000,4.3122,5.9204
ROI_080/patch_80,nearest,32–64,1,1046,0.000,1.000,4.1041,5.7554
ROI_080/patch_80,nearest,64–128,1,1898,0.000,1.000,12.2782,14.2473
ROI_080/patch_80,nearest,≥128,1,263,0.000,1.000,92.8236,94.7564
ROI_080/patch_80,own,0–16,1,144,0.000,1.000,4.4490,6.0170
ROI_080/patch_80,own,16–32,1,414,0.000,1.000,4.4860,6.1351
ROI_080/patch_80,own,32–64,1,1131,0.000,1.000,4.3360,6.0592
ROI_080/patch_80,own,64–128,1,3718,0.000,1.000,8.4048,10.1947
ROI_080/patch_80,own,≥128,1,24713,0.000,1.000,13.6816,15.4349
ROI_080/patch_83,nearest,0–16,1,145,0.000,1.000,4.7625,5.9394
ROI_080/patch_83,nearest,16–32,1,428,0.000,1.000,4.7239,5.8947
ROI_080/patch_83,nearest,32–64,1,1476,0.000,1.000,5.1320,6.2832
ROI_080/patch_83,nearest,64–128,1,2757,0.000,1.000,6.6194,7.6133
ROI_080/patch_83,nearest,≥128,1,246,0.000,1.000,9.4376,10.2728
ROI_080/patch_83,own,0–16,1,145,0.000,1.000,4.7593,5.9510
ROI_080/patch_83,own,16–32,1,428,0.000,1.000,4.7119,5.8540
ROI_080/patch_83,own,32–64,1,1476,0.000,1.000,5.2796,6.3619
ROI_080/patch_83,own,64–128,1,4935,0.000,1.000,6.8327,7.8138
ROI_080/patch_83,own,≥128,1,33432,0.000,1.000,6.2116,7.2065
ROI_080/patch_84,nearest,0–16,1,143,0.000,1.000,13.0776,13.9854
ROI_080/patch_84,nearest,16–32,1,406,0.000,1.000,13.2141,14.1287
ROI_080/patch_84,nearest,32–64,1,1256,0.000,1.000,13.6091,14.5909
ROI_080/patch_84,nearest,64–128,1,2323,0.000,1.000,20.3671,21.3523
ROI_080/patch_84,nearest,≥128,1,908,0.000,1.000,26.3977,27.6875
ROI_080/patch_84,own,0–16,1,143,0.000,1.000,13.0658,13.9716
ROI_080/patch_84,own,16–32,1,406,0.000,1.000,13.3285,14.2444
ROI_080/patch_84,own,32–64,1,1258,0.000,1.000,13.5890,14.5830
ROI_080/patch_84,own,64–128,1,3961,0.000,1.000,17.0956,18.0425
ROI_080/patch_84,own,≥128,1,34520,0.000,1.000,21.6746,22.6353
ROI_080/patch_85,nearest,0–16,1,123,0.000,1.000,1.0008,2.0861
ROI_080/patch_85,nearest,16–32,1,388,0.000,1.000,1.8785,2.9589
ROI_080/patch_85,nearest,32–64,1,1306,0.000,1.000,2.3871,3.5485
ROI_080/patch_85,nearest,64–128,1,2646,0.000,1.000,3.7493,4.9130
ROI_080/patch_85,nearest,≥128,1,482,0.000,1.000,0.9600,2.2752
ROI_080/patch_85,own,0–16,1,123,0.000,1.000,1.1722,2.2761
ROI_080/patch_85,own,16–32,1,388,0.000,1.000,1.7763,2.8654
ROI_080/patch_85,own,32–64,1,1427,0.000,1.000,2.5448,3.7142
ROI_080/patch_85,own,64–128,1,5061,0.000,1.000,2.0086,3.1659
ROI_080/patch_85,own,≥128,1,32561,0.000,1.000,2.3086,3.5311
ROI_080/patch_86,nearest,0–16,1,151,0.000,1.000,8.0751,8.5860
ROI_080/patch_86,nearest,16–32,1,408,0.000,1.000,8.0810,8.5772
ROI_080/patch_86,nearest,32–64,1,1335,0.000,1.000,10.2046,10.6851
ROI_080/patch_86,nearest,64–128,1,2578,0.000,1.000,10.7838,11.2607
ROI_080/patch_86,nearest,≥128,1,567,0.000,1.000,17.0444,17.4702
ROI_080/patch_86,own,0–16,1,151,0.000,1.000,8.1082,8.6238
ROI_080/patch_86,own,16–32,1,408,0.000,1.000,7.9805,8.4824
ROI_080/patch_86,own,32–64,1,1414,0.000,1.000,10.5932,11.0995
ROI_080/patch_86,own,64–128,1,4676,0.000,1.000,11.2588,11.7296
ROI_080/patch_86,own,≥128,1,33663,0.000,1.000,13.6609,14.1320
ROI_080/patch_87,nearest,0–16,1,129,0.000,1.000,11.8915,16.6361
ROI_080/patch_87,nearest,16–32,1,371,0.000,1.000,12.2257,16.7982
ROI_080/patch_87,nearest,32–64,1,1135,0.000,1.000,11.6398,16.6344
ROI_080/patch_87,nearest,64–128,1,2494,0.000,1.000,11.9643,17.1855
ROI_080/patch_87,nearest,≥128,1,831,0.000,1.000,18.9869,24.9556
ROI_080/patch_87,own,0–16,1,129,0.000,1.000,11.8615,16.6096
ROI_080/patch_87,own,16–32,1,371,0.000,1.000,12.2669,16.8479
ROI_080/patch_87,own,32–64,1,1135,0.000,1.000,11.6449,16.5188
ROI_080/patch_87,own,64–128,1,3834,0.000,1.000,12.3197,17.5785
ROI_080/patch_87,own,≥128,1,34211,0.000,1.000,12.5536,17.5342
ROI_080/patch_88,nearest,0–16,1,132,0.000,1.000,16.5463,18.7877
ROI_080/patch_88,nearest,16–32,1,377,0.000,1.000,16.0658,18.1922
ROI_080/patch_88,nearest,32–64,1,1297,0.000,1.000,14.8889,17.1839
ROI_080/patch_88,nearest,64–128,1,1695,0.000,1.000,15.6320,18.2132
ROI_080/patch_88,nearest,≥128,1,361,0.000,1.000,47.2269,49.7595
ROI_080/patch_88,own,0–16,1,132,0.000,1.000,16.3354,18.5627
ROI_080/patch_88,own,16–32,1,377,0.000,1.000,16.1070,18.2515
ROI_080/patch_88,own,32–64,1,1334,0.000,1.000,14.9404,17.2166
ROI_080/patch_88,own,64–128,1,4282,0.000,1.000,15.0892,17.5624
ROI_080/patch_88,own,≥128,1,24771,0.000,1.000,15.8486,18.4357
ROI_080/patch_89,nearest,0–16,1,134,0.000,1.000,10.0530,11.1160
ROI_080/patch_89,nearest,16–32,1,349,0.000,1.000,9.2327,10.4476
ROI_080/patch_89,nearest,32–64,1,995,0.000,1.000,11.2467,12.8406
ROI_080/patch_89,nearest,64–128,1,2159,0.000,1.000,9.9292,11.5737
ROI_080/patch_89,nearest,≥128,1,488,0.000,1.000,10.3115,11.8871
ROI_080/patch_89,own,0–16,1,134,0.000,1.000,10.0809,11.1444
ROI_080/patch_89,own,16–32,1,356,0.000,1.000,9.4837,10.6727
ROI_080/patch_89,own,32–64,1,1196,0.000,1.000,10.4255,11.9335
ROI_080/patch_89,own,64–128,1,3862,0.000,1.000,10.3220,11.9658
ROI_080/patch_89,own,≥128,1,27452,0.000,1.000,11.1839,12.7439
ROI_080/patch_90,nearest,0–16,1,133,0.000,1.000,2.7284,3.8034
ROI_080/patch_90,nearest,16–32,1,409,0.000,1.000,2.9271,4.0381
ROI_080/patch_90,nearest,32–64,1,1387,0.000,1.000,3.1933,4.3550
ROI_080/patch_90,nearest,64–128,1,2491,0.000,1.000,7.1552,8.2784
ROI_080/patch_90,nearest,≥128,1,366,0.000,1.000,22.6408,23.6746
ROI_080/patch_90,own,0–16,1,133,0.000,1.000,2.6792,3.7540
ROI_080/patch_90,own,16–32,1,409,0.000,1.000,2.8196,3.9186
ROI_080/patch_90,own,32–64,1,1479,0.000,1.000,3.6451,4.8162
ROI_080/patch_90,own,64–128,1,4630,0.000,1.000,4.4313,5.6017
ROI_080/patch_90,own,≥128,1,31637,0.000,1.000,6.6155,7.7478
ROI_080/patch_91,nearest,0–16,1,119,0.000,1.000,10.8779,11.9678
ROI_080/patch_91,nearest,16–32,1,369,0.000,1.000,10.4754,11.5005
ROI_080/patch_91,nearest,32–64,1,1131,0.000,1.000,10.6506,11.8838
ROI_080/patch_91,nearest,64–128,1,1788,0.000,1.000,12.9462,14.2584
ROI_080/patch_91,nearest,≥128,1,1543,0.000,1.000,19.8735,21.0523
ROI_080/patch_91,own,0–16,1,119,0.000,1.000,10.7453,11.8204
ROI_080/patch_91,own,16–32,1,369,0.000,1.000,10.4484,11.4935
ROI_080/patch_91,own,32–64,1,1269,0.000,1.000,10.9256,12.1774
ROI_080/patch_91,own,64–128,1,4532,0.000,1.000,11.7284,12.9392
ROI_080/patch_91,own,≥128,1,33311,0.000,1.000,14.7649,16.0475
ROI_080/patch_92,nearest,0–16,1,143,0.000,1.000,12.8595,15.4023
ROI_080/patch_92,nearest,16–32,1,422,0.000,1.000,12.6569,15.3792
ROI_080/patch_92,nearest,32–64,1,1427,0.000,1.000,12.8807,15.7307
ROI_080/patch_92,nearest,64–128,1,2097,0.000,1.000,16.7412,19.4374
ROI_080/patch_92,nearest,≥128,1,463,0.000,1.000,29.7604,32.5383
ROI_080/patch_92,own,0–16,1,143,0.000,1.000,12.8720,15.4258
ROI_080/patch_92,own,16–32,1,422,0.000,1.000,12.5203,15.2463
ROI_080/patch_92,own,32–64,1,1491,0.000,1.000,12.8572,15.7436
ROI_080/patch_92,own,64–128,1,4977,0.000,1.000,16.3508,19.0575
ROI_080/patch_92,own,≥128,1,29383,0.000,1.000,15.4504,18.2632
ROI_080/patch_93,nearest,0–16,1,147,0.000,1.000,1.0139,1.4942
ROI_080/patch_93,nearest,16–32,1,392,0.000,1.000,1.0605,1.5684
ROI_080/patch_93,nearest,32–64,1,1419,0.000,1.000,1.2606,1.6941
ROI_080/patch_93,nearest,64–128,1,2922,0.000,1.000,1.2867,1.7279
ROI_080/patch_93,nearest,≥128,1,283,0.000,1.000,2.0614,2.7240
ROI_080/patch_93,own,0–16,1,147,0.000,1.000,1.0028,1.4927
ROI_080/patch_93,own,16–32,1,392,0.000,1.000,1.1007,1.6126
ROI_080/patch_93,own,32–64,1,1419,0.000,1.000,1.2566,1.6574
ROI_080/patch_93,own,64–128,1,5017,0.000,1.000,1.2633,1.7155
ROI_080/patch_93,own,≥128,1,34329,0.000,1.000,1.4459,1.9389
ROI_080/patch_94,nearest,0–16,1,144,0.000,1.000,1.3081,2.1607
ROI_080/patch_94,nearest,16–32,1,438,0.000,1.000,1.8133,2.6302
ROI_080/patch_94,nearest,32–64,1,1313,0.000,1.000,1.8475,2.7159
ROI_080/patch_94,nearest,64–128,1,1962,0.000,1.000,1.6658,2.5197
ROI_080/patch_94,nearest,≥128,1,415,0.000,1.000,11.3793,12.3349
ROI_080/patch_94,own,0–16,1,144,0.000,1.000,1.3848,2.2256
ROI_080/patch_94,own,16–32,1,438,0.000,1.000,1.5704,2.3702
ROI_080/patch_94,own,32–64,1,1445,0.000,1.000,1.6378,2.5297
ROI_080/patch_94,own,64–128,1,4774,0.000,1.000,1.8929,2.7637
ROI_080/patch_94,own,≥128,1,27375,0.000,1.000,2.9716,3.8912
ROI_080/patch_95,nearest,0–16,1,146,0.000,1.000,2.8017,3.8855
ROI_080/patch_95,nearest,16–32,1,418,0.000,1.000,2.3578,3.3552
ROI_080/patch_95,nearest,32–64,1,1450,0.000,1.000,2.5123,3.4979
ROI_080/patch_95,nearest,64–128,1,2415,0.000,1.000,5.1937,6.2170
ROI_080/patch_95,nearest,≥128,1,694,0.000,1.000,10.8335,11.9827
ROI_080/patch_95,own,0–16,1,146,0.000,1.000,2.7893,3.8745
ROI_080/patch_95,own,16–32,1,418,0.000,1.000,2.3181,3.3152
ROI_080/patch_95,own,32–64,1,1460,0.000,1.000,2.5288,3.5048
ROI_080/patch_95,own,64–128,1,5149,0.000,1.000,5.0029,6.0050
ROI_080/patch_95,own,≥128,1,33811,0.000,1.000,4.7900,5.8316
ROI_080/patch_96,nearest,0–16,1,129,0.000,1.000,5.1536,5.9109
ROI_080/patch_96,nearest,16–32,1,385,0.000,1.000,5.2595,5.9285
ROI_080/patch_96,nearest,32–64,1,1440,0.000,1.000,5.4262,5.9498
ROI_080/patch_96,nearest,64–128,1,2982,0.000,1.000,6.8274,7.3519
ROI_080/patch_96,nearest,≥128,1,341,0.000,1.000,27.7523,28.3364
ROI_080/patch_96,own,0–16,1,129,0.000,1.000,5.1415,5.9075
ROI_080/patch_96,own,16–32,1,385,0.000,1.000,5.2570,5.9348
ROI_080/patch_96,own,32–64,1,1447,0.000,1.000,5.3705,5.8835
ROI_080/patch_96,own,64–128,1,4888,0.000,1.000,6.8995,7.4246
ROI_080/patch_96,own,≥128,1,35367,0.000,1.000,5.8398,6.3729
ROI_080/patch_98,nearest,0–16,1,146,0.000,1.000,1.0912,1.3301
ROI_080/patch_98,nearest,16–32,1,388,0.000,1.000,1.2123,1.4005
ROI_080/patch_98,nearest,32–64,1,1108,0.000,1.000,1.5598,1.7607
ROI_080/patch_98,nearest,64–128,1,1993,0.000,1.000,5.3869,5.5946
ROI_080/patch_98,nearest,≥128,1,817,0.000,1.000,2.2650,2.6040
ROI_080/patch_98,own,0–16,1,146,0.000,1.000,1.0879,1.3339
ROI_080/patch_98,own,16–32,1,392,0.000,1.000,1.1788,1.3681
ROI_080/patch_98,own,32–64,1,1448,0.000,1.000,1.5150,1.7061
ROI_080/patch_98,own,64–128,1,5611,0.000,1.000,2.8234,3.0258
ROI_080/patch_98,own,≥128,1,28019,0.000,1.000,2.6570,2.8809
ROI_080/patch_99,nearest,0–16,1,127,0.000,1.000,3.8426,4.6282
ROI_080/patch_99,nearest,16–32,1,393,0.000,1.000,4.8729,5.6067
ROI_080/patch_99,nearest,32–64,1,1194,0.000,1.000,8.3106,8.9984
ROI_080/patch_99,nearest,64–128,1,2628,0.000,1.000,9.8328,10.5084
ROI_080/patch_99,nearest,≥128,1,716,0.000,1.000,7.4069,8.1043
ROI_080/patch_99,own,0–16,1,127,0.000,1.000,3.8568,4.6345
ROI_080/patch_99,own,16–32,1,397,0.000,1.000,4.5367,5.2649
ROI_080/patch_99,own,32–64,1,1351,0.000,1.000,8.2345,8.9130
ROI_080/patch_99,own,64–128,1,4965,0.000,1.000,8.2537,8.9488
ROI_080/patch_99,own,≥128,1,38682,0.000,1.000,8.2044,8.8807
ROI_080/patch_100,nearest,0–16,1,140,0.000,1.000,2.7196,3.5344
ROI_080/patch_100,nearest,16–32,1,424,0.000,1.000,2.7367,3.5805
ROI_080/patch_100,nearest,32–64,1,1430,0.000,1.000,3.7658,4.6339
ROI_080/patch_100,nearest,64–128,1,2729,0.000,1.000,5.5294,6.4207
ROI_080/patch_100,nearest,≥128,1,551,0.000,1.000,3.4173,4.3186
ROI_080/patch_100,own,0–16,1,140,0.000,1.000,2.6619,3.4705
ROI_080/patch_100,own,16–32,1,424,0.000,1.000,2.7991,3.6367
ROI_080/patch_100,own,32–64,1,1559,0.000,1.000,3.9802,4.8139
ROI_080/patch_100,own,64–128,1,5220,0.000,1.000,5.2708,6.1317
ROI_080/patch_100,own,≥128,1,34849,0.000,1.000,3.4155,4.3010
ROI_080/patch_101,nearest,0–16,1,137,0.000,1.000,7.1781,8.0034
ROI_080/patch_101,nearest,16–32,1,398,0.000,1.000,7.5026,8.3287
ROI_080/patch_101,nearest,32–64,1,1333,0.000,1.000,10.1635,11.0207
ROI_080/patch_101,nearest,64–128,1,2278,0.000,1.000,12.8576,13.7766
ROI_080/patch_101,nearest,≥128,1,438,0.000,1.000,25.7276,26.6363
ROI_080/patch_101,own,0–16,1,137,0.000,1.000,7.1842,8.0095
ROI_080/patch_101,own,16–32,1,398,0.000,1.000,7.7562,8.5830
ROI_080/patch_101,own,32–64,1,1470,0.000,1.000,9.6417,10.4711
ROI_080/patch_101,own,64–128,1,4942,0.000,1.000,12.7386,13.6517
ROI_080/patch_101,own,≥128,1,29725,0.000,1.000,10.5304,11.4725
ROI_080/patch_102,nearest,0–16,1,137,0.000,1.000,6.8872,8.2850
ROI_080/patch_102,nearest,16–32,1,372,0.000,1.000,7.2286,8.6738
ROI_080/patch_102,nearest,32–64,1,1243,0.000,1.000,6.8934,8.2434
ROI_080/patch_102,nearest,64–128,1,2471,0.000,1.000,6.0505,7.3512
ROI_080/patch_102,nearest,≥128,1,889,0.000,1.000,23.0100,24.6681
ROI_080/patch_102,own,0–16,1,137,0.000,1.000,6.9071,8.2907
ROI_080/patch_102,own,16–32,1,372,0.000,1.000,7.1923,8.6489
ROI_080/patch_102,own,32–64,1,1282,0.000,1.000,6.5498,7.8856
ROI_080/patch_102,own,64–128,1,4550,0.000,1.000,5.6536,6.9345
ROI_080/patch_102,own,≥128,1,34555,0.000,1.000,7.6245,8.9689
ROI_080/patch_103,nearest,0–16,1,139,0.000,1.000,11.7391,13.3285
ROI_080/patch_103,nearest,16–32,1,363,0.000,1.000,12.4535,14.0195
ROI_080/patch_103,nearest,32–64,1,1186,0.000,1.000,16.0402,17.7781
ROI_080/patch_103,nearest,64–128,1,2229,0.000,1.000,20.8824,22.8056
ROI_080/patch_103,nearest,≥128,1,820,0.000,1.000,29.9476,32.1974
ROI_080/patch_103,own,0–16,1,139,0.000,1.000,11.8037,13.3846
ROI_080/patch_103,own,16–32,1,399,0.000,1.000,11.8659,13.4402
ROI_080/patch_103,own,32–64,1,1407,0.000,1.000,15.8472,17.6006
ROI_080/patch_103,own,64–128,1,4618,0.000,1.000,19.2836,21.1011
ROI_080/patch_103,own,≥128,1,31333,0.000,1.000,20.0142,21.8661
ROI_080/patch_104,nearest,0–16,1,128,0.000,1.000,9.4303,10.5346
ROI_080/patch_104,nearest,16–32,1,372,0.000,1.000,9.5284,10.6164
ROI_080/patch_104,nearest,32–64,1,1211,0.000,1.000,10.3863,11.8167
ROI_080/patch_104,nearest,64–128,1,1850,0.000,1.000,12.2759,13.8090
ROI_080/patch_104,nearest,≥128,1,304,0.000,1.000,143.0100,144.6533
ROI_080/patch_104,own,0–16,1,128,0.000,1.000,9.4902,10.5849
ROI_080/patch_104,own,16–32,1,372,0.000,1.000,9.5258,10.6008
ROI_080/patch_104,own,32–64,1,1273,0.000,1.000,10.5233,11.9453
ROI_080/patch_104,own,64–128,1,4188,0.000,1.000,12.1853,13.5967
ROI_080/patch_104,own,≥128,1,24959,0.000,1.000,20.3455,21.8683
ROI_080/patch_105,nearest,0–16,1,136,0.000,1.000,3.1455,4.0030
ROI_080/patch_105,nearest,16–32,1,389,0.000,1.000,3.0423,3.9119
ROI_080/patch_105,nearest,32–64,1,1284,0.000,1.000,4.0720,4.6547
ROI_080/patch_105,nearest,64–128,1,2353,0.000,1.000,4.0508,4.6555
ROI_080/patch_105,nearest,≥128,1,997,0.000,1.000,13.5429,15.2279
ROI_080/patch_105,own,0–16,1,136,0.000,1.000,3.1438,4.0088
ROI_080/patch_105,own,16–32,1,404,0.000,1.000,3.0676,3.9420
ROI_080/patch_105,own,32–64,1,1476,0.000,1.000,4.1152,4.7351
ROI_080/patch_105,own,64–128,1,4658,0.000,1.000,4.1981,4.7992
ROI_080/patch_105,own,≥128,1,34598,0.000,1.000,4.7720,5.3831
ROI_080/patch_106,nearest,0–16,1,115,0.000,1.000,6.0314,7.5068
ROI_080/patch_106,nearest,16–32,1,365,0.000,1.000,6.3398,7.7981
ROI_080/patch_106,nearest,32–64,1,1015,0.000,1.000,6.2585,7.6033
ROI_080/patch_106,nearest,64–128,1,1449,0.000,1.000,16.5760,18.3795
ROI_080/patch_106,nearest,≥128,1,227,0.000,1.000,276.5715,278.8064
ROI_080/patch_106,own,0–16,1,115,0.000,1.000,5.9612,7.4293
ROI_080/patch_106,own,16–32,1,379,0.000,1.000,6.7350,8.1744
ROI_080/patch_106,own,32–64,1,1260,0.000,1.000,6.8944,8.2836
ROI_080/patch_106,own,64–128,1,3862,0.000,1.000,10.3830,11.8719
ROI_080/patch_106,own,≥128,1,19752,0.000,1.000,39.9007,41.5125
