pair,variant,ring,ok,n_cand,gross,inlier,ms_x,ms_2d
ROI_035/patch_0,nearest,0–16,1,84,0.000,1.000,83.9563,312.6328
ROI_035/patch_0,nearest,16–32,1,101,0.000,1.000,48.0764,72.7263
ROI_035/patch_0,nearest,32–64,1,273,0.000,1.000,307.0758,417.7819
ROI_035/patch_0,nearest,64–128,1,449,0.000,1.000,262.4844,471.4393
ROI_035/patch_0,nearest,≥128,1,171,0.100,1.000,964.0550,1080.0601
ROI_035/patch_0,own,0–16,1,84,0.000,1.000,63.6302,360.7643
ROI_035/patch_0,own,16–32,1,101,0.000,1.000,53.5150,79.1190
ROI_035/patch_0,own,32–64,1,290,0.000,1.000,219.0442,344.2214
ROI_035/patch_0,own,64–128,1,1156,0.000,1.000,157.9593,335.1069
ROI_035/patch_0,own,≥128,1,6993,0.000,1.000,246.9527,383.4182
ROI_035/patch_1,nearest,0–16,1,80,0.000,1.000,38.1207,39.2269
ROI_035/patch_1,nearest,16–32,1,136,0.000,1.000,67.0129,81.5379
ROI_035/patch_1,nearest,32–64,1,303,0.000,1.000,140.0994,399.9000
ROI_035/patch_1,nearest,64–128,1,504,0.100,1.000,351.8291,636.2184
ROI_035/patch_1,nearest,≥128,1,106,0.200,1.000,676.3256,2666.7217
ROI_035/patch_1,own,0–16,1,80,0.000,1.000,38.0358,39.2413
ROI_035/patch_1,own,16–32,1,136,0.000,1.000,64.1708,81.1661
ROI_035/patch_1,own,32–64,1,311,0.000,1.000,163.7594,371.7318
ROI_035/patch_1,own,64–128,1,853,0.000,1.000,271.8865,475.0018
ROI_035/patch_1,own,≥128,1,7652,0.000,1.000,204.7448,371.5203
ROI_035/patch_2,nearest,0–16,1,60,0.000,1.000,19.8678,21.5917
ROI_035/patch_2,nearest,16–32,1,111,0.000,1.000,119.3392,159.1045
ROI_035/patch_2,nearest,32–64,1,385,0.050,1.000,201.6763,259.7814
ROI_035/patch_2,nearest,64–128,1,443,0.200,1.000,297.8889,410.9852
ROI_035/patch_2,nearest,≥128,1,123,1.000,1.000,,
ROI_035/patch_2,own,0–16,1,60,0.000,1.000,19.9604,21.7009
ROI_035/patch_2,own,16–32,1,111,0.000,1.000,128.7362,177.9556
ROI_035/patch_2,own,32–64,1,412,0.150,1.000,219.2201,273.9433
ROI_035/patch_2,own,64–128,1,1315,0.050,1.000,187.0397,315.9933
ROI_035/patch_2,own,≥128,1,7078,0.050,1.000,321.5062,412.6107
ROI_035/patch_3,nearest,0–16,1,41,1.000,1.000,,
ROI_035/patch_3,nearest,16–32,1,68,1.000,1.000,,
ROI_035/patch_3,nearest,32–64,1,246,0.900,1.000,1026.6917,1770.1369
ROI_035/patch_3,nearest,64–128,1,463,0.900,1.000,958.9014,1326.3662
ROI_035/patch_3,nearest,≥128,0,30,nan,nan,,
ROI_035/patch_3,own,0–16,1,41,1.000,1.000,,
ROI_035/patch_3,own,16–32,1,68,1.000,1.000,,
ROI_035/patch_3,own,32–64,1,256,0.900,1.000,1369.4116,2057.1068
ROI_035/patch_3,own,64–128,1,899,0.750,1.000,698.6518,1062.6376
ROI_035/patch_3,own,≥128,1,5520,0.600,1.000,562.2874,880.7546
ROI_035/patch_4,nearest,0–16,1,51,0.000,1.000,45.3684,115.9310
ROI_035/patch_4,nearest,16–32,1,128,0.000,1.000,32.8252,252.0603
ROI_035/patch_4,nearest,32–64,1,296,0.100,1.000,213.8427,615.8658
ROI_035/patch_4,nearest,64–128,1,797,0.000,1.000,247.9942,423.3548
ROI_035/patch_4,nearest,≥128,1,89,0.000,1.000,552.8785,812.5881
ROI_035/patch_4,own,0–16,1,51,0.000,1.000,45.7724,116.8375
ROI_035/patch_4,own,16–32,1,128,0.000,1.000,32.7960,265.4476
ROI_035/patch_4,own,32–64,1,320,0.200,1.000,153.4549,480.7049
ROI_035/patch_4,own,64–128,1,1514,0.000,1.000,140.5195,328.8712
ROI_035/patch_4,own,≥128,1,8875,0.000,1.000,133.3513,305.2365
ROI_035/patch_5,nearest,0–16,0,37,nan,nan,,
ROI_035/patch_5,nearest,16–32,1,95,0.000,1.000,559.3570,722.1887
ROI_035/patch_5,nearest,32–64,1,215,0.000,1.000,1037.3714,1129.9818
ROI_035/patch_5,nearest,64–128,1,319,0.000,1.000,1539.9574,1722.6440
ROI_035/patch_5,nearest,≥128,1,111,0.000,1.000,1659.7260,1851.8785
ROI_035/patch_5,own,0–16,0,37,nan,nan,,
ROI_035/patch_5,own,16–32,1,95,0.000,1.000,610.7136,741.3887
ROI_035/patch_5,own,32–64,1,234,0.000,1.000,929.3212,1034.3167
ROI_035/patch_5,own,64–128,1,763,0.000,1.000,1384.4311,1527.5848
ROI_035/patch_5,own,≥128,1,5087,0.000,1.000,1380.1666,1521.6932
ROI_035/patch_6,nearest,0–16,1,95,0.000,1.000,216.7460,596.3247
ROI_035/patch_6,nearest,16–32,1,164,0.000,1.000,128.2492,262.5891
ROI_035/patch_6,nearest,32–64,1,326,0.000,1.000,236.4829,362.2392
ROI_035/patch_6,nearest,64–128,1,373,0.000,1.000,96.2276,345.0786
ROI_035/patch_6,nearest,≥128,1,127,0.500,1.000,302.9270,1424.3108
ROI_035/patch_6,own,0–16,1,95,0.000,1.000,218.8802,597.7687
ROI_035/patch_6,own,16–32,1,164,0.000,1.000,130.8192,262.3192
ROI_035/patch_6,own,32–64,1,365,0.000,1.000,198.5648,323.4058
ROI_035/patch_6,own,64–128,1,987,0.000,1.000,101.6446,290.3729
ROI_035/patch_6,own,≥128,1,7069,0.050,1.000,157.2364,480.5055
ROI_035/patch_7,nearest,0–16,1,85,0.000,1.000,73.5835,121.4420
ROI_035/patch_7,nearest,16–32,1,132,0.000,1.000,103.0310,184.1055
ROI_035/patch_7,nearest,32–64,1,343,0.050,1.000,124.8603,386.4238
ROI_035/patch_7,nearest,64–128,1,465,0.800,1.000,81.3649,491.4288
ROI_035/patch_7,nearest,≥128,1,113,0.000,1.000,347.7063,602.2529
ROI_035/patch_7,own,0–16,1,85,0.000,1.000,70.8714,125.0117
ROI_035/patch_7,own,16–32,1,132,0.000,1.000,97.1271,179.2892
ROI_035/patch_7,own,32–64,1,343,0.050,1.000,123.3055,373.1886
ROI_035/patch_7,own,64–128,1,904,0.550,1.000,90.9987,578.7623
ROI_035/patch_7,own,≥128,1,7640,0.100,1.000,71.5437,327.1537
ROI_035/patch_8,nearest,0–16,1,120,0.000,1.000,130.2823,153.9657
ROI_035/patch_8,nearest,16–32,1,214,0.000,1.000,130.5352,148.5020
ROI_035/patch_8,nearest,32–64,1,404,0.000,1.000,317.0443,384.6585
ROI_035/patch_8,nearest,64–128,1,533,0.000,1.000,223.5001,380.1461
ROI_035/patch_8,nearest,≥128,1,52,1.000,1.000,,
ROI_035/patch_8,own,0–16,1,120,0.000,1.000,130.6263,161.8677
ROI_035/patch_8,own,16–32,1,214,0.000,1.000,135.0363,162.7133
ROI_035/patch_8,own,32–64,1,522,0.000,1.000,358.4622,405.5330
ROI_035/patch_8,own,64–128,1,1616,0.000,1.000,215.5767,312.5754
ROI_035/patch_8,own,≥128,1,10758,0.000,1.000,224.5652,377.2879
ROI_035/patch_9,,,excluded,,,,,
ROI_035/patch_10,nearest,0–16,0,31,nan,nan,,
ROI_035/patch_10,nearest,16–32,1,74,1.000,1.000,,
ROI_035/patch_10,nearest,32–64,1,125,1.000,1.000,,
ROI_035/patch_10,nearest,64–128,1,252,1.000,1.000,,
ROI_035/patch_10,nearest,≥128,1,71,1.000,1.000,,
ROI_035/patch_10,own,0–16,0,31,nan,nan,,
ROI_035/patch_10,own,16–32,1,74,1.000,1.000,,
ROI_035/patch_10,own,32–64,1,135,1.000,1.000,,
ROI_035/patch_10,own,64–128,1,487,1.000,1.000,,
ROI_035/patch_10,own,≥128,1,3697,1.000,1.000,,
ROI_035/patch_11,nearest,0–16,0,19,nan,nan,,
ROI_035/patch_11,nearest,16–32,1,54,1.000,1.000,,
ROI_035/patch_11,nearest,32–64,1,175,1.000,1.000,,
ROI_035/patch_11,nearest,64–128,1,262,1.000,1.000,,
ROI_035/patch_11,nearest,≥128,1,97,1.000,1.000,,
ROI_035/patch_11,own,0–16,0,19,nan,nan,,
ROI_035/patch_11,own,16–32,1,54,1.000,1.000,,
ROI_035/patch_11,own,32–64,1,186,1.000,1.000,,
ROI_035/patch_11,own,64–128,1,632,1.000,1.000,,
ROI_035/patch_11,own,≥128,1,3965,1.000,1.000,,
ROI_035/patch_12,nearest,0–16,1,54,1.000,1.000,,
ROI_035/patch_12,nearest,16–32,1,57,1.000,1.000,,
ROI_035/patch_12,nearest,32–64,1,193,1.000,1.000,,
ROI_035/patch_12,nearest,64–128,1,284,1.000,1.000,,
ROI_035/patch_12,nearest,≥128,1,60,1.000,1.000,,
ROI_035/patch_12,own,0–16,1,54,1.000,1.000,,
ROI_035/patch_12,own,16–32,1,57,1.000,1.000,,
ROI_035/patch_12,own,32–64,1,221,1.000,1.000,,
ROI_035/patch_12,own,64–128,1,612,1.000,1.000,,
ROI_035/patch_12,own,≥128,1,4240,1.000,1.000,,
ROI_035/patch_13,nearest,0–16,1,53,1.000,1.000,,
ROI_035/patch_13,nearest,16–32,1,91,1.000,1.000,,
ROI_035/patch_13,nearest,32–64,1,193,1.000,1.000,,
ROI_035/patch_13,nearest,64–128,1,311,1.000,1.000,,
ROI_035/patch_13,nearest,≥128,1,104,1.000,1.000,,
ROI_035/patch_13,own,0–16,1,53,1.000,1.000,,
ROI_035/patch_13,own,16–32,1,91,1.000,1.000,,
ROI_035/patch_13,own,32–64,1,203,1.000,1.000,,
ROI_035/patch_13,own,64–128,1,793,1.000,1.000,,
ROI_035/patch_13,own,≥128,1,5628,1.000,1.000,,
ROI_035/patch_14,nearest,0–16,1,50,1.000,1.000,,
ROI_035/patch_14,nearest,16–32,1,78,1.000,1.000,,
ROI_035/patch_14,nearest,32–64,1,230,1.000,1.000,,
ROI_035/patch_14,nearest,64–128,1,275,1.000,1.000,,
ROI_035/patch_14,nearest,≥128,1,142,1.000,1.000,,
ROI_035/patch_14,own,0–16,1,50,1.000,1.000,,
ROI_035/patch_14,own,16–32,1,88,1.000,1.000,,
ROI_035/patch_14,own,32–64,1,281,1.000,1.000,,
ROI_035/patch_14,own,64–128,1,783,1.000,1.000,,
ROI_035/patch_14,own,≥128,1,4998,1.000,1.000,,
ROI_035/patch_15,nearest,0–16,1,53,0.000,1.000,41.1364,88.6050
ROI_035/patch_15,nearest,16–32,1,113,0.850,1.000,680.1385,767.4497
ROI_035/patch_15,nearest,32–64,1,201,1.000,1.000,,
ROI_035/patch_15,nearest,64–128,1,363,1.000,1.000,,
ROI_035/patch_15,nearest,≥128,0,28,nan,nan,,
ROI_035/patch_15,own,0–16,1,53,0.000,1.000,43.6367,92.7792
ROI_035/patch_15,own,16–32,1,113,1.000,1.000,,
ROI_035/patch_15,own,32–64,1,203,1.000,1.000,,
ROI_035/patch_15,own,64–128,1,714,1.000,1.000,,
ROI_035/patch_15,own,≥128,1,4981,1.000,1.000,,
ROI_035/patch_16,nearest,0–16,0,27,nan,nan,,
ROI_035/patch_16,nearest,16–32,1,47,1.000,1.000,,
ROI_035/patch_16,nearest,32–64,1,208,1.000,1.000,,
ROI_035/patch_16,nearest,64–128,1,215,1.000,1.000,,
ROI_035/patch_16,nearest,≥128,1,134,1.000,1.000,,
ROI_035/patch_16,own,0–16,0,27,nan,nan,,
ROI_035/patch_16,own,16–32,1,47,1.000,1.000,,
ROI_035/patch_16,own,32–64,1,240,1.000,1.000,,
ROI_035/patch_16,own,64–128,1,687,1.000,1.000,,
ROI_035/patch_16,own,≥128,1,4678,1.000,1.000,,
ROI_035/patch_17,nearest,0–16,0,23,nan,nan,,
ROI_035/patch_17,nearest,16–32,1,80,1.000,1.000,,
ROI_035/patch_17,nearest,32–64,1,288,1.000,1.000,,
ROI_035/patch_17,nearest,64–128,1,473,1.000,1.000,,
ROI_035/patch_17,nearest,≥128,1,61,1.000,1.000,,
ROI_035/patch_17,own,0–16,0,23,nan,nan,,
ROI_035/patch_17,own,16–32,1,80,1.000,1.000,,
ROI_035/patch_17,own,32–64,1,289,1.000,1.000,,
ROI_035/patch_17,own,64–128,1,1113,0.950,1.000,383.5903,618.5001
ROI_035/patch_17,own,≥128,1,5895,1.000,1.000,,
ROI_035/patch_18,nearest,0–16,1,64,0.900,1.000,766.7984,979.5956
ROI_035/patch_18,nearest,16–32,1,97,1.000,1.000,,
ROI_035/patch_18,nearest,32–64,1,250,1.000,1.000,,
ROI_035/patch_18,nearest,64–128,1,471,0.850,1.000,597.3151,701.3121
ROI_035/patch_18,nearest,≥128,1,77,0.900,1.000,1109.1138,3375.1638
ROI_035/patch_18,own,0–16,1,64,0.850,1.000,818.2519,1029.1858
ROI_035/patch_18,own,16–32,1,97,1.000,1.000,,
ROI_035/patch_18,own,32–64,1,260,1.000,1.000,,
ROI_035/patch_18,own,64–128,1,861,0.900,1.000,859.0963,927.2133
ROI_035/patch_18,own,≥128,1,6390,0.750,1.000,922.2071,1070.1969
ROI_035/patch_19,nearest,0–16,1,70,1.000,1.000,,
ROI_035/patch_19,nearest,16–32,1,124,1.000,1.000,,
ROI_035/patch_19,nearest,32–64,1,201,1.000,1.000,,
ROI_035/patch_19,nearest,64–128,1,314,1.000,1.000,,
ROI_035/patch_19,nearest,≥128,1,161,0.700,1.000,652.3551,1330.5070
ROI_035/patch_19,own,0–16,1,70,1.000,1.000,,
ROI_035/patch_19,own,16–32,1,124,1.000,1.000,,
ROI_035/patch_19,own,32–64,1,301,1.000,1.000,,
ROI_035/patch_19,own,64–128,1,767,1.000,1.000,,
ROI_035/patch_19,own,≥128,1,6568,0.950,1.000,779.0666,1121.8801
ROI_035/patch_20,nearest,0–16,1,74,0.000,1.000,267.6334,471.9674
ROI_035/patch_20,nearest,16–32,1,122,0.450,1.000,423.8041,834.0254
ROI_035/patch_20,nearest,32–64,1,205,1.000,1.000,,
ROI_035/patch_20,nearest,64–128,1,410,1.000,1.000,,
ROI_035/patch_20,nearest,≥128,1,214,0.800,1.000,500.5199,552.7921
ROI_035/patch_20,own,0–16,1,74,0.000,1.000,289.4961,498.6421
ROI_035/patch_20,own,16–32,1,122,0.150,1.000,440.4338,845.0318
ROI_035/patch_20,own,32–64,1,215,1.000,1.000,,
ROI_035/patch_20,own,64–128,1,839,0.750,1.000,446.1657,619.1531
ROI_035/patch_20,own,≥128,1,6950,0.850,1.000,690.5759,902.1206
ROI_035/patch_21,nearest,0–16,1,44,0.000,1.000,144.6416,283.9279
ROI_035/patch_21,nearest,16–32,1,102,0.000,1.000,230.8931,261.7028
ROI_035/patch_21,nearest,32–64,1,238,0.150,1.000,307.5740,629.4652
ROI_035/patch_21,nearest,64–128,1,507,0.900,1.000,648.1997,985.9952
ROI_035/patch_21,nearest,≥128,1,127,0.450,1.000,1041.2333,1824.3042
ROI_035/patch_21,own,0–16,1,44,0.000,1.000,145.0227,286.4043
ROI_035/patch_21,own,16–32,1,102,0.000,1.000,214.8498,242.5684
ROI_035/patch_21,own,32–64,1,238,0.000,1.000,289.7008,607.9073
ROI_035/patch_21,own,64–128,1,982,0.800,1.000,493.5463,805.7197
ROI_035/patch_21,own,≥128,1,6778,0.600,1.000,398.1849,716.8582
ROI_035/patch_22,nearest,0–16,1,64,0.000,1.000,580.8362,591.7712
ROI_035/patch_22,nearest,16–32,1,85,0.500,1.000,586.8605,615.4225
ROI_035/patch_22,nearest,32–64,1,230,1.000,1.000,,
ROI_035/patch_22,nearest,64–128,1,354,1.000,1.000,,
ROI_035/patch_22,nearest,≥128,1,232,1.000,1.000,,
ROI_035/patch_22,own,0–16,1,64,0.000,1.000,586.3608,597.5011
ROI_035/patch_22,own,16–32,1,85,0.550,1.000,534.1180,559.2491
ROI_035/patch_22,own,32–64,1,264,0.850,1.000,459.0772,788.5078
ROI_035/patch_22,own,64–128,1,882,1.000,1.000,,
ROI_035/patch_22,own,≥128,1,6425,0.750,1.000,333.5790,388.5767
ROI_035/patch_23,nearest,0–16,1,82,0.000,1.000,95.2280,285.2347
ROI_035/patch_23,nearest,16–32,1,116,0.000,1.000,87.8649,144.8662
ROI_035/patch_23,nearest,32–64,1,184,0.000,1.000,73.4203,301.3276
ROI_035/patch_23,nearest,64–128,1,494,0.000,1.000,120.7705,521.8693
ROI_035/patch_23,nearest,≥128,1,101,0.750,1.000,239.8638,675.9197
ROI_035/patch_23,own,0–16,1,82,0.000,1.000,93.4556,277.6169
ROI_035/patch_23,own,16–32,1,116,0.000,1.000,84.8934,148.9480
ROI_035/patch_23,own,32–64,1,201,0.000,1.000,78.8512,400.3959
ROI_035/patch_23,own,64–128,1,909,0.000,1.000,122.1410,337.7646
ROI_035/patch_23,own,≥128,1,6508,0.050,1.000,107.1635,319.3216
ROI_035/patch_24,nearest,0–16,1,90,0.000,1.000,92.5722,144.7499
ROI_035/patch_24,nearest,16–32,1,141,0.000,1.000,92.7226,178.8937
ROI_035/patch_24,nearest,32–64,1,209,0.850,1.000,197.6706,532.0201
ROI_035/patch_24,nearest,64–128,1,388,0.350,1.000,266.5721,698.9810
ROI_035/patch_24,nearest,≥128,1,134,0.050,1.000,75.2125,401.9865
ROI_035/patch_24,own,0–16,1,90,0.000,1.000,87.9732,130.8990
ROI_035/patch_24,own,16–32,1,150,0.000,1.000,90.1952,172.4131
ROI_035/patch_24,own,32–64,1,260,0.700,1.000,116.7664,516.6160
ROI_035/patch_24,own,64–128,1,899,0.750,1.000,256.5199,684.9063
ROI_035/patch_24,own,≥128,1,6297,0.100,1.000,190.1868,540.1479
ROI_035/patch_25,nearest,0–16,0,29,nan,nan,,
ROI_035/patch_25,nearest,16–32,1,84,0.950,1.000,271.3891,821.7579
ROI_035/patch_25,nearest,32–64,1,218,1.000,1.000,,
ROI_035/patch_25,nearest,64–128,1,554,0.850,1.000,441.3473,675.7307
ROI_035/patch_25,nearest,≥128,1,127,1.000,1.000,,
ROI_035/patch_25,own,0–16,0,29,nan,nan,,
ROI_035/patch_25,own,16–32,1,84,0.850,1.000,307.8070,874.8928
ROI_035/patch_25,own,32–64,1,221,1.000,1.000,,
ROI_035/patch_25,own,64–128,1,841,0.900,1.000,451.0852,625.8359
ROI_035/patch_25,own,≥128,1,6921,0.700,1.000,374.3062,595.2723
ROI_035/patch_26,nearest,0–16,1,43,0.000,1.000,82.7756,297.8180
ROI_035/patch_26,nearest,16–32,1,69,0.000,1.000,191.5040,546.6378
ROI_035/patch_26,nearest,32–64,1,232,0.400,1.000,128.4963,920.6182
ROI_035/patch_26,nearest,64–128,1,619,0.000,1.000,238.8195,719.2797
ROI_035/patch_26,nearest,≥128,1,122,0.000,1.000,585.5178,1087.9205
ROI_035/patch_26,own,0–16,1,43,0.000,1.000,82.7636,297.6832
ROI_035/patch_26,own,16–32,1,69,0.000,1.000,221.4082,571.6971
ROI_035/patch_26,own,32–64,1,232,0.350,1.000,139.5983,1064.5632
ROI_035/patch_26,own,64–128,1,1103,0.000,1.000,238.8141,689.6419
ROI_035/patch_26,own,≥128,1,7233,0.000,1.000,302.0462,854.1531
ROI_035/patch_27,nearest,0–16,1,78,0.000,1.000,197.1567,227.7933
ROI_035/patch_27,nearest,16–32,1,117,0.050,1.000,369.8131,537.1234
ROI_035/patch_27,nearest,32–64,1,178,0.400,1.000,301.8283,365.0360
ROI_035/patch_27,nearest,64–128,1,268,1.000,1.000,,
ROI_035/patch_27,nearest,≥128,1,163,1.000,1.000,,
ROI_035/patch_27,own,0–16,1,78,0.000,1.000,162.1180,187.6690
ROI_035/patch_27,own,16–32,1,117,0.150,1.000,330.1886,500.5710
ROI_035/patch_27,own,32–64,1,201,0.300,1.000,313.8044,412.9181
ROI_035/patch_27,own,64–128,1,849,0.500,1.000,274.2826,584.9262
ROI_035/patch_27,own,≥128,1,5187,0.650,1.000,371.4656,625.8135
ROI_035/patch_28,nearest,0–16,1,69,0.000,1.000,532.7389,673.2574
ROI_035/patch_28,nearest,16–32,1,137,0.000,1.000,285.2762,508.0444
ROI_035/patch_28,nearest,32–64,1,225,0.300,1.000,487.1053,588.8347
ROI_035/patch_28,nearest,64–128,1,360,0.800,1.000,426.5061,769.8975
ROI_035/patch_28,nearest,≥128,1,62,1.000,1.000,,
ROI_035/patch_28,own,0–16,1,69,0.000,1.000,539.9203,681.8605
ROI_035/patch_28,own,16–32,1,137,0.000,1.000,278.2645,471.4209
ROI_035/patch_28,own,32–64,1,262,0.350,1.000,521.8439,629.0938
ROI_035/patch_28,own,64–128,1,859,0.450,1.000,317.6114,497.4025
ROI_035/patch_28,own,≥128,1,5497,0.550,1.000,302.7671,468.2152
ROI_035/patch_29,nearest,0–16,1,78,0.000,1.000,20.1548,37.5898
ROI_035/patch_29,nearest,16–32,1,140,0.000,1.000,111.5467,127.8692
ROI_035/patch_29,nearest,32–64,1,268,0.000,1.000,206.8950,328.7044
ROI_035/patch_29,nearest,64–128,1,499,0.050,1.000,237.1336,583.7341
ROI_035/patch_29,nearest,≥128,1,111,0.650,1.000,1290.5722,2659.1369
ROI_035/patch_29,own,0–16,1,78,0.000,1.000,18.1286,30.1531
ROI_035/patch_29,own,16–32,1,140,0.000,1.000,116.5360,127.3627
ROI_035/patch_29,own,32–64,1,290,0.000,1.000,211.1753,318.2616
ROI_035/patch_29,own,64–128,1,1076,0.000,1.000,184.8179,412.6029
ROI_035/patch_29,own,≥128,1,7184,0.050,1.000,235.2632,423.9513
ROI_035/patch_30,nearest,0–16,1,48,1.000,1.000,,
ROI_035/patch_30,nearest,16–32,1,105,0.050,1.000,499.0996,531.1669
ROI_035/patch_30,nearest,32–64,1,236,1.000,1.000,,
ROI_035/patch_30,nearest,64–128,1,354,1.000,1.000,,
ROI_035/patch_30,nearest,≥128,1,146,1.000,1.000,,
ROI_035/patch_30,own,0–16,1,48,1.000,1.000,,
ROI_035/patch_30,own,16–32,1,105,0.000,1.000,495.2925,527.1717
ROI_035/patch_30,own,32–64,1,248,1.000,1.000,,
ROI_035/patch_30,own,64–128,1,932,1.000,1.000,,
ROI_035/patch_30,own,≥128,1,5779,1.000,1.000,,
ROI_035/patch_31,nearest,0–16,1,44,0.050,1.000,62.6235,794.2946
ROI_035/patch_31,nearest,16–32,1,75,0.000,1.000,499.8662,712.8234
ROI_035/patch_31,nearest,32–64,1,232,0.900,1.000,335.9297,761.5952
ROI_035/patch_31,nearest,64–128,1,343,1.000,1.000,,
ROI_035/patch_31,nearest,≥128,1,47,1.000,1.000,,
ROI_035/patch_31,own,0–16,1,44,0.050,1.000,62.7154,794.1576
ROI_035/patch_31,own,16–32,1,75,0.000,1.000,452.8871,656.8369
ROI_035/patch_31,own,32–64,1,233,0.950,1.000,346.0160,849.9971
ROI_035/patch_31,own,64–128,1,615,0.800,1.000,359.2101,722.6033
ROI_035/patch_31,own,≥128,1,4961,0.700,1.000,441.8895,793.6860
ROI_035/patch_32,nearest,0–16,0,25,nan,nan,,
ROI_035/patch_32,nearest,16–32,1,45,0.000,1.000,659.8123,707.1721
ROI_035/patch_32,nearest,32–64,1,210,1.000,1.000,,
ROI_035/patch_32,nearest,64–128,1,399,1.000,1.000,,
ROI_035/patch_32,nearest,≥128,1,96,1.000,1.000,,
ROI_035/patch_32,own,0–16,0,25,nan,nan,,
ROI_035/patch_32,own,16–32,1,45,0.000,1.000,658.4957,705.1407
ROI_035/patch_32,own,32–64,1,212,1.000,1.000,,
ROI_035/patch_32,own,64–128,1,846,1.000,1.000,,
ROI_035/patch_32,own,≥128,1,5072,1.000,1.000,,
ROI_035/patch_33,nearest,0–16,1,68,0.650,1.000,647.4489,1208.2898
ROI_035/patch_33,nearest,16–32,1,100,0.500,1.000,487.6797,1156.5790
ROI_035/patch_33,nearest,32–64,1,171,0.750,1.000,503.1761,1188.0913
ROI_035/patch_33,nearest,64–128,1,429,1.000,1.000,,
ROI_035/patch_33,nearest,≥128,1,88,0.000,1.000,2698.6958,3025.1269
ROI_035/patch_33,own,0–16,1,68,0.800,1.000,621.2924,1167.6171
ROI_035/patch_33,own,16–32,1,100,0.350,1.000,471.4821,1164.1380
ROI_035/patch_33,own,32–64,1,174,0.700,1.000,705.7311,1347.7235
ROI_035/patch_33,own,64–128,1,940,0.850,1.000,646.8778,1059.3669
ROI_035/patch_33,own,≥128,1,5566,1.000,1.000,,
ROI_035/patch_34,nearest,0–16,1,74,0.000,1.000,248.0010,446.9880
ROI_035/patch_34,nearest,16–32,1,143,0.450,1.000,449.2129,620.4945
ROI_035/patch_34,nearest,32–64,1,315,0.200,1.000,352.5528,536.3681
ROI_035/patch_34,nearest,64–128,1,607,0.000,1.000,295.2361,658.9999
ROI_035/patch_34,nearest,≥128,0,36,nan,nan,,
ROI_035/patch_34,own,0–16,1,74,0.000,1.000,280.5513,474.3648
ROI_035/patch_34,own,16–32,1,143,0.400,1.000,472.8071,683.7730
ROI_035/patch_34,own,32–64,1,315,0.100,1.000,324.9593,528.5358
ROI_035/patch_34,own,64–128,1,986,0.050,1.000,321.9151,709.6023
ROI_035/patch_34,own,≥128,1,7882,0.200,1.000,272.0351,525.0022
ROI_035/patch_35,nearest,0–16,1,60,0.000,1.000,43.9757,136.5891
ROI_035/patch_35,nearest,16–32,1,139,0.000,1.000,199.5812,215.0382
ROI_035/patch_35,nearest,32–64,1,283,0.600,1.000,425.9631,763.7584
ROI_035/patch_35,nearest,64–128,1,432,0.600,1.000,378.7670,706.0758
ROI_035/patch_35,nearest,≥128,1,113,0.200,1.000,612.3097,964.8862
ROI_035/patch_35,own,0–16,1,60,0.000,1.000,44.1882,134.0937
ROI_035/patch_35,own,16–32,1,139,0.000,1.000,199.7190,213.1110
ROI_035/patch_35,own,32–64,1,283,0.750,1.000,455.7706,671.0500
ROI_035/patch_35,own,64–128,1,892,0.450,1.000,306.3054,632.1902
ROI_035/patch_35,own,≥128,1,6842,0.200,1.000,307.0574,483.1368
ROI_035/patch_36,nearest,0–16,1,40,1.000,1.000,,
ROI_035/patch_36,nearest,16–32,1,61,1.000,1.000,,
ROI_035/patch_36,nearest,32–64,1,175,1.000,1.000,,
ROI_035/patch_36,nearest,64–128,1,394,0.950,1.000,668.0789,1130.5334
ROI_035/patch_36,nearest,≥128,1,58,0.850,1.000,885.3897,1074.4622
ROI_035/patch_36,own,0–16,1,40,1.000,1.000,,
ROI_035/patch_36,own,16–32,1,61,1.000,1.000,,
ROI_035/patch_36,own,32–64,1,184,1.000,1.000,,
ROI_035/patch_36,own,64–128,1,764,1.000,1.000,,
ROI_035/patch_36,own,≥128,1,4775,0.950,1.000,584.6918,1101.0348
ROI_035/patch_37,nearest,0–16,1,70,0.000,1.000,399.7790,469.1904
ROI_035/patch_37,nearest,16–32,1,111,0.000,1.000,533.4313,635.2245
ROI_035/patch_37,nearest,32–64,1,287,0.950,1.000,871.3949,1192.3640
ROI_035/patch_37,nearest,64–128,1,454,1.000,1.000,,
ROI_035/patch_37,nearest,≥128,1,64,1.000,1.000,,
ROI_035/patch_37,own,0–16,1,70,0.000,1.000,386.7013,474.1326
ROI_035/patch_37,own,16–32,1,111,0.000,1.000,526.4859,625.5259
ROI_035/patch_37,own,32–64,1,309,1.000,1.000,,
ROI_035/patch_37,own,64–128,1,1006,1.000,1.000,,
ROI_035/patch_37,own,≥128,1,7378,0.800,1.000,551.2481,742.9969
ROI_035/patch_38,nearest,0–16,1,63,0.000,1.000,108.6010,265.8433
ROI_035/patch_38,nearest,16–32,1,127,0.000,1.000,91.2820,259.9449
ROI_035/patch_38,nearest,32–64,1,278,0.150,1.000,532.0417,847.3679
ROI_035/patch_38,nearest,64–128,1,717,0.050,1.000,164.7435,493.4029
ROI_035/patch_38,nearest,≥128,1,91,0.250,1.000,409.0668,690.7110
ROI_035/patch_38,own,0–16,1,63,0.000,1.000,107.8261,266.2270
ROI_035/patch_38,own,16–32,1,127,0.000,1.000,117.7984,293.2120
ROI_035/patch_38,own,32–64,1,279,0.100,1.000,595.4070,847.6393
ROI_035/patch_38,own,64–128,1,1303,0.150,1.000,151.0568,512.6549
ROI_035/patch_38,own,≥128,1,8436,0.050,1.000,174.2498,464.4344
ROI_035/patch_39,nearest,0–16,1,79,0.000,1.000,279.5088,313.5262
ROI_035/patch_39,nearest,16–32,1,143,0.000,1.000,258.0611,370.7476
ROI_035/patch_39,nearest,32–64,1,338,0.650,1.000,340.3071,617.7878
ROI_035/patch_39,nearest,64–128,1,510,0.350,1.000,363.0055,583.1456
ROI_035/patch_39,nearest,≥128,0,35,nan,nan,,
ROI_035/patch_39,own,0–16,1,79,0.000,1.000,278.6914,313.3289
ROI_035/patch_39,own,16–32,1,143,0.000,1.000,230.8471,360.2516
ROI_035/patch_39,own,32–64,1,352,0.550,1.000,362.8745,694.5728
ROI_035/patch_39,own,64–128,1,1074,0.750,1.000,261.2948,461.4032
ROI_035/patch_39,own,≥128,1,7192,0.350,1.000,362.8715,603.4286
ROI_035/patch_40,nearest,0–16,0,34,nan,nan,,
ROI_035/patch_40,nearest,16–32,1,65,1.000,1.000,,
ROI_035/patch_40,nearest,32–64,1,145,1.000,1.000,,
ROI_035/patch_40,nearest,64–128,1,303,1.000,1.000,,
ROI_035/patch_40,nearest,≥128,1,77,0.950,1.000,1172.5651,1221.7154
ROI_035/patch_40,own,0–16,0,34,nan,nan,,
ROI_035/patch_40,own,16–32,1,65,1.000,1.000,,
ROI_035/patch_40,own,32–64,1,157,1.000,1.000,,
ROI_035/patch_40,own,64–128,1,630,1.000,1.000,,
ROI_035/patch_40,own,≥128,1,4730,0.950,1.000,868.9447,1349.7168
ROI_035/patch_41,nearest,0–16,1,70,0.000,1.000,177.5280,303.1544
ROI_035/patch_41,nearest,16–32,1,102,0.000,1.000,223.2586,389.9866
ROI_035/patch_41,nearest,32–64,1,259,0.000,1.000,215.1282,282.7700
ROI_035/patch_41,nearest,64–128,1,502,0.250,1.000,147.4745,651.6785
ROI_035/patch_41,nearest,≥128,1,70,1.000,1.000,,
ROI_035/patch_41,own,0–16,1,70,0.000,1.000,155.8479,263.5544
ROI_035/patch_41,own,16–32,1,102,0.000,1.000,234.3151,414.4751
ROI_035/patch_41,own,32–64,1,262,0.050,1.000,261.7257,353.5632
ROI_035/patch_41,own,64–128,1,846,0.100,1.000,244.0560,740.7243
ROI_035/patch_41,own,≥128,1,6744,0.000,1.000,214.6545,540.1313
ROI_035/patch_42,nearest,0–16,1,81,0.000,1.000,259.4974,297.2006
ROI_035/patch_42,nearest,16–32,1,139,0.000,1.000,192.5064,367.6071
ROI_035/patch_42,nearest,32–64,1,328,0.000,1.000,166.5603,306.4538
ROI_035/patch_42,nearest,64–128,1,635,0.400,1.000,259.3453,486.5122
ROI_035/patch_42,nearest,≥128,1,92,0.550,1.000,523.3968,1119.8819
ROI_035/patch_42,own,0–16,1,81,0.000,1.000,283.7289,331.8006
ROI_035/patch_42,own,16–32,1,139,0.000,1.000,173.1367,338.1183
ROI_035/patch_42,own,32–64,1,335,0.050,1.000,162.5948,288.3587
ROI_035/patch_42,own,64–128,1,1094,0.100,1.000,209.5767,409.2218
ROI_035/patch_42,own,≥128,1,8551,0.050,1.000,194.7557,313.6746
ROI_035/patch_43,nearest,0–16,1,54,1.000,1.000,,
ROI_035/patch_43,nearest,16–32,1,58,0.000,1.000,433.9988,942.7906
ROI_035/patch_43,nearest,32–64,1,200,0.700,1.000,784.7578,973.1655
ROI_035/patch_43,nearest,64–128,1,338,1.000,1.000,,
ROI_035/patch_43,nearest,≥128,1,101,1.000,1.000,,
ROI_035/patch_43,own,0–16,1,54,0.950,1.000,274.1267,764.7844
ROI_035/patch_43,own,16–32,1,58,0.000,1.000,435.3033,951.4579
ROI_035/patch_43,own,32–64,1,214,0.650,1.000,530.5708,743.0325
ROI_035/patch_43,own,64–128,1,602,0.950,1.000,578.5682,1056.6130
ROI_035/patch_43,own,≥128,1,5080,0.950,1.000,985.1251,1304.0582
ROI_035/patch_44,nearest,0–16,1,65,0.000,1.000,216.6675,366.6910
ROI_035/patch_44,nearest,16–32,1,119,0.900,1.000,590.8345,937.2539
ROI_035/patch_44,nearest,32–64,1,246,0.950,1.000,407.1608,754.1175
ROI_035/patch_44,nearest,64–128,1,532,0.150,1.000,266.1964,518.1183
ROI_035/patch_44,nearest,≥128,1,53,0.550,1.000,226.4081,806.8179
ROI_035/patch_44,own,0–16,1,65,0.000,1.000,206.0770,350.3068
ROI_035/patch_44,own,16–32,1,119,0.900,1.000,509.1067,759.4824
ROI_035/patch_44,own,32–64,1,246,0.950,1.000,352.2453,731.0226
ROI_035/patch_44,own,64–128,1,950,0.150,1.000,357.7322,727.3059
ROI_035/patch_44,own,≥128,1,6740,0.150,1.000,245.2997,407.3414
ROI_035/patch_45,nearest,0–16,1,66,0.000,1.000,110.6761,143.6247
ROI_035/patch_45,nearest,16–32,1,133,0.000,1.000,154.7204,302.6294
ROI_035/patch_45,nearest,32–64,1,288,0.000,1.000,140.4902,242.7491
ROI_035/patch_45,nearest,64–128,1,547,0.000,1.000,236.5614,475.3925
ROI_035/patch_45,nearest,≥128,1,55,0.000,1.000,121.8187,205.9238
ROI_035/patch_45,own,0–16,1,66,0.000,1.000,110.7243,143.4587
ROI_035/patch_45,own,16–32,1,133,0.000,1.000,154.9658,304.7518
ROI_035/patch_45,own,32–64,1,288,0.000,1.000,153.5394,247.8411
ROI_035/patch_45,own,64–128,1,1034,0.000,1.000,191.7109,409.1481
ROI_035/patch_45,own,≥128,1,7191,0.100,1.000,186.4790,389.8332
ROI_035/patch_46,nearest,0–16,1,45,0.000,1.000,29.8769,33.1299
ROI_035/patch_46,nearest,16–32,1,111,0.000,1.000,120.1395,141.0427
ROI_035/patch_46,nearest,32–64,1,335,0.000,1.000,251.2078,320.7165
ROI_035/patch_46,nearest,64–128,1,573,0.400,1.000,361.5587,856.6434
ROI_035/patch_46,nearest,≥128,1,155,0.150,1.000,507.2452,686.2937
ROI_035/patch_46,own,0–16,1,45,0.000,1.000,29.6333,32.8425
ROI_035/patch_46,own,16–32,1,111,0.000,1.000,105.0648,124.5393
ROI_035/patch_46,own,32–64,1,370,0.000,1.000,136.2804,209.5259
ROI_035/patch_46,own,64–128,1,1049,0.000,1.000,497.5666,721.1129
ROI_035/patch_46,own,≥128,1,8177,0.100,1.000,219.9984,408.9002
ROI_035/patch_47,nearest,0–16,1,42,0.000,1.000,305.7758,567.6855
ROI_035/patch_47,nearest,16–32,1,100,0.100,1.000,434.8694,811.9195
ROI_035/patch_47,nearest,32–64,1,237,1.000,1.000,,
ROI_035/patch_47,nearest,64–128,1,438,1.000,1.000,,
ROI_035/patch_47,nearest,≥128,1,141,1.000,1.000,,
ROI_035/patch_47,own,0–16,1,42,0.000,1.000,305.4017,567.3071
ROI_035/patch_47,own,16–32,1,100,0.100,1.000,485.4853,917.0512
ROI_035/patch_47,own,32–64,1,240,0.950,1.000,501.2628,1248.8482
ROI_035/patch_47,own,64–128,1,901,0.950,1.000,156.6249,317.5645
ROI_035/patch_47,own,≥128,1,6381,0.850,1.000,555.0787,894.8951
ROI_035/patch_48,nearest,0–16,1,49,0.000,1.000,54.2562,115.4128
ROI_035/patch_48,nearest,16–32,1,64,0.000,1.000,194.0938,237.8574
ROI_035/patch_48,nearest,32–64,1,163,0.950,1.000,383.0311,423.0598
ROI_035/patch_48,nearest,64–128,1,223,0.950,1.000,437.9444,1076.3867
ROI_035/patch_48,nearest,≥128,1,158,0.950,1.000,841.1101,1176.9986
ROI_035/patch_48,own,0–16,1,49,0.000,1.000,56.7843,116.3784
ROI_035/patch_48,own,16–32,1,64,0.000,1.000,167.4733,211.2853
ROI_035/patch_48,own,32–64,1,165,0.950,1.000,329.1061,634.2397
ROI_035/patch_48,own,64–128,1,648,0.800,1.000,492.0984,723.2012
ROI_035/patch_48,own,≥128,1,4330,0.450,1.000,296.2596,439.5927
ROI_035/patch_49,nearest,0–16,1,72,0.000,1.000,518.8272,631.6882
ROI_035/patch_49,nearest,16–32,1,105,0.000,1.000,714.9975,1063.8076
ROI_035/patch_49,nearest,32–64,1,246,0.050,1.000,546.8679,809.2826
ROI_035/patch_49,nearest,64–128,1,421,0.200,1.000,274.7425,621.5831
ROI_035/patch_49,nearest,≥128,1,147,0.400,1.000,1362.1828,2110.7092
ROI_035/patch_49,own,0–16,1,72,0.000,1.000,517.7370,638.6682
ROI_035/patch_49,own,16–32,1,105,0.000,1.000,799.2073,1149.0209
ROI_035/patch_49,own,32–64,1,246,0.050,1.000,624.2605,880.4385
ROI_035/patch_49,own,64–128,1,880,0.150,1.000,455.2596,773.8354
ROI_035/patch_49,own,≥128,1,6625,0.100,1.000,391.3436,667.5262
ROI_035/patch_50,nearest,0–16,1,64,0.000,1.000,34.1001,43.8205
ROI_035/patch_50,nearest,16–32,1,110,0.000,1.000,53.1164,85.9752
ROI_035/patch_50,nearest,32–64,1,254,0.000,1.000,102.9195,169.0055
ROI_035/patch_50,nearest,64–128,1,697,0.000,1.000,224.0296,332.2955
ROI_035/patch_50,nearest,≥128,1,227,0.000,1.000,97.1144,192.5560
ROI_035/patch_50,own,0–16,1,64,0.000,1.000,34.5070,43.1119
ROI_035/patch_50,own,16–32,1,110,0.000,1.000,60.5509,83.4025
ROI_035/patch_50,own,32–64,1,305,0.000,1.000,74.2707,127.9237
ROI_035/patch_50,own,64–128,1,1145,0.000,1.000,210.0554,287.9676
ROI_035/patch_50,own,≥128,1,9192,0.000,1.000,148.3059,259.4694
ROI_035/patch_51,nearest,0–16,1,45,0.000,1.000,180.0393,194.0489
ROI_035/patch_51,nearest,16–32,1,111,0.200,1.000,320.9333,381.6715
ROI_035/patch_51,nearest,32–64,1,299,0.550,1.000,427.7312,514.7910
ROI_035/patch_51,nearest,64–128,1,453,1.000,1.000,,
ROI_035/patch_51,nearest,≥128,1,69,1.000,1.000,,
ROI_035/patch_51,own,0–16,1,45,0.000,1.000,184.3227,198.1744
ROI_035/patch_51,own,16–32,1,111,0.150,1.000,379.0079,451.3120
ROI_035/patch_51,own,32–64,1,301,0.500,1.000,450.2700,569.8554
ROI_035/patch_51,own,64–128,1,1000,0.950,1.000,477.3437,492.1333
ROI_035/patch_51,own,≥128,1,6359,0.750,1.000,483.9784,784.6342
ROI_035/patch_52,nearest,0–16,1,54,0.400,1.000,2355.8609,2597.2317
ROI_035/patch_52,nearest,16–32,1,117,0.600,1.000,458.4366,484.4165
ROI_035/patch_52,nearest,32–64,1,204,1.000,1.000,,
ROI_035/patch_52,nearest,64–128,1,284,1.000,1.000,,
ROI_035/patch_52,nearest,≥128,1,75,1.000,1.000,,
ROI_035/patch_52,own,0–16,1,54,0.500,1.000,2342.2017,2584.2459
ROI_035/patch_52,own,16–32,1,117,0.500,1.000,485.8188,517.0877
ROI_035/patch_52,own,32–64,1,207,1.000,1.000,,
ROI_035/patch_52,own,64–128,1,557,1.000,1.000,,
ROI_035/patch_52,own,≥128,1,4937,1.000,1.000,,
ROI_035/patch_53,nearest,0–16,1,73,0.000,1.000,26.9569,54.2778
ROI_035/patch_53,nearest,16–32,1,150,0.000,1.000,100.1680,123.9425
ROI_035/patch_53,nearest,32–64,1,238,0.000,1.000,392.4607,507.2342
ROI_035/patch_53,nearest,64–128,1,283,0.500,1.000,358.4244,725.3577
ROI_035/patch_53,nearest,≥128,1,114,0.000,1.000,1440.0131,1567.3098
ROI_035/patch_53,own,0–16,1,73,0.000,1.000,29.4937,62.3684
ROI_035/patch_53,own,16–32,1,150,0.000,1.000,92.6203,108.8191
ROI_035/patch_53,own,32–64,1,301,0.000,1.000,370.0254,476.6452
ROI_035/patch_53,own,64–128,1,930,0.100,1.000,167.0766,454.6804
ROI_035/patch_53,own,≥128,1,5410,0.000,1.000,167.8826,337.1763
ROI_035/patch_54,nearest,0–16,1,61,0.000,1.000,41.7498,181.7071
ROI_035/patch_54,nearest,16–32,1,100,0.000,1.000,140.8428,390.4664
ROI_035/patch_54,nearest,32–64,1,294,0.000,1.000,46.4842,150.5393
ROI_035/patch_54,nearest,64–128,1,561,0.000,1.000,61.0452,174.7102
ROI_035/patch_54,nearest,≥128,1,111,0.000,1.000,191.8496,271.6356
ROI_035/patch_54,own,0–16,1,61,0.000,1.000,43.7256,188.8733
ROI_035/patch_54,own,16–32,1,100,0.000,1.000,144.5270,417.0321
ROI_035/patch_54,own,32–64,1,296,0.000,1.000,49.8868,137.0987
ROI_035/patch_54,own,64–128,1,1093,0.000,1.000,62.7493,139.8923
ROI_035/patch_54,own,≥128,1,7466,0.000,1.000,103.5519,170.9801
ROI_035/patch_55,nearest,0–16,1,40,1.000,1.000,,
ROI_035/patch_55,nearest,16–32,1,74,0.650,1.000,411.1787,474.2632
ROI_035/patch_55,nearest,32–64,1,248,0.650,1.000,356.8428,744.1079
ROI_035/patch_55,nearest,64–128,1,408,0.350,1.000,486.1011,644.4719
ROI_035/patch_55,nearest,≥128,1,138,1.000,1.000,,
ROI_035/patch_55,own,0–16,1,40,1.000,1.000,,
ROI_035/patch_55,own,16–32,1,74,0.750,1.000,436.4206,494.9475
ROI_035/patch_55,own,32–64,1,278,0.300,1.000,292.3484,742.9353
ROI_035/patch_55,own,64–128,1,789,0.450,1.000,571.4462,780.0486
ROI_035/patch_55,own,≥128,1,6083,0.450,1.000,423.9641,582.5725
ROI_035/patch_56,nearest,0–16,0,32,nan,nan,,
ROI_035/patch_56,nearest,16–32,1,88,1.000,1.000,,
ROI_035/patch_56,nearest,32–64,1,196,1.000,1.000,,
ROI_035/patch_56,nearest,64–128,1,308,1.000,1.000,,
ROI_035/patch_56,nearest,≥128,0,32,nan,nan,,
ROI_035/patch_56,own,0–16,0,32,nan,nan,,
ROI_035/patch_56,own,16–32,1,88,1.000,1.000,,
ROI_035/patch_56,own,32–64,1,196,1.000,1.000,,
ROI_035/patch_56,own,64–128,1,568,1.000,1.000,,
ROI_035/patch_56,own,≥128,1,4364,1.000,1.000,,
ROI_035/patch_57,nearest,0–16,1,56,0.000,1.000,23.0245,587.9820
ROI_035/patch_57,nearest,16–32,1,77,1.000,1.000,,
ROI_035/patch_57,nearest,32–64,1,223,0.500,1.000,48.0662,447.6100
ROI_035/patch_57,nearest,64–128,1,434,0.650,1.000,165.6445,534.1423
ROI_035/patch_57,nearest,≥128,1,69,0.800,1.000,611.6725,1267.1990
ROI_035/patch_57,own,0–16,1,56,0.200,1.000,22.5011,591.1504
ROI_035/patch_57,own,16–32,1,77,1.000,1.000,,
ROI_035/patch_57,own,32–64,1,240,0.400,1.000,41.0429,447.9103
ROI_035/patch_57,own,64–128,1,937,0.700,1.000,52.8149,520.4696
ROI_035/patch_57,own,≥128,1,5562,0.500,1.000,105.4725,592.6235
ROI_035/patch_58,nearest,0–16,1,85,0.300,1.000,469.6702,1229.1430
ROI_035/patch_58,nearest,16–32,1,109,0.150,1.000,644.9454,1201.8351
ROI_035/patch_58,nearest,32–64,1,171,1.000,1.000,,
ROI_035/patch_58,nearest,64–128,1,318,0.950,1.000,502.8837,868.9434
ROI_035/patch_58,nearest,≥128,1,65,1.000,1.000,,
ROI_035/patch_58,own,0–16,1,85,0.100,1.000,441.3474,1181.2100
ROI_035/patch_58,own,16–32,1,109,0.050,1.000,581.7382,1177.2051
ROI_035/patch_58,own,32–64,1,181,1.000,1.000,,
ROI_035/patch_58,own,64–128,1,753,1.000,1.000,,
ROI_035/patch_58,own,≥128,1,4856,0.900,1.000,708.6678,1217.1205
ROI_035/patch_59,nearest,0–16,0,29,nan,nan,,
ROI_035/patch_59,nearest,16–32,1,45,1.000,1.000,,
ROI_035/patch_59,nearest,32–64,1,221,1.000,1.000,,
ROI_035/patch_59,nearest,64–128,1,400,1.000,1.000,,
ROI_035/patch_59,nearest,≥128,1,54,1.000,1.000,,
ROI_035/patch_59,own,0–16,0,29,nan,nan,,
ROI_035/patch_59,own,16–32,1,45,1.000,1.000,,
ROI_035/patch_59,own,32–64,1,237,1.000,1.000,,
ROI_035/patch_59,own,64–128,1,860,1.000,1.000,,
ROI_035/patch_59,own,≥128,1,4821,1.000,1.000,,
ROI_035/patch_60,nearest,0–16,1,45,1.000,1.000,,
ROI_035/patch_60,nearest,16–32,1,70,1.000,1.000,,
ROI_035/patch_60,nearest,32–64,1,191,1.000,1.000,,
ROI_035/patch_60,nearest,64–128,1,297,1.000,1.000,,
ROI_035/patch_60,nearest,≥128,1,69,1.000,1.000,,
ROI_035/patch_60,own,0–16,1,45,1.000,1.000,,
ROI_035/patch_60,own,16–32,1,70,1.000,1.000,,
ROI_035/patch_60,own,32–64,1,197,1.000,1.000,,
ROI_035/patch_60,own,64–128,1,591,1.000,1.000,,
ROI_035/patch_60,own,≥128,1,4473,1.000,1.000,,
ROI_035/patch_62,nearest,0–16,1,50,0.000,1.000,592.9625,791.4378
ROI_035/patch_62,nearest,16–32,1,53,0.000,1.000,761.9769,1025.7261
ROI_035/patch_62,nearest,32–64,1,207,0.950,1.000,906.5786,1093.9708
ROI_035/patch_62,nearest,64–128,1,270,0.850,1.000,515.7939,951.8147
ROI_035/patch_62,nearest,≥128,1,192,1.000,1.000,,
ROI_035/patch_62,own,0–16,1,50,0.000,1.000,617.0098,819.4671
ROI_035/patch_62,own,16–32,1,53,0.000,1.000,738.3956,993.8763
ROI_035/patch_62,own,32–64,1,214,1.000,1.000,,
ROI_035/patch_62,own,64–128,1,470,0.800,1.000,560.2557,841.0265
ROI_035/patch_62,own,≥128,1,5389,0.550,1.000,708.0480,976.9256
ROI_035/patch_63,nearest,0–16,1,46,1.000,1.000,,
ROI_035/patch_63,nearest,16–32,1,64,1.000,1.000,,
ROI_035/patch_63,nearest,32–64,1,159,1.000,1.000,,
ROI_035/patch_63,nearest,64–128,1,355,1.000,1.000,,
ROI_035/patch_63,nearest,≥128,1,41,1.000,1.000,,
ROI_035/patch_63,own,0–16,1,46,1.000,1.000,,
ROI_035/patch_63,own,16–32,1,64,0.800,1.000,624.8971,999.7744
ROI_035/patch_63,own,32–64,1,159,1.000,1.000,,
ROI_035/patch_63,own,64–128,1,592,1.000,1.000,,
ROI_035/patch_63,own,≥128,1,4459,1.000,1.000,,
ROI_035/patch_64,nearest,0–16,1,52,0.000,1.000,229.3410,392.9853
ROI_035/patch_64,nearest,16–32,1,89,1.000,1.000,,
ROI_035/patch_64,nearest,32–64,1,158,1.000,1.000,,
ROI_035/patch_64,nearest,64–128,1,184,1.000,1.000,,
ROI_035/patch_64,nearest,≥128,1,83,1.000,1.000,,
ROI_035/patch_64,own,0–16,1,52,0.000,1.000,280.2929,438.1309
ROI_035/patch_64,own,16–32,1,89,1.000,1.000,,
ROI_035/patch_64,own,32–64,1,188,1.000,1.000,,
ROI_035/patch_64,own,64–128,1,633,1.000,1.000,,
ROI_035/patch_64,own,≥128,1,3566,1.000,1.000,,
ROI_035/patch_66,nearest,0–16,1,51,0.000,1.000,117.1904,123.3523
ROI_035/patch_66,nearest,16–32,1,87,0.000,1.000,345.0062,474.0338
ROI_035/patch_66,nearest,32–64,1,200,0.850,1.000,390.8407,622.8797
ROI_035/patch_66,nearest,64–128,1,345,1.000,1.000,,
ROI_035/patch_66,nearest,≥128,1,45,0.000,1.000,551.6160,613.4113
ROI_035/patch_66,own,0–16,1,51,0.000,1.000,113.5489,119.6395
ROI_035/patch_66,own,16–32,1,87,0.050,1.000,312.3477,423.1799
ROI_035/patch_66,own,32–64,1,214,1.000,1.000,,
ROI_035/patch_66,own,64–128,1,660,0.850,1.000,484.3476,660.6867
ROI_035/patch_66,own,≥128,1,4812,0.400,1.000,453.5210,563.0294
ROI_035/patch_67,nearest,0–16,0,34,nan,nan,,
ROI_035/patch_67,nearest,16–32,1,52,1.000,1.000,,
ROI_035/patch_67,nearest,32–64,1,102,1.000,1.000,,
ROI_035/patch_67,nearest,64–128,1,270,1.000,1.000,,
ROI_035/patch_67,nearest,≥128,1,78,1.000,1.000,,
ROI_035/patch_67,own,0–16,0,34,nan,nan,,
ROI_035/patch_67,own,16–32,1,53,1.000,1.000,,
ROI_035/patch_67,own,32–64,1,109,1.000,1.000,,
ROI_035/patch_67,own,64–128,1,407,1.000,1.000,,
ROI_035/patch_67,own,≥128,1,3685,1.000,1.000,,
ROI_035/patch_68,nearest,0–16,0,28,nan,nan,,
ROI_035/patch_68,nearest,16–32,1,77,1.000,1.000,,
ROI_035/patch_68,nearest,32–64,1,203,1.000,1.000,,
ROI_035/patch_68,nearest,64–128,1,301,1.000,1.000,,
ROI_035/patch_68,nearest,≥128,0,29,nan,nan,,
ROI_035/patch_68,own,0–16,0,28,nan,nan,,
ROI_035/patch_68,own,16–32,1,77,1.000,1.000,,
ROI_035/patch_68,own,32–64,1,217,1.000,1.000,,
ROI_035/patch_68,own,64–128,1,698,1.000,1.000,,
ROI_035/patch_68,own,≥128,1,4084,1.000,1.000,,
ROI_035/patch_70,nearest,0–16,0,32,nan,nan,,
ROI_035/patch_70,nearest,16–32,1,66,1.000,1.000,,
ROI_035/patch_70,nearest,32–64,1,144,1.000,1.000,,
ROI_035/patch_70,nearest,64–128,1,252,1.000,1.000,,
ROI_035/patch_70,nearest,≥128,1,104,1.000,1.000,,
ROI_035/patch_70,own,0–16,0,32,nan,nan,,
ROI_035/patch_70,own,16–32,1,66,1.000,1.000,,
ROI_035/patch_70,own,32–64,1,161,1.000,1.000,,
ROI_035/patch_70,own,64–128,1,672,1.000,1.000,,
ROI_035/patch_70,own,≥128,1,3853,1.000,1.000,,
ROI_035/patch_71,nearest,0–16,0,23,nan,nan,,
ROI_035/patch_71,nearest,16–32,0,31,nan,nan,,
ROI_035/patch_71,nearest,32–64,1,111,1.000,1.000,,
ROI_035/patch_71,nearest,64–128,1,193,1.000,1.000,,
ROI_035/patch_71,nearest,≥128,1,133,1.000,1.000,,
ROI_035/patch_71,own,0–16,0,23,nan,nan,,
ROI_035/patch_71,own,16–32,0,31,nan,nan,,
ROI_035/patch_71,own,32–64,1,122,1.000,1.000,,
ROI_035/patch_71,own,64–128,1,517,1.000,1.000,,
ROI_035/patch_71,own,≥128,1,3235,1.000,1.000,,
ROI_035/patch_72,,,excluded,,,,,
ROI_035/patch_73,nearest,0–16,1,73,0.000,1.000,172.9970,217.0877
ROI_035/patch_73,nearest,16–32,1,105,0.000,1.000,89.7595,102.6315
ROI_035/patch_73,nearest,32–64,1,155,1.000,1.000,,
ROI_035/patch_73,nearest,64–128,1,327,0.950,1.000,428.8933,512.0637
ROI_035/patch_73,nearest,≥128,1,73,0.000,1.000,216.7233,354.6219
ROI_035/patch_73,own,0–16,1,73,0.000,1.000,172.5657,217.7646
ROI_035/patch_73,own,16–32,1,105,0.000,1.000,98.3058,110.3452
ROI_035/patch_73,own,32–64,1,159,0.950,1.000,711.7586,801.5307
ROI_035/patch_73,own,64–128,1,706,0.450,1.000,553.2323,595.4746
ROI_035/patch_73,own,≥128,1,4821,0.300,1.000,325.9212,391.8433
ROI_035/patch_74,nearest,0–16,0,29,nan,nan,,
ROI_035/patch_74,nearest,16–32,1,66,0.900,1.000,421.9429,584.1603
ROI_035/patch_74,nearest,32–64,1,123,1.000,1.000,,
ROI_035/patch_74,nearest,64–128,1,196,1.000,1.000,,
ROI_035/patch_74,nearest,≥128,1,68,1.000,1.000,,
ROI_035/patch_74,own,0–16,0,29,nan,nan,,
ROI_035/patch_74,own,16–32,1,66,0.850,1.000,447.3139,596.4530
ROI_035/patch_74,own,32–64,1,127,1.000,1.000,,
ROI_035/patch_74,own,64–128,1,563,1.000,1.000,,
ROI_035/patch_74,own,≥128,1,3071,1.000,1.000,,
ROI_035/patch_76,nearest,0–16,1,82,0.700,1.000,906.9347,1196.8926
ROI_035/patch_76,nearest,16–32,1,148,1.000,1.000,,
ROI_035/patch_76,nearest,32–64,1,175,1.000,1.000,,
ROI_035/patch_76,nearest,64–128,1,271,1.000,1.000,,
ROI_035/patch_76,nearest,≥128,1,63,1.000,1.000,,
ROI_035/patch_76,own,0–16,1,82,0.750,1.000,935.6189,1226.4958
ROI_035/patch_76,own,16–32,1,148,1.000,1.000,,
ROI_035/patch_76,own,32–64,1,214,1.000,1.000,,
ROI_035/patch_76,own,64–128,1,939,1.000,1.000,,
ROI_035/patch_76,own,≥128,1,4529,1.000,1.000,,
ROI_035/patch_79,nearest,0–16,0,30,nan,nan,,
ROI_035/patch_79,nearest,16–32,1,42,1.000,1.000,,
ROI_035/patch_79,nearest,32–64,1,112,1.000,1.000,,
ROI_035/patch_79,nearest,64–128,1,289,1.000,1.000,,
ROI_035/patch_79,nearest,≥128,1,202,1.000,1.000,,
ROI_035/patch_79,own,0–16,0,30,nan,nan,,
ROI_035/patch_79,own,16–32,1,42,1.000,1.000,,
ROI_035/patch_79,own,32–64,1,122,1.000,1.000,,
ROI_035/patch_79,own,64–128,1,535,1.000,1.000,,
ROI_035/patch_79,own,≥128,1,4671,1.000,1.000,,
ROI_035/patch_81,,,excluded,,,,,
ROI_035/patch_82,,,excluded,,,,,
ROI_035/patch_85,,,excluded,,,,,
ROI_035/patch_87,,,excluded,,,,,
ROI_035/patch_89,,,excluded,,,,,
ROI_035/patch_90,,,excluded,,,,,
ROI_035/patch_93,,,excluded,,,,,
ROI_035/patch_94,nearest,0–16,1,44,1.000,1.000,,
ROI_035/patch_94,nearest,16–32,1,85,1.000,1.000,,
ROI_035/patch_94,nearest,32–64,1,151,1.000,1.000,,
ROI_035/patch_94,nearest,64–128,1,334,1.000,1.000,,
ROI_035/patch_94,nearest,≥128,1,111,1.000,1.000,,
ROI_035/patch_94,own,0–16,1,44,1.000,1.000,,
ROI_035/patch_94,own,16–32,1,85,1.000,1.000,,
ROI_035/patch_94,own,32–64,1,159,1.000,1.000,,
ROI_035/patch_94,own,64–128,1,638,1.000,1.000,,
ROI_035/patch_94,own,≥128,1,4874,1.000,1.000,,
ROI_035/patch_95,nearest,0–16,1,42,1.000,1.000,,
ROI_035/patch_95,nearest,16–32,1,92,1.000,1.000,,
ROI_035/patch_95,nearest,32–64,1,238,1.000,1.000,,
ROI_035/patch_95,nearest,64–128,1,332,1.000,1.000,,
ROI_035/patch_95,nearest,≥128,1,44,1.000,1.000,,
ROI_035/patch_95,own,0–16,1,42,1.000,1.000,,
ROI_035/patch_95,own,16–32,1,92,1.000,1.000,,
ROI_035/patch_95,own,32–64,1,275,1.000,1.000,,
ROI_035/patch_95,own,64–128,1,737,1.000,1.000,,
ROI_035/patch_95,own,≥128,1,4838,1.000,1.000,,
ROI_035/patch_96,,,excluded,,,,,
ROI_035/patch_97,,,excluded,,,,,
ROI_035/patch_98,,,excluded,,,,,
ROI_035/patch_99,,,excluded,,,,,
ROI_035/patch_100,nearest,0–16,0,22,nan,nan,,
ROI_035/patch_100,nearest,16–32,1,49,1.000,1.000,,
ROI_035/patch_100,nearest,32–64,1,182,1.000,1.000,,
ROI_035/patch_100,nearest,64–128,1,237,1.000,1.000,,
ROI_035/patch_100,nearest,≥128,1,80,1.000,1.000,,
ROI_035/patch_100,own,0–16,0,22,nan,nan,,
ROI_035/patch_100,own,16–32,1,49,1.000,1.000,,
ROI_035/patch_100,own,32–64,1,197,1.000,1.000,,
ROI_035/patch_100,own,64–128,1,619,1.000,1.000,,
ROI_035/patch_100,own,≥128,1,3673,1.000,1.000,,
ROI_035/patch_101,,,excluded,,,,,
ROI_035/patch_102,nearest,0–16,0,34,nan,nan,,
ROI_035/patch_102,nearest,16–32,1,65,1.000,1.000,,
ROI_035/patch_102,nearest,32–64,1,191,1.000,1.000,,
ROI_035/patch_102,nearest,64–128,1,332,1.000,1.000,,
ROI_035/patch_102,nearest,≥128,1,79,1.000,1.000,,
ROI_035/patch_102,own,0–16,0,34,nan,nan,,
ROI_035/patch_102,own,16–32,1,65,1.000,1.000,,
ROI_035/patch_102,own,32–64,1,192,1.000,1.000,,
ROI_035/patch_102,own,64–128,1,884,1.000,1.000,,
ROI_035/patch_102,own,≥128,1,4433,1.000,1.000,,
ROI_035/patch_103,,,excluded,,,,,
ROI_035/patch_104,,,excluded,,,,,
ROI_035/patch_105,,,excluded,,,,,
ROI_035/patch_106,nearest,0–16,0,32,nan,nan,,
ROI_035/patch_106,nearest,16–32,1,69,1.000,1.000,,
ROI_035/patch_106,nearest,32–64,1,168,1.000,1.000,,
ROI_035/patch_106,nearest,64–128,1,330,1.000,1.000,,
ROI_035/patch_106,nearest,≥128,1,43,1.000,1.000,,
ROI_035/patch_106,own,0–16,0,32,nan,nan,,
ROI_035/patch_106,own,16–32,1,69,1.000,1.000,,
ROI_035/patch_106,own,32–64,1,169,1.000,1.000,,
ROI_035/patch_106,own,64–128,1,631,1.000,1.000,,
ROI_035/patch_106,own,≥128,1,4235,1.000,1.000,,
ROI_035/patch_107,nearest,0–16,1,43,1.000,1.000,,
ROI_035/patch_107,nearest,16–32,1,84,1.000,1.000,,
ROI_035/patch_107,nearest,32–64,1,256,1.000,1.000,,
ROI_035/patch_107,nearest,64–128,1,365,1.000,1.000,,
ROI_035/patch_107,nearest,≥128,1,64,1.000,1.000,,
ROI_035/patch_107,own,0–16,1,43,1.000,1.000,,
ROI_035/patch_107,own,16–32,1,84,1.000,1.000,,
ROI_035/patch_107,own,32–64,1,282,1.000,1.000,,
ROI_035/patch_107,own,64–128,1,914,1.000,1.000,,
ROI_035/patch_107,own,≥128,1,5173,1.000,1.000,,
ROI_035/patch_109,,,excluded,,,,,
ROI_035/patch_110,,,excluded,,,,,
ROI_035/patch_111,nearest,0–16,1,60,0.200,1.000,375.3222,824.3143
ROI_035/patch_111,nearest,16–32,1,86,1.000,1.000,,
ROI_035/patch_111,nearest,32–64,1,197,1.000,1.000,,
ROI_035/patch_111,nearest,64–128,1,291,1.000,1.000,,
ROI_035/patch_111,nearest,≥128,1,166,1.000,1.000,,
ROI_035/patch_111,own,0–16,1,60,0.250,1.000,371.5856,812.0658
ROI_035/patch_111,own,16–32,1,86,1.000,1.000,,
ROI_035/patch_111,own,32–64,1,200,1.000,1.000,,
ROI_035/patch_111,own,64–128,1,742,1.000,1.000,,
ROI_035/patch_111,own,≥128,1,5312,1.000,1.000,,
ROI_035/patch_112,nearest,0–16,0,34,nan,nan,,
ROI_035/patch_112,nearest,16–32,1,76,1.000,1.000,,
ROI_035/patch_112,nearest,32–64,1,195,1.000,1.000,,
ROI_035/patch_112,nearest,64–128,1,317,1.000,1.000,,
ROI_035/patch_112,nearest,≥128,1,127,1.000,1.000,,
ROI_035/patch_112,own,0–16,0,34,nan,nan,,
ROI_035/patch_112,own,16–32,1,76,1.000,1.000,,
ROI_035/patch_112,own,32–64,1,215,1.000,1.000,,
ROI_035/patch_112,own,64–128,1,837,1.000,1.000,,
ROI_035/patch_112,own,≥128,1,4830,1.000,1.000,,
ROI_035/patch_113,nearest,0–16,0,32,nan,nan,,
ROI_035/patch_113,nearest,16–32,1,61,1.000,1.000,,
ROI_035/patch_113,nearest,32–64,1,148,1.000,1.000,,
ROI_035/patch_113,nearest,64–128,1,383,1.000,1.000,,
ROI_035/patch_113,nearest,≥128,0,28,nan,nan,,
ROI_035/patch_113,own,0–16,0,32,nan,nan,,
ROI_035/patch_113,own,16–32,1,61,1.000,1.000,,
ROI_035/patch_113,own,32–64,1,151,1.000,1.000,,
ROI_035/patch_113,own,64–128,1,761,1.000,1.000,,
ROI_035/patch_113,own,≥128,1,4211,1.000,1.000,,
ROI_035/patch_114,nearest,0–16,1,69,1.000,1.000,,
ROI_035/patch_114,nearest,16–32,1,88,1.000,1.000,,
ROI_035/patch_114,nearest,32–64,1,258,1.000,1.000,,
ROI_035/patch_114,nearest,64–128,1,278,1.000,1.000,,
ROI_035/patch_114,nearest,≥128,1,169,1.000,1.000,,
ROI_035/patch_114,own,0–16,1,69,1.000,1.000,,
ROI_035/patch_114,own,16–32,1,88,1.000,1.000,,
ROI_035/patch_114,own,32–64,1,328,1.000,1.000,,
ROI_035/patch_114,own,64–128,1,919,1.000,1.000,,
ROI_035/patch_114,own,≥128,1,5492,1.000,1.000,,
ROI_035/patch_115,nearest,0–16,1,72,0.000,1.000,235.4764,603.2403
ROI_035/patch_115,nearest,16–32,1,102,0.100,1.000,342.4447,575.5760
ROI_035/patch_115,nearest,32–64,1,241,0.550,1.000,323.7267,711.0521
ROI_035/patch_115,nearest,64–128,1,451,0.350,1.000,424.9361,776.6274
ROI_035/patch_115,nearest,≥128,1,62,1.000,1.000,,
ROI_035/patch_115,own,0–16,1,72,0.000,1.000,228.5505,594.4330
ROI_035/patch_115,own,16–32,1,102,0.300,1.000,325.8276,541.9853
ROI_035/patch_115,own,32–64,1,250,0.700,1.000,328.8506,733.1171
ROI_035/patch_115,own,64–128,1,793,0.400,1.000,316.4373,557.0675
ROI_035/patch_115,own,≥128,1,6207,0.600,1.000,218.5478,444.9279
ROI_035/patch_116,nearest,0–16,1,46,0.000,1.000,456.6465,721.1770
ROI_035/patch_116,nearest,16–32,1,123,0.900,1.000,433.2227,575.5212
ROI_035/patch_116,nearest,32–64,1,262,1.000,1.000,,
ROI_035/patch_116,nearest,64–128,1,369,1.000,1.000,,
ROI_035/patch_116,nearest,≥128,1,55,1.000,1.000,,
ROI_035/patch_116,own,0–16,1,46,0.000,1.000,459.6042,727.6414
ROI_035/patch_116,own,16–32,1,123,0.950,1.000,486.7089,619.1988
ROI_035/patch_116,own,32–64,1,268,1.000,1.000,,
ROI_035/patch_116,own,64–128,1,816,1.000,1.000,,
ROI_035/patch_116,own,≥128,1,5587,0.950,1.000,380.9208,605.7763
ROI_035/patch_117,nearest,0–16,0,30,nan,nan,,
ROI_035/patch_117,nearest,16–32,1,62,1.000,1.000,,
ROI_035/patch_117,nearest,32–64,1,149,1.000,1.000,,
ROI_035/patch_117,nearest,64–128,1,327,1.000,1.000,,
ROI_035/patch_117,nearest,≥128,1,116,1.000,1.000,,
ROI_035/patch_117,own,0–16,0,30,nan,nan,,
ROI_035/patch_117,own,16–32,1,62,1.000,1.000,,
ROI_035/patch_117,own,32–64,1,173,1.000,1.000,,
ROI_035/patch_117,own,64–128,1,603,1.000,1.000,,
ROI_035/patch_117,own,≥128,1,4604,1.000,1.000,,
ROI_035/patch_118,nearest,0–16,1,42,1.000,1.000,,
ROI_035/patch_118,nearest,16–32,1,55,1.000,1.000,,
ROI_035/patch_118,nearest,32–64,1,157,1.000,1.000,,
ROI_035/patch_118,nearest,64–128,1,328,1.000,1.000,,
ROI_035/patch_118,nearest,≥128,1,117,0.950,1.000,3485.6952,4040.6186
ROI_035/patch_118,own,0–16,1,42,1.000,1.000,,
ROI_035/patch_118,own,16–32,1,55,1.000,1.000,,
ROI_035/patch_118,own,32–64,1,162,1.000,1.000,,
ROI_035/patch_118,own,64–128,1,594,1.000,1.000,,
ROI_035/patch_118,own,≥128,1,4739,1.000,1.000,,
ROI_035/patch_120,nearest,0–16,1,40,0.000,1.000,519.8423,1112.3842
ROI_035/patch_120,nearest,16–32,1,114,1.000,1.000,,
ROI_035/patch_120,nearest,32–64,1,207,1.000,1.000,,
ROI_035/patch_120,nearest,64–128,1,352,1.000,1.000,,
ROI_035/patch_120,nearest,≥128,1,95,1.000,1.000,,
ROI_035/patch_120,own,0–16,1,40,0.000,1.000,519.8423,1112.3842
ROI_035/patch_120,own,16–32,1,114,1.000,1.000,,
ROI_035/patch_120,own,32–64,1,214,1.000,1.000,,
ROI_035/patch_120,own,64–128,1,745,1.000,1.000,,
ROI_035/patch_120,own,≥128,1,5351,1.000,1.000,,
ROI_035/patch_121,nearest,0–16,1,58,1.000,1.000,,
ROI_035/patch_121,nearest,16–32,1,61,1.000,1.000,,
ROI_035/patch_121,nearest,32–64,1,129,1.000,1.000,,
ROI_035/patch_121,nearest,64–128,1,310,1.000,1.000,,
ROI_035/patch_121,nearest,≥128,1,87,1.000,1.000,,
ROI_035/patch_121,own,0–16,1,58,1.000,1.000,,
ROI_035/patch_121,own,16–32,1,65,1.000,1.000,,
ROI_035/patch_121,own,32–64,1,173,1.000,1.000,,
ROI_035/patch_121,own,64–128,1,544,1.000,1.000,,
ROI_035/patch_121,own,≥128,1,4320,1.000,1.000,,
ROI_035/patch_122,nearest,0–16,1,56,0.600,1.000,1690.2120,2386.1393
ROI_035/patch_122,nearest,16–32,1,72,0.500,1.000,351.6278,456.3553
ROI_035/patch_122,nearest,32–64,1,193,1.000,1.000,,
ROI_035/patch_122,nearest,64–128,1,318,1.000,1.000,,
ROI_035/patch_122,nearest,≥128,1,128,1.000,1.000,,
ROI_035/patch_122,own,0–16,1,56,0.500,1.000,1691.1780,2390.1213
ROI_035/patch_122,own,16–32,1,72,0.550,1.000,289.4365,382.7005
ROI_035/patch_122,own,32–64,1,196,1.000,1.000,,
ROI_035/patch_122,own,64–128,1,726,1.000,1.000,,
ROI_035/patch_122,own,≥128,1,5086,1.000,1.000,,
ROI_035/patch_123,nearest,0–16,1,58,0.000,1.000,150.9190,387.5525
ROI_035/patch_123,nearest,16–32,1,123,0.000,1.000,332.5460,402.5188
ROI_035/patch_123,nearest,32–64,1,333,0.900,1.000,1102.3011,1377.9370
ROI_035/patch_123,nearest,64–128,1,491,0.950,1.000,853.5363,1438.2700
ROI_035/patch_123,nearest,≥128,1,146,0.650,1.000,474.2406,628.4855
ROI_035/patch_123,own,0–16,1,58,0.000,1.000,150.3078,386.5819
ROI_035/patch_123,own,16–32,1,123,0.000,1.000,334.4016,399.9950
ROI_035/patch_123,own,32–64,1,360,0.850,1.000,892.1602,1024.6008
ROI_035/patch_123,own,64–128,1,1110,1.000,1.000,,
ROI_035/patch_123,own,≥128,1,7557,0.800,1.000,519.4166,691.1415
ROI_035/patch_124,nearest,0–16,0,39,nan,nan,,
ROI_035/patch_124,nearest,16–32,1,92,0.000,1.000,265.9690,394.4616
ROI_035/patch_124,nearest,32–64,1,227,0.000,1.000,513.5976,579.9045
ROI_035/patch_124,nearest,64–128,1,588,0.900,1.000,779.0114,793.8514
ROI_035/patch_124,nearest,≥128,1,129,1.000,1.000,,
ROI_035/patch_124,own,0–16,0,39,nan,nan,,
ROI_035/patch_124,own,16–32,1,93,0.000,1.000,239.7449,365.2220
ROI_035/patch_124,own,32–64,1,258,0.000,1.000,396.9224,504.3322
ROI_035/patch_124,own,64–128,1,1143,0.500,1.000,599.2578,648.5532
ROI_035/patch_124,own,≥128,1,7067,0.350,1.000,438.7957,545.5958
ROI_035/patch_125,nearest,0–16,1,48,0.000,1.000,183.3644,233.3254
ROI_035/patch_125,nearest,16–32,1,83,0.000,1.000,79.6612,207.7940
ROI_035/patch_125,nearest,32–64,1,222,0.650,1.000,450.3802,726.8228
ROI_035/patch_125,nearest,64–128,1,306,1.000,1.000,,
ROI_035/patch_125,nearest,≥128,1,92,1.000,1.000,,
ROI_035/patch_125,own,0–16,1,48,0.000,1.000,185.5951,235.7723
ROI_035/patch_125,own,16–32,1,83,0.000,1.000,70.1346,200.9502
ROI_035/patch_125,own,32–64,1,223,0.750,1.000,467.7232,825.9941
ROI_035/patch_125,own,64–128,1,845,0.750,1.000,428.7172,731.8476
ROI_035/patch_125,own,≥128,1,4809,0.800,1.000,441.5198,647.1455
ROI_035/patch_126,nearest,0–16,1,61,0.000,1.000,98.7324,130.4092
ROI_035/patch_126,nearest,16–32,1,100,0.000,1.000,123.8812,280.2913
ROI_035/patch_126,nearest,32–64,1,220,0.200,1.000,578.1977,949.3062
ROI_035/patch_126,nearest,64–128,1,714,0.250,1.000,610.3287,1013.2416
ROI_035/patch_126,nearest,≥128,1,121,0.000,1.000,636.5903,677.7183
ROI_035/patch_126,own,0–16,1,61,0.000,1.000,96.7960,131.6636
ROI_035/patch_126,own,16–32,1,100,0.000,1.000,127.7288,300.1257
ROI_035/patch_126,own,32–64,1,236,0.050,1.000,453.7675,696.4442
ROI_035/patch_126,own,64–128,1,1059,0.200,1.000,480.8282,906.7682
ROI_035/patch_126,own,≥128,1,8272,0.050,1.000,364.4764,536.3797
ROI_035/patch_127,nearest,0–16,1,52,0.000,1.000,23.2705,341.2480
ROI_035/patch_127,nearest,16–32,1,57,0.000,1.000,37.0378,399.4567
ROI_035/patch_127,nearest,32–64,1,171,1.000,1.000,,
ROI_035/patch_127,nearest,64–128,1,366,0.100,1.000,228.2087,534.5332
ROI_035/patch_127,nearest,≥128,1,272,1.000,1.000,,
ROI_035/patch_127,own,0–16,1,52,0.000,1.000,23.3370,343.2835
ROI_035/patch_127,own,16–32,1,57,0.000,1.000,39.6198,394.3117
ROI_035/patch_127,own,32–64,1,177,0.950,1.000,485.2715,1010.8907
ROI_035/patch_127,own,64–128,1,671,0.550,1.000,281.8796,663.9149
ROI_035/patch_127,own,≥128,1,6387,0.300,1.000,185.4768,437.4811
ROI_035/patch_128,nearest,0–16,1,56,0.000,1.000,552.0973,874.0123
ROI_035/patch_128,nearest,16–32,1,83,0.250,1.000,486.4779,1006.5917
ROI_035/patch_128,nearest,32–64,1,270,0.850,1.000,48.0620,544.6413
ROI_035/patch_128,nearest,64–128,1,370,0.300,1.000,107.5511,525.9143
ROI_035/patch_128,nearest,≥128,1,59,1.000,1.000,,
ROI_035/patch_128,own,0–16,1,56,0.000,1.000,605.5935,955.1939
ROI_035/patch_128,own,16–32,1,83,0.400,1.000,452.5851,952.4501
ROI_035/patch_128,own,32–64,1,277,0.700,1.000,87.1894,635.5799
ROI_035/patch_128,own,64–128,1,836,0.350,1.000,80.3645,386.9215
ROI_035/patch_128,own,≥128,1,5452,0.350,1.000,202.1977,511.0668
ROI_035/patch_130,nearest,0–16,1,56,0.000,1.000,40.8106,271.8188
ROI_035/patch_130,nearest,16–32,1,104,0.000,1.000,85.9453,177.0194
ROI_035/patch_130,nearest,32–64,1,346,0.050,1.000,214.1981,456.9413
ROI_035/patch_130,nearest,64–128,1,509,0.250,1.000,142.6708,467.7484
ROI_035/patch_130,nearest,≥128,1,139,0.850,1.000,353.9849,400.1780
ROI_035/patch_130,own,0–16,1,56,0.000,1.000,39.2577,272.6043
ROI_035/patch_130,own,16–32,1,104,0.000,1.000,101.5560,195.3518
ROI_035/patch_130,own,32–64,1,366,0.050,1.000,226.7480,454.7792
ROI_035/patch_130,own,64–128,1,1340,0.050,1.000,123.0176,367.0849
ROI_035/patch_130,own,≥128,1,7366,0.000,1.000,197.4728,364.1054
ROI_035/patch_131,nearest,0–16,1,85,0.000,1.000,53.3807,452.6528
ROI_035/patch_131,nearest,16–32,1,153,0.000,1.000,77.5745,313.9291
ROI_035/patch_131,nearest,32–64,1,182,0.000,1.000,102.8902,405.8701
ROI_035/patch_131,nearest,64–128,1,374,0.000,1.000,153.4987,316.2369
ROI_035/patch_131,nearest,≥128,1,78,0.000,1.000,417.4255,476.7797
ROI_035/patch_131,own,0–16,1,85,0.000,1.000,59.1507,514.8379
ROI_035/patch_131,own,16–32,1,153,0.000,1.000,88.5252,320.4460
ROI_035/patch_131,own,32–64,1,198,0.100,1.000,116.9823,401.5203
ROI_035/patch_131,own,64–128,1,908,0.000,1.000,102.1873,197.5259
ROI_035/patch_131,own,≥128,1,5632,0.000,1.000,123.0772,265.5384
ROI_035/patch_132,nearest,0–16,1,70,0.000,1.000,9.8774,17.6671
ROI_035/patch_132,nearest,16–32,1,96,0.000,1.000,26.2439,222.4670
ROI_035/patch_132,nearest,32–64,1,240,0.000,1.000,128.1942,299.3613
ROI_035/patch_132,nearest,64–128,1,476,0.000,1.000,190.0738,354.3200
ROI_035/patch_132,nearest,≥128,1,69,1.000,1.000,,
ROI_035/patch_132,own,0–16,1,70,0.000,1.000,10.5853,17.1834
ROI_035/patch_132,own,16–32,1,96,0.000,1.000,26.9464,229.7785
ROI_035/patch_132,own,32–64,1,243,0.000,1.000,128.2199,327.5786
ROI_035/patch_132,own,64–128,1,807,0.000,1.000,102.3259,249.1734
ROI_035/patch_132,own,≥128,1,6392,0.000,1.000,182.2983,323.4209
ROI_035/patch_135,nearest,0–16,0,38,nan,nan,,
ROI_035/patch_135,nearest,16–32,1,70,0.000,1.000,142.2377,430.9592
ROI_035/patch_135,nearest,32–64,1,175,0.000,1.000,656.4967,1057.3490
ROI_035/patch_135,nearest,64–128,1,402,0.250,1.000,848.3662,1137.9092
ROI_035/patch_135,nearest,≥128,1,116,0.000,1.000,733.7644,1060.9102
ROI_035/patch_135,own,0–16,0,38,nan,nan,,
ROI_035/patch_135,own,16–32,1,70,0.000,1.000,145.3711,389.9701
ROI_035/patch_135,own,32–64,1,195,0.150,1.000,694.1577,989.5823
ROI_035/patch_135,own,64–128,1,693,0.000,1.000,593.3460,920.0471
ROI_035/patch_135,own,≥128,1,5412,0.150,1.000,693.8204,1020.4382
ROI_035/patch_136,nearest,0–16,1,75,0.000,1.000,71.0171,191.6368
ROI_035/patch_136,nearest,16–32,1,120,0.050,1.000,98.9448,557.8392
ROI_035/patch_136,nearest,32–64,1,212,0.350,1.000,149.3247,603.0306
ROI_035/patch_136,nearest,64–128,1,383,1.000,1.000,,
ROI_035/patch_136,nearest,≥128,1,83,0.000,1.000,108.2867,150.6979
ROI_035/patch_136,own,0–16,1,75,0.000,1.000,69.9203,189.6103
ROI_035/patch_136,own,16–32,1,120,0.050,1.000,89.1952,498.8982
ROI_035/patch_136,own,32–64,1,232,0.850,1.000,156.9009,586.1656
ROI_035/patch_136,own,64–128,1,1053,0.600,1.000,141.9571,502.4818
ROI_035/patch_136,own,≥128,1,5504,0.750,1.000,69.5598,402.8342
ROI_035/patch_137,nearest,0–16,1,46,0.000,1.000,152.7733,572.9316
ROI_035/patch_137,nearest,16–32,1,85,0.000,1.000,296.1258,593.0504
ROI_035/patch_137,nearest,32–64,1,245,0.850,1.000,358.5079,685.5093
ROI_035/patch_137,nearest,64–128,1,382,1.000,1.000,,
ROI_035/patch_137,nearest,≥128,0,34,nan,nan,,
ROI_035/patch_137,own,0–16,1,46,0.000,1.000,152.4114,568.1260
ROI_035/patch_137,own,16–32,1,85,0.000,1.000,261.0764,598.5551
ROI_035/patch_137,own,32–64,1,274,0.550,1.000,424.9326,747.5061
ROI_035/patch_137,own,64–128,1,796,0.800,1.000,502.6724,883.3381
ROI_035/patch_137,own,≥128,1,5135,0.700,1.000,437.2201,783.7479
ROI_035/patch_138,nearest,0–16,1,59,0.000,1.000,491.6149,872.9577
ROI_035/patch_138,nearest,16–32,1,92,0.100,1.000,771.9451,818.7313
ROI_035/patch_138,nearest,32–64,1,224,1.000,1.000,,
ROI_035/patch_138,nearest,64–128,1,451,1.000,1.000,,
ROI_035/patch_138,nearest,≥128,1,47,1.000,1.000,,
ROI_035/patch_138,own,0–16,1,59,0.000,1.000,506.1383,890.6058
ROI_035/patch_138,own,16–32,1,92,0.050,1.000,684.4947,726.8788
ROI_035/patch_138,own,32–64,1,261,1.000,1.000,,
ROI_035/patch_138,own,64–128,1,835,0.900,1.000,623.4590,656.6631
ROI_035/patch_138,own,≥128,1,5737,0.800,1.000,1219.7930,1256.3663
ROI_035/patch_139,nearest,0–16,1,45,0.000,1.000,71.2818,211.1697
ROI_035/patch_139,nearest,16–32,1,61,0.000,1.000,86.4816,457.0612
ROI_035/patch_139,nearest,32–64,1,192,0.150,1.000,1060.4101,1760.0971
ROI_035/patch_139,nearest,64–128,1,209,0.900,1.000,886.5282,1140.7451
ROI_035/patch_139,nearest,≥128,1,104,0.950,1.000,730.2149,1432.5950
ROI_035/patch_139,own,0–16,1,45,0.000,1.000,70.5109,202.6654
ROI_035/patch_139,own,16–32,1,61,0.000,1.000,96.0017,531.6627
ROI_035/patch_139,own,32–64,1,222,0.150,1.000,1104.9962,1763.4124
ROI_035/patch_139,own,64–128,1,613,0.350,1.000,935.4532,1263.2968
ROI_035/patch_139,own,≥128,1,3947,0.100,1.000,586.6974,835.4286
ROI_035/patch_142,nearest,0–16,0,27,nan,nan,,
ROI_035/patch_142,nearest,16–32,1,83,1.000,1.000,,
ROI_035/patch_142,nearest,32–64,1,195,1.000,1.000,,
ROI_035/patch_142,nearest,64–128,1,243,1.000,1.000,,
ROI_035/patch_142,nearest,≥128,1,91,1.000,1.000,,
ROI_035/patch_142,own,0–16,0,27,nan,nan,,
ROI_035/patch_142,own,16–32,1,83,1.000,1.000,,
ROI_035/patch_142,own,32–64,1,218,1.000,1.000,,
ROI_035/patch_142,own,64–128,1,547,1.000,1.000,,
ROI_035/patch_142,own,≥128,1,4237,1.000,1.000,,
ROI_035/patch_150,,,excluded,,,,,
ROI_035/patch_152,nearest,0–16,1,53,0.000,1.000,65.8045,211.4931
ROI_035/patch_152,nearest,16–32,1,65,0.000,1.000,189.7051,276.3786
ROI_035/patch_152,nearest,32–64,1,181,0.000,1.000,545.0290,1029.8799
ROI_035/patch_152,nearest,64–128,1,209,0.000,1.000,769.1000,956.6517
ROI_035/patch_152,nearest,≥128,1,91,0.000,1.000,1033.0660,1123.6326
ROI_035/patch_152,own,0–16,1,53,0.000,1.000,65.9331,209.7324
ROI_035/patch_152,own,16–32,1,66,0.000,1.000,167.9315,237.2478
ROI_035/patch_152,own,32–64,1,238,0.000,1.000,622.1753,1100.5601
ROI_035/patch_152,own,64–128,1,632,0.000,1.000,547.5774,897.1562
ROI_035/patch_152,own,≥128,1,3803,0.000,1.000,502.8213,754.7802
ROI_035/patch_154,,,excluded,,,,,
ROI_035/patch_155,nearest,0–16,0,32,nan,nan,,
ROI_035/patch_155,nearest,16–32,1,64,1.000,1.000,,
ROI_035/patch_155,nearest,32–64,1,176,1.000,1.000,,
ROI_035/patch_155,nearest,64–128,1,377,1.000,1.000,,
ROI_035/patch_155,nearest,≥128,1,88,1.000,1.000,,
ROI_035/patch_155,own,0–16,0,32,nan,nan,,
ROI_035/patch_155,own,16–32,1,64,1.000,1.000,,
ROI_035/patch_155,own,32–64,1,197,1.000,1.000,,
ROI_035/patch_155,own,64–128,1,625,1.000,1.000,,
ROI_035/patch_155,own,≥128,1,4978,1.000,1.000,,
ROI_035/patch_156,nearest,0–16,1,42,0.000,1.000,47.0897,52.2680
ROI_035/patch_156,nearest,16–32,1,70,0.000,1.000,57.8680,249.5327
ROI_035/patch_156,nearest,32–64,1,197,0.400,1.000,697.5827,1221.4519
ROI_035/patch_156,nearest,64–128,1,391,0.700,1.000,453.8690,909.2249
ROI_035/patch_156,nearest,≥128,1,281,0.850,1.000,616.3243,790.4228
ROI_035/patch_156,own,0–16,1,42,0.000,1.000,46.9185,52.0672
ROI_035/patch_156,own,16–32,1,70,0.000,1.000,58.7398,248.2597
ROI_035/patch_156,own,32–64,1,200,0.300,1.000,693.6571,1208.1774
ROI_035/patch_156,own,64–128,1,734,0.900,1.000,554.4962,1017.2852
ROI_035/patch_156,own,≥128,1,6802,0.350,1.000,390.7250,753.4813
ROI_035/patch_157,nearest,0–16,1,42,0.000,1.000,67.6582,339.1116
ROI_035/patch_157,nearest,16–32,1,67,0.050,1.000,722.6738,775.6503
ROI_035/patch_157,nearest,32–64,1,195,1.000,1.000,,
ROI_035/patch_157,nearest,64–128,1,285,1.000,1.000,,
ROI_035/patch_157,nearest,≥128,1,95,1.000,1.000,,
ROI_035/patch_157,own,0–16,1,42,0.000,1.000,68.1447,344.4347
ROI_035/patch_157,own,16–32,1,67,0.000,1.000,622.9432,671.2398
ROI_035/patch_157,own,32–64,1,222,1.000,1.000,,
ROI_035/patch_157,own,64–128,1,691,1.000,1.000,,
ROI_035/patch_157,own,≥128,1,4450,0.950,1.000,682.9866,866.8905
ROI_035/patch_158,,,excluded,,,,,
ROI_035/patch_160,nearest,0–16,0,30,nan,nan,,
ROI_035/patch_160,nearest,16–32,1,51,0.000,1.000,87.1891,91.5929
ROI_035/patch_160,nearest,32–64,1,157,0.800,1.000,494.0950,949.2295
ROI_035/patch_160,nearest,64–128,1,336,0.600,1.000,429.9739,746.3087
ROI_035/patch_160,nearest,≥128,1,232,0.400,1.000,393.5761,491.9137
ROI_035/patch_160,own,0–16,0,30,nan,nan,,
ROI_035/patch_160,own,16–32,1,51,0.000,1.000,86.8189,91.2074
ROI_035/patch_160,own,32–64,1,194,0.100,1.000,165.0743,338.8054
ROI_035/patch_160,own,64–128,1,592,0.600,1.000,358.7371,562.6446
ROI_035/patch_160,own,≥128,1,5581,0.150,1.000,261.8104,503.6084
ROI_035/patch_161,nearest,0–16,0,28,nan,nan,,
ROI_035/patch_161,nearest,16–32,1,53,0.000,1.000,77.1225,353.5464
ROI_035/patch_161,nearest,32–64,1,210,0.000,1.000,477.8859,614.6328
ROI_035/patch_161,nearest,64–128,1,400,0.150,1.000,242.5138,538.1092
ROI_035/patch_161,nearest,≥128,1,44,0.000,1.000,537.5512,679.9801
ROI_035/patch_161,own,0–16,0,28,nan,nan,,
ROI_035/patch_161,own,16–32,1,53,0.000,1.000,79.3826,379.1804
ROI_035/patch_161,own,32–64,1,210,0.000,1.000,435.0504,606.8349
ROI_035/patch_161,own,64–128,1,746,0.050,1.000,282.4070,557.6062
ROI_035/patch_161,own,≥128,1,4843,0.050,1.000,291.2839,475.5444
ROI_035/patch_162,,,excluded,,,,,
ROI_035/patch_164,nearest,0–16,1,58,0.000,1.000,378.0620,412.1083
ROI_035/patch_164,nearest,16–32,1,102,0.500,1.000,752.9412,843.0489
ROI_035/patch_164,nearest,32–64,1,247,0.400,1.000,688.6530,815.4120
ROI_035/patch_164,nearest,64–128,1,456,0.900,1.000,630.5557,903.5913
ROI_035/patch_164,nearest,≥128,1,49,0.600,1.000,775.1971,1262.0737
ROI_035/patch_164,own,0–16,1,58,0.000,1.000,406.1680,439.8743
ROI_035/patch_164,own,16–32,1,102,0.450,1.000,714.8503,799.2318
ROI_035/patch_164,own,32–64,1,249,0.650,1.000,746.5583,956.1934
ROI_035/patch_164,own,64–128,1,956,0.700,1.000,640.8835,717.5181
ROI_035/patch_164,own,≥128,1,5931,0.300,1.000,421.9608,599.7107
ROI_035/patch_165,nearest,0–16,1,58,0.000,1.000,66.5764,76.6743
ROI_035/patch_165,nearest,16–32,1,69,0.000,1.000,162.4517,195.0715
ROI_035/patch_165,nearest,32–64,1,147,0.000,1.000,938.9108,1221.0704
ROI_035/patch_165,nearest,64–128,1,305,0.300,1.000,633.7938,1700.5270
ROI_035/patch_165,nearest,≥128,1,371,0.250,1.000,818.1888,1625.8007
ROI_035/patch_165,own,0–16,1,58,0.000,1.000,65.9862,75.9872
ROI_035/patch_165,own,16–32,1,74,0.000,1.000,156.6166,190.7254
ROI_035/patch_165,own,32–64,1,196,0.150,1.000,895.9978,1218.2413
ROI_035/patch_165,own,64–128,1,633,0.300,1.000,591.4258,827.3541
ROI_035/patch_165,own,≥128,1,6639,0.000,1.000,448.6059,588.9746
ROI_035/patch_166,,,excluded,,,,,
ROI_035/patch_170,nearest,0–16,0,25,nan,nan,,
ROI_035/patch_170,nearest,16–32,1,70,1.000,1.000,,
ROI_035/patch_170,nearest,32–64,1,204,1.000,1.000,,
ROI_035/patch_170,nearest,64–128,1,355,1.000,1.000,,
ROI_035/patch_170,nearest,≥128,1,197,1.000,1.000,,
ROI_035/patch_170,own,0–16,0,25,nan,nan,,
ROI_035/patch_170,own,16–32,1,70,1.000,1.000,,
ROI_035/patch_170,own,32–64,1,221,1.000,1.000,,
ROI_035/patch_170,own,64–128,1,775,1.000,1.000,,
ROI_035/patch_170,own,≥128,1,5717,1.000,1.000,,
ROI_035/patch_171,nearest,0–16,1,56,0.000,1.000,26.5940,39.2956
ROI_035/patch_171,nearest,16–32,1,129,0.000,1.000,34.1091,76.4671
ROI_035/patch_171,nearest,32–64,1,284,0.750,1.000,86.5030,442.4630
ROI_035/patch_171,nearest,64–128,1,376,0.000,1.000,83.2457,219.7741
ROI_035/patch_171,nearest,≥128,1,93,0.500,1.000,116.9025,707.4852
ROI_035/patch_171,own,0–16,1,56,0.000,1.000,26.7839,39.2634
ROI_035/patch_171,own,16–32,1,129,0.000,1.000,39.3234,80.4512
ROI_035/patch_171,own,32–64,1,302,0.850,1.000,85.2599,493.9275
ROI_035/patch_171,own,64–128,1,806,0.000,1.000,100.9106,246.3815
ROI_035/patch_171,own,≥128,1,6211,0.050,1.000,106.3443,246.5399
ROI_035/patch_172,nearest,0–16,1,69,0.000,1.000,52.6840,57.2650
ROI_035/patch_172,nearest,16–32,1,63,0.000,1.000,305.4287,851.6693
ROI_035/patch_172,nearest,32–64,1,141,0.000,1.000,138.7991,527.9178
ROI_035/patch_172,nearest,64–128,1,383,0.250,1.000,549.6423,896.2687
ROI_035/patch_172,nearest,≥128,1,236,0.000,1.000,231.1364,373.5089
ROI_035/patch_172,own,0–16,1,69,0.000,1.000,54.5396,59.3261
ROI_035/patch_172,own,16–32,1,64,0.000,1.000,356.7778,904.7828
ROI_035/patch_172,own,32–64,1,194,0.000,1.000,86.3171,517.2448
ROI_035/patch_172,own,64–128,1,820,0.050,1.000,415.0813,693.0131
ROI_035/patch_172,own,≥128,1,5989,0.000,1.000,307.0642,488.1792
ROI_035/patch_173,nearest,0–16,0,39,nan,nan,,
ROI_035/patch_173,nearest,16–32,1,62,0.000,1.000,436.7656,551.4711
ROI_035/patch_173,nearest,32–64,1,176,0.050,1.000,104.4044,499.3243
ROI_035/patch_173,nearest,64–128,1,215,0.050,1.000,172.1316,588.9926
ROI_035/patch_173,nearest,≥128,1,80,0.000,1.000,304.5387,829.0448
ROI_035/patch_173,own,0–16,0,39,nan,nan,,
ROI_035/patch_173,own,16–32,1,62,0.000,1.000,446.3401,557.6041
ROI_035/patch_173,own,32–64,1,185,0.050,1.000,109.5950,509.0589
ROI_035/patch_173,own,64–128,1,652,0.000,1.000,164.5049,380.3943
ROI_035/patch_173,own,≥128,1,3638,0.000,1.000,233.1762,616.1554
ROI_035/patch_175,nearest,0–16,0,27,nan,nan,,
ROI_035/patch_175,nearest,16–32,1,79,0.000,1.000,83.3266,255.4525
ROI_035/patch_175,nearest,32–64,1,228,0.000,1.000,151.7367,361.3178
ROI_035/patch_175,nearest,64–128,1,460,0.500,1.000,158.6640,581.4940
ROI_035/patch_175,nearest,≥128,1,223,1.000,1.000,,
ROI_035/patch_175,own,0–16,0,27,nan,nan,,
ROI_035/patch_175,own,16–32,1,80,0.000,1.000,85.2105,240.0565
ROI_035/patch_175,own,32–64,1,257,0.000,1.000,126.0407,255.8017
ROI_035/patch_175,own,64–128,1,884,0.450,1.000,113.2199,383.6416
ROI_035/patch_175,own,≥128,1,6888,0.100,1.000,146.2817,326.3301
ROI_035/patch_176,nearest,0–16,1,52,0.000,1.000,23.2795,127.5864
ROI_035/patch_176,nearest,16–32,1,83,0.000,1.000,24.9689,265.3417
ROI_035/patch_176,nearest,32–64,1,172,0.850,1.000,85.0620,403.1664
ROI_035/patch_176,nearest,64–128,1,337,0.250,1.000,112.3364,516.7799
ROI_035/patch_176,nearest,≥128,1,114,0.550,1.000,453.2173,695.8608
ROI_035/patch_176,own,0–16,1,52,0.000,1.000,21.7413,129.3519
ROI_035/patch_176,own,16–32,1,83,0.000,1.000,23.4105,242.0730
ROI_035/patch_176,own,32–64,1,213,0.950,1.000,99.2916,541.1934
ROI_035/patch_176,own,64–128,1,765,0.250,1.000,137.5586,549.5751
ROI_035/patch_176,own,≥128,1,4951,0.100,1.000,156.8297,453.3926
ROI_035/patch_177,nearest,0–16,1,51,0.000,1.000,22.4221,115.1118
ROI_035/patch_177,nearest,16–32,1,96,0.000,1.000,62.8084,288.9472
ROI_035/patch_177,nearest,32–64,1,135,0.000,1.000,663.0576,905.7974
ROI_035/patch_177,nearest,64–128,1,385,0.000,1.000,1037.5394,1224.3724
ROI_035/patch_177,nearest,≥128,1,113,0.000,1.000,639.9188,892.6832
ROI_035/patch_177,own,0–16,1,51,0.000,1.000,22.9897,113.2610
ROI_035/patch_177,own,16–32,1,96,0.000,1.000,79.7818,321.4599
ROI_035/patch_177,own,32–64,1,164,0.000,1.000,641.0887,919.6545
ROI_035/patch_177,own,64–128,1,704,0.250,1.000,932.8034,1129.9680
ROI_035/patch_177,own,≥128,1,5225,0.050,1.000,369.8812,636.1756
ROI_035/patch_178,nearest,0–16,1,43,0.650,1.000,716.6141,1888.3636
ROI_035/patch_178,nearest,16–32,1,84,0.700,1.000,584.3656,1131.3378
ROI_035/patch_178,nearest,32–64,1,227,0.500,1.000,413.2459,793.7327
ROI_035/patch_178,nearest,64–128,1,325,0.850,1.000,321.5571,747.9712
ROI_035/patch_178,nearest,≥128,1,46,1.000,1.000,,
ROI_035/patch_178,own,0–16,1,43,0.650,1.000,716.7580,1888.6877
ROI_035/patch_178,own,16–32,1,84,0.500,1.000,535.4950,1066.5297
ROI_035/patch_178,own,32–64,1,306,0.450,1.000,401.0637,804.8577
ROI_035/patch_178,own,64–128,1,696,0.350,1.000,235.8536,570.9633
ROI_035/patch_178,own,≥128,1,4671,0.450,1.000,167.6939,527.5811
ROI_035/patch_179,nearest,0–16,1,61,0.000,1.000,79.6772,151.1156
ROI_035/patch_179,nearest,16–32,1,113,0.000,1.000,180.9911,207.1173
ROI_035/patch_179,nearest,32–64,1,265,0.050,1.000,424.0733,772.2010
ROI_035/patch_179,nearest,64–128,1,349,0.000,1.000,188.4884,278.6561
ROI_035/patch_179,nearest,≥128,1,282,0.000,1.000,195.6810,285.6883
ROI_035/patch_179,own,0–16,1,61,0.000,1.000,83.6913,155.8229
ROI_035/patch_179,own,16–32,1,113,0.000,1.000,204.9957,239.7470
ROI_035/patch_179,own,32–64,1,294,0.050,1.000,396.3139,750.5431
ROI_035/patch_179,own,64–128,1,1175,0.000,1.000,218.2644,367.9623
ROI_035/patch_179,own,≥128,1,6917,0.000,1.000,175.2540,237.3727
ROI_035/patch_180,nearest,0–16,1,51,1.000,1.000,,
ROI_035/patch_180,nearest,16–32,1,67,0.000,1.000,265.5521,532.3453
ROI_035/patch_180,nearest,32–64,1,218,0.000,1.000,250.8804,372.5123
ROI_035/patch_180,nearest,64–128,1,417,0.000,1.000,233.7482,332.4658
ROI_035/patch_180,nearest,≥128,1,89,0.050,1.000,736.1679,861.3451
ROI_035/patch_180,own,0–16,1,51,1.000,1.000,,
ROI_035/patch_180,own,16–32,1,67,0.000,1.000,247.1743,506.9126
ROI_035/patch_180,own,32–64,1,240,0.000,1.000,233.6945,339.6066
ROI_035/patch_180,own,64–128,1,835,0.000,1.000,396.6463,485.0964
ROI_035/patch_180,own,≥128,1,5543,0.000,1.000,291.3081,391.6215
ROI_035/patch_181,nearest,0–16,1,43,0.000,1.000,23.8873,542.0710
ROI_035/patch_181,nearest,16–32,1,72,0.000,1.000,205.0479,308.6275
ROI_035/patch_181,nearest,32–64,1,113,0.050,1.000,296.2486,432.9176
ROI_035/patch_181,nearest,64–128,1,394,0.200,1.000,106.2101,384.2149
ROI_035/patch_181,nearest,≥128,1,278,0.800,1.000,71.7216,587.9806
ROI_035/patch_181,own,0–16,1,43,0.000,1.000,23.8833,542.0055
ROI_035/patch_181,own,16–32,1,72,0.000,1.000,193.0987,281.7914
ROI_035/patch_181,own,32–64,1,130,0.000,1.000,280.9875,437.8275
ROI_035/patch_181,own,64–128,1,526,0.050,1.000,112.8040,345.9167
ROI_035/patch_181,own,≥128,1,6429,0.250,1.000,163.2056,420.8814
ROI_035/patch_183,nearest,0–16,1,55,1.000,1.000,,
ROI_035/patch_183,nearest,16–32,1,100,0.000,1.000,240.8958,333.4202
ROI_035/patch_183,nearest,32–64,1,189,0.000,1.000,198.8027,541.0592
ROI_035/patch_183,nearest,64–128,1,298,0.050,1.000,386.4562,614.5075
ROI_035/patch_183,nearest,≥128,1,69,0.000,1.000,662.0503,753.6065
ROI_035/patch_183,own,0–16,1,55,1.000,1.000,,
ROI_035/patch_183,own,16–32,1,100,0.000,1.000,229.2213,316.5173
ROI_035/patch_183,own,32–64,1,221,0.050,1.000,164.8610,436.2207
ROI_035/patch_183,own,64–128,1,766,0.050,1.000,382.2867,647.3904
ROI_035/patch_183,own,≥128,1,4546,0.000,1.000,292.8149,462.0262
ROI_035/patch_184,nearest,0–16,1,57,0.000,1.000,203.1084,205.6807
ROI_035/patch_184,nearest,16–32,1,83,0.000,1.000,161.8072,234.1571
ROI_035/patch_184,nearest,32–64,1,184,0.750,1.000,345.5593,686.8043
ROI_035/patch_184,nearest,64–128,1,265,0.800,1.000,522.5785,724.4298
ROI_035/patch_184,nearest,≥128,1,148,0.150,1.000,159.4750,468.8987
ROI_035/patch_184,own,0–16,1,57,0.000,1.000,201.4536,204.0186
ROI_035/patch_184,own,16–32,1,85,0.000,1.000,160.2931,241.7319
ROI_035/patch_184,own,32–64,1,227,0.600,1.000,313.5816,696.8537
ROI_035/patch_184,own,64–128,1,630,0.250,1.000,393.4519,602.7188
ROI_035/patch_184,own,≥128,1,4897,0.350,1.000,289.8890,508.8544
ROI_035/patch_187,nearest,0–16,0,34,nan,nan,,
ROI_035/patch_187,nearest,16–32,1,81,0.350,1.000,356.3119,793.1465
ROI_035/patch_187,nearest,32–64,1,161,1.000,1.000,,
ROI_035/patch_187,nearest,64–128,1,197,1.000,1.000,,
ROI_035/patch_187,nearest,≥128,1,133,1.000,1.000,,
ROI_035/patch_187,own,0–16,0,34,nan,nan,,
ROI_035/patch_187,own,16–32,1,81,0.250,1.000,348.8363,754.9253
ROI_035/patch_187,own,32–64,1,206,1.000,1.000,,
ROI_035/patch_187,own,64–128,1,576,1.000,1.000,,
ROI_035/patch_187,own,≥128,1,3951,0.850,1.000,371.0611,707.9714
ROI_035/patch_188,nearest,0–16,0,29,nan,nan,,
ROI_035/patch_188,nearest,16–32,1,41,1.000,1.000,,
ROI_035/patch_188,nearest,32–64,1,124,1.000,1.000,,
ROI_035/patch_188,nearest,64–128,1,196,1.000,1.000,,
ROI_035/patch_188,nearest,≥128,1,143,1.000,1.000,,
ROI_035/patch_188,own,0–16,0,29,nan,nan,,
ROI_035/patch_188,own,16–32,1,43,1.000,1.000,,
ROI_035/patch_188,own,32–64,1,152,1.000,1.000,,
ROI_035/patch_188,own,64–128,1,507,1.000,1.000,,
ROI_035/patch_188,own,≥128,1,3533,1.000,1.000,,
ROI_035/patch_189,nearest,0–16,0,27,nan,nan,,
ROI_035/patch_189,nearest,16–32,1,49,1.000,1.000,,
ROI_035/patch_189,nearest,32–64,1,159,1.000,1.000,,
ROI_035/patch_189,nearest,64–128,1,263,1.000,1.000,,
ROI_035/patch_189,nearest,≥128,1,70,1.000,1.000,,
ROI_035/patch_189,own,0–16,0,27,nan,nan,,
ROI_035/patch_189,own,16–32,1,50,1.000,1.000,,
ROI_035/patch_189,own,32–64,1,191,1.000,1.000,,
ROI_035/patch_189,own,64–128,1,518,1.000,1.000,,
ROI_035/patch_189,own,≥128,1,3758,1.000,1.000,,
ROI_035/patch_190,nearest,0–16,1,64,0.000,1.000,19.7269,27.1160
ROI_035/patch_190,nearest,16–32,1,87,0.000,1.000,38.4540,276.5200
ROI_035/patch_190,nearest,32–64,1,168,0.000,1.000,79.0074,501.6588
ROI_035/patch_190,nearest,64–128,1,337,0.000,1.000,131.8585,266.1648
ROI_035/patch_190,nearest,≥128,1,224,0.350,1.000,179.9897,418.0146
ROI_035/patch_190,own,0–16,1,64,0.000,1.000,19.7809,27.6104
ROI_035/patch_190,own,16–32,1,87,0.000,1.000,28.0196,257.4255
ROI_035/patch_190,own,32–64,1,189,0.000,1.000,114.3016,535.5855
ROI_035/patch_190,own,64–128,1,620,0.000,1.000,149.7094,331.8843
ROI_035/patch_190,own,≥128,1,6080,0.000,1.000,89.7457,195.0932
ROI_035/patch_191,nearest,0–16,1,49,1.000,1.000,,
ROI_035/patch_191,nearest,16–32,1,68,0.000,1.000,68.8519,138.1825
ROI_035/patch_191,nearest,32–64,1,157,1.000,1.000,,
ROI_035/patch_191,nearest,64–128,1,239,1.000,1.000,,
ROI_035/patch_191,nearest,≥128,1,69,0.350,1.000,3963.3730,4851.5925
ROI_035/patch_191,own,0–16,1,49,1.000,1.000,,
ROI_035/patch_191,own,16–32,1,68,0.000,1.000,70.4414,136.7318
ROI_035/patch_191,own,32–64,1,161,1.000,1.000,,
ROI_035/patch_191,own,64–128,1,539,1.000,1.000,,
ROI_035/patch_191,own,≥128,1,3839,0.900,1.000,668.6133,1034.3727
ROI_035/patch_192,nearest,0–16,1,49,1.000,1.000,,
ROI_035/patch_192,nearest,16–32,1,94,1.000,1.000,,
ROI_035/patch_192,nearest,32–64,1,189,1.000,1.000,,
ROI_035/patch_192,nearest,64–128,1,324,1.000,1.000,,
ROI_035/patch_192,nearest,≥128,1,93,1.000,1.000,,
ROI_035/patch_192,own,0–16,1,49,1.000,1.000,,
ROI_035/patch_192,own,16–32,1,94,1.000,1.000,,
ROI_035/patch_192,own,32–64,1,192,1.000,1.000,,
ROI_035/patch_192,own,64–128,1,780,1.000,1.000,,
ROI_035/patch_192,own,≥128,1,4877,1.000,1.000,,
ROI_035/patch_194,nearest,0–16,1,68,0.000,1.000,217.2078,300.8437
ROI_035/patch_194,nearest,16–32,1,100,0.000,1.000,300.7294,387.9589
ROI_035/patch_194,nearest,32–64,1,205,0.550,1.000,64.5630,489.9365
ROI_035/patch_194,nearest,64–128,1,449,0.350,1.000,99.8540,417.2765
ROI_035/patch_194,nearest,≥128,1,106,1.000,1.000,,
ROI_035/patch_194,own,0–16,1,68,0.000,1.000,214.4683,301.1509
ROI_035/patch_194,own,16–32,1,100,0.000,1.000,303.8457,407.2793
ROI_035/patch_194,own,32–64,1,205,0.550,1.000,53.3320,499.2383
ROI_035/patch_194,own,64–128,1,737,0.300,1.000,74.4000,364.3173
ROI_035/patch_194,own,≥128,1,6314,0.100,1.000,61.0180,300.8491
ROI_035/patch_195,nearest,0–16,1,42,0.000,1.000,44.3273,74.6347
ROI_035/patch_195,nearest,16–32,1,58,0.000,1.000,85.7698,97.3765
ROI_035/patch_195,nearest,32–64,1,183,0.950,1.000,471.2431,854.2377
ROI_035/patch_195,nearest,64–128,1,345,0.800,1.000,646.9193,1010.4261
ROI_035/patch_195,nearest,≥128,1,63,1.000,1.000,,
ROI_035/patch_195,own,0–16,1,42,0.000,1.000,43.6858,73.8874
ROI_035/patch_195,own,16–32,1,66,0.000,1.000,94.1187,106.7808
ROI_035/patch_195,own,32–64,1,236,0.800,1.000,563.3135,795.6613
ROI_035/patch_195,own,64–128,1,695,0.850,1.000,658.8802,1068.5446
ROI_035/patch_195,own,≥128,1,4489,0.900,1.000,448.7275,698.0247
ROI_035/patch_196,nearest,0–16,1,46,0.000,1.000,329.6250,729.0549
ROI_035/patch_196,nearest,16–32,1,93,1.000,1.000,,
ROI_035/patch_196,nearest,32–64,1,188,1.000,1.000,,
ROI_035/patch_196,nearest,64–128,1,291,1.000,1.000,,
ROI_035/patch_196,nearest,≥128,1,74,1.000,1.000,,
ROI_035/patch_196,own,0–16,1,46,0.000,1.000,329.1439,714.0505
ROI_035/patch_196,own,16–32,1,93,0.950,1.000,822.5552,1141.9230
ROI_035/patch_196,own,32–64,1,197,1.000,1.000,,
ROI_035/patch_196,own,64–128,1,701,1.000,1.000,,
ROI_035/patch_196,own,≥128,1,4499,0.950,1.000,495.9375,573.3214
ROI_035/patch_197,,,excluded,,,,,
ROI_035/patch_198,nearest,0–16,1,64,0.000,1.000,124.4961,186.3868
ROI_035/patch_198,nearest,16–32,1,140,0.000,1.000,118.5180,132.3855
ROI_035/patch_198,nearest,32–64,1,297,0.000,1.000,176.5232,249.4886
ROI_035/patch_198,nearest,64–128,1,438,0.000,1.000,523.2444,593.8445
ROI_035/patch_198,nearest,≥128,1,216,0.200,1.000,442.9387,1210.2199
ROI_035/patch_198,own,0–16,1,64,0.000,1.000,113.2579,174.1936
ROI_035/patch_198,own,16–32,1,153,0.000,1.000,55.9190,69.7027
ROI_035/patch_198,own,32–64,1,379,0.000,1.000,132.8235,196.8141
ROI_035/patch_198,own,64–128,1,958,0.000,1.000,257.2048,314.0568
ROI_035/patch_198,own,≥128,1,7686,0.050,1.000,212.5229,302.1502
ROI_035/patch_199,nearest,0–16,1,45,0.000,1.000,369.9763,497.5316
ROI_035/patch_199,nearest,16–32,1,83,1.000,1.000,,
ROI_035/patch_199,nearest,32–64,1,261,0.550,1.000,302.7359,826.8678
ROI_035/patch_199,nearest,64–128,1,503,0.200,1.000,219.8868,482.7788
ROI_035/patch_199,nearest,≥128,1,112,0.000,1.000,221.4225,384.0060
ROI_035/patch_199,own,0–16,1,45,0.000,1.000,369.8539,497.5381
ROI_035/patch_199,own,16–32,1,83,1.000,1.000,,
ROI_035/patch_199,own,32–64,1,266,0.350,1.000,353.9051,819.3479
ROI_035/patch_199,own,64–128,1,800,0.200,1.000,118.5499,425.7891
ROI_035/patch_199,own,≥128,1,6838,0.200,1.000,179.1113,461.8732
ROI_035/patch_200,nearest,0–16,1,46,0.000,1.000,222.9524,546.2469
ROI_035/patch_200,nearest,16–32,1,52,1.000,1.000,,
ROI_035/patch_200,nearest,32–64,1,150,1.000,1.000,,
ROI_035/patch_200,nearest,64–128,1,273,1.000,1.000,,
ROI_035/patch_200,nearest,≥128,1,161,0.150,1.000,693.6251,863.7276
ROI_035/patch_200,own,0–16,1,46,0.000,1.000,222.3129,546.0179
ROI_035/patch_200,own,16–32,1,52,1.000,1.000,,
ROI_035/patch_200,own,32–64,1,175,1.000,1.000,,
ROI_035/patch_200,own,64–128,1,626,1.000,1.000,,
ROI_035/patch_200,own,≥128,1,4557,0.750,1.000,712.4704,950.6255
ROI_035/patch_201,nearest,0–16,1,56,0.000,1.000,102.7074,1236.8768
ROI_035/patch_201,nearest,16–32,1,105,0.250,1.000,1574.8718,2053.0098
ROI_035/patch_201,nearest,32–64,1,159,1.000,1.000,,
ROI_035/patch_201,nearest,64–128,1,317,1.000,1.000,,
ROI_035/patch_201,nearest,≥128,1,72,1.000,1.000,,
ROI_035/patch_201,own,0–16,1,56,0.000,1.000,102.7888,1230.0584
ROI_035/patch_201,own,16–32,1,105,0.150,1.000,1527.3026,2004.6089
ROI_035/patch_201,own,32–64,1,188,0.950,1.000,1077.4827,1453.7207
ROI_035/patch_201,own,64–128,1,638,0.950,1.000,845.3476,1006.1330
ROI_035/patch_201,own,≥128,1,4685,1.000,1.000,,
ROI_035/patch_202,nearest,0–16,0,33,nan,nan,,
ROI_035/patch_202,nearest,16–32,1,80,0.000,1.000,36.3743,93.9681
ROI_035/patch_202,nearest,32–64,1,259,0.700,1.000,480.3176,867.2800
ROI_035/patch_202,nearest,64–128,1,249,0.100,1.000,263.5379,492.3250
ROI_035/patch_202,nearest,≥128,1,95,1.000,1.000,,
ROI_035/patch_202,own,0–16,0,33,nan,nan,,
ROI_035/patch_202,own,16–32,1,84,0.000,1.000,31.0316,84.2208
ROI_035/patch_202,own,32–64,1,343,0.450,1.000,396.2190,774.3589
ROI_035/patch_202,own,64–128,1,900,0.200,1.000,208.8689,481.6709
ROI_035/patch_202,own,≥128,1,4368,0.350,1.000,270.5060,543.2414
ROI_035/patch_203,nearest,0–16,1,47,1.000,1.000,,
ROI_035/patch_203,nearest,16–32,1,86,0.000,1.000,36.9335,360.2092
ROI_035/patch_203,nearest,32–64,1,304,0.150,1.000,252.1859,548.7530
ROI_035/patch_203,nearest,64–128,1,342,0.050,1.000,99.7467,450.9653
ROI_035/patch_203,nearest,≥128,1,60,1.000,1.000,,
ROI_035/patch_203,own,0–16,1,47,1.000,1.000,,
ROI_035/patch_203,own,16–32,1,86,0.000,1.000,35.1553,355.5332
ROI_035/patch_203,own,32–64,1,331,0.100,1.000,194.6056,473.9521
ROI_035/patch_203,own,64–128,1,995,0.150,1.000,56.7481,312.1049
ROI_035/patch_203,own,≥128,1,5253,0.500,1.000,60.6057,387.5806
ROI_035/patch_205,nearest,0–16,1,41,0.000,1.000,365.9982,622.2012
ROI_035/patch_205,nearest,16–32,1,68,0.000,1.000,491.0845,524.0021
ROI_035/patch_205,nearest,32–64,1,173,0.750,1.000,503.8680,715.9327
ROI_035/patch_205,nearest,64–128,1,324,1.000,1.000,,
ROI_035/patch_205,nearest,≥128,1,105,1.000,1.000,,
ROI_035/patch_205,own,0–16,1,41,0.000,1.000,366.0132,622.2365
ROI_035/patch_205,own,16–32,1,69,0.000,1.000,588.3889,628.7423
ROI_035/patch_205,own,32–64,1,221,0.400,1.000,458.1150,552.1908
ROI_035/patch_205,own,64–128,1,687,0.950,1.000,629.9538,1078.1975
ROI_035/patch_205,own,≥128,1,4670,0.650,1.000,463.9180,629.9143
ROI_035/patch_207,nearest,0–16,1,52,0.000,1.000,83.2915,338.5915
ROI_035/patch_207,nearest,16–32,1,79,0.000,1.000,70.1024,243.6619
ROI_035/patch_207,nearest,32–64,1,211,0.250,1.000,149.2784,537.6294
ROI_035/patch_207,nearest,64–128,1,248,0.400,1.000,120.4137,436.1040
ROI_035/patch_207,nearest,≥128,1,77,1.000,1.000,,
ROI_035/patch_207,own,0–16,1,52,0.000,1.000,82.8115,354.3266
ROI_035/patch_207,own,16–32,1,79,0.000,1.000,81.1625,252.5594
ROI_035/patch_207,own,32–64,1,236,0.300,1.000,143.8864,486.8662
ROI_035/patch_207,own,64–128,1,789,0.150,1.000,109.4966,399.5303
ROI_035/patch_207,own,≥128,1,4180,0.150,1.000,125.1483,406.9803
ROI_035/patch_208,nearest,0–16,0,37,nan,nan,,
ROI_035/patch_208,nearest,16–32,1,64,0.000,1.000,500.6114,682.7175
ROI_035/patch_208,nearest,32–64,1,186,0.000,1.000,41.9169,250.3044
ROI_035/patch_208,nearest,64–128,1,334,0.050,1.000,338.1777,568.6425
ROI_035/patch_208,nearest,≥128,1,122,1.000,1.000,,
ROI_035/patch_208,own,0–16,0,37,nan,nan,,
ROI_035/patch_208,own,16–32,1,64,0.000,1.000,528.2392,722.3838
ROI_035/patch_208,own,32–64,1,230,0.000,1.000,121.1907,378.0501
ROI_035/patch_208,own,64–128,1,832,0.000,1.000,192.3730,406.4425
ROI_035/patch_208,own,≥128,1,4781,0.000,1.000,133.7873,232.6111
ROI_035/patch_209,nearest,0–16,1,50,0.000,1.000,809.9801,1082.6344
ROI_035/patch_209,nearest,16–32,1,58,1.000,1.000,,
ROI_035/patch_209,nearest,32–64,1,172,0.550,1.000,342.2801,695.4920
ROI_035/patch_209,nearest,64–128,1,263,0.650,1.000,631.8714,1007.4091
ROI_035/patch_209,nearest,≥128,1,47,1.000,1.000,,
ROI_035/patch_209,own,0–16,1,50,0.000,1.000,807.6203,1079.2629
ROI_035/patch_209,own,16–32,1,58,1.000,1.000,,
ROI_035/patch_209,own,32–64,1,194,0.950,1.000,555.6192,889.8747
ROI_035/patch_209,own,64–128,1,502,0.700,1.000,416.4592,824.7828
ROI_035/patch_209,own,≥128,1,3916,0.700,1.000,415.5509,695.1712
ROI_035/patch_210,nearest,0–16,0,33,nan,nan,,
ROI_035/patch_210,nearest,16–32,1,58,0.000,1.000,275.0636,660.2377
ROI_035/patch_210,nearest,32–64,1,120,1.000,1.000,,
ROI_035/patch_210,nearest,64–128,1,211,1.000,1.000,,
ROI_035/patch_210,nearest,≥128,1,112,1.000,1.000,,
ROI_035/patch_210,own,0–16,0,33,nan,nan,,
ROI_035/patch_210,own,16–32,1,58,0.000,1.000,258.6625,595.3775
ROI_035/patch_210,own,32–64,1,134,1.000,1.000,,
ROI_035/patch_210,own,64–128,1,432,1.000,1.000,,
ROI_035/patch_210,own,≥128,1,3615,1.000,1.000,,
ROI_035/patch_212,nearest,0–16,0,26,nan,nan,,
ROI_035/patch_212,nearest,16–32,1,58,0.000,1.000,518.8011,809.0788
ROI_035/patch_212,nearest,32–64,1,138,0.050,1.000,400.7832,603.3156
ROI_035/patch_212,nearest,64–128,1,265,1.000,1.000,,
ROI_035/patch_212,nearest,≥128,1,182,0.950,1.000,582.5965,1115.7233
ROI_035/patch_212,own,0–16,0,26,nan,nan,,
ROI_035/patch_212,own,16–32,1,58,0.000,1.000,484.7766,795.5423
ROI_035/patch_212,own,32–64,1,156,0.100,1.000,326.2235,592.0863
ROI_035/patch_212,own,64–128,1,608,0.800,1.000,418.0316,809.2417
ROI_035/patch_212,own,≥128,1,4504,0.700,1.000,370.3413,697.8343
ROI_035/patch_213,nearest,0–16,0,34,nan,nan,,
ROI_035/patch_213,nearest,16–32,1,66,0.800,1.000,695.8436,1205.2567
ROI_035/patch_213,nearest,32–64,1,170,1.000,1.000,,
ROI_035/patch_213,nearest,64–128,1,369,1.000,1.000,,
ROI_035/patch_213,nearest,≥128,1,123,0.850,1.000,339.3387,870.9148
ROI_035/patch_213,own,0–16,0,34,nan,nan,,
ROI_035/patch_213,own,16–32,1,66,0.900,1.000,866.5163,1441.4778
ROI_035/patch_213,own,32–64,1,175,1.000,1.000,,
ROI_035/patch_213,own,64–128,1,725,0.900,1.000,614.7913,1129.7407
ROI_035/patch_213,own,≥128,1,5096,0.950,1.000,237.8522,576.7538
ROI_049/patch_0,nearest,0–16,1,73,0.000,1.000,174.5005,200.1544
ROI_049/patch_0,nearest,16–32,1,149,0.000,1.000,44.5735,102.0526
ROI_049/patch_0,nearest,32–64,1,335,0.000,1.000,139.6252,248.1421
ROI_049/patch_0,nearest,64–128,1,481,0.000,1.000,148.1618,197.6183
ROI_049/patch_0,nearest,≥128,1,140,0.000,1.000,44.9281,876.1243
ROI_049/patch_0,own,0–16,1,73,0.000,1.000,175.4849,203.0159
ROI_049/patch_0,own,16–32,1,149,0.000,1.000,40.0406,99.3229
ROI_049/patch_0,own,32–64,1,383,0.000,1.000,138.3153,256.7639
ROI_049/patch_0,own,64–128,1,1177,0.000,1.000,151.5650,222.3844
ROI_049/patch_0,own,≥128,1,7642,0.000,1.000,66.8804,104.9094
ROI_049/patch_1,nearest,0–16,1,72,0.000,1.000,70.5960,278.5187
ROI_049/patch_1,nearest,16–32,1,114,0.000,1.000,93.5821,202.5555
ROI_049/patch_1,nearest,32–64,1,273,0.150,1.000,170.0788,418.9660
ROI_049/patch_1,nearest,64–128,1,444,0.000,1.000,139.0421,207.1974
ROI_049/patch_1,nearest,≥128,1,112,0.600,1.000,159.2065,891.3223
ROI_049/patch_1,own,0–16,1,72,0.000,1.000,72.7745,296.6712
ROI_049/patch_1,own,16–32,1,114,0.000,1.000,88.9584,166.2458
ROI_049/patch_1,own,32–64,1,314,0.050,1.000,222.3935,495.9877
ROI_049/patch_1,own,64–128,1,1293,0.000,1.000,144.9431,245.0282
ROI_049/patch_1,own,≥128,1,6327,0.000,1.000,158.0123,320.0612
ROI_049/patch_2,nearest,0–16,1,63,0.000,1.000,115.6459,139.7220
ROI_049/patch_2,nearest,16–32,1,81,0.000,1.000,123.0641,142.1087
ROI_049/patch_2,nearest,32–64,1,229,0.000,1.000,162.7993,214.2215
ROI_049/patch_2,nearest,64–128,1,357,0.000,1.000,63.9392,94.5091
ROI_049/patch_2,nearest,≥128,1,85,0.000,1.000,56.1799,291.6291
ROI_049/patch_2,own,0–16,1,63,0.000,1.000,124.4073,145.9142
ROI_049/patch_2,own,16–32,1,81,0.000,1.000,130.3939,148.8138
ROI_049/patch_2,own,32–64,1,247,0.000,1.000,200.3617,252.0470
ROI_049/patch_2,own,64–128,1,621,0.000,1.000,94.2281,140.5337
ROI_049/patch_2,own,≥128,1,5508,0.000,1.000,116.2971,165.1669
ROI_049/patch_3,nearest,0–16,1,49,0.000,1.000,186.7961,226.1850
ROI_049/patch_3,nearest,16–32,1,65,0.000,1.000,139.8012,183.3808
ROI_049/patch_3,nearest,32–64,1,161,0.750,1.000,470.0560,813.4892
ROI_049/patch_3,nearest,64–128,1,267,0.800,1.000,446.8651,783.7028
ROI_049/patch_3,nearest,≥128,1,93,1.000,1.000,,
ROI_049/patch_3,own,0–16,1,49,0.000,1.000,186.0054,224.2235
ROI_049/patch_3,own,16–32,1,65,0.000,1.000,113.5362,156.5463
ROI_049/patch_3,own,32–64,1,182,0.550,1.000,395.3929,820.7117
ROI_049/patch_3,own,64–128,1,639,0.450,1.000,432.3456,768.7257
ROI_049/patch_3,own,≥128,1,4145,0.500,1.000,309.1083,572.0974
ROI_049/patch_4,nearest,0–16,1,103,0.000,1.000,7.3939,12.2899
ROI_049/patch_4,nearest,16–32,1,140,0.000,1.000,18.0167,28.8405
ROI_049/patch_4,nearest,32–64,1,198,0.000,1.000,57.6732,96.4362
ROI_049/patch_4,nearest,64–128,1,376,0.000,1.000,138.0949,267.6415
ROI_049/patch_4,nearest,≥128,1,181,0.000,1.000,48.9572,110.4893
ROI_049/patch_4,own,0–16,1,103,0.000,1.000,7.8149,13.0682
ROI_049/patch_4,own,16–32,1,140,0.000,1.000,18.0842,29.0349
ROI_049/patch_4,own,32–64,1,204,0.000,1.000,44.2655,99.8350
ROI_049/patch_4,own,64–128,1,876,0.000,1.000,65.5106,117.7718
ROI_049/patch_4,own,≥128,1,6661,0.000,1.000,50.5543,108.5484
ROI_049/patch_5,nearest,0–16,1,57,0.000,1.000,10.2430,23.2224
ROI_049/patch_5,nearest,16–32,1,90,0.000,1.000,90.4006,218.0268
ROI_049/patch_5,nearest,32–64,1,136,0.000,1.000,38.4622,69.6273
ROI_049/patch_5,nearest,64–128,1,257,0.000,1.000,68.4420,122.4606
ROI_049/patch_5,nearest,≥128,1,172,0.000,1.000,314.7576,367.3073
ROI_049/patch_5,own,0–16,1,57,0.000,1.000,11.7253,26.1343
ROI_049/patch_5,own,16–32,1,90,0.000,1.000,96.5104,217.5841
ROI_049/patch_5,own,32–64,1,163,0.000,1.000,27.4308,62.2541
ROI_049/patch_5,own,64–128,1,644,0.000,1.000,43.6816,98.2993
ROI_049/patch_5,own,≥128,1,4742,0.000,1.000,92.7915,125.0892
ROI_049/patch_6,nearest,0–16,1,63,0.000,1.000,19.9508,36.6471
ROI_049/patch_6,nearest,16–32,1,116,0.000,1.000,167.7864,199.3363
ROI_049/patch_6,nearest,32–64,1,187,0.000,1.000,243.7887,501.2799
ROI_049/patch_6,nearest,64–128,1,366,0.000,1.000,43.4983,131.3889
ROI_049/patch_6,nearest,≥128,1,126,0.000,1.000,49.2328,56.7489
ROI_049/patch_6,own,0–16,1,63,0.000,1.000,15.6406,32.4417
ROI_049/patch_6,own,16–32,1,127,0.000,1.000,165.4756,203.0654
ROI_049/patch_6,own,32–64,1,208,0.000,1.000,167.8562,318.2172
ROI_049/patch_6,own,64–128,1,787,0.000,1.000,60.9443,198.9871
ROI_049/patch_6,own,≥128,1,5679,0.000,1.000,66.2476,152.9734
ROI_049/patch_7,nearest,0–16,1,89,0.000,1.000,14.3690,45.3050
ROI_049/patch_7,nearest,16–32,1,141,0.000,1.000,32.4758,44.1600
ROI_049/patch_7,nearest,32–64,1,234,0.000,1.000,34.5025,45.8136
ROI_049/patch_7,nearest,64–128,1,290,0.000,1.000,63.6592,94.2599
ROI_049/patch_7,nearest,≥128,0,24,nan,nan,,
ROI_049/patch_7,own,0–16,1,89,0.000,1.000,12.3690,53.0708
ROI_049/patch_7,own,16–32,1,141,0.000,1.000,26.3542,34.7145
ROI_049/patch_7,own,32–64,1,292,0.000,1.000,33.0393,45.0274
ROI_049/patch_7,own,64–128,1,865,0.000,1.000,50.5574,79.4299
ROI_049/patch_7,own,≥128,1,4837,0.000,1.000,64.8971,83.0229
ROI_049/patch_8,nearest,0–16,1,57,0.000,1.000,344.0240,417.0463
ROI_049/patch_8,nearest,16–32,1,102,0.000,1.000,131.4539,297.3404
ROI_049/patch_8,nearest,32–64,1,237,0.000,1.000,140.5042,227.7853
ROI_049/patch_8,nearest,64–128,1,231,0.000,1.000,70.5605,247.9020
ROI_049/patch_8,nearest,≥128,1,148,0.100,1.000,369.7817,668.1264
ROI_049/patch_8,own,0–16,1,57,0.000,1.000,345.5034,418.7336
ROI_049/patch_8,own,16–32,1,102,0.000,1.000,122.4366,283.7833
ROI_049/patch_8,own,32–64,1,264,0.000,1.000,123.2074,226.2137
ROI_049/patch_8,own,64–128,1,783,0.000,1.000,62.1262,268.0920
ROI_049/patch_8,own,≥128,1,4994,0.000,1.000,77.0588,188.6021
ROI_049/patch_10,nearest,0–16,1,57,0.000,1.000,124.4381,221.0547
ROI_049/patch_10,nearest,16–32,1,73,0.000,1.000,132.1780,223.8735
ROI_049/patch_10,nearest,32–64,1,163,0.000,1.000,64.9226,116.5411
ROI_049/patch_10,nearest,64–128,1,317,0.000,1.000,151.3444,268.6630
ROI_049/patch_10,nearest,≥128,1,61,0.000,1.000,104.7410,268.2517
ROI_049/patch_10,own,0–16,1,57,0.000,1.000,122.8255,219.7848
ROI_049/patch_10,own,16–32,1,73,0.000,1.000,138.8209,241.4585
ROI_049/patch_10,own,32–64,1,165,0.000,1.000,71.2487,107.5797
ROI_049/patch_10,own,64–128,1,688,0.000,1.000,162.7038,261.3753
ROI_049/patch_10,own,≥128,1,4385,0.000,1.000,59.0398,130.9841
ROI_049/patch_11,nearest,0–16,1,76,0.000,1.000,196.9899,223.1841
ROI_049/patch_11,nearest,16–32,1,112,0.300,1.000,437.0838,616.3802
ROI_049/patch_11,nearest,32–64,1,227,0.000,1.000,324.3080,374.2086
ROI_049/patch_11,nearest,64–128,1,420,0.050,1.000,299.3289,528.7460
ROI_049/patch_11,nearest,≥128,1,210,0.400,1.000,89.8427,547.7471
ROI_049/patch_11,own,0–16,1,76,0.000,1.000,226.7869,259.7027
ROI_049/patch_11,own,16–32,1,112,0.300,1.000,545.6907,751.6225
ROI_049/patch_11,own,32–64,1,255,0.000,1.000,332.1709,391.3870
ROI_049/patch_11,own,64–128,1,790,0.000,1.000,260.6792,396.9345
ROI_049/patch_11,own,≥128,1,7127,0.000,1.000,200.4624,333.7805
ROI_049/patch_12,nearest,0–16,1,70,0.000,1.000,50.5754,72.1076
ROI_049/patch_12,nearest,16–32,1,81,0.000,1.000,49.4043,83.3779
ROI_049/patch_12,nearest,32–64,1,166,0.000,1.000,110.0071,177.0151
ROI_049/patch_12,nearest,64–128,1,239,0.000,1.000,73.8965,326.6176
ROI_049/patch_12,nearest,≥128,1,199,0.350,1.000,371.4373,598.3071
ROI_049/patch_12,own,0–16,1,70,0.000,1.000,51.3902,73.3118
ROI_049/patch_12,own,16–32,1,81,0.000,1.000,50.6482,87.3878
ROI_049/patch_12,own,32–64,1,168,0.000,1.000,70.5231,134.2742
ROI_049/patch_12,own,64–128,1,456,0.000,1.000,53.1524,121.3486
ROI_049/patch_12,own,≥128,1,5265,0.000,1.000,30.6980,75.0491
ROI_049/patch_13,nearest,0–16,1,59,0.100,1.000,174.6390,605.2986
ROI_049/patch_13,nearest,16–32,1,99,0.950,1.000,183.6910,618.7169
ROI_049/patch_13,nearest,32–64,1,131,1.000,1.000,,
ROI_049/patch_13,nearest,64–128,1,165,0.650,1.000,311.7279,654.6298
ROI_049/patch_13,nearest,≥128,1,248,0.350,1.000,184.0031,279.8012
ROI_049/patch_13,own,0–16,1,59,0.150,1.000,177.8877,628.9253
ROI_049/patch_13,own,16–32,1,99,0.950,1.000,206.8017,654.1237
ROI_049/patch_13,own,32–64,1,149,0.950,1.000,70.1377,701.0981
ROI_049/patch_13,own,64–128,1,665,0.700,1.000,318.5755,767.5223
ROI_049/patch_13,own,≥128,1,4644,0.300,1.000,123.3524,398.1414
ROI_049/patch_15,nearest,0–16,1,92,0.000,1.000,57.7772,104.0987
ROI_049/patch_15,nearest,16–32,1,134,0.000,1.000,61.1940,64.8740
ROI_049/patch_15,nearest,32–64,1,211,0.000,1.000,174.7324,338.8024
ROI_049/patch_15,nearest,64–128,1,499,0.550,1.000,499.8615,861.9933
ROI_049/patch_15,nearest,≥128,1,53,1.000,1.000,,
ROI_049/patch_15,own,0–16,1,92,0.000,1.000,57.5429,107.8085
ROI_049/patch_15,own,16–32,1,134,0.000,1.000,58.2929,63.4654
ROI_049/patch_15,own,32–64,1,239,0.000,1.000,164.8864,301.7294
ROI_049/patch_15,own,64–128,1,1057,0.000,1.000,156.9719,359.7708
ROI_049/patch_15,own,≥128,1,6390,0.150,1.000,166.1928,343.3150
ROI_049/patch_16,nearest,0–16,1,73,0.000,1.000,67.4115,151.1482
ROI_049/patch_16,nearest,16–32,1,74,0.000,1.000,187.0056,200.0167
ROI_049/patch_16,nearest,32–64,1,210,0.000,1.000,172.3025,190.3053
ROI_049/patch_16,nearest,64–128,1,518,0.000,1.000,148.9720,204.2843
ROI_049/patch_16,nearest,≥128,1,54,0.000,1.000,350.5268,1389.8076
ROI_049/patch_16,own,0–16,1,73,0.000,1.000,68.2195,153.8636
ROI_049/patch_16,own,16–32,1,74,0.000,1.000,156.8831,170.3892
ROI_049/patch_16,own,32–64,1,213,0.000,1.000,156.9339,174.1958
ROI_049/patch_16,own,64–128,1,961,0.000,1.000,173.4688,212.2651
ROI_049/patch_16,own,≥128,1,6111,0.000,1.000,132.9493,169.2187
ROI_049/patch_17,nearest,0–16,1,55,0.000,1.000,312.8621,491.5130
ROI_049/patch_17,nearest,16–32,1,66,0.000,1.000,48.6730,165.5884
ROI_049/patch_17,nearest,32–64,1,149,0.000,1.000,32.9430,76.5051
ROI_049/patch_17,nearest,64–128,1,317,0.000,1.000,140.5705,312.9695
ROI_049/patch_17,nearest,≥128,1,203,0.800,1.000,38.6757,264.9384
ROI_049/patch_17,own,0–16,1,55,0.000,1.000,312.3907,491.3971
ROI_049/patch_17,own,16–32,1,66,0.000,1.000,45.7533,158.5869
ROI_049/patch_17,own,32–64,1,164,0.000,1.000,45.3006,83.6208
ROI_049/patch_17,own,64–128,1,886,0.000,1.000,92.0694,207.5493
ROI_049/patch_17,own,≥128,1,5149,0.000,1.000,49.2269,187.5742
ROI_049/patch_19,nearest,0–16,1,90,0.000,1.000,53.8709,80.8152
ROI_049/patch_19,nearest,16–32,1,95,0.000,1.000,40.5496,172.0472
ROI_049/patch_19,nearest,32–64,1,151,0.000,1.000,135.7825,347.2436
ROI_049/patch_19,nearest,64–128,1,345,0.000,1.000,74.8771,144.1687
ROI_049/patch_19,nearest,≥128,1,58,0.000,1.000,952.4350,983.0469
ROI_049/patch_19,own,0–16,1,90,0.000,1.000,57.2762,83.7455
ROI_049/patch_19,own,16–32,1,105,0.000,1.000,38.1233,166.5749
ROI_049/patch_19,own,32–64,1,220,0.000,1.000,139.5616,307.9356
ROI_049/patch_19,own,64–128,1,944,0.000,1.000,100.3132,172.6499
ROI_049/patch_19,own,≥128,1,4553,0.000,1.000,128.8942,235.9865
ROI_049/patch_20,nearest,0–16,1,58,0.000,1.000,27.1944,47.9923
ROI_049/patch_20,nearest,16–32,1,50,0.000,1.000,54.9689,360.4714
ROI_049/patch_20,nearest,32–64,1,166,0.000,1.000,122.4740,428.6573
ROI_049/patch_20,nearest,64–128,1,358,0.000,1.000,239.5238,327.2229
ROI_049/patch_20,nearest,≥128,1,57,1.000,1.000,,
ROI_049/patch_20,own,0–16,1,58,0.000,1.000,34.5619,54.7420
ROI_049/patch_20,own,16–32,1,50,0.000,1.000,59.5264,356.6304
ROI_049/patch_20,own,32–64,1,176,0.050,1.000,169.6500,553.8350
ROI_049/patch_20,own,64–128,1,738,0.000,1.000,178.5025,299.1037
ROI_049/patch_20,own,≥128,1,4490,0.000,1.000,120.4024,329.7621
ROI_049/patch_21,nearest,0–16,1,54,0.000,1.000,24.1582,39.2137
ROI_049/patch_21,nearest,16–32,1,85,0.000,1.000,84.9937,163.1835
ROI_049/patch_21,nearest,32–64,1,169,0.000,1.000,206.0739,250.0797
ROI_049/patch_21,nearest,64–128,1,387,0.000,1.000,68.3873,192.3695
ROI_049/patch_21,nearest,≥128,1,133,0.000,1.000,7.9740,126.6051
ROI_049/patch_21,own,0–16,1,54,0.000,1.000,25.0388,40.5611
ROI_049/patch_21,own,16–32,1,85,0.000,1.000,86.5790,173.6724
ROI_049/patch_21,own,32–64,1,176,0.000,1.000,202.3862,256.1892
ROI_049/patch_21,own,64–128,1,751,0.000,1.000,66.4191,208.0002
ROI_049/patch_21,own,≥128,1,5558,0.000,1.000,80.6236,183.0520
ROI_049/patch_22,nearest,0–16,1,56,0.000,1.000,269.9744,548.7205
ROI_049/patch_22,nearest,16–32,1,80,0.000,1.000,104.5355,695.5120
ROI_049/patch_22,nearest,32–64,1,210,0.000,1.000,116.2623,448.0349
ROI_049/patch_22,nearest,64–128,1,346,0.000,1.000,267.6600,375.2838
ROI_049/patch_22,nearest,≥128,1,47,1.000,1.000,,
ROI_049/patch_22,own,0–16,1,56,0.000,1.000,268.8923,548.7069
ROI_049/patch_22,own,16–32,1,80,0.000,1.000,104.9177,697.0875
ROI_049/patch_22,own,32–64,1,221,0.000,1.000,106.8911,431.8898
ROI_049/patch_22,own,64–128,1,769,0.000,1.000,205.6703,348.5619
ROI_049/patch_22,own,≥128,1,4786,0.000,1.000,87.8336,166.5708
ROI_049/patch_23,nearest,0–16,1,50,0.000,1.000,98.0109,116.4907
ROI_049/patch_23,nearest,16–32,1,87,0.000,1.000,357.0031,420.3136
ROI_049/patch_23,nearest,32–64,1,214,0.000,1.000,230.7648,444.4024
ROI_049/patch_23,nearest,64–128,1,380,0.100,1.000,333.9158,567.4508
ROI_049/patch_23,nearest,≥128,1,102,0.950,1.000,60.2215,654.3826
ROI_049/patch_23,own,0–16,1,50,0.000,1.000,98.0834,116.3450
ROI_049/patch_23,own,16–32,1,87,0.250,1.000,411.8908,485.1050
ROI_049/patch_23,own,32–64,1,288,0.000,1.000,177.4552,377.3418
ROI_049/patch_23,own,64–128,1,874,0.000,1.000,309.8510,519.8762
ROI_049/patch_23,own,≥128,1,5365,0.100,1.000,148.6575,341.9919
ROI_049/patch_24,nearest,0–16,1,79,0.000,1.000,113.6693,443.7026
ROI_049/patch_24,nearest,16–32,1,108,0.000,1.000,132.9313,409.3300
ROI_049/patch_24,nearest,32–64,1,151,0.100,1.000,49.1206,407.9492
ROI_049/patch_24,nearest,64–128,1,270,0.000,1.000,52.7970,246.2289
ROI_049/patch_24,nearest,≥128,1,107,1.000,1.000,,
ROI_049/patch_24,own,0–16,1,79,0.000,1.000,118.4992,448.9257
ROI_049/patch_24,own,16–32,1,108,0.000,1.000,140.0943,453.5048
ROI_049/patch_24,own,32–64,1,163,0.150,1.000,45.8167,330.2531
ROI_049/patch_24,own,64–128,1,801,0.050,1.000,146.3938,431.6511
ROI_049/patch_24,own,≥128,1,4569,0.100,1.000,96.9865,262.4576
ROI_049/patch_26,nearest,0–16,1,55,0.000,1.000,56.6466,78.4928
ROI_049/patch_26,nearest,16–32,1,110,0.000,1.000,29.2333,45.3035
ROI_049/patch_26,nearest,32–64,1,276,0.000,1.000,38.0458,92.1522
ROI_049/patch_26,nearest,64–128,1,345,0.000,1.000,232.2755,362.6339
ROI_049/patch_26,nearest,≥128,1,93,0.500,1.000,159.4934,612.5798
ROI_049/patch_26,own,0–16,1,55,0.000,1.000,53.1520,76.7489
ROI_049/patch_26,own,16–32,1,110,0.000,1.000,24.6731,39.7637
ROI_049/patch_26,own,32–64,1,322,0.000,1.000,47.1257,100.0755
ROI_049/patch_26,own,64–128,1,935,0.000,1.000,222.0156,329.6868
ROI_049/patch_26,own,≥128,1,5610,0.000,1.000,80.1497,131.1221
ROI_049/patch_27,nearest,0–16,1,45,0.000,1.000,215.5326,243.8425
ROI_049/patch_27,nearest,16–32,1,129,0.000,1.000,148.5987,174.7525
ROI_049/patch_27,nearest,32–64,1,258,0.000,1.000,233.9645,474.6107
ROI_049/patch_27,nearest,64–128,1,355,0.250,1.000,308.1442,442.5347
ROI_049/patch_27,nearest,≥128,1,81,0.000,1.000,38.4151,310.5638
ROI_049/patch_27,own,0–16,1,45,0.000,1.000,215.9469,243.5918
ROI_049/patch_27,own,16–32,1,130,0.000,1.000,191.8235,227.4068
ROI_049/patch_27,own,32–64,1,307,0.000,1.000,193.2908,398.3255
ROI_049/patch_27,own,64–128,1,911,0.200,1.000,319.4902,494.7981
ROI_049/patch_27,own,≥128,1,5551,0.000,1.000,215.9150,346.5419
ROI_049/patch_28,nearest,0–16,1,65,0.000,1.000,26.4130,91.3816
ROI_049/patch_28,nearest,16–32,1,86,0.000,1.000,71.3670,90.8748
ROI_049/patch_28,nearest,32–64,1,104,0.000,1.000,206.1652,267.5146
ROI_049/patch_28,nearest,64–128,1,312,0.000,1.000,216.1320,377.2142
ROI_049/patch_28,nearest,≥128,1,139,0.000,1.000,167.4244,453.9516
ROI_049/patch_28,own,0–16,1,65,0.000,1.000,23.3905,91.5292
ROI_049/patch_28,own,16–32,1,86,0.000,1.000,77.5328,99.7247
ROI_049/patch_28,own,32–64,1,146,0.000,1.000,139.7857,172.8863
ROI_049/patch_28,own,64–128,1,784,0.000,1.000,233.1120,416.3131
ROI_049/patch_28,own,≥128,1,4567,0.000,1.000,71.4561,198.2535
ROI_049/patch_29,nearest,0–16,1,41,1.000,1.000,,
ROI_049/patch_29,nearest,16–32,1,88,0.000,1.000,264.3170,343.6336
ROI_049/patch_29,nearest,32–64,1,198,0.150,1.000,508.0924,538.4722
ROI_049/patch_29,nearest,64–128,1,273,0.050,1.000,317.5785,356.2405
ROI_049/patch_29,nearest,≥128,1,64,0.000,1.000,153.1327,247.9917
ROI_049/patch_29,own,0–16,1,41,1.000,1.000,,
ROI_049/patch_29,own,16–32,1,91,0.000,1.000,225.3478,289.6329
ROI_049/patch_29,own,32–64,1,256,0.300,1.000,521.8304,551.8083
ROI_049/patch_29,own,64–128,1,686,0.900,1.000,575.3489,591.4359
ROI_049/patch_29,own,≥128,1,4238,0.250,1.000,124.3602,177.7787
ROI_049/patch_30,nearest,0–16,1,75,0.000,1.000,414.4118,478.0798
ROI_049/patch_30,nearest,16–32,1,115,0.000,1.000,152.8007,291.9954
ROI_049/patch_30,nearest,32–64,1,217,0.000,1.000,319.8871,421.5856
ROI_049/patch_30,nearest,64–128,1,454,0.000,1.000,53.4766,150.7927
ROI_049/patch_30,nearest,≥128,1,259,0.000,1.000,268.9404,317.2689
ROI_049/patch_30,own,0–16,1,75,0.000,1.000,483.8944,526.4076
ROI_049/patch_30,own,16–32,1,118,0.000,1.000,182.3927,336.9465
ROI_049/patch_30,own,32–64,1,287,0.000,1.000,431.2112,506.6658
ROI_049/patch_30,own,64–128,1,1007,0.000,1.000,120.2223,184.6391
ROI_049/patch_30,own,≥128,1,7473,0.000,1.000,96.0571,130.7034
ROI_049/patch_31,nearest,0–16,1,47,0.000,1.000,357.2341,366.7199
ROI_049/patch_31,nearest,16–32,1,54,0.000,1.000,173.5684,206.7934
ROI_049/patch_31,nearest,32–64,1,189,0.100,1.000,233.2733,549.8040
ROI_049/patch_31,nearest,64–128,1,340,0.000,1.000,165.6117,333.1367
ROI_049/patch_31,nearest,≥128,1,110,0.000,1.000,13.8465,36.9066
ROI_049/patch_31,own,0–16,1,47,0.000,1.000,353.2139,362.6884
ROI_049/patch_31,own,16–32,1,54,0.000,1.000,163.5068,197.2067
ROI_049/patch_31,own,32–64,1,197,0.000,1.000,223.4820,523.0168
ROI_049/patch_31,own,64–128,1,744,0.000,1.000,78.6534,275.8947
ROI_049/patch_31,own,≥128,1,4878,0.000,1.000,107.0425,214.0547
ROI_049/patch_32,nearest,0–16,0,37,nan,nan,,
ROI_049/patch_32,nearest,16–32,1,83,0.000,1.000,197.0499,297.3905
ROI_049/patch_32,nearest,32–64,1,258,0.000,1.000,248.2552,312.3212
ROI_049/patch_32,nearest,64–128,1,295,0.000,1.000,286.8618,342.3352
ROI_049/patch_32,nearest,≥128,1,153,0.000,1.000,74.6305,128.5299
ROI_049/patch_32,own,0–16,0,37,nan,nan,,
ROI_049/patch_32,own,16–32,1,83,0.000,1.000,193.5052,290.0745
ROI_049/patch_32,own,32–64,1,265,0.050,1.000,210.9618,267.2087
ROI_049/patch_32,own,64–128,1,792,0.000,1.000,192.0008,288.9782
ROI_049/patch_32,own,≥128,1,5431,0.000,1.000,202.6947,269.5190
ROI_049/patch_33,nearest,0–16,0,38,nan,nan,,
ROI_049/patch_33,nearest,16–32,1,69,0.000,1.000,29.8763,45.0236
ROI_049/patch_33,nearest,32–64,1,198,0.000,1.000,374.7572,478.7138
ROI_049/patch_33,nearest,64–128,1,421,0.000,1.000,84.0938,157.2635
ROI_049/patch_33,nearest,≥128,1,106,0.000,1.000,50.7231,196.5347
ROI_049/patch_33,own,0–16,0,38,nan,nan,,
ROI_049/patch_33,own,16–32,1,69,0.000,1.000,27.9874,43.4568
ROI_049/patch_33,own,32–64,1,228,0.000,1.000,306.2605,450.3913
ROI_049/patch_33,own,64–128,1,823,0.000,1.000,183.4124,251.9177
ROI_049/patch_33,own,≥128,1,5498,0.000,1.000,180.6023,255.4513
ROI_049/patch_34,nearest,0–16,1,85,0.000,1.000,10.0402,44.1953
ROI_049/patch_34,nearest,16–32,1,129,0.000,1.000,31.0691,88.4014
ROI_049/patch_34,nearest,32–64,1,233,0.300,1.000,95.9945,785.4106
ROI_049/patch_34,nearest,64–128,1,430,0.000,1.000,71.5307,109.3594
ROI_049/patch_34,nearest,≥128,1,186,0.000,1.000,191.8612,310.6833
ROI_049/patch_34,own,0–16,1,85,0.000,1.000,8.7258,41.1592
ROI_049/patch_34,own,16–32,1,129,0.000,1.000,33.3045,92.8755
ROI_049/patch_34,own,32–64,1,292,0.000,1.000,80.6104,749.4204
ROI_049/patch_34,own,64–128,1,1124,0.000,1.000,138.8878,260.4884
ROI_049/patch_34,own,≥128,1,6874,0.000,1.000,112.7955,212.3069
ROI_049/patch_35,nearest,0–16,1,64,0.000,1.000,13.1598,64.3497
ROI_049/patch_35,nearest,16–32,1,84,0.000,1.000,101.5940,117.2081
ROI_049/patch_35,nearest,32–64,1,258,0.000,1.000,334.7187,478.5732
ROI_049/patch_35,nearest,64–128,1,369,0.050,1.000,173.3508,434.4927
ROI_049/patch_35,nearest,≥128,1,93,0.000,1.000,60.8398,186.7297
ROI_049/patch_35,own,0–16,1,64,0.000,1.000,13.2580,65.0027
ROI_049/patch_35,own,16–32,1,84,0.000,1.000,103.7767,119.4168
ROI_049/patch_35,own,32–64,1,289,0.000,1.000,318.1770,497.0286
ROI_049/patch_35,own,64–128,1,910,0.000,1.000,203.8633,475.8587
ROI_049/patch_35,own,≥128,1,6465,0.000,1.000,130.9937,260.3772
ROI_049/patch_36,nearest,0–16,1,66,0.000,1.000,166.6019,327.5339
ROI_049/patch_36,nearest,16–32,1,100,0.000,1.000,153.5252,189.1241
ROI_049/patch_36,nearest,32–64,1,275,0.000,1.000,203.1573,313.1225
ROI_049/patch_36,nearest,64–128,1,360,0.000,1.000,73.4531,330.2082
ROI_049/patch_36,nearest,≥128,1,83,0.000,1.000,187.1787,290.3436
ROI_049/patch_36,own,0–16,1,66,0.000,1.000,189.8012,339.4502
ROI_049/patch_36,own,16–32,1,100,0.000,1.000,163.2963,183.0844
ROI_049/patch_36,own,32–64,1,298,0.000,1.000,164.9012,325.8023
ROI_049/patch_36,own,64–128,1,1114,0.000,1.000,50.7961,273.0590
ROI_049/patch_36,own,≥128,1,5494,0.000,1.000,48.1193,153.8767
ROI_049/patch_37,nearest,0–16,1,65,0.000,1.000,228.9296,434.5267
ROI_049/patch_37,nearest,16–32,1,84,0.000,1.000,27.3343,67.2331
ROI_049/patch_37,nearest,32–64,1,203,0.000,1.000,411.0228,534.2310
ROI_049/patch_37,nearest,64–128,1,396,0.000,1.000,238.0091,447.7188
ROI_049/patch_37,nearest,≥128,1,104,0.000,1.000,134.1630,235.3544
ROI_049/patch_37,own,0–16,1,65,0.000,1.000,254.3270,440.0230
ROI_049/patch_37,own,16–32,1,84,0.000,1.000,37.5403,78.2114
ROI_049/patch_37,own,32–64,1,222,0.000,1.000,302.6369,406.1595
ROI_049/patch_37,own,64–128,1,837,0.000,1.000,109.8598,266.4375
ROI_049/patch_37,own,≥128,1,5608,0.000,1.000,125.6591,239.2236
ROI_049/patch_38,nearest,0–16,0,39,nan,nan,,
ROI_049/patch_38,nearest,16–32,1,95,1.000,1.000,,
ROI_049/patch_38,nearest,32–64,1,237,1.000,1.000,,
ROI_049/patch_38,nearest,64–128,1,394,0.950,1.000,472.0175,509.9818
ROI_049/patch_38,nearest,≥128,1,81,1.000,1.000,,
ROI_049/patch_38,own,0–16,0,39,nan,nan,,
ROI_049/patch_38,own,16–32,1,95,1.000,1.000,,
ROI_049/patch_38,own,32–64,1,244,1.000,1.000,,
ROI_049/patch_38,own,64–128,1,710,0.900,1.000,588.6128,810.7559
ROI_049/patch_38,own,≥128,1,5680,1.000,1.000,,
ROI_049/patch_39,nearest,0–16,0,38,nan,nan,,
ROI_049/patch_39,nearest,16–32,1,86,0.000,1.000,47.4288,57.0444
ROI_049/patch_39,nearest,32–64,1,267,0.000,1.000,41.2386,64.5326
ROI_049/patch_39,nearest,64–128,1,438,0.000,1.000,59.4140,305.1362
ROI_049/patch_39,nearest,≥128,1,203,0.000,1.000,179.3104,310.0974
ROI_049/patch_39,own,0–16,0,38,nan,nan,,
ROI_049/patch_39,own,16–32,1,86,0.000,1.000,50.7393,58.2798
ROI_049/patch_39,own,32–64,1,313,0.000,1.000,73.5142,103.3597
ROI_049/patch_39,own,64–128,1,1103,0.000,1.000,53.0802,94.3945
ROI_049/patch_39,own,≥128,1,6716,0.000,1.000,63.0974,104.5404
ROI_049/patch_41,nearest,0–16,0,25,nan,nan,,
ROI_049/patch_41,nearest,16–32,1,57,0.000,1.000,273.0142,369.8749
ROI_049/patch_41,nearest,32–64,1,241,0.400,1.000,551.3304,793.9054
ROI_049/patch_41,nearest,64–128,1,406,0.050,1.000,327.8565,498.5789
ROI_049/patch_41,nearest,≥128,1,51,1.000,1.000,,
ROI_049/patch_41,own,0–16,0,25,nan,nan,,
ROI_049/patch_41,own,16–32,1,57,0.000,1.000,291.2093,382.0852
ROI_049/patch_41,own,32–64,1,243,0.350,1.000,564.5194,716.6355
ROI_049/patch_41,own,64–128,1,810,0.050,1.000,309.6543,514.7248
ROI_049/patch_41,own,≥128,1,5105,0.100,1.000,390.0704,594.1941
ROI_049/patch_42,nearest,0–16,1,45,0.000,1.000,9.1333,36.6474
ROI_049/patch_42,nearest,16–32,1,68,0.000,1.000,5.3611,29.3281
ROI_049/patch_42,nearest,32–64,1,175,0.000,1.000,81.4238,192.0862
ROI_049/patch_42,nearest,64–128,1,358,0.000,1.000,183.8157,241.7709
ROI_049/patch_42,nearest,≥128,1,144,0.000,1.000,268.5980,341.7146
ROI_049/patch_42,own,0–16,1,45,0.000,1.000,9.1358,36.6444
ROI_049/patch_42,own,16–32,1,71,0.000,1.000,6.5465,35.9333
ROI_049/patch_42,own,32–64,1,234,0.000,1.000,38.3106,199.0260
ROI_049/patch_42,own,64–128,1,712,0.000,1.000,222.2638,303.8776
ROI_049/patch_42,own,≥128,1,5258,0.000,1.000,202.8359,319.4594
ROI_049/patch_43,nearest,0–16,1,42,0.000,1.000,31.3510,97.3062
ROI_049/patch_43,nearest,16–32,1,79,0.000,1.000,270.7147,440.9740
ROI_049/patch_43,nearest,32–64,1,242,0.000,1.000,206.6458,401.9215
ROI_049/patch_43,nearest,64–128,1,372,0.050,1.000,375.2837,533.0938
ROI_049/patch_43,nearest,≥128,1,65,1.000,1.000,,
ROI_049/patch_43,own,0–16,1,42,0.000,1.000,30.0671,93.7497
ROI_049/patch_43,own,16–32,1,79,0.000,1.000,294.0907,446.7247
ROI_049/patch_43,own,32–64,1,259,0.050,1.000,260.9269,460.6826
ROI_049/patch_43,own,64–128,1,909,0.300,1.000,375.9645,616.3687
ROI_049/patch_43,own,≥128,1,5111,0.000,1.000,341.0056,549.1844
ROI_049/patch_44,nearest,0–16,1,48,0.000,1.000,35.1955,51.0216
ROI_049/patch_44,nearest,16–32,1,70,0.000,1.000,75.3131,100.0358
ROI_049/patch_44,nearest,32–64,1,220,0.000,1.000,463.8297,639.8070
ROI_049/patch_44,nearest,64–128,1,461,0.000,1.000,210.5101,288.3205
ROI_049/patch_44,nearest,≥128,1,156,0.000,1.000,41.2420,148.9807
ROI_049/patch_44,own,0–16,1,48,0.000,1.000,33.8914,49.2579
ROI_049/patch_44,own,16–32,1,70,0.000,1.000,66.6866,95.6638
ROI_049/patch_44,own,32–64,1,273,0.000,1.000,257.8675,366.5733
ROI_049/patch_44,own,64–128,1,825,0.000,1.000,180.6384,275.7541
ROI_049/patch_44,own,≥128,1,6424,0.000,1.000,156.4480,221.7921
ROI_049/patch_46,nearest,0–16,1,58,0.000,1.000,6.2296,88.8199
ROI_049/patch_46,nearest,16–32,1,95,0.000,1.000,80.9830,101.7600
ROI_049/patch_46,nearest,32–64,1,281,0.000,1.000,79.6528,300.7034
ROI_049/patch_46,nearest,64–128,1,402,0.000,1.000,71.6580,119.8402
ROI_049/patch_46,nearest,≥128,1,94,0.000,1.000,89.9304,144.3601
ROI_049/patch_46,own,0–16,1,58,0.000,1.000,6.0306,88.4525
ROI_049/patch_46,own,16–32,1,95,0.000,1.000,86.6781,109.7416
ROI_049/patch_46,own,32–64,1,291,0.000,1.000,89.4570,330.3735
ROI_049/patch_46,own,64–128,1,889,0.000,1.000,45.9701,112.3154
ROI_049/patch_46,own,≥128,1,6107,0.000,1.000,33.0980,81.7469
ROI_049/patch_47,nearest,0–16,0,33,nan,nan,,
ROI_049/patch_47,nearest,16–32,1,76,0.000,1.000,310.6837,599.2943
ROI_049/patch_47,nearest,32–64,1,255,0.500,1.000,255.7620,714.0201
ROI_049/patch_47,nearest,64–128,1,556,0.150,1.000,213.7259,447.1468
ROI_049/patch_47,nearest,≥128,1,160,0.800,1.000,68.3383,350.8398
ROI_049/patch_47,own,0–16,0,33,nan,nan,,
ROI_049/patch_47,own,16–32,1,76,0.000,1.000,321.7081,653.3860
ROI_049/patch_47,own,32–64,1,283,0.250,1.000,232.6410,793.8024
ROI_049/patch_47,own,64–128,1,1019,0.400,1.000,217.6383,570.2242
ROI_049/patch_47,own,≥128,1,7229,0.250,1.000,250.9293,484.8732
ROI_049/patch_48,nearest,0–16,1,41,0.000,1.000,143.3418,401.5203
ROI_049/patch_48,nearest,16–32,1,66,0.000,1.000,20.9815,47.1349
ROI_049/patch_48,nearest,32–64,1,120,0.000,1.000,336.0527,524.3380
ROI_049/patch_48,nearest,64–128,1,318,0.000,1.000,152.7291,275.4603
ROI_049/patch_48,nearest,≥128,1,131,1.000,1.000,,
ROI_049/patch_48,own,0–16,1,41,0.000,1.000,143.5945,402.0800
ROI_049/patch_48,own,16–32,1,66,0.000,1.000,23.6447,52.7977
ROI_049/patch_48,own,32–64,1,133,0.000,1.000,364.5808,557.1317
ROI_049/patch_48,own,64–128,1,611,0.000,1.000,200.0843,266.2074
ROI_049/patch_48,own,≥128,1,4557,0.000,1.000,149.9505,227.0239
ROI_049/patch_49,nearest,0–16,0,33,nan,nan,,
ROI_049/patch_49,nearest,16–32,1,63,0.000,1.000,184.1146,363.1177
ROI_049/patch_49,nearest,32–64,1,203,0.000,1.000,140.0555,371.2320
ROI_049/patch_49,nearest,64–128,1,356,0.000,1.000,254.3110,426.5040
ROI_049/patch_49,nearest,≥128,1,106,1.000,1.000,,
ROI_049/patch_49,own,0–16,0,33,nan,nan,,
ROI_049/patch_49,own,16–32,1,63,0.000,1.000,156.9070,325.9035
ROI_049/patch_49,own,32–64,1,215,0.000,1.000,133.4053,345.3855
ROI_049/patch_49,own,64–128,1,821,0.000,1.000,328.8062,529.1911
ROI_049/patch_49,own,≥128,1,4956,0.000,1.000,273.2197,439.2760
ROI_049/patch_50,nearest,0–16,1,71,0.000,1.000,383.2671,401.9275
ROI_049/patch_50,nearest,16–32,1,109,0.150,1.000,402.7655,506.8311
ROI_049/patch_50,nearest,32–64,1,267,0.050,1.000,356.4436,523.5882
ROI_049/patch_50,nearest,64–128,1,402,0.050,1.000,421.3449,625.2638
ROI_049/patch_50,nearest,≥128,1,129,0.250,1.000,521.3238,656.5841
ROI_049/patch_50,own,0–16,1,71,0.000,1.000,382.9111,400.9211
ROI_049/patch_50,own,16–32,1,109,0.100,1.000,335.4539,441.3730
ROI_049/patch_50,own,32–64,1,323,0.000,1.000,313.1625,489.8264
ROI_049/patch_50,own,64–128,1,928,0.200,1.000,365.6269,559.5595
ROI_049/patch_50,own,≥128,1,6393,0.150,1.000,293.0262,478.6406
ROI_049/patch_51,nearest,0–16,1,56,0.000,1.000,47.4128,124.6284
ROI_049/patch_51,nearest,16–32,1,81,0.000,1.000,139.9542,167.9566
ROI_049/patch_51,nearest,32–64,1,220,0.000,1.000,249.8967,297.5701
ROI_049/patch_51,nearest,64–128,1,436,0.000,1.000,114.1181,148.6138
ROI_049/patch_51,nearest,≥128,1,85,0.000,1.000,404.5050,504.2340
ROI_049/patch_51,own,0–16,1,56,0.000,1.000,50.4588,130.1216
ROI_049/patch_51,own,16–32,1,81,0.000,1.000,142.8233,167.5284
ROI_049/patch_51,own,32–64,1,239,0.000,1.000,269.2195,332.1168
ROI_049/patch_51,own,64–128,1,923,0.000,1.000,126.9746,187.6007
ROI_049/patch_51,own,≥128,1,5725,0.000,1.000,207.5667,279.2234
ROI_049/patch_53,nearest,0–16,1,62,1.000,1.000,,
ROI_049/patch_53,nearest,16–32,1,127,0.000,1.000,357.3671,403.3281
ROI_049/patch_53,nearest,32–64,1,277,0.050,1.000,247.6021,470.8540
ROI_049/patch_53,nearest,64–128,1,509,0.200,1.000,283.1063,428.3814
ROI_049/patch_53,nearest,≥128,1,47,1.000,1.000,,
ROI_049/patch_53,own,0–16,1,62,1.000,1.000,,
ROI_049/patch_53,own,16–32,1,127,0.000,1.000,417.4506,471.0964
ROI_049/patch_53,own,32–64,1,321,0.000,1.000,230.7495,396.8336
ROI_049/patch_53,own,64–128,1,1186,0.050,1.000,347.3326,459.7578
ROI_049/patch_53,own,≥128,1,6480,0.050,1.000,294.9121,423.4963
ROI_049/patch_54,nearest,0–16,1,54,0.000,1.000,51.4758,121.4472
ROI_049/patch_54,nearest,16–32,1,101,0.000,1.000,166.4668,245.3153
ROI_049/patch_54,nearest,32–64,1,217,0.000,1.000,210.9796,308.1712
ROI_049/patch_54,nearest,64–128,1,351,0.000,1.000,146.9372,187.7590
ROI_049/patch_54,nearest,≥128,1,141,0.050,1.000,562.5977,783.3684
ROI_049/patch_54,own,0–16,1,54,0.000,1.000,53.0198,121.6870
ROI_049/patch_54,own,16–32,1,101,0.000,1.000,133.5193,213.0221
ROI_049/patch_54,own,32–64,1,245,0.000,1.000,252.4426,341.4110
ROI_049/patch_54,own,64–128,1,977,0.000,1.000,108.6407,146.6265
ROI_049/patch_54,own,≥128,1,5535,0.000,1.000,152.2581,216.9936
ROI_049/patch_56,nearest,0–16,1,65,0.000,1.000,435.3220,668.2197
ROI_049/patch_56,nearest,16–32,1,65,0.000,1.000,491.8756,548.4846
ROI_049/patch_56,nearest,32–64,1,199,0.000,1.000,305.5380,610.3057
ROI_049/patch_56,nearest,64–128,1,345,0.000,1.000,75.2794,198.2130
ROI_049/patch_56,nearest,≥128,1,194,0.000,1.000,271.3100,475.1060
ROI_049/patch_56,own,0–16,1,65,0.000,1.000,436.2558,673.9410
ROI_049/patch_56,own,16–32,1,65,0.000,1.000,489.0377,546.4794
ROI_049/patch_56,own,32–64,1,229,0.000,1.000,275.2399,475.7275
ROI_049/patch_56,own,64–128,1,964,0.000,1.000,231.4618,377.0347
ROI_049/patch_56,own,≥128,1,5621,0.000,1.000,212.0029,362.7494
ROI_049/patch_57,nearest,0–16,1,59,0.000,1.000,83.0100,301.4024
ROI_049/patch_57,nearest,16–32,1,109,0.000,1.000,78.5176,245.3030
ROI_049/patch_57,nearest,32–64,1,270,0.000,1.000,85.1462,284.7190
ROI_049/patch_57,nearest,64–128,1,563,0.000,1.000,155.4937,368.0219
ROI_049/patch_57,nearest,≥128,1,127,0.050,1.000,238.8533,1056.0636
ROI_049/patch_57,own,0–16,1,59,0.000,1.000,73.1789,285.1082
ROI_049/patch_57,own,16–32,1,109,0.000,1.000,83.1176,259.0510
ROI_049/patch_57,own,32–64,1,270,0.000,1.000,93.0324,279.1428
ROI_049/patch_57,own,64–128,1,934,0.000,1.000,169.7860,322.8984
ROI_049/patch_57,own,≥128,1,7652,0.000,1.000,159.4711,281.1994
ROI_049/patch_59,nearest,0–16,1,66,0.000,1.000,7.6158,65.9220
ROI_049/patch_59,nearest,16–32,1,94,0.000,1.000,92.3228,197.1082
ROI_049/patch_59,nearest,32–64,1,296,0.000,1.000,104.3968,210.5452
ROI_049/patch_59,nearest,64–128,1,577,0.000,1.000,114.8500,229.1808
ROI_049/patch_59,nearest,≥128,1,332,0.000,1.000,58.4241,69.3646
ROI_049/patch_59,own,0–16,1,66,0.000,1.000,9.4401,67.6916
ROI_049/patch_59,own,16–32,1,94,0.000,1.000,115.5020,246.1569
ROI_049/patch_59,own,32–64,1,303,0.000,1.000,104.9272,181.2892
ROI_049/patch_59,own,64–128,1,1145,0.000,1.000,167.7141,285.3117
ROI_049/patch_59,own,≥128,1,9312,0.000,1.000,102.5885,178.5055
ROI_049/patch_60,nearest,0–16,1,65,0.000,1.000,81.2449,187.1874
ROI_049/patch_60,nearest,16–32,1,83,0.000,1.000,154.8172,234.3138
ROI_049/patch_60,nearest,32–64,1,215,0.250,1.000,590.7152,627.2180
ROI_049/patch_60,nearest,64–128,1,490,0.250,1.000,280.8793,518.0833
ROI_049/patch_60,nearest,≥128,1,128,0.050,1.000,73.7691,422.0469
ROI_049/patch_60,own,0–16,1,65,0.000,1.000,71.7304,179.5369
ROI_049/patch_60,own,16–32,1,83,0.000,1.000,137.8692,220.2479
ROI_049/patch_60,own,32–64,1,232,0.050,1.000,457.2507,483.0151
ROI_049/patch_60,own,64–128,1,844,0.250,1.000,368.5762,620.0704
ROI_049/patch_60,own,≥128,1,6624,0.050,1.000,250.1373,343.6208
ROI_049/patch_61,nearest,0–16,1,85,0.000,1.000,81.2908,89.6133
ROI_049/patch_61,nearest,16–32,1,119,0.000,1.000,44.4157,86.8532
ROI_049/patch_61,nearest,32–64,1,362,0.000,1.000,86.0716,111.6550
ROI_049/patch_61,nearest,64–128,1,552,0.000,1.000,61.0690,207.3622
ROI_049/patch_61,nearest,≥128,1,209,0.000,1.000,39.0722,256.9372
ROI_049/patch_61,own,0–16,1,85,0.000,1.000,81.3925,89.7723
ROI_049/patch_61,own,16–32,1,119,0.000,1.000,65.7282,106.5851
ROI_049/patch_61,own,32–64,1,400,0.000,1.000,85.1090,133.2648
ROI_049/patch_61,own,64–128,1,1183,0.000,1.000,52.8356,140.0324
ROI_049/patch_61,own,≥128,1,8829,0.000,1.000,48.4895,151.2933
ROI_049/patch_63,nearest,0–16,1,67,0.000,1.000,101.3770,244.6269
ROI_049/patch_63,nearest,16–32,1,101,0.000,1.000,126.0713,194.3079
ROI_049/patch_63,nearest,32–64,1,242,0.000,1.000,49.4617,287.3661
ROI_049/patch_63,nearest,64–128,1,742,0.000,1.000,32.9459,282.1278
ROI_049/patch_63,nearest,≥128,1,104,1.000,1.000,,
ROI_049/patch_63,own,0–16,1,67,0.000,1.000,94.5970,234.6513
ROI_049/patch_63,own,16–32,1,101,0.000,1.000,105.7052,166.4798
ROI_049/patch_63,own,32–64,1,301,0.000,1.000,51.2211,305.1903
ROI_049/patch_63,own,64–128,1,1338,0.000,1.000,55.4490,258.5162
ROI_049/patch_63,own,≥128,1,8241,0.050,1.000,45.0831,346.7676
ROI_049/patch_64,nearest,0–16,1,85,0.000,1.000,105.6254,350.2276
ROI_049/patch_64,nearest,16–32,1,107,0.000,1.000,58.2545,478.2185
ROI_049/patch_64,nearest,32–64,1,285,0.100,1.000,187.1991,436.5691
ROI_049/patch_64,nearest,64–128,1,467,0.500,1.000,160.8899,541.4977
ROI_049/patch_64,nearest,≥128,1,85,0.900,1.000,419.2319,991.8876
ROI_049/patch_64,own,0–16,1,85,0.000,1.000,105.2515,352.1905
ROI_049/patch_64,own,16–32,1,107,0.000,1.000,58.4916,457.5905
ROI_049/patch_64,own,32–64,1,318,0.250,1.000,181.4766,492.6877
ROI_049/patch_64,own,64–128,1,1039,0.200,1.000,185.8567,584.5021
ROI_049/patch_64,own,≥128,1,6683,0.300,1.000,216.2173,546.4940
ROI_049/patch_65,nearest,0–16,1,55,0.000,1.000,531.6471,642.1726
ROI_049/patch_65,nearest,16–32,1,76,0.350,1.000,436.0299,487.8919
ROI_049/patch_65,nearest,32–64,1,183,0.000,1.000,315.5931,446.1101
ROI_049/patch_65,nearest,64–128,1,262,0.000,1.000,336.5379,403.7064
ROI_049/patch_65,nearest,≥128,1,194,0.350,1.000,960.8094,2027.2439
ROI_049/patch_65,own,0–16,1,55,0.000,1.000,526.9971,633.3072
ROI_049/patch_65,own,16–32,1,76,0.100,1.000,450.2062,509.5844
ROI_049/patch_65,own,32–64,1,216,0.000,1.000,322.1999,437.9383
ROI_049/patch_65,own,64–128,1,753,0.000,1.000,332.9956,396.3230
ROI_049/patch_65,own,≥128,1,5060,0.000,1.000,263.6910,557.2298
ROI_049/patch_66,nearest,0–16,1,71,0.000,1.000,31.3837,53.3665
ROI_049/patch_66,nearest,16–32,1,153,0.000,1.000,302.6626,432.4565
ROI_049/patch_66,nearest,32–64,1,353,0.000,1.000,121.2373,242.2779
ROI_049/patch_66,nearest,64–128,1,547,0.000,1.000,154.9395,236.3025
ROI_049/patch_66,nearest,≥128,1,128,0.000,1.000,41.3169,85.5143
ROI_049/patch_66,own,0–16,1,71,0.000,1.000,36.3489,55.2411
ROI_049/patch_66,own,16–32,1,153,0.000,1.000,267.1730,407.9561
ROI_049/patch_66,own,32–64,1,361,0.000,1.000,110.2252,215.9711
ROI_049/patch_66,own,64–128,1,1190,0.000,1.000,152.8976,235.7197
ROI_049/patch_66,own,≥128,1,8241,0.050,1.000,70.6034,167.4572
ROI_049/patch_67,nearest,0–16,1,53,0.000,1.000,325.4986,539.0135
ROI_049/patch_67,nearest,16–32,1,93,0.000,1.000,279.8504,344.7830
ROI_049/patch_67,nearest,32–64,1,271,0.000,1.000,237.8813,394.7105
ROI_049/patch_67,nearest,64–128,1,385,0.000,1.000,182.1776,351.5762
ROI_049/patch_67,nearest,≥128,1,182,0.000,1.000,592.5382,642.1249
ROI_049/patch_67,own,0–16,1,53,0.000,1.000,323.6873,530.8444
ROI_049/patch_67,own,16–32,1,93,0.000,1.000,285.9801,361.2220
ROI_049/patch_67,own,32–64,1,290,0.000,1.000,258.4060,472.1022
ROI_049/patch_67,own,64–128,1,927,0.000,1.000,297.9402,406.7271
ROI_049/patch_67,own,≥128,1,6509,0.000,1.000,229.8952,352.6025
ROI_049/patch_69,nearest,0–16,0,23,nan,nan,,
ROI_049/patch_69,nearest,16–32,1,42,0.000,1.000,301.3587,460.2112
ROI_049/patch_69,nearest,32–64,1,198,0.000,1.000,92.3667,234.4431
ROI_049/patch_69,nearest,64–128,1,399,0.000,1.000,75.9789,208.4682
ROI_049/patch_69,nearest,≥128,1,173,0.150,1.000,569.7201,844.8238
ROI_049/patch_69,own,0–16,0,23,nan,nan,,
ROI_049/patch_69,own,16–32,1,42,0.000,1.000,278.3472,434.7035
ROI_049/patch_69,own,32–64,1,215,0.000,1.000,104.8600,219.7139
ROI_049/patch_69,own,64–128,1,775,0.000,1.000,62.7878,321.7555
ROI_049/patch_69,own,≥128,1,5625,0.000,1.000,62.7532,283.6061
ROI_049/patch_71,nearest,0–16,1,57,0.000,1.000,64.8305,135.1117
ROI_049/patch_71,nearest,16–32,1,112,0.000,1.000,98.0636,175.4010
ROI_049/patch_71,nearest,32–64,1,285,0.000,1.000,82.1079,297.4373
ROI_049/patch_71,nearest,64–128,1,507,0.000,1.000,55.2421,160.7520
ROI_049/patch_71,nearest,≥128,1,118,1.000,1.000,,
ROI_049/patch_71,own,0–16,1,57,0.000,1.000,58.6967,119.6032
ROI_049/patch_71,own,16–32,1,112,0.000,1.000,102.5341,181.7783
ROI_049/patch_71,own,32–64,1,315,0.000,1.000,76.8434,296.6290
ROI_049/patch_71,own,64–128,1,1038,0.000,1.000,25.1792,129.1649
ROI_049/patch_71,own,≥128,1,7110,0.000,1.000,69.9699,189.8878
ROI_049/patch_72,nearest,0–16,1,47,1.000,1.000,,
ROI_049/patch_72,nearest,16–32,1,113,0.000,1.000,226.6841,260.6992
ROI_049/patch_72,nearest,32–64,1,311,0.100,1.000,74.7414,476.0803
ROI_049/patch_72,nearest,64–128,1,505,0.000,1.000,84.3087,481.2245
ROI_049/patch_72,nearest,≥128,1,131,0.800,1.000,111.2239,442.6735
ROI_049/patch_72,own,0–16,1,47,1.000,1.000,,
ROI_049/patch_72,own,16–32,1,113,0.000,1.000,227.4513,255.3034
ROI_049/patch_72,own,32–64,1,324,0.050,1.000,74.6369,398.5100
ROI_049/patch_72,own,64–128,1,1366,0.100,1.000,116.3037,431.9862
ROI_049/patch_72,own,≥128,1,7006,0.100,1.000,113.6876,356.4466
ROI_049/patch_73,nearest,0–16,1,65,0.000,1.000,66.4595,162.8581
ROI_049/patch_73,nearest,16–32,1,117,0.000,1.000,55.1346,318.9426
ROI_049/patch_73,nearest,32–64,1,295,0.000,1.000,62.7610,105.3000
ROI_049/patch_73,nearest,64–128,1,338,0.000,1.000,90.0425,146.3931
ROI_049/patch_73,nearest,≥128,1,73,1.000,1.000,,
ROI_049/patch_73,own,0–16,1,65,0.000,1.000,64.7275,158.5895
ROI_049/patch_73,own,16–32,1,117,0.000,1.000,53.3862,323.3240
ROI_049/patch_73,own,32–64,1,312,0.000,1.000,66.5996,107.7311
ROI_049/patch_73,own,64–128,1,859,0.000,1.000,57.7526,97.2437
ROI_049/patch_73,own,≥128,1,5751,0.000,1.000,60.2882,123.7811
ROI_049/patch_74,nearest,0–16,1,64,0.000,1.000,20.7074,546.7722
ROI_049/patch_74,nearest,16–32,1,83,0.000,1.000,21.3015,93.5320
ROI_049/patch_74,nearest,32–64,1,155,0.000,1.000,96.2090,206.8947
ROI_049/patch_74,nearest,64–128,1,257,0.250,1.000,363.7574,585.2683
ROI_049/patch_74,nearest,≥128,1,138,0.000,1.000,105.3473,331.1958
ROI_049/patch_74,own,0–16,1,64,0.000,1.000,31.4661,719.2596
ROI_049/patch_74,own,16–32,1,90,0.000,1.000,20.0283,95.0525
ROI_049/patch_74,own,32–64,1,266,0.000,1.000,113.9414,208.2707
ROI_049/patch_74,own,64–128,1,616,0.000,1.000,335.4124,756.5942
ROI_049/patch_74,own,≥128,1,4540,0.000,1.000,176.1587,412.1746
ROI_049/patch_75,nearest,0–16,1,75,0.000,1.000,37.4057,46.6743
ROI_049/patch_75,nearest,16–32,1,102,0.000,1.000,221.9442,638.2522
ROI_049/patch_75,nearest,32–64,1,239,0.400,1.000,193.2289,501.4613
ROI_049/patch_75,nearest,64–128,1,400,0.000,1.000,147.1250,328.3687
ROI_049/patch_75,nearest,≥128,1,150,1.000,1.000,,
ROI_049/patch_75,own,0–16,1,75,0.000,1.000,37.4343,46.9024
ROI_049/patch_75,own,16–32,1,106,0.000,1.000,263.2350,712.1557
ROI_049/patch_75,own,32–64,1,332,0.050,1.000,190.5848,460.8056
ROI_049/patch_75,own,64–128,1,897,0.000,1.000,171.5705,348.9711
ROI_049/patch_75,own,≥128,1,6318,0.250,1.000,155.7929,434.1567
ROI_049/patch_77,nearest,0–16,1,62,0.000,1.000,410.2889,709.1249
ROI_049/patch_77,nearest,16–32,1,137,0.050,1.000,108.1216,341.4720
ROI_049/patch_77,nearest,32–64,1,301,0.050,1.000,41.9874,234.2048
ROI_049/patch_77,nearest,64–128,1,574,0.000,1.000,30.2689,198.7137
ROI_049/patch_77,nearest,≥128,1,98,1.000,1.000,,
ROI_049/patch_77,own,0–16,1,62,0.000,1.000,450.2031,806.8024
ROI_049/patch_77,own,16–32,1,141,0.000,1.000,96.7299,405.2326
ROI_049/patch_77,own,32–64,1,358,0.000,1.000,51.2074,256.3484
ROI_049/patch_77,own,64–128,1,1166,0.050,1.000,79.2770,342.2245
ROI_049/patch_77,own,≥128,1,7649,0.100,1.000,83.5699,259.8216
ROI_049/patch_80,nearest,0–16,1,46,0.000,1.000,181.2616,251.0185
ROI_049/patch_80,nearest,16–32,1,95,0.000,1.000,189.7156,544.4825
ROI_049/patch_80,nearest,32–64,1,183,0.000,1.000,538.6673,804.4176
ROI_049/patch_80,nearest,64–128,1,403,0.000,1.000,386.3240,601.5613
ROI_049/patch_80,nearest,≥128,1,117,0.000,1.000,511.9577,1005.9239
ROI_049/patch_80,own,0–16,1,46,0.000,1.000,181.2477,251.0318
ROI_049/patch_80,own,16–32,1,95,0.000,1.000,185.1516,532.7808
ROI_049/patch_80,own,32–64,1,199,0.000,1.000,442.9771,698.6339
ROI_049/patch_80,own,64–128,1,773,0.000,1.000,263.0635,382.6691
ROI_049/patch_80,own,≥128,1,6483,0.000,1.000,247.8736,351.7644
ROI_049/patch_82,nearest,0–16,1,55,0.000,1.000,36.8592,321.3968
ROI_049/patch_82,nearest,16–32,1,86,0.050,1.000,40.9074,400.2128
ROI_049/patch_82,nearest,32–64,1,231,0.150,1.000,104.4229,427.3924
ROI_049/patch_82,nearest,64–128,1,316,0.000,1.000,234.5374,387.3834
ROI_049/patch_82,nearest,≥128,1,56,1.000,1.000,,
ROI_049/patch_82,own,0–16,1,55,0.000,1.000,39.0865,321.9235
ROI_049/patch_82,own,16–32,1,86,0.100,1.000,40.1076,373.7277
ROI_049/patch_82,own,32–64,1,233,0.150,1.000,82.1268,431.0052
ROI_049/patch_82,own,64–128,1,941,0.000,1.000,82.3360,258.5532
ROI_049/patch_82,own,≥128,1,4637,0.000,1.000,140.1119,326.2859
ROI_049/patch_83,nearest,0–16,1,53,0.000,1.000,534.8245,573.8795
ROI_049/patch_83,nearest,16–32,1,89,1.000,1.000,,
ROI_049/patch_83,nearest,32–64,1,161,1.000,1.000,,
ROI_049/patch_83,nearest,64–128,1,235,1.000,1.000,,
ROI_049/patch_83,nearest,≥128,1,187,1.000,1.000,,
ROI_049/patch_83,own,0–16,1,53,0.000,1.000,535.7930,574.8663
ROI_049/patch_83,own,16–32,1,89,1.000,1.000,,
ROI_049/patch_83,own,32–64,1,172,1.000,1.000,,
ROI_049/patch_83,own,64–128,1,732,1.000,1.000,,
ROI_049/patch_83,own,≥128,1,4754,1.000,1.000,,
ROI_049/patch_84,nearest,0–16,0,38,nan,nan,,
ROI_049/patch_84,nearest,16–32,1,92,0.000,1.000,141.7860,234.7407
ROI_049/patch_84,nearest,32–64,1,307,0.000,1.000,217.0122,262.6735
ROI_049/patch_84,nearest,64–128,1,434,0.000,1.000,251.0175,281.8746
ROI_049/patch_84,nearest,≥128,1,259,1.000,1.000,,
ROI_049/patch_84,own,0–16,0,38,nan,nan,,
ROI_049/patch_84,own,16–32,1,92,0.000,1.000,154.8306,256.9736
ROI_049/patch_84,own,32–64,1,351,0.050,1.000,200.1163,235.7628
ROI_049/patch_84,own,64–128,1,1188,0.050,1.000,151.0548,200.4886
ROI_049/patch_84,own,≥128,1,7371,0.000,1.000,274.8935,350.4415
ROI_049/patch_85,nearest,0–16,1,51,0.000,1.000,90.5276,271.8084
ROI_049/patch_85,nearest,16–32,1,71,0.000,1.000,139.4748,386.0942
ROI_049/patch_85,nearest,32–64,1,265,0.000,1.000,102.7150,180.7957
ROI_049/patch_85,nearest,64–128,1,425,0.000,1.000,119.4802,178.9588
ROI_049/patch_85,nearest,≥128,1,91,0.100,1.000,505.2648,769.8974
ROI_049/patch_85,own,0–16,1,51,0.000,1.000,86.4330,271.0762
ROI_049/patch_85,own,16–32,1,71,0.000,1.000,134.8840,373.5108
ROI_049/patch_85,own,32–64,1,288,0.000,1.000,74.8647,167.3755
ROI_049/patch_85,own,64–128,1,928,0.000,1.000,146.6799,235.8947
ROI_049/patch_85,own,≥128,1,5886,0.000,1.000,128.6075,215.3227
ROI_049/patch_86,nearest,0–16,1,75,0.000,1.000,6.5709,39.8956
ROI_049/patch_86,nearest,16–32,1,157,0.000,1.000,110.4146,248.4041
ROI_049/patch_86,nearest,32–64,1,327,0.000,1.000,78.8634,214.4875
ROI_049/patch_86,nearest,64–128,1,598,0.000,1.000,157.9913,262.8692
ROI_049/patch_86,nearest,≥128,1,105,0.000,1.000,7.6333,32.4365
ROI_049/patch_86,own,0–16,1,75,0.000,1.000,6.0316,45.2982
ROI_049/patch_86,own,16–32,1,157,0.000,1.000,107.4533,223.1361
ROI_049/patch_86,own,32–64,1,341,0.000,1.000,69.7595,260.7156
ROI_049/patch_86,own,64–128,1,1122,0.000,1.000,142.3687,348.4933
ROI_049/patch_86,own,≥128,1,8401,0.000,1.000,72.1645,120.2505
ROI_049/patch_88,nearest,0–16,1,69,0.000,1.000,28.4486,319.5915
ROI_049/patch_88,nearest,16–32,1,82,0.000,1.000,77.3719,316.7210
ROI_049/patch_88,nearest,32–64,1,230,0.150,1.000,272.3891,556.7687
ROI_049/patch_88,nearest,64–128,1,537,0.050,1.000,226.6357,403.1792
ROI_049/patch_88,nearest,≥128,1,46,0.000,1.000,410.7948,561.6099
ROI_049/patch_88,own,0–16,1,69,0.000,1.000,25.3195,326.1956
ROI_049/patch_88,own,16–32,1,82,0.000,1.000,105.9677,375.5329
ROI_049/patch_88,own,32–64,1,231,0.050,1.000,269.9640,549.1383
ROI_049/patch_88,own,64–128,1,1019,0.050,1.000,161.0993,322.0258
ROI_049/patch_88,own,≥128,1,6311,0.000,1.000,220.5474,350.2982
ROI_049/patch_90,nearest,0–16,1,56,0.100,1.000,48.0828,887.2639
ROI_049/patch_90,nearest,16–32,1,87,0.000,1.000,35.7806,315.9836
ROI_049/patch_90,nearest,32–64,1,186,0.000,1.000,144.3551,359.7416
ROI_049/patch_90,nearest,64–128,1,396,0.000,1.000,98.4063,225.2969
ROI_049/patch_90,nearest,≥128,1,54,0.050,1.000,410.0370,569.0928
ROI_049/patch_90,own,0–16,1,56,0.200,1.000,50.2112,885.0668
ROI_049/patch_90,own,16–32,1,87,0.000,1.000,32.7943,282.4246
ROI_049/patch_90,own,32–64,1,209,0.000,1.000,105.6670,355.3328
ROI_049/patch_90,own,64–128,1,867,0.000,1.000,60.0378,246.5856
ROI_049/patch_90,own,≥128,1,5013,0.000,1.000,59.7826,383.6023
ROI_049/patch_91,nearest,0–16,1,53,1.000,1.000,,
ROI_049/patch_91,nearest,16–32,1,63,0.000,1.000,313.4164,398.7232
ROI_049/patch_91,nearest,32–64,1,177,0.950,1.000,592.5233,596.6550
ROI_049/patch_91,nearest,64–128,1,228,0.950,1.000,541.5201,601.5375
ROI_049/patch_91,nearest,≥128,1,114,0.000,1.000,265.1357,334.6597
ROI_049/patch_91,own,0–16,1,53,1.000,1.000,,
ROI_049/patch_91,own,16–32,1,63,0.000,1.000,316.5598,401.8342
ROI_049/patch_91,own,32–64,1,247,1.000,1.000,,
ROI_049/patch_91,own,64–128,1,742,0.950,1.000,685.0466,761.5284
ROI_049/patch_91,own,≥128,1,3975,0.650,1.000,340.1590,379.4451
ROI_049/patch_93,nearest,0–16,0,39,nan,nan,,
ROI_049/patch_93,nearest,16–32,1,82,0.000,1.000,279.8085,477.3378
ROI_049/patch_93,nearest,32–64,1,161,0.100,1.000,343.9426,467.3512
ROI_049/patch_93,nearest,64–128,1,107,0.100,1.000,357.5645,458.1654
ROI_049/patch_93,nearest,≥128,1,88,1.000,1.000,,
ROI_049/patch_93,own,0–16,0,39,nan,nan,,
ROI_049/patch_93,own,16–32,1,82,0.000,1.000,269.7992,480.9788
ROI_049/patch_93,own,32–64,1,204,0.000,1.000,362.2745,515.1147
ROI_049/patch_93,own,64–128,1,539,0.000,1.000,238.8400,325.1848
ROI_049/patch_93,own,≥128,1,2952,0.200,1.000,254.8488,416.9049
ROI_049/patch_96,nearest,0–16,1,67,1.000,1.000,,
ROI_049/patch_96,nearest,16–32,1,118,0.350,1.000,547.7112,724.0494
ROI_049/patch_96,nearest,32–64,1,195,0.850,1.000,484.9530,611.9038
ROI_049/patch_96,nearest,64–128,1,208,1.000,1.000,,
ROI_049/patch_96,nearest,≥128,1,160,1.000,1.000,,
ROI_049/patch_96,own,0–16,1,67,1.000,1.000,,
ROI_049/patch_96,own,16–32,1,119,0.350,1.000,516.9299,650.4044
ROI_049/patch_96,own,32–64,1,235,0.900,1.000,633.6242,788.1881
ROI_049/patch_96,own,64–128,1,735,1.000,1.000,,
ROI_049/patch_96,own,≥128,1,4828,1.000,1.000,,
ROI_049/patch_98,nearest,0–16,0,19,nan,nan,,
ROI_049/patch_98,nearest,16–32,1,55,1.000,1.000,,
ROI_049/patch_98,nearest,32–64,1,121,1.000,1.000,,
ROI_049/patch_98,nearest,64–128,1,189,1.000,1.000,,
ROI_049/patch_98,nearest,≥128,1,100,1.000,1.000,,
ROI_049/patch_98,own,0–16,0,19,nan,nan,,
ROI_049/patch_98,own,16–32,1,56,1.000,1.000,,
ROI_049/patch_98,own,32–64,1,242,1.000,1.000,,
ROI_049/patch_98,own,64–128,1,669,1.000,1.000,,
ROI_049/patch_98,own,≥128,1,2886,1.000,1.000,,
ROI_049/patch_99,,,excluded,,,,,
ROI_049/patch_103,,,excluded,,,,,
ROI_049/patch_104,nearest,0–16,1,52,1.000,1.000,,
ROI_049/patch_104,nearest,16–32,1,78,0.950,1.000,548.7998,584.2745
ROI_049/patch_104,nearest,32–64,1,195,1.000,1.000,,
ROI_049/patch_104,nearest,64–128,1,256,1.000,1.000,,
ROI_049/patch_104,nearest,≥128,1,100,1.000,1.000,,
ROI_049/patch_104,own,0–16,1,52,1.000,1.000,,
ROI_049/patch_104,own,16–32,1,78,0.950,1.000,432.0656,461.8859
ROI_049/patch_104,own,32–64,1,214,1.000,1.000,,
ROI_049/patch_104,own,64–128,1,632,1.000,1.000,,
ROI_049/patch_104,own,≥128,1,4472,1.000,1.000,,
ROI_049/patch_105,nearest,0–16,1,44,0.000,1.000,304.0685,353.4248
ROI_049/patch_105,nearest,16–32,1,73,1.000,1.000,,
ROI_049/patch_105,nearest,32–64,1,221,1.000,1.000,,
ROI_049/patch_105,nearest,64–128,1,377,0.950,1.000,651.2054,703.7953
ROI_049/patch_105,nearest,≥128,1,91,1.000,1.000,,
ROI_049/patch_105,own,0–16,1,44,0.000,1.000,274.9727,325.5014
ROI_049/patch_105,own,16–32,1,73,1.000,1.000,,
ROI_049/patch_105,own,32–64,1,252,1.000,1.000,,
ROI_049/patch_105,own,64–128,1,696,1.000,1.000,,
ROI_049/patch_105,own,≥128,1,5383,1.000,1.000,,
ROI_049/patch_106,nearest,0–16,0,36,nan,nan,,
ROI_049/patch_106,nearest,16–32,1,51,1.000,1.000,,
ROI_049/patch_106,nearest,32–64,1,161,1.000,1.000,,
ROI_049/patch_106,nearest,64–128,1,343,1.000,1.000,,
ROI_049/patch_106,nearest,≥128,1,68,1.000,1.000,,
ROI_049/patch_106,own,0–16,0,36,nan,nan,,
ROI_049/patch_106,own,16–32,1,51,1.000,1.000,,
ROI_049/patch_106,own,32–64,1,178,1.000,1.000,,
ROI_049/patch_106,own,64–128,1,738,1.000,1.000,,
ROI_049/patch_106,own,≥128,1,4269,1.000,1.000,,
ROI_049/patch_107,nearest,0–16,1,98,0.000,1.000,165.8690,172.5309
ROI_049/patch_107,nearest,16–32,1,181,0.000,1.000,42.1794,90.6340
ROI_049/patch_107,nearest,32–64,1,379,0.000,1.000,78.1081,136.3752
ROI_049/patch_107,nearest,64–128,1,664,0.000,1.000,372.2470,468.7134
ROI_049/patch_107,nearest,≥128,1,164,0.200,1.000,392.2143,543.0133
ROI_049/patch_107,own,0–16,1,98,0.000,1.000,169.1652,175.5603
ROI_049/patch_107,own,16–32,1,181,0.000,1.000,26.6754,76.0061
ROI_049/patch_107,own,32–64,1,384,0.000,1.000,116.3885,172.7277
ROI_049/patch_107,own,64–128,1,1463,0.000,1.000,239.5021,321.9198
ROI_049/patch_107,own,≥128,1,9762,0.000,1.000,268.8890,350.6649
ROI_049/patch_108,nearest,0–16,1,51,1.000,1.000,,
ROI_049/patch_108,nearest,16–32,1,117,1.000,1.000,,
ROI_049/patch_108,nearest,32–64,1,295,1.000,1.000,,
ROI_049/patch_108,nearest,64–128,1,323,1.000,1.000,,
ROI_049/patch_108,nearest,≥128,1,177,1.000,1.000,,
ROI_049/patch_108,own,0–16,1,51,1.000,1.000,,
ROI_049/patch_108,own,16–32,1,117,1.000,1.000,,
ROI_049/patch_108,own,32–64,1,309,1.000,1.000,,
ROI_049/patch_108,own,64–128,1,845,1.000,1.000,,
ROI_049/patch_108,own,≥128,1,6382,1.000,1.000,,
ROI_049/patch_109,nearest,0–16,1,59,0.000,1.000,125.6243,262.7715
ROI_049/patch_109,nearest,16–32,1,109,0.000,1.000,356.6820,445.2901
ROI_049/patch_109,nearest,32–64,1,244,0.000,1.000,213.0758,438.4409
ROI_049/patch_109,nearest,64–128,1,535,0.000,1.000,356.5981,449.4939
ROI_049/patch_109,nearest,≥128,1,226,0.000,1.000,452.8580,967.5109
ROI_049/patch_109,own,0–16,1,59,0.000,1.000,123.8066,262.0464
ROI_049/patch_109,own,16–32,1,109,0.000,1.000,320.9245,395.1545
ROI_049/patch_109,own,32–64,1,244,0.000,1.000,232.7863,434.9037
ROI_049/patch_109,own,64–128,1,980,0.000,1.000,213.4910,293.2593
ROI_049/patch_109,own,≥128,1,7992,0.000,1.000,304.7405,397.3009
ROI_049/patch_110,nearest,0–16,1,53,0.000,1.000,370.7934,378.3903
ROI_049/patch_110,nearest,16–32,1,118,0.050,1.000,372.5342,392.2060
ROI_049/patch_110,nearest,32–64,1,268,0.900,1.000,449.2194,539.3423
ROI_049/patch_110,nearest,64–128,1,368,1.000,1.000,,
ROI_049/patch_110,nearest,≥128,1,144,0.350,1.000,857.2487,1387.5472
ROI_049/patch_110,own,0–16,1,53,0.000,1.000,346.8987,354.8620
ROI_049/patch_110,own,16–32,1,118,0.100,1.000,383.1911,398.5328
ROI_049/patch_110,own,32–64,1,293,0.850,1.000,512.7511,580.6220
ROI_049/patch_110,own,64–128,1,723,0.950,1.000,354.1443,910.0808
ROI_049/patch_110,own,≥128,1,6421,0.800,1.000,407.9549,521.7641
ROI_049/patch_111,nearest,0–16,1,84,0.000,1.000,46.4444,52.1313
ROI_049/patch_111,nearest,16–32,1,120,0.000,1.000,170.1286,192.3898
ROI_049/patch_111,nearest,32–64,1,259,0.150,1.000,277.5971,384.8930
ROI_049/patch_111,nearest,64–128,1,476,0.050,1.000,344.9548,498.0198
ROI_049/patch_111,nearest,≥128,1,199,0.000,1.000,297.8150,608.0864
ROI_049/patch_111,own,0–16,1,84,0.000,1.000,47.1582,52.7251
ROI_049/patch_111,own,16–32,1,120,0.000,1.000,145.9240,172.2309
ROI_049/patch_111,own,32–64,1,259,0.150,1.000,348.9041,470.3453
ROI_049/patch_111,own,64–128,1,1067,0.000,1.000,187.9004,289.5191
ROI_049/patch_111,own,≥128,1,7574,0.000,1.000,216.7597,305.9975
ROI_049/patch_112,nearest,0–16,1,65,0.000,1.000,548.3310,572.6985
ROI_049/patch_112,nearest,16–32,1,108,0.350,1.000,752.4308,837.4183
ROI_049/patch_112,nearest,32–64,1,321,0.800,1.000,394.3890,451.9544
ROI_049/patch_112,nearest,64–128,1,524,0.200,1.000,308.4359,469.3153
ROI_049/patch_112,nearest,≥128,1,110,0.000,1.000,458.7757,683.4377
ROI_049/patch_112,own,0–16,1,65,0.000,1.000,552.2956,577.2120
ROI_049/patch_112,own,16–32,1,108,0.500,1.000,790.0873,866.2718
ROI_049/patch_112,own,32–64,1,321,0.800,1.000,367.8254,402.2579
ROI_049/patch_112,own,64–128,1,889,0.150,1.000,407.5087,506.8165
ROI_049/patch_112,own,≥128,1,7641,0.050,1.000,349.1994,417.0446
ROI_070/patch_0,nearest,0–16,1,43,0.000,1.000,88.1484,224.0140
ROI_070/patch_0,nearest,16–32,1,97,0.000,1.000,186.5021,298.9668
ROI_070/patch_0,nearest,32–64,1,264,0.300,1.000,314.5744,344.5103
ROI_070/patch_0,nearest,64–128,1,360,0.450,1.000,321.9378,355.2999
ROI_070/patch_0,nearest,≥128,0,26,nan,nan,,
ROI_070/patch_0,own,0–16,1,43,0.000,1.000,88.1652,224.0973
ROI_070/patch_0,own,16–32,1,97,0.000,1.000,200.7928,307.6111
ROI_070/patch_0,own,32–64,1,270,0.150,1.000,292.3754,310.4919
ROI_070/patch_0,own,64–128,1,640,0.350,1.000,421.2710,453.5016
ROI_070/patch_0,own,≥128,1,5270,0.100,1.000,259.7160,300.7041
ROI_070/patch_1,nearest,0–16,1,75,0.000,1.000,118.8131,132.0629
ROI_070/patch_1,nearest,16–32,1,144,0.000,1.000,25.3386,56.9453
ROI_070/patch_1,nearest,32–64,1,224,0.000,1.000,27.6187,54.3394
ROI_070/patch_1,nearest,64–128,1,436,0.000,1.000,327.6633,389.4602
ROI_070/patch_1,nearest,≥128,1,154,0.000,1.000,55.1772,293.8167
ROI_070/patch_1,own,0–16,1,75,0.000,1.000,119.2456,132.3124
ROI_070/patch_1,own,16–32,1,144,0.000,1.000,28.4657,60.8481
ROI_070/patch_1,own,32–64,1,226,0.000,1.000,20.6723,48.6948
ROI_070/patch_1,own,64–128,1,775,0.000,1.000,61.7239,95.0531
ROI_070/patch_1,own,≥128,1,7044,0.000,1.000,33.0589,56.2548
ROI_070/patch_2,nearest,0–16,1,51,0.000,1.000,93.5326,142.8829
ROI_070/patch_2,nearest,16–32,1,88,0.000,1.000,263.4939,450.6014
ROI_070/patch_2,nearest,32–64,1,315,0.000,1.000,191.9279,280.7768
ROI_070/patch_2,nearest,64–128,1,448,0.100,1.000,322.7071,416.0774
ROI_070/patch_2,nearest,≥128,1,126,0.000,1.000,479.0149,786.0567
ROI_070/patch_2,own,0–16,1,51,0.000,1.000,92.4536,140.7411
ROI_070/patch_2,own,16–32,1,88,0.000,1.000,299.7030,487.6167
ROI_070/patch_2,own,32–64,1,334,0.000,1.000,197.6301,324.3658
ROI_070/patch_2,own,64–128,1,924,0.100,1.000,239.5694,326.4343
ROI_070/patch_2,own,≥128,1,6827,0.000,1.000,193.8572,266.9007
ROI_070/patch_3,nearest,0–16,1,58,0.000,1.000,16.9795,31.0816
ROI_070/patch_3,nearest,16–32,1,85,0.000,1.000,108.2590,126.6481
ROI_070/patch_3,nearest,32–64,1,187,0.000,1.000,206.3608,287.3173
ROI_070/patch_3,nearest,64–128,1,402,0.000,1.000,209.8036,254.7942
ROI_070/patch_3,nearest,≥128,1,171,0.000,1.000,126.6977,148.9467
ROI_070/patch_3,own,0–16,1,58,0.000,1.000,17.4596,31.7588
ROI_070/patch_3,own,16–32,1,85,0.000,1.000,117.4361,134.1573
ROI_070/patch_3,own,32–64,1,199,0.000,1.000,187.2996,255.8712
ROI_070/patch_3,own,64–128,1,702,0.000,1.000,228.0934,273.9956
ROI_070/patch_3,own,≥128,1,6180,0.000,1.000,240.8958,278.3895
ROI_070/patch_4,nearest,0–16,1,84,0.050,1.000,170.8584,349.3121
ROI_070/patch_4,nearest,16–32,1,105,0.000,1.000,115.9558,333.9502
ROI_070/patch_4,nearest,32–64,1,275,0.050,1.000,203.5693,337.7747
ROI_070/patch_4,nearest,64–128,1,361,0.350,1.000,311.3900,609.8850
ROI_070/patch_4,nearest,≥128,1,120,0.000,1.000,52.3695,124.5676
ROI_070/patch_4,own,0–16,1,84,0.000,1.000,179.6753,382.8767
ROI_070/patch_4,own,16–32,1,105,0.000,1.000,119.8785,342.1324
ROI_070/patch_4,own,32–64,1,283,0.000,1.000,249.1972,422.7667
ROI_070/patch_4,own,64–128,1,786,0.300,1.000,222.3750,430.8030
ROI_070/patch_4,own,≥128,1,6302,0.000,1.000,197.0902,366.6840
ROI_070/patch_5,nearest,0–16,1,60,0.000,1.000,76.8129,166.5858
ROI_070/patch_5,nearest,16–32,1,145,0.000,1.000,138.3084,264.6979
ROI_070/patch_5,nearest,32–64,1,319,0.000,1.000,63.5690,96.1504
ROI_070/patch_5,nearest,64–128,1,662,0.000,1.000,24.4026,104.9688
ROI_070/patch_5,nearest,≥128,1,167,0.000,1.000,418.5885,474.0200
ROI_070/patch_5,own,0–16,1,60,0.000,1.000,74.6768,163.1025
ROI_070/patch_5,own,16–32,1,145,0.000,1.000,186.5460,310.0163
ROI_070/patch_5,own,32–64,1,324,0.000,1.000,62.9808,85.4934
ROI_070/patch_5,own,64–128,1,1375,0.000,1.000,46.9391,94.7890
ROI_070/patch_5,own,≥128,1,8920,0.000,1.000,61.9723,101.1992
ROI_070/patch_6,nearest,0–16,1,79,0.000,1.000,79.2354,151.3731
ROI_070/patch_6,nearest,16–32,1,123,0.000,1.000,52.8706,124.2591
ROI_070/patch_6,nearest,32–64,1,202,0.000,1.000,195.3580,437.0284
ROI_070/patch_6,nearest,64–128,1,296,0.000,1.000,248.2710,417.0866
ROI_070/patch_6,nearest,≥128,1,45,0.000,1.000,489.0601,764.7716
ROI_070/patch_6,own,0–16,1,79,0.000,1.000,91.9147,165.0689
ROI_070/patch_6,own,16–32,1,123,0.000,1.000,47.1095,128.9913
ROI_070/patch_6,own,32–64,1,213,0.000,1.000,222.2403,567.3956
ROI_070/patch_6,own,64–128,1,725,0.000,1.000,256.9146,430.6351
ROI_070/patch_6,own,≥128,1,4820,0.050,1.000,152.6382,283.9383
ROI_070/patch_7,nearest,0–16,1,60,0.000,1.000,28.0006,38.6000
ROI_070/patch_7,nearest,16–32,1,104,0.000,1.000,28.3548,50.6701
ROI_070/patch_7,nearest,32–64,1,247,0.000,1.000,92.0901,153.1958
ROI_070/patch_7,nearest,64–128,1,452,0.000,1.000,154.7985,335.9394
ROI_070/patch_7,nearest,≥128,1,108,0.000,1.000,119.7128,162.1825
ROI_070/patch_7,own,0–16,1,60,0.000,1.000,32.1609,44.3381
ROI_070/patch_7,own,16–32,1,104,0.000,1.000,29.4363,54.7965
ROI_070/patch_7,own,32–64,1,251,0.000,1.000,85.7861,143.5503
ROI_070/patch_7,own,64–128,1,930,0.000,1.000,131.9763,209.3957
ROI_070/patch_7,own,≥128,1,6423,0.000,1.000,72.5250,121.8808
ROI_070/patch_8,nearest,0–16,1,40,1.000,1.000,,
ROI_070/patch_8,nearest,16–32,1,78,0.000,1.000,329.7601,393.9088
ROI_070/patch_8,nearest,32–64,1,223,0.000,1.000,42.1229,245.9954
ROI_070/patch_8,nearest,64–128,1,446,0.000,1.000,98.6228,181.9613
ROI_070/patch_8,nearest,≥128,1,81,0.150,1.000,470.8231,641.8431
ROI_070/patch_8,own,0–16,1,40,1.000,1.000,,
ROI_070/patch_8,own,16–32,1,78,0.000,1.000,318.6081,380.3781
ROI_070/patch_8,own,32–64,1,231,0.000,1.000,35.3630,223.0035
ROI_070/patch_8,own,64–128,1,897,0.000,1.000,106.8507,186.3045
ROI_070/patch_8,own,≥128,1,5698,0.000,1.000,119.6131,180.8025
ROI_070/patch_9,nearest,0–16,1,43,0.000,1.000,79.9280,187.1054
ROI_070/patch_9,nearest,16–32,0,39,nan,nan,,
ROI_070/patch_9,nearest,32–64,1,135,0.000,1.000,79.0005,201.1694
ROI_070/patch_9,nearest,64–128,1,322,0.250,1.000,312.9341,390.6978
ROI_070/patch_9,nearest,≥128,1,184,0.100,1.000,488.4363,605.0412
ROI_070/patch_9,own,0–16,1,43,0.000,1.000,79.9306,187.0912
ROI_070/patch_9,own,16–32,0,39,nan,nan,,
ROI_070/patch_9,own,32–64,1,140,0.000,1.000,128.8537,280.1911
ROI_070/patch_9,own,64–128,1,602,0.000,1.000,176.2905,293.0744
ROI_070/patch_9,own,≥128,1,4960,0.100,1.000,263.4616,370.3753
ROI_070/patch_10,nearest,0–16,0,39,nan,nan,,
ROI_070/patch_10,nearest,16–32,1,72,0.000,1.000,350.2023,667.0995
ROI_070/patch_10,nearest,32–64,1,192,0.750,1.000,647.4759,675.2061
ROI_070/patch_10,nearest,64–128,1,217,0.950,1.000,688.6529,775.4146
ROI_070/patch_10,nearest,≥128,1,199,0.050,1.000,616.5878,714.4647
ROI_070/patch_10,own,0–16,0,39,nan,nan,,
ROI_070/patch_10,own,16–32,1,72,0.050,1.000,340.9253,641.8296
ROI_070/patch_10,own,32–64,1,204,0.800,1.000,553.0201,635.7398
ROI_070/patch_10,own,64–128,1,563,0.750,1.000,667.7486,809.7309
ROI_070/patch_10,own,≥128,1,4874,0.050,1.000,433.1370,480.2385
ROI_070/patch_11,nearest,0–16,1,84,0.000,1.000,354.2748,486.2438
ROI_070/patch_11,nearest,16–32,1,97,0.000,1.000,243.0265,301.4893
ROI_070/patch_11,nearest,32–64,1,154,0.050,1.000,342.8537,580.3330
ROI_070/patch_11,nearest,64–128,1,299,0.000,1.000,123.9803,171.9733
ROI_070/patch_11,nearest,≥128,0,36,nan,nan,,
ROI_070/patch_11,own,0–16,1,84,0.000,1.000,409.7379,543.6363
ROI_070/patch_11,own,16–32,1,97,0.000,1.000,295.9035,351.8668
ROI_070/patch_11,own,32–64,1,167,0.050,1.000,314.5087,582.3405
ROI_070/patch_11,own,64–128,1,716,0.000,1.000,173.6994,222.3575
ROI_070/patch_11,own,≥128,1,4296,0.000,1.000,186.4803,242.3500
ROI_070/patch_12,nearest,0–16,1,53,0.000,1.000,19.0702,33.4140
ROI_070/patch_12,nearest,16–32,1,65,0.000,1.000,142.5109,195.0417
ROI_070/patch_12,nearest,32–64,1,162,0.250,1.000,465.3833,567.6042
ROI_070/patch_12,nearest,64–128,1,301,0.250,1.000,327.9230,400.9728
ROI_070/patch_12,nearest,≥128,1,71,1.000,1.000,,
ROI_070/patch_12,own,0–16,1,53,0.000,1.000,19.2860,33.5083
ROI_070/patch_12,own,16–32,1,65,0.000,1.000,130.7660,183.2083
ROI_070/patch_12,own,32–64,1,171,0.250,1.000,504.7572,623.2792
ROI_070/patch_12,own,64–128,1,731,0.200,1.000,315.3879,387.3697
ROI_070/patch_12,own,≥128,1,4196,0.000,1.000,359.9825,423.7572
ROI_070/patch_13,nearest,0–16,1,54,0.000,1.000,47.6828,72.4732
ROI_070/patch_13,nearest,16–32,1,78,0.000,1.000,176.9284,417.1186
ROI_070/patch_13,nearest,32–64,1,150,0.000,1.000,228.6013,285.5823
ROI_070/patch_13,nearest,64–128,1,290,0.000,1.000,269.2044,301.4023
ROI_070/patch_13,nearest,≥128,1,185,0.000,1.000,15.8118,20.1004
ROI_070/patch_13,own,0–16,1,54,0.000,1.000,45.0203,69.1729
ROI_070/patch_13,own,16–32,1,78,0.000,1.000,180.2023,429.8550
ROI_070/patch_13,own,32–64,1,162,0.000,1.000,203.2401,286.1445
ROI_070/patch_13,own,64–128,1,603,0.000,1.000,322.7565,365.2421
ROI_070/patch_13,own,≥128,1,5159,0.000,1.000,156.3434,231.1971
ROI_070/patch_14,nearest,0–16,0,31,nan,nan,,
ROI_070/patch_14,nearest,16–32,1,71,0.000,1.000,787.9637,831.7817
ROI_070/patch_14,nearest,32–64,1,129,0.000,1.000,326.6293,352.1915
ROI_070/patch_14,nearest,64–128,1,278,0.050,1.000,151.0256,241.9992
ROI_070/patch_14,nearest,≥128,1,199,0.000,1.000,67.6196,99.5223
ROI_070/patch_14,own,0–16,0,31,nan,nan,,
ROI_070/patch_14,own,16–32,1,71,0.000,1.000,772.4014,814.9877
ROI_070/patch_14,own,32–64,1,129,0.050,1.000,368.7301,400.6571
ROI_070/patch_14,own,64–128,1,588,0.000,1.000,209.2539,357.1554
ROI_070/patch_14,own,≥128,1,4845,0.000,1.000,169.3506,226.0302
ROI_070/patch_15,nearest,0–16,1,60,0.000,1.000,783.1034,785.2665
ROI_070/patch_15,nearest,16–32,1,90,0.000,1.000,194.6737,214.3883
ROI_070/patch_15,nearest,32–64,1,217,0.000,1.000,408.1576,482.2611
ROI_070/patch_15,nearest,64–128,1,365,0.000,1.000,234.7605,289.3853
ROI_070/patch_15,nearest,≥128,1,128,0.000,1.000,284.3869,346.8325
ROI_070/patch_15,own,0–16,1,60,0.000,1.000,784.2131,786.4741
ROI_070/patch_15,own,16–32,1,90,0.000,1.000,163.6900,184.5326
ROI_070/patch_15,own,32–64,1,221,0.000,1.000,427.7903,506.8535
ROI_070/patch_15,own,64–128,1,826,0.000,1.000,187.0964,263.7925
ROI_070/patch_15,own,≥128,1,5683,0.000,1.000,278.1578,318.3221
ROI_070/patch_16,nearest,0–16,1,78,0.150,1.000,308.1582,407.7481
ROI_070/patch_16,nearest,16–32,1,114,0.000,1.000,134.4328,285.7364
ROI_070/patch_16,nearest,32–64,1,194,0.000,1.000,182.3764,520.2055
ROI_070/patch_16,nearest,64–128,1,310,0.000,1.000,403.1191,664.3846
ROI_070/patch_16,nearest,≥128,1,329,0.600,1.000,254.4302,489.0867
ROI_070/patch_16,own,0–16,1,78,0.050,1.000,336.7616,443.0356
ROI_070/patch_16,own,16–32,1,114,0.000,1.000,129.1137,279.9552
ROI_070/patch_16,own,32–64,1,199,0.000,1.000,212.3455,607.7582
ROI_070/patch_16,own,64–128,1,663,0.150,1.000,432.3650,822.8118
ROI_070/patch_16,own,≥128,1,7146,0.050,1.000,254.5410,427.5785
ROI_070/patch_17,nearest,0–16,1,69,0.000,1.000,43.8688,63.9222
ROI_070/patch_17,nearest,16–32,1,116,0.000,1.000,13.4996,20.3856
ROI_070/patch_17,nearest,32–64,1,205,0.000,1.000,325.8736,390.8920
ROI_070/patch_17,nearest,64–128,1,489,0.000,1.000,122.1851,224.7788
ROI_070/patch_17,nearest,≥128,1,46,0.000,1.000,744.9500,1419.1818
ROI_070/patch_17,own,0–16,1,69,0.000,1.000,44.0619,64.2654
ROI_070/patch_17,own,16–32,1,116,0.000,1.000,12.7685,19.5653
ROI_070/patch_17,own,32–64,1,208,0.000,1.000,346.5718,430.2565
ROI_070/patch_17,own,64–128,1,806,0.000,1.000,186.0492,304.5653
ROI_070/patch_17,own,≥128,1,6201,0.000,1.000,151.1908,226.7031
ROI_070/patch_18,nearest,0–16,1,53,0.000,1.000,5.8846,18.9684
ROI_070/patch_18,nearest,16–32,1,123,0.000,1.000,21.7128,99.3244
ROI_070/patch_18,nearest,32–64,1,184,0.000,1.000,32.5910,169.4591
ROI_070/patch_18,nearest,64–128,1,295,0.000,1.000,161.5726,328.2750
ROI_070/patch_18,nearest,≥128,1,45,1.000,1.000,,
ROI_070/patch_18,own,0–16,1,53,0.000,1.000,6.8586,26.8781
ROI_070/patch_18,own,16–32,1,123,0.000,1.000,22.8696,108.9661
ROI_070/patch_18,own,32–64,1,229,0.000,1.000,26.6294,167.5455
ROI_070/patch_18,own,64–128,1,736,0.050,1.000,260.7325,380.0758
ROI_070/patch_18,own,≥128,1,4459,0.000,1.000,129.7799,170.1620
ROI_070/patch_19,nearest,0–16,1,60,0.000,1.000,5.8640,38.7719
ROI_070/patch_19,nearest,16–32,1,96,0.000,1.000,16.1335,39.3589
ROI_070/patch_19,nearest,32–64,1,264,0.000,1.000,64.3080,108.1104
ROI_070/patch_19,nearest,64–128,1,457,0.000,1.000,32.8017,91.8923
ROI_070/patch_19,nearest,≥128,1,228,0.000,1.000,22.6052,34.4574
ROI_070/patch_19,own,0–16,1,60,0.000,1.000,5.8654,39.6708
ROI_070/patch_19,own,16–32,1,96,0.000,1.000,9.0537,35.7434
ROI_070/patch_19,own,32–64,1,293,0.000,1.000,46.6868,98.4746
ROI_070/patch_19,own,64–128,1,1066,0.000,1.000,15.8219,55.4849
ROI_070/patch_19,own,≥128,1,7325,0.000,1.000,16.1584,52.9465
ROI_070/patch_20,nearest,0–16,1,100,0.000,1.000,58.2078,101.3618
ROI_070/patch_20,nearest,16–32,1,150,0.000,1.000,227.4950,301.0846
ROI_070/patch_20,nearest,32–64,1,323,0.000,1.000,210.8752,238.6840
ROI_070/patch_20,nearest,64–128,1,386,0.050,1.000,296.3375,353.9781
ROI_070/patch_20,nearest,≥128,1,89,0.000,1.000,14.6450,30.5951
ROI_070/patch_20,own,0–16,1,100,0.000,1.000,57.5069,101.9170
ROI_070/patch_20,own,16–32,1,150,0.000,1.000,223.0728,295.0552
ROI_070/patch_20,own,32–64,1,325,0.000,1.000,205.9567,239.4286
ROI_070/patch_20,own,64–128,1,954,0.100,1.000,294.7370,341.2110
ROI_070/patch_20,own,≥128,1,6855,0.000,1.000,166.2237,206.0351
ROI_070/patch_21,nearest,0–16,1,97,0.000,1.000,22.2510,23.3985
ROI_070/patch_21,nearest,16–32,1,162,0.000,1.000,53.3929,71.4117
ROI_070/patch_21,nearest,32–64,1,194,0.000,1.000,124.7213,200.3960
ROI_070/patch_21,nearest,64–128,1,454,0.000,1.000,52.3080,80.2210
ROI_070/patch_21,nearest,≥128,1,209,0.000,1.000,119.9862,286.0341
ROI_070/patch_21,own,0–16,1,97,0.000,1.000,23.4776,24.6443
ROI_070/patch_21,own,16–32,1,162,0.000,1.000,38.9424,67.1262
ROI_070/patch_21,own,32–64,1,201,0.000,1.000,161.9434,225.1329
ROI_070/patch_21,own,64–128,1,1038,0.000,1.000,46.4366,77.8373
ROI_070/patch_21,own,≥128,1,7430,0.000,1.000,65.9540,101.2583
ROI_070/patch_22,nearest,0–16,1,57,0.000,1.000,23.1287,25.8557
ROI_070/patch_22,nearest,16–32,1,93,0.000,1.000,225.9308,235.2440
ROI_070/patch_22,nearest,32–64,1,243,0.500,1.000,924.0561,953.7540
ROI_070/patch_22,nearest,64–128,1,395,0.000,1.000,166.2946,181.4913
ROI_070/patch_22,nearest,≥128,1,143,0.050,1.000,101.3548,169.2399
ROI_070/patch_22,own,0–16,1,57,0.000,1.000,23.7509,26.4828
ROI_070/patch_22,own,16–32,1,93,0.000,1.000,204.7967,214.2337
ROI_070/patch_22,own,32–64,1,265,0.550,1.000,824.5771,844.4150
ROI_070/patch_22,own,64–128,1,908,0.000,1.000,148.5007,214.7992
ROI_070/patch_22,own,≥128,1,6125,0.000,1.000,157.4934,192.1465
ROI_070/patch_23,nearest,0–16,1,62,0.000,1.000,41.1125,344.7411
ROI_070/patch_23,nearest,16–32,1,126,0.000,1.000,13.3553,50.1849
ROI_070/patch_23,nearest,32–64,1,249,0.000,1.000,113.7815,272.2364
ROI_070/patch_23,nearest,64–128,1,474,0.000,1.000,137.5047,337.1119
ROI_070/patch_23,nearest,≥128,1,153,0.000,1.000,211.4961,311.4179
ROI_070/patch_23,own,0–16,1,62,0.000,1.000,40.7223,346.7821
ROI_070/patch_23,own,16–32,1,126,0.000,1.000,15.8259,44.2214
ROI_070/patch_23,own,32–64,1,288,0.000,1.000,91.6964,229.6138
ROI_070/patch_23,own,64–128,1,1165,0.000,1.000,115.5839,196.5930
ROI_070/patch_23,own,≥128,1,6871,0.000,1.000,114.8551,193.3005
ROI_070/patch_24,nearest,0–16,1,74,0.000,1.000,57.2279,65.9339
ROI_070/patch_24,nearest,16–32,1,126,0.000,1.000,22.1610,46.9970
ROI_070/patch_24,nearest,32–64,1,276,0.000,1.000,152.7423,252.9076
ROI_070/patch_24,nearest,64–128,1,354,0.000,1.000,208.9049,304.0405
ROI_070/patch_24,nearest,≥128,1,63,0.000,1.000,143.5599,164.2842
ROI_070/patch_24,own,0–16,1,74,0.000,1.000,57.9302,67.0654
ROI_070/patch_24,own,16–32,1,126,0.000,1.000,22.7724,47.9215
ROI_070/patch_24,own,32–64,1,276,0.000,1.000,192.6728,307.2274
ROI_070/patch_24,own,64–128,1,565,0.000,1.000,97.3149,183.3028
ROI_070/patch_24,own,≥128,1,6103,0.000,1.000,123.1834,203.5159
ROI_070/patch_25,nearest,0–16,1,68,0.000,1.000,17.7953,24.5965
ROI_070/patch_25,nearest,16–32,1,114,0.000,1.000,54.8804,130.7044
ROI_070/patch_25,nearest,32–64,1,218,0.000,1.000,359.3091,451.5537
ROI_070/patch_25,nearest,64–128,1,503,0.000,1.000,88.9762,115.9954
ROI_070/patch_25,nearest,≥128,1,269,0.000,1.000,51.2941,223.2038
ROI_070/patch_25,own,0–16,1,68,0.000,1.000,18.0765,24.8072
ROI_070/patch_25,own,16–32,1,114,0.000,1.000,60.1443,135.5063
ROI_070/patch_25,own,32–64,1,271,0.000,1.000,324.2672,403.2081
ROI_070/patch_25,own,64–128,1,898,0.000,1.000,97.2920,131.2154
ROI_070/patch_25,own,≥128,1,8025,0.000,1.000,75.1011,138.2910
ROI_070/patch_26,nearest,0–16,1,57,0.000,1.000,7.9535,35.2973
ROI_070/patch_26,nearest,16–32,1,104,0.000,1.000,16.7261,172.4049
ROI_070/patch_26,nearest,32–64,1,252,0.000,1.000,55.6911,262.1367
ROI_070/patch_26,nearest,64–128,1,374,0.000,1.000,72.4616,106.5184
ROI_070/patch_26,nearest,≥128,0,37,nan,nan,,
ROI_070/patch_26,own,0–16,1,57,0.000,1.000,7.8732,36.3375
ROI_070/patch_26,own,16–32,1,104,0.000,1.000,18.8594,224.1408
ROI_070/patch_26,own,32–64,1,261,0.000,1.000,55.5326,247.3089
ROI_070/patch_26,own,64–128,1,738,0.000,1.000,111.9454,174.9588
ROI_070/patch_26,own,≥128,1,5432,0.000,1.000,63.1509,142.9962
ROI_070/patch_27,nearest,0–16,1,81,0.000,1.000,1.5131,25.8985
ROI_070/patch_27,nearest,16–32,1,68,0.000,1.000,26.3021,41.8844
ROI_070/patch_27,nearest,32–64,1,129,0.000,1.000,132.7257,243.2384
ROI_070/patch_27,nearest,64–128,1,404,0.000,1.000,54.6450,114.8946
ROI_070/patch_27,nearest,≥128,1,345,0.000,1.000,28.0144,72.6017
ROI_070/patch_27,own,0–16,1,81,0.000,1.000,1.3438,26.9656
ROI_070/patch_27,own,16–32,1,68,0.000,1.000,24.7432,42.2002
ROI_070/patch_27,own,32–64,1,150,0.000,1.000,175.9364,283.3808
ROI_070/patch_27,own,64–128,1,776,0.000,1.000,61.3783,137.4264
ROI_070/patch_27,own,≥128,1,7141,0.000,1.000,41.1380,118.2139
ROI_070/patch_28,nearest,0–16,1,78,0.000,1.000,48.1932,85.2142
ROI_070/patch_28,nearest,16–32,1,128,0.000,1.000,28.0249,85.5920
ROI_070/patch_28,nearest,32–64,1,188,0.000,1.000,134.8477,264.3996
ROI_070/patch_28,nearest,64–128,1,333,0.000,1.000,62.9902,413.4298
ROI_070/patch_28,nearest,≥128,1,138,0.600,1.000,315.9584,693.7082
ROI_070/patch_28,own,0–16,1,78,0.000,1.000,49.2865,89.7576
ROI_070/patch_28,own,16–32,1,128,0.000,1.000,30.1479,84.3408
ROI_070/patch_28,own,32–64,1,189,0.000,1.000,134.4342,282.4448
ROI_070/patch_28,own,64–128,1,776,0.000,1.000,57.2172,152.8850
ROI_070/patch_28,own,≥128,1,5749,0.000,1.000,61.8942,112.3205
ROI_070/patch_29,nearest,0–16,1,70,0.000,1.000,31.3506,166.6097
ROI_070/patch_29,nearest,16–32,1,120,0.000,1.000,86.1638,263.0561
ROI_070/patch_29,nearest,32–64,1,235,0.000,1.000,211.0087,334.0340
ROI_070/patch_29,nearest,64–128,1,475,0.000,1.000,196.6992,295.1487
ROI_070/patch_29,nearest,≥128,1,100,0.000,1.000,50.9072,83.3784
ROI_070/patch_29,own,0–16,1,70,0.000,1.000,28.5125,142.9891
ROI_070/patch_29,own,16–32,1,120,0.000,1.000,94.8497,274.8365
ROI_070/patch_29,own,32–64,1,242,0.000,1.000,203.6989,326.5245
ROI_070/patch_29,own,64–128,1,1135,0.000,1.000,152.6295,237.1267
ROI_070/patch_29,own,≥128,1,6433,0.000,1.000,122.2661,192.8917
ROI_070/patch_31,nearest,0–16,1,69,0.000,1.000,7.0411,12.3082
ROI_070/patch_31,nearest,16–32,1,123,0.000,1.000,28.0263,42.2988
ROI_070/patch_31,nearest,32–64,1,307,0.000,1.000,50.4126,99.8288
ROI_070/patch_31,nearest,64–128,1,325,0.000,1.000,34.2189,80.9412
ROI_070/patch_31,nearest,≥128,1,140,1.000,1.000,,
ROI_070/patch_31,own,0–16,1,69,0.000,1.000,7.9824,13.1970
ROI_070/patch_31,own,16–32,1,123,0.000,1.000,28.2543,45.6603
ROI_070/patch_31,own,32–64,1,450,0.000,1.000,43.5553,91.4745
ROI_070/patch_31,own,64–128,1,1149,0.000,1.000,30.7259,51.2176
ROI_070/patch_31,own,≥128,1,5921,0.000,1.000,48.8968,87.3508
ROI_070/patch_33,nearest,0–16,1,64,0.000,1.000,9.4897,11.4401
ROI_070/patch_33,nearest,16–32,1,108,0.000,1.000,5.4369,15.2511
ROI_070/patch_33,nearest,32–64,1,248,0.000,1.000,55.0891,117.2900
ROI_070/patch_33,nearest,64–128,1,375,0.000,1.000,147.9317,255.9620
ROI_070/patch_33,nearest,≥128,1,41,0.000,1.000,100.8282,163.8826
ROI_070/patch_33,own,0–16,1,64,0.000,1.000,9.5669,11.5454
ROI_070/patch_33,own,16–32,1,108,0.000,1.000,5.5765,15.0060
ROI_070/patch_33,own,32–64,1,268,0.000,1.000,58.7736,134.5750
ROI_070/patch_33,own,64–128,1,887,0.000,1.000,67.8119,182.7631
ROI_070/patch_33,own,≥128,1,5361,0.000,1.000,71.2498,149.4879
ROI_070/patch_35,nearest,0–16,1,78,0.000,1.000,116.4344,126.1449
ROI_070/patch_35,nearest,16–32,1,99,0.000,1.000,62.6835,138.5245
ROI_070/patch_35,nearest,32–64,1,199,0.000,1.000,175.9714,249.0092
ROI_070/patch_35,nearest,64–128,1,526,0.000,1.000,145.0246,397.0035
ROI_070/patch_35,nearest,≥128,1,156,0.000,1.000,35.8982,63.3722
ROI_070/patch_35,own,0–16,1,78,0.000,1.000,121.7245,132.8192
ROI_070/patch_35,own,16–32,1,99,0.000,1.000,60.3275,139.5396
ROI_070/patch_35,own,32–64,1,199,0.000,1.000,146.1188,220.7840
ROI_070/patch_35,own,64–128,1,887,0.000,1.000,162.8948,314.3674
ROI_070/patch_35,own,≥128,1,7201,0.000,1.000,58.2451,110.7145
ROI_070/patch_36,nearest,0–16,1,89,0.000,1.000,211.1493,294.9359
ROI_070/patch_36,nearest,16–32,1,128,0.000,1.000,94.6642,138.2345
ROI_070/patch_36,nearest,32–64,1,313,0.000,1.000,35.4418,59.3142
ROI_070/patch_36,nearest,64–128,1,527,0.000,1.000,68.4140,117.9119
ROI_070/patch_36,nearest,≥128,1,59,0.550,1.000,1229.0745,1275.4388
ROI_070/patch_36,own,0–16,1,89,0.000,1.000,218.6445,300.0720
ROI_070/patch_36,own,16–32,1,128,0.000,1.000,85.8037,124.9926
ROI_070/patch_36,own,32–64,1,333,0.000,1.000,42.6004,65.6873
ROI_070/patch_36,own,64–128,1,1123,0.000,1.000,60.5709,88.3038
ROI_070/patch_36,own,≥128,1,7255,0.000,1.000,65.6870,122.4212
ROI_070/patch_37,nearest,0–16,1,75,0.000,1.000,9.7096,10.5296
ROI_070/patch_37,nearest,16–32,1,131,0.000,1.000,19.5607,41.1592
ROI_070/patch_37,nearest,32–64,1,229,0.000,1.000,58.1605,285.1368
ROI_070/patch_37,nearest,64–128,1,304,0.000,1.000,126.4485,222.1898
ROI_070/patch_37,nearest,≥128,1,165,0.450,1.000,442.2633,559.7738
ROI_070/patch_37,own,0–16,1,75,0.000,1.000,9.5429,10.3752
ROI_070/patch_37,own,16–32,1,131,0.000,1.000,15.8255,37.4871
ROI_070/patch_37,own,32–64,1,268,0.000,1.000,71.7333,333.2720
ROI_070/patch_37,own,64–128,1,1024,0.000,1.000,54.6786,189.8127
ROI_070/patch_37,own,≥128,1,5734,0.000,1.000,56.7242,135.8329
ROI_070/patch_38,nearest,0–16,1,51,0.000,1.000,5.7128,6.7949
ROI_070/patch_38,nearest,16–32,1,53,0.000,1.000,59.4633,75.6120
ROI_070/patch_38,nearest,32–64,1,149,0.000,1.000,89.9624,290.3306
ROI_070/patch_38,nearest,64–128,1,275,0.350,1.000,466.3031,916.7509
ROI_070/patch_38,nearest,≥128,1,103,0.000,1.000,300.9979,538.5038
ROI_070/patch_38,own,0–16,1,51,0.000,1.000,5.7098,6.7917
ROI_070/patch_38,own,16–32,1,61,0.000,1.000,57.0642,66.9976
ROI_070/patch_38,own,32–64,1,179,0.000,1.000,198.9720,454.2225
ROI_070/patch_38,own,64–128,1,532,0.000,1.000,171.5713,436.5836
ROI_070/patch_38,own,≥128,1,4225,0.050,1.000,127.5037,326.6786
ROI_070/patch_39,nearest,0–16,1,45,0.000,1.000,380.1448,400.9287
ROI_070/patch_39,nearest,16–32,1,109,0.000,1.000,26.8987,84.6072
ROI_070/patch_39,nearest,32–64,1,182,0.000,1.000,83.9099,155.9929
ROI_070/patch_39,nearest,64–128,1,313,0.000,1.000,97.5360,144.0463
ROI_070/patch_39,nearest,≥128,1,87,0.000,1.000,34.0469,78.0176
ROI_070/patch_39,own,0–16,1,45,0.000,1.000,380.4593,401.2424
ROI_070/patch_39,own,16–32,1,109,0.000,1.000,27.5982,93.9364
ROI_070/patch_39,own,32–64,1,201,0.000,1.000,100.0486,169.5465
ROI_070/patch_39,own,64–128,1,746,0.000,1.000,55.4544,74.9739
ROI_070/patch_39,own,≥128,1,4787,0.000,1.000,46.0323,81.1656
ROI_070/patch_40,nearest,0–16,0,30,nan,nan,,
ROI_070/patch_40,nearest,16–32,1,63,0.000,1.000,743.6076,791.6593
ROI_070/patch_40,nearest,32–64,1,157,0.050,1.000,442.0537,516.3453
ROI_070/patch_40,nearest,64–128,1,574,0.000,1.000,206.5537,253.7869
ROI_070/patch_40,nearest,≥128,1,89,1.000,1.000,,
ROI_070/patch_40,own,0–16,0,30,nan,nan,,
ROI_070/patch_40,own,16–32,1,63,0.000,1.000,756.4032,822.4188
ROI_070/patch_40,own,32–64,1,159,0.100,1.000,364.4457,481.2127
ROI_070/patch_40,own,64–128,1,924,0.000,1.000,267.6901,325.9332
ROI_070/patch_40,own,≥128,1,6128,0.000,1.000,261.2695,323.7613
ROI_070/patch_41,nearest,0–16,0,31,nan,nan,,
ROI_070/patch_41,nearest,16–32,1,67,0.000,1.000,81.9533,134.0449
ROI_070/patch_41,nearest,32–64,1,147,0.000,1.000,256.5639,702.2512
ROI_070/patch_41,nearest,64–128,1,296,0.000,1.000,190.7684,343.2116
ROI_070/patch_41,nearest,≥128,1,189,0.000,1.000,152.2660,396.3350
ROI_070/patch_41,own,0–16,0,31,nan,nan,,
ROI_070/patch_41,own,16–32,1,68,0.000,1.000,82.9032,134.9136
ROI_070/patch_41,own,32–64,1,158,0.000,1.000,197.4235,396.2011
ROI_070/patch_41,own,64–128,1,487,0.000,1.000,66.4969,211.2369
ROI_070/patch_41,own,≥128,1,5096,0.000,1.000,173.7946,258.5486
ROI_070/patch_42,nearest,0–16,1,59,0.000,1.000,185.1276,247.7833
ROI_070/patch_42,nearest,16–32,1,84,0.000,1.000,177.2160,447.7395
ROI_070/patch_42,nearest,32–64,1,139,0.000,1.000,286.3811,515.4560
ROI_070/patch_42,nearest,64–128,1,264,0.150,1.000,608.3405,803.3056
ROI_070/patch_42,nearest,≥128,1,293,0.250,1.000,377.3365,494.8736
ROI_070/patch_42,own,0–16,1,59,0.000,1.000,178.0949,240.9061
ROI_070/patch_42,own,16–32,1,84,0.000,1.000,175.9390,434.4596
ROI_070/patch_42,own,32–64,1,150,0.000,1.000,262.6759,426.1067
ROI_070/patch_42,own,64–128,1,632,0.150,1.000,444.6294,710.9097
ROI_070/patch_42,own,≥128,1,5787,0.000,1.000,397.1844,584.3893
ROI_070/patch_43,nearest,0–16,1,83,0.000,1.000,20.1997,23.0908
ROI_070/patch_43,nearest,16–32,1,131,0.000,1.000,152.2087,176.0727
ROI_070/patch_43,nearest,32–64,1,188,0.000,1.000,48.4514,108.8476
ROI_070/patch_43,nearest,64–128,1,389,0.050,1.000,266.7698,373.2593
ROI_070/patch_43,nearest,≥128,1,69,0.050,1.000,274.2528,345.7740
ROI_070/patch_43,own,0–16,1,83,0.000,1.000,22.8375,25.6601
ROI_070/patch_43,own,16–32,1,131,0.000,1.000,164.8836,186.8857
ROI_070/patch_43,own,32–64,1,188,0.000,1.000,61.8084,111.1890
ROI_070/patch_43,own,64–128,1,782,0.000,1.000,242.0117,319.6968
ROI_070/patch_43,own,≥128,1,5696,0.000,1.000,169.0874,203.8437
ROI_070/patch_45,nearest,0–16,1,61,0.000,1.000,3.3868,19.5115
ROI_070/patch_45,nearest,16–32,1,118,0.000,1.000,5.9521,178.7874
ROI_070/patch_45,nearest,32–64,1,190,0.000,1.000,73.1616,152.9925
ROI_070/patch_45,nearest,64–128,1,368,0.000,1.000,146.2599,198.9263
ROI_070/patch_45,nearest,≥128,1,45,0.000,1.000,23.6177,75.2468
ROI_070/patch_45,own,0–16,1,61,0.000,1.000,3.2014,21.5891
ROI_070/patch_45,own,16–32,1,118,0.000,1.000,5.6346,172.3301
ROI_070/patch_45,own,32–64,1,226,0.000,1.000,78.9450,181.4625
ROI_070/patch_45,own,64–128,1,766,0.000,1.000,177.0678,229.4665
ROI_070/patch_45,own,≥128,1,5085,0.000,1.000,65.5065,107.6069
ROI_070/patch_46,nearest,0–16,1,79,0.000,1.000,177.7608,187.3776
ROI_070/patch_46,nearest,16–32,1,122,0.000,1.000,17.2965,22.6157
ROI_070/patch_46,nearest,32–64,1,195,0.000,1.000,79.8025,141.4080
ROI_070/patch_46,nearest,64–128,1,294,0.000,1.000,106.2828,144.2589
ROI_070/patch_46,nearest,≥128,1,48,0.000,1.000,77.1067,744.3096
ROI_070/patch_46,own,0–16,1,79,0.000,1.000,185.0855,194.2213
ROI_070/patch_46,own,16–32,1,122,0.000,1.000,15.1359,21.2408
ROI_070/patch_46,own,32–64,1,219,0.000,1.000,101.5099,168.0131
ROI_070/patch_46,own,64–128,1,686,0.000,1.000,110.1287,156.0645
ROI_070/patch_46,own,≥128,1,4798,0.000,1.000,46.6547,78.1580
ROI_070/patch_47,nearest,0–16,1,52,0.000,1.000,108.4820,110.1663
ROI_070/patch_47,nearest,16–32,1,68,0.000,1.000,101.6851,174.1000
ROI_070/patch_47,nearest,32–64,1,155,0.000,1.000,50.2600,82.3751
ROI_070/patch_47,nearest,64–128,1,226,0.050,1.000,318.6979,445.1726
ROI_070/patch_47,nearest,≥128,1,218,0.000,1.000,257.1880,288.9791
ROI_070/patch_47,own,0–16,1,52,0.000,1.000,108.3456,110.0405
ROI_070/patch_47,own,16–32,1,68,0.000,1.000,107.5318,176.4190
ROI_070/patch_47,own,32–64,1,185,0.000,1.000,43.8418,88.4032
ROI_070/patch_47,own,64–128,1,662,0.000,1.000,272.3184,341.5295
ROI_070/patch_47,own,≥128,1,4785,0.000,1.000,119.8193,174.6782
ROI_070/patch_48,nearest,0–16,0,38,nan,nan,,
ROI_070/patch_48,nearest,16–32,1,54,0.000,1.000,90.4345,122.7736
ROI_070/patch_48,nearest,32–64,1,126,0.100,1.000,439.3346,643.6710
ROI_070/patch_48,nearest,64–128,1,240,1.000,1.000,,
ROI_070/patch_48,nearest,≥128,1,80,1.000,1.000,,
ROI_070/patch_48,own,0–16,0,38,nan,nan,,
ROI_070/patch_48,own,16–32,1,54,0.000,1.000,81.6268,113.1893
ROI_070/patch_48,own,32–64,1,132,0.100,1.000,406.4031,573.7822
ROI_070/patch_48,own,64–128,1,488,0.900,1.000,524.6325,681.4776
ROI_070/patch_48,own,≥128,1,3592,0.600,1.000,454.4728,553.9129
ROI_070/patch_49,nearest,0–16,0,39,nan,nan,,
ROI_070/patch_49,nearest,16–32,1,69,0.000,1.000,235.0698,400.8445
ROI_070/patch_49,nearest,32–64,1,142,0.400,1.000,319.9753,402.5648
ROI_070/patch_49,nearest,64–128,1,358,0.050,1.000,279.2407,423.0907
ROI_070/patch_49,nearest,≥128,0,38,nan,nan,,
ROI_070/patch_49,own,0–16,0,39,nan,nan,,
ROI_070/patch_49,own,16–32,1,75,0.000,1.000,250.6797,416.9101
ROI_070/patch_49,own,32–64,1,165,0.000,1.000,346.0913,430.5342
ROI_070/patch_49,own,64–128,1,575,0.000,1.000,265.6816,465.8553
ROI_070/patch_49,own,≥128,1,4314,0.000,1.000,208.1752,379.9672
ROI_070/patch_50,nearest,0–16,1,53,0.000,1.000,219.1192,620.8136
ROI_070/patch_50,nearest,16–32,1,96,0.000,1.000,46.9982,63.8417
ROI_070/patch_50,nearest,32–64,1,231,0.000,1.000,82.7438,172.6958
ROI_070/patch_50,nearest,64–128,1,313,0.000,1.000,73.8680,185.2559
ROI_070/patch_50,nearest,≥128,0,34,nan,nan,,
ROI_070/patch_50,own,0–16,1,53,0.000,1.000,219.0454,620.3670
ROI_070/patch_50,own,16–32,1,96,0.000,1.000,43.4686,60.4497
ROI_070/patch_50,own,32–64,1,249,0.000,1.000,125.4557,218.0572
ROI_070/patch_50,own,64–128,1,729,0.000,1.000,105.5701,206.0930
ROI_070/patch_50,own,≥128,1,4689,0.000,1.000,86.6703,182.6774
ROI_070/patch_51,nearest,0–16,0,39,nan,nan,,
ROI_070/patch_51,nearest,16–32,1,62,0.000,1.000,15.8709,28.1543
ROI_070/patch_51,nearest,32–64,1,195,0.000,1.000,165.1459,208.1231
ROI_070/patch_51,nearest,64–128,1,343,0.000,1.000,314.7257,443.1007
ROI_070/patch_51,nearest,≥128,1,89,1.000,1.000,,
ROI_070/patch_51,own,0–16,0,39,nan,nan,,
ROI_070/patch_51,own,16–32,1,62,0.000,1.000,19.0313,32.8412
ROI_070/patch_51,own,32–64,1,230,0.000,1.000,219.8158,277.2275
ROI_070/patch_51,own,64–128,1,886,0.000,1.000,417.2186,522.0863
ROI_070/patch_51,own,≥128,1,4607,0.000,1.000,134.9848,204.5495
ROI_070/patch_52,nearest,0–16,1,54,0.000,1.000,57.2259,185.8625
ROI_070/patch_52,nearest,16–32,1,69,0.000,1.000,23.8977,66.1419
ROI_070/patch_52,nearest,32–64,1,109,1.000,1.000,,
ROI_070/patch_52,nearest,64–128,1,220,1.000,1.000,,
ROI_070/patch_52,nearest,≥128,1,87,1.000,1.000,,
ROI_070/patch_52,own,0–16,1,54,0.000,1.000,57.3041,206.7705
ROI_070/patch_52,own,16–32,1,69,0.000,1.000,26.0543,66.7691
ROI_070/patch_52,own,32–64,1,113,1.000,1.000,,
ROI_070/patch_52,own,64–128,1,423,1.000,1.000,,
ROI_070/patch_52,own,≥128,1,3653,0.800,1.000,399.0076,464.7421
ROI_070/patch_53,nearest,0–16,0,37,nan,nan,,
ROI_070/patch_53,nearest,16–32,1,58,0.000,1.000,100.2775,186.7818
ROI_070/patch_53,nearest,32–64,1,141,0.000,1.000,39.2584,114.9992
ROI_070/patch_53,nearest,64–128,1,266,0.300,1.000,98.3364,547.8402
ROI_070/patch_53,nearest,≥128,1,88,0.100,1.000,423.7375,1565.8425
ROI_070/patch_53,own,0–16,0,37,nan,nan,,
ROI_070/patch_53,own,16–32,1,58,0.000,1.000,98.4032,180.5179
ROI_070/patch_53,own,32–64,1,142,0.000,1.000,32.0913,92.5963
ROI_070/patch_53,own,64–128,1,478,0.000,1.000,142.8060,292.1515
ROI_070/patch_53,own,≥128,1,4005,0.000,1.000,104.7482,285.0685
ROI_070/patch_54,nearest,0–16,1,46,1.000,1.000,,
ROI_070/patch_54,nearest,16–32,1,80,0.000,1.000,237.2337,245.0620
ROI_070/patch_54,nearest,32–64,1,159,0.000,1.000,282.6156,333.2138
ROI_070/patch_54,nearest,64–128,1,199,0.250,1.000,348.4108,425.4021
ROI_070/patch_54,nearest,≥128,1,98,1.000,1.000,,
ROI_070/patch_54,own,0–16,1,46,1.000,1.000,,
ROI_070/patch_54,own,16–32,1,80,0.000,1.000,220.5540,224.6176
ROI_070/patch_54,own,32–64,1,177,0.000,1.000,260.4722,334.6823
ROI_070/patch_54,own,64–128,1,506,0.000,1.000,229.3482,336.0298
ROI_070/patch_54,own,≥128,1,3847,0.050,1.000,245.3654,311.4682
ROI_070/patch_57,nearest,0–16,1,62,1.000,1.000,,
ROI_070/patch_57,nearest,16–32,1,57,1.000,1.000,,
ROI_070/patch_57,nearest,32–64,1,131,1.000,1.000,,
ROI_070/patch_57,nearest,64–128,1,313,1.000,1.000,,
ROI_070/patch_57,nearest,≥128,1,78,1.000,1.000,,
ROI_070/patch_57,own,0–16,1,62,1.000,1.000,,
ROI_070/patch_57,own,16–32,1,57,1.000,1.000,,
ROI_070/patch_57,own,32–64,1,143,1.000,1.000,,
ROI_070/patch_57,own,64–128,1,724,1.000,1.000,,
ROI_070/patch_57,own,≥128,1,4142,1.000,1.000,,
ROI_070/patch_58,nearest,0–16,0,31,nan,nan,,
ROI_070/patch_58,nearest,16–32,1,48,1.000,1.000,,
ROI_070/patch_58,nearest,32–64,1,183,1.000,1.000,,
ROI_070/patch_58,nearest,64–128,1,301,1.000,1.000,,
ROI_070/patch_58,nearest,≥128,1,125,1.000,1.000,,
ROI_070/patch_58,own,0–16,0,31,nan,nan,,
ROI_070/patch_58,own,16–32,1,48,1.000,1.000,,
ROI_070/patch_58,own,32–64,1,186,1.000,1.000,,
ROI_070/patch_58,own,64–128,1,622,1.000,1.000,,
ROI_070/patch_58,own,≥128,1,4617,1.000,1.000,,
ROI_070/patch_59,nearest,0–16,1,42,1.000,1.000,,
ROI_070/patch_59,nearest,16–32,1,86,1.000,1.000,,
ROI_070/patch_59,nearest,32–64,1,210,1.000,1.000,,
ROI_070/patch_59,nearest,64–128,1,274,1.000,1.000,,
ROI_070/patch_59,nearest,≥128,1,108,1.000,1.000,,
ROI_070/patch_59,own,0–16,1,42,1.000,1.000,,
ROI_070/patch_59,own,16–32,1,86,1.000,1.000,,
ROI_070/patch_59,own,32–64,1,224,1.000,1.000,,
ROI_070/patch_59,own,64–128,1,624,1.000,1.000,,
ROI_070/patch_59,own,≥128,1,4784,1.000,1.000,,
ROI_070/patch_60,nearest,0–16,0,28,nan,nan,,
ROI_070/patch_60,nearest,16–32,0,37,nan,nan,,
ROI_070/patch_60,nearest,32–64,1,144,0.250,1.000,450.1438,750.3708
ROI_070/patch_60,nearest,64–128,1,254,0.150,1.000,408.9352,981.4599
ROI_070/patch_60,nearest,≥128,1,105,0.000,1.000,244.0705,326.9292
ROI_070/patch_60,own,0–16,0,28,nan,nan,,
ROI_070/patch_60,own,16–32,0,37,nan,nan,,
ROI_070/patch_60,own,32–64,1,174,0.150,1.000,410.4689,704.5135
ROI_070/patch_60,own,64–128,1,542,0.400,1.000,309.7581,668.2090
ROI_070/patch_60,own,≥128,1,3763,0.200,1.000,282.2897,650.9162
ROI_070/patch_61,nearest,0–16,1,46,0.050,1.000,576.3644,1315.6228
ROI_070/patch_61,nearest,16–32,1,40,0.000,1.000,669.8244,729.2613
ROI_070/patch_61,nearest,32–64,1,136,1.000,1.000,,
ROI_070/patch_61,nearest,64–128,1,236,1.000,1.000,,
ROI_070/patch_61,nearest,≥128,1,126,1.000,1.000,,
ROI_070/patch_61,own,0–16,1,46,0.050,1.000,568.1313,1304.6225
ROI_070/patch_61,own,16–32,1,40,0.000,1.000,669.8244,729.2613
ROI_070/patch_61,own,32–64,1,181,1.000,1.000,,
ROI_070/patch_61,own,64–128,1,513,1.000,1.000,,
ROI_070/patch_61,own,≥128,1,3308,0.850,1.000,1289.7568,1450.4209
ROI_070/patch_62,nearest,0–16,1,43,0.000,1.000,1531.8487,1610.0576
ROI_070/patch_62,nearest,16–32,1,98,0.900,1.000,1012.5863,1149.2036
ROI_070/patch_62,nearest,32–64,1,190,0.950,1.000,900.8361,1131.0430
ROI_070/patch_62,nearest,64–128,1,224,1.000,1.000,,
ROI_070/patch_62,nearest,≥128,1,63,1.000,1.000,,
ROI_070/patch_62,own,0–16,1,43,0.000,1.000,1529.6578,1607.9374
ROI_070/patch_62,own,16–32,1,98,1.000,1.000,,
ROI_070/patch_62,own,32–64,1,224,0.950,1.000,1155.8098,1524.3082
ROI_070/patch_62,own,64–128,1,596,0.700,1.000,756.2091,1083.4916
ROI_070/patch_62,own,≥128,1,3983,0.850,1.000,959.6089,1148.0706
ROI_070/patch_63,nearest,0–16,0,27,nan,nan,,
ROI_070/patch_63,nearest,16–32,1,58,0.450,1.000,520.6107,653.6373
ROI_070/patch_63,nearest,32–64,1,153,0.400,1.000,662.9585,705.7524
ROI_070/patch_63,nearest,64–128,1,250,0.550,1.000,403.9545,596.6233
ROI_070/patch_63,nearest,≥128,1,157,0.800,1.000,922.6968,1012.2111
ROI_070/patch_63,own,0–16,0,27,nan,nan,,
ROI_070/patch_63,own,16–32,1,58,0.450,1.000,549.7694,678.9449
ROI_070/patch_63,own,32–64,1,188,0.250,1.000,686.6171,761.2939
ROI_070/patch_63,own,64–128,1,616,0.850,1.000,511.1512,584.2282
ROI_070/patch_63,own,≥128,1,4271,0.500,1.000,360.7121,409.7323
ROI_070/patch_66,nearest,0–16,1,58,0.000,1.000,69.2101,354.2936
ROI_070/patch_66,nearest,16–32,1,68,0.900,1.000,139.1889,674.0807
ROI_070/patch_66,nearest,32–64,1,117,1.000,1.000,,
ROI_070/patch_66,nearest,64–128,1,224,0.950,1.000,384.9220,930.0458
ROI_070/patch_66,nearest,≥128,1,133,0.850,1.000,459.9368,625.8498
ROI_070/patch_66,own,0–16,1,58,0.000,1.000,70.8965,369.7568
ROI_070/patch_66,own,16–32,1,85,0.900,1.000,147.3121,674.3255
ROI_070/patch_66,own,32–64,1,157,1.000,1.000,,
ROI_070/patch_66,own,64–128,1,600,1.000,1.000,,
ROI_070/patch_66,own,≥128,1,3900,0.750,1.000,295.9889,815.3340
ROI_070/patch_67,nearest,0–16,1,40,0.000,1.000,433.0468,764.6651
ROI_070/patch_67,nearest,16–32,1,68,0.950,1.000,864.2915,1425.1103
ROI_070/patch_67,nearest,32–64,1,182,0.900,1.000,417.6731,895.5395
ROI_070/patch_67,nearest,64–128,1,242,1.000,1.000,,
ROI_070/patch_67,nearest,≥128,1,117,1.000,1.000,,
ROI_070/patch_67,own,0–16,1,40,0.000,1.000,433.0468,764.6651
ROI_070/patch_67,own,16–32,1,69,0.950,1.000,823.7161,1401.6551
ROI_070/patch_67,own,32–64,1,206,1.000,1.000,,
ROI_070/patch_67,own,64–128,1,659,1.000,1.000,,
ROI_070/patch_67,own,≥128,1,4218,0.800,1.000,460.5823,728.2053
ROI_070/patch_69,nearest,0–16,1,56,0.000,1.000,349.3902,363.6263
ROI_070/patch_69,nearest,16–32,1,76,0.000,1.000,172.2318,195.9130
ROI_070/patch_69,nearest,32–64,1,133,0.950,1.000,438.4658,1183.7219
ROI_070/patch_69,nearest,64–128,1,297,0.950,1.000,447.0582,752.0782
ROI_070/patch_69,nearest,≥128,1,129,1.000,1.000,,
ROI_070/patch_69,own,0–16,1,56,0.000,1.000,340.8377,355.6594
ROI_070/patch_69,own,16–32,1,76,0.000,1.000,119.2648,140.0680
ROI_070/patch_69,own,32–64,1,142,1.000,1.000,,
ROI_070/patch_69,own,64–128,1,637,0.650,1.000,385.8620,779.9053
ROI_070/patch_69,own,≥128,1,4617,0.800,1.000,337.8225,675.0360
ROI_070/patch_70,nearest,0–16,1,66,0.000,1.000,42.6408,115.0009
ROI_070/patch_70,nearest,16–32,1,112,0.000,1.000,53.2194,508.6455
ROI_070/patch_70,nearest,32–64,1,218,0.250,1.000,84.2636,542.2159
ROI_070/patch_70,nearest,64–128,1,245,0.900,1.000,161.0917,642.4945
ROI_070/patch_70,nearest,≥128,1,174,0.750,1.000,380.1351,749.4778
ROI_070/patch_70,own,0–16,1,66,0.000,1.000,42.8895,115.1212
ROI_070/patch_70,own,16–32,1,112,0.000,1.000,58.0496,540.2250
ROI_070/patch_70,own,32–64,1,247,0.200,1.000,61.5496,575.2794
ROI_070/patch_70,own,64–128,1,900,0.100,1.000,67.6500,362.3093
ROI_070/patch_70,own,≥128,1,5195,0.350,1.000,190.7387,466.9087
ROI_070/patch_71,nearest,0–16,0,36,nan,nan,,
ROI_070/patch_71,nearest,16–32,1,55,1.000,1.000,,
ROI_070/patch_71,nearest,32–64,1,115,1.000,1.000,,
ROI_070/patch_71,nearest,64–128,1,305,1.000,1.000,,
ROI_070/patch_71,nearest,≥128,0,25,nan,nan,,
ROI_070/patch_71,own,0–16,0,36,nan,nan,,
ROI_070/patch_71,own,16–32,1,55,1.000,1.000,,
ROI_070/patch_71,own,32–64,1,118,1.000,1.000,,
ROI_070/patch_71,own,64–128,1,582,1.000,1.000,,
ROI_070/patch_71,own,≥128,1,3497,1.000,1.000,,
ROI_070/patch_72,nearest,0–16,1,52,0.000,1.000,82.0032,543.4988
ROI_070/patch_72,nearest,16–32,1,74,0.000,1.000,233.2264,425.0111
ROI_070/patch_72,nearest,32–64,1,178,0.300,1.000,116.3142,450.1449
ROI_070/patch_72,nearest,64–128,1,317,0.050,1.000,152.4516,492.4931
ROI_070/patch_72,nearest,≥128,1,84,0.000,1.000,321.4460,423.9631
ROI_070/patch_72,own,0–16,1,52,0.000,1.000,76.9676,553.0479
ROI_070/patch_72,own,16–32,1,74,0.000,1.000,198.7997,365.0035
ROI_070/patch_72,own,32–64,1,202,0.100,1.000,100.9185,439.8796
ROI_070/patch_72,own,64–128,1,591,0.000,1.000,126.6501,424.5707
ROI_070/patch_72,own,≥128,1,4721,0.000,1.000,166.5253,425.8860
ROI_070/patch_73,nearest,0–16,1,60,0.000,1.000,59.7685,178.0987
ROI_070/patch_73,nearest,16–32,1,102,0.000,1.000,48.5975,452.8046
ROI_070/patch_73,nearest,32–64,1,190,0.050,1.000,102.9037,264.0794
ROI_070/patch_73,nearest,64–128,1,315,0.300,1.000,324.5124,764.0580
ROI_070/patch_73,nearest,≥128,0,29,nan,nan,,
ROI_070/patch_73,own,0–16,1,60,0.000,1.000,58.7621,176.8821
ROI_070/patch_73,own,16–32,1,102,0.000,1.000,52.4034,467.7146
ROI_070/patch_73,own,32–64,1,201,0.000,1.000,175.7494,282.4535
ROI_070/patch_73,own,64–128,1,825,0.050,1.000,286.6957,542.9152
ROI_070/patch_73,own,≥128,1,4380,0.050,1.000,168.3772,404.2308
ROI_070/patch_74,nearest,0–16,1,55,0.000,1.000,152.8920,174.0419
ROI_070/patch_74,nearest,16–32,1,106,0.000,1.000,187.3697,268.2848
ROI_070/patch_74,nearest,32–64,1,226,0.700,1.000,317.5707,438.5765
ROI_070/patch_74,nearest,64–128,1,306,0.650,1.000,371.8493,679.4241
ROI_070/patch_74,nearest,≥128,1,111,0.150,1.000,260.0761,301.4128
ROI_070/patch_74,own,0–16,1,55,0.000,1.000,156.8740,180.7729
ROI_070/patch_74,own,16–32,1,106,0.000,1.000,178.3649,270.8078
ROI_070/patch_74,own,32–64,1,252,0.650,1.000,322.0680,389.4760
ROI_070/patch_74,own,64–128,1,714,0.850,1.000,364.2426,770.0914
ROI_070/patch_74,own,≥128,1,5305,0.400,1.000,290.9164,403.0053
ROI_070/patch_77,nearest,0–16,1,55,0.000,1.000,25.9075,151.7992
ROI_070/patch_77,nearest,16–32,1,92,0.000,1.000,26.6679,65.4208
ROI_070/patch_77,nearest,32–64,1,206,0.000,1.000,112.2418,325.1378
ROI_070/patch_77,nearest,64–128,1,287,0.000,1.000,79.9852,118.3268
ROI_070/patch_77,nearest,≥128,1,221,1.000,1.000,,
ROI_070/patch_77,own,0–16,1,55,0.000,1.000,28.0693,151.7508
ROI_070/patch_77,own,16–32,1,92,0.000,1.000,38.1830,75.4608
ROI_070/patch_77,own,32–64,1,213,0.000,1.000,119.0228,360.2212
ROI_070/patch_77,own,64–128,1,811,0.000,1.000,93.3867,175.3677
ROI_070/patch_77,own,≥128,1,5717,0.000,1.000,82.5816,216.5955
ROI_070/patch_78,nearest,0–16,1,46,0.700,1.000,175.8659,942.7169
ROI_070/patch_78,nearest,16–32,1,72,0.150,1.000,548.2975,670.9549
ROI_070/patch_78,nearest,32–64,1,167,1.000,1.000,,
ROI_070/patch_78,nearest,64–128,1,255,1.000,1.000,,
ROI_070/patch_78,nearest,≥128,1,70,1.000,1.000,,
ROI_070/patch_78,own,0–16,1,46,0.750,1.000,175.6438,944.5121
ROI_070/patch_78,own,16–32,1,72,0.250,1.000,598.5183,743.5858
ROI_070/patch_78,own,32–64,1,197,1.000,1.000,,
ROI_070/patch_78,own,64–128,1,717,1.000,1.000,,
ROI_070/patch_78,own,≥128,1,3848,0.950,1.000,430.9947,592.6134
ROI_070/patch_87,nearest,0–16,0,24,nan,nan,,
ROI_070/patch_87,nearest,16–32,1,44,1.000,1.000,,
ROI_070/patch_87,nearest,32–64,1,91,1.000,1.000,,
ROI_070/patch_87,nearest,64–128,1,191,1.000,1.000,,
ROI_070/patch_87,nearest,≥128,1,113,1.000,1.000,,
ROI_070/patch_87,own,0–16,0,24,nan,nan,,
ROI_070/patch_87,own,16–32,1,47,1.000,1.000,,
ROI_070/patch_87,own,32–64,1,134,1.000,1.000,,
ROI_070/patch_87,own,64–128,1,479,1.000,1.000,,
ROI_070/patch_87,own,≥128,1,3020,1.000,1.000,,
ROI_070/patch_90,nearest,0–16,0,34,nan,nan,,
ROI_070/patch_90,nearest,16–32,0,22,nan,nan,,
ROI_070/patch_90,nearest,32–64,1,144,1.000,1.000,,
ROI_070/patch_90,nearest,64–128,1,298,0.950,1.000,1078.1881,1433.2792
ROI_070/patch_90,nearest,≥128,1,45,0.800,1.000,1233.6449,1547.7130
ROI_070/patch_90,own,0–16,0,34,nan,nan,,
ROI_070/patch_90,own,16–32,0,25,nan,nan,,
ROI_070/patch_90,own,32–64,1,185,1.000,1.000,,
ROI_070/patch_90,own,64–128,1,590,0.850,1.000,704.9738,1166.5363
ROI_070/patch_90,own,≥128,1,3510,0.750,1.000,573.4389,1002.0113
ROI_070/patch_92,,,excluded,,,,,
ROI_070/patch_93,nearest,0–16,0,37,nan,nan,,
ROI_070/patch_93,nearest,16–32,1,76,0.000,1.000,208.3288,309.5889
ROI_070/patch_93,nearest,32–64,1,202,0.100,1.000,218.7119,493.9818
ROI_070/patch_93,nearest,64–128,1,279,0.200,1.000,237.7362,536.4777
ROI_070/patch_93,nearest,≥128,1,60,0.000,1.000,346.5767,361.8363
ROI_070/patch_93,own,0–16,0,37,nan,nan,,
ROI_070/patch_93,own,16–32,1,76,0.000,1.000,205.8673,328.5268
ROI_070/patch_93,own,32–64,1,223,0.050,1.000,157.1096,493.7174
ROI_070/patch_93,own,64–128,1,725,0.000,1.000,210.8014,463.5661
ROI_070/patch_93,own,≥128,1,4171,0.050,1.000,194.4031,359.1709
ROI_070/patch_96,nearest,0–16,0,19,nan,nan,,
ROI_070/patch_96,nearest,16–32,0,28,nan,nan,,
ROI_070/patch_96,nearest,32–64,1,190,0.800,1.000,473.6655,1069.9461
ROI_070/patch_96,nearest,64–128,1,319,0.850,1.000,463.7084,700.6972
ROI_070/patch_96,nearest,≥128,1,56,1.000,1.000,,
ROI_070/patch_96,own,0–16,0,19,nan,nan,,
ROI_070/patch_96,own,16–32,0,28,nan,nan,,
ROI_070/patch_96,own,32–64,1,194,0.900,1.000,413.8359,1036.9485
ROI_070/patch_96,own,64–128,1,741,0.850,1.000,527.8693,842.3782
ROI_070/patch_96,own,≥128,1,3914,0.700,1.000,411.7558,737.8513
ROI_070/patch_97,nearest,0–16,1,43,0.000,1.000,671.9564,685.9056
ROI_070/patch_97,nearest,16–32,1,86,0.000,1.000,150.6705,170.5182
ROI_070/patch_97,nearest,32–64,1,153,0.000,1.000,230.8609,475.2331
ROI_070/patch_97,nearest,64–128,1,279,0.000,1.000,224.1933,305.9287
ROI_070/patch_97,nearest,≥128,1,127,0.000,1.000,1265.5043,1508.0587
ROI_070/patch_97,own,0–16,1,43,0.000,1.000,674.0923,687.7414
ROI_070/patch_97,own,16–32,1,88,0.000,1.000,155.2246,170.6381
ROI_070/patch_97,own,32–64,1,214,0.000,1.000,156.7150,207.7385
ROI_070/patch_97,own,64–128,1,437,0.000,1.000,195.9747,291.8446
ROI_070/patch_97,own,≥128,1,4722,0.000,1.000,155.1523,246.7430
ROI_070/patch_98,nearest,0–16,1,53,0.000,1.000,24.0091,97.1303
ROI_070/patch_98,nearest,16–32,1,112,0.000,1.000,55.2088,108.9262
ROI_070/patch_98,nearest,32–64,1,211,0.000,1.000,166.3773,410.5296
ROI_070/patch_98,nearest,64–128,1,379,0.000,1.000,109.6404,351.7393
ROI_070/patch_98,nearest,≥128,1,125,0.000,1.000,232.3915,319.3918
ROI_070/patch_98,own,0–16,1,53,0.000,1.000,23.6254,100.9054
ROI_070/patch_98,own,16–32,1,112,0.000,1.000,64.8094,108.7506
ROI_070/patch_98,own,32–64,1,215,0.000,1.000,180.2726,453.4632
ROI_070/patch_98,own,64–128,1,802,0.000,1.000,185.6592,441.2872
ROI_070/patch_98,own,≥128,1,5858,0.000,1.000,106.2516,189.7395
ROI_070/patch_99,nearest,0–16,1,58,0.000,1.000,42.7643,56.2266
ROI_070/patch_99,nearest,16–32,1,88,0.000,1.000,79.0035,102.3733
ROI_070/patch_99,nearest,32–64,1,174,0.000,1.000,90.9755,187.4298
ROI_070/patch_99,nearest,64–128,1,384,0.000,1.000,109.3200,218.5339
ROI_070/patch_99,nearest,≥128,1,115,0.000,1.000,896.2314,1118.7836
ROI_070/patch_99,own,0–16,1,58,0.000,1.000,42.6836,56.7923
ROI_070/patch_99,own,16–32,1,88,0.000,1.000,77.5322,102.8814
ROI_070/patch_99,own,32–64,1,207,0.000,1.000,115.2115,196.6384
ROI_070/patch_99,own,64–128,1,968,0.000,1.000,160.1844,293.6406
ROI_070/patch_99,own,≥128,1,5231,0.000,1.000,111.9684,219.7910
ROI_070/patch_100,nearest,0–16,1,51,1.000,1.000,,
ROI_070/patch_100,nearest,16–32,1,62,1.000,1.000,,
ROI_070/patch_100,nearest,32–64,1,225,1.000,1.000,,
ROI_070/patch_100,nearest,64–128,1,265,1.000,1.000,,
ROI_070/patch_100,nearest,≥128,1,110,1.000,1.000,,
ROI_070/patch_100,own,0–16,1,51,1.000,1.000,,
ROI_070/patch_100,own,16–32,1,62,1.000,1.000,,
ROI_070/patch_100,own,32–64,1,244,1.000,1.000,,
ROI_070/patch_100,own,64–128,1,755,1.000,1.000,,
ROI_070/patch_100,own,≥128,1,4592,1.000,1.000,,
ROI_070/patch_102,nearest,0–16,0,27,nan,nan,,
ROI_070/patch_102,nearest,16–32,0,36,nan,nan,,
ROI_070/patch_102,nearest,32–64,1,136,1.000,1.000,,
ROI_070/patch_102,nearest,64–128,1,191,0.650,1.000,612.0593,707.7486
ROI_070/patch_102,nearest,≥128,1,149,0.950,1.000,410.8321,671.4809
ROI_070/patch_102,own,0–16,0,27,nan,nan,,
ROI_070/patch_102,own,16–32,0,36,nan,nan,,
ROI_070/patch_102,own,32–64,1,172,1.000,1.000,,
ROI_070/patch_102,own,64–128,1,553,1.000,1.000,,
ROI_070/patch_102,own,≥128,1,3524,0.950,1.000,557.1290,941.6025
ROI_070/patch_103,,,excluded,,,,,
ROI_070/patch_105,nearest,0–16,1,48,1.000,1.000,,
ROI_070/patch_105,nearest,16–32,1,65,1.000,1.000,,
ROI_070/patch_105,nearest,32–64,1,80,1.000,1.000,,
ROI_070/patch_105,nearest,64–128,1,249,1.000,1.000,,
ROI_070/patch_105,nearest,≥128,1,132,1.000,1.000,,
ROI_070/patch_105,own,0–16,1,48,1.000,1.000,,
ROI_070/patch_105,own,16–32,1,72,1.000,1.000,,
ROI_070/patch_105,own,32–64,1,127,1.000,1.000,,
ROI_070/patch_105,own,64–128,1,471,1.000,1.000,,
ROI_070/patch_105,own,≥128,1,3874,1.000,1.000,,
ROI_070/patch_106,nearest,0–16,1,45,1.000,1.000,,
ROI_070/patch_106,nearest,16–32,1,70,1.000,1.000,,
ROI_070/patch_106,nearest,32–64,1,98,1.000,1.000,,
ROI_070/patch_106,nearest,64–128,1,165,1.000,1.000,,
ROI_070/patch_106,nearest,≥128,1,155,1.000,1.000,,
ROI_070/patch_106,own,0–16,1,45,1.000,1.000,,
ROI_070/patch_106,own,16–32,1,71,1.000,1.000,,
ROI_070/patch_106,own,32–64,1,166,1.000,1.000,,
ROI_070/patch_106,own,64–128,1,510,1.000,1.000,,
ROI_070/patch_106,own,≥128,1,3472,1.000,1.000,,
ROI_070/patch_108,nearest,0–16,1,49,0.000,1.000,638.1362,1034.8894
ROI_070/patch_108,nearest,16–32,1,67,1.000,1.000,,
ROI_070/patch_108,nearest,32–64,1,219,1.000,1.000,,
ROI_070/patch_108,nearest,64–128,1,212,1.000,1.000,,
ROI_070/patch_108,nearest,≥128,1,140,1.000,1.000,,
ROI_070/patch_108,own,0–16,1,49,0.000,1.000,641.7583,1038.0608
ROI_070/patch_108,own,16–32,1,67,1.000,1.000,,
ROI_070/patch_108,own,32–64,1,246,1.000,1.000,,
ROI_070/patch_108,own,64–128,1,865,1.000,1.000,,
ROI_070/patch_108,own,≥128,1,4956,1.000,1.000,,
ROI_070/patch_109,nearest,0–16,0,39,nan,nan,,
ROI_070/patch_109,nearest,16–32,1,49,1.000,1.000,,
ROI_070/patch_109,nearest,32–64,1,141,1.000,1.000,,
ROI_070/patch_109,nearest,64–128,1,214,1.000,1.000,,
ROI_070/patch_109,nearest,≥128,1,126,1.000,1.000,,
ROI_070/patch_109,own,0–16,1,40,1.000,1.000,,
ROI_070/patch_109,own,16–32,1,56,1.000,1.000,,
ROI_070/patch_109,own,32–64,1,192,1.000,1.000,,
ROI_070/patch_109,own,64–128,1,727,1.000,1.000,,
ROI_070/patch_109,own,≥128,1,4106,1.000,1.000,,
ROI_070/patch_110,,,excluded,,,,,
ROI_070/patch_112,nearest,0–16,1,46,0.000,1.000,38.5349,97.7146
ROI_070/patch_112,nearest,16–32,1,73,0.000,1.000,455.7045,588.8347
ROI_070/patch_112,nearest,32–64,1,191,0.000,1.000,762.7904,979.5289
ROI_070/patch_112,nearest,64–128,1,205,0.000,1.000,597.1239,839.7583
ROI_070/patch_112,nearest,≥128,1,79,0.000,1.000,670.4666,844.5489
ROI_070/patch_112,own,0–16,1,46,0.000,1.000,38.6928,97.8691
ROI_070/patch_112,own,16–32,1,73,0.000,1.000,482.6269,607.0615
ROI_070/patch_112,own,32–64,1,236,0.000,1.000,854.2545,1044.7434
ROI_070/patch_112,own,64–128,1,783,0.050,1.000,498.9598,664.7869
ROI_070/patch_112,own,≥128,1,4208,0.000,1.000,525.9247,660.2858
ROI_070/patch_113,nearest,0–16,1,41,0.000,1.000,59.9947,545.2383
ROI_070/patch_113,nearest,16–32,1,80,0.000,1.000,83.1012,246.1971
ROI_070/patch_113,nearest,32–64,1,151,0.000,1.000,73.9574,359.8145
ROI_070/patch_113,nearest,64–128,1,224,0.050,1.000,533.5138,616.3243
ROI_070/patch_113,nearest,≥128,1,76,1.000,1.000,,
ROI_070/patch_113,own,0–16,1,41,0.000,1.000,59.9062,545.3675
ROI_070/patch_113,own,16–32,1,82,0.000,1.000,85.9578,279.8523
ROI_070/patch_113,own,32–64,1,176,0.000,1.000,95.8094,471.6631
ROI_070/patch_113,own,64–128,1,511,0.000,1.000,173.5201,300.7150
ROI_070/patch_113,own,≥128,1,3766,0.050,1.000,200.8476,406.5367
ROI_070/patch_114,nearest,0–16,1,43,0.000,1.000,44.9330,299.3011
ROI_070/patch_114,nearest,16–32,1,113,0.000,1.000,158.3127,219.2985
ROI_070/patch_114,nearest,32–64,1,255,0.000,1.000,152.4690,336.6760
ROI_070/patch_114,nearest,64–128,1,280,0.000,1.000,141.8001,435.6384
ROI_070/patch_114,nearest,≥128,1,40,1.000,1.000,,
ROI_070/patch_114,own,0–16,1,43,0.000,1.000,45.7800,300.9625
ROI_070/patch_114,own,16–32,1,113,0.000,1.000,173.1945,232.2020
ROI_070/patch_114,own,32–64,1,288,0.000,1.000,176.5386,307.3525
ROI_070/patch_114,own,64–128,1,860,0.050,1.000,129.1577,378.3611
ROI_070/patch_114,own,≥128,1,5275,0.000,1.000,134.0045,256.0554
ROI_070/patch_115,nearest,0–16,1,63,0.000,1.000,38.3424,82.6696
ROI_070/patch_115,nearest,16–32,1,108,0.000,1.000,47.9907,143.5079
ROI_070/patch_115,nearest,32–64,1,129,0.000,1.000,172.3640,230.6578
ROI_070/patch_115,nearest,64–128,1,227,0.000,1.000,48.6297,257.1591
ROI_070/patch_115,nearest,≥128,1,202,0.150,1.000,306.9280,457.5837
ROI_070/patch_115,own,0–16,1,63,0.000,1.000,38.9825,79.5390
ROI_070/patch_115,own,16–32,1,108,0.000,1.000,49.7779,107.9171
ROI_070/patch_115,own,32–64,1,185,0.000,1.000,93.7305,145.5404
ROI_070/patch_115,own,64–128,1,585,0.000,1.000,70.9479,196.2635
ROI_070/patch_115,own,≥128,1,4891,0.000,1.000,83.2635,189.7266
ROI_070/patch_117,nearest,0–16,1,64,0.000,1.000,112.2317,144.4074
ROI_070/patch_117,nearest,16–32,1,122,0.000,1.000,98.6405,122.1401
ROI_070/patch_117,nearest,32–64,1,164,0.100,1.000,44.3963,271.5182
ROI_070/patch_117,nearest,64–128,1,319,0.000,1.000,77.6536,222.6023
ROI_070/patch_117,nearest,≥128,1,190,0.350,1.000,146.1415,662.2992
ROI_070/patch_117,own,0–16,1,64,0.000,1.000,120.0457,156.2970
ROI_070/patch_117,own,16–32,1,122,0.000,1.000,93.4226,114.5371
ROI_070/patch_117,own,32–64,1,192,0.050,1.000,57.2165,293.4475
ROI_070/patch_117,own,64–128,1,927,0.000,1.000,103.0708,206.9904
ROI_070/patch_117,own,≥128,1,5567,0.000,1.000,52.6549,147.5741
ROI_070/patch_118,nearest,0–16,1,52,0.000,1.000,443.1271,476.6126
ROI_070/patch_118,nearest,16–32,1,45,0.000,1.000,453.0253,473.1770
ROI_070/patch_118,nearest,32–64,1,100,0.300,1.000,712.7476,774.9474
ROI_070/patch_118,nearest,64–128,1,272,0.100,1.000,400.6690,627.6802
ROI_070/patch_118,nearest,≥128,1,141,0.700,1.000,663.8101,844.5536
ROI_070/patch_118,own,0–16,1,52,0.000,1.000,411.5595,442.9940
ROI_070/patch_118,own,16–32,1,46,0.000,1.000,453.1741,473.8524
ROI_070/patch_118,own,32–64,1,129,0.200,1.000,815.7670,911.4137
ROI_070/patch_118,own,64–128,1,524,0.050,1.000,455.6167,603.6527
ROI_070/patch_118,own,≥128,1,4129,0.050,1.000,528.1986,656.8095
ROI_070/patch_120,nearest,0–16,0,32,nan,nan,,
ROI_070/patch_120,nearest,16–32,1,70,0.950,1.000,436.7403,827.4452
ROI_070/patch_120,nearest,32–64,1,128,0.150,1.000,328.7291,768.1534
ROI_070/patch_120,nearest,64–128,1,228,0.200,1.000,280.9868,583.2046
ROI_070/patch_120,nearest,≥128,1,203,0.800,1.000,1082.1606,1937.1981
ROI_070/patch_120,own,0–16,0,32,nan,nan,,
ROI_070/patch_120,own,16–32,1,73,0.900,1.000,396.2869,836.6780
ROI_070/patch_120,own,32–64,1,175,0.000,1.000,297.8185,665.6231
ROI_070/patch_120,own,64–128,1,512,0.050,1.000,298.1884,580.2150
ROI_070/patch_120,own,≥128,1,4496,0.000,1.000,175.2357,374.8760
ROI_070/patch_121,nearest,0–16,1,58,0.000,1.000,123.8251,169.4253
ROI_070/patch_121,nearest,16–32,1,65,0.000,1.000,182.7312,261.9897
ROI_070/patch_121,nearest,32–64,1,171,0.000,1.000,375.5792,445.6110
ROI_070/patch_121,nearest,64–128,1,409,0.000,1.000,439.8929,536.6383
ROI_070/patch_121,nearest,≥128,1,159,0.000,1.000,758.8386,1751.8474
ROI_070/patch_121,own,0–16,1,58,0.000,1.000,124.3347,170.0289
ROI_070/patch_121,own,16–32,1,69,0.000,1.000,173.5532,244.8819
ROI_070/patch_121,own,32–64,1,200,0.000,1.000,267.7720,316.2387
ROI_070/patch_121,own,64–128,1,630,0.000,1.000,310.6944,383.2368
ROI_070/patch_121,own,≥128,1,5939,0.000,1.000,420.8602,487.3317
ROI_070/patch_122,nearest,0–16,1,46,0.000,1.000,167.2348,178.3691
ROI_070/patch_122,nearest,16–32,1,80,0.000,1.000,350.6655,412.8769
ROI_070/patch_122,nearest,32–64,1,186,0.400,1.000,506.8786,824.8760
ROI_070/patch_122,nearest,64–128,1,461,0.450,1.000,328.9295,546.9212
ROI_070/patch_122,nearest,≥128,1,51,1.000,1.000,,
ROI_070/patch_122,own,0–16,1,46,0.000,1.000,168.9144,180.0736
ROI_070/patch_122,own,16–32,1,80,0.000,1.000,321.3320,389.6368
ROI_070/patch_122,own,32–64,1,189,0.450,1.000,470.2365,752.5063
ROI_070/patch_122,own,64–128,1,837,0.650,1.000,423.2321,647.0175
ROI_070/patch_122,own,≥128,1,5440,0.500,1.000,457.9007,638.4465
ROI_070/patch_123,,,excluded,,,,,
ROI_070/patch_125,nearest,0–16,1,56,0.450,1.000,42.0066,605.0210
ROI_070/patch_125,nearest,16–32,1,86,0.000,1.000,40.1810,197.6907
ROI_070/patch_125,nearest,32–64,1,165,0.000,1.000,60.2426,280.7947
ROI_070/patch_125,nearest,64–128,1,249,0.400,1.000,65.6624,453.3381
ROI_070/patch_125,nearest,≥128,1,93,0.000,1.000,63.3928,159.7869
ROI_070/patch_125,own,0–16,1,56,0.300,1.000,53.0457,660.8639
ROI_070/patch_125,own,16–32,1,86,0.000,1.000,38.8473,208.4714
ROI_070/patch_125,own,32–64,1,180,0.000,1.000,61.1982,266.8057
ROI_070/patch_125,own,64–128,1,634,0.350,1.000,59.5630,446.2978
ROI_070/patch_125,own,≥128,1,4236,0.100,1.000,37.9399,276.6896
ROI_070/patch_126,nearest,0–16,1,53,0.000,1.000,423.7311,795.0513
ROI_070/patch_126,nearest,16–32,1,86,0.000,1.000,222.2857,666.8325
ROI_070/patch_126,nearest,32–64,1,245,0.050,1.000,242.5389,574.8696
ROI_070/patch_126,nearest,64–128,1,335,0.000,1.000,157.3066,403.5447
ROI_070/patch_126,nearest,≥128,1,99,0.000,1.000,152.1494,379.7316
ROI_070/patch_126,own,0–16,1,53,0.000,1.000,427.7117,786.2156
ROI_070/patch_126,own,16–32,1,89,0.000,1.000,222.4060,637.6705
ROI_070/patch_126,own,32–64,1,295,0.000,1.000,260.7876,665.5074
ROI_070/patch_126,own,64–128,1,869,0.000,1.000,161.8358,406.2559
ROI_070/patch_126,own,≥128,1,5238,0.000,1.000,133.8326,427.4519
ROI_070/patch_127,nearest,0–16,1,51,0.000,1.000,52.6038,69.4918
ROI_070/patch_127,nearest,16–32,1,100,0.000,1.000,108.3259,471.8783
ROI_070/patch_127,nearest,32–64,1,165,0.100,1.000,170.1845,468.5098
ROI_070/patch_127,nearest,64–128,1,292,0.050,1.000,110.6212,304.2025
ROI_070/patch_127,nearest,≥128,1,86,0.000,1.000,508.2354,860.4276
ROI_070/patch_127,own,0–16,1,51,0.000,1.000,43.5756,60.6644
ROI_070/patch_127,own,16–32,1,100,0.000,1.000,113.8751,478.2364
ROI_070/patch_127,own,32–64,1,194,0.000,1.000,251.5263,473.5751
ROI_070/patch_127,own,64–128,1,834,0.050,1.000,98.5932,398.1319
ROI_070/patch_127,own,≥128,1,4373,0.050,1.000,118.2374,419.4466
ROI_070/patch_129,nearest,0–16,0,38,nan,nan,,
ROI_070/patch_129,nearest,16–32,1,59,1.000,1.000,,
ROI_070/patch_129,nearest,32–64,1,160,1.000,1.000,,
ROI_070/patch_129,nearest,64–128,1,292,1.000,1.000,,
ROI_070/patch_129,nearest,≥128,1,226,1.000,1.000,,
ROI_070/patch_129,own,0–16,0,38,nan,nan,,
ROI_070/patch_129,own,16–32,1,59,1.000,1.000,,
ROI_070/patch_129,own,32–64,1,192,1.000,1.000,,
ROI_070/patch_129,own,64–128,1,783,1.000,1.000,,
ROI_070/patch_129,own,≥128,1,5128,1.000,1.000,,
ROI_070/patch_131,nearest,0–16,0,29,nan,nan,,
ROI_070/patch_131,nearest,16–32,0,37,nan,nan,,
ROI_070/patch_131,nearest,32–64,1,139,0.050,1.000,403.2201,748.6352
ROI_070/patch_131,nearest,64–128,1,165,0.850,1.000,382.1302,802.2725
ROI_070/patch_131,nearest,≥128,1,85,1.000,1.000,,
ROI_070/patch_131,own,0–16,0,29,nan,nan,,
ROI_070/patch_131,own,16–32,0,39,nan,nan,,
ROI_070/patch_131,own,32–64,1,160,0.050,1.000,385.8997,753.6910
ROI_070/patch_131,own,64–128,1,424,0.300,1.000,335.1335,732.9678
ROI_070/patch_131,own,≥128,1,2988,0.350,1.000,293.5461,544.0968
ROI_070/patch_133,nearest,0–16,0,28,nan,nan,,
ROI_070/patch_133,nearest,16–32,1,76,0.950,1.000,698.5510,786.8770
ROI_070/patch_133,nearest,32–64,1,185,1.000,1.000,,
ROI_070/patch_133,nearest,64–128,1,292,1.000,1.000,,
ROI_070/patch_133,nearest,≥128,1,115,1.000,1.000,,
ROI_070/patch_133,own,0–16,0,28,nan,nan,,
ROI_070/patch_133,own,16–32,1,82,0.700,1.000,747.3744,810.5775
ROI_070/patch_133,own,32–64,1,236,0.950,1.000,1124.6340,1223.0543
ROI_070/patch_133,own,64–128,1,686,1.000,1.000,,
ROI_070/patch_133,own,≥128,1,4536,1.000,1.000,,
ROI_070/patch_135,nearest,0–16,0,35,nan,nan,,
ROI_070/patch_135,nearest,16–32,1,63,0.000,1.000,497.9897,830.9738
ROI_070/patch_135,nearest,32–64,1,245,0.200,1.000,392.0524,552.5751
ROI_070/patch_135,nearest,64–128,1,366,0.450,1.000,485.0176,850.1672
ROI_070/patch_135,nearest,≥128,1,53,1.000,1.000,,
ROI_070/patch_135,own,0–16,0,35,nan,nan,,
ROI_070/patch_135,own,16–32,1,63,0.000,1.000,527.7155,854.5530
ROI_070/patch_135,own,32–64,1,258,0.050,1.000,420.2887,558.4874
ROI_070/patch_135,own,64–128,1,835,0.300,1.000,472.5934,745.1454
ROI_070/patch_135,own,≥128,1,4905,0.400,1.000,358.4157,626.4048
ROI_070/patch_137,nearest,0–16,1,52,0.000,1.000,33.4791,118.0367
ROI_070/patch_137,nearest,16–32,1,68,0.000,1.000,85.9851,172.8529
ROI_070/patch_137,nearest,32–64,1,133,0.000,1.000,153.6996,218.2589
ROI_070/patch_137,nearest,64–128,1,314,0.000,1.000,136.6021,203.7104
ROI_070/patch_137,nearest,≥128,1,294,0.000,1.000,118.7576,229.9010
ROI_070/patch_137,own,0–16,1,52,0.000,1.000,34.0578,118.2239
ROI_070/patch_137,own,16–32,1,77,0.000,1.000,93.9720,195.8253
ROI_070/patch_137,own,32–64,1,183,0.000,1.000,54.2908,120.0931
ROI_070/patch_137,own,64–128,1,633,0.000,1.000,86.8647,205.5559
ROI_070/patch_137,own,≥128,1,5943,0.000,1.000,91.2665,152.8801
ROI_070/patch_151,,,excluded,,,,,
ROI_070/patch_152,,,excluded,,,,,
ROI_070/patch_155,,,excluded,,,,,
ROI_070/patch_157,nearest,0–16,0,28,nan,nan,,
ROI_070/patch_157,nearest,16–32,1,59,1.000,1.000,,
ROI_070/patch_157,nearest,32–64,1,194,1.000,1.000,,
ROI_070/patch_157,nearest,64–128,1,290,1.000,1.000,,
ROI_070/patch_157,nearest,≥128,1,79,1.000,1.000,,
ROI_070/patch_157,own,0–16,0,28,nan,nan,,
ROI_070/patch_157,own,16–32,1,59,1.000,1.000,,
ROI_070/patch_157,own,32–64,1,207,1.000,1.000,,
ROI_070/patch_157,own,64–128,1,766,1.000,1.000,,
ROI_070/patch_157,own,≥128,1,4140,1.000,1.000,,
ROI_070/patch_158,nearest,0–16,0,34,nan,nan,,
ROI_070/patch_158,nearest,16–32,1,120,0.000,1.000,197.3018,464.7860
ROI_070/patch_158,nearest,32–64,1,193,0.800,1.000,390.4496,639.9960
ROI_070/patch_158,nearest,64–128,1,428,1.000,1.000,,
ROI_070/patch_158,nearest,≥128,1,59,1.000,1.000,,
ROI_070/patch_158,own,0–16,0,34,nan,nan,,
ROI_070/patch_158,own,16–32,1,120,0.000,1.000,225.6580,473.0196
ROI_070/patch_158,own,32–64,1,217,0.850,1.000,518.4031,718.9353
ROI_070/patch_158,own,64–128,1,881,1.000,1.000,,
ROI_070/patch_158,own,≥128,1,5420,0.700,1.000,472.7819,764.7398
ROI_070/patch_159,nearest,0–16,1,63,0.000,1.000,65.8433,406.4277
ROI_070/patch_159,nearest,16–32,1,105,0.000,1.000,82.3119,269.7783
ROI_070/patch_159,nearest,32–64,1,217,0.000,1.000,191.1314,367.2760
ROI_070/patch_159,nearest,64–128,1,437,0.000,1.000,384.0833,486.1392
ROI_070/patch_159,nearest,≥128,1,132,0.000,1.000,147.8025,423.2462
ROI_070/patch_159,own,0–16,1,63,0.000,1.000,66.1382,408.4320
ROI_070/patch_159,own,16–32,1,105,0.000,1.000,78.5310,293.9450
ROI_070/patch_159,own,32–64,1,224,0.000,1.000,162.8050,359.2158
ROI_070/patch_159,own,64–128,1,953,0.000,1.000,310.1032,415.5446
ROI_070/patch_159,own,≥128,1,6287,0.000,1.000,148.8750,255.8517
ROI_070/patch_160,nearest,0–16,0,34,nan,nan,,
ROI_070/patch_160,nearest,16–32,1,73,0.000,1.000,435.5977,798.5610
ROI_070/patch_160,nearest,32–64,1,165,0.750,1.000,947.7065,1210.4293
ROI_070/patch_160,nearest,64–128,1,341,0.850,1.000,574.7123,931.5912
ROI_070/patch_160,nearest,≥128,1,114,0.800,1.000,257.7463,558.0953
ROI_070/patch_160,own,0–16,0,34,nan,nan,,
ROI_070/patch_160,own,16–32,1,73,0.000,1.000,421.8896,773.3928
ROI_070/patch_160,own,32–64,1,185,0.800,1.000,936.2683,1268.1418
ROI_070/patch_160,own,64–128,1,694,0.700,1.000,990.8324,1563.0365
ROI_070/patch_160,own,≥128,1,4830,0.650,1.000,405.2149,848.0668
ROI_070/patch_161,nearest,0–16,1,61,0.000,1.000,30.6402,48.6684
ROI_070/patch_161,nearest,16–32,1,86,0.000,1.000,171.3264,753.7647
ROI_070/patch_161,nearest,32–64,1,173,0.000,1.000,201.1362,338.4908
ROI_070/patch_161,nearest,64–128,1,331,0.250,1.000,192.9057,529.5437
ROI_070/patch_161,nearest,≥128,1,148,0.000,1.000,174.8097,334.9126
ROI_070/patch_161,own,0–16,1,61,0.000,1.000,30.4382,47.8467
ROI_070/patch_161,own,16–32,1,86,0.000,1.000,174.9131,752.1453
ROI_070/patch_161,own,32–64,1,193,0.000,1.000,172.3352,342.9288
ROI_070/patch_161,own,64–128,1,703,0.050,1.000,241.5385,552.7861
ROI_070/patch_161,own,≥128,1,5349,0.000,1.000,101.3698,230.0620
ROI_070/patch_163,nearest,0–16,1,55,0.000,1.000,39.6182,71.5610
ROI_070/patch_163,nearest,16–32,1,90,0.000,1.000,703.4944,713.6420
ROI_070/patch_163,nearest,32–64,1,217,0.000,1.000,108.3008,203.8952
ROI_070/patch_163,nearest,64–128,1,358,0.000,1.000,162.3583,288.7160
ROI_070/patch_163,nearest,≥128,1,125,0.000,1.000,85.9448,371.8564
ROI_070/patch_163,own,0–16,1,55,0.000,1.000,39.7091,71.4060
ROI_070/patch_163,own,16–32,1,90,0.000,1.000,696.2127,704.8879
ROI_070/patch_163,own,32–64,1,239,0.000,1.000,119.4869,230.0861
ROI_070/patch_163,own,64–128,1,774,0.000,1.000,129.1788,198.3758
ROI_070/patch_163,own,≥128,1,5602,0.000,1.000,125.9138,210.2523
ROI_070/patch_164,nearest,0–16,1,57,0.000,1.000,136.6398,450.3260
ROI_070/patch_164,nearest,16–32,1,100,0.000,1.000,170.7504,233.3239
ROI_070/patch_164,nearest,32–64,1,216,0.000,1.000,381.2625,644.1525
ROI_070/patch_164,nearest,64–128,1,315,0.000,1.000,165.4404,320.7980
ROI_070/patch_164,nearest,≥128,1,46,1.000,1.000,,
ROI_070/patch_164,own,0–16,1,57,0.000,1.000,128.9404,449.9762
ROI_070/patch_164,own,16–32,1,100,0.000,1.000,178.4164,243.3747
ROI_070/patch_164,own,32–64,1,236,0.100,1.000,355.0695,609.7956
ROI_070/patch_164,own,64–128,1,803,0.000,1.000,203.7121,410.5155
ROI_070/patch_164,own,≥128,1,4676,0.000,1.000,250.1364,379.2519
ROI_070/patch_167,nearest,0–16,0,24,nan,nan,,
ROI_070/patch_167,nearest,16–32,1,43,0.000,1.000,1134.4141,1439.0444
ROI_070/patch_167,nearest,32–64,1,104,0.850,1.000,737.6864,1055.9666
ROI_070/patch_167,nearest,64–128,1,174,1.000,1.000,,
ROI_070/patch_167,nearest,≥128,1,236,0.450,1.000,479.4740,963.5037
ROI_070/patch_167,own,0–16,0,24,nan,nan,,
ROI_070/patch_167,own,16–32,1,44,0.000,1.000,1134.2188,1440.9271
ROI_070/patch_167,own,32–64,1,150,0.900,1.000,931.2561,1282.7405
ROI_070/patch_167,own,64–128,1,564,0.900,1.000,747.9347,1087.9925
ROI_070/patch_167,own,≥128,1,3866,0.850,1.000,719.5502,1101.3132
ROI_071/patch_0,nearest,0–16,1,72,0.000,1.000,58.0119,68.8878
ROI_071/patch_0,nearest,16–32,1,131,0.000,1.000,84.0768,98.0751
ROI_071/patch_0,nearest,32–64,1,184,0.000,1.000,45.1975,95.6475
ROI_071/patch_0,nearest,64–128,1,388,0.000,1.000,53.7228,150.1999
ROI_071/patch_0,nearest,≥128,1,42,0.000,1.000,55.8726,82.4178
ROI_071/patch_0,own,0–16,1,72,0.000,1.000,58.1100,69.4601
ROI_071/patch_0,own,16–32,1,131,0.000,1.000,110.1594,127.7753
ROI_071/patch_0,own,32–64,1,184,0.000,1.000,45.1750,78.5201
ROI_071/patch_0,own,64–128,1,616,0.000,1.000,51.1855,152.9203
ROI_071/patch_0,own,≥128,1,5533,0.000,1.000,74.3669,122.4668
ROI_071/patch_1,nearest,0–16,1,40,0.000,1.000,16.7183,278.0724
ROI_071/patch_1,nearest,16–32,1,58,0.000,1.000,26.2719,133.0173
ROI_071/patch_1,nearest,32–64,1,147,0.000,1.000,209.9700,363.3094
ROI_071/patch_1,nearest,64–128,1,337,0.000,1.000,195.7666,216.8838
ROI_071/patch_1,nearest,≥128,1,86,0.000,1.000,157.9454,274.9731
ROI_071/patch_1,own,0–16,1,40,0.000,1.000,16.7183,278.0724
ROI_071/patch_1,own,16–32,1,58,0.000,1.000,26.1459,132.4808
ROI_071/patch_1,own,32–64,1,147,0.000,1.000,204.1203,357.9777
ROI_071/patch_1,own,64–128,1,590,0.000,1.000,138.5172,162.3793
ROI_071/patch_1,own,≥128,1,4509,0.000,1.000,147.6495,191.4135
ROI_071/patch_2,nearest,0–16,1,48,0.000,1.000,13.6129,160.8432
ROI_071/patch_2,nearest,16–32,1,44,0.000,1.000,78.2638,257.3302
ROI_071/patch_2,nearest,32–64,1,177,0.000,1.000,105.1377,230.4910
ROI_071/patch_2,nearest,64–128,1,311,0.000,1.000,149.6705,307.0973
ROI_071/patch_2,nearest,≥128,0,33,nan,nan,,
ROI_071/patch_2,own,0–16,1,48,0.000,1.000,11.4504,150.4243
ROI_071/patch_2,own,16–32,1,44,0.000,1.000,74.4867,255.4893
ROI_071/patch_2,own,32–64,1,192,0.000,1.000,129.4450,217.6838
ROI_071/patch_2,own,64–128,1,559,0.000,1.000,142.7778,174.6827
ROI_071/patch_2,own,≥128,1,4061,0.000,1.000,103.4557,206.7848
ROI_071/patch_3,nearest,0–16,1,45,0.000,1.000,28.8481,30.7215
ROI_071/patch_3,nearest,16–32,1,87,0.000,1.000,38.2006,52.7255
ROI_071/patch_3,nearest,32–64,1,159,0.000,1.000,79.7000,110.5854
ROI_071/patch_3,nearest,64–128,1,238,0.000,1.000,45.6525,104.0249
ROI_071/patch_3,nearest,≥128,0,37,nan,nan,,
ROI_071/patch_3,own,0–16,1,45,0.000,1.000,29.0882,30.9698
ROI_071/patch_3,own,16–32,1,87,0.000,1.000,42.4755,60.6087
ROI_071/patch_3,own,32–64,1,161,0.000,1.000,89.3371,115.3046
ROI_071/patch_3,own,64–128,1,548,0.000,1.000,64.5995,124.3801
ROI_071/patch_3,own,≥128,1,3687,0.000,1.000,61.1023,110.8928
ROI_071/patch_4,nearest,0–16,1,50,0.000,1.000,26.8754,38.0921
ROI_071/patch_4,nearest,16–32,1,52,0.000,1.000,91.6515,207.9369
ROI_071/patch_4,nearest,32–64,1,128,0.000,1.000,87.0059,273.4075
ROI_071/patch_4,nearest,64–128,1,307,0.000,1.000,79.3904,144.8308
ROI_071/patch_4,nearest,≥128,1,40,0.000,1.000,101.0610,345.8432
ROI_071/patch_4,own,0–16,1,50,0.000,1.000,30.0774,40.9879
ROI_071/patch_4,own,16–32,1,52,0.000,1.000,90.2141,206.2146
ROI_071/patch_4,own,32–64,1,135,0.000,1.000,95.6375,285.2487
ROI_071/patch_4,own,64–128,1,689,0.000,1.000,100.2234,145.9310
ROI_071/patch_4,own,≥128,1,3690,0.000,1.000,87.6294,139.5154
ROI_071/patch_5,nearest,0–16,1,46,0.000,1.000,428.3146,454.6303
ROI_071/patch_5,nearest,16–32,1,68,0.000,1.000,103.1783,140.0250
ROI_071/patch_5,nearest,32–64,1,199,0.000,1.000,278.5427,389.1158
ROI_071/patch_5,nearest,64–128,1,303,0.000,1.000,102.1065,226.7737
ROI_071/patch_5,nearest,≥128,1,66,0.000,1.000,144.5450,255.0786
ROI_071/patch_5,own,0–16,1,46,0.000,1.000,428.4088,454.9085
ROI_071/patch_5,own,16–32,1,68,0.000,1.000,112.3015,151.6800
ROI_071/patch_5,own,32–64,1,199,0.000,1.000,189.1051,282.5344
ROI_071/patch_5,own,64–128,1,750,0.000,1.000,124.0222,227.6757
ROI_071/patch_5,own,≥128,1,4393,0.000,1.000,137.2392,234.0001
ROI_071/patch_6,nearest,0–16,0,32,nan,nan,,
ROI_071/patch_6,nearest,16–32,0,39,nan,nan,,
ROI_071/patch_6,nearest,32–64,1,197,0.000,1.000,176.7719,384.6937
ROI_071/patch_6,nearest,64–128,1,397,0.000,1.000,370.1737,447.0709
ROI_071/patch_6,nearest,≥128,1,59,0.000,1.000,291.3437,320.3081
ROI_071/patch_6,own,0–16,0,32,nan,nan,,
ROI_071/patch_6,own,16–32,0,39,nan,nan,,
ROI_071/patch_6,own,32–64,1,223,0.000,1.000,199.1521,420.8753
ROI_071/patch_6,own,64–128,1,674,0.000,1.000,417.5325,501.3818
ROI_071/patch_6,own,≥128,1,4824,0.000,1.000,140.2976,230.5143
ROI_071/patch_7,nearest,0–16,0,31,nan,nan,,
ROI_071/patch_7,nearest,16–32,1,53,0.000,1.000,163.3039,475.0185
ROI_071/patch_7,nearest,32–64,1,119,0.000,1.000,495.4824,714.3220
ROI_071/patch_7,nearest,64–128,1,240,0.000,1.000,228.4557,439.6718
ROI_071/patch_7,nearest,≥128,1,55,0.100,1.000,20.6316,571.2936
ROI_071/patch_7,own,0–16,0,31,nan,nan,,
ROI_071/patch_7,own,16–32,1,55,0.000,1.000,158.9201,481.8774
ROI_071/patch_7,own,32–64,1,149,0.000,1.000,434.2656,661.5320
ROI_071/patch_7,own,64–128,1,612,0.000,1.000,168.4430,315.2074
ROI_071/patch_7,own,≥128,1,3137,0.000,1.000,118.6832,331.8825
ROI_071/patch_8,,,excluded,,,,,
ROI_071/patch_9,nearest,0–16,0,36,nan,nan,,
ROI_071/patch_9,nearest,16–32,1,44,0.000,1.000,92.7369,622.4439
ROI_071/patch_9,nearest,32–64,1,96,0.700,1.000,256.4976,1021.7310
ROI_071/patch_9,nearest,64–128,1,225,0.200,1.000,279.2075,428.7241
ROI_071/patch_9,nearest,≥128,1,115,0.000,1.000,299.5826,658.1745
ROI_071/patch_9,own,0–16,0,36,nan,nan,,
ROI_071/patch_9,own,16–32,1,44,0.000,1.000,92.5739,622.0051
ROI_071/patch_9,own,32–64,1,104,0.350,1.000,260.9086,941.9568
ROI_071/patch_9,own,64–128,1,455,0.000,1.000,217.8690,495.7164
ROI_071/patch_9,own,≥128,1,3489,0.000,1.000,241.0792,408.4432
ROI_071/patch_15,nearest,0–16,0,31,nan,nan,,
ROI_071/patch_15,nearest,16–32,0,24,nan,nan,,
ROI_071/patch_15,nearest,32–64,1,124,0.500,1.000,395.4201,474.7686
ROI_071/patch_15,nearest,64–128,1,239,0.900,1.000,596.3749,623.0900
ROI_071/patch_15,nearest,≥128,1,55,1.000,1.000,,
ROI_071/patch_15,own,0–16,0,31,nan,nan,,
ROI_071/patch_15,own,16–32,0,24,nan,nan,,
ROI_071/patch_15,own,32–64,1,127,0.350,1.000,405.3629,501.9618
ROI_071/patch_15,own,64–128,1,549,0.650,1.000,568.6008,610.6322
ROI_071/patch_15,own,≥128,1,3053,0.950,1.000,661.6436,686.4375
ROI_071/patch_16,nearest,0–16,1,44,0.000,1.000,584.7073,1054.1571
ROI_071/patch_16,nearest,16–32,1,56,0.100,1.000,574.9000,1170.7041
ROI_071/patch_16,nearest,32–64,1,175,1.000,1.000,,
ROI_071/patch_16,nearest,64–128,1,369,1.000,1.000,,
ROI_071/patch_16,nearest,≥128,1,136,1.000,1.000,,
ROI_071/patch_16,own,0–16,1,44,0.000,1.000,585.9033,1054.6795
ROI_071/patch_16,own,16–32,1,56,0.050,1.000,563.6254,1161.1032
ROI_071/patch_16,own,32–64,1,201,1.000,1.000,,
ROI_071/patch_16,own,64–128,1,613,1.000,1.000,,
ROI_071/patch_16,own,≥128,1,5326,0.700,1.000,381.7369,548.4522
ROI_071/patch_17,nearest,0–16,1,45,0.000,1.000,106.7130,255.2315
ROI_071/patch_17,nearest,16–32,1,48,0.000,1.000,139.6960,159.0059
ROI_071/patch_17,nearest,32–64,1,131,0.000,1.000,92.8356,311.4468
ROI_071/patch_17,nearest,64–128,1,230,0.100,1.000,336.3090,509.2718
ROI_071/patch_17,nearest,≥128,0,37,nan,nan,,
ROI_071/patch_17,own,0–16,1,45,0.000,1.000,110.9638,262.3138
ROI_071/patch_17,own,16–32,1,48,0.000,1.000,143.0299,159.9163
ROI_071/patch_17,own,32–64,1,148,0.000,1.000,103.9529,309.3798
ROI_071/patch_17,own,64–128,1,459,0.000,1.000,200.6409,362.5512
ROI_071/patch_17,own,≥128,1,3228,0.000,1.000,193.2459,389.9675
ROI_071/patch_18,nearest,0–16,1,56,0.000,1.000,143.9312,316.5583
ROI_071/patch_18,nearest,16–32,1,63,0.000,1.000,71.4634,157.6651
ROI_071/patch_18,nearest,32–64,1,271,0.000,1.000,61.2522,100.9837
ROI_071/patch_18,nearest,64–128,1,356,0.000,1.000,84.9255,153.6043
ROI_071/patch_18,nearest,≥128,1,119,0.550,1.000,631.3521,757.0228
ROI_071/patch_18,own,0–16,1,56,0.000,1.000,150.6047,322.9797
ROI_071/patch_18,own,16–32,1,63,0.000,1.000,62.4657,154.0856
ROI_071/patch_18,own,32–64,1,307,0.000,1.000,54.5684,103.1259
ROI_071/patch_18,own,64–128,1,1128,0.000,1.000,94.5512,159.2474
ROI_071/patch_18,own,≥128,1,5366,0.000,1.000,83.4466,132.9585
ROI_071/patch_19,nearest,0–16,1,82,0.000,1.000,138.2027,176.9446
ROI_071/patch_19,nearest,16–32,1,129,0.000,1.000,190.6427,246.1193
ROI_071/patch_19,nearest,32–64,1,224,0.000,1.000,93.0159,349.0540
ROI_071/patch_19,nearest,64–128,1,272,0.000,1.000,190.4953,276.8681
ROI_071/patch_19,nearest,≥128,1,46,0.000,1.000,14.1453,435.0470
ROI_071/patch_19,own,0–16,1,82,0.000,1.000,148.8035,189.4111
ROI_071/patch_19,own,16–32,1,129,0.000,1.000,211.3465,278.2663
ROI_071/patch_19,own,32–64,1,277,0.000,1.000,79.8105,309.8782
ROI_071/patch_19,own,64–128,1,758,0.000,1.000,175.8667,336.9986
ROI_071/patch_19,own,≥128,1,4778,0.000,1.000,153.7588,263.5055
ROI_071/patch_20,nearest,0–16,0,28,nan,nan,,
ROI_071/patch_20,nearest,16–32,1,50,0.000,1.000,926.4890,942.4296
ROI_071/patch_20,nearest,32–64,1,137,0.000,1.000,370.8308,603.0294
ROI_071/patch_20,nearest,64–128,1,200,0.000,1.000,387.8541,577.0472
ROI_071/patch_20,nearest,≥128,1,158,0.000,1.000,114.1502,306.7281
ROI_071/patch_20,own,0–16,0,28,nan,nan,,
ROI_071/patch_20,own,16–32,1,50,0.000,1.000,912.6934,928.8355
ROI_071/patch_20,own,32–64,1,161,0.000,1.000,464.9549,678.1345
ROI_071/patch_20,own,64–128,1,606,0.000,1.000,500.0684,596.6403
ROI_071/patch_20,own,≥128,1,3739,0.000,1.000,354.8038,528.4856
ROI_071/patch_21,nearest,0–16,0,39,nan,nan,,
ROI_071/patch_21,nearest,16–32,1,73,0.000,1.000,15.7155,35.8205
ROI_071/patch_21,nearest,32–64,1,179,0.000,1.000,64.6606,171.8686
ROI_071/patch_21,nearest,64–128,1,416,0.000,1.000,33.1657,92.2790
ROI_071/patch_21,nearest,≥128,0,38,nan,nan,,
ROI_071/patch_21,own,0–16,0,39,nan,nan,,
ROI_071/patch_21,own,16–32,1,73,0.000,1.000,15.9234,37.5759
ROI_071/patch_21,own,32–64,1,181,0.000,1.000,58.5822,137.1849
ROI_071/patch_21,own,64–128,1,663,0.000,1.000,49.9230,104.5912
ROI_071/patch_21,own,≥128,1,5004,0.000,1.000,48.8802,105.4135
ROI_071/patch_22,nearest,0–16,0,33,nan,nan,,
ROI_071/patch_22,nearest,16–32,1,67,0.000,1.000,3.8472,40.2642
ROI_071/patch_22,nearest,32–64,1,163,0.000,1.000,100.5415,463.3893
ROI_071/patch_22,nearest,64–128,1,408,0.000,1.000,50.3756,124.1787
ROI_071/patch_22,nearest,≥128,1,45,1.000,1.000,,
ROI_071/patch_22,own,0–16,0,33,nan,nan,,
ROI_071/patch_22,own,16–32,1,67,0.000,1.000,4.7803,37.5601
ROI_071/patch_22,own,32–64,1,173,0.000,1.000,129.1601,447.3950
ROI_071/patch_22,own,64–128,1,665,0.000,1.000,94.3049,173.2882
ROI_071/patch_22,own,≥128,1,4790,0.000,1.000,56.7234,127.7376
ROI_071/patch_23,nearest,0–16,1,60,0.000,1.000,117.3869,243.5670
ROI_071/patch_23,nearest,16–32,1,107,0.000,1.000,19.2085,96.1060
ROI_071/patch_23,nearest,32–64,1,319,0.000,1.000,48.6587,75.2111
ROI_071/patch_23,nearest,64–128,1,409,0.000,1.000,60.7987,156.3780
ROI_071/patch_23,nearest,≥128,1,109,0.050,1.000,388.6488,447.9661
ROI_071/patch_23,own,0–16,1,60,0.000,1.000,110.8146,237.4480
ROI_071/patch_23,own,16–32,1,107,0.000,1.000,22.8447,106.6868
ROI_071/patch_23,own,32–64,1,320,0.000,1.000,51.5744,65.4288
ROI_071/patch_23,own,64–128,1,1028,0.000,1.000,94.9181,158.2529
ROI_071/patch_23,own,≥128,1,6517,0.000,1.000,53.0274,85.3266
ROI_071/patch_24,nearest,0–16,1,82,0.000,1.000,9.3781,10.6874
ROI_071/patch_24,nearest,16–32,1,137,0.000,1.000,70.9974,74.3303
ROI_071/patch_24,nearest,32–64,1,167,0.000,1.000,106.2247,187.8004
ROI_071/patch_24,nearest,64–128,1,290,0.000,1.000,100.5675,166.1400
ROI_071/patch_24,nearest,≥128,1,83,0.000,1.000,128.6322,272.1424
ROI_071/patch_24,own,0–16,1,82,0.000,1.000,10.5163,12.0570
ROI_071/patch_24,own,16–32,1,146,0.000,1.000,64.0112,66.4593
ROI_071/patch_24,own,32–64,1,246,0.000,1.000,108.8832,168.4436
ROI_071/patch_24,own,64–128,1,648,0.000,1.000,87.7593,157.3483
ROI_071/patch_24,own,≥128,1,4950,0.000,1.000,84.0716,130.7956
ROI_071/patch_25,nearest,0–16,1,58,0.000,1.000,68.7077,80.7827
ROI_071/patch_25,nearest,16–32,1,71,0.000,1.000,58.6050,92.5430
ROI_071/patch_25,nearest,32–64,1,221,0.000,1.000,289.1872,324.8093
ROI_071/patch_25,nearest,64–128,1,358,0.000,1.000,157.2945,222.5435
ROI_071/patch_25,nearest,≥128,0,38,nan,nan,,
ROI_071/patch_25,own,0–16,1,58,0.000,1.000,70.9541,83.6866
ROI_071/patch_25,own,16–32,1,71,0.000,1.000,56.2136,88.7909
ROI_071/patch_25,own,32–64,1,222,0.000,1.000,261.6333,298.4374
ROI_071/patch_25,own,64–128,1,673,0.000,1.000,165.5732,220.5694
ROI_071/patch_25,own,≥128,1,4944,0.000,1.000,155.4213,208.4807
ROI_071/patch_26,nearest,0–16,1,55,0.000,1.000,35.4999,50.7689
ROI_071/patch_26,nearest,16–32,1,79,0.000,1.000,34.2749,84.4770
ROI_071/patch_26,nearest,32–64,1,148,0.000,1.000,123.1548,380.7040
ROI_071/patch_26,nearest,64–128,1,309,0.000,1.000,161.3819,501.7198
ROI_071/patch_26,nearest,≥128,0,31,nan,nan,,
ROI_071/patch_26,own,0–16,1,55,0.000,1.000,34.9983,51.5210
ROI_071/patch_26,own,16–32,1,79,0.000,1.000,32.1563,94.1468
ROI_071/patch_26,own,32–64,1,155,0.000,1.000,148.0036,431.1369
ROI_071/patch_26,own,64–128,1,618,0.000,1.000,128.8796,409.7103
ROI_071/patch_26,own,≥128,1,4069,0.000,1.000,108.6205,244.7770
ROI_071/patch_27,nearest,0–16,1,97,0.000,1.000,110.4175,116.4623
ROI_071/patch_27,nearest,16–32,1,155,0.000,1.000,58.7069,63.8906
ROI_071/patch_27,nearest,32–64,1,221,0.000,1.000,26.6399,91.2505
ROI_071/patch_27,nearest,64–128,1,352,0.000,1.000,19.8090,247.3752
ROI_071/patch_27,nearest,≥128,1,149,0.000,1.000,57.2440,239.1280
ROI_071/patch_27,own,0–16,1,97,0.000,1.000,109.7321,115.5482
ROI_071/patch_27,own,16–32,1,160,0.000,1.000,52.4798,57.8154
ROI_071/patch_27,own,32–64,1,307,0.000,1.000,16.5307,68.2968
ROI_071/patch_27,own,64–128,1,972,0.000,1.000,29.6327,86.9634
ROI_071/patch_27,own,≥128,1,6256,0.000,1.000,13.5082,70.3817
ROI_071/patch_28,nearest,0–16,1,45,0.000,1.000,45.1526,91.9993
ROI_071/patch_28,nearest,16–32,1,79,0.000,1.000,238.4506,361.7796
ROI_071/patch_28,nearest,32–64,1,116,0.000,1.000,41.2322,206.6441
ROI_071/patch_28,nearest,64–128,1,217,0.000,1.000,37.7890,199.1174
ROI_071/patch_28,nearest,≥128,1,47,0.000,1.000,204.4809,379.7584
ROI_071/patch_28,own,0–16,1,45,0.000,1.000,45.0434,91.7444
ROI_071/patch_28,own,16–32,1,79,0.000,1.000,240.4022,365.2262
ROI_071/patch_28,own,32–64,1,120,0.000,1.000,41.1111,221.1372
ROI_071/patch_28,own,64–128,1,453,0.000,1.000,118.7068,277.3382
ROI_071/patch_28,own,≥128,1,3335,0.000,1.000,63.5413,156.1784
ROI_071/patch_29,nearest,0–16,1,48,0.000,1.000,6.6677,15.4827
ROI_071/patch_29,nearest,16–32,1,98,0.000,1.000,27.8299,57.8151
ROI_071/patch_29,nearest,32–64,1,217,0.000,1.000,98.6261,125.3077
ROI_071/patch_29,nearest,64–128,1,210,0.000,1.000,175.1048,239.3001
ROI_071/patch_29,nearest,≥128,1,82,0.000,1.000,10.1870,112.8435
ROI_071/patch_29,own,0–16,1,48,0.000,1.000,6.6081,15.4156
ROI_071/patch_29,own,16–32,1,98,0.000,1.000,32.0837,59.1936
ROI_071/patch_29,own,32–64,1,243,0.000,1.000,48.7206,83.5245
ROI_071/patch_29,own,64–128,1,578,0.000,1.000,102.6042,136.1203
ROI_071/patch_29,own,≥128,1,4273,0.000,1.000,40.5888,99.7429
ROI_071/patch_35,nearest,0–16,1,46,0.000,1.000,23.6538,56.9941
ROI_071/patch_35,nearest,16–32,1,94,0.000,1.000,29.4040,140.9636
ROI_071/patch_35,nearest,32–64,1,137,0.000,1.000,54.8022,182.5310
ROI_071/patch_35,nearest,64–128,1,221,0.000,1.000,109.4200,249.5777
ROI_071/patch_35,nearest,≥128,1,99,0.000,1.000,69.0964,192.1188
ROI_071/patch_35,own,0–16,1,46,0.000,1.000,24.0618,57.5333
ROI_071/patch_35,own,16–32,1,94,0.000,1.000,28.0869,123.6181
ROI_071/patch_35,own,32–64,1,181,0.000,1.000,50.6590,140.9939
ROI_071/patch_35,own,64–128,1,724,0.000,1.000,48.5720,117.7597
ROI_071/patch_35,own,≥128,1,3731,0.000,1.000,55.0543,119.9512
ROI_071/patch_36,nearest,0–16,1,41,0.000,1.000,205.9485,377.2304
ROI_071/patch_36,nearest,16–32,1,57,0.000,1.000,62.9934,86.1547
ROI_071/patch_36,nearest,32–64,1,80,0.000,1.000,186.7556,392.4379
ROI_071/patch_36,nearest,64–128,1,111,0.000,1.000,103.9849,212.4929
ROI_071/patch_36,nearest,≥128,1,168,0.250,1.000,398.6816,560.2394
ROI_071/patch_36,own,0–16,1,41,0.000,1.000,205.8423,377.1626
ROI_071/patch_36,own,16–32,1,57,0.000,1.000,62.9453,86.8671
ROI_071/patch_36,own,32–64,1,154,0.000,1.000,119.3486,326.8739
ROI_071/patch_36,own,64–128,1,503,0.000,1.000,129.4716,227.1141
ROI_071/patch_36,own,≥128,1,2901,0.050,1.000,113.7885,225.9499
ROI_071/patch_37,nearest,0–16,1,57,0.000,1.000,158.5592,279.9954
ROI_071/patch_37,nearest,16–32,1,78,0.000,1.000,168.0295,369.6667
ROI_071/patch_37,nearest,32–64,1,186,0.000,1.000,263.2962,394.2110
ROI_071/patch_37,nearest,64–128,1,287,0.000,1.000,116.8210,226.5528
ROI_071/patch_37,nearest,≥128,1,87,0.650,1.000,307.6817,797.6039
ROI_071/patch_37,own,0–16,1,57,0.000,1.000,159.6833,279.8335
ROI_071/patch_37,own,16–32,1,78,0.000,1.000,163.9742,371.7786
ROI_071/patch_37,own,32–64,1,198,0.000,1.000,185.4761,341.2213
ROI_071/patch_37,own,64–128,1,640,0.000,1.000,125.1031,208.9768
ROI_071/patch_37,own,≥128,1,4587,0.000,1.000,78.5080,184.7782
ROI_071/patch_38,nearest,0–16,0,33,nan,nan,,
ROI_071/patch_38,nearest,16–32,0,37,nan,nan,,
ROI_071/patch_38,nearest,32–64,1,155,0.000,1.000,73.4683,163.6568
ROI_071/patch_38,nearest,64–128,1,236,0.000,1.000,102.6434,395.4258
ROI_071/patch_38,nearest,≥128,0,10,nan,nan,,
ROI_071/patch_38,own,0–16,0,33,nan,nan,,
ROI_071/patch_38,own,16–32,0,37,nan,nan,,
ROI_071/patch_38,own,32–64,1,160,0.000,1.000,63.9861,165.7618
ROI_071/patch_38,own,64–128,1,589,0.000,1.000,162.7136,405.4631
ROI_071/patch_38,own,≥128,1,3420,0.000,1.000,123.4072,280.8179
ROI_071/patch_39,nearest,0–16,1,43,0.000,1.000,62.8560,136.9796
ROI_071/patch_39,nearest,16–32,0,39,nan,nan,,
ROI_071/patch_39,nearest,32–64,1,102,0.500,1.000,400.3536,1758.7821
ROI_071/patch_39,nearest,64–128,1,222,0.800,1.000,387.9394,773.4134
ROI_071/patch_39,nearest,≥128,1,52,1.000,1.000,,
ROI_071/patch_39,own,0–16,1,43,0.000,1.000,62.8736,136.7549
ROI_071/patch_39,own,16–32,0,39,nan,nan,,
ROI_071/patch_39,own,32–64,1,114,0.600,1.000,426.2460,1463.5683
ROI_071/patch_39,own,64–128,1,442,0.600,1.000,354.8704,861.2010
ROI_071/patch_39,own,≥128,1,3026,0.550,1.000,356.6173,865.2224
ROI_075/patch_0,nearest,0–16,1,66,0.000,1.000,39.5512,210.1157
ROI_075/patch_0,nearest,16–32,1,132,0.000,1.000,53.5521,137.4701
ROI_075/patch_0,nearest,32–64,1,352,0.000,1.000,100.4954,161.1080
ROI_075/patch_0,nearest,64–128,1,717,0.000,1.000,185.0517,221.1880
ROI_075/patch_0,nearest,≥128,1,87,0.000,1.000,127.3856,356.4197
ROI_075/patch_0,own,0–16,1,66,0.000,1.000,37.0460,189.4431
ROI_075/patch_0,own,16–32,1,132,0.000,1.000,62.9418,129.8403
ROI_075/patch_0,own,32–64,1,389,0.000,1.000,85.8062,144.7088
ROI_075/patch_0,own,64–128,1,1415,0.000,1.000,154.6082,249.5649
ROI_075/patch_0,own,≥128,1,8830,0.000,1.000,108.1317,189.5891
ROI_075/patch_1,nearest,0–16,1,65,0.000,1.000,27.5558,102.2543
ROI_075/patch_1,nearest,16–32,1,133,0.000,1.000,131.3193,231.3339
ROI_075/patch_1,nearest,32–64,1,432,0.050,1.000,51.9565,272.0891
ROI_075/patch_1,nearest,64–128,1,697,0.000,1.000,147.5827,489.2717
ROI_075/patch_1,nearest,≥128,1,90,0.000,1.000,97.1310,297.1183
ROI_075/patch_1,own,0–16,1,65,0.000,1.000,22.7876,75.6845
ROI_075/patch_1,own,16–32,1,133,0.000,1.000,119.5556,214.4255
ROI_075/patch_1,own,32–64,1,434,0.000,1.000,55.0617,285.3297
ROI_075/patch_1,own,64–128,1,1386,0.050,1.000,97.1871,344.8532
ROI_075/patch_1,own,≥128,1,9318,0.000,1.000,104.8615,276.7912
ROI_075/patch_2,nearest,0–16,1,72,0.000,1.000,30.1820,33.8688
ROI_075/patch_2,nearest,16–32,1,121,0.000,1.000,50.0935,59.6091
ROI_075/patch_2,nearest,32–64,1,296,0.050,1.000,132.9005,345.0012
ROI_075/patch_2,nearest,64–128,1,508,0.000,1.000,207.9818,343.1526
ROI_075/patch_2,nearest,≥128,1,135,0.000,1.000,209.6280,347.6142
ROI_075/patch_2,own,0–16,1,72,0.000,1.000,33.7169,37.3464
ROI_075/patch_2,own,16–32,1,121,0.000,1.000,58.8061,69.6000
ROI_075/patch_2,own,32–64,1,349,0.000,1.000,130.8799,277.6302
ROI_075/patch_2,own,64–128,1,1118,0.000,1.000,119.7280,246.4553
ROI_075/patch_2,own,≥128,1,7396,0.000,1.000,232.8343,335.0956
ROI_075/patch_3,nearest,0–16,1,91,0.000,1.000,101.8517,104.4148
ROI_075/patch_3,nearest,16–32,1,185,0.000,1.000,94.0710,105.6475
ROI_075/patch_3,nearest,32–64,1,326,0.000,1.000,145.7961,193.2870
ROI_075/patch_3,nearest,64–128,1,460,0.000,1.000,93.8410,172.4700
ROI_075/patch_3,nearest,≥128,1,398,0.000,1.000,95.3399,209.9235
ROI_075/patch_3,own,0–16,1,91,0.000,1.000,97.3712,101.0348
ROI_075/patch_3,own,16–32,1,185,0.000,1.000,117.8883,136.0397
ROI_075/patch_3,own,32–64,1,366,0.000,1.000,130.9809,161.8911
ROI_075/patch_3,own,64–128,1,1349,0.000,1.000,93.2255,135.8644
ROI_075/patch_3,own,≥128,1,9689,0.000,1.000,89.9159,133.6236
ROI_075/patch_4,nearest,0–16,1,70,0.000,1.000,10.9600,11.4671
ROI_075/patch_4,nearest,16–32,1,138,0.000,1.000,31.2380,80.0810
ROI_075/patch_4,nearest,32–64,1,305,0.000,1.000,171.6341,192.5906
ROI_075/patch_4,nearest,64–128,1,731,0.000,1.000,282.6932,333.1351
ROI_075/patch_4,nearest,≥128,1,182,0.000,1.000,279.9396,387.7490
ROI_075/patch_4,own,0–16,1,70,0.000,1.000,11.0088,11.5439
ROI_075/patch_4,own,16–32,1,142,0.000,1.000,20.9378,55.8933
ROI_075/patch_4,own,32–64,1,382,0.000,1.000,186.3570,218.7944
ROI_075/patch_4,own,64–128,1,1324,0.000,1.000,161.8731,204.3964
ROI_075/patch_4,own,≥128,1,9490,0.000,1.000,148.9565,186.0686
ROI_075/patch_5,nearest,0–16,1,50,1.000,1.000,,
ROI_075/patch_5,nearest,16–32,1,92,0.050,1.000,306.3574,907.0457
ROI_075/patch_5,nearest,32–64,1,276,0.200,1.000,416.7052,550.4722
ROI_075/patch_5,nearest,64–128,1,622,0.100,1.000,346.5380,576.2802
ROI_075/patch_5,nearest,≥128,1,105,0.250,1.000,896.4518,1291.4608
ROI_075/patch_5,own,0–16,1,50,1.000,1.000,,
ROI_075/patch_5,own,16–32,1,100,0.100,1.000,367.3494,957.1748
ROI_075/patch_5,own,32–64,1,327,0.050,1.000,296.1800,429.1849
ROI_075/patch_5,own,64–128,1,1046,0.050,1.000,331.6987,634.2650
ROI_075/patch_5,own,≥128,1,7637,0.150,1.000,331.8535,493.3859
ROI_075/patch_6,nearest,0–16,1,75,0.000,1.000,35.8198,103.3909
ROI_075/patch_6,nearest,16–32,1,136,0.150,1.000,108.0100,452.0274
ROI_075/patch_6,nearest,32–64,1,229,0.300,1.000,80.4353,439.9796
ROI_075/patch_6,nearest,64–128,1,430,0.100,1.000,148.9400,365.4079
ROI_075/patch_6,nearest,≥128,1,88,0.250,1.000,260.2180,555.7600
ROI_075/patch_6,own,0–16,1,75,0.000,1.000,35.5604,103.0326
ROI_075/patch_6,own,16–32,1,138,0.000,1.000,102.0384,384.8014
ROI_075/patch_6,own,32–64,1,347,0.050,1.000,56.9088,362.6243
ROI_075/patch_6,own,64–128,1,1210,0.000,1.000,136.7997,379.8708
ROI_075/patch_6,own,≥128,1,6852,0.000,1.000,103.1119,255.4063
ROI_075/patch_7,nearest,0–16,1,55,0.000,1.000,111.1365,139.7109
ROI_075/patch_7,nearest,16–32,1,122,0.000,1.000,32.5568,61.4708
ROI_075/patch_7,nearest,32–64,1,408,0.000,1.000,39.2453,114.0180
ROI_075/patch_7,nearest,64–128,1,483,0.000,1.000,63.2339,148.3946
ROI_075/patch_7,nearest,≥128,1,178,0.000,1.000,73.9468,203.5580
ROI_075/patch_7,own,0–16,1,55,0.000,1.000,108.0712,136.9141
ROI_075/patch_7,own,16–32,1,122,0.000,1.000,34.9268,63.0055
ROI_075/patch_7,own,32–64,1,469,0.000,1.000,49.3875,149.0497
ROI_075/patch_7,own,64–128,1,1266,0.000,1.000,79.3767,184.7682
ROI_075/patch_7,own,≥128,1,9302,0.000,1.000,57.2397,159.2041
ROI_075/patch_8,nearest,0–16,1,85,0.000,1.000,43.9125,88.9634
ROI_075/patch_8,nearest,16–32,1,160,0.000,1.000,68.8601,84.0550
ROI_075/patch_8,nearest,32–64,1,372,0.000,1.000,149.9784,192.9881
ROI_075/patch_8,nearest,64–128,1,758,0.000,1.000,92.3980,121.9758
ROI_075/patch_8,nearest,≥128,1,118,0.000,1.000,234.9462,295.8703
ROI_075/patch_8,own,0–16,1,85,0.000,1.000,44.6021,92.4732
ROI_075/patch_8,own,16–32,1,160,0.000,1.000,79.7825,105.9250
ROI_075/patch_8,own,32–64,1,381,0.000,1.000,172.3049,217.9680
ROI_075/patch_8,own,64–128,1,1459,0.000,1.000,91.8092,145.8354
ROI_075/patch_8,own,≥128,1,11352,0.000,1.000,72.9683,121.9575
ROI_075/patch_10,nearest,0–16,1,71,0.000,1.000,20.6438,26.3214
ROI_075/patch_10,nearest,16–32,1,114,0.000,1.000,28.5684,33.6747
ROI_075/patch_10,nearest,32–64,1,300,0.000,1.000,36.7971,67.1000
ROI_075/patch_10,nearest,64–128,1,858,0.000,1.000,83.0297,143.0051
ROI_075/patch_10,nearest,≥128,1,244,0.000,1.000,136.5786,162.0005
ROI_075/patch_10,own,0–16,1,71,0.000,1.000,20.3260,26.1504
ROI_075/patch_10,own,16–32,1,114,0.000,1.000,26.1121,31.4619
ROI_075/patch_10,own,32–64,1,358,0.000,1.000,49.5737,89.2453
ROI_075/patch_10,own,64–128,1,1519,0.000,1.000,79.4781,115.1917
ROI_075/patch_10,own,≥128,1,10634,0.000,1.000,81.8160,105.1110
ROI_075/patch_11,nearest,0–16,1,60,0.000,1.000,238.5984,244.9860
ROI_075/patch_11,nearest,16–32,1,131,0.000,1.000,34.7328,43.1734
ROI_075/patch_11,nearest,32–64,1,277,0.000,1.000,118.4145,416.9974
ROI_075/patch_11,nearest,64–128,1,503,0.000,1.000,83.1587,209.2700
ROI_075/patch_11,nearest,≥128,1,286,0.000,1.000,88.5853,247.4835
ROI_075/patch_11,own,0–16,1,60,0.000,1.000,255.6947,265.0461
ROI_075/patch_11,own,16–32,1,131,0.000,1.000,29.0656,37.9452
ROI_075/patch_11,own,32–64,1,360,0.000,1.000,127.5021,443.1057
ROI_075/patch_11,own,64–128,1,1237,0.000,1.000,79.2709,174.1022
ROI_075/patch_11,own,≥128,1,8268,0.000,1.000,88.0842,196.4929
ROI_075/patch_12,nearest,0–16,1,94,0.000,1.000,20.6902,25.2769
ROI_075/patch_12,nearest,16–32,1,202,0.000,1.000,58.8648,72.7271
ROI_075/patch_12,nearest,32–64,1,324,0.000,1.000,146.0116,262.6423
ROI_075/patch_12,nearest,64–128,1,692,0.000,1.000,178.0830,298.4739
ROI_075/patch_12,nearest,≥128,1,215,0.000,1.000,158.4050,216.2416
ROI_075/patch_12,own,0–16,1,94,0.000,1.000,20.3221,24.8818
ROI_075/patch_12,own,16–32,1,202,0.000,1.000,47.2451,58.3279
ROI_075/patch_12,own,32–64,1,326,0.000,1.000,158.9408,258.2242
ROI_075/patch_12,own,64–128,1,1171,0.000,1.000,223.3160,277.7272
ROI_075/patch_12,own,≥128,1,10423,0.050,1.000,133.7381,180.9054
ROI_075/patch_13,nearest,0–16,1,89,0.000,1.000,43.1378,77.3895
ROI_075/patch_13,nearest,16–32,1,167,0.000,1.000,60.1265,84.1838
ROI_075/patch_13,nearest,32–64,1,465,0.000,1.000,73.1960,106.0609
ROI_075/patch_13,nearest,64–128,1,512,0.000,1.000,232.0112,365.2885
ROI_075/patch_13,nearest,≥128,1,78,0.150,1.000,1122.6817,1232.2472
ROI_075/patch_13,own,0–16,1,89,0.000,1.000,46.0205,82.8480
ROI_075/patch_13,own,16–32,1,167,0.000,1.000,58.8480,73.5827
ROI_075/patch_13,own,32–64,1,480,0.000,1.000,70.1385,85.6073
ROI_075/patch_13,own,64–128,1,1308,0.000,1.000,150.1055,240.2233
ROI_075/patch_13,own,≥128,1,9755,0.000,1.000,105.1806,162.0703
ROI_075/patch_14,nearest,0–16,1,71,0.000,1.000,13.7903,29.4479
ROI_075/patch_14,nearest,16–32,1,113,0.000,1.000,183.1135,213.5082
ROI_075/patch_14,nearest,32–64,1,270,0.000,1.000,79.2108,239.2124
ROI_075/patch_14,nearest,64–128,1,509,0.000,1.000,123.7664,322.3753
ROI_075/patch_14,nearest,≥128,1,184,1.000,1.000,,
ROI_075/patch_14,own,0–16,1,71,0.000,1.000,13.8757,29.7533
ROI_075/patch_14,own,16–32,1,113,0.000,1.000,187.5426,225.7807
ROI_075/patch_14,own,32–64,1,293,0.000,1.000,96.4993,254.4035
ROI_075/patch_14,own,64–128,1,1379,0.000,1.000,110.5528,286.9382
ROI_075/patch_14,own,≥128,1,7320,0.050,1.000,112.7207,309.9319
ROI_075/patch_15,nearest,0–16,1,92,0.000,1.000,21.9210,27.4651
ROI_075/patch_15,nearest,16–32,1,143,0.000,1.000,19.2438,20.9842
ROI_075/patch_15,nearest,32–64,1,369,0.000,1.000,35.1408,68.9982
ROI_075/patch_15,nearest,64–128,1,585,0.000,1.000,109.8590,228.8940
ROI_075/patch_15,nearest,≥128,1,164,0.800,1.000,410.5834,769.6317
ROI_075/patch_15,own,0–16,1,92,0.000,1.000,23.2104,29.3594
ROI_075/patch_15,own,16–32,1,143,0.000,1.000,22.1004,23.6221
ROI_075/patch_15,own,32–64,1,391,0.000,1.000,34.4214,84.7614
ROI_075/patch_15,own,64–128,1,1238,0.000,1.000,78.7498,144.2817
ROI_075/patch_15,own,≥128,1,8960,0.000,1.000,45.3027,107.9428
ROI_075/patch_16,nearest,0–16,1,77,0.000,1.000,8.8726,21.8840
ROI_075/patch_16,nearest,16–32,1,133,0.000,1.000,38.0786,86.5837
ROI_075/patch_16,nearest,32–64,1,458,0.000,1.000,76.2780,119.3399
ROI_075/patch_16,nearest,64–128,1,972,0.000,1.000,44.8310,97.8865
ROI_075/patch_16,nearest,≥128,1,169,0.000,1.000,105.4758,195.7474
ROI_075/patch_16,own,0–16,1,77,0.000,1.000,9.0635,18.3898
ROI_075/patch_16,own,16–32,1,133,0.000,1.000,31.8429,77.1513
ROI_075/patch_16,own,32–64,1,468,0.000,1.000,73.6483,109.0465
ROI_075/patch_16,own,64–128,1,1888,0.000,1.000,68.1360,154.6795
ROI_075/patch_16,own,≥128,1,11906,0.000,1.000,47.9667,95.5285
ROI_075/patch_17,nearest,0–16,1,73,0.000,1.000,115.2369,150.9359
ROI_075/patch_17,nearest,16–32,1,119,0.000,1.000,130.1010,284.7390
ROI_075/patch_17,nearest,32–64,1,261,0.300,1.000,87.2221,429.3356
ROI_075/patch_17,nearest,64–128,1,310,0.200,1.000,347.3220,598.9069
ROI_075/patch_17,nearest,≥128,1,196,0.000,1.000,223.9926,438.3849
ROI_075/patch_17,own,0–16,1,73,0.000,1.000,121.7311,148.4837
ROI_075/patch_17,own,16–32,1,119,0.000,1.000,123.4040,284.6070
ROI_075/patch_17,own,32–64,1,305,0.350,1.000,109.1602,435.0179
ROI_075/patch_17,own,64–128,1,1068,0.050,1.000,228.5882,464.6559
ROI_075/patch_17,own,≥128,1,6107,0.100,1.000,247.1654,429.4133
ROI_075/patch_18,nearest,0–16,1,92,0.000,1.000,28.6192,32.6311
ROI_075/patch_18,nearest,16–32,1,202,0.000,1.000,41.1381,69.0890
ROI_075/patch_18,nearest,32–64,1,606,0.000,1.000,74.5943,107.6458
ROI_075/patch_18,nearest,64–128,1,715,0.000,1.000,158.5701,248.9569
ROI_075/patch_18,nearest,≥128,1,78,0.000,1.000,475.6147,486.1891
ROI_075/patch_18,own,0–16,1,92,0.000,1.000,28.7220,32.8867
ROI_075/patch_18,own,16–32,1,202,0.000,1.000,33.4296,73.1186
ROI_075/patch_18,own,32–64,1,619,0.000,1.000,123.0029,189.8646
ROI_075/patch_18,own,64–128,1,1959,0.000,1.000,140.6482,236.1300
ROI_075/patch_18,own,≥128,1,12365,0.000,1.000,98.6566,143.2356
ROI_075/patch_19,nearest,0–16,1,88,0.000,1.000,17.6476,23.8534
ROI_075/patch_19,nearest,16–32,1,177,0.000,1.000,28.5306,57.1471
ROI_075/patch_19,nearest,32–64,1,377,0.000,1.000,29.0532,102.5540
ROI_075/patch_19,nearest,64–128,1,661,0.000,1.000,106.1136,169.9174
ROI_075/patch_19,nearest,≥128,1,379,0.000,1.000,187.8824,215.8822
ROI_075/patch_19,own,0–16,1,88,0.000,1.000,18.0691,26.8600
ROI_075/patch_19,own,16–32,1,177,0.000,1.000,27.3193,61.6285
ROI_075/patch_19,own,32–64,1,431,0.000,1.000,22.8843,82.2956
ROI_075/patch_19,own,64–128,1,1608,0.000,1.000,59.9577,150.8411
ROI_075/patch_19,own,≥128,1,11152,0.000,1.000,101.1136,149.6031
ROI_075/patch_20,nearest,0–16,1,63,0.500,1.000,374.3922,395.7262
ROI_075/patch_20,nearest,16–32,1,114,0.000,1.000,147.0401,224.1395
ROI_075/patch_20,nearest,32–64,1,382,0.000,1.000,156.0833,256.6403
ROI_075/patch_20,nearest,64–128,1,688,0.000,1.000,270.6769,360.3534
ROI_075/patch_20,nearest,≥128,1,116,0.000,1.000,86.1645,93.6646
ROI_075/patch_20,own,0–16,1,63,0.550,1.000,368.5333,388.1821
ROI_075/patch_20,own,16–32,1,114,0.000,1.000,134.0707,209.6889
ROI_075/patch_20,own,32–64,1,429,0.000,1.000,126.8822,226.9047
ROI_075/patch_20,own,64–128,1,1391,0.000,1.000,187.2499,247.1599
ROI_075/patch_20,own,≥128,1,8907,0.050,1.000,151.6555,223.6484
ROI_075/patch_21,nearest,0–16,1,55,0.000,1.000,16.2448,19.5285
ROI_075/patch_21,nearest,16–32,1,186,0.000,1.000,21.7395,31.9602
ROI_075/patch_21,nearest,32–64,1,486,0.000,1.000,36.5003,69.3292
ROI_075/patch_21,nearest,64–128,1,647,0.000,1.000,108.4130,217.1496
ROI_075/patch_21,nearest,≥128,1,313,0.000,1.000,130.6721,341.9231
ROI_075/patch_21,own,0–16,1,55,0.000,1.000,14.4804,17.4099
ROI_075/patch_21,own,16–32,1,186,0.000,1.000,34.3026,44.2385
ROI_075/patch_21,own,32–64,1,555,0.000,1.000,75.3271,113.9575
ROI_075/patch_21,own,64–128,1,1548,0.000,1.000,57.7003,103.2053
ROI_075/patch_21,own,≥128,1,11152,0.000,1.000,87.4811,182.3139
ROI_075/patch_22,nearest,0–16,1,92,0.000,1.000,4.8787,21.3551
ROI_075/patch_22,nearest,16–32,1,163,0.000,1.000,77.6014,102.3216
ROI_075/patch_22,nearest,32–64,1,358,0.000,1.000,44.2132,98.0789
ROI_075/patch_22,nearest,64–128,1,534,0.000,1.000,113.5785,199.9767
ROI_075/patch_22,nearest,≥128,1,257,0.900,1.000,1546.1405,3210.6951
ROI_075/patch_22,own,0–16,1,92,0.000,1.000,5.4907,17.6186
ROI_075/patch_22,own,16–32,1,163,0.000,1.000,70.0786,89.7584
ROI_075/patch_22,own,32–64,1,405,0.000,1.000,63.3093,126.0162
ROI_075/patch_22,own,64–128,1,1469,0.000,1.000,71.0369,141.8918
ROI_075/patch_22,own,≥128,1,9103,0.000,1.000,116.0694,185.1250
ROI_075/patch_23,nearest,0–16,1,102,0.000,1.000,28.5118,37.2727
ROI_075/patch_23,nearest,16–32,1,176,0.000,1.000,154.8402,178.8932
ROI_075/patch_23,nearest,32–64,1,247,0.000,1.000,84.9064,151.3933
ROI_075/patch_23,nearest,64–128,1,630,0.000,1.000,77.8616,142.7018
ROI_075/patch_23,nearest,≥128,1,191,0.000,1.000,256.3283,443.2772
ROI_075/patch_23,own,0–16,1,102,0.000,1.000,29.4330,36.5184
ROI_075/patch_23,own,16–32,1,178,0.000,1.000,169.3290,197.0289
ROI_075/patch_23,own,32–64,1,319,0.000,1.000,128.0568,181.7352
ROI_075/patch_23,own,64–128,1,1484,0.000,1.000,76.0790,118.4056
ROI_075/patch_23,own,≥128,1,10031,0.000,1.000,72.8580,133.9576
ROI_075/patch_24,nearest,0–16,1,82,0.000,1.000,33.1253,34.4862
ROI_075/patch_24,nearest,16–32,1,155,0.000,1.000,41.6291,46.0852
ROI_075/patch_24,nearest,32–64,1,385,0.000,1.000,81.3631,141.2235
ROI_075/patch_24,nearest,64–128,1,644,0.000,1.000,70.0507,152.2870
ROI_075/patch_24,nearest,≥128,1,166,0.000,1.000,164.6294,247.0518
ROI_075/patch_24,own,0–16,1,82,0.000,1.000,33.1688,34.1703
ROI_075/patch_24,own,16–32,1,155,0.000,1.000,43.5784,46.9558
ROI_075/patch_24,own,32–64,1,419,0.000,1.000,92.3722,132.4986
ROI_075/patch_24,own,64–128,1,1234,0.000,1.000,86.1280,155.7524
ROI_075/patch_24,own,≥128,1,9566,0.000,1.000,71.3356,104.4472
ROI_075/patch_25,nearest,0–16,1,74,0.000,1.000,21.5840,42.0616
ROI_075/patch_25,nearest,16–32,1,134,0.000,1.000,31.7066,74.6484
ROI_075/patch_25,nearest,32–64,1,379,0.000,1.000,183.2970,363.0099
ROI_075/patch_25,nearest,64–128,1,632,0.150,1.000,171.1902,754.8743
ROI_075/patch_25,nearest,≥128,1,161,0.050,1.000,309.1671,372.7792
ROI_075/patch_25,own,0–16,1,74,0.000,1.000,22.0117,41.3861
ROI_075/patch_25,own,16–32,1,135,0.000,1.000,29.2383,81.9622
ROI_075/patch_25,own,32–64,1,419,0.000,1.000,244.2602,436.7856
ROI_075/patch_25,own,64–128,1,1491,0.000,1.000,121.5959,441.0601
ROI_075/patch_25,own,≥128,1,8921,0.000,1.000,131.2358,306.2119
ROI_075/patch_26,nearest,0–16,1,72,0.000,1.000,120.8733,194.4806
ROI_075/patch_26,nearest,16–32,1,156,0.000,1.000,73.6844,118.2376
ROI_075/patch_26,nearest,32–64,1,425,0.000,1.000,99.8942,154.8849
ROI_075/patch_26,nearest,64–128,1,687,0.000,1.000,47.9543,96.1901
ROI_075/patch_26,nearest,≥128,1,65,0.000,1.000,46.6692,62.7828
ROI_075/patch_26,own,0–16,1,72,0.000,1.000,118.1758,190.4953
ROI_075/patch_26,own,16–32,1,156,0.000,1.000,75.5388,125.8730
ROI_075/patch_26,own,32–64,1,425,0.000,1.000,77.7088,125.7111
ROI_075/patch_26,own,64–128,1,1242,0.000,1.000,124.5455,164.7442
ROI_075/patch_26,own,≥128,1,9345,0.000,1.000,63.5761,116.4711
ROI_075/patch_27,nearest,0–16,1,132,0.000,1.000,103.0386,111.4518
ROI_075/patch_27,nearest,16–32,1,224,0.000,1.000,87.2325,93.3028
ROI_075/patch_27,nearest,32–64,1,363,0.050,1.000,133.5633,300.9102
ROI_075/patch_27,nearest,64–128,1,453,0.000,1.000,194.4926,401.4052
ROI_075/patch_27,nearest,≥128,1,290,0.000,1.000,361.8345,390.5643
ROI_075/patch_27,own,0–16,1,132,0.000,1.000,98.8474,106.1773
ROI_075/patch_27,own,16–32,1,224,0.000,1.000,80.9765,86.9062
ROI_075/patch_27,own,32–64,1,466,0.000,1.000,133.3798,221.7673
ROI_075/patch_27,own,64–128,1,1785,0.050,1.000,145.5530,276.7298
ROI_075/patch_27,own,≥128,1,10551,0.000,1.000,126.0204,184.1960
ROI_075/patch_28,nearest,0–16,1,87,0.000,1.000,95.6536,169.6271
ROI_075/patch_28,nearest,16–32,1,140,0.000,1.000,102.6789,137.3196
ROI_075/patch_28,nearest,32–64,1,333,0.000,1.000,273.0458,376.5136
ROI_075/patch_28,nearest,64–128,1,568,0.000,1.000,56.1864,231.2992
ROI_075/patch_28,nearest,≥128,1,243,0.000,1.000,19.9176,26.7235
ROI_075/patch_28,own,0–16,1,87,0.000,1.000,97.2900,179.5806
ROI_075/patch_28,own,16–32,1,140,0.000,1.000,148.7720,185.3756
ROI_075/patch_28,own,32–64,1,336,0.000,1.000,259.2635,363.9360
ROI_075/patch_28,own,64–128,1,1306,0.000,1.000,120.7980,233.4092
ROI_075/patch_28,own,≥128,1,9099,0.000,1.000,93.0572,189.7279
ROI_075/patch_29,nearest,0–16,1,83,0.000,1.000,61.9142,65.0406
ROI_075/patch_29,nearest,16–32,1,105,0.000,1.000,57.3970,189.9474
ROI_075/patch_29,nearest,32–64,1,254,0.500,1.000,810.5713,985.1727
ROI_075/patch_29,nearest,64–128,1,509,0.050,1.000,208.6291,453.2830
ROI_075/patch_29,nearest,≥128,1,195,1.000,1.000,,
ROI_075/patch_29,own,0–16,1,83,0.000,1.000,62.7922,65.9178
ROI_075/patch_29,own,16–32,1,105,0.000,1.000,60.3197,191.7027
ROI_075/patch_29,own,32–64,1,254,0.500,1.000,811.3766,992.8200
ROI_075/patch_29,own,64–128,1,1099,0.200,1.000,239.8926,501.9915
ROI_075/patch_29,own,≥128,1,7627,0.150,1.000,267.1541,398.3094
ROI_075/patch_30,nearest,0–16,1,68,0.000,1.000,59.0583,114.4338
ROI_075/patch_30,nearest,16–32,1,151,0.000,1.000,57.0391,100.2609
ROI_075/patch_30,nearest,32–64,1,367,0.150,1.000,64.7606,342.3153
ROI_075/patch_30,nearest,64–128,1,644,0.100,1.000,81.8411,296.4148
ROI_075/patch_30,nearest,≥128,1,240,0.100,1.000,100.2214,436.3614
ROI_075/patch_30,own,0–16,1,68,0.000,1.000,69.3506,138.3211
ROI_075/patch_30,own,16–32,1,151,0.000,1.000,53.5198,94.7544
ROI_075/patch_30,own,32–64,1,417,0.100,1.000,64.4812,340.6753
ROI_075/patch_30,own,64–128,1,1553,0.150,1.000,94.1253,389.5535
ROI_075/patch_30,own,≥128,1,9571,0.050,1.000,47.1179,186.1772
ROI_075/patch_31,nearest,0–16,1,57,0.000,1.000,100.7879,131.6019
ROI_075/patch_31,nearest,16–32,1,135,0.000,1.000,14.8220,40.8005
ROI_075/patch_31,nearest,32–64,1,315,0.000,1.000,38.3109,87.4102
ROI_075/patch_31,nearest,64–128,1,528,0.000,1.000,42.1847,108.0173
ROI_075/patch_31,nearest,≥128,1,262,0.450,1.000,531.6197,874.9716
ROI_075/patch_31,own,0–16,1,57,0.000,1.000,100.1455,131.2364
ROI_075/patch_31,own,16–32,1,135,0.000,1.000,13.5389,41.2590
ROI_075/patch_31,own,32–64,1,333,0.000,1.000,43.5640,92.6107
ROI_075/patch_31,own,64–128,1,941,0.000,1.000,35.9383,67.8075
ROI_075/patch_31,own,≥128,1,8910,0.000,1.000,71.9458,156.3943
ROI_075/patch_32,nearest,0–16,1,78,0.000,1.000,38.5267,44.1770
ROI_075/patch_32,nearest,16–32,1,144,0.000,1.000,160.3721,189.8272
ROI_075/patch_32,nearest,32–64,1,399,0.000,1.000,212.9088,444.9231
ROI_075/patch_32,nearest,64–128,1,617,0.000,1.000,125.9089,250.4305
ROI_075/patch_32,nearest,≥128,1,60,0.450,1.000,173.0496,290.3892
ROI_075/patch_32,own,0–16,1,78,0.000,1.000,36.3304,41.6314
ROI_075/patch_32,own,16–32,1,144,0.000,1.000,182.0297,210.6661
ROI_075/patch_32,own,32–64,1,467,0.000,1.000,178.4276,316.5534
ROI_075/patch_32,own,64–128,1,1167,0.000,1.000,154.6646,255.7893
ROI_075/patch_32,own,≥128,1,8528,0.000,1.000,103.5466,207.1348
ROI_075/patch_33,nearest,0–16,1,85,0.000,1.000,12.7476,15.5227
ROI_075/patch_33,nearest,16–32,1,156,0.000,1.000,8.0105,15.5400
ROI_075/patch_33,nearest,32–64,1,388,0.000,1.000,95.2673,177.2731
ROI_075/patch_33,nearest,64–128,1,608,0.000,1.000,43.3071,125.2356
ROI_075/patch_33,nearest,≥128,1,141,0.100,1.000,170.8402,266.5475
ROI_075/patch_33,own,0–16,1,85,0.000,1.000,13.8376,16.5599
ROI_075/patch_33,own,16–32,1,156,0.000,1.000,6.6260,11.0953
ROI_075/patch_33,own,32–64,1,393,0.000,1.000,106.1347,223.8889
ROI_075/patch_33,own,64–128,1,1526,0.000,1.000,53.3901,124.5453
ROI_075/patch_33,own,≥128,1,10242,0.000,1.000,36.3896,93.6432
ROI_075/patch_34,nearest,0–16,1,91,0.000,1.000,27.9034,39.0526
ROI_075/patch_34,nearest,16–32,1,138,0.000,1.000,50.4892,163.6032
ROI_075/patch_34,nearest,32–64,1,331,0.000,1.000,90.4701,341.5721
ROI_075/patch_34,nearest,64–128,1,744,0.000,1.000,51.8045,146.0421
ROI_075/patch_34,nearest,≥128,1,111,0.000,1.000,395.0502,590.8163
ROI_075/patch_34,own,0–16,1,91,0.000,1.000,24.0055,37.7572
ROI_075/patch_34,own,16–32,1,138,0.000,1.000,51.6561,170.3947
ROI_075/patch_34,own,32–64,1,331,0.000,1.000,92.5455,342.9996
ROI_075/patch_34,own,64–128,1,1040,0.000,1.000,75.8733,193.4454
ROI_075/patch_34,own,≥128,1,9720,0.000,1.000,63.9838,192.8572
ROI_075/patch_35,nearest,0–16,1,92,0.000,1.000,67.5695,84.1494
ROI_075/patch_35,nearest,16–32,1,130,0.000,1.000,75.2220,80.9774
ROI_075/patch_35,nearest,32–64,1,288,0.000,1.000,90.3489,127.8933
ROI_075/patch_35,nearest,64–128,1,748,0.000,1.000,116.4919,152.5140
ROI_075/patch_35,nearest,≥128,1,265,0.000,1.000,173.0489,503.4395
ROI_075/patch_35,own,0–16,1,92,0.000,1.000,64.1008,76.0736
ROI_075/patch_35,own,16–32,1,137,0.000,1.000,88.1750,94.0415
ROI_075/patch_35,own,32–64,1,330,0.000,1.000,108.2530,146.2215
ROI_075/patch_35,own,64–128,1,1231,0.000,1.000,58.8645,103.4570
ROI_075/patch_35,own,≥128,1,10394,0.000,1.000,43.7122,83.6528
ROI_075/patch_36,nearest,0–16,1,40,0.000,1.000,10.7286,19.1191
ROI_075/patch_36,nearest,16–32,1,94,0.000,1.000,25.9477,92.3831
ROI_075/patch_36,nearest,32–64,1,224,0.000,1.000,303.2334,465.4154
ROI_075/patch_36,nearest,64–128,1,435,0.050,1.000,73.8990,302.6821
ROI_075/patch_36,nearest,≥128,1,220,0.000,1.000,765.7774,1375.1731
ROI_075/patch_36,own,0–16,1,40,0.000,1.000,10.7286,19.1191
ROI_075/patch_36,own,16–32,1,94,0.000,1.000,31.8033,117.1550
ROI_075/patch_36,own,32–64,1,258,0.000,1.000,170.2817,397.9344
ROI_075/patch_36,own,64–128,1,835,0.000,1.000,147.6303,363.6072
ROI_075/patch_36,own,≥128,1,6877,0.050,1.000,104.5335,308.5369
ROI_075/patch_37,nearest,0–16,1,114,0.000,1.000,54.7901,58.2376
ROI_075/patch_37,nearest,16–32,1,187,0.000,1.000,59.5970,74.6383
ROI_075/patch_37,nearest,32–64,1,393,0.000,1.000,70.4067,93.4342
ROI_075/patch_37,nearest,64–128,1,546,0.000,1.000,72.8278,116.6712
ROI_075/patch_37,nearest,≥128,1,108,0.000,1.000,181.6036,375.4552
ROI_075/patch_37,own,0–16,1,114,0.000,1.000,54.8221,58.3720
ROI_075/patch_37,own,16–32,1,187,0.000,1.000,65.0333,80.6603
ROI_075/patch_37,own,32–64,1,490,0.000,1.000,69.8366,101.7857
ROI_075/patch_37,own,64–128,1,1503,0.000,1.000,80.3035,142.7582
ROI_075/patch_37,own,≥128,1,8490,0.000,1.000,78.9713,112.1857
ROI_075/patch_38,nearest,0–16,1,83,0.000,1.000,22.9864,24.2341
ROI_075/patch_38,nearest,16–32,1,178,0.000,1.000,56.8031,116.7098
ROI_075/patch_38,nearest,32–64,1,486,0.000,1.000,119.6170,154.9195
ROI_075/patch_38,nearest,64–128,1,528,0.000,1.000,283.4762,344.9036
ROI_075/patch_38,nearest,≥128,1,243,0.000,1.000,288.2635,372.5377
ROI_075/patch_38,own,0–16,1,83,0.000,1.000,23.2884,24.4927
ROI_075/patch_38,own,16–32,1,178,0.000,1.000,50.5213,94.9859
ROI_075/patch_38,own,32–64,1,488,0.000,1.000,125.5407,168.7589
ROI_075/patch_38,own,64–128,1,1388,0.000,1.000,195.9064,238.1168
ROI_075/patch_38,own,≥128,1,10007,0.000,1.000,192.9781,242.3583
ROI_075/patch_39,nearest,0–16,1,56,0.000,1.000,141.7984,188.6310
ROI_075/patch_39,nearest,16–32,1,98,0.000,1.000,170.3322,264.8395
ROI_075/patch_39,nearest,32–64,1,233,0.050,1.000,96.9179,416.8128
ROI_075/patch_39,nearest,64–128,1,479,0.450,1.000,252.2986,843.8253
ROI_075/patch_39,nearest,≥128,1,158,0.500,1.000,169.1285,536.7018
ROI_075/patch_39,own,0–16,1,56,0.000,1.000,141.4244,188.2728
ROI_075/patch_39,own,16–32,1,98,0.000,1.000,143.9540,223.8161
ROI_075/patch_39,own,32–64,1,282,0.100,1.000,113.4995,422.3084
ROI_075/patch_39,own,64–128,1,894,0.100,1.000,149.7885,494.1084
ROI_075/patch_39,own,≥128,1,6862,0.150,1.000,131.4717,413.1804
ROI_075/patch_40,nearest,0–16,1,83,0.000,1.000,102.9821,164.8769
ROI_075/patch_40,nearest,16–32,1,180,0.000,1.000,267.1907,301.2723
ROI_075/patch_40,nearest,32–64,1,295,0.250,1.000,622.8127,693.0218
ROI_075/patch_40,nearest,64–128,1,610,0.000,1.000,570.9424,692.1291
ROI_075/patch_40,nearest,≥128,1,116,0.800,1.000,1035.3793,1334.0545
ROI_075/patch_40,own,0–16,1,83,0.000,1.000,87.3940,134.9424
ROI_075/patch_40,own,16–32,1,180,0.000,1.000,253.0019,273.1386
ROI_075/patch_40,own,32–64,1,356,0.000,1.000,419.0775,464.1945
ROI_075/patch_40,own,64–128,1,1388,0.000,1.000,405.8452,521.3126
ROI_075/patch_40,own,≥128,1,9549,0.050,1.000,543.2588,638.6968
ROI_075/patch_41,nearest,0–16,1,89,0.000,1.000,67.5105,73.3412
ROI_075/patch_41,nearest,16–32,1,175,0.000,1.000,92.2225,102.6357
ROI_075/patch_41,nearest,32–64,1,431,0.000,1.000,54.8384,74.2303
ROI_075/patch_41,nearest,64–128,1,841,0.000,1.000,100.3647,158.0578
ROI_075/patch_41,nearest,≥128,1,119,0.000,1.000,86.1300,281.3617
ROI_075/patch_41,own,0–16,1,89,0.000,1.000,48.9442,53.3567
ROI_075/patch_41,own,16–32,1,176,0.000,1.000,93.0790,101.6964
ROI_075/patch_41,own,32–64,1,512,0.000,1.000,63.7793,91.1136
ROI_075/patch_41,own,64–128,1,1902,0.000,1.000,111.0073,141.8576
ROI_075/patch_41,own,≥128,1,12216,0.000,1.000,62.6121,85.6143
ROI_075/patch_42,nearest,0–16,1,59,0.000,1.000,32.0424,219.8204
ROI_075/patch_42,nearest,16–32,1,123,0.050,1.000,30.4112,434.1858
ROI_075/patch_42,nearest,32–64,1,300,0.000,1.000,183.0655,623.3467
ROI_075/patch_42,nearest,64–128,1,489,0.100,1.000,405.7518,511.3455
ROI_075/patch_42,nearest,≥128,1,114,0.000,1.000,414.7130,545.2889
ROI_075/patch_42,own,0–16,1,59,0.000,1.000,31.6833,218.3875
ROI_075/patch_42,own,16–32,1,125,0.000,1.000,28.1223,425.1872
ROI_075/patch_42,own,32–64,1,340,0.100,1.000,181.0150,556.3545
ROI_075/patch_42,own,64–128,1,909,0.050,1.000,221.1012,322.6785
ROI_075/patch_42,own,≥128,1,7247,0.000,1.000,282.9999,449.5653
ROI_075/patch_43,nearest,0–16,1,87,0.000,1.000,42.5797,79.7602
ROI_075/patch_43,nearest,16–32,1,219,0.000,1.000,57.7341,63.8036
ROI_075/patch_43,nearest,32–64,1,585,0.000,1.000,89.5651,106.4044
ROI_075/patch_43,nearest,64–128,1,972,0.000,1.000,70.7725,93.9247
ROI_075/patch_43,nearest,≥128,1,205,0.000,1.000,190.1564,234.8908
ROI_075/patch_43,own,0–16,1,87,0.000,1.000,42.2295,73.1103
ROI_075/patch_43,own,16–32,1,219,0.000,1.000,78.6725,84.9129
ROI_075/patch_43,own,32–64,1,632,0.000,1.000,77.3803,106.3893
ROI_075/patch_43,own,64–128,1,2307,0.000,1.000,87.1363,113.7936
ROI_075/patch_43,own,≥128,1,13299,0.000,1.000,141.5407,168.5647
ROI_075/patch_44,nearest,0–16,1,63,0.000,1.000,87.7635,338.6925
ROI_075/patch_44,nearest,16–32,1,101,0.050,1.000,333.5367,597.9790
ROI_075/patch_44,nearest,32–64,1,291,0.350,1.000,267.9913,494.9362
ROI_075/patch_44,nearest,64–128,1,467,0.100,1.000,279.4180,533.2977
ROI_075/patch_44,nearest,≥128,1,293,0.850,1.000,415.1523,879.0612
ROI_075/patch_44,own,0–16,1,63,0.000,1.000,82.8821,319.2489
ROI_075/patch_44,own,16–32,1,102,0.050,1.000,351.4025,657.4412
ROI_075/patch_44,own,32–64,1,327,0.300,1.000,393.8893,634.5570
ROI_075/patch_44,own,64–128,1,1048,0.500,1.000,252.6490,476.8099
ROI_075/patch_44,own,≥128,1,8180,0.050,1.000,189.5050,349.5185
ROI_075/patch_45,nearest,0–16,0,38,nan,nan,,
ROI_075/patch_45,nearest,16–32,1,75,0.000,1.000,143.9957,316.0982
ROI_075/patch_45,nearest,32–64,1,250,0.000,1.000,513.2731,735.0870
ROI_075/patch_45,nearest,64–128,1,423,0.200,1.000,222.2425,526.3930
ROI_075/patch_45,nearest,≥128,1,50,0.000,1.000,279.7579,565.4248
ROI_075/patch_45,own,0–16,0,38,nan,nan,,
ROI_075/patch_45,own,16–32,1,75,0.000,1.000,136.7249,317.7098
ROI_075/patch_45,own,32–64,1,287,0.000,1.000,409.0100,724.4303
ROI_075/patch_45,own,64–128,1,924,0.350,1.000,184.9501,755.4428
ROI_075/patch_45,own,≥128,1,5364,0.300,1.000,351.2469,704.6007
ROI_075/patch_46,nearest,0–16,1,91,0.000,1.000,61.5993,85.1568
ROI_075/patch_46,nearest,16–32,1,149,0.000,1.000,121.0393,138.9874
ROI_075/patch_46,nearest,32–64,1,311,0.000,1.000,70.5189,103.5766
ROI_075/patch_46,nearest,64–128,1,741,0.000,1.000,231.7114,410.0132
ROI_075/patch_46,nearest,≥128,1,80,0.000,1.000,628.1748,1360.5240
ROI_075/patch_46,own,0–16,1,91,0.000,1.000,52.6318,71.5135
ROI_075/patch_46,own,16–32,1,149,0.000,1.000,119.9164,135.8963
ROI_075/patch_46,own,32–64,1,356,0.000,1.000,106.8286,141.6799
ROI_075/patch_46,own,64–128,1,1547,0.000,1.000,152.8243,193.1869
ROI_075/patch_46,own,≥128,1,10205,0.000,1.000,153.2194,220.1041
ROI_075/patch_47,nearest,0–16,1,69,0.000,1.000,125.0222,136.8914
ROI_075/patch_47,nearest,16–32,1,129,0.050,1.000,290.8621,473.1427
ROI_075/patch_47,nearest,32–64,1,305,0.450,1.000,350.2692,653.3597
ROI_075/patch_47,nearest,64–128,1,442,1.000,1.000,,
ROI_075/patch_47,nearest,≥128,1,136,1.000,1.000,,
ROI_075/patch_47,own,0–16,1,69,0.000,1.000,114.0213,126.1035
ROI_075/patch_47,own,16–32,1,129,0.100,1.000,306.5729,519.9028
ROI_075/patch_47,own,32–64,1,335,0.600,1.000,349.8158,690.8202
ROI_075/patch_47,own,64–128,1,984,0.850,1.000,343.5395,638.1710
ROI_075/patch_47,own,≥128,1,7131,0.700,1.000,354.4879,542.4606
ROI_075/patch_48,nearest,0–16,1,92,0.000,1.000,156.0158,236.7521
ROI_075/patch_48,nearest,16–32,1,154,0.000,1.000,522.5305,697.6564
ROI_075/patch_48,nearest,32–64,1,227,1.000,1.000,,
ROI_075/patch_48,nearest,64–128,1,328,1.000,1.000,,
ROI_075/patch_48,nearest,≥128,1,194,1.000,1.000,,
ROI_075/patch_48,own,0–16,1,92,0.000,1.000,166.5357,256.0335
ROI_075/patch_48,own,16–32,1,154,0.000,1.000,493.0942,651.0702
ROI_075/patch_48,own,32–64,1,350,0.850,1.000,715.8335,896.6567
ROI_075/patch_48,own,64–128,1,1215,1.000,1.000,,
ROI_075/patch_48,own,≥128,1,6149,0.850,1.000,428.5205,458.5953
ROI_075/patch_49,nearest,0–16,1,87,0.000,1.000,77.5687,112.7785
ROI_075/patch_49,nearest,16–32,1,153,0.000,1.000,55.6600,93.4341
ROI_075/patch_49,nearest,32–64,1,405,0.000,1.000,168.2989,209.1614
ROI_075/patch_49,nearest,64–128,1,605,0.300,1.000,385.5017,800.9908
ROI_075/patch_49,nearest,≥128,1,78,0.800,1.000,831.8163,1946.9911
ROI_075/patch_49,own,0–16,1,87,0.000,1.000,61.4701,102.9381
ROI_075/patch_49,own,16–32,1,153,0.000,1.000,68.7990,115.4343
ROI_075/patch_49,own,32–64,1,476,0.000,1.000,213.2312,248.4430
ROI_075/patch_49,own,64–128,1,1461,0.000,1.000,245.6696,360.2902
ROI_075/patch_49,own,≥128,1,9775,0.050,1.000,241.6101,362.1907
ROI_075/patch_50,nearest,0–16,1,54,0.000,1.000,67.0623,87.6620
ROI_075/patch_50,nearest,16–32,1,146,0.550,1.000,686.5792,787.1890
ROI_075/patch_50,nearest,32–64,1,366,0.450,1.000,340.1833,430.2882
ROI_075/patch_50,nearest,64–128,1,523,0.650,1.000,538.8711,628.2129
ROI_075/patch_50,nearest,≥128,1,62,1.000,1.000,,
ROI_075/patch_50,own,0–16,1,54,0.000,1.000,67.5558,88.1308
ROI_075/patch_50,own,16–32,1,146,0.600,1.000,567.3812,694.7982
ROI_075/patch_50,own,32–64,1,386,0.350,1.000,379.3958,446.7364
ROI_075/patch_50,own,64–128,1,1372,0.600,1.000,423.4337,518.1171
ROI_075/patch_50,own,≥128,1,8401,0.650,1.000,468.3899,607.6841
ROI_075/patch_51,nearest,0–16,1,69,0.000,1.000,84.6608,100.6975
ROI_075/patch_51,nearest,16–32,1,148,0.050,1.000,396.0860,423.7588
ROI_075/patch_51,nearest,32–64,1,394,1.000,1.000,,
ROI_075/patch_51,nearest,64–128,1,451,0.850,1.000,360.2051,430.1053
ROI_075/patch_51,nearest,≥128,1,183,1.000,1.000,,
ROI_075/patch_51,own,0–16,1,69,0.000,1.000,91.5678,108.1667
ROI_075/patch_51,own,16–32,1,148,0.100,1.000,325.7960,355.2669
ROI_075/patch_51,own,32–64,1,471,0.750,1.000,399.8358,477.9746
ROI_075/patch_51,own,64–128,1,1479,0.550,1.000,341.7513,419.5383
ROI_075/patch_51,own,≥128,1,9038,1.000,1.000,,
ROI_075/patch_52,nearest,0–16,1,62,0.000,1.000,417.4878,726.8257
ROI_075/patch_52,nearest,16–32,1,111,0.050,1.000,252.8029,464.4339
ROI_075/patch_52,nearest,32–64,1,228,0.900,1.000,326.1411,471.3846
ROI_075/patch_52,nearest,64–128,1,411,1.000,1.000,,
ROI_075/patch_52,nearest,≥128,1,106,0.350,1.000,558.8311,878.6311
ROI_075/patch_52,own,0–16,1,62,0.000,1.000,407.9713,710.6302
ROI_075/patch_52,own,16–32,1,111,0.050,1.000,286.2447,512.0951
ROI_075/patch_52,own,32–64,1,252,0.950,1.000,320.2715,439.8224
ROI_075/patch_52,own,64–128,1,901,1.000,1.000,,
ROI_075/patch_52,own,≥128,1,6018,0.950,1.000,524.2011,769.9835
ROI_075/patch_53,nearest,0–16,1,70,1.000,1.000,,
ROI_075/patch_53,nearest,16–32,1,115,1.000,1.000,,
ROI_075/patch_53,nearest,32–64,1,304,1.000,1.000,,
ROI_075/patch_53,nearest,64–128,1,391,1.000,1.000,,
ROI_075/patch_53,nearest,≥128,1,168,0.700,1.000,712.7655,802.1484
ROI_075/patch_53,own,0–16,1,70,1.000,1.000,,
ROI_075/patch_53,own,16–32,1,115,1.000,1.000,,
ROI_075/patch_53,own,32–64,1,312,1.000,1.000,,
ROI_075/patch_53,own,64–128,1,1064,1.000,1.000,,
ROI_075/patch_53,own,≥128,1,6823,1.000,1.000,,
ROI_075/patch_54,nearest,0–16,0,35,nan,nan,,
ROI_075/patch_54,nearest,16–32,1,104,1.000,1.000,,
ROI_075/patch_54,nearest,32–64,1,220,1.000,1.000,,
ROI_075/patch_54,nearest,64–128,1,407,1.000,1.000,,
ROI_075/patch_54,nearest,≥128,1,110,1.000,1.000,,
ROI_075/patch_54,own,0–16,0,35,nan,nan,,
ROI_075/patch_54,own,16–32,1,104,1.000,1.000,,
ROI_075/patch_54,own,32–64,1,246,1.000,1.000,,
ROI_075/patch_54,own,64–128,1,741,1.000,1.000,,
ROI_075/patch_54,own,≥128,1,5882,1.000,1.000,,
ROI_075/patch_55,nearest,0–16,1,47,0.000,1.000,344.3185,364.9292
ROI_075/patch_55,nearest,16–32,1,90,0.050,1.000,308.5859,437.3142
ROI_075/patch_55,nearest,32–64,1,286,0.850,1.000,480.0670,728.9121
ROI_075/patch_55,nearest,64–128,1,488,1.000,1.000,,
ROI_075/patch_55,nearest,≥128,1,97,1.000,1.000,,
ROI_075/patch_55,own,0–16,1,47,0.000,1.000,327.2712,347.6561
ROI_075/patch_55,own,16–32,1,90,0.000,1.000,317.9382,434.4584
ROI_075/patch_55,own,32–64,1,341,0.600,1.000,388.2882,593.0966
ROI_075/patch_55,own,64–128,1,992,1.000,1.000,,
ROI_075/patch_55,own,≥128,1,6594,1.000,1.000,,
ROI_075/patch_56,nearest,0–16,1,67,0.800,1.000,424.0480,516.9792
ROI_075/patch_56,nearest,16–32,1,160,0.000,1.000,237.5266,284.8558
ROI_075/patch_56,nearest,32–64,1,243,1.000,1.000,,
ROI_075/patch_56,nearest,64–128,1,418,0.600,1.000,425.2723,579.5567
ROI_075/patch_56,nearest,≥128,1,221,0.000,1.000,642.2806,836.9673
ROI_075/patch_56,own,0–16,1,67,0.650,1.000,431.7658,511.9944
ROI_075/patch_56,own,16–32,1,161,0.000,1.000,232.9737,284.0144
ROI_075/patch_56,own,32–64,1,378,0.950,1.000,597.6116,1189.8585
ROI_075/patch_56,own,64–128,1,979,0.650,1.000,432.3352,593.1965
ROI_075/patch_56,own,≥128,1,7287,0.350,1.000,407.8942,566.4772
ROI_075/patch_57,nearest,0–16,1,69,0.000,1.000,307.8280,343.7473
ROI_075/patch_57,nearest,16–32,1,145,0.050,1.000,385.6897,419.5890
ROI_075/patch_57,nearest,32–64,1,235,0.850,1.000,544.0979,617.9707
ROI_075/patch_57,nearest,64–128,1,511,1.000,1.000,,
ROI_075/patch_57,nearest,≥128,1,111,1.000,1.000,,
ROI_075/patch_57,own,0–16,1,69,0.000,1.000,306.3944,341.9084
ROI_075/patch_57,own,16–32,1,145,0.000,1.000,384.9280,419.8749
ROI_075/patch_57,own,32–64,1,241,0.700,1.000,437.1363,483.2298
ROI_075/patch_57,own,64–128,1,1021,1.000,1.000,,
ROI_075/patch_57,own,≥128,1,7092,0.900,1.000,634.6044,747.1291
ROI_075/patch_58,nearest,0–16,1,40,1.000,1.000,,
ROI_075/patch_58,nearest,16–32,1,72,1.000,1.000,,
ROI_075/patch_58,nearest,32–64,1,295,1.000,1.000,,
ROI_075/patch_58,nearest,64–128,1,480,1.000,1.000,,
ROI_075/patch_58,nearest,≥128,1,160,1.000,1.000,,
ROI_075/patch_58,own,0–16,1,40,1.000,1.000,,
ROI_075/patch_58,own,16–32,1,72,1.000,1.000,,
ROI_075/patch_58,own,32–64,1,344,1.000,1.000,,
ROI_075/patch_58,own,64–128,1,1117,1.000,1.000,,
ROI_075/patch_58,own,≥128,1,6803,1.000,1.000,,
ROI_075/patch_59,nearest,0–16,1,84,0.350,1.000,638.3474,865.8687
ROI_075/patch_59,nearest,16–32,1,154,1.000,1.000,,
ROI_075/patch_59,nearest,32–64,1,346,1.000,1.000,,
ROI_075/patch_59,nearest,64–128,1,589,1.000,1.000,,
ROI_075/patch_59,nearest,≥128,1,330,1.000,1.000,,
ROI_075/patch_59,own,0–16,1,84,0.200,1.000,633.6141,843.0885
ROI_075/patch_59,own,16–32,1,154,1.000,1.000,,
ROI_075/patch_59,own,32–64,1,352,1.000,1.000,,
ROI_075/patch_59,own,64–128,1,994,1.000,1.000,,
ROI_075/patch_59,own,≥128,1,10440,0.900,1.000,171.8573,268.8302
ROI_075/patch_60,nearest,0–16,1,71,0.000,1.000,128.7039,181.8171
ROI_075/patch_60,nearest,16–32,1,160,0.350,1.000,595.2864,716.7288
ROI_075/patch_60,nearest,32–64,1,509,0.850,1.000,554.7809,753.7174
ROI_075/patch_60,nearest,64–128,1,902,0.500,1.000,301.9785,419.3891
ROI_075/patch_60,nearest,≥128,1,104,0.350,1.000,908.5022,1115.7839
ROI_075/patch_60,own,0–16,1,71,0.000,1.000,123.9917,178.6749
ROI_075/patch_60,own,16–32,1,160,0.300,1.000,656.1680,768.8619
ROI_075/patch_60,own,32–64,1,510,0.600,1.000,561.0074,734.0546
ROI_075/patch_60,own,64–128,1,2026,0.450,1.000,306.5283,386.3429
ROI_075/patch_60,own,≥128,1,11201,0.500,1.000,422.9534,507.2454
ROI_075/patch_61,nearest,0–16,1,104,0.000,1.000,107.5364,109.2253
ROI_075/patch_61,nearest,16–32,1,196,0.200,1.000,264.9221,322.9716
ROI_075/patch_61,nearest,32–64,1,367,0.950,1.000,283.5708,325.3506
ROI_075/patch_61,nearest,64–128,1,658,0.650,1.000,321.6863,475.2067
ROI_075/patch_61,nearest,≥128,1,158,0.200,1.000,858.5667,1181.9185
ROI_075/patch_61,own,0–16,1,104,0.000,1.000,118.6123,120.8113
ROI_075/patch_61,own,16–32,1,196,0.100,1.000,266.7381,315.0690
ROI_075/patch_61,own,32–64,1,388,0.900,1.000,461.8137,643.5315
ROI_075/patch_61,own,64–128,1,1442,0.800,1.000,476.0936,605.1650
ROI_075/patch_61,own,≥128,1,11217,0.400,1.000,323.4371,381.5843
ROI_075/patch_62,nearest,0–16,1,76,0.100,1.000,614.9242,628.5840
ROI_075/patch_62,nearest,16–32,1,136,0.300,1.000,304.3032,402.0245
ROI_075/patch_62,nearest,32–64,1,415,1.000,1.000,,
ROI_075/patch_62,nearest,64–128,1,575,1.000,1.000,,
ROI_075/patch_62,nearest,≥128,1,204,0.650,1.000,1675.6422,2020.6891
ROI_075/patch_62,own,0–16,1,76,0.000,1.000,609.5270,624.4351
ROI_075/patch_62,own,16–32,1,136,0.100,1.000,313.2020,404.5369
ROI_075/patch_62,own,32–64,1,424,0.850,1.000,552.1890,775.8672
ROI_075/patch_62,own,64–128,1,1437,1.000,1.000,,
ROI_075/patch_62,own,≥128,1,10581,0.900,1.000,418.9658,638.0035
ROI_075/patch_63,nearest,0–16,1,82,0.000,1.000,862.4386,1157.0021
ROI_075/patch_63,nearest,16–32,1,101,0.800,1.000,841.0555,886.4105
ROI_075/patch_63,nearest,32–64,1,290,1.000,1.000,,
ROI_075/patch_63,nearest,64–128,1,569,1.000,1.000,,
ROI_075/patch_63,nearest,≥128,1,95,1.000,1.000,,
ROI_075/patch_63,own,0–16,1,82,0.000,1.000,880.8431,1133.9425
ROI_075/patch_63,own,16–32,1,101,0.800,1.000,858.8214,904.1670
ROI_075/patch_63,own,32–64,1,294,0.900,1.000,415.5550,530.9458
ROI_075/patch_63,own,64–128,1,1301,1.000,1.000,,
ROI_075/patch_63,own,≥128,1,8455,0.950,1.000,362.3769,491.9275
ROI_075/patch_64,nearest,0–16,1,41,1.000,1.000,,
ROI_075/patch_64,nearest,16–32,1,94,1.000,1.000,,
ROI_075/patch_64,nearest,32–64,1,267,1.000,1.000,,
ROI_075/patch_64,nearest,64–128,1,447,1.000,1.000,,
ROI_075/patch_64,nearest,≥128,1,210,1.000,1.000,,
ROI_075/patch_64,own,0–16,1,41,1.000,1.000,,
ROI_075/patch_64,own,16–32,1,94,1.000,1.000,,
ROI_075/patch_64,own,32–64,1,333,1.000,1.000,,
ROI_075/patch_64,own,64–128,1,938,1.000,1.000,,
ROI_075/patch_64,own,≥128,1,7066,1.000,1.000,,
ROI_075/patch_65,nearest,0–16,1,98,0.000,1.000,52.1933,56.8281
ROI_075/patch_65,nearest,16–32,1,153,0.050,1.000,416.4377,463.2687
ROI_075/patch_65,nearest,32–64,1,288,0.500,1.000,373.0188,494.5089
ROI_075/patch_65,nearest,64–128,1,619,0.000,1.000,355.7027,954.5042
ROI_075/patch_65,nearest,≥128,1,349,0.000,1.000,206.4685,287.6716
ROI_075/patch_65,own,0–16,1,98,0.000,1.000,73.0221,79.6187
ROI_075/patch_65,own,16–32,1,153,0.100,1.000,360.0087,405.1252
ROI_075/patch_65,own,32–64,1,346,0.100,1.000,480.0478,627.3811
ROI_075/patch_65,own,64–128,1,1295,0.150,1.000,328.1028,534.8755
ROI_075/patch_65,own,≥128,1,10164,0.200,1.000,256.8734,427.8340
ROI_075/patch_66,nearest,0–16,1,93,0.050,1.000,414.1195,630.5111
ROI_075/patch_66,nearest,16–32,1,167,1.000,1.000,,
ROI_075/patch_66,nearest,32–64,1,350,1.000,1.000,,
ROI_075/patch_66,nearest,64–128,1,508,0.900,1.000,292.2209,454.6925
ROI_075/patch_66,nearest,≥128,1,69,0.950,1.000,592.3760,1017.1123
ROI_075/patch_66,own,0–16,1,93,0.000,1.000,381.7104,577.4133
ROI_075/patch_66,own,16–32,1,167,1.000,1.000,,
ROI_075/patch_66,own,32–64,1,397,1.000,1.000,,
ROI_075/patch_66,own,64–128,1,1289,1.000,1.000,,
ROI_075/patch_66,own,≥128,1,8737,0.950,1.000,306.7597,369.1052
ROI_075/patch_67,nearest,0–16,1,99,0.000,1.000,216.6919,254.2257
ROI_075/patch_67,nearest,16–32,1,169,0.250,1.000,539.5264,601.5890
ROI_075/patch_67,nearest,32–64,1,428,0.550,1.000,337.3239,482.4392
ROI_075/patch_67,nearest,64–128,1,485,0.900,1.000,389.0075,594.1838
ROI_075/patch_67,nearest,≥128,1,198,0.400,1.000,573.7105,981.9421
ROI_075/patch_67,own,0–16,1,99,0.000,1.000,167.0992,201.6304
ROI_075/patch_67,own,16–32,1,169,0.200,1.000,621.6246,706.4386
ROI_075/patch_67,own,32–64,1,468,0.550,1.000,267.8562,372.3416
ROI_075/patch_67,own,64–128,1,1341,0.200,1.000,346.1091,488.5468
ROI_075/patch_67,own,≥128,1,10334,0.250,1.000,442.1905,526.1606
ROI_075/patch_68,nearest,0–16,1,56,0.000,1.000,374.2739,424.3843
ROI_075/patch_68,nearest,16–32,1,110,0.100,1.000,347.5685,367.0291
ROI_075/patch_68,nearest,32–64,1,275,0.950,1.000,372.2175,526.4635
ROI_075/patch_68,nearest,64–128,1,482,1.000,1.000,,
ROI_075/patch_68,nearest,≥128,1,170,1.000,1.000,,
ROI_075/patch_68,own,0–16,1,56,0.000,1.000,364.9999,412.6651
ROI_075/patch_68,own,16–32,1,110,0.050,1.000,326.5664,345.2887
ROI_075/patch_68,own,32–64,1,301,0.900,1.000,662.6508,794.3913
ROI_075/patch_68,own,64–128,1,1127,1.000,1.000,,
ROI_075/patch_68,own,≥128,1,8243,0.950,1.000,557.0506,645.6155
ROI_075/patch_69,nearest,0–16,1,108,0.000,1.000,127.8275,217.1257
ROI_075/patch_69,nearest,16–32,1,156,0.000,1.000,355.4969,558.3242
ROI_075/patch_69,nearest,32–64,1,396,0.100,1.000,440.0359,535.7972
ROI_075/patch_69,nearest,64–128,1,505,0.100,1.000,360.2874,488.6328
ROI_075/patch_69,nearest,≥128,1,153,0.050,1.000,528.4410,794.2164
ROI_075/patch_69,own,0–16,1,108,0.000,1.000,113.6049,195.1752
ROI_075/patch_69,own,16–32,1,156,0.050,1.000,429.5876,616.5311
ROI_075/patch_69,own,32–64,1,463,0.050,1.000,423.3928,509.0987
ROI_075/patch_69,own,64–128,1,1520,0.000,1.000,364.0975,478.2947
ROI_075/patch_69,own,≥128,1,9615,0.050,1.000,304.0790,376.7061
ROI_075/patch_70,nearest,0–16,1,62,0.000,1.000,65.7185,266.6791
ROI_075/patch_70,nearest,16–32,1,136,0.000,1.000,68.9136,175.5573
ROI_075/patch_70,nearest,32–64,1,409,0.000,1.000,248.2105,402.5679
ROI_075/patch_70,nearest,64–128,1,648,0.050,1.000,275.5373,495.8703
ROI_075/patch_70,nearest,≥128,1,89,0.000,1.000,425.9053,598.1815
ROI_075/patch_70,own,0–16,1,62,0.000,1.000,65.7055,267.2021
ROI_075/patch_70,own,16–32,1,136,0.000,1.000,70.1250,186.8051
ROI_075/patch_70,own,32–64,1,411,0.050,1.000,298.5252,480.7907
ROI_075/patch_70,own,64–128,1,1327,0.000,1.000,257.7658,465.7846
ROI_075/patch_70,own,≥128,1,8816,0.000,1.000,252.7997,382.3569
ROI_075/patch_71,nearest,0–16,1,88,0.950,1.000,984.7085,1315.5704
ROI_075/patch_71,nearest,16–32,1,176,0.450,1.000,773.4322,913.8533
ROI_075/patch_71,nearest,32–64,1,393,0.100,1.000,473.1936,566.9666
ROI_075/patch_71,nearest,64–128,1,624,0.750,1.000,569.0959,730.8782
ROI_075/patch_71,nearest,≥128,1,120,1.000,1.000,,
ROI_075/patch_71,own,0–16,1,88,1.000,1.000,,
ROI_075/patch_71,own,16–32,1,176,0.650,1.000,759.4641,916.2089
ROI_075/patch_71,own,32–64,1,486,0.100,1.000,505.1161,616.1028
ROI_075/patch_71,own,64–128,1,1576,0.450,1.000,669.6890,822.0627
ROI_075/patch_71,own,≥128,1,10283,0.600,1.000,486.2778,651.7507
ROI_075/patch_72,nearest,0–16,1,72,0.000,1.000,421.3994,543.6810
ROI_075/patch_72,nearest,16–32,1,166,0.000,1.000,385.8613,476.7252
ROI_075/patch_72,nearest,32–64,1,404,0.200,1.000,375.1358,492.4712
ROI_075/patch_72,nearest,64–128,1,533,0.350,1.000,397.3805,616.4189
ROI_075/patch_72,nearest,≥128,1,93,1.000,1.000,,
ROI_075/patch_72,own,0–16,1,72,0.000,1.000,435.9157,560.7246
ROI_075/patch_72,own,16–32,1,166,0.000,1.000,383.4884,471.8052
ROI_075/patch_72,own,32–64,1,446,0.100,1.000,398.4717,517.5428
ROI_075/patch_72,own,64–128,1,1221,0.350,1.000,395.1759,578.5890
ROI_075/patch_72,own,≥128,1,9507,0.400,1.000,418.5020,600.5816
ROI_075/patch_73,nearest,0–16,1,49,1.000,1.000,,
ROI_075/patch_73,nearest,16–32,1,132,1.000,1.000,,
ROI_075/patch_73,nearest,32–64,1,333,0.750,1.000,406.3633,515.3772
ROI_075/patch_73,nearest,64–128,1,438,1.000,1.000,,
ROI_075/patch_73,nearest,≥128,1,148,1.000,1.000,,
ROI_075/patch_73,own,0–16,1,49,1.000,1.000,,
ROI_075/patch_73,own,16–32,1,132,1.000,1.000,,
ROI_075/patch_73,own,32–64,1,376,1.000,1.000,,
ROI_075/patch_73,own,64–128,1,1085,1.000,1.000,,
ROI_075/patch_73,own,≥128,1,7158,1.000,1.000,,
ROI_075/patch_74,nearest,0–16,1,45,1.000,1.000,,
ROI_075/patch_74,nearest,16–32,1,81,1.000,1.000,,
ROI_075/patch_74,nearest,32–64,1,246,1.000,1.000,,
ROI_075/patch_74,nearest,64–128,1,453,1.000,1.000,,
ROI_075/patch_74,nearest,≥128,1,189,0.750,1.000,966.7286,1248.0802
ROI_075/patch_74,own,0–16,1,45,1.000,1.000,,
ROI_075/patch_74,own,16–32,1,81,1.000,1.000,,
ROI_075/patch_74,own,32–64,1,260,1.000,1.000,,
ROI_075/patch_74,own,64–128,1,819,1.000,1.000,,
ROI_075/patch_74,own,≥128,1,6907,1.000,1.000,,
ROI_075/patch_75,,,excluded,,,,,
ROI_075/patch_76,nearest,0–16,1,96,0.000,1.000,185.3534,189.6140
ROI_075/patch_76,nearest,16–32,1,195,0.000,1.000,106.5183,140.8183
ROI_075/patch_76,nearest,32–64,1,336,0.450,1.000,326.2762,494.3845
ROI_075/patch_76,nearest,64–128,1,584,0.800,1.000,549.4580,686.5505
ROI_075/patch_76,nearest,≥128,1,111,1.000,1.000,,
ROI_075/patch_76,own,0–16,1,96,0.000,1.000,199.9664,204.3850
ROI_075/patch_76,own,16–32,1,195,0.000,1.000,88.3934,125.8706
ROI_075/patch_76,own,32–64,1,397,0.250,1.000,375.6019,501.0024
ROI_075/patch_76,own,64–128,1,1413,0.250,1.000,372.8292,487.7989
ROI_075/patch_76,own,≥128,1,8475,0.100,1.000,353.1978,461.0795
ROI_075/patch_77,nearest,0–16,1,46,1.000,1.000,,
ROI_075/patch_77,nearest,16–32,1,106,1.000,1.000,,
ROI_075/patch_77,nearest,32–64,1,243,1.000,1.000,,
ROI_075/patch_77,nearest,64–128,1,307,1.000,1.000,,
ROI_075/patch_77,nearest,≥128,1,160,1.000,1.000,,
ROI_075/patch_77,own,0–16,1,46,1.000,1.000,,
ROI_075/patch_77,own,16–32,1,106,1.000,1.000,,
ROI_075/patch_77,own,32–64,1,262,1.000,1.000,,
ROI_075/patch_77,own,64–128,1,994,1.000,1.000,,
ROI_075/patch_77,own,≥128,1,6350,1.000,1.000,,
ROI_075/patch_78,nearest,0–16,0,39,nan,nan,,
ROI_075/patch_78,nearest,16–32,1,92,1.000,1.000,,
ROI_075/patch_78,nearest,32–64,1,276,1.000,1.000,,
ROI_075/patch_78,nearest,64–128,1,391,1.000,1.000,,
ROI_075/patch_78,nearest,≥128,1,160,1.000,1.000,,
ROI_075/patch_78,own,0–16,0,39,nan,nan,,
ROI_075/patch_78,own,16–32,1,92,1.000,1.000,,
ROI_075/patch_78,own,32–64,1,339,1.000,1.000,,
ROI_075/patch_78,own,64–128,1,1040,1.000,1.000,,
ROI_075/patch_78,own,≥128,1,7112,1.000,1.000,,
ROI_075/patch_79,nearest,0–16,1,53,1.000,1.000,,
ROI_075/patch_79,nearest,16–32,1,116,1.000,1.000,,
ROI_075/patch_79,nearest,32–64,1,247,1.000,1.000,,
ROI_075/patch_79,nearest,64–128,1,392,1.000,1.000,,
ROI_075/patch_79,nearest,≥128,1,80,1.000,1.000,,
ROI_075/patch_79,own,0–16,1,53,1.000,1.000,,
ROI_075/patch_79,own,16–32,1,116,1.000,1.000,,
ROI_075/patch_79,own,32–64,1,264,1.000,1.000,,
ROI_075/patch_79,own,64–128,1,905,1.000,1.000,,
ROI_075/patch_79,own,≥128,1,5766,1.000,1.000,,
ROI_075/patch_80,nearest,0–16,1,45,1.000,1.000,,
ROI_075/patch_80,nearest,16–32,1,90,1.000,1.000,,
ROI_075/patch_80,nearest,32–64,1,253,1.000,1.000,,
ROI_075/patch_80,nearest,64–128,1,453,1.000,1.000,,
ROI_075/patch_80,nearest,≥128,1,52,1.000,1.000,,
ROI_075/patch_80,own,0–16,1,45,1.000,1.000,,
ROI_075/patch_80,own,16–32,1,90,1.000,1.000,,
ROI_075/patch_80,own,32–64,1,290,1.000,1.000,,
ROI_075/patch_80,own,64–128,1,977,1.000,1.000,,
ROI_075/patch_80,own,≥128,1,6635,1.000,1.000,,
ROI_075/patch_81,nearest,0–16,1,50,1.000,1.000,,
ROI_075/patch_81,nearest,16–32,1,102,1.000,1.000,,
ROI_075/patch_81,nearest,32–64,1,214,1.000,1.000,,
ROI_075/patch_81,nearest,64–128,1,403,1.000,1.000,,
ROI_075/patch_81,nearest,≥128,1,95,1.000,1.000,,
ROI_075/patch_81,own,0–16,1,50,1.000,1.000,,
ROI_075/patch_81,own,16–32,1,119,1.000,1.000,,
ROI_075/patch_81,own,32–64,1,309,1.000,1.000,,
ROI_075/patch_81,own,64–128,1,899,1.000,1.000,,
ROI_075/patch_81,own,≥128,1,5535,1.000,1.000,,
ROI_075/patch_82,nearest,0–16,1,60,1.000,1.000,,
ROI_075/patch_82,nearest,16–32,1,87,1.000,1.000,,
ROI_075/patch_82,nearest,32–64,1,249,1.000,1.000,,
ROI_075/patch_82,nearest,64–128,1,350,1.000,1.000,,
ROI_075/patch_82,nearest,≥128,1,81,1.000,1.000,,
ROI_075/patch_82,own,0–16,1,60,1.000,1.000,,
ROI_075/patch_82,own,16–32,1,87,1.000,1.000,,
ROI_075/patch_82,own,32–64,1,293,1.000,1.000,,
ROI_075/patch_82,own,64–128,1,923,1.000,1.000,,
ROI_075/patch_82,own,≥128,1,6080,1.000,1.000,,
ROI_075/patch_83,nearest,0–16,0,35,nan,nan,,
ROI_075/patch_83,nearest,16–32,1,68,1.000,1.000,,
ROI_075/patch_83,nearest,32–64,1,185,1.000,1.000,,
ROI_075/patch_83,nearest,64–128,1,392,1.000,1.000,,
ROI_075/patch_83,nearest,≥128,1,137,1.000,1.000,,
ROI_075/patch_83,own,0–16,0,35,nan,nan,,
ROI_075/patch_83,own,16–32,1,68,1.000,1.000,,
ROI_075/patch_83,own,32–64,1,229,1.000,1.000,,
ROI_075/patch_83,own,64–128,1,814,1.000,1.000,,
ROI_075/patch_83,own,≥128,1,5390,1.000,1.000,,
ROI_075/patch_84,nearest,0–16,0,39,nan,nan,,
ROI_075/patch_84,nearest,16–32,1,93,1.000,1.000,,
ROI_075/patch_84,nearest,32–64,1,298,1.000,1.000,,
ROI_075/patch_84,nearest,64–128,1,488,1.000,1.000,,
ROI_075/patch_84,nearest,≥128,1,99,1.000,1.000,,
ROI_075/patch_84,own,0–16,0,39,nan,nan,,
ROI_075/patch_84,own,16–32,1,93,1.000,1.000,,
ROI_075/patch_84,own,32–64,1,306,1.000,1.000,,
ROI_075/patch_84,own,64–128,1,1126,1.000,1.000,,
ROI_075/patch_84,own,≥128,1,6572,1.000,1.000,,
ROI_075/patch_85,nearest,0–16,0,38,nan,nan,,
ROI_075/patch_85,nearest,16–32,1,68,1.000,1.000,,
ROI_075/patch_85,nearest,32–64,1,231,1.000,1.000,,
ROI_075/patch_85,nearest,64–128,1,384,1.000,1.000,,
ROI_075/patch_85,nearest,≥128,1,65,1.000,1.000,,
ROI_075/patch_85,own,0–16,0,38,nan,nan,,
ROI_075/patch_85,own,16–32,1,68,1.000,1.000,,
ROI_075/patch_85,own,32–64,1,245,1.000,1.000,,
ROI_075/patch_85,own,64–128,1,875,1.000,1.000,,
ROI_075/patch_85,own,≥128,1,5062,1.000,1.000,,
ROI_075/patch_86,nearest,0–16,0,37,nan,nan,,
ROI_075/patch_86,nearest,16–32,1,101,1.000,1.000,,
ROI_075/patch_86,nearest,32–64,1,291,1.000,1.000,,
ROI_075/patch_86,nearest,64–128,1,592,1.000,1.000,,
ROI_075/patch_86,nearest,≥128,1,51,1.000,1.000,,
ROI_075/patch_86,own,0–16,0,37,nan,nan,,
ROI_075/patch_86,own,16–32,1,101,1.000,1.000,,
ROI_075/patch_86,own,32–64,1,297,1.000,1.000,,
ROI_075/patch_86,own,64–128,1,1090,1.000,1.000,,
ROI_075/patch_86,own,≥128,1,7051,1.000,1.000,,
ROI_075/patch_87,nearest,0–16,1,64,0.250,1.000,682.8188,731.7647
ROI_075/patch_87,nearest,16–32,1,107,1.000,1.000,,
ROI_075/patch_87,nearest,32–64,1,332,1.000,1.000,,
ROI_075/patch_87,nearest,64–128,1,550,1.000,1.000,,
ROI_075/patch_87,nearest,≥128,1,114,1.000,1.000,,
ROI_075/patch_87,own,0–16,1,64,0.250,1.000,733.5529,782.2795
ROI_075/patch_87,own,16–32,1,107,1.000,1.000,,
ROI_075/patch_87,own,32–64,1,363,1.000,1.000,,
ROI_075/patch_87,own,64–128,1,1355,0.950,1.000,441.4223,627.3150
ROI_075/patch_87,own,≥128,1,8614,0.900,1.000,391.8026,604.6674
ROI_075/patch_88,nearest,0–16,1,68,1.000,1.000,,
ROI_075/patch_88,nearest,16–32,1,127,1.000,1.000,,
ROI_075/patch_88,nearest,32–64,1,396,1.000,1.000,,
ROI_075/patch_88,nearest,64–128,1,534,1.000,1.000,,
ROI_075/patch_88,nearest,≥128,1,92,1.000,1.000,,
ROI_075/patch_88,own,0–16,1,68,1.000,1.000,,
ROI_075/patch_88,own,16–32,1,127,1.000,1.000,,
ROI_075/patch_88,own,32–64,1,407,1.000,1.000,,
ROI_075/patch_88,own,64–128,1,1200,1.000,1.000,,
ROI_075/patch_88,own,≥128,1,7934,1.000,1.000,,
ROI_075/patch_89,nearest,0–16,0,34,nan,nan,,
ROI_075/patch_89,nearest,16–32,1,85,0.700,1.000,502.7470,945.4659
ROI_075/patch_89,nearest,32–64,1,250,1.000,1.000,,
ROI_075/patch_89,nearest,64–128,1,543,0.950,1.000,380.3583,545.4919
ROI_075/patch_89,nearest,≥128,1,101,1.000,1.000,,
ROI_075/patch_89,own,0–16,0,34,nan,nan,,
ROI_075/patch_89,own,16–32,1,85,0.700,1.000,605.1043,1026.0641
ROI_075/patch_89,own,32–64,1,272,1.000,1.000,,
ROI_075/patch_89,own,64–128,1,1025,1.000,1.000,,
ROI_075/patch_89,own,≥128,1,7701,1.000,1.000,,
ROI_075/patch_90,nearest,0–16,1,82,1.000,1.000,,
ROI_075/patch_90,nearest,16–32,1,134,0.550,1.000,635.6302,801.2596
ROI_075/patch_90,nearest,32–64,1,347,0.900,1.000,1015.6487,1816.3301
ROI_075/patch_90,nearest,64–128,1,563,1.000,1.000,,
ROI_075/patch_90,nearest,≥128,1,96,1.000,1.000,,
ROI_075/patch_90,own,0–16,1,82,1.000,1.000,,
ROI_075/patch_90,own,16–32,1,134,0.750,1.000,604.2727,735.8483
ROI_075/patch_90,own,32–64,1,388,0.950,1.000,818.9113,1297.6245
ROI_075/patch_90,own,64–128,1,1096,1.000,1.000,,
ROI_075/patch_90,own,≥128,1,8076,0.950,1.000,447.6861,562.1119
ROI_075/patch_91,nearest,0–16,1,77,0.000,1.000,136.8121,143.7886
ROI_075/patch_91,nearest,16–32,1,122,0.350,1.000,550.0918,1026.8326
ROI_075/patch_91,nearest,32–64,1,346,1.000,1.000,,
ROI_075/patch_91,nearest,64–128,1,616,0.950,1.000,393.3291,600.1137
ROI_075/patch_91,nearest,≥128,1,48,0.950,1.000,3303.9207,3364.0080
ROI_075/patch_91,own,0–16,1,77,0.000,1.000,136.6350,142.1287
ROI_075/patch_91,own,16–32,1,122,0.150,1.000,491.1888,959.8871
ROI_075/patch_91,own,32–64,1,346,1.000,1.000,,
ROI_075/patch_91,own,64–128,1,1078,0.900,1.000,531.6094,694.8470
ROI_075/patch_91,own,≥128,1,8049,0.600,1.000,353.1667,496.0936
ROI_075/patch_92,nearest,0–16,1,66,0.000,1.000,252.3217,820.0728
ROI_075/patch_92,nearest,16–32,1,136,0.000,1.000,168.1299,500.5686
ROI_075/patch_92,nearest,32–64,1,383,0.400,1.000,494.1116,710.8501
ROI_075/patch_92,nearest,64–128,1,576,0.900,1.000,591.0625,691.1424
ROI_075/patch_92,nearest,≥128,1,107,0.000,1.000,119.4758,165.7115
ROI_075/patch_92,own,0–16,1,66,0.000,1.000,251.0255,820.4238
ROI_075/patch_92,own,16–32,1,136,0.000,1.000,174.9222,511.9431
ROI_075/patch_92,own,32–64,1,439,0.500,1.000,485.4748,817.8583
ROI_075/patch_92,own,64–128,1,1405,0.500,1.000,554.3661,672.4405
ROI_075/patch_92,own,≥128,1,9366,0.400,1.000,391.1199,575.3004
ROI_075/patch_93,nearest,0–16,1,55,0.000,1.000,228.5165,469.2324
ROI_075/patch_93,nearest,16–32,1,106,0.000,1.000,234.1298,363.9036
ROI_075/patch_93,nearest,32–64,1,269,0.550,1.000,437.7538,627.0779
ROI_075/patch_93,nearest,64–128,1,516,1.000,1.000,,
ROI_075/patch_93,nearest,≥128,1,47,1.000,1.000,,
ROI_075/patch_93,own,0–16,1,55,0.000,1.000,238.2851,479.1410
ROI_075/patch_93,own,16–32,1,108,0.000,1.000,246.6182,367.1945
ROI_075/patch_93,own,32–64,1,339,0.500,1.000,391.4418,478.6977
ROI_075/patch_93,own,64–128,1,1074,0.850,1.000,385.5786,444.5253
ROI_075/patch_93,own,≥128,1,7361,0.750,1.000,361.8890,711.0897
ROI_075/patch_94,nearest,0–16,1,51,0.000,1.000,153.0086,157.1919
ROI_075/patch_94,nearest,16–32,1,97,0.050,1.000,572.5683,632.1685
ROI_075/patch_94,nearest,32–64,1,302,0.000,1.000,897.9919,1082.5719
ROI_075/patch_94,nearest,64–128,1,546,0.200,1.000,509.7205,731.4673
ROI_075/patch_94,nearest,≥128,1,163,0.300,1.000,341.4076,1044.0125
ROI_075/patch_94,own,0–16,1,51,0.000,1.000,152.7125,157.0390
ROI_075/patch_94,own,16–32,1,101,0.000,1.000,632.7243,683.3320
ROI_075/patch_94,own,32–64,1,358,0.150,1.000,1024.9036,1143.3988
ROI_075/patch_94,own,64–128,1,1114,0.050,1.000,580.8319,740.3530
ROI_075/patch_94,own,≥128,1,7648,0.100,1.000,593.0106,787.1156
ROI_075/patch_95,nearest,0–16,1,83,0.000,1.000,65.6558,155.0273
ROI_075/patch_95,nearest,16–32,1,110,0.000,1.000,64.0162,144.7104
ROI_075/patch_95,nearest,32–64,1,362,0.000,1.000,346.3483,508.7045
ROI_075/patch_95,nearest,64–128,1,763,0.050,1.000,231.7476,408.6553
ROI_075/patch_95,nearest,≥128,1,156,0.000,1.000,471.2200,649.7040
ROI_075/patch_95,own,0–16,1,83,0.000,1.000,56.0800,136.6904
ROI_075/patch_95,own,16–32,1,110,0.000,1.000,64.5280,145.1510
ROI_075/patch_95,own,32–64,1,377,0.000,1.000,382.0931,598.3992
ROI_075/patch_95,own,64–128,1,1468,0.000,1.000,154.6624,345.1465
ROI_075/patch_95,own,≥128,1,11228,0.000,1.000,232.9004,424.7985
ROI_075/patch_96,nearest,0–16,1,51,0.000,1.000,49.6080,86.2925
ROI_075/patch_96,nearest,16–32,1,96,0.150,1.000,357.9584,552.2582
ROI_075/patch_96,nearest,32–64,1,265,0.250,1.000,416.7273,632.3819
ROI_075/patch_96,nearest,64–128,1,454,0.950,1.000,777.9499,1206.7780
ROI_075/patch_96,nearest,≥128,1,77,0.000,1.000,263.2502,509.1772
ROI_075/patch_96,own,0–16,1,51,0.000,1.000,50.5308,92.0027
ROI_075/patch_96,own,16–32,1,96,0.200,1.000,332.3679,507.7506
ROI_075/patch_96,own,32–64,1,284,0.250,1.000,505.4325,686.2273
ROI_075/patch_96,own,64–128,1,966,0.800,1.000,739.5788,1065.7229
ROI_075/patch_96,own,≥128,1,6147,0.550,1.000,445.8773,598.0335
ROI_075/patch_97,nearest,0–16,1,65,1.000,1.000,,
ROI_075/patch_97,nearest,16–32,1,121,0.700,1.000,605.0255,682.9579
ROI_075/patch_97,nearest,32–64,1,419,0.800,1.000,691.4564,758.0598
ROI_075/patch_97,nearest,64–128,1,723,0.650,1.000,632.5190,899.4465
ROI_075/patch_97,nearest,≥128,0,34,nan,nan,,
ROI_075/patch_97,own,0–16,1,65,1.000,1.000,,
ROI_075/patch_97,own,16–32,1,121,0.800,1.000,654.4646,725.3836
ROI_075/patch_97,own,32–64,1,447,0.300,1.000,657.2545,750.0411
ROI_075/patch_97,own,64–128,1,1358,0.450,1.000,508.0524,658.3328
ROI_075/patch_97,own,≥128,1,8905,0.600,1.000,511.2300,648.5629
ROI_075/patch_98,nearest,0–16,0,29,nan,nan,,
ROI_075/patch_98,nearest,16–32,1,103,0.000,1.000,479.1314,583.1747
ROI_075/patch_98,nearest,32–64,1,187,0.000,1.000,551.6550,889.3380
ROI_075/patch_98,nearest,64–128,1,502,0.000,1.000,924.9851,1208.2032
ROI_075/patch_98,nearest,≥128,1,122,0.950,1.000,2554.4854,2795.4906
ROI_075/patch_98,own,0–16,0,29,nan,nan,,
ROI_075/patch_98,own,16–32,1,103,0.000,1.000,614.4063,752.2067
ROI_075/patch_98,own,32–64,1,230,0.000,1.000,577.4009,960.0851
ROI_075/patch_98,own,64–128,1,976,0.050,1.000,656.8706,1026.6755
ROI_075/patch_98,own,≥128,1,6206,0.050,1.000,858.2039,1157.1503
ROI_075/patch_99,nearest,0–16,1,64,0.000,1.000,16.4577,50.8648
ROI_075/patch_99,nearest,16–32,1,139,0.550,1.000,552.6699,585.8223
ROI_075/patch_99,nearest,32–64,1,304,0.700,1.000,682.1198,723.4513
ROI_075/patch_99,nearest,64–128,1,586,0.050,1.000,192.5984,647.9296
ROI_075/patch_99,nearest,≥128,1,117,0.000,1.000,83.8359,183.4297
ROI_075/patch_99,own,0–16,1,64,0.000,1.000,15.2697,48.0025
ROI_075/patch_99,own,16–32,1,139,0.200,1.000,552.4075,586.8155
ROI_075/patch_99,own,32–64,1,313,0.600,1.000,671.7914,711.3549
ROI_075/patch_99,own,64–128,1,1074,0.050,1.000,377.7086,553.1044
ROI_075/patch_99,own,≥128,1,8090,0.000,1.000,223.5896,395.2949
ROI_075/patch_101,nearest,0–16,1,108,0.000,1.000,5.2210,8.9840
ROI_075/patch_101,nearest,16–32,1,208,0.000,1.000,13.0579,22.1375
ROI_075/patch_101,nearest,32–64,1,539,0.000,1.000,61.3763,89.1610
ROI_075/patch_101,nearest,64–128,1,864,0.000,1.000,184.9483,278.1899
ROI_075/patch_101,nearest,≥128,1,228,0.000,1.000,76.5754,200.1604
ROI_075/patch_101,own,0–16,1,108,0.000,1.000,4.1781,10.1397
ROI_075/patch_101,own,16–32,1,208,0.000,1.000,16.3207,25.6407
ROI_075/patch_101,own,32–64,1,544,0.000,1.000,86.7919,119.3548
ROI_075/patch_101,own,64–128,1,1827,0.000,1.000,141.2783,223.4924
ROI_075/patch_101,own,≥128,1,12889,0.000,1.000,79.5922,144.5998
ROI_075/patch_102,nearest,0–16,1,59,0.150,1.000,564.2540,1232.4574
ROI_075/patch_102,nearest,16–32,1,96,0.100,1.000,55.3383,371.0296
ROI_075/patch_102,nearest,32–64,1,216,0.050,1.000,216.1400,425.7604
ROI_075/patch_102,nearest,64–128,1,352,0.300,1.000,409.6906,769.2074
ROI_075/patch_102,nearest,≥128,1,107,0.000,1.000,381.3109,606.9026
ROI_075/patch_102,own,0–16,1,59,0.000,1.000,559.5999,1230.8301
ROI_075/patch_102,own,16–32,1,96,0.200,1.000,59.6674,379.5301
ROI_075/patch_102,own,32–64,1,255,0.000,1.000,211.0224,430.5237
ROI_075/patch_102,own,64–128,1,796,0.050,1.000,307.2768,519.1383
ROI_075/patch_102,own,≥128,1,5434,0.050,1.000,222.3507,497.1907
ROI_075/patch_103,nearest,0–16,1,67,0.000,1.000,188.6424,269.3936
ROI_075/patch_103,nearest,16–32,1,123,0.000,1.000,123.2508,392.4722
ROI_075/patch_103,nearest,32–64,1,194,0.300,1.000,332.6639,620.1915
ROI_075/patch_103,nearest,64–128,1,247,0.850,1.000,801.4100,1125.9854
ROI_075/patch_103,nearest,≥128,1,228,1.000,1.000,,
ROI_075/patch_103,own,0–16,1,67,0.000,1.000,189.5976,270.7728
ROI_075/patch_103,own,16–32,1,123,0.000,1.000,117.6391,360.6186
ROI_075/patch_103,own,32–64,1,213,0.150,1.000,273.9471,558.1623
ROI_075/patch_103,own,64–128,1,746,0.150,1.000,269.2824,606.0804
ROI_075/patch_103,own,≥128,1,6582,0.250,1.000,273.1685,467.9466
ROI_075/patch_104,nearest,0–16,1,59,0.000,1.000,31.0739,85.9734
ROI_075/patch_104,nearest,16–32,1,108,0.000,1.000,67.2888,127.5118
ROI_075/patch_104,nearest,32–64,1,160,0.950,1.000,558.9884,1022.0218
ROI_075/patch_104,nearest,64–128,1,439,0.000,1.000,202.2077,495.1612
ROI_075/patch_104,nearest,≥128,1,73,0.900,1.000,72.3854,629.5569
ROI_075/patch_104,own,0–16,1,59,0.000,1.000,30.9976,87.4745
ROI_075/patch_104,own,16–32,1,118,0.000,1.000,73.7766,135.2460
ROI_075/patch_104,own,32–64,1,216,0.650,1.000,362.7716,760.9915
ROI_075/patch_104,own,64–128,1,783,0.250,1.000,175.2014,455.5722
ROI_075/patch_104,own,≥128,1,5536,0.200,1.000,163.7247,398.6719
ROI_075/patch_105,nearest,0–16,1,50,0.000,1.000,58.0254,103.1048
ROI_075/patch_105,nearest,16–32,1,126,0.000,1.000,83.2355,120.8797
ROI_075/patch_105,nearest,32–64,1,476,0.000,1.000,170.6440,399.4714
ROI_075/patch_105,nearest,64–128,1,676,0.000,1.000,35.6978,182.4441
ROI_075/patch_105,nearest,≥128,1,197,0.000,1.000,136.2790,220.1098
ROI_075/patch_105,own,0–16,1,50,0.000,1.000,57.8626,101.3527
ROI_075/patch_105,own,16–32,1,126,0.000,1.000,94.8215,135.5913
ROI_075/patch_105,own,32–64,1,521,0.000,1.000,155.6373,341.8061
ROI_075/patch_105,own,64–128,1,1538,0.000,1.000,60.5439,147.3771
ROI_075/patch_105,own,≥128,1,9965,0.000,1.000,63.1567,170.9194
ROI_075/patch_106,nearest,0–16,1,77,0.000,1.000,30.0880,44.7798
ROI_075/patch_106,nearest,16–32,1,138,0.000,1.000,238.5946,257.8302
ROI_075/patch_106,nearest,32–64,1,382,0.050,1.000,385.9514,428.8178
ROI_075/patch_106,nearest,64–128,1,764,0.000,1.000,78.1427,144.7114
ROI_075/patch_106,nearest,≥128,1,179,0.700,1.000,423.4316,837.2224
ROI_075/patch_106,own,0–16,1,77,0.000,1.000,29.9272,44.3965
ROI_075/patch_106,own,16–32,1,138,0.000,1.000,191.9436,215.4420
ROI_075/patch_106,own,32–64,1,386,0.000,1.000,445.3904,491.3023
ROI_075/patch_106,own,64–128,1,1449,0.000,1.000,113.9341,188.0796
ROI_075/patch_106,own,≥128,1,11810,0.000,1.000,188.8099,296.7959
ROI_075/patch_107,nearest,0–16,1,60,0.000,1.000,167.4187,191.1588
ROI_075/patch_107,nearest,16–32,1,121,0.000,1.000,127.8019,145.7657
ROI_075/patch_107,nearest,32–64,1,370,0.000,1.000,211.3314,291.1067
ROI_075/patch_107,nearest,64–128,1,690,0.000,1.000,238.3582,308.8713
ROI_075/patch_107,nearest,≥128,1,116,0.950,1.000,557.9081,632.5545
ROI_075/patch_107,own,0–16,1,60,0.000,1.000,171.5257,196.0991
ROI_075/patch_107,own,16–32,1,121,0.000,1.000,132.0367,153.0928
ROI_075/patch_107,own,32–64,1,403,0.000,1.000,162.4795,257.2638
ROI_075/patch_107,own,64–128,1,1716,0.000,1.000,181.2804,249.0561
ROI_075/patch_107,own,≥128,1,9913,0.000,1.000,247.9189,295.6435
ROI_075/patch_108,nearest,0–16,1,47,1.000,1.000,,
ROI_075/patch_108,nearest,16–32,1,119,0.250,1.000,417.3993,1449.9544
ROI_075/patch_108,nearest,32–64,1,283,0.750,1.000,725.9710,1464.8571
ROI_075/patch_108,nearest,64–128,1,370,1.000,1.000,,
ROI_075/patch_108,nearest,≥128,1,289,0.050,1.000,272.9111,629.4934
ROI_075/patch_108,own,0–16,1,47,1.000,1.000,,
ROI_075/patch_108,own,16–32,1,119,0.300,1.000,409.3712,1320.8155
ROI_075/patch_108,own,32–64,1,425,0.450,1.000,620.1028,1517.8710
ROI_075/patch_108,own,64–128,1,880,0.950,1.000,609.8739,1049.6431
ROI_075/patch_108,own,≥128,1,7393,0.450,1.000,482.6885,928.3007
ROI_075/patch_109,nearest,0–16,1,63,0.000,1.000,29.0555,108.9877
ROI_075/patch_109,nearest,16–32,1,134,0.000,1.000,45.2176,129.6626
ROI_075/patch_109,nearest,32–64,1,321,0.050,1.000,227.3617,481.3376
ROI_075/patch_109,nearest,64–128,1,451,0.150,1.000,634.6114,922.9587
ROI_075/patch_109,nearest,≥128,1,119,0.300,1.000,450.7725,510.1571
ROI_075/patch_109,own,0–16,1,63,0.000,1.000,29.7310,110.2241
ROI_075/patch_109,own,16–32,1,134,0.000,1.000,34.6481,102.6997
ROI_075/patch_109,own,32–64,1,355,0.050,1.000,195.9107,463.8718
ROI_075/patch_109,own,64–128,1,1185,0.100,1.000,459.9997,692.4147
ROI_075/patch_109,own,≥128,1,6967,0.000,1.000,327.0260,478.0337
ROI_075/patch_110,nearest,0–16,1,61,0.000,1.000,29.2209,42.4561
ROI_075/patch_110,nearest,16–32,1,153,0.000,1.000,129.6740,201.0813
ROI_075/patch_110,nearest,32–64,1,400,0.000,1.000,210.0266,458.1387
ROI_075/patch_110,nearest,64–128,1,583,0.000,1.000,67.6031,121.2705
ROI_075/patch_110,nearest,≥128,1,143,0.000,1.000,328.7428,397.4773
ROI_075/patch_110,own,0–16,1,61,0.000,1.000,27.5547,42.3839
ROI_075/patch_110,own,16–32,1,153,0.000,1.000,132.7090,215.7899
ROI_075/patch_110,own,32–64,1,426,0.000,1.000,263.4516,428.5116
ROI_075/patch_110,own,64–128,1,1532,0.000,1.000,99.6376,177.0604
ROI_075/patch_110,own,≥128,1,8548,0.000,1.000,110.5474,173.8320
ROI_075/patch_111,nearest,0–16,1,95,0.000,1.000,28.4534,35.8638
ROI_075/patch_111,nearest,16–32,1,196,0.000,1.000,74.9532,104.5429
ROI_075/patch_111,nearest,32–64,1,490,0.000,1.000,37.2073,170.2909
ROI_075/patch_111,nearest,64–128,1,654,0.000,1.000,72.6675,164.3236
ROI_075/patch_111,nearest,≥128,1,77,0.050,1.000,214.5473,297.7609
ROI_075/patch_111,own,0–16,1,95,0.000,1.000,31.0361,38.9759
ROI_075/patch_111,own,16–32,1,196,0.000,1.000,65.9380,96.0969
ROI_075/patch_111,own,32–64,1,491,0.000,1.000,34.9021,136.6460
ROI_075/patch_111,own,64–128,1,1673,0.000,1.000,76.4430,196.2347
ROI_075/patch_111,own,≥128,1,11153,0.000,1.000,66.4474,135.8758
ROI_075/patch_112,nearest,0–16,1,80,0.000,1.000,4.5615,6.0450
ROI_075/patch_112,nearest,16–32,1,148,0.000,1.000,217.1077,314.9041
ROI_075/patch_112,nearest,32–64,1,226,0.650,1.000,733.9291,842.7962
ROI_075/patch_112,nearest,64–128,1,901,0.100,1.000,301.8353,489.3920
ROI_075/patch_112,nearest,≥128,1,133,0.150,1.000,411.1192,452.3570
ROI_075/patch_112,own,0–16,1,80,0.000,1.000,4.5447,6.0077
ROI_075/patch_112,own,16–32,1,148,0.000,1.000,200.1464,296.9865
ROI_075/patch_112,own,32–64,1,235,0.900,1.000,831.3394,943.6280
ROI_075/patch_112,own,64–128,1,1377,0.000,1.000,239.0889,353.2728
ROI_075/patch_112,own,≥128,1,10064,0.150,1.000,208.3077,269.3989
ROI_075/patch_116,nearest,0–16,1,53,0.000,1.000,89.3457,148.6970
ROI_075/patch_116,nearest,16–32,1,92,0.000,1.000,30.4125,76.7482
ROI_075/patch_116,nearest,32–64,1,252,0.000,1.000,144.2451,276.2415
ROI_075/patch_116,nearest,64–128,1,540,0.100,1.000,255.2933,407.5598
ROI_075/patch_116,nearest,≥128,1,132,0.000,1.000,2526.3267,3034.1628
ROI_075/patch_116,own,0–16,1,53,0.000,1.000,97.8275,156.4999
ROI_075/patch_116,own,16–32,1,92,0.000,1.000,31.7073,70.2778
ROI_075/patch_116,own,32–64,1,253,0.000,1.000,147.8218,273.1638
ROI_075/patch_116,own,64–128,1,937,0.000,1.000,282.5400,477.1968
ROI_075/patch_116,own,≥128,1,7217,0.100,1.000,148.2866,294.6110
ROI_075/patch_117,nearest,0–16,0,25,nan,nan,,
ROI_075/patch_117,nearest,16–32,1,80,1.000,1.000,,
ROI_075/patch_117,nearest,32–64,1,215,1.000,1.000,,
ROI_075/patch_117,nearest,64–128,1,198,1.000,1.000,,
ROI_075/patch_117,nearest,≥128,1,256,1.000,1.000,,
ROI_075/patch_117,own,0–16,0,25,nan,nan,,
ROI_075/patch_117,own,16–32,1,85,1.000,1.000,,
ROI_075/patch_117,own,32–64,1,284,1.000,1.000,,
ROI_075/patch_117,own,64–128,1,1010,1.000,1.000,,
ROI_075/patch_117,own,≥128,1,4788,1.000,1.000,,
ROI_075/patch_118,nearest,0–16,1,51,1.000,1.000,,
ROI_075/patch_118,nearest,16–32,1,100,0.650,1.000,414.1816,548.0607
ROI_075/patch_118,nearest,32–64,1,211,1.000,1.000,,
ROI_075/patch_118,nearest,64–128,1,358,1.000,1.000,,
ROI_075/patch_118,nearest,≥128,1,72,1.000,1.000,,
ROI_075/patch_118,own,0–16,1,51,1.000,1.000,,
ROI_075/patch_118,own,16–32,1,100,0.650,1.000,445.3307,581.5250
ROI_075/patch_118,own,32–64,1,264,1.000,1.000,,
ROI_075/patch_118,own,64–128,1,875,1.000,1.000,,
ROI_075/patch_118,own,≥128,1,5046,1.000,1.000,,
ROI_075/patch_119,nearest,0–16,1,78,0.000,1.000,66.3290,434.7440
ROI_075/patch_119,nearest,16–32,1,191,0.000,1.000,115.0281,463.6166
ROI_075/patch_119,nearest,32–64,1,349,0.100,1.000,703.9903,878.1309
ROI_075/patch_119,nearest,64–128,1,471,0.550,1.000,602.5392,948.3336
ROI_075/patch_119,nearest,≥128,1,106,1.000,1.000,,
ROI_075/patch_119,own,0–16,1,78,0.000,1.000,64.7256,412.6127
ROI_075/patch_119,own,16–32,1,191,0.000,1.000,123.5520,444.9899
ROI_075/patch_119,own,32–64,1,442,0.250,1.000,756.8353,970.9568
ROI_075/patch_119,own,64–128,1,1652,0.000,1.000,428.7502,687.9532
ROI_075/patch_119,own,≥128,1,9587,0.050,1.000,303.2199,522.9811
ROI_075/patch_120,nearest,0–16,1,81,0.000,1.000,36.2149,40.2684
ROI_075/patch_120,nearest,16–32,1,158,0.000,1.000,60.6432,117.5106
ROI_075/patch_120,nearest,32–64,1,450,0.000,1.000,156.1596,263.1507
ROI_075/patch_120,nearest,64–128,1,621,0.000,1.000,118.8119,181.7923
ROI_075/patch_120,nearest,≥128,1,83,0.850,1.000,69.1117,327.6584
ROI_075/patch_120,own,0–16,1,81,0.000,1.000,36.3049,40.1377
ROI_075/patch_120,own,16–32,1,158,0.000,1.000,51.1079,101.3889
ROI_075/patch_120,own,32–64,1,467,0.000,1.000,154.3137,251.5025
ROI_075/patch_120,own,64–128,1,1545,0.000,1.000,137.8371,219.6382
ROI_075/patch_120,own,≥128,1,10286,0.000,1.000,103.5633,195.4238
ROI_075/patch_121,nearest,0–16,1,48,0.100,1.000,679.2189,817.6481
ROI_075/patch_121,nearest,16–32,1,113,1.000,1.000,,
ROI_075/patch_121,nearest,32–64,1,360,0.700,1.000,602.6520,677.2384
ROI_075/patch_121,nearest,64–128,1,451,0.800,1.000,717.7583,1009.0415
ROI_075/patch_121,nearest,≥128,1,57,1.000,1.000,,
ROI_075/patch_121,own,0–16,1,48,0.000,1.000,679.4664,818.0549
ROI_075/patch_121,own,16–32,1,113,1.000,1.000,,
ROI_075/patch_121,own,32–64,1,453,0.450,1.000,476.3896,633.4043
ROI_075/patch_121,own,64–128,1,1447,0.650,1.000,570.4482,729.7412
ROI_075/patch_121,own,≥128,1,7200,0.800,1.000,774.0967,1027.5790
ROI_075/patch_122,nearest,0–16,1,48,0.000,1.000,140.0450,150.7406
ROI_075/patch_122,nearest,16–32,1,134,0.050,1.000,449.3729,460.8115
ROI_075/patch_122,nearest,32–64,1,334,0.950,1.000,396.2077,761.7115
ROI_075/patch_122,nearest,64–128,1,454,1.000,1.000,,
ROI_075/patch_122,nearest,≥128,1,133,1.000,1.000,,
ROI_075/patch_122,own,0–16,1,48,0.000,1.000,139.9077,150.4237
ROI_075/patch_122,own,16–32,1,134,0.100,1.000,454.8831,476.5949
ROI_075/patch_122,own,32–64,1,345,0.950,1.000,511.2949,562.5997
ROI_075/patch_122,own,64–128,1,1229,1.000,1.000,,
ROI_075/patch_122,own,≥128,1,7068,0.950,1.000,645.7239,759.0543
ROI_075/patch_123,nearest,0–16,1,53,0.000,1.000,384.8885,477.3528
ROI_075/patch_123,nearest,16–32,1,97,0.000,1.000,296.4025,316.0678
ROI_075/patch_123,nearest,32–64,1,366,0.000,1.000,434.3376,637.8699
ROI_075/patch_123,nearest,64–128,1,471,0.100,1.000,501.1133,656.2539
ROI_075/patch_123,nearest,≥128,1,210,1.000,1.000,,
ROI_075/patch_123,own,0–16,1,53,0.000,1.000,397.6408,488.1057
ROI_075/patch_123,own,16–32,1,97,0.000,1.000,319.1832,345.4877
ROI_075/patch_123,own,32–64,1,378,0.000,1.000,412.9894,588.2029
ROI_075/patch_123,own,64–128,1,1078,0.350,1.000,524.8319,649.7938
ROI_075/patch_123,own,≥128,1,7970,0.250,1.000,478.9917,620.6004
ROI_075/patch_124,nearest,0–16,1,92,0.000,1.000,52.5799,136.4695
ROI_075/patch_124,nearest,16–32,1,163,0.000,1.000,64.6526,92.2117
ROI_075/patch_124,nearest,32–64,1,367,0.000,1.000,95.6042,159.9592
ROI_075/patch_124,nearest,64–128,1,595,0.000,1.000,354.7466,482.8767
ROI_075/patch_124,nearest,≥128,1,77,0.050,1.000,599.2768,891.0903
ROI_075/patch_124,own,0–16,1,92,0.000,1.000,67.6970,150.3534
ROI_075/patch_124,own,16–32,1,163,0.000,1.000,90.8015,117.9129
ROI_075/patch_124,own,32–64,1,420,0.000,1.000,84.3053,133.2601
ROI_075/patch_124,own,64–128,1,1265,0.000,1.000,240.3577,320.0836
ROI_075/patch_124,own,≥128,1,8412,0.000,1.000,179.0070,251.6112
ROI_075/patch_125,nearest,0–16,0,27,nan,nan,,
ROI_075/patch_125,nearest,16–32,1,49,1.000,1.000,,
ROI_075/patch_125,nearest,32–64,1,148,1.000,1.000,,
ROI_075/patch_125,nearest,64–128,1,393,1.000,1.000,,
ROI_075/patch_125,nearest,≥128,1,62,1.000,1.000,,
ROI_075/patch_125,own,0–16,0,27,nan,nan,,
ROI_075/patch_125,own,16–32,1,49,1.000,1.000,,
ROI_075/patch_125,own,32–64,1,156,1.000,1.000,,
ROI_075/patch_125,own,64–128,1,635,1.000,1.000,,
ROI_075/patch_125,own,≥128,1,4565,1.000,1.000,,
ROI_075/patch_127,nearest,0–16,1,60,1.000,1.000,,
ROI_075/patch_127,nearest,16–32,1,109,0.150,1.000,478.6583,587.6599
ROI_075/patch_127,nearest,32–64,1,325,1.000,1.000,,
ROI_075/patch_127,nearest,64–128,1,484,1.000,1.000,,
ROI_075/patch_127,nearest,≥128,1,49,1.000,1.000,,
ROI_075/patch_127,own,0–16,1,60,1.000,1.000,,
ROI_075/patch_127,own,16–32,1,110,0.100,1.000,458.8314,611.2438
ROI_075/patch_127,own,32–64,1,367,0.950,1.000,370.8461,522.3146
ROI_075/patch_127,own,64–128,1,980,0.950,1.000,621.1453,858.4323
ROI_075/patch_127,own,≥128,1,6699,0.800,1.000,441.4778,541.7745
ROI_075/patch_128,nearest,0–16,1,83,0.000,1.000,148.7426,182.3504
ROI_075/patch_128,nearest,16–32,1,173,0.000,1.000,156.6523,176.6998
ROI_075/patch_128,nearest,32–64,1,317,0.150,1.000,388.0873,583.9341
ROI_075/patch_128,nearest,64–128,1,426,0.900,1.000,616.1233,947.6225
ROI_075/patch_128,nearest,≥128,1,52,1.000,1.000,,
ROI_075/patch_128,own,0–16,1,83,0.000,1.000,125.4477,162.4740
ROI_075/patch_128,own,16–32,1,173,0.000,1.000,160.9279,183.9635
ROI_075/patch_128,own,32–64,1,333,0.400,1.000,429.3323,543.5377
ROI_075/patch_128,own,64–128,1,1204,0.350,1.000,512.3092,708.8147
ROI_075/patch_128,own,≥128,1,7666,0.300,1.000,556.3877,697.2631
ROI_075/patch_129,nearest,0–16,0,17,nan,nan,,
ROI_075/patch_129,nearest,16–32,1,52,1.000,1.000,,
ROI_075/patch_129,nearest,32–64,1,201,1.000,1.000,,
ROI_075/patch_129,nearest,64–128,1,282,1.000,1.000,,
ROI_075/patch_129,nearest,≥128,1,96,1.000,1.000,,
ROI_075/patch_129,own,0–16,0,17,nan,nan,,
ROI_075/patch_129,own,16–32,1,52,1.000,1.000,,
ROI_075/patch_129,own,32–64,1,206,1.000,1.000,,
ROI_075/patch_129,own,64–128,1,624,1.000,1.000,,
ROI_075/patch_129,own,≥128,1,4285,1.000,1.000,,
ROI_075/patch_130,nearest,0–16,1,55,1.000,1.000,,
ROI_075/patch_130,nearest,16–32,1,64,1.000,1.000,,
ROI_075/patch_130,nearest,32–64,1,185,1.000,1.000,,
ROI_075/patch_130,nearest,64–128,1,240,1.000,1.000,,
ROI_075/patch_130,nearest,≥128,1,160,1.000,1.000,,
ROI_075/patch_130,own,0–16,1,55,1.000,1.000,,
ROI_075/patch_130,own,16–32,1,64,1.000,1.000,,
ROI_075/patch_130,own,32–64,1,224,1.000,1.000,,
ROI_075/patch_130,own,64–128,1,646,1.000,1.000,,
ROI_075/patch_130,own,≥128,1,4643,1.000,1.000,,
ROI_075/patch_131,nearest,0–16,1,59,0.000,1.000,360.1937,417.9367
ROI_075/patch_131,nearest,16–32,1,109,0.000,1.000,249.7035,340.6081
ROI_075/patch_131,nearest,32–64,1,321,0.100,1.000,535.8032,556.2025
ROI_075/patch_131,nearest,64–128,1,689,0.300,1.000,858.0785,911.0447
ROI_075/patch_131,nearest,≥128,1,113,0.000,1.000,1433.5949,1553.4577
ROI_075/patch_131,own,0–16,1,59,0.000,1.000,354.7868,413.9664
ROI_075/patch_131,own,16–32,1,110,0.000,1.000,229.0457,339.2542
ROI_075/patch_131,own,32–64,1,344,0.050,1.000,557.8277,592.0290
ROI_075/patch_131,own,64–128,1,1114,0.250,1.000,568.3409,626.1854
ROI_075/patch_131,own,≥128,1,8701,0.150,1.000,767.8495,797.4104
ROI_075/patch_132,nearest,0–16,1,53,0.000,1.000,270.7561,497.5205
ROI_075/patch_132,nearest,16–32,1,108,0.100,1.000,357.6925,656.8039
ROI_075/patch_132,nearest,32–64,1,246,1.000,1.000,,
ROI_075/patch_132,nearest,64–128,1,222,1.000,1.000,,
ROI_075/patch_132,nearest,≥128,1,205,1.000,1.000,,
ROI_075/patch_132,own,0–16,1,53,0.000,1.000,271.8983,499.1885
ROI_075/patch_132,own,16–32,1,108,0.000,1.000,328.1975,619.6512
ROI_075/patch_132,own,32–64,1,299,1.000,1.000,,
ROI_075/patch_132,own,64–128,1,953,1.000,1.000,,
ROI_075/patch_132,own,≥128,1,5259,0.950,1.000,1080.7042,1167.5161
ROI_075/patch_133,,,excluded,,,,,
ROI_075/patch_134,nearest,0–16,1,50,0.000,1.000,282.0826,368.3099
ROI_075/patch_134,nearest,16–32,1,147,0.950,1.000,549.9211,737.3455
ROI_075/patch_134,nearest,32–64,1,242,1.000,1.000,,
ROI_075/patch_134,nearest,64–128,1,389,1.000,1.000,,
ROI_075/patch_134,nearest,≥128,1,146,1.000,1.000,,
ROI_075/patch_134,own,0–16,1,50,0.000,1.000,282.3747,368.4752
ROI_075/patch_134,own,16–32,1,147,1.000,1.000,,
ROI_075/patch_134,own,32–64,1,292,1.000,1.000,,
ROI_075/patch_134,own,64–128,1,1098,1.000,1.000,,
ROI_075/patch_134,own,≥128,1,6205,1.000,1.000,,
ROI_075/patch_135,,,excluded,,,,,
ROI_075/patch_137,,,excluded,,,,,
ROI_075/patch_138,nearest,0–16,1,41,1.000,1.000,,
ROI_075/patch_138,nearest,16–32,1,71,1.000,1.000,,
ROI_075/patch_138,nearest,32–64,1,180,1.000,1.000,,
ROI_075/patch_138,nearest,64–128,1,480,1.000,1.000,,
ROI_075/patch_138,nearest,≥128,1,94,1.000,1.000,,
ROI_075/patch_138,own,0–16,1,41,1.000,1.000,,
ROI_075/patch_138,own,16–32,1,71,1.000,1.000,,
ROI_075/patch_138,own,32–64,1,208,1.000,1.000,,
ROI_075/patch_138,own,64–128,1,839,1.000,1.000,,
ROI_075/patch_138,own,≥128,1,5769,1.000,1.000,,
ROI_075/patch_139,nearest,0–16,0,35,nan,nan,,
ROI_075/patch_139,nearest,16–32,1,50,1.000,1.000,,
ROI_075/patch_139,nearest,32–64,1,222,1.000,1.000,,
ROI_075/patch_139,nearest,64–128,1,275,1.000,1.000,,
ROI_075/patch_139,nearest,≥128,1,97,1.000,1.000,,
ROI_075/patch_139,own,0–16,0,35,nan,nan,,
ROI_075/patch_139,own,16–32,1,50,1.000,1.000,,
ROI_075/patch_139,own,32–64,1,274,1.000,1.000,,
ROI_075/patch_139,own,64–128,1,775,1.000,1.000,,
ROI_075/patch_139,own,≥128,1,4298,1.000,1.000,,
ROI_075/patch_140,nearest,0–16,1,43,1.000,1.000,,
ROI_075/patch_140,nearest,16–32,1,88,1.000,1.000,,
ROI_075/patch_140,nearest,32–64,1,203,1.000,1.000,,
ROI_075/patch_140,nearest,64–128,1,339,1.000,1.000,,
ROI_075/patch_140,nearest,≥128,1,154,1.000,1.000,,
ROI_075/patch_140,own,0–16,1,43,1.000,1.000,,
ROI_075/patch_140,own,16–32,1,88,1.000,1.000,,
ROI_075/patch_140,own,32–64,1,233,1.000,1.000,,
ROI_075/patch_140,own,64–128,1,880,1.000,1.000,,
ROI_075/patch_140,own,≥128,1,5372,1.000,1.000,,
ROI_075/patch_141,nearest,0–16,0,34,nan,nan,,
ROI_075/patch_141,nearest,16–32,1,80,1.000,1.000,,
ROI_075/patch_141,nearest,32–64,1,211,1.000,1.000,,
ROI_075/patch_141,nearest,64–128,1,263,1.000,1.000,,
ROI_075/patch_141,nearest,≥128,1,52,1.000,1.000,,
ROI_075/patch_141,own,0–16,0,34,nan,nan,,
ROI_075/patch_141,own,16–32,1,83,1.000,1.000,,
ROI_075/patch_141,own,32–64,1,234,1.000,1.000,,
ROI_075/patch_141,own,64–128,1,768,1.000,1.000,,
ROI_075/patch_141,own,≥128,1,4641,1.000,1.000,,
ROI_075/patch_142,nearest,0–16,0,35,nan,nan,,
ROI_075/patch_142,nearest,16–32,1,80,1.000,1.000,,
ROI_075/patch_142,nearest,32–64,1,262,0.950,1.000,516.8494,528.7753
ROI_075/patch_142,nearest,64–128,1,356,1.000,1.000,,
ROI_075/patch_142,nearest,≥128,1,86,1.000,1.000,,
ROI_075/patch_142,own,0–16,0,35,nan,nan,,
ROI_075/patch_142,own,16–32,1,80,1.000,1.000,,
ROI_075/patch_142,own,32–64,1,286,1.000,1.000,,
ROI_075/patch_142,own,64–128,1,794,1.000,1.000,,
ROI_075/patch_142,own,≥128,1,5357,1.000,1.000,,
ROI_075/patch_143,nearest,0–16,1,40,1.000,1.000,,
ROI_075/patch_143,nearest,16–32,1,83,1.000,1.000,,
ROI_075/patch_143,nearest,32–64,1,192,1.000,1.000,,
ROI_075/patch_143,nearest,64–128,1,293,1.000,1.000,,
ROI_075/patch_143,nearest,≥128,1,107,1.000,1.000,,
ROI_075/patch_143,own,0–16,1,40,1.000,1.000,,
ROI_075/patch_143,own,16–32,1,83,1.000,1.000,,
ROI_075/patch_143,own,32–64,1,206,1.000,1.000,,
ROI_075/patch_143,own,64–128,1,694,1.000,1.000,,
ROI_075/patch_143,own,≥128,1,4697,1.000,1.000,,
ROI_075/patch_144,nearest,0–16,1,43,1.000,1.000,,
ROI_075/patch_144,nearest,16–32,1,97,1.000,1.000,,
ROI_075/patch_144,nearest,32–64,1,227,1.000,1.000,,
ROI_075/patch_144,nearest,64–128,1,402,1.000,1.000,,
ROI_075/patch_144,nearest,≥128,1,56,1.000,1.000,,
ROI_075/patch_144,own,0–16,1,43,1.000,1.000,,
ROI_075/patch_144,own,16–32,1,97,1.000,1.000,,
ROI_075/patch_144,own,32–64,1,261,1.000,1.000,,
ROI_075/patch_144,own,64–128,1,984,1.000,1.000,,
ROI_075/patch_144,own,≥128,1,5215,1.000,1.000,,
ROI_075/patch_145,nearest,0–16,1,41,0.000,1.000,134.8043,194.5631
ROI_075/patch_145,nearest,16–32,1,97,0.000,1.000,120.8058,269.8668
ROI_075/patch_145,nearest,32–64,1,194,0.750,1.000,250.5214,590.2098
ROI_075/patch_145,nearest,64–128,1,441,0.700,1.000,648.8298,912.8733
ROI_075/patch_145,nearest,≥128,1,84,1.000,1.000,,
ROI_075/patch_145,own,0–16,1,41,0.000,1.000,134.7223,194.6283
ROI_075/patch_145,own,16–32,1,114,0.000,1.000,141.7118,292.4718
ROI_075/patch_145,own,32–64,1,329,0.550,1.000,328.7539,855.6372
ROI_075/patch_145,own,64–128,1,911,0.400,1.000,556.2120,806.0793
ROI_075/patch_145,own,≥128,1,5461,0.050,1.000,189.3149,438.4682
ROI_075/patch_146,nearest,0–16,1,82,0.000,1.000,215.0970,238.1454
ROI_075/patch_146,nearest,16–32,1,124,0.000,1.000,207.5196,223.6847
ROI_075/patch_146,nearest,32–64,1,290,0.000,1.000,199.5601,430.1588
ROI_075/patch_146,nearest,64–128,1,372,0.000,1.000,695.2815,923.3574
ROI_075/patch_146,nearest,≥128,1,109,0.000,1.000,115.1250,242.7249
ROI_075/patch_146,own,0–16,1,82,0.000,1.000,210.1441,234.2201
ROI_075/patch_146,own,16–32,1,124,0.000,1.000,237.3651,251.0938
ROI_075/patch_146,own,32–64,1,315,0.000,1.000,129.1776,299.3446
ROI_075/patch_146,own,64–128,1,964,0.000,1.000,382.1265,471.8240
ROI_075/patch_146,own,≥128,1,7308,0.000,1.000,199.1231,334.1871
ROI_075/patch_147,nearest,0–16,0,32,nan,nan,,
ROI_075/patch_147,nearest,16–32,1,61,0.000,1.000,254.7806,531.0268
ROI_075/patch_147,nearest,32–64,1,222,0.000,1.000,144.4003,392.4209
ROI_075/patch_147,nearest,64–128,1,370,0.350,1.000,386.8677,640.7572
ROI_075/patch_147,nearest,≥128,1,104,1.000,1.000,,
ROI_075/patch_147,own,0–16,0,32,nan,nan,,
ROI_075/patch_147,own,16–32,1,61,0.000,1.000,296.5584,584.2608
ROI_075/patch_147,own,32–64,1,225,0.050,1.000,166.7671,475.7711
ROI_075/patch_147,own,64–128,1,859,0.150,1.000,278.9387,499.4060
ROI_075/patch_147,own,≥128,1,5135,0.200,1.000,322.0620,576.0533
ROI_075/patch_148,,,excluded,,,,,
ROI_075/patch_149,nearest,0–16,1,44,0.000,1.000,122.7647,282.0749
ROI_075/patch_149,nearest,16–32,1,86,0.950,1.000,825.8069,1215.0982
ROI_075/patch_149,nearest,32–64,1,172,1.000,1.000,,
ROI_075/patch_149,nearest,64–128,1,322,1.000,1.000,,
ROI_075/patch_149,nearest,≥128,1,139,1.000,1.000,,
ROI_075/patch_149,own,0–16,1,44,0.000,1.000,126.9713,288.5326
ROI_075/patch_149,own,16–32,1,86,0.900,1.000,797.0742,1176.9570
ROI_075/patch_149,own,32–64,1,193,1.000,1.000,,
ROI_075/patch_149,own,64–128,1,634,1.000,1.000,,
ROI_075/patch_149,own,≥128,1,5147,1.000,1.000,,
ROI_075/patch_150,nearest,0–16,1,51,0.000,1.000,93.1211,205.5712
ROI_075/patch_150,nearest,16–32,1,124,0.000,1.000,66.0645,154.5613
ROI_075/patch_150,nearest,32–64,1,236,0.250,1.000,366.2508,469.1511
ROI_075/patch_150,nearest,64–128,1,483,0.750,1.000,439.9327,1234.5833
ROI_075/patch_150,nearest,≥128,1,142,1.000,1.000,,
ROI_075/patch_150,own,0–16,1,51,0.000,1.000,93.4712,206.6846
ROI_075/patch_150,own,16–32,1,124,0.000,1.000,59.1504,138.4950
ROI_075/patch_150,own,32–64,1,239,0.100,1.000,309.8004,403.0804
ROI_075/patch_150,own,64–128,1,878,0.100,1.000,208.1263,452.1863
ROI_075/patch_150,own,≥128,1,6996,0.100,1.000,315.4587,641.8522
ROI_075/patch_151,nearest,0–16,1,55,0.000,1.000,217.6089,414.3130
ROI_075/patch_151,nearest,16–32,1,88,0.000,1.000,25.3545,82.7507
ROI_075/patch_151,nearest,32–64,1,192,0.000,1.000,71.9396,131.2422
ROI_075/patch_151,nearest,64–128,1,494,0.000,1.000,148.6424,215.3266
ROI_075/patch_151,nearest,≥128,1,190,0.000,1.000,93.5480,190.0751
ROI_075/patch_151,own,0–16,1,55,0.000,1.000,213.0110,423.1841
ROI_075/patch_151,own,16–32,1,88,0.000,1.000,37.2234,104.8346
ROI_075/patch_151,own,32–64,1,211,0.000,1.000,87.6693,150.5485
ROI_075/patch_151,own,64–128,1,1002,0.000,1.000,110.1364,163.4706
ROI_075/patch_151,own,≥128,1,6796,0.000,1.000,112.0658,223.9524
ROI_075/patch_152,nearest,0–16,1,53,1.000,1.000,,
ROI_075/patch_152,nearest,16–32,1,66,0.650,1.000,472.9167,514.3320
ROI_075/patch_152,nearest,32–64,1,182,1.000,1.000,,
ROI_075/patch_152,nearest,64–128,1,368,1.000,1.000,,
ROI_075/patch_152,nearest,≥128,1,160,1.000,1.000,,
ROI_075/patch_152,own,0–16,1,53,0.950,1.000,611.2889,691.9905
ROI_075/patch_152,own,16–32,1,77,0.650,1.000,370.9191,400.4359
ROI_075/patch_152,own,32–64,1,254,1.000,1.000,,
ROI_075/patch_152,own,64–128,1,831,1.000,1.000,,
ROI_075/patch_152,own,≥128,1,5417,1.000,1.000,,
ROI_075/patch_153,nearest,0–16,1,62,0.000,1.000,358.6814,818.6745
ROI_075/patch_153,nearest,16–32,1,116,0.350,1.000,509.6752,648.9759
ROI_075/patch_153,nearest,32–64,1,204,0.750,1.000,369.0780,440.4183
ROI_075/patch_153,nearest,64–128,1,457,0.700,1.000,680.3767,979.6961
ROI_075/patch_153,nearest,≥128,1,82,0.800,1.000,347.8771,848.2626
ROI_075/patch_153,own,0–16,1,62,0.000,1.000,328.0345,779.8450
ROI_075/patch_153,own,16–32,1,116,0.300,1.000,540.7879,683.4815
ROI_075/patch_153,own,32–64,1,214,0.700,1.000,348.0157,374.1687
ROI_075/patch_153,own,64–128,1,674,0.550,1.000,779.2670,1163.5798
ROI_075/patch_153,own,≥128,1,6302,0.550,1.000,513.7878,876.9926
ROI_075/patch_154,nearest,0–16,1,70,0.250,1.000,516.9014,693.3327
ROI_075/patch_154,nearest,16–32,1,115,0.100,1.000,333.7288,634.6388
ROI_075/patch_154,nearest,32–64,1,232,0.950,1.000,550.2257,1003.3176
ROI_075/patch_154,nearest,64–128,1,448,1.000,1.000,,
ROI_075/patch_154,nearest,≥128,1,93,0.500,1.000,211.8469,1129.0964
ROI_075/patch_154,own,0–16,1,70,0.300,1.000,536.0197,719.1987
ROI_075/patch_154,own,16–32,1,115,0.100,1.000,275.5948,513.7079
ROI_075/patch_154,own,32–64,1,252,1.000,1.000,,
ROI_075/patch_154,own,64–128,1,883,1.000,1.000,,
ROI_075/patch_154,own,≥128,1,6344,0.800,1.000,321.5019,491.3261
ROI_075/patch_155,nearest,0–16,1,67,0.000,1.000,24.2214,42.9313
ROI_075/patch_155,nearest,16–32,1,117,0.000,1.000,195.4720,415.3143
ROI_075/patch_155,nearest,32–64,1,371,0.200,1.000,510.6121,654.7738
ROI_075/patch_155,nearest,64–128,1,439,0.250,1.000,373.8847,466.2705
ROI_075/patch_155,nearest,≥128,0,30,nan,nan,,
ROI_075/patch_155,own,0–16,1,67,0.000,1.000,26.9217,47.3093
ROI_075/patch_155,own,16–32,1,117,0.000,1.000,213.6693,448.1570
ROI_075/patch_155,own,32–64,1,382,0.050,1.000,513.9356,665.5928
ROI_075/patch_155,own,64–128,1,1141,0.150,1.000,419.5711,509.6611
ROI_075/patch_155,own,≥128,1,6485,0.150,1.000,363.3908,456.9582
ROI_075/patch_156,nearest,0–16,1,68,0.000,1.000,105.8201,380.0939
ROI_075/patch_156,nearest,16–32,1,120,0.000,1.000,62.6088,208.0361
ROI_075/patch_156,nearest,32–64,1,230,0.000,1.000,144.3359,381.2605
ROI_075/patch_156,nearest,64–128,1,322,0.100,1.000,357.8950,810.4117
ROI_075/patch_156,nearest,≥128,1,149,1.000,1.000,,
ROI_075/patch_156,own,0–16,1,68,0.000,1.000,131.3356,457.3477
ROI_075/patch_156,own,16–32,1,120,0.000,1.000,58.8197,218.5306
ROI_075/patch_156,own,32–64,1,235,0.000,1.000,135.8582,442.2125
ROI_075/patch_156,own,64–128,1,717,0.000,1.000,207.1220,646.1422
ROI_075/patch_156,own,≥128,1,5972,0.000,1.000,160.3857,486.1683
ROI_075/patch_157,nearest,0–16,1,70,0.000,1.000,48.1455,115.5896
ROI_075/patch_157,nearest,16–32,1,140,0.000,1.000,86.3111,137.9858
ROI_075/patch_157,nearest,32–64,1,235,0.000,1.000,903.7385,1067.2255
ROI_075/patch_157,nearest,64–128,1,357,0.100,1.000,648.0609,936.4972
ROI_075/patch_157,nearest,≥128,1,88,0.000,1.000,333.1940,470.2456
ROI_075/patch_157,own,0–16,1,70,0.000,1.000,43.0579,110.0664
ROI_075/patch_157,own,16–32,1,140,0.000,1.000,74.6503,130.2924
ROI_075/patch_157,own,32–64,1,268,0.150,1.000,994.4953,1195.7180
ROI_075/patch_157,own,64–128,1,791,0.100,1.000,439.2917,731.2077
ROI_075/patch_157,own,≥128,1,5851,0.050,1.000,511.9126,665.6215
ROI_075/patch_158,nearest,0–16,1,57,0.900,1.000,342.6962,1090.7620
ROI_075/patch_158,nearest,16–32,1,139,0.000,1.000,151.6935,387.3543
ROI_075/patch_158,nearest,32–64,1,250,0.000,1.000,171.0280,252.0914
ROI_075/patch_158,nearest,64–128,1,390,0.450,1.000,565.4062,753.2027
ROI_075/patch_158,nearest,≥128,1,81,0.000,1.000,947.9433,1077.2712
ROI_075/patch_158,own,0–16,1,57,1.000,1.000,,
ROI_075/patch_158,own,16–32,1,139,0.000,1.000,166.1461,374.0575
ROI_075/patch_158,own,32–64,1,294,0.000,1.000,141.6492,257.7295
ROI_075/patch_158,own,64–128,1,894,0.100,1.000,337.1863,519.4818
ROI_075/patch_158,own,≥128,1,5952,0.100,1.000,383.6309,549.5726
ROI_075/patch_159,nearest,0–16,0,38,nan,nan,,
ROI_075/patch_159,nearest,16–32,1,92,0.000,1.000,94.0817,395.2361
ROI_075/patch_159,nearest,32–64,1,218,0.050,1.000,371.7143,828.8986
ROI_075/patch_159,nearest,64–128,1,546,0.000,1.000,262.3541,330.1065
ROI_075/patch_159,nearest,≥128,1,180,0.000,1.000,59.2119,79.4656
ROI_075/patch_159,own,0–16,0,38,nan,nan,,
ROI_075/patch_159,own,16–32,1,92,0.000,1.000,132.7158,380.2895
ROI_075/patch_159,own,32–64,1,254,0.000,1.000,422.1477,934.8492
ROI_075/patch_159,own,64–128,1,927,0.000,1.000,213.7103,364.9348
ROI_075/patch_159,own,≥128,1,7281,0.000,1.000,175.3344,336.8190
ROI_075/patch_160,nearest,0–16,1,67,0.000,1.000,779.2134,1018.3355
ROI_075/patch_160,nearest,16–32,1,80,0.500,1.000,386.2481,848.4739
ROI_075/patch_160,nearest,32–64,1,231,0.150,1.000,330.0504,557.9022
ROI_075/patch_160,nearest,64–128,1,314,0.000,1.000,164.2025,413.1636
ROI_075/patch_160,nearest,≥128,1,179,0.000,1.000,56.6127,241.5244
ROI_075/patch_160,own,0–16,1,67,0.000,1.000,789.0123,961.3379
ROI_075/patch_160,own,16–32,1,80,0.550,1.000,389.9466,824.4874
ROI_075/patch_160,own,32–64,1,251,0.250,1.000,343.6746,643.2863
ROI_075/patch_160,own,64–128,1,838,0.100,1.000,222.3916,459.9500
ROI_075/patch_160,own,≥128,1,5732,0.300,1.000,261.3310,522.4214
ROI_075/patch_161,nearest,0–16,1,56,0.000,1.000,39.1389,1225.8723
ROI_075/patch_161,nearest,16–32,1,108,0.000,1.000,197.1390,353.6893
ROI_075/patch_161,nearest,32–64,1,241,0.000,1.000,477.2679,711.6368
ROI_075/patch_161,nearest,64–128,1,337,0.100,1.000,406.7958,1059.3762
ROI_075/patch_161,nearest,≥128,1,148,1.000,1.000,,
ROI_075/patch_161,own,0–16,1,56,0.000,1.000,39.3138,1232.9078
ROI_075/patch_161,own,16–32,1,108,0.000,1.000,199.5065,348.2564
ROI_075/patch_161,own,32–64,1,247,0.000,1.000,466.8537,694.2585
ROI_075/patch_161,own,64–128,1,779,0.150,1.000,280.6555,880.7453
ROI_075/patch_161,own,≥128,1,5930,0.050,1.000,364.3830,850.6909
ROI_075/patch_162,nearest,0–16,1,60,0.000,1.000,155.9686,259.6517
ROI_075/patch_162,nearest,16–32,1,130,0.250,1.000,155.3628,666.1383
ROI_075/patch_162,nearest,32–64,1,304,0.000,1.000,385.1051,691.8801
ROI_075/patch_162,nearest,64–128,1,433,0.850,1.000,877.3996,1312.5301
ROI_075/patch_162,nearest,≥128,0,39,nan,nan,,
ROI_075/patch_162,own,0–16,1,60,0.000,1.000,145.0361,252.4437
ROI_075/patch_162,own,16–32,1,130,0.250,1.000,154.5712,695.3065
ROI_075/patch_162,own,32–64,1,305,0.050,1.000,407.7607,692.0787
ROI_075/patch_162,own,64–128,1,1008,0.700,1.000,560.5314,981.3585
ROI_075/patch_162,own,≥128,1,7191,0.400,1.000,493.6788,798.0966
ROI_075/patch_163,nearest,0–16,1,53,0.000,1.000,49.3545,145.8350
ROI_075/patch_163,nearest,16–32,1,125,0.000,1.000,188.2201,313.6481
ROI_075/patch_163,nearest,32–64,1,282,0.000,1.000,209.8094,475.8160
ROI_075/patch_163,nearest,64–128,1,534,0.000,1.000,196.3731,380.0018
ROI_075/patch_163,nearest,≥128,1,74,1.000,1.000,,
ROI_075/patch_163,own,0–16,1,53,0.000,1.000,52.7921,150.0148
ROI_075/patch_163,own,16–32,1,125,0.000,1.000,182.4072,311.5217
ROI_075/patch_163,own,32–64,1,298,0.050,1.000,197.1185,499.0648
ROI_075/patch_163,own,64–128,1,1194,0.000,1.000,109.6586,252.3535
ROI_075/patch_163,own,≥128,1,7942,0.000,1.000,209.7897,432.9448
ROI_075/patch_164,nearest,0–16,1,63,0.000,1.000,78.1449,118.2677
ROI_075/patch_164,nearest,16–32,1,152,0.000,1.000,144.1504,280.8630
ROI_075/patch_164,nearest,32–64,1,304,0.000,1.000,181.7305,320.3612
ROI_075/patch_164,nearest,64–128,1,440,0.250,1.000,430.1282,751.5122
ROI_075/patch_164,nearest,≥128,1,109,0.000,1.000,311.4396,415.8128
ROI_075/patch_164,own,0–16,1,63,0.000,1.000,82.2894,125.1044
ROI_075/patch_164,own,16–32,1,152,0.000,1.000,143.7060,288.4902
ROI_075/patch_164,own,32–64,1,306,0.000,1.000,222.8884,406.5117
ROI_075/patch_164,own,64–128,1,1023,0.100,1.000,372.6581,664.2520
ROI_075/patch_164,own,≥128,1,7000,0.050,1.000,221.5145,379.2772
ROI_075/patch_165,nearest,0–16,1,51,0.000,1.000,716.5291,755.2899
ROI_075/patch_165,nearest,16–32,1,91,1.000,1.000,,
ROI_075/patch_165,nearest,32–64,1,194,1.000,1.000,,
ROI_075/patch_165,nearest,64–128,1,263,1.000,1.000,,
ROI_075/patch_165,nearest,≥128,1,103,1.000,1.000,,
ROI_075/patch_165,own,0–16,1,51,0.000,1.000,721.7304,761.0421
ROI_075/patch_165,own,16–32,1,91,1.000,1.000,,
ROI_075/patch_165,own,32–64,1,233,1.000,1.000,,
ROI_075/patch_165,own,64–128,1,695,1.000,1.000,,
ROI_075/patch_165,own,≥128,1,5248,1.000,1.000,,
ROI_075/patch_166,nearest,0–16,1,46,0.000,1.000,754.2058,927.8959
ROI_075/patch_166,nearest,16–32,1,81,1.000,1.000,,
ROI_075/patch_166,nearest,32–64,1,212,1.000,1.000,,
ROI_075/patch_166,nearest,64–128,1,306,1.000,1.000,,
ROI_075/patch_166,nearest,≥128,1,94,1.000,1.000,,
ROI_075/patch_166,own,0–16,1,46,0.000,1.000,754.2092,927.4873
ROI_075/patch_166,own,16–32,1,82,1.000,1.000,,
ROI_075/patch_166,own,32–64,1,234,1.000,1.000,,
ROI_075/patch_166,own,64–128,1,611,1.000,1.000,,
ROI_075/patch_166,own,≥128,1,4939,1.000,1.000,,
ROI_075/patch_167,nearest,0–16,1,82,0.100,1.000,625.6105,791.0506
ROI_075/patch_167,nearest,16–32,1,158,0.800,1.000,740.9260,794.6844
ROI_075/patch_167,nearest,32–64,1,200,0.850,1.000,593.0126,664.1157
ROI_075/patch_167,nearest,64–128,1,361,1.000,1.000,,
ROI_075/patch_167,nearest,≥128,1,150,1.000,1.000,,
ROI_075/patch_167,own,0–16,1,82,0.200,1.000,595.3582,748.5239
ROI_075/patch_167,own,16–32,1,158,0.700,1.000,721.0648,769.7097
ROI_075/patch_167,own,32–64,1,263,1.000,1.000,,
ROI_075/patch_167,own,64–128,1,883,0.900,1.000,405.9430,502.7777
ROI_075/patch_167,own,≥128,1,7173,0.850,1.000,460.5779,602.8679
ROI_075/patch_168,nearest,0–16,0,25,nan,nan,,
ROI_075/patch_168,nearest,16–32,1,64,1.000,1.000,,
ROI_075/patch_168,nearest,32–64,1,129,0.450,1.000,321.8497,665.3718
ROI_075/patch_168,nearest,64–128,1,222,1.000,1.000,,
ROI_075/patch_168,nearest,≥128,1,123,1.000,1.000,,
ROI_075/patch_168,own,0–16,0,25,nan,nan,,
ROI_075/patch_168,own,16–32,1,64,1.000,1.000,,
ROI_075/patch_168,own,32–64,1,164,0.100,1.000,265.4855,577.6805
ROI_075/patch_168,own,64–128,1,572,0.950,1.000,381.6557,849.2769
ROI_075/patch_168,own,≥128,1,3679,0.950,1.000,366.4733,483.1244
ROI_075/patch_169,nearest,0–16,1,59,1.000,1.000,,
ROI_075/patch_169,nearest,16–32,1,97,1.000,1.000,,
ROI_075/patch_169,nearest,32–64,1,215,1.000,1.000,,
ROI_075/patch_169,nearest,64–128,1,338,1.000,1.000,,
ROI_075/patch_169,nearest,≥128,1,154,1.000,1.000,,
ROI_075/patch_169,own,0–16,1,59,1.000,1.000,,
ROI_075/patch_169,own,16–32,1,99,1.000,1.000,,
ROI_075/patch_169,own,32–64,1,279,1.000,1.000,,
ROI_075/patch_169,own,64–128,1,960,1.000,1.000,,
ROI_075/patch_169,own,≥128,1,5507,1.000,1.000,,
ROI_075/patch_170,nearest,0–16,1,40,1.000,1.000,,
ROI_075/patch_170,nearest,16–32,1,59,1.000,1.000,,
ROI_075/patch_170,nearest,32–64,1,185,1.000,1.000,,
ROI_075/patch_170,nearest,64–128,1,319,1.000,1.000,,
ROI_075/patch_170,nearest,≥128,1,41,1.000,1.000,,
ROI_075/patch_170,own,0–16,1,40,1.000,1.000,,
ROI_075/patch_170,own,16–32,1,59,1.000,1.000,,
ROI_075/patch_170,own,32–64,1,189,1.000,1.000,,
ROI_075/patch_170,own,64–128,1,712,1.000,1.000,,
ROI_075/patch_170,own,≥128,1,4152,1.000,1.000,,
ROI_075/patch_171,nearest,0–16,1,46,1.000,1.000,,
ROI_075/patch_171,nearest,16–32,1,54,1.000,1.000,,
ROI_075/patch_171,nearest,32–64,1,138,1.000,1.000,,
ROI_075/patch_171,nearest,64–128,1,216,1.000,1.000,,
ROI_075/patch_171,nearest,≥128,1,171,1.000,1.000,,
ROI_075/patch_171,own,0–16,1,46,1.000,1.000,,
ROI_075/patch_171,own,16–32,1,54,1.000,1.000,,
ROI_075/patch_171,own,32–64,1,188,1.000,1.000,,
ROI_075/patch_171,own,64–128,1,614,1.000,1.000,,
ROI_075/patch_171,own,≥128,1,4098,1.000,1.000,,
ROI_075/patch_172,nearest,0–16,1,64,1.000,1.000,,
ROI_075/patch_172,nearest,16–32,1,86,1.000,1.000,,
ROI_075/patch_172,nearest,32–64,1,176,1.000,1.000,,
ROI_075/patch_172,nearest,64–128,1,353,1.000,1.000,,
ROI_075/patch_172,nearest,≥128,0,34,nan,nan,,
ROI_075/patch_172,own,0–16,1,64,1.000,1.000,,
ROI_075/patch_172,own,16–32,1,86,1.000,1.000,,
ROI_075/patch_172,own,32–64,1,182,1.000,1.000,,
ROI_075/patch_172,own,64–128,1,784,1.000,1.000,,
ROI_075/patch_172,own,≥128,1,4588,1.000,1.000,,
ROI_075/patch_173,nearest,0–16,1,41,1.000,1.000,,
ROI_075/patch_173,nearest,16–32,1,79,1.000,1.000,,
ROI_075/patch_173,nearest,32–64,1,259,1.000,1.000,,
ROI_075/patch_173,nearest,64–128,1,291,1.000,1.000,,
ROI_075/patch_173,nearest,≥128,1,102,1.000,1.000,,
ROI_075/patch_173,own,0–16,1,41,1.000,1.000,,
ROI_075/patch_173,own,16–32,1,79,1.000,1.000,,
ROI_075/patch_173,own,32–64,1,287,1.000,1.000,,
ROI_075/patch_173,own,64–128,1,901,1.000,1.000,,
ROI_075/patch_173,own,≥128,1,5640,1.000,1.000,,
ROI_075/patch_174,,,excluded,,,,,
ROI_075/patch_175,nearest,0–16,1,45,1.000,1.000,,
ROI_075/patch_175,nearest,16–32,1,84,1.000,1.000,,
ROI_075/patch_175,nearest,32–64,1,227,1.000,1.000,,
ROI_075/patch_175,nearest,64–128,1,356,1.000,1.000,,
ROI_075/patch_175,nearest,≥128,1,121,1.000,1.000,,
ROI_075/patch_175,own,0–16,1,45,1.000,1.000,,
ROI_075/patch_175,own,16–32,1,84,1.000,1.000,,
ROI_075/patch_175,own,32–64,1,284,1.000,1.000,,
ROI_075/patch_175,own,64–128,1,996,1.000,1.000,,
ROI_075/patch_175,own,≥128,1,6088,1.000,1.000,,
ROI_075/patch_177,,,excluded,,,,,
ROI_075/patch_178,,,excluded,,,,,
ROI_075/patch_179,,,excluded,,,,,
ROI_075/patch_180,,,excluded,,,,,
ROI_075/patch_181,,,excluded,,,,,
ROI_080/patch_1,nearest,0–16,1,53,0.000,1.000,85.2525,92.9223
ROI_080/patch_1,nearest,16–32,1,90,0.100,1.000,344.6683,406.6846
ROI_080/patch_1,nearest,32–64,1,215,0.000,1.000,141.8202,321.7785
ROI_080/patch_1,nearest,64–128,1,442,0.050,1.000,365.2495,527.3824
ROI_080/patch_1,nearest,≥128,1,141,0.000,1.000,66.0175,88.9910
ROI_080/patch_1,own,0–16,1,53,0.000,1.000,85.0508,92.6434
ROI_080/patch_1,own,16–32,1,90,0.050,1.000,349.7507,414.2430
ROI_080/patch_1,own,32–64,1,225,0.000,1.000,137.6063,329.8927
ROI_080/patch_1,own,64–128,1,817,0.100,1.000,265.7197,420.9611
ROI_080/patch_1,own,≥128,1,6343,0.050,1.000,245.3825,430.1398
ROI_080/patch_3,nearest,0–16,1,61,0.000,1.000,242.9583,375.2194
ROI_080/patch_3,nearest,16–32,1,91,0.000,1.000,189.1100,419.6683
ROI_080/patch_3,nearest,32–64,1,131,0.000,1.000,276.6239,459.0138
ROI_080/patch_3,nearest,64–128,1,352,0.000,1.000,113.6528,386.1697
ROI_080/patch_3,nearest,≥128,1,233,0.000,1.000,96.9263,461.9495
ROI_080/patch_3,own,0–16,1,64,0.000,1.000,243.5211,398.7398
ROI_080/patch_3,own,16–32,1,113,0.000,1.000,224.3388,492.4563
ROI_080/patch_3,own,32–64,1,215,0.000,1.000,245.6922,511.2218
ROI_080/patch_3,own,64–128,1,807,0.000,1.000,247.5560,451.4696
ROI_080/patch_3,own,≥128,1,5745,0.000,1.000,184.7023,469.6193
ROI_080/patch_4,nearest,0–16,1,58,0.000,1.000,52.9803,59.0236
ROI_080/patch_4,nearest,16–32,1,100,0.000,1.000,21.8813,31.6544
ROI_080/patch_4,nearest,32–64,1,240,0.000,1.000,112.8495,175.6073
ROI_080/patch_4,nearest,64–128,1,274,0.000,1.000,79.1508,493.2305
ROI_080/patch_4,nearest,≥128,1,164,0.000,1.000,100.6155,160.2843
ROI_080/patch_4,own,0–16,1,58,0.000,1.000,57.1823,63.4774
ROI_080/patch_4,own,16–32,1,100,0.000,1.000,27.5404,36.0800
ROI_080/patch_4,own,32–64,1,323,0.000,1.000,104.5730,154.2675
ROI_080/patch_4,own,64–128,1,1038,0.000,1.000,57.5324,175.5996
ROI_080/patch_4,own,≥128,1,5169,0.000,1.000,80.5610,158.6039
ROI_080/patch_5,nearest,0–16,0,26,nan,nan,,
ROI_080/patch_5,nearest,16–32,1,61,0.000,1.000,178.4851,256.8823
ROI_080/patch_5,nearest,32–64,1,222,0.150,1.000,350.8133,433.7642
ROI_080/patch_5,nearest,64–128,1,201,0.000,1.000,443.6281,740.6933
ROI_080/patch_5,nearest,≥128,1,196,1.000,1.000,,
ROI_080/patch_5,own,0–16,0,26,nan,nan,,
ROI_080/patch_5,own,16–32,1,61,0.000,1.000,178.5384,257.0395
ROI_080/patch_5,own,32–64,1,274,0.150,1.000,316.0116,373.9532
ROI_080/patch_5,own,64–128,1,763,0.050,1.000,351.5371,414.3655
ROI_080/patch_5,own,≥128,1,4524,0.250,1.000,267.9198,416.8708
ROI_080/patch_7,nearest,0–16,1,61,0.000,1.000,10.5548,21.7246
ROI_080/patch_7,nearest,16–32,1,66,0.000,1.000,66.4114,74.6498
ROI_080/patch_7,nearest,32–64,1,223,0.000,1.000,322.3710,404.0729
ROI_080/patch_7,nearest,64–128,1,333,0.050,1.000,308.4357,568.8902
ROI_080/patch_7,nearest,≥128,1,155,0.250,1.000,406.0787,625.3321
ROI_080/patch_7,own,0–16,1,61,0.000,1.000,12.7296,22.5402
ROI_080/patch_7,own,16–32,1,67,0.000,1.000,53.1225,64.0922
ROI_080/patch_7,own,32–64,1,294,0.000,1.000,231.7250,306.2550
ROI_080/patch_7,own,64–128,1,885,0.000,1.000,321.7847,550.0045
ROI_080/patch_7,own,≥128,1,5397,0.000,1.000,283.0996,391.6424
ROI_080/patch_8,nearest,0–16,0,25,nan,nan,,
ROI_080/patch_8,nearest,16–32,1,60,0.000,1.000,153.3806,199.6699
ROI_080/patch_8,nearest,32–64,1,206,0.000,1.000,178.0250,325.6039
ROI_080/patch_8,nearest,64–128,1,351,0.450,1.000,134.8342,511.5537
ROI_080/patch_8,nearest,≥128,1,176,0.000,1.000,433.9342,632.3965
ROI_080/patch_8,own,0–16,0,25,nan,nan,,
ROI_080/patch_8,own,16–32,1,60,0.000,1.000,192.4746,242.9282
ROI_080/patch_8,own,32–64,1,230,0.000,1.000,167.4789,342.4585
ROI_080/patch_8,own,64–128,1,679,0.150,1.000,198.5811,456.4302
ROI_080/patch_8,own,≥128,1,5550,0.100,1.000,211.2876,449.6199
ROI_080/patch_9,nearest,0–16,1,46,0.000,1.000,64.6688,158.8755
ROI_080/patch_9,nearest,16–32,1,59,0.000,1.000,55.0840,133.2667
ROI_080/patch_9,nearest,32–64,1,196,0.000,1.000,81.2805,274.2776
ROI_080/patch_9,nearest,64–128,1,395,0.000,1.000,72.2267,202.5125
ROI_080/patch_9,nearest,≥128,1,101,0.000,1.000,81.6858,1143.8233
ROI_080/patch_9,own,0–16,1,46,0.000,1.000,65.8669,159.3523
ROI_080/patch_9,own,16–32,1,59,0.000,1.000,53.6537,131.3492
ROI_080/patch_9,own,32–64,1,204,0.000,1.000,87.8544,282.1952
ROI_080/patch_9,own,64–128,1,805,0.000,1.000,111.8037,235.0189
ROI_080/patch_9,own,≥128,1,5262,0.000,1.000,91.8781,284.3282
ROI_080/patch_11,nearest,0–16,1,48,0.000,1.000,106.2365,876.5789
ROI_080/patch_11,nearest,16–32,1,80,0.000,1.000,78.2231,193.7825
ROI_080/patch_11,nearest,32–64,1,180,0.000,1.000,246.1526,322.1872
ROI_080/patch_11,nearest,64–128,1,377,0.000,1.000,154.7662,222.2227
ROI_080/patch_11,nearest,≥128,1,151,0.000,1.000,99.3401,408.8055
ROI_080/patch_11,own,0–16,1,48,0.000,1.000,104.4554,873.3555
ROI_080/patch_11,own,16–32,1,86,0.000,1.000,80.6971,210.9493
ROI_080/patch_11,own,32–64,1,207,0.000,1.000,287.4690,355.9823
ROI_080/patch_11,own,64–128,1,734,0.000,1.000,187.6067,267.1135
ROI_080/patch_11,own,≥128,1,5613,0.000,1.000,94.4765,203.5649
ROI_080/patch_14,nearest,0–16,1,47,0.000,1.000,34.8491,57.8358
ROI_080/patch_14,nearest,16–32,1,90,0.000,1.000,107.5881,219.7154
ROI_080/patch_14,nearest,32–64,1,200,0.000,1.000,285.3540,454.0752
ROI_080/patch_14,nearest,64–128,1,306,0.000,1.000,120.9704,193.2220
ROI_080/patch_14,nearest,≥128,1,244,0.000,1.000,80.5172,153.8148
ROI_080/patch_14,own,0–16,1,47,0.000,1.000,37.1718,64.3711
ROI_080/patch_14,own,16–32,1,90,0.000,1.000,81.8701,160.2586
ROI_080/patch_14,own,32–64,1,264,0.000,1.000,199.9499,316.9940
ROI_080/patch_14,own,64–128,1,871,0.000,1.000,93.5243,169.3480
ROI_080/patch_14,own,≥128,1,5824,0.000,1.000,111.7546,209.2468
ROI_080/patch_18,nearest,0–16,1,68,0.000,1.000,6.0626,11.7753
ROI_080/patch_18,nearest,16–32,1,88,0.000,1.000,48.5884,69.1859
ROI_080/patch_18,nearest,32–64,1,202,0.000,1.000,148.4829,203.7786
ROI_080/patch_18,nearest,64–128,1,544,0.050,1.000,319.2763,349.4656
ROI_080/patch_18,nearest,≥128,1,212,0.000,1.000,183.0395,279.7804
ROI_080/patch_18,own,0–16,1,68,0.000,1.000,6.5685,12.4469
ROI_080/patch_18,own,16–32,1,89,0.000,1.000,49.3486,77.0967
ROI_080/patch_18,own,32–64,1,261,0.000,1.000,93.0314,174.1980
ROI_080/patch_18,own,64–128,1,889,0.000,1.000,174.6089,202.8184
ROI_080/patch_18,own,≥128,1,7605,0.000,1.000,134.1115,168.9591
ROI_080/patch_19,nearest,0–16,1,59,0.000,1.000,96.6202,108.6080
ROI_080/patch_19,nearest,16–32,1,88,0.000,1.000,193.3951,273.3210
ROI_080/patch_19,nearest,32–64,1,277,0.050,1.000,187.7238,309.7246
ROI_080/patch_19,nearest,64–128,1,309,0.000,1.000,185.2967,263.6127
ROI_080/patch_19,nearest,≥128,1,98,0.050,1.000,269.5214,578.5128
ROI_080/patch_19,own,0–16,1,59,0.000,1.000,84.3781,95.4272
ROI_080/patch_19,own,16–32,1,88,0.000,1.000,184.8118,281.1172
ROI_080/patch_19,own,32–64,1,297,0.000,1.000,215.3482,330.1187
ROI_080/patch_19,own,64–128,1,1035,0.000,1.000,206.1778,274.1290
ROI_080/patch_19,own,≥128,1,6000,0.000,1.000,202.4039,267.4169
ROI_080/patch_22,nearest,0–16,1,61,0.000,1.000,212.9708,461.0706
ROI_080/patch_22,nearest,16–32,1,109,0.000,1.000,73.0357,330.8903
ROI_080/patch_22,nearest,32–64,1,254,0.000,1.000,119.2802,472.4754
ROI_080/patch_22,nearest,64–128,1,506,0.000,1.000,231.6022,360.0735
ROI_080/patch_22,nearest,≥128,1,145,0.000,1.000,242.6811,364.8598
ROI_080/patch_22,own,0–16,1,61,0.000,1.000,206.7590,468.3134
ROI_080/patch_22,own,16–32,1,110,0.000,1.000,69.4232,344.8377
ROI_080/patch_22,own,32–64,1,321,0.000,1.000,131.5830,298.5038
ROI_080/patch_22,own,64–128,1,1162,0.000,1.000,115.8431,163.3836
ROI_080/patch_22,own,≥128,1,6946,0.000,1.000,145.9691,219.4447
ROI_080/patch_24,nearest,0–16,0,38,nan,nan,,
ROI_080/patch_24,nearest,16–32,1,66,0.000,1.000,184.8740,586.6498
ROI_080/patch_24,nearest,32–64,1,203,0.250,1.000,332.3029,558.9481
ROI_080/patch_24,nearest,64–128,1,227,0.000,1.000,200.5651,330.6009
ROI_080/patch_24,nearest,≥128,1,204,0.050,1.000,222.8497,841.8784
ROI_080/patch_24,own,0–16,0,38,nan,nan,,
ROI_080/patch_24,own,16–32,1,66,0.000,1.000,219.5910,675.1873
ROI_080/patch_24,own,32–64,1,216,0.250,1.000,355.2372,631.0079
ROI_080/patch_24,own,64–128,1,678,0.150,1.000,244.5772,414.6527
ROI_080/patch_24,own,≥128,1,4906,0.250,1.000,228.0870,354.7901
ROI_080/patch_25,nearest,0–16,1,60,0.000,1.000,22.8182,37.7944
ROI_080/patch_25,nearest,16–32,1,72,0.000,1.000,148.1947,350.8498
ROI_080/patch_25,nearest,32–64,1,195,0.150,1.000,280.3538,396.7095
ROI_080/patch_25,nearest,64–128,1,425,0.950,1.000,490.6498,726.4910
ROI_080/patch_25,nearest,≥128,1,128,0.650,1.000,370.4168,466.7165
ROI_080/patch_25,own,0–16,1,60,0.000,1.000,26.4986,39.3513
ROI_080/patch_25,own,16–32,1,72,0.000,1.000,163.8415,366.3444
ROI_080/patch_25,own,32–64,1,229,0.200,1.000,292.7306,415.2198
ROI_080/patch_25,own,64–128,1,697,0.900,1.000,390.1288,527.1439
ROI_080/patch_25,own,≥128,1,5982,0.300,1.000,244.4809,439.1418
ROI_080/patch_28,nearest,0–16,1,51,0.000,1.000,59.0519,120.2853
ROI_080/patch_28,nearest,16–32,1,85,0.000,1.000,145.7869,377.5413
ROI_080/patch_28,nearest,32–64,1,176,0.000,1.000,318.8515,459.0806
ROI_080/patch_28,nearest,64–128,1,328,0.000,1.000,353.8431,402.4410
ROI_080/patch_28,nearest,≥128,1,250,0.050,1.000,391.5380,726.0830
ROI_080/patch_28,own,0–16,1,51,0.000,1.000,58.9391,118.4271
ROI_080/patch_28,own,16–32,1,85,0.000,1.000,172.4917,394.7510
ROI_080/patch_28,own,32–64,1,279,0.000,1.000,417.5713,529.9722
ROI_080/patch_28,own,64–128,1,684,0.000,1.000,498.6006,596.8092
ROI_080/patch_28,own,≥128,1,6021,0.000,1.000,331.0334,458.4448
ROI_080/patch_29,nearest,0–16,1,44,0.000,1.000,70.0876,142.9133
ROI_080/patch_29,nearest,16–32,1,91,0.000,1.000,107.3790,287.7996
ROI_080/patch_29,nearest,32–64,1,232,0.000,1.000,190.4991,364.8709
ROI_080/patch_29,nearest,64–128,1,400,0.000,1.000,168.8716,285.3863
ROI_080/patch_29,nearest,≥128,1,166,0.000,1.000,82.4382,108.8304
ROI_080/patch_29,own,0–16,1,44,0.000,1.000,71.0681,151.8543
ROI_080/patch_29,own,16–32,1,91,0.000,1.000,94.2286,274.3851
ROI_080/patch_29,own,32–64,1,233,0.000,1.000,197.2235,351.0310
ROI_080/patch_29,own,64–128,1,912,0.000,1.000,129.7471,232.7924
ROI_080/patch_29,own,≥128,1,6184,0.000,1.000,144.9469,213.2029
ROI_080/patch_30,nearest,0–16,1,51,0.000,1.000,308.8747,642.9879
ROI_080/patch_30,nearest,16–32,1,88,0.000,1.000,168.1725,622.6595
ROI_080/patch_30,nearest,32–64,1,237,0.000,1.000,187.9786,358.7164
ROI_080/patch_30,nearest,64–128,1,417,0.050,1.000,358.5647,469.1774
ROI_080/patch_30,nearest,≥128,1,147,0.000,1.000,243.3024,512.3349
ROI_080/patch_30,own,0–16,1,51,0.000,1.000,292.4146,622.1893
ROI_080/patch_30,own,16–32,1,88,0.000,1.000,149.2408,600.6676
ROI_080/patch_30,own,32–64,1,243,0.000,1.000,204.3859,352.1770
ROI_080/patch_30,own,64–128,1,989,0.000,1.000,251.4329,403.6443
ROI_080/patch_30,own,≥128,1,6149,0.000,1.000,141.2095,318.4462
ROI_080/patch_32,nearest,0–16,1,57,0.000,1.000,212.5945,413.7978
ROI_080/patch_32,nearest,16–32,1,122,0.000,1.000,306.6907,462.3508
ROI_080/patch_32,nearest,32–64,1,278,0.100,1.000,375.2116,417.6111
ROI_080/patch_32,nearest,64–128,1,400,0.000,1.000,112.5542,209.1640
ROI_080/patch_32,nearest,≥128,1,187,0.000,1.000,67.3976,246.9662
ROI_080/patch_32,own,0–16,1,57,0.000,1.000,212.6245,413.3474
ROI_080/patch_32,own,16–32,1,122,0.000,1.000,295.3394,446.9770
ROI_080/patch_32,own,32–64,1,288,0.050,1.000,439.8916,465.0124
ROI_080/patch_32,own,64–128,1,1288,0.000,1.000,218.4281,281.3992
ROI_080/patch_32,own,≥128,1,6597,0.000,1.000,228.0535,296.0988
ROI_080/patch_33,nearest,0–16,1,86,0.000,1.000,44.5606,132.6905
ROI_080/patch_33,nearest,16–32,1,122,0.000,1.000,32.0190,189.1196
ROI_080/patch_33,nearest,32–64,1,248,0.000,1.000,151.2668,252.3340
ROI_080/patch_33,nearest,64–128,1,428,0.000,1.000,72.6703,175.8482
ROI_080/patch_33,nearest,≥128,1,158,1.000,1.000,,
ROI_080/patch_33,own,0–16,1,86,0.000,1.000,36.7811,129.3719
ROI_080/patch_33,own,16–32,1,122,0.000,1.000,30.7715,189.2697
ROI_080/patch_33,own,32–64,1,271,0.000,1.000,169.6001,249.5699
ROI_080/patch_33,own,64–128,1,1290,0.000,1.000,88.9266,143.8282
ROI_080/patch_33,own,≥128,1,8651,0.000,1.000,103.3032,198.4969
ROI_080/patch_34,nearest,0–16,1,86,0.000,1.000,86.8343,110.2984
ROI_080/patch_34,nearest,16–32,1,145,0.000,1.000,110.3654,132.3592
ROI_080/patch_34,nearest,32–64,1,264,0.000,1.000,145.9736,234.7907
ROI_080/patch_34,nearest,64–128,1,345,0.000,1.000,409.9712,445.9990
ROI_080/patch_34,nearest,≥128,1,135,0.000,1.000,56.4430,199.6159
ROI_080/patch_34,own,0–16,1,86,0.000,1.000,87.8359,111.5753
ROI_080/patch_34,own,16–32,1,158,0.000,1.000,94.6685,112.6188
ROI_080/patch_34,own,32–64,1,371,0.000,1.000,111.4598,209.9119
ROI_080/patch_34,own,64–128,1,1018,0.000,1.000,239.3803,296.1165
ROI_080/patch_34,own,≥128,1,7142,0.000,1.000,139.0224,181.3907
ROI_080/patch_35,nearest,0–16,1,60,0.000,1.000,46.9023,301.2390
ROI_080/patch_35,nearest,16–32,1,55,0.000,1.000,51.9166,553.5632
ROI_080/patch_35,nearest,32–64,1,141,0.050,1.000,300.7521,1025.5067
ROI_080/patch_35,nearest,64–128,1,367,0.250,1.000,149.0063,519.1791
ROI_080/patch_35,nearest,≥128,1,216,0.000,1.000,204.4191,354.4000
ROI_080/patch_35,own,0–16,1,60,0.000,1.000,46.6913,307.7298
ROI_080/patch_35,own,16–32,1,56,0.000,1.000,46.9453,541.6463
ROI_080/patch_35,own,32–64,1,200,0.100,1.000,270.6921,1014.1032
ROI_080/patch_35,own,64–128,1,670,0.050,1.000,145.0519,494.2817
ROI_080/patch_35,own,≥128,1,5726,0.000,1.000,203.9831,526.5485
ROI_080/patch_38,nearest,0–16,0,38,nan,nan,,
ROI_080/patch_38,nearest,16–32,1,82,0.000,1.000,27.8391,107.3130
ROI_080/patch_38,nearest,32–64,1,231,0.000,1.000,120.2162,170.0387
ROI_080/patch_38,nearest,64–128,1,361,0.000,1.000,106.5150,137.9005
ROI_080/patch_38,nearest,≥128,1,246,0.000,1.000,178.1026,241.1479
ROI_080/patch_38,own,0–16,0,38,nan,nan,,
ROI_080/patch_38,own,16–32,1,86,0.000,1.000,38.5158,108.5078
ROI_080/patch_38,own,32–64,1,258,0.000,1.000,70.7642,133.2236
ROI_080/patch_38,own,64–128,1,1078,0.000,1.000,116.6784,159.2987
ROI_080/patch_38,own,≥128,1,6204,0.000,1.000,95.0051,147.3788
ROI_080/patch_39,nearest,0–16,0,30,nan,nan,,
ROI_080/patch_39,nearest,16–32,1,54,0.100,1.000,314.7115,490.9849
ROI_080/patch_39,nearest,32–64,1,174,0.000,1.000,38.3235,205.0815
ROI_080/patch_39,nearest,64–128,1,257,0.000,1.000,321.9047,388.1772
ROI_080/patch_39,nearest,≥128,1,236,0.450,1.000,534.7542,727.3623
ROI_080/patch_39,own,0–16,0,30,nan,nan,,
ROI_080/patch_39,own,16–32,1,54,0.100,1.000,314.2752,510.4716
ROI_080/patch_39,own,32–64,1,205,0.000,1.000,88.9656,176.9188
ROI_080/patch_39,own,64–128,1,655,0.000,1.000,207.8285,264.4639
ROI_080/patch_39,own,≥128,1,5064,0.050,1.000,256.9834,367.9531
ROI_080/patch_44,nearest,0–16,1,79,0.000,1.000,22.2851,40.4848
ROI_080/patch_44,nearest,16–32,1,142,0.000,1.000,40.6006,78.3382
ROI_080/patch_44,nearest,32–64,1,296,0.000,1.000,52.8887,71.6094
ROI_080/patch_44,nearest,64–128,1,389,0.000,1.000,143.8527,176.8258
ROI_080/patch_44,nearest,≥128,1,137,0.000,1.000,297.5406,311.9249
ROI_080/patch_44,own,0–16,1,79,0.000,1.000,22.3961,39.6967
ROI_080/patch_44,own,16–32,1,142,0.000,1.000,41.7146,79.6983
ROI_080/patch_44,own,32–64,1,360,0.000,1.000,58.0449,80.3009
ROI_080/patch_44,own,64–128,1,1254,0.000,1.000,92.1729,114.5095
ROI_080/patch_44,own,≥128,1,6509,0.000,1.000,133.3180,172.4412
ROI_080/patch_45,nearest,0–16,1,53,0.000,1.000,19.8035,120.8732
ROI_080/patch_45,nearest,16–32,1,117,0.000,1.000,15.3482,26.3777
ROI_080/patch_45,nearest,32–64,1,172,0.000,1.000,77.4588,204.6743
ROI_080/patch_45,nearest,64–128,1,229,0.000,1.000,45.5029,355.6586
ROI_080/patch_45,nearest,≥128,1,167,0.000,1.000,239.4763,475.1867
ROI_080/patch_45,own,0–16,1,53,0.000,1.000,20.0424,121.2982
ROI_080/patch_45,own,16–32,1,127,0.000,1.000,15.4050,25.4048
ROI_080/patch_45,own,32–64,1,241,0.000,1.000,66.3220,150.1720
ROI_080/patch_45,own,64–128,1,659,0.000,1.000,42.3363,290.9782
ROI_080/patch_45,own,≥128,1,4824,0.000,1.000,103.9244,275.6951
ROI_080/patch_46,nearest,0–16,1,45,0.000,1.000,47.9620,54.0502
ROI_080/patch_46,nearest,16–32,1,99,0.000,1.000,120.5294,285.5038
ROI_080/patch_46,nearest,32–64,1,189,0.000,1.000,145.2232,293.7910
ROI_080/patch_46,nearest,64–128,1,403,0.000,1.000,87.2862,200.5859
ROI_080/patch_46,nearest,≥128,1,259,1.000,1.000,,
ROI_080/patch_46,own,0–16,1,45,0.000,1.000,48.0666,53.3329
ROI_080/patch_46,own,16–32,1,99,0.000,1.000,127.0344,271.0456
ROI_080/patch_46,own,32–64,1,226,0.000,1.000,145.0510,337.7404
ROI_080/patch_46,own,64–128,1,861,0.000,1.000,234.3474,340.8385
ROI_080/patch_46,own,≥128,1,6729,0.000,1.000,306.9780,423.4926
ROI_080/patch_48,nearest,0–16,1,50,0.000,1.000,108.2433,323.9613
ROI_080/patch_48,nearest,16–32,1,84,0.000,1.000,39.8511,353.2960
ROI_080/patch_48,nearest,32–64,1,192,0.250,1.000,46.9047,373.3955
ROI_080/patch_48,nearest,64–128,1,310,0.000,1.000,183.0177,379.1234
ROI_080/patch_48,nearest,≥128,1,72,1.000,1.000,,
ROI_080/patch_48,own,0–16,1,50,0.000,1.000,99.3354,313.5332
ROI_080/patch_48,own,16–32,1,84,0.000,1.000,32.9668,386.1629
ROI_080/patch_48,own,32–64,1,216,0.000,1.000,59.7576,396.5513
ROI_080/patch_48,own,64–128,1,761,0.100,1.000,113.5359,372.1832
ROI_080/patch_48,own,≥128,1,4553,0.200,1.000,99.5812,285.3378
ROI_080/patch_50,,,excluded,,,,,
ROI_080/patch_51,nearest,0–16,1,54,0.000,1.000,17.3707,558.3129
ROI_080/patch_51,nearest,16–32,1,99,0.000,1.000,306.7226,384.9392
ROI_080/patch_51,nearest,32–64,1,165,0.950,1.000,648.0657,784.8291
ROI_080/patch_51,nearest,64–128,1,507,0.700,1.000,382.9890,486.2771
ROI_080/patch_51,nearest,≥128,1,77,1.000,1.000,,
ROI_080/patch_51,own,0–16,1,54,0.000,1.000,13.4489,556.3584
ROI_080/patch_51,own,16–32,1,99,0.000,1.000,322.2567,396.0813
ROI_080/patch_51,own,32–64,1,177,0.800,1.000,518.8123,624.9991
ROI_080/patch_51,own,64–128,1,878,0.600,1.000,357.5529,499.1917
ROI_080/patch_51,own,≥128,1,6008,0.350,1.000,282.6783,391.7319
ROI_080/patch_52,nearest,0–16,1,56,0.000,1.000,174.1934,324.8161
ROI_080/patch_52,nearest,16–32,1,112,0.000,1.000,100.1201,214.4115
ROI_080/patch_52,nearest,32–64,1,253,0.350,1.000,423.8030,509.6728
ROI_080/patch_52,nearest,64–128,1,653,0.050,1.000,247.7698,322.7372
ROI_080/patch_52,nearest,≥128,1,93,1.000,1.000,,
ROI_080/patch_52,own,0–16,1,56,0.000,1.000,173.6922,324.1879
ROI_080/patch_52,own,16–32,1,112,0.000,1.000,72.1365,157.5403
ROI_080/patch_52,own,32–64,1,258,0.300,1.000,360.2165,476.2936
ROI_080/patch_52,own,64–128,1,1249,0.050,1.000,193.5893,291.2258
ROI_080/patch_52,own,≥128,1,7661,0.150,1.000,306.5364,434.3944
ROI_080/patch_53,nearest,0–16,0,29,nan,nan,,
ROI_080/patch_53,nearest,16–32,1,77,0.150,1.000,344.3430,387.3263
ROI_080/patch_53,nearest,32–64,1,178,0.300,1.000,383.9219,501.2310
ROI_080/patch_53,nearest,64–128,1,288,1.000,1.000,,
ROI_080/patch_53,nearest,≥128,1,169,1.000,1.000,,
ROI_080/patch_53,own,0–16,0,29,nan,nan,,
ROI_080/patch_53,own,16–32,1,77,0.300,1.000,267.5125,310.2477
ROI_080/patch_53,own,32–64,1,195,0.750,1.000,451.4124,572.7498
ROI_080/patch_53,own,64–128,1,639,1.000,1.000,,
ROI_080/patch_53,own,≥128,1,4988,0.800,1.000,315.7006,432.1796
ROI_080/patch_54,nearest,0–16,1,43,0.000,1.000,35.1614,59.5402
ROI_080/patch_54,nearest,16–32,1,60,0.000,1.000,125.6570,134.0626
ROI_080/patch_54,nearest,32–64,1,193,0.000,1.000,307.1070,399.9776
ROI_080/patch_54,nearest,64–128,1,307,0.000,1.000,64.9606,108.5259
ROI_080/patch_54,nearest,≥128,1,153,0.050,1.000,227.3504,328.6355
ROI_080/patch_54,own,0–16,1,43,0.000,1.000,34.9759,59.3515
ROI_080/patch_54,own,16–32,1,61,0.000,1.000,113.7187,119.8320
ROI_080/patch_54,own,32–64,1,287,0.000,1.000,284.4805,377.1933
ROI_080/patch_54,own,64–128,1,1036,0.000,1.000,81.0983,120.2584
ROI_080/patch_54,own,≥128,1,4621,0.000,1.000,145.3608,179.1056
ROI_080/patch_55,nearest,0–16,0,28,nan,nan,,
ROI_080/patch_55,nearest,16–32,1,88,0.000,1.000,62.8790,85.2466
ROI_080/patch_55,nearest,32–64,1,326,0.000,1.000,121.5111,171.1823
ROI_080/patch_55,nearest,64–128,1,488,0.000,1.000,193.0305,231.0403
ROI_080/patch_55,nearest,≥128,1,79,0.600,1.000,418.5528,1057.8680
ROI_080/patch_55,own,0–16,0,28,nan,nan,,
ROI_080/patch_55,own,16–32,1,88,0.000,1.000,65.4460,84.3700
ROI_080/patch_55,own,32–64,1,327,0.000,1.000,124.6864,178.3002
ROI_080/patch_55,own,64–128,1,973,0.000,1.000,152.3622,188.5256
ROI_080/patch_55,own,≥128,1,6656,0.000,1.000,148.4758,194.5626
ROI_080/patch_57,nearest,0–16,1,75,0.000,1.000,17.9931,32.2439
ROI_080/patch_57,nearest,16–32,1,105,0.000,1.000,29.4438,76.6778
ROI_080/patch_57,nearest,32–64,1,210,0.000,1.000,48.4534,166.4472
ROI_080/patch_57,nearest,64–128,1,359,0.000,1.000,61.9926,237.0565
ROI_080/patch_57,nearest,≥128,1,153,0.000,1.000,496.6163,1095.4701
ROI_080/patch_57,own,0–16,1,75,0.000,1.000,17.7868,33.9883
ROI_080/patch_57,own,16–32,1,105,0.000,1.000,37.6292,81.7441
ROI_080/patch_57,own,32–64,1,213,0.000,1.000,60.3253,155.2776
ROI_080/patch_57,own,64–128,1,870,0.000,1.000,53.4334,224.9311
ROI_080/patch_57,own,≥128,1,5953,0.000,1.000,48.7721,115.5530
ROI_080/patch_58,nearest,0–16,1,46,0.000,1.000,38.8570,68.9829
ROI_080/patch_58,nearest,16–32,1,62,0.000,1.000,174.3049,192.5554
ROI_080/patch_58,nearest,32–64,1,206,0.000,1.000,111.8476,180.2249
ROI_080/patch_58,nearest,64–128,1,217,0.650,1.000,330.9125,512.9944
ROI_080/patch_58,nearest,≥128,1,135,1.000,1.000,,
ROI_080/patch_58,own,0–16,1,46,0.000,1.000,38.8398,69.0219
ROI_080/patch_58,own,16–32,1,62,0.000,1.000,204.3461,219.0834
ROI_080/patch_58,own,32–64,1,211,0.000,1.000,106.7947,176.6892
ROI_080/patch_58,own,64–128,1,608,0.100,1.000,310.7710,568.7064
ROI_080/patch_58,own,≥128,1,4401,0.200,1.000,284.1609,385.6631
ROI_080/patch_59,nearest,0–16,1,48,0.000,1.000,97.2508,346.1416
ROI_080/patch_59,nearest,16–32,1,58,0.000,1.000,22.7607,61.7038
ROI_080/patch_59,nearest,32–64,1,179,0.000,1.000,66.3919,208.8703
ROI_080/patch_59,nearest,64–128,1,257,0.000,1.000,112.2772,247.3739
ROI_080/patch_59,nearest,≥128,1,378,0.000,1.000,714.3614,933.4794
ROI_080/patch_59,own,0–16,1,48,0.000,1.000,95.7718,338.2818
ROI_080/patch_59,own,16–32,1,58,0.000,1.000,22.7549,59.8833
ROI_080/patch_59,own,32–64,1,220,0.000,1.000,75.1390,211.9115
ROI_080/patch_59,own,64–128,1,692,0.000,1.000,123.3336,206.8617
ROI_080/patch_59,own,≥128,1,6342,0.000,1.000,104.7159,291.4645
ROI_080/patch_61,nearest,0–16,0,25,nan,nan,,
ROI_080/patch_61,nearest,16–32,1,42,0.000,1.000,81.5740,190.7184
ROI_080/patch_61,nearest,32–64,1,205,0.000,1.000,266.9127,333.9618
ROI_080/patch_61,nearest,64–128,1,271,0.000,1.000,210.9797,274.9873
ROI_080/patch_61,nearest,≥128,1,182,0.000,1.000,806.7252,937.7292
ROI_080/patch_61,own,0–16,0,25,nan,nan,,
ROI_080/patch_61,own,16–32,1,42,0.000,1.000,83.3401,193.7033
ROI_080/patch_61,own,32–64,1,219,0.050,1.000,283.8222,355.8789
ROI_080/patch_61,own,64–128,1,665,0.000,1.000,191.8328,277.4096
ROI_080/patch_61,own,≥128,1,4849,0.000,1.000,192.4893,278.7299
ROI_080/patch_63,nearest,0–16,1,61,0.000,1.000,126.6606,145.1631
ROI_080/patch_63,nearest,16–32,1,123,0.000,1.000,73.1847,84.7454
ROI_080/patch_63,nearest,32–64,1,192,0.000,1.000,174.2035,299.3004
ROI_080/patch_63,nearest,64–128,1,510,0.000,1.000,145.5009,235.6404
ROI_080/patch_63,nearest,≥128,1,121,0.000,1.000,126.1926,334.1616
ROI_080/patch_63,own,0–16,1,61,0.000,1.000,126.8194,145.1008
ROI_080/patch_63,own,16–32,1,132,0.000,1.000,55.0010,66.6608
ROI_080/patch_63,own,32–64,1,224,0.000,1.000,130.9371,241.8411
ROI_080/patch_63,own,64–128,1,843,0.000,1.000,136.9808,198.0741
ROI_080/patch_63,own,≥128,1,6796,0.050,1.000,103.9661,188.1566
ROI_080/patch_65,nearest,0–16,0,28,nan,nan,,
ROI_080/patch_65,nearest,16–32,1,47,0.000,1.000,422.4288,904.4489
ROI_080/patch_65,nearest,32–64,1,223,0.550,1.000,430.8096,634.0129
ROI_080/patch_65,nearest,64–128,1,337,0.250,1.000,468.9278,620.8954
ROI_080/patch_65,nearest,≥128,1,125,0.400,1.000,1081.6491,1449.0162
ROI_080/patch_65,own,0–16,0,28,nan,nan,,
ROI_080/patch_65,own,16–32,1,47,0.000,1.000,405.3961,876.2597
ROI_080/patch_65,own,32–64,1,248,0.750,1.000,431.1485,729.2187
ROI_080/patch_65,own,64–128,1,686,0.350,1.000,408.5567,577.8127
ROI_080/patch_65,own,≥128,1,5071,0.300,1.000,396.4466,528.9813
ROI_080/patch_67,nearest,0–16,0,35,nan,nan,,
ROI_080/patch_67,nearest,16–32,1,46,0.000,1.000,278.8071,318.3687
ROI_080/patch_67,nearest,32–64,1,156,0.650,1.000,533.1095,589.7943
ROI_080/patch_67,nearest,64–128,1,348,0.900,1.000,439.9125,544.9412
ROI_080/patch_67,nearest,≥128,1,75,1.000,1.000,,
ROI_080/patch_67,own,0–16,0,35,nan,nan,,
ROI_080/patch_67,own,16–32,1,46,0.000,1.000,278.0444,317.4729
ROI_080/patch_67,own,32–64,1,167,0.650,1.000,504.9729,574.8436
ROI_080/patch_67,own,64–128,1,736,0.850,1.000,325.6785,376.1003
ROI_080/patch_67,own,≥128,1,4296,0.850,1.000,499.0944,560.8196
ROI_080/patch_69,nearest,0–16,0,33,nan,nan,,
ROI_080/patch_69,nearest,16–32,1,98,0.000,1.000,57.3488,84.0822
ROI_080/patch_69,nearest,32–64,1,191,0.000,1.000,89.1749,110.0385
ROI_080/patch_69,nearest,64–128,1,495,0.200,1.000,559.0109,710.5644
ROI_080/patch_69,nearest,≥128,1,110,0.000,1.000,182.5683,293.4404
ROI_080/patch_69,own,0–16,0,33,nan,nan,,
ROI_080/patch_69,own,16–32,1,98,0.000,1.000,51.6688,78.1475
ROI_080/patch_69,own,32–64,1,196,0.000,1.000,83.6595,100.2552
ROI_080/patch_69,own,64–128,1,686,0.000,1.000,247.8990,351.4767
ROI_080/patch_69,own,≥128,1,6403,0.000,1.000,266.1461,304.9270
ROI_080/patch_70,nearest,0–16,1,44,0.000,1.000,445.8750,468.6597
ROI_080/patch_70,nearest,16–32,1,81,0.000,1.000,156.7192,321.8081
ROI_080/patch_70,nearest,32–64,1,181,0.250,1.000,342.5765,492.4809
ROI_080/patch_70,nearest,64–128,1,326,0.050,1.000,404.2969,837.1325
ROI_080/patch_70,nearest,≥128,1,165,0.000,1.000,525.9190,918.0197
ROI_080/patch_70,own,0–16,1,44,0.000,1.000,449.7591,473.2153
ROI_080/patch_70,own,16–32,1,81,0.000,1.000,147.9922,310.6076
ROI_080/patch_70,own,32–64,1,197,0.300,1.000,338.2787,463.1691
ROI_080/patch_70,own,64–128,1,686,0.100,1.000,413.2992,573.4384
ROI_080/patch_70,own,≥128,1,5368,0.100,1.000,315.0383,386.3382
ROI_080/patch_71,nearest,0–16,1,56,0.000,1.000,70.3898,79.2475
ROI_080/patch_71,nearest,16–32,1,100,0.000,1.000,193.1028,212.2074
ROI_080/patch_71,nearest,32–64,1,219,0.000,1.000,74.3786,181.2860
ROI_080/patch_71,nearest,64–128,1,440,0.000,1.000,44.3936,95.4663
ROI_080/patch_71,nearest,≥128,1,114,0.000,1.000,297.7940,309.3517
ROI_080/patch_71,own,0–16,1,56,0.000,1.000,70.6113,79.4839
ROI_080/patch_71,own,16–32,1,100,0.000,1.000,197.2248,214.0065
ROI_080/patch_71,own,32–64,1,226,0.000,1.000,72.0504,186.3653
ROI_080/patch_71,own,64–128,1,816,0.000,1.000,69.3200,121.5600
ROI_080/patch_71,own,≥128,1,6234,0.000,1.000,45.8770,90.1072
ROI_080/patch_72,nearest,0–16,1,103,0.000,1.000,25.0746,74.3757
ROI_080/patch_72,nearest,16–32,1,117,0.000,1.000,58.7894,124.4240
ROI_080/patch_72,nearest,32–64,1,180,0.000,1.000,77.9231,120.8305
ROI_080/patch_72,nearest,64–128,1,424,0.000,1.000,49.4311,79.8573
ROI_080/patch_72,nearest,≥128,1,205,0.000,1.000,1379.2600,1562.3722
ROI_080/patch_72,own,0–16,1,103,0.000,1.000,25.5781,74.3250
ROI_080/patch_72,own,16–32,1,117,0.000,1.000,55.1493,103.5352
ROI_080/patch_72,own,32–64,1,203,0.000,1.000,92.0530,149.2715
ROI_080/patch_72,own,64–128,1,782,0.000,1.000,48.6513,72.5471
ROI_080/patch_72,own,≥128,1,7027,0.000,1.000,63.0540,116.8551
ROI_080/patch_73,nearest,0–16,1,70,0.000,1.000,11.4555,38.3343
ROI_080/patch_73,nearest,16–32,1,113,0.000,1.000,52.0182,112.8228
ROI_080/patch_73,nearest,32–64,1,245,0.000,1.000,111.3130,156.7421
ROI_080/patch_73,nearest,64–128,1,357,0.000,1.000,202.8305,410.7127
ROI_080/patch_73,nearest,≥128,1,188,0.000,1.000,134.6421,532.8476
ROI_080/patch_73,own,0–16,1,70,0.000,1.000,12.5281,37.1269
ROI_080/patch_73,own,16–32,1,113,0.000,1.000,50.0457,107.4516
ROI_080/patch_73,own,32–64,1,248,0.000,1.000,105.3665,143.3813
ROI_080/patch_73,own,64–128,1,713,0.000,1.000,162.8004,450.4107
ROI_080/patch_73,own,≥128,1,6640,0.000,1.000,77.3221,233.1399
ROI_080/patch_74,nearest,0–16,1,86,0.000,1.000,9.5487,65.3850
ROI_080/patch_74,nearest,16–32,1,179,0.000,1.000,80.7964,111.5945
ROI_080/patch_74,nearest,32–64,1,263,0.000,1.000,68.1047,268.6345
ROI_080/patch_74,nearest,64–128,1,316,0.000,1.000,85.8327,164.6913
ROI_080/patch_74,nearest,≥128,1,101,0.000,1.000,114.1273,407.1932
ROI_080/patch_74,own,0–16,1,86,0.000,1.000,9.5515,65.0236
ROI_080/patch_74,own,16–32,1,179,0.000,1.000,79.8022,103.1403
ROI_080/patch_74,own,32–64,1,288,0.000,1.000,104.6189,262.3132
ROI_080/patch_74,own,64–128,1,877,0.000,1.000,71.8609,172.6923
ROI_080/patch_74,own,≥128,1,6130,0.000,1.000,84.0213,168.1977
ROI_080/patch_75,nearest,0–16,1,98,0.000,1.000,21.2218,27.1428
ROI_080/patch_75,nearest,16–32,1,162,0.000,1.000,38.3655,54.2327
ROI_080/patch_75,nearest,32–64,1,303,0.000,1.000,93.6082,141.4505
ROI_080/patch_75,nearest,64–128,1,460,0.000,1.000,79.9457,110.2057
ROI_080/patch_75,nearest,≥128,1,120,0.000,1.000,69.5599,94.6097
ROI_080/patch_75,own,0–16,1,98,0.000,1.000,20.4261,24.5529
ROI_080/patch_75,own,16–32,1,162,0.000,1.000,45.2549,64.1521
ROI_080/patch_75,own,32–64,1,378,0.000,1.000,67.3561,121.2624
ROI_080/patch_75,own,64–128,1,1253,0.000,1.000,71.1643,99.2690
ROI_080/patch_75,own,≥128,1,8396,0.000,1.000,56.4710,79.8023
ROI_080/patch_76,nearest,0–16,1,66,0.000,1.000,63.7968,103.2085
ROI_080/patch_76,nearest,16–32,1,69,0.650,1.000,619.8892,692.9380
ROI_080/patch_76,nearest,32–64,1,207,0.700,1.000,484.1916,623.2795
ROI_080/patch_76,nearest,64–128,1,486,0.100,1.000,319.4274,413.1630
ROI_080/patch_76,nearest,≥128,1,128,0.000,1.000,150.1977,700.1860
ROI_080/patch_76,own,0–16,1,66,0.000,1.000,60.2542,98.6586
ROI_080/patch_76,own,16–32,1,69,0.850,1.000,617.9419,691.0842
ROI_080/patch_76,own,32–64,1,211,0.800,1.000,515.9023,637.4579
ROI_080/patch_76,own,64–128,1,876,0.350,1.000,354.9659,409.0805
ROI_080/patch_76,own,≥128,1,6426,0.200,1.000,252.6826,335.7182
ROI_080/patch_77,nearest,0–16,1,68,0.000,1.000,322.4003,507.3083
ROI_080/patch_77,nearest,16–32,1,132,0.000,1.000,139.8791,214.8319
ROI_080/patch_77,nearest,32–64,1,291,0.000,1.000,218.6453,326.4775
ROI_080/patch_77,nearest,64–128,1,369,0.050,1.000,254.0893,401.0707
ROI_080/patch_77,nearest,≥128,1,82,1.000,1.000,,
ROI_080/patch_77,own,0–16,1,68,0.150,1.000,327.9726,516.8800
ROI_080/patch_77,own,16–32,1,132,0.000,1.000,154.4124,227.1196
ROI_080/patch_77,own,32–64,1,291,0.000,1.000,179.2052,305.2750
ROI_080/patch_77,own,64–128,1,966,0.000,1.000,198.9571,397.6329
ROI_080/patch_77,own,≥128,1,6079,0.000,1.000,241.8653,345.5252
ROI_080/patch_78,nearest,0–16,1,68,0.000,1.000,96.2170,252.9211
ROI_080/patch_78,nearest,16–32,1,99,0.000,1.000,160.2754,238.1582
ROI_080/patch_78,nearest,32–64,1,207,0.150,1.000,261.2796,328.0040
ROI_080/patch_78,nearest,64–128,1,340,0.050,1.000,487.7151,667.0585
ROI_080/patch_78,nearest,≥128,1,81,1.000,1.000,,
ROI_080/patch_78,own,0–16,1,68,0.000,1.000,95.8016,252.3570
ROI_080/patch_78,own,16–32,1,99,0.000,1.000,178.2187,263.2922
ROI_080/patch_78,own,32–64,1,229,0.050,1.000,276.2328,330.2663
ROI_080/patch_78,own,64–128,1,908,0.000,1.000,273.2362,382.7624
ROI_080/patch_78,own,≥128,1,5056,0.300,1.000,328.2605,422.4858
ROI_080/patch_79,nearest,0–16,1,71,0.000,1.000,8.4222,11.6873
ROI_080/patch_79,nearest,16–32,1,125,0.000,1.000,17.7998,24.0185
ROI_080/patch_79,nearest,32–64,1,268,0.000,1.000,133.7410,183.0244
ROI_080/patch_79,nearest,64–128,1,290,0.350,1.000,399.4035,478.5793
ROI_080/patch_79,nearest,≥128,1,143,0.100,1.000,283.6611,392.2237
ROI_080/patch_79,own,0–16,1,71,0.000,1.000,7.4750,10.2587
ROI_080/patch_79,own,16–32,1,125,0.000,1.000,24.7943,32.1238
ROI_080/patch_79,own,32–64,1,305,0.000,1.000,142.2349,194.3633
ROI_080/patch_79,own,64–128,1,935,0.050,1.000,242.5058,320.6857
ROI_080/patch_79,own,≥128,1,5740,0.000,1.000,226.3504,308.4723
ROI_080/patch_80,nearest,0–16,1,77,0.000,1.000,37.4364,94.6905
ROI_080/patch_80,nearest,16–32,1,132,0.000,1.000,36.1602,94.0706
ROI_080/patch_80,nearest,32–64,1,238,0.000,1.000,45.7682,139.0276
ROI_080/patch_80,nearest,64–128,1,575,0.000,1.000,147.3240,209.2747
ROI_080/patch_80,nearest,≥128,1,121,0.000,1.000,169.4910,346.0708
ROI_080/patch_80,own,0–16,1,77,0.000,1.000,33.4247,88.8785
ROI_080/patch_80,own,16–32,1,132,0.000,1.000,38.0241,96.3976
ROI_080/patch_80,own,32–64,1,261,0.000,1.000,37.0094,126.9557
ROI_080/patch_80,own,64–128,1,1028,0.000,1.000,150.9475,234.0283
ROI_080/patch_80,own,≥128,1,7646,0.000,1.000,94.8167,174.4885
ROI_080/patch_83,nearest,0–16,1,102,0.000,1.000,13.0227,36.0787
ROI_080/patch_83,nearest,16–32,1,192,0.000,1.000,66.4043,126.6019
ROI_080/patch_83,nearest,32–64,1,425,0.000,1.000,34.6211,77.7024
ROI_080/patch_83,nearest,64–128,1,715,0.000,1.000,44.2740,96.1572
ROI_080/patch_83,nearest,≥128,1,106,0.000,1.000,8.3255,13.3372
ROI_080/patch_83,own,0–16,1,102,0.000,1.000,13.3525,41.2872
ROI_080/patch_83,own,16–32,1,192,0.000,1.000,66.3795,130.7848
ROI_080/patch_83,own,32–64,1,425,0.000,1.000,42.9435,80.5105
ROI_080/patch_83,own,64–128,1,1415,0.000,1.000,44.4358,106.2996
ROI_080/patch_83,own,≥128,1,10186,0.000,1.000,26.5843,53.3697
ROI_080/patch_84,nearest,0–16,1,116,0.000,1.000,15.2008,31.4027
ROI_080/patch_84,nearest,16–32,1,206,0.000,1.000,23.0030,28.5177
ROI_080/patch_84,nearest,32–64,1,313,0.000,1.000,82.5916,125.4316
ROI_080/patch_84,nearest,64–128,1,531,0.000,1.000,110.0409,239.8045
ROI_080/patch_84,nearest,≥128,1,179,0.000,1.000,244.3250,408.9402
ROI_080/patch_84,own,0–16,1,116,0.000,1.000,15.1871,29.6252
ROI_080/patch_84,own,16–32,1,206,0.000,1.000,24.3033,31.4750
ROI_080/patch_84,own,32–64,1,313,0.000,1.000,88.9157,131.1168
ROI_080/patch_84,own,64–128,1,999,0.000,1.000,93.9026,156.9645
ROI_080/patch_84,own,≥128,1,9126,0.000,1.000,134.0044,242.1679
ROI_080/patch_85,nearest,0–16,1,84,0.000,1.000,15.9890,29.9279
ROI_080/patch_85,nearest,16–32,1,152,0.000,1.000,16.5413,27.6173
ROI_080/patch_85,nearest,32–64,1,378,0.000,1.000,141.3993,209.3587
ROI_080/patch_85,nearest,64–128,1,745,0.000,1.000,51.3254,118.3107
ROI_080/patch_85,nearest,≥128,1,129,0.000,1.000,2.8133,10.8276
ROI_080/patch_85,own,0–16,1,84,0.000,1.000,15.2463,29.4221
ROI_080/patch_85,own,16–32,1,152,0.000,1.000,13.2351,22.8496
ROI_080/patch_85,own,32–64,1,407,0.000,1.000,105.9300,173.6682
ROI_080/patch_85,own,64–128,1,1696,0.000,1.000,25.1619,78.6093
ROI_080/patch_85,own,≥128,1,9565,0.000,1.000,32.4203,69.5198
ROI_080/patch_86,nearest,0–16,1,90,0.000,1.000,10.9754,18.8248
ROI_080/patch_86,nearest,16–32,1,153,0.000,1.000,100.2943,114.0021
ROI_080/patch_86,nearest,32–64,1,481,0.000,1.000,46.2049,102.4679
ROI_080/patch_86,nearest,64–128,1,732,0.000,1.000,20.6260,47.4485
ROI_080/patch_86,nearest,≥128,1,233,0.000,1.000,29.4966,32.5101
ROI_080/patch_86,own,0–16,1,90,0.000,1.000,10.6696,18.2002
ROI_080/patch_86,own,16–32,1,153,0.000,1.000,101.7203,122.1996
ROI_080/patch_86,own,32–64,1,508,0.000,1.000,97.3047,134.3912
ROI_080/patch_86,own,64–128,1,1435,0.000,1.000,39.9174,58.9945
ROI_080/patch_86,own,≥128,1,11326,0.000,1.000,28.8439,59.5557
ROI_080/patch_87,nearest,0–16,1,84,0.000,1.000,29.9998,78.3432
ROI_080/patch_87,nearest,16–32,1,111,0.000,1.000,34.7625,61.0443
ROI_080/patch_87,nearest,32–64,1,347,0.000,1.000,40.4961,91.3353
ROI_080/patch_87,nearest,64–128,1,587,0.000,1.000,71.5290,154.8713
ROI_080/patch_87,nearest,≥128,1,263,0.000,1.000,387.9906,489.1534
ROI_080/patch_87,own,0–16,1,84,0.000,1.000,30.4600,79.2516
ROI_080/patch_87,own,16–32,1,111,0.000,1.000,58.9279,86.7871
ROI_080/patch_87,own,32–64,1,347,0.000,1.000,47.7570,96.4077
ROI_080/patch_87,own,64–128,1,955,0.000,1.000,63.7285,125.9256
ROI_080/patch_87,own,≥128,1,9639,0.000,1.000,76.5429,169.1516
ROI_080/patch_88,nearest,0–16,1,73,0.000,1.000,72.9407,91.6131
ROI_080/patch_88,nearest,16–32,1,153,0.000,1.000,50.4195,67.0495
ROI_080/patch_88,nearest,32–64,1,258,0.000,1.000,126.9688,176.7760
ROI_080/patch_88,nearest,64–128,1,284,0.000,1.000,39.4586,117.8956
ROI_080/patch_88,nearest,≥128,1,189,0.150,1.000,493.3152,874.3351
ROI_080/patch_88,own,0–16,1,73,0.000,1.000,71.1247,87.0679
ROI_080/patch_88,own,16–32,1,153,0.000,1.000,51.8112,70.9173
ROI_080/patch_88,own,32–64,1,263,0.000,1.000,167.4955,225.5973
ROI_080/patch_88,own,64–128,1,848,0.000,1.000,73.6296,130.7224
ROI_080/patch_88,own,≥128,1,6319,0.000,1.000,97.0521,228.8826
ROI_080/patch_89,nearest,0–16,1,59,0.000,1.000,20.1615,95.7237
ROI_080/patch_89,nearest,16–32,1,124,0.000,1.000,34.9756,189.5873
ROI_080/patch_89,nearest,32–64,1,207,0.000,1.000,66.7490,265.1589
ROI_080/patch_89,nearest,64–128,1,523,0.000,1.000,105.6851,248.3510
ROI_080/patch_89,nearest,≥128,1,188,0.100,1.000,462.6737,606.3259
ROI_080/patch_89,own,0–16,1,59,0.000,1.000,20.9585,96.8236
ROI_080/patch_89,own,16–32,1,129,0.000,1.000,23.2948,177.8161
ROI_080/patch_89,own,32–64,1,260,0.000,1.000,38.3663,223.0732
ROI_080/patch_89,own,64–128,1,970,0.000,1.000,134.1907,269.4693
ROI_080/patch_89,own,≥128,1,7390,0.000,1.000,83.9090,186.8052
ROI_080/patch_90,nearest,0–16,1,95,0.000,1.000,6.0218,109.6651
ROI_080/patch_90,nearest,16–32,1,139,0.000,1.000,14.0191,55.7693
ROI_080/patch_90,nearest,32–64,1,312,0.000,1.000,33.7471,88.9039
ROI_080/patch_90,nearest,64–128,1,563,0.000,1.000,22.4869,93.7933
ROI_080/patch_90,nearest,≥128,1,139,1.000,1.000,,
ROI_080/patch_90,own,0–16,1,95,0.000,1.000,6.2668,106.9777
ROI_080/patch_90,own,16–32,1,139,0.000,1.000,16.4346,59.1038
ROI_080/patch_90,own,32–64,1,341,0.000,1.000,64.4035,150.6295
ROI_080/patch_90,own,64–128,1,1109,0.000,1.000,20.5081,87.0959
ROI_080/patch_90,own,≥128,1,8300,0.000,1.000,20.9945,70.4496
ROI_080/patch_91,nearest,0–16,1,52,0.000,1.000,60.1347,62.6308
ROI_080/patch_91,nearest,16–32,1,136,0.000,1.000,72.3983,97.3379
ROI_080/patch_91,nearest,32–64,1,398,0.000,1.000,28.2530,82.3304
ROI_080/patch_91,nearest,64–128,1,533,0.000,1.000,28.6269,73.7723
ROI_080/patch_91,nearest,≥128,1,406,0.000,1.000,59.9825,408.6801
ROI_080/patch_91,own,0–16,1,52,0.000,1.000,65.9515,68.3190
ROI_080/patch_91,own,16–32,1,136,0.000,1.000,64.4786,96.8048
ROI_080/patch_91,own,32–64,1,442,0.000,1.000,37.6798,92.0191
ROI_080/patch_91,own,64–128,1,1378,0.000,1.000,42.4394,80.8179
ROI_080/patch_91,own,≥128,1,10192,0.000,1.000,39.0374,76.3357
ROI_080/patch_92,nearest,0–16,1,48,0.000,1.000,16.6868,44.6688
ROI_080/patch_92,nearest,16–32,1,138,0.000,1.000,41.3744,73.6765
ROI_080/patch_92,nearest,32–64,1,452,0.000,1.000,34.6654,54.2038
ROI_080/patch_92,nearest,64–128,1,524,0.000,1.000,58.5747,88.6635
ROI_080/patch_92,nearest,≥128,1,116,0.000,1.000,225.3048,337.6566
ROI_080/patch_92,own,0–16,1,48,0.000,1.000,16.7634,44.2177
ROI_080/patch_92,own,16–32,1,138,0.000,1.000,55.9404,84.0750
ROI_080/patch_92,own,32–64,1,476,0.000,1.000,36.2916,74.3018
ROI_080/patch_92,own,64–128,1,1350,0.000,1.000,50.1292,71.6075
ROI_080/patch_92,own,≥128,1,8212,0.000,1.000,41.6215,58.7212
ROI_080/patch_93,nearest,0–16,1,77,0.000,1.000,5.3716,14.5718
ROI_080/patch_93,nearest,16–32,1,107,0.000,1.000,14.4116,15.7179
ROI_080/patch_93,nearest,32–64,1,390,0.000,1.000,40.1935,98.4931
ROI_080/patch_93,nearest,64–128,1,780,0.000,1.000,51.0038,86.5973
ROI_080/patch_93,nearest,≥128,1,105,0.050,1.000,307.6020,369.9085
ROI_080/patch_93,own,0–16,1,77,0.000,1.000,5.6324,17.0039
ROI_080/patch_93,own,16–32,1,107,0.000,1.000,11.9935,13.0457
ROI_080/patch_93,own,32–64,1,390,0.000,1.000,63.7299,115.7301
ROI_080/patch_93,own,64–128,1,1338,0.000,1.000,40.3080,59.1005
ROI_080/patch_93,own,≥128,1,9760,0.000,1.000,38.5144,73.0396
ROI_080/patch_94,nearest,0–16,1,90,0.000,1.000,46.8617,49.7752
ROI_080/patch_94,nearest,16–32,1,153,0.000,1.000,20.9326,54.7178
ROI_080/patch_94,nearest,32–64,1,390,0.000,1.000,28.5923,244.7398
ROI_080/patch_94,nearest,64–128,1,463,0.000,1.000,37.7714,112.0978
ROI_080/patch_94,nearest,≥128,1,143,0.050,1.000,157.0056,467.1077
ROI_080/patch_94,own,0–16,1,90,0.000,1.000,45.8344,48.7148
ROI_080/patch_94,own,16–32,1,153,0.000,1.000,13.2894,51.2102
ROI_080/patch_94,own,32–64,1,449,0.000,1.000,14.0454,107.4863
ROI_080/patch_94,own,64–128,1,1263,0.000,1.000,18.9981,112.5676
ROI_080/patch_94,own,≥128,1,7957,0.000,1.000,28.7320,100.5612
ROI_080/patch_95,nearest,0–16,1,93,0.000,1.000,2.6678,3.6411
ROI_080/patch_95,nearest,16–32,1,174,0.000,1.000,11.5239,26.6711
ROI_080/patch_95,nearest,32–64,1,543,0.000,1.000,30.9120,45.6215
ROI_080/patch_95,nearest,64–128,1,709,0.000,1.000,23.5251,50.7999
ROI_080/patch_95,nearest,≥128,1,252,0.000,1.000,109.1581,209.7849
ROI_080/patch_95,own,0–16,1,93,0.000,1.000,2.6552,3.6263
ROI_080/patch_95,own,16–32,1,174,0.000,1.000,11.8623,26.7928
ROI_080/patch_95,own,32–64,1,550,0.000,1.000,28.2324,37.7509
ROI_080/patch_95,own,64–128,1,1814,0.000,1.000,29.0227,57.6831
ROI_080/patch_95,own,≥128,1,11537,0.000,1.000,18.3312,34.1019
ROI_080/patch_96,nearest,0–16,1,105,0.000,1.000,6.5136,10.1168
ROI_080/patch_96,nearest,16–32,1,202,0.000,1.000,25.7511,32.2712
ROI_080/patch_96,nearest,32–64,1,339,0.000,1.000,36.3703,61.5095
ROI_080/patch_96,nearest,64–128,1,709,0.000,1.000,91.1760,150.9201
ROI_080/patch_96,nearest,≥128,1,82,0.000,1.000,144.8846,300.4182
ROI_080/patch_96,own,0–16,1,105,0.000,1.000,6.7600,11.3828
ROI_080/patch_96,own,16–32,1,202,0.000,1.000,25.6175,31.4768
ROI_080/patch_96,own,32–64,1,343,0.000,1.000,24.6919,53.0919
ROI_080/patch_96,own,64–128,1,1130,0.000,1.000,88.4045,145.2655
ROI_080/patch_96,own,≥128,1,9716,0.000,1.000,38.0391,65.2234
ROI_080/patch_98,nearest,0–16,1,100,0.000,1.000,16.4660,52.3934
ROI_080/patch_98,nearest,16–32,1,163,0.000,1.000,26.2904,43.8970
ROI_080/patch_98,nearest,32–64,1,365,0.000,1.000,14.2780,55.8546
ROI_080/patch_98,nearest,64–128,1,482,0.000,1.000,13.6152,113.8307
ROI_080/patch_98,nearest,≥128,1,410,0.000,1.000,13.3472,105.9922
ROI_080/patch_98,own,0–16,1,100,0.000,1.000,22.2597,52.8156
ROI_080/patch_98,own,16–32,1,165,0.000,1.000,25.8218,49.5658
ROI_080/patch_98,own,32–64,1,548,0.000,1.000,11.9649,51.1021
ROI_080/patch_98,own,64–128,1,1765,0.000,1.000,31.5893,61.2705
ROI_080/patch_98,own,≥128,1,9582,0.000,1.000,14.4109,59.8494
ROI_080/patch_99,nearest,0–16,1,73,0.000,1.000,7.1985,23.4450
ROI_080/patch_99,nearest,16–32,1,149,0.000,1.000,48.0423,80.4568
ROI_080/patch_99,nearest,32–64,1,345,0.000,1.000,90.9266,116.6136
ROI_080/patch_99,nearest,64–128,1,751,0.000,1.000,89.3197,163.5801
ROI_080/patch_99,nearest,≥128,1,175,0.000,1.000,158.6666,167.8119
ROI_080/patch_99,own,0–16,1,73,0.000,1.000,6.9500,24.1198
ROI_080/patch_99,own,16–32,1,153,0.000,1.000,32.4816,56.7590
ROI_080/patch_99,own,32–64,1,396,0.000,1.000,84.6119,104.3135
ROI_080/patch_99,own,64–128,1,1537,0.000,1.000,95.9175,183.8846
ROI_080/patch_99,own,≥128,1,11278,0.000,1.000,66.8957,98.2584
ROI_080/patch_100,nearest,0–16,1,94,0.000,1.000,3.5308,21.5667
ROI_080/patch_100,nearest,16–32,1,203,0.000,1.000,7.0605,10.9962
ROI_080/patch_100,nearest,32–64,1,427,0.000,1.000,18.3823,51.7752
ROI_080/patch_100,nearest,64–128,1,973,0.000,1.000,14.4533,23.4258
ROI_080/patch_100,nearest,≥128,1,106,0.000,1.000,150.2903,183.0523
ROI_080/patch_100,own,0–16,1,94,0.000,1.000,3.7455,24.7717
ROI_080/patch_100,own,16–32,1,203,0.000,1.000,8.0762,11.4149
ROI_080/patch_100,own,32–64,1,462,0.000,1.000,15.2673,50.6409
ROI_080/patch_100,own,64–128,1,1774,0.000,1.000,14.0939,25.4550
ROI_080/patch_100,own,≥128,1,11891,0.000,1.000,9.1143,26.5988
ROI_080/patch_101,nearest,0–16,1,89,0.000,1.000,29.2379,39.7520
ROI_080/patch_101,nearest,16–32,1,154,0.000,1.000,33.5354,48.1012
ROI_080/patch_101,nearest,32–64,1,453,0.000,1.000,41.7037,158.0605
ROI_080/patch_101,nearest,64–128,1,584,0.000,1.000,72.3192,100.3700
ROI_080/patch_101,nearest,≥128,1,85,0.000,1.000,82.1010,100.4465
ROI_080/patch_101,own,0–16,1,89,0.000,1.000,23.1260,32.4105
ROI_080/patch_101,own,16–32,1,154,0.000,1.000,38.1823,48.6549
ROI_080/patch_101,own,32–64,1,500,0.000,1.000,31.8149,134.5061
ROI_080/patch_101,own,64–128,1,1531,0.000,1.000,63.4992,105.5500
ROI_080/patch_101,own,≥128,1,8646,0.000,1.000,56.1823,84.9018
ROI_080/patch_102,nearest,0–16,1,107,0.000,1.000,33.1634,38.5442
ROI_080/patch_102,nearest,16–32,1,166,0.000,1.000,63.9710,69.8264
ROI_080/patch_102,nearest,32–64,1,343,0.000,1.000,22.5727,32.5819
ROI_080/patch_102,nearest,64–128,1,846,0.000,1.000,109.5283,163.0654
ROI_080/patch_102,nearest,≥128,1,297,0.000,1.000,116.3516,147.4362
ROI_080/patch_102,own,0–16,1,107,0.000,1.000,33.1274,38.3828
ROI_080/patch_102,own,16–32,1,166,0.000,1.000,54.1883,59.2130
ROI_080/patch_102,own,32–64,1,356,0.000,1.000,32.6153,41.9836
ROI_080/patch_102,own,64–128,1,1519,0.000,1.000,21.0472,30.1174
ROI_080/patch_102,own,≥128,1,11924,0.000,1.000,26.7212,36.8846
ROI_080/patch_103,nearest,0–16,1,86,0.000,1.000,14.4952,17.1194
ROI_080/patch_103,nearest,16–32,1,146,0.000,1.000,14.4307,48.9514
ROI_080/patch_103,nearest,32–64,1,411,0.000,1.000,41.7103,65.7465
ROI_080/patch_103,nearest,64–128,1,703,0.000,1.000,35.0725,77.8694
ROI_080/patch_103,nearest,≥128,1,237,0.000,1.000,95.7364,123.0427
ROI_080/patch_103,own,0–16,1,86,0.000,1.000,13.5256,16.0787
ROI_080/patch_103,own,16–32,1,158,0.000,1.000,14.0837,24.5896
ROI_080/patch_103,own,32–64,1,462,0.000,1.000,42.3968,65.8465
ROI_080/patch_103,own,64–128,1,1511,0.000,1.000,33.8276,67.9862
ROI_080/patch_103,own,≥128,1,10447,0.000,1.000,29.5861,40.2001
ROI_080/patch_104,nearest,0–16,1,95,0.000,1.000,78.6013,92.8563
ROI_080/patch_104,nearest,16–32,1,163,0.000,1.000,14.6089,20.0046
ROI_080/patch_104,nearest,32–64,1,303,0.000,1.000,27.3975,46.6268
ROI_080/patch_104,nearest,64–128,1,560,0.000,1.000,72.5994,126.0508
ROI_080/patch_104,nearest,≥128,1,98,0.000,1.000,27.4705,85.6487
ROI_080/patch_104,own,0–16,1,95,0.000,1.000,46.4531,59.9146
ROI_080/patch_104,own,16–32,1,163,0.000,1.000,13.2851,19.3305
ROI_080/patch_104,own,32–64,1,312,0.000,1.000,33.3158,53.0101
ROI_080/patch_104,own,64–128,1,1337,0.000,1.000,48.5230,68.4751
ROI_080/patch_104,own,≥128,1,7845,0.000,1.000,43.5814,68.3763
ROI_080/patch_105,nearest,0–16,1,77,0.000,1.000,50.0808,127.1440
ROI_080/patch_105,nearest,16–32,1,131,0.000,1.000,5.3282,6.4632
ROI_080/patch_105,nearest,32–64,1,392,0.000,1.000,14.2891,31.8385
ROI_080/patch_105,nearest,64–128,1,694,0.000,1.000,33.0687,97.6146
ROI_080/patch_105,nearest,≥128,1,242,0.000,1.000,164.6726,573.9143
ROI_080/patch_105,own,0–16,1,77,0.000,1.000,44.3682,119.9167
ROI_080/patch_105,own,16–32,1,146,0.000,1.000,5.4635,6.5708
ROI_080/patch_105,own,32–64,1,474,0.000,1.000,14.7637,27.0040
ROI_080/patch_105,own,64–128,1,1489,0.000,1.000,37.3889,73.0808
ROI_080/patch_105,own,≥128,1,10102,0.000,1.000,17.2027,37.7753
ROI_080/patch_106,nearest,0–16,1,75,0.000,1.000,5.6040,21.2446
ROI_080/patch_106,nearest,16–32,1,190,0.000,1.000,15.7979,33.9066
ROI_080/patch_106,nearest,32–64,1,333,0.000,1.000,26.8004,62.5514
ROI_080/patch_106,nearest,64–128,1,438,0.000,1.000,78.4704,160.8130
ROI_080/patch_106,nearest,≥128,1,166,0.000,1.000,340.1675,544.9141
ROI_080/patch_106,own,0–16,1,75,0.000,1.000,5.6058,21.2545
ROI_080/patch_106,own,16–32,1,198,0.000,1.000,18.5924,38.6501
ROI_080/patch_106,own,32–64,1,428,0.000,1.000,26.6697,47.2409
ROI_080/patch_106,own,64–128,1,1365,0.000,1.000,58.0002,82.3955
ROI_080/patch_106,own,≥128,1,7550,0.000,1.000,111.4168,136.8029
