pair,variant,ring,ok,n_cand,gross,inlier,ms_x,ms_2d
ROI_035/patch_0,nearest,0–16,1,139,0.000,1.000,29.5634,31.8894
ROI_035/patch_0,nearest,16–32,1,392,0.000,1.000,29.4825,30.9262
ROI_035/patch_0,nearest,32–64,1,1340,0.000,1.000,34.5046,35.8106
ROI_035/patch_0,nearest,64–128,1,2021,0.000,1.000,54.1105,60.2475
ROI_035/patch_0,nearest,≥128,1,704,0.000,1.000,234.8610,236.8350
ROI_035/patch_0,own,0–16,1,139,0.000,1.000,29.5159,32.8802
ROI_035/patch_0,own,16–32,1,392,0.000,1.000,29.4363,30.9262
ROI_035/patch_0,own,32–64,1,1452,0.000,1.000,36.7196,38.1701
ROI_035/patch_0,own,64–128,1,4887,0.000,1.000,76.1195,88.0801
ROI_035/patch_0,own,≥128,1,29898,0.000,1.000,200.5632,201.9833
ROI_035/patch_1,nearest,0–16,1,136,0.000,1.000,39.1392,41.0308
ROI_035/patch_1,nearest,16–32,1,351,0.000,1.000,40.5284,42.5453
ROI_035/patch_1,nearest,32–64,1,1120,0.000,1.000,47.4842,53.4541
ROI_035/patch_1,nearest,64–128,1,2167,0.000,1.000,146.2727,148.3513
ROI_035/patch_1,nearest,≥128,1,520,0.000,1.000,229.4825,234.3413
ROI_035/patch_1,own,0–16,1,136,0.000,1.000,39.1306,41.0736
ROI_035/patch_1,own,16–32,1,351,0.000,1.000,40.4121,42.4125
ROI_035/patch_1,own,32–64,1,1146,0.000,1.000,49.7917,56.0744
ROI_035/patch_1,own,64–128,1,3467,0.000,1.000,93.3594,98.1544
ROI_035/patch_1,own,≥128,1,29252,0.000,1.000,84.0192,86.7284
ROI_035/patch_2,nearest,0–16,1,148,0.000,1.000,73.8743,76.3404
ROI_035/patch_2,nearest,16–32,1,408,0.000,1.000,21.9368,23.5499
ROI_035/patch_2,nearest,32–64,1,1285,0.000,1.000,58.7946,62.3367
ROI_035/patch_2,nearest,64–128,1,1562,0.100,1.000,137.4152,142.4742
ROI_035/patch_2,nearest,≥128,1,518,1.000,1.000,,
ROI_035/patch_2,own,0–16,1,148,0.000,1.000,63.8541,66.0949
ROI_035/patch_2,own,16–32,1,408,0.000,1.000,22.1207,23.7985
ROI_035/patch_2,own,32–64,1,1399,0.000,1.000,79.2857,81.7807
ROI_035/patch_2,own,64–128,1,4473,0.000,1.000,129.2521,133.6400
ROI_035/patch_2,own,≥128,1,24940,0.100,1.000,209.0793,213.8792
ROI_035/patch_3,nearest,0–16,1,149,0.000,1.000,12.9580,14.3962
ROI_035/patch_3,nearest,16–32,1,424,0.000,1.000,104.6416,106.1765
ROI_035/patch_3,nearest,32–64,1,1310,0.000,1.000,33.6286,36.0812
ROI_035/patch_3,nearest,64–128,1,2055,0.000,1.000,109.7681,125.0352
ROI_035/patch_3,nearest,≥128,1,223,0.600,1.000,347.1645,358.4818
ROI_035/patch_3,own,0–16,1,149,0.000,1.000,12.8940,14.3463
ROI_035/patch_3,own,16–32,1,424,0.000,1.000,105.3282,106.8421
ROI_035/patch_3,own,32–64,1,1382,0.000,1.000,50.9577,52.9314
ROI_035/patch_3,own,64–128,1,4318,0.000,1.000,56.2746,68.7222
ROI_035/patch_3,own,≥128,1,27015,0.000,1.000,122.8909,126.1203
ROI_035/patch_4,nearest,0–16,1,147,0.000,1.000,15.6256,16.2518
ROI_035/patch_4,nearest,16–32,1,424,0.000,1.000,13.5380,15.1972
ROI_035/patch_4,nearest,32–64,1,1317,0.000,1.000,18.1374,19.5164
ROI_035/patch_4,nearest,64–128,1,2490,0.000,1.000,29.9197,31.3048
ROI_035/patch_4,nearest,≥128,1,349,0.000,1.000,52.2186,53.8554
ROI_035/patch_4,own,0–16,1,147,0.000,1.000,16.0707,16.7186
ROI_035/patch_4,own,16–32,1,424,0.000,1.000,13.0632,14.3882
ROI_035/patch_4,own,32–64,1,1485,0.000,1.000,18.2493,19.6758
ROI_035/patch_4,own,64–128,1,5144,0.000,1.000,106.5944,107.5111
ROI_035/patch_4,own,≥128,1,30616,0.000,1.000,23.5172,26.6266
ROI_035/patch_5,nearest,0–16,1,137,0.000,1.000,78.0010,79.5497
ROI_035/patch_5,nearest,16–32,1,364,0.000,1.000,104.1463,108.1560
ROI_035/patch_5,nearest,32–64,1,912,0.050,1.000,628.3910,634.3505
ROI_035/patch_5,nearest,64–128,1,1443,0.100,1.000,1729.7168,1747.0572
ROI_035/patch_5,nearest,≥128,1,619,0.050,1.000,1512.6920,1520.5114
ROI_035/patch_5,own,0–16,1,137,0.000,1.000,77.7471,79.2741
ROI_035/patch_5,own,16–32,1,364,0.000,1.000,115.1306,119.8384
ROI_035/patch_5,own,32–64,1,1036,0.000,1.000,557.4165,564.6017
ROI_035/patch_5,own,64–128,1,3531,0.050,1.000,777.6550,788.8349
ROI_035/patch_5,own,≥128,1,22732,0.000,1.000,819.5044,834.8243
ROI_035/patch_6,nearest,0–16,1,143,0.000,1.000,20.0127,20.9557
ROI_035/patch_6,nearest,16–32,1,390,0.000,1.000,13.1356,14.2877
ROI_035/patch_6,nearest,32–64,1,1081,0.000,1.000,97.1123,103.6901
ROI_035/patch_6,nearest,64–128,1,1707,0.000,1.000,126.9123,132.5992
ROI_035/patch_6,nearest,≥128,1,530,0.700,1.000,105.1242,434.3052
ROI_035/patch_6,own,0–16,1,143,0.000,1.000,20.3945,21.3401
ROI_035/patch_6,own,16–32,1,390,0.000,1.000,13.0347,14.2482
ROI_035/patch_6,own,32–64,1,1210,0.000,1.000,52.4377,55.6899
ROI_035/patch_6,own,64–128,1,4049,0.000,1.000,131.7653,138.0039
ROI_035/patch_6,own,≥128,1,25016,0.000,1.000,140.4835,154.7141
ROI_035/patch_7,nearest,0–16,1,138,0.000,1.000,22.8779,26.1115
ROI_035/patch_7,nearest,16–32,1,372,0.000,1.000,24.5760,27.9767
ROI_035/patch_7,nearest,32–64,1,1266,0.000,1.000,51.2421,54.2267
ROI_035/patch_7,nearest,64–128,1,2315,0.000,1.000,113.1821,123.6960
ROI_035/patch_7,nearest,≥128,1,505,0.000,1.000,48.8027,54.6910
ROI_035/patch_7,own,0–16,1,138,0.000,1.000,22.2721,25.5556
ROI_035/patch_7,own,16–32,1,372,0.000,1.000,25.8175,29.4162
ROI_035/patch_7,own,32–64,1,1266,0.000,1.000,56.2102,59.3454
ROI_035/patch_7,own,64–128,1,4270,0.000,1.000,45.9488,50.9182
ROI_035/patch_7,own,≥128,1,30722,0.000,1.000,42.9307,48.7994
ROI_035/patch_8,nearest,0–16,1,187,0.000,1.000,120.1954,123.2482
ROI_035/patch_8,nearest,16–32,1,514,0.000,1.000,120.4635,123.2176
ROI_035/patch_8,nearest,32–64,1,1515,0.000,1.000,136.2224,138.4638
ROI_035/patch_8,nearest,64–128,1,2136,0.000,1.000,169.7595,175.8012
ROI_035/patch_8,nearest,≥128,1,334,0.250,1.000,636.2014,691.5143
ROI_035/patch_8,own,0–16,1,187,0.000,1.000,120.1766,123.1957
ROI_035/patch_8,own,16–32,1,514,0.000,1.000,120.4218,123.2635
ROI_035/patch_8,own,32–64,1,1789,0.000,1.000,146.1488,148.1930
ROI_035/patch_8,own,64–128,1,6009,0.000,1.000,177.2517,184.0434
ROI_035/patch_8,own,≥128,1,38361,0.000,1.000,172.0371,174.7228
ROI_035/patch_9,nearest,0–16,1,100,0.100,1.000,292.5507,310.4424
ROI_035/patch_9,nearest,16–32,1,305,0.100,1.000,277.8051,284.2994
ROI_035/patch_9,nearest,32–64,1,944,0.150,1.000,425.2433,448.3530
ROI_035/patch_9,nearest,64–128,1,1673,0.500,1.000,456.4190,478.3169
ROI_035/patch_9,nearest,≥128,1,167,1.000,1.000,,
ROI_035/patch_9,own,0–16,1,100,0.000,1.000,306.7676,326.0717
ROI_035/patch_9,own,16–32,1,305,0.150,1.000,323.8587,335.0789
ROI_035/patch_9,own,32–64,1,963,0.300,1.000,321.6092,348.0734
ROI_035/patch_9,own,64–128,1,3565,0.650,1.000,471.5046,478.0728
ROI_035/patch_9,own,≥128,1,20579,0.500,1.000,329.0626,335.4347
ROI_035/patch_10,nearest,0–16,1,155,0.000,1.000,75.3948,77.7899
ROI_035/patch_10,nearest,16–32,1,408,0.000,1.000,179.3011,182.2497
ROI_035/patch_10,nearest,32–64,1,965,0.100,1.000,342.5917,361.9751
ROI_035/patch_10,nearest,64–128,1,1404,0.200,1.000,302.2639,315.9544
ROI_035/patch_10,nearest,≥128,1,419,0.500,1.000,828.6957,914.7609
ROI_035/patch_10,own,0–16,1,155,0.000,1.000,75.4547,78.1870
ROI_035/patch_10,own,16–32,1,408,0.000,1.000,257.1129,259.9803
ROI_035/patch_10,own,32–64,1,1009,0.400,1.000,255.4384,272.6867
ROI_035/patch_10,own,64–128,1,3241,0.150,1.000,533.5688,541.3072
ROI_035/patch_10,own,≥128,1,21995,0.050,1.000,656.8045,665.6189
ROI_035/patch_11,nearest,0–16,1,127,0.000,1.000,6.6943,8.6347
ROI_035/patch_11,nearest,16–32,1,349,0.000,1.000,7.9878,9.9429
ROI_035/patch_11,nearest,32–64,1,1072,0.000,1.000,152.9535,156.2015
ROI_035/patch_11,nearest,64–128,1,1435,0.000,1.000,249.2067,258.5694
ROI_035/patch_11,nearest,≥128,1,686,0.050,1.000,900.9818,937.8096
ROI_035/patch_11,own,0–16,1,127,0.000,1.000,6.6558,8.5605
ROI_035/patch_11,own,16–32,1,349,0.000,1.000,7.2283,9.2566
ROI_035/patch_11,own,32–64,1,1128,0.000,1.000,188.9301,192.6729
ROI_035/patch_11,own,64–128,1,3780,0.000,1.000,116.2636,122.2493
ROI_035/patch_11,own,≥128,1,23968,0.000,1.000,177.7156,184.6852
ROI_035/patch_12,nearest,0–16,1,153,0.000,1.000,25.3794,47.4372
ROI_035/patch_12,nearest,16–32,1,398,0.000,1.000,74.5226,87.8729
ROI_035/patch_12,nearest,32–64,1,1034,0.250,1.000,285.1548,293.3230
ROI_035/patch_12,nearest,64–128,1,1509,0.900,1.000,538.8113,566.7902
ROI_035/patch_12,nearest,≥128,1,139,1.000,1.000,,
ROI_035/patch_12,own,0–16,1,153,0.000,1.000,27.6945,45.5243
ROI_035/patch_12,own,16–32,1,400,0.000,1.000,84.8190,99.8252
ROI_035/patch_12,own,32–64,1,1139,0.200,1.000,284.1888,290.6560
ROI_035/patch_12,own,64–128,1,3316,0.700,1.000,297.4083,303.9838
ROI_035/patch_12,own,≥128,1,20856,0.750,1.000,412.5004,433.7611
ROI_035/patch_13,nearest,0–16,1,147,0.000,1.000,29.4835,32.7406
ROI_035/patch_13,nearest,16–32,1,406,0.000,1.000,53.4792,59.3443
ROI_035/patch_13,nearest,32–64,1,1257,0.000,1.000,152.1713,156.0965
ROI_035/patch_13,nearest,64–128,1,1445,0.600,1.000,610.7564,640.5483
ROI_035/patch_13,nearest,≥128,1,444,0.250,1.000,2327.1370,2357.0276
ROI_035/patch_13,own,0–16,1,147,0.000,1.000,28.9196,31.6884
ROI_035/patch_13,own,16–32,1,406,0.000,1.000,47.9941,51.3786
ROI_035/patch_13,own,32–64,1,1340,0.000,1.000,182.6577,186.4311
ROI_035/patch_13,own,64–128,1,4197,0.050,1.000,471.2321,483.4459
ROI_035/patch_13,own,≥128,1,27201,0.100,1.000,480.6015,483.1375
ROI_035/patch_14,nearest,0–16,1,137,0.000,1.000,8.7790,9.7923
ROI_035/patch_14,nearest,16–32,1,349,0.000,1.000,96.4599,97.8674
ROI_035/patch_14,nearest,32–64,1,963,0.500,1.000,704.3935,713.5901
ROI_035/patch_14,nearest,64–128,1,1722,0.100,1.000,380.1505,384.5479
ROI_035/patch_14,nearest,≥128,1,567,0.000,1.000,1626.4076,1633.4698
ROI_035/patch_14,own,0–16,1,137,0.000,1.000,8.7656,9.7957
ROI_035/patch_14,own,16–32,1,378,0.000,1.000,153.3939,154.8105
ROI_035/patch_14,own,32–64,1,1198,0.350,1.000,452.0607,457.3863
ROI_035/patch_14,own,64–128,1,4224,0.050,1.000,228.5878,232.0792
ROI_035/patch_14,own,≥128,1,23967,0.100,1.000,284.0942,288.0384
ROI_035/patch_15,nearest,0–16,1,134,0.000,1.000,326.1282,337.9264
ROI_035/patch_15,nearest,16–32,1,369,0.000,1.000,70.4257,71.9497
ROI_035/patch_15,nearest,32–64,1,1194,0.300,1.000,410.3635,417.8497
ROI_035/patch_15,nearest,64–128,1,1883,0.650,1.000,773.1540,787.2802
ROI_035/patch_15,nearest,≥128,1,104,1.000,1.000,,
ROI_035/patch_15,own,0–16,1,134,0.000,1.000,277.9962,287.9654
ROI_035/patch_15,own,16–32,1,369,0.000,1.000,63.7175,65.2130
ROI_035/patch_15,own,32–64,1,1245,0.050,1.000,301.3616,307.5896
ROI_035/patch_15,own,64–128,1,3702,0.350,1.000,410.1997,414.8445
ROI_035/patch_15,own,≥128,1,24022,0.300,1.000,403.7993,408.7195
ROI_035/patch_16,nearest,0–16,1,119,1.000,1.000,,
ROI_035/patch_16,nearest,16–32,1,352,0.800,1.000,422.1552,437.0315
ROI_035/patch_16,nearest,32–64,1,917,0.650,1.000,291.7324,300.2724
ROI_035/patch_16,nearest,64–128,1,1193,0.850,1.000,503.6126,520.3224
ROI_035/patch_16,nearest,≥128,1,561,1.000,1.000,,
ROI_035/patch_16,own,0–16,1,119,1.000,1.000,,
ROI_035/patch_16,own,16–32,1,352,0.850,1.000,290.9924,299.7118
ROI_035/patch_16,own,32–64,1,1083,0.650,1.000,341.5612,353.5632
ROI_035/patch_16,own,64–128,1,3493,0.600,1.000,365.8489,375.2399
ROI_035/patch_16,own,≥128,1,23231,0.650,1.000,301.8384,321.5494
ROI_035/patch_17,nearest,0–16,1,139,0.000,1.000,13.4283,23.2432
ROI_035/patch_17,nearest,16–32,1,397,0.000,1.000,13.8931,39.2527
ROI_035/patch_17,nearest,32–64,1,1371,0.000,1.000,18.1164,29.8369
ROI_035/patch_17,nearest,64–128,1,2324,0.000,1.000,15.7640,27.8498
ROI_035/patch_17,nearest,≥128,1,367,0.000,1.000,1058.1915,1072.2694
ROI_035/patch_17,own,0–16,1,139,0.000,1.000,13.3773,23.0423
ROI_035/patch_17,own,16–32,1,397,0.000,1.000,13.7918,46.7001
ROI_035/patch_17,own,32–64,1,1390,0.000,1.000,18.5125,30.1934
ROI_035/patch_17,own,64–128,1,4835,0.000,1.000,16.7702,28.9933
ROI_035/patch_17,own,≥128,1,30023,0.000,1.000,92.9699,105.7721
ROI_035/patch_18,nearest,0–16,1,153,0.000,1.000,71.7250,74.1625
ROI_035/patch_18,nearest,16–32,1,422,0.000,1.000,50.2630,52.9335
ROI_035/patch_18,nearest,32–64,1,1385,0.000,1.000,61.3199,64.3904
ROI_035/patch_18,nearest,64–128,1,2280,0.000,1.000,77.6725,82.3905
ROI_035/patch_18,nearest,≥128,1,254,0.000,1.000,281.4507,313.0559
ROI_035/patch_18,own,0–16,1,153,0.000,1.000,106.7505,109.0105
ROI_035/patch_18,own,16–32,1,422,0.000,1.000,93.9015,96.5299
ROI_035/patch_18,own,32–64,1,1454,0.000,1.000,51.9373,55.5441
ROI_035/patch_18,own,64–128,1,4136,0.000,1.000,33.7151,36.7955
ROI_035/patch_18,own,≥128,1,29787,0.000,1.000,57.6101,61.4685
ROI_035/patch_19,nearest,0–16,1,138,0.000,1.000,99.7301,102.1631
ROI_035/patch_19,nearest,16–32,1,386,0.000,1.000,126.3664,131.5604
ROI_035/patch_19,nearest,32–64,1,1047,0.000,1.000,171.1715,183.0044
ROI_035/patch_19,nearest,64–128,1,1863,0.000,1.000,155.2460,159.6951
ROI_035/patch_19,nearest,≥128,1,669,0.250,1.000,217.0690,321.3506
ROI_035/patch_19,own,0–16,1,138,0.000,1.000,93.3669,95.7724
ROI_035/patch_19,own,16–32,1,390,0.000,1.000,113.2423,116.5839
ROI_035/patch_19,own,32–64,1,1280,0.000,1.000,212.2167,225.1354
ROI_035/patch_19,own,64–128,1,4304,0.000,1.000,180.1570,184.6731
ROI_035/patch_19,own,≥128,1,30815,0.000,1.000,191.2622,196.4592
ROI_035/patch_20,nearest,0–16,1,152,0.000,1.000,4.4420,5.5635
ROI_035/patch_20,nearest,16–32,1,395,0.000,1.000,3.7158,4.5581
ROI_035/patch_20,nearest,32–64,1,1260,0.000,1.000,13.9982,14.6835
ROI_035/patch_20,nearest,64–128,1,2152,0.000,1.000,21.6032,23.9335
ROI_035/patch_20,nearest,≥128,1,526,0.000,1.000,153.1055,157.0232
ROI_035/patch_20,own,0–16,1,152,0.000,1.000,4.4435,5.5594
ROI_035/patch_20,own,16–32,1,395,0.000,1.000,3.9397,4.8609
ROI_035/patch_20,own,32–64,1,1358,0.000,1.000,12.5315,13.9209
ROI_035/patch_20,own,64–128,1,4412,0.000,1.000,26.7412,27.4894
ROI_035/patch_20,own,≥128,1,29563,0.000,1.000,33.4391,34.2481
ROI_035/patch_21,nearest,0–16,1,137,0.000,1.000,20.5130,21.3879
ROI_035/patch_21,nearest,16–32,1,378,0.000,1.000,19.1320,19.7371
ROI_035/patch_21,nearest,32–64,1,1182,0.000,1.000,25.8158,27.2762
ROI_035/patch_21,nearest,64–128,1,2355,0.000,1.000,67.3619,69.6549
ROI_035/patch_21,nearest,≥128,1,623,0.000,1.000,31.7579,32.7289
ROI_035/patch_21,own,0–16,1,137,0.000,1.000,20.2887,21.1323
ROI_035/patch_21,own,16–32,1,378,0.000,1.000,19.9860,20.6120
ROI_035/patch_21,own,32–64,1,1182,0.000,1.000,21.2611,22.0990
ROI_035/patch_21,own,64–128,1,4274,0.000,1.000,28.7922,32.2678
ROI_035/patch_21,own,≥128,1,31429,0.000,1.000,27.2688,28.5481
ROI_035/patch_22,nearest,0–16,1,143,0.000,1.000,28.2839,30.7712
ROI_035/patch_22,nearest,16–32,1,391,0.000,1.000,16.6591,19.4922
ROI_035/patch_22,nearest,32–64,1,1163,0.000,1.000,84.6341,91.2688
ROI_035/patch_22,nearest,64–128,1,1611,0.000,1.000,123.1309,127.6235
ROI_035/patch_22,nearest,≥128,1,971,0.000,1.000,201.6140,209.6429
ROI_035/patch_22,own,0–16,1,143,0.000,1.000,33.2981,35.7626
ROI_035/patch_22,own,16–32,1,391,0.000,1.000,17.0986,19.9259
ROI_035/patch_22,own,32–64,1,1272,0.000,1.000,101.6711,105.5337
ROI_035/patch_22,own,64–128,1,3996,0.000,1.000,66.6761,71.3468
ROI_035/patch_22,own,≥128,1,28430,0.000,1.000,75.5665,79.9999
ROI_035/patch_23,nearest,0–16,1,153,0.000,1.000,22.0224,24.5858
ROI_035/patch_23,nearest,16–32,1,400,0.000,1.000,30.4813,32.8119
ROI_035/patch_23,nearest,32–64,1,1266,0.000,1.000,42.1203,44.6065
ROI_035/patch_23,nearest,64–128,1,2295,0.000,1.000,36.5751,39.7189
ROI_035/patch_23,nearest,≥128,1,437,0.000,1.000,105.9701,108.2428
ROI_035/patch_23,own,0–16,1,153,0.000,1.000,21.9148,24.4128
ROI_035/patch_23,own,16–32,1,400,0.000,1.000,31.8278,34.0530
ROI_035/patch_23,own,32–64,1,1336,0.000,1.000,41.2713,43.4913
ROI_035/patch_23,own,64–128,1,4208,0.000,1.000,44.7920,47.2171
ROI_035/patch_23,own,≥128,1,30311,0.000,1.000,51.4391,53.9946
ROI_035/patch_24,nearest,0–16,1,159,0.000,1.000,31.2704,32.4026
ROI_035/patch_24,nearest,16–32,1,413,0.000,1.000,31.6119,32.6584
ROI_035/patch_24,nearest,32–64,1,1154,0.000,1.000,64.6616,68.4695
ROI_035/patch_24,nearest,64–128,1,2059,0.000,1.000,50.3629,53.5800
ROI_035/patch_24,nearest,≥128,1,637,0.000,1.000,81.9406,83.2282
ROI_035/patch_24,own,0–16,1,159,0.000,1.000,31.2228,32.3668
ROI_035/patch_24,own,16–32,1,434,0.000,1.000,31.6076,32.6156
ROI_035/patch_24,own,32–64,1,1334,0.000,1.000,86.0809,89.0470
ROI_035/patch_24,own,64–128,1,4577,0.000,1.000,79.4215,83.6309
ROI_035/patch_24,own,≥128,1,28872,0.000,1.000,60.1056,61.7255
ROI_035/patch_25,nearest,0–16,1,136,0.000,1.000,22.4205,22.7973
ROI_035/patch_25,nearest,16–32,1,390,0.000,1.000,29.6600,30.5042
ROI_035/patch_25,nearest,32–64,1,1098,0.000,1.000,59.9009,62.2136
ROI_035/patch_25,nearest,64–128,1,2422,0.000,1.000,52.4656,57.0348
ROI_035/patch_25,nearest,≥128,1,339,0.000,1.000,125.7108,141.6060
ROI_035/patch_25,own,0–16,1,136,0.000,1.000,22.5190,22.8838
ROI_035/patch_25,own,16–32,1,390,0.000,1.000,29.7341,30.5889
ROI_035/patch_25,own,32–64,1,1106,0.000,1.000,45.9948,46.7178
ROI_035/patch_25,own,64–128,1,4055,0.000,1.000,52.0909,55.8741
ROI_035/patch_25,own,≥128,1,29393,0.000,1.000,50.2763,53.7732
ROI_035/patch_26,nearest,0–16,1,135,0.000,1.000,24.5621,25.4955
ROI_035/patch_26,nearest,16–32,1,359,0.000,1.000,28.4118,30.7530
ROI_035/patch_26,nearest,32–64,1,1196,0.000,1.000,54.8675,57.0104
ROI_035/patch_26,nearest,64–128,1,2315,0.000,1.000,143.0659,147.2482
ROI_035/patch_26,nearest,≥128,1,442,0.000,1.000,102.8826,109.3072
ROI_035/patch_26,own,0–16,1,135,0.000,1.000,24.5058,25.4030
ROI_035/patch_26,own,16–32,1,359,0.000,1.000,28.7679,30.9029
ROI_035/patch_26,own,32–64,1,1198,0.000,1.000,58.2637,60.8131
ROI_035/patch_26,own,64–128,1,4141,0.000,1.000,63.9512,67.5787
ROI_035/patch_26,own,≥128,1,29743,0.000,1.000,46.1237,50.3065
ROI_035/patch_27,nearest,0–16,1,139,0.000,1.000,14.4609,16.9944
ROI_035/patch_27,nearest,16–32,1,382,0.000,1.000,14.2552,16.4748
ROI_035/patch_27,nearest,32–64,1,1128,0.000,1.000,16.5698,20.1605
ROI_035/patch_27,nearest,64–128,1,1426,0.000,1.000,25.9861,30.7288
ROI_035/patch_27,nearest,≥128,1,968,0.350,1.000,1202.1937,1213.4376
ROI_035/patch_27,own,0–16,1,139,0.000,1.000,14.5667,17.0600
ROI_035/patch_27,own,16–32,1,382,0.000,1.000,14.1786,16.3713
ROI_035/patch_27,own,32–64,1,1248,0.000,1.000,21.2442,28.7827
ROI_035/patch_27,own,64–128,1,4440,0.000,1.000,30.8590,37.7215
ROI_035/patch_27,own,≥128,1,26135,0.000,1.000,149.6799,154.3779
ROI_035/patch_28,nearest,0–16,1,148,0.000,1.000,27.4004,52.4126
ROI_035/patch_28,nearest,16–32,1,407,0.000,1.000,83.6118,91.5156
ROI_035/patch_28,nearest,32–64,1,1254,0.000,1.000,30.9101,34.8842
ROI_035/patch_28,nearest,64–128,1,1895,0.000,1.000,98.8806,106.2789
ROI_035/patch_28,nearest,≥128,1,395,0.150,1.000,394.9037,413.3733
ROI_035/patch_28,own,0–16,1,148,0.000,1.000,26.7202,44.1449
ROI_035/patch_28,own,16–32,1,407,0.000,1.000,84.5564,90.1971
ROI_035/patch_28,own,32–64,1,1363,0.000,1.000,57.5637,64.6012
ROI_035/patch_28,own,64–128,1,4287,0.000,1.000,59.1851,65.8458
ROI_035/patch_28,own,≥128,1,26587,0.000,1.000,61.2379,68.8958
ROI_035/patch_29,nearest,0–16,1,137,0.000,1.000,10.6153,15.4762
ROI_035/patch_29,nearest,16–32,1,363,0.000,1.000,12.2463,15.5395
ROI_035/patch_29,nearest,32–64,1,1169,0.000,1.000,28.2720,32.7096
ROI_035/patch_29,nearest,64–128,1,2168,0.000,1.000,58.3773,62.4739
ROI_035/patch_29,nearest,≥128,1,742,0.000,1.000,144.4962,150.4446
ROI_035/patch_29,own,0–16,1,137,0.000,1.000,10.4900,15.3919
ROI_035/patch_29,own,16–32,1,363,0.000,1.000,10.3767,13.8167
ROI_035/patch_29,own,32–64,1,1244,0.000,1.000,22.7474,26.9719
ROI_035/patch_29,own,64–128,1,4260,0.000,1.000,25.0325,29.6962
ROI_035/patch_29,own,≥128,1,30628,0.000,1.000,45.3870,49.3158
ROI_035/patch_30,nearest,0–16,1,145,0.000,1.000,25.9686,27.0217
ROI_035/patch_30,nearest,16–32,1,389,0.000,1.000,36.7149,37.7696
ROI_035/patch_30,nearest,32–64,1,1210,0.000,1.000,66.7163,75.3945
ROI_035/patch_30,nearest,64–128,1,1707,0.000,1.000,136.4409,142.8103
ROI_035/patch_30,nearest,≥128,1,659,0.000,1.000,183.4113,188.4842
ROI_035/patch_30,own,0–16,1,145,0.000,1.000,25.9420,26.9876
ROI_035/patch_30,own,16–32,1,389,0.000,1.000,31.4120,32.4662
ROI_035/patch_30,own,32–64,1,1248,0.000,1.000,62.2307,80.0384
ROI_035/patch_30,own,64–128,1,4216,0.000,1.000,95.5574,102.7062
ROI_035/patch_30,own,≥128,1,26882,0.000,1.000,137.4012,144.5992
ROI_035/patch_31,nearest,0–16,1,121,0.000,1.000,13.5001,16.3215
ROI_035/patch_31,nearest,16–32,1,357,0.000,1.000,100.4199,104.7064
ROI_035/patch_31,nearest,32–64,1,1131,0.000,1.000,199.0313,203.3327
ROI_035/patch_31,nearest,64–128,1,1889,0.000,1.000,338.2173,360.1701
ROI_035/patch_31,nearest,≥128,1,407,0.000,1.000,445.3599,455.8797
ROI_035/patch_31,own,0–16,1,121,0.000,1.000,16.9578,19.7957
ROI_035/patch_31,own,16–32,1,357,0.000,1.000,70.8642,77.1534
ROI_035/patch_31,own,32–64,1,1177,0.000,1.000,132.3225,136.9561
ROI_035/patch_31,own,64–128,1,3605,0.000,1.000,300.2378,316.8833
ROI_035/patch_31,own,≥128,1,25980,0.000,1.000,300.2499,306.5829
ROI_035/patch_32,nearest,0–16,1,121,0.000,1.000,61.3431,64.0459
ROI_035/patch_32,nearest,16–32,1,350,0.000,1.000,63.3714,65.3988
ROI_035/patch_32,nearest,32–64,1,1031,0.000,1.000,194.7439,202.4670
ROI_035/patch_32,nearest,64–128,1,1802,0.000,1.000,168.4762,175.8133
ROI_035/patch_32,nearest,≥128,1,468,0.000,1.000,510.3196,517.8350
ROI_035/patch_32,own,0–16,1,121,0.000,1.000,61.3866,64.1074
ROI_035/patch_32,own,16–32,1,350,0.000,1.000,63.9595,65.8415
ROI_035/patch_32,own,32–64,1,1050,0.000,1.000,164.8619,172.3567
ROI_035/patch_32,own,64–128,1,3726,0.000,1.000,144.3809,149.3307
ROI_035/patch_32,own,≥128,1,24929,0.000,1.000,132.1531,138.5756
ROI_035/patch_33,nearest,0–16,1,138,0.000,1.000,10.4106,13.5257
ROI_035/patch_33,nearest,16–32,1,366,0.000,1.000,10.4178,13.0923
ROI_035/patch_33,nearest,32–64,1,1220,0.000,1.000,28.3577,31.8233
ROI_035/patch_33,nearest,64–128,1,1960,0.000,1.000,107.1416,112.3163
ROI_035/patch_33,nearest,≥128,1,556,0.000,1.000,318.5081,326.3644
ROI_035/patch_33,own,0–16,1,138,0.000,1.000,10.3823,13.5359
ROI_035/patch_33,own,16–32,1,366,0.000,1.000,10.5930,13.3879
ROI_035/patch_33,own,32–64,1,1247,0.000,1.000,36.6256,40.1683
ROI_035/patch_33,own,64–128,1,4230,0.000,1.000,106.5381,115.7942
ROI_035/patch_33,own,≥128,1,27939,0.000,1.000,74.1309,78.5284
ROI_035/patch_34,nearest,0–16,1,134,0.000,1.000,5.1565,6.0875
ROI_035/patch_34,nearest,16–32,1,389,0.000,1.000,4.9371,5.5389
ROI_035/patch_34,nearest,32–64,1,1382,0.000,1.000,57.5313,58.1494
ROI_035/patch_34,nearest,64–128,1,2692,0.000,1.000,53.3002,54.3095
ROI_035/patch_34,nearest,≥128,1,225,0.000,1.000,48.5518,50.4772
ROI_035/patch_34,own,0–16,1,134,0.000,1.000,5.2249,6.2084
ROI_035/patch_34,own,16–32,1,389,0.000,1.000,5.0138,5.6781
ROI_035/patch_34,own,32–64,1,1382,0.000,1.000,61.2898,61.9476
ROI_035/patch_34,own,64–128,1,4363,0.000,1.000,100.5800,102.1713
ROI_035/patch_34,own,≥128,1,32308,0.000,1.000,93.2679,94.2403
ROI_035/patch_35,nearest,0–16,1,139,0.000,1.000,7.3412,8.9453
ROI_035/patch_35,nearest,16–32,1,392,0.000,1.000,5.3384,6.6478
ROI_035/patch_35,nearest,32–64,1,1370,0.000,1.000,18.4883,20.8267
ROI_035/patch_35,nearest,64–128,1,2085,0.000,1.000,9.4267,12.2196
ROI_035/patch_35,nearest,≥128,1,615,0.000,1.000,301.7677,304.9089
ROI_035/patch_35,own,0–16,1,139,0.000,1.000,6.7077,8.2901
ROI_035/patch_35,own,16–32,1,392,0.000,1.000,5.3266,6.5852
ROI_035/patch_35,own,32–64,1,1380,0.000,1.000,14.7461,16.5685
ROI_035/patch_35,own,64–128,1,4381,0.000,1.000,28.6192,31.1698
ROI_035/patch_35,own,≥128,1,30516,0.000,1.000,22.3776,24.2280
ROI_035/patch_36,nearest,0–16,1,131,0.000,1.000,3.4842,6.7312
ROI_035/patch_36,nearest,16–32,1,399,0.000,1.000,6.4819,8.0491
ROI_035/patch_36,nearest,32–64,1,1108,0.000,1.000,110.2316,131.5331
ROI_035/patch_36,nearest,64–128,1,2353,0.000,1.000,26.7044,31.0646
ROI_035/patch_36,nearest,≥128,1,399,0.000,1.000,56.5850,57.9165
ROI_035/patch_36,own,0–16,1,131,0.000,1.000,3.5278,6.8382
ROI_035/patch_36,own,16–32,1,399,0.000,1.000,13.0292,14.7022
ROI_035/patch_36,own,32–64,1,1169,0.000,1.000,58.6414,74.0129
ROI_035/patch_36,own,64–128,1,4139,0.000,1.000,44.1994,47.1171
ROI_035/patch_36,own,≥128,1,29282,0.000,1.000,33.7081,53.2657
ROI_035/patch_37,nearest,0–16,1,163,0.000,1.000,88.0066,90.9958
ROI_035/patch_37,nearest,16–32,1,433,0.000,1.000,92.7632,98.5864
ROI_035/patch_37,nearest,32–64,1,1271,0.000,1.000,100.9857,105.9647
ROI_035/patch_37,nearest,64–128,1,2340,0.050,1.000,155.3152,161.3437
ROI_035/patch_37,nearest,≥128,1,277,0.000,1.000,197.1912,201.1723
ROI_035/patch_37,own,0–16,1,163,0.000,1.000,86.4912,89.4859
ROI_035/patch_37,own,16–32,1,433,0.000,1.000,87.7144,92.5320
ROI_035/patch_37,own,32–64,1,1392,0.000,1.000,122.6053,126.5849
ROI_035/patch_37,own,64–128,1,5286,0.000,1.000,181.2039,185.7385
ROI_035/patch_37,own,≥128,1,33082,0.050,1.000,155.4651,161.9923
ROI_035/patch_38,nearest,0–16,1,119,0.000,1.000,4.6978,6.4230
ROI_035/patch_38,nearest,16–32,1,374,0.000,1.000,5.3189,6.7381
ROI_035/patch_38,nearest,32–64,1,1263,0.000,1.000,14.9224,16.4047
ROI_035/patch_38,nearest,64–128,1,2732,0.000,1.000,10.8358,12.4180
ROI_035/patch_38,nearest,≥128,1,597,0.000,1.000,12.4572,14.0933
ROI_035/patch_38,own,0–16,1,119,0.000,1.000,4.6538,6.4210
ROI_035/patch_38,own,16–32,1,374,0.000,1.000,5.3164,6.7832
ROI_035/patch_38,own,32–64,1,1272,0.000,1.000,10.9245,12.3705
ROI_035/patch_38,own,64–128,1,4812,0.000,1.000,10.1211,11.6927
ROI_035/patch_38,own,≥128,1,34103,0.000,1.000,10.8731,12.5387
ROI_035/patch_39,nearest,0–16,1,155,0.000,1.000,12.3561,13.8333
ROI_035/patch_39,nearest,16–32,1,434,0.000,1.000,13.4229,14.7475
ROI_035/patch_39,nearest,32–64,1,1435,0.000,1.000,20.0331,21.1891
ROI_035/patch_39,nearest,64–128,1,2502,0.000,1.000,72.1069,75.3670
ROI_035/patch_39,nearest,≥128,1,202,1.000,1.000,,
ROI_035/patch_39,own,0–16,1,155,0.000,1.000,12.5089,14.1026
ROI_035/patch_39,own,16–32,1,434,0.000,1.000,14.3471,15.6915
ROI_035/patch_39,own,32–64,1,1465,0.000,1.000,17.2223,18.4558
ROI_035/patch_39,own,64–128,1,4841,0.000,1.000,90.6563,94.4003
ROI_035/patch_39,own,≥128,1,30929,0.000,1.000,42.3293,45.1128
ROI_035/patch_40,nearest,0–16,1,136,0.000,1.000,84.6238,86.3410
ROI_035/patch_40,nearest,16–32,1,379,0.000,1.000,102.9629,105.1311
ROI_035/patch_40,nearest,32–64,1,841,0.000,1.000,135.6961,148.1041
ROI_035/patch_40,nearest,64–128,1,1760,0.000,1.000,176.0785,185.3012
ROI_035/patch_40,nearest,≥128,1,551,0.150,1.000,530.0229,544.0572
ROI_035/patch_40,own,0–16,1,136,0.000,1.000,85.0578,86.7626
ROI_035/patch_40,own,16–32,1,379,0.000,1.000,88.3111,90.2139
ROI_035/patch_40,own,32–64,1,918,0.000,1.000,118.8085,122.7335
ROI_035/patch_40,own,64–128,1,3501,0.000,1.000,271.0839,281.3788
ROI_035/patch_40,own,≥128,1,28069,0.000,1.000,191.6881,213.9181
ROI_035/patch_41,nearest,0–16,1,154,0.000,1.000,6.2139,6.9518
ROI_035/patch_41,nearest,16–32,1,425,0.000,1.000,7.7767,8.4656
ROI_035/patch_41,nearest,32–64,1,1311,0.000,1.000,16.2961,17.8253
ROI_035/patch_41,nearest,64–128,1,2480,0.000,1.000,32.5394,34.1190
ROI_035/patch_41,nearest,≥128,1,441,0.000,1.000,96.6323,98.4200
ROI_035/patch_41,own,0–16,1,154,0.000,1.000,6.2054,6.9235
ROI_035/patch_41,own,16–32,1,425,0.000,1.000,7.9379,8.6211
ROI_035/patch_41,own,32–64,1,1334,0.000,1.000,10.9298,12.6931
ROI_035/patch_41,own,64–128,1,4181,0.000,1.000,12.9894,14.0602
ROI_035/patch_41,own,≥128,1,32394,0.000,1.000,15.7043,16.8814
ROI_035/patch_42,nearest,0–16,1,154,0.000,1.000,5.6539,8.5808
ROI_035/patch_42,nearest,16–32,1,431,0.000,1.000,7.2092,10.2820
ROI_035/patch_42,nearest,32–64,1,1372,0.000,1.000,15.6723,19.4892
ROI_035/patch_42,nearest,64–128,1,2673,0.000,1.000,19.6775,24.4081
ROI_035/patch_42,nearest,≥128,1,443,0.000,1.000,36.5002,42.2964
ROI_035/patch_42,own,0–16,1,154,0.000,1.000,5.6099,8.5154
ROI_035/patch_42,own,16–32,1,431,0.000,1.000,7.1995,10.3439
ROI_035/patch_42,own,32–64,1,1402,0.000,1.000,24.0034,27.2038
ROI_035/patch_42,own,64–128,1,4690,0.000,1.000,18.4736,22.9732
ROI_035/patch_42,own,≥128,1,33907,0.000,1.000,20.8297,24.2504
ROI_035/patch_43,nearest,0–16,1,151,0.000,1.000,15.5362,19.2141
ROI_035/patch_43,nearest,16–32,1,413,0.000,1.000,18.2411,22.7181
ROI_035/patch_43,nearest,32–64,1,1163,0.000,1.000,39.7474,45.5207
ROI_035/patch_43,nearest,64–128,1,2136,0.000,1.000,35.7213,40.3123
ROI_035/patch_43,nearest,≥128,1,696,0.000,1.000,79.2098,81.4147
ROI_035/patch_43,own,0–16,1,151,0.000,1.000,15.5729,19.1355
ROI_035/patch_43,own,16–32,1,413,0.000,1.000,17.2401,20.3567
ROI_035/patch_43,own,32–64,1,1268,0.000,1.000,42.3838,51.8016
ROI_035/patch_43,own,64–128,1,4051,0.000,1.000,40.8752,46.5213
ROI_035/patch_43,own,≥128,1,30589,0.000,1.000,44.5770,48.0370
ROI_035/patch_44,nearest,0–16,1,136,0.000,1.000,17.9130,18.8994
ROI_035/patch_44,nearest,16–32,1,407,0.000,1.000,22.9385,23.7202
ROI_035/patch_44,nearest,32–64,1,1301,0.000,1.000,35.8106,37.8239
ROI_035/patch_44,nearest,64–128,1,2365,0.000,1.000,24.0478,25.5488
ROI_035/patch_44,nearest,≥128,1,314,0.000,1.000,42.9700,62.8200
ROI_035/patch_44,own,0–16,1,136,0.000,1.000,17.8640,18.6796
ROI_035/patch_44,own,16–32,1,407,0.000,1.000,19.3583,20.0635
ROI_035/patch_44,own,32–64,1,1301,0.000,1.000,30.9497,33.6643
ROI_035/patch_44,own,64–128,1,4579,0.000,1.000,65.5002,66.6199
ROI_035/patch_44,own,≥128,1,29761,0.000,1.000,45.1148,47.4129
ROI_035/patch_45,nearest,0–16,1,137,0.000,1.000,25.8374,27.5823
ROI_035/patch_45,nearest,16–32,1,428,0.000,1.000,26.6530,28.3565
ROI_035/patch_45,nearest,32–64,1,1396,0.000,1.000,44.6916,46.5530
ROI_035/patch_45,nearest,64–128,1,2559,0.000,1.000,32.2919,34.5927
ROI_035/patch_45,nearest,≥128,1,329,0.000,1.000,27.8937,29.7526
ROI_035/patch_45,own,0–16,1,137,0.000,1.000,25.8196,27.5406
ROI_035/patch_45,own,16–32,1,428,0.000,1.000,26.5592,28.2717
ROI_035/patch_45,own,32–64,1,1396,0.000,1.000,37.4960,39.3311
ROI_035/patch_45,own,64–128,1,4738,0.000,1.000,37.3767,39.4602
ROI_035/patch_45,own,≥128,1,32093,0.000,1.000,33.0215,34.8907
ROI_035/patch_46,nearest,0–16,1,137,0.000,1.000,17.9275,20.5207
ROI_035/patch_46,nearest,16–32,1,395,0.000,1.000,18.8012,21.3339
ROI_035/patch_46,nearest,32–64,1,1273,0.000,1.000,28.7752,31.1765
ROI_035/patch_46,nearest,64–128,1,2547,0.000,1.000,23.5997,25.8329
ROI_035/patch_46,nearest,≥128,1,490,0.050,1.000,172.7910,174.3181
ROI_035/patch_46,own,0–16,1,137,0.000,1.000,17.9913,20.5718
ROI_035/patch_46,own,16–32,1,395,0.000,1.000,18.1700,20.7727
ROI_035/patch_46,own,32–64,1,1358,0.000,1.000,28.5491,31.0900
ROI_035/patch_46,own,64–128,1,4762,0.000,1.000,33.1755,35.2573
ROI_035/patch_46,own,≥128,1,32084,0.000,1.000,42.0675,44.3958
ROI_035/patch_47,nearest,0–16,1,144,0.000,1.000,32.6752,33.6870
ROI_035/patch_47,nearest,16–32,1,385,0.000,1.000,32.4498,33.9860
ROI_035/patch_47,nearest,32–64,1,1188,0.000,1.000,42.0366,43.6637
ROI_035/patch_47,nearest,64–128,1,1961,0.000,1.000,59.1036,64.6313
ROI_035/patch_47,nearest,≥128,1,711,0.900,1.000,1317.2170,1340.2847
ROI_035/patch_47,own,0–16,1,144,0.000,1.000,32.6387,33.6658
ROI_035/patch_47,own,16–32,1,385,0.000,1.000,32.8483,34.2411
ROI_035/patch_47,own,32–64,1,1266,0.000,1.000,37.2167,38.9041
ROI_035/patch_47,own,64–128,1,4041,0.000,1.000,79.0037,87.5149
ROI_035/patch_47,own,≥128,1,29276,0.000,1.000,66.9973,71.4487
ROI_035/patch_48,nearest,0–16,1,143,0.000,1.000,89.3658,94.4681
ROI_035/patch_48,nearest,16–32,1,402,0.000,1.000,106.7648,110.5737
ROI_035/patch_48,nearest,32–64,1,1217,0.000,1.000,55.9464,62.1821
ROI_035/patch_48,nearest,64–128,1,1293,0.000,1.000,120.3057,127.7124
ROI_035/patch_48,nearest,≥128,1,762,0.100,1.000,595.2910,635.5579
ROI_035/patch_48,own,0–16,1,143,0.000,1.000,147.9013,153.6881
ROI_035/patch_48,own,16–32,1,402,0.000,1.000,56.2813,60.0467
ROI_035/patch_48,own,32–64,1,1246,0.000,1.000,71.0186,75.2494
ROI_035/patch_48,own,64–128,1,3750,0.000,1.000,77.2430,90.8935
ROI_035/patch_48,own,≥128,1,24995,0.000,1.000,152.3575,158.4476
ROI_035/patch_49,nearest,0–16,1,140,0.000,1.000,1281.6468,1285.5176
ROI_035/patch_49,nearest,16–32,1,369,0.000,1.000,34.0910,37.2114
ROI_035/patch_49,nearest,32–64,1,1206,0.000,1.000,129.4218,133.6313
ROI_035/patch_49,nearest,64–128,1,2316,0.000,1.000,56.2518,65.3396
ROI_035/patch_49,nearest,≥128,1,401,0.500,1.000,1220.1844,1226.2235
ROI_035/patch_49,own,0–16,1,140,0.050,1.000,1101.7664,1105.5329
ROI_035/patch_49,own,16–32,1,369,0.000,1.000,42.8004,45.9352
ROI_035/patch_49,own,32–64,1,1206,0.000,1.000,90.4989,94.4966
ROI_035/patch_49,own,64–128,1,4451,0.000,1.000,45.0165,52.9779
ROI_035/patch_49,own,≥128,1,29290,0.000,1.000,221.7066,226.9511
ROI_035/patch_50,nearest,0–16,1,149,0.000,1.000,8.7515,12.0069
ROI_035/patch_50,nearest,16–32,1,351,0.000,1.000,8.5998,11.8182
ROI_035/patch_50,nearest,32–64,1,1057,0.000,1.000,9.1513,12.5743
ROI_035/patch_50,nearest,64–128,1,2306,0.000,1.000,12.8768,16.2255
ROI_035/patch_50,nearest,≥128,1,1049,0.000,1.000,42.5725,46.3908
ROI_035/patch_50,own,0–16,1,149,0.000,1.000,8.8182,12.0748
ROI_035/patch_50,own,16–32,1,351,0.000,1.000,8.6299,11.8940
ROI_035/patch_50,own,32–64,1,1203,0.000,1.000,8.6127,12.0542
ROI_035/patch_50,own,64–128,1,4298,0.000,1.000,11.0901,14.2762
ROI_035/patch_50,own,≥128,1,33295,0.000,1.000,14.8924,18.2404
ROI_035/patch_51,nearest,0–16,1,149,0.000,1.000,10.1964,11.6779
ROI_035/patch_51,nearest,16–32,1,428,0.000,1.000,10.0218,11.6941
ROI_035/patch_51,nearest,32–64,1,1482,0.000,1.000,14.9454,16.7695
ROI_035/patch_51,nearest,64–128,1,2392,0.000,1.000,15.2198,17.0204
ROI_035/patch_51,nearest,≥128,1,467,0.000,1.000,25.7581,58.9641
ROI_035/patch_51,own,0–16,1,149,0.000,1.000,10.1174,11.5606
ROI_035/patch_51,own,16–32,1,428,0.000,1.000,9.9870,11.4642
ROI_035/patch_51,own,32–64,1,1491,0.000,1.000,14.6349,15.8395
ROI_035/patch_51,own,64–128,1,4726,0.000,1.000,13.5959,15.3392
ROI_035/patch_51,own,≥128,1,32550,0.000,1.000,11.9319,13.0239
ROI_035/patch_52,nearest,0–16,1,128,0.000,1.000,10.9171,11.6731
ROI_035/patch_52,nearest,16–32,1,368,0.000,1.000,13.0418,13.8953
ROI_035/patch_52,nearest,32–64,1,1118,0.000,1.000,42.1013,45.9489
ROI_035/patch_52,nearest,64–128,1,2137,0.000,1.000,98.8605,103.7415
ROI_035/patch_52,nearest,≥128,1,442,0.200,1.000,562.5356,568.1000
ROI_035/patch_52,own,0–16,1,128,0.000,1.000,10.9902,11.7594
ROI_035/patch_52,own,16–32,1,368,0.000,1.000,11.7373,12.5085
ROI_035/patch_52,own,32–64,1,1126,0.000,1.000,41.2019,44.7376
ROI_035/patch_52,own,64–128,1,4014,0.000,1.000,35.0354,49.5298
ROI_035/patch_52,own,≥128,1,27908,0.000,1.000,95.1033,98.9428
ROI_035/patch_53,nearest,0–16,1,123,0.000,1.000,10.3256,13.7182
ROI_035/patch_53,nearest,16–32,1,367,0.000,1.000,10.6734,24.9947
ROI_035/patch_53,nearest,32–64,1,1090,0.000,1.000,225.4884,233.6286
ROI_035/patch_53,nearest,64–128,1,1749,0.000,1.000,288.1813,293.9551
ROI_035/patch_53,nearest,≥128,1,677,0.000,1.000,176.1453,184.8534
ROI_035/patch_53,own,0–16,1,123,0.000,1.000,10.3893,13.6654
ROI_035/patch_53,own,16–32,1,367,0.000,1.000,11.7787,29.6638
ROI_035/patch_53,own,32–64,1,1252,0.000,1.000,109.7033,118.8176
ROI_035/patch_53,own,64–128,1,4522,0.000,1.000,239.9195,248.5198
ROI_035/patch_53,own,≥128,1,25784,0.000,1.000,208.2800,213.0257
ROI_035/patch_54,nearest,0–16,1,135,0.000,1.000,10.1654,12.4398
ROI_035/patch_54,nearest,16–32,1,385,0.000,1.000,10.4190,13.0311
ROI_035/patch_54,nearest,32–64,1,1315,0.000,1.000,20.8925,23.0334
ROI_035/patch_54,nearest,64–128,1,2263,0.000,1.000,17.6093,23.1610
ROI_035/patch_54,nearest,≥128,1,658,0.000,1.000,52.7770,57.2998
ROI_035/patch_54,own,0–16,1,135,0.000,1.000,10.0672,12.3720
ROI_035/patch_54,own,16–32,1,385,0.000,1.000,10.7401,13.2665
ROI_035/patch_54,own,32–64,1,1362,0.000,1.000,27.1628,29.1812
ROI_035/patch_54,own,64–128,1,4647,0.000,1.000,13.5310,16.8258
ROI_035/patch_54,own,≥128,1,31519,0.000,1.000,31.1795,35.2813
ROI_035/patch_55,nearest,0–16,1,152,0.000,1.000,16.8281,17.8121
ROI_035/patch_55,nearest,16–32,1,393,0.000,1.000,81.1609,82.9678
ROI_035/patch_55,nearest,32–64,1,1094,0.000,1.000,49.7478,58.3955
ROI_035/patch_55,nearest,64–128,1,2031,0.000,1.000,124.2736,130.4052
ROI_035/patch_55,nearest,≥128,1,587,0.000,1.000,796.0062,803.7963
ROI_035/patch_55,own,0–16,1,152,0.000,1.000,14.0766,15.0009
ROI_035/patch_55,own,16–32,1,393,0.000,1.000,96.9302,98.4774
ROI_035/patch_55,own,32–64,1,1210,0.000,1.000,50.9259,59.2727
ROI_035/patch_55,own,64–128,1,4003,0.000,1.000,62.4628,78.5804
ROI_035/patch_55,own,≥128,1,28298,0.000,1.000,103.9371,116.8497
ROI_035/patch_56,nearest,0–16,1,141,0.000,1.000,87.3546,88.8891
ROI_035/patch_56,nearest,16–32,1,389,0.000,1.000,21.1283,22.4926
ROI_035/patch_56,nearest,32–64,1,1201,0.000,1.000,267.9243,278.9275
ROI_035/patch_56,nearest,64–128,1,2108,0.000,1.000,157.7869,163.0800
ROI_035/patch_56,nearest,≥128,1,216,0.850,1.000,333.8046,385.6138
ROI_035/patch_56,own,0–16,1,141,0.000,1.000,61.5028,63.0797
ROI_035/patch_56,own,16–32,1,389,0.000,1.000,23.0395,24.5922
ROI_035/patch_56,own,32–64,1,1201,0.050,1.000,180.3992,186.2305
ROI_035/patch_56,own,64–128,1,3997,0.000,1.000,103.1229,108.7069
ROI_035/patch_56,own,≥128,1,26712,0.000,1.000,47.6101,54.5064
ROI_035/patch_57,nearest,0–16,1,153,0.000,1.000,7.7446,8.5550
ROI_035/patch_57,nearest,16–32,1,433,0.000,1.000,21.3849,22.7915
ROI_035/patch_57,nearest,32–64,1,1298,0.000,1.000,31.0012,35.1835
ROI_035/patch_57,nearest,64–128,1,1999,0.000,1.000,96.8654,113.4058
ROI_035/patch_57,nearest,≥128,1,219,0.100,1.000,996.2751,1016.5557
ROI_035/patch_57,own,0–16,1,153,0.000,1.000,7.6772,8.5559
ROI_035/patch_57,own,16–32,1,433,0.000,1.000,31.4057,34.4862
ROI_035/patch_57,own,32–64,1,1391,0.000,1.000,33.0088,39.1492
ROI_035/patch_57,own,64–128,1,4481,0.000,1.000,91.3430,105.4828
ROI_035/patch_57,own,≥128,1,26358,0.000,1.000,124.7286,136.1909
ROI_035/patch_58,nearest,0–16,1,145,0.000,1.000,39.4569,41.8538
ROI_035/patch_58,nearest,16–32,1,424,0.000,1.000,19.8615,23.2062
ROI_035/patch_58,nearest,32–64,1,1272,0.000,1.000,33.8460,38.0189
ROI_035/patch_58,nearest,64–128,1,1884,0.000,1.000,39.0383,42.0934
ROI_035/patch_58,nearest,≥128,1,586,0.450,1.000,463.7991,516.1702
ROI_035/patch_58,own,0–16,1,145,0.000,1.000,37.4915,40.0058
ROI_035/patch_58,own,16–32,1,424,0.000,1.000,22.2689,25.5377
ROI_035/patch_58,own,32–64,1,1326,0.000,1.000,28.4035,31.0210
ROI_035/patch_58,own,64–128,1,4143,0.000,1.000,96.4088,108.5202
ROI_035/patch_58,own,≥128,1,28450,0.000,1.000,55.8818,61.3890
ROI_035/patch_59,nearest,0–16,1,137,0.000,1.000,238.3387,240.7742
ROI_035/patch_59,nearest,16–32,1,399,0.000,1.000,106.2592,109.9958
ROI_035/patch_59,nearest,32–64,1,1190,0.000,1.000,38.3709,42.9625
ROI_035/patch_59,nearest,64–128,1,1993,0.050,1.000,233.0804,235.3407
ROI_035/patch_59,nearest,≥128,1,371,0.250,1.000,373.5493,376.7524
ROI_035/patch_59,own,0–16,1,137,0.000,1.000,248.9200,251.3514
ROI_035/patch_59,own,16–32,1,399,0.000,1.000,114.0847,116.8010
ROI_035/patch_59,own,32–64,1,1317,0.000,1.000,37.8671,45.6504
ROI_035/patch_59,own,64–128,1,4433,0.100,1.000,149.7367,153.6882
ROI_035/patch_59,own,≥128,1,26434,0.150,1.000,114.6221,119.2933
ROI_035/patch_60,nearest,0–16,1,129,0.000,1.000,25.7856,27.2626
ROI_035/patch_60,nearest,16–32,1,357,0.000,1.000,65.1171,67.1981
ROI_035/patch_60,nearest,32–64,1,1102,0.000,1.000,107.6721,109.2696
ROI_035/patch_60,nearest,64–128,1,2250,0.000,1.000,141.3703,143.8153
ROI_035/patch_60,nearest,≥128,1,244,1.000,1.000,,
ROI_035/patch_60,own,0–16,1,129,0.000,1.000,25.5269,26.9807
ROI_035/patch_60,own,16–32,1,357,0.000,1.000,35.8340,38.1381
ROI_035/patch_60,own,32–64,1,1129,0.000,1.000,58.2896,60.8751
ROI_035/patch_60,own,64–128,1,4418,0.000,1.000,168.2062,176.3440
ROI_035/patch_60,own,≥128,1,26623,0.050,1.000,90.3250,92.5117
ROI_035/patch_62,nearest,0–16,1,128,0.000,1.000,96.3196,96.9042
ROI_035/patch_62,nearest,16–32,1,358,0.000,1.000,78.6884,79.5709
ROI_035/patch_62,nearest,32–64,1,1055,0.000,1.000,56.8467,64.1721
ROI_035/patch_62,nearest,64–128,1,1955,0.000,1.000,56.7186,68.1862
ROI_035/patch_62,nearest,≥128,1,709,0.150,1.000,636.8220,641.0330
ROI_035/patch_62,own,0–16,1,128,0.000,1.000,115.5937,116.2903
ROI_035/patch_62,own,16–32,1,358,0.000,1.000,68.9345,69.6866
ROI_035/patch_62,own,32–64,1,1117,0.000,1.000,38.6899,42.3378
ROI_035/patch_62,own,64–128,1,3449,0.000,1.000,56.3119,63.8835
ROI_035/patch_62,own,≥128,1,28588,0.000,1.000,140.7513,143.5628
ROI_035/patch_63,nearest,0–16,1,127,0.000,1.000,25.6595,28.6300
ROI_035/patch_63,nearest,16–32,1,326,0.000,1.000,72.8476,76.3627
ROI_035/patch_63,nearest,32–64,1,950,0.050,1.000,312.3333,330.6684
ROI_035/patch_63,nearest,64–128,1,2274,0.000,1.000,128.0892,157.3128
ROI_035/patch_63,nearest,≥128,1,356,0.000,1.000,237.1555,241.1960
ROI_035/patch_63,own,0–16,1,127,0.000,1.000,25.5505,28.1826
ROI_035/patch_63,own,16–32,1,326,0.000,1.000,89.3444,93.2776
ROI_035/patch_63,own,32–64,1,950,0.050,1.000,200.1578,207.8849
ROI_035/patch_63,own,64–128,1,3573,0.000,1.000,240.1153,275.9640
ROI_035/patch_63,own,≥128,1,27288,0.000,1.000,157.3524,166.9039
ROI_035/patch_64,nearest,0–16,1,147,0.000,1.000,13.9157,29.2653
ROI_035/patch_64,nearest,16–32,1,380,0.050,1.000,411.5869,423.6642
ROI_035/patch_64,nearest,32–64,1,829,0.050,1.000,523.5018,531.6803
ROI_035/patch_64,nearest,64–128,1,1632,0.150,1.000,403.6284,417.8035
ROI_035/patch_64,nearest,≥128,1,635,1.000,1.000,,
ROI_035/patch_64,own,0–16,1,147,0.000,1.000,12.2863,23.2567
ROI_035/patch_64,own,16–32,1,380,0.050,1.000,318.5205,337.4204
ROI_035/patch_64,own,32–64,1,974,0.250,1.000,449.5541,462.9206
ROI_035/patch_64,own,64–128,1,4057,0.100,1.000,609.4914,620.3634
ROI_035/patch_64,own,≥128,1,23426,0.050,1.000,271.2614,286.0654
ROI_035/patch_66,nearest,0–16,1,129,0.000,1.000,6.5186,8.7566
ROI_035/patch_66,nearest,16–32,1,382,0.000,1.000,23.1522,31.6314
ROI_035/patch_66,nearest,32–64,1,1194,0.000,1.000,233.1766,237.9166
ROI_035/patch_66,nearest,64–128,1,1989,0.000,1.000,205.4066,219.5401
ROI_035/patch_66,nearest,≥128,1,249,0.350,1.000,677.9112,704.0195
ROI_035/patch_66,own,0–16,1,129,0.000,1.000,6.4670,8.6933
ROI_035/patch_66,own,16–32,1,382,0.000,1.000,16.5302,24.6965
ROI_035/patch_66,own,32–64,1,1234,0.000,1.000,234.7614,239.7192
ROI_035/patch_66,own,64–128,1,4022,0.000,1.000,353.7192,361.0861
ROI_035/patch_66,own,≥128,1,25777,0.000,1.000,216.6808,227.9109
ROI_035/patch_67,nearest,0–16,1,141,0.000,1.000,23.3368,25.2780
ROI_035/patch_67,nearest,16–32,1,382,0.000,1.000,25.2775,26.4577
ROI_035/patch_67,nearest,32–64,1,927,0.000,1.000,63.0544,65.2301
ROI_035/patch_67,nearest,64–128,1,1941,0.000,1.000,213.2393,230.1080
ROI_035/patch_67,nearest,≥128,1,548,0.000,1.000,242.7338,245.1035
ROI_035/patch_67,own,0–16,1,141,0.000,1.000,23.3834,25.4087
ROI_035/patch_67,own,16–32,1,389,0.000,1.000,24.1331,25.3435
ROI_035/patch_67,own,32–64,1,1043,0.000,1.000,67.2990,70.6490
ROI_035/patch_67,own,64–128,1,3361,0.000,1.000,159.6540,163.2895
ROI_035/patch_67,own,≥128,1,26578,0.000,1.000,178.9081,180.8430
ROI_035/patch_68,nearest,0–16,1,144,0.000,1.000,30.6027,32.0768
ROI_035/patch_68,nearest,16–32,1,403,0.000,1.000,162.5165,164.8551
ROI_035/patch_68,nearest,32–64,1,1177,0.050,1.000,331.9616,347.8309
ROI_035/patch_68,nearest,64–128,1,1778,0.150,1.000,398.7853,414.3080
ROI_035/patch_68,nearest,≥128,1,201,0.500,1.000,663.2604,673.9294
ROI_035/patch_68,own,0–16,1,144,0.000,1.000,33.7843,35.2847
ROI_035/patch_68,own,16–32,1,403,0.000,1.000,102.6750,106.7857
ROI_035/patch_68,own,32–64,1,1265,0.250,1.000,504.2082,525.4375
ROI_035/patch_68,own,64–128,1,4035,0.150,1.000,305.4892,317.1771
ROI_035/patch_68,own,≥128,1,23777,0.250,1.000,324.6974,333.1932
ROI_035/patch_70,nearest,0–16,1,138,0.000,1.000,37.9631,45.9337
ROI_035/patch_70,nearest,16–32,1,362,0.000,1.000,49.6305,54.6097
ROI_035/patch_70,nearest,32–64,1,1107,0.150,1.000,356.4127,379.2601
ROI_035/patch_70,nearest,64–128,1,1618,0.100,1.000,269.9461,290.1640
ROI_035/patch_70,nearest,≥128,1,350,0.550,1.000,1267.7712,1303.5977
ROI_035/patch_70,own,0–16,1,138,0.000,1.000,47.9794,56.9845
ROI_035/patch_70,own,16–32,1,362,0.000,1.000,61.0591,67.2028
ROI_035/patch_70,own,32–64,1,1214,0.100,1.000,349.8031,358.3988
ROI_035/patch_70,own,64–128,1,4230,0.000,1.000,269.2146,290.0880
ROI_035/patch_70,own,≥128,1,22656,0.200,1.000,353.5020,378.1227
ROI_035/patch_71,nearest,0–16,1,137,0.000,1.000,13.8156,15.9575
ROI_035/patch_71,nearest,16–32,1,364,0.000,1.000,31.7109,35.1267
ROI_035/patch_71,nearest,32–64,1,970,0.000,1.000,175.7882,196.8769
ROI_035/patch_71,nearest,64–128,1,1411,0.050,1.000,264.9171,275.1794
ROI_035/patch_71,nearest,≥128,1,710,0.350,1.000,358.0270,422.0762
ROI_035/patch_71,own,0–16,1,137,0.000,1.000,15.2550,18.0160
ROI_035/patch_71,own,16–32,1,364,0.000,1.000,28.6287,30.8175
ROI_035/patch_71,own,32–64,1,1076,0.000,1.000,136.3107,145.1253
ROI_035/patch_71,own,64–128,1,3730,0.000,1.000,139.8931,158.3761
ROI_035/patch_71,own,≥128,1,23429,0.050,1.000,198.9265,213.3972
ROI_035/patch_72,nearest,0–16,1,128,0.000,1.000,91.2919,92.7466
ROI_035/patch_72,nearest,16–32,1,341,0.000,1.000,40.7262,43.3665
ROI_035/patch_72,nearest,32–64,1,952,0.300,1.000,540.5330,555.8208
ROI_035/patch_72,nearest,64–128,1,1200,0.300,1.000,360.4611,375.9426
ROI_035/patch_72,nearest,≥128,1,937,0.700,1.000,1437.8718,1476.8257
ROI_035/patch_72,own,0–16,1,128,0.000,1.000,71.3222,72.7338
ROI_035/patch_72,own,16–32,1,341,0.000,1.000,35.4229,37.5564
ROI_035/patch_72,own,32–64,1,1054,0.200,1.000,601.3187,616.7893
ROI_035/patch_72,own,64–128,1,3545,0.000,1.000,240.2312,261.5967
ROI_035/patch_72,own,≥128,1,23396,0.000,1.000,476.1241,488.7937
ROI_035/patch_73,nearest,0–16,1,144,0.000,1.000,8.2471,10.7889
ROI_035/patch_73,nearest,16–32,1,390,0.000,1.000,9.3645,11.6841
ROI_035/patch_73,nearest,32–64,1,1226,0.000,1.000,197.3283,201.5178
ROI_035/patch_73,nearest,64–128,1,1845,0.000,1.000,155.6862,170.3270
ROI_035/patch_73,nearest,≥128,1,471,0.000,1.000,203.1646,211.7008
ROI_035/patch_73,own,0–16,1,144,0.000,1.000,8.2738,10.8229
ROI_035/patch_73,own,16–32,1,390,0.000,1.000,9.3637,11.6890
ROI_035/patch_73,own,32–64,1,1254,0.000,1.000,138.2472,144.0979
ROI_035/patch_73,own,64–128,1,4205,0.000,1.000,55.9117,60.3917
ROI_035/patch_73,own,≥128,1,26615,0.000,1.000,30.9608,35.6837
ROI_035/patch_74,nearest,0–16,1,140,0.000,1.000,45.8579,48.3358
ROI_035/patch_74,nearest,16–32,1,408,0.000,1.000,13.3181,15.6460
ROI_035/patch_74,nearest,32–64,1,1279,0.000,1.000,18.6798,23.3697
ROI_035/patch_74,nearest,64–128,1,1667,0.000,1.000,87.8833,95.8294
ROI_035/patch_74,nearest,≥128,1,621,0.600,1.000,280.1279,363.1382
ROI_035/patch_74,own,0–16,1,140,0.000,1.000,169.9263,172.2732
ROI_035/patch_74,own,16–32,1,408,0.000,1.000,32.1463,34.0341
ROI_035/patch_74,own,32–64,1,1327,0.000,1.000,31.3487,34.2644
ROI_035/patch_74,own,64–128,1,4268,0.000,1.000,150.2505,154.4116
ROI_035/patch_74,own,≥128,1,26777,0.000,1.000,87.4619,103.6706
ROI_035/patch_76,nearest,0–16,1,155,0.000,1.000,4.8786,8.2444
ROI_035/patch_76,nearest,16–32,1,429,0.000,1.000,10.6009,19.1388
ROI_035/patch_76,nearest,32–64,1,1119,0.000,1.000,50.3337,53.6655
ROI_035/patch_76,nearest,64–128,1,1771,0.000,1.000,159.5314,173.1313
ROI_035/patch_76,nearest,≥128,1,505,0.050,1.000,149.9532,153.5579
ROI_035/patch_76,own,0–16,1,155,0.000,1.000,4.8936,8.2462
ROI_035/patch_76,own,16–32,1,429,0.000,1.000,7.0706,13.2224
ROI_035/patch_76,own,32–64,1,1317,0.000,1.000,69.5346,73.7808
ROI_035/patch_76,own,64–128,1,4368,0.000,1.000,150.5512,154.7839
ROI_035/patch_76,own,≥128,1,25563,0.000,1.000,80.6556,85.4969
ROI_035/patch_79,nearest,0–16,1,132,0.000,1.000,4.5158,7.9042
ROI_035/patch_79,nearest,16–32,1,355,0.000,1.000,4.7231,9.4950
ROI_035/patch_79,nearest,32–64,1,953,0.000,1.000,84.5226,90.4244
ROI_035/patch_79,nearest,64–128,1,1762,0.000,1.000,148.9833,160.3129
ROI_035/patch_79,nearest,≥128,1,917,1.000,1.000,,
ROI_035/patch_79,own,0–16,1,132,0.000,1.000,4.4407,7.8552
ROI_035/patch_79,own,16–32,1,355,0.000,1.000,4.9179,9.7475
ROI_035/patch_79,own,32–64,1,1066,0.000,1.000,49.0575,55.5855
ROI_035/patch_79,own,64–128,1,3790,0.050,1.000,175.9688,185.0432
ROI_035/patch_79,own,≥128,1,27609,0.050,1.000,41.9542,51.6570
ROI_035/patch_81,nearest,0–16,1,137,0.000,1.000,33.7760,36.3227
ROI_035/patch_81,nearest,16–32,1,418,0.000,1.000,58.7644,61.1497
ROI_035/patch_81,nearest,32–64,1,833,0.000,1.000,151.6853,158.7665
ROI_035/patch_81,nearest,64–128,1,1624,0.000,1.000,193.7461,200.5280
ROI_035/patch_81,nearest,≥128,1,850,0.250,1.000,414.5160,438.4474
ROI_035/patch_81,own,0–16,1,137,0.000,1.000,33.7815,36.4568
ROI_035/patch_81,own,16–32,1,418,0.000,1.000,50.7085,52.8499
ROI_035/patch_81,own,32–64,1,1163,0.000,1.000,209.4647,216.0682
ROI_035/patch_81,own,64–128,1,4245,0.000,1.000,187.1174,191.2283
ROI_035/patch_81,own,≥128,1,24933,0.100,1.000,322.6594,339.2332
ROI_035/patch_82,nearest,0–16,1,137,0.000,1.000,43.3056,129.9199
ROI_035/patch_82,nearest,16–32,1,364,0.000,1.000,66.1062,93.9282
ROI_035/patch_82,nearest,32–64,1,1111,0.000,1.000,128.9595,133.6726
ROI_035/patch_82,nearest,64–128,1,1298,0.300,1.000,272.9721,280.8402
ROI_035/patch_82,nearest,≥128,1,678,0.050,1.000,596.7881,605.0462
ROI_035/patch_82,own,0–16,1,137,0.000,1.000,38.9288,112.6233
ROI_035/patch_82,own,16–32,1,364,0.000,1.000,62.8983,88.9966
ROI_035/patch_82,own,32–64,1,1195,0.000,1.000,133.5780,140.3863
ROI_035/patch_82,own,64–128,1,3963,0.050,1.000,334.6459,345.2347
ROI_035/patch_82,own,≥128,1,23045,0.050,1.000,309.7756,318.8176
ROI_035/patch_85,nearest,0–16,1,134,0.000,1.000,5.0126,6.3997
ROI_035/patch_85,nearest,16–32,1,380,0.000,1.000,153.5044,155.1656
ROI_035/patch_85,nearest,32–64,1,1184,0.000,1.000,100.3130,102.6352
ROI_035/patch_85,nearest,64–128,1,2030,0.000,1.000,132.0166,134.2785
ROI_035/patch_85,nearest,≥128,1,349,0.900,1.000,220.5041,285.1439
ROI_035/patch_85,own,0–16,1,134,0.000,1.000,5.4164,6.7516
ROI_035/patch_85,own,16–32,1,380,0.050,1.000,80.3631,82.1102
ROI_035/patch_85,own,32–64,1,1269,0.000,1.000,103.2230,109.6077
ROI_035/patch_85,own,64–128,1,4567,0.000,1.000,243.6038,246.2590
ROI_035/patch_85,own,≥128,1,26266,0.050,1.000,83.5834,89.6260
ROI_035/patch_87,nearest,0–16,1,144,0.000,1.000,51.0841,51.9062
ROI_035/patch_87,nearest,16–32,1,383,0.000,1.000,69.2325,69.9270
ROI_035/patch_87,nearest,32–64,1,772,0.450,1.000,1079.6177,1094.5673
ROI_035/patch_87,nearest,64–128,1,1120,1.000,1.000,,
ROI_035/patch_87,nearest,≥128,1,461,1.000,1.000,,
ROI_035/patch_87,own,0–16,1,144,0.000,1.000,50.9143,51.6968
ROI_035/patch_87,own,16–32,1,386,0.000,1.000,73.9566,74.7017
ROI_035/patch_87,own,32–64,1,1059,0.350,1.000,697.6532,721.0888
ROI_035/patch_87,own,64–128,1,3736,0.700,1.000,607.1688,615.5424
ROI_035/patch_87,own,≥128,1,17715,0.900,1.000,1954.6297,1996.0642
ROI_035/patch_89,nearest,0–16,1,125,0.000,1.000,30.4459,31.8741
ROI_035/patch_89,nearest,16–32,1,367,0.000,1.000,38.4834,39.6877
ROI_035/patch_89,nearest,32–64,1,1136,0.050,1.000,130.5831,135.5761
ROI_035/patch_89,nearest,64–128,1,1756,0.200,1.000,309.2497,320.0908
ROI_035/patch_89,nearest,≥128,1,350,1.000,1.000,,
ROI_035/patch_89,own,0–16,1,125,0.000,1.000,30.6286,32.0830
ROI_035/patch_89,own,16–32,1,367,0.000,1.000,50.8877,52.4090
ROI_035/patch_89,own,32–64,1,1189,0.000,1.000,114.3059,118.3007
ROI_035/patch_89,own,64–128,1,3965,0.150,1.000,307.3681,312.1381
ROI_035/patch_89,own,≥128,1,24226,0.050,1.000,388.7942,396.1407
ROI_035/patch_90,nearest,0–16,1,143,1.000,1.000,,
ROI_035/patch_90,nearest,16–32,1,429,0.400,1.000,737.2482,738.3106
ROI_035/patch_90,nearest,32–64,1,1143,0.350,1.000,433.7168,440.1410
ROI_035/patch_90,nearest,64–128,1,1447,0.100,1.000,319.5265,325.7083
ROI_035/patch_90,nearest,≥128,1,447,1.000,1.000,,
ROI_035/patch_90,own,0–16,1,143,1.000,1.000,,
ROI_035/patch_90,own,16–32,1,429,0.350,1.000,559.0494,562.3068
ROI_035/patch_90,own,32–64,1,1231,0.400,1.000,471.1653,473.2386
ROI_035/patch_90,own,64–128,1,4432,0.000,1.000,237.1456,241.6346
ROI_035/patch_90,own,≥128,1,22637,0.350,1.000,396.2848,407.0309
ROI_035/patch_93,nearest,0–16,1,120,0.200,1.000,710.7447,725.4016
ROI_035/patch_93,nearest,16–32,1,365,0.000,1.000,207.3672,211.3344
ROI_035/patch_93,nearest,32–64,1,1006,0.350,1.000,295.5826,301.7202
ROI_035/patch_93,nearest,64–128,1,1677,0.500,1.000,395.8784,404.4673
ROI_035/patch_93,nearest,≥128,1,363,1.000,1.000,,
ROI_035/patch_93,own,0–16,1,120,0.250,1.000,698.2021,711.8829
ROI_035/patch_93,own,16–32,1,365,0.100,1.000,311.8519,316.9672
ROI_035/patch_93,own,32–64,1,1066,0.350,1.000,392.9836,413.7176
ROI_035/patch_93,own,64–128,1,3634,0.550,1.000,277.4312,354.6619
ROI_035/patch_93,own,≥128,1,23063,0.400,1.000,576.1651,581.7543
ROI_035/patch_94,nearest,0–16,1,125,0.000,1.000,115.1895,115.9023
ROI_035/patch_94,nearest,16–32,1,347,0.000,1.000,104.9064,105.5566
ROI_035/patch_94,nearest,32–64,1,1056,0.000,1.000,105.8947,113.9767
ROI_035/patch_94,nearest,64–128,1,1923,0.000,1.000,698.9198,703.3981
ROI_035/patch_94,nearest,≥128,1,423,0.000,1.000,5684.3687,5707.9517
ROI_035/patch_94,own,0–16,1,125,0.000,1.000,162.5667,163.3270
ROI_035/patch_94,own,16–32,1,347,0.000,1.000,152.3087,152.9094
ROI_035/patch_94,own,32–64,1,1152,0.050,1.000,208.0983,218.6483
ROI_035/patch_94,own,64–128,1,3916,0.000,1.000,455.1097,461.8210
ROI_035/patch_94,own,≥128,1,25452,0.000,1.000,385.2703,389.0593
ROI_035/patch_95,nearest,0–16,1,123,0.000,1.000,17.8909,19.5424
ROI_035/patch_95,nearest,16–32,1,388,0.000,1.000,475.7937,496.9372
ROI_035/patch_95,nearest,32–64,1,1215,0.050,1.000,121.6347,123.6304
ROI_035/patch_95,nearest,64–128,1,1851,0.600,1.000,571.1959,581.4989
ROI_035/patch_95,nearest,≥128,1,386,1.000,1.000,,
ROI_035/patch_95,own,0–16,1,123,0.000,1.000,22.4774,24.1751
ROI_035/patch_95,own,16–32,1,388,0.000,1.000,195.3643,208.1824
ROI_035/patch_95,own,32–64,1,1302,0.000,1.000,99.0913,101.3814
ROI_035/patch_95,own,64–128,1,4304,0.000,1.000,85.7276,91.0724
ROI_035/patch_95,own,≥128,1,25587,0.200,1.000,72.4835,74.8418
ROI_035/patch_96,nearest,0–16,1,122,0.000,1.000,179.4850,191.4167
ROI_035/patch_96,nearest,16–32,1,341,0.200,1.000,272.3623,287.4247
ROI_035/patch_96,nearest,32–64,1,955,0.750,1.000,589.6389,604.8630
ROI_035/patch_96,nearest,64–128,1,1501,0.950,1.000,436.3184,443.3046
ROI_035/patch_96,nearest,≥128,1,169,1.000,1.000,,
ROI_035/patch_96,own,0–16,1,122,0.050,1.000,186.0138,201.0456
ROI_035/patch_96,own,16–32,1,341,0.050,1.000,179.1636,198.0671
ROI_035/patch_96,own,32–64,1,1011,0.850,1.000,484.8624,508.7786
ROI_035/patch_96,own,64–128,1,3392,0.800,1.000,328.6151,346.7235
ROI_035/patch_96,own,≥128,1,19838,0.900,1.000,328.5594,408.2417
ROI_035/patch_97,nearest,0–16,1,114,0.000,1.000,172.7174,180.4742
ROI_035/patch_97,nearest,16–32,1,312,0.000,1.000,313.8776,322.7474
ROI_035/patch_97,nearest,32–64,1,1042,0.550,1.000,424.4350,445.4054
ROI_035/patch_97,nearest,64–128,1,1518,0.600,1.000,1201.5602,1224.3048
ROI_035/patch_97,nearest,≥128,1,455,0.600,1.000,4109.6560,4186.1940
ROI_035/patch_97,own,0–16,1,114,0.000,1.000,176.4615,184.7413
ROI_035/patch_97,own,16–32,1,312,0.000,1.000,202.5269,213.6845
ROI_035/patch_97,own,32–64,1,1052,0.600,1.000,414.3189,435.1607
ROI_035/patch_97,own,64–128,1,3357,0.350,1.000,495.4681,539.2901
ROI_035/patch_97,own,≥128,1,22693,0.450,1.000,761.1543,772.6352
ROI_035/patch_98,nearest,0–16,1,134,0.000,1.000,75.3962,76.7427
ROI_035/patch_98,nearest,16–32,1,378,0.000,1.000,23.8776,28.4164
ROI_035/patch_98,nearest,32–64,1,1145,0.050,1.000,132.1020,135.9342
ROI_035/patch_98,nearest,64–128,1,1569,0.450,1.000,317.9879,325.2534
ROI_035/patch_98,nearest,≥128,1,458,1.000,1.000,,
ROI_035/patch_98,own,0–16,1,134,0.000,1.000,61.1465,62.4895
ROI_035/patch_98,own,16–32,1,378,0.000,1.000,25.3465,27.9776
ROI_035/patch_98,own,32–64,1,1226,0.050,1.000,179.9246,183.7756
ROI_035/patch_98,own,64–128,1,3664,0.250,1.000,379.9713,388.4131
ROI_035/patch_98,own,≥128,1,24070,0.100,1.000,307.1079,313.3983
ROI_035/patch_99,nearest,0–16,1,131,0.400,1.000,392.1594,400.1715
ROI_035/patch_99,nearest,16–32,1,342,0.050,1.000,174.3301,201.4884
ROI_035/patch_99,nearest,32–64,1,1058,0.200,1.000,293.9114,302.4552
ROI_035/patch_99,nearest,64–128,1,1755,0.150,1.000,289.1995,301.4670
ROI_035/patch_99,nearest,≥128,1,426,0.000,1.000,2318.4842,2462.0199
ROI_035/patch_99,own,0–16,1,131,0.400,1.000,372.5200,375.8105
ROI_035/patch_99,own,16–32,1,342,0.050,1.000,136.6246,153.5920
ROI_035/patch_99,own,32–64,1,1090,0.200,1.000,180.5184,183.7498
ROI_035/patch_99,own,64–128,1,3796,0.100,1.000,357.8298,373.3694
ROI_035/patch_99,own,≥128,1,24337,0.150,1.000,353.4304,374.8182
ROI_035/patch_100,nearest,0–16,1,120,0.000,1.000,69.3227,71.0268
ROI_035/patch_100,nearest,16–32,1,364,0.000,1.000,59.7874,62.0345
ROI_035/patch_100,nearest,32–64,1,1091,0.150,1.000,221.6555,232.2491
ROI_035/patch_100,nearest,64–128,1,1537,0.200,1.000,401.1618,415.9147
ROI_035/patch_100,nearest,≥128,1,175,0.400,1.000,3753.0294,3757.3670
ROI_035/patch_100,own,0–16,1,120,0.000,1.000,96.6006,98.3049
ROI_035/patch_100,own,16–32,1,364,0.000,1.000,72.5271,74.4375
ROI_035/patch_100,own,32–64,1,1161,0.150,1.000,276.3605,285.4125
ROI_035/patch_100,own,64–128,1,3921,0.150,1.000,264.3209,271.4321
ROI_035/patch_100,own,≥128,1,20730,0.300,1.000,598.2983,611.4884
ROI_035/patch_101,nearest,0–16,1,120,0.000,1.000,55.9028,57.8259
ROI_035/patch_101,nearest,16–32,1,346,0.000,1.000,135.8219,190.6802
ROI_035/patch_101,nearest,32–64,1,1153,0.450,1.000,376.8140,387.5904
ROI_035/patch_101,nearest,64–128,1,1580,0.650,1.000,478.0363,483.2916
ROI_035/patch_101,nearest,≥128,1,354,0.600,1.000,666.6538,709.1189
ROI_035/patch_101,own,0–16,1,120,0.000,1.000,58.1607,60.3315
ROI_035/patch_101,own,16–32,1,346,0.000,1.000,145.1051,151.7918
ROI_035/patch_101,own,32–64,1,1213,0.350,1.000,282.6220,294.5411
ROI_035/patch_101,own,64–128,1,3865,0.250,1.000,466.3988,478.4008
ROI_035/patch_101,own,≥128,1,22880,0.300,1.000,553.0391,559.0010
ROI_035/patch_102,nearest,0–16,1,137,0.000,1.000,12.8840,15.2147
ROI_035/patch_102,nearest,16–32,1,379,0.000,1.000,190.4977,195.8896
ROI_035/patch_102,nearest,32–64,1,1270,0.000,1.000,133.9876,140.3856
ROI_035/patch_102,nearest,64–128,1,1788,0.000,1.000,255.7648,261.6247
ROI_035/patch_102,nearest,≥128,1,388,1.000,1.000,,
ROI_035/patch_102,own,0–16,1,137,0.000,1.000,12.9080,15.2577
ROI_035/patch_102,own,16–32,1,379,0.000,1.000,272.1798,277.3305
ROI_035/patch_102,own,32–64,1,1292,0.100,1.000,131.9990,137.1922
ROI_035/patch_102,own,64–128,1,4714,0.000,1.000,160.7862,165.3176
ROI_035/patch_102,own,≥128,1,25174,0.050,1.000,453.8795,459.2352
ROI_035/patch_103,nearest,0–16,1,130,0.150,1.000,261.7273,264.6876
ROI_035/patch_103,nearest,16–32,1,355,0.200,1.000,274.4537,277.1818
ROI_035/patch_103,nearest,32–64,1,1201,0.050,1.000,239.9223,245.3199
ROI_035/patch_103,nearest,64–128,1,1859,0.350,1.000,361.6507,374.1694
ROI_035/patch_103,nearest,≥128,1,86,0.100,1.000,9339.0754,9377.4548
ROI_035/patch_103,own,0–16,1,130,0.050,1.000,394.6814,396.9446
ROI_035/patch_103,own,16–32,1,355,0.100,1.000,293.8704,295.5981
ROI_035/patch_103,own,32–64,1,1215,0.100,1.000,280.0748,282.7877
ROI_035/patch_103,own,64–128,1,4070,0.200,1.000,492.5287,500.8146
ROI_035/patch_103,own,≥128,1,23278,0.350,1.000,300.9221,314.1453
ROI_035/patch_104,nearest,0–16,1,115,0.000,1.000,8.4047,10.9893
ROI_035/patch_104,nearest,16–32,1,359,0.000,1.000,46.2157,49.4029
ROI_035/patch_104,nearest,32–64,1,1021,0.000,1.000,158.5921,173.9698
ROI_035/patch_104,nearest,64–128,1,1686,0.400,1.000,324.3888,335.0218
ROI_035/patch_104,nearest,≥128,1,282,1.000,1.000,,
ROI_035/patch_104,own,0–16,1,115,0.000,1.000,8.5117,11.1174
ROI_035/patch_104,own,16–32,1,359,0.000,1.000,75.6284,78.6458
ROI_035/patch_104,own,32–64,1,1205,0.050,1.000,107.9533,119.0598
ROI_035/patch_104,own,64–128,1,3997,0.250,1.000,407.8740,416.1380
ROI_035/patch_104,own,≥128,1,22028,0.100,1.000,374.5246,381.6491
ROI_035/patch_105,nearest,0–16,1,123,0.150,1.000,1027.4951,1034.5057
ROI_035/patch_105,nearest,16–32,1,343,0.100,1.000,289.8470,352.6940
ROI_035/patch_105,nearest,32–64,1,908,0.950,1.000,212.3477,213.4563
ROI_035/patch_105,nearest,64–128,1,1559,0.950,1.000,342.6666,343.4834
ROI_035/patch_105,nearest,≥128,1,479,1.000,1.000,,
ROI_035/patch_105,own,0–16,1,123,0.250,1.000,1026.1590,1034.1794
ROI_035/patch_105,own,16–32,1,343,0.100,1.000,261.6280,266.9616
ROI_035/patch_105,own,32–64,1,1001,0.950,1.000,164.4512,165.0960
ROI_035/patch_105,own,64–128,1,3406,0.800,1.000,339.4335,358.6966
ROI_035/patch_105,own,≥128,1,22423,0.800,1.000,350.9098,368.3122
ROI_035/patch_106,nearest,0–16,1,141,0.000,1.000,10.7449,12.8481
ROI_035/patch_106,nearest,16–32,1,378,0.000,1.000,38.6757,40.6002
ROI_035/patch_106,nearest,32–64,1,1201,0.000,1.000,36.9254,40.8659
ROI_035/patch_106,nearest,64–128,1,2029,0.000,1.000,105.6704,110.1995
ROI_035/patch_106,nearest,≥128,1,343,0.000,1.000,211.4281,218.6805
ROI_035/patch_106,own,0–16,1,141,0.000,1.000,10.7737,12.8620
ROI_035/patch_106,own,16–32,1,378,0.000,1.000,54.2397,56.2605
ROI_035/patch_106,own,32–64,1,1242,0.000,1.000,76.1331,81.4481
ROI_035/patch_106,own,64–128,1,4092,0.000,1.000,56.1113,59.9023
ROI_035/patch_106,own,≥128,1,26883,0.050,1.000,134.0631,138.7231
ROI_035/patch_107,nearest,0–16,1,136,0.000,1.000,471.2914,473.0703
ROI_035/patch_107,nearest,16–32,1,359,0.100,1.000,208.7434,214.7368
ROI_035/patch_107,nearest,32–64,1,1217,0.100,1.000,160.8420,172.8367
ROI_035/patch_107,nearest,64–128,1,1802,0.100,1.000,301.2419,318.2233
ROI_035/patch_107,nearest,≥128,1,573,1.000,1.000,,
ROI_035/patch_107,own,0–16,1,136,0.000,1.000,602.3368,604.7989
ROI_035/patch_107,own,16–32,1,359,0.000,1.000,145.1421,153.7347
ROI_035/patch_107,own,32–64,1,1281,0.100,1.000,291.6069,309.7103
ROI_035/patch_107,own,64–128,1,4238,0.000,1.000,130.6472,139.8027
ROI_035/patch_107,own,≥128,1,26682,0.050,1.000,319.1180,344.4700
ROI_035/patch_109,nearest,0–16,1,123,0.000,1.000,3.3357,3.7343
ROI_035/patch_109,nearest,16–32,1,333,0.000,1.000,25.4475,27.0674
ROI_035/patch_109,nearest,32–64,1,972,0.000,1.000,190.9656,202.5237
ROI_035/patch_109,nearest,64–128,1,1928,0.400,1.000,633.6942,636.5972
ROI_035/patch_109,nearest,≥128,1,116,1.000,1.000,,
ROI_035/patch_109,own,0–16,1,123,0.000,1.000,3.3314,3.7590
ROI_035/patch_109,own,16–32,1,333,0.000,1.000,24.8881,26.3268
ROI_035/patch_109,own,32–64,1,972,0.000,1.000,146.8315,155.0461
ROI_035/patch_109,own,64–128,1,3219,0.050,1.000,355.5430,368.2021
ROI_035/patch_109,own,≥128,1,23129,0.350,1.000,464.5941,477.7419
ROI_035/patch_110,nearest,0–16,1,129,0.000,1.000,13.7954,15.4993
ROI_035/patch_110,nearest,16–32,1,349,0.000,1.000,15.3367,17.1094
ROI_035/patch_110,nearest,32–64,1,1172,0.000,1.000,48.7252,51.2295
ROI_035/patch_110,nearest,64–128,1,2156,0.050,1.000,113.5787,116.7296
ROI_035/patch_110,nearest,≥128,1,394,0.000,1.000,109.6785,111.9442
ROI_035/patch_110,own,0–16,1,129,0.000,1.000,13.8301,15.5595
ROI_035/patch_110,own,16–32,1,349,0.000,1.000,15.8397,17.9893
ROI_035/patch_110,own,32–64,1,1213,0.000,1.000,64.7759,66.3996
ROI_035/patch_110,own,64–128,1,4479,0.000,1.000,46.7368,48.2413
ROI_035/patch_110,own,≥128,1,27430,0.000,1.000,122.1507,125.4689
ROI_035/patch_111,nearest,0–16,1,140,0.000,1.000,8.5689,10.4423
ROI_035/patch_111,nearest,16–32,1,373,0.000,1.000,8.8710,10.7540
ROI_035/patch_111,nearest,32–64,1,1279,0.000,1.000,31.5103,36.3387
ROI_035/patch_111,nearest,64–128,1,1787,0.000,1.000,65.5081,66.9982
ROI_035/patch_111,nearest,≥128,1,791,0.000,1.000,44.8258,45.6917
ROI_035/patch_111,own,0–16,1,140,0.000,1.000,8.5253,10.3872
ROI_035/patch_111,own,16–32,1,373,0.000,1.000,9.0032,10.8102
ROI_035/patch_111,own,32–64,1,1306,0.000,1.000,30.1456,34.6117
ROI_035/patch_111,own,64–128,1,4513,0.000,1.000,58.6160,60.1583
ROI_035/patch_111,own,≥128,1,28628,0.000,1.000,38.2446,40.4772
ROI_035/patch_112,nearest,0–16,1,136,0.000,1.000,57.8176,62.0886
ROI_035/patch_112,nearest,16–32,1,382,0.000,1.000,45.2366,48.2949
ROI_035/patch_112,nearest,32–64,1,1146,0.000,1.000,113.5564,117.0202
ROI_035/patch_112,nearest,64–128,1,1596,0.000,1.000,66.6133,69.6116
ROI_035/patch_112,nearest,≥128,1,664,0.250,1.000,226.1321,243.2864
ROI_035/patch_112,own,0–16,1,136,0.000,1.000,57.8366,63.3302
ROI_035/patch_112,own,16–32,1,382,0.000,1.000,51.0071,53.9200
ROI_035/patch_112,own,32–64,1,1236,0.000,1.000,130.2189,135.6265
ROI_035/patch_112,own,64–128,1,4186,0.000,1.000,116.8062,124.5748
ROI_035/patch_112,own,≥128,1,25452,0.000,1.000,186.3952,192.5390
ROI_035/patch_113,nearest,0–16,1,120,0.000,1.000,51.9969,53.4086
ROI_035/patch_113,nearest,16–32,1,361,0.000,1.000,12.6416,13.8653
ROI_035/patch_113,nearest,32–64,1,1254,0.000,1.000,22.7402,23.8612
ROI_035/patch_113,nearest,64–128,1,2398,0.100,1.000,188.5720,194.7147
ROI_035/patch_113,nearest,≥128,1,258,0.000,1.000,27.9786,29.4389
ROI_035/patch_113,own,0–16,1,120,0.000,1.000,51.9180,53.3878
ROI_035/patch_113,own,16–32,1,361,0.000,1.000,12.4713,13.6528
ROI_035/patch_113,own,32–64,1,1271,0.000,1.000,108.1185,109.3321
ROI_035/patch_113,own,64–128,1,4404,0.100,1.000,108.0889,114.3985
ROI_035/patch_113,own,≥128,1,28972,0.000,1.000,62.5534,64.8730
ROI_035/patch_114,nearest,0–16,1,152,0.000,1.000,12.2851,16.7371
ROI_035/patch_114,nearest,16–32,1,400,0.000,1.000,10.6139,14.1413
ROI_035/patch_114,nearest,32–64,1,1128,0.000,1.000,169.3154,173.8036
ROI_035/patch_114,nearest,64–128,1,1715,0.000,1.000,20.7612,25.8843
ROI_035/patch_114,nearest,≥128,1,876,0.000,1.000,53.1534,57.5750
ROI_035/patch_114,own,0–16,1,152,0.000,1.000,21.0914,25.7006
ROI_035/patch_114,own,16–32,1,400,0.000,1.000,15.7465,19.0489
ROI_035/patch_114,own,32–64,1,1330,0.000,1.000,112.3320,116.8045
ROI_035/patch_114,own,64–128,1,4298,0.000,1.000,19.5852,26.3229
ROI_035/patch_114,own,≥128,1,27988,0.000,1.000,57.3169,63.1010
ROI_035/patch_115,nearest,0–16,1,150,0.000,1.000,15.5498,16.2283
ROI_035/patch_115,nearest,16–32,1,402,0.000,1.000,34.8868,35.4707
ROI_035/patch_115,nearest,32–64,1,1258,0.000,1.000,30.0986,31.5370
ROI_035/patch_115,nearest,64–128,1,2598,0.000,1.000,72.7887,74.5843
ROI_035/patch_115,nearest,≥128,1,296,0.000,1.000,75.1330,76.7692
ROI_035/patch_115,own,0–16,1,150,0.000,1.000,15.4682,16.0807
ROI_035/patch_115,own,16–32,1,402,0.000,1.000,39.5737,40.1168
ROI_035/patch_115,own,32–64,1,1328,0.000,1.000,41.0420,41.8194
ROI_035/patch_115,own,64–128,1,4650,0.000,1.000,28.3542,29.8898
ROI_035/patch_115,own,≥128,1,31102,0.000,1.000,25.4456,26.7942
ROI_035/patch_116,nearest,0–16,1,148,0.000,1.000,125.4973,127.3988
ROI_035/patch_116,nearest,16–32,1,380,0.000,1.000,25.0592,27.2675
ROI_035/patch_116,nearest,32–64,1,1227,0.000,1.000,40.1864,49.2525
ROI_035/patch_116,nearest,64–128,1,2221,0.000,1.000,154.8936,175.3361
ROI_035/patch_116,nearest,≥128,1,300,0.500,1.000,354.0538,360.1906
ROI_035/patch_116,own,0–16,1,148,0.000,1.000,141.7525,143.6822
ROI_035/patch_116,own,16–32,1,380,0.000,1.000,21.6055,23.4865
ROI_035/patch_116,own,32–64,1,1267,0.000,1.000,37.7203,41.2614
ROI_035/patch_116,own,64–128,1,4397,0.000,1.000,56.7717,66.8358
ROI_035/patch_116,own,≥128,1,28016,0.050,1.000,97.6913,103.7234
ROI_035/patch_117,nearest,0–16,1,118,0.000,1.000,16.5573,18.6119
ROI_035/patch_117,nearest,16–32,1,340,0.000,1.000,29.8874,32.2583
ROI_035/patch_117,nearest,32–64,1,1036,0.000,1.000,64.6400,66.3205
ROI_035/patch_117,nearest,64–128,1,2236,0.000,1.000,161.4448,164.2905
ROI_035/patch_117,nearest,≥128,1,641,0.050,1.000,122.8497,127.6383
ROI_035/patch_117,own,0–16,1,118,0.000,1.000,17.4670,19.5606
ROI_035/patch_117,own,16–32,1,340,0.000,1.000,28.3413,30.1302
ROI_035/patch_117,own,32–64,1,1189,0.000,1.000,204.3971,205.8197
ROI_035/patch_117,own,64–128,1,4431,0.000,1.000,122.9108,126.7777
ROI_035/patch_117,own,≥128,1,28890,0.000,1.000,144.2342,150.1264
ROI_035/patch_118,nearest,0–16,1,119,0.000,1.000,13.2970,17.9335
ROI_035/patch_118,nearest,16–32,1,345,0.000,1.000,35.0380,38.2960
ROI_035/patch_118,nearest,32–64,1,1157,0.000,1.000,145.1959,150.1025
ROI_035/patch_118,nearest,64–128,1,2116,0.000,1.000,178.3796,191.5915
ROI_035/patch_118,nearest,≥128,1,538,0.000,1.000,427.0032,434.0308
ROI_035/patch_118,own,0–16,1,119,0.000,1.000,13.5105,18.2119
ROI_035/patch_118,own,16–32,1,345,0.000,1.000,33.5735,36.8678
ROI_035/patch_118,own,32–64,1,1185,0.050,1.000,126.0214,130.4912
ROI_035/patch_118,own,64–128,1,3979,0.000,1.000,89.9877,98.2462
ROI_035/patch_118,own,≥128,1,28572,0.000,1.000,137.1054,143.4547
ROI_035/patch_120,nearest,0–16,1,128,0.000,1.000,6.1668,9.1612
ROI_035/patch_120,nearest,16–32,1,380,0.000,1.000,9.1709,12.9152
ROI_035/patch_120,nearest,32–64,1,1139,0.000,1.000,77.0196,105.2533
ROI_035/patch_120,nearest,64–128,1,2261,0.000,1.000,34.1454,38.6744
ROI_035/patch_120,nearest,≥128,1,370,1.000,1.000,,
ROI_035/patch_120,own,0–16,1,128,0.000,1.000,6.1210,9.1454
ROI_035/patch_120,own,16–32,1,380,0.000,1.000,7.7767,11.2848
ROI_035/patch_120,own,32–64,1,1176,0.000,1.000,63.3869,74.3797
ROI_035/patch_120,own,64–128,1,4323,0.000,1.000,47.8655,55.1095
ROI_035/patch_120,own,≥128,1,28217,0.000,1.000,85.5402,92.0967
ROI_035/patch_121,nearest,0–16,1,145,0.000,1.000,51.2397,78.7714
ROI_035/patch_121,nearest,16–32,1,374,0.000,1.000,49.2429,88.5276
ROI_035/patch_121,nearest,32–64,1,1029,0.000,1.000,53.6676,95.0744
ROI_035/patch_121,nearest,64–128,1,2131,0.000,1.000,143.6063,171.6649
ROI_035/patch_121,nearest,≥128,1,740,0.000,1.000,92.0934,122.3098
ROI_035/patch_121,own,0–16,1,145,0.000,1.000,50.9108,78.5234
ROI_035/patch_121,own,16–32,1,390,0.000,1.000,50.4209,82.7739
ROI_035/patch_121,own,32–64,1,1257,0.000,1.000,65.1412,99.7067
ROI_035/patch_121,own,64–128,1,4094,0.000,1.000,96.0241,124.5687
ROI_035/patch_121,own,≥128,1,29466,0.050,1.000,94.7661,130.0267
ROI_035/patch_122,nearest,0–16,1,142,0.000,1.000,24.2117,29.1670
ROI_035/patch_122,nearest,16–32,1,378,0.000,1.000,26.0903,30.8324
ROI_035/patch_122,nearest,32–64,1,1237,0.000,1.000,79.9306,87.0915
ROI_035/patch_122,nearest,64–128,1,1850,0.000,1.000,130.5721,138.7315
ROI_035/patch_122,nearest,≥128,1,511,0.750,1.000,329.3034,360.8804
ROI_035/patch_122,own,0–16,1,142,0.000,1.000,24.2215,29.2214
ROI_035/patch_122,own,16–32,1,378,0.000,1.000,24.5754,29.4672
ROI_035/patch_122,own,32–64,1,1268,0.000,1.000,48.4184,54.3760
ROI_035/patch_122,own,64–128,1,4152,0.000,1.000,129.2653,138.0300
ROI_035/patch_122,own,≥128,1,27004,0.000,1.000,134.4146,142.1177
ROI_035/patch_123,nearest,0–16,1,140,0.000,1.000,10.3298,13.5949
ROI_035/patch_123,nearest,16–32,1,404,0.000,1.000,10.7665,14.5154
ROI_035/patch_123,nearest,32–64,1,1210,0.000,1.000,13.1081,18.7556
ROI_035/patch_123,nearest,64–128,1,2290,0.000,1.000,15.5897,21.9672
ROI_035/patch_123,nearest,≥128,1,671,0.000,1.000,10.7274,19.0558
ROI_035/patch_123,own,0–16,1,140,0.000,1.000,10.2876,13.5027
ROI_035/patch_123,own,16–32,1,404,0.000,1.000,10.9111,14.6890
ROI_035/patch_123,own,32–64,1,1288,0.000,1.000,12.3521,17.4079
ROI_035/patch_123,own,64–128,1,4559,0.000,1.000,16.3994,21.7774
ROI_035/patch_123,own,≥128,1,31329,0.000,1.000,15.3854,19.6187
ROI_035/patch_124,nearest,0–16,1,138,0.000,1.000,8.2321,8.8343
ROI_035/patch_124,nearest,16–32,1,396,0.000,1.000,23.5448,24.0920
ROI_035/patch_124,nearest,32–64,1,1268,0.000,1.000,26.2208,27.1290
ROI_035/patch_124,nearest,64–128,1,2151,0.000,1.000,52.7211,55.1248
ROI_035/patch_124,nearest,≥128,1,627,0.000,1.000,9.9029,13.4183
ROI_035/patch_124,own,0–16,1,138,0.000,1.000,7.7167,8.3388
ROI_035/patch_124,own,16–32,1,405,0.000,1.000,25.0269,25.5895
ROI_035/patch_124,own,32–64,1,1410,0.000,1.000,70.4960,71.4909
ROI_035/patch_124,own,64–128,1,4505,0.000,1.000,54.8912,56.6402
ROI_035/patch_124,own,≥128,1,30182,0.000,1.000,43.5095,45.9379
ROI_035/patch_125,nearest,0–16,1,139,0.000,1.000,30.2741,32.0012
ROI_035/patch_125,nearest,16–32,1,407,0.000,1.000,38.1976,39.6763
ROI_035/patch_125,nearest,32–64,1,1318,0.000,1.000,72.0978,76.0831
ROI_035/patch_125,nearest,64–128,1,1916,0.000,1.000,115.0162,116.6692
ROI_035/patch_125,nearest,≥128,1,593,0.450,1.000,401.7915,597.6762
ROI_035/patch_125,own,0–16,1,139,0.000,1.000,30.2928,31.9651
ROI_035/patch_125,own,16–32,1,407,0.000,1.000,34.6498,36.1535
ROI_035/patch_125,own,32–64,1,1368,0.000,1.000,51.5075,54.7404
ROI_035/patch_125,own,64–128,1,4851,0.000,1.000,105.4020,107.0851
ROI_035/patch_125,own,≥128,1,28219,0.000,1.000,110.0602,113.2533
ROI_035/patch_126,nearest,0–16,1,138,0.000,1.000,16.8929,18.1589
ROI_035/patch_126,nearest,16–32,1,340,0.000,1.000,14.7137,16.2170
ROI_035/patch_126,nearest,32–64,1,1120,0.000,1.000,14.1935,16.1477
ROI_035/patch_126,nearest,64–128,1,2735,0.000,1.000,20.8384,23.1320
ROI_035/patch_126,nearest,≥128,1,473,0.000,1.000,33.2188,36.2024
ROI_035/patch_126,own,0–16,1,138,0.000,1.000,16.5201,17.7839
ROI_035/patch_126,own,16–32,1,340,0.000,1.000,14.5168,16.0937
ROI_035/patch_126,own,32–64,1,1201,0.000,1.000,15.1908,17.0780
ROI_035/patch_126,own,64–128,1,4244,0.000,1.000,23.1527,25.3922
ROI_035/patch_126,own,≥128,1,32525,0.000,1.000,41.9113,44.8332
ROI_035/patch_127,nearest,0–16,1,119,0.000,1.000,18.1627,22.7712
ROI_035/patch_127,nearest,16–32,1,326,0.000,1.000,110.6805,118.0187
ROI_035/patch_127,nearest,32–64,1,938,0.000,1.000,53.4770,58.8773
ROI_035/patch_127,nearest,64–128,1,1899,0.000,1.000,37.0258,44.7099
ROI_035/patch_127,nearest,≥128,1,1263,0.000,1.000,58.0810,63.6348
ROI_035/patch_127,own,0–16,1,119,0.000,1.000,18.1472,22.7276
ROI_035/patch_127,own,16–32,1,326,0.000,1.000,153.5262,160.4127
ROI_035/patch_127,own,32–64,1,998,0.000,1.000,43.6254,50.0633
ROI_035/patch_127,own,64–128,1,3535,0.000,1.000,37.6536,47.5420
ROI_035/patch_127,own,≥128,1,31382,0.000,1.000,64.1466,69.7257
ROI_035/patch_128,nearest,0–16,1,151,0.000,1.000,6.8925,8.8778
ROI_035/patch_128,nearest,16–32,1,408,0.000,1.000,7.5344,13.6455
ROI_035/patch_128,nearest,32–64,1,1291,0.000,1.000,28.0112,31.8213
ROI_035/patch_128,nearest,64–128,1,2245,0.000,1.000,35.9240,43.2920
ROI_035/patch_128,nearest,≥128,1,576,0.000,1.000,40.5402,44.1300
ROI_035/patch_128,own,0–16,1,151,0.000,1.000,6.8741,8.8747
ROI_035/patch_128,own,16–32,1,408,0.000,1.000,7.5384,11.6925
ROI_035/patch_128,own,32–64,1,1370,0.000,1.000,24.1356,28.2408
ROI_035/patch_128,own,64–128,1,4812,0.000,1.000,10.3599,13.9498
ROI_035/patch_128,own,≥128,1,30627,0.000,1.000,21.1131,24.8205
ROI_035/patch_130,nearest,0–16,1,141,0.000,1.000,12.7421,13.2957
ROI_035/patch_130,nearest,16–32,1,393,0.000,1.000,13.5836,14.5581
ROI_035/patch_130,nearest,32–64,1,1341,0.000,1.000,49.4483,51.2011
ROI_035/patch_130,nearest,64–128,1,2086,0.000,1.000,58.1848,60.2458
ROI_035/patch_130,nearest,≥128,1,640,0.050,1.000,171.9570,177.4013
ROI_035/patch_130,own,0–16,1,141,0.000,1.000,12.6561,13.2504
ROI_035/patch_130,own,16–32,1,393,0.000,1.000,13.5565,14.4910
ROI_035/patch_130,own,32–64,1,1408,0.000,1.000,24.3647,25.5728
ROI_035/patch_130,own,64–128,1,5387,0.000,1.000,17.7516,18.5884
ROI_035/patch_130,own,≥128,1,29479,0.000,1.000,113.2543,115.1121
ROI_035/patch_131,nearest,0–16,1,145,0.000,1.000,143.4368,145.2084
ROI_035/patch_131,nearest,16–32,1,379,0.000,1.000,56.7684,59.1009
ROI_035/patch_131,nearest,32–64,1,1215,0.000,1.000,56.7539,58.8963
ROI_035/patch_131,nearest,64–128,1,1950,0.000,1.000,88.8243,102.0223
ROI_035/patch_131,nearest,≥128,1,490,0.000,1.000,115.4694,123.8101
ROI_035/patch_131,own,0–16,1,145,0.150,1.000,176.9251,178.6571
ROI_035/patch_131,own,16–32,1,379,0.000,1.000,68.4023,70.9139
ROI_035/patch_131,own,32–64,1,1278,0.000,1.000,67.7206,69.7485
ROI_035/patch_131,own,64–128,1,4235,0.000,1.000,68.9205,71.5300
ROI_035/patch_131,own,≥128,1,27395,0.000,1.000,104.8163,107.6432
ROI_035/patch_132,nearest,0–16,1,128,0.000,1.000,8.7956,10.4948
ROI_035/patch_132,nearest,16–32,1,358,0.000,1.000,13.9040,21.5079
ROI_035/patch_132,nearest,32–64,1,1175,0.000,1.000,37.9612,41.5666
ROI_035/patch_132,nearest,64–128,1,2242,0.000,1.000,128.9555,133.1815
ROI_035/patch_132,nearest,≥128,1,340,1.000,1.000,,
ROI_035/patch_132,own,0–16,1,128,0.000,1.000,8.9820,10.7136
ROI_035/patch_132,own,16–32,1,358,0.000,1.000,14.8513,22.4350
ROI_035/patch_132,own,32–64,1,1212,0.000,1.000,39.4367,43.4801
ROI_035/patch_132,own,64–128,1,3991,0.000,1.000,214.0876,216.1010
ROI_035/patch_132,own,≥128,1,28255,0.000,1.000,50.1268,53.0352
ROI_035/patch_135,nearest,0–16,1,121,0.000,1.000,12.2663,13.8085
ROI_035/patch_135,nearest,16–32,1,325,0.000,1.000,14.4258,16.2885
ROI_035/patch_135,nearest,32–64,1,947,0.000,1.000,136.2097,138.5921
ROI_035/patch_135,nearest,64–128,1,1986,0.000,1.000,141.6185,149.9510
ROI_035/patch_135,nearest,≥128,1,672,0.100,1.000,500.5794,503.6586
ROI_035/patch_135,own,0–16,1,121,0.000,1.000,11.8660,13.3901
ROI_035/patch_135,own,16–32,1,334,0.000,1.000,15.0583,16.8999
ROI_035/patch_135,own,32–64,1,1076,0.000,1.000,96.0311,97.9532
ROI_035/patch_135,own,64–128,1,3463,0.000,1.000,110.0347,122.5382
ROI_035/patch_135,own,≥128,1,27414,0.000,1.000,194.1782,202.6857
ROI_035/patch_136,nearest,0–16,1,131,0.000,1.000,23.1888,24.7831
ROI_035/patch_136,nearest,16–32,1,383,0.000,1.000,24.4056,25.5485
ROI_035/patch_136,nearest,32–64,1,1172,0.000,1.000,73.2637,76.6999
ROI_035/patch_136,nearest,64–128,1,1865,0.000,1.000,158.1606,165.1904
ROI_035/patch_136,nearest,≥128,1,647,0.000,1.000,238.4903,287.1564
ROI_035/patch_136,own,0–16,1,131,0.000,1.000,23.5080,25.0169
ROI_035/patch_136,own,16–32,1,383,0.000,1.000,24.2887,25.6693
ROI_035/patch_136,own,32–64,1,1297,0.000,1.000,49.7796,51.3685
ROI_035/patch_136,own,64–128,1,4331,0.000,1.000,102.7596,117.4704
ROI_035/patch_136,own,≥128,1,27442,0.000,1.000,143.5471,150.1820
ROI_035/patch_137,nearest,0–16,1,140,0.000,1.000,36.3822,39.5225
ROI_035/patch_137,nearest,16–32,1,385,0.000,1.000,121.0847,233.2637
ROI_035/patch_137,nearest,32–64,1,1077,0.000,1.000,125.8686,130.3802
ROI_035/patch_137,nearest,64–128,1,2109,0.050,1.000,158.8168,169.8670
ROI_035/patch_137,nearest,≥128,1,393,0.500,1.000,238.3783,242.1173
ROI_035/patch_137,own,0–16,1,140,0.000,1.000,36.3364,39.4967
ROI_035/patch_137,own,16–32,1,385,0.000,1.000,86.7686,199.8969
ROI_035/patch_137,own,32–64,1,1180,0.000,1.000,171.6489,176.2715
ROI_035/patch_137,own,64–128,1,4070,0.000,1.000,124.8505,133.3041
ROI_035/patch_137,own,≥128,1,27057,0.000,1.000,197.1733,202.6436
ROI_035/patch_138,nearest,0–16,1,129,0.000,1.000,55.4776,57.2498
ROI_035/patch_138,nearest,16–32,1,347,0.000,1.000,21.5268,24.2129
ROI_035/patch_138,nearest,32–64,1,949,0.250,1.000,578.9536,623.5249
ROI_035/patch_138,nearest,64–128,1,1858,0.500,1.000,922.8915,945.7493
ROI_035/patch_138,nearest,≥128,1,307,0.150,1.000,8339.5859,8350.7298
ROI_035/patch_138,own,0–16,1,129,0.000,1.000,49.6903,51.3363
ROI_035/patch_138,own,16–32,1,347,0.000,1.000,20.5176,23.6597
ROI_035/patch_138,own,32–64,1,1139,0.200,1.000,531.3307,552.1413
ROI_035/patch_138,own,64–128,1,3790,0.050,1.000,372.2624,395.3672
ROI_035/patch_138,own,≥128,1,23315,0.100,1.000,1271.6763,1320.5759
ROI_035/patch_139,nearest,0–16,1,115,0.000,1.000,32.2389,34.5346
ROI_035/patch_139,nearest,16–32,1,344,0.000,1.000,123.6332,127.7399
ROI_035/patch_139,nearest,32–64,1,942,0.000,1.000,182.9356,189.0195
ROI_035/patch_139,nearest,64–128,1,1503,0.000,1.000,428.3927,432.4799
ROI_035/patch_139,nearest,≥128,1,906,0.000,1.000,314.0698,346.5427
ROI_035/patch_139,own,0–16,1,115,0.000,1.000,32.1886,34.5333
ROI_035/patch_139,own,16–32,1,344,0.000,1.000,135.0300,138.5564
ROI_035/patch_139,own,32–64,1,1066,0.000,1.000,274.9674,281.7491
ROI_035/patch_139,own,64–128,1,3794,0.000,1.000,235.7158,242.5769
ROI_035/patch_139,own,≥128,1,25161,0.000,1.000,177.3375,187.9973
ROI_035/patch_142,nearest,0–16,1,128,0.050,1.000,149.9458,153.4411
ROI_035/patch_142,nearest,16–32,1,377,0.000,1.000,286.1166,295.3470
ROI_035/patch_142,nearest,32–64,1,913,0.500,1.000,449.1531,461.6705
ROI_035/patch_142,nearest,64–128,1,1508,0.900,1.000,1495.1243,1514.3445
ROI_035/patch_142,nearest,≥128,1,479,1.000,1.000,,
ROI_035/patch_142,own,0–16,1,128,0.050,1.000,215.0932,219.4704
ROI_035/patch_142,own,16–32,1,391,0.100,1.000,236.4177,244.0221
ROI_035/patch_142,own,32–64,1,1081,0.300,1.000,469.2677,488.6791
ROI_035/patch_142,own,64–128,1,3295,0.600,1.000,909.2598,958.4397
ROI_035/patch_142,own,≥128,1,22345,0.650,1.000,932.8227,952.6378
ROI_035/patch_150,nearest,0–16,1,111,0.750,1.000,530.3156,531.6621
ROI_035/patch_150,nearest,16–32,1,330,0.250,1.000,442.3003,454.2489
ROI_035/patch_150,nearest,32–64,1,921,0.650,1.000,311.1638,365.5554
ROI_035/patch_150,nearest,64–128,1,1274,0.950,1.000,1156.1975,1157.3786
ROI_035/patch_150,nearest,≥128,1,333,1.000,1.000,,
ROI_035/patch_150,own,0–16,1,111,0.900,1.000,675.8706,678.6843
ROI_035/patch_150,own,16–32,1,330,0.250,1.000,390.5935,410.7998
ROI_035/patch_150,own,32–64,1,1033,0.650,1.000,424.2745,440.8517
ROI_035/patch_150,own,64–128,1,3698,0.650,1.000,382.7602,405.8917
ROI_035/patch_150,own,≥128,1,18580,1.000,1.000,,
ROI_035/patch_152,nearest,0–16,1,109,0.000,1.000,19.1694,25.5039
ROI_035/patch_152,nearest,16–32,1,320,0.000,1.000,135.0073,142.8172
ROI_035/patch_152,nearest,32–64,1,872,0.000,1.000,307.3766,324.1266
ROI_035/patch_152,nearest,64–128,1,1462,0.000,1.000,161.0909,196.0181
ROI_035/patch_152,nearest,≥128,1,816,0.000,1.000,176.1813,187.4967
ROI_035/patch_152,own,0–16,1,109,0.000,1.000,19.8356,26.0779
ROI_035/patch_152,own,16–32,1,324,0.000,1.000,121.3237,128.3172
ROI_035/patch_152,own,32–64,1,1070,0.000,1.000,382.3602,410.5046
ROI_035/patch_152,own,64–128,1,3941,0.000,1.000,212.8579,226.8948
ROI_035/patch_152,own,≥128,1,23188,0.000,1.000,145.7730,160.0097
ROI_035/patch_154,nearest,0–16,1,108,0.100,1.000,502.2820,505.7329
ROI_035/patch_154,nearest,16–32,1,277,0.000,1.000,122.8415,125.1654
ROI_035/patch_154,nearest,32–64,1,900,0.850,1.000,322.9809,339.7973
ROI_035/patch_154,nearest,64–128,1,1195,0.900,1.000,973.7016,978.5864
ROI_035/patch_154,nearest,≥128,1,564,1.000,1.000,,
ROI_035/patch_154,own,0–16,1,108,0.050,1.000,489.5991,493.4850
ROI_035/patch_154,own,16–32,1,277,0.000,1.000,151.9310,155.1326
ROI_035/patch_154,own,32–64,1,974,0.800,1.000,433.8197,440.7853
ROI_035/patch_154,own,64–128,1,3482,0.900,1.000,970.2430,976.1475
ROI_035/patch_154,own,≥128,1,19511,0.700,1.000,1628.5406,1667.9096
ROI_035/patch_155,nearest,0–16,1,118,0.000,1.000,8.2975,13.4677
ROI_035/patch_155,nearest,16–32,1,288,0.000,1.000,55.1225,60.4708
ROI_035/patch_155,nearest,32–64,1,858,0.250,1.000,433.8087,446.0294
ROI_035/patch_155,nearest,64–128,1,1988,1.000,1.000,,
ROI_035/patch_155,nearest,≥128,1,453,0.400,1.000,1107.7740,1130.3481
ROI_035/patch_155,own,0–16,1,118,0.000,1.000,10.2535,15.3355
ROI_035/patch_155,own,16–32,1,288,0.000,1.000,49.5138,55.1085
ROI_035/patch_155,own,32–64,1,940,0.250,1.000,315.9794,327.0027
ROI_035/patch_155,own,64–128,1,3027,0.700,1.000,425.8366,438.5270
ROI_035/patch_155,own,≥128,1,25267,0.600,1.000,472.1354,497.9672
ROI_035/patch_156,nearest,0–16,1,107,0.000,1.000,25.5391,28.3358
ROI_035/patch_156,nearest,16–32,1,323,0.000,1.000,26.5896,29.6504
ROI_035/patch_156,nearest,32–64,1,963,0.000,1.000,34.9294,41.5306
ROI_035/patch_156,nearest,64–128,1,2023,0.000,1.000,82.7554,87.0118
ROI_035/patch_156,nearest,≥128,1,816,0.000,1.000,79.4847,174.5713
ROI_035/patch_156,own,0–16,1,107,0.000,1.000,25.6443,28.4879
ROI_035/patch_156,own,16–32,1,323,0.000,1.000,26.8744,29.9479
ROI_035/patch_156,own,32–64,1,1058,0.000,1.000,31.2448,35.4078
ROI_035/patch_156,own,64–128,1,4007,0.000,1.000,69.3138,74.5449
ROI_035/patch_156,own,≥128,1,28361,0.000,1.000,75.3942,78.6979
ROI_035/patch_157,nearest,0–16,1,127,0.000,1.000,9.0452,12.0499
ROI_035/patch_157,nearest,16–32,1,371,0.000,1.000,14.9626,19.4627
ROI_035/patch_157,nearest,32–64,1,955,0.300,1.000,311.7459,326.8734
ROI_035/patch_157,nearest,64–128,1,1496,0.750,1.000,314.9501,427.8531
ROI_035/patch_157,nearest,≥128,1,524,1.000,1.000,,
ROI_035/patch_157,own,0–16,1,127,0.000,1.000,8.9155,11.9305
ROI_035/patch_157,own,16–32,1,371,0.000,1.000,16.1372,20.7178
ROI_035/patch_157,own,32–64,1,1075,0.050,1.000,376.3326,390.1274
ROI_035/patch_157,own,64–128,1,3733,0.550,1.000,356.9496,430.9041
ROI_035/patch_157,own,≥128,1,22478,0.300,1.000,190.6995,205.8725
ROI_035/patch_158,nearest,0–16,1,105,0.000,1.000,121.6175,131.3343
ROI_035/patch_158,nearest,16–32,1,318,0.100,1.000,177.2510,197.0560
ROI_035/patch_158,nearest,32–64,1,914,0.550,1.000,574.0954,589.9188
ROI_035/patch_158,nearest,64–128,1,1229,0.850,1.000,711.2873,715.7669
ROI_035/patch_158,nearest,≥128,1,546,1.000,1.000,,
ROI_035/patch_158,own,0–16,1,105,0.000,1.000,138.5190,153.1244
ROI_035/patch_158,own,16–32,1,318,0.000,1.000,152.4293,168.2742
ROI_035/patch_158,own,32–64,1,1056,0.500,1.000,516.2916,545.9711
ROI_035/patch_158,own,64–128,1,3747,0.600,1.000,456.3704,461.0392
ROI_035/patch_158,own,≥128,1,19670,0.450,1.000,1070.0605,1076.2966
ROI_035/patch_160,nearest,0–16,1,122,0.000,1.000,16.9339,19.6100
ROI_035/patch_160,nearest,16–32,1,364,0.000,1.000,20.2868,23.1595
ROI_035/patch_160,nearest,32–64,1,974,0.000,1.000,60.3241,70.6494
ROI_035/patch_160,nearest,64–128,1,1820,0.000,1.000,70.7233,76.9985
ROI_035/patch_160,nearest,≥128,1,851,0.000,1.000,96.8039,101.5971
ROI_035/patch_160,own,0–16,1,122,0.000,1.000,16.9923,19.6253
ROI_035/patch_160,own,16–32,1,364,0.000,1.000,18.7521,21.3979
ROI_035/patch_160,own,32–64,1,1108,0.000,1.000,39.1721,45.7815
ROI_035/patch_160,own,64–128,1,3704,0.000,1.000,39.0859,44.4027
ROI_035/patch_160,own,≥128,1,27750,0.000,1.000,66.3475,74.4657
ROI_035/patch_161,nearest,0–16,1,126,0.000,1.000,18.0386,21.7777
ROI_035/patch_161,nearest,16–32,1,359,0.000,1.000,53.2440,56.7241
ROI_035/patch_161,nearest,32–64,1,983,0.000,1.000,74.7115,86.8035
ROI_035/patch_161,nearest,64–128,1,1947,0.000,1.000,267.3778,281.1399
ROI_035/patch_161,nearest,≥128,1,232,0.850,1.000,353.4008,383.9782
ROI_035/patch_161,own,0–16,1,126,0.000,1.000,18.4304,22.0948
ROI_035/patch_161,own,16–32,1,359,0.000,1.000,31.7260,35.4927
ROI_035/patch_161,own,32–64,1,986,0.000,1.000,76.3225,89.5081
ROI_035/patch_161,own,64–128,1,3709,0.000,1.000,163.7008,180.3661
ROI_035/patch_161,own,≥128,1,23996,0.000,1.000,125.8244,188.5043
ROI_035/patch_162,nearest,0–16,1,91,0.750,1.000,578.0640,782.7430
ROI_035/patch_162,nearest,16–32,1,294,0.450,1.000,402.3281,431.2634
ROI_035/patch_162,nearest,32–64,1,1069,0.300,1.000,220.7175,237.6961
ROI_035/patch_162,nearest,64–128,1,1489,0.800,1.000,185.5725,219.7921
ROI_035/patch_162,nearest,≥128,1,236,1.000,1.000,,
ROI_035/patch_162,own,0–16,1,91,0.800,1.000,589.4454,697.0195
ROI_035/patch_162,own,16–32,1,294,0.350,1.000,325.3983,350.5778
ROI_035/patch_162,own,32–64,1,1104,0.200,1.000,239.6870,255.3225
ROI_035/patch_162,own,64–128,1,3616,0.700,1.000,337.6108,356.3217
ROI_035/patch_162,own,≥128,1,20327,0.550,1.000,1002.2320,1036.8755
ROI_035/patch_164,nearest,0–16,1,123,0.000,1.000,37.3377,38.0464
ROI_035/patch_164,nearest,16–32,1,355,0.000,1.000,35.2630,36.7993
ROI_035/patch_164,nearest,32–64,1,1280,0.000,1.000,48.0413,49.0147
ROI_035/patch_164,nearest,64–128,1,2447,0.000,1.000,50.7045,52.3199
ROI_035/patch_164,nearest,≥128,1,362,0.000,1.000,93.3577,94.4502
ROI_035/patch_164,own,0–16,1,123,0.000,1.000,35.5724,36.2668
ROI_035/patch_164,own,16–32,1,355,0.000,1.000,34.7111,35.6706
ROI_035/patch_164,own,32–64,1,1312,0.000,1.000,49.5219,51.2402
ROI_035/patch_164,own,64–128,1,4668,0.000,1.000,48.8027,50.0082
ROI_035/patch_164,own,≥128,1,30078,0.000,1.000,58.8052,60.7464
ROI_035/patch_165,nearest,0–16,1,111,0.000,1.000,53.6422,57.6873
ROI_035/patch_165,nearest,16–32,1,291,0.000,1.000,57.1503,62.1362
ROI_035/patch_165,nearest,32–64,1,745,0.000,1.000,85.3613,93.1235
ROI_035/patch_165,nearest,64–128,1,1453,0.000,1.000,106.3793,112.9993
ROI_035/patch_165,nearest,≥128,1,1409,0.000,1.000,573.9865,598.0545
ROI_035/patch_165,own,0–16,1,111,0.000,1.000,53.5054,57.5119
ROI_035/patch_165,own,16–32,1,306,0.000,1.000,57.2934,63.1338
ROI_035/patch_165,own,32–64,1,921,0.000,1.000,80.0531,88.7809
ROI_035/patch_165,own,64–128,1,2978,0.000,1.000,113.0485,122.3106
ROI_035/patch_165,own,≥128,1,27756,0.000,1.000,173.1950,180.5850
ROI_035/patch_166,nearest,0–16,1,112,0.000,1.000,89.5549,92.8163
ROI_035/patch_166,nearest,16–32,1,325,0.150,1.000,314.0685,317.9569
ROI_035/patch_166,nearest,32–64,1,880,0.600,1.000,514.5481,527.9396
ROI_035/patch_166,nearest,64–128,1,1316,1.000,1.000,,
ROI_035/patch_166,nearest,≥128,1,402,0.050,1.000,6079.9258,6157.2932
ROI_035/patch_166,own,0–16,1,112,0.000,1.000,71.3273,74.3043
ROI_035/patch_166,own,16–32,1,325,0.100,1.000,394.5098,398.1594
ROI_035/patch_166,own,32–64,1,979,0.900,1.000,433.9328,447.8623
ROI_035/patch_166,own,64–128,1,3162,0.800,1.000,577.5009,600.2053
ROI_035/patch_166,own,≥128,1,19702,0.900,1.000,487.0950,522.7237
ROI_035/patch_170,nearest,0–16,1,104,0.250,1.000,650.2848,656.0313
ROI_035/patch_170,nearest,16–32,1,289,0.050,1.000,372.9098,380.9383
ROI_035/patch_170,nearest,32–64,1,763,0.750,1.000,396.2241,425.7241
ROI_035/patch_170,nearest,64–128,1,1563,0.800,1.000,521.0840,548.6404
ROI_035/patch_170,nearest,≥128,1,810,0.750,1.000,571.8498,588.6264
ROI_035/patch_170,own,0–16,1,104,0.150,1.000,700.6495,711.4013
ROI_035/patch_170,own,16–32,1,294,0.100,1.000,327.5206,331.6745
ROI_035/patch_170,own,32–64,1,954,0.700,1.000,658.0882,678.6199
ROI_035/patch_170,own,64–128,1,3125,0.750,1.000,634.3148,666.0212
ROI_035/patch_170,own,≥128,1,23755,0.750,1.000,550.7858,607.0947
ROI_035/patch_171,nearest,0–16,1,135,0.000,1.000,18.5752,20.4728
ROI_035/patch_171,nearest,16–32,1,415,0.000,1.000,19.0417,21.1022
ROI_035/patch_171,nearest,32–64,1,1254,0.000,1.000,48.6978,51.6395
ROI_035/patch_171,nearest,64–128,1,1927,0.000,1.000,56.4813,63.5740
ROI_035/patch_171,nearest,≥128,1,697,0.000,1.000,153.7264,156.9295
ROI_035/patch_171,own,0–16,1,135,0.000,1.000,18.7057,20.6014
ROI_035/patch_171,own,16–32,1,415,0.000,1.000,18.7468,20.7439
ROI_035/patch_171,own,32–64,1,1339,0.000,1.000,28.7462,31.3597
ROI_035/patch_171,own,64–128,1,4035,0.000,1.000,58.8325,62.6234
ROI_035/patch_171,own,≥128,1,29500,0.000,1.000,59.9446,62.3734
ROI_035/patch_172,nearest,0–16,1,126,0.000,1.000,10.0375,11.9119
ROI_035/patch_172,nearest,16–32,1,316,0.000,1.000,9.4212,11.3787
ROI_035/patch_172,nearest,32–64,1,856,0.000,1.000,35.7566,45.2793
ROI_035/patch_172,nearest,64–128,1,1790,0.000,1.000,47.7893,52.2386
ROI_035/patch_172,nearest,≥128,1,1186,0.000,1.000,175.0816,194.9815
ROI_035/patch_172,own,0–16,1,126,0.000,1.000,9.9146,11.8159
ROI_035/patch_172,own,16–32,1,322,0.000,1.000,9.3929,11.1807
ROI_035/patch_172,own,32–64,1,1039,0.000,1.000,23.6532,27.3139
ROI_035/patch_172,own,64–128,1,3822,0.000,1.000,27.3980,34.5411
ROI_035/patch_172,own,≥128,1,28883,0.000,1.000,59.2914,62.3835
ROI_035/patch_173,nearest,0–16,1,127,0.000,1.000,131.9088,134.5858
ROI_035/patch_173,nearest,16–32,1,366,0.000,1.000,122.6315,125.8409
ROI_035/patch_173,nearest,32–64,1,1004,0.000,1.000,164.7998,172.8169
ROI_035/patch_173,nearest,64–128,1,1368,0.000,1.000,267.6925,315.6690
ROI_035/patch_173,nearest,≥128,1,500,0.000,1.000,306.0498,313.3930
ROI_035/patch_173,own,0–16,1,127,0.000,1.000,102.3959,105.1003
ROI_035/patch_173,own,16–32,1,366,0.000,1.000,198.3272,201.8678
ROI_035/patch_173,own,32–64,1,1112,0.000,1.000,206.2717,214.6706
ROI_035/patch_173,own,64–128,1,3641,0.000,1.000,175.1851,188.1046
ROI_035/patch_173,own,≥128,1,21674,0.050,1.000,205.7479,246.0516
ROI_035/patch_175,nearest,0–16,1,139,0.000,1.000,38.2803,43.0216
ROI_035/patch_175,nearest,16–32,1,408,0.000,1.000,48.9350,52.4308
ROI_035/patch_175,nearest,32–64,1,1196,0.000,1.000,63.9238,69.9438
ROI_035/patch_175,nearest,64–128,1,2014,0.000,1.000,91.8444,94.9996
ROI_035/patch_175,nearest,≥128,1,744,0.000,1.000,69.1684,73.0781
ROI_035/patch_175,own,0–16,1,139,0.000,1.000,38.3068,42.4200
ROI_035/patch_175,own,16–32,1,418,0.000,1.000,40.4735,44.1967
ROI_035/patch_175,own,32–64,1,1339,0.000,1.000,55.2009,66.2503
ROI_035/patch_175,own,64–128,1,4521,0.000,1.000,55.4825,59.7252
ROI_035/patch_175,own,≥128,1,29591,0.000,1.000,68.7296,72.1311
ROI_035/patch_176,nearest,0–16,1,143,0.000,1.000,20.4259,23.7922
ROI_035/patch_176,nearest,16–32,1,383,0.000,1.000,31.4365,42.4103
ROI_035/patch_176,nearest,32–64,1,1034,0.000,1.000,61.4183,65.4341
ROI_035/patch_176,nearest,64–128,1,1652,0.050,1.000,200.6477,217.9741
ROI_035/patch_176,nearest,≥128,1,522,0.150,1.000,1134.3475,1218.9854
ROI_035/patch_176,own,0–16,1,143,0.000,1.000,22.5346,25.8937
ROI_035/patch_176,own,16–32,1,383,0.000,1.000,24.9890,36.7617
ROI_035/patch_176,own,32–64,1,1170,0.000,1.000,60.1122,63.3628
ROI_035/patch_176,own,64–128,1,3700,0.000,1.000,207.1216,219.1629
ROI_035/patch_176,own,≥128,1,24476,0.000,1.000,132.6905,144.5888
ROI_035/patch_177,nearest,0–16,1,122,0.000,1.000,113.3316,119.1492
ROI_035/patch_177,nearest,16–32,1,334,0.000,1.000,32.3770,34.0393
ROI_035/patch_177,nearest,32–64,1,840,0.000,1.000,36.4880,41.1902
ROI_035/patch_177,nearest,64–128,1,2124,0.000,1.000,50.9440,56.3191
ROI_035/patch_177,nearest,≥128,1,604,0.000,1.000,360.2558,390.9442
ROI_035/patch_177,own,0–16,1,122,0.000,1.000,93.9157,98.6213
ROI_035/patch_177,own,16–32,1,334,0.000,1.000,34.7852,36.3007
ROI_035/patch_177,own,32–64,1,960,0.000,1.000,45.9831,49.9899
ROI_035/patch_177,own,64–128,1,3911,0.000,1.000,64.7878,71.1811
ROI_035/patch_177,own,≥128,1,26865,0.000,1.000,135.4504,142.2148
ROI_035/patch_178,nearest,0–16,1,146,0.000,1.000,19.3192,23.1814
ROI_035/patch_178,nearest,16–32,1,436,0.000,1.000,19.4248,24.0515
ROI_035/patch_178,nearest,32–64,1,1179,0.000,1.000,68.3101,77.5303
ROI_035/patch_178,nearest,64–128,1,2035,0.000,1.000,100.8992,114.0348
ROI_035/patch_178,nearest,≥128,1,352,0.000,1.000,166.4532,176.0011
ROI_035/patch_178,own,0–16,1,146,0.000,1.000,19.2409,23.1033
ROI_035/patch_178,own,16–32,1,436,0.000,1.000,19.4621,24.0376
ROI_035/patch_178,own,32–64,1,1427,0.000,1.000,40.1179,46.6643
ROI_035/patch_178,own,64–128,1,4452,0.000,1.000,81.8409,89.0627
ROI_035/patch_178,own,≥128,1,26723,0.000,1.000,57.6726,77.0730
ROI_035/patch_179,nearest,0–16,1,124,0.000,1.000,12.6197,14.5577
ROI_035/patch_179,nearest,16–32,1,385,0.000,1.000,14.6971,17.5802
ROI_035/patch_179,nearest,32–64,1,1128,0.000,1.000,65.7393,85.1281
ROI_035/patch_179,nearest,64–128,1,1563,0.000,1.000,63.0220,68.0740
ROI_035/patch_179,nearest,≥128,1,1136,0.000,1.000,220.1736,225.1756
ROI_035/patch_179,own,0–16,1,124,0.000,1.000,12.6912,14.5790
ROI_035/patch_179,own,16–32,1,385,0.000,1.000,18.8946,21.8333
ROI_035/patch_179,own,32–64,1,1284,0.000,1.000,62.2492,68.0233
ROI_035/patch_179,own,64–128,1,4619,0.000,1.000,69.2038,75.9020
ROI_035/patch_179,own,≥128,1,28276,0.000,1.000,177.2561,185.7407
ROI_035/patch_180,nearest,0–16,1,152,0.000,1.000,9.9511,11.4800
ROI_035/patch_180,nearest,16–32,1,418,0.000,1.000,5.8293,8.0702
ROI_035/patch_180,nearest,32–64,1,1162,0.000,1.000,24.2579,27.7629
ROI_035/patch_180,nearest,64–128,1,2177,0.000,1.000,105.5565,108.5588
ROI_035/patch_180,nearest,≥128,1,546,0.000,1.000,144.1827,238.5908
ROI_035/patch_180,own,0–16,1,152,0.000,1.000,9.9893,11.5230
ROI_035/patch_180,own,16–32,1,418,0.000,1.000,6.1132,7.7782
ROI_035/patch_180,own,32–64,1,1279,0.000,1.000,35.0325,39.2365
ROI_035/patch_180,own,64–128,1,4438,0.000,1.000,41.2223,49.7807
ROI_035/patch_180,own,≥128,1,29353,0.000,1.000,32.5124,38.6957
ROI_035/patch_181,nearest,0–16,1,138,0.000,1.000,7.4028,8.9213
ROI_035/patch_181,nearest,16–32,1,318,0.000,1.000,10.0206,13.5484
ROI_035/patch_181,nearest,32–64,1,796,0.000,1.000,41.2463,49.6793
ROI_035/patch_181,nearest,64–128,1,1831,0.000,1.000,64.6726,69.6078
ROI_035/patch_181,nearest,≥128,1,1082,0.050,1.000,293.5320,328.4808
ROI_035/patch_181,own,0–16,1,138,0.000,1.000,7.1661,8.6164
ROI_035/patch_181,own,16–32,1,318,0.000,1.000,9.7798,13.2237
ROI_035/patch_181,own,32–64,1,870,0.000,1.000,45.2871,52.5156
ROI_035/patch_181,own,64–128,1,2814,0.000,1.000,45.5316,50.0338
ROI_035/patch_181,own,≥128,1,29180,0.000,1.000,38.3690,45.1486
ROI_035/patch_183,nearest,0–16,1,134,0.000,1.000,63.7612,65.9073
ROI_035/patch_183,nearest,16–32,1,362,0.000,1.000,73.8682,78.0228
ROI_035/patch_183,nearest,32–64,1,908,0.000,1.000,229.8022,251.0255
ROI_035/patch_183,nearest,64–128,1,1694,0.000,1.000,302.4876,318.8459
ROI_035/patch_183,nearest,≥128,1,485,0.000,1.000,118.8147,127.1719
ROI_035/patch_183,own,0–16,1,134,0.000,1.000,61.6895,63.8835
ROI_035/patch_183,own,16–32,1,362,0.000,1.000,47.8377,50.3012
ROI_035/patch_183,own,32–64,1,1022,0.000,1.000,218.7844,229.3035
ROI_035/patch_183,own,64–128,1,3751,0.000,1.000,325.5560,338.8506
ROI_035/patch_183,own,≥128,1,23395,0.000,1.000,177.5879,191.7484
ROI_035/patch_184,nearest,0–16,1,142,0.000,1.000,5.0985,7.4086
ROI_035/patch_184,nearest,16–32,1,373,0.000,1.000,42.8351,45.8177
ROI_035/patch_184,nearest,32–64,1,949,0.000,1.000,135.0806,142.5082
ROI_035/patch_184,nearest,64–128,1,1783,0.000,1.000,106.8343,112.7033
ROI_035/patch_184,nearest,≥128,1,856,0.000,1.000,17.4166,23.5556
ROI_035/patch_184,own,0–16,1,142,0.000,1.000,5.1300,7.5421
ROI_035/patch_184,own,16–32,1,380,0.000,1.000,33.1710,36.8148
ROI_035/patch_184,own,32–64,1,1195,0.000,1.000,128.6131,135.6411
ROI_035/patch_184,own,64–128,1,3699,0.000,1.000,61.9857,66.1958
ROI_035/patch_184,own,≥128,1,27408,0.000,1.000,71.7706,77.5351
ROI_035/patch_187,nearest,0–16,1,132,0.000,1.000,6.7041,8.5774
ROI_035/patch_187,nearest,16–32,1,380,0.000,1.000,11.7899,18.6571
ROI_035/patch_187,nearest,32–64,1,891,0.000,1.000,196.5549,204.6107
ROI_035/patch_187,nearest,64–128,1,1408,0.000,1.000,351.2780,364.6448
ROI_035/patch_187,nearest,≥128,1,677,0.250,1.000,505.5403,515.2443
ROI_035/patch_187,own,0–16,1,132,0.000,1.000,6.9973,9.2846
ROI_035/patch_187,own,16–32,1,380,0.000,1.000,16.1326,20.6589
ROI_035/patch_187,own,32–64,1,1084,0.050,1.000,194.9412,203.0746
ROI_035/patch_187,own,64–128,1,3908,0.100,1.000,155.8502,166.0009
ROI_035/patch_187,own,≥128,1,22400,0.000,1.000,179.3568,190.0567
ROI_035/patch_188,nearest,0–16,1,141,0.000,1.000,5.6237,6.6575
ROI_035/patch_188,nearest,16–32,1,354,0.000,1.000,8.9356,9.7919
ROI_035/patch_188,nearest,32–64,1,844,0.000,1.000,136.7910,146.7577
ROI_035/patch_188,nearest,64–128,1,1443,0.000,1.000,133.7532,138.4026
ROI_035/patch_188,nearest,≥128,1,811,0.050,1.000,1155.9871,1183.6024
ROI_035/patch_188,own,0–16,1,141,0.000,1.000,8.2238,9.3819
ROI_035/patch_188,own,16–32,1,365,0.000,1.000,8.9561,9.8338
ROI_035/patch_188,own,32–64,1,984,0.000,1.000,107.7403,118.4052
ROI_035/patch_188,own,64–128,1,3773,0.000,1.000,146.3168,152.4792
ROI_035/patch_188,own,≥128,1,23481,0.000,1.000,339.7753,346.2425
ROI_035/patch_189,nearest,0–16,1,129,0.000,1.000,56.7428,61.6747
ROI_035/patch_189,nearest,16–32,1,349,0.000,1.000,256.1438,269.1137
ROI_035/patch_189,nearest,32–64,1,983,0.000,1.000,131.3119,140.3769
ROI_035/patch_189,nearest,64–128,1,1671,0.250,1.000,258.8583,275.7506
ROI_035/patch_189,nearest,≥128,1,395,1.000,1.000,,
ROI_035/patch_189,own,0–16,1,129,0.000,1.000,32.8759,36.3014
ROI_035/patch_189,own,16–32,1,353,0.000,1.000,293.5072,309.3449
ROI_035/patch_189,own,32–64,1,1164,0.000,1.000,143.5870,153.6322
ROI_035/patch_189,own,64–128,1,3451,0.100,1.000,110.8975,122.6996
ROI_035/patch_189,own,≥128,1,23119,0.000,1.000,181.7302,190.9211
ROI_035/patch_190,nearest,0–16,1,119,0.000,1.000,3.7768,5.7390
ROI_035/patch_190,nearest,16–32,1,350,0.000,1.000,4.2589,6.2165
ROI_035/patch_190,nearest,32–64,1,899,0.000,1.000,12.5388,16.4173
ROI_035/patch_190,nearest,64–128,1,1830,0.000,1.000,22.2519,25.8796
ROI_035/patch_190,nearest,≥128,1,1167,0.050,1.000,111.6571,120.9826
ROI_035/patch_190,own,0–16,1,119,0.000,1.000,3.9056,5.8749
ROI_035/patch_190,own,16–32,1,350,0.000,1.000,4.1699,6.1852
ROI_035/patch_190,own,32–64,1,1061,0.000,1.000,24.3308,28.2120
ROI_035/patch_190,own,64–128,1,3464,0.000,1.000,21.8741,25.6643
ROI_035/patch_190,own,≥128,1,29926,0.000,1.000,42.1535,45.5620
ROI_035/patch_191,nearest,0–16,1,134,0.000,1.000,15.7884,19.1814
ROI_035/patch_191,nearest,16–32,1,394,0.000,1.000,16.9828,20.5322
ROI_035/patch_191,nearest,32–64,1,1054,0.000,1.000,99.3260,105.7366
ROI_035/patch_191,nearest,64–128,1,1498,0.000,1.000,329.3260,337.4066
ROI_035/patch_191,nearest,≥128,1,673,0.000,1.000,209.1296,217.6341
ROI_035/patch_191,own,0–16,1,134,0.000,1.000,15.9063,19.3645
ROI_035/patch_191,own,16–32,1,394,0.000,1.000,20.1636,23.7133
ROI_035/patch_191,own,32–64,1,1145,0.000,1.000,117.8420,125.2376
ROI_035/patch_191,own,64–128,1,3517,0.000,1.000,145.8763,162.3286
ROI_035/patch_191,own,≥128,1,24834,0.000,1.000,77.5535,86.9707
ROI_035/patch_192,nearest,0–16,1,141,0.000,1.000,120.0328,121.1620
ROI_035/patch_192,nearest,16–32,1,368,0.000,1.000,189.3749,197.2656
ROI_035/patch_192,nearest,32–64,1,1077,0.000,1.000,191.7110,196.7173
ROI_035/patch_192,nearest,64–128,1,1657,0.000,1.000,164.2403,172.0698
ROI_035/patch_192,nearest,≥128,1,449,0.050,1.000,255.3610,257.5299
ROI_035/patch_192,own,0–16,1,141,0.000,1.000,178.3294,179.5791
ROI_035/patch_192,own,16–32,1,368,0.050,1.000,212.6250,224.1643
ROI_035/patch_192,own,32–64,1,1114,0.000,1.000,256.1576,261.1086
ROI_035/patch_192,own,64–128,1,4024,0.000,1.000,167.4163,174.6448
ROI_035/patch_192,own,≥128,1,23889,0.000,1.000,142.4884,148.9082
ROI_035/patch_194,nearest,0–16,1,148,0.000,1.000,10.5010,10.9831
ROI_035/patch_194,nearest,16–32,1,422,0.000,1.000,6.3123,6.8581
ROI_035/patch_194,nearest,32–64,1,1400,0.000,1.000,16.3291,18.9060
ROI_035/patch_194,nearest,64–128,1,2289,0.000,1.000,19.2807,20.1305
ROI_035/patch_194,nearest,≥128,1,454,0.000,1.000,290.7039,292.3695
ROI_035/patch_194,own,0–16,1,148,0.000,1.000,16.4219,16.9133
ROI_035/patch_194,own,16–32,1,422,0.000,1.000,6.2595,6.8194
ROI_035/patch_194,own,32–64,1,1400,0.000,1.000,11.6864,12.4806
ROI_035/patch_194,own,64–128,1,4226,0.000,1.000,16.0897,16.9049
ROI_035/patch_194,own,≥128,1,31508,0.000,1.000,65.2804,68.5285
ROI_035/patch_195,nearest,0–16,1,144,0.000,1.000,15.9132,17.2937
ROI_035/patch_195,nearest,16–32,1,378,0.000,1.000,17.0034,17.5922
ROI_035/patch_195,nearest,32–64,1,1084,0.000,1.000,104.6731,106.5712
ROI_035/patch_195,nearest,64–128,1,2109,0.000,1.000,129.8489,133.1878
ROI_035/patch_195,nearest,≥128,1,495,0.000,1.000,126.2605,133.7286
ROI_035/patch_195,own,0–16,1,144,0.000,1.000,15.9709,17.6098
ROI_035/patch_195,own,16–32,1,415,0.000,1.000,16.9831,17.5206
ROI_035/patch_195,own,32–64,1,1430,0.000,1.000,97.1893,100.2511
ROI_035/patch_195,own,64–128,1,4248,0.000,1.000,62.6295,66.1516
ROI_035/patch_195,own,≥128,1,27443,0.000,1.000,83.7816,87.2106
ROI_035/patch_196,nearest,0–16,1,143,0.000,1.000,25.5917,26.8111
ROI_035/patch_196,nearest,16–32,1,397,0.000,1.000,66.3391,68.0996
ROI_035/patch_196,nearest,32–64,1,1170,0.000,1.000,95.2325,103.1073
ROI_035/patch_196,nearest,64–128,1,1756,0.000,1.000,69.2011,78.1827
ROI_035/patch_196,nearest,≥128,1,522,0.000,1.000,92.3678,95.3359
ROI_035/patch_196,own,0–16,1,143,0.000,1.000,26.5334,27.8140
ROI_035/patch_196,own,16–32,1,397,0.000,1.000,125.7663,127.3712
ROI_035/patch_196,own,32–64,1,1217,0.000,1.000,107.2544,117.0513
ROI_035/patch_196,own,64–128,1,4475,0.000,1.000,95.1306,102.7226
ROI_035/patch_196,own,≥128,1,25672,0.000,1.000,95.3107,99.3079
ROI_035/patch_197,nearest,0–16,1,131,0.000,1.000,13.5479,16.6428
ROI_035/patch_197,nearest,16–32,1,355,0.000,1.000,160.6923,170.7748
ROI_035/patch_197,nearest,32–64,1,922,0.000,1.000,190.4811,197.5882
ROI_035/patch_197,nearest,64–128,1,1535,0.150,1.000,432.2099,442.6353
ROI_035/patch_197,nearest,≥128,1,582,1.000,1.000,,
ROI_035/patch_197,own,0–16,1,131,0.000,1.000,13.5625,16.7640
ROI_035/patch_197,own,16–32,1,355,0.000,1.000,119.1103,131.8742
ROI_035/patch_197,own,32–64,1,1253,0.000,1.000,115.4673,124.9967
ROI_035/patch_197,own,64–128,1,4497,0.150,1.000,258.3278,266.5340
ROI_035/patch_197,own,≥128,1,21964,0.100,1.000,336.2676,341.9681
ROI_035/patch_198,nearest,0–16,1,148,0.000,1.000,11.1793,15.1515
ROI_035/patch_198,nearest,16–32,1,404,0.000,1.000,14.6217,17.2227
ROI_035/patch_198,nearest,32–64,1,1093,0.000,1.000,84.0709,90.3731
ROI_035/patch_198,nearest,64–128,1,1956,0.100,1.000,158.3940,168.4141
ROI_035/patch_198,nearest,≥128,1,924,0.000,1.000,35.7502,70.8713
ROI_035/patch_198,own,0–16,1,148,0.000,1.000,12.3650,15.9996
ROI_035/patch_198,own,16–32,1,426,0.000,1.000,13.9966,16.5270
ROI_035/patch_198,own,32–64,1,1351,0.000,1.000,21.4895,27.2378
ROI_035/patch_198,own,64–128,1,4025,0.000,1.000,51.6000,55.6077
ROI_035/patch_198,own,≥128,1,30250,0.000,1.000,64.7191,70.2456
ROI_035/patch_199,nearest,0–16,1,138,0.000,1.000,21.2927,21.6487
ROI_035/patch_199,nearest,16–32,1,394,0.000,1.000,17.9840,19.0995
ROI_035/patch_199,nearest,32–64,1,1248,0.000,1.000,13.3651,14.7646
ROI_035/patch_199,nearest,64–128,1,2219,0.000,1.000,13.3354,14.1746
ROI_035/patch_199,nearest,≥128,1,620,0.050,1.000,225.6225,228.8916
ROI_035/patch_199,own,0–16,1,138,0.000,1.000,23.9997,24.3234
ROI_035/patch_199,own,16–32,1,394,0.000,1.000,14.1960,15.5020
ROI_035/patch_199,own,32–64,1,1294,0.000,1.000,11.4432,13.6514
ROI_035/patch_199,own,64–128,1,4199,0.000,1.000,18.3821,19.2364
ROI_035/patch_199,own,≥128,1,30927,0.000,1.000,27.5919,27.9515
ROI_035/patch_200,nearest,0–16,1,124,0.000,1.000,12.5931,14.7064
ROI_035/patch_200,nearest,16–32,1,341,0.000,1.000,16.7410,18.9465
ROI_035/patch_200,nearest,32–64,1,937,0.000,1.000,31.5630,34.3787
ROI_035/patch_200,nearest,64–128,1,1756,0.000,1.000,90.0447,100.5399
ROI_035/patch_200,nearest,≥128,1,829,0.200,1.000,600.5349,616.8206
ROI_035/patch_200,own,0–16,1,124,0.000,1.000,12.4632,14.6023
ROI_035/patch_200,own,16–32,1,346,0.000,1.000,20.9713,23.1736
ROI_035/patch_200,own,32–64,1,1083,0.000,1.000,31.3216,35.1219
ROI_035/patch_200,own,64–128,1,3821,0.000,1.000,145.6732,150.5193
ROI_035/patch_200,own,≥128,1,26522,0.000,1.000,61.8052,66.2652
ROI_035/patch_201,nearest,0–16,1,146,0.000,1.000,35.3065,38.5774
ROI_035/patch_201,nearest,16–32,1,348,0.000,1.000,11.6657,14.6647
ROI_035/patch_201,nearest,32–64,1,896,0.200,1.000,642.9939,658.8735
ROI_035/patch_201,nearest,64–128,1,1843,0.000,1.000,164.2298,193.6139
ROI_035/patch_201,nearest,≥128,1,334,0.850,1.000,873.4678,889.6682
ROI_035/patch_201,own,0–16,1,146,0.000,1.000,26.1978,29.4071
ROI_035/patch_201,own,16–32,1,348,0.000,1.000,18.6035,21.7534
ROI_035/patch_201,own,32–64,1,1001,0.050,1.000,373.2955,398.4759
ROI_035/patch_201,own,64–128,1,3635,0.000,1.000,170.0899,186.3540
ROI_035/patch_201,own,≥128,1,23406,0.000,1.000,290.0299,311.9308
ROI_035/patch_202,nearest,0–16,1,143,0.000,1.000,14.3582,17.6229
ROI_035/patch_202,nearest,16–32,1,373,0.000,1.000,19.5556,25.3701
ROI_035/patch_202,nearest,32–64,1,1041,0.100,1.000,269.3131,275.1707
ROI_035/patch_202,nearest,64–128,1,1831,0.100,1.000,208.7365,214.6098
ROI_035/patch_202,nearest,≥128,1,720,0.000,1.000,347.2132,364.4137
ROI_035/patch_202,own,0–16,1,143,0.000,1.000,14.2922,17.3749
ROI_035/patch_202,own,16–32,1,393,0.000,1.000,22.3067,29.5703
ROI_035/patch_202,own,32–64,1,1311,0.000,1.000,201.7533,207.0219
ROI_035/patch_202,own,64–128,1,4506,0.050,1.000,148.7270,152.9575
ROI_035/patch_202,own,≥128,1,26511,0.000,1.000,189.7628,195.7752
ROI_035/patch_203,nearest,0–16,1,153,0.000,1.000,9.0698,10.1480
ROI_035/patch_203,nearest,16–32,1,440,0.000,1.000,19.6765,20.6343
ROI_035/patch_203,nearest,32–64,1,1292,0.000,1.000,39.4941,41.6816
ROI_035/patch_203,nearest,64–128,1,1924,0.000,1.000,28.8556,30.2793
ROI_035/patch_203,nearest,≥128,1,601,0.550,1.000,245.1954,272.2047
ROI_035/patch_203,own,0–16,1,153,0.000,1.000,9.0368,10.0886
ROI_035/patch_203,own,16–32,1,440,0.000,1.000,17.7507,18.6206
ROI_035/patch_203,own,32–64,1,1494,0.000,1.000,88.4106,90.0923
ROI_035/patch_203,own,64–128,1,5059,0.000,1.000,17.3018,22.3006
ROI_035/patch_203,own,≥128,1,28134,0.000,1.000,59.7916,65.6554
ROI_035/patch_205,nearest,0–16,1,128,0.000,1.000,8.7063,9.7352
ROI_035/patch_205,nearest,16–32,1,386,0.000,1.000,13.1545,14.3504
ROI_035/patch_205,nearest,32–64,1,907,0.000,1.000,125.0220,127.9972
ROI_035/patch_205,nearest,64–128,1,1718,0.050,1.000,110.3185,115.3913
ROI_035/patch_205,nearest,≥128,1,532,0.550,1.000,851.0622,856.4034
ROI_035/patch_205,own,0–16,1,128,0.000,1.000,8.1686,9.0903
ROI_035/patch_205,own,16–32,1,392,0.000,1.000,9.5086,10.5754
ROI_035/patch_205,own,32–64,1,1071,0.000,1.000,85.6005,89.0827
ROI_035/patch_205,own,64–128,1,3333,0.000,1.000,177.1561,183.5884
ROI_035/patch_205,own,≥128,1,24444,0.000,1.000,171.2104,178.4145
ROI_035/patch_207,nearest,0–16,1,140,0.000,1.000,68.6247,84.8413
ROI_035/patch_207,nearest,16–32,1,416,0.000,1.000,71.1991,88.6559
ROI_035/patch_207,nearest,32–64,1,1332,0.000,1.000,74.2368,95.0404
ROI_035/patch_207,nearest,64–128,1,1825,0.000,1.000,141.7702,161.6349
ROI_035/patch_207,nearest,≥128,1,580,0.000,1.000,104.5973,129.9112
ROI_035/patch_207,own,0–16,1,140,0.000,1.000,69.1194,85.1465
ROI_035/patch_207,own,16–32,1,416,0.000,1.000,66.6928,84.1994
ROI_035/patch_207,own,32–64,1,1435,0.000,1.000,80.3735,100.3591
ROI_035/patch_207,own,64–128,1,4783,0.000,1.000,109.9284,129.2460
ROI_035/patch_207,own,≥128,1,27570,0.000,1.000,87.3701,108.1135
ROI_035/patch_208,nearest,0–16,1,143,0.000,1.000,23.6654,26.0562
ROI_035/patch_208,nearest,16–32,1,386,0.000,1.000,6.8860,9.0923
ROI_035/patch_208,nearest,32–64,1,1031,0.000,1.000,33.5728,39.5683
ROI_035/patch_208,nearest,64–128,1,1906,0.000,1.000,31.8777,41.6234
ROI_035/patch_208,nearest,≥128,1,795,0.000,1.000,111.4562,116.5277
ROI_035/patch_208,own,0–16,1,143,0.000,1.000,21.7031,24.0803
ROI_035/patch_208,own,16–32,1,386,0.000,1.000,7.1186,9.2722
ROI_035/patch_208,own,32–64,1,1236,0.000,1.000,54.6440,59.6212
ROI_035/patch_208,own,64–128,1,4784,0.000,1.000,38.0094,44.1431
ROI_035/patch_208,own,≥128,1,27539,0.050,1.000,37.0104,43.4379
ROI_035/patch_209,nearest,0–16,1,129,0.000,1.000,154.2767,157.0980
ROI_035/patch_209,nearest,16–32,1,371,0.000,1.000,170.7760,173.0439
ROI_035/patch_209,nearest,32–64,1,1100,0.000,1.000,37.9018,42.2492
ROI_035/patch_209,nearest,64–128,1,2003,0.000,1.000,81.5830,86.1714
ROI_035/patch_209,nearest,≥128,1,409,0.000,1.000,167.8112,198.1293
ROI_035/patch_209,own,0–16,1,129,0.000,1.000,154.4874,157.2749
ROI_035/patch_209,own,16–32,1,377,0.000,1.000,165.7103,167.8241
ROI_035/patch_209,own,32–64,1,1190,0.000,1.000,34.2571,36.7920
ROI_035/patch_209,own,64–128,1,3675,0.000,1.000,77.3850,85.4292
ROI_035/patch_209,own,≥128,1,26725,0.000,1.000,68.5674,75.7442
ROI_035/patch_210,nearest,0–16,1,122,0.000,1.000,49.0368,50.9461
ROI_035/patch_210,nearest,16–32,1,334,0.000,1.000,73.8228,81.9837
ROI_035/patch_210,nearest,32–64,1,889,0.100,1.000,278.2731,294.3227
ROI_035/patch_210,nearest,64–128,1,1437,0.550,1.000,336.1868,365.3426
ROI_035/patch_210,nearest,≥128,1,552,0.950,1.000,870.1582,911.0573
ROI_035/patch_210,own,0–16,1,122,0.000,1.000,48.5909,50.4955
ROI_035/patch_210,own,16–32,1,334,0.000,1.000,68.4049,75.5283
ROI_035/patch_210,own,32–64,1,970,0.100,1.000,250.7690,273.0100
ROI_035/patch_210,own,64–128,1,3130,0.150,1.000,299.2484,330.0470
ROI_035/patch_210,own,≥128,1,22116,0.300,1.000,254.8074,286.6008
ROI_035/patch_212,nearest,0–16,1,96,0.000,1.000,21.3086,24.3111
ROI_035/patch_212,nearest,16–32,1,309,0.000,1.000,30.5275,34.5614
ROI_035/patch_212,nearest,32–64,1,858,0.000,1.000,249.8621,254.1362
ROI_035/patch_212,nearest,64–128,1,1624,0.050,1.000,251.8434,270.4273
ROI_035/patch_212,nearest,≥128,1,907,0.400,1.000,941.3557,953.9482
ROI_035/patch_212,own,0–16,1,96,0.000,1.000,21.4923,24.4644
ROI_035/patch_212,own,16–32,1,309,0.000,1.000,32.1488,36.5539
ROI_035/patch_212,own,32–64,1,1020,0.000,1.000,246.2817,249.9113
ROI_035/patch_212,own,64–128,1,3531,0.000,1.000,137.9768,146.8208
ROI_035/patch_212,own,≥128,1,25396,0.050,1.000,219.1149,227.2394
ROI_035/patch_213,nearest,0–16,1,127,0.000,1.000,85.8788,93.7289
ROI_035/patch_213,nearest,16–32,1,355,0.000,1.000,205.2270,212.5123
ROI_035/patch_213,nearest,32–64,1,794,0.050,1.000,187.9115,203.8008
ROI_035/patch_213,nearest,64–128,1,1691,0.150,1.000,771.9591,783.6040
ROI_035/patch_213,nearest,≥128,1,721,1.000,1.000,,
ROI_035/patch_213,own,0–16,1,127,0.000,1.000,83.6794,91.4626
ROI_035/patch_213,own,16–32,1,355,0.000,1.000,148.6897,156.1786
ROI_035/patch_213,own,32–64,1,919,0.100,1.000,205.2199,221.7544
ROI_035/patch_213,own,64–128,1,3288,0.000,1.000,180.2806,193.1093
ROI_035/patch_213,own,≥128,1,24815,0.000,1.000,155.5830,173.3818
ROI_049/patch_0,nearest,0–16,1,138,0.000,1.000,9.5232,23.4492
ROI_049/patch_0,nearest,16–32,1,392,0.000,1.000,13.5563,28.0589
ROI_049/patch_0,nearest,32–64,1,1123,0.000,1.000,74.7549,90.4006
ROI_049/patch_0,nearest,64–128,1,2061,0.000,1.000,13.6635,26.2132
ROI_049/patch_0,nearest,≥128,1,789,0.000,1.000,31.1966,44.7261
ROI_049/patch_0,own,0–16,1,138,0.000,1.000,9.2076,23.3257
ROI_049/patch_0,own,16–32,1,392,0.000,1.000,9.7557,22.3206
ROI_049/patch_0,own,32–64,1,1298,0.000,1.000,73.0954,89.1567
ROI_049/patch_0,own,64–128,1,4466,0.000,1.000,14.6860,32.6022
ROI_049/patch_0,own,≥128,1,29730,0.000,1.000,37.8974,51.2464
ROI_049/patch_1,nearest,0–16,1,147,0.000,1.000,1.6038,4.4351
ROI_049/patch_1,nearest,16–32,1,423,0.000,1.000,9.9122,16.2711
ROI_049/patch_1,nearest,32–64,1,1297,0.000,1.000,19.0364,27.5101
ROI_049/patch_1,nearest,64–128,1,1946,0.000,1.000,26.5119,35.7579
ROI_049/patch_1,nearest,≥128,1,545,0.000,1.000,18.3055,30.4298
ROI_049/patch_1,own,0–16,1,147,0.000,1.000,1.5850,4.5072
ROI_049/patch_1,own,16–32,1,423,0.000,1.000,5.0589,9.1417
ROI_049/patch_1,own,32–64,1,1455,0.000,1.000,21.4795,33.0786
ROI_049/patch_1,own,64–128,1,5157,0.000,1.000,16.6520,23.9227
ROI_049/patch_1,own,≥128,1,27682,0.000,1.000,12.2962,23.8195
ROI_049/patch_2,nearest,0–16,1,138,0.000,1.000,5.6472,7.1682
ROI_049/patch_2,nearest,16–32,1,387,0.000,1.000,8.7989,10.7188
ROI_049/patch_2,nearest,32–64,1,1200,0.000,1.000,30.3853,33.4636
ROI_049/patch_2,nearest,64–128,1,2483,0.000,1.000,18.3721,20.7230
ROI_049/patch_2,nearest,≥128,1,481,0.050,1.000,318.9090,323.4463
ROI_049/patch_2,own,0–16,1,138,0.000,1.000,5.5593,7.0690
ROI_049/patch_2,own,16–32,1,387,0.000,1.000,12.6761,14.7772
ROI_049/patch_2,own,32–64,1,1301,0.000,1.000,41.1593,43.2921
ROI_049/patch_2,own,64–128,1,4207,0.000,1.000,20.6829,23.9162
ROI_049/patch_2,own,≥128,1,31479,0.000,1.000,28.2765,31.6344
ROI_049/patch_3,nearest,0–16,1,136,0.000,1.000,10.5447,11.0172
ROI_049/patch_3,nearest,16–32,1,388,0.000,1.000,14.1139,15.7811
ROI_049/patch_3,nearest,32–64,1,1143,0.000,1.000,34.8885,41.8917
ROI_049/patch_3,nearest,64–128,1,1790,0.000,1.000,39.9920,42.6230
ROI_049/patch_3,nearest,≥128,1,793,0.000,1.000,24.2840,25.2376
ROI_049/patch_3,own,0–16,1,136,0.000,1.000,10.6082,11.0943
ROI_049/patch_3,own,16–32,1,388,0.000,1.000,12.2004,13.3485
ROI_049/patch_3,own,32–64,1,1281,0.000,1.000,30.8219,39.0926
ROI_049/patch_3,own,64–128,1,4300,0.000,1.000,66.2997,71.4946
ROI_049/patch_3,own,≥128,1,27895,0.000,1.000,43.4667,52.1030
ROI_049/patch_4,nearest,0–16,1,151,0.000,1.000,4.9633,6.3260
ROI_049/patch_4,nearest,16–32,1,422,0.000,1.000,3.7973,5.0350
ROI_049/patch_4,nearest,32–64,1,1211,0.000,1.000,9.8698,11.5873
ROI_049/patch_4,nearest,64–128,1,2183,0.000,1.000,7.8390,9.7796
ROI_049/patch_4,nearest,≥128,1,924,0.000,1.000,38.9120,39.6356
ROI_049/patch_4,own,0–16,1,151,0.000,1.000,4.8729,6.2412
ROI_049/patch_4,own,16–32,1,422,0.000,1.000,3.9198,5.1267
ROI_049/patch_4,own,32–64,1,1336,0.000,1.000,5.8963,7.4473
ROI_049/patch_4,own,64–128,1,4799,0.000,1.000,6.6345,8.2219
ROI_049/patch_4,own,≥128,1,32420,0.000,1.000,9.1428,9.9662
ROI_049/patch_5,nearest,0–16,1,124,0.000,1.000,7.5920,9.2442
ROI_049/patch_5,nearest,16–32,1,363,0.000,1.000,7.7928,10.8942
ROI_049/patch_5,nearest,32–64,1,1057,0.000,1.000,18.2674,21.6407
ROI_049/patch_5,nearest,64–128,1,1868,0.000,1.000,14.4271,16.5724
ROI_049/patch_5,nearest,≥128,1,1255,0.000,1.000,95.2037,99.3330
ROI_049/patch_5,own,0–16,1,124,0.000,1.000,7.9626,9.6816
ROI_049/patch_5,own,16–32,1,363,0.000,1.000,7.3485,10.0242
ROI_049/patch_5,own,32–64,1,1203,0.000,1.000,44.0640,46.9352
ROI_049/patch_5,own,64–128,1,4277,0.000,1.000,23.3534,27.3705
ROI_049/patch_5,own,≥128,1,31369,0.000,1.000,17.3401,21.4158
ROI_049/patch_6,nearest,0–16,1,148,0.000,1.000,3.9002,4.7051
ROI_049/patch_6,nearest,16–32,1,331,0.000,1.000,3.8329,4.9325
ROI_049/patch_6,nearest,32–64,1,1112,0.000,1.000,6.1031,7.7190
ROI_049/patch_6,nearest,64–128,1,2480,0.000,1.000,4.2196,5.7439
ROI_049/patch_6,nearest,≥128,1,860,0.000,1.000,6.2574,7.6116
ROI_049/patch_6,own,0–16,1,148,0.000,1.000,3.9157,4.6807
ROI_049/patch_6,own,16–32,1,358,0.000,1.000,3.8682,4.7997
ROI_049/patch_6,own,32–64,1,1231,0.000,1.000,6.1884,7.3121
ROI_049/patch_6,own,64–128,1,4478,0.000,1.000,28.0270,29.5004
ROI_049/patch_6,own,≥128,1,33233,0.000,1.000,4.9312,7.0901
ROI_049/patch_7,nearest,0–16,1,145,0.000,1.000,6.1986,9.1993
ROI_049/patch_7,nearest,16–32,1,427,0.000,1.000,6.6585,9.6144
ROI_049/patch_7,nearest,32–64,1,1273,0.000,1.000,7.0460,10.5131
ROI_049/patch_7,nearest,64–128,1,2216,0.000,1.000,16.6747,20.0595
ROI_049/patch_7,nearest,≥128,1,740,0.000,1.000,5.8850,14.9694
ROI_049/patch_7,own,0–16,1,145,0.000,1.000,6.2239,9.2370
ROI_049/patch_7,own,16–32,1,427,0.000,1.000,6.6877,9.6516
ROI_049/patch_7,own,32–64,1,1522,0.000,1.000,7.1946,10.4132
ROI_049/patch_7,own,64–128,1,5374,0.000,1.000,8.2382,11.6916
ROI_049/patch_7,own,≥128,1,30940,0.000,1.000,6.6687,9.9616
ROI_049/patch_8,nearest,0–16,1,152,0.000,1.000,21.1564,22.6117
ROI_049/patch_8,nearest,16–32,1,430,0.000,1.000,2.5385,4.0761
ROI_049/patch_8,nearest,32–64,1,1208,0.000,1.000,38.2210,40.7012
ROI_049/patch_8,nearest,64–128,1,1861,0.000,1.000,45.9084,48.6471
ROI_049/patch_8,nearest,≥128,1,799,0.000,1.000,106.9601,115.1568
ROI_049/patch_8,own,0–16,1,152,0.000,1.000,32.9461,34.3889
ROI_049/patch_8,own,16–32,1,430,0.000,1.000,5.5538,7.0140
ROI_049/patch_8,own,32–64,1,1375,0.000,1.000,28.7907,31.6258
ROI_049/patch_8,own,64–128,1,4741,0.000,1.000,22.3721,25.0013
ROI_049/patch_8,own,≥128,1,28902,0.000,1.000,69.2642,71.6511
ROI_049/patch_10,nearest,0–16,1,132,0.000,1.000,4.7309,5.5169
ROI_049/patch_10,nearest,16–32,1,393,0.000,1.000,5.0282,5.9428
ROI_049/patch_10,nearest,32–64,1,1384,0.000,1.000,13.3593,14.7442
ROI_049/patch_10,nearest,64–128,1,2452,0.000,1.000,9.4622,11.3348
ROI_049/patch_10,nearest,≥128,1,385,0.000,1.000,16.8359,18.8153
ROI_049/patch_10,own,0–16,1,132,0.000,1.000,4.7400,5.5021
ROI_049/patch_10,own,16–32,1,393,0.000,1.000,5.1881,6.2354
ROI_049/patch_10,own,32–64,1,1425,0.000,1.000,5.7945,7.0151
ROI_049/patch_10,own,64–128,1,4709,0.000,1.000,7.8956,9.6344
ROI_049/patch_10,own,≥128,1,31309,0.000,1.000,10.7052,12.6051
ROI_049/patch_11,nearest,0–16,1,147,0.000,1.000,4.2817,5.6555
ROI_049/patch_11,nearest,16–32,1,430,0.000,1.000,5.3047,6.7303
ROI_049/patch_11,nearest,32–64,1,1112,0.000,1.000,23.7772,26.9647
ROI_049/patch_11,nearest,64–128,1,2141,0.000,1.000,25.2900,28.0854
ROI_049/patch_11,nearest,≥128,1,1020,0.000,1.000,15.0810,17.0520
ROI_049/patch_11,own,0–16,1,147,0.000,1.000,4.2555,5.6392
ROI_049/patch_11,own,16–32,1,430,0.000,1.000,5.3354,6.7323
ROI_049/patch_11,own,32–64,1,1290,0.000,1.000,11.1098,13.6158
ROI_049/patch_11,own,64–128,1,3966,0.000,1.000,40.1129,44.0928
ROI_049/patch_11,own,≥128,1,32967,0.000,1.000,13.9285,18.1960
ROI_049/patch_12,nearest,0–16,1,138,0.000,1.000,4.6990,7.0666
ROI_049/patch_12,nearest,16–32,1,386,0.000,1.000,26.6057,33.5336
ROI_049/patch_12,nearest,32–64,1,1092,0.000,1.000,97.2132,105.6655
ROI_049/patch_12,nearest,64–128,1,1850,0.000,1.000,32.7755,46.6334
ROI_049/patch_12,nearest,≥128,1,655,0.000,1.000,43.3682,50.0591
ROI_049/patch_12,own,0–16,1,138,0.000,1.000,4.6665,7.0094
ROI_049/patch_12,own,16–32,1,386,0.000,1.000,23.1558,33.1166
ROI_049/patch_12,own,32–64,1,1108,0.000,1.000,111.6666,117.8907
ROI_049/patch_12,own,64–128,1,3598,0.000,1.000,70.4030,83.4098
ROI_049/patch_12,own,≥128,1,27738,0.000,1.000,54.7994,64.3745
ROI_049/patch_13,nearest,0–16,1,135,0.000,1.000,1.9213,4.5275
ROI_049/patch_13,nearest,16–32,1,397,0.000,1.000,1.8576,4.3971
ROI_049/patch_13,nearest,32–64,1,997,0.000,1.000,13.8185,18.1678
ROI_049/patch_13,nearest,64–128,1,1538,0.000,1.000,9.8838,12.9388
ROI_049/patch_13,nearest,≥128,1,1534,0.000,1.000,4.8998,7.8399
ROI_049/patch_13,own,0–16,1,135,0.000,1.000,1.9208,4.5367
ROI_049/patch_13,own,16–32,1,397,0.000,1.000,1.8284,4.3584
ROI_049/patch_13,own,32–64,1,1203,0.000,1.000,8.5902,11.5812
ROI_049/patch_13,own,64–128,1,4744,0.000,1.000,9.8986,13.2097
ROI_049/patch_13,own,≥128,1,30329,0.000,1.000,11.5906,15.2281
ROI_049/patch_15,nearest,0–16,1,137,0.000,1.000,5.8340,7.3599
ROI_049/patch_15,nearest,16–32,1,372,0.000,1.000,4.9318,6.6396
ROI_049/patch_15,nearest,32–64,1,1152,0.000,1.000,14.3524,17.5085
ROI_049/patch_15,nearest,64–128,1,2393,0.000,1.000,34.4757,67.0956
ROI_049/patch_15,nearest,≥128,1,409,0.000,1.000,13.4034,19.1491
ROI_049/patch_15,own,0–16,1,137,0.000,1.000,5.9247,7.4491
ROI_049/patch_15,own,16–32,1,372,0.000,1.000,5.1361,6.6742
ROI_049/patch_15,own,32–64,1,1327,0.000,1.000,11.9546,14.6326
ROI_049/patch_15,own,64–128,1,4677,0.000,1.000,33.7441,48.1728
ROI_049/patch_15,own,≥128,1,29191,0.000,1.000,26.0636,29.3516
ROI_049/patch_16,nearest,0–16,1,127,0.000,1.000,217.7621,219.8868
ROI_049/patch_16,nearest,16–32,1,392,0.000,1.000,3.8397,5.5171
ROI_049/patch_16,nearest,32–64,1,1202,0.000,1.000,11.4568,13.8704
ROI_049/patch_16,nearest,64–128,1,2579,0.000,1.000,9.7010,11.9154
ROI_049/patch_16,nearest,≥128,1,372,0.000,1.000,19.9047,22.6273
ROI_049/patch_16,own,0–16,1,127,0.000,1.000,236.8389,238.9949
ROI_049/patch_16,own,16–32,1,392,0.000,1.000,3.9156,5.7514
ROI_049/patch_16,own,32–64,1,1223,0.000,1.000,17.7646,19.7649
ROI_049/patch_16,own,64–128,1,4402,0.000,1.000,10.9125,12.7252
ROI_049/patch_16,own,≥128,1,31232,0.000,1.000,9.5795,11.4758
ROI_049/patch_17,nearest,0–16,1,140,0.000,1.000,12.1785,13.5340
ROI_049/patch_17,nearest,16–32,1,355,0.000,1.000,7.3496,9.1714
ROI_049/patch_17,nearest,32–64,1,1008,0.000,1.000,75.8393,80.2419
ROI_049/patch_17,nearest,64–128,1,1702,0.000,1.000,26.8213,32.4706
ROI_049/patch_17,nearest,≥128,1,1002,0.000,1.000,22.0638,24.7619
ROI_049/patch_17,own,0–16,1,140,0.000,1.000,14.5305,15.8564
ROI_049/patch_17,own,16–32,1,355,0.000,1.000,12.4912,14.7113
ROI_049/patch_17,own,32–64,1,1146,0.000,1.000,37.7905,43.5407
ROI_049/patch_17,own,64–128,1,4743,0.000,1.000,59.5598,64.2901
ROI_049/patch_17,own,≥128,1,27272,0.000,1.000,19.2993,22.1661
ROI_049/patch_19,nearest,0–16,1,143,0.000,1.000,3.5594,5.1564
ROI_049/patch_19,nearest,16–32,1,404,0.000,1.000,3.9049,6.0325
ROI_049/patch_19,nearest,32–64,1,1161,0.000,1.000,12.6741,14.9611
ROI_049/patch_19,nearest,64–128,1,2191,0.000,1.000,16.6157,19.5535
ROI_049/patch_19,nearest,≥128,1,671,0.000,1.000,34.4713,40.5600
ROI_049/patch_19,own,0–16,1,143,0.000,1.000,3.4660,5.0745
ROI_049/patch_19,own,16–32,1,422,0.000,1.000,3.6387,5.7188
ROI_049/patch_19,own,32–64,1,1364,0.000,1.000,11.7909,14.8173
ROI_049/patch_19,own,64–128,1,4855,0.000,1.000,26.1947,30.5599
ROI_049/patch_19,own,≥128,1,29776,0.000,1.000,19.9554,25.8662
ROI_049/patch_20,nearest,0–16,1,138,0.000,1.000,4.9877,7.8166
ROI_049/patch_20,nearest,16–32,1,359,0.000,1.000,91.1405,101.4271
ROI_049/patch_20,nearest,32–64,1,1079,0.000,1.000,55.6661,64.5995
ROI_049/patch_20,nearest,64–128,1,1859,0.000,1.000,33.2755,40.1411
ROI_049/patch_20,nearest,≥128,1,670,0.000,1.000,83.0278,90.0424
ROI_049/patch_20,own,0–16,1,138,0.000,1.000,5.3881,8.0280
ROI_049/patch_20,own,16–32,1,359,0.000,1.000,67.7527,77.5649
ROI_049/patch_20,own,32–64,1,1160,0.000,1.000,74.0060,79.3380
ROI_049/patch_20,own,64–128,1,3801,0.000,1.000,47.9803,56.0815
ROI_049/patch_20,own,≥128,1,27382,0.000,1.000,36.2725,43.1489
ROI_049/patch_21,nearest,0–16,1,144,0.000,1.000,5.0607,10.8110
ROI_049/patch_21,nearest,16–32,1,439,0.000,1.000,10.8653,16.0948
ROI_049/patch_21,nearest,32–64,1,1281,0.000,1.000,30.9422,36.3847
ROI_049/patch_21,nearest,64–128,1,1947,0.000,1.000,24.5675,31.3930
ROI_049/patch_21,nearest,≥128,1,814,0.000,1.000,20.4499,28.0622
ROI_049/patch_21,own,0–16,1,144,0.000,1.000,5.2232,11.0692
ROI_049/patch_21,own,16–32,1,439,0.000,1.000,7.8125,12.9223
ROI_049/patch_21,own,32–64,1,1473,0.000,1.000,17.6556,23.1003
ROI_049/patch_21,own,64–128,1,4321,0.000,1.000,30.0983,37.3372
ROI_049/patch_21,own,≥128,1,30623,0.000,1.000,9.8217,16.4111
ROI_049/patch_22,nearest,0–16,1,147,0.000,1.000,152.8810,168.3726
ROI_049/patch_22,nearest,16–32,1,414,0.000,1.000,108.6488,115.2401
ROI_049/patch_22,nearest,32–64,1,1175,0.000,1.000,93.6525,100.6660
ROI_049/patch_22,nearest,64–128,1,1960,0.000,1.000,35.2636,48.4526
ROI_049/patch_22,nearest,≥128,1,568,0.000,1.000,471.7687,519.2608
ROI_049/patch_22,own,0–16,1,147,0.000,1.000,108.4021,119.7471
ROI_049/patch_22,own,16–32,1,414,0.000,1.000,139.5132,146.9079
ROI_049/patch_22,own,32–64,1,1282,0.000,1.000,82.3299,88.8659
ROI_049/patch_22,own,64–128,1,3864,0.000,1.000,109.4752,117.3310
ROI_049/patch_22,own,≥128,1,28405,0.000,1.000,32.9507,42.5204
ROI_049/patch_23,nearest,0–16,1,131,0.000,1.000,3.9516,5.8811
ROI_049/patch_23,nearest,16–32,1,403,0.000,1.000,4.1764,7.0261
ROI_049/patch_23,nearest,32–64,1,1102,0.000,1.000,46.2220,50.5813
ROI_049/patch_23,nearest,64–128,1,2252,0.000,1.000,51.3368,54.0828
ROI_049/patch_23,nearest,≥128,1,554,0.000,1.000,33.1227,38.9347
ROI_049/patch_23,own,0–16,1,131,0.000,1.000,3.9489,5.8325
ROI_049/patch_23,own,16–32,1,405,0.000,1.000,4.0744,6.5714
ROI_049/patch_23,own,32–64,1,1379,0.000,1.000,36.0737,40.2351
ROI_049/patch_23,own,64–128,1,4828,0.000,1.000,118.2978,123.6908
ROI_049/patch_23,own,≥128,1,28793,0.000,1.000,24.4001,28.1674
ROI_049/patch_24,nearest,0–16,1,154,0.000,1.000,4.0928,7.2211
ROI_049/patch_24,nearest,16–32,1,403,0.000,1.000,8.3193,12.1346
ROI_049/patch_24,nearest,32–64,1,1136,0.000,1.000,22.4341,43.8291
ROI_049/patch_24,nearest,64–128,1,1726,0.000,1.000,39.0462,49.0678
ROI_049/patch_24,nearest,≥128,1,892,0.000,1.000,18.6986,24.2236
ROI_049/patch_24,own,0–16,1,154,0.000,1.000,4.0420,7.1570
ROI_049/patch_24,own,16–32,1,403,0.000,1.000,4.5707,7.9764
ROI_049/patch_24,own,32–64,1,1223,0.000,1.000,23.0061,40.4963
ROI_049/patch_24,own,64–128,1,4708,0.000,1.000,108.2572,115.3202
ROI_049/patch_24,own,≥128,1,28000,0.000,1.000,34.6505,40.3160
ROI_049/patch_26,nearest,0–16,1,143,0.000,1.000,1.8401,3.5427
ROI_049/patch_26,nearest,16–32,1,427,0.000,1.000,5.3453,6.9819
ROI_049/patch_26,nearest,32–64,1,1107,0.000,1.000,49.0935,54.2657
ROI_049/patch_26,nearest,64–128,1,1988,0.000,1.000,24.5322,29.5896
ROI_049/patch_26,nearest,≥128,1,595,0.000,1.000,42.2133,47.2721
ROI_049/patch_26,own,0–16,1,143,0.000,1.000,1.8800,3.5586
ROI_049/patch_26,own,16–32,1,427,0.000,1.000,4.1816,7.5866
ROI_049/patch_26,own,32–64,1,1236,0.000,1.000,74.5398,76.8946
ROI_049/patch_26,own,64–128,1,4711,0.000,1.000,35.0094,41.0753
ROI_049/patch_26,own,≥128,1,27563,0.000,1.000,19.8324,25.5070
ROI_049/patch_27,nearest,0–16,1,145,0.000,1.000,5.3033,7.1046
ROI_049/patch_27,nearest,16–32,1,426,0.000,1.000,28.9421,32.3917
ROI_049/patch_27,nearest,32–64,1,1265,0.000,1.000,16.2398,18.8244
ROI_049/patch_27,nearest,64–128,1,2124,0.000,1.000,33.1816,40.1306
ROI_049/patch_27,nearest,≥128,1,513,0.100,1.000,136.0058,160.4980
ROI_049/patch_27,own,0–16,1,145,0.000,1.000,5.2984,7.1338
ROI_049/patch_27,own,16–32,1,428,0.000,1.000,17.8140,20.5249
ROI_049/patch_27,own,32–64,1,1410,0.000,1.000,8.6116,10.8387
ROI_049/patch_27,own,64–128,1,4650,0.000,1.000,38.1004,45.6106
ROI_049/patch_27,own,≥128,1,29151,0.000,1.000,42.4031,52.4662
ROI_049/patch_28,nearest,0–16,1,140,0.000,1.000,2.9632,5.5256
ROI_049/patch_28,nearest,16–32,1,402,0.000,1.000,1.2363,3.7178
ROI_049/patch_28,nearest,32–64,1,1112,0.000,1.000,21.7396,24.4316
ROI_049/patch_28,nearest,64–128,1,1589,0.000,1.000,23.4988,26.5200
ROI_049/patch_28,nearest,≥128,1,1425,0.000,1.000,43.6946,49.8054
ROI_049/patch_28,own,0–16,1,140,0.000,1.000,2.4721,5.0531
ROI_049/patch_28,own,16–32,1,402,0.000,1.000,1.0696,3.5910
ROI_049/patch_28,own,32–64,1,1409,0.000,1.000,27.2003,31.0877
ROI_049/patch_28,own,64–128,1,4509,0.000,1.000,17.3942,19.7386
ROI_049/patch_28,own,≥128,1,30884,0.000,1.000,72.5801,75.3425
ROI_049/patch_29,nearest,0–16,1,146,0.000,1.000,26.4618,29.6437
ROI_049/patch_29,nearest,16–32,1,413,0.000,1.000,6.0904,8.5853
ROI_049/patch_29,nearest,32–64,1,1141,0.000,1.000,16.6793,19.1427
ROI_049/patch_29,nearest,64–128,1,1997,0.000,1.000,26.9978,29.9943
ROI_049/patch_29,nearest,≥128,1,946,0.000,1.000,3.2560,4.6816
ROI_049/patch_29,own,0–16,1,146,0.000,1.000,31.2802,35.2427
ROI_049/patch_29,own,16–32,1,417,0.000,1.000,4.7533,7.0970
ROI_049/patch_29,own,32–64,1,1364,0.000,1.000,22.3814,24.5614
ROI_049/patch_29,own,64–128,1,4896,0.000,1.000,25.1130,27.5907
ROI_049/patch_29,own,≥128,1,30321,0.000,1.000,15.6873,17.9430
ROI_049/patch_30,nearest,0–16,1,144,0.000,1.000,9.7931,13.1808
ROI_049/patch_30,nearest,16–32,1,404,0.000,1.000,20.2290,23.7939
ROI_049/patch_30,nearest,32–64,1,1143,0.000,1.000,13.7736,17.6864
ROI_049/patch_30,nearest,64–128,1,1868,0.000,1.000,31.2774,35.5384
ROI_049/patch_30,nearest,≥128,1,975,0.000,1.000,12.9216,16.8319
ROI_049/patch_30,own,0–16,1,144,0.000,1.000,9.8411,13.3355
ROI_049/patch_30,own,16–32,1,409,0.000,1.000,25.4605,28.9333
ROI_049/patch_30,own,32–64,1,1383,0.000,1.000,9.9100,13.5994
ROI_049/patch_30,own,64–128,1,4419,0.000,1.000,27.4358,31.5178
ROI_049/patch_30,own,≥128,1,29917,0.000,1.000,31.0419,36.3077
ROI_049/patch_31,nearest,0–16,1,122,0.000,1.000,11.6676,14.3356
ROI_049/patch_31,nearest,16–32,1,364,0.000,1.000,11.7947,14.5903
ROI_049/patch_31,nearest,32–64,1,1239,0.000,1.000,14.6847,20.2762
ROI_049/patch_31,nearest,64–128,1,2319,0.000,1.000,24.1489,28.1192
ROI_049/patch_31,nearest,≥128,1,563,0.000,1.000,17.8995,21.2544
ROI_049/patch_31,own,0–16,1,122,0.000,1.000,11.4737,14.2233
ROI_049/patch_31,own,16–32,1,364,0.000,1.000,11.9198,14.6219
ROI_049/patch_31,own,32–64,1,1283,0.000,1.000,12.1966,17.1592
ROI_049/patch_31,own,64–128,1,4591,0.000,1.000,25.5693,29.9887
ROI_049/patch_31,own,≥128,1,30496,0.000,1.000,17.8112,21.5750
ROI_049/patch_32,nearest,0–16,1,143,0.000,1.000,4.2101,6.7561
ROI_049/patch_32,nearest,16–32,1,368,0.000,1.000,9.6853,12.2282
ROI_049/patch_32,nearest,32–64,1,1152,0.000,1.000,48.3934,53.9305
ROI_049/patch_32,nearest,64–128,1,1800,0.000,1.000,59.4121,64.7287
ROI_049/patch_32,nearest,≥128,1,768,0.000,1.000,5.4741,10.5712
ROI_049/patch_32,own,0–16,1,143,0.000,1.000,4.2612,6.8131
ROI_049/patch_32,own,16–32,1,368,0.000,1.000,17.0070,19.5424
ROI_049/patch_32,own,32–64,1,1242,0.000,1.000,53.8417,57.2760
ROI_049/patch_32,own,64–128,1,4238,0.000,1.000,51.5524,55.5329
ROI_049/patch_32,own,≥128,1,27857,0.000,1.000,63.8013,68.0725
ROI_049/patch_33,nearest,0–16,1,156,0.000,1.000,10.0127,10.5752
ROI_049/patch_33,nearest,16–32,1,410,0.000,1.000,11.5873,12.1899
ROI_049/patch_33,nearest,32–64,1,1201,0.000,1.000,23.7690,25.4841
ROI_049/patch_33,nearest,64–128,1,2095,0.000,1.000,30.5888,32.5265
ROI_049/patch_33,nearest,≥128,1,544,0.000,1.000,66.2151,70.8970
ROI_049/patch_33,own,0–16,1,156,0.000,1.000,9.3253,9.8592
ROI_049/patch_33,own,16–32,1,410,0.000,1.000,11.7496,12.3530
ROI_049/patch_33,own,32–64,1,1303,0.000,1.000,20.9307,22.4497
ROI_049/patch_33,own,64–128,1,4196,0.000,1.000,21.1871,23.3238
ROI_049/patch_33,own,≥128,1,29183,0.000,1.000,32.2720,35.5854
ROI_049/patch_34,nearest,0–16,1,151,0.000,1.000,3.4014,4.1964
ROI_049/patch_34,nearest,16–32,1,429,0.000,1.000,3.8215,4.3418
ROI_049/patch_34,nearest,32–64,1,1186,0.000,1.000,15.6176,17.3931
ROI_049/patch_34,nearest,64–128,1,2105,0.000,1.000,14.6897,16.7051
ROI_049/patch_34,nearest,≥128,1,876,0.000,1.000,2.6928,4.3086
ROI_049/patch_34,own,0–16,1,151,0.000,1.000,3.3638,4.1587
ROI_049/patch_34,own,16–32,1,429,0.000,1.000,4.4707,6.3434
ROI_049/patch_34,own,32–64,1,1373,0.000,1.000,19.3329,21.4259
ROI_049/patch_34,own,64–128,1,4791,0.000,1.000,11.9130,14.2333
ROI_049/patch_34,own,≥128,1,31232,0.000,1.000,18.0787,19.5624
ROI_049/patch_35,nearest,0–16,1,156,0.000,1.000,3.1427,16.3121
ROI_049/patch_35,nearest,16–32,1,450,0.000,1.000,12.7390,15.5031
ROI_049/patch_35,nearest,32–64,1,1287,0.000,1.000,89.2710,92.8730
ROI_049/patch_35,nearest,64–128,1,2142,0.000,1.000,19.5580,22.3351
ROI_049/patch_35,nearest,≥128,1,617,0.000,1.000,10.8353,12.9963
ROI_049/patch_35,own,0–16,1,156,0.000,1.000,3.1097,18.1936
ROI_049/patch_35,own,16–32,1,450,0.000,1.000,48.9969,51.6903
ROI_049/patch_35,own,32–64,1,1432,0.000,1.000,109.8755,112.3428
ROI_049/patch_35,own,64–128,1,4822,0.000,1.000,55.3072,66.6927
ROI_049/patch_35,own,≥128,1,35008,0.000,1.000,14.6232,17.9398
ROI_049/patch_36,nearest,0–16,1,152,0.000,1.000,4.4594,5.9274
ROI_049/patch_36,nearest,16–32,1,424,0.000,1.000,5.7327,7.5316
ROI_049/patch_36,nearest,32–64,1,1306,0.000,1.000,6.2751,7.9020
ROI_049/patch_36,nearest,64–128,1,2022,0.000,1.000,29.0916,30.3110
ROI_049/patch_36,nearest,≥128,1,786,0.000,1.000,14.9438,16.3663
ROI_049/patch_36,own,0–16,1,152,0.000,1.000,4.4601,5.8707
ROI_049/patch_36,own,16–32,1,424,0.000,1.000,5.5538,7.0947
ROI_049/patch_36,own,32–64,1,1459,0.000,1.000,6.2388,7.7926
ROI_049/patch_36,own,64–128,1,5466,0.000,1.000,21.1723,22.3555
ROI_049/patch_36,own,≥128,1,30019,0.000,1.000,12.8694,13.9509
ROI_049/patch_37,nearest,0–16,1,122,0.000,1.000,3.1132,4.5912
ROI_049/patch_37,nearest,16–32,1,353,0.000,1.000,2.5919,4.4293
ROI_049/patch_37,nearest,32–64,1,1000,0.000,1.000,45.8122,49.6631
ROI_049/patch_37,nearest,64–128,1,2206,0.000,1.000,12.2860,13.8836
ROI_049/patch_37,nearest,≥128,1,717,0.000,1.000,11.0876,17.9083
ROI_049/patch_37,own,0–16,1,122,0.000,1.000,3.0856,4.6139
ROI_049/patch_37,own,16–32,1,353,0.000,1.000,2.6023,4.5238
ROI_049/patch_37,own,32–64,1,1169,0.000,1.000,37.5161,41.7460
ROI_049/patch_37,own,64–128,1,4535,0.000,1.000,31.2632,33.4670
ROI_049/patch_37,own,≥128,1,29005,0.000,1.000,32.7674,37.4545
ROI_049/patch_38,nearest,0–16,1,135,0.000,1.000,26.9649,27.5508
ROI_049/patch_38,nearest,16–32,1,353,0.000,1.000,34.1133,34.9162
ROI_049/patch_38,nearest,32–64,1,1090,0.000,1.000,52.6158,56.2864
ROI_049/patch_38,nearest,64–128,1,2232,0.000,1.000,95.4930,100.1596
ROI_049/patch_38,nearest,≥128,1,472,0.000,1.000,43.4023,47.9385
ROI_049/patch_38,own,0–16,1,135,0.000,1.000,33.6866,34.2929
ROI_049/patch_38,own,16–32,1,353,0.000,1.000,33.0666,33.8250
ROI_049/patch_38,own,32–64,1,1098,0.000,1.000,61.0882,63.0022
ROI_049/patch_38,own,64–128,1,3777,0.000,1.000,78.8460,83.3974
ROI_049/patch_38,own,≥128,1,28893,0.000,1.000,65.6996,69.1544
ROI_049/patch_39,nearest,0–16,1,114,0.000,1.000,7.2549,9.6354
ROI_049/patch_39,nearest,16–32,1,347,0.000,1.000,6.5195,9.1101
ROI_049/patch_39,nearest,32–64,1,1112,0.000,1.000,14.8369,18.8729
ROI_049/patch_39,nearest,64–128,1,2003,0.000,1.000,68.1284,89.8973
ROI_049/patch_39,nearest,≥128,1,1132,0.550,1.000,293.3252,296.5483
ROI_049/patch_39,own,0–16,1,114,0.000,1.000,7.3110,9.7324
ROI_049/patch_39,own,16–32,1,347,0.000,1.000,5.9684,8.4491
ROI_049/patch_39,own,32–64,1,1263,0.000,1.000,19.9560,25.3448
ROI_049/patch_39,own,64–128,1,4305,0.000,1.000,34.6105,44.7353
ROI_049/patch_39,own,≥128,1,31635,0.000,1.000,24.8325,29.7936
ROI_049/patch_41,nearest,0–16,1,118,0.000,1.000,19.0373,33.6160
ROI_049/patch_41,nearest,16–32,1,311,0.000,1.000,125.6465,163.4869
ROI_049/patch_41,nearest,32–64,1,1060,0.000,1.000,103.3189,129.4719
ROI_049/patch_41,nearest,64–128,1,2066,0.000,1.000,34.9626,56.6272
ROI_049/patch_41,nearest,≥128,1,305,0.000,1.000,90.2322,104.9162
ROI_049/patch_41,own,0–16,1,118,0.000,1.000,10.9177,26.9575
ROI_049/patch_41,own,16–32,1,311,0.000,1.000,145.2138,173.1793
ROI_049/patch_41,own,32–64,1,1073,0.000,1.000,106.1926,129.8702
ROI_049/patch_41,own,64–128,1,3952,0.000,1.000,33.9519,57.3262
ROI_049/patch_41,own,≥128,1,25426,0.000,1.000,59.8983,81.2429
ROI_049/patch_42,nearest,0–16,1,149,0.000,1.000,1.8423,4.1608
ROI_049/patch_42,nearest,16–32,1,415,0.000,1.000,1.9043,4.3030
ROI_049/patch_42,nearest,32–64,1,1074,0.000,1.000,62.9784,65.8473
ROI_049/patch_42,nearest,64–128,1,2018,0.000,1.000,40.7321,43.3888
ROI_049/patch_42,nearest,≥128,1,833,0.000,1.000,18.0709,22.9969
ROI_049/patch_42,own,0–16,1,149,0.000,1.000,1.8538,4.2721
ROI_049/patch_42,own,16–32,1,429,0.000,1.000,1.8398,4.3212
ROI_049/patch_42,own,32–64,1,1396,0.000,1.000,44.1429,46.9169
ROI_049/patch_42,own,64–128,1,4225,0.000,1.000,142.1875,147.2874
ROI_049/patch_42,own,≥128,1,29713,0.000,1.000,64.6627,68.5538
ROI_049/patch_43,nearest,0–16,1,146,0.000,1.000,1.7909,4.6293
ROI_049/patch_43,nearest,16–32,1,438,0.000,1.000,2.0432,5.7167
ROI_049/patch_43,nearest,32–64,1,1333,0.000,1.000,9.5838,16.4218
ROI_049/patch_43,nearest,64–128,1,2193,0.000,1.000,6.1994,11.2765
ROI_049/patch_43,nearest,≥128,1,367,0.000,1.000,16.0225,23.9472
ROI_049/patch_43,own,0–16,1,146,0.000,1.000,1.8031,4.5975
ROI_049/patch_43,own,16–32,1,438,0.000,1.000,1.8901,5.3677
ROI_049/patch_43,own,32–64,1,1424,0.000,1.000,18.5374,26.6940
ROI_049/patch_43,own,64–128,1,5193,0.000,1.000,15.6655,19.5812
ROI_049/patch_43,own,≥128,1,28615,0.000,1.000,14.4928,17.2680
ROI_049/patch_44,nearest,0–16,1,109,0.000,1.000,329.5400,334.2573
ROI_049/patch_44,nearest,16–32,1,304,0.050,1.000,226.9178,229.7117
ROI_049/patch_44,nearest,32–64,1,863,0.050,1.000,143.3838,156.0790
ROI_049/patch_44,nearest,64–128,1,2192,0.000,1.000,146.3808,154.2788
ROI_049/patch_44,nearest,≥128,1,739,0.050,1.000,105.0603,117.1415
ROI_049/patch_44,own,0–16,1,109,0.100,1.000,254.1324,258.5721
ROI_049/patch_44,own,16–32,1,304,0.150,1.000,200.5148,203.4762
ROI_049/patch_44,own,32–64,1,1060,0.000,1.000,77.8565,86.0619
ROI_049/patch_44,own,64–128,1,3844,0.000,1.000,179.7291,186.5212
ROI_049/patch_44,own,≥128,1,28339,0.000,1.000,89.3626,101.4282
ROI_049/patch_46,nearest,0–16,1,140,0.000,1.000,4.9817,13.5656
ROI_049/patch_46,nearest,16–32,1,389,0.000,1.000,9.3105,18.0240
ROI_049/patch_46,nearest,32–64,1,1087,0.000,1.000,16.3779,21.7479
ROI_049/patch_46,nearest,64–128,1,2376,0.000,1.000,19.2088,27.0536
ROI_049/patch_46,nearest,≥128,1,476,0.000,1.000,35.4066,46.6726
ROI_049/patch_46,own,0–16,1,140,0.000,1.000,5.8250,16.2091
ROI_049/patch_46,own,16–32,1,389,0.000,1.000,8.9992,18.0747
ROI_049/patch_46,own,32–64,1,1179,0.000,1.000,19.8911,25.6888
ROI_049/patch_46,own,64–128,1,4337,0.000,1.000,21.3840,27.4554
ROI_049/patch_46,own,≥128,1,29699,0.000,1.000,37.8685,45.8506
ROI_049/patch_47,nearest,0–16,1,131,0.000,1.000,4.2453,5.5727
ROI_049/patch_47,nearest,16–32,1,390,0.000,1.000,1.8121,2.9769
ROI_049/patch_47,nearest,32–64,1,1262,0.000,1.000,3.1825,6.7191
ROI_049/patch_47,nearest,64–128,1,2638,0.000,1.000,6.3275,7.5822
ROI_049/patch_47,nearest,≥128,1,666,0.000,1.000,3.9935,6.4286
ROI_049/patch_47,own,0–16,1,131,0.000,1.000,5.2897,6.6486
ROI_049/patch_47,own,16–32,1,390,0.000,1.000,1.7479,2.9534
ROI_049/patch_47,own,32–64,1,1357,0.000,1.000,4.7605,8.2316
ROI_049/patch_47,own,64–128,1,4835,0.000,1.000,5.2519,6.8701
ROI_049/patch_47,own,≥128,1,33983,0.000,1.000,3.3594,5.6858
ROI_049/patch_48,nearest,0–16,1,129,0.000,1.000,13.8541,15.6645
ROI_049/patch_48,nearest,16–32,1,383,0.000,1.000,12.2321,13.8433
ROI_049/patch_48,nearest,32–64,1,1077,0.000,1.000,89.7901,98.2797
ROI_049/patch_48,nearest,64–128,1,2005,0.000,1.000,35.1235,38.4575
ROI_049/patch_48,nearest,≥128,1,598,0.000,1.000,22.3576,23.9213
ROI_049/patch_48,own,0–16,1,129,0.000,1.000,11.0339,12.8598
ROI_049/patch_48,own,16–32,1,383,0.000,1.000,7.9784,9.3568
ROI_049/patch_48,own,32–64,1,1150,0.000,1.000,49.2163,53.1861
ROI_049/patch_48,own,64–128,1,3844,0.000,1.000,96.4484,101.1960
ROI_049/patch_48,own,≥128,1,28030,0.000,1.000,30.3707,34.0733
ROI_049/patch_49,nearest,0–16,1,117,0.000,1.000,4.3308,5.5706
ROI_049/patch_49,nearest,16–32,1,337,0.000,1.000,31.2239,39.0112
ROI_049/patch_49,nearest,32–64,1,1039,0.000,1.000,63.0188,66.9430
ROI_049/patch_49,nearest,64–128,1,1785,0.000,1.000,65.4284,70.7514
ROI_049/patch_49,nearest,≥128,1,915,0.000,1.000,44.2451,53.5144
ROI_049/patch_49,own,0–16,1,117,0.000,1.000,4.4039,5.6717
ROI_049/patch_49,own,16–32,1,337,0.000,1.000,62.2366,69.8328
ROI_049/patch_49,own,32–64,1,1121,0.000,1.000,24.6457,27.3784
ROI_049/patch_49,own,64–128,1,3775,0.000,1.000,62.8981,67.3349
ROI_049/patch_49,own,≥128,1,28194,0.000,1.000,52.6738,60.1738
ROI_049/patch_50,nearest,0–16,1,155,0.000,1.000,3.5294,5.2837
ROI_049/patch_50,nearest,16–32,1,429,0.000,1.000,4.2449,6.1302
ROI_049/patch_50,nearest,32–64,1,1092,0.000,1.000,167.4762,172.1385
ROI_049/patch_50,nearest,64–128,1,1992,0.000,1.000,57.8505,79.9417
ROI_049/patch_50,nearest,≥128,1,781,0.000,1.000,100.0206,103.0949
ROI_049/patch_50,own,0–16,1,155,0.000,1.000,3.5414,5.3401
ROI_049/patch_50,own,16–32,1,432,0.000,1.000,4.2036,6.1211
ROI_049/patch_50,own,32–64,1,1340,0.100,1.000,102.4777,106.6250
ROI_049/patch_50,own,64–128,1,4261,0.000,1.000,29.3794,45.1216
ROI_049/patch_50,own,≥128,1,29404,0.000,1.000,24.9904,34.5849
ROI_049/patch_51,nearest,0–16,1,135,0.000,1.000,8.0285,12.0121
ROI_049/patch_51,nearest,16–32,1,376,0.000,1.000,28.3189,36.5362
ROI_049/patch_51,nearest,32–64,1,1067,0.000,1.000,108.1728,113.1570
ROI_049/patch_51,nearest,64–128,1,2110,0.000,1.000,156.9635,169.8357
ROI_049/patch_51,nearest,≥128,1,456,0.000,1.000,19.1489,25.3769
ROI_049/patch_51,own,0–16,1,135,0.000,1.000,8.0580,12.0887
ROI_049/patch_51,own,16–32,1,376,0.000,1.000,67.0149,74.2726
ROI_049/patch_51,own,32–64,1,1162,0.000,1.000,98.3777,103.4587
ROI_049/patch_51,own,64–128,1,4115,0.050,1.000,142.3111,149.9225
ROI_049/patch_51,own,≥128,1,27364,0.000,1.000,125.5881,141.7744
ROI_049/patch_53,nearest,0–16,1,144,0.000,1.000,8.5205,8.9985
ROI_049/patch_53,nearest,16–32,1,436,0.000,1.000,6.2574,7.7476
ROI_049/patch_53,nearest,32–64,1,1361,0.000,1.000,33.6730,35.0568
ROI_049/patch_53,nearest,64–128,1,2271,0.000,1.000,65.9288,68.8734
ROI_049/patch_53,nearest,≥128,1,403,0.000,1.000,25.8880,28.7800
ROI_049/patch_53,own,0–16,1,144,0.000,1.000,8.2003,8.6501
ROI_049/patch_53,own,16–32,1,436,0.000,1.000,5.8592,6.7337
ROI_049/patch_53,own,32–64,1,1464,0.000,1.000,35.5334,38.6688
ROI_049/patch_53,own,64–128,1,4899,0.000,1.000,61.9710,63.1744
ROI_049/patch_53,own,≥128,1,29977,0.000,1.000,45.7154,48.5628
ROI_049/patch_54,nearest,0–16,1,148,0.000,1.000,2.4441,3.9390
ROI_049/patch_54,nearest,16–32,1,400,0.000,1.000,16.8685,19.7086
ROI_049/patch_54,nearest,32–64,1,1132,0.000,1.000,15.2482,23.1647
ROI_049/patch_54,nearest,64–128,1,1649,0.000,1.000,52.4392,66.3984
ROI_049/patch_54,nearest,≥128,1,704,0.000,1.000,470.2462,475.2948
ROI_049/patch_54,own,0–16,1,148,0.000,1.000,2.4503,4.0232
ROI_049/patch_54,own,16–32,1,400,0.000,1.000,34.4180,36.6705
ROI_049/patch_54,own,32–64,1,1318,0.000,1.000,34.1666,40.1350
ROI_049/patch_54,own,64–128,1,4367,0.000,1.000,55.1795,62.2927
ROI_049/patch_54,own,≥128,1,26031,0.000,1.000,43.4394,48.8635
ROI_049/patch_56,nearest,0–16,1,143,0.000,1.000,4.1426,25.3904
ROI_049/patch_56,nearest,16–32,1,381,0.000,1.000,62.8260,84.2392
ROI_049/patch_56,nearest,32–64,1,936,0.000,1.000,89.8032,93.8382
ROI_049/patch_56,nearest,64–128,1,1674,0.000,1.000,90.8342,98.5123
ROI_049/patch_56,nearest,≥128,1,924,0.000,1.000,124.5985,136.2752
ROI_049/patch_56,own,0–16,1,143,0.000,1.000,5.3522,22.5325
ROI_049/patch_56,own,16–32,1,381,0.000,1.000,40.3550,56.4912
ROI_049/patch_56,own,32–64,1,1168,0.000,1.000,106.0888,121.3322
ROI_049/patch_56,own,64–128,1,4268,0.000,1.000,88.9231,100.2280
ROI_049/patch_56,own,≥128,1,26504,0.000,1.000,54.5813,68.4806
ROI_049/patch_57,nearest,0–16,1,144,0.000,1.000,24.2563,24.8957
ROI_049/patch_57,nearest,16–32,1,378,0.000,1.000,9.2448,9.9646
ROI_049/patch_57,nearest,32–64,1,1261,0.000,1.000,9.9212,15.4363
ROI_049/patch_57,nearest,64–128,1,2300,0.000,1.000,73.7231,76.9287
ROI_049/patch_57,nearest,≥128,1,427,0.000,1.000,473.2762,483.4420
ROI_049/patch_57,own,0–16,1,144,0.000,1.000,32.5609,33.2313
ROI_049/patch_57,own,16–32,1,378,0.000,1.000,9.7233,10.4089
ROI_049/patch_57,own,32–64,1,1261,0.000,1.000,11.2534,16.9629
ROI_049/patch_57,own,64–128,1,4079,0.000,1.000,52.1442,60.5445
ROI_049/patch_57,own,≥128,1,30218,0.000,1.000,70.5125,77.0597
ROI_049/patch_59,nearest,0–16,1,139,0.000,1.000,4.9439,6.1285
ROI_049/patch_59,nearest,16–32,1,361,0.000,1.000,5.5149,6.6835
ROI_049/patch_59,nearest,32–64,1,1132,0.000,1.000,12.7465,13.9825
ROI_049/patch_59,nearest,64–128,1,2286,0.000,1.000,14.8108,16.3331
ROI_049/patch_59,nearest,≥128,1,999,0.000,1.000,7.5917,9.2501
ROI_049/patch_59,own,0–16,1,139,0.000,1.000,5.0467,6.2013
ROI_049/patch_59,own,16–32,1,362,0.000,1.000,5.3870,6.5475
ROI_049/patch_59,own,32–64,1,1232,0.000,1.000,6.2239,7.6710
ROI_049/patch_59,own,64–128,1,4581,0.000,1.000,10.8046,12.4283
ROI_049/patch_59,own,≥128,1,33022,0.000,1.000,14.5761,16.2015
ROI_049/patch_60,nearest,0–16,1,131,0.000,1.000,29.6077,36.0615
ROI_049/patch_60,nearest,16–32,1,357,0.000,1.000,11.1397,15.6269
ROI_049/patch_60,nearest,32–64,1,1038,0.000,1.000,75.9909,85.1259
ROI_049/patch_60,nearest,64–128,1,2267,0.000,1.000,93.3715,99.4682
ROI_049/patch_60,nearest,≥128,1,499,0.000,1.000,73.1510,97.0073
ROI_049/patch_60,own,0–16,1,131,0.000,1.000,28.2853,33.9950
ROI_049/patch_60,own,16–32,1,360,0.000,1.000,10.2299,13.8778
ROI_049/patch_60,own,32–64,1,1152,0.000,1.000,149.6208,153.3049
ROI_049/patch_60,own,64–128,1,4120,0.000,1.000,60.4910,66.2626
ROI_049/patch_60,own,≥128,1,28573,0.000,1.000,55.2927,61.5290
ROI_049/patch_61,nearest,0–16,1,147,0.000,1.000,3.2859,4.1343
ROI_049/patch_61,nearest,16–32,1,414,0.000,1.000,3.5133,4.5293
ROI_049/patch_61,nearest,32–64,1,1279,0.000,1.000,13.4982,16.3697
ROI_049/patch_61,nearest,64–128,1,2237,0.000,1.000,5.1323,6.8423
ROI_049/patch_61,nearest,≥128,1,640,0.000,1.000,73.0752,82.8901
ROI_049/patch_61,own,0–16,1,147,0.000,1.000,3.2872,4.1182
ROI_049/patch_61,own,16–32,1,414,0.000,1.000,3.4132,4.3981
ROI_049/patch_61,own,32–64,1,1371,0.000,1.000,18.7618,21.8525
ROI_049/patch_61,own,64–128,1,4440,0.000,1.000,17.2454,18.7543
ROI_049/patch_61,own,≥128,1,31364,0.000,1.000,22.4452,24.5285
ROI_049/patch_63,nearest,0–16,1,156,0.000,1.000,3.6237,6.2281
ROI_049/patch_63,nearest,16–32,1,432,0.000,1.000,3.7658,6.1422
ROI_049/patch_63,nearest,32–64,1,1131,0.000,1.000,36.8889,41.2867
ROI_049/patch_63,nearest,64–128,1,2534,0.000,1.000,11.8833,16.0147
ROI_049/patch_63,nearest,≥128,1,332,0.000,1.000,20.1488,27.5312
ROI_049/patch_63,own,0–16,1,156,0.000,1.000,3.6396,6.3483
ROI_049/patch_63,own,16–32,1,435,0.000,1.000,3.7861,6.1542
ROI_049/patch_63,own,32–64,1,1348,0.000,1.000,49.5055,52.5308
ROI_049/patch_63,own,64–128,1,4392,0.000,1.000,24.9054,34.6948
ROI_049/patch_63,own,≥128,1,30349,0.000,1.000,16.5495,22.1350
ROI_049/patch_64,nearest,0–16,1,148,0.000,1.000,3.3763,4.7396
ROI_049/patch_64,nearest,16–32,1,417,0.000,1.000,11.4202,12.9264
ROI_049/patch_64,nearest,32–64,1,1198,0.000,1.000,22.7838,26.1442
ROI_049/patch_64,nearest,64–128,1,2407,0.000,1.000,5.7272,7.6287
ROI_049/patch_64,nearest,≥128,1,627,0.000,1.000,5.5842,9.1789
ROI_049/patch_64,own,0–16,1,148,0.000,1.000,3.3440,4.7287
ROI_049/patch_64,own,16–32,1,417,0.000,1.000,6.0462,7.5349
ROI_049/patch_64,own,32–64,1,1318,0.000,1.000,15.9170,18.1938
ROI_049/patch_64,own,64–128,1,4506,0.000,1.000,5.1709,7.0711
ROI_049/patch_64,own,≥128,1,31987,0.000,1.000,6.9870,9.4724
ROI_049/patch_65,nearest,0–16,1,123,0.000,1.000,218.3312,222.3829
ROI_049/patch_65,nearest,16–32,1,313,0.000,1.000,257.7137,268.2669
ROI_049/patch_65,nearest,32–64,1,936,0.000,1.000,247.6531,253.2572
ROI_049/patch_65,nearest,64–128,1,1483,0.000,1.000,144.5457,149.3528
ROI_049/patch_65,nearest,≥128,1,848,0.150,1.000,728.4034,761.4639
ROI_049/patch_65,own,0–16,1,123,0.000,1.000,215.7297,219.8204
ROI_049/patch_65,own,16–32,1,313,0.000,1.000,226.2735,234.4604
ROI_049/patch_65,own,32–64,1,1064,0.000,1.000,331.7219,335.6061
ROI_049/patch_65,own,64–128,1,3663,0.000,1.000,227.3038,231.9193
ROI_049/patch_65,own,≥128,1,24461,0.050,1.000,291.7548,297.7369
ROI_049/patch_66,nearest,0–16,1,131,0.000,1.000,4.3638,6.6401
ROI_049/patch_66,nearest,16–32,1,382,0.000,1.000,6.1042,9.0944
ROI_049/patch_66,nearest,32–64,1,1340,0.000,1.000,23.3562,26.4922
ROI_049/patch_66,nearest,64–128,1,2486,0.000,1.000,15.3948,19.3983
ROI_049/patch_66,nearest,≥128,1,520,0.000,1.000,23.6283,26.0035
ROI_049/patch_66,own,0–16,1,131,0.000,1.000,4.4041,6.6208
ROI_049/patch_66,own,16–32,1,382,0.000,1.000,6.3190,9.1384
ROI_049/patch_66,own,32–64,1,1384,0.000,1.000,14.9766,17.6771
ROI_049/patch_66,own,64–128,1,4930,0.000,1.000,28.2755,32.4127
ROI_049/patch_66,own,≥128,1,32045,0.000,1.000,15.0163,18.0598
ROI_049/patch_67,nearest,0–16,1,133,0.000,1.000,66.7959,71.3957
ROI_049/patch_67,nearest,16–32,1,361,0.000,1.000,32.6079,37.1564
ROI_049/patch_67,nearest,32–64,1,995,0.000,1.000,102.6305,122.3408
ROI_049/patch_67,nearest,64–128,1,1645,0.000,1.000,60.3016,68.9818
ROI_049/patch_67,nearest,≥128,1,707,0.150,1.000,338.2209,503.2963
ROI_049/patch_67,own,0–16,1,133,0.000,1.000,62.0247,66.1913
ROI_049/patch_67,own,16–32,1,361,0.000,1.000,26.5779,31.8202
ROI_049/patch_67,own,32–64,1,1063,0.000,1.000,101.1596,108.7464
ROI_049/patch_67,own,64–128,1,3431,0.000,1.000,132.8976,156.8169
ROI_049/patch_67,own,≥128,1,25740,0.000,1.000,129.6981,143.6605
ROI_049/patch_69,nearest,0–16,1,125,0.000,1.000,165.1940,167.2753
ROI_049/patch_69,nearest,16–32,1,312,0.000,1.000,59.9684,62.2040
ROI_049/patch_69,nearest,32–64,1,892,0.000,1.000,75.6137,82.0199
ROI_049/patch_69,nearest,64–128,1,1848,0.000,1.000,69.7028,73.1547
ROI_049/patch_69,nearest,≥128,1,1003,0.050,1.000,203.6718,211.1675
ROI_049/patch_69,own,0–16,1,125,0.000,1.000,170.9803,173.1038
ROI_049/patch_69,own,16–32,1,312,0.000,1.000,60.5407,62.7477
ROI_049/patch_69,own,32–64,1,1019,0.000,1.000,83.0971,106.7320
ROI_049/patch_69,own,64–128,1,3680,0.000,1.000,104.9973,109.3466
ROI_049/patch_69,own,≥128,1,28304,0.000,1.000,77.4033,87.6132
ROI_049/patch_71,nearest,0–16,1,150,0.000,1.000,5.2147,6.7476
ROI_049/patch_71,nearest,16–32,1,408,0.000,1.000,3.3186,5.0490
ROI_049/patch_71,nearest,32–64,1,1261,0.000,1.000,8.5645,11.9740
ROI_049/patch_71,nearest,64–128,1,2143,0.000,1.000,29.0554,35.3090
ROI_049/patch_71,nearest,≥128,1,660,0.000,1.000,87.6588,89.8630
ROI_049/patch_71,own,0–16,1,150,0.000,1.000,5.3312,6.9340
ROI_049/patch_71,own,16–32,1,408,0.000,1.000,3.4972,5.0976
ROI_049/patch_71,own,32–64,1,1338,0.000,1.000,7.8913,10.8577
ROI_049/patch_71,own,64–128,1,4240,0.000,1.000,27.2521,29.4936
ROI_049/patch_71,own,≥128,1,30840,0.000,1.000,48.3803,52.5489
ROI_049/patch_72,nearest,0–16,1,145,0.000,1.000,13.4826,15.9601
ROI_049/patch_72,nearest,16–32,1,430,0.000,1.000,23.7185,26.0820
ROI_049/patch_72,nearest,32–64,1,1370,0.000,1.000,17.0347,20.0311
ROI_049/patch_72,nearest,64–128,1,1983,0.000,1.000,11.9480,15.3334
ROI_049/patch_72,nearest,≥128,1,696,0.350,1.000,268.6563,272.5563
ROI_049/patch_72,own,0–16,1,145,0.000,1.000,12.8214,15.3337
ROI_049/patch_72,own,16–32,1,430,0.000,1.000,21.3001,23.6548
ROI_049/patch_72,own,32–64,1,1410,0.000,1.000,53.1764,56.1477
ROI_049/patch_72,own,64–128,1,5122,0.000,1.000,28.6761,32.1182
ROI_049/patch_72,own,≥128,1,29885,0.000,1.000,34.0136,37.3943
ROI_049/patch_73,nearest,0–16,1,136,0.000,1.000,570.8195,571.6791
ROI_049/patch_73,nearest,16–32,1,421,0.000,1.000,10.0373,11.1253
ROI_049/patch_73,nearest,32–64,1,1226,0.000,1.000,51.5565,55.0679
ROI_049/patch_73,nearest,64–128,1,1841,0.000,1.000,60.1575,66.3481
ROI_049/patch_73,nearest,≥128,1,440,0.350,1.000,392.7263,446.6963
ROI_049/patch_73,own,0–16,1,136,0.000,1.000,570.3999,571.2217
ROI_049/patch_73,own,16–32,1,421,0.000,1.000,9.8623,10.9207
ROI_049/patch_73,own,32–64,1,1275,0.000,1.000,43.6707,46.3388
ROI_049/patch_73,own,64–128,1,4053,0.000,1.000,50.3594,53.4509
ROI_049/patch_73,own,≥128,1,26627,0.000,1.000,49.2240,52.0767
ROI_049/patch_74,nearest,0–16,1,141,0.000,1.000,73.2784,77.8882
ROI_049/patch_74,nearest,16–32,1,341,0.000,1.000,90.8612,95.9568
ROI_049/patch_74,nearest,32–64,1,866,0.000,1.000,75.2017,89.5590
ROI_049/patch_74,nearest,64–128,1,1534,0.000,1.000,136.1807,150.4603
ROI_049/patch_74,nearest,≥128,1,983,0.000,1.000,56.7199,65.9616
ROI_049/patch_74,own,0–16,1,141,0.000,1.000,70.5214,75.0820
ROI_049/patch_74,own,16–32,1,358,0.000,1.000,69.3806,74.4429
ROI_049/patch_74,own,32–64,1,1166,0.000,1.000,69.8819,87.0568
ROI_049/patch_74,own,64–128,1,3464,0.000,1.000,74.6408,90.0498
ROI_049/patch_74,own,≥128,1,25791,0.000,1.000,95.8195,111.0364
ROI_049/patch_75,nearest,0–16,1,151,0.000,1.000,25.8054,26.4139
ROI_049/patch_75,nearest,16–32,1,393,0.000,1.000,165.5404,169.1523
ROI_049/patch_75,nearest,32–64,1,989,0.000,1.000,81.5498,82.9692
ROI_049/patch_75,nearest,64–128,1,1667,0.000,1.000,121.8999,124.2863
ROI_049/patch_75,nearest,≥128,1,867,0.000,1.000,73.2886,79.9577
ROI_049/patch_75,own,0–16,1,151,0.000,1.000,25.7310,26.3231
ROI_049/patch_75,own,16–32,1,406,0.000,1.000,95.4506,98.8412
ROI_049/patch_75,own,32–64,1,1259,0.000,1.000,43.8089,46.7204
ROI_049/patch_75,own,64–128,1,3429,0.000,1.000,111.7012,113.0803
ROI_049/patch_75,own,≥128,1,27291,0.000,1.000,66.4413,71.2937
ROI_049/patch_77,nearest,0–16,1,143,0.000,1.000,6.1331,6.8095
ROI_049/patch_77,nearest,16–32,1,390,0.000,1.000,18.7763,22.4344
ROI_049/patch_77,nearest,32–64,1,1249,0.000,1.000,110.8281,113.2145
ROI_049/patch_77,nearest,64–128,1,2171,0.000,1.000,44.5786,47.1186
ROI_049/patch_77,nearest,≥128,1,438,0.000,1.000,212.0760,213.5189
ROI_049/patch_77,own,0–16,1,143,0.000,1.000,6.1337,6.7879
ROI_049/patch_77,own,16–32,1,395,0.000,1.000,17.9184,20.9026
ROI_049/patch_77,own,32–64,1,1401,0.000,1.000,70.1913,72.0730
ROI_049/patch_77,own,64–128,1,4498,0.000,1.000,68.3305,71.3512
ROI_049/patch_77,own,≥128,1,28691,0.000,1.000,53.9044,57.8135
ROI_049/patch_80,nearest,0–16,1,139,0.000,1.000,56.5400,56.8492
ROI_049/patch_80,nearest,16–32,1,336,0.000,1.000,108.3983,109.0554
ROI_049/patch_80,nearest,32–64,1,934,0.000,1.000,88.9756,92.0548
ROI_049/patch_80,nearest,64–128,1,2117,0.000,1.000,63.4921,65.9179
ROI_049/patch_80,nearest,≥128,1,378,0.000,1.000,237.9070,243.1490
ROI_049/patch_80,own,0–16,1,139,0.000,1.000,52.7140,53.0073
ROI_049/patch_80,own,16–32,1,336,0.000,1.000,88.8507,89.5953
ROI_049/patch_80,own,32–64,1,1046,0.000,1.000,102.8931,105.9688
ROI_049/patch_80,own,64–128,1,3922,0.000,1.000,108.8883,114.8634
ROI_049/patch_80,own,≥128,1,29693,0.000,1.000,114.9101,119.8844
ROI_049/patch_82,nearest,0–16,1,144,0.000,1.000,68.4815,70.0516
ROI_049/patch_82,nearest,16–32,1,402,0.000,1.000,17.3827,18.8912
ROI_049/patch_82,nearest,32–64,1,1322,0.000,1.000,58.2584,60.1663
ROI_049/patch_82,nearest,64–128,1,1994,0.000,1.000,41.4960,42.7366
ROI_049/patch_82,nearest,≥128,1,516,0.000,1.000,197.7556,209.3492
ROI_049/patch_82,own,0–16,1,144,0.000,1.000,76.4765,78.9083
ROI_049/patch_82,own,16–32,1,402,0.000,1.000,22.0143,23.6356
ROI_049/patch_82,own,32–64,1,1330,0.000,1.000,60.5013,63.1969
ROI_049/patch_82,own,64–128,1,4782,0.000,1.000,32.6651,34.5197
ROI_049/patch_82,own,≥128,1,28366,0.000,1.000,71.4821,73.2501
ROI_049/patch_83,nearest,0–16,1,145,0.000,1.000,13.1919,15.4771
ROI_049/patch_83,nearest,16–32,1,403,0.000,1.000,92.8871,95.2641
ROI_049/patch_83,nearest,32–64,1,1066,0.000,1.000,173.7392,179.0627
ROI_049/patch_83,nearest,64–128,1,1407,0.000,1.000,97.8370,106.1232
ROI_049/patch_83,nearest,≥128,1,588,0.050,1.000,576.5528,667.4491
ROI_049/patch_83,own,0–16,1,145,0.000,1.000,16.0619,18.4050
ROI_049/patch_83,own,16–32,1,403,0.000,1.000,121.2927,123.7997
ROI_049/patch_83,own,32–64,1,1194,0.000,1.000,141.9653,149.3738
ROI_049/patch_83,own,64–128,1,4363,0.000,1.000,65.2588,75.6749
ROI_049/patch_83,own,≥128,1,22767,0.000,1.000,140.6071,155.1167
ROI_049/patch_84,nearest,0–16,1,143,0.000,1.000,177.2264,180.8045
ROI_049/patch_84,nearest,16–32,1,386,0.000,1.000,39.9743,40.9743
ROI_049/patch_84,nearest,32–64,1,1183,0.000,1.000,14.9367,16.0504
ROI_049/patch_84,nearest,64–128,1,2101,0.000,1.000,19.7341,20.9937
ROI_049/patch_84,nearest,≥128,1,884,0.000,1.000,93.1623,98.6518
ROI_049/patch_84,own,0–16,1,143,0.000,1.000,209.5695,213.9385
ROI_049/patch_84,own,16–32,1,386,0.000,1.000,241.4017,242.3690
ROI_049/patch_84,own,32–64,1,1302,0.000,1.000,21.5951,22.6711
ROI_049/patch_84,own,64–128,1,4863,0.000,1.000,62.6068,65.6948
ROI_049/patch_84,own,≥128,1,30882,0.050,1.000,51.8333,53.1452
ROI_049/patch_85,nearest,0–16,1,138,0.000,1.000,9.9531,11.3923
ROI_049/patch_85,nearest,16–32,1,383,0.000,1.000,7.1338,8.1506
ROI_049/patch_85,nearest,32–64,1,1142,0.000,1.000,92.7798,96.9337
ROI_049/patch_85,nearest,64–128,1,2126,0.000,1.000,92.5528,100.9585
ROI_049/patch_85,nearest,≥128,1,579,0.000,1.000,112.9209,119.9291
ROI_049/patch_85,own,0–16,1,138,0.000,1.000,12.3312,14.1179
ROI_049/patch_85,own,16–32,1,383,0.000,1.000,8.1267,9.1263
ROI_049/patch_85,own,32–64,1,1191,0.000,1.000,52.2386,55.9809
ROI_049/patch_85,own,64–128,1,4071,0.000,1.000,148.1649,153.3904
ROI_049/patch_85,own,≥128,1,29161,0.000,1.000,54.8757,57.2716
ROI_049/patch_86,nearest,0–16,1,148,0.000,1.000,13.8753,15.3794
ROI_049/patch_86,nearest,16–32,1,413,0.000,1.000,4.3397,5.9948
ROI_049/patch_86,nearest,32–64,1,1323,0.000,1.000,13.9267,16.9422
ROI_049/patch_86,nearest,64–128,1,2422,0.000,1.000,42.7015,46.5591
ROI_049/patch_86,nearest,≥128,1,373,0.000,1.000,5.8592,13.4386
ROI_049/patch_86,own,0–16,1,148,0.000,1.000,13.0695,14.5891
ROI_049/patch_86,own,16–32,1,413,0.000,1.000,13.6478,15.2329
ROI_049/patch_86,own,32–64,1,1380,0.000,1.000,52.7956,56.5205
ROI_049/patch_86,own,64–128,1,4367,0.000,1.000,30.5890,33.5332
ROI_049/patch_86,own,≥128,1,31124,0.000,1.000,30.6726,33.3655
ROI_049/patch_88,nearest,0–16,1,128,0.000,1.000,19.3953,22.0784
ROI_049/patch_88,nearest,16–32,1,373,0.000,1.000,4.6020,7.6862
ROI_049/patch_88,nearest,32–64,1,1196,0.000,1.000,24.3237,28.2190
ROI_049/patch_88,nearest,64–128,1,2413,0.000,1.000,27.9378,35.7027
ROI_049/patch_88,nearest,≥128,1,350,0.000,1.000,16.8942,28.0995
ROI_049/patch_88,own,0–16,1,128,0.000,1.000,14.3211,16.9522
ROI_049/patch_88,own,16–32,1,373,0.000,1.000,5.0050,8.0010
ROI_049/patch_88,own,32–64,1,1207,0.000,1.000,12.6490,16.3361
ROI_049/patch_88,own,64–128,1,4256,0.000,1.000,22.8449,27.0938
ROI_049/patch_88,own,≥128,1,29716,0.000,1.000,21.2253,25.4464
ROI_049/patch_90,nearest,0–16,1,137,0.000,1.000,22.8963,26.0926
ROI_049/patch_90,nearest,16–32,1,351,0.000,1.000,28.4852,33.2438
ROI_049/patch_90,nearest,32–64,1,1081,0.000,1.000,71.6958,78.1845
ROI_049/patch_90,nearest,64–128,1,2074,0.000,1.000,125.7122,145.5768
ROI_049/patch_90,nearest,≥128,1,409,0.150,1.000,252.5865,466.2374
ROI_049/patch_90,own,0–16,1,137,0.000,1.000,23.0773,26.2712
ROI_049/patch_90,own,16–32,1,351,0.000,1.000,31.5900,38.4654
ROI_049/patch_90,own,32–64,1,1174,0.000,1.000,93.5849,112.6075
ROI_049/patch_90,own,64–128,1,4037,0.000,1.000,53.9654,64.8964
ROI_049/patch_90,own,≥128,1,26717,0.000,1.000,196.6808,213.2508
ROI_049/patch_91,nearest,0–16,1,138,0.000,1.000,35.6560,37.3654
ROI_049/patch_91,nearest,16–32,1,386,0.000,1.000,48.5494,52.0145
ROI_049/patch_91,nearest,32–64,1,862,0.000,1.000,164.2325,168.7235
ROI_049/patch_91,nearest,64–128,1,1098,0.100,1.000,276.6267,310.3307
ROI_049/patch_91,nearest,≥128,1,691,0.150,1.000,361.6083,375.3936
ROI_049/patch_91,own,0–16,1,138,0.000,1.000,41.6011,43.4681
ROI_049/patch_91,own,16–32,1,391,0.000,1.000,59.2841,66.1625
ROI_049/patch_91,own,32–64,1,1243,0.000,1.000,137.4864,143.5391
ROI_049/patch_91,own,64–128,1,3760,0.000,1.000,128.9499,142.1881
ROI_049/patch_91,own,≥128,1,19868,0.000,1.000,270.6438,314.7595
ROI_049/patch_93,nearest,0–16,1,141,0.000,1.000,46.7284,49.3623
ROI_049/patch_93,nearest,16–32,1,407,0.000,1.000,47.9262,49.8083
ROI_049/patch_93,nearest,32–64,1,981,0.000,1.000,137.7397,142.7570
ROI_049/patch_93,nearest,64–128,1,1422,0.000,1.000,115.4144,119.8774
ROI_049/patch_93,nearest,≥128,1,709,0.250,1.000,288.4049,291.6610
ROI_049/patch_93,own,0–16,1,141,0.000,1.000,46.8748,48.5778
ROI_049/patch_93,own,16–32,1,418,0.000,1.000,47.3009,49.4308
ROI_049/patch_93,own,32–64,1,1233,0.000,1.000,128.6616,135.0472
ROI_049/patch_93,own,64–128,1,4104,0.000,1.000,184.4561,191.8288
ROI_049/patch_93,own,≥128,1,23384,0.000,1.000,184.1158,189.3900
ROI_049/patch_96,nearest,0–16,1,142,0.000,1.000,17.6282,20.7428
ROI_049/patch_96,nearest,16–32,1,413,0.000,1.000,23.7112,26.7446
ROI_049/patch_96,nearest,32–64,1,1121,0.100,1.000,446.2324,452.7741
ROI_049/patch_96,nearest,64–128,1,1218,0.300,1.000,392.9732,401.4423
ROI_049/patch_96,nearest,≥128,1,862,1.000,1.000,,
ROI_049/patch_96,own,0–16,1,142,0.000,1.000,16.7833,19.5590
ROI_049/patch_96,own,16–32,1,418,0.000,1.000,23.6717,26.8486
ROI_049/patch_96,own,32–64,1,1375,0.000,1.000,457.8133,464.6808
ROI_049/patch_96,own,64–128,1,4349,0.000,1.000,244.4311,250.3442
ROI_049/patch_96,own,≥128,1,23764,0.250,1.000,235.5419,241.5118
ROI_049/patch_98,nearest,0–16,1,130,0.000,1.000,365.0156,396.8099
ROI_049/patch_98,nearest,16–32,1,362,0.000,1.000,108.0186,115.1255
ROI_049/patch_98,nearest,32–64,1,766,0.100,1.000,247.8899,258.0113
ROI_049/patch_98,nearest,64–128,1,1017,0.000,1.000,450.9777,465.8272
ROI_049/patch_98,nearest,≥128,1,785,1.000,1.000,,
ROI_049/patch_98,own,0–16,1,130,0.000,1.000,385.0169,410.4938
ROI_049/patch_98,own,16–32,1,378,0.000,1.000,140.3771,152.1493
ROI_049/patch_98,own,32–64,1,1284,0.050,1.000,276.8222,286.0419
ROI_049/patch_98,own,64–128,1,4014,0.000,1.000,156.3273,170.1254
ROI_049/patch_98,own,≥128,1,18674,0.200,1.000,907.5797,932.1851
ROI_049/patch_99,nearest,0–16,1,113,0.950,1.000,930.3621,932.0423
ROI_049/patch_99,nearest,16–32,1,322,1.000,1.000,,
ROI_049/patch_99,nearest,32–64,1,691,1.000,1.000,,
ROI_049/patch_99,nearest,64–128,1,1142,1.000,1.000,,
ROI_049/patch_99,nearest,≥128,1,460,0.850,1.000,8616.3872,8641.2964
ROI_049/patch_99,own,0–16,1,113,1.000,1.000,,
ROI_049/patch_99,own,16–32,1,334,0.950,1.000,513.5985,515.2051
ROI_049/patch_99,own,32–64,1,1014,1.000,1.000,,
ROI_049/patch_99,own,64–128,1,3214,1.000,1.000,,
ROI_049/patch_99,own,≥128,1,17149,1.000,1.000,,
ROI_049/patch_103,nearest,0–16,1,119,0.000,1.000,50.4191,52.4893
ROI_049/patch_103,nearest,16–32,1,327,0.650,1.000,263.1101,270.8284
ROI_049/patch_103,nearest,32–64,1,790,0.500,1.000,1258.7873,1283.7460
ROI_049/patch_103,nearest,64–128,1,1049,0.900,1.000,2795.3457,2849.9813
ROI_049/patch_103,nearest,≥128,1,581,1.000,1.000,,
ROI_049/patch_103,own,0–16,1,119,0.000,1.000,54.1958,56.2662
ROI_049/patch_103,own,16–32,1,327,0.550,1.000,444.0858,455.2305
ROI_049/patch_103,own,32–64,1,897,0.550,1.000,879.2608,918.4925
ROI_049/patch_103,own,64–128,1,3146,0.700,1.000,863.9036,876.7856
ROI_049/patch_103,own,≥128,1,18439,0.650,1.000,1157.8355,1193.4370
ROI_049/patch_104,nearest,0–16,1,135,0.000,1.000,238.3631,245.9903
ROI_049/patch_104,nearest,16–32,1,302,0.150,1.000,477.1219,484.0997
ROI_049/patch_104,nearest,32–64,1,815,0.800,1.000,374.8291,387.5514
ROI_049/patch_104,nearest,64–128,1,1345,0.950,1.000,440.5045,609.1000
ROI_049/patch_104,nearest,≥128,1,453,0.900,1.000,765.8935,842.8388
ROI_049/patch_104,own,0–16,1,135,0.000,1.000,242.6170,247.1154
ROI_049/patch_104,own,16–32,1,302,0.200,1.000,455.0836,460.3097
ROI_049/patch_104,own,32–64,1,900,0.900,1.000,337.9932,369.5982
ROI_049/patch_104,own,64–128,1,3106,0.700,1.000,726.8650,737.9716
ROI_049/patch_104,own,≥128,1,19957,0.850,1.000,793.5020,805.8763
ROI_049/patch_105,nearest,0–16,1,151,0.000,1.000,16.2432,18.1033
ROI_049/patch_105,nearest,16–32,1,395,0.000,1.000,114.5223,124.6677
ROI_049/patch_105,nearest,32–64,1,1133,0.050,1.000,219.6929,222.0276
ROI_049/patch_105,nearest,64–128,1,1875,0.100,1.000,711.0021,715.3631
ROI_049/patch_105,nearest,≥128,1,405,0.000,1.000,5577.4371,5645.8694
ROI_049/patch_105,own,0–16,1,151,0.000,1.000,16.1034,17.9598
ROI_049/patch_105,own,16–32,1,395,0.000,1.000,33.9485,43.3215
ROI_049/patch_105,own,32–64,1,1270,0.000,1.000,223.3447,228.7092
ROI_049/patch_105,own,64–128,1,3786,0.000,1.000,205.9583,211.1862
ROI_049/patch_105,own,≥128,1,26070,0.050,1.000,364.8595,378.6758
ROI_049/patch_106,nearest,0–16,1,144,0.000,1.000,135.2682,136.1353
ROI_049/patch_106,nearest,16–32,1,385,0.000,1.000,104.1308,105.8924
ROI_049/patch_106,nearest,32–64,1,906,0.050,1.000,365.3361,375.6253
ROI_049/patch_106,nearest,64–128,1,1480,0.850,1.000,524.9945,536.8409
ROI_049/patch_106,nearest,≥128,1,556,1.000,1.000,,
ROI_049/patch_106,own,0–16,1,144,0.000,1.000,122.7640,123.6672
ROI_049/patch_106,own,16–32,1,385,0.000,1.000,136.2872,138.1088
ROI_049/patch_106,own,32–64,1,1054,0.000,1.000,350.4800,357.6444
ROI_049/patch_106,own,64–128,1,3564,0.250,1.000,397.6010,430.1257
ROI_049/patch_106,own,≥128,1,22621,0.450,1.000,467.7962,501.2497
ROI_049/patch_107,nearest,0–16,1,144,0.000,1.000,5.4697,6.7692
ROI_049/patch_107,nearest,16–32,1,368,0.000,1.000,5.5141,7.0131
ROI_049/patch_107,nearest,32–64,1,1243,0.000,1.000,22.9740,27.8048
ROI_049/patch_107,nearest,64–128,1,2126,0.000,1.000,43.5912,49.2008
ROI_049/patch_107,nearest,≥128,1,539,0.000,1.000,109.1492,111.7921
ROI_049/patch_107,own,0–16,1,144,0.000,1.000,5.4930,6.8116
ROI_049/patch_107,own,16–32,1,368,0.000,1.000,5.6681,7.1913
ROI_049/patch_107,own,32–64,1,1318,0.000,1.000,10.7136,14.2778
ROI_049/patch_107,own,64–128,1,4360,0.000,1.000,24.5977,28.2282
ROI_049/patch_107,own,≥128,1,29170,0.000,1.000,43.6862,45.6497
ROI_049/patch_108,nearest,0–16,1,141,0.000,1.000,45.3905,46.9008
ROI_049/patch_108,nearest,16–32,1,408,0.000,1.000,74.3645,76.2888
ROI_049/patch_108,nearest,32–64,1,1106,0.050,1.000,191.4103,198.9391
ROI_049/patch_108,nearest,64–128,1,1519,0.400,1.000,852.3393,859.1475
ROI_049/patch_108,nearest,≥128,1,1033,0.000,1.000,226.5123,246.3201
ROI_049/patch_108,own,0–16,1,141,0.000,1.000,46.6897,48.2363
ROI_049/patch_108,own,16–32,1,408,0.000,1.000,111.0124,113.0442
ROI_049/patch_108,own,32–64,1,1197,0.100,1.000,243.9992,247.8450
ROI_049/patch_108,own,64–128,1,3888,0.100,1.000,277.2005,282.4995
ROI_049/patch_108,own,≥128,1,28022,0.050,1.000,164.5955,175.0489
ROI_049/patch_109,nearest,0–16,1,134,0.000,1.000,15.1285,16.4896
ROI_049/patch_109,nearest,16–32,1,375,0.000,1.000,15.0221,16.8324
ROI_049/patch_109,nearest,32–64,1,1101,0.000,1.000,51.5637,57.4395
ROI_049/patch_109,nearest,64–128,1,2327,0.000,1.000,23.9833,28.7877
ROI_049/patch_109,nearest,≥128,1,850,0.000,1.000,17.1348,20.4954
ROI_049/patch_109,own,0–16,1,134,0.000,1.000,14.9067,16.2769
ROI_049/patch_109,own,16–32,1,375,0.000,1.000,15.2317,17.1381
ROI_049/patch_109,own,32–64,1,1116,0.000,1.000,94.6946,99.8572
ROI_049/patch_109,own,64–128,1,3995,0.000,1.000,26.8927,29.1960
ROI_049/patch_109,own,≥128,1,32676,0.000,1.000,41.6990,46.1143
ROI_049/patch_110,nearest,0–16,1,138,0.000,1.000,2.7385,3.3342
ROI_049/patch_110,nearest,16–32,1,416,0.000,1.000,2.8490,3.4449
ROI_049/patch_110,nearest,32–64,1,1298,0.000,1.000,11.0610,13.1870
ROI_049/patch_110,nearest,64–128,1,2136,0.000,1.000,74.4888,80.3487
ROI_049/patch_110,nearest,≥128,1,605,0.000,1.000,31.5684,33.4936
ROI_049/patch_110,own,0–16,1,138,0.000,1.000,2.7205,3.3340
ROI_049/patch_110,own,16–32,1,416,0.000,1.000,2.8463,3.4041
ROI_049/patch_110,own,32–64,1,1404,0.000,1.000,13.2191,15.6630
ROI_049/patch_110,own,64–128,1,3947,0.000,1.000,124.9683,129.4842
ROI_049/patch_110,own,≥128,1,30839,0.000,1.000,50.8963,52.7014
ROI_049/patch_111,nearest,0–16,1,114,0.000,1.000,33.1941,35.9616
ROI_049/patch_111,nearest,16–32,1,353,0.000,1.000,93.3770,97.3013
ROI_049/patch_111,nearest,32–64,1,1170,0.000,1.000,30.2773,47.0194
ROI_049/patch_111,nearest,64–128,1,2144,0.000,1.000,38.5797,43.1598
ROI_049/patch_111,nearest,≥128,1,776,0.000,1.000,54.7539,58.0524
ROI_049/patch_111,own,0–16,1,114,0.000,1.000,32.9522,35.6746
ROI_049/patch_111,own,16–32,1,353,0.000,1.000,208.1526,213.4859
ROI_049/patch_111,own,32–64,1,1190,0.000,1.000,38.3832,50.2613
ROI_049/patch_111,own,64–128,1,4240,0.000,1.000,42.6204,46.6512
ROI_049/patch_111,own,≥128,1,30559,0.000,1.000,50.4080,55.0875
ROI_049/patch_112,nearest,0–16,1,139,0.000,1.000,3.4939,5.7621
ROI_049/patch_112,nearest,16–32,1,379,0.000,1.000,4.3361,7.3255
ROI_049/patch_112,nearest,32–64,1,1214,0.000,1.000,37.1351,42.2504
ROI_049/patch_112,nearest,64–128,1,2259,0.000,1.000,162.9742,171.0491
ROI_049/patch_112,nearest,≥128,1,333,0.000,1.000,1010.6036,1039.1288
ROI_049/patch_112,own,0–16,1,139,0.000,1.000,3.4345,5.7037
ROI_049/patch_112,own,16–32,1,379,0.000,1.000,4.4636,7.1601
ROI_049/patch_112,own,32–64,1,1214,0.000,1.000,24.1995,28.9046
ROI_049/patch_112,own,64–128,1,4119,0.000,1.000,51.7970,55.0921
ROI_049/patch_112,own,≥128,1,28741,0.000,1.000,52.2976,59.2832
ROI_070/patch_0,nearest,0–16,1,142,0.000,1.000,2.6307,5.5195
ROI_070/patch_0,nearest,16–32,1,405,0.000,1.000,4.3711,7.5773
ROI_070/patch_0,nearest,32–64,1,1361,0.000,1.000,9.6780,13.6144
ROI_070/patch_0,nearest,64–128,1,2281,0.000,1.000,60.2819,63.7418
ROI_070/patch_0,nearest,≥128,1,238,0.000,1.000,11.7042,14.6302
ROI_070/patch_0,own,0–16,1,142,0.000,1.000,2.6547,5.5267
ROI_070/patch_0,own,16–32,1,405,0.000,1.000,3.8688,7.2415
ROI_070/patch_0,own,32–64,1,1380,0.000,1.000,6.4387,10.0881
ROI_070/patch_0,own,64–128,1,4164,0.000,1.000,59.6141,64.4539
ROI_070/patch_0,own,≥128,1,29325,0.000,1.000,50.7678,54.7930
ROI_070/patch_1,nearest,0–16,1,144,0.000,1.000,1.2869,3.6908
ROI_070/patch_1,nearest,16–32,1,404,0.000,1.000,1.4029,3.8530
ROI_070/patch_1,nearest,32–64,1,1357,0.000,1.000,20.0721,23.7270
ROI_070/patch_1,nearest,64–128,1,2324,0.000,1.000,2.1925,4.9594
ROI_070/patch_1,nearest,≥128,1,634,0.050,1.000,101.9926,113.5052
ROI_070/patch_1,own,0–16,1,144,0.000,1.000,1.3116,3.7477
ROI_070/patch_1,own,16–32,1,404,0.000,1.000,1.2816,3.7425
ROI_070/patch_1,own,32–64,1,1363,0.000,1.000,12.6853,16.5558
ROI_070/patch_1,own,64–128,1,4541,0.000,1.000,2.6993,7.4582
ROI_070/patch_1,own,≥128,1,32452,0.000,1.000,2.8529,5.3865
ROI_070/patch_2,nearest,0–16,1,139,0.000,1.000,139.0078,146.5289
ROI_070/patch_2,nearest,16–32,1,374,0.000,1.000,94.5930,117.8531
ROI_070/patch_2,nearest,32–64,1,1208,0.000,1.000,40.8258,44.8010
ROI_070/patch_2,nearest,64–128,1,2163,0.000,1.000,35.7137,38.5425
ROI_070/patch_2,nearest,≥128,1,570,0.000,1.000,29.8580,33.7794
ROI_070/patch_2,own,0–16,1,139,0.000,1.000,151.8431,161.6668
ROI_070/patch_2,own,16–32,1,374,0.000,1.000,125.8531,139.5204
ROI_070/patch_2,own,32–64,1,1300,0.000,1.000,45.7110,48.4411
ROI_070/patch_2,own,64–128,1,4370,0.000,1.000,20.1024,22.9108
ROI_070/patch_2,own,≥128,1,29449,0.000,1.000,17.4511,22.5963
ROI_070/patch_3,nearest,0–16,1,135,0.000,1.000,3.4126,4.1644
ROI_070/patch_3,nearest,16–32,1,391,0.000,1.000,4.1435,4.9122
ROI_070/patch_3,nearest,32–64,1,1161,0.000,1.000,32.6488,34.7377
ROI_070/patch_3,nearest,64–128,1,2288,0.000,1.000,22.1196,24.4728
ROI_070/patch_3,nearest,≥128,1,542,0.000,1.000,13.0560,15.1319
ROI_070/patch_3,own,0–16,1,135,0.000,1.000,3.5374,4.2888
ROI_070/patch_3,own,16–32,1,391,0.000,1.000,3.8578,4.5851
ROI_070/patch_3,own,32–64,1,1210,0.000,1.000,18.4872,21.0422
ROI_070/patch_3,own,64–128,1,3909,0.000,1.000,79.6527,82.1549
ROI_070/patch_3,own,≥128,1,30491,0.000,1.000,44.4406,47.0638
ROI_070/patch_4,nearest,0–16,1,140,0.000,1.000,5.4987,10.1301
ROI_070/patch_4,nearest,16–32,1,374,0.000,1.000,46.7018,50.6210
ROI_070/patch_4,nearest,32–64,1,1216,0.000,1.000,10.2899,15.0352
ROI_070/patch_4,nearest,64–128,1,2369,0.000,1.000,40.7553,44.6710
ROI_070/patch_4,nearest,≥128,1,550,0.000,1.000,16.3502,19.0016
ROI_070/patch_4,own,0–16,1,140,0.000,1.000,5.5449,10.2816
ROI_070/patch_4,own,16–32,1,374,0.000,1.000,49.8715,53.6758
ROI_070/patch_4,own,32–64,1,1233,0.000,1.000,24.8426,29.1548
ROI_070/patch_4,own,64–128,1,4265,0.000,1.000,44.4067,47.8196
ROI_070/patch_4,own,≥128,1,31180,0.000,1.000,12.4547,16.8452
ROI_070/patch_5,nearest,0–16,1,147,0.000,1.000,3.7066,6.4129
ROI_070/patch_5,nearest,16–32,1,390,0.000,1.000,4.2305,6.4909
ROI_070/patch_5,nearest,32–64,1,1352,0.000,1.000,4.6176,6.4454
ROI_070/patch_5,nearest,64–128,1,2467,0.000,1.000,14.9397,17.0292
ROI_070/patch_5,nearest,≥128,1,600,0.000,1.000,55.4506,61.2044
ROI_070/patch_5,own,0–16,1,147,0.000,1.000,3.7301,6.4051
ROI_070/patch_5,own,16–32,1,390,0.000,1.000,4.3212,6.3766
ROI_070/patch_5,own,32–64,1,1383,0.000,1.000,3.8569,5.6477
ROI_070/patch_5,own,64–128,1,4774,0.000,1.000,8.2717,10.3701
ROI_070/patch_5,own,≥128,1,32954,0.000,1.000,4.8986,6.7718
ROI_070/patch_6,nearest,0–16,1,145,0.000,1.000,9.4248,11.6044
ROI_070/patch_6,nearest,16–32,1,384,0.000,1.000,7.5238,8.7965
ROI_070/patch_6,nearest,32–64,1,1223,0.000,1.000,16.6233,18.9213
ROI_070/patch_6,nearest,64–128,1,2211,0.000,1.000,16.3241,18.2142
ROI_070/patch_6,nearest,≥128,1,454,0.000,1.000,83.5342,84.2234
ROI_070/patch_6,own,0–16,1,145,0.000,1.000,9.6653,11.9547
ROI_070/patch_6,own,16–32,1,384,0.000,1.000,8.4217,9.7990
ROI_070/patch_6,own,32–64,1,1261,0.000,1.000,13.0638,15.1627
ROI_070/patch_6,own,64–128,1,4480,0.000,1.000,62.5940,64.1124
ROI_070/patch_6,own,≥128,1,29066,0.000,1.000,14.5824,16.3062
ROI_070/patch_7,nearest,0–16,1,127,0.000,1.000,21.0142,22.3624
ROI_070/patch_7,nearest,16–32,1,376,0.000,1.000,22.3431,23.2560
ROI_070/patch_7,nearest,32–64,1,1264,0.000,1.000,6.3804,7.9815
ROI_070/patch_7,nearest,64–128,1,2337,0.000,1.000,25.2295,26.4266
ROI_070/patch_7,nearest,≥128,1,561,0.000,1.000,20.7003,23.3326
ROI_070/patch_7,own,0–16,1,127,0.000,1.000,18.0278,19.3854
ROI_070/patch_7,own,16–32,1,376,0.000,1.000,18.8130,19.6444
ROI_070/patch_7,own,32–64,1,1274,0.000,1.000,5.0589,7.0679
ROI_070/patch_7,own,64–128,1,4337,0.000,1.000,25.5897,27.0746
ROI_070/patch_7,own,≥128,1,31206,0.000,1.000,32.4861,34.8654
ROI_070/patch_8,nearest,0–16,1,122,0.000,1.000,0.9460,3.1573
ROI_070/patch_8,nearest,16–32,1,382,0.000,1.000,5.9220,7.6937
ROI_070/patch_8,nearest,32–64,1,1229,0.000,1.000,21.8355,24.7584
ROI_070/patch_8,nearest,64–128,1,2449,0.000,1.000,9.5091,12.0387
ROI_070/patch_8,nearest,≥128,1,538,0.000,1.000,15.6078,17.5043
ROI_070/patch_8,own,0–16,1,122,0.000,1.000,0.9222,3.1143
ROI_070/patch_8,own,16–32,1,382,0.000,1.000,4.6772,6.5283
ROI_070/patch_8,own,32–64,1,1263,0.000,1.000,6.7128,10.3048
ROI_070/patch_8,own,64–128,1,4503,0.000,1.000,7.2504,10.6865
ROI_070/patch_8,own,≥128,1,31490,0.000,1.000,11.8212,13.7656
ROI_070/patch_9,nearest,0–16,1,126,0.000,1.000,2.2449,3.6075
ROI_070/patch_9,nearest,16–32,1,283,0.000,1.000,3.1630,4.6485
ROI_070/patch_9,nearest,32–64,1,1019,0.000,1.000,25.3882,31.2551
ROI_070/patch_9,nearest,64–128,1,1994,0.000,1.000,76.4592,81.1021
ROI_070/patch_9,nearest,≥128,1,1087,0.000,1.000,106.9456,109.5391
ROI_070/patch_9,own,0–16,1,126,0.000,1.000,2.3566,3.7278
ROI_070/patch_9,own,16–32,1,283,0.000,1.000,3.2353,4.7036
ROI_070/patch_9,own,32–64,1,1034,0.000,1.000,15.2879,22.2046
ROI_070/patch_9,own,64–128,1,3453,0.000,1.000,44.6248,50.3975
ROI_070/patch_9,own,≥128,1,31176,0.000,1.000,25.1233,27.4382
ROI_070/patch_10,nearest,0–16,1,136,0.000,1.000,2.5051,3.3193
ROI_070/patch_10,nearest,16–32,1,373,0.000,1.000,24.5645,25.5648
ROI_070/patch_10,nearest,32–64,1,1067,0.000,1.000,12.6599,13.8476
ROI_070/patch_10,nearest,64–128,1,1965,0.000,1.000,4.8673,5.9515
ROI_070/patch_10,nearest,≥128,1,1063,0.000,1.000,13.1716,15.8614
ROI_070/patch_10,own,0–16,1,136,0.000,1.000,2.5013,3.2679
ROI_070/patch_10,own,16–32,1,375,0.000,1.000,11.4109,12.3246
ROI_070/patch_10,own,32–64,1,1189,0.000,1.000,19.7275,20.6727
ROI_070/patch_10,own,64–128,1,4403,0.000,1.000,6.0625,7.1887
ROI_070/patch_10,own,≥128,1,30729,0.000,1.000,17.3299,18.1945
ROI_070/patch_11,nearest,0–16,1,155,0.000,1.000,0.5300,1.0804
ROI_070/patch_11,nearest,16–32,1,418,0.000,1.000,4.9715,6.7948
ROI_070/patch_11,nearest,32–64,1,1287,0.000,1.000,31.2619,31.9291
ROI_070/patch_11,nearest,64–128,1,2399,0.000,1.000,2.5706,3.2526
ROI_070/patch_11,nearest,≥128,1,457,0.000,1.000,14.2863,17.0118
ROI_070/patch_11,own,0–16,1,155,0.000,1.000,0.5394,1.1093
ROI_070/patch_11,own,16–32,1,418,0.000,1.000,2.9947,5.9648
ROI_070/patch_11,own,32–64,1,1348,0.000,1.000,4.4465,5.9271
ROI_070/patch_11,own,64–128,1,4843,0.000,1.000,5.1733,7.3340
ROI_070/patch_11,own,≥128,1,30964,0.000,1.000,30.8214,31.9212
ROI_070/patch_12,nearest,0–16,1,153,0.000,1.000,11.7484,13.5614
ROI_070/patch_12,nearest,16–32,1,408,0.000,1.000,26.3933,31.3751
ROI_070/patch_12,nearest,32–64,1,1237,0.000,1.000,37.9966,41.4335
ROI_070/patch_12,nearest,64–128,1,1980,0.000,1.000,15.5885,18.8393
ROI_070/patch_12,nearest,≥128,1,722,0.000,1.000,28.4938,31.7449
ROI_070/patch_12,own,0–16,1,153,0.000,1.000,10.7362,12.5589
ROI_070/patch_12,own,16–32,1,408,0.000,1.000,28.9728,32.8033
ROI_070/patch_12,own,32–64,1,1268,0.000,1.000,29.7899,32.9652
ROI_070/patch_12,own,64–128,1,4598,0.000,1.000,26.7292,30.7754
ROI_070/patch_12,own,≥128,1,29573,0.000,1.000,21.6802,23.9847
ROI_070/patch_13,nearest,0–16,1,127,0.000,1.000,6.7972,8.3079
ROI_070/patch_13,nearest,16–32,1,358,0.000,1.000,9.9541,11.4579
ROI_070/patch_13,nearest,32–64,1,1081,0.000,1.000,25.0587,28.6702
ROI_070/patch_13,nearest,64–128,1,2283,0.000,1.000,15.8284,22.2051
ROI_070/patch_13,nearest,≥128,1,714,0.000,1.000,4.4917,7.2779
ROI_070/patch_13,own,0–16,1,127,0.000,1.000,7.3454,8.8887
ROI_070/patch_13,own,16–32,1,358,0.000,1.000,12.8754,14.3458
ROI_070/patch_13,own,32–64,1,1107,0.000,1.000,20.7053,24.2462
ROI_070/patch_13,own,64–128,1,4156,0.000,1.000,10.7890,14.5521
ROI_070/patch_13,own,≥128,1,30756,0.000,1.000,8.3170,10.1278
ROI_070/patch_14,nearest,0–16,1,122,0.000,1.000,2.5141,3.9524
ROI_070/patch_14,nearest,16–32,1,355,0.000,1.000,8.7043,9.7266
ROI_070/patch_14,nearest,32–64,1,1170,0.000,1.000,48.5981,51.1988
ROI_070/patch_14,nearest,64–128,1,2110,0.000,1.000,8.8770,11.6497
ROI_070/patch_14,nearest,≥128,1,970,0.000,1.000,3.2682,4.0776
ROI_070/patch_14,own,0–16,1,122,0.000,1.000,2.5204,4.0348
ROI_070/patch_14,own,16–32,1,355,0.000,1.000,12.9610,13.8532
ROI_070/patch_14,own,32–64,1,1172,0.000,1.000,72.8956,73.9406
ROI_070/patch_14,own,64–128,1,4303,0.000,1.000,15.4841,18.2725
ROI_070/patch_14,own,≥128,1,31864,0.000,1.000,18.3295,20.3559
ROI_070/patch_15,nearest,0–16,1,122,0.000,1.000,3.1372,5.0523
ROI_070/patch_15,nearest,16–32,1,377,0.000,1.000,5.7544,9.2200
ROI_070/patch_15,nearest,32–64,1,1306,0.000,1.000,4.1211,5.7340
ROI_070/patch_15,nearest,64–128,1,2279,0.000,1.000,3.6329,7.4826
ROI_070/patch_15,nearest,≥128,1,558,0.000,1.000,226.6663,233.1325
ROI_070/patch_15,own,0–16,1,122,0.000,1.000,3.1511,5.0763
ROI_070/patch_15,own,16–32,1,377,0.000,1.000,13.7980,17.0014
ROI_070/patch_15,own,32–64,1,1315,0.000,1.000,5.6031,7.2410
ROI_070/patch_15,own,64–128,1,4664,0.000,1.000,9.0849,12.2030
ROI_070/patch_15,own,≥128,1,30658,0.000,1.000,8.2751,11.6321
ROI_070/patch_16,nearest,0–16,1,149,0.000,1.000,8.7346,9.2233
ROI_070/patch_16,nearest,16–32,1,387,0.000,1.000,5.5293,5.8001
ROI_070/patch_16,nearest,32–64,1,1035,0.000,1.000,5.9196,6.4281
ROI_070/patch_16,nearest,64–128,1,1747,0.000,1.000,18.7114,19.2359
ROI_070/patch_16,nearest,≥128,1,1304,0.000,1.000,503.6632,505.7557
ROI_070/patch_16,own,0–16,1,149,0.000,1.000,7.3338,7.8262
ROI_070/patch_16,own,16–32,1,387,0.000,1.000,4.9148,5.2009
ROI_070/patch_16,own,32–64,1,1110,0.000,1.000,8.2054,8.8625
ROI_070/patch_16,own,64–128,1,3693,0.000,1.000,11.7284,12.2846
ROI_070/patch_16,own,≥128,1,31637,0.000,1.000,13.4226,14.1419
ROI_070/patch_17,nearest,0–16,1,134,0.000,1.000,1.6102,2.8377
ROI_070/patch_17,nearest,16–32,1,347,0.000,1.000,2.8727,4.1566
ROI_070/patch_17,nearest,32–64,1,1108,0.000,1.000,2.5851,3.9442
ROI_070/patch_17,nearest,64–128,1,2664,0.000,1.000,9.3299,11.6990
ROI_070/patch_17,nearest,≥128,1,426,0.000,1.000,7.7118,8.6977
ROI_070/patch_17,own,0–16,1,134,0.000,1.000,1.7219,2.9255
ROI_070/patch_17,own,16–32,1,347,0.000,1.000,2.6664,3.9358
ROI_070/patch_17,own,32–64,1,1148,0.000,1.000,2.5821,3.9496
ROI_070/patch_17,own,64–128,1,4253,0.000,1.000,9.0757,11.3688
ROI_070/patch_17,own,≥128,1,31550,0.000,1.000,13.0488,15.7456
ROI_070/patch_18,nearest,0–16,1,154,0.000,1.000,2.3951,4.3951
ROI_070/patch_18,nearest,16–32,1,422,0.000,1.000,2.6424,3.9933
ROI_070/patch_18,nearest,32–64,1,1304,0.000,1.000,25.3378,26.9668
ROI_070/patch_18,nearest,64–128,1,1976,0.050,1.000,152.7814,156.5614
ROI_070/patch_18,nearest,≥128,1,657,0.000,1.000,9.1772,11.6115
ROI_070/patch_18,own,0–16,1,154,0.000,1.000,2.4693,4.5236
ROI_070/patch_18,own,16–32,1,422,0.000,1.000,2.4767,3.8900
ROI_070/patch_18,own,32–64,1,1433,0.000,1.000,29.8221,31.3838
ROI_070/patch_18,own,64–128,1,4277,0.000,1.000,67.1380,71.1922
ROI_070/patch_18,own,≥128,1,29818,0.000,1.000,10.3127,12.8761
ROI_070/patch_19,nearest,0–16,1,119,0.000,1.000,0.8420,1.9481
ROI_070/patch_19,nearest,16–32,1,379,0.000,1.000,1.0308,2.0718
ROI_070/patch_19,nearest,32–64,1,1208,0.000,1.000,4.9323,7.1162
ROI_070/patch_19,nearest,64–128,1,2208,0.000,1.000,11.3068,13.3414
ROI_070/patch_19,nearest,≥128,1,916,0.000,1.000,20.4229,22.3403
ROI_070/patch_19,own,0–16,1,119,0.000,1.000,0.8117,1.9243
ROI_070/patch_19,own,16–32,1,379,0.000,1.000,1.0200,2.0322
ROI_070/patch_19,own,32–64,1,1317,0.000,1.000,8.2334,10.5355
ROI_070/patch_19,own,64–128,1,4704,0.000,1.000,5.8829,8.6314
ROI_070/patch_19,own,≥128,1,32121,0.000,1.000,6.6974,8.6682
ROI_070/patch_20,nearest,0–16,1,149,0.000,1.000,3.5147,4.4113
ROI_070/patch_20,nearest,16–32,1,413,0.000,1.000,13.6471,14.5419
ROI_070/patch_20,nearest,32–64,1,1403,0.000,1.000,14.8978,18.2906
ROI_070/patch_20,nearest,64–128,1,2083,0.000,1.000,15.8413,18.4694
ROI_070/patch_20,nearest,≥128,1,390,0.000,1.000,72.9588,74.0029
ROI_070/patch_20,own,0–16,1,149,0.000,1.000,3.4846,4.3570
ROI_070/patch_20,own,16–32,1,413,0.000,1.000,24.5597,25.4090
ROI_070/patch_20,own,32–64,1,1408,0.000,1.000,10.3115,13.2199
ROI_070/patch_20,own,64–128,1,4754,0.000,1.000,21.6936,25.0456
ROI_070/patch_20,own,≥128,1,28780,0.000,1.000,24.6873,26.9021
ROI_070/patch_21,nearest,0–16,1,140,0.000,1.000,3.9154,4.6789
ROI_070/patch_21,nearest,16–32,1,378,0.000,1.000,33.9660,35.7654
ROI_070/patch_21,nearest,32–64,1,1177,0.000,1.000,28.6763,29.9681
ROI_070/patch_21,nearest,64–128,1,2026,0.000,1.000,6.2234,7.5874
ROI_070/patch_21,nearest,≥128,1,1074,0.000,1.000,5.1086,7.7297
ROI_070/patch_21,own,0–16,1,140,0.000,1.000,3.9276,4.7071
ROI_070/patch_21,own,16–32,1,378,0.000,1.000,35.3768,36.9634
ROI_070/patch_21,own,32–64,1,1210,0.000,1.000,26.5860,28.2810
ROI_070/patch_21,own,64–128,1,4451,0.000,1.000,24.9436,25.7020
ROI_070/patch_21,own,≥128,1,32181,0.000,1.000,4.9699,6.8547
ROI_070/patch_22,nearest,0–16,1,143,0.000,1.000,3.3881,6.2350
ROI_070/patch_22,nearest,16–32,1,406,0.000,1.000,3.1355,6.0024
ROI_070/patch_22,nearest,32–64,1,1245,0.000,1.000,5.3255,9.3680
ROI_070/patch_22,nearest,64–128,1,1937,0.000,1.000,13.5972,16.4937
ROI_070/patch_22,nearest,≥128,1,821,0.000,1.000,58.9811,62.8051
ROI_070/patch_22,own,0–16,1,143,0.000,1.000,3.3023,6.1425
ROI_070/patch_22,own,16–32,1,406,0.000,1.000,3.2943,6.1242
ROI_070/patch_22,own,32–64,1,1299,0.000,1.000,4.8554,9.0815
ROI_070/patch_22,own,64–128,1,4501,0.000,1.000,6.7754,10.1168
ROI_070/patch_22,own,≥128,1,30067,0.000,1.000,13.0047,17.9341
ROI_070/patch_23,nearest,0–16,1,147,0.000,1.000,2.8668,4.5886
ROI_070/patch_23,nearest,16–32,1,409,0.000,1.000,4.0543,5.7918
ROI_070/patch_23,nearest,32–64,1,1137,0.000,1.000,16.7917,18.4244
ROI_070/patch_23,nearest,64–128,1,2218,0.000,1.000,9.6675,12.3292
ROI_070/patch_23,nearest,≥128,1,824,0.000,1.000,11.7442,13.5385
ROI_070/patch_23,own,0–16,1,147,0.000,1.000,2.8627,4.5688
ROI_070/patch_23,own,16–32,1,409,0.000,1.000,3.7771,5.4373
ROI_070/patch_23,own,32–64,1,1304,0.000,1.000,6.7547,8.4896
ROI_070/patch_23,own,64–128,1,4748,0.000,1.000,13.1891,15.4729
ROI_070/patch_23,own,≥128,1,31272,0.000,1.000,12.0787,14.2052
ROI_070/patch_24,nearest,0–16,1,142,0.000,1.000,2.8855,3.7155
ROI_070/patch_24,nearest,16–32,1,401,0.000,1.000,4.6185,5.7284
ROI_070/patch_24,nearest,32–64,1,1178,0.000,1.000,11.5605,13.2090
ROI_070/patch_24,nearest,64–128,1,2616,0.000,1.000,9.1613,11.0923
ROI_070/patch_24,nearest,≥128,1,381,0.000,1.000,26.5740,27.7777
ROI_070/patch_24,own,0–16,1,142,0.000,1.000,2.8651,3.7012
ROI_070/patch_24,own,16–32,1,401,0.000,1.000,4.2938,5.3673
ROI_070/patch_24,own,32–64,1,1178,0.000,1.000,15.9481,17.6996
ROI_070/patch_24,own,64–128,1,3739,0.000,1.000,11.2013,12.8350
ROI_070/patch_24,own,≥128,1,32284,0.000,1.000,7.4501,8.9510
ROI_070/patch_25,nearest,0–16,1,132,0.000,1.000,11.0747,12.6030
ROI_070/patch_25,nearest,16–32,1,384,0.000,1.000,12.2798,14.3877
ROI_070/patch_25,nearest,32–64,1,1079,0.000,1.000,19.3530,22.1384
ROI_070/patch_25,nearest,64–128,1,2047,0.000,1.000,29.6822,32.3285
ROI_070/patch_25,nearest,≥128,1,1135,0.000,1.000,17.3288,20.2212
ROI_070/patch_25,own,0–16,1,132,0.000,1.000,10.9906,12.5119
ROI_070/patch_25,own,16–32,1,384,0.000,1.000,12.0483,14.1758
ROI_070/patch_25,own,32–64,1,1252,0.000,1.000,25.1339,27.6838
ROI_070/patch_25,own,64–128,1,4083,0.000,1.000,16.1720,18.6376
ROI_070/patch_25,own,≥128,1,32365,0.000,1.000,19.3595,21.9160
ROI_070/patch_26,nearest,0–16,1,153,0.000,1.000,5.8941,7.4649
ROI_070/patch_26,nearest,16–32,1,407,0.000,1.000,5.3267,6.9010
ROI_070/patch_26,nearest,32–64,1,1346,0.000,1.000,8.6193,11.6703
ROI_070/patch_26,nearest,64–128,1,2339,0.000,1.000,29.6585,31.9358
ROI_070/patch_26,nearest,≥128,1,429,0.000,1.000,12.1666,13.9107
ROI_070/patch_26,own,0–16,1,153,0.000,1.000,5.9265,7.4889
ROI_070/patch_26,own,16–32,1,407,0.000,1.000,5.2732,6.9645
ROI_070/patch_26,own,32–64,1,1380,0.000,1.000,7.5911,10.3082
ROI_070/patch_26,own,64–128,1,4279,0.000,1.000,25.3849,27.9718
ROI_070/patch_26,own,≥128,1,31173,0.000,1.000,17.4572,20.3864
ROI_070/patch_27,nearest,0–16,1,121,0.000,1.000,8.1674,8.5971
ROI_070/patch_27,nearest,16–32,1,315,0.000,1.000,13.1696,13.9078
ROI_070/patch_27,nearest,32–64,1,923,0.000,1.000,14.2174,15.5821
ROI_070/patch_27,nearest,64–128,1,2013,0.000,1.000,10.0637,11.0582
ROI_070/patch_27,nearest,≥128,1,1284,0.000,1.000,7.0441,8.1651
ROI_070/patch_27,own,0–16,1,121,0.000,1.000,7.4648,7.8943
ROI_070/patch_27,own,16–32,1,315,0.000,1.000,5.3019,5.9602
ROI_070/patch_27,own,32–64,1,1011,0.000,1.000,5.0344,6.5599
ROI_070/patch_27,own,64–128,1,3636,0.000,1.000,5.9210,6.8320
ROI_070/patch_27,own,≥128,1,32165,0.000,1.000,7.3831,8.1899
ROI_070/patch_28,nearest,0–16,1,150,0.000,1.000,3.2133,4.6233
ROI_070/patch_28,nearest,16–32,1,387,0.000,1.000,3.1302,5.2851
ROI_070/patch_28,nearest,32–64,1,1184,0.000,1.000,5.5532,7.7859
ROI_070/patch_28,nearest,64–128,1,2175,0.000,1.000,5.8749,8.4804
ROI_070/patch_28,nearest,≥128,1,669,0.000,1.000,10.5146,12.6919
ROI_070/patch_28,own,0–16,1,150,0.000,1.000,3.3517,4.8299
ROI_070/patch_28,own,16–32,1,387,0.000,1.000,3.2329,5.2928
ROI_070/patch_28,own,32–64,1,1217,0.000,1.000,11.2743,13.9495
ROI_070/patch_28,own,64–128,1,4346,0.000,1.000,5.2273,7.7232
ROI_070/patch_28,own,≥128,1,30420,0.000,1.000,4.7762,8.7514
ROI_070/patch_29,nearest,0–16,1,138,0.000,1.000,7.8517,11.3948
ROI_070/patch_29,nearest,16–32,1,415,0.000,1.000,8.6069,12.9878
ROI_070/patch_29,nearest,32–64,1,1312,0.000,1.000,29.5701,35.4130
ROI_070/patch_29,nearest,64–128,1,2213,0.000,1.000,47.7655,54.1392
ROI_070/patch_29,nearest,≥128,1,518,0.000,1.000,30.7308,39.4292
ROI_070/patch_29,own,0–16,1,138,0.000,1.000,7.7688,11.3177
ROI_070/patch_29,own,16–32,1,415,0.000,1.000,8.5766,12.8449
ROI_070/patch_29,own,32–64,1,1420,0.000,1.000,24.7221,30.8529
ROI_070/patch_29,own,64–128,1,5083,0.000,1.000,28.4954,35.1984
ROI_070/patch_29,own,≥128,1,29712,0.000,1.000,12.0275,17.7883
ROI_070/patch_31,nearest,0–16,1,131,0.000,1.000,0.9262,2.4392
ROI_070/patch_31,nearest,16–32,1,391,0.000,1.000,4.2233,5.6970
ROI_070/patch_31,nearest,32–64,1,1129,0.000,1.000,69.4961,71.3873
ROI_070/patch_31,nearest,64–128,1,1859,0.000,1.000,9.9122,12.6731
ROI_070/patch_31,nearest,≥128,1,924,0.000,1.000,19.0522,22.2677
ROI_070/patch_31,own,0–16,1,131,0.000,1.000,0.9073,2.4077
ROI_070/patch_31,own,16–32,1,391,0.000,1.000,3.6599,5.1973
ROI_070/patch_31,own,32–64,1,1428,0.000,1.000,73.7512,75.0201
ROI_070/patch_31,own,64–128,1,5071,0.000,1.000,32.5604,34.1384
ROI_070/patch_31,own,≥128,1,28451,0.000,1.000,24.8401,27.4544
ROI_070/patch_33,nearest,0–16,1,150,0.000,1.000,4.1294,5.7044
ROI_070/patch_33,nearest,16–32,1,416,0.000,1.000,4.7386,6.4777
ROI_070/patch_33,nearest,32–64,1,1191,0.000,1.000,12.9294,15.6784
ROI_070/patch_33,nearest,64–128,1,2335,0.000,1.000,17.8248,21.0646
ROI_070/patch_33,nearest,≥128,1,456,0.000,1.000,12.2654,20.3978
ROI_070/patch_33,own,0–16,1,150,0.000,1.000,4.1848,5.7758
ROI_070/patch_33,own,16–32,1,416,0.000,1.000,4.7906,6.4063
ROI_070/patch_33,own,32–64,1,1365,0.000,1.000,13.5498,16.2763
ROI_070/patch_33,own,64–128,1,4713,0.000,1.000,14.5455,21.2233
ROI_070/patch_33,own,≥128,1,29740,0.000,1.000,21.8828,26.0049
ROI_070/patch_35,nearest,0–16,1,134,0.000,1.000,3.6091,4.7813
ROI_070/patch_35,nearest,16–32,1,373,0.000,1.000,6.9688,8.3239
ROI_070/patch_35,nearest,32–64,1,1199,0.000,1.000,11.1641,13.1593
ROI_070/patch_35,nearest,64–128,1,2481,0.000,1.000,5.2927,7.1777
ROI_070/patch_35,nearest,≥128,1,546,0.000,1.000,5.1758,11.5236
ROI_070/patch_35,own,0–16,1,134,0.000,1.000,3.6745,4.8267
ROI_070/patch_35,own,16–32,1,373,0.000,1.000,7.7912,9.2997
ROI_070/patch_35,own,32–64,1,1205,0.000,1.000,10.5889,12.4701
ROI_070/patch_35,own,64–128,1,4213,0.000,1.000,2.7967,4.1342
ROI_070/patch_35,own,≥128,1,31939,0.000,1.000,8.8250,10.4171
ROI_070/patch_36,nearest,0–16,1,146,0.000,1.000,12.8266,13.6450
ROI_070/patch_36,nearest,16–32,1,389,0.000,1.000,14.6987,15.7097
ROI_070/patch_36,nearest,32–64,1,1188,0.000,1.000,26.7955,28.2296
ROI_070/patch_36,nearest,64–128,1,2249,0.000,1.000,45.2843,49.4640
ROI_070/patch_36,nearest,≥128,1,490,0.000,1.000,78.5053,84.6748
ROI_070/patch_36,own,0–16,1,146,0.000,1.000,12.9637,13.8080
ROI_070/patch_36,own,16–32,1,389,0.000,1.000,13.4892,14.4608
ROI_070/patch_36,own,32–64,1,1266,0.000,1.000,27.4344,28.5677
ROI_070/patch_36,own,64–128,1,4055,0.000,1.000,23.9601,26.6240
ROI_070/patch_36,own,≥128,1,29840,0.050,1.000,19.9144,31.2173
ROI_070/patch_37,nearest,0–16,1,141,0.000,1.000,1.5624,2.1952
ROI_070/patch_37,nearest,16–32,1,408,0.000,1.000,1.3764,2.1884
ROI_070/patch_37,nearest,32–64,1,1162,0.000,1.000,98.1552,105.3200
ROI_070/patch_37,nearest,64–128,1,1547,0.000,1.000,57.5454,59.0884
ROI_070/patch_37,nearest,≥128,1,704,0.200,1.000,339.3536,367.6955
ROI_070/patch_37,own,0–16,1,141,0.000,1.000,1.5824,2.2086
ROI_070/patch_37,own,16–32,1,408,0.000,1.000,1.3072,2.0636
ROI_070/patch_37,own,32–64,1,1287,0.000,1.000,59.4268,67.0209
ROI_070/patch_37,own,64–128,1,4626,0.000,1.000,66.0747,70.4283
ROI_070/patch_37,own,≥128,1,25234,0.000,1.000,52.2618,59.8215
ROI_070/patch_38,nearest,0–16,1,154,0.000,1.000,4.4285,5.5648
ROI_070/patch_38,nearest,16–32,1,363,0.000,1.000,9.0548,10.3575
ROI_070/patch_38,nearest,32–64,1,955,0.000,1.000,30.7622,33.1719
ROI_070/patch_38,nearest,64–128,1,2141,0.000,1.000,26.8283,30.5065
ROI_070/patch_38,nearest,≥128,1,850,0.000,1.000,12.2086,13.7486
ROI_070/patch_38,own,0–16,1,154,0.000,1.000,4.5026,5.6072
ROI_070/patch_38,own,16–32,1,385,0.000,1.000,7.4071,8.5308
ROI_070/patch_38,own,32–64,1,1183,0.000,1.000,34.1849,36.4991
ROI_070/patch_38,own,64–128,1,3840,0.000,1.000,38.0985,43.8451
ROI_070/patch_38,own,≥128,1,30142,0.000,1.000,29.5336,33.8790
ROI_070/patch_39,nearest,0–16,1,119,0.000,1.000,3.3505,4.6848
ROI_070/patch_39,nearest,16–32,1,365,0.000,1.000,4.4734,12.1042
ROI_070/patch_39,nearest,32–64,1,877,0.000,1.000,42.1527,47.5305
ROI_070/patch_39,nearest,64–128,1,2097,0.000,1.000,22.9126,26.1444
ROI_070/patch_39,nearest,≥128,1,648,0.000,1.000,114.1621,118.0052
ROI_070/patch_39,own,0–16,1,119,0.000,1.000,3.3475,4.7119
ROI_070/patch_39,own,16–32,1,365,0.000,1.000,4.0294,7.9646
ROI_070/patch_39,own,32–64,1,980,0.000,1.000,48.7676,55.5938
ROI_070/patch_39,own,64–128,1,3764,0.000,1.000,76.7372,81.8017
ROI_070/patch_39,own,≥128,1,27620,0.000,1.000,99.3672,106.5384
ROI_070/patch_40,nearest,0–16,1,132,0.000,1.000,87.5454,89.1994
ROI_070/patch_40,nearest,16–32,1,346,0.000,1.000,11.4328,13.5698
ROI_070/patch_40,nearest,32–64,1,944,0.050,1.000,269.9745,275.4483
ROI_070/patch_40,nearest,64–128,1,2176,0.000,1.000,49.0167,54.0932
ROI_070/patch_40,nearest,≥128,1,435,0.000,1.000,6.0018,7.6258
ROI_070/patch_40,own,0–16,1,132,0.000,1.000,86.7219,88.3816
ROI_070/patch_40,own,16–32,1,346,0.000,1.000,10.4588,12.5502
ROI_070/patch_40,own,32–64,1,979,0.000,1.000,158.4445,163.0551
ROI_070/patch_40,own,64–128,1,3715,0.000,1.000,141.3440,145.2643
ROI_070/patch_40,own,≥128,1,27092,0.000,1.000,30.4610,33.7033
ROI_070/patch_41,nearest,0–16,1,116,0.000,1.000,5.4034,7.2016
ROI_070/patch_41,nearest,16–32,1,291,0.000,1.000,9.3071,11.1931
ROI_070/patch_41,nearest,32–64,1,828,0.000,1.000,44.4434,46.3550
ROI_070/patch_41,nearest,64–128,1,1729,0.000,1.000,69.6432,76.2878
ROI_070/patch_41,nearest,≥128,1,971,0.000,1.000,124.3901,134.4454
ROI_070/patch_41,own,0–16,1,117,0.000,1.000,5.6039,7.4319
ROI_070/patch_41,own,16–32,1,314,0.000,1.000,5.6685,6.7758
ROI_070/patch_41,own,32–64,1,915,0.000,1.000,48.6639,50.8238
ROI_070/patch_41,own,64–128,1,3009,0.000,1.000,65.4020,68.9936
ROI_070/patch_41,own,≥128,1,27125,0.000,1.000,50.2898,58.1882
ROI_070/patch_42,nearest,0–16,1,134,0.000,1.000,1.3528,2.6972
ROI_070/patch_42,nearest,16–32,1,338,0.000,1.000,3.4768,6.3755
ROI_070/patch_42,nearest,32–64,1,923,0.050,1.000,110.5002,115.2420
ROI_070/patch_42,nearest,64–128,1,1433,0.000,1.000,219.9406,226.4583
ROI_070/patch_42,nearest,≥128,1,1229,0.000,1.000,34.6889,37.1119
ROI_070/patch_42,own,0–16,1,134,0.000,1.000,1.3162,2.7025
ROI_070/patch_42,own,16–32,1,338,0.000,1.000,3.0998,5.1911
ROI_070/patch_42,own,32–64,1,1020,0.000,1.000,67.5122,70.5666
ROI_070/patch_42,own,64–128,1,3217,0.000,1.000,141.9736,146.5431
ROI_070/patch_42,own,≥128,1,27747,0.000,1.000,81.9225,86.6880
ROI_070/patch_43,nearest,0–16,1,154,0.000,1.000,1.7659,2.7424
ROI_070/patch_43,nearest,16–32,1,434,0.000,1.000,2.4676,3.8441
ROI_070/patch_43,nearest,32–64,1,1325,0.000,1.000,86.5109,87.8619
ROI_070/patch_43,nearest,64–128,1,2107,0.000,1.000,20.5202,24.9293
ROI_070/patch_43,nearest,≥128,1,375,0.000,1.000,78.6689,81.0895
ROI_070/patch_43,own,0–16,1,154,0.000,1.000,1.6395,2.6061
ROI_070/patch_43,own,16–32,1,434,0.000,1.000,2.8684,4.2721
ROI_070/patch_43,own,32–64,1,1328,0.000,1.000,99.7629,103.4574
ROI_070/patch_43,own,64–128,1,4308,0.000,1.000,29.5528,33.1870
ROI_070/patch_43,own,≥128,1,28936,0.000,1.000,38.3577,42.4505
ROI_070/patch_45,nearest,0–16,1,148,0.000,1.000,2.8452,3.3399
ROI_070/patch_45,nearest,16–32,1,430,0.000,1.000,8.1747,8.5613
ROI_070/patch_45,nearest,32–64,1,1202,0.000,1.000,25.5031,27.3839
ROI_070/patch_45,nearest,64–128,1,2176,0.000,1.000,95.1010,98.2503
ROI_070/patch_45,nearest,≥128,1,155,0.000,1.000,93.2619,103.2252
ROI_070/patch_45,own,0–16,1,148,0.000,1.000,2.7254,3.1651
ROI_070/patch_45,own,16–32,1,430,0.000,1.000,19.3461,19.9024
ROI_070/patch_45,own,32–64,1,1313,0.000,1.000,18.3672,20.0872
ROI_070/patch_45,own,64–128,1,4303,0.000,1.000,46.6807,51.0389
ROI_070/patch_45,own,≥128,1,26694,0.000,1.000,32.8750,37.4379
ROI_070/patch_46,nearest,0–16,1,139,0.000,1.000,2.4083,3.0944
ROI_070/patch_46,nearest,16–32,1,430,0.000,1.000,2.3201,2.9019
ROI_070/patch_46,nearest,32–64,1,1229,0.000,1.000,164.1348,169.3284
ROI_070/patch_46,nearest,64–128,1,1923,0.000,1.000,222.4951,226.8518
ROI_070/patch_46,nearest,≥128,1,332,0.000,1.000,330.9848,402.3448
ROI_070/patch_46,own,0–16,1,139,0.000,1.000,2.4008,3.0840
ROI_070/patch_46,own,16–32,1,430,0.000,1.000,2.2611,2.8649
ROI_070/patch_46,own,32–64,1,1367,0.000,1.000,99.8130,103.1024
ROI_070/patch_46,own,64–128,1,4173,0.000,1.000,115.5027,119.9730
ROI_070/patch_46,own,≥128,1,26315,0.000,1.000,159.3934,163.3637
ROI_070/patch_47,nearest,0–16,1,158,0.000,1.000,2.8869,4.8618
ROI_070/patch_47,nearest,16–32,1,396,0.000,1.000,8.0829,10.6499
ROI_070/patch_47,nearest,32–64,1,1038,0.000,1.000,114.7788,119.2088
ROI_070/patch_47,nearest,64–128,1,1524,0.000,1.000,190.4413,198.9505
ROI_070/patch_47,nearest,≥128,1,1045,0.050,1.000,195.7781,243.5968
ROI_070/patch_47,own,0–16,1,158,0.000,1.000,2.9592,4.9685
ROI_070/patch_47,own,16–32,1,396,0.000,1.000,7.0236,9.5166
ROI_070/patch_47,own,32–64,1,1223,0.000,1.000,116.1662,120.1990
ROI_070/patch_47,own,64–128,1,4215,0.000,1.000,85.2052,91.9232
ROI_070/patch_47,own,≥128,1,27296,0.050,1.000,42.0468,47.6152
ROI_070/patch_48,nearest,0–16,1,127,0.000,1.000,2.7475,3.7480
ROI_070/patch_48,nearest,16–32,1,339,0.000,1.000,128.0960,129.6000
ROI_070/patch_48,nearest,32–64,1,916,0.050,1.000,185.3109,188.6658
ROI_070/patch_48,nearest,64–128,1,1773,0.000,1.000,167.5164,187.9297
ROI_070/patch_48,nearest,≥128,1,621,0.000,1.000,352.6953,381.4781
ROI_070/patch_48,own,0–16,1,127,0.000,1.000,2.7519,3.7340
ROI_070/patch_48,own,16–32,1,339,0.000,1.000,63.2561,64.8101
ROI_070/patch_48,own,32–64,1,992,0.000,1.000,130.9783,133.3346
ROI_070/patch_48,own,64–128,1,3405,0.000,1.000,108.7879,130.3072
ROI_070/patch_48,own,≥128,1,25345,0.000,1.000,101.9425,114.2388
ROI_070/patch_49,nearest,0–16,1,143,0.000,1.000,5.3742,7.4716
ROI_070/patch_49,nearest,16–32,1,346,0.000,1.000,6.9985,9.5970
ROI_070/patch_49,nearest,32–64,1,1044,0.000,1.000,24.1310,28.5056
ROI_070/patch_49,nearest,64–128,1,2191,0.000,1.000,148.4615,157.2910
ROI_070/patch_49,nearest,≥128,1,194,0.350,1.000,501.6155,517.9620
ROI_070/patch_49,own,0–16,1,143,0.000,1.000,5.1275,7.2474
ROI_070/patch_49,own,16–32,1,357,0.000,1.000,6.0870,8.4065
ROI_070/patch_49,own,32–64,1,1123,0.000,1.000,41.7508,46.1182
ROI_070/patch_49,own,64–128,1,3648,0.000,1.000,98.9406,110.6606
ROI_070/patch_49,own,≥128,1,26073,0.000,1.000,87.4407,96.9002
ROI_070/patch_50,nearest,0–16,1,155,0.000,1.000,20.1659,29.2260
ROI_070/patch_50,nearest,16–32,1,433,0.000,1.000,6.5698,7.3759
ROI_070/patch_50,nearest,32–64,1,1190,0.000,1.000,32.7214,38.3301
ROI_070/patch_50,nearest,64–128,1,1848,0.000,1.000,91.6034,97.0514
ROI_070/patch_50,nearest,≥128,1,311,0.500,1.000,556.7362,653.4595
ROI_070/patch_50,own,0–16,1,155,0.000,1.000,28.2267,43.2024
ROI_070/patch_50,own,16–32,1,433,0.000,1.000,5.1084,5.9587
ROI_070/patch_50,own,32–64,1,1285,0.000,1.000,25.6071,34.3005
ROI_070/patch_50,own,64–128,1,3840,0.000,1.000,68.2400,72.6457
ROI_070/patch_50,own,≥128,1,25783,0.050,1.000,55.6526,58.2171
ROI_070/patch_51,nearest,0–16,1,148,0.000,1.000,5.4599,6.6215
ROI_070/patch_51,nearest,16–32,1,417,0.000,1.000,7.6959,9.5611
ROI_070/patch_51,nearest,32–64,1,1098,0.000,1.000,15.5161,17.4259
ROI_070/patch_51,nearest,64–128,1,1902,0.000,1.000,45.5355,48.4748
ROI_070/patch_51,nearest,≥128,1,692,0.100,1.000,394.7765,401.2979
ROI_070/patch_51,own,0–16,1,148,0.000,1.000,6.6153,7.8568
ROI_070/patch_51,own,16–32,1,417,0.000,1.000,4.7439,6.5584
ROI_070/patch_51,own,32–64,1,1282,0.000,1.000,17.2963,20.2587
ROI_070/patch_51,own,64–128,1,4366,0.000,1.000,45.2591,51.2629
ROI_070/patch_51,own,≥128,1,27843,0.000,1.000,33.2868,37.1446
ROI_070/patch_52,nearest,0–16,1,144,0.000,1.000,5.5474,7.1392
ROI_070/patch_52,nearest,16–32,1,388,0.000,1.000,13.8925,16.2916
ROI_070/patch_52,nearest,32–64,1,1004,0.000,1.000,125.6543,138.7033
ROI_070/patch_52,nearest,64–128,1,1908,0.000,1.000,105.0484,110.8175
ROI_070/patch_52,nearest,≥128,1,534,0.000,1.000,869.6647,890.9845
ROI_070/patch_52,own,0–16,1,144,0.000,1.000,6.3017,7.9144
ROI_070/patch_52,own,16–32,1,388,0.000,1.000,11.0134,13.5547
ROI_070/patch_52,own,32–64,1,1087,0.000,1.000,81.8746,84.8627
ROI_070/patch_52,own,64–128,1,3685,0.000,1.000,56.2225,62.5889
ROI_070/patch_52,own,≥128,1,26520,0.000,1.000,76.2579,83.3279
ROI_070/patch_53,nearest,0–16,1,132,0.000,1.000,26.3480,30.2529
ROI_070/patch_53,nearest,16–32,1,398,0.050,1.000,340.5868,343.3325
ROI_070/patch_53,nearest,32–64,1,1024,0.100,1.000,200.3700,207.4292
ROI_070/patch_53,nearest,64–128,1,1762,0.000,1.000,183.7376,189.2491
ROI_070/patch_53,nearest,≥128,1,628,0.050,1.000,405.1453,426.3327
ROI_070/patch_53,own,0–16,1,132,0.000,1.000,59.6200,64.4678
ROI_070/patch_53,own,16–32,1,398,0.000,1.000,401.8536,404.5746
ROI_070/patch_53,own,32–64,1,1066,0.050,1.000,345.9692,350.5076
ROI_070/patch_53,own,64–128,1,3507,0.000,1.000,361.8802,365.9404
ROI_070/patch_53,own,≥128,1,26449,0.050,1.000,157.3073,163.1009
ROI_070/patch_54,nearest,0–16,1,141,0.000,1.000,79.9011,87.5919
ROI_070/patch_54,nearest,16–32,1,385,0.000,1.000,68.1639,71.6589
ROI_070/patch_54,nearest,32–64,1,902,0.000,1.000,94.6099,108.9439
ROI_070/patch_54,nearest,64–128,1,1585,0.000,1.000,153.2729,162.5770
ROI_070/patch_54,nearest,≥128,1,584,0.000,1.000,345.9279,358.7019
ROI_070/patch_54,own,0–16,1,141,0.000,1.000,75.7731,83.2122
ROI_070/patch_54,own,16–32,1,385,0.000,1.000,74.8115,78.0150
ROI_070/patch_54,own,32–64,1,1013,0.000,1.000,101.9531,110.0976
ROI_070/patch_54,own,64–128,1,3885,0.000,1.000,116.3691,126.7126
ROI_070/patch_54,own,≥128,1,23352,0.000,1.000,168.0670,192.8814
ROI_070/patch_57,nearest,0–16,1,131,0.000,1.000,99.5079,103.2546
ROI_070/patch_57,nearest,16–32,1,347,0.000,1.000,144.8929,152.5658
ROI_070/patch_57,nearest,32–64,1,921,0.000,1.000,106.4172,119.7947
ROI_070/patch_57,nearest,64–128,1,1800,0.000,1.000,120.3261,126.4721
ROI_070/patch_57,nearest,≥128,1,485,0.050,1.000,294.0163,298.7904
ROI_070/patch_57,own,0–16,1,131,0.000,1.000,105.1427,108.1651
ROI_070/patch_57,own,16–32,1,347,0.000,1.000,257.8489,263.2716
ROI_070/patch_57,own,32–64,1,1037,0.000,1.000,206.3590,214.9293
ROI_070/patch_57,own,64–128,1,3968,0.000,1.000,144.2689,152.9768
ROI_070/patch_57,own,≥128,1,23989,0.000,1.000,108.7259,117.2830
ROI_070/patch_58,nearest,0–16,1,132,0.000,1.000,75.7707,687.6571
ROI_070/patch_58,nearest,16–32,1,368,0.000,1.000,62.8922,126.0905
ROI_070/patch_58,nearest,32–64,1,1100,0.000,1.000,112.9329,131.5655
ROI_070/patch_58,nearest,64–128,1,1739,0.000,1.000,137.1103,167.9484
ROI_070/patch_58,nearest,≥128,1,464,0.000,1.000,336.0160,353.7984
ROI_070/patch_58,own,0–16,1,132,0.000,1.000,80.7787,911.5519
ROI_070/patch_58,own,16–32,1,368,0.000,1.000,63.9918,162.8535
ROI_070/patch_58,own,32–64,1,1127,0.000,1.000,105.4688,125.7665
ROI_070/patch_58,own,64–128,1,4167,0.000,1.000,160.3692,211.6536
ROI_070/patch_58,own,≥128,1,24630,0.000,1.000,141.4981,203.7936
ROI_070/patch_59,nearest,0–16,1,143,0.000,1.000,9.0746,10.5519
ROI_070/patch_59,nearest,16–32,1,390,0.000,1.000,25.1551,36.8254
ROI_070/patch_59,nearest,32–64,1,1184,0.000,1.000,43.9572,54.9704
ROI_070/patch_59,nearest,64–128,1,1691,0.000,1.000,118.7833,125.6301
ROI_070/patch_59,nearest,≥128,1,605,0.000,1.000,103.8849,106.9693
ROI_070/patch_59,own,0–16,1,143,0.000,1.000,9.2127,10.7038
ROI_070/patch_59,own,16–32,1,390,0.000,1.000,17.6615,25.9556
ROI_070/patch_59,own,32–64,1,1251,0.000,1.000,58.2473,66.7635
ROI_070/patch_59,own,64–128,1,4172,0.000,1.000,57.0470,64.4629
ROI_070/patch_59,own,≥128,1,26148,0.000,1.000,57.2593,66.6191
ROI_070/patch_60,nearest,0–16,1,142,0.000,1.000,46.2573,47.9383
ROI_070/patch_60,nearest,16–32,1,386,0.000,1.000,51.6164,57.6799
ROI_070/patch_60,nearest,32–64,1,857,0.000,1.000,152.6736,178.2396
ROI_070/patch_60,nearest,64–128,1,1490,0.000,1.000,122.7358,146.0630
ROI_070/patch_60,nearest,≥128,1,635,0.100,1.000,300.3439,307.2840
ROI_070/patch_60,own,0–16,1,142,0.000,1.000,46.2684,47.9395
ROI_070/patch_60,own,16–32,1,386,0.000,1.000,48.0362,50.6577
ROI_070/patch_60,own,32–64,1,1008,0.000,1.000,120.2769,134.8519
ROI_070/patch_60,own,64–128,1,3394,0.000,1.000,158.3009,185.6752
ROI_070/patch_60,own,≥128,1,23150,0.050,1.000,213.5615,235.3006
ROI_070/patch_61,nearest,0–16,1,94,0.000,1.000,92.9946,97.5197
ROI_070/patch_61,nearest,16–32,1,283,0.000,1.000,153.8632,158.0583
ROI_070/patch_61,nearest,32–64,1,629,0.000,1.000,129.2111,135.2862
ROI_070/patch_61,nearest,64–128,1,1389,0.000,1.000,247.8624,256.7557
ROI_070/patch_61,nearest,≥128,1,1332,0.000,1.000,1514.2254,1537.8634
ROI_070/patch_61,own,0–16,1,94,0.000,1.000,93.3050,97.9164
ROI_070/patch_61,own,16–32,1,283,0.000,1.000,135.0492,139.2282
ROI_070/patch_61,own,32–64,1,782,0.000,1.000,154.5851,161.7238
ROI_070/patch_61,own,64–128,1,2462,0.000,1.000,216.7891,225.0675
ROI_070/patch_61,own,≥128,1,22468,0.050,1.000,524.5481,536.4057
ROI_070/patch_62,nearest,0–16,1,147,0.000,1.000,15.7782,18.9332
ROI_070/patch_62,nearest,16–32,1,385,0.000,1.000,33.2183,37.2721
ROI_070/patch_62,nearest,32–64,1,1015,0.000,1.000,124.6947,130.5934
ROI_070/patch_62,nearest,64–128,1,1557,0.000,1.000,306.5898,311.1040
ROI_070/patch_62,nearest,≥128,1,502,0.000,1.000,142.0445,148.4074
ROI_070/patch_62,own,0–16,1,147,0.000,1.000,15.7744,18.9396
ROI_070/patch_62,own,16–32,1,385,0.000,1.000,17.9721,22.0657
ROI_070/patch_62,own,32–64,1,1151,0.000,1.000,138.2412,143.7212
ROI_070/patch_62,own,64–128,1,3737,0.000,1.000,168.3033,173.3739
ROI_070/patch_62,own,≥128,1,23428,0.000,1.000,213.9277,217.8617
ROI_070/patch_63,nearest,0–16,1,114,0.000,1.000,36.0768,39.4921
ROI_070/patch_63,nearest,16–32,1,336,0.000,1.000,38.2301,42.3135
ROI_070/patch_63,nearest,32–64,1,891,0.000,1.000,191.5924,200.4588
ROI_070/patch_63,nearest,64–128,1,1663,0.000,1.000,458.7892,467.2769
ROI_070/patch_63,nearest,≥128,1,546,0.250,1.000,212.3455,275.9436
ROI_070/patch_63,own,0–16,1,114,0.000,1.000,28.1250,31.6615
ROI_070/patch_63,own,16–32,1,336,0.000,1.000,34.3232,39.3571
ROI_070/patch_63,own,32–64,1,1120,0.000,1.000,129.1857,135.0424
ROI_070/patch_63,own,64–128,1,3627,0.000,1.000,104.5565,110.5934
ROI_070/patch_63,own,≥128,1,23203,0.050,1.000,290.1721,296.0224
ROI_070/patch_66,nearest,0–16,1,131,0.000,1.000,35.7007,38.2553
ROI_070/patch_66,nearest,16–32,1,330,0.000,1.000,70.4271,74.9995
ROI_070/patch_66,nearest,32–64,1,820,0.000,1.000,98.4564,105.5627
ROI_070/patch_66,nearest,64–128,1,1272,0.050,1.000,180.5646,211.6718
ROI_070/patch_66,nearest,≥128,1,819,0.950,1.000,912.8940,1074.8922
ROI_070/patch_66,own,0–16,1,131,0.000,1.000,38.4527,41.7534
ROI_070/patch_66,own,16–32,1,364,0.000,1.000,79.1612,83.2267
ROI_070/patch_66,own,32–64,1,960,0.000,1.000,103.5097,112.3151
ROI_070/patch_66,own,64–128,1,3256,0.000,1.000,145.4335,177.1434
ROI_070/patch_66,own,≥128,1,22265,0.050,1.000,155.4563,172.1431
ROI_070/patch_67,nearest,0–16,1,132,0.000,1.000,80.2628,114.8450
ROI_070/patch_67,nearest,16–32,1,357,0.000,1.000,73.9480,161.6468
ROI_070/patch_67,nearest,32–64,1,1034,0.000,1.000,99.7366,115.2123
ROI_070/patch_67,nearest,64–128,1,1575,0.000,1.000,106.9354,115.4206
ROI_070/patch_67,nearest,≥128,1,740,0.000,1.000,252.7800,267.1654
ROI_070/patch_67,own,0–16,1,132,0.000,1.000,89.4831,136.8458
ROI_070/patch_67,own,16–32,1,362,0.000,1.000,37.7651,102.4675
ROI_070/patch_67,own,32–64,1,1142,0.000,1.000,132.1410,155.3465
ROI_070/patch_67,own,64–128,1,3620,0.000,1.000,183.5189,208.6066
ROI_070/patch_67,own,≥128,1,25448,0.000,1.000,119.0096,135.9935
ROI_070/patch_69,nearest,0–16,1,121,0.000,1.000,17.3581,18.0614
ROI_070/patch_69,nearest,16–32,1,346,0.000,1.000,13.2557,14.1870
ROI_070/patch_69,nearest,32–64,1,901,0.000,1.000,161.1887,166.8775
ROI_070/patch_69,nearest,64–128,1,1556,0.000,1.000,165.5905,173.2366
ROI_070/patch_69,nearest,≥128,1,668,0.950,1.000,233.9175,242.5063
ROI_070/patch_69,own,0–16,1,121,0.000,1.000,17.5510,18.3054
ROI_070/patch_69,own,16–32,1,346,0.000,1.000,13.3440,14.2463
ROI_070/patch_69,own,32–64,1,1000,0.000,1.000,245.7416,255.4882
ROI_070/patch_69,own,64–128,1,3136,0.050,1.000,150.7219,157.2581
ROI_070/patch_69,own,≥128,1,24133,0.100,1.000,135.3633,152.3923
ROI_070/patch_70,nearest,0–16,1,132,0.000,1.000,11.8176,15.1167
ROI_070/patch_70,nearest,16–32,1,356,0.000,1.000,106.2342,114.6496
ROI_070/patch_70,nearest,32–64,1,1071,0.000,1.000,103.7493,109.5736
ROI_070/patch_70,nearest,64–128,1,1399,0.000,1.000,48.2765,55.5882
ROI_070/patch_70,nearest,≥128,1,974,0.000,1.000,261.0881,296.0637
ROI_070/patch_70,own,0–16,1,132,0.000,1.000,12.4505,16.1150
ROI_070/patch_70,own,16–32,1,356,0.000,1.000,150.9294,159.5602
ROI_070/patch_70,own,32–64,1,1189,0.000,1.000,76.3554,84.7474
ROI_070/patch_70,own,64–128,1,4290,0.000,1.000,56.5795,61.5280
ROI_070/patch_70,own,≥128,1,25489,0.050,1.000,109.8239,116.0236
ROI_070/patch_71,nearest,0–16,1,145,0.000,1.000,25.0106,26.9401
ROI_070/patch_71,nearest,16–32,1,346,0.000,1.000,82.9873,87.1342
ROI_070/patch_71,nearest,32–64,1,951,0.550,1.000,398.1022,407.0567
ROI_070/patch_71,nearest,64–128,1,1624,0.250,1.000,304.8013,317.8098
ROI_070/patch_71,nearest,≥128,1,230,0.000,1.000,413.5485,416.8328
ROI_070/patch_71,own,0–16,1,145,0.000,1.000,15.2116,17.0674
ROI_070/patch_71,own,16–32,1,346,0.000,1.000,67.0178,69.2754
ROI_070/patch_71,own,32–64,1,973,0.450,1.000,426.0305,435.5454
ROI_070/patch_71,own,64–128,1,3258,0.250,1.000,289.4149,306.7273
ROI_070/patch_71,own,≥128,1,21646,0.300,1.000,359.9499,366.8872
ROI_070/patch_72,nearest,0–16,1,127,0.000,1.000,29.7742,32.5358
ROI_070/patch_72,nearest,16–32,1,349,0.000,1.000,37.3748,39.1003
ROI_070/patch_72,nearest,32–64,1,812,0.100,1.000,336.2427,357.5489
ROI_070/patch_72,nearest,64–128,1,2003,0.000,1.000,240.6357,248.0243
ROI_070/patch_72,nearest,≥128,1,451,0.000,1.000,241.4230,245.4010
ROI_070/patch_72,own,0–16,1,127,0.000,1.000,36.7085,39.6017
ROI_070/patch_72,own,16–32,1,349,0.000,1.000,29.0844,32.5477
ROI_070/patch_72,own,32–64,1,904,0.150,1.000,210.9254,221.8963
ROI_070/patch_72,own,64–128,1,3282,0.000,1.000,183.1298,213.1083
ROI_070/patch_72,own,≥128,1,25274,0.000,1.000,207.9817,220.2379
ROI_070/patch_73,nearest,0–16,1,148,0.000,1.000,8.3034,10.9491
ROI_070/patch_73,nearest,16–32,1,413,0.000,1.000,65.8640,70.9850
ROI_070/patch_73,nearest,32–64,1,1147,0.000,1.000,90.0179,94.0735
ROI_070/patch_73,nearest,64–128,1,1880,0.000,1.000,195.9736,219.2347
ROI_070/patch_73,nearest,≥128,1,215,0.000,1.000,184.3578,222.2462
ROI_070/patch_73,own,0–16,1,148,0.000,1.000,6.3840,9.2335
ROI_070/patch_73,own,16–32,1,413,0.000,1.000,19.1103,22.8910
ROI_070/patch_73,own,32–64,1,1208,0.000,1.000,107.2722,113.3482
ROI_070/patch_73,own,64–128,1,3978,0.000,1.000,158.1141,166.6409
ROI_070/patch_73,own,≥128,1,24677,0.000,1.000,160.5486,184.8372
ROI_070/patch_74,nearest,0–16,1,130,0.000,1.000,5.0693,6.8451
ROI_070/patch_74,nearest,16–32,1,417,0.000,1.000,6.1761,9.1137
ROI_070/patch_74,nearest,32–64,1,1099,0.000,1.000,30.3880,42.6544
ROI_070/patch_74,nearest,64–128,1,1870,0.000,1.000,85.3708,89.9884
ROI_070/patch_74,nearest,≥128,1,555,0.050,1.000,459.3600,464.3202
ROI_070/patch_74,own,0–16,1,130,0.000,1.000,5.0635,6.8426
ROI_070/patch_74,own,16–32,1,417,0.000,1.000,5.8685,8.1983
ROI_070/patch_74,own,32–64,1,1197,0.000,1.000,20.6830,25.3674
ROI_070/patch_74,own,64–128,1,4076,0.000,1.000,28.2692,31.2547
ROI_070/patch_74,own,≥128,1,26748,0.000,1.000,74.7721,78.6124
ROI_070/patch_77,nearest,0–16,1,131,0.000,1.000,9.6920,11.8856
ROI_070/patch_77,nearest,16–32,1,347,0.000,1.000,7.0138,8.5252
ROI_070/patch_77,nearest,32–64,1,1119,0.000,1.000,13.2792,15.9041
ROI_070/patch_77,nearest,64–128,1,1542,0.000,1.000,62.6190,67.2040
ROI_070/patch_77,nearest,≥128,1,857,0.050,1.000,172.9445,189.6607
ROI_070/patch_77,own,0–16,1,131,0.000,1.000,11.5171,13.6334
ROI_070/patch_77,own,16–32,1,347,0.000,1.000,6.7062,8.1868
ROI_070/patch_77,own,32–64,1,1183,0.000,1.000,14.2143,16.7882
ROI_070/patch_77,own,64–128,1,3908,0.000,1.000,30.4143,34.0865
ROI_070/patch_77,own,≥128,1,26399,0.000,1.000,60.3416,68.5460
ROI_070/patch_78,nearest,0–16,1,136,0.000,1.000,13.8773,26.0534
ROI_070/patch_78,nearest,16–32,1,389,0.000,1.000,11.4405,14.5185
ROI_070/patch_78,nearest,32–64,1,1039,0.000,1.000,122.7793,133.2682
ROI_070/patch_78,nearest,64–128,1,1540,0.050,1.000,161.6965,171.1709
ROI_070/patch_78,nearest,≥128,1,451,0.000,1.000,488.3120,490.8506
ROI_070/patch_78,own,0–16,1,136,0.000,1.000,13.7741,24.1757
ROI_070/patch_78,own,16–32,1,391,0.000,1.000,13.5320,16.3200
ROI_070/patch_78,own,32–64,1,1192,0.000,1.000,137.5445,150.0341
ROI_070/patch_78,own,64–128,1,3918,0.000,1.000,247.4325,253.1203
ROI_070/patch_78,own,≥128,1,22803,0.000,1.000,216.0461,221.4486
ROI_070/patch_87,nearest,0–16,1,121,0.000,1.000,64.1692,76.2861
ROI_070/patch_87,nearest,16–32,1,336,0.000,1.000,94.4451,125.2612
ROI_070/patch_87,nearest,32–64,1,738,0.000,1.000,438.8842,471.5942
ROI_070/patch_87,nearest,64–128,1,1390,0.000,1.000,419.1481,445.1364
ROI_070/patch_87,nearest,≥128,1,475,0.000,1.000,1177.9381,1195.5875
ROI_070/patch_87,own,0–16,1,121,0.000,1.000,54.1361,65.5860
ROI_070/patch_87,own,16–32,1,342,0.000,1.000,108.8848,162.2847
ROI_070/patch_87,own,32–64,1,1004,0.050,1.000,313.5176,340.1469
ROI_070/patch_87,own,64–128,1,3586,0.200,1.000,349.3578,383.2414
ROI_070/patch_87,own,≥128,1,19427,0.100,1.000,388.2135,407.5322
ROI_070/patch_90,nearest,0–16,1,122,0.000,1.000,170.9301,179.3070
ROI_070/patch_90,nearest,16–32,1,284,0.000,1.000,206.3295,209.4041
ROI_070/patch_90,nearest,32–64,1,761,0.050,1.000,225.6100,256.3421
ROI_070/patch_90,nearest,64–128,1,1672,0.100,1.000,225.0599,252.6702
ROI_070/patch_90,nearest,≥128,1,278,0.100,1.000,359.9141,501.6842
ROI_070/patch_90,own,0–16,1,122,0.000,1.000,243.2170,253.3873
ROI_070/patch_90,own,16–32,1,294,0.000,1.000,212.8827,216.1401
ROI_070/patch_90,own,32–64,1,915,0.050,1.000,139.8968,162.5266
ROI_070/patch_90,own,64–128,1,3137,0.100,1.000,302.5895,326.2152
ROI_070/patch_90,own,≥128,1,20468,0.000,1.000,332.5553,372.0834
ROI_070/patch_92,nearest,0–16,1,154,0.000,1.000,31.3124,33.7080
ROI_070/patch_92,nearest,16–32,1,384,0.000,1.000,60.1048,70.2377
ROI_070/patch_92,nearest,32–64,1,957,0.000,1.000,158.0574,168.7401
ROI_070/patch_92,nearest,64–128,1,1622,0.050,1.000,371.1840,380.7411
ROI_070/patch_92,nearest,≥128,1,551,1.000,1.000,,
ROI_070/patch_92,own,0–16,1,154,0.000,1.000,30.9019,33.2724
ROI_070/patch_92,own,16–32,1,384,0.000,1.000,69.0191,79.6583
ROI_070/patch_92,own,32–64,1,1158,0.000,1.000,229.2301,259.2663
ROI_070/patch_92,own,64–128,1,4290,0.000,1.000,173.6250,179.6376
ROI_070/patch_92,own,≥128,1,27026,0.100,1.000,184.4878,202.9362
ROI_070/patch_93,nearest,0–16,1,128,0.000,1.000,342.9141,343.5055
ROI_070/patch_93,nearest,16–32,1,363,0.000,1.000,610.2628,616.8383
ROI_070/patch_93,nearest,32–64,1,1026,0.050,1.000,279.5065,290.0548
ROI_070/patch_93,nearest,64–128,1,1402,0.000,1.000,428.1215,440.2401
ROI_070/patch_93,nearest,≥128,1,466,0.000,1.000,256.3508,259.2672
ROI_070/patch_93,own,0–16,1,128,0.000,1.000,318.5730,319.1392
ROI_070/patch_93,own,16–32,1,363,0.000,1.000,623.8348,632.6823
ROI_070/patch_93,own,32–64,1,1120,0.000,1.000,285.9124,296.8539
ROI_070/patch_93,own,64–128,1,3729,0.050,1.000,296.9232,308.2140
ROI_070/patch_93,own,≥128,1,21740,0.000,1.000,297.3955,310.0301
ROI_070/patch_96,nearest,0–16,1,143,0.000,1.000,116.6101,119.4105
ROI_070/patch_96,nearest,16–32,1,348,0.000,1.000,14.8212,18.4587
ROI_070/patch_96,nearest,32–64,1,986,0.050,1.000,177.4246,183.7411
ROI_070/patch_96,nearest,64–128,1,1614,0.050,1.000,128.8486,167.9868
ROI_070/patch_96,nearest,≥128,1,340,0.800,1.000,564.1791,643.1946
ROI_070/patch_96,own,0–16,1,143,0.000,1.000,161.1725,163.9426
ROI_070/patch_96,own,16–32,1,348,0.000,1.000,14.4627,20.7579
ROI_070/patch_96,own,32–64,1,1043,0.050,1.000,233.9356,239.5020
ROI_070/patch_96,own,64–128,1,3581,0.000,1.000,160.8335,170.7388
ROI_070/patch_96,own,≥128,1,22333,0.000,1.000,176.6333,205.2740
ROI_070/patch_97,nearest,0–16,1,131,0.000,1.000,46.8956,50.0217
ROI_070/patch_97,nearest,16–32,1,341,0.000,1.000,68.4014,70.2748
ROI_070/patch_97,nearest,32–64,1,739,0.000,1.000,88.1280,93.6288
ROI_070/patch_97,nearest,64–128,1,1792,0.000,1.000,86.5020,92.2354
ROI_070/patch_97,nearest,≥128,1,724,0.000,1.000,206.8129,252.0001
ROI_070/patch_97,own,0–16,1,131,0.000,1.000,55.6276,62.2717
ROI_070/patch_97,own,16–32,1,346,0.000,1.000,58.0508,59.6917
ROI_070/patch_97,own,32–64,1,910,0.000,1.000,70.3141,74.7238
ROI_070/patch_97,own,64–128,1,2728,0.000,1.000,114.5789,123.5308
ROI_070/patch_97,own,≥128,1,25701,0.000,1.000,119.4703,128.7446
ROI_070/patch_98,nearest,0–16,1,140,0.000,1.000,11.3677,13.1717
ROI_070/patch_98,nearest,16–32,1,363,0.000,1.000,27.8979,30.5032
ROI_070/patch_98,nearest,32–64,1,1003,0.000,1.000,21.8030,24.0853
ROI_070/patch_98,nearest,64–128,1,1951,0.000,1.000,105.4748,108.8335
ROI_070/patch_98,nearest,≥128,1,480,0.000,1.000,113.1429,116.5466
ROI_070/patch_98,own,0–16,1,140,0.000,1.000,11.2777,13.1125
ROI_070/patch_98,own,16–32,1,363,0.000,1.000,16.2861,18.2946
ROI_070/patch_98,own,32–64,1,1014,0.000,1.000,21.8109,26.1673
ROI_070/patch_98,own,64–128,1,3592,0.000,1.000,89.1917,93.5579
ROI_070/patch_98,own,≥128,1,26387,0.000,1.000,63.1249,66.0277
ROI_070/patch_99,nearest,0–16,1,136,0.000,1.000,17.1925,20.6010
ROI_070/patch_99,nearest,16–32,1,342,0.000,1.000,21.9865,23.6340
ROI_070/patch_99,nearest,32–64,1,957,0.000,1.000,155.0057,172.8170
ROI_070/patch_99,nearest,64–128,1,1839,0.000,1.000,359.2124,370.2683
ROI_070/patch_99,nearest,≥128,1,449,0.350,1.000,924.8157,934.6503
ROI_070/patch_99,own,0–16,1,136,0.000,1.000,17.0780,20.5258
ROI_070/patch_99,own,16–32,1,342,0.000,1.000,24.3216,26.1854
ROI_070/patch_99,own,32–64,1,1074,0.000,1.000,92.3242,109.0572
ROI_070/patch_99,own,64–128,1,4335,0.000,1.000,171.3785,188.6716
ROI_070/patch_99,own,≥128,1,23897,0.000,1.000,169.1917,187.3742
ROI_070/patch_100,nearest,0–16,1,134,0.000,1.000,63.1709,64.0464
ROI_070/patch_100,nearest,16–32,1,385,0.000,1.000,84.5477,87.5927
ROI_070/patch_100,nearest,32–64,1,1076,0.000,1.000,141.3612,149.1094
ROI_070/patch_100,nearest,64–128,1,1478,0.000,1.000,295.6883,307.8541
ROI_070/patch_100,nearest,≥128,1,385,0.000,1.000,665.0803,747.2240
ROI_070/patch_100,own,0–16,1,134,0.000,1.000,63.1870,64.0838
ROI_070/patch_100,own,16–32,1,385,0.000,1.000,98.5907,102.3114
ROI_070/patch_100,own,32–64,1,1187,0.000,1.000,186.2139,193.5611
ROI_070/patch_100,own,64–128,1,3740,0.050,1.000,182.2223,196.7023
ROI_070/patch_100,own,≥128,1,22218,0.000,1.000,276.6104,290.1278
ROI_070/patch_102,nearest,0–16,1,140,0.000,1.000,47.0199,53.1170
ROI_070/patch_102,nearest,16–32,1,356,0.000,1.000,42.1420,124.1007
ROI_070/patch_102,nearest,32–64,1,783,0.000,1.000,174.4935,205.4078
ROI_070/patch_102,nearest,64–128,1,1302,0.000,1.000,240.1600,257.1313
ROI_070/patch_102,nearest,≥128,1,769,0.450,1.000,295.2818,388.7069
ROI_070/patch_102,own,0–16,1,140,0.000,1.000,43.0660,47.0583
ROI_070/patch_102,own,16–32,1,356,0.000,1.000,46.4552,77.7435
ROI_070/patch_102,own,32–64,1,942,0.000,1.000,170.0579,187.4793
ROI_070/patch_102,own,64–128,1,3574,0.000,1.000,157.4865,166.5827
ROI_070/patch_102,own,≥128,1,21788,0.000,1.000,157.2505,166.2647
ROI_070/patch_103,nearest,0–16,1,127,0.000,1.000,17.0045,19.2368
ROI_070/patch_103,nearest,16–32,1,356,0.000,1.000,57.8875,65.7247
ROI_070/patch_103,nearest,32–64,1,936,0.000,1.000,110.5955,115.0155
ROI_070/patch_103,nearest,64–128,1,1287,0.100,1.000,231.5951,251.3403
ROI_070/patch_103,nearest,≥128,1,540,0.600,1.000,1437.8224,1579.1525
ROI_070/patch_103,own,0–16,1,127,0.000,1.000,17.0815,19.2995
ROI_070/patch_103,own,16–32,1,356,0.000,1.000,38.5595,45.6320
ROI_070/patch_103,own,32–64,1,1096,0.000,1.000,149.9380,157.1884
ROI_070/patch_103,own,64–128,1,3595,0.050,1.000,287.5699,297.7347
ROI_070/patch_103,own,≥128,1,20794,0.050,1.000,347.5380,393.0018
ROI_070/patch_105,nearest,0–16,1,127,0.000,1.000,7.5944,9.0382
ROI_070/patch_105,nearest,16–32,1,358,0.000,1.000,50.3599,55.2600
ROI_070/patch_105,nearest,32–64,1,787,0.000,1.000,302.5052,310.3317
ROI_070/patch_105,nearest,64–128,1,1499,0.000,1.000,589.9764,608.0101
ROI_070/patch_105,nearest,≥128,1,748,0.350,1.000,815.5792,911.4843
ROI_070/patch_105,own,0–16,1,127,0.000,1.000,7.6558,9.1140
ROI_070/patch_105,own,16–32,1,383,0.000,1.000,18.8308,26.4286
ROI_070/patch_105,own,32–64,1,1002,0.000,1.000,251.4303,258.7298
ROI_070/patch_105,own,64–128,1,3168,0.000,1.000,291.7863,298.8383
ROI_070/patch_105,own,≥128,1,23472,0.050,1.000,292.1789,300.8464
ROI_070/patch_106,nearest,0–16,1,139,0.750,1.000,537.6473,542.2350
ROI_070/patch_106,nearest,16–32,1,363,0.050,1.000,503.5670,508.7346
ROI_070/patch_106,nearest,32–64,1,670,0.800,1.000,432.5234,455.0976
ROI_070/patch_106,nearest,64–128,1,1078,0.400,1.000,307.6130,339.5212
ROI_070/patch_106,nearest,≥128,1,1150,0.300,1.000,4905.3212,4977.8554
ROI_070/patch_106,own,0–16,1,139,0.850,1.000,587.6482,592.4005
ROI_070/patch_106,own,16–32,1,374,0.100,1.000,336.5808,341.9849
ROI_070/patch_106,own,32–64,1,1037,0.400,1.000,423.9488,450.5113
ROI_070/patch_106,own,64–128,1,3163,0.300,1.000,448.2457,459.8234
ROI_070/patch_106,own,≥128,1,22487,0.200,1.000,686.1119,703.3917
ROI_070/patch_108,nearest,0–16,1,147,0.000,1.000,34.0684,38.7861
ROI_070/patch_108,nearest,16–32,1,405,0.000,1.000,44.0434,48.8020
ROI_070/patch_108,nearest,32–64,1,1020,0.150,1.000,277.0092,291.3245
ROI_070/patch_108,nearest,64–128,1,1285,0.050,1.000,341.6027,352.5873
ROI_070/patch_108,nearest,≥128,1,808,0.400,1.000,515.5351,538.4099
ROI_070/patch_108,own,0–16,1,147,0.000,1.000,34.9272,39.7329
ROI_070/patch_108,own,16–32,1,405,0.000,1.000,41.0017,47.2747
ROI_070/patch_108,own,32–64,1,1207,0.250,1.000,213.9047,236.7117
ROI_070/patch_108,own,64–128,1,4236,0.000,1.000,271.7414,280.9229
ROI_070/patch_108,own,≥128,1,26990,0.000,1.000,134.2190,144.1447
ROI_070/patch_109,nearest,0–16,1,161,0.000,1.000,132.8287,134.6035
ROI_070/patch_109,nearest,16–32,1,408,0.000,1.000,79.5299,81.5030
ROI_070/patch_109,nearest,32–64,1,1042,0.050,1.000,264.9922,286.6470
ROI_070/patch_109,nearest,64–128,1,1029,0.200,1.000,477.2227,488.9374
ROI_070/patch_109,nearest,≥128,1,881,1.000,1.000,,
ROI_070/patch_109,own,0–16,1,162,0.000,1.000,144.3704,146.3115
ROI_070/patch_109,own,16–32,1,440,0.000,1.000,18.3184,20.1678
ROI_070/patch_109,own,32–64,1,1460,0.000,1.000,231.8783,237.2835
ROI_070/patch_109,own,64–128,1,4540,0.100,1.000,169.3115,180.9574
ROI_070/patch_109,own,≥128,1,25087,0.400,1.000,178.8889,185.3032
ROI_070/patch_110,nearest,0–16,1,124,0.150,1.000,351.2255,357.4658
ROI_070/patch_110,nearest,16–32,1,306,0.250,1.000,399.9311,443.1444
ROI_070/patch_110,nearest,32–64,1,824,0.450,1.000,382.3127,395.7987
ROI_070/patch_110,nearest,64–128,1,1461,0.200,1.000,455.4302,468.4957
ROI_070/patch_110,nearest,≥128,1,635,0.600,1.000,321.8509,697.4626
ROI_070/patch_110,own,0–16,1,124,0.000,1.000,353.7582,359.4969
ROI_070/patch_110,own,16–32,1,310,0.400,1.000,454.2701,518.1471
ROI_070/patch_110,own,32–64,1,1017,0.150,1.000,352.4261,359.5826
ROI_070/patch_110,own,64–128,1,3976,0.050,1.000,350.0361,360.7005
ROI_070/patch_110,own,≥128,1,24723,0.300,1.000,368.7951,394.1081
ROI_070/patch_112,nearest,0–16,1,151,0.000,1.000,42.7129,48.5436
ROI_070/patch_112,nearest,16–32,1,367,0.000,1.000,44.1422,48.5050
ROI_070/patch_112,nearest,32–64,1,887,0.150,1.000,754.4844,778.6639
ROI_070/patch_112,nearest,64–128,1,1292,0.000,1.000,223.8488,240.1727
ROI_070/patch_112,nearest,≥128,1,529,0.400,1.000,303.2535,308.0444
ROI_070/patch_112,own,0–16,1,151,0.000,1.000,50.8715,56.2218
ROI_070/patch_112,own,16–32,1,367,0.000,1.000,67.9696,72.0962
ROI_070/patch_112,own,32–64,1,1177,0.050,1.000,809.0983,841.9338
ROI_070/patch_112,own,64–128,1,4386,0.000,1.000,153.6862,168.8767
ROI_070/patch_112,own,≥128,1,22953,0.000,1.000,220.1963,232.1421
ROI_070/patch_113,nearest,0–16,1,134,0.000,1.000,26.9836,27.3818
ROI_070/patch_113,nearest,16–32,1,333,0.000,1.000,37.3430,37.9927
ROI_070/patch_113,nearest,32–64,1,781,0.050,1.000,142.7728,151.6308
ROI_070/patch_113,nearest,64–128,1,1390,0.250,1.000,283.2118,322.3080
ROI_070/patch_113,nearest,≥128,1,678,0.100,1.000,268.3590,314.0893
ROI_070/patch_113,own,0–16,1,134,0.000,1.000,23.2337,23.6316
ROI_070/patch_113,own,16–32,1,337,0.000,1.000,32.3981,32.8727
ROI_070/patch_113,own,32–64,1,871,0.000,1.000,142.0446,153.6914
ROI_070/patch_113,own,64–128,1,2845,0.050,1.000,244.7763,266.3193
ROI_070/patch_113,own,≥128,1,22341,0.000,1.000,200.0028,217.1257
ROI_070/patch_114,nearest,0–16,1,160,0.000,1.000,89.4878,91.1943
ROI_070/patch_114,nearest,16–32,1,429,0.000,1.000,32.8151,35.5920
ROI_070/patch_114,nearest,32–64,1,1127,0.000,1.000,80.2179,94.4723
ROI_070/patch_114,nearest,64–128,1,1746,0.100,1.000,135.3662,145.4414
ROI_070/patch_114,nearest,≥128,1,223,0.000,1.000,58.8042,60.9023
ROI_070/patch_114,own,0–16,1,160,0.000,1.000,58.0487,59.7492
ROI_070/patch_114,own,16–32,1,429,0.000,1.000,28.6021,31.6862
ROI_070/patch_114,own,32–64,1,1290,0.000,1.000,100.9145,115.6737
ROI_070/patch_114,own,64–128,1,4342,0.050,1.000,137.9609,149.7193
ROI_070/patch_114,own,≥128,1,26944,0.050,1.000,69.1931,78.2095
ROI_070/patch_115,nearest,0–16,1,152,0.000,1.000,12.9372,15.6281
ROI_070/patch_115,nearest,16–32,1,402,0.000,1.000,19.3745,21.7640
ROI_070/patch_115,nearest,32–64,1,851,0.000,1.000,94.0658,97.8808
ROI_070/patch_115,nearest,64–128,1,1489,0.000,1.000,56.1478,59.4226
ROI_070/patch_115,nearest,≥128,1,1145,0.000,1.000,121.6278,127.5950
ROI_070/patch_115,own,0–16,1,152,0.000,1.000,13.2971,16.0002
ROI_070/patch_115,own,16–32,1,402,0.000,1.000,23.0368,25.4609
ROI_070/patch_115,own,32–64,1,1064,0.000,1.000,45.7967,48.4283
ROI_070/patch_115,own,64–128,1,3702,0.000,1.000,28.7657,32.4299
ROI_070/patch_115,own,≥128,1,26992,0.000,1.000,92.6659,99.3367
ROI_070/patch_117,nearest,0–16,1,130,0.000,1.000,16.7902,18.8178
ROI_070/patch_117,nearest,16–32,1,374,0.000,1.000,23.9017,26.9030
ROI_070/patch_117,nearest,32–64,1,1007,0.050,1.000,209.4929,214.6996
ROI_070/patch_117,nearest,64–128,1,1549,0.000,1.000,160.3829,168.1986
ROI_070/patch_117,nearest,≥128,1,919,0.050,1.000,274.1388,337.8726
ROI_070/patch_117,own,0–16,1,130,0.000,1.000,17.2918,19.3548
ROI_070/patch_117,own,16–32,1,374,0.000,1.000,35.9440,41.8668
ROI_070/patch_117,own,32–64,1,1137,0.000,1.000,232.2263,236.4980
ROI_070/patch_117,own,64–128,1,4039,0.000,1.000,100.5291,107.4167
ROI_070/patch_117,own,≥128,1,26152,0.050,1.000,63.4290,71.5478
ROI_070/patch_118,nearest,0–16,1,140,0.000,1.000,45.7628,64.0380
ROI_070/patch_118,nearest,16–32,1,338,0.000,1.000,37.5841,42.0672
ROI_070/patch_118,nearest,32–64,1,661,0.000,1.000,75.5547,95.1914
ROI_070/patch_118,nearest,64–128,1,1494,0.000,1.000,162.5702,184.3080
ROI_070/patch_118,nearest,≥128,1,934,0.100,1.000,337.6269,356.4871
ROI_070/patch_118,own,0–16,1,140,0.000,1.000,52.0057,68.4751
ROI_070/patch_118,own,16–32,1,344,0.000,1.000,48.2427,54.4692
ROI_070/patch_118,own,32–64,1,848,0.000,1.000,85.6812,98.2980
ROI_070/patch_118,own,64–128,1,3021,0.000,1.000,117.1163,134.5336
ROI_070/patch_118,own,≥128,1,24183,0.000,1.000,186.3065,203.4124
ROI_070/patch_120,nearest,0–16,1,134,0.000,1.000,4.6123,7.1856
ROI_070/patch_120,nearest,16–32,1,355,0.000,1.000,4.8707,6.9852
ROI_070/patch_120,nearest,32–64,1,899,0.000,1.000,57.8890,62.8894
ROI_070/patch_120,nearest,64–128,1,1774,0.000,1.000,31.7575,38.6341
ROI_070/patch_120,nearest,≥128,1,846,0.050,1.000,89.9185,97.1368
ROI_070/patch_120,own,0–16,1,134,0.000,1.000,4.7290,6.7484
ROI_070/patch_120,own,16–32,1,367,0.000,1.000,5.1400,7.2072
ROI_070/patch_120,own,32–64,1,1042,0.000,1.000,45.6849,51.5282
ROI_070/patch_120,own,64–128,1,3547,0.000,1.000,38.9804,51.3585
ROI_070/patch_120,own,≥128,1,26974,0.000,1.000,22.4699,26.1212
ROI_070/patch_121,nearest,0–16,1,112,0.000,1.000,9.7557,13.1305
ROI_070/patch_121,nearest,16–32,1,290,0.000,1.000,65.8637,69.8134
ROI_070/patch_121,nearest,32–64,1,780,0.000,1.000,74.1905,88.4930
ROI_070/patch_121,nearest,64–128,1,1738,0.000,1.000,125.6249,134.5978
ROI_070/patch_121,nearest,≥128,1,862,0.050,1.000,269.0049,540.9428
ROI_070/patch_121,own,0–16,1,112,0.000,1.000,10.0577,13.4005
ROI_070/patch_121,own,16–32,1,301,0.000,1.000,98.5827,103.2204
ROI_070/patch_121,own,32–64,1,985,0.000,1.000,59.4375,69.6725
ROI_070/patch_121,own,64–128,1,2619,0.000,1.000,96.1046,107.1163
ROI_070/patch_121,own,≥128,1,26239,0.000,1.000,109.3083,123.3876
ROI_070/patch_122,nearest,0–16,1,118,0.000,1.000,11.2818,22.4791
ROI_070/patch_122,nearest,16–32,1,357,0.000,1.000,47.2585,54.7752
ROI_070/patch_122,nearest,32–64,1,1022,0.100,1.000,110.2951,133.8791
ROI_070/patch_122,nearest,64–128,1,1882,0.000,1.000,100.1835,137.8089
ROI_070/patch_122,nearest,≥128,1,272,0.000,1.000,170.3562,192.7228
ROI_070/patch_122,own,0–16,1,118,0.000,1.000,19.8694,33.4408
ROI_070/patch_122,own,16–32,1,357,0.000,1.000,41.9708,50.5692
ROI_070/patch_122,own,32–64,1,1094,0.000,1.000,118.4521,146.1159
ROI_070/patch_122,own,64–128,1,3680,0.000,1.000,97.6171,117.4870
ROI_070/patch_122,own,≥128,1,23959,0.000,1.000,111.6227,136.4144
ROI_070/patch_123,,,excluded,,,,,
ROI_070/patch_125,nearest,0–16,1,146,0.000,1.000,15.9172,17.2040
ROI_070/patch_125,nearest,16–32,1,391,0.000,1.000,21.7968,23.6919
ROI_070/patch_125,nearest,32–64,1,889,0.050,1.000,149.2880,158.7818
ROI_070/patch_125,nearest,64–128,1,1443,0.000,1.000,130.1662,140.7756
ROI_070/patch_125,nearest,≥128,1,690,0.200,1.000,159.1550,166.9771
ROI_070/patch_125,own,0–16,1,146,0.000,1.000,15.8765,17.1997
ROI_070/patch_125,own,16–32,1,391,0.000,1.000,22.7833,25.3645
ROI_070/patch_125,own,32–64,1,991,0.050,1.000,218.6371,236.1114
ROI_070/patch_125,own,64–128,1,3436,0.000,1.000,84.7340,91.1160
ROI_070/patch_125,own,≥128,1,23508,0.050,1.000,143.4564,156.4077
ROI_070/patch_126,nearest,0–16,1,129,0.000,1.000,64.4365,70.5059
ROI_070/patch_126,nearest,16–32,1,371,0.000,1.000,35.7643,38.1478
ROI_070/patch_126,nearest,32–64,1,1096,0.000,1.000,100.8463,105.5531
ROI_070/patch_126,nearest,64–128,1,1650,0.000,1.000,180.7223,190.1634
ROI_070/patch_126,nearest,≥128,1,488,0.000,1.000,662.5038,667.5937
ROI_070/patch_126,own,0–16,1,129,0.000,1.000,48.1606,55.2072
ROI_070/patch_126,own,16–32,1,376,0.000,1.000,40.6566,43.3791
ROI_070/patch_126,own,32–64,1,1243,0.000,1.000,99.9008,105.6415
ROI_070/patch_126,own,64–128,1,3704,0.000,1.000,187.8929,200.1020
ROI_070/patch_126,own,≥128,1,24420,0.000,1.000,317.0575,325.0267
ROI_070/patch_127,nearest,0–16,1,131,0.000,1.000,7.9835,11.4065
ROI_070/patch_127,nearest,16–32,1,408,0.000,1.000,12.3254,18.5395
ROI_070/patch_127,nearest,32–64,1,988,0.000,1.000,28.0940,31.9985
ROI_070/patch_127,nearest,64–128,1,1841,0.000,1.000,66.9255,71.5113
ROI_070/patch_127,nearest,≥128,1,648,0.000,1.000,70.9042,76.2593
ROI_070/patch_127,own,0–16,1,131,0.000,1.000,8.1490,11.5853
ROI_070/patch_127,own,16–32,1,408,0.000,1.000,13.9619,19.2621
ROI_070/patch_127,own,32–64,1,1197,0.000,1.000,25.4388,30.0679
ROI_070/patch_127,own,64–128,1,4502,0.000,1.000,38.7385,43.1715
ROI_070/patch_127,own,≥128,1,25890,0.000,1.000,44.5524,50.5420
ROI_070/patch_129,nearest,0–16,1,133,0.000,1.000,23.6366,27.3237
ROI_070/patch_129,nearest,16–32,1,382,0.000,1.000,32.5222,36.9153
ROI_070/patch_129,nearest,32–64,1,929,0.000,1.000,74.4932,85.1548
ROI_070/patch_129,nearest,64–128,1,1274,0.150,1.000,229.2792,238.2514
ROI_070/patch_129,nearest,≥128,1,1037,1.000,1.000,,
ROI_070/patch_129,own,0–16,1,133,0.000,1.000,25.0467,29.1551
ROI_070/patch_129,own,16–32,1,382,0.000,1.000,31.2948,37.4815
ROI_070/patch_129,own,32–64,1,1164,0.050,1.000,112.6736,120.8637
ROI_070/patch_129,own,64–128,1,4270,0.000,1.000,153.4789,165.0040
ROI_070/patch_129,own,≥128,1,24091,0.050,1.000,162.2173,168.6174
ROI_070/patch_131,nearest,0–16,1,136,0.000,1.000,88.0545,111.8108
ROI_070/patch_131,nearest,16–32,1,374,0.000,1.000,83.7859,91.4992
ROI_070/patch_131,nearest,32–64,1,892,0.050,1.000,231.6155,244.2443
ROI_070/patch_131,nearest,64–128,1,1200,0.250,1.000,292.1977,305.2391
ROI_070/patch_131,nearest,≥128,1,668,0.000,1.000,461.6195,467.4387
ROI_070/patch_131,own,0–16,1,136,0.000,1.000,83.6050,103.0901
ROI_070/patch_131,own,16–32,1,388,0.000,1.000,85.9507,99.4831
ROI_070/patch_131,own,32–64,1,1027,0.050,1.000,183.8957,195.0337
ROI_070/patch_131,own,64–128,1,3224,0.150,1.000,228.7567,243.3642
ROI_070/patch_131,own,≥128,1,21385,0.000,1.000,298.2962,308.9249
ROI_070/patch_133,nearest,0–16,1,141,0.000,1.000,150.6095,156.1640
ROI_070/patch_133,nearest,16–32,1,341,0.300,1.000,384.4161,394.8312
ROI_070/patch_133,nearest,32–64,1,875,0.550,1.000,247.5420,255.1882
ROI_070/patch_133,nearest,64–128,1,1461,0.150,1.000,285.9323,308.9544
ROI_070/patch_133,nearest,≥128,1,501,0.550,1.000,524.1579,532.5634
ROI_070/patch_133,own,0–16,1,141,0.000,1.000,198.6638,205.9473
ROI_070/patch_133,own,16–32,1,348,0.250,1.000,195.3902,212.4599
ROI_070/patch_133,own,32–64,1,1073,0.350,1.000,341.5937,349.9092
ROI_070/patch_133,own,64–128,1,3365,0.300,1.000,281.6971,292.5195
ROI_070/patch_133,own,≥128,1,21625,0.350,1.000,271.4395,293.2928
ROI_070/patch_135,nearest,0–16,1,118,0.000,1.000,127.8307,151.9320
ROI_070/patch_135,nearest,16–32,1,314,0.000,1.000,389.4793,401.4182
ROI_070/patch_135,nearest,32–64,1,1026,0.050,1.000,548.5153,567.8137
ROI_070/patch_135,nearest,64–128,1,1911,0.000,1.000,167.0746,176.6071
ROI_070/patch_135,nearest,≥128,1,432,0.050,1.000,235.7350,244.1351
ROI_070/patch_135,own,0–16,1,118,0.000,1.000,114.6979,147.6042
ROI_070/patch_135,own,16–32,1,314,0.000,1.000,279.7565,289.3070
ROI_070/patch_135,own,32–64,1,1109,0.100,1.000,413.1997,447.9971
ROI_070/patch_135,own,64–128,1,3897,0.000,1.000,201.7521,212.2113
ROI_070/patch_135,own,≥128,1,24970,0.050,1.000,250.2016,259.5211
ROI_070/patch_137,nearest,0–16,1,145,0.000,1.000,9.9110,12.0445
ROI_070/patch_137,nearest,16–32,1,334,0.000,1.000,23.1399,25.1471
ROI_070/patch_137,nearest,32–64,1,888,0.000,1.000,32.3457,34.9491
ROI_070/patch_137,nearest,64–128,1,1596,0.000,1.000,123.9108,128.1237
ROI_070/patch_137,nearest,≥128,1,1168,0.000,1.000,64.7660,72.7887
ROI_070/patch_137,own,0–16,1,145,0.000,1.000,9.9644,12.0849
ROI_070/patch_137,own,16–32,1,347,0.000,1.000,34.2644,36.2899
ROI_070/patch_137,own,32–64,1,1220,0.000,1.000,24.7090,27.0002
ROI_070/patch_137,own,64–128,1,3462,0.000,1.000,41.7299,44.3296
ROI_070/patch_137,own,≥128,1,27874,0.000,1.000,77.2378,81.4357
ROI_070/patch_151,nearest,0–16,1,117,0.900,1.000,567.9791,695.0391
ROI_070/patch_151,nearest,16–32,1,323,0.200,1.000,1011.4024,1066.8948
ROI_070/patch_151,nearest,32–64,1,761,1.000,1.000,,
ROI_070/patch_151,nearest,64–128,1,1089,1.000,1.000,,
ROI_070/patch_151,nearest,≥128,1,594,0.850,1.000,506.2811,550.2241
ROI_070/patch_151,own,0–16,1,117,0.850,1.000,662.4782,796.8054
ROI_070/patch_151,own,16–32,1,329,0.050,1.000,757.6603,825.0103
ROI_070/patch_151,own,32–64,1,905,1.000,1.000,,
ROI_070/patch_151,own,64–128,1,3061,1.000,1.000,,
ROI_070/patch_151,own,≥128,1,21544,0.950,1.000,781.2988,827.1026
ROI_070/patch_152,nearest,0–16,1,107,0.000,1.000,582.7979,594.3814
ROI_070/patch_152,nearest,16–32,1,264,0.000,1.000,226.8529,242.9066
ROI_070/patch_152,nearest,32–64,1,662,0.550,1.000,466.3667,501.3703
ROI_070/patch_152,nearest,64–128,1,1468,0.250,1.000,368.1593,417.1554
ROI_070/patch_152,nearest,≥128,1,644,0.650,1.000,752.3525,784.5379
ROI_070/patch_152,own,0–16,1,107,0.000,1.000,512.0642,521.5212
ROI_070/patch_152,own,16–32,1,266,0.000,1.000,243.4361,259.6949
ROI_070/patch_152,own,32–64,1,854,0.500,1.000,444.8806,513.1686
ROI_070/patch_152,own,64–128,1,2997,0.300,1.000,396.8419,415.7439
ROI_070/patch_152,own,≥128,1,20936,0.100,1.000,445.7142,467.0498
ROI_070/patch_155,nearest,0–16,1,134,0.000,1.000,445.3175,454.4816
ROI_070/patch_155,nearest,16–32,1,395,0.000,1.000,404.0430,412.3620
ROI_070/patch_155,nearest,32–64,1,998,0.400,1.000,287.6836,303.9432
ROI_070/patch_155,nearest,64–128,1,1345,1.000,1.000,,
ROI_070/patch_155,nearest,≥128,1,668,0.200,1.000,455.1900,518.3051
ROI_070/patch_155,own,0–16,1,134,0.000,1.000,448.2128,459.7888
ROI_070/patch_155,own,16–32,1,395,0.050,1.000,319.9171,329.9614
ROI_070/patch_155,own,32–64,1,1122,0.200,1.000,329.9008,339.0168
ROI_070/patch_155,own,64–128,1,3617,0.650,1.000,612.4638,628.2909
ROI_070/patch_155,own,≥128,1,23052,0.450,1.000,395.3812,410.9417
ROI_070/patch_157,nearest,0–16,1,122,0.000,1.000,184.5447,248.0496
ROI_070/patch_157,nearest,16–32,1,337,0.000,1.000,171.4725,178.8967
ROI_070/patch_157,nearest,32–64,1,880,0.650,1.000,599.1481,610.5568
ROI_070/patch_157,nearest,64–128,1,1346,0.900,1.000,416.9807,458.7734
ROI_070/patch_157,nearest,≥128,1,406,0.750,1.000,756.4473,765.7809
ROI_070/patch_157,own,0–16,1,122,0.000,1.000,254.7193,322.2685
ROI_070/patch_157,own,16–32,1,337,0.000,1.000,153.8348,159.4890
ROI_070/patch_157,own,32–64,1,920,0.700,1.000,489.7150,507.5015
ROI_070/patch_157,own,64–128,1,3156,0.600,1.000,267.2149,289.2901
ROI_070/patch_157,own,≥128,1,20193,0.450,1.000,278.9740,296.4762
ROI_070/patch_158,nearest,0–16,1,151,0.000,1.000,8.8996,13.9811
ROI_070/patch_158,nearest,16–32,1,398,0.000,1.000,34.4510,41.6529
ROI_070/patch_158,nearest,32–64,1,1117,0.000,1.000,73.1419,80.3363
ROI_070/patch_158,nearest,64–128,1,1954,0.000,1.000,333.5996,343.8943
ROI_070/patch_158,nearest,≥128,1,362,0.450,1.000,398.0589,405.4800
ROI_070/patch_158,own,0–16,1,151,0.000,1.000,8.7958,13.9794
ROI_070/patch_158,own,16–32,1,398,0.000,1.000,71.7371,79.0252
ROI_070/patch_158,own,32–64,1,1228,0.000,1.000,99.2350,105.8299
ROI_070/patch_158,own,64–128,1,3935,0.000,1.000,243.1383,252.6598
ROI_070/patch_158,own,≥128,1,26144,0.050,1.000,162.5443,171.1216
ROI_070/patch_159,nearest,0–16,1,130,0.000,1.000,9.7621,12.6902
ROI_070/patch_159,nearest,16–32,1,370,0.000,1.000,9.9263,17.2954
ROI_070/patch_159,nearest,32–64,1,1013,0.000,1.000,51.9463,62.6971
ROI_070/patch_159,nearest,64–128,1,1842,0.000,1.000,151.7233,160.8167
ROI_070/patch_159,nearest,≥128,1,628,0.000,1.000,96.3780,98.9986
ROI_070/patch_159,own,0–16,1,130,0.000,1.000,9.7800,12.7629
ROI_070/patch_159,own,16–32,1,370,0.000,1.000,14.1158,17.6880
ROI_070/patch_159,own,32–64,1,1055,0.000,1.000,105.2639,121.5541
ROI_070/patch_159,own,64–128,1,3731,0.000,1.000,151.5200,169.4969
ROI_070/patch_159,own,≥128,1,26578,0.000,1.000,154.0620,165.0973
ROI_070/patch_160,nearest,0–16,1,116,0.000,1.000,16.4299,18.9602
ROI_070/patch_160,nearest,16–32,1,343,0.000,1.000,79.3857,82.5558
ROI_070/patch_160,nearest,32–64,1,976,0.000,1.000,47.8521,54.0782
ROI_070/patch_160,nearest,64–128,1,1644,0.000,1.000,65.5560,72.8689
ROI_070/patch_160,nearest,≥128,1,564,0.000,1.000,144.1165,193.5540
ROI_070/patch_160,own,0–16,1,116,0.000,1.000,16.4522,18.9856
ROI_070/patch_160,own,16–32,1,343,0.000,1.000,69.5353,73.3314
ROI_070/patch_160,own,32–64,1,1085,0.000,1.000,31.6601,38.5176
ROI_070/patch_160,own,64–128,1,3429,0.000,1.000,78.2553,85.7989
ROI_070/patch_160,own,≥128,1,24171,0.000,1.000,76.4033,84.1274
ROI_070/patch_161,nearest,0–16,1,137,0.000,1.000,64.1717,66.3807
ROI_070/patch_161,nearest,16–32,1,388,0.000,1.000,143.6195,144.6256
ROI_070/patch_161,nearest,32–64,1,1073,0.000,1.000,42.0597,47.9176
ROI_070/patch_161,nearest,64–128,1,1965,0.000,1.000,69.0610,79.0694
ROI_070/patch_161,nearest,≥128,1,775,0.000,1.000,171.4489,265.2595
ROI_070/patch_161,own,0–16,1,137,0.000,1.000,54.0933,55.5440
ROI_070/patch_161,own,16–32,1,388,0.000,1.000,125.9631,127.5136
ROI_070/patch_161,own,32–64,1,1166,0.000,1.000,63.6928,71.2898
ROI_070/patch_161,own,64–128,1,3812,0.000,1.000,46.9818,52.0047
ROI_070/patch_161,own,≥128,1,29201,0.000,1.000,35.1636,44.1977
ROI_070/patch_163,nearest,0–16,1,136,0.000,1.000,43.4166,45.4893
ROI_070/patch_163,nearest,16–32,1,382,0.000,1.000,22.8021,24.4113
ROI_070/patch_163,nearest,32–64,1,1029,0.000,1.000,71.7927,74.7861
ROI_070/patch_163,nearest,64–128,1,1982,0.000,1.000,311.8641,318.8209
ROI_070/patch_163,nearest,≥128,1,487,0.000,1.000,124.5623,140.3378
ROI_070/patch_163,own,0–16,1,136,0.000,1.000,40.9019,42.9993
ROI_070/patch_163,own,16–32,1,382,0.000,1.000,17.9149,19.4842
ROI_070/patch_163,own,32–64,1,1191,0.000,1.000,56.8585,59.6091
ROI_070/patch_163,own,64–128,1,3974,0.000,1.000,69.4143,75.5745
ROI_070/patch_163,own,≥128,1,26445,0.050,1.000,66.6708,72.9363
ROI_070/patch_164,nearest,0–16,1,147,0.000,1.000,3.7982,6.9717
ROI_070/patch_164,nearest,16–32,1,395,0.000,1.000,16.5065,146.4099
ROI_070/patch_164,nearest,32–64,1,1100,0.000,1.000,60.1544,69.3290
ROI_070/patch_164,nearest,64–128,1,1888,0.000,1.000,23.8999,33.7501
ROI_070/patch_164,nearest,≥128,1,480,0.000,1.000,68.1444,76.9258
ROI_070/patch_164,own,0–16,1,147,0.000,1.000,3.7511,6.9229
ROI_070/patch_164,own,16–32,1,395,0.000,1.000,18.4501,159.2903
ROI_070/patch_164,own,32–64,1,1166,0.000,1.000,50.6894,59.6430
ROI_070/patch_164,own,64–128,1,3986,0.000,1.000,33.4258,39.1277
ROI_070/patch_164,own,≥128,1,26386,0.000,1.000,98.8719,105.6981
ROI_070/patch_167,nearest,0–16,1,131,0.000,1.000,41.3768,43.2819
ROI_070/patch_167,nearest,16–32,1,366,0.000,1.000,203.4958,210.3355
ROI_070/patch_167,nearest,32–64,1,677,0.100,1.000,379.6581,391.1712
ROI_070/patch_167,nearest,64–128,1,857,0.250,1.000,418.7124,456.3224
ROI_070/patch_167,nearest,≥128,1,1048,0.500,1.000,302.6326,349.5723
ROI_070/patch_167,own,0–16,1,131,0.000,1.000,37.5938,39.5075
ROI_070/patch_167,own,16–32,1,367,0.000,1.000,233.7013,238.8161
ROI_070/patch_167,own,32–64,1,922,0.050,1.000,493.3441,509.5741
ROI_070/patch_167,own,64–128,1,3301,0.050,1.000,320.7157,345.6521
ROI_070/patch_167,own,≥128,1,19911,0.050,1.000,407.1610,425.7935
ROI_071/patch_0,nearest,0–16,1,134,0.000,1.000,6.8421,8.7692
ROI_071/patch_0,nearest,16–32,1,384,0.000,1.000,16.7960,19.0245
ROI_071/patch_0,nearest,32–64,1,1146,0.000,1.000,27.5989,34.1422
ROI_071/patch_0,nearest,64–128,1,2368,0.000,1.000,29.1636,31.9119
ROI_071/patch_0,nearest,≥128,1,286,0.000,1.000,21.0206,23.1259
ROI_071/patch_0,own,0–16,1,134,0.000,1.000,6.8139,8.7777
ROI_071/patch_0,own,16–32,1,384,0.000,1.000,22.2069,24.5439
ROI_071/patch_0,own,32–64,1,1150,0.000,1.000,37.7084,48.2370
ROI_071/patch_0,own,64–128,1,3887,0.000,1.000,29.5093,33.7747
ROI_071/patch_0,own,≥128,1,28989,0.000,1.000,26.3665,31.2754
ROI_071/patch_1,nearest,0–16,1,114,0.000,1.000,9.1378,10.6294
ROI_071/patch_1,nearest,16–32,1,307,0.000,1.000,18.9878,20.4286
ROI_071/patch_1,nearest,32–64,1,1060,0.000,1.000,20.3026,23.2841
ROI_071/patch_1,nearest,64–128,1,2475,0.000,1.000,11.2042,13.3937
ROI_071/patch_1,nearest,≥128,1,810,0.000,1.000,17.3226,19.2469
ROI_071/patch_1,own,0–16,1,114,0.000,1.000,9.0781,10.5406
ROI_071/patch_1,own,16–32,1,307,0.000,1.000,17.9309,19.3568
ROI_071/patch_1,own,32–64,1,1084,0.000,1.000,32.2075,34.3653
ROI_071/patch_1,own,64–128,1,4004,0.000,1.000,11.0245,13.1156
ROI_071/patch_1,own,≥128,1,32619,0.000,1.000,16.1476,18.1345
ROI_071/patch_2,nearest,0–16,1,146,0.000,1.000,8.9139,11.3530
ROI_071/patch_2,nearest,16–32,1,369,0.000,1.000,8.0653,14.3210
ROI_071/patch_2,nearest,32–64,1,1023,0.000,1.000,160.5935,185.2205
ROI_071/patch_2,nearest,64–128,1,2139,0.000,1.000,42.8583,51.6139
ROI_071/patch_2,nearest,≥128,1,223,1.000,1.000,,
ROI_071/patch_2,own,0–16,1,146,0.000,1.000,8.8387,11.3447
ROI_071/patch_2,own,16–32,1,369,0.000,1.000,7.9737,16.0576
ROI_071/patch_2,own,32–64,1,1090,0.000,1.000,74.9227,103.5533
ROI_071/patch_2,own,64–128,1,3764,0.000,1.000,111.5534,121.0730
ROI_071/patch_2,own,≥128,1,25831,0.000,1.000,26.8707,33.1429
ROI_071/patch_3,nearest,0–16,1,139,0.000,1.000,9.6696,21.3390
ROI_071/patch_3,nearest,16–32,1,360,0.000,1.000,23.6096,39.6483
ROI_071/patch_3,nearest,32–64,1,1124,0.000,1.000,34.7572,47.0620
ROI_071/patch_3,nearest,64–128,1,2005,0.000,1.000,75.4625,87.1547
ROI_071/patch_3,nearest,≥128,1,365,0.000,1.000,16.0206,20.0064
ROI_071/patch_3,own,0–16,1,139,0.000,1.000,12.9022,26.5425
ROI_071/patch_3,own,16–32,1,360,0.000,1.000,25.9037,38.0773
ROI_071/patch_3,own,32–64,1,1147,0.000,1.000,52.3293,71.7682
ROI_071/patch_3,own,64–128,1,4063,0.000,1.000,85.1244,109.1152
ROI_071/patch_3,own,≥128,1,26235,0.000,1.000,51.5644,61.8947
ROI_071/patch_4,nearest,0–16,1,120,0.000,1.000,7.0811,11.7772
ROI_071/patch_4,nearest,16–32,1,350,0.000,1.000,5.9285,12.0388
ROI_071/patch_4,nearest,32–64,1,999,0.000,1.000,73.5190,81.6991
ROI_071/patch_4,nearest,64–128,1,1884,0.000,1.000,63.0828,95.5624
ROI_071/patch_4,nearest,≥128,1,581,0.000,1.000,27.5493,30.6518
ROI_071/patch_4,own,0–16,1,120,0.000,1.000,6.9136,11.7186
ROI_071/patch_4,own,16–32,1,350,0.000,1.000,5.5564,14.8039
ROI_071/patch_4,own,32–64,1,1071,0.000,1.000,80.8072,85.8390
ROI_071/patch_4,own,64–128,1,3743,0.000,1.000,54.1687,70.9742
ROI_071/patch_4,own,≥128,1,26188,0.000,1.000,49.7443,58.6738
ROI_071/patch_5,nearest,0–16,1,134,0.000,1.000,6.1624,11.8249
ROI_071/patch_5,nearest,16–32,1,380,0.000,1.000,15.2569,19.2698
ROI_071/patch_5,nearest,32–64,1,1129,0.000,1.000,67.0589,74.2679
ROI_071/patch_5,nearest,64–128,1,1866,0.000,1.000,58.4146,72.7570
ROI_071/patch_5,nearest,≥128,1,658,0.000,1.000,122.2948,139.6859
ROI_071/patch_5,own,0–16,1,134,0.000,1.000,6.5454,13.4598
ROI_071/patch_5,own,16–32,1,380,0.000,1.000,14.5650,18.7062
ROI_071/patch_5,own,32–64,1,1138,0.000,1.000,123.9511,129.4457
ROI_071/patch_5,own,64–128,1,4041,0.000,1.000,25.8442,40.2141
ROI_071/patch_5,own,≥128,1,27643,0.000,1.000,71.3250,80.4519
ROI_071/patch_6,nearest,0–16,1,110,0.000,1.000,56.9163,58.2511
ROI_071/patch_6,nearest,16–32,1,317,0.000,1.000,40.9671,43.2425
ROI_071/patch_6,nearest,32–64,1,798,0.000,1.000,63.4795,76.9348
ROI_071/patch_6,nearest,64–128,1,1713,0.100,1.000,141.5458,161.2436
ROI_071/patch_6,nearest,≥128,1,496,0.050,1.000,313.1694,338.6853
ROI_071/patch_6,own,0–16,1,110,0.000,1.000,55.1703,57.0364
ROI_071/patch_6,own,16–32,1,317,0.000,1.000,36.6231,39.0466
ROI_071/patch_6,own,32–64,1,890,0.000,1.000,91.9858,104.2566
ROI_071/patch_6,own,64–128,1,2946,0.000,1.000,153.9072,168.1026
ROI_071/patch_6,own,≥128,1,23209,0.000,1.000,124.0722,133.7332
ROI_071/patch_7,nearest,0–16,1,130,0.000,1.000,166.7249,182.8768
ROI_071/patch_7,nearest,16–32,1,333,0.000,1.000,58.7857,62.1793
ROI_071/patch_7,nearest,32–64,1,868,0.000,1.000,44.8948,65.5861
ROI_071/patch_7,nearest,64–128,1,1766,0.050,1.000,68.9556,78.0689
ROI_071/patch_7,nearest,≥128,1,632,0.000,1.000,98.3333,104.2570
ROI_071/patch_7,own,0–16,1,130,0.000,1.000,119.6063,131.2353
ROI_071/patch_7,own,16–32,1,348,0.000,1.000,50.9352,55.3229
ROI_071/patch_7,own,32–64,1,1050,0.000,1.000,39.7183,66.1131
ROI_071/patch_7,own,64–128,1,3772,0.000,1.000,59.0221,74.8282
ROI_071/patch_7,own,≥128,1,24532,0.000,1.000,89.8654,103.0293
ROI_071/patch_8,nearest,0–16,1,128,0.050,1.000,625.4965,630.9672
ROI_071/patch_8,nearest,16–32,1,320,0.050,1.000,206.3966,211.0359
ROI_071/patch_8,nearest,32–64,1,872,0.150,1.000,304.5303,322.2755
ROI_071/patch_8,nearest,64–128,1,1133,0.850,1.000,1484.5316,1509.7914
ROI_071/patch_8,nearest,≥128,1,743,1.000,1.000,,
ROI_071/patch_8,own,0–16,1,128,0.100,1.000,652.6148,658.3319
ROI_071/patch_8,own,16–32,1,328,0.100,1.000,199.8583,204.7470
ROI_071/patch_8,own,32–64,1,1155,0.150,1.000,389.1507,411.3673
ROI_071/patch_8,own,64–128,1,3342,0.400,1.000,421.7484,437.9708
ROI_071/patch_8,own,≥128,1,20615,0.800,1.000,756.5283,776.5437
ROI_071/patch_9,nearest,0–16,1,136,0.000,1.000,14.4104,16.6230
ROI_071/patch_9,nearest,16–32,1,372,0.000,1.000,34.9282,38.3126
ROI_071/patch_9,nearest,32–64,1,924,0.000,1.000,68.5153,81.7318
ROI_071/patch_9,nearest,64–128,1,1515,0.000,1.000,178.5020,189.4954
ROI_071/patch_9,nearest,≥128,1,814,0.050,1.000,86.3920,90.7993
ROI_071/patch_9,own,0–16,1,136,0.000,1.000,17.3734,19.5917
ROI_071/patch_9,own,16–32,1,372,0.000,1.000,27.7865,30.7075
ROI_071/patch_9,own,32–64,1,1029,0.000,1.000,149.2760,165.7080
ROI_071/patch_9,own,64–128,1,3423,0.000,1.000,176.8672,183.0515
ROI_071/patch_9,own,≥128,1,25128,0.000,1.000,141.5008,146.5726
ROI_071/patch_15,nearest,0–16,1,130,0.000,1.000,15.4928,21.3859
ROI_071/patch_15,nearest,16–32,1,325,0.000,1.000,17.3996,28.2882
ROI_071/patch_15,nearest,32–64,1,948,0.050,1.000,61.6976,67.7273
ROI_071/patch_15,nearest,64–128,1,1897,0.000,1.000,135.1074,139.9513
ROI_071/patch_15,nearest,≥128,1,625,0.000,1.000,200.9834,232.1948
ROI_071/patch_15,own,0–16,1,130,0.000,1.000,12.8049,19.1844
ROI_071/patch_15,own,16–32,1,325,0.000,1.000,13.1592,22.2983
ROI_071/patch_15,own,32–64,1,985,0.000,1.000,75.6258,83.0413
ROI_071/patch_15,own,64–128,1,3685,0.000,1.000,93.0429,101.0141
ROI_071/patch_15,own,≥128,1,26275,0.000,1.000,136.2628,139.8508
ROI_071/patch_16,nearest,0–16,1,128,0.000,1.000,22.4872,29.4448
ROI_071/patch_16,nearest,16–32,1,326,0.000,1.000,124.7053,136.9545
ROI_071/patch_16,nearest,32–64,1,831,0.000,1.000,163.5071,169.2455
ROI_071/patch_16,nearest,64–128,1,1701,0.000,1.000,124.0351,139.8578
ROI_071/patch_16,nearest,≥128,1,526,0.000,1.000,380.3779,396.7581
ROI_071/patch_16,own,0–16,1,128,0.000,1.000,15.9525,20.8556
ROI_071/patch_16,own,16–32,1,326,0.000,1.000,80.7345,92.9007
ROI_071/patch_16,own,32–64,1,960,0.050,1.000,121.6725,130.5350
ROI_071/patch_16,own,64–128,1,3229,0.050,1.000,204.7159,225.5607
ROI_071/patch_16,own,≥128,1,23453,0.000,1.000,139.0459,160.7932
ROI_071/patch_17,nearest,0–16,1,143,0.000,1.000,152.6350,155.6478
ROI_071/patch_17,nearest,16–32,1,369,0.000,1.000,27.5721,37.6466
ROI_071/patch_17,nearest,32–64,1,1036,0.000,1.000,158.9395,175.4862
ROI_071/patch_17,nearest,64–128,1,1822,0.000,1.000,41.3086,47.6924
ROI_071/patch_17,nearest,≥128,1,448,0.000,1.000,107.3722,115.0155
ROI_071/patch_17,own,0–16,1,143,0.000,1.000,87.5767,90.5957
ROI_071/patch_17,own,16–32,1,383,0.000,1.000,25.6429,38.7253
ROI_071/patch_17,own,32–64,1,1164,0.000,1.000,194.8138,203.6716
ROI_071/patch_17,own,64–128,1,3557,0.000,1.000,73.0483,81.4957
ROI_071/patch_17,own,≥128,1,25297,0.000,1.000,98.4520,110.0692
ROI_071/patch_18,nearest,0–16,1,138,0.000,1.000,4.5498,8.4991
ROI_071/patch_18,nearest,16–32,1,376,0.000,1.000,10.3604,15.8112
ROI_071/patch_18,nearest,32–64,1,983,0.000,1.000,56.0815,64.5653
ROI_071/patch_18,nearest,64–128,1,1618,0.000,1.000,21.0371,29.8971
ROI_071/patch_18,nearest,≥128,1,597,0.000,1.000,93.5432,98.4458
ROI_071/patch_18,own,0–16,1,138,0.000,1.000,5.6493,9.3453
ROI_071/patch_18,own,16–32,1,376,0.000,1.000,17.9871,22.9508
ROI_071/patch_18,own,32–64,1,1125,0.000,1.000,119.7029,130.2101
ROI_071/patch_18,own,64–128,1,4098,0.000,1.000,48.4345,60.6860
ROI_071/patch_18,own,≥128,1,23959,0.000,1.000,26.7925,35.5103
ROI_071/patch_19,nearest,0–16,1,146,0.000,1.000,7.8245,9.5407
ROI_071/patch_19,nearest,16–32,1,421,0.000,1.000,8.6786,10.7676
ROI_071/patch_19,nearest,32–64,1,1278,0.000,1.000,35.8562,38.4606
ROI_071/patch_19,nearest,64–128,1,1982,0.000,1.000,18.2615,21.7595
ROI_071/patch_19,nearest,≥128,1,582,0.000,1.000,79.0026,86.1464
ROI_071/patch_19,own,0–16,1,146,0.000,1.000,7.6964,9.4149
ROI_071/patch_19,own,16–32,1,421,0.000,1.000,8.1256,9.8052
ROI_071/patch_19,own,32–64,1,1372,0.000,1.000,37.4506,40.2574
ROI_071/patch_19,own,64–128,1,4616,0.000,1.000,15.6109,20.3649
ROI_071/patch_19,own,≥128,1,28717,0.000,1.000,18.4574,24.1350
ROI_071/patch_20,nearest,0–16,1,138,0.000,1.000,15.2340,15.9007
ROI_071/patch_20,nearest,16–32,1,346,0.000,1.000,40.8309,46.8954
ROI_071/patch_20,nearest,32–64,1,849,0.000,1.000,66.1965,72.2912
ROI_071/patch_20,nearest,64–128,1,1408,0.050,1.000,147.5494,161.2539
ROI_071/patch_20,nearest,≥128,1,1128,0.100,1.000,159.5304,168.1234
ROI_071/patch_20,own,0–16,1,138,0.000,1.000,14.5805,15.2423
ROI_071/patch_20,own,16–32,1,346,0.000,1.000,49.7506,56.4873
ROI_071/patch_20,own,32–64,1,1043,0.000,1.000,88.7424,95.8913
ROI_071/patch_20,own,64–128,1,3784,0.000,1.000,71.4840,81.2783
ROI_071/patch_20,own,≥128,1,25641,0.100,1.000,183.7623,194.7228
ROI_071/patch_21,nearest,0–16,1,141,0.000,1.000,3.6315,4.6894
ROI_071/patch_21,nearest,16–32,1,404,0.000,1.000,3.7148,4.8280
ROI_071/patch_21,nearest,32–64,1,1255,0.000,1.000,5.0291,6.9060
ROI_071/patch_21,nearest,64–128,1,2619,0.000,1.000,7.5354,11.7805
ROI_071/patch_21,nearest,≥128,1,411,0.000,1.000,110.7836,112.6759
ROI_071/patch_21,own,0–16,1,141,0.000,1.000,3.6769,4.7407
ROI_071/patch_21,own,16–32,1,404,0.000,1.000,3.3933,4.5167
ROI_071/patch_21,own,32–64,1,1292,0.000,1.000,15.4583,17.2577
ROI_071/patch_21,own,64–128,1,4254,0.000,1.000,4.8066,6.7293
ROI_071/patch_21,own,≥128,1,32549,0.000,1.000,8.8635,10.6699
ROI_071/patch_22,nearest,0–16,1,121,0.000,1.000,4.4904,5.5859
ROI_071/patch_22,nearest,16–32,1,323,0.000,1.000,3.2003,4.6549
ROI_071/patch_22,nearest,32–64,1,1053,0.000,1.000,23.2901,26.7488
ROI_071/patch_22,nearest,64–128,1,2570,0.000,1.000,5.9526,7.3288
ROI_071/patch_22,nearest,≥128,1,667,0.000,1.000,13.8151,15.5608
ROI_071/patch_22,own,0–16,1,121,0.000,1.000,4.0110,5.1234
ROI_071/patch_22,own,16–32,1,323,0.000,1.000,4.3041,5.6355
ROI_071/patch_22,own,32–64,1,1074,0.000,1.000,13.0439,15.6927
ROI_071/patch_22,own,64–128,1,4351,0.000,1.000,6.0637,7.5267
ROI_071/patch_22,own,≥128,1,32003,0.000,1.000,9.1075,11.1851
ROI_071/patch_23,nearest,0–16,1,140,0.000,1.000,2.9360,3.9350
ROI_071/patch_23,nearest,16–32,1,400,0.000,1.000,3.4898,4.6330
ROI_071/patch_23,nearest,32–64,1,1380,0.000,1.000,3.6734,4.6574
ROI_071/patch_23,nearest,64–128,1,2282,0.000,1.000,8.5430,9.6848
ROI_071/patch_23,nearest,≥128,1,671,0.000,1.000,5.0259,5.6909
ROI_071/patch_23,own,0–16,1,140,0.000,1.000,2.9815,4.0329
ROI_071/patch_23,own,16–32,1,400,0.000,1.000,4.0489,5.1838
ROI_071/patch_23,own,32–64,1,1421,0.000,1.000,3.9394,5.2203
ROI_071/patch_23,own,64–128,1,5050,0.000,1.000,10.7327,11.8161
ROI_071/patch_23,own,≥128,1,31973,0.000,1.000,4.0727,5.2351
ROI_071/patch_24,nearest,0–16,1,134,0.000,1.000,4.7015,5.5977
ROI_071/patch_24,nearest,16–32,1,384,0.000,1.000,4.8012,5.5086
ROI_071/patch_24,nearest,32–64,1,1051,0.000,1.000,34.8367,35.7505
ROI_071/patch_24,nearest,64–128,1,2472,0.000,1.000,11.8344,12.8364
ROI_071/patch_24,nearest,≥128,1,631,0.000,1.000,10.2318,11.4983
ROI_071/patch_24,own,0–16,1,134,0.000,1.000,4.6530,5.5208
ROI_071/patch_24,own,16–32,1,396,0.000,1.000,4.7071,5.4374
ROI_071/patch_24,own,32–64,1,1253,0.000,1.000,26.1189,26.9214
ROI_071/patch_24,own,64–128,1,4646,0.000,1.000,9.8480,10.7900
ROI_071/patch_24,own,≥128,1,30947,0.000,1.000,51.4753,52.4017
ROI_071/patch_25,nearest,0–16,1,156,0.000,1.000,1.9743,2.9658
ROI_071/patch_25,nearest,16–32,1,437,0.000,1.000,2.6342,3.6480
ROI_071/patch_25,nearest,32–64,1,1388,0.000,1.000,4.1828,6.2449
ROI_071/patch_25,nearest,64–128,1,2497,0.000,1.000,14.5991,17.2188
ROI_071/patch_25,nearest,≥128,1,399,0.000,1.000,8.9639,10.4831
ROI_071/patch_25,own,0–16,1,156,0.000,1.000,2.4274,3.4118
ROI_071/patch_25,own,16–32,1,437,0.000,1.000,2.8218,3.9109
ROI_071/patch_25,own,32–64,1,1448,0.000,1.000,3.0758,5.5579
ROI_071/patch_25,own,64–128,1,4448,0.000,1.000,6.7345,8.9347
ROI_071/patch_25,own,≥128,1,32527,0.000,1.000,14.0945,16.3287
ROI_071/patch_26,nearest,0–16,1,125,0.000,1.000,11.8875,14.6116
ROI_071/patch_26,nearest,16–32,1,345,0.000,1.000,10.9954,13.3776
ROI_071/patch_26,nearest,32–64,1,1029,0.000,1.000,46.4523,50.6700
ROI_071/patch_26,nearest,64–128,1,2100,0.000,1.000,34.0862,40.1025
ROI_071/patch_26,nearest,≥128,1,416,0.000,1.000,97.4721,101.8347
ROI_071/patch_26,own,0–16,1,125,0.000,1.000,12.0479,14.8293
ROI_071/patch_26,own,16–32,1,345,0.000,1.000,12.0498,14.6802
ROI_071/patch_26,own,32–64,1,1106,0.000,1.000,79.5329,83.4303
ROI_071/patch_26,own,64–128,1,4017,0.000,1.000,135.0606,140.8245
ROI_071/patch_26,own,≥128,1,26527,0.000,1.000,77.6431,81.6995
ROI_071/patch_27,nearest,0–16,1,143,0.000,1.000,10.5803,12.1448
ROI_071/patch_27,nearest,16–32,1,401,0.000,1.000,3.6953,5.3273
ROI_071/patch_27,nearest,32–64,1,1142,0.000,1.000,39.7172,50.1279
ROI_071/patch_27,nearest,64–128,1,1915,0.000,1.000,10.1708,12.6947
ROI_071/patch_27,nearest,≥128,1,918,0.000,1.000,20.8525,23.1858
ROI_071/patch_27,own,0–16,1,143,0.000,1.000,9.4181,10.9824
ROI_071/patch_27,own,16–32,1,422,0.000,1.000,3.6441,5.2333
ROI_071/patch_27,own,32–64,1,1421,0.000,1.000,17.2059,27.8279
ROI_071/patch_27,own,64–128,1,4552,0.000,1.000,11.6562,14.7861
ROI_071/patch_27,own,≥128,1,29614,0.000,1.000,34.8267,37.2111
ROI_071/patch_28,nearest,0–16,1,130,0.000,1.000,44.6380,48.1560
ROI_071/patch_28,nearest,16–32,1,380,0.000,1.000,15.1358,19.3150
ROI_071/patch_28,nearest,32–64,1,1131,0.000,1.000,56.5394,66.4357
ROI_071/patch_28,nearest,64–128,1,1855,0.000,1.000,17.9984,28.2984
ROI_071/patch_28,nearest,≥128,1,523,0.000,1.000,60.5015,64.2944
ROI_071/patch_28,own,0–16,1,130,0.000,1.000,30.0624,33.2389
ROI_071/patch_28,own,16–32,1,380,0.000,1.000,10.5676,13.6836
ROI_071/patch_28,own,32–64,1,1170,0.000,1.000,75.4048,81.9386
ROI_071/patch_28,own,64–128,1,4138,0.000,1.000,26.5978,37.2546
ROI_071/patch_28,own,≥128,1,26334,0.000,1.000,45.9334,53.5696
ROI_071/patch_29,nearest,0–16,1,144,0.000,1.000,2.5433,4.9963
ROI_071/patch_29,nearest,16–32,1,425,0.000,1.000,2.3489,4.2300
ROI_071/patch_29,nearest,32–64,1,1246,0.000,1.000,26.0559,28.7647
ROI_071/patch_29,nearest,64–128,1,2095,0.000,1.000,17.6168,19.7681
ROI_071/patch_29,nearest,≥128,1,467,0.000,1.000,3.3877,5.3606
ROI_071/patch_29,own,0–16,1,144,0.000,1.000,2.5350,5.0109
ROI_071/patch_29,own,16–32,1,425,0.000,1.000,2.3022,4.1642
ROI_071/patch_29,own,32–64,1,1410,0.000,1.000,19.5188,22.7901
ROI_071/patch_29,own,64–128,1,4463,0.000,1.000,22.5489,24.7959
ROI_071/patch_29,own,≥128,1,28574,0.000,1.000,21.8926,23.9869
ROI_071/patch_35,nearest,0–16,1,150,0.000,1.000,8.6734,12.9972
ROI_071/patch_35,nearest,16–32,1,374,0.000,1.000,9.4207,18.5073
ROI_071/patch_35,nearest,32–64,1,877,0.000,1.000,104.3632,112.2816
ROI_071/patch_35,nearest,64–128,1,1353,0.000,1.000,214.8747,221.6909
ROI_071/patch_35,nearest,≥128,1,1009,0.000,1.000,199.5082,229.6604
ROI_071/patch_35,own,0–16,1,150,0.000,1.000,8.5765,12.8844
ROI_071/patch_35,own,16–32,1,374,0.000,1.000,10.3893,17.5771
ROI_071/patch_35,own,32–64,1,1133,0.000,1.000,63.7302,75.8802
ROI_071/patch_35,own,64–128,1,3966,0.000,1.000,219.9542,230.6771
ROI_071/patch_35,own,≥128,1,24481,0.050,1.000,149.2980,158.7669
ROI_071/patch_36,nearest,0–16,1,143,0.000,1.000,11.0735,14.5124
ROI_071/patch_36,nearest,16–32,1,351,0.000,1.000,17.8648,22.5275
ROI_071/patch_36,nearest,32–64,1,765,0.200,1.000,296.2200,303.1456
ROI_071/patch_36,nearest,64–128,1,1192,0.000,1.000,22.3509,26.0401
ROI_071/patch_36,nearest,≥128,1,1143,0.000,1.000,345.8660,350.5388
ROI_071/patch_36,own,0–16,1,143,0.000,1.000,12.8653,16.8252
ROI_071/patch_36,own,16–32,1,356,0.000,1.000,13.9636,17.6695
ROI_071/patch_36,own,32–64,1,1197,0.050,1.000,400.8521,410.1216
ROI_071/patch_36,own,64–128,1,4107,0.000,1.000,59.2391,65.1255
ROI_071/patch_36,own,≥128,1,22949,0.050,1.000,123.0553,128.6570
ROI_071/patch_37,nearest,0–16,1,141,0.000,1.000,2.8168,3.0931
ROI_071/patch_37,nearest,16–32,1,377,0.000,1.000,25.2648,33.3901
ROI_071/patch_37,nearest,32–64,1,981,0.000,1.000,175.7068,192.3070
ROI_071/patch_37,nearest,64–128,1,1508,0.000,1.000,98.0777,106.7079
ROI_071/patch_37,nearest,≥128,1,574,0.000,1.000,238.6116,258.6358
ROI_071/patch_37,own,0–16,1,141,0.000,1.000,2.8041,3.0552
ROI_071/patch_37,own,16–32,1,377,0.000,1.000,24.1956,28.4741
ROI_071/patch_37,own,32–64,1,1064,0.000,1.000,58.4448,68.4409
ROI_071/patch_37,own,64–128,1,3347,0.000,1.000,105.6206,117.2347
ROI_071/patch_37,own,≥128,1,23719,0.050,1.000,77.4421,93.8266
ROI_071/patch_38,nearest,0–16,1,131,0.000,1.000,7.1389,9.4453
ROI_071/patch_38,nearest,16–32,1,367,0.000,1.000,25.8372,33.7753
ROI_071/patch_38,nearest,32–64,1,1109,0.000,1.000,112.6613,123.0181
ROI_071/patch_38,nearest,64–128,1,1914,0.000,1.000,70.2559,81.0273
ROI_071/patch_38,nearest,≥128,1,185,0.000,1.000,68.8376,72.2715
ROI_071/patch_38,own,0–16,1,131,0.000,1.000,6.9512,9.2848
ROI_071/patch_38,own,16–32,1,367,0.000,1.000,20.6649,27.2374
ROI_071/patch_38,own,32–64,1,1184,0.000,1.000,56.0829,61.9814
ROI_071/patch_38,own,64–128,1,4188,0.000,1.000,157.1498,171.4168
ROI_071/patch_38,own,≥128,1,27484,0.000,1.000,59.2401,65.3566
ROI_071/patch_39,nearest,0–16,1,143,0.000,1.000,109.2216,122.9137
ROI_071/patch_39,nearest,16–32,1,336,0.000,1.000,286.6386,309.6995
ROI_071/patch_39,nearest,32–64,1,844,0.050,1.000,236.1756,285.5190
ROI_071/patch_39,nearest,64–128,1,1465,0.000,1.000,166.1475,188.7716
ROI_071/patch_39,nearest,≥128,1,298,0.050,1.000,248.5018,253.6462
ROI_071/patch_39,own,0–16,1,143,0.000,1.000,110.7476,123.2185
ROI_071/patch_39,own,16–32,1,337,0.000,1.000,303.4662,320.5690
ROI_071/patch_39,own,32–64,1,946,0.100,1.000,336.0042,378.8071
ROI_071/patch_39,own,64–128,1,3281,0.000,1.000,251.0856,283.7514
ROI_071/patch_39,own,≥128,1,19981,0.050,1.000,306.8316,325.7359
ROI_075/patch_0,nearest,0–16,1,125,0.000,1.000,18.4987,18.7703
ROI_075/patch_0,nearest,16–32,1,389,0.000,1.000,14.5163,15.2220
ROI_075/patch_0,nearest,32–64,1,1271,0.000,1.000,29.8238,32.0537
ROI_075/patch_0,nearest,64–128,1,2110,0.000,1.000,66.5865,69.3341
ROI_075/patch_0,nearest,≥128,1,463,0.000,1.000,242.8937,273.0433
ROI_075/patch_0,own,0–16,1,125,0.000,1.000,18.4853,18.7810
ROI_075/patch_0,own,16–32,1,389,0.000,1.000,15.1919,16.9102
ROI_075/patch_0,own,32–64,1,1415,0.000,1.000,24.6266,28.6994
ROI_075/patch_0,own,64–128,1,4486,0.000,1.000,87.6718,91.2492
ROI_075/patch_0,own,≥128,1,28449,0.000,1.000,94.1636,96.5072
ROI_075/patch_1,nearest,0–16,1,144,0.000,1.000,10.3040,11.0657
ROI_075/patch_1,nearest,16–32,1,419,0.000,1.000,10.7095,11.7287
ROI_075/patch_1,nearest,32–64,1,1448,0.000,1.000,14.6497,18.2839
ROI_075/patch_1,nearest,64–128,1,2539,0.000,1.000,32.9230,35.2729
ROI_075/patch_1,nearest,≥128,1,351,0.000,1.000,287.5349,341.1052
ROI_075/patch_1,own,0–16,1,144,0.000,1.000,10.2832,11.0519
ROI_075/patch_1,own,16–32,1,419,0.000,1.000,10.7871,11.9019
ROI_075/patch_1,own,32–64,1,1453,0.000,1.000,17.5635,22.6376
ROI_075/patch_1,own,64–128,1,4850,0.000,1.000,24.2870,25.9020
ROI_075/patch_1,own,≥128,1,32342,0.000,1.000,28.7407,31.1128
ROI_075/patch_2,nearest,0–16,1,143,0.000,1.000,24.6727,33.1822
ROI_075/patch_2,nearest,16–32,1,400,0.000,1.000,23.5396,33.5508
ROI_075/patch_2,nearest,32–64,1,1190,0.000,1.000,24.6134,28.9869
ROI_075/patch_2,nearest,64–128,1,2207,0.000,1.000,75.4689,84.3423
ROI_075/patch_2,nearest,≥128,1,763,0.000,1.000,123.6811,132.7262
ROI_075/patch_2,own,0–16,1,143,0.000,1.000,23.7599,30.7759
ROI_075/patch_2,own,16–32,1,400,0.000,1.000,23.0781,30.9631
ROI_075/patch_2,own,32–64,1,1380,0.000,1.000,24.4765,28.4004
ROI_075/patch_2,own,64–128,1,4558,0.000,1.000,36.7180,41.0996
ROI_075/patch_2,own,≥128,1,31143,0.000,1.000,40.0598,44.6827
ROI_075/patch_3,nearest,0–16,1,145,0.000,1.000,13.3604,14.3560
ROI_075/patch_3,nearest,16–32,1,410,0.000,1.000,13.3443,14.4341
ROI_075/patch_3,nearest,32–64,1,1225,0.000,1.000,15.9550,17.0051
ROI_075/patch_3,nearest,64–128,1,1807,0.000,1.000,28.5918,29.6811
ROI_075/patch_3,nearest,≥128,1,1181,0.000,1.000,54.6743,88.1572
ROI_075/patch_3,own,0–16,1,145,0.000,1.000,13.3708,14.3732
ROI_075/patch_3,own,16–32,1,410,0.000,1.000,13.4421,14.5320
ROI_075/patch_3,own,32–64,1,1414,0.000,1.000,15.4175,16.7970
ROI_075/patch_3,own,64–128,1,4848,0.000,1.000,26.3922,27.6534
ROI_075/patch_3,own,≥128,1,31327,0.000,1.000,24.7747,26.0826
ROI_075/patch_4,nearest,0–16,1,114,0.000,1.000,10.6875,11.0673
ROI_075/patch_4,nearest,16–32,1,349,0.000,1.000,11.2948,12.4783
ROI_075/patch_4,nearest,32–64,1,1019,0.000,1.000,33.0161,38.9572
ROI_075/patch_4,nearest,64–128,1,2379,0.000,1.000,64.0169,71.5601
ROI_075/patch_4,nearest,≥128,1,814,0.000,1.000,56.6437,59.4432
ROI_075/patch_4,own,0–16,1,114,0.000,1.000,10.6569,11.0671
ROI_075/patch_4,own,16–32,1,359,0.000,1.000,11.3665,12.2357
ROI_075/patch_4,own,32–64,1,1154,0.000,1.000,46.6379,57.5874
ROI_075/patch_4,own,64–128,1,4030,0.000,1.000,30.8824,33.6263
ROI_075/patch_4,own,≥128,1,31743,0.000,1.000,36.4069,40.2246
ROI_075/patch_5,nearest,0–16,1,145,0.000,1.000,7.1635,8.6716
ROI_075/patch_5,nearest,16–32,1,394,0.000,1.000,73.9443,75.8469
ROI_075/patch_5,nearest,32–64,1,1105,0.000,1.000,78.1918,80.1406
ROI_075/patch_5,nearest,64–128,1,2413,0.000,1.000,80.5121,83.5355
ROI_075/patch_5,nearest,≥128,1,599,0.300,1.000,7774.4365,7780.6875
ROI_075/patch_5,own,0–16,1,145,0.000,1.000,7.2311,8.7125
ROI_075/patch_5,own,16–32,1,406,0.000,1.000,68.2500,70.1151
ROI_075/patch_5,own,32–64,1,1232,0.000,1.000,53.2818,55.0763
ROI_075/patch_5,own,64–128,1,4064,0.000,1.000,130.9324,133.4142
ROI_075/patch_5,own,≥128,1,31401,0.000,1.000,36.7189,38.9393
ROI_075/patch_6,nearest,0–16,1,167,0.000,1.000,35.1839,37.0410
ROI_075/patch_6,nearest,16–32,1,477,0.000,1.000,36.8661,39.0416
ROI_075/patch_6,nearest,32–64,1,1282,0.000,1.000,43.4157,45.9408
ROI_075/patch_6,nearest,64–128,1,2040,0.000,1.000,95.8483,98.6609
ROI_075/patch_6,nearest,≥128,1,712,0.000,1.000,81.3669,84.3395
ROI_075/patch_6,own,0–16,1,167,0.000,1.000,35.3716,37.1417
ROI_075/patch_6,own,16–32,1,493,0.000,1.000,36.4891,38.6710
ROI_075/patch_6,own,32–64,1,1691,0.000,1.000,38.6277,40.6901
ROI_075/patch_6,own,64–128,1,5736,0.000,1.000,71.1517,74.9148
ROI_075/patch_6,own,≥128,1,34015,0.000,1.000,51.1959,56.0509
ROI_075/patch_7,nearest,0–16,1,151,0.000,1.000,7.0000,9.8553
ROI_075/patch_7,nearest,16–32,1,431,0.000,1.000,8.1631,13.6200
ROI_075/patch_7,nearest,32–64,1,1353,0.000,1.000,16.5377,19.0187
ROI_075/patch_7,nearest,64–128,1,2126,0.000,1.000,24.0251,26.9610
ROI_075/patch_7,nearest,≥128,1,702,0.000,1.000,88.6428,96.4486
ROI_075/patch_7,own,0–16,1,151,0.000,1.000,6.9802,9.8224
ROI_075/patch_7,own,16–32,1,431,0.000,1.000,7.7800,12.0322
ROI_075/patch_7,own,32–64,1,1506,0.000,1.000,13.1213,15.6415
ROI_075/patch_7,own,64–128,1,5147,0.000,1.000,16.0241,18.5882
ROI_075/patch_7,own,≥128,1,35632,0.000,1.000,18.0564,20.9014
ROI_075/patch_8,nearest,0–16,1,159,0.000,1.000,22.8140,25.0915
ROI_075/patch_8,nearest,16–32,1,423,0.000,1.000,28.7064,31.2771
ROI_075/patch_8,nearest,32–64,1,1308,0.000,1.000,38.0176,41.3821
ROI_075/patch_8,nearest,64–128,1,2350,0.000,1.000,47.3681,66.2026
ROI_075/patch_8,nearest,≥128,1,326,0.050,1.000,295.2493,300.1173
ROI_075/patch_8,own,0–16,1,159,0.000,1.000,21.3105,23.5834
ROI_075/patch_8,own,16–32,1,423,0.000,1.000,34.2232,36.7923
ROI_075/patch_8,own,32–64,1,1335,0.000,1.000,30.8363,34.3824
ROI_075/patch_8,own,64–128,1,4634,0.000,1.000,62.2084,91.2363
ROI_075/patch_8,own,≥128,1,34543,0.000,1.000,83.1628,86.5062
ROI_075/patch_10,nearest,0–16,1,125,0.000,1.000,9.7075,11.5880
ROI_075/patch_10,nearest,16–32,1,361,0.000,1.000,9.3625,11.1527
ROI_075/patch_10,nearest,32–64,1,1077,0.000,1.000,11.6747,13.4999
ROI_075/patch_10,nearest,64–128,1,2357,0.000,1.000,21.4135,23.9885
ROI_075/patch_10,nearest,≥128,1,1031,0.000,1.000,8.9857,10.8069
ROI_075/patch_10,own,0–16,1,125,0.000,1.000,9.7629,11.6515
ROI_075/patch_10,own,16–32,1,361,0.000,1.000,9.5314,11.2496
ROI_075/patch_10,own,32–64,1,1311,0.000,1.000,19.9617,21.6514
ROI_075/patch_10,own,64–128,1,4747,0.000,1.000,26.2933,28.4963
ROI_075/patch_10,own,≥128,1,33064,0.000,1.000,13.1914,15.0275
ROI_075/patch_11,nearest,0–16,1,139,0.000,1.000,5.3690,7.6803
ROI_075/patch_11,nearest,16–32,1,368,0.000,1.000,5.9633,8.4590
ROI_075/patch_11,nearest,32–64,1,1011,0.000,1.000,39.0782,42.6448
ROI_075/patch_11,nearest,64–128,1,1989,0.000,1.000,45.0678,48.0076
ROI_075/patch_11,nearest,≥128,1,1128,0.000,1.000,29.7606,33.2988
ROI_075/patch_11,own,0–16,1,139,0.000,1.000,5.4311,7.7118
ROI_075/patch_11,own,16–32,1,368,0.000,1.000,6.2118,8.6960
ROI_075/patch_11,own,32–64,1,1236,0.000,1.000,33.2235,37.3657
ROI_075/patch_11,own,64–128,1,4462,0.000,1.000,20.3873,22.3171
ROI_075/patch_11,own,≥128,1,30875,0.000,1.000,21.7690,25.0631
ROI_075/patch_12,nearest,0–16,1,147,0.000,1.000,20.4825,23.1296
ROI_075/patch_12,nearest,16–32,1,395,0.000,1.000,21.4475,24.6553
ROI_075/patch_12,nearest,32–64,1,1188,0.000,1.000,25.5400,29.0041
ROI_075/patch_12,nearest,64–128,1,2109,0.000,1.000,61.2003,65.3150
ROI_075/patch_12,nearest,≥128,1,747,0.050,1.000,153.4392,162.4248
ROI_075/patch_12,own,0–16,1,147,0.000,1.000,20.4920,23.0898
ROI_075/patch_12,own,16–32,1,395,0.000,1.000,21.2750,24.3945
ROI_075/patch_12,own,32–64,1,1199,0.000,1.000,25.3975,29.1696
ROI_075/patch_12,own,64–128,1,4001,0.000,1.000,37.7183,42.8862
ROI_075/patch_12,own,≥128,1,30946,0.000,1.000,60.0709,64.2211
ROI_075/patch_13,nearest,0–16,1,137,0.000,1.000,37.7872,41.4118
ROI_075/patch_13,nearest,16–32,1,403,0.000,1.000,41.9818,45.6163
ROI_075/patch_13,nearest,32–64,1,1449,0.000,1.000,41.9869,45.5106
ROI_075/patch_13,nearest,64–128,1,2482,0.000,1.000,58.4430,63.2344
ROI_075/patch_13,nearest,≥128,1,322,0.000,1.000,61.8238,65.7115
ROI_075/patch_13,own,0–16,1,137,0.000,1.000,37.8427,41.3963
ROI_075/patch_13,own,16–32,1,403,0.000,1.000,44.0354,47.6733
ROI_075/patch_13,own,32–64,1,1504,0.000,1.000,40.2059,43.4795
ROI_075/patch_13,own,64–128,1,5082,0.000,1.000,47.7332,50.2882
ROI_075/patch_13,own,≥128,1,36011,0.000,1.000,57.4829,59.9302
ROI_075/patch_14,nearest,0–16,1,141,0.000,1.000,11.9418,14.6560
ROI_075/patch_14,nearest,16–32,1,378,0.000,1.000,18.0813,21.0900
ROI_075/patch_14,nearest,32–64,1,1086,0.000,1.000,54.7251,58.0973
ROI_075/patch_14,nearest,64–128,1,1738,0.000,1.000,56.6490,70.8101
ROI_075/patch_14,nearest,≥128,1,860,0.550,1.000,221.5255,879.4625
ROI_075/patch_14,own,0–16,1,141,0.000,1.000,12.0454,14.7641
ROI_075/patch_14,own,16–32,1,378,0.000,1.000,18.3701,21.3799
ROI_075/patch_14,own,32–64,1,1238,0.000,1.000,32.0573,39.6446
ROI_075/patch_14,own,64–128,1,4118,0.000,1.000,62.2154,65.7922
ROI_075/patch_14,own,≥128,1,27749,0.000,1.000,60.9972,67.9023
ROI_075/patch_15,nearest,0–16,1,147,0.000,1.000,9.5711,10.9475
ROI_075/patch_15,nearest,16–32,1,391,0.000,1.000,10.4824,11.6542
ROI_075/patch_15,nearest,32–64,1,1229,0.000,1.000,27.0783,28.4613
ROI_075/patch_15,nearest,64–128,1,2346,0.000,1.000,15.0248,16.6427
ROI_075/patch_15,nearest,≥128,1,647,0.000,1.000,123.0083,125.3041
ROI_075/patch_15,own,0–16,1,147,0.000,1.000,9.5513,10.8968
ROI_075/patch_15,own,16–32,1,391,0.000,1.000,10.9057,12.1090
ROI_075/patch_15,own,32–64,1,1288,0.000,1.000,11.3582,12.5579
ROI_075/patch_15,own,64–128,1,4361,0.000,1.000,11.3634,13.1397
ROI_075/patch_15,own,≥128,1,31893,0.000,1.000,19.1120,20.9114
ROI_075/patch_16,nearest,0–16,1,132,0.000,1.000,7.0302,8.7142
ROI_075/patch_16,nearest,16–32,1,378,0.000,1.000,26.5768,40.6574
ROI_075/patch_16,nearest,32–64,1,1250,0.000,1.000,71.0493,75.0948
ROI_075/patch_16,nearest,64–128,1,2448,0.000,1.000,10.2110,13.8180
ROI_075/patch_16,nearest,≥128,1,749,0.000,1.000,54.1008,70.6900
ROI_075/patch_16,own,0–16,1,132,0.000,1.000,7.0256,8.7279
ROI_075/patch_16,own,16–32,1,378,0.000,1.000,7.7864,25.5089
ROI_075/patch_16,own,32–64,1,1281,0.000,1.000,60.2946,64.0749
ROI_075/patch_16,own,64–128,1,4560,0.000,1.000,11.0839,13.4891
ROI_075/patch_16,own,≥128,1,33305,0.000,1.000,28.4597,31.9312
ROI_075/patch_17,nearest,0–16,1,148,0.000,1.000,73.8513,77.6786
ROI_075/patch_17,nearest,16–32,1,418,0.000,1.000,72.3937,76.2694
ROI_075/patch_17,nearest,32–64,1,1057,0.000,1.000,115.7869,121.7382
ROI_075/patch_17,nearest,64–128,1,1964,0.000,1.000,87.3057,93.0959
ROI_075/patch_17,nearest,≥128,1,829,0.000,1.000,255.5739,287.0365
ROI_075/patch_17,own,0–16,1,148,0.000,1.000,73.6459,77.4280
ROI_075/patch_17,own,16–32,1,418,0.000,1.000,70.0745,73.9043
ROI_075/patch_17,own,32–64,1,1341,0.000,1.000,104.7446,111.5480
ROI_075/patch_17,own,64–128,1,4972,0.000,1.000,74.9538,80.7800
ROI_075/patch_17,own,≥128,1,28449,0.000,1.000,107.2086,115.3943
ROI_075/patch_18,nearest,0–16,1,160,0.000,1.000,16.6870,18.6038
ROI_075/patch_18,nearest,16–32,1,459,0.000,1.000,17.5698,19.3270
ROI_075/patch_18,nearest,32–64,1,1610,0.000,1.000,44.8061,46.5650
ROI_075/patch_18,nearest,64–128,1,2300,0.000,1.000,26.7807,28.8697
ROI_075/patch_18,nearest,≥128,1,313,0.150,1.000,225.2424,226.9015
ROI_075/patch_18,own,0–16,1,160,0.000,1.000,16.8825,18.7518
ROI_075/patch_18,own,16–32,1,459,0.000,1.000,16.9697,18.7181
ROI_075/patch_18,own,32–64,1,1661,0.000,1.000,69.6528,71.4488
ROI_075/patch_18,own,64–128,1,5611,0.000,1.000,20.3736,22.1041
ROI_075/patch_18,own,≥128,1,35687,0.000,1.000,63.7404,65.4969
ROI_075/patch_19,nearest,0–16,1,147,0.000,1.000,12.6531,14.5243
ROI_075/patch_19,nearest,16–32,1,438,0.000,1.000,14.0590,16.0484
ROI_075/patch_19,nearest,32–64,1,1206,0.000,1.000,55.7413,63.8635
ROI_075/patch_19,nearest,64–128,1,2024,0.000,1.000,64.8398,85.3739
ROI_075/patch_19,nearest,≥128,1,1120,0.000,1.000,220.7916,223.2254
ROI_075/patch_19,own,0–16,1,147,0.000,1.000,12.6762,14.5311
ROI_075/patch_19,own,16–32,1,438,0.000,1.000,13.5596,15.5167
ROI_075/patch_19,own,32–64,1,1435,0.000,1.000,27.8919,33.4844
ROI_075/patch_19,own,64–128,1,4591,0.000,1.000,36.1394,38.4656
ROI_075/patch_19,own,≥128,1,32869,0.000,1.000,81.2835,84.2925
ROI_075/patch_20,nearest,0–16,1,130,0.000,1.000,10.2250,13.2866
ROI_075/patch_20,nearest,16–32,1,353,0.000,1.000,13.0349,16.4601
ROI_075/patch_20,nearest,32–64,1,1226,0.000,1.000,16.6879,20.8171
ROI_075/patch_20,nearest,64–128,1,2316,0.000,1.000,19.9747,24.0907
ROI_075/patch_20,nearest,≥128,1,698,0.000,1.000,17.0468,21.8676
ROI_075/patch_20,own,0–16,1,130,0.000,1.000,10.3096,13.4080
ROI_075/patch_20,own,16–32,1,353,0.000,1.000,14.5124,18.1841
ROI_075/patch_20,own,32–64,1,1337,0.000,1.000,31.3053,37.3095
ROI_075/patch_20,own,64–128,1,4803,0.000,1.000,19.6233,23.4031
ROI_075/patch_20,own,≥128,1,31161,0.000,1.000,23.4375,28.1561
ROI_075/patch_21,nearest,0–16,1,124,0.000,1.000,2.9368,3.7080
ROI_075/patch_21,nearest,16–32,1,388,0.000,1.000,2.9664,3.6348
ROI_075/patch_21,nearest,32–64,1,1214,0.000,1.000,5.3248,5.9962
ROI_075/patch_21,nearest,64–128,1,2170,0.000,1.000,5.8713,12.4918
ROI_075/patch_21,nearest,≥128,1,999,0.000,1.000,24.4680,26.0036
ROI_075/patch_21,own,0–16,1,124,0.000,1.000,2.8988,3.6978
ROI_075/patch_21,own,16–32,1,388,0.000,1.000,2.9649,3.6784
ROI_075/patch_21,own,32–64,1,1383,0.000,1.000,4.1163,4.9916
ROI_075/patch_21,own,64–128,1,4648,0.000,1.000,12.0252,15.8041
ROI_075/patch_21,own,≥128,1,32617,0.000,1.000,17.6187,20.3907
ROI_075/patch_22,nearest,0–16,1,148,0.000,1.000,2.9866,3.3647
ROI_075/patch_22,nearest,16–32,1,427,0.000,1.000,3.3008,3.7586
ROI_075/patch_22,nearest,32–64,1,1274,0.000,1.000,6.8321,7.6140
ROI_075/patch_22,nearest,64–128,1,1880,0.000,1.000,10.9746,13.4425
ROI_075/patch_22,nearest,≥128,1,1027,0.000,1.000,197.4757,203.9764
ROI_075/patch_22,own,0–16,1,148,0.000,1.000,3.0265,3.3881
ROI_075/patch_22,own,16–32,1,427,0.000,1.000,3.1615,3.6660
ROI_075/patch_22,own,32–64,1,1437,0.000,1.000,9.2366,9.6335
ROI_075/patch_22,own,64–128,1,4624,0.000,1.000,8.5717,12.3376
ROI_075/patch_22,own,≥128,1,31412,0.000,1.000,26.6701,28.4861
ROI_075/patch_23,nearest,0–16,1,143,0.000,1.000,15.1560,17.3716
ROI_075/patch_23,nearest,16–32,1,407,0.000,1.000,15.2429,17.1937
ROI_075/patch_23,nearest,32–64,1,1197,0.000,1.000,65.3790,68.0475
ROI_075/patch_23,nearest,64–128,1,2211,0.000,1.000,20.9868,23.6614
ROI_075/patch_23,nearest,≥128,1,910,0.000,1.000,133.3833,137.2816
ROI_075/patch_23,own,0–16,1,143,0.000,1.000,15.0830,17.2431
ROI_075/patch_23,own,16–32,1,416,0.000,1.000,15.3391,17.2730
ROI_075/patch_23,own,32–64,1,1457,0.000,1.000,72.3740,76.3094
ROI_075/patch_23,own,64–128,1,5280,0.000,1.000,38.8752,41.4305
ROI_075/patch_23,own,≥128,1,36516,0.000,1.000,40.5294,43.8510
ROI_075/patch_24,nearest,0–16,1,151,0.000,1.000,33.1964,34.1418
ROI_075/patch_24,nearest,16–32,1,399,0.000,1.000,34.1792,35.5683
ROI_075/patch_24,nearest,32–64,1,1281,0.000,1.000,43.8602,45.5255
ROI_075/patch_24,nearest,64–128,1,2334,0.000,1.000,71.5647,76.9935
ROI_075/patch_24,nearest,≥128,1,440,0.000,1.000,121.6799,123.4770
ROI_075/patch_24,own,0–16,1,151,0.000,1.000,33.2197,34.1596
ROI_075/patch_24,own,16–32,1,399,0.000,1.000,36.5958,38.1020
ROI_075/patch_24,own,32–64,1,1365,0.000,1.000,54.6562,57.6305
ROI_075/patch_24,own,64–128,1,4334,0.000,1.000,57.5838,60.4443
ROI_075/patch_24,own,≥128,1,30591,0.000,1.000,51.8163,53.5842
ROI_075/patch_25,nearest,0–16,1,153,0.000,1.000,11.0960,12.1215
ROI_075/patch_25,nearest,16–32,1,430,0.000,1.000,18.3280,19.4082
ROI_075/patch_25,nearest,32–64,1,1305,0.000,1.000,35.5880,36.9556
ROI_075/patch_25,nearest,64–128,1,2191,0.000,1.000,58.9238,69.3998
ROI_075/patch_25,nearest,≥128,1,607,0.000,1.000,96.9716,98.9472
ROI_075/patch_25,own,0–16,1,153,0.000,1.000,11.8585,12.9594
ROI_075/patch_25,own,16–32,1,432,0.000,1.000,20.2233,21.3683
ROI_075/patch_25,own,32–64,1,1461,0.000,1.000,20.4420,21.8567
ROI_075/patch_25,own,64–128,1,4929,0.000,1.000,72.6952,75.7663
ROI_075/patch_25,own,≥128,1,30513,0.000,1.000,54.0187,55.5806
ROI_075/patch_26,nearest,0–16,1,132,0.000,1.000,4.0496,5.8056
ROI_075/patch_26,nearest,16–32,1,388,0.000,1.000,4.1594,6.2858
ROI_075/patch_26,nearest,32–64,1,1325,0.000,1.000,5.0437,7.1305
ROI_075/patch_26,nearest,64–128,1,2733,0.000,1.000,8.6548,10.6641
ROI_075/patch_26,nearest,≥128,1,372,0.000,1.000,57.5072,59.8198
ROI_075/patch_26,own,0–16,1,132,0.000,1.000,4.0785,5.8295
ROI_075/patch_26,own,16–32,1,388,0.000,1.000,4.3137,6.4919
ROI_075/patch_26,own,32–64,1,1330,0.000,1.000,5.0481,7.2613
ROI_075/patch_26,own,64–128,1,4627,0.000,1.000,16.1884,18.7853
ROI_075/patch_26,own,≥128,1,33123,0.000,1.000,8.9568,11.0538
ROI_075/patch_27,nearest,0–16,1,169,0.000,1.000,52.2823,54.2477
ROI_075/patch_27,nearest,16–32,1,512,0.000,1.000,53.2116,55.0889
ROI_075/patch_27,nearest,32–64,1,1504,0.000,1.000,60.8778,64.1235
ROI_075/patch_27,nearest,64–128,1,1798,0.000,1.000,94.2636,98.4957
ROI_075/patch_27,nearest,≥128,1,757,0.000,1.000,99.2640,104.8884
ROI_075/patch_27,own,0–16,1,169,0.000,1.000,51.9470,53.9219
ROI_075/patch_27,own,16–32,1,512,0.000,1.000,53.2837,55.2363
ROI_075/patch_27,own,32–64,1,1843,0.000,1.000,60.3800,62.8575
ROI_075/patch_27,own,64–128,1,6282,0.000,1.000,73.6759,75.6052
ROI_075/patch_27,own,≥128,1,33854,0.000,1.000,73.6060,76.3404
ROI_075/patch_28,nearest,0–16,1,144,0.000,1.000,1.8801,3.0998
ROI_075/patch_28,nearest,16–32,1,399,0.000,1.000,1.9632,2.8388
ROI_075/patch_28,nearest,32–64,1,1329,0.000,1.000,34.1472,35.1268
ROI_075/patch_28,nearest,64–128,1,2313,0.000,1.000,7.5771,9.0583
ROI_075/patch_28,nearest,≥128,1,784,0.000,1.000,17.1135,18.0459
ROI_075/patch_28,own,0–16,1,144,0.000,1.000,1.8924,3.1019
ROI_075/patch_28,own,16–32,1,399,0.000,1.000,1.9812,2.8483
ROI_075/patch_28,own,32–64,1,1365,0.000,1.000,63.9259,65.7478
ROI_075/patch_28,own,64–128,1,4988,0.000,1.000,4.2584,5.6690
ROI_075/patch_28,own,≥128,1,32856,0.000,1.000,13.0798,14.0732
ROI_075/patch_29,nearest,0–16,1,140,0.000,1.000,17.6815,21.1777
ROI_075/patch_29,nearest,16–32,1,331,0.000,1.000,20.4026,23.8204
ROI_075/patch_29,nearest,32–64,1,1116,0.000,1.000,21.5088,25.1700
ROI_075/patch_29,nearest,64–128,1,1770,0.000,1.000,57.0389,62.8336
ROI_075/patch_29,nearest,≥128,1,938,0.000,1.000,129.1478,144.6181
ROI_075/patch_29,own,0–16,1,140,0.000,1.000,17.6162,21.1482
ROI_075/patch_29,own,16–32,1,331,0.000,1.000,20.4781,23.9203
ROI_075/patch_29,own,32–64,1,1117,0.000,1.000,24.1773,28.0458
ROI_075/patch_29,own,64–128,1,3801,0.000,1.000,56.9356,60.8312
ROI_075/patch_29,own,≥128,1,28971,0.000,1.000,64.3046,67.7773
ROI_075/patch_30,nearest,0–16,1,152,0.000,1.000,8.5342,11.9222
ROI_075/patch_30,nearest,16–32,1,459,0.000,1.000,9.4172,13.4827
ROI_075/patch_30,nearest,32–64,1,1388,0.000,1.000,8.5989,14.6743
ROI_075/patch_30,nearest,64–128,1,2185,0.000,1.000,8.6102,12.0625
ROI_075/patch_30,nearest,≥128,1,985,0.000,1.000,19.5580,22.9370
ROI_075/patch_30,own,0–16,1,152,0.000,1.000,8.6291,12.0826
ROI_075/patch_30,own,16–32,1,459,0.000,1.000,9.6484,13.7657
ROI_075/patch_30,own,32–64,1,1521,0.000,1.000,9.0879,15.0460
ROI_075/patch_30,own,64–128,1,5397,0.000,1.000,8.2261,11.6131
ROI_075/patch_30,own,≥128,1,33823,0.000,1.000,12.2262,16.1443
ROI_075/patch_31,nearest,0–16,1,124,0.000,1.000,15.4747,17.5583
ROI_075/patch_31,nearest,16–32,1,347,0.000,1.000,9.3696,11.8641
ROI_075/patch_31,nearest,32–64,1,1168,0.000,1.000,10.2038,12.7118
ROI_075/patch_31,nearest,64–128,1,2280,0.000,1.000,13.8105,16.1737
ROI_075/patch_31,nearest,≥128,1,1169,0.000,1.000,16.4480,19.5463
ROI_075/patch_31,own,0–16,1,124,0.000,1.000,15.6278,17.6274
ROI_075/patch_31,own,16–32,1,347,0.000,1.000,9.1755,11.7360
ROI_075/patch_31,own,32–64,1,1239,0.000,1.000,13.9541,16.4521
ROI_075/patch_31,own,64–128,1,3858,0.000,1.000,10.7537,13.6267
ROI_075/patch_31,own,≥128,1,35136,0.000,1.000,15.3165,17.7107
ROI_075/patch_32,nearest,0–16,1,152,0.000,1.000,10.5009,12.4010
ROI_075/patch_32,nearest,16–32,1,431,0.000,1.000,10.5915,12.7672
ROI_075/patch_32,nearest,32–64,1,1373,0.000,1.000,72.0879,75.9952
ROI_075/patch_32,nearest,64–128,1,2521,0.000,1.000,116.5617,118.0933
ROI_075/patch_32,nearest,≥128,1,428,0.000,1.000,15.5900,16.9383
ROI_075/patch_32,own,0–16,1,152,0.000,1.000,10.5812,12.4350
ROI_075/patch_32,own,16–32,1,431,0.000,1.000,10.8347,13.0032
ROI_075/patch_32,own,32–64,1,1483,0.000,1.000,39.4550,42.1230
ROI_075/patch_32,own,64–128,1,4569,0.000,1.000,82.4459,85.4452
ROI_075/patch_32,own,≥128,1,32605,0.000,1.000,66.9298,69.1488
ROI_075/patch_33,nearest,0–16,1,160,0.000,1.000,3.1170,6.1537
ROI_075/patch_33,nearest,16–32,1,467,0.000,1.000,3.4137,6.3024
ROI_075/patch_33,nearest,32–64,1,1547,0.000,1.000,21.7339,24.4258
ROI_075/patch_33,nearest,64–128,1,2361,0.000,1.000,4.5818,6.8873
ROI_075/patch_33,nearest,≥128,1,641,0.000,1.000,33.7549,37.3340
ROI_075/patch_33,own,0–16,1,160,0.000,1.000,3.1688,6.3038
ROI_075/patch_33,own,16–32,1,467,0.000,1.000,3.3630,6.3925
ROI_075/patch_33,own,32–64,1,1571,0.000,1.000,12.9272,15.7164
ROI_075/patch_33,own,64–128,1,5602,0.000,1.000,7.9866,10.8406
ROI_075/patch_33,own,≥128,1,38784,0.000,1.000,21.3192,24.2127
ROI_075/patch_34,nearest,0–16,1,141,0.000,1.000,8.2374,10.1674
ROI_075/patch_34,nearest,16–32,1,359,0.000,1.000,8.7134,10.7267
ROI_075/patch_34,nearest,32–64,1,1297,0.000,1.000,9.8403,11.7598
ROI_075/patch_34,nearest,64–128,1,2853,0.000,1.000,13.5048,15.2844
ROI_075/patch_34,nearest,≥128,1,512,0.000,1.000,16.8191,18.7704
ROI_075/patch_34,own,0–16,1,141,0.000,1.000,8.2403,10.1950
ROI_075/patch_34,own,16–32,1,359,0.000,1.000,8.6774,10.6868
ROI_075/patch_34,own,32–64,1,1297,0.000,1.000,9.9124,11.8408
ROI_075/patch_34,own,64–128,1,4272,0.000,1.000,11.5908,14.3854
ROI_075/patch_34,own,≥128,1,35227,0.000,1.000,11.6700,14.2836
ROI_075/patch_35,nearest,0–16,1,145,0.000,1.000,6.9906,8.8360
ROI_075/patch_35,nearest,16–32,1,386,0.000,1.000,7.1487,8.5077
ROI_075/patch_35,nearest,32–64,1,1155,0.000,1.000,8.3388,10.6679
ROI_075/patch_35,nearest,64–128,1,2559,0.000,1.000,15.1110,20.7365
ROI_075/patch_35,nearest,≥128,1,693,0.000,1.000,21.1474,22.1160
ROI_075/patch_35,own,0–16,1,145,0.000,1.000,6.9276,8.6353
ROI_075/patch_35,own,16–32,1,395,0.000,1.000,7.3020,8.7129
ROI_075/patch_35,own,32–64,1,1294,0.000,1.000,13.3032,15.8135
ROI_075/patch_35,own,64–128,1,4349,0.000,1.000,14.9974,18.5832
ROI_075/patch_35,own,≥128,1,33321,0.000,1.000,14.2651,15.5485
ROI_075/patch_36,nearest,0–16,1,133,0.000,1.000,9.0508,10.3370
ROI_075/patch_36,nearest,16–32,1,379,0.000,1.000,9.0861,10.5341
ROI_075/patch_36,nearest,32–64,1,988,0.000,1.000,20.3202,23.5723
ROI_075/patch_36,nearest,64–128,1,1923,0.000,1.000,37.6833,42.7820
ROI_075/patch_36,nearest,≥128,1,1002,0.000,1.000,102.7932,164.1714
ROI_075/patch_36,own,0–16,1,133,0.000,1.000,8.9833,10.2833
ROI_075/patch_36,own,16–32,1,379,0.000,1.000,9.1199,10.5564
ROI_075/patch_36,own,32–64,1,1206,0.000,1.000,17.0513,19.8810
ROI_075/patch_36,own,64–128,1,3916,0.000,1.000,24.0327,25.5690
ROI_075/patch_36,own,≥128,1,29766,0.000,1.000,34.6606,37.7900
ROI_075/patch_37,nearest,0–16,1,148,0.000,1.000,51.0036,53.4626
ROI_075/patch_37,nearest,16–32,1,404,0.000,1.000,51.4176,58.5134
ROI_075/patch_37,nearest,32–64,1,1228,0.000,1.000,60.1691,63.4112
ROI_075/patch_37,nearest,64–128,1,2048,0.000,1.000,83.6379,92.9254
ROI_075/patch_37,nearest,≥128,1,699,0.000,1.000,148.6464,164.8659
ROI_075/patch_37,own,0–16,1,148,0.000,1.000,51.0027,53.4570
ROI_075/patch_37,own,16–32,1,405,0.000,1.000,51.8324,57.5173
ROI_075/patch_37,own,32–64,1,1455,0.000,1.000,86.9856,90.1999
ROI_075/patch_37,own,64–128,1,4741,0.000,1.000,63.8737,68.3290
ROI_075/patch_37,own,≥128,1,29467,0.000,1.000,95.0435,98.8514
ROI_075/patch_38,nearest,0–16,1,132,0.000,1.000,14.8124,15.4146
ROI_075/patch_38,nearest,16–32,1,418,0.000,1.000,14.8575,15.4402
ROI_075/patch_38,nearest,32–64,1,1463,0.000,1.000,17.3444,17.7640
ROI_075/patch_38,nearest,64–128,1,2185,0.000,1.000,21.7381,22.3278
ROI_075/patch_38,nearest,≥128,1,773,0.000,1.000,28.2834,29.3699
ROI_075/patch_38,own,0–16,1,132,0.000,1.000,14.8009,15.4118
ROI_075/patch_38,own,16–32,1,418,0.000,1.000,14.6425,15.2182
ROI_075/patch_38,own,32–64,1,1490,0.000,1.000,31.6590,32.1163
ROI_075/patch_38,own,64–128,1,4836,0.000,1.000,22.2114,22.8641
ROI_075/patch_38,own,≥128,1,32892,0.000,1.000,24.7655,25.4094
ROI_075/patch_39,nearest,0–16,1,124,0.000,1.000,43.7491,48.7793
ROI_075/patch_39,nearest,16–32,1,319,0.000,1.000,75.6282,78.8226
ROI_075/patch_39,nearest,32–64,1,807,0.000,1.000,144.6938,160.7851
ROI_075/patch_39,nearest,64–128,1,1867,0.000,1.000,193.5259,210.9831
ROI_075/patch_39,nearest,≥128,1,909,0.000,1.000,214.2099,224.1707
ROI_075/patch_39,own,0–16,1,124,0.000,1.000,42.4910,47.4287
ROI_075/patch_39,own,16–32,1,319,0.000,1.000,74.2906,77.3743
ROI_075/patch_39,own,32–64,1,982,0.000,1.000,118.6698,136.3687
ROI_075/patch_39,own,64–128,1,3447,0.000,1.000,60.0069,67.1398
ROI_075/patch_39,own,≥128,1,27336,0.000,1.000,98.6928,106.9094
ROI_075/patch_40,nearest,0–16,1,166,0.000,1.000,19.3158,20.4520
ROI_075/patch_40,nearest,16–32,1,461,0.000,1.000,16.3482,17.2802
ROI_075/patch_40,nearest,32–64,1,1347,0.000,1.000,31.4695,32.7415
ROI_075/patch_40,nearest,64–128,1,2495,0.000,1.000,45.3911,47.6443
ROI_075/patch_40,nearest,≥128,1,245,0.000,1.000,330.7652,332.1153
ROI_075/patch_40,own,0–16,1,166,0.000,1.000,18.4084,19.4967
ROI_075/patch_40,own,16–32,1,462,0.000,1.000,15.2732,16.2187
ROI_075/patch_40,own,32–64,1,1559,0.000,1.000,21.2148,22.3984
ROI_075/patch_40,own,64–128,1,5579,0.000,1.000,27.9280,29.4955
ROI_075/patch_40,own,≥128,1,34660,0.000,1.000,44.0436,49.0816
ROI_075/patch_41,nearest,0–16,1,156,0.000,1.000,9.1174,11.6613
ROI_075/patch_41,nearest,16–32,1,414,0.000,1.000,7.3315,9.2231
ROI_075/patch_41,nearest,32–64,1,1362,0.000,1.000,11.2244,13.1044
ROI_075/patch_41,nearest,64–128,1,2468,0.000,1.000,14.1944,16.2181
ROI_075/patch_41,nearest,≥128,1,475,0.000,1.000,10.1483,13.2377
ROI_075/patch_41,own,0–16,1,156,0.000,1.000,9.1612,11.6779
ROI_075/patch_41,own,16–32,1,416,0.000,1.000,7.3968,9.2483
ROI_075/patch_41,own,32–64,1,1573,0.000,1.000,11.2200,12.8846
ROI_075/patch_41,own,64–128,1,5639,0.000,1.000,19.9868,21.9564
ROI_075/patch_41,own,≥128,1,36091,0.000,1.000,10.4489,12.9070
ROI_075/patch_42,nearest,0–16,1,139,0.000,1.000,7.8331,10.7828
ROI_075/patch_42,nearest,16–32,1,359,0.000,1.000,21.1646,25.4462
ROI_075/patch_42,nearest,32–64,1,969,0.000,1.000,34.3443,40.2242
ROI_075/patch_42,nearest,64–128,1,2210,0.000,1.000,168.8227,178.2890
ROI_075/patch_42,nearest,≥128,1,639,0.000,1.000,113.8609,118.7322
ROI_075/patch_42,own,0–16,1,139,0.000,1.000,11.5786,14.5420
ROI_075/patch_42,own,16–32,1,367,0.000,1.000,12.7806,16.9229
ROI_075/patch_42,own,32–64,1,1182,0.000,1.000,30.7719,35.4973
ROI_075/patch_42,own,64–128,1,3694,0.000,1.000,58.3380,65.5013
ROI_075/patch_42,own,≥128,1,29146,0.000,1.000,62.4307,71.4817
ROI_075/patch_43,nearest,0–16,1,153,0.000,1.000,33.5760,34.9448
ROI_075/patch_43,nearest,16–32,1,442,0.000,1.000,35.6041,37.8155
ROI_075/patch_43,nearest,32–64,1,1423,0.000,1.000,38.0611,41.0268
ROI_075/patch_43,nearest,64–128,1,2298,0.000,1.000,42.3967,56.1246
ROI_075/patch_43,nearest,≥128,1,451,0.050,1.000,558.3295,633.7838
ROI_075/patch_43,own,0–16,1,153,0.000,1.000,33.8490,35.2396
ROI_075/patch_43,own,16–32,1,442,0.000,1.000,36.8181,40.1386
ROI_075/patch_43,own,32–64,1,1565,0.000,1.000,36.9992,40.0413
ROI_075/patch_43,own,64–128,1,5231,0.000,1.000,39.0739,41.5873
ROI_075/patch_43,own,≥128,1,30745,0.000,1.000,44.9280,47.2977
ROI_075/patch_44,nearest,0–16,1,139,0.000,1.000,3.3564,5.5977
ROI_075/patch_44,nearest,16–32,1,381,0.000,1.000,3.7195,5.6857
ROI_075/patch_44,nearest,32–64,1,1226,0.000,1.000,4.6963,7.3688
ROI_075/patch_44,nearest,64–128,1,2072,0.000,1.000,9.7905,19.7897
ROI_075/patch_44,nearest,≥128,1,997,0.000,1.000,76.4206,83.8989
ROI_075/patch_44,own,0–16,1,139,0.000,1.000,3.3271,5.5093
ROI_075/patch_44,own,16–32,1,396,0.000,1.000,3.6867,5.6242
ROI_075/patch_44,own,32–64,1,1420,0.000,1.000,4.2789,6.3065
ROI_075/patch_44,own,64–128,1,4627,0.000,1.000,7.5730,10.4847
ROI_075/patch_44,own,≥128,1,31938,0.000,1.000,8.9798,14.0218
ROI_075/patch_45,nearest,0–16,1,130,0.000,1.000,1071.0059,1090.2368
ROI_075/patch_45,nearest,16–32,1,368,0.000,1.000,126.4488,129.7396
ROI_075/patch_45,nearest,32–64,1,1017,0.000,1.000,260.3624,278.5381
ROI_075/patch_45,nearest,64–128,1,1658,0.000,1.000,89.8751,101.3311
ROI_075/patch_45,nearest,≥128,1,357,0.000,1.000,241.7690,251.9096
ROI_075/patch_45,own,0–16,1,130,0.000,1.000,1064.0439,1083.2820
ROI_075/patch_45,own,16–32,1,368,0.000,1.000,111.0423,114.2154
ROI_075/patch_45,own,32–64,1,1165,0.000,1.000,149.4017,166.3918
ROI_075/patch_45,own,64–128,1,3829,0.000,1.000,92.9350,108.7908
ROI_075/patch_45,own,≥128,1,22748,0.000,1.000,123.2064,132.9345
ROI_075/patch_46,nearest,0–16,1,167,0.000,1.000,11.3733,13.3792
ROI_075/patch_46,nearest,16–32,1,481,0.000,1.000,11.0977,12.8936
ROI_075/patch_46,nearest,32–64,1,1422,0.000,1.000,38.1110,40.1934
ROI_075/patch_46,nearest,64–128,1,2443,0.000,1.000,49.9161,53.6147
ROI_075/patch_46,nearest,≥128,1,230,0.000,1.000,1080.7261,1086.7898
ROI_075/patch_46,own,0–16,1,167,0.000,1.000,11.2446,13.2208
ROI_075/patch_46,own,16–32,1,481,0.000,1.000,12.5113,14.3230
ROI_075/patch_46,own,32–64,1,1535,0.000,1.000,25.1196,27.3975
ROI_075/patch_46,own,64–128,1,5592,0.000,1.000,37.8253,41.6504
ROI_075/patch_46,own,≥128,1,34912,0.000,1.000,47.0270,49.6072
ROI_075/patch_47,nearest,0–16,1,145,0.000,1.000,11.0058,12.0137
ROI_075/patch_47,nearest,16–32,1,452,0.000,1.000,13.3288,14.2822
ROI_075/patch_47,nearest,32–64,1,1279,0.000,1.000,12.4597,13.4500
ROI_075/patch_47,nearest,64–128,1,2313,0.000,1.000,49.1498,51.1110
ROI_075/patch_47,nearest,≥128,1,568,0.000,1.000,49.1593,59.2326
ROI_075/patch_47,own,0–16,1,145,0.000,1.000,10.9588,11.9848
ROI_075/patch_47,own,16–32,1,452,0.000,1.000,11.0750,12.0467
ROI_075/patch_47,own,32–64,1,1379,0.000,1.000,12.0896,13.1763
ROI_075/patch_47,own,64–128,1,4656,0.000,1.000,19.4212,20.8477
ROI_075/patch_47,own,≥128,1,31424,0.000,1.000,21.9990,23.1588
ROI_075/patch_48,nearest,0–16,1,140,0.000,1.000,121.9687,125.8076
ROI_075/patch_48,nearest,16–32,1,398,0.000,1.000,127.7398,131.2615
ROI_075/patch_48,nearest,32–64,1,1073,0.000,1.000,203.1903,218.5472
ROI_075/patch_48,nearest,64–128,1,1654,0.000,1.000,169.5051,178.2859
ROI_075/patch_48,nearest,≥128,1,891,0.000,1.000,352.4821,357.9656
ROI_075/patch_48,own,0–16,1,140,0.000,1.000,122.0188,125.8578
ROI_075/patch_48,own,16–32,1,398,0.000,1.000,126.9268,130.4140
ROI_075/patch_48,own,32–64,1,1323,0.000,1.000,153.6526,159.5481
ROI_075/patch_48,own,64–128,1,4499,0.000,1.000,170.2737,176.9767
ROI_075/patch_48,own,≥128,1,26888,0.000,1.000,187.7296,191.9130
ROI_075/patch_49,nearest,0–16,1,156,0.000,1.000,58.9484,60.6454
ROI_075/patch_49,nearest,16–32,1,422,0.000,1.000,39.9087,42.2572
ROI_075/patch_49,nearest,32–64,1,1228,0.000,1.000,46.1516,48.7896
ROI_075/patch_49,nearest,64–128,1,2430,0.000,1.000,71.0731,76.7652
ROI_075/patch_49,nearest,≥128,1,428,0.000,1.000,74.0819,76.6914
ROI_075/patch_49,own,0–16,1,156,0.000,1.000,49.5009,51.4216
ROI_075/patch_49,own,16–32,1,422,0.000,1.000,39.8707,42.4045
ROI_075/patch_49,own,32–64,1,1416,0.000,1.000,44.9315,47.4769
ROI_075/patch_49,own,64–128,1,4796,0.000,1.000,77.8441,80.0110
ROI_075/patch_49,own,≥128,1,35186,0.000,1.000,62.3914,67.3836
ROI_075/patch_50,nearest,0–16,1,166,0.000,1.000,12.3279,15.2078
ROI_075/patch_50,nearest,16–32,1,481,0.000,1.000,17.4636,19.9259
ROI_075/patch_50,nearest,32–64,1,1380,0.000,1.000,33.6360,37.0437
ROI_075/patch_50,nearest,64–128,1,2205,0.000,1.000,32.3110,35.1881
ROI_075/patch_50,nearest,≥128,1,335,0.000,1.000,419.2513,421.6673
ROI_075/patch_50,own,0–16,1,166,0.000,1.000,12.2515,15.0431
ROI_075/patch_50,own,16–32,1,481,0.000,1.000,15.2250,17.7058
ROI_075/patch_50,own,32–64,1,1465,0.000,1.000,32.0037,34.2586
ROI_075/patch_50,own,64–128,1,5034,0.000,1.000,23.8280,25.8037
ROI_075/patch_50,own,≥128,1,33957,0.000,1.000,61.2218,65.2109
ROI_075/patch_51,nearest,0–16,1,138,0.000,1.000,6.3058,7.5049
ROI_075/patch_51,nearest,16–32,1,433,0.000,1.000,21.1524,22.2046
ROI_075/patch_51,nearest,32–64,1,1334,0.000,1.000,8.9745,9.9451
ROI_075/patch_51,nearest,64–128,1,2171,0.000,1.000,31.9968,33.4251
ROI_075/patch_51,nearest,≥128,1,660,0.000,1.000,58.3232,62.5743
ROI_075/patch_51,own,0–16,1,138,0.000,1.000,6.3057,7.5799
ROI_075/patch_51,own,16–32,1,433,0.000,1.000,45.9742,47.1061
ROI_075/patch_51,own,32–64,1,1635,0.000,1.000,10.3404,11.3598
ROI_075/patch_51,own,64–128,1,5609,0.000,1.000,11.6615,13.3111
ROI_075/patch_51,own,≥128,1,34809,0.000,1.000,26.3169,28.2033
ROI_075/patch_52,nearest,0–16,1,149,0.000,1.000,5.1369,7.1462
ROI_075/patch_52,nearest,16–32,1,395,0.000,1.000,5.1239,7.0272
ROI_075/patch_52,nearest,32–64,1,1190,0.000,1.000,129.3555,134.3250
ROI_075/patch_52,nearest,64–128,1,1963,0.000,1.000,54.0688,55.6863
ROI_075/patch_52,nearest,≥128,1,677,0.000,1.000,75.2392,76.6770
ROI_075/patch_52,own,0–16,1,149,0.000,1.000,5.2368,7.3589
ROI_075/patch_52,own,16–32,1,395,0.000,1.000,5.4540,7.6660
ROI_075/patch_52,own,32–64,1,1318,0.000,1.000,116.9694,122.9762
ROI_075/patch_52,own,64–128,1,4416,0.000,1.000,54.1769,57.9000
ROI_075/patch_52,own,≥128,1,28714,0.000,1.000,68.8220,71.1296
ROI_075/patch_53,nearest,0–16,1,151,0.000,1.000,8.6776,10.6160
ROI_075/patch_53,nearest,16–32,1,429,0.000,1.000,31.4203,33.0342
ROI_075/patch_53,nearest,32–64,1,1325,0.000,1.000,79.1746,81.3399
ROI_075/patch_53,nearest,64–128,1,1910,0.000,1.000,27.8378,29.9966
ROI_075/patch_53,nearest,≥128,1,477,0.400,1.000,372.0288,394.8200
ROI_075/patch_53,own,0–16,1,151,0.000,1.000,8.7279,10.7062
ROI_075/patch_53,own,16–32,1,429,0.000,1.000,9.3405,10.9053
ROI_075/patch_53,own,32–64,1,1439,0.000,1.000,66.0287,67.6847
ROI_075/patch_53,own,64–128,1,4873,0.000,1.000,41.9451,44.3078
ROI_075/patch_53,own,≥128,1,27444,0.000,1.000,102.7977,106.6784
ROI_075/patch_54,nearest,0–16,1,116,0.000,1.000,6.4526,7.7862
ROI_075/patch_54,nearest,16–32,1,384,0.000,1.000,8.7826,10.0074
ROI_075/patch_54,nearest,32–64,1,1234,0.000,1.000,147.6590,148.9306
ROI_075/patch_54,nearest,64–128,1,2191,0.000,1.000,39.0373,46.4717
ROI_075/patch_54,nearest,≥128,1,696,0.000,1.000,53.8553,55.2200
ROI_075/patch_54,own,0–16,1,116,0.000,1.000,6.4215,7.7095
ROI_075/patch_54,own,16–32,1,384,0.000,1.000,8.0447,9.3087
ROI_075/patch_54,own,32–64,1,1384,0.000,1.000,80.2091,81.2696
ROI_075/patch_54,own,64–128,1,4283,0.000,1.000,19.3234,20.3147
ROI_075/patch_54,own,≥128,1,30801,0.000,1.000,25.2485,27.2501
ROI_075/patch_55,nearest,0–16,1,142,0.000,1.000,1.7750,2.7446
ROI_075/patch_55,nearest,16–32,1,432,0.000,1.000,7.3583,9.7058
ROI_075/patch_55,nearest,32–64,1,1377,0.000,1.000,2.9342,3.5730
ROI_075/patch_55,nearest,64–128,1,2168,0.000,1.000,31.7894,34.9657
ROI_075/patch_55,nearest,≥128,1,445,0.000,1.000,314.9853,317.8609
ROI_075/patch_55,own,0–16,1,142,0.000,1.000,1.7786,2.6055
ROI_075/patch_55,own,16–32,1,432,0.000,1.000,0.8796,1.5763
ROI_075/patch_55,own,32–64,1,1540,0.000,1.000,3.5219,4.2754
ROI_075/patch_55,own,64–128,1,4787,0.000,1.000,38.5596,39.3428
ROI_075/patch_55,own,≥128,1,29611,0.000,1.000,21.9675,25.6567
ROI_075/patch_56,nearest,0–16,1,123,0.000,1.000,996.3497,996.8365
ROI_075/patch_56,nearest,16–32,1,359,0.000,1.000,20.6748,22.1537
ROI_075/patch_56,nearest,32–64,1,956,0.000,1.000,49.4383,71.7307
ROI_075/patch_56,nearest,64–128,1,1600,0.000,1.000,100.1450,102.8585
ROI_075/patch_56,nearest,≥128,1,1064,0.050,1.000,279.4197,411.7643
ROI_075/patch_56,own,0–16,1,123,0.000,1.000,950.4093,950.8915
ROI_075/patch_56,own,16–32,1,360,0.000,1.000,25.3052,27.0779
ROI_075/patch_56,own,32–64,1,1232,0.000,1.000,42.8716,74.1893
ROI_075/patch_56,own,64–128,1,3634,0.000,1.000,67.8058,69.3576
ROI_075/patch_56,own,≥128,1,27467,0.000,1.000,79.1439,83.1443
ROI_075/patch_57,nearest,0–16,1,126,0.000,1.000,58.5903,71.4355
ROI_075/patch_57,nearest,16–32,1,364,0.000,1.000,56.8086,62.9467
ROI_075/patch_57,nearest,32–64,1,1216,0.000,1.000,132.5742,133.7427
ROI_075/patch_57,nearest,64–128,1,2096,0.000,1.000,152.2719,169.1425
ROI_075/patch_57,nearest,≥128,1,570,0.000,1.000,195.1864,195.9675
ROI_075/patch_57,own,0–16,1,126,0.000,1.000,58.7128,71.7261
ROI_075/patch_57,own,16–32,1,364,0.000,1.000,57.1090,63.5211
ROI_075/patch_57,own,32–64,1,1252,0.000,1.000,122.0821,123.2446
ROI_075/patch_57,own,64–128,1,3988,0.000,1.000,79.1036,85.2239
ROI_075/patch_57,own,≥128,1,29246,0.000,1.000,134.8981,138.4938
ROI_075/patch_58,nearest,0–16,1,148,0.000,1.000,3.2498,4.5802
ROI_075/patch_58,nearest,16–32,1,400,0.000,1.000,13.8044,16.0772
ROI_075/patch_58,nearest,32–64,1,1251,0.000,1.000,73.3442,78.1773
ROI_075/patch_58,nearest,64–128,1,2115,0.000,1.000,11.5410,13.3683
ROI_075/patch_58,nearest,≥128,1,561,0.000,1.000,217.1898,230.0342
ROI_075/patch_58,own,0–16,1,148,0.000,1.000,3.2308,4.6074
ROI_075/patch_58,own,16–32,1,400,0.000,1.000,16.5257,18.9944
ROI_075/patch_58,own,32–64,1,1448,0.000,1.000,197.5352,200.2695
ROI_075/patch_58,own,64–128,1,5082,0.000,1.000,9.5010,12.8661
ROI_075/patch_58,own,≥128,1,28722,0.000,1.000,39.1755,42.7978
ROI_075/patch_59,nearest,0–16,1,131,0.000,1.000,18.0194,19.2269
ROI_075/patch_59,nearest,16–32,1,364,0.000,1.000,20.7016,23.8261
ROI_075/patch_59,nearest,32–64,1,1165,0.000,1.000,27.9897,33.9518
ROI_075/patch_59,nearest,64–128,1,2197,0.000,1.000,33.2063,36.4558
ROI_075/patch_59,nearest,≥128,1,813,0.000,1.000,52.5103,60.1460
ROI_075/patch_59,own,0–16,1,131,0.000,1.000,18.0129,19.2282
ROI_075/patch_59,own,16–32,1,364,0.000,1.000,22.8677,26.6827
ROI_075/patch_59,own,32–64,1,1194,0.000,1.000,24.8777,27.6517
ROI_075/patch_59,own,64–128,1,3940,0.000,1.000,39.0771,46.7155
ROI_075/patch_59,own,≥128,1,31731,0.000,1.000,30.8414,34.0600
ROI_075/patch_60,nearest,0–16,1,150,0.000,1.000,3.7129,5.1384
ROI_075/patch_60,nearest,16–32,1,409,0.000,1.000,4.0200,5.7172
ROI_075/patch_60,nearest,32–64,1,1400,0.000,1.000,4.4060,6.0690
ROI_075/patch_60,nearest,64–128,1,2252,0.000,1.000,4.3794,5.9481
ROI_075/patch_60,nearest,≥128,1,342,0.900,1.000,4573.9463,4603.7027
ROI_075/patch_60,own,0–16,1,150,0.000,1.000,3.7678,5.1848
ROI_075/patch_60,own,16–32,1,409,0.000,1.000,3.9531,5.7465
ROI_075/patch_60,own,32–64,1,1416,0.000,1.000,7.5141,9.0924
ROI_075/patch_60,own,64–128,1,4977,0.000,1.000,4.4661,6.3805
ROI_075/patch_60,own,≥128,1,29472,0.000,1.000,114.5572,118.0584
ROI_075/patch_61,nearest,0–16,1,162,0.000,1.000,20.2562,21.4933
ROI_075/patch_61,nearest,16–32,1,490,0.000,1.000,20.9635,21.9454
ROI_075/patch_61,nearest,32–64,1,1484,0.000,1.000,23.0031,24.0787
ROI_075/patch_61,nearest,64–128,1,2333,0.000,1.000,26.1343,27.5426
ROI_075/patch_61,nearest,≥128,1,438,0.000,1.000,127.1390,136.0572
ROI_075/patch_61,own,0–16,1,162,0.000,1.000,20.3935,21.6701
ROI_075/patch_61,own,16–32,1,490,0.000,1.000,20.5947,21.6525
ROI_075/patch_61,own,32–64,1,1564,0.000,1.000,21.8174,22.8926
ROI_075/patch_61,own,64–128,1,5241,0.000,1.000,28.4521,30.5930
ROI_075/patch_61,own,≥128,1,36706,0.000,1.000,25.1042,26.2941
ROI_075/patch_62,nearest,0–16,1,141,0.000,1.000,2.2072,3.3654
ROI_075/patch_62,nearest,16–32,1,436,0.000,1.000,2.0550,3.2226
ROI_075/patch_62,nearest,32–64,1,1464,0.000,1.000,40.7824,41.8915
ROI_075/patch_62,nearest,64–128,1,2320,0.000,1.000,3.6926,4.9513
ROI_075/patch_62,nearest,≥128,1,522,0.000,1.000,13.7576,15.2662
ROI_075/patch_62,own,0–16,1,141,0.000,1.000,2.2437,3.3925
ROI_075/patch_62,own,16–32,1,436,0.000,1.000,2.0414,3.1839
ROI_075/patch_62,own,32–64,1,1499,0.000,1.000,23.6174,24.9223
ROI_075/patch_62,own,64–128,1,5390,0.000,1.000,4.1320,5.6288
ROI_075/patch_62,own,≥128,1,36481,0.000,1.000,33.9304,35.3299
ROI_075/patch_63,nearest,0–16,1,165,0.000,1.000,4.2627,5.5394
ROI_075/patch_63,nearest,16–32,1,423,0.000,1.000,9.2075,10.8401
ROI_075/patch_63,nearest,32–64,1,1330,0.000,1.000,49.8516,52.2640
ROI_075/patch_63,nearest,64–128,1,2023,0.050,1.000,122.4322,129.0148
ROI_075/patch_63,nearest,≥128,1,360,0.000,1.000,1149.0517,1152.9943
ROI_075/patch_63,own,0–16,1,165,0.000,1.000,4.2796,5.6478
ROI_075/patch_63,own,16–32,1,423,0.000,1.000,16.3110,18.0502
ROI_075/patch_63,own,32–64,1,1367,0.000,1.000,33.5960,35.0294
ROI_075/patch_63,own,64–128,1,4672,0.000,1.000,90.0949,93.1788
ROI_075/patch_63,own,≥128,1,32082,0.000,1.000,128.8712,130.6758
ROI_075/patch_64,nearest,0–16,1,125,0.000,1.000,8.6062,11.1602
ROI_075/patch_64,nearest,16–32,1,387,0.000,1.000,8.3502,11.2207
ROI_075/patch_64,nearest,32–64,1,1147,0.000,1.000,29.5290,32.9122
ROI_075/patch_64,nearest,64–128,1,2202,0.000,1.000,25.1574,28.4661
ROI_075/patch_64,nearest,≥128,1,697,0.100,1.000,292.9433,294.6015
ROI_075/patch_64,own,0–16,1,125,0.000,1.000,8.7382,11.4194
ROI_075/patch_64,own,16–32,1,387,0.000,1.000,8.8917,11.8752
ROI_075/patch_64,own,32–64,1,1326,0.000,1.000,46.3058,48.8397
ROI_075/patch_64,own,64–128,1,4511,0.000,1.000,54.4027,57.0314
ROI_075/patch_64,own,≥128,1,30115,0.000,1.000,84.6752,87.9911
ROI_075/patch_65,nearest,0–16,1,152,0.000,1.000,8.5623,11.3839
ROI_075/patch_65,nearest,16–32,1,391,0.000,1.000,9.3834,12.4494
ROI_075/patch_65,nearest,32–64,1,1136,0.000,1.000,15.7698,19.1321
ROI_075/patch_65,nearest,64–128,1,2227,0.000,1.000,43.4327,48.2297
ROI_075/patch_65,nearest,≥128,1,1160,0.000,1.000,50.2604,52.9211
ROI_075/patch_65,own,0–16,1,152,0.000,1.000,8.6713,11.4368
ROI_075/patch_65,own,16–32,1,391,0.000,1.000,9.5198,12.3092
ROI_075/patch_65,own,32–64,1,1310,0.000,1.000,29.2503,32.7973
ROI_075/patch_65,own,64–128,1,4500,0.000,1.000,15.1742,17.9091
ROI_075/patch_65,own,≥128,1,34175,0.000,1.000,40.8341,45.3086
ROI_075/patch_66,nearest,0–16,1,172,0.000,1.000,4.9077,6.6576
ROI_075/patch_66,nearest,16–32,1,498,0.000,1.000,5.3223,6.8628
ROI_075/patch_66,nearest,32–64,1,1452,0.000,1.000,8.9607,12.5095
ROI_075/patch_66,nearest,64–128,1,2283,0.000,1.000,43.3038,44.6012
ROI_075/patch_66,nearest,≥128,1,273,0.000,1.000,43.0109,58.0084
ROI_075/patch_66,own,0–16,1,172,0.000,1.000,4.9269,6.7694
ROI_075/patch_66,own,16–32,1,498,0.000,1.000,4.9928,6.5727
ROI_075/patch_66,own,32–64,1,1601,0.000,1.000,9.1527,11.0229
ROI_075/patch_66,own,64–128,1,5104,0.000,1.000,19.6195,20.9824
ROI_075/patch_66,own,≥128,1,34727,0.000,1.000,91.3830,93.3750
ROI_075/patch_67,nearest,0–16,1,157,0.000,1.000,1.5472,2.4160
ROI_075/patch_67,nearest,16–32,1,431,0.000,1.000,2.0220,3.3014
ROI_075/patch_67,nearest,32–64,1,1364,0.000,1.000,24.3254,24.8624
ROI_075/patch_67,nearest,64–128,1,2076,0.100,1.000,267.7245,269.7814
ROI_075/patch_67,nearest,≥128,1,682,0.050,1.000,117.2302,123.4738
ROI_075/patch_67,own,0–16,1,157,0.000,1.000,1.5965,2.4404
ROI_075/patch_67,own,16–32,1,431,0.000,1.000,2.0948,3.3246
ROI_075/patch_67,own,32–64,1,1509,0.000,1.000,3.0086,3.4686
ROI_075/patch_67,own,64–128,1,4927,0.000,1.000,66.3640,67.2733
ROI_075/patch_67,own,≥128,1,35366,0.000,1.000,28.5617,30.3756
ROI_075/patch_68,nearest,0–16,1,144,0.000,1.000,6.7532,9.3702
ROI_075/patch_68,nearest,16–32,1,405,0.000,1.000,9.0890,11.6460
ROI_075/patch_68,nearest,32–64,1,1265,0.000,1.000,23.3426,27.8653
ROI_075/patch_68,nearest,64–128,1,2152,0.000,1.000,104.2256,109.0161
ROI_075/patch_68,nearest,≥128,1,674,0.050,1.000,844.0166,952.3322
ROI_075/patch_68,own,0–16,1,144,0.000,1.000,6.8251,9.4181
ROI_075/patch_68,own,16–32,1,405,0.000,1.000,9.0647,11.5943
ROI_075/patch_68,own,32–64,1,1410,0.000,1.000,23.9468,26.4585
ROI_075/patch_68,own,64–128,1,4701,0.000,1.000,93.5135,95.9842
ROI_075/patch_68,own,≥128,1,35100,0.000,1.000,57.2143,61.2757
ROI_075/patch_69,nearest,0–16,1,161,0.000,1.000,20.8732,23.2062
ROI_075/patch_69,nearest,16–32,1,466,0.000,1.000,22.1803,24.0282
ROI_075/patch_69,nearest,32–64,1,1574,0.000,1.000,21.3043,23.1668
ROI_075/patch_69,nearest,64–128,1,2138,0.000,1.000,29.1313,31.3103
ROI_075/patch_69,nearest,≥128,1,564,0.000,1.000,85.7009,87.8197
ROI_075/patch_69,own,0–16,1,161,0.000,1.000,21.0386,23.3175
ROI_075/patch_69,own,16–32,1,466,0.000,1.000,22.0572,23.9219
ROI_075/patch_69,own,32–64,1,1698,0.000,1.000,21.1710,23.2701
ROI_075/patch_69,own,64–128,1,5960,0.000,1.000,43.8206,48.9915
ROI_075/patch_69,own,≥128,1,35842,0.000,1.000,34.3749,36.8752
ROI_075/patch_70,nearest,0–16,1,147,0.000,1.000,21.0339,21.9450
ROI_075/patch_70,nearest,16–32,1,380,0.000,1.000,28.9112,29.9473
ROI_075/patch_70,nearest,32–64,1,1340,0.000,1.000,24.7985,26.4161
ROI_075/patch_70,nearest,64–128,1,2565,0.000,1.000,34.4006,35.7101
ROI_075/patch_70,nearest,≥128,1,389,0.000,1.000,88.1479,89.5777
ROI_075/patch_70,own,0–16,1,147,0.000,1.000,20.9887,21.8901
ROI_075/patch_70,own,16–32,1,380,0.000,1.000,30.9982,32.0591
ROI_075/patch_70,own,32–64,1,1353,0.000,1.000,27.2605,29.4002
ROI_075/patch_70,own,64–128,1,4929,0.000,1.000,35.0146,36.2787
ROI_075/patch_70,own,≥128,1,31759,0.000,1.000,87.9241,90.2277
ROI_075/patch_71,nearest,0–16,1,173,0.000,1.000,4.5812,6.4036
ROI_075/patch_71,nearest,16–32,1,518,0.000,1.000,4.8516,6.6050
ROI_075/patch_71,nearest,32–64,1,1495,0.000,1.000,7.5033,8.7526
ROI_075/patch_71,nearest,64–128,1,2324,0.000,1.000,21.5558,23.3798
ROI_075/patch_71,nearest,≥128,1,379,0.000,1.000,33.0841,34.5240
ROI_075/patch_71,own,0–16,1,173,0.000,1.000,4.5997,6.4391
ROI_075/patch_71,own,16–32,1,518,0.000,1.000,4.8610,6.5174
ROI_075/patch_71,own,32–64,1,1718,0.000,1.000,5.9658,7.4633
ROI_075/patch_71,own,64–128,1,5811,0.000,1.000,12.7492,15.2560
ROI_075/patch_71,own,≥128,1,35781,0.000,1.000,15.4785,17.3139
ROI_075/patch_72,nearest,0–16,1,143,0.000,1.000,15.8664,17.3495
ROI_075/patch_72,nearest,16–32,1,439,0.000,1.000,16.1927,17.8155
ROI_075/patch_72,nearest,32–64,1,1324,0.000,1.000,19.5156,23.3642
ROI_075/patch_72,nearest,64–128,1,2401,0.000,1.000,36.2553,41.5044
ROI_075/patch_72,nearest,≥128,1,442,0.000,1.000,24.1530,28.7096
ROI_075/patch_72,own,0–16,1,143,0.000,1.000,15.9247,17.4160
ROI_075/patch_72,own,16–32,1,439,0.000,1.000,16.3210,17.9512
ROI_075/patch_72,own,32–64,1,1470,0.000,1.000,17.1272,20.3408
ROI_075/patch_72,own,64–128,1,4909,0.000,1.000,78.8518,81.2462
ROI_075/patch_72,own,≥128,1,35780,0.000,1.000,143.0936,146.3911
ROI_075/patch_73,nearest,0–16,1,142,0.000,1.000,14.3925,16.9212
ROI_075/patch_73,nearest,16–32,1,413,0.000,1.000,18.2007,20.7521
ROI_075/patch_73,nearest,32–64,1,1297,0.000,1.000,60.1840,64.2721
ROI_075/patch_73,nearest,64–128,1,2020,0.950,1.000,1299.6896,1310.0800
ROI_075/patch_73,nearest,≥128,1,518,0.200,1.000,363.1354,371.3797
ROI_075/patch_73,own,0–16,1,142,0.000,1.000,14.3812,16.9246
ROI_075/patch_73,own,16–32,1,413,0.000,1.000,17.5637,20.1240
ROI_075/patch_73,own,32–64,1,1458,0.000,1.000,52.9116,55.8874
ROI_075/patch_73,own,64–128,1,4672,0.000,1.000,212.0592,216.5336
ROI_075/patch_73,own,≥128,1,28435,0.050,1.000,65.2787,69.2813
ROI_075/patch_74,nearest,0–16,1,137,0.000,1.000,11.2818,11.9980
ROI_075/patch_74,nearest,16–32,1,405,0.000,1.000,39.4262,58.8014
ROI_075/patch_74,nearest,32–64,1,1199,0.050,1.000,237.8012,242.9053
ROI_075/patch_74,nearest,64–128,1,1909,0.050,1.000,118.5763,124.1403
ROI_075/patch_74,nearest,≥128,1,517,1.000,1.000,,
ROI_075/patch_74,own,0–16,1,137,0.000,1.000,10.1053,10.8276
ROI_075/patch_74,own,16–32,1,405,0.000,1.000,51.6638,64.1102
ROI_075/patch_74,own,32–64,1,1287,0.000,1.000,110.4134,114.4199
ROI_075/patch_74,own,64–128,1,3956,0.000,1.000,456.8994,465.4513
ROI_075/patch_74,own,≥128,1,27551,0.000,1.000,202.6322,208.2732
ROI_075/patch_75,nearest,0–16,1,150,0.000,1.000,149.4080,153.4396
ROI_075/patch_75,nearest,16–32,1,424,0.000,1.000,146.5615,152.2092
ROI_075/patch_75,nearest,32–64,1,1338,0.000,1.000,106.0284,112.5873
ROI_075/patch_75,nearest,64–128,1,1973,0.050,1.000,197.1515,212.1335
ROI_075/patch_75,nearest,≥128,1,521,0.050,1.000,432.8360,685.0501
ROI_075/patch_75,own,0–16,1,150,0.000,1.000,152.6618,156.6906
ROI_075/patch_75,own,16–32,1,424,0.000,1.000,183.4918,187.9243
ROI_075/patch_75,own,32–64,1,1492,0.000,1.000,119.0811,125.5378
ROI_075/patch_75,own,64–128,1,4528,0.000,1.000,243.6964,252.4640
ROI_075/patch_75,own,≥128,1,33060,0.050,1.000,236.7138,246.3008
ROI_075/patch_76,nearest,0–16,1,151,0.000,1.000,57.7195,59.4821
ROI_075/patch_76,nearest,16–32,1,418,0.000,1.000,31.9110,33.0748
ROI_075/patch_76,nearest,32–64,1,1143,0.000,1.000,197.6743,200.1367
ROI_075/patch_76,nearest,64–128,1,2094,0.000,1.000,202.3894,204.4623
ROI_075/patch_76,nearest,≥128,1,633,1.000,1.000,,
ROI_075/patch_76,own,0–16,1,151,0.000,1.000,39.9045,41.5066
ROI_075/patch_76,own,16–32,1,418,0.000,1.000,16.9781,17.9273
ROI_075/patch_76,own,32–64,1,1344,0.000,1.000,152.1159,153.2266
ROI_075/patch_76,own,64–128,1,4639,0.000,1.000,58.2270,60.4475
ROI_075/patch_76,own,≥128,1,28960,0.050,1.000,97.5668,102.7210
ROI_075/patch_77,nearest,0–16,1,162,0.000,1.000,21.2516,24.3699
ROI_075/patch_77,nearest,16–32,1,449,0.000,1.000,26.3368,38.1304
ROI_075/patch_77,nearest,32–64,1,1490,0.000,1.000,54.6418,57.6680
ROI_075/patch_77,nearest,64–128,1,1676,0.000,1.000,90.6823,96.8485
ROI_075/patch_77,nearest,≥128,1,468,0.950,1.000,214.4418,316.7023
ROI_075/patch_77,own,0–16,1,162,0.000,1.000,18.7339,21.4148
ROI_075/patch_77,own,16–32,1,449,0.000,1.000,29.6257,42.9597
ROI_075/patch_77,own,32–64,1,1645,0.000,1.000,36.9061,38.9498
ROI_075/patch_77,own,64–128,1,5586,0.000,1.000,53.1692,56.7705
ROI_075/patch_77,own,≥128,1,30363,0.000,1.000,466.1443,470.4463
ROI_075/patch_78,nearest,0–16,1,152,0.000,1.000,6.9281,7.6873
ROI_075/patch_78,nearest,16–32,1,435,0.000,1.000,13.9972,15.3258
ROI_075/patch_78,nearest,32–64,1,1161,0.000,1.000,12.0387,12.8699
ROI_075/patch_78,nearest,64–128,1,1887,0.000,1.000,136.6266,138.0873
ROI_075/patch_78,nearest,≥128,1,753,0.100,1.000,1015.2350,1068.4283
ROI_075/patch_78,own,0–16,1,152,0.000,1.000,6.8437,7.5904
ROI_075/patch_78,own,16–32,1,435,0.000,1.000,20.3638,21.9405
ROI_075/patch_78,own,32–64,1,1473,0.000,1.000,14.5899,15.7843
ROI_075/patch_78,own,64–128,1,4684,0.000,1.000,33.9501,35.7784
ROI_075/patch_78,own,≥128,1,32748,0.000,1.000,47.7107,49.3945
ROI_075/patch_79,nearest,0–16,1,147,0.000,1.000,20.0826,21.1606
ROI_075/patch_79,nearest,16–32,1,418,0.000,1.000,21.1481,22.6559
ROI_075/patch_79,nearest,32–64,1,1258,0.000,1.000,67.6867,81.3174
ROI_075/patch_79,nearest,64–128,1,1966,0.200,1.000,611.8952,625.0615
ROI_075/patch_79,nearest,≥128,1,362,0.050,1.000,1005.3794,1010.9687
ROI_075/patch_79,own,0–16,1,147,0.000,1.000,20.0459,21.1238
ROI_075/patch_79,own,16–32,1,418,0.000,1.000,22.7262,25.7430
ROI_075/patch_79,own,32–64,1,1317,0.000,1.000,63.4712,85.0859
ROI_075/patch_79,own,64–128,1,4462,0.050,1.000,252.5583,262.8381
ROI_075/patch_79,own,≥128,1,26864,0.000,1.000,362.6976,382.5281
ROI_075/patch_80,nearest,0–16,1,154,0.000,1.000,40.2146,42.2989
ROI_075/patch_80,nearest,16–32,1,455,0.000,1.000,41.2137,42.8919
ROI_075/patch_80,nearest,32–64,1,1148,0.000,1.000,158.6775,167.5184
ROI_075/patch_80,nearest,64–128,1,1794,0.000,1.000,318.7891,326.6684
ROI_075/patch_80,nearest,≥128,1,166,0.350,1.000,635.4676,648.7060
ROI_075/patch_80,own,0–16,1,154,0.000,1.000,42.3268,44.4282
ROI_075/patch_80,own,16–32,1,455,0.000,1.000,42.5112,44.2311
ROI_075/patch_80,own,32–64,1,1237,0.000,1.000,168.4953,175.7270
ROI_075/patch_80,own,64–128,1,4321,0.000,1.000,227.4049,238.1555
ROI_075/patch_80,own,≥128,1,27286,0.050,1.000,344.0228,362.4502
ROI_075/patch_81,nearest,0–16,1,140,0.000,1.000,71.6756,72.4598
ROI_075/patch_81,nearest,16–32,1,340,0.000,1.000,154.7829,157.0727
ROI_075/patch_81,nearest,32–64,1,921,0.100,1.000,197.1061,223.9527
ROI_075/patch_81,nearest,64–128,1,1789,0.600,1.000,369.0802,403.1881
ROI_075/patch_81,nearest,≥128,1,329,1.000,1.000,,
ROI_075/patch_81,own,0–16,1,140,0.000,1.000,75.6628,76.4532
ROI_075/patch_81,own,16–32,1,366,0.000,1.000,95.2651,97.1070
ROI_075/patch_81,own,32–64,1,1186,0.000,1.000,120.0335,137.0846
ROI_075/patch_81,own,64–128,1,3908,0.050,1.000,378.7629,390.8265
ROI_075/patch_81,own,≥128,1,22552,0.400,1.000,419.8365,441.3645
ROI_075/patch_82,nearest,0–16,1,179,0.000,1.000,13.1561,13.8596
ROI_075/patch_82,nearest,16–32,1,484,0.000,1.000,13.9530,14.7640
ROI_075/patch_82,nearest,32–64,1,1386,0.000,1.000,41.9916,44.7368
ROI_075/patch_82,nearest,64–128,1,1731,0.000,1.000,112.0106,115.8294
ROI_075/patch_82,nearest,≥128,1,390,1.000,1.000,,
ROI_075/patch_82,own,0–16,1,179,0.000,1.000,13.1249,13.8312
ROI_075/patch_82,own,16–32,1,484,0.000,1.000,13.8407,14.6292
ROI_075/patch_82,own,32–64,1,1623,0.000,1.000,58.5755,60.1282
ROI_075/patch_82,own,64–128,1,5094,0.000,1.000,73.6049,76.1247
ROI_075/patch_82,own,≥128,1,30150,0.000,1.000,55.5040,58.3919
ROI_075/patch_83,nearest,0–16,1,126,0.000,1.000,11.2603,12.1786
ROI_075/patch_83,nearest,16–32,1,373,0.000,1.000,14.4058,15.9776
ROI_075/patch_83,nearest,32–64,1,984,0.000,1.000,227.5543,232.6371
ROI_075/patch_83,nearest,64–128,1,1839,0.000,1.000,128.5922,135.7031
ROI_075/patch_83,nearest,≥128,1,726,0.000,1.000,156.6232,161.7352
ROI_075/patch_83,own,0–16,1,126,0.000,1.000,11.2516,12.1799
ROI_075/patch_83,own,16–32,1,373,0.000,1.000,16.8623,19.0997
ROI_075/patch_83,own,32–64,1,1182,0.050,1.000,401.2304,413.3905
ROI_075/patch_83,own,64–128,1,3990,0.000,1.000,458.6363,467.3704
ROI_075/patch_83,own,≥128,1,26713,0.000,1.000,112.1684,121.1434
ROI_075/patch_84,nearest,0–16,1,143,0.000,1.000,2.0389,2.5373
ROI_075/patch_84,nearest,16–32,1,404,0.000,1.000,77.6492,78.0560
ROI_075/patch_84,nearest,32–64,1,1390,0.000,1.000,13.5145,16.6015
ROI_075/patch_84,nearest,64–128,1,2079,0.000,1.000,157.1021,166.2213
ROI_075/patch_84,nearest,≥128,1,284,0.050,1.000,560.0322,595.1359
ROI_075/patch_84,own,0–16,1,143,0.000,1.000,2.0042,2.4700
ROI_075/patch_84,own,16–32,1,404,0.000,1.000,5.9440,6.3609
ROI_075/patch_84,own,32–64,1,1495,0.000,1.000,32.0829,32.5246
ROI_075/patch_84,own,64–128,1,4756,0.000,1.000,212.0921,214.5476
ROI_075/patch_84,own,≥128,1,27602,0.000,1.000,105.5820,107.7585
ROI_075/patch_85,nearest,0–16,1,146,0.000,1.000,11.2176,13.1845
ROI_075/patch_85,nearest,16–32,1,409,0.000,1.000,11.3451,12.8260
ROI_075/patch_85,nearest,32–64,1,1173,0.050,1.000,119.3091,124.1209
ROI_075/patch_85,nearest,64–128,1,1963,0.100,1.000,299.1625,301.2635
ROI_075/patch_85,nearest,≥128,1,382,0.300,1.000,544.7120,550.2298
ROI_075/patch_85,own,0–16,1,146,0.000,1.000,11.1673,13.1724
ROI_075/patch_85,own,16–32,1,409,0.000,1.000,11.4567,12.9170
ROI_075/patch_85,own,32–64,1,1271,0.050,1.000,133.0119,136.3121
ROI_075/patch_85,own,64–128,1,4430,0.000,1.000,359.9141,375.5421
ROI_075/patch_85,own,≥128,1,26328,0.000,1.000,81.6235,88.1331
ROI_075/patch_86,nearest,0–16,1,141,0.000,1.000,17.9522,29.8744
ROI_075/patch_86,nearest,16–32,1,365,0.000,1.000,23.6880,27.9099
ROI_075/patch_86,nearest,32–64,1,1217,0.000,1.000,113.7706,126.0927
ROI_075/patch_86,nearest,64–128,1,2277,0.000,1.000,188.4479,194.1384
ROI_075/patch_86,nearest,≥128,1,260,0.750,1.000,1333.9133,1336.1352
ROI_075/patch_86,own,0–16,1,141,0.000,1.000,16.1845,22.3579
ROI_075/patch_86,own,16–32,1,365,0.000,1.000,23.1261,24.1890
ROI_075/patch_86,own,32–64,1,1225,0.000,1.000,157.3913,171.3186
ROI_075/patch_86,own,64–128,1,4108,0.050,1.000,98.8756,101.2777
ROI_075/patch_86,own,≥128,1,28241,0.050,1.000,134.8134,142.1408
ROI_075/patch_87,nearest,0–16,1,158,0.000,1.000,5.0075,7.1110
ROI_075/patch_87,nearest,16–32,1,459,0.000,1.000,13.5661,15.8308
ROI_075/patch_87,nearest,32–64,1,1342,0.000,1.000,15.0127,16.5558
ROI_075/patch_87,nearest,64–128,1,2147,0.000,1.000,111.4789,112.9084
ROI_075/patch_87,nearest,≥128,1,363,0.000,1.000,300.3210,306.8308
ROI_075/patch_87,own,0–16,1,158,0.000,1.000,4.9977,7.0302
ROI_075/patch_87,own,16–32,1,459,0.000,1.000,5.5651,6.9069
ROI_075/patch_87,own,32–64,1,1514,0.000,1.000,35.1566,36.8722
ROI_075/patch_87,own,64–128,1,5370,0.000,1.000,238.1172,240.9824
ROI_075/patch_87,own,≥128,1,32720,0.000,1.000,74.0424,77.2016
ROI_075/patch_88,nearest,0–16,1,144,0.000,1.000,6.4456,9.6380
ROI_075/patch_88,nearest,16–32,1,393,0.000,1.000,6.5451,9.5127
ROI_075/patch_88,nearest,32–64,1,1323,0.000,1.000,100.1261,103.5965
ROI_075/patch_88,nearest,64–128,1,2232,0.000,1.000,33.5993,37.1631
ROI_075/patch_88,nearest,≥128,1,404,0.200,1.000,40.1577,44.2611
ROI_075/patch_88,own,0–16,1,144,0.000,1.000,7.0340,10.2222
ROI_075/patch_88,own,16–32,1,393,0.000,1.000,7.2349,10.1611
ROI_075/patch_88,own,32–64,1,1386,0.000,1.000,8.9156,12.6423
ROI_075/patch_88,own,64–128,1,4649,0.000,1.000,15.3364,18.8297
ROI_075/patch_88,own,≥128,1,29396,0.000,1.000,21.2746,24.8233
ROI_075/patch_89,nearest,0–16,1,157,0.000,1.000,9.6905,11.1163
ROI_075/patch_89,nearest,16–32,1,440,0.000,1.000,152.0842,162.8744
ROI_075/patch_89,nearest,32–64,1,1341,0.000,1.000,21.9078,23.0471
ROI_075/patch_89,nearest,64–128,1,2286,0.000,1.000,108.8718,113.8588
ROI_075/patch_89,nearest,≥128,1,383,0.000,1.000,131.0430,150.0881
ROI_075/patch_89,own,0–16,1,157,0.000,1.000,10.9085,12.2660
ROI_075/patch_89,own,16–32,1,440,0.000,1.000,135.7172,145.9255
ROI_075/patch_89,own,32–64,1,1454,0.000,1.000,13.7765,15.0830
ROI_075/patch_89,own,64–128,1,4837,0.000,1.000,36.2534,43.9899
ROI_075/patch_89,own,≥128,1,34575,0.000,1.000,28.7600,30.8979
ROI_075/patch_90,nearest,0–16,1,150,0.000,1.000,2.2306,2.9626
ROI_075/patch_90,nearest,16–32,1,380,0.000,1.000,2.2205,2.7653
ROI_075/patch_90,nearest,32–64,1,1284,0.000,1.000,3.1421,3.7093
ROI_075/patch_90,nearest,64–128,1,2476,0.000,1.000,6.8228,7.6672
ROI_075/patch_90,nearest,≥128,1,399,0.050,1.000,461.0239,471.5831
ROI_075/patch_90,own,0–16,1,150,0.000,1.000,2.2232,2.9259
ROI_075/patch_90,own,16–32,1,380,0.000,1.000,2.2844,2.8575
ROI_075/patch_90,own,32–64,1,1363,0.000,1.000,3.9675,4.7240
ROI_075/patch_90,own,64–128,1,4838,0.000,1.000,2.9452,3.5005
ROI_075/patch_90,own,≥128,1,30781,0.000,1.000,156.8695,159.9765
ROI_075/patch_91,nearest,0–16,1,139,0.000,1.000,9.4207,10.6046
ROI_075/patch_91,nearest,16–32,1,371,0.000,1.000,10.2155,11.4432
ROI_075/patch_91,nearest,32–64,1,1291,0.000,1.000,18.6501,24.7994
ROI_075/patch_91,nearest,64–128,1,2525,0.000,1.000,37.4289,41.2407
ROI_075/patch_91,nearest,≥128,1,272,0.000,1.000,169.2132,171.2121
ROI_075/patch_91,own,0–16,1,139,0.000,1.000,9.4158,10.6540
ROI_075/patch_91,own,16–32,1,371,0.000,1.000,10.0429,11.2216
ROI_075/patch_91,own,32–64,1,1291,0.000,1.000,17.9566,26.8828
ROI_075/patch_91,own,64–128,1,4352,0.000,1.000,24.3224,48.9617
ROI_075/patch_91,own,≥128,1,30631,0.000,1.000,59.5287,61.3631
ROI_075/patch_92,nearest,0–16,1,165,0.000,1.000,17.9995,19.1028
ROI_075/patch_92,nearest,16–32,1,477,0.000,1.000,18.1657,19.3296
ROI_075/patch_92,nearest,32–64,1,1303,0.000,1.000,24.4732,28.5130
ROI_075/patch_92,nearest,64–128,1,2228,0.000,1.000,38.0437,40.9902
ROI_075/patch_92,nearest,≥128,1,413,0.000,1.000,77.5294,78.7213
ROI_075/patch_92,own,0–16,1,165,0.000,1.000,18.0295,19.1446
ROI_075/patch_92,own,16–32,1,477,0.000,1.000,18.1931,19.3288
ROI_075/patch_92,own,32–64,1,1461,0.000,1.000,22.3378,24.6715
ROI_075/patch_92,own,64–128,1,5052,0.000,1.000,26.1956,28.5304
ROI_075/patch_92,own,≥128,1,34119,0.000,1.000,40.6931,43.5845
ROI_075/patch_93,nearest,0–16,1,163,0.000,1.000,3.5745,5.1319
ROI_075/patch_93,nearest,16–32,1,460,0.000,1.000,3.7016,5.5707
ROI_075/patch_93,nearest,32–64,1,1332,0.000,1.000,5.8069,9.0006
ROI_075/patch_93,nearest,64–128,1,2250,0.000,1.000,27.3795,33.1630
ROI_075/patch_93,nearest,≥128,1,275,0.000,1.000,179.2524,203.9954
ROI_075/patch_93,own,0–16,1,163,0.000,1.000,3.6000,5.0983
ROI_075/patch_93,own,16–32,1,464,0.000,1.000,3.7809,5.5653
ROI_075/patch_93,own,32–64,1,1669,0.000,1.000,7.3010,11.0817
ROI_075/patch_93,own,64–128,1,4848,0.000,1.000,17.2269,20.9016
ROI_075/patch_93,own,≥128,1,33176,0.000,1.000,12.0587,15.0652
ROI_075/patch_94,nearest,0–16,1,145,0.000,1.000,7.6731,10.0584
ROI_075/patch_94,nearest,16–32,1,377,0.000,1.000,155.7678,158.5536
ROI_075/patch_94,nearest,32–64,1,1070,0.000,1.000,12.3898,17.5239
ROI_075/patch_94,nearest,64–128,1,2200,0.050,1.000,192.0041,194.8892
ROI_075/patch_94,nearest,≥128,1,806,0.000,1.000,81.8280,87.1805
ROI_075/patch_94,own,0–16,1,145,0.000,1.000,7.6173,10.1083
ROI_075/patch_94,own,16–32,1,381,0.000,1.000,141.4652,144.1641
ROI_075/patch_94,own,32–64,1,1221,0.000,1.000,17.9223,20.0944
ROI_075/patch_94,own,64–128,1,4134,0.000,1.000,85.7084,87.9454
ROI_075/patch_94,own,≥128,1,30903,0.050,1.000,167.6972,172.3251
ROI_075/patch_95,nearest,0–16,1,155,0.000,1.000,16.9497,19.2561
ROI_075/patch_95,nearest,16–32,1,408,0.000,1.000,17.5430,19.8350
ROI_075/patch_95,nearest,32–64,1,1290,0.000,1.000,17.2191,19.8317
ROI_075/patch_95,nearest,64–128,1,2592,0.000,1.000,33.9259,36.5194
ROI_075/patch_95,nearest,≥128,1,464,0.000,1.000,140.4990,142.9109
ROI_075/patch_95,own,0–16,1,155,0.000,1.000,17.0929,19.3851
ROI_075/patch_95,own,16–32,1,408,0.000,1.000,17.2712,19.5761
ROI_075/patch_95,own,32–64,1,1380,0.000,1.000,19.3804,22.0567
ROI_075/patch_95,own,64–128,1,5004,0.000,1.000,18.8825,21.3801
ROI_075/patch_95,own,≥128,1,37234,0.000,1.000,40.8429,43.3084
ROI_075/patch_96,nearest,0–16,1,139,0.000,1.000,31.1638,92.5089
ROI_075/patch_96,nearest,16–32,1,418,0.000,1.000,13.5531,27.4537
ROI_075/patch_96,nearest,32–64,1,1280,0.000,1.000,11.1785,14.4735
ROI_075/patch_96,nearest,64–128,1,2227,0.000,1.000,34.9241,43.4820
ROI_075/patch_96,nearest,≥128,1,394,0.000,1.000,132.3970,139.5414
ROI_075/patch_96,own,0–16,1,139,0.000,1.000,30.8292,92.0606
ROI_075/patch_96,own,16–32,1,418,0.000,1.000,14.1848,31.0072
ROI_075/patch_96,own,32–64,1,1384,0.000,1.000,16.5836,22.8929
ROI_075/patch_96,own,64–128,1,4733,0.000,1.000,36.0539,43.2548
ROI_075/patch_96,own,≥128,1,28990,0.000,1.000,51.3056,57.3642
ROI_075/patch_97,nearest,0–16,1,157,0.000,1.000,53.3881,54.6403
ROI_075/patch_97,nearest,16–32,1,415,0.000,1.000,6.2288,7.5516
ROI_075/patch_97,nearest,32–64,1,1310,0.000,1.000,15.3765,17.0521
ROI_075/patch_97,nearest,64–128,1,2615,0.000,1.000,118.3308,121.8132
ROI_075/patch_97,nearest,≥128,1,349,0.000,1.000,5.4230,8.8998
ROI_075/patch_97,own,0–16,1,157,0.000,1.000,17.7310,18.9669
ROI_075/patch_97,own,16–32,1,415,0.000,1.000,7.9755,9.3114
ROI_075/patch_97,own,32–64,1,1467,0.000,1.000,11.9101,13.2402
ROI_075/patch_97,own,64–128,1,4777,0.000,1.000,36.5021,38.4428
ROI_075/patch_97,own,≥128,1,31952,0.000,1.000,13.5943,15.5369
ROI_075/patch_98,nearest,0–16,1,130,0.000,1.000,45.9646,47.0449
ROI_075/patch_98,nearest,16–32,1,332,0.000,1.000,261.7845,263.5691
ROI_075/patch_98,nearest,32–64,1,897,0.000,1.000,96.6716,99.3170
ROI_075/patch_98,nearest,64–128,1,2010,0.000,1.000,146.0206,153.2845
ROI_075/patch_98,nearest,≥128,1,527,0.000,1.000,129.4231,146.5485
ROI_075/patch_98,own,0–16,1,130,0.000,1.000,45.8588,46.9474
ROI_075/patch_98,own,16–32,1,332,0.000,1.000,161.6151,163.5241
ROI_075/patch_98,own,32–64,1,1100,0.000,1.000,102.1529,111.2321
ROI_075/patch_98,own,64–128,1,3953,0.000,1.000,111.6194,116.6951
ROI_075/patch_98,own,≥128,1,25653,0.000,1.000,115.1473,121.1360
ROI_075/patch_99,nearest,0–16,1,143,0.000,1.000,10.8298,12.9872
ROI_075/patch_99,nearest,16–32,1,376,0.000,1.000,17.5391,21.7666
ROI_075/patch_99,nearest,32–64,1,1194,0.000,1.000,58.4397,62.0597
ROI_075/patch_99,nearest,64–128,1,2114,0.000,1.000,72.6872,82.7609
ROI_075/patch_99,nearest,≥128,1,631,0.000,1.000,35.6311,38.5251
ROI_075/patch_99,own,0–16,1,143,0.000,1.000,10.8247,13.0165
ROI_075/patch_99,own,16–32,1,376,0.000,1.000,16.6694,20.3774
ROI_075/patch_99,own,32–64,1,1258,0.000,1.000,40.7961,43.7111
ROI_075/patch_99,own,64–128,1,3937,0.000,1.000,32.3239,38.8661
ROI_075/patch_99,own,≥128,1,29950,0.000,1.000,27.7055,33.0712
ROI_075/patch_101,nearest,0–16,1,159,0.000,1.000,1.4592,2.1593
ROI_075/patch_101,nearest,16–32,1,440,0.000,1.000,1.7934,2.5032
ROI_075/patch_101,nearest,32–64,1,1560,0.000,1.000,1.5034,2.4003
ROI_075/patch_101,nearest,64–128,1,2613,0.000,1.000,1.5387,2.2857
ROI_075/patch_101,nearest,≥128,1,638,0.000,1.000,2.3129,3.0586
ROI_075/patch_101,own,0–16,1,159,0.000,1.000,1.4694,2.1573
ROI_075/patch_101,own,16–32,1,440,0.000,1.000,1.6850,2.3559
ROI_075/patch_101,own,32–64,1,1588,0.000,1.000,1.5735,2.3398
ROI_075/patch_101,own,64–128,1,5493,0.000,1.000,1.6582,2.3808
ROI_075/patch_101,own,≥128,1,35600,0.000,1.000,1.5428,2.3519
ROI_075/patch_102,nearest,0–16,1,143,0.000,1.000,32.9686,37.6901
ROI_075/patch_102,nearest,16–32,1,391,0.000,1.000,51.1768,62.0496
ROI_075/patch_102,nearest,32–64,1,1093,0.000,1.000,49.0472,56.8206
ROI_075/patch_102,nearest,64–128,1,1867,0.000,1.000,94.8069,119.1060
ROI_075/patch_102,nearest,≥128,1,513,0.000,1.000,171.9449,184.7884
ROI_075/patch_102,own,0–16,1,143,0.000,1.000,36.4330,41.2099
ROI_075/patch_102,own,16–32,1,391,0.000,1.000,48.9473,58.5807
ROI_075/patch_102,own,32–64,1,1228,0.000,1.000,56.3966,66.1283
ROI_075/patch_102,own,64–128,1,3830,0.000,1.000,109.7265,117.9580
ROI_075/patch_102,own,≥128,1,26464,0.000,1.000,139.8921,157.3964
ROI_075/patch_103,nearest,0–16,1,142,0.000,1.000,32.1609,37.1915
ROI_075/patch_103,nearest,16–32,1,407,0.000,1.000,45.9373,50.5480
ROI_075/patch_103,nearest,32–64,1,1069,0.000,1.000,374.6734,381.5396
ROI_075/patch_103,nearest,64–128,1,1383,0.000,1.000,446.8604,463.7853
ROI_075/patch_103,nearest,≥128,1,633,1.000,1.000,,
ROI_075/patch_103,own,0–16,1,142,0.000,1.000,32.1343,37.1558
ROI_075/patch_103,own,16–32,1,407,0.000,1.000,80.3351,85.1611
ROI_075/patch_103,own,32–64,1,1203,0.000,1.000,291.1212,296.7219
ROI_075/patch_103,own,64–128,1,3958,0.000,1.000,215.8884,226.1378
ROI_075/patch_103,own,≥128,1,26996,0.100,1.000,308.7924,320.7922
ROI_075/patch_104,nearest,0–16,1,145,0.000,1.000,32.2711,36.0077
ROI_075/patch_104,nearest,16–32,1,389,0.000,1.000,33.2673,39.3623
ROI_075/patch_104,nearest,32–64,1,962,0.000,1.000,115.8139,139.1683
ROI_075/patch_104,nearest,64–128,1,2049,0.000,1.000,127.9837,145.8751
ROI_075/patch_104,nearest,≥128,1,296,0.000,1.000,223.8392,240.7238
ROI_075/patch_104,own,0–16,1,145,0.000,1.000,32.4194,36.1785
ROI_075/patch_104,own,16–32,1,399,0.000,1.000,38.7399,43.9356
ROI_075/patch_104,own,32–64,1,1075,0.000,1.000,151.4427,164.4718
ROI_075/patch_104,own,64–128,1,3819,0.000,1.000,182.9929,222.3269
ROI_075/patch_104,own,≥128,1,25290,0.000,1.000,141.6150,155.9090
ROI_075/patch_105,nearest,0–16,1,130,0.000,1.000,5.4134,8.0201
ROI_075/patch_105,nearest,16–32,1,392,0.000,1.000,5.4480,8.1616
ROI_075/patch_105,nearest,32–64,1,1358,0.000,1.000,8.0725,11.3032
ROI_075/patch_105,nearest,64–128,1,2259,0.000,1.000,23.6571,28.4695
ROI_075/patch_105,nearest,≥128,1,854,0.000,1.000,76.8478,79.8767
ROI_075/patch_105,own,0–16,1,130,0.000,1.000,5.4410,8.0480
ROI_075/patch_105,own,16–32,1,392,0.000,1.000,5.5210,8.1820
ROI_075/patch_105,own,32–64,1,1454,0.000,1.000,8.5242,11.7969
ROI_075/patch_105,own,64–128,1,5188,0.000,1.000,23.6348,27.0015
ROI_075/patch_105,own,≥128,1,32780,0.000,1.000,27.2680,30.6550
ROI_075/patch_106,nearest,0–16,1,156,0.000,1.000,7.6370,8.5840
ROI_075/patch_106,nearest,16–32,1,421,0.000,1.000,8.0893,9.3409
ROI_075/patch_106,nearest,32–64,1,1471,0.000,1.000,8.1106,9.8828
ROI_075/patch_106,nearest,64–128,1,2544,0.000,1.000,10.2493,12.0077
ROI_075/patch_106,nearest,≥128,1,680,0.000,1.000,8.8860,11.5859
ROI_075/patch_106,own,0–16,1,156,0.000,1.000,7.7943,8.7456
ROI_075/patch_106,own,16–32,1,421,0.000,1.000,7.9478,9.2518
ROI_075/patch_106,own,32–64,1,1510,0.000,1.000,8.1240,9.6955
ROI_075/patch_106,own,64–128,1,4955,0.000,1.000,9.6559,11.6380
ROI_075/patch_106,own,≥128,1,40406,0.000,1.000,10.1667,11.6042
ROI_075/patch_107,nearest,0–16,1,152,0.000,1.000,11.0549,12.4414
ROI_075/patch_107,nearest,16–32,1,425,0.000,1.000,21.6673,25.2692
ROI_075/patch_107,nearest,32–64,1,1250,0.000,1.000,26.6094,29.2764
ROI_075/patch_107,nearest,64–128,1,2266,0.000,1.000,29.0922,31.3610
ROI_075/patch_107,nearest,≥128,1,435,0.000,1.000,60.4881,76.1854
ROI_075/patch_107,own,0–16,1,152,0.000,1.000,11.0800,12.5067
ROI_075/patch_107,own,16–32,1,425,0.000,1.000,15.5133,18.8162
ROI_075/patch_107,own,32–64,1,1388,0.000,1.000,32.5274,35.0622
ROI_075/patch_107,own,64–128,1,5368,0.000,1.000,15.5299,18.3850
ROI_075/patch_107,own,≥128,1,33419,0.000,1.000,30.5100,34.4439
ROI_075/patch_108,nearest,0–16,1,118,0.000,1.000,1.4747,2.7079
ROI_075/patch_108,nearest,16–32,1,346,0.000,1.000,2.4720,4.2610
ROI_075/patch_108,nearest,32–64,1,961,0.000,1.000,9.6499,11.2867
ROI_075/patch_108,nearest,64–128,1,2002,0.000,1.000,52.6216,55.9353
ROI_075/patch_108,nearest,≥128,1,1227,0.000,1.000,199.3559,217.2786
ROI_075/patch_108,own,0–16,1,118,0.000,1.000,1.4738,2.7359
ROI_075/patch_108,own,16–32,1,348,0.000,1.000,2.8117,4.6980
ROI_075/patch_108,own,32–64,1,1235,0.000,1.000,6.1403,7.5528
ROI_075/patch_108,own,64–128,1,4162,0.000,1.000,14.7142,18.1251
ROI_075/patch_108,own,≥128,1,31369,0.000,1.000,89.0299,94.1802
ROI_075/patch_109,nearest,0–16,1,145,0.000,1.000,12.7925,17.1536
ROI_075/patch_109,nearest,16–32,1,389,0.000,1.000,196.1497,204.8868
ROI_075/patch_109,nearest,32–64,1,1080,0.050,1.000,326.9362,341.1620
ROI_075/patch_109,nearest,64–128,1,1560,0.250,1.000,529.5209,542.8245
ROI_075/patch_109,nearest,≥128,1,428,0.850,1.000,280.7614,308.1022
ROI_075/patch_109,own,0–16,1,145,0.000,1.000,12.9274,17.2273
ROI_075/patch_109,own,16–32,1,389,0.000,1.000,203.5478,214.9861
ROI_075/patch_109,own,32–64,1,1223,0.100,1.000,355.8287,364.9962
ROI_075/patch_109,own,64–128,1,4166,0.200,1.000,412.9490,427.7291
ROI_075/patch_109,own,≥128,1,22893,0.250,1.000,212.0129,219.9244
ROI_075/patch_110,nearest,0–16,1,145,0.000,1.000,15.5052,18.4383
ROI_075/patch_110,nearest,16–32,1,412,0.000,1.000,42.1911,47.8665
ROI_075/patch_110,nearest,32–64,1,1313,0.000,1.000,69.9809,74.3839
ROI_075/patch_110,nearest,64–128,1,2062,0.000,1.000,67.6332,74.2235
ROI_075/patch_110,nearest,≥128,1,506,0.000,1.000,69.6589,81.0952
ROI_075/patch_110,own,0–16,1,145,0.000,1.000,16.3627,19.4052
ROI_075/patch_110,own,16–32,1,412,0.000,1.000,12.8686,16.7429
ROI_075/patch_110,own,32–64,1,1400,0.000,1.000,45.6907,50.0710
ROI_075/patch_110,own,64–128,1,5086,0.000,1.000,68.9568,74.6685
ROI_075/patch_110,own,≥128,1,28461,0.000,1.000,93.1269,98.8967
ROI_075/patch_111,nearest,0–16,1,166,0.000,1.000,6.2207,6.9543
ROI_075/patch_111,nearest,16–32,1,415,0.000,1.000,6.0220,6.8992
ROI_075/patch_111,nearest,32–64,1,1404,0.000,1.000,9.6449,11.3025
ROI_075/patch_111,nearest,64–128,1,2399,0.000,1.000,15.1340,17.5452
ROI_075/patch_111,nearest,≥128,1,389,0.000,1.000,59.2323,63.3104
ROI_075/patch_111,own,0–16,1,166,0.000,1.000,6.1294,6.8537
ROI_075/patch_111,own,16–32,1,415,0.000,1.000,6.0388,6.8314
ROI_075/patch_111,own,32–64,1,1446,0.000,1.000,9.2898,10.5646
ROI_075/patch_111,own,64–128,1,5263,0.000,1.000,33.0264,35.6951
ROI_075/patch_111,own,≥128,1,35667,0.000,1.000,13.5548,15.3162
ROI_075/patch_112,nearest,0–16,1,135,0.000,1.000,4.4368,6.5641
ROI_075/patch_112,nearest,16–32,1,371,0.000,1.000,4.7068,6.6925
ROI_075/patch_112,nearest,32–64,1,1186,0.000,1.000,5.1293,6.9042
ROI_075/patch_112,nearest,64–128,1,2801,0.000,1.000,7.4860,9.1340
ROI_075/patch_112,nearest,≥128,1,648,0.000,1.000,11.7779,13.5466
ROI_075/patch_112,own,0–16,1,135,0.000,1.000,4.4958,6.6222
ROI_075/patch_112,own,16–32,1,371,0.000,1.000,4.7184,6.6001
ROI_075/patch_112,own,32–64,1,1269,0.000,1.000,5.1933,6.8788
ROI_075/patch_112,own,64–128,1,4300,0.000,1.000,5.3025,7.0621
ROI_075/patch_112,own,≥128,1,35053,0.000,1.000,6.1738,10.0798
ROI_075/patch_116,nearest,0–16,1,142,0.000,1.000,2.8355,6.4614
ROI_075/patch_116,nearest,16–32,1,403,0.000,1.000,3.1637,7.1785
ROI_075/patch_116,nearest,32–64,1,1241,0.000,1.000,33.2527,45.9934
ROI_075/patch_116,nearest,64–128,1,2429,0.000,1.000,11.8819,15.7732
ROI_075/patch_116,nearest,≥128,1,567,0.000,1.000,84.1853,89.2178
ROI_075/patch_116,own,0–16,1,142,0.000,1.000,2.8654,6.4637
ROI_075/patch_116,own,16–32,1,403,0.000,1.000,3.1125,7.1552
ROI_075/patch_116,own,32–64,1,1285,0.000,1.000,46.4998,51.8891
ROI_075/patch_116,own,64–128,1,4174,0.000,1.000,13.7210,18.0526
ROI_075/patch_116,own,≥128,1,32252,0.000,1.000,9.1600,13.7861
ROI_075/patch_117,nearest,0–16,1,100,0.000,1.000,34.1002,42.6139
ROI_075/patch_117,nearest,16–32,1,300,0.000,1.000,127.9942,133.8352
ROI_075/patch_117,nearest,32–64,1,742,0.600,1.000,449.1374,487.0917
ROI_075/patch_117,nearest,64–128,1,548,0.700,1.000,2190.0621,2222.3969
ROI_075/patch_117,nearest,≥128,1,1111,1.000,1.000,,
ROI_075/patch_117,own,0–16,1,100,0.000,1.000,27.1639,34.4364
ROI_075/patch_117,own,16–32,1,308,0.000,1.000,142.6575,147.2138
ROI_075/patch_117,own,32–64,1,1000,0.550,1.000,353.2555,369.1792
ROI_075/patch_117,own,64–128,1,3246,0.350,1.000,671.7074,702.9522
ROI_075/patch_117,own,≥128,1,17754,0.700,1.000,1175.9335,1186.4878
ROI_075/patch_118,nearest,0–16,1,123,0.000,1.000,37.8284,39.1000
ROI_075/patch_118,nearest,16–32,1,331,0.000,1.000,423.1339,434.0345
ROI_075/patch_118,nearest,32–64,1,855,0.300,1.000,370.0153,393.6182
ROI_075/patch_118,nearest,64–128,1,1484,0.100,1.000,427.8771,464.9761
ROI_075/patch_118,nearest,≥128,1,490,0.450,1.000,1240.0381,1265.3337
ROI_075/patch_118,own,0–16,1,123,0.000,1.000,47.3368,48.7703
ROI_075/patch_118,own,16–32,1,331,0.050,1.000,229.5653,257.1027
ROI_075/patch_118,own,32–64,1,1022,0.150,1.000,381.9677,408.8417
ROI_075/patch_118,own,64–128,1,3562,0.150,1.000,375.6874,398.8277
ROI_075/patch_118,own,≥128,1,21226,0.100,1.000,345.1110,364.7409
ROI_075/patch_119,nearest,0–16,1,158,0.000,1.000,23.9832,40.9929
ROI_075/patch_119,nearest,16–32,1,455,0.000,1.000,30.0597,43.2057
ROI_075/patch_119,nearest,32–64,1,1114,0.000,1.000,271.8281,279.7462
ROI_075/patch_119,nearest,64–128,1,1831,0.000,1.000,182.5321,215.0991
ROI_075/patch_119,nearest,≥128,1,475,0.000,1.000,65.9148,75.3156
ROI_075/patch_119,own,0–16,1,158,0.000,1.000,19.0275,31.0943
ROI_075/patch_119,own,16–32,1,455,0.000,1.000,48.9249,59.8632
ROI_075/patch_119,own,32–64,1,1433,0.000,1.000,273.6243,285.1808
ROI_075/patch_119,own,64–128,1,5635,0.000,1.000,83.8097,92.9084
ROI_075/patch_119,own,≥128,1,32649,0.000,1.000,79.9993,94.4642
ROI_075/patch_120,nearest,0–16,1,162,0.000,1.000,18.3483,20.0213
ROI_075/patch_120,nearest,16–32,1,468,0.000,1.000,20.5453,22.3288
ROI_075/patch_120,nearest,32–64,1,1590,0.000,1.000,22.2565,24.0868
ROI_075/patch_120,nearest,64–128,1,2350,0.000,1.000,21.2034,23.5807
ROI_075/patch_120,nearest,≥128,1,567,1.000,1.000,,
ROI_075/patch_120,own,0–16,1,162,0.000,1.000,18.4451,20.1165
ROI_075/patch_120,own,16–32,1,468,0.000,1.000,19.8680,21.5522
ROI_075/patch_120,own,32–64,1,1661,0.000,1.000,23.3287,25.4357
ROI_075/patch_120,own,64–128,1,5667,0.000,1.000,24.4071,27.0719
ROI_075/patch_120,own,≥128,1,38275,0.000,1.000,23.2739,25.8174
ROI_075/patch_121,nearest,0–16,1,124,0.000,1.000,220.3692,222.4434
ROI_075/patch_121,nearest,16–32,1,398,0.000,1.000,174.7111,190.9779
ROI_075/patch_121,nearest,32–64,1,1057,0.050,1.000,298.0035,311.6254
ROI_075/patch_121,nearest,64–128,1,1465,0.400,1.000,232.5628,248.0245
ROI_075/patch_121,nearest,≥128,1,241,0.850,1.000,2991.0883,3764.2665
ROI_075/patch_121,own,0–16,1,124,0.000,1.000,305.7153,308.0298
ROI_075/patch_121,own,16–32,1,398,0.000,1.000,196.4436,210.6644
ROI_075/patch_121,own,32–64,1,1300,0.000,1.000,200.5925,210.9476
ROI_075/patch_121,own,64–128,1,4541,0.150,1.000,381.5818,401.4240
ROI_075/patch_121,own,≥128,1,23202,0.200,1.000,386.3332,402.5232
ROI_075/patch_122,nearest,0–16,1,124,0.000,1.000,141.7250,174.8543
ROI_075/patch_122,nearest,16–32,1,334,0.000,1.000,112.7989,119.9409
ROI_075/patch_122,nearest,32–64,1,1104,0.050,1.000,184.2899,199.4735
ROI_075/patch_122,nearest,64–128,1,1665,0.250,1.000,389.0488,399.3585
ROI_075/patch_122,nearest,≥128,1,361,0.850,1.000,1084.9620,1226.7010
ROI_075/patch_122,own,0–16,1,124,0.000,1.000,148.7794,179.6561
ROI_075/patch_122,own,16–32,1,334,0.000,1.000,143.6424,151.6779
ROI_075/patch_122,own,32–64,1,1156,0.050,1.000,153.9304,173.7251
ROI_075/patch_122,own,64–128,1,3963,0.050,1.000,288.7023,299.9374
ROI_075/patch_122,own,≥128,1,23127,0.300,1.000,265.4186,284.4714
ROI_075/patch_123,nearest,0–16,1,138,0.000,1.000,30.7729,31.9292
ROI_075/patch_123,nearest,16–32,1,380,0.000,1.000,31.7216,33.5711
ROI_075/patch_123,nearest,32–64,1,1189,0.000,1.000,77.5090,80.7471
ROI_075/patch_123,nearest,64–128,1,1661,0.100,1.000,140.3880,164.0004
ROI_075/patch_123,nearest,≥128,1,564,1.000,1.000,,
ROI_075/patch_123,own,0–16,1,138,0.000,1.000,30.8613,31.9944
ROI_075/patch_123,own,16–32,1,380,0.000,1.000,31.5756,33.4222
ROI_075/patch_123,own,32–64,1,1216,0.000,1.000,77.2201,81.4330
ROI_075/patch_123,own,64–128,1,3871,0.050,1.000,132.8147,175.0893
ROI_075/patch_123,own,≥128,1,25851,0.050,1.000,206.0976,223.6513
ROI_075/patch_124,nearest,0–16,1,150,0.000,1.000,19.8608,21.8538
ROI_075/patch_124,nearest,16–32,1,407,0.000,1.000,19.8206,21.6014
ROI_075/patch_124,nearest,32–64,1,1248,0.000,1.000,76.1211,80.5246
ROI_075/patch_124,nearest,64–128,1,2287,0.000,1.000,51.5278,54.8913
ROI_075/patch_124,nearest,≥128,1,332,0.000,1.000,153.7654,164.6015
ROI_075/patch_124,own,0–16,1,150,0.000,1.000,19.9631,21.8262
ROI_075/patch_124,own,16–32,1,407,0.000,1.000,19.8309,21.5542
ROI_075/patch_124,own,32–64,1,1379,0.000,1.000,60.3387,63.9851
ROI_075/patch_124,own,64–128,1,4480,0.000,1.000,60.7773,64.6536
ROI_075/patch_124,own,≥128,1,28976,0.000,1.000,63.0230,65.8699
ROI_075/patch_125,nearest,0–16,1,95,0.100,1.000,1276.7520,1295.4230
ROI_075/patch_125,nearest,16–32,1,259,0.800,1.000,575.3043,609.9588
ROI_075/patch_125,nearest,32–64,1,720,1.000,1.000,,
ROI_075/patch_125,nearest,64–128,1,1467,1.000,1.000,,
ROI_075/patch_125,nearest,≥128,1,243,1.000,1.000,,
ROI_075/patch_125,own,0–16,1,95,0.150,1.000,1319.0173,1337.8892
ROI_075/patch_125,own,16–32,1,259,0.750,1.000,615.7275,637.8458
ROI_075/patch_125,own,32–64,1,760,1.000,1.000,,
ROI_075/patch_125,own,64–128,1,2586,1.000,1.000,,
ROI_075/patch_125,own,≥128,1,18572,1.000,1.000,,
ROI_075/patch_127,nearest,0–16,1,129,0.000,1.000,9.1473,11.0913
ROI_075/patch_127,nearest,16–32,1,366,0.000,1.000,84.4622,88.3425
ROI_075/patch_127,nearest,32–64,1,1111,0.050,1.000,56.5142,60.4116
ROI_075/patch_127,nearest,64–128,1,2099,0.150,1.000,243.8029,254.1209
ROI_075/patch_127,nearest,≥128,1,231,1.000,1.000,,
ROI_075/patch_127,own,0–16,1,129,0.000,1.000,9.1277,11.0406
ROI_075/patch_127,own,16–32,1,368,0.000,1.000,43.7889,46.7525
ROI_075/patch_127,own,32–64,1,1214,0.000,1.000,143.2343,148.0877
ROI_075/patch_127,own,64–128,1,4086,0.100,1.000,312.3627,321.3359
ROI_075/patch_127,own,≥128,1,25691,0.050,1.000,562.4729,575.3232
ROI_075/patch_128,nearest,0–16,1,142,0.000,1.000,30.9383,36.0081
ROI_075/patch_128,nearest,16–32,1,410,0.000,1.000,20.5922,26.7558
ROI_075/patch_128,nearest,32–64,1,1149,0.000,1.000,242.4983,254.8931
ROI_075/patch_128,nearest,64–128,1,1668,0.200,1.000,595.2921,603.4186
ROI_075/patch_128,nearest,≥128,1,225,1.000,1.000,,
ROI_075/patch_128,own,0–16,1,142,0.000,1.000,29.9077,35.6701
ROI_075/patch_128,own,16–32,1,410,0.000,1.000,23.1808,30.0083
ROI_075/patch_128,own,32–64,1,1248,0.000,1.000,155.8333,164.8500
ROI_075/patch_128,own,64–128,1,4158,0.100,1.000,197.1935,210.7285
ROI_075/patch_128,own,≥128,1,26388,0.200,1.000,158.9323,167.1193
ROI_075/patch_129,nearest,0–16,1,105,0.150,1.000,358.4579,381.8305
ROI_075/patch_129,nearest,16–32,1,283,0.550,1.000,315.8584,331.6253
ROI_075/patch_129,nearest,32–64,1,924,1.000,1.000,,
ROI_075/patch_129,nearest,64–128,1,1311,1.000,1.000,,
ROI_075/patch_129,nearest,≥128,1,200,1.000,1.000,,
ROI_075/patch_129,own,0–16,1,105,0.000,1.000,366.6141,380.7077
ROI_075/patch_129,own,16–32,1,283,0.400,1.000,480.2625,504.0207
ROI_075/patch_129,own,32–64,1,945,1.000,1.000,,
ROI_075/patch_129,own,64–128,1,3127,1.000,1.000,,
ROI_075/patch_129,own,≥128,1,18124,0.950,1.000,1830.3064,1834.0983
ROI_075/patch_130,nearest,0–16,1,122,0.000,1.000,37.2919,41.4048
ROI_075/patch_130,nearest,16–32,1,337,0.000,1.000,234.2957,252.5744
ROI_075/patch_130,nearest,32–64,1,752,0.850,1.000,676.6579,716.1840
ROI_075/patch_130,nearest,64–128,1,1056,0.850,1.000,1339.2813,1402.6660
ROI_075/patch_130,nearest,≥128,1,613,1.000,1.000,,
ROI_075/patch_130,own,0–16,1,122,0.000,1.000,41.3714,45.5909
ROI_075/patch_130,own,16–32,1,337,0.000,1.000,323.2004,342.3818
ROI_075/patch_130,own,32–64,1,939,0.650,1.000,611.2979,619.3062
ROI_075/patch_130,own,64–128,1,2990,0.800,1.000,991.7922,1529.8052
ROI_075/patch_130,own,≥128,1,18652,0.400,1.000,2750.0960,2813.3198
ROI_075/patch_131,nearest,0–16,1,114,0.000,1.000,166.5124,174.6250
ROI_075/patch_131,nearest,16–32,1,306,0.150,1.000,450.4534,455.6677
ROI_075/patch_131,nearest,32–64,1,848,0.450,1.000,544.5779,554.8346
ROI_075/patch_131,nearest,64–128,1,1732,0.250,1.000,457.5416,468.8089
ROI_075/patch_131,nearest,≥128,1,263,0.000,1.000,2610.3534,2678.9907
ROI_075/patch_131,own,0–16,1,114,0.000,1.000,166.1466,176.6903
ROI_075/patch_131,own,16–32,1,317,0.050,1.000,382.5369,387.8128
ROI_075/patch_131,own,32–64,1,986,0.500,1.000,607.1864,635.1444
ROI_075/patch_131,own,64–128,1,2987,0.350,1.000,497.7094,523.3935
ROI_075/patch_131,own,≥128,1,21700,0.150,1.000,1037.4286,1070.8490
ROI_075/patch_132,nearest,0–16,1,102,0.000,1.000,8.3070,9.5604
ROI_075/patch_132,nearest,16–32,1,326,0.000,1.000,30.5187,36.7337
ROI_075/patch_132,nearest,32–64,1,941,0.000,1.000,85.7434,90.3680
ROI_075/patch_132,nearest,64–128,1,1140,0.600,1.000,2177.5702,2196.3331
ROI_075/patch_132,nearest,≥128,1,776,0.550,1.000,875.8089,2085.8964
ROI_075/patch_132,own,0–16,1,102,0.000,1.000,5.7162,6.9286
ROI_075/patch_132,own,16–32,1,327,0.000,1.000,22.3964,31.3433
ROI_075/patch_132,own,32–64,1,1193,0.000,1.000,56.5152,61.6729
ROI_075/patch_132,own,64–128,1,3560,0.000,1.000,293.1537,308.9034
ROI_075/patch_132,own,≥128,1,21098,0.100,1.000,831.6544,843.2028
ROI_075/patch_133,nearest,0–16,1,115,1.000,1.000,,
ROI_075/patch_133,nearest,16–32,1,239,1.000,1.000,,
ROI_075/patch_133,nearest,32–64,1,477,1.000,1.000,,
ROI_075/patch_133,nearest,64–128,1,904,0.950,1.000,4936.9833,4944.9266
ROI_075/patch_133,nearest,≥128,1,632,1.000,1.000,,
ROI_075/patch_133,own,0–16,1,115,1.000,1.000,,
ROI_075/patch_133,own,16–32,1,291,0.950,1.000,2267.4402,2679.1305
ROI_075/patch_133,own,32–64,1,691,1.000,1.000,,
ROI_075/patch_133,own,64–128,1,1889,1.000,1.000,,
ROI_075/patch_133,own,≥128,1,15950,1.000,1.000,,
ROI_075/patch_134,nearest,0–16,1,94,0.200,1.000,398.5787,401.1634
ROI_075/patch_134,nearest,16–32,1,294,0.050,1.000,230.8510,250.0489
ROI_075/patch_134,nearest,32–64,1,793,0.400,1.000,427.0082,446.9575
ROI_075/patch_134,nearest,64–128,1,1452,0.900,1.000,493.8519,509.7139
ROI_075/patch_134,nearest,≥128,1,386,1.000,1.000,,
ROI_075/patch_134,own,0–16,1,94,0.150,1.000,527.1454,529.6819
ROI_075/patch_134,own,16–32,1,294,0.050,1.000,346.1711,353.2665
ROI_075/patch_134,own,32–64,1,937,0.550,1.000,570.7671,601.9660
ROI_075/patch_134,own,64–128,1,3404,0.600,1.000,742.4023,758.2006
ROI_075/patch_134,own,≥128,1,19423,0.800,1.000,1108.5086,1141.6938
ROI_075/patch_135,nearest,0–16,1,106,0.050,1.000,273.2287,327.8121
ROI_075/patch_135,nearest,16–32,1,294,0.700,1.000,364.4436,380.3426
ROI_075/patch_135,nearest,32–64,1,764,1.000,1.000,,
ROI_075/patch_135,nearest,64–128,1,1333,1.000,1.000,,
ROI_075/patch_135,nearest,≥128,1,297,0.450,1.000,810.8314,839.8283
ROI_075/patch_135,own,0–16,1,106,0.100,1.000,293.8255,356.2452
ROI_075/patch_135,own,16–32,1,294,0.600,1.000,307.6085,329.1019
ROI_075/patch_135,own,32–64,1,861,1.000,1.000,,
ROI_075/patch_135,own,64–128,1,2574,0.900,1.000,1197.3029,1248.1241
ROI_075/patch_135,own,≥128,1,18517,0.850,1.000,1749.8921,1802.7922
ROI_075/patch_137,nearest,0–16,1,121,1.000,1.000,,
ROI_075/patch_137,nearest,16–32,1,322,1.000,1.000,,
ROI_075/patch_137,nearest,32–64,1,713,1.000,1.000,,
ROI_075/patch_137,nearest,64–128,1,792,1.000,1.000,,
ROI_075/patch_137,nearest,≥128,1,725,1.000,1.000,,
ROI_075/patch_137,own,0–16,1,121,0.950,1.000,1299.2174,1302.6675
ROI_075/patch_137,own,16–32,1,335,0.900,1.000,454.9717,499.0448
ROI_075/patch_137,own,32–64,1,1033,1.000,1.000,,
ROI_075/patch_137,own,64–128,1,3375,1.000,1.000,,
ROI_075/patch_137,own,≥128,1,16520,1.000,1.000,,
ROI_075/patch_138,nearest,0–16,1,107,0.300,1.000,385.9543,442.3040
ROI_075/patch_138,nearest,16–32,1,285,0.500,1.000,680.7091,718.1124
ROI_075/patch_138,nearest,32–64,1,743,0.950,1.000,2427.0837,2460.7611
ROI_075/patch_138,nearest,64–128,1,1524,0.950,1.000,961.6382,1027.8842
ROI_075/patch_138,nearest,≥128,1,325,1.000,1.000,,
ROI_075/patch_138,own,0–16,1,107,0.350,1.000,387.6485,442.7025
ROI_075/patch_138,own,16–32,1,285,0.550,1.000,716.0511,738.1079
ROI_075/patch_138,own,32–64,1,843,0.850,1.000,844.0763,861.1607
ROI_075/patch_138,own,64–128,1,3022,1.000,1.000,,
ROI_075/patch_138,own,≥128,1,19615,1.000,1.000,,
ROI_075/patch_139,nearest,0–16,1,120,0.000,1.000,266.7669,289.5189
ROI_075/patch_139,nearest,16–32,1,321,0.150,1.000,305.8078,344.4630
ROI_075/patch_139,nearest,32–64,1,897,0.550,1.000,330.7161,358.0489
ROI_075/patch_139,nearest,64–128,1,1201,0.650,1.000,322.7657,356.2661
ROI_075/patch_139,nearest,≥128,1,311,1.000,1.000,,
ROI_075/patch_139,own,0–16,1,120,0.000,1.000,268.0967,281.7789
ROI_075/patch_139,own,16–32,1,321,0.300,1.000,354.6862,392.1615
ROI_075/patch_139,own,32–64,1,1044,0.600,1.000,340.3877,362.3368
ROI_075/patch_139,own,64–128,1,3442,0.550,1.000,302.5243,332.8788
ROI_075/patch_139,own,≥128,1,17873,0.600,1.000,362.9320,397.3617
ROI_075/patch_140,nearest,0–16,1,113,0.000,1.000,255.2512,327.9923
ROI_075/patch_140,nearest,16–32,1,311,0.100,1.000,144.0813,157.6849
ROI_075/patch_140,nearest,32–64,1,838,0.700,1.000,388.7203,432.6588
ROI_075/patch_140,nearest,64–128,1,1163,0.800,1.000,412.6556,462.6118
ROI_075/patch_140,nearest,≥128,1,464,0.850,1.000,1310.6781,1321.2855
ROI_075/patch_140,own,0–16,1,113,0.000,1.000,162.1952,234.5455
ROI_075/patch_140,own,16–32,1,311,0.000,1.000,162.7152,193.9139
ROI_075/patch_140,own,32–64,1,932,0.550,1.000,442.2559,510.4245
ROI_075/patch_140,own,64–128,1,3262,0.600,1.000,597.5978,619.7583
ROI_075/patch_140,own,≥128,1,18494,0.350,1.000,1673.6135,1688.2217
ROI_075/patch_141,nearest,0–16,1,126,1.000,1.000,,
ROI_075/patch_141,nearest,16–32,1,353,0.650,1.000,409.9710,448.0089
ROI_075/patch_141,nearest,32–64,1,939,1.000,1.000,,
ROI_075/patch_141,nearest,64–128,1,1226,1.000,1.000,,
ROI_075/patch_141,nearest,≥128,1,213,1.000,1.000,,
ROI_075/patch_141,own,0–16,1,126,0.900,1.000,534.4283,581.9182
ROI_075/patch_141,own,16–32,1,366,0.650,1.000,251.4845,266.0968
ROI_075/patch_141,own,32–64,1,1033,1.000,1.000,,
ROI_075/patch_141,own,64–128,1,3317,1.000,1.000,,
ROI_075/patch_141,own,≥128,1,20871,1.000,1.000,,
ROI_075/patch_142,nearest,0–16,1,108,0.000,1.000,137.5811,238.1329
ROI_075/patch_142,nearest,16–32,1,303,0.000,1.000,75.7511,79.2166
ROI_075/patch_142,nearest,32–64,1,945,0.500,1.000,617.4053,628.4362
ROI_075/patch_142,nearest,64–128,1,1569,0.800,1.000,1236.0288,1248.0039
ROI_075/patch_142,nearest,≥128,1,463,1.000,1.000,,
ROI_075/patch_142,own,0–16,1,108,0.000,1.000,138.8637,240.4752
ROI_075/patch_142,own,16–32,1,303,0.000,1.000,74.3299,78.1978
ROI_075/patch_142,own,32–64,1,1035,0.250,1.000,373.9873,385.3952
ROI_075/patch_142,own,64–128,1,3171,0.400,1.000,394.7468,420.0032
ROI_075/patch_142,own,≥128,1,22487,0.550,1.000,379.1219,391.3484
ROI_075/patch_143,nearest,0–16,1,94,1.000,1.000,,
ROI_075/patch_143,nearest,16–32,1,260,0.900,1.000,569.5161,593.5065
ROI_075/patch_143,nearest,32–64,1,772,0.900,1.000,396.2175,418.6548
ROI_075/patch_143,nearest,64–128,1,1213,1.000,1.000,,
ROI_075/patch_143,nearest,≥128,1,509,1.000,1.000,,
ROI_075/patch_143,own,0–16,1,94,1.000,1.000,,
ROI_075/patch_143,own,16–32,1,260,0.800,1.000,596.8606,616.7627
ROI_075/patch_143,own,32–64,1,868,0.950,1.000,407.2650,427.3880
ROI_075/patch_143,own,64–128,1,2723,1.000,1.000,,
ROI_075/patch_143,own,≥128,1,18839,1.000,1.000,,
ROI_075/patch_144,nearest,0–16,1,90,1.000,1.000,,
ROI_075/patch_144,nearest,16–32,1,293,0.800,1.000,420.9730,476.3683
ROI_075/patch_144,nearest,32–64,1,851,1.000,1.000,,
ROI_075/patch_144,nearest,64–128,1,1388,0.950,1.000,836.6717,854.1100
ROI_075/patch_144,nearest,≥128,1,303,1.000,1.000,,
ROI_075/patch_144,own,0–16,1,90,1.000,1.000,,
ROI_075/patch_144,own,16–32,1,293,0.900,1.000,230.4059,272.7646
ROI_075/patch_144,own,32–64,1,993,1.000,1.000,,
ROI_075/patch_144,own,64–128,1,3452,0.950,1.000,1200.7813,1313.1006
ROI_075/patch_144,own,≥128,1,18572,1.000,1.000,,
ROI_075/patch_145,nearest,0–16,1,137,0.000,1.000,9.6300,15.1569
ROI_075/patch_145,nearest,16–32,1,363,0.000,1.000,19.4382,20.5426
ROI_075/patch_145,nearest,32–64,1,899,0.000,1.000,105.1768,112.3458
ROI_075/patch_145,nearest,64–128,1,2005,0.000,1.000,140.3632,147.4322
ROI_075/patch_145,nearest,≥128,1,414,0.000,1.000,181.6478,192.4933
ROI_075/patch_145,own,0–16,1,137,0.000,1.000,10.1506,16.8159
ROI_075/patch_145,own,16–32,1,390,0.000,1.000,15.4614,16.5493
ROI_075/patch_145,own,32–64,1,1254,0.000,1.000,85.1464,92.3193
ROI_075/patch_145,own,64–128,1,4395,0.000,1.000,161.8543,168.5564
ROI_075/patch_145,own,≥128,1,24368,0.000,1.000,275.3687,280.2845
ROI_075/patch_146,nearest,0–16,1,141,0.000,1.000,16.7042,20.6470
ROI_075/patch_146,nearest,16–32,1,367,0.000,1.000,17.4774,23.2677
ROI_075/patch_146,nearest,32–64,1,1142,0.000,1.000,61.9870,70.7769
ROI_075/patch_146,nearest,64–128,1,1893,0.000,1.000,137.6494,154.3953
ROI_075/patch_146,nearest,≥128,1,655,0.000,1.000,152.0921,181.1277
ROI_075/patch_146,own,0–16,1,141,0.000,1.000,16.8016,20.7596
ROI_075/patch_146,own,16–32,1,367,0.000,1.000,17.3369,23.0618
ROI_075/patch_146,own,32–64,1,1268,0.000,1.000,25.1317,31.6762
ROI_075/patch_146,own,64–128,1,4154,0.000,1.000,96.6537,106.5460
ROI_075/patch_146,own,≥128,1,31852,0.000,1.000,55.4101,67.5312
ROI_075/patch_147,nearest,0–16,1,96,0.300,1.000,1444.8257,1503.1851
ROI_075/patch_147,nearest,16–32,1,256,0.100,1.000,195.2988,208.4181
ROI_075/patch_147,nearest,32–64,1,807,0.600,1.000,439.0301,458.2921
ROI_075/patch_147,nearest,64–128,1,1593,0.650,1.000,323.2105,330.9749
ROI_075/patch_147,nearest,≥128,1,354,1.000,1.000,,
ROI_075/patch_147,own,0–16,1,96,0.500,1.000,1346.6391,1395.0435
ROI_075/patch_147,own,16–32,1,256,0.100,1.000,305.8667,319.2253
ROI_075/patch_147,own,32–64,1,812,0.750,1.000,732.3717,749.9699
ROI_075/patch_147,own,64–128,1,3432,0.500,1.000,455.4756,469.9540
ROI_075/patch_147,own,≥128,1,20252,0.550,1.000,299.9324,317.8005
ROI_075/patch_148,nearest,0–16,1,121,0.900,1.000,311.5034,316.0949
ROI_075/patch_148,nearest,16–32,1,307,0.900,1.000,342.7747,389.7747
ROI_075/patch_148,nearest,32–64,1,790,0.950,1.000,551.4623,624.3333
ROI_075/patch_148,nearest,64–128,1,1261,1.000,1.000,,
ROI_075/patch_148,nearest,≥128,1,275,0.950,1.000,9294.5923,9301.3098
ROI_075/patch_148,own,0–16,1,121,0.900,1.000,530.5411,543.0836
ROI_075/patch_148,own,16–32,1,307,0.900,1.000,667.8844,694.0104
ROI_075/patch_148,own,32–64,1,870,1.000,1.000,,
ROI_075/patch_148,own,64–128,1,2782,1.000,1.000,,
ROI_075/patch_148,own,≥128,1,17952,0.950,1.000,1424.7663,1495.4042
ROI_075/patch_149,nearest,0–16,1,125,0.000,1.000,4.4142,5.5388
ROI_075/patch_149,nearest,16–32,1,338,0.000,1.000,5.8483,7.1058
ROI_075/patch_149,nearest,32–64,1,1015,0.000,1.000,5.7210,8.4166
ROI_075/patch_149,nearest,64–128,1,2017,0.000,1.000,20.7676,27.1807
ROI_075/patch_149,nearest,≥128,1,959,0.000,1.000,252.6240,260.7492
ROI_075/patch_149,own,0–16,1,125,0.000,1.000,4.3962,5.5432
ROI_075/patch_149,own,16–32,1,352,0.000,1.000,5.1849,6.4540
ROI_075/patch_149,own,32–64,1,1203,0.000,1.000,14.3298,17.4089
ROI_075/patch_149,own,64–128,1,3932,0.000,1.000,9.4392,21.6566
ROI_075/patch_149,own,≥128,1,30020,0.000,1.000,21.8574,27.4914
ROI_075/patch_150,nearest,0–16,1,130,0.000,1.000,43.3922,45.6712
ROI_075/patch_150,nearest,16–32,1,334,0.000,1.000,23.9643,26.4317
ROI_075/patch_150,nearest,32–64,1,1129,0.000,1.000,44.2665,47.2662
ROI_075/patch_150,nearest,64–128,1,2413,0.000,1.000,42.1701,46.3982
ROI_075/patch_150,nearest,≥128,1,754,0.000,1.000,114.9428,117.4996
ROI_075/patch_150,own,0–16,1,130,0.000,1.000,45.2419,47.5406
ROI_075/patch_150,own,16–32,1,334,0.000,1.000,27.0492,29.5442
ROI_075/patch_150,own,32–64,1,1149,0.000,1.000,44.9773,47.9721
ROI_075/patch_150,own,64–128,1,3942,0.000,1.000,25.7226,30.7237
ROI_075/patch_150,own,≥128,1,32525,0.000,1.000,30.2677,34.1206
ROI_075/patch_151,nearest,0–16,1,112,0.000,1.000,75.7489,78.7625
ROI_075/patch_151,nearest,16–32,1,308,0.000,1.000,24.1910,29.7923
ROI_075/patch_151,nearest,32–64,1,997,0.000,1.000,24.5707,32.0447
ROI_075/patch_151,nearest,64–128,1,1999,0.000,1.000,41.2418,50.7385
ROI_075/patch_151,nearest,≥128,1,1001,0.000,1.000,137.7373,145.1954
ROI_075/patch_151,own,0–16,1,112,0.000,1.000,63.1900,66.6522
ROI_075/patch_151,own,16–32,1,308,0.000,1.000,21.6067,27.8301
ROI_075/patch_151,own,32–64,1,1073,0.000,1.000,50.9045,59.3823
ROI_075/patch_151,own,64–128,1,3931,0.000,1.000,45.1270,52.1323
ROI_075/patch_151,own,≥128,1,29912,0.000,1.000,69.0599,77.0743
ROI_075/patch_152,nearest,0–16,1,101,0.800,1.000,724.7203,755.8720
ROI_075/patch_152,nearest,16–32,1,264,0.100,1.000,204.4234,211.8972
ROI_075/patch_152,nearest,32–64,1,762,0.150,1.000,434.8913,451.4999
ROI_075/patch_152,nearest,64–128,1,1424,0.600,1.000,353.2980,379.0678
ROI_075/patch_152,nearest,≥128,1,797,0.900,1.000,387.2841,403.8721
ROI_075/patch_152,own,0–16,1,101,0.800,1.000,765.6984,796.6270
ROI_075/patch_152,own,16–32,1,277,0.050,1.000,360.9668,367.1632
ROI_075/patch_152,own,32–64,1,964,0.250,1.000,499.8442,517.4919
ROI_075/patch_152,own,64–128,1,2956,0.450,1.000,486.0745,512.4627
ROI_075/patch_152,own,≥128,1,22486,0.650,1.000,428.7278,449.0930
ROI_075/patch_153,nearest,0–16,1,130,0.000,1.000,9.8849,11.9491
ROI_075/patch_153,nearest,16–32,1,381,0.000,1.000,10.6140,13.1347
ROI_075/patch_153,nearest,32–64,1,1103,0.000,1.000,14.0151,17.6391
ROI_075/patch_153,nearest,64–128,1,2714,0.000,1.000,56.3805,62.5602
ROI_075/patch_153,nearest,≥128,1,340,0.000,1.000,34.9856,38.4319
ROI_075/patch_153,own,0–16,1,130,0.000,1.000,9.9490,12.0593
ROI_075/patch_153,own,16–32,1,381,0.000,1.000,10.5952,13.2176
ROI_075/patch_153,own,32–64,1,1158,0.000,1.000,11.9422,17.0741
ROI_075/patch_153,own,64–128,1,3904,0.000,1.000,16.3146,43.0643
ROI_075/patch_153,own,≥128,1,31771,0.000,1.000,21.2838,24.8873
ROI_075/patch_154,nearest,0–16,1,155,0.000,1.000,9.5725,13.2252
ROI_075/patch_154,nearest,16–32,1,427,0.000,1.000,10.2703,13.8486
ROI_075/patch_154,nearest,32–64,1,1343,0.000,1.000,26.0596,28.8546
ROI_075/patch_154,nearest,64–128,1,2314,0.000,1.000,99.4370,102.3714
ROI_075/patch_154,nearest,≥128,1,566,0.000,1.000,21.3463,25.3985
ROI_075/patch_154,own,0–16,1,155,0.000,1.000,9.5608,13.3843
ROI_075/patch_154,own,16–32,1,427,0.000,1.000,10.2009,13.6656
ROI_075/patch_154,own,32–64,1,1473,0.000,1.000,33.6252,36.6520
ROI_075/patch_154,own,64–128,1,4605,0.000,1.000,74.4859,79.5693
ROI_075/patch_154,own,≥128,1,31780,0.050,1.000,30.3123,34.1448
ROI_075/patch_155,nearest,0–16,1,145,0.000,1.000,4.7502,6.8737
ROI_075/patch_155,nearest,16–32,1,396,0.000,1.000,5.1356,7.1838
ROI_075/patch_155,nearest,32–64,1,1344,0.000,1.000,10.4970,12.6128
ROI_075/patch_155,nearest,64–128,1,2347,0.000,1.000,41.8768,44.0741
ROI_075/patch_155,nearest,≥128,1,386,0.000,1.000,42.1711,43.6777
ROI_075/patch_155,own,0–16,1,145,0.000,1.000,4.7864,6.8127
ROI_075/patch_155,own,16–32,1,396,0.000,1.000,5.2344,7.1433
ROI_075/patch_155,own,32–64,1,1369,0.000,1.000,9.2269,10.7925
ROI_075/patch_155,own,64–128,1,4671,0.000,1.000,22.2192,23.9657
ROI_075/patch_155,own,≥128,1,30363,0.000,1.000,34.7072,37.2985
ROI_075/patch_156,nearest,0–16,1,122,0.000,1.000,21.4607,46.2523
ROI_075/patch_156,nearest,16–32,1,312,0.000,1.000,25.3486,33.3294
ROI_075/patch_156,nearest,32–64,1,946,0.000,1.000,155.6956,164.4513
ROI_075/patch_156,nearest,64–128,1,1709,0.000,1.000,141.3635,152.2825
ROI_075/patch_156,nearest,≥128,1,750,0.050,1.000,425.5708,511.3011
ROI_075/patch_156,own,0–16,1,122,0.000,1.000,22.8486,53.5951
ROI_075/patch_156,own,16–32,1,312,0.000,1.000,29.0910,39.2279
ROI_075/patch_156,own,32–64,1,969,0.000,1.000,126.9225,133.6082
ROI_075/patch_156,own,64–128,1,2831,0.000,1.000,173.4575,180.7693
ROI_075/patch_156,own,≥128,1,26478,0.050,1.000,124.0124,142.9728
ROI_075/patch_157,nearest,0–16,1,131,0.000,1.000,13.1586,13.9414
ROI_075/patch_157,nearest,16–32,1,398,0.000,1.000,13.9178,14.8818
ROI_075/patch_157,nearest,32–64,1,1061,0.000,1.000,53.8586,57.2526
ROI_075/patch_157,nearest,64–128,1,2071,0.000,1.000,122.0343,125.9624
ROI_075/patch_157,nearest,≥128,1,780,0.000,1.000,217.2896,218.7277
ROI_075/patch_157,own,0–16,1,131,0.000,1.000,13.3287,14.0843
ROI_075/patch_157,own,16–32,1,398,0.000,1.000,13.9869,15.0232
ROI_075/patch_157,own,32–64,1,1239,0.000,1.000,51.8413,54.4524
ROI_075/patch_157,own,64–128,1,4356,0.000,1.000,129.5150,135.9907
ROI_075/patch_157,own,≥128,1,29404,0.000,1.000,153.8455,157.0863
ROI_075/patch_158,nearest,0–16,1,155,0.000,1.000,6.3866,9.5324
ROI_075/patch_158,nearest,16–32,1,446,0.000,1.000,7.3608,11.2934
ROI_075/patch_158,nearest,32–64,1,1269,0.000,1.000,14.9200,19.3642
ROI_075/patch_158,nearest,64–128,1,2301,0.000,1.000,29.1471,35.2438
ROI_075/patch_158,nearest,≥128,1,456,0.000,1.000,80.4283,86.6463
ROI_075/patch_158,own,0–16,1,155,0.000,1.000,6.4256,9.5526
ROI_075/patch_158,own,16–32,1,446,0.000,1.000,7.5823,11.2989
ROI_075/patch_158,own,32–64,1,1440,0.000,1.000,13.3536,17.8564
ROI_075/patch_158,own,64–128,1,4750,0.000,1.000,17.3289,22.9414
ROI_075/patch_158,own,≥128,1,30225,0.000,1.000,29.1608,35.4653
ROI_075/patch_159,nearest,0–16,1,126,0.000,1.000,24.3403,24.5578
ROI_075/patch_159,nearest,16–32,1,378,0.000,1.000,23.8626,24.4038
ROI_075/patch_159,nearest,32–64,1,1127,0.000,1.000,45.2301,48.5181
ROI_075/patch_159,nearest,64–128,1,2548,0.000,1.000,35.3032,36.4868
ROI_075/patch_159,nearest,≥128,1,643,0.000,1.000,100.7181,101.2676
ROI_075/patch_159,own,0–16,1,126,0.000,1.000,24.2670,24.4952
ROI_075/patch_159,own,16–32,1,378,0.000,1.000,23.8523,24.3357
ROI_075/patch_159,own,32–64,1,1240,0.000,1.000,65.2095,66.4998
ROI_075/patch_159,own,64–128,1,4408,0.000,1.000,44.5167,46.0870
ROI_075/patch_159,own,≥128,1,32424,0.000,1.000,60.5919,62.5295
ROI_075/patch_160,nearest,0–16,1,130,0.000,1.000,26.4799,27.5044
ROI_075/patch_160,nearest,16–32,1,402,0.000,1.000,24.6686,25.6668
ROI_075/patch_160,nearest,32–64,1,1188,0.000,1.000,34.9948,37.1019
ROI_075/patch_160,nearest,64–128,1,1970,0.000,1.000,62.4167,63.8796
ROI_075/patch_160,nearest,≥128,1,913,0.000,1.000,70.4729,72.9145
ROI_075/patch_160,own,0–16,1,130,0.000,1.000,26.4489,27.4665
ROI_075/patch_160,own,16–32,1,402,0.000,1.000,24.8078,25.7925
ROI_075/patch_160,own,32–64,1,1373,0.000,1.000,32.8505,35.9492
ROI_075/patch_160,own,64–128,1,4854,0.000,1.000,55.4307,57.3995
ROI_075/patch_160,own,≥128,1,30065,0.000,1.000,61.4570,63.6288
ROI_075/patch_161,nearest,0–16,1,131,0.000,1.000,33.1401,34.8840
ROI_075/patch_161,nearest,16–32,1,347,0.000,1.000,46.8465,50.6649
ROI_075/patch_161,nearest,32–64,1,1001,0.000,1.000,61.3317,69.7980
ROI_075/patch_161,nearest,64–128,1,1832,0.000,1.000,129.0447,143.1259
ROI_075/patch_161,nearest,≥128,1,835,0.000,1.000,258.7917,263.2595
ROI_075/patch_161,own,0–16,1,131,0.000,1.000,33.1431,34.8770
ROI_075/patch_161,own,16–32,1,347,0.000,1.000,38.9741,42.2350
ROI_075/patch_161,own,32–64,1,1021,0.050,1.000,62.8479,67.7452
ROI_075/patch_161,own,64–128,1,3682,0.000,1.000,131.4779,139.5319
ROI_075/patch_161,own,≥128,1,27987,0.000,1.000,129.3597,134.2766
ROI_075/patch_162,nearest,0–16,1,136,0.000,1.000,6.2659,7.3147
ROI_075/patch_162,nearest,16–32,1,372,0.000,1.000,29.8829,31.5701
ROI_075/patch_162,nearest,32–64,1,1245,0.000,1.000,140.8872,145.9598
ROI_075/patch_162,nearest,64–128,1,2151,0.050,1.000,285.8204,294.5376
ROI_075/patch_162,nearest,≥128,1,206,0.000,1.000,762.5495,774.3949
ROI_075/patch_162,own,0–16,1,136,0.000,1.000,6.4798,7.5700
ROI_075/patch_162,own,16–32,1,372,0.000,1.000,35.7301,37.8607
ROI_075/patch_162,own,32–64,1,1251,0.000,1.000,191.1341,193.7860
ROI_075/patch_162,own,64–128,1,4503,0.000,1.000,201.1616,209.4845
ROI_075/patch_162,own,≥128,1,30728,0.050,1.000,107.7051,111.1665
ROI_075/patch_163,nearest,0–16,1,131,0.000,1.000,72.6243,76.9823
ROI_075/patch_163,nearest,16–32,1,362,0.000,1.000,21.8604,25.1285
ROI_075/patch_163,nearest,32–64,1,1086,0.000,1.000,40.6745,56.0805
ROI_075/patch_163,nearest,64–128,1,2249,0.000,1.000,53.5098,65.1399
ROI_075/patch_163,nearest,≥128,1,356,1.000,1.000,,
ROI_075/patch_163,own,0–16,1,131,0.000,1.000,60.4748,64.5344
ROI_075/patch_163,own,16–32,1,362,0.000,1.000,21.4508,24.9189
ROI_075/patch_163,own,32–64,1,1149,0.000,1.000,46.7462,56.5431
ROI_075/patch_163,own,64–128,1,4584,0.000,1.000,36.5255,42.4489
ROI_075/patch_163,own,≥128,1,31430,0.000,1.000,47.9507,54.7306
ROI_075/patch_164,nearest,0–16,1,147,0.000,1.000,6.0543,13.6731
ROI_075/patch_164,nearest,16–32,1,391,0.000,1.000,6.2115,14.0799
ROI_075/patch_164,nearest,32–64,1,1321,0.000,1.000,70.2281,79.7474
ROI_075/patch_164,nearest,64–128,1,2448,0.000,1.000,21.2746,29.2249
ROI_075/patch_164,nearest,≥128,1,519,0.000,1.000,68.8484,82.2911
ROI_075/patch_164,own,0–16,1,147,0.000,1.000,6.0467,13.6202
ROI_075/patch_164,own,16–32,1,391,0.000,1.000,8.6815,16.8659
ROI_075/patch_164,own,32–64,1,1354,0.000,1.000,85.2018,94.1482
ROI_075/patch_164,own,64–128,1,4762,0.000,1.000,13.8004,21.8070
ROI_075/patch_164,own,≥128,1,31954,0.000,1.000,37.2525,47.8262
ROI_075/patch_165,nearest,0–16,1,119,0.350,1.000,323.0383,334.4496
ROI_075/patch_165,nearest,16–32,1,363,0.000,1.000,51.3691,59.3083
ROI_075/patch_165,nearest,32–64,1,970,0.250,1.000,340.8840,356.6732
ROI_075/patch_165,nearest,64–128,1,1252,0.850,1.000,541.5152,568.3071
ROI_075/patch_165,nearest,≥128,1,494,0.950,1.000,1136.0938,1235.4649
ROI_075/patch_165,own,0–16,1,119,0.400,1.000,204.4815,214.2154
ROI_075/patch_165,own,16–32,1,363,0.000,1.000,47.8833,55.4692
ROI_075/patch_165,own,32–64,1,1177,0.300,1.000,276.4056,291.4309
ROI_075/patch_165,own,64–128,1,3378,0.400,1.000,592.1903,623.2489
ROI_075/patch_165,own,≥128,1,23745,0.400,1.000,1059.1739,1090.6577
ROI_075/patch_166,nearest,0–16,1,103,0.000,1.000,66.6404,77.7155
ROI_075/patch_166,nearest,16–32,1,258,0.000,1.000,125.6175,135.1796
ROI_075/patch_166,nearest,32–64,1,787,0.400,1.000,378.2056,395.0545
ROI_075/patch_166,nearest,64–128,1,1536,0.750,1.000,684.4470,738.4383
ROI_075/patch_166,nearest,≥128,1,384,0.700,1.000,5079.7460,5287.5697
ROI_075/patch_166,own,0–16,1,103,0.000,1.000,56.4477,67.6372
ROI_075/patch_166,own,16–32,1,265,0.000,1.000,86.2019,94.0161
ROI_075/patch_166,own,32–64,1,884,0.450,1.000,484.0956,508.8875
ROI_075/patch_166,own,64–128,1,2869,0.500,1.000,574.2683,605.7863
ROI_075/patch_166,own,≥128,1,20423,0.550,1.000,2131.0009,2177.9243
ROI_075/patch_167,nearest,0–16,1,144,0.000,1.000,76.2679,80.1119
ROI_075/patch_167,nearest,16–32,1,405,0.000,1.000,52.0341,56.7664
ROI_075/patch_167,nearest,32–64,1,934,0.000,1.000,168.0312,181.4681
ROI_075/patch_167,nearest,64–128,1,1486,0.000,1.000,255.6699,295.9534
ROI_075/patch_167,nearest,≥128,1,749,0.200,1.000,1797.4929,1828.4919
ROI_075/patch_167,own,0–16,1,144,0.000,1.000,58.3440,62.2775
ROI_075/patch_167,own,16–32,1,406,0.000,1.000,59.3595,64.0534
ROI_075/patch_167,own,32–64,1,1119,0.000,1.000,301.5644,313.0438
ROI_075/patch_167,own,64–128,1,3711,0.000,1.000,284.4976,306.0838
ROI_075/patch_167,own,≥128,1,28082,0.050,1.000,313.2611,333.4469
ROI_075/patch_168,nearest,0–16,1,113,0.000,1.000,135.1510,162.2484
ROI_075/patch_168,nearest,16–32,1,279,0.000,1.000,168.9533,185.9970
ROI_075/patch_168,nearest,32–64,1,786,0.300,1.000,499.2582,519.8062
ROI_075/patch_168,nearest,64–128,1,1001,0.900,1.000,599.4609,699.8640
ROI_075/patch_168,nearest,≥128,1,586,1.000,1.000,,
ROI_075/patch_168,own,0–16,1,113,0.000,1.000,180.4544,201.6100
ROI_075/patch_168,own,16–32,1,286,0.000,1.000,241.3598,264.5617
ROI_075/patch_168,own,32–64,1,1016,0.500,1.000,633.9653,657.0758
ROI_075/patch_168,own,64–128,1,3083,0.600,1.000,750.4551,786.2419
ROI_075/patch_168,own,≥128,1,17622,0.750,1.000,404.9384,443.5226
ROI_075/patch_169,nearest,0–16,1,102,0.000,1.000,148.9410,151.9690
ROI_075/patch_169,nearest,16–32,1,291,0.200,1.000,326.1822,354.4777
ROI_075/patch_169,nearest,32–64,1,852,0.500,1.000,461.4708,481.4026
ROI_075/patch_169,nearest,64–128,1,1307,0.850,1.000,863.5827,872.1906
ROI_075/patch_169,nearest,≥128,1,471,0.500,1.000,828.7768,852.3952
ROI_075/patch_169,own,0–16,1,102,0.000,1.000,126.3245,129.6629
ROI_075/patch_169,own,16–32,1,294,0.200,1.000,265.7702,284.1839
ROI_075/patch_169,own,32–64,1,982,0.250,1.000,296.2649,326.9420
ROI_075/patch_169,own,64–128,1,3580,0.800,1.000,473.0309,490.4953
ROI_075/patch_169,own,≥128,1,19226,0.700,1.000,683.0734,709.2567
ROI_075/patch_170,nearest,0–16,1,106,0.100,1.000,1291.4115,1303.8310
ROI_075/patch_170,nearest,16–32,1,295,0.350,1.000,922.5763,939.0095
ROI_075/patch_170,nearest,32–64,1,872,0.900,1.000,430.5389,472.2669
ROI_075/patch_170,nearest,64–128,1,1214,1.000,1.000,,
ROI_075/patch_170,nearest,≥128,1,222,1.000,1.000,,
ROI_075/patch_170,own,0–16,1,106,0.050,1.000,1488.0017,1503.6894
ROI_075/patch_170,own,16–32,1,295,0.050,1.000,611.7056,626.7991
ROI_075/patch_170,own,32–64,1,910,0.900,1.000,884.2042,910.4836
ROI_075/patch_170,own,64–128,1,2759,0.900,1.000,519.3985,838.5112
ROI_075/patch_170,own,≥128,1,17602,1.000,1.000,,
ROI_075/patch_171,nearest,0–16,1,111,1.000,1.000,,
ROI_075/patch_171,nearest,16–32,1,296,0.900,1.000,396.9436,421.2600
ROI_075/patch_171,nearest,32–64,1,730,1.000,1.000,,
ROI_075/patch_171,nearest,64–128,1,999,1.000,1.000,,
ROI_075/patch_171,nearest,≥128,1,585,1.000,1.000,,
ROI_075/patch_171,own,0–16,1,111,1.000,1.000,,
ROI_075/patch_171,own,16–32,1,296,0.950,1.000,290.0842,297.5190
ROI_075/patch_171,own,32–64,1,928,1.000,1.000,,
ROI_075/patch_171,own,64–128,1,2991,1.000,1.000,,
ROI_075/patch_171,own,≥128,1,17442,1.000,1.000,,
ROI_075/patch_172,nearest,0–16,1,123,0.150,1.000,335.7362,341.6195
ROI_075/patch_172,nearest,16–32,1,366,0.600,1.000,314.1409,329.1898
ROI_075/patch_172,nearest,32–64,1,937,1.000,1.000,,
ROI_075/patch_172,nearest,64–128,1,1272,1.000,1.000,,
ROI_075/patch_172,nearest,≥128,1,208,1.000,1.000,,
ROI_075/patch_172,own,0–16,1,123,0.100,1.000,266.9905,271.7827
ROI_075/patch_172,own,16–32,1,366,0.550,1.000,385.5335,406.2583
ROI_075/patch_172,own,32–64,1,966,1.000,1.000,,
ROI_075/patch_172,own,64–128,1,2801,1.000,1.000,,
ROI_075/patch_172,own,≥128,1,18992,1.000,1.000,,
ROI_075/patch_173,nearest,0–16,1,129,0.050,1.000,235.2907,268.2743
ROI_075/patch_173,nearest,16–32,1,372,0.000,1.000,184.4783,205.4921
ROI_075/patch_173,nearest,32–64,1,988,0.650,1.000,450.9957,492.9928
ROI_075/patch_173,nearest,64–128,1,1236,1.000,1.000,,
ROI_075/patch_173,nearest,≥128,1,261,1.000,1.000,,
ROI_075/patch_173,own,0–16,1,129,0.000,1.000,210.0584,237.0884
ROI_075/patch_173,own,16–32,1,372,0.100,1.000,142.7936,166.3165
ROI_075/patch_173,own,32–64,1,1170,0.550,1.000,377.4677,401.5018
ROI_075/patch_173,own,64–128,1,3557,0.900,1.000,565.4907,591.5007
ROI_075/patch_173,own,≥128,1,21646,0.900,1.000,800.7903,868.6462
ROI_075/patch_174,nearest,0–16,1,90,1.000,1.000,,
ROI_075/patch_174,nearest,16–32,1,263,1.000,1.000,,
ROI_075/patch_174,nearest,32–64,1,711,1.000,1.000,,
ROI_075/patch_174,nearest,64–128,1,1319,1.000,1.000,,
ROI_075/patch_174,nearest,≥128,1,422,1.000,1.000,,
ROI_075/patch_174,own,0–16,1,90,1.000,1.000,,
ROI_075/patch_174,own,16–32,1,263,1.000,1.000,,
ROI_075/patch_174,own,32–64,1,770,1.000,1.000,,
ROI_075/patch_174,own,64–128,1,2894,1.000,1.000,,
ROI_075/patch_174,own,≥128,1,18423,1.000,1.000,,
ROI_075/patch_175,nearest,0–16,1,122,0.900,1.000,682.4077,731.7153
ROI_075/patch_175,nearest,16–32,1,365,0.850,1.000,1126.2518,1150.7074
ROI_075/patch_175,nearest,32–64,1,883,1.000,1.000,,
ROI_075/patch_175,nearest,64–128,1,1203,1.000,1.000,,
ROI_075/patch_175,nearest,≥128,1,279,1.000,1.000,,
ROI_075/patch_175,own,0–16,1,122,0.950,1.000,755.3351,783.3680
ROI_075/patch_175,own,16–32,1,365,0.850,1.000,653.8445,682.5872
ROI_075/patch_175,own,32–64,1,1064,1.000,1.000,,
ROI_075/patch_175,own,64–128,1,3687,1.000,1.000,,
ROI_075/patch_175,own,≥128,1,20430,1.000,1.000,,
ROI_075/patch_177,nearest,0–16,1,94,1.000,1.000,,
ROI_075/patch_177,nearest,16–32,1,249,1.000,1.000,,
ROI_075/patch_177,nearest,32–64,1,689,1.000,1.000,,
ROI_075/patch_177,nearest,64–128,1,913,1.000,1.000,,
ROI_075/patch_177,nearest,≥128,1,680,1.000,1.000,,
ROI_075/patch_177,own,0–16,1,94,1.000,1.000,,
ROI_075/patch_177,own,16–32,1,253,1.000,1.000,,
ROI_075/patch_177,own,32–64,1,955,1.000,1.000,,
ROI_075/patch_177,own,64–128,1,3220,1.000,1.000,,
ROI_075/patch_177,own,≥128,1,16478,1.000,1.000,,
ROI_075/patch_178,nearest,0–16,1,103,1.000,1.000,,
ROI_075/patch_178,nearest,16–32,1,252,1.000,1.000,,
ROI_075/patch_178,nearest,32–64,1,588,1.000,1.000,,
ROI_075/patch_178,nearest,64–128,1,1011,1.000,1.000,,
ROI_075/patch_178,nearest,≥128,1,477,1.000,1.000,,
ROI_075/patch_178,own,0–16,1,103,1.000,1.000,,
ROI_075/patch_178,own,16–32,1,263,1.000,1.000,,
ROI_075/patch_178,own,32–64,1,813,1.000,1.000,,
ROI_075/patch_178,own,64–128,1,2785,1.000,1.000,,
ROI_075/patch_178,own,≥128,1,15484,1.000,1.000,,
ROI_075/patch_179,nearest,0–16,1,85,1.000,1.000,,
ROI_075/patch_179,nearest,16–32,1,250,1.000,1.000,,
ROI_075/patch_179,nearest,32–64,1,600,1.000,1.000,,
ROI_075/patch_179,nearest,64–128,1,880,1.000,1.000,,
ROI_075/patch_179,nearest,≥128,1,685,1.000,1.000,,
ROI_075/patch_179,own,0–16,1,85,1.000,1.000,,
ROI_075/patch_179,own,16–32,1,259,1.000,1.000,,
ROI_075/patch_179,own,32–64,1,698,1.000,1.000,,
ROI_075/patch_179,own,64–128,1,2580,1.000,1.000,,
ROI_075/patch_179,own,≥128,1,16378,1.000,1.000,,
ROI_075/patch_180,,,excluded,,,,,
ROI_075/patch_181,nearest,0–16,1,90,1.000,1.000,,
ROI_075/patch_181,nearest,16–32,1,236,1.000,1.000,,
ROI_075/patch_181,nearest,32–64,1,662,1.000,1.000,,
ROI_075/patch_181,nearest,64–128,1,684,1.000,1.000,,
ROI_075/patch_181,nearest,≥128,1,721,1.000,1.000,,
ROI_075/patch_181,own,0–16,1,90,1.000,1.000,,
ROI_075/patch_181,own,16–32,1,236,1.000,1.000,,
ROI_075/patch_181,own,32–64,1,829,1.000,1.000,,
ROI_075/patch_181,own,64–128,1,2496,1.000,1.000,,
ROI_075/patch_181,own,≥128,1,15493,1.000,1.000,,
ROI_080/patch_1,nearest,0–16,1,148,0.000,1.000,18.8978,29.1729
ROI_080/patch_1,nearest,16–32,1,399,0.000,1.000,19.1409,20.9246
ROI_080/patch_1,nearest,32–64,1,1101,0.000,1.000,57.3638,63.3458
ROI_080/patch_1,nearest,64–128,1,1926,0.000,1.000,60.2084,72.6242
ROI_080/patch_1,nearest,≥128,1,514,0.000,1.000,28.9641,32.4896
ROI_080/patch_1,own,0–16,1,148,0.000,1.000,23.8155,29.7755
ROI_080/patch_1,own,16–32,1,399,0.000,1.000,31.1308,32.8700
ROI_080/patch_1,own,32–64,1,1215,0.000,1.000,107.7954,114.3888
ROI_080/patch_1,own,64–128,1,3737,0.000,1.000,57.3376,60.7878
ROI_080/patch_1,own,≥128,1,27205,0.000,1.000,57.1044,63.0510
ROI_080/patch_3,nearest,0–16,1,116,0.000,1.000,20.0267,21.6195
ROI_080/patch_3,nearest,16–32,1,292,0.000,1.000,33.0086,51.1249
ROI_080/patch_3,nearest,32–64,1,611,0.000,1.000,224.1220,331.3072
ROI_080/patch_3,nearest,64–128,1,1527,0.050,1.000,128.2985,141.4117
ROI_080/patch_3,nearest,≥128,1,1041,0.050,1.000,390.7016,398.9390
ROI_080/patch_3,own,0–16,1,119,0.000,1.000,20.7189,22.3820
ROI_080/patch_3,own,16–32,1,332,0.000,1.000,80.7502,94.3623
ROI_080/patch_3,own,32–64,1,935,0.000,1.000,242.1697,336.7217
ROI_080/patch_3,own,64–128,1,2784,0.000,1.000,187.2573,206.2544
ROI_080/patch_3,own,≥128,1,24526,0.100,1.000,113.7931,122.4316
ROI_080/patch_4,nearest,0–16,1,144,0.000,1.000,9.3273,10.7661
ROI_080/patch_4,nearest,16–32,1,416,0.000,1.000,13.0797,15.7253
ROI_080/patch_4,nearest,32–64,1,934,0.000,1.000,57.3388,69.9724
ROI_080/patch_4,nearest,64–128,1,1233,0.000,1.000,119.5646,126.7796
ROI_080/patch_4,nearest,≥128,1,718,0.150,1.000,70.2541,85.4020
ROI_080/patch_4,own,0–16,1,144,0.000,1.000,9.4931,10.9115
ROI_080/patch_4,own,16–32,1,416,0.000,1.000,10.2107,11.7589
ROI_080/patch_4,own,32–64,1,1246,0.000,1.000,45.4657,57.5512
ROI_080/patch_4,own,64–128,1,4399,0.000,1.000,180.7418,187.3855
ROI_080/patch_4,own,≥128,1,21355,0.000,1.000,112.0362,122.1934
ROI_080/patch_5,nearest,0–16,1,116,0.000,1.000,11.1216,12.5709
ROI_080/patch_5,nearest,16–32,1,346,0.000,1.000,75.4462,80.6495
ROI_080/patch_5,nearest,32–64,1,873,0.000,1.000,131.9658,134.6538
ROI_080/patch_5,nearest,64–128,1,1130,0.000,1.000,68.7277,77.1187
ROI_080/patch_5,nearest,≥128,1,849,0.350,1.000,314.2522,359.3196
ROI_080/patch_5,own,0–16,1,116,0.000,1.000,10.8573,12.3249
ROI_080/patch_5,own,16–32,1,346,0.000,1.000,103.2558,109.8438
ROI_080/patch_5,own,32–64,1,1045,0.000,1.000,140.0518,149.3586
ROI_080/patch_5,own,64–128,1,3810,0.000,1.000,91.6674,103.1581
ROI_080/patch_5,own,≥128,1,21195,0.000,1.000,109.5868,129.4709
ROI_080/patch_7,nearest,0–16,1,148,0.000,1.000,4.2695,4.8942
ROI_080/patch_7,nearest,16–32,1,397,0.000,1.000,5.8329,6.8176
ROI_080/patch_7,nearest,32–64,1,917,0.000,1.000,322.3908,327.1750
ROI_080/patch_7,nearest,64–128,1,1410,0.050,1.000,194.3308,201.6988
ROI_080/patch_7,nearest,≥128,1,733,1.000,1.000,,
ROI_080/patch_7,own,0–16,1,148,0.000,1.000,4.1689,4.8507
ROI_080/patch_7,own,16–32,1,400,0.000,1.000,6.2471,7.2123
ROI_080/patch_7,own,32–64,1,1175,0.000,1.000,268.9266,272.4531
ROI_080/patch_7,own,64–128,1,3540,0.000,1.000,356.4773,362.3682
ROI_080/patch_7,own,≥128,1,23577,0.000,1.000,237.5445,242.7968
ROI_080/patch_8,nearest,0–16,1,144,0.000,1.000,11.3856,11.5787
ROI_080/patch_8,nearest,16–32,1,385,0.000,1.000,11.6377,12.0343
ROI_080/patch_8,nearest,32–64,1,975,0.000,1.000,108.3118,110.3172
ROI_080/patch_8,nearest,64–128,1,1685,0.000,1.000,97.7053,108.1309
ROI_080/patch_8,nearest,≥128,1,723,0.000,1.000,107.9195,113.3256
ROI_080/patch_8,own,0–16,1,144,0.000,1.000,11.3872,11.5795
ROI_080/patch_8,own,16–32,1,385,0.000,1.000,11.7371,12.1018
ROI_080/patch_8,own,32–64,1,1078,0.000,1.000,285.0740,291.4656
ROI_080/patch_8,own,64–128,1,3353,0.000,1.000,67.2385,75.7786
ROI_080/patch_8,own,≥128,1,26336,0.050,1.000,80.2584,86.7096
ROI_080/patch_9,nearest,0–16,1,139,0.000,1.000,142.1045,143.4770
ROI_080/patch_9,nearest,16–32,1,352,0.000,1.000,16.1626,17.1731
ROI_080/patch_9,nearest,32–64,1,954,0.000,1.000,120.8100,140.6571
ROI_080/patch_9,nearest,64–128,1,1873,0.000,1.000,48.1253,56.2131
ROI_080/patch_9,nearest,≥128,1,585,0.000,1.000,443.9767,495.9462
ROI_080/patch_9,own,0–16,1,139,0.000,1.000,67.3360,68.4231
ROI_080/patch_9,own,16–32,1,352,0.000,1.000,18.1631,21.6914
ROI_080/patch_9,own,32–64,1,1034,0.000,1.000,129.5656,143.5158
ROI_080/patch_9,own,64–128,1,3814,0.000,1.000,48.3619,54.7794
ROI_080/patch_9,own,≥128,1,25885,0.000,1.000,66.8019,74.2506
ROI_080/patch_11,nearest,0–16,1,140,0.000,1.000,12.1060,13.5885
ROI_080/patch_11,nearest,16–32,1,348,0.000,1.000,21.2841,30.8768
ROI_080/patch_11,nearest,32–64,1,907,0.000,1.000,140.0922,165.4125
ROI_080/patch_11,nearest,64–128,1,1658,0.000,1.000,103.7007,115.6852
ROI_080/patch_11,nearest,≥128,1,522,0.050,1.000,133.6685,146.6717
ROI_080/patch_11,own,0–16,1,140,0.000,1.000,12.0610,13.3230
ROI_080/patch_11,own,16–32,1,365,0.000,1.000,21.1798,30.8895
ROI_080/patch_11,own,32–64,1,1009,0.000,1.000,109.4425,151.5059
ROI_080/patch_11,own,64–128,1,3328,0.000,1.000,180.4250,192.1538
ROI_080/patch_11,own,≥128,1,23758,0.000,1.000,92.2874,101.2488
ROI_080/patch_14,nearest,0–16,1,135,0.000,1.000,3.2507,3.8621
ROI_080/patch_14,nearest,16–32,1,341,0.000,1.000,3.6610,4.5879
ROI_080/patch_14,nearest,32–64,1,904,0.000,1.000,58.9441,69.4303
ROI_080/patch_14,nearest,64–128,1,1487,0.000,1.000,104.3310,110.9854
ROI_080/patch_14,nearest,≥128,1,894,0.000,1.000,45.5952,49.6973
ROI_080/patch_14,own,0–16,1,135,0.000,1.000,3.2266,3.8467
ROI_080/patch_14,own,16–32,1,342,0.000,1.000,28.0728,29.0435
ROI_080/patch_14,own,32–64,1,1077,0.000,1.000,46.9029,52.6645
ROI_080/patch_14,own,64–128,1,4013,0.000,1.000,63.8351,70.9932
ROI_080/patch_14,own,≥128,1,24521,0.000,1.000,75.9615,84.8280
ROI_080/patch_18,nearest,0–16,1,121,0.000,1.000,6.5573,16.0338
ROI_080/patch_18,nearest,16–32,1,357,0.000,1.000,41.6662,56.2276
ROI_080/patch_18,nearest,32–64,1,819,0.000,1.000,48.0625,78.2167
ROI_080/patch_18,nearest,64–128,1,1826,0.000,1.000,108.2464,120.4164
ROI_080/patch_18,nearest,≥128,1,618,0.000,1.000,59.2365,92.3149
ROI_080/patch_18,own,0–16,1,121,0.000,1.000,8.0874,13.2954
ROI_080/patch_18,own,16–32,1,360,0.000,1.000,30.6116,39.3717
ROI_080/patch_18,own,32–64,1,1021,0.000,1.000,56.4271,75.7669
ROI_080/patch_18,own,64–128,1,3269,0.000,1.000,96.7642,108.8347
ROI_080/patch_18,own,≥128,1,25157,0.000,1.000,93.9879,108.9134
ROI_080/patch_19,nearest,0–16,1,159,0.000,1.000,26.5770,27.4650
ROI_080/patch_19,nearest,16–32,1,416,0.000,1.000,17.1513,18.8949
ROI_080/patch_19,nearest,32–64,1,1205,0.050,1.000,43.9519,46.0262
ROI_080/patch_19,nearest,64–128,1,1440,0.000,1.000,79.5302,90.3058
ROI_080/patch_19,nearest,≥128,1,536,0.000,1.000,47.9168,54.0629
ROI_080/patch_19,own,0–16,1,159,0.000,1.000,19.1922,20.0995
ROI_080/patch_19,own,16–32,1,416,0.000,1.000,15.3205,16.9521
ROI_080/patch_19,own,32–64,1,1278,0.000,1.000,74.9983,77.8071
ROI_080/patch_19,own,64–128,1,4720,0.000,1.000,70.0781,79.8584
ROI_080/patch_19,own,≥128,1,27231,0.000,1.000,95.8500,107.7732
ROI_080/patch_22,nearest,0–16,1,118,0.000,1.000,788.9067,948.6709
ROI_080/patch_22,nearest,16–32,1,349,0.000,1.000,313.7317,328.2626
ROI_080/patch_22,nearest,32–64,1,893,0.000,1.000,47.8477,51.8710
ROI_080/patch_22,nearest,64–128,1,1667,0.000,1.000,112.5219,116.5067
ROI_080/patch_22,nearest,≥128,1,711,0.000,1.000,179.7572,186.0553
ROI_080/patch_22,own,0–16,1,118,0.000,1.000,693.9494,864.5046
ROI_080/patch_22,own,16–32,1,359,0.000,1.000,227.1079,249.4849
ROI_080/patch_22,own,32–64,1,1052,0.000,1.000,197.1779,228.4956
ROI_080/patch_22,own,64–128,1,3648,0.000,1.000,89.4033,93.2268
ROI_080/patch_22,own,≥128,1,24727,0.000,1.000,62.7384,72.0916
ROI_080/patch_24,nearest,0–16,1,127,0.000,1.000,37.4706,38.2996
ROI_080/patch_24,nearest,16–32,1,326,0.000,1.000,613.0385,615.7517
ROI_080/patch_24,nearest,32–64,1,831,0.000,1.000,261.5998,268.7511
ROI_080/patch_24,nearest,64–128,1,974,0.050,1.000,246.6213,255.3732
ROI_080/patch_24,nearest,≥128,1,600,1.000,1.000,,
ROI_080/patch_24,own,0–16,1,127,0.000,1.000,41.0845,41.8869
ROI_080/patch_24,own,16–32,1,326,0.000,1.000,569.5895,571.5598
ROI_080/patch_24,own,32–64,1,891,0.000,1.000,189.1568,193.9845
ROI_080/patch_24,own,64–128,1,2774,0.050,1.000,256.1957,274.2592
ROI_080/patch_24,own,≥128,1,18746,0.000,1.000,471.6834,486.9066
ROI_080/patch_25,nearest,0–16,1,120,0.000,1.000,24.1983,42.5435
ROI_080/patch_25,nearest,16–32,1,298,0.450,1.000,593.3030,593.8607
ROI_080/patch_25,nearest,32–64,1,764,0.000,1.000,79.1139,87.1257
ROI_080/patch_25,nearest,64–128,1,1637,0.000,1.000,395.5382,420.7719
ROI_080/patch_25,nearest,≥128,1,618,0.000,1.000,181.4549,241.7882
ROI_080/patch_25,own,0–16,1,120,0.000,1.000,30.0315,48.2139
ROI_080/patch_25,own,16–32,1,301,0.450,1.000,506.0200,506.4657
ROI_080/patch_25,own,32–64,1,876,0.000,1.000,151.5943,156.5353
ROI_080/patch_25,own,64–128,1,2621,0.000,1.000,270.1575,286.5535
ROI_080/patch_25,own,≥128,1,23578,0.000,1.000,253.8808,267.7199
ROI_080/patch_28,nearest,0–16,1,127,0.000,1.000,26.5991,30.0630
ROI_080/patch_28,nearest,16–32,1,374,0.000,1.000,21.5326,23.9781
ROI_080/patch_28,nearest,32–64,1,706,0.000,1.000,126.5101,136.4787
ROI_080/patch_28,nearest,64–128,1,1404,0.000,1.000,79.5140,92.4105
ROI_080/patch_28,nearest,≥128,1,898,0.050,1.000,433.3912,439.4097
ROI_080/patch_28,own,0–16,1,127,0.000,1.000,22.4131,25.6678
ROI_080/patch_28,own,16–32,1,374,0.000,1.000,19.7270,21.8622
ROI_080/patch_28,own,32–64,1,1082,0.000,1.000,105.9842,110.7161
ROI_080/patch_28,own,64–128,1,3009,0.000,1.000,234.4047,240.8316
ROI_080/patch_28,own,≥128,1,23480,0.100,1.000,155.2289,164.2427
ROI_080/patch_29,nearest,0–16,1,136,0.000,1.000,16.4219,17.6465
ROI_080/patch_29,nearest,16–32,1,368,0.000,1.000,36.9493,38.9905
ROI_080/patch_29,nearest,32–64,1,1016,0.000,1.000,55.9642,63.7494
ROI_080/patch_29,nearest,64–128,1,1867,0.000,1.000,91.2779,99.1528
ROI_080/patch_29,nearest,≥128,1,441,0.000,1.000,252.5159,257.6205
ROI_080/patch_29,own,0–16,1,136,0.000,1.000,16.6967,17.9541
ROI_080/patch_29,own,16–32,1,368,0.000,1.000,26.4808,27.9600
ROI_080/patch_29,own,32–64,1,1049,0.000,1.000,147.7448,154.2591
ROI_080/patch_29,own,64–128,1,3821,0.000,1.000,105.2213,114.7929
ROI_080/patch_29,own,≥128,1,25250,0.000,1.000,70.0090,78.7549
ROI_080/patch_30,nearest,0–16,1,131,0.000,1.000,18.0791,18.9053
ROI_080/patch_30,nearest,16–32,1,361,0.000,1.000,18.0585,19.1032
ROI_080/patch_30,nearest,32–64,1,1099,0.000,1.000,38.9677,53.1369
ROI_080/patch_30,nearest,64–128,1,1815,0.000,1.000,85.0015,86.9690
ROI_080/patch_30,nearest,≥128,1,529,0.000,1.000,320.8596,355.8584
ROI_080/patch_30,own,0–16,1,131,0.000,1.000,18.1043,18.8888
ROI_080/patch_30,own,16–32,1,361,0.000,1.000,18.0160,19.0697
ROI_080/patch_30,own,32–64,1,1115,0.000,1.000,38.4340,41.5328
ROI_080/patch_30,own,64–128,1,4195,0.000,1.000,49.8822,51.3449
ROI_080/patch_30,own,≥128,1,25678,0.000,1.000,83.5777,91.3303
ROI_080/patch_32,nearest,0–16,1,141,0.000,1.000,4.0806,5.5477
ROI_080/patch_32,nearest,16–32,1,370,0.000,1.000,50.0766,67.2489
ROI_080/patch_32,nearest,32–64,1,1147,0.000,1.000,50.4001,66.8351
ROI_080/patch_32,nearest,64–128,1,1598,0.000,1.000,85.0643,90.1634
ROI_080/patch_32,nearest,≥128,1,667,0.000,1.000,753.1875,760.6245
ROI_080/patch_32,own,0–16,1,141,0.000,1.000,3.9620,5.4372
ROI_080/patch_32,own,16–32,1,370,0.000,1.000,40.3731,53.1536
ROI_080/patch_32,own,32–64,1,1206,0.000,1.000,60.1191,68.3731
ROI_080/patch_32,own,64–128,1,4620,0.000,1.000,55.6043,64.5923
ROI_080/patch_32,own,≥128,1,25047,0.000,1.000,114.9600,124.7094
ROI_080/patch_33,nearest,0–16,1,186,0.000,1.000,17.7100,19.2434
ROI_080/patch_33,nearest,16–32,1,494,0.000,1.000,18.6786,20.3850
ROI_080/patch_33,nearest,32–64,1,1307,0.000,1.000,53.2190,56.0447
ROI_080/patch_33,nearest,64–128,1,1713,0.000,1.000,135.1794,138.5994
ROI_080/patch_33,nearest,≥128,1,571,1.000,1.000,,
ROI_080/patch_33,own,0–16,1,186,0.000,1.000,17.7203,19.2674
ROI_080/patch_33,own,16–32,1,494,0.000,1.000,18.4826,20.2156
ROI_080/patch_33,own,32–64,1,1427,0.000,1.000,65.8581,70.3738
ROI_080/patch_33,own,64–128,1,5163,0.000,1.000,47.9384,51.2759
ROI_080/patch_33,own,≥128,1,35440,0.000,1.000,37.0557,41.0303
ROI_080/patch_34,nearest,0–16,1,148,0.000,1.000,204.8300,207.7197
ROI_080/patch_34,nearest,16–32,1,426,0.000,1.000,87.9272,91.8835
ROI_080/patch_34,nearest,32–64,1,1031,0.000,1.000,127.9355,134.6966
ROI_080/patch_34,nearest,64–128,1,1534,0.050,1.000,214.0717,239.1058
ROI_080/patch_34,nearest,≥128,1,682,0.000,1.000,76.1162,102.8560
ROI_080/patch_34,own,0–16,1,148,0.000,1.000,159.1305,162.8476
ROI_080/patch_34,own,16–32,1,454,0.000,1.000,115.7987,121.3354
ROI_080/patch_34,own,32–64,1,1354,0.000,1.000,155.6554,164.0262
ROI_080/patch_34,own,64–128,1,3991,0.050,1.000,231.3425,243.7895
ROI_080/patch_34,own,≥128,1,28442,0.000,1.000,221.1869,235.9384
ROI_080/patch_35,nearest,0–16,1,146,0.000,1.000,26.3232,26.8040
ROI_080/patch_35,nearest,16–32,1,326,0.000,1.000,29.6611,31.0574
ROI_080/patch_35,nearest,32–64,1,787,0.050,1.000,146.7930,151.0322
ROI_080/patch_35,nearest,64–128,1,1574,0.000,1.000,209.4406,219.0568
ROI_080/patch_35,nearest,≥128,1,1051,0.000,1.000,199.0140,227.6965
ROI_080/patch_35,own,0–16,1,146,0.000,1.000,25.6475,26.1333
ROI_080/patch_35,own,16–32,1,330,0.000,1.000,25.6332,26.7391
ROI_080/patch_35,own,32–64,1,998,0.000,1.000,99.2984,102.6549
ROI_080/patch_35,own,64–128,1,3159,0.000,1.000,188.1968,203.1840
ROI_080/patch_35,own,≥128,1,26439,0.000,1.000,151.8006,159.6127
ROI_080/patch_38,nearest,0–16,1,145,0.000,1.000,9.3532,10.4391
ROI_080/patch_38,nearest,16–32,1,397,0.000,1.000,28.1940,29.9364
ROI_080/patch_38,nearest,32–64,1,1024,0.000,1.000,45.0178,50.6044
ROI_080/patch_38,nearest,64–128,1,1602,0.000,1.000,52.2512,65.8226
ROI_080/patch_38,nearest,≥128,1,805,0.000,1.000,99.7979,102.3165
ROI_080/patch_38,own,0–16,1,145,0.000,1.000,9.3284,10.4138
ROI_080/patch_38,own,16–32,1,415,0.000,1.000,32.9800,34.6868
ROI_080/patch_38,own,32–64,1,1199,0.000,1.000,70.8421,75.6834
ROI_080/patch_38,own,64–128,1,4563,0.000,1.000,53.0402,65.7594
ROI_080/patch_38,own,≥128,1,25462,0.000,1.000,55.2542,60.8900
ROI_080/patch_39,nearest,0–16,1,121,0.000,1.000,14.2046,14.9157
ROI_080/patch_39,nearest,16–32,1,308,0.000,1.000,48.3911,55.4868
ROI_080/patch_39,nearest,32–64,1,791,0.000,1.000,177.1067,190.5815
ROI_080/patch_39,nearest,64–128,1,1280,0.200,1.000,290.4682,306.6155
ROI_080/patch_39,nearest,≥128,1,860,0.100,1.000,147.1471,185.9058
ROI_080/patch_39,own,0–16,1,121,0.000,1.000,11.6127,12.3629
ROI_080/patch_39,own,16–32,1,327,0.000,1.000,48.7849,58.4355
ROI_080/patch_39,own,32–64,1,968,0.000,1.000,135.1588,142.6303
ROI_080/patch_39,own,64–128,1,3313,0.000,1.000,99.0826,117.4356
ROI_080/patch_39,own,≥128,1,22151,0.050,1.000,79.3305,89.1103
ROI_080/patch_44,nearest,0–16,1,137,0.000,1.000,32.4087,33.6377
ROI_080/patch_44,nearest,16–32,1,403,0.000,1.000,27.8153,31.5013
ROI_080/patch_44,nearest,32–64,1,1138,0.000,1.000,51.7430,55.4347
ROI_080/patch_44,nearest,64–128,1,1924,0.000,1.000,96.2145,99.5885
ROI_080/patch_44,nearest,≥128,1,678,0.000,1.000,97.0565,101.0561
ROI_080/patch_44,own,0–16,1,137,0.000,1.000,32.6756,33.9222
ROI_080/patch_44,own,16–32,1,403,0.000,1.000,28.4376,32.2812
ROI_080/patch_44,own,32–64,1,1355,0.000,1.000,33.7355,37.0083
ROI_080/patch_44,own,64–128,1,4790,0.000,1.000,46.4068,51.1254
ROI_080/patch_44,own,≥128,1,27555,0.000,1.000,81.3046,89.0161
ROI_080/patch_45,nearest,0–16,1,114,0.000,1.000,7.4123,8.6421
ROI_080/patch_45,nearest,16–32,1,328,0.000,1.000,8.1753,9.3091
ROI_080/patch_45,nearest,32–64,1,701,0.000,1.000,41.6663,45.5181
ROI_080/patch_45,nearest,64–128,1,1221,0.000,1.000,149.2546,165.0594
ROI_080/patch_45,nearest,≥128,1,679,0.100,1.000,282.7059,534.5618
ROI_080/patch_45,own,0–16,1,114,0.000,1.000,7.3671,8.6122
ROI_080/patch_45,own,16–32,1,342,0.000,1.000,9.4518,10.4276
ROI_080/patch_45,own,32–64,1,898,0.000,1.000,41.2439,43.0244
ROI_080/patch_45,own,64–128,1,2999,0.000,1.000,159.4263,168.3525
ROI_080/patch_45,own,≥128,1,19991,0.000,1.000,151.8027,166.8388
ROI_080/patch_46,nearest,0–16,1,122,0.000,1.000,6.9680,21.6969
ROI_080/patch_46,nearest,16–32,1,320,0.000,1.000,26.4014,28.0464
ROI_080/patch_46,nearest,32–64,1,866,0.000,1.000,27.1922,36.8344
ROI_080/patch_46,nearest,64–128,1,1742,0.000,1.000,112.8588,118.7668
ROI_080/patch_46,nearest,≥128,1,799,1.000,1.000,,
ROI_080/patch_46,own,0–16,1,122,0.000,1.000,6.9677,20.4138
ROI_080/patch_46,own,16–32,1,320,0.000,1.000,40.1697,41.7297
ROI_080/patch_46,own,32–64,1,1009,0.000,1.000,29.8098,37.0362
ROI_080/patch_46,own,64–128,1,3627,0.000,1.000,89.4321,98.5388
ROI_080/patch_46,own,≥128,1,25714,0.000,1.000,140.1809,148.5263
ROI_080/patch_48,nearest,0–16,1,154,0.000,1.000,17.4726,18.1112
ROI_080/patch_48,nearest,16–32,1,439,0.000,1.000,60.9567,61.6824
ROI_080/patch_48,nearest,32–64,1,1129,0.000,1.000,47.3301,58.3166
ROI_080/patch_48,nearest,64–128,1,1728,0.000,1.000,83.6594,88.8154
ROI_080/patch_48,nearest,≥128,1,499,0.050,1.000,264.8617,280.0315
ROI_080/patch_48,own,0–16,1,154,0.000,1.000,17.4804,18.1164
ROI_080/patch_48,own,16–32,1,439,0.000,1.000,87.2056,87.8943
ROI_080/patch_48,own,32–64,1,1283,0.000,1.000,103.8915,109.9696
ROI_080/patch_48,own,64–128,1,4230,0.000,1.000,61.2619,62.9283
ROI_080/patch_48,own,≥128,1,25486,0.000,1.000,169.0976,180.0803
ROI_080/patch_50,,,excluded,,,,,
ROI_080/patch_51,nearest,0–16,1,136,0.000,1.000,2.5098,5.1417
ROI_080/patch_51,nearest,16–32,1,403,0.000,1.000,6.2069,9.9384
ROI_080/patch_51,nearest,32–64,1,1072,0.000,1.000,69.5979,78.6986
ROI_080/patch_51,nearest,64–128,1,1956,0.000,1.000,74.4151,82.1445
ROI_080/patch_51,nearest,≥128,1,448,0.000,1.000,125.6398,143.9771
ROI_080/patch_51,own,0–16,1,136,0.000,1.000,2.4966,5.0696
ROI_080/patch_51,own,16–32,1,403,0.000,1.000,8.2545,14.2711
ROI_080/patch_51,own,32–64,1,1117,0.000,1.000,44.6510,50.7301
ROI_080/patch_51,own,64–128,1,3710,0.000,1.000,68.0075,75.3957
ROI_080/patch_51,own,≥128,1,26754,0.000,1.000,66.5695,73.2596
ROI_080/patch_52,nearest,0–16,1,146,0.000,1.000,43.4501,45.0667
ROI_080/patch_52,nearest,16–32,1,379,0.000,1.000,27.8588,29.8947
ROI_080/patch_52,nearest,32–64,1,1053,0.000,1.000,43.8869,50.4399
ROI_080/patch_52,nearest,64–128,1,2167,0.000,1.000,97.2190,102.1910
ROI_080/patch_52,nearest,≥128,1,347,0.150,1.000,253.9595,257.4482
ROI_080/patch_52,own,0–16,1,146,0.000,1.000,45.1693,46.7639
ROI_080/patch_52,own,16–32,1,379,0.000,1.000,18.6169,20.4408
ROI_080/patch_52,own,32–64,1,1125,0.000,1.000,46.3271,54.1115
ROI_080/patch_52,own,64–128,1,4105,0.000,1.000,102.4547,108.0063
ROI_080/patch_52,own,≥128,1,26981,0.000,1.000,76.8114,82.5372
ROI_080/patch_53,nearest,0–16,1,110,0.000,1.000,50.1896,52.0682
ROI_080/patch_53,nearest,16–32,1,348,0.000,1.000,64.6515,70.6722
ROI_080/patch_53,nearest,32–64,1,995,0.000,1.000,92.3163,105.9653
ROI_080/patch_53,nearest,64–128,1,1664,0.000,1.000,73.7635,90.2996
ROI_080/patch_53,nearest,≥128,1,781,0.000,1.000,64.4076,75.4469
ROI_080/patch_53,own,0–16,1,110,0.000,1.000,56.6308,58.6872
ROI_080/patch_53,own,16–32,1,348,0.000,1.000,111.0684,115.4828
ROI_080/patch_53,own,32–64,1,1073,0.000,1.000,127.0856,150.8086
ROI_080/patch_53,own,64–128,1,3369,0.000,1.000,134.2352,144.3593
ROI_080/patch_53,own,≥128,1,26284,0.000,1.000,70.1857,83.2399
ROI_080/patch_54,nearest,0–16,1,130,0.000,1.000,15.7961,18.9143
ROI_080/patch_54,nearest,16–32,1,376,0.050,1.000,111.6736,114.8110
ROI_080/patch_54,nearest,32–64,1,891,0.000,1.000,213.6446,231.6259
ROI_080/patch_54,nearest,64–128,1,1265,0.000,1.000,86.7166,95.3509
ROI_080/patch_54,nearest,≥128,1,872,0.400,1.000,110.5455,117.2714
ROI_080/patch_54,own,0–16,1,130,0.000,1.000,17.4534,22.0614
ROI_080/patch_54,own,16–32,1,385,0.000,1.000,119.9366,122.3821
ROI_080/patch_54,own,32–64,1,1164,0.000,1.000,195.2848,205.0411
ROI_080/patch_54,own,64–128,1,3934,0.000,1.000,157.3574,163.9591
ROI_080/patch_54,own,≥128,1,22659,0.250,1.000,145.4435,152.3792
ROI_080/patch_55,nearest,0–16,1,116,0.000,1.000,13.6571,20.2876
ROI_080/patch_55,nearest,16–32,1,283,0.000,1.000,67.2285,73.0334
ROI_080/patch_55,nearest,32–64,1,909,0.000,1.000,158.5317,166.1957
ROI_080/patch_55,nearest,64–128,1,1913,0.000,1.000,155.7782,220.6672
ROI_080/patch_55,nearest,≥128,1,468,0.000,1.000,1070.3152,1313.4702
ROI_080/patch_55,own,0–16,1,116,0.000,1.000,14.1855,20.6663
ROI_080/patch_55,own,16–32,1,283,0.000,1.000,44.3357,49.5008
ROI_080/patch_55,own,32–64,1,910,0.000,1.000,155.5390,160.0413
ROI_080/patch_55,own,64–128,1,3328,0.000,1.000,196.3425,239.7620
ROI_080/patch_55,own,≥128,1,24875,0.050,1.000,81.0854,95.2777
ROI_080/patch_57,nearest,0–16,1,127,0.000,1.000,6.5928,10.8148
ROI_080/patch_57,nearest,16–32,1,342,0.000,1.000,10.6031,17.6163
ROI_080/patch_57,nearest,32–64,1,932,0.000,1.000,114.6345,128.8441
ROI_080/patch_57,nearest,64–128,1,1552,0.000,1.000,60.5594,74.7777
ROI_080/patch_57,nearest,≥128,1,650,0.000,1.000,109.8861,148.1702
ROI_080/patch_57,own,0–16,1,127,0.000,1.000,7.1222,12.4364
ROI_080/patch_57,own,16–32,1,342,0.000,1.000,11.9817,24.6108
ROI_080/patch_57,own,32–64,1,962,0.000,1.000,136.3729,152.0359
ROI_080/patch_57,own,64–128,1,3563,0.000,1.000,99.7504,118.2023
ROI_080/patch_57,own,≥128,1,23830,0.000,1.000,84.9683,92.7528
ROI_080/patch_58,nearest,0–16,1,137,0.000,1.000,27.4398,28.7705
ROI_080/patch_58,nearest,16–32,1,336,0.000,1.000,64.4511,72.1783
ROI_080/patch_58,nearest,32–64,1,805,0.250,1.000,297.0893,319.5166
ROI_080/patch_58,nearest,64–128,1,1220,0.200,1.000,251.0158,264.1927
ROI_080/patch_58,nearest,≥128,1,583,0.650,1.000,610.3097,641.7628
ROI_080/patch_58,own,0–16,1,137,0.000,1.000,20.9543,22.3610
ROI_080/patch_58,own,16–32,1,336,0.000,1.000,65.5840,80.6915
ROI_080/patch_58,own,32–64,1,851,0.200,1.000,274.3347,281.0262
ROI_080/patch_58,own,64–128,1,3217,0.100,1.000,239.2332,264.5936
ROI_080/patch_58,own,≥128,1,20107,0.250,1.000,351.8636,370.4538
ROI_080/patch_59,nearest,0–16,1,99,0.000,1.000,109.2358,111.1779
ROI_080/patch_59,nearest,16–32,1,297,0.000,1.000,52.8160,56.8772
ROI_080/patch_59,nearest,32–64,1,729,0.000,1.000,52.3988,62.1254
ROI_080/patch_59,nearest,64–128,1,1184,0.000,1.000,102.5285,111.1276
ROI_080/patch_59,nearest,≥128,1,1451,0.000,1.000,201.6728,222.1336
ROI_080/patch_59,own,0–16,1,99,0.000,1.000,81.4255,83.2806
ROI_080/patch_59,own,16–32,1,297,0.000,1.000,51.8184,55.3499
ROI_080/patch_59,own,32–64,1,923,0.000,1.000,85.7679,94.1074
ROI_080/patch_59,own,64–128,1,2855,0.000,1.000,61.7380,70.3427
ROI_080/patch_59,own,≥128,1,25906,0.000,1.000,82.8900,96.5905
ROI_080/patch_61,nearest,0–16,1,108,0.000,1.000,147.6300,149.0968
ROI_080/patch_61,nearest,16–32,1,288,0.000,1.000,87.2377,92.0865
ROI_080/patch_61,nearest,32–64,1,689,0.000,1.000,159.4725,169.6903
ROI_080/patch_61,nearest,64–128,1,1301,0.000,1.000,92.7648,101.0972
ROI_080/patch_61,nearest,≥128,1,784,0.000,1.000,464.7274,494.9664
ROI_080/patch_61,own,0–16,1,108,0.000,1.000,171.0037,172.4941
ROI_080/patch_61,own,16–32,1,293,0.000,1.000,71.6596,77.1956
ROI_080/patch_61,own,32–64,1,816,0.000,1.000,105.7389,123.1177
ROI_080/patch_61,own,64–128,1,2824,0.000,1.000,120.6229,136.8211
ROI_080/patch_61,own,≥128,1,21319,0.000,1.000,238.4036,253.5723
ROI_080/patch_63,nearest,0–16,1,117,0.000,1.000,115.9791,117.0620
ROI_080/patch_63,nearest,16–32,1,311,0.000,1.000,40.0847,55.9984
ROI_080/patch_63,nearest,32–64,1,643,0.000,1.000,339.4751,356.4165
ROI_080/patch_63,nearest,64–128,1,1473,0.050,1.000,516.1927,535.6244
ROI_080/patch_63,nearest,≥128,1,382,0.200,1.000,2756.8016,2808.9504
ROI_080/patch_63,own,0–16,1,117,0.000,1.000,111.3651,112.4647
ROI_080/patch_63,own,16–32,1,330,0.000,1.000,58.0219,73.0917
ROI_080/patch_63,own,32–64,1,756,0.050,1.000,322.6465,335.1509
ROI_080/patch_63,own,64–128,1,2688,0.000,1.000,684.1918,698.7970
ROI_080/patch_63,own,≥128,1,19517,0.150,1.000,853.1432,864.3932
ROI_080/patch_65,nearest,0–16,1,123,0.000,1.000,232.5770,346.0934
ROI_080/patch_65,nearest,16–32,1,306,0.000,1.000,506.5232,528.5916
ROI_080/patch_65,nearest,32–64,1,785,0.350,1.000,405.7968,421.4826
ROI_080/patch_65,nearest,64–128,1,1337,0.100,1.000,1071.5278,1136.1201
ROI_080/patch_65,nearest,≥128,1,606,0.750,1.000,1076.7951,1247.2943
ROI_080/patch_65,own,0–16,1,123,0.000,1.000,178.5978,291.7724
ROI_080/patch_65,own,16–32,1,306,0.000,1.000,603.4184,626.3610
ROI_080/patch_65,own,32–64,1,842,0.200,1.000,322.4956,342.1714
ROI_080/patch_65,own,64–128,1,2755,0.050,1.000,551.3688,601.0529
ROI_080/patch_65,own,≥128,1,21230,0.250,1.000,568.5710,603.2585
ROI_080/patch_67,nearest,0–16,1,131,0.000,1.000,93.7466,96.1230
ROI_080/patch_67,nearest,16–32,1,324,0.000,1.000,138.1786,156.2295
ROI_080/patch_67,nearest,32–64,1,840,0.700,1.000,476.7979,490.1805
ROI_080/patch_67,nearest,64–128,1,1411,0.600,1.000,376.4721,413.1249
ROI_080/patch_67,nearest,≥128,1,298,0.950,1.000,469.1067,471.4201
ROI_080/patch_67,own,0–16,1,131,0.000,1.000,118.3893,120.9186
ROI_080/patch_67,own,16–32,1,324,0.000,1.000,111.6055,121.3246
ROI_080/patch_67,own,32–64,1,948,0.500,1.000,555.4942,582.1978
ROI_080/patch_67,own,64–128,1,3130,0.500,1.000,442.8994,476.5518
ROI_080/patch_67,own,≥128,1,19499,0.150,1.000,218.3446,232.6612
ROI_080/patch_69,nearest,0–16,1,134,0.000,1.000,31.3990,32.3242
ROI_080/patch_69,nearest,16–32,1,344,0.000,1.000,17.6493,18.5054
ROI_080/patch_69,nearest,32–64,1,813,0.000,1.000,107.4133,112.1942
ROI_080/patch_69,nearest,64–128,1,1975,0.000,1.000,192.5578,197.9244
ROI_080/patch_69,nearest,≥128,1,354,0.050,1.000,411.6359,414.3624
ROI_080/patch_69,own,0–16,1,134,0.000,1.000,33.7233,34.6525
ROI_080/patch_69,own,16–32,1,344,0.000,1.000,21.4613,22.3504
ROI_080/patch_69,own,32–64,1,841,0.000,1.000,105.6917,113.2729
ROI_080/patch_69,own,64–128,1,2973,0.000,1.000,192.8927,197.9159
ROI_080/patch_69,own,≥128,1,24668,0.000,1.000,147.2973,150.6532
ROI_080/patch_70,nearest,0–16,1,119,0.000,1.000,17.7626,18.1995
ROI_080/patch_70,nearest,16–32,1,351,0.000,1.000,78.4485,79.1297
ROI_080/patch_70,nearest,32–64,1,954,0.050,1.000,194.5489,202.3984
ROI_080/patch_70,nearest,64–128,1,1538,0.000,1.000,112.3334,121.1524
ROI_080/patch_70,nearest,≥128,1,772,0.000,1.000,138.0726,187.3569
ROI_080/patch_70,own,0–16,1,119,0.000,1.000,17.7179,18.1540
ROI_080/patch_70,own,16–32,1,351,0.000,1.000,21.1279,21.7053
ROI_080/patch_70,own,32–64,1,977,0.000,1.000,319.2146,327.2901
ROI_080/patch_70,own,64–128,1,3326,0.000,1.000,111.9768,122.0523
ROI_080/patch_70,own,≥128,1,25099,0.050,1.000,127.4596,133.8618
ROI_080/patch_71,nearest,0–16,1,150,0.000,1.000,4.3038,5.8522
ROI_080/patch_71,nearest,16–32,1,371,0.000,1.000,3.9457,7.6678
ROI_080/patch_71,nearest,32–64,1,1090,0.000,1.000,44.4049,48.6804
ROI_080/patch_71,nearest,64–128,1,2385,0.000,1.000,50.0148,53.3204
ROI_080/patch_71,nearest,≥128,1,392,0.000,1.000,22.2344,24.4887
ROI_080/patch_71,own,0–16,1,150,0.000,1.000,4.3586,5.8410
ROI_080/patch_71,own,16–32,1,371,0.000,1.000,4.2645,9.8501
ROI_080/patch_71,own,32–64,1,1134,0.000,1.000,37.8051,41.1105
ROI_080/patch_71,own,64–128,1,4088,0.000,1.000,24.4945,27.2544
ROI_080/patch_71,own,≥128,1,29361,0.000,1.000,58.8030,61.3698
ROI_080/patch_72,nearest,0–16,1,131,0.000,1.000,18.0945,19.6017
ROI_080/patch_72,nearest,16–32,1,350,0.000,1.000,20.4228,21.9895
ROI_080/patch_72,nearest,32–64,1,973,0.000,1.000,34.9481,40.4183
ROI_080/patch_72,nearest,64–128,1,1882,0.000,1.000,40.6153,46.5171
ROI_080/patch_72,nearest,≥128,1,974,0.000,1.000,165.9486,179.5234
ROI_080/patch_72,own,0–16,1,131,0.000,1.000,17.9721,19.4607
ROI_080/patch_72,own,16–32,1,350,0.000,1.000,21.6477,23.3856
ROI_080/patch_72,own,32–64,1,1104,0.000,1.000,32.1577,38.5525
ROI_080/patch_72,own,64–128,1,3305,0.000,1.000,39.7749,42.3985
ROI_080/patch_72,own,≥128,1,29590,0.000,1.000,113.1158,118.0440
ROI_080/patch_73,nearest,0–16,1,135,0.000,1.000,8.0570,10.6223
ROI_080/patch_73,nearest,16–32,1,341,0.000,1.000,31.6983,33.0298
ROI_080/patch_73,nearest,32–64,1,959,0.000,1.000,54.8571,62.2659
ROI_080/patch_73,nearest,64–128,1,2068,0.000,1.000,158.2411,167.2610
ROI_080/patch_73,nearest,≥128,1,602,0.000,1.000,160.0855,163.3434
ROI_080/patch_73,own,0–16,1,135,0.000,1.000,8.6112,12.0580
ROI_080/patch_73,own,16–32,1,341,0.000,1.000,27.5693,28.8949
ROI_080/patch_73,own,32–64,1,967,0.000,1.000,29.7205,33.9931
ROI_080/patch_73,own,64–128,1,3638,0.000,1.000,291.9600,303.1128
ROI_080/patch_73,own,≥128,1,27759,0.000,1.000,104.7151,115.7559
ROI_080/patch_74,nearest,0–16,1,147,0.000,1.000,8.4183,9.1160
ROI_080/patch_74,nearest,16–32,1,421,0.000,1.000,8.2600,9.0912
ROI_080/patch_74,nearest,32–64,1,1316,0.000,1.000,15.0252,16.1047
ROI_080/patch_74,nearest,64–128,1,1638,0.000,1.000,154.2745,157.1850
ROI_080/patch_74,nearest,≥128,1,448,0.100,1.000,280.9468,285.8211
ROI_080/patch_74,own,0–16,1,147,0.000,1.000,8.2694,8.9835
ROI_080/patch_74,own,16–32,1,421,0.000,1.000,8.3092,9.2099
ROI_080/patch_74,own,32–64,1,1444,0.000,1.000,47.7050,48.6815
ROI_080/patch_74,own,64–128,1,4494,0.000,1.000,40.5504,43.3556
ROI_080/patch_74,own,≥128,1,25254,0.000,1.000,134.9660,136.9286
ROI_080/patch_75,nearest,0–16,1,154,0.000,1.000,17.0379,17.7099
ROI_080/patch_75,nearest,16–32,1,466,0.000,1.000,17.2597,17.8274
ROI_080/patch_75,nearest,32–64,1,1223,0.000,1.000,41.7182,43.0091
ROI_080/patch_75,nearest,64–128,1,1787,0.000,1.000,96.7695,108.8859
ROI_080/patch_75,nearest,≥128,1,653,0.000,1.000,162.5135,165.2239
ROI_080/patch_75,own,0–16,1,154,0.000,1.000,17.1140,17.7702
ROI_080/patch_75,own,16–32,1,466,0.000,1.000,17.2908,17.9146
ROI_080/patch_75,own,32–64,1,1355,0.000,1.000,28.6509,31.1988
ROI_080/patch_75,own,64–128,1,4857,0.000,1.000,78.8039,94.6780
ROI_080/patch_75,own,≥128,1,31715,0.050,1.000,69.4622,71.4121
ROI_080/patch_76,nearest,0–16,1,137,0.000,1.000,26.8407,38.5210
ROI_080/patch_76,nearest,16–32,1,372,0.000,1.000,53.6284,69.6134
ROI_080/patch_76,nearest,32–64,1,924,0.000,1.000,317.5216,343.8498
ROI_080/patch_76,nearest,64–128,1,1798,0.050,1.000,357.8750,368.4352
ROI_080/patch_76,nearest,≥128,1,493,0.000,1.000,235.7640,266.4866
ROI_080/patch_76,own,0–16,1,137,0.000,1.000,26.0650,39.6335
ROI_080/patch_76,own,16–32,1,372,0.000,1.000,24.2279,43.2467
ROI_080/patch_76,own,32–64,1,946,0.000,1.000,291.4475,311.0907
ROI_080/patch_76,own,64–128,1,3236,0.000,1.000,217.5807,241.6833
ROI_080/patch_76,own,≥128,1,25101,0.050,1.000,119.2264,129.3492
ROI_080/patch_77,nearest,0–16,1,144,0.000,1.000,14.7057,16.1630
ROI_080/patch_77,nearest,16–32,1,389,0.000,1.000,17.7914,19.0904
ROI_080/patch_77,nearest,32–64,1,1277,0.000,1.000,34.3498,41.5032
ROI_080/patch_77,nearest,64–128,1,2149,0.000,1.000,54.3985,162.9222
ROI_080/patch_77,nearest,≥128,1,412,0.000,1.000,108.5488,110.0782
ROI_080/patch_77,own,0–16,1,144,0.000,1.000,14.8143,15.9144
ROI_080/patch_77,own,16–32,1,389,0.000,1.000,18.6891,20.7204
ROI_080/patch_77,own,32–64,1,1278,0.000,1.000,54.9975,58.7691
ROI_080/patch_77,own,64–128,1,4644,0.000,1.000,51.8444,53.0785
ROI_080/patch_77,own,≥128,1,28513,0.000,1.000,120.0946,121.2948
ROI_080/patch_78,nearest,0–16,1,145,0.000,1.000,5.8000,6.8197
ROI_080/patch_78,nearest,16–32,1,413,0.000,1.000,6.5359,8.1431
ROI_080/patch_78,nearest,32–64,1,1269,0.000,1.000,65.3022,68.8682
ROI_080/patch_78,nearest,64–128,1,2077,0.000,1.000,115.5227,122.7243
ROI_080/patch_78,nearest,≥128,1,266,0.000,1.000,170.4051,188.8797
ROI_080/patch_78,own,0–16,1,145,0.000,1.000,5.7199,6.7509
ROI_080/patch_78,own,16–32,1,413,0.000,1.000,6.1739,7.7124
ROI_080/patch_78,own,32–64,1,1452,0.000,1.000,87.3481,94.0585
ROI_080/patch_78,own,64–128,1,4803,0.000,1.000,81.7419,85.9166
ROI_080/patch_78,own,≥128,1,26547,0.000,1.000,81.3259,89.3127
ROI_080/patch_79,nearest,0–16,1,139,0.000,1.000,4.8631,7.1893
ROI_080/patch_79,nearest,16–32,1,390,0.000,1.000,15.5491,18.0910
ROI_080/patch_79,nearest,32–64,1,1204,0.000,1.000,55.8737,60.8306
ROI_080/patch_79,nearest,64–128,1,1611,0.000,1.000,80.1641,85.4163
ROI_080/patch_79,nearest,≥128,1,775,0.000,1.000,136.3123,145.0887
ROI_080/patch_79,own,0–16,1,139,0.000,1.000,4.8621,7.1317
ROI_080/patch_79,own,16–32,1,390,0.000,1.000,19.9406,22.7755
ROI_080/patch_79,own,32–64,1,1346,0.000,1.000,13.8265,17.2062
ROI_080/patch_79,own,64–128,1,4461,0.050,1.000,69.0533,74.7198
ROI_080/patch_79,own,≥128,1,26616,0.000,1.000,79.7161,88.2608
ROI_080/patch_80,nearest,0–16,1,141,0.000,1.000,3.7991,5.8912
ROI_080/patch_80,nearest,16–32,1,389,0.000,1.000,8.3868,10.2874
ROI_080/patch_80,nearest,32–64,1,983,0.000,1.000,50.4810,57.1485
ROI_080/patch_80,nearest,64–128,1,2088,0.000,1.000,64.8216,76.9033
ROI_080/patch_80,nearest,≥128,1,436,0.000,1.000,180.1618,205.8442
ROI_080/patch_80,own,0–16,1,141,0.000,1.000,3.7676,5.8519
ROI_080/patch_80,own,16–32,1,389,0.000,1.000,6.6806,8.6555
ROI_080/patch_80,own,32–64,1,1063,0.000,1.000,68.3835,71.6042
ROI_080/patch_80,own,64–128,1,3809,0.000,1.000,37.1506,43.6374
ROI_080/patch_80,own,≥128,1,26894,0.000,1.000,44.3605,51.1975
ROI_080/patch_83,nearest,0–16,1,151,0.000,1.000,4.6764,5.5483
ROI_080/patch_83,nearest,16–32,1,424,0.000,1.000,4.8929,5.9757
ROI_080/patch_83,nearest,32–64,1,1459,0.000,1.000,5.9428,6.8094
ROI_080/patch_83,nearest,64–128,1,2715,0.000,1.000,6.2590,7.1835
ROI_080/patch_83,nearest,≥128,1,264,0.000,1.000,8.6092,9.4349
ROI_080/patch_83,own,0–16,1,151,0.000,1.000,4.6670,5.5188
ROI_080/patch_83,own,16–32,1,424,0.000,1.000,4.8781,6.0670
ROI_080/patch_83,own,32–64,1,1459,0.000,1.000,6.5409,7.3557
ROI_080/patch_83,own,64–128,1,4803,0.000,1.000,28.4411,29.4137
ROI_080/patch_83,own,≥128,1,33267,0.000,1.000,5.4183,6.3906
ROI_080/patch_84,nearest,0–16,1,143,0.000,1.000,12.6346,13.7090
ROI_080/patch_84,nearest,16–32,1,403,0.000,1.000,13.8007,15.1516
ROI_080/patch_84,nearest,32–64,1,1205,0.000,1.000,18.1518,19.6243
ROI_080/patch_84,nearest,64–128,1,2237,0.000,1.000,24.3126,27.5461
ROI_080/patch_84,nearest,≥128,1,880,0.000,1.000,47.8433,117.5287
ROI_080/patch_84,own,0–16,1,143,0.000,1.000,12.5907,13.6503
ROI_080/patch_84,own,16–32,1,403,0.000,1.000,13.7509,15.1001
ROI_080/patch_84,own,32–64,1,1207,0.000,1.000,16.9255,18.1942
ROI_080/patch_84,own,64–128,1,3807,0.000,1.000,23.2291,27.6864
ROI_080/patch_84,own,≥128,1,33384,0.000,1.000,27.2377,30.4465
ROI_080/patch_85,nearest,0–16,1,131,0.000,1.000,0.6439,1.3631
ROI_080/patch_85,nearest,16–32,1,396,0.000,1.000,0.6850,1.5415
ROI_080/patch_85,nearest,32–64,1,1233,0.000,1.000,1.8251,4.4955
ROI_080/patch_85,nearest,64–128,1,2490,0.000,1.000,3.7812,5.6164
ROI_080/patch_85,nearest,≥128,1,496,0.000,1.000,18.1770,19.3646
ROI_080/patch_85,own,0–16,1,131,0.000,1.000,0.6640,1.3757
ROI_080/patch_85,own,16–32,1,396,0.000,1.000,0.6232,1.4420
ROI_080/patch_85,own,32–64,1,1347,0.000,1.000,3.0971,5.3078
ROI_080/patch_85,own,64–128,1,4750,0.000,1.000,1.9009,3.0305
ROI_080/patch_85,own,≥128,1,31344,0.000,1.000,18.4016,19.8078
ROI_080/patch_86,nearest,0–16,1,152,0.000,1.000,5.7991,6.5691
ROI_080/patch_86,nearest,16–32,1,410,0.000,1.000,6.1865,7.1140
ROI_080/patch_86,nearest,32–64,1,1318,0.000,1.000,10.8976,11.8797
ROI_080/patch_86,nearest,64–128,1,2531,0.000,1.000,10.6981,11.6560
ROI_080/patch_86,nearest,≥128,1,560,0.000,1.000,21.4131,34.4621
ROI_080/patch_86,own,0–16,1,152,0.000,1.000,5.7830,6.5227
ROI_080/patch_86,own,16–32,1,410,0.000,1.000,6.4416,7.3525
ROI_080/patch_86,own,32–64,1,1400,0.000,1.000,20.1613,21.4446
ROI_080/patch_86,own,64–128,1,4605,0.000,1.000,17.0953,19.0740
ROI_080/patch_86,own,≥128,1,33201,0.000,1.000,16.1747,18.9321
ROI_080/patch_87,nearest,0–16,1,129,0.000,1.000,11.4235,15.8309
ROI_080/patch_87,nearest,16–32,1,373,0.000,1.000,11.2255,15.7311
ROI_080/patch_87,nearest,32–64,1,1134,0.000,1.000,12.0762,17.1481
ROI_080/patch_87,nearest,64–128,1,2359,0.000,1.000,66.4362,71.9235
ROI_080/patch_87,nearest,≥128,1,807,0.000,1.000,48.4758,52.8503
ROI_080/patch_87,own,0–16,1,129,0.000,1.000,11.4375,15.8406
ROI_080/patch_87,own,16–32,1,373,0.000,1.000,11.2118,15.6763
ROI_080/patch_87,own,32–64,1,1134,0.000,1.000,12.0529,16.7754
ROI_080/patch_87,own,64–128,1,3699,0.000,1.000,13.5424,21.1026
ROI_080/patch_87,own,≥128,1,33081,0.000,1.000,20.8949,26.0164
ROI_080/patch_88,nearest,0–16,1,139,0.000,1.000,14.8531,17.4660
ROI_080/patch_88,nearest,16–32,1,393,0.000,1.000,14.7605,17.1906
ROI_080/patch_88,nearest,32–64,1,1280,0.000,1.000,20.9837,23.4392
ROI_080/patch_88,nearest,64–128,1,1753,0.000,1.000,24.9450,30.6315
ROI_080/patch_88,nearest,≥128,1,825,0.000,1.000,56.5385,73.9106
ROI_080/patch_88,own,0–16,1,139,0.000,1.000,14.8243,17.3373
ROI_080/patch_88,own,16–32,1,393,0.000,1.000,14.7402,17.1478
ROI_080/patch_88,own,32–64,1,1318,0.000,1.000,16.7923,19.0615
ROI_080/patch_88,own,64–128,1,4311,0.000,1.000,22.3502,25.3090
ROI_080/patch_88,own,≥128,1,28959,0.000,1.000,46.9591,50.3542
ROI_080/patch_89,nearest,0–16,1,129,0.000,1.000,9.1678,10.1134
ROI_080/patch_89,nearest,16–32,1,323,0.000,1.000,13.8899,14.9215
ROI_080/patch_89,nearest,32–64,1,929,0.000,1.000,24.5922,27.3105
ROI_080/patch_89,nearest,64–128,1,2247,0.000,1.000,81.3185,88.4062
ROI_080/patch_89,nearest,≥128,1,550,0.000,1.000,170.9685,223.1291
ROI_080/patch_89,own,0–16,1,129,0.000,1.000,9.1788,10.1795
ROI_080/patch_89,own,16–32,1,330,0.000,1.000,12.2879,13.3858
ROI_080/patch_89,own,32–64,1,1120,0.000,1.000,20.9680,23.0399
ROI_080/patch_89,own,64–128,1,3901,0.000,1.000,77.4191,81.9692
ROI_080/patch_89,own,≥128,1,27944,0.000,1.000,128.8003,137.6246
ROI_080/patch_90,nearest,0–16,1,147,0.000,1.000,2.6673,3.7790
ROI_080/patch_90,nearest,16–32,1,424,0.000,1.000,3.3664,4.4519
ROI_080/patch_90,nearest,32–64,1,1354,0.000,1.000,5.4820,6.8029
ROI_080/patch_90,nearest,64–128,1,2247,0.000,1.000,18.9845,22.2762
ROI_080/patch_90,nearest,≥128,1,368,0.000,1.000,19.8737,22.2449
ROI_080/patch_90,own,0–16,1,147,0.000,1.000,2.6268,3.7268
ROI_080/patch_90,own,16–32,1,424,0.000,1.000,3.4738,4.5633
ROI_080/patch_90,own,32–64,1,1447,0.000,1.000,6.2464,7.3969
ROI_080/patch_90,own,64–128,1,4303,0.000,1.000,14.5322,15.9427
ROI_080/patch_90,own,≥128,1,29999,0.000,1.000,9.4124,11.5158
ROI_080/patch_91,nearest,0–16,1,132,0.000,1.000,20.2087,22.0011
ROI_080/patch_91,nearest,16–32,1,362,0.000,1.000,15.5002,17.2324
ROI_080/patch_91,nearest,32–64,1,1050,0.000,1.000,82.5408,85.3709
ROI_080/patch_91,nearest,64–128,1,1665,0.000,1.000,14.0580,16.7950
ROI_080/patch_91,nearest,≥128,1,1471,0.000,1.000,24.2268,25.8297
ROI_080/patch_91,own,0–16,1,132,0.000,1.000,22.6405,24.4806
ROI_080/patch_91,own,16–32,1,362,0.000,1.000,17.4460,20.1228
ROI_080/patch_91,own,32–64,1,1175,0.000,1.000,11.7597,13.9761
ROI_080/patch_91,own,64–128,1,4214,0.000,1.000,17.6820,19.7208
ROI_080/patch_91,own,≥128,1,31557,0.000,1.000,26.3526,29.3053
ROI_080/patch_92,nearest,0–16,1,142,0.000,1.000,13.3600,16.2920
ROI_080/patch_92,nearest,16–32,1,416,0.000,1.000,13.4564,16.5856
ROI_080/patch_92,nearest,32–64,1,1393,0.000,1.000,22.9234,25.7796
ROI_080/patch_92,nearest,64–128,1,2015,0.000,1.000,69.6565,74.5349
ROI_080/patch_92,nearest,≥128,1,586,0.000,1.000,56.1219,61.9799
ROI_080/patch_92,own,0–16,1,142,0.000,1.000,13.2780,16.1899
ROI_080/patch_92,own,16–32,1,416,0.000,1.000,13.3615,16.5227
ROI_080/patch_92,own,32–64,1,1458,0.000,1.000,27.7146,30.8289
ROI_080/patch_92,own,64–128,1,4695,0.000,1.000,38.4389,41.7597
ROI_080/patch_92,own,≥128,1,29705,0.000,1.000,40.6368,47.3396
ROI_080/patch_93,nearest,0–16,1,142,0.000,1.000,25.2482,26.2959
ROI_080/patch_93,nearest,16–32,1,364,0.000,1.000,2.0678,3.8064
ROI_080/patch_93,nearest,32–64,1,1264,0.000,1.000,8.3945,10.4030
ROI_080/patch_93,nearest,64–128,1,2667,0.000,1.000,4.2121,7.8896
ROI_080/patch_93,nearest,≥128,1,284,0.000,1.000,4.7287,5.4734
ROI_080/patch_93,own,0–16,1,142,0.000,1.000,20.3465,21.4301
ROI_080/patch_93,own,16–32,1,364,0.000,1.000,1.9885,3.5454
ROI_080/patch_93,own,32–64,1,1264,0.000,1.000,9.9561,11.1347
ROI_080/patch_93,own,64–128,1,4582,0.000,1.000,3.6952,6.0171
ROI_080/patch_93,own,≥128,1,31416,0.000,1.000,12.3448,15.4159
ROI_080/patch_94,nearest,0–16,1,151,0.000,1.000,1.4078,2.6072
ROI_080/patch_94,nearest,16–32,1,432,0.000,1.000,4.6656,6.1481
ROI_080/patch_94,nearest,32–64,1,1290,0.000,1.000,63.7723,69.6922
ROI_080/patch_94,nearest,64–128,1,1878,0.000,1.000,16.6713,22.7316
ROI_080/patch_94,nearest,≥128,1,615,0.000,1.000,126.0275,128.0386
ROI_080/patch_94,own,0–16,1,151,0.000,1.000,1.4662,2.7109
ROI_080/patch_94,own,16–32,1,432,0.000,1.000,6.4744,7.9515
ROI_080/patch_94,own,32–64,1,1415,0.000,1.000,34.8197,41.0432
ROI_080/patch_94,own,64–128,1,4558,0.000,1.000,14.7429,18.5241
ROI_080/patch_94,own,≥128,1,28372,0.000,1.000,30.2572,32.9643
ROI_080/patch_95,nearest,0–16,1,147,0.000,1.000,3.2013,4.4929
ROI_080/patch_95,nearest,16–32,1,400,0.000,1.000,1.8998,3.2212
ROI_080/patch_95,nearest,32–64,1,1404,0.000,1.000,3.5250,4.9743
ROI_080/patch_95,nearest,64–128,1,2387,0.000,1.000,7.3417,9.0268
ROI_080/patch_95,nearest,≥128,1,662,0.000,1.000,9.5612,10.9273
ROI_080/patch_95,own,0–16,1,147,0.000,1.000,3.5246,4.8143
ROI_080/patch_95,own,16–32,1,400,0.000,1.000,1.8702,3.1604
ROI_080/patch_95,own,32–64,1,1414,0.000,1.000,3.2220,4.7602
ROI_080/patch_95,own,64–128,1,5022,0.000,1.000,7.1017,8.1958
ROI_080/patch_95,own,≥128,1,33017,0.000,1.000,4.3629,5.5472
ROI_080/patch_96,nearest,0–16,1,132,0.000,1.000,5.1398,6.2171
ROI_080/patch_96,nearest,16–32,1,384,0.000,1.000,5.5454,6.4584
ROI_080/patch_96,nearest,32–64,1,1374,0.000,1.000,6.0087,7.8843
ROI_080/patch_96,nearest,64–128,1,2682,0.000,1.000,8.1709,9.3447
ROI_080/patch_96,nearest,≥128,1,311,0.000,1.000,26.7054,31.7576
ROI_080/patch_96,own,0–16,1,132,0.000,1.000,5.1554,6.2420
ROI_080/patch_96,own,16–32,1,384,0.000,1.000,5.5297,6.5312
ROI_080/patch_96,own,32–64,1,1381,0.000,1.000,8.3190,10.2511
ROI_080/patch_96,own,64–128,1,4416,0.000,1.000,35.4009,36.4889
ROI_080/patch_96,own,≥128,1,32751,0.000,1.000,8.9668,10.8833
ROI_080/patch_98,nearest,0–16,1,147,0.000,1.000,2.4017,2.9272
ROI_080/patch_98,nearest,16–32,1,390,0.000,1.000,10.7962,11.7688
ROI_080/patch_98,nearest,32–64,1,1103,0.000,1.000,2.2794,3.2018
ROI_080/patch_98,nearest,64–128,1,1956,0.000,1.000,9.7346,11.1525
ROI_080/patch_98,nearest,≥128,1,952,0.000,1.000,10.5564,15.5240
ROI_080/patch_98,own,0–16,1,147,0.000,1.000,2.5158,3.0509
ROI_080/patch_98,own,16–32,1,394,0.000,1.000,7.3160,8.2943
ROI_080/patch_98,own,32–64,1,1457,0.000,1.000,2.1198,3.0617
ROI_080/patch_98,own,64–128,1,5423,0.000,1.000,3.4519,5.2234
ROI_080/patch_98,own,≥128,1,28963,0.000,1.000,6.6490,7.9452
ROI_080/patch_99,nearest,0–16,1,129,0.000,1.000,4.1571,5.1345
ROI_080/patch_99,nearest,16–32,1,400,0.000,1.000,4.3637,5.3149
ROI_080/patch_99,nearest,32–64,1,1125,0.000,1.000,14.7167,16.0900
ROI_080/patch_99,nearest,64–128,1,2441,0.000,1.000,12.7510,16.8323
ROI_080/patch_99,nearest,≥128,1,716,0.000,1.000,9.4092,10.7528
ROI_080/patch_99,own,0–16,1,129,0.000,1.000,4.1452,5.1491
ROI_080/patch_99,own,16–32,1,404,0.000,1.000,4.5223,5.4478
ROI_080/patch_99,own,32–64,1,1274,0.000,1.000,33.0470,34.0681
ROI_080/patch_99,own,64–128,1,4720,0.000,1.000,12.3993,16.4165
ROI_080/patch_99,own,≥128,1,36772,0.000,1.000,9.8488,11.2204
ROI_080/patch_100,nearest,0–16,1,137,0.000,1.000,1.0490,2.6269
ROI_080/patch_100,nearest,16–32,1,424,0.000,1.000,2.1166,3.4298
ROI_080/patch_100,nearest,32–64,1,1378,0.000,1.000,5.9664,7.4299
ROI_080/patch_100,nearest,64–128,1,2638,0.000,1.000,4.5202,7.1649
ROI_080/patch_100,nearest,≥128,1,534,0.000,1.000,3.1671,5.1392
ROI_080/patch_100,own,0–16,1,137,0.000,1.000,1.0413,2.6295
ROI_080/patch_100,own,16–32,1,424,0.000,1.000,2.1235,3.5263
ROI_080/patch_100,own,32–64,1,1497,0.000,1.000,4.0386,5.4020
ROI_080/patch_100,own,64–128,1,5072,0.000,1.000,4.7312,6.4585
ROI_080/patch_100,own,≥128,1,33758,0.000,1.000,3.3159,4.8852
ROI_080/patch_101,nearest,0–16,1,147,0.000,1.000,7.3594,8.4513
ROI_080/patch_101,nearest,16–32,1,388,0.000,1.000,8.1519,9.8315
ROI_080/patch_101,nearest,32–64,1,1271,0.000,1.000,14.5225,16.4292
ROI_080/patch_101,nearest,64–128,1,2279,0.000,1.000,23.0129,27.1897
ROI_080/patch_101,nearest,≥128,1,467,0.000,1.000,19.0843,20.7677
ROI_080/patch_101,own,0–16,1,147,0.000,1.000,7.2996,8.4030
ROI_080/patch_101,own,16–32,1,388,0.000,1.000,8.5377,10.3239
ROI_080/patch_101,own,32–64,1,1412,0.000,1.000,14.0287,15.1641
ROI_080/patch_101,own,64–128,1,4855,0.000,1.000,23.7086,29.7524
ROI_080/patch_101,own,≥128,1,29614,0.000,1.000,15.3378,16.9986
ROI_080/patch_102,nearest,0–16,1,140,0.000,1.000,5.9122,7.9652
ROI_080/patch_102,nearest,16–32,1,368,0.000,1.000,5.7342,7.4917
ROI_080/patch_102,nearest,32–64,1,1184,0.000,1.000,6.0726,7.7058
ROI_080/patch_102,nearest,64–128,1,2460,0.100,1.000,82.1446,84.1130
ROI_080/patch_102,nearest,≥128,1,858,0.000,1.000,30.1491,32.0476
ROI_080/patch_102,own,0–16,1,140,0.000,1.000,5.9349,8.0258
ROI_080/patch_102,own,16–32,1,368,0.000,1.000,5.9071,7.7469
ROI_080/patch_102,own,32–64,1,1224,0.000,1.000,6.2098,7.9124
ROI_080/patch_102,own,64–128,1,4499,0.000,1.000,43.7944,45.6813
ROI_080/patch_102,own,≥128,1,33849,0.000,1.000,34.2787,36.0863
ROI_080/patch_103,nearest,0–16,1,141,0.000,1.000,10.5382,12.1662
ROI_080/patch_103,nearest,16–32,1,356,0.000,1.000,14.5249,16.0060
ROI_080/patch_103,nearest,32–64,1,1079,0.000,1.000,28.3666,31.0704
ROI_080/patch_103,nearest,64–128,1,1986,0.000,1.000,40.3365,44.8815
ROI_080/patch_103,nearest,≥128,1,708,0.000,1.000,86.2060,131.5765
ROI_080/patch_103,own,0–16,1,141,0.000,1.000,10.5518,12.2931
ROI_080/patch_103,own,16–32,1,391,0.000,1.000,12.9663,14.4895
ROI_080/patch_103,own,32–64,1,1269,0.000,1.000,23.6813,26.3105
ROI_080/patch_103,own,64–128,1,4084,0.000,1.000,28.6531,34.7754
ROI_080/patch_103,own,≥128,1,28275,0.000,1.000,26.3417,30.4342
ROI_080/patch_104,nearest,0–16,1,127,0.000,1.000,8.3188,9.1527
ROI_080/patch_104,nearest,16–32,1,377,0.000,1.000,9.2175,10.2949
ROI_080/patch_104,nearest,32–64,1,1164,0.000,1.000,11.7843,12.8807
ROI_080/patch_104,nearest,64–128,1,1986,0.000,1.000,39.1110,41.2347
ROI_080/patch_104,nearest,≥128,1,681,0.000,1.000,224.3668,225.8198
ROI_080/patch_104,own,0–16,1,127,0.000,1.000,8.3495,9.1677
ROI_080/patch_104,own,16–32,1,377,0.000,1.000,9.1158,10.2113
ROI_080/patch_104,own,32–64,1,1216,0.000,1.000,13.4823,14.7513
ROI_080/patch_104,own,64–128,1,4214,0.000,1.000,28.5015,33.8388
ROI_080/patch_104,own,≥128,1,28746,0.000,1.000,119.5406,121.3229
ROI_080/patch_105,nearest,0–16,1,136,0.000,1.000,3.0015,4.0364
ROI_080/patch_105,nearest,16–32,1,366,0.000,1.000,3.6215,4.4073
ROI_080/patch_105,nearest,32–64,1,1138,0.000,1.000,4.3269,5.0819
ROI_080/patch_105,nearest,64–128,1,2190,0.000,1.000,9.9845,10.8043
ROI_080/patch_105,nearest,≥128,1,927,0.000,1.000,31.1721,32.5627
ROI_080/patch_105,own,0–16,1,136,0.000,1.000,3.0215,4.1358
ROI_080/patch_105,own,16–32,1,381,0.000,1.000,3.5281,4.4475
ROI_080/patch_105,own,32–64,1,1330,0.000,1.000,4.9355,5.8757
ROI_080/patch_105,own,64–128,1,4325,0.000,1.000,5.1609,5.6593
ROI_080/patch_105,own,≥128,1,31884,0.000,1.000,7.3371,8.3927
ROI_080/patch_106,nearest,0–16,1,123,0.000,1.000,8.6539,10.2935
ROI_080/patch_106,nearest,16–32,1,363,0.000,1.000,6.7308,8.4451
ROI_080/patch_106,nearest,32–64,1,1042,0.000,1.000,29.7275,34.0652
ROI_080/patch_106,nearest,64–128,1,1626,0.000,1.000,143.2184,149.0727
ROI_080/patch_106,nearest,≥128,1,805,0.000,1.000,611.0986,633.2533
ROI_080/patch_106,own,0–16,1,123,0.000,1.000,6.0580,7.6992
ROI_080/patch_106,own,16–32,1,374,0.000,1.000,6.5652,8.2066
ROI_080/patch_106,own,32–64,1,1307,0.000,1.000,28.0918,31.8871
ROI_080/patch_106,own,64–128,1,4010,0.000,1.000,80.6256,85.8798
ROI_080/patch_106,own,≥128,1,25858,0.000,1.000,182.7655,189.0265
