pair,variant,ring,ok,n_cand,gross,inlier,ms_x,ms_2d
ROI_035/patch_0,nearest,0–16,1,6297,0.000,1.000,30.7092,31.6246
ROI_035/patch_0,nearest,16–32,1,18362,0.000,1.000,30.8395,31.7432
ROI_035/patch_0,nearest,32–64,1,63278,0.000,1.000,32.3600,33.2546
ROI_035/patch_0,nearest,64–128,1,118414,0.000,1.000,55.8197,56.8716
ROI_035/patch_0,nearest,≥128,1,55793,0.000,1.000,230.7806,232.0727
ROI_035/patch_0,own,0–16,1,6297,0.000,1.000,30.8213,31.7406
ROI_035/patch_0,own,16–32,1,18362,0.000,1.000,30.7658,31.6670
ROI_035/patch_0,own,32–64,1,67932,0.000,1.000,31.7090,32.6195
ROI_035/patch_0,own,64–128,1,251303,0.000,1.000,43.2795,44.2792
ROI_035/patch_0,own,≥128,1,1753258,0.000,1.000,125.4073,126.5487
ROI_035/patch_1,nearest,0–16,1,6434,0.000,1.000,38.6614,39.6424
ROI_035/patch_1,nearest,16–32,1,18954,0.000,1.000,38.2907,39.5667
ROI_035/patch_1,nearest,32–64,1,66087,0.000,1.000,38.7619,39.8766
ROI_035/patch_1,nearest,64–128,1,135065,0.000,1.000,47.1993,48.1811
ROI_035/patch_1,nearest,≥128,1,35604,0.000,1.000,157.5482,162.3267
ROI_035/patch_1,own,0–16,1,6434,0.000,1.000,38.6016,39.5745
ROI_035/patch_1,own,16–32,1,18954,0.000,1.000,37.6912,38.8740
ROI_035/patch_1,own,32–64,1,67265,0.000,1.000,38.5720,39.6638
ROI_035/patch_1,own,64–128,1,207711,0.000,1.000,43.2406,44.2387
ROI_035/patch_1,own,≥128,1,1796788,0.000,1.000,55.9080,56.9828
ROI_035/patch_2,nearest,0–16,1,6437,0.000,1.000,20.6029,21.4566
ROI_035/patch_2,nearest,16–32,1,19285,0.000,1.000,19.1303,20.1195
ROI_035/patch_2,nearest,32–64,1,69338,0.000,1.000,26.9636,28.2310
ROI_035/patch_2,nearest,64–128,1,115531,0.000,1.000,137.1387,138.8080
ROI_035/patch_2,nearest,≥128,1,51553,1.000,1.000,,
ROI_035/patch_2,own,0–16,1,6437,0.000,1.000,20.4759,21.3236
ROI_035/patch_2,own,16–32,1,19285,0.000,1.000,19.5799,20.5074
ROI_035/patch_2,own,32–64,1,75431,0.000,1.000,25.3601,26.6824
ROI_035/patch_2,own,64–128,1,259499,0.000,1.000,108.5327,110.0104
ROI_035/patch_2,own,≥128,1,1736500,0.000,1.000,189.2734,191.0093
ROI_035/patch_3,nearest,0–16,1,6438,0.000,1.000,13.8771,15.0900
ROI_035/patch_3,nearest,16–32,1,18880,0.000,1.000,13.9935,15.2185
ROI_035/patch_3,nearest,32–64,1,69485,0.000,1.000,27.3068,28.5881
ROI_035/patch_3,nearest,64–128,1,138578,0.000,1.000,88.4555,89.8365
ROI_035/patch_3,nearest,≥128,1,28763,0.000,1.000,436.2214,441.0774
ROI_035/patch_3,own,0–16,1,6438,0.000,1.000,13.8390,15.0500
ROI_035/patch_3,own,16–32,1,18880,0.000,1.000,14.0224,15.2447
ROI_035/patch_3,own,32–64,1,72719,0.000,1.000,19.1499,20.4103
ROI_035/patch_3,own,64–128,1,256969,0.000,1.000,73.2446,74.6519
ROI_035/patch_3,own,≥128,1,1742146,0.000,1.000,111.3821,112.8844
ROI_035/patch_4,nearest,0–16,1,6439,0.000,1.000,11.9351,12.5093
ROI_035/patch_4,nearest,16–32,1,19302,0.000,1.000,11.9033,12.4898
ROI_035/patch_4,nearest,32–64,1,67145,0.000,1.000,14.6316,15.2554
ROI_035/patch_4,nearest,64–128,1,136941,0.000,1.000,37.0959,37.9403
ROI_035/patch_4,nearest,≥128,1,32317,0.000,1.000,99.5654,103.7572
ROI_035/patch_4,own,0–16,1,6439,0.000,1.000,11.9928,12.5695
ROI_035/patch_4,own,16–32,1,19302,0.000,1.000,12.0281,12.6003
ROI_035/patch_4,own,32–64,1,74472,0.000,1.000,12.9450,13.5682
ROI_035/patch_4,own,64–128,1,265328,0.000,1.000,21.8053,22.4770
ROI_035/patch_4,own,≥128,1,1731611,0.000,1.000,31.3614,32.1176
ROI_035/patch_5,nearest,0–16,1,6366,0.000,1.000,80.6853,82.0060
ROI_035/patch_5,nearest,16–32,1,17963,0.000,1.000,100.4471,102.1579
ROI_035/patch_5,nearest,32–64,1,60658,0.000,1.000,251.6766,254.8152
ROI_035/patch_5,nearest,64–128,1,113029,0.000,1.000,564.1941,566.9284
ROI_035/patch_5,nearest,≥128,1,64128,0.000,1.000,1012.9478,1016.5875
ROI_035/patch_5,own,0–16,1,6366,0.000,1.000,80.2878,81.5973
ROI_035/patch_5,own,16–32,1,17963,0.000,1.000,106.1328,107.8502
ROI_035/patch_5,own,32–64,1,68220,0.000,1.000,195.9080,198.5454
ROI_035/patch_5,own,64–128,1,245005,0.000,1.000,435.0404,437.5139
ROI_035/patch_5,own,≥128,1,1759598,0.000,1.000,665.1409,667.9070
ROI_035/patch_6,nearest,0–16,1,6428,0.000,1.000,11.5574,12.5469
ROI_035/patch_6,nearest,16–32,1,19166,0.000,1.000,11.6134,12.6110
ROI_035/patch_6,nearest,32–64,1,65490,0.000,1.000,11.9936,13.0707
ROI_035/patch_6,nearest,64–128,1,111517,0.000,1.000,24.5103,25.8169
ROI_035/patch_6,nearest,≥128,1,59543,0.000,1.000,101.8114,104.2448
ROI_035/patch_6,own,0–16,1,6428,0.000,1.000,11.4812,12.4707
ROI_035/patch_6,own,16–32,1,19166,0.000,1.000,11.6390,12.6490
ROI_035/patch_6,own,32–64,1,72499,0.000,1.000,12.4174,13.5224
ROI_035/patch_6,own,64–128,1,241624,0.000,1.000,16.4737,17.5925
ROI_035/patch_6,own,≥128,1,1757435,0.000,1.000,91.6913,93.5050
ROI_035/patch_7,nearest,0–16,1,6418,0.000,1.000,20.2041,21.5076
ROI_035/patch_7,nearest,16–32,1,19091,0.000,1.000,20.3430,21.5623
ROI_035/patch_7,nearest,32–64,1,70035,0.000,1.000,48.1292,49.3530
ROI_035/patch_7,nearest,64–128,1,136614,0.000,1.000,34.1008,35.3845
ROI_035/patch_7,nearest,≥128,1,29986,0.000,1.000,35.3608,37.2368
ROI_035/patch_7,own,0–16,1,6418,0.000,1.000,20.1766,21.4814
ROI_035/patch_7,own,16–32,1,19091,0.000,1.000,20.4494,21.6368
ROI_035/patch_7,own,32–64,1,70043,0.000,1.000,50.9137,52.1500
ROI_035/patch_7,own,64–128,1,232631,0.000,1.000,36.5311,37.8639
ROI_035/patch_7,own,≥128,1,1768969,0.000,1.000,51.4307,52.8391
ROI_035/patch_8,nearest,0–16,1,8045,0.000,1.000,122.0217,123.4713
ROI_035/patch_8,nearest,16–32,1,23449,0.000,1.000,122.4247,123.8852
ROI_035/patch_8,nearest,32–64,1,76342,0.000,1.000,124.4500,125.9129
ROI_035/patch_8,nearest,64–128,1,124090,0.000,1.000,129.0569,130.7364
ROI_035/patch_8,nearest,≥128,1,30218,0.000,1.000,178.2644,180.0161
ROI_035/patch_8,own,0–16,1,8045,0.000,1.000,122.1185,123.5746
ROI_035/patch_8,own,16–32,1,23449,0.000,1.000,122.7691,124.2115
ROI_035/patch_8,own,32–64,1,88363,0.000,1.000,125.5669,127.0366
ROI_035/patch_8,own,64–128,1,309086,0.000,1.000,129.5376,131.0283
ROI_035/patch_8,own,≥128,1,2192497,0.000,1.000,139.1770,140.8566
ROI_035/patch_9,nearest,0–16,1,6135,0.000,1.000,11.7030,12.9027
ROI_035/patch_9,nearest,16–32,1,18203,0.000,1.000,11.4598,12.5787
ROI_035/patch_9,nearest,32–64,1,71522,0.000,1.000,16.0820,17.0546
ROI_035/patch_9,nearest,64–128,1,142233,0.000,1.000,159.4226,160.4483
ROI_035/patch_9,nearest,≥128,1,24051,0.000,1.000,490.9582,492.1765
ROI_035/patch_9,own,0–16,1,6135,0.000,1.000,11.8163,13.0143
ROI_035/patch_9,own,16–32,1,18203,0.000,1.000,11.4573,12.5882
ROI_035/patch_9,own,32–64,1,72602,0.000,1.000,17.6581,18.6659
ROI_035/patch_9,own,64–128,1,261806,0.000,1.000,116.5346,117.5386
ROI_035/patch_9,own,≥128,1,1738406,0.000,1.000,200.5436,201.6030
ROI_035/patch_10,nearest,0–16,1,6445,0.000,1.000,135.6111,137.7855
ROI_035/patch_10,nearest,16–32,1,19298,0.000,1.000,130.1067,132.3127
ROI_035/patch_10,nearest,32–64,1,67712,0.000,1.000,117.2716,119.4345
ROI_035/patch_10,nearest,64–128,1,122949,0.000,1.000,121.0756,122.5153
ROI_035/patch_10,nearest,≥128,1,45740,0.000,1.000,749.7190,753.6847
ROI_035/patch_10,own,0–16,1,6445,0.000,1.000,135.4403,137.5712
ROI_035/patch_10,own,16–32,1,19298,0.000,1.000,137.4235,139.6908
ROI_035/patch_10,own,32–64,1,70821,0.000,1.000,114.9713,117.1111
ROI_035/patch_10,own,64–128,1,238459,0.000,1.000,121.4304,122.7005
ROI_035/patch_10,own,≥128,1,1762129,0.000,1.000,373.6618,375.8382
ROI_035/patch_11,nearest,0–16,1,6355,0.000,1.000,6.4451,7.9729
ROI_035/patch_11,nearest,16–32,1,17978,0.000,1.000,6.6825,8.1845
ROI_035/patch_11,nearest,32–64,1,64593,0.000,1.000,8.4100,9.8770
ROI_035/patch_11,nearest,64–128,1,107152,0.000,1.000,45.9666,47.9243
ROI_035/patch_11,nearest,≥128,1,66066,0.000,1.000,729.8584,733.1193
ROI_035/patch_11,own,0–16,1,6355,0.000,1.000,6.4739,8.0010
ROI_035/patch_11,own,16–32,1,17978,0.000,1.000,6.6809,8.1772
ROI_035/patch_11,own,32–64,1,67645,0.000,1.000,8.4354,9.9127
ROI_035/patch_11,own,64–128,1,239748,0.000,1.000,31.1618,32.9821
ROI_035/patch_11,own,≥128,1,1765426,0.000,1.000,69.7975,71.4057
ROI_035/patch_12,nearest,0–16,1,6447,0.000,1.000,589.6920,626.1165
ROI_035/patch_12,nearest,16–32,1,19221,0.000,1.000,473.6527,518.6514
ROI_035/patch_12,nearest,32–64,1,67721,0.000,1.000,270.2863,320.8367
ROI_035/patch_12,nearest,64–128,1,127615,0.000,1.000,171.1393,202.0809
ROI_035/patch_12,nearest,≥128,1,41140,1.000,1.000,,
ROI_035/patch_12,own,0–16,1,6447,0.000,1.000,598.4471,634.7684
ROI_035/patch_12,own,16–32,1,19300,0.000,1.000,467.9088,512.2337
ROI_035/patch_12,own,32–64,1,73244,0.000,1.000,361.5135,412.0185
ROI_035/patch_12,own,64–128,1,248244,0.000,1.000,119.9561,154.0809
ROI_035/patch_12,own,≥128,1,1749917,0.050,1.000,592.9673,637.6414
ROI_035/patch_13,nearest,0–16,1,7168,0.000,1.000,23.5468,24.9011
ROI_035/patch_13,nearest,16–32,1,20366,0.000,1.000,23.9027,25.1427
ROI_035/patch_13,nearest,32–64,1,72237,0.000,1.000,40.8323,41.9864
ROI_035/patch_13,nearest,64–128,1,109761,0.000,1.000,141.1053,142.7606
ROI_035/patch_13,nearest,≥128,1,52612,0.900,1.000,886.5896,889.1688
ROI_035/patch_13,own,0–16,1,7168,0.000,1.000,23.5757,24.8878
ROI_035/patch_13,own,16–32,1,20366,0.000,1.000,23.6785,24.8752
ROI_035/patch_13,own,32–64,1,76399,0.000,1.000,31.8296,33.2285
ROI_035/patch_13,own,64–128,1,266707,0.000,1.000,85.5719,86.7821
ROI_035/patch_13,own,≥128,1,1988656,0.000,1.000,273.5151,274.7791
ROI_035/patch_14,nearest,0–16,1,6427,0.000,1.000,10.3399,11.8054
ROI_035/patch_14,nearest,16–32,1,17379,0.000,1.000,10.2731,11.6558
ROI_035/patch_14,nearest,32–64,1,61046,0.000,1.000,14.3652,15.6430
ROI_035/patch_14,nearest,64–128,1,120362,0.000,1.000,57.9880,59.5204
ROI_035/patch_14,nearest,≥128,1,56930,0.000,1.000,580.9853,601.9287
ROI_035/patch_14,own,0–16,1,6427,0.000,1.000,10.3383,11.8195
ROI_035/patch_14,own,16–32,1,18625,0.000,1.000,10.2448,11.6172
ROI_035/patch_14,own,32–64,1,72792,0.000,1.000,14.1088,15.4587
ROI_035/patch_14,own,64–128,1,264596,0.000,1.000,53.1823,54.7012
ROI_035/patch_14,own,≥128,1,1734712,0.000,1.000,108.7711,111.7676
ROI_035/patch_15,nearest,0–16,1,6429,0.000,1.000,28.9127,30.0754
ROI_035/patch_15,nearest,16–32,1,18688,0.000,1.000,45.0127,46.3530
ROI_035/patch_15,nearest,32–64,1,69494,0.000,1.000,107.2909,109.0134
ROI_035/patch_15,nearest,64–128,1,148920,0.000,1.000,589.2670,595.5782
ROI_035/patch_15,nearest,≥128,1,18613,1.000,1.000,,
ROI_035/patch_15,own,0–16,1,6429,0.000,1.000,28.5229,29.6796
ROI_035/patch_15,own,16–32,1,18688,0.000,1.000,45.1934,46.5513
ROI_035/patch_15,own,32–64,1,72046,0.000,1.000,103.8057,105.3946
ROI_035/patch_15,own,64–128,1,255993,0.000,1.000,290.2417,293.1530
ROI_035/patch_15,own,≥128,1,1743996,0.000,1.000,475.3472,478.3961
ROI_035/patch_16,nearest,0–16,1,7112,0.000,1.000,17.9520,19.0092
ROI_035/patch_16,nearest,16–32,1,20673,0.000,1.000,18.1866,19.2057
ROI_035/patch_16,nearest,32–64,1,65835,0.000,1.000,17.7504,18.7479
ROI_035/patch_16,nearest,64–128,1,118218,0.000,1.000,117.4785,118.9271
ROI_035/patch_16,nearest,≥128,1,50306,0.900,1.000,753.7490,757.6098
ROI_035/patch_16,own,0–16,1,7112,0.000,1.000,18.3289,19.3748
ROI_035/patch_16,own,16–32,1,20673,0.000,1.000,18.2751,19.2987
ROI_035/patch_16,own,32–64,1,77595,0.000,1.000,17.5045,18.5246
ROI_035/patch_16,own,64–128,1,286836,0.000,1.000,37.5258,38.5481
ROI_035/patch_16,own,≥128,1,1967080,0.000,1.000,115.5730,116.7646
ROI_035/patch_17,nearest,0–16,1,6374,0.000,1.000,12.6243,25.3033
ROI_035/patch_17,nearest,16–32,1,18496,0.000,1.000,12.9618,25.6950
ROI_035/patch_17,nearest,32–64,1,70061,0.000,1.000,20.6859,33.3273
ROI_035/patch_17,nearest,64–128,1,129732,0.000,1.000,42.1695,55.0167
ROI_035/patch_17,nearest,≥128,1,37481,0.000,1.000,277.8395,301.4849
ROI_035/patch_17,own,0–16,1,6374,0.000,1.000,12.6118,25.3464
ROI_035/patch_17,own,16–32,1,18496,0.000,1.000,13.0868,25.8479
ROI_035/patch_17,own,32–64,1,70921,0.000,1.000,23.5571,36.2267
ROI_035/patch_17,own,64–128,1,245834,0.000,1.000,54.6990,67.6136
ROI_035/patch_17,own,≥128,1,1755527,0.000,1.000,92.2671,107.7489
ROI_035/patch_18,nearest,0–16,1,6424,0.000,1.000,24.1964,26.3023
ROI_035/patch_18,nearest,16–32,1,19291,0.000,1.000,24.6364,26.6890
ROI_035/patch_18,nearest,32–64,1,71192,0.000,1.000,25.0627,27.0523
ROI_035/patch_18,nearest,64–128,1,146887,0.000,1.000,48.0657,49.7790
ROI_035/patch_18,nearest,≥128,1,18350,0.000,1.000,153.9590,155.1329
ROI_035/patch_18,own,0–16,1,6424,0.000,1.000,24.3295,26.4387
ROI_035/patch_18,own,16–32,1,19291,0.000,1.000,24.3110,26.3665
ROI_035/patch_18,own,32–64,1,74137,0.000,1.000,25.8467,27.8283
ROI_035/patch_18,own,64–128,1,241321,0.000,1.000,46.6030,48.2968
ROI_035/patch_18,own,≥128,1,1755979,0.000,1.000,45.9850,47.7381
ROI_035/patch_19,nearest,0–16,1,6949,0.000,1.000,19.5826,21.3583
ROI_035/patch_19,nearest,16–32,1,19425,0.000,1.000,19.2532,21.0400
ROI_035/patch_19,nearest,32–64,1,61808,0.000,1.000,34.3339,36.2287
ROI_035/patch_19,nearest,64–128,1,121798,0.000,1.000,54.6332,56.3030
ROI_035/patch_19,nearest,≥128,1,52164,0.000,1.000,112.9870,114.6997
ROI_035/patch_19,own,0–16,1,6949,0.000,1.000,19.4523,21.2257
ROI_035/patch_19,own,16–32,1,19576,0.000,1.000,19.3948,21.1901
ROI_035/patch_19,own,32–64,1,72355,0.000,1.000,26.1420,28.0467
ROI_035/patch_19,own,64–128,1,240991,0.000,1.000,72.2949,74.1433
ROI_035/patch_19,own,≥128,1,2019425,0.000,1.000,103.8679,105.6166
ROI_035/patch_20,nearest,0–16,1,6446,0.000,1.000,2.9889,3.6918
ROI_035/patch_20,nearest,16–32,1,18960,0.000,1.000,3.0144,3.6936
ROI_035/patch_20,nearest,32–64,1,66131,0.000,1.000,3.0705,3.7015
ROI_035/patch_20,nearest,64–128,1,128588,0.000,1.000,4.0361,4.7151
ROI_035/patch_20,nearest,≥128,1,42019,0.000,1.000,27.0824,27.7733
ROI_035/patch_20,own,0–16,1,6446,0.000,1.000,2.9710,3.6669
ROI_035/patch_20,own,16–32,1,18960,0.000,1.000,3.0335,3.7157
ROI_035/patch_20,own,32–64,1,70582,0.000,1.000,3.0924,3.7206
ROI_035/patch_20,own,64–128,1,243461,0.000,1.000,3.7656,4.4658
ROI_035/patch_20,own,≥128,1,1757703,0.000,1.000,5.6130,6.3241
ROI_035/patch_21,nearest,0–16,1,6320,0.000,1.000,19.6579,20.1270
ROI_035/patch_21,nearest,16–32,1,18401,0.000,1.000,19.5080,19.9424
ROI_035/patch_21,nearest,32–64,1,65809,0.000,1.000,40.6603,41.2499
ROI_035/patch_21,nearest,64–128,1,126970,0.000,1.000,23.2280,23.7727
ROI_035/patch_21,nearest,≥128,1,44644,0.000,1.000,25.9900,26.4813
ROI_035/patch_21,own,0–16,1,6320,0.000,1.000,19.6286,20.0993
ROI_035/patch_21,own,16–32,1,18401,0.000,1.000,19.6925,20.1211
ROI_035/patch_21,own,32–64,1,65809,0.000,1.000,31.4867,32.0188
ROI_035/patch_21,own,64–128,1,221591,0.000,1.000,27.4716,28.0702
ROI_035/patch_21,own,≥128,1,1785031,0.000,1.000,25.2367,25.8130
ROI_035/patch_22,nearest,0–16,1,6436,0.000,1.000,11.4238,13.9570
ROI_035/patch_22,nearest,16–32,1,18819,0.000,1.000,11.7372,14.1498
ROI_035/patch_22,nearest,32–64,1,64892,0.000,1.000,13.1454,15.3618
ROI_035/patch_22,nearest,64–128,1,104724,0.000,1.000,27.5528,29.2847
ROI_035/patch_22,nearest,≥128,1,67273,0.000,1.000,201.5240,203.1067
ROI_035/patch_22,own,0–16,1,6436,0.000,1.000,11.4841,14.0110
ROI_035/patch_22,own,16–32,1,18819,0.000,1.000,12.1522,14.5500
ROI_035/patch_22,own,32–64,1,69686,0.000,1.000,12.9461,15.1501
ROI_035/patch_22,own,64–128,1,241149,0.000,1.000,19.9952,21.7741
ROI_035/patch_22,own,≥128,1,1761062,0.000,1.000,41.2044,42.9789
ROI_035/patch_23,nearest,0–16,1,6430,0.000,1.000,21.5245,23.1028
ROI_035/patch_23,nearest,16–32,1,19256,0.000,1.000,21.7315,23.2329
ROI_035/patch_23,nearest,32–64,1,68907,0.000,1.000,22.1186,23.6561
ROI_035/patch_23,nearest,64–128,1,129221,0.000,1.000,36.0544,37.6499
ROI_035/patch_23,nearest,≥128,1,38330,0.000,1.000,47.3736,49.0982
ROI_035/patch_23,own,0–16,1,6430,0.000,1.000,21.4365,23.0182
ROI_035/patch_23,own,16–32,1,19256,0.000,1.000,21.3470,22.8597
ROI_035/patch_23,own,32–64,1,73148,0.000,1.000,22.3819,23.9632
ROI_035/patch_23,own,64–128,1,233477,0.000,1.000,26.4603,28.0036
ROI_035/patch_23,own,≥128,1,1764841,0.000,1.000,36.4177,38.0888
ROI_035/patch_24,nearest,0–16,1,6431,0.000,1.000,31.3332,32.0670
ROI_035/patch_24,nearest,16–32,1,18266,0.000,1.000,31.4496,32.1713
ROI_035/patch_24,nearest,32–64,1,65288,0.000,1.000,32.4686,33.1808
ROI_035/patch_24,nearest,64–128,1,127299,0.000,1.000,35.8141,36.5068
ROI_035/patch_24,nearest,≥128,1,44860,0.000,1.000,69.5784,70.3160
ROI_035/patch_24,own,0–16,1,6431,0.000,1.000,31.3258,32.0560
ROI_035/patch_24,own,16–32,1,19128,0.000,1.000,31.4675,32.1857
ROI_035/patch_24,own,32–64,1,73055,0.000,1.000,32.3085,33.0285
ROI_035/patch_24,own,64–128,1,258897,0.000,1.000,34.4661,35.1597
ROI_035/patch_24,own,≥128,1,1739641,0.000,1.000,35.7247,36.4375
ROI_035/patch_25,nearest,0–16,1,6419,0.000,1.000,22.3249,23.0601
ROI_035/patch_25,nearest,16–32,1,18615,0.000,1.000,22.5352,23.2895
ROI_035/patch_25,nearest,32–64,1,67553,0.000,1.000,25.3903,26.5504
ROI_035/patch_25,nearest,64–128,1,140585,0.000,1.000,25.4906,26.5943
ROI_035/patch_25,nearest,≥128,1,28972,0.000,1.000,38.4335,40.2464
ROI_035/patch_25,own,0–16,1,6419,0.000,1.000,22.3774,23.1030
ROI_035/patch_25,own,16–32,1,18615,0.000,1.000,22.5011,23.2698
ROI_035/patch_25,own,32–64,1,67932,0.000,1.000,26.9380,28.1293
ROI_035/patch_25,own,64–128,1,226415,0.000,1.000,26.9431,28.0519
ROI_035/patch_25,own,≥128,1,1777771,0.000,1.000,29.1063,30.3729
ROI_035/patch_26,nearest,0–16,1,6265,0.000,1.000,25.9842,27.0222
ROI_035/patch_26,nearest,16–32,1,18350,0.000,1.000,25.7840,26.8086
ROI_035/patch_26,nearest,32–64,1,70441,0.000,1.000,30.8795,31.9343
ROI_035/patch_26,nearest,64–128,1,133888,0.000,1.000,27.7739,28.9889
ROI_035/patch_26,nearest,≥128,1,33200,0.000,1.000,42.7206,44.1540
ROI_035/patch_26,own,0–16,1,6265,0.000,1.000,26.0722,27.1070
ROI_035/patch_26,own,16–32,1,18350,0.000,1.000,25.7736,26.7920
ROI_035/patch_26,own,32–64,1,70545,0.000,1.000,30.4552,31.4834
ROI_035/patch_26,own,64–128,1,235134,0.000,1.000,27.4737,28.6690
ROI_035/patch_26,own,≥128,1,1766858,0.000,1.000,29.1843,30.4197
ROI_035/patch_27,nearest,0–16,1,6173,0.000,1.000,13.5619,15.0535
ROI_035/patch_27,nearest,16–32,1,18243,0.000,1.000,13.6609,15.1174
ROI_035/patch_27,nearest,32–64,1,61961,0.000,1.000,13.3105,14.7729
ROI_035/patch_27,nearest,64–128,1,84404,0.000,1.000,17.8707,19.4745
ROI_035/patch_27,nearest,≥128,1,91363,0.000,1.000,46.4407,49.3219
ROI_035/patch_27,own,0–16,1,6173,0.000,1.000,13.5403,15.0343
ROI_035/patch_27,own,16–32,1,18243,0.000,1.000,13.7669,15.2309
ROI_035/patch_27,own,32–64,1,67448,0.000,1.000,13.5859,15.0456
ROI_035/patch_27,own,64–128,1,231804,0.000,1.000,16.6974,18.2200
ROI_035/patch_27,own,≥128,1,1773484,0.000,1.000,41.7407,43.2536
ROI_035/patch_28,nearest,0–16,1,6447,0.000,1.000,11.2837,13.0369
ROI_035/patch_28,nearest,16–32,1,19297,0.000,1.000,11.5477,13.1532
ROI_035/patch_28,nearest,32–64,1,67852,0.000,1.000,13.2627,14.8519
ROI_035/patch_28,nearest,64–128,1,129531,0.000,1.000,19.1041,20.7960
ROI_035/patch_28,nearest,≥128,1,39017,0.000,1.000,63.9848,65.9936
ROI_035/patch_28,own,0–16,1,6447,0.000,1.000,11.3069,13.0552
ROI_035/patch_28,own,16–32,1,19297,0.000,1.000,11.6828,13.3072
ROI_035/patch_28,own,32–64,1,73244,0.000,1.000,13.4040,15.0775
ROI_035/patch_28,own,64–128,1,251826,0.000,1.000,17.0890,18.7605
ROI_035/patch_28,own,≥128,1,1746338,0.000,1.000,27.1369,28.8759
ROI_035/patch_29,nearest,0–16,1,6383,0.000,1.000,8.9728,10.8914
ROI_035/patch_29,nearest,16–32,1,17647,0.000,1.000,9.0296,10.9199
ROI_035/patch_29,nearest,32–64,1,63172,0.000,1.000,9.1115,10.9616
ROI_035/patch_29,nearest,64–128,1,130172,0.000,1.000,18.9101,20.9236
ROI_035/patch_29,nearest,≥128,1,44770,0.000,1.000,183.3791,185.7594
ROI_035/patch_29,own,0–16,1,6383,0.000,1.000,8.9844,10.9008
ROI_035/patch_29,own,16–32,1,17647,0.000,1.000,9.0015,10.9031
ROI_035/patch_29,own,32–64,1,66350,0.000,1.000,9.2337,11.1006
ROI_035/patch_29,own,64–128,1,235660,0.000,1.000,12.7996,14.7818
ROI_035/patch_29,own,≥128,1,1771112,0.000,1.000,11.1912,13.2273
ROI_035/patch_30,nearest,0–16,1,6431,0.000,1.000,27.0276,27.7158
ROI_035/patch_30,nearest,16–32,1,19093,0.000,1.000,27.7915,28.4966
ROI_035/patch_30,nearest,32–64,1,69505,0.000,1.000,28.4237,29.1845
ROI_035/patch_30,nearest,64–128,1,113246,0.000,1.000,48.6375,49.5366
ROI_035/patch_30,nearest,≥128,1,53869,0.000,1.000,108.8186,109.9944
ROI_035/patch_30,own,0–16,1,6431,0.000,1.000,27.1854,27.8731
ROI_035/patch_30,own,16–32,1,19093,0.000,1.000,27.6834,28.3919
ROI_035/patch_30,own,32–64,1,71219,0.000,1.000,29.6741,30.4320
ROI_035/patch_30,own,64–128,1,247906,0.000,1.000,36.5804,37.4066
ROI_035/patch_30,own,≥128,1,1752503,0.000,1.000,59.2107,60.1400
ROI_035/patch_31,nearest,0–16,1,6260,0.000,1.000,15.5118,17.0301
ROI_035/patch_31,nearest,16–32,1,18350,0.000,1.000,21.1033,22.6426
ROI_035/patch_31,nearest,32–64,1,66131,0.000,1.000,33.5081,35.0167
ROI_035/patch_31,nearest,64–128,1,131254,0.000,1.000,28.1935,32.1153
ROI_035/patch_31,nearest,≥128,1,40149,0.000,1.000,216.1989,230.0593
ROI_035/patch_31,own,0–16,1,6260,0.000,1.000,15.2763,16.7942
ROI_035/patch_31,own,16–32,1,18350,0.000,1.000,19.9102,21.4399
ROI_035/patch_31,own,32–64,1,67976,0.000,1.000,34.0990,35.6593
ROI_035/patch_31,own,64–128,1,225861,0.000,1.000,30.0880,33.2248
ROI_035/patch_31,own,≥128,1,1778705,0.000,1.000,47.1300,52.6620
ROI_035/patch_32,nearest,0–16,1,6416,0.000,1.000,63.2920,64.7845
ROI_035/patch_32,nearest,16–32,1,18427,0.000,1.000,64.0202,65.5520
ROI_035/patch_32,nearest,32–64,1,65642,0.000,1.000,66.6657,68.3150
ROI_035/patch_32,nearest,64–128,1,115305,0.000,1.000,73.5584,75.8401
ROI_035/patch_32,nearest,≥128,1,56354,0.000,1.000,128.2691,129.9501
ROI_035/patch_32,own,0–16,1,6416,0.000,1.000,63.4890,64.9776
ROI_035/patch_32,own,16–32,1,18427,0.000,1.000,63.8630,65.3960
ROI_035/patch_32,own,32–64,1,67011,0.000,1.000,66.9608,68.5927
ROI_035/patch_32,own,64–128,1,232521,0.000,1.000,75.8417,77.6510
ROI_035/patch_32,own,≥128,1,1772777,0.000,1.000,86.2965,87.9421
ROI_035/patch_33,nearest,0–16,1,6427,0.000,1.000,12.2542,14.3107
ROI_035/patch_33,nearest,16–32,1,18553,0.000,1.000,12.3767,14.4466
ROI_035/patch_33,nearest,32–64,1,66888,0.000,1.000,12.9053,15.0095
ROI_035/patch_33,nearest,64–128,1,127323,0.000,1.000,21.9053,24.3214
ROI_035/patch_33,nearest,≥128,1,42953,0.000,1.000,74.4098,77.7137
ROI_035/patch_33,own,0–16,1,6427,0.000,1.000,12.2741,14.3340
ROI_035/patch_33,own,16–32,1,18553,0.000,1.000,12.2527,14.3205
ROI_035/patch_33,own,32–64,1,68501,0.000,1.000,12.6662,14.7676
ROI_035/patch_33,own,64–128,1,246748,0.000,1.000,18.7304,21.1641
ROI_035/patch_33,own,≥128,1,1756923,0.000,1.000,26.6658,29.1158
ROI_035/patch_34,nearest,0–16,1,6429,0.000,1.000,5.7843,6.0027
ROI_035/patch_34,nearest,16–32,1,19067,0.000,1.000,9.4003,9.6184
ROI_035/patch_34,nearest,32–64,1,71742,0.000,1.000,17.4253,17.6509
ROI_035/patch_34,nearest,64–128,1,145104,0.000,1.000,13.8559,14.1038
ROI_035/patch_34,nearest,≥128,1,19802,0.000,1.000,77.4244,77.8080
ROI_035/patch_34,own,0–16,1,6429,0.000,1.000,5.7799,5.9950
ROI_035/patch_34,own,16–32,1,19067,0.000,1.000,10.3695,10.5834
ROI_035/patch_34,own,32–64,1,71742,0.000,1.000,20.7174,20.9268
ROI_035/patch_34,own,64–128,1,225474,0.000,1.000,14.0431,14.2858
ROI_035/patch_34,own,≥128,1,1774440,0.000,1.000,17.5528,17.8254
ROI_035/patch_35,nearest,0–16,1,6161,0.000,1.000,6.1998,7.5937
ROI_035/patch_35,nearest,16–32,1,18219,0.000,1.000,6.2409,7.5817
ROI_035/patch_35,nearest,32–64,1,70152,0.000,1.000,15.9926,17.2986
ROI_035/patch_35,nearest,64–128,1,125426,0.000,1.000,9.5460,10.7022
ROI_035/patch_35,nearest,≥128,1,42186,0.000,1.000,12.8706,13.9297
ROI_035/patch_35,own,0–16,1,6161,0.000,1.000,6.2183,7.6180
ROI_035/patch_35,own,16–32,1,18219,0.000,1.000,6.2589,7.6152
ROI_035/patch_35,own,32–64,1,70614,0.000,1.000,14.0042,15.3156
ROI_035/patch_35,own,64–128,1,233221,0.000,1.000,10.2676,11.5156
ROI_035/patch_35,own,≥128,1,1768937,0.000,1.000,11.0968,12.3383
ROI_035/patch_36,nearest,0–16,1,6349,0.000,1.000,4.4756,5.7859
ROI_035/patch_36,nearest,16–32,1,18493,0.000,1.000,4.3068,5.5859
ROI_035/patch_36,nearest,32–64,1,67233,0.000,1.000,7.5584,8.8073
ROI_035/patch_36,nearest,64–128,1,139045,0.000,1.000,19.3054,20.4674
ROI_035/patch_36,nearest,≥128,1,31024,0.000,1.000,13.9051,15.0079
ROI_035/patch_36,own,0–16,1,6349,0.000,1.000,4.4338,5.7511
ROI_035/patch_36,own,16–32,1,18493,0.000,1.000,4.2952,5.5530
ROI_035/patch_36,own,32–64,1,70447,0.000,1.000,7.4932,8.7507
ROI_035/patch_36,own,64–128,1,229863,0.000,1.000,12.8969,14.1579
ROI_035/patch_36,own,≥128,1,1772000,0.000,1.000,16.2390,17.5027
ROI_035/patch_37,nearest,0–16,1,7226,0.000,1.000,77.6580,79.9038
ROI_035/patch_37,nearest,16–32,1,21430,0.000,1.000,77.8888,80.1212
ROI_035/patch_37,nearest,32–64,1,72728,0.000,1.000,79.6965,81.9547
ROI_035/patch_37,nearest,64–128,1,130296,0.000,1.000,90.5646,93.1013
ROI_035/patch_37,nearest,≥128,1,30464,0.000,1.000,95.0810,98.1667
ROI_035/patch_37,own,0–16,1,7226,0.000,1.000,77.7878,80.0341
ROI_035/patch_37,own,16–32,1,21430,0.000,1.000,77.8490,80.0780
ROI_035/patch_37,own,32–64,1,78617,0.000,1.000,80.8319,83.0618
ROI_035/patch_37,own,64–128,1,284364,0.000,1.000,89.0722,91.4385
ROI_035/patch_37,own,≥128,1,1967659,0.000,1.000,95.4647,97.8772
ROI_035/patch_38,nearest,0–16,1,6248,0.000,1.000,5.6580,7.1625
ROI_035/patch_38,nearest,16–32,1,17766,0.000,1.000,9.5757,11.0655
ROI_035/patch_38,nearest,32–64,1,62612,0.000,1.000,8.5731,10.1785
ROI_035/patch_38,nearest,64–128,1,134484,0.000,1.000,15.1215,16.8648
ROI_035/patch_38,nearest,≥128,1,41034,0.000,1.000,37.0162,38.9048
ROI_035/patch_38,own,0–16,1,6248,0.000,1.000,5.6618,7.1628
ROI_035/patch_38,own,16–32,1,17766,0.000,1.000,9.2636,10.7502
ROI_035/patch_38,own,32–64,1,62938,0.000,1.000,10.1058,11.7253
ROI_035/patch_38,own,64–128,1,229267,0.000,1.000,16.2604,18.0284
ROI_035/patch_38,own,≥128,1,1780933,0.000,1.000,13.1844,14.8468
ROI_035/patch_39,nearest,0–16,1,6443,0.000,1.000,15.8681,16.9228
ROI_035/patch_39,nearest,16–32,1,19200,0.000,1.000,16.0631,17.1033
ROI_035/patch_39,nearest,32–64,1,70947,0.000,1.000,16.5232,17.5195
ROI_035/patch_39,nearest,64–128,1,147189,0.000,1.000,46.4053,47.4861
ROI_035/patch_39,nearest,≥128,1,18365,0.000,1.000,274.6971,276.0128
ROI_035/patch_39,own,0–16,1,6443,0.000,1.000,15.9315,16.9863
ROI_035/patch_39,own,16–32,1,19200,0.000,1.000,16.2167,17.2557
ROI_035/patch_39,own,32–64,1,72234,0.000,1.000,16.2336,17.2223
ROI_035/patch_39,own,64–128,1,259211,0.000,1.000,36.4063,37.5032
ROI_035/patch_39,own,≥128,1,1740064,0.000,1.000,45.7650,46.7825
ROI_035/patch_40,nearest,0–16,1,7066,0.000,1.000,204.2868,206.1503
ROI_035/patch_40,nearest,16–32,1,19868,0.000,1.000,208.2882,210.1876
ROI_035/patch_40,nearest,32–64,1,63225,0.000,1.000,299.8933,302.9699
ROI_035/patch_40,nearest,64–128,1,120312,0.000,1.000,253.4454,257.9425
ROI_035/patch_40,nearest,≥128,1,51673,0.000,1.000,160.9421,163.9215
ROI_035/patch_40,own,0–16,1,7066,0.000,1.000,217.0195,218.8809
ROI_035/patch_40,own,16–32,1,19868,0.000,1.000,189.1988,191.1288
ROI_035/patch_40,own,32–64,1,68144,0.000,1.000,276.2109,278.9292
ROI_035/patch_40,own,64–128,1,225658,0.000,1.000,311.7159,315.8786
ROI_035/patch_40,own,≥128,1,2038560,0.000,1.000,194.3979,197.3454
ROI_035/patch_41,nearest,0–16,1,6444,0.000,1.000,6.0939,6.6594
ROI_035/patch_41,nearest,16–32,1,19277,0.000,1.000,6.4579,7.0546
ROI_035/patch_41,nearest,32–64,1,69558,0.000,1.000,6.9555,7.6267
ROI_035/patch_41,nearest,64–128,1,142470,0.000,1.000,11.8443,12.4787
ROI_035/patch_41,nearest,≥128,1,24395,0.000,1.000,54.7184,55.4933
ROI_035/patch_41,own,0–16,1,6444,0.000,1.000,6.1304,6.6948
ROI_035/patch_41,own,16–32,1,19277,0.000,1.000,6.3911,6.9808
ROI_035/patch_41,own,32–64,1,70870,0.000,1.000,6.8560,7.4877
ROI_035/patch_41,own,64–128,1,226237,0.000,1.000,11.1626,11.7970
ROI_035/patch_41,own,≥128,1,1774324,0.000,1.000,11.3093,11.9381
ROI_035/patch_42,nearest,0–16,1,6420,0.000,1.000,11.2319,13.2765
ROI_035/patch_42,nearest,16–32,1,18618,0.000,1.000,11.3285,13.4032
ROI_035/patch_42,nearest,32–64,1,69500,0.000,1.000,12.5715,14.6118
ROI_035/patch_42,nearest,64–128,1,133700,0.000,1.000,21.0974,23.3906
ROI_035/patch_42,nearest,≥128,1,33906,0.000,1.000,37.4142,40.1206
ROI_035/patch_42,own,0–16,1,6420,0.000,1.000,11.1740,13.2163
ROI_035/patch_42,own,16–32,1,18618,0.000,1.000,10.8682,12.9062
ROI_035/patch_42,own,32–64,1,70640,0.000,1.000,12.8494,14.8666
ROI_035/patch_42,own,64–128,1,229602,0.000,1.000,17.8830,20.1786
ROI_035/patch_42,own,≥128,1,1771872,0.000,1.000,19.6564,21.8191
ROI_035/patch_43,nearest,0–16,1,6433,0.000,1.000,17.9085,20.6956
ROI_035/patch_43,nearest,16–32,1,18663,0.000,1.000,18.1355,20.8227
ROI_035/patch_43,nearest,32–64,1,62751,0.000,1.000,19.3509,21.8698
ROI_035/patch_43,nearest,64–128,1,123983,0.000,1.000,57.4400,60.0010
ROI_035/patch_43,nearest,≥128,1,50314,0.000,1.000,49.6479,52.3500
ROI_035/patch_43,own,0–16,1,6433,0.000,1.000,17.9249,20.7116
ROI_035/patch_43,own,16–32,1,18663,0.000,1.000,17.8080,20.4915
ROI_035/patch_43,own,32–64,1,69162,0.000,1.000,19.4410,21.9927
ROI_035/patch_43,own,64–128,1,233511,0.000,1.000,48.9233,51.5513
ROI_035/patch_43,own,≥128,1,1769383,0.000,1.000,47.0276,49.6421
ROI_035/patch_44,nearest,0–16,1,6333,0.000,1.000,17.6059,18.1894
ROI_035/patch_44,nearest,16–32,1,18436,0.000,1.000,17.3082,17.8833
ROI_035/patch_44,nearest,32–64,1,70896,0.000,1.000,20.2695,20.8710
ROI_035/patch_44,nearest,64–128,1,136120,0.000,1.000,19.4286,19.9269
ROI_035/patch_44,nearest,≥128,1,30359,0.000,1.000,26.3249,26.8676
ROI_035/patch_44,own,0–16,1,6333,0.000,1.000,17.5451,18.1282
ROI_035/patch_44,own,16–32,1,18436,0.000,1.000,17.4347,18.0162
ROI_035/patch_44,own,32–64,1,70896,0.000,1.000,22.7447,23.3547
ROI_035/patch_44,own,64–128,1,249004,0.000,1.000,20.0749,20.6480
ROI_035/patch_44,own,≥128,1,1752483,0.000,1.000,21.9271,22.4503
ROI_035/patch_45,nearest,0–16,1,6124,0.000,1.000,30.8541,32.6051
ROI_035/patch_45,nearest,16–32,1,18184,0.000,1.000,30.6919,32.4432
ROI_035/patch_45,nearest,32–64,1,69748,0.000,1.000,31.4436,33.2139
ROI_035/patch_45,nearest,64–128,1,139462,0.000,1.000,29.0374,30.9067
ROI_035/patch_45,nearest,≥128,1,28626,0.000,1.000,33.9637,36.1335
ROI_035/patch_45,own,0–16,1,6124,0.000,1.000,30.8969,32.6375
ROI_035/patch_45,own,16–32,1,18184,0.000,1.000,30.6327,32.3970
ROI_035/patch_45,own,32–64,1,70246,0.000,1.000,31.4816,33.2563
ROI_035/patch_45,own,64–128,1,244330,0.000,1.000,30.6979,32.5494
ROI_035/patch_45,own,≥128,1,1758268,0.000,1.000,28.7367,30.6555
ROI_035/patch_46,nearest,0–16,1,6264,0.000,1.000,16.7148,18.7400
ROI_035/patch_46,nearest,16–32,1,17990,0.000,1.000,17.0055,18.9809
ROI_035/patch_46,nearest,32–64,1,64165,0.000,1.000,17.5140,19.4076
ROI_035/patch_46,nearest,64–128,1,132328,0.000,1.000,19.6836,21.7422
ROI_035/patch_46,nearest,≥128,1,41397,0.000,1.000,35.5504,38.1097
ROI_035/patch_46,own,0–16,1,6264,0.000,1.000,16.7425,18.7635
ROI_035/patch_46,own,16–32,1,17990,0.000,1.000,16.9828,18.9668
ROI_035/patch_46,own,32–64,1,67647,0.000,1.000,17.6114,19.5266
ROI_035/patch_46,own,64–128,1,234157,0.000,1.000,19.7434,21.7331
ROI_035/patch_46,own,≥128,1,1771094,0.000,1.000,19.5290,21.5240
ROI_035/patch_47,nearest,0–16,1,6438,0.000,1.000,36.4314,37.9704
ROI_035/patch_47,nearest,16–32,1,19178,0.000,1.000,36.7436,38.3200
ROI_035/patch_47,nearest,32–64,1,64841,0.000,1.000,45.1095,46.8573
ROI_035/patch_47,nearest,64–128,1,123005,0.000,1.000,49.2185,50.8161
ROI_035/patch_47,nearest,≥128,1,48682,0.000,1.000,198.3534,199.6777
ROI_035/patch_47,own,0–16,1,6438,0.000,1.000,36.4462,37.9922
ROI_035/patch_47,own,16–32,1,19178,0.000,1.000,36.8444,38.4222
ROI_035/patch_47,own,32–64,1,68456,0.000,1.000,51.7203,53.6018
ROI_035/patch_47,own,64–128,1,228197,0.000,1.000,51.6553,53.1571
ROI_035/patch_47,own,≥128,1,1774883,0.000,1.000,52.2906,54.1210
ROI_035/patch_48,nearest,0–16,1,6435,0.000,1.000,6.1408,8.5474
ROI_035/patch_48,nearest,16–32,1,19150,0.000,1.000,6.2376,8.6305
ROI_035/patch_48,nearest,32–64,1,70323,0.000,1.000,6.9625,9.3348
ROI_035/patch_48,nearest,64–128,1,93215,0.000,1.000,10.1630,12.5347
ROI_035/patch_48,nearest,≥128,1,73021,0.000,1.000,73.5263,77.4796
ROI_035/patch_48,own,0–16,1,6435,0.000,1.000,6.1421,8.5527
ROI_035/patch_48,own,16–32,1,19150,0.000,1.000,6.3568,8.7453
ROI_035/patch_48,own,32–64,1,72854,0.000,1.000,6.9100,9.2811
ROI_035/patch_48,own,64–128,1,243530,0.000,1.000,8.2226,10.5636
ROI_035/patch_48,own,≥128,1,1755183,0.000,1.000,18.7956,21.2952
ROI_035/patch_49,nearest,0–16,1,6431,0.000,1.000,5.2136,7.0680
ROI_035/patch_49,nearest,16–32,1,18967,0.000,1.000,13.1659,15.0641
ROI_035/patch_49,nearest,32–64,1,66812,0.000,1.000,41.2887,43.6185
ROI_035/patch_49,nearest,64–128,1,132332,0.000,1.000,31.5525,33.8233
ROI_035/patch_49,nearest,≥128,1,37602,0.000,1.000,97.6079,100.1362
ROI_035/patch_49,own,0–16,1,6431,0.000,1.000,5.2849,7.1376
ROI_035/patch_49,own,16–32,1,18967,0.000,1.000,14.6049,16.5174
ROI_035/patch_49,own,32–64,1,66840,0.000,1.000,37.6964,39.8951
ROI_035/patch_49,own,64–128,1,232777,0.000,1.000,27.3034,29.5594
ROI_035/patch_49,own,≥128,1,1772137,0.000,1.000,49.9838,52.3544
ROI_035/patch_50,nearest,0–16,1,6436,0.000,1.000,9.6034,12.7480
ROI_035/patch_50,nearest,16–32,1,18721,0.000,1.000,9.2968,12.4484
ROI_035/patch_50,nearest,32–64,1,58296,0.000,1.000,9.5093,12.5929
ROI_035/patch_50,nearest,64–128,1,123767,0.000,1.000,9.2438,12.3802
ROI_035/patch_50,nearest,≥128,1,54924,0.000,1.000,20.3675,23.6201
ROI_035/patch_50,own,0–16,1,6436,0.000,1.000,9.5362,12.6660
ROI_035/patch_50,own,16–32,1,18721,0.000,1.000,9.2023,12.3450
ROI_035/patch_50,own,32–64,1,64692,0.000,1.000,10.6701,13.7520
ROI_035/patch_50,own,64–128,1,220824,0.000,1.000,9.0027,12.0994
ROI_035/patch_50,own,≥128,1,1786479,0.000,1.000,11.3823,14.5065
ROI_035/patch_51,nearest,0–16,1,6430,0.000,1.000,9.1296,10.4484
ROI_035/patch_51,nearest,16–32,1,19296,0.000,1.000,9.0819,10.3638
ROI_035/patch_51,nearest,32–64,1,71548,0.000,1.000,9.0792,10.2311
ROI_035/patch_51,nearest,64–128,1,135719,0.000,1.000,44.9526,46.2588
ROI_035/patch_51,nearest,≥128,1,29151,0.000,1.000,113.0479,113.9634
ROI_035/patch_51,own,0–16,1,6430,0.000,1.000,9.1214,10.4275
ROI_035/patch_51,own,16–32,1,19296,0.000,1.000,9.1067,10.3818
ROI_035/patch_51,own,32–64,1,71913,0.000,1.000,9.1202,10.2848
ROI_035/patch_51,own,64–128,1,245489,0.000,1.000,26.6697,27.8228
ROI_035/patch_51,own,≥128,1,1754024,0.000,1.000,28.0252,29.2546
ROI_035/patch_52,nearest,0–16,1,6310,0.000,1.000,10.1200,10.6939
ROI_035/patch_52,nearest,16–32,1,18399,0.000,1.000,10.4651,11.0912
ROI_035/patch_52,nearest,32–64,1,69160,0.000,1.000,33.8297,34.6213
ROI_035/patch_52,nearest,64–128,1,132612,0.000,1.000,55.9614,57.1154
ROI_035/patch_52,nearest,≥128,1,35663,0.000,1.000,223.3021,228.9777
ROI_035/patch_52,own,0–16,1,6310,0.000,1.000,10.1102,10.6859
ROI_035/patch_52,own,16–32,1,18399,0.000,1.000,10.9044,11.5383
ROI_035/patch_52,own,32–64,1,69721,0.000,1.000,23.9618,24.6766
ROI_035/patch_52,own,64–128,1,235224,0.000,1.000,34.0055,35.0525
ROI_035/patch_52,own,≥128,1,1767498,0.000,1.000,48.8092,50.5767
ROI_035/patch_53,nearest,0–16,1,6251,0.000,1.000,9.5775,10.3671
ROI_035/patch_53,nearest,16–32,1,18324,0.000,1.000,12.0712,12.6072
ROI_035/patch_53,nearest,32–64,1,64556,0.000,1.000,45.9837,46.7942
ROI_035/patch_53,nearest,64–128,1,110477,0.000,1.000,88.3832,89.5101
ROI_035/patch_53,nearest,≥128,1,62536,0.000,1.000,174.9866,175.6293
ROI_035/patch_53,own,0–16,1,6251,0.000,1.000,9.5808,10.3717
ROI_035/patch_53,own,16–32,1,18324,0.000,1.000,11.3342,11.8644
ROI_035/patch_53,own,32–64,1,72831,0.000,1.000,32.6571,33.4162
ROI_035/patch_53,own,64–128,1,262997,0.000,1.000,79.7026,80.5629
ROI_035/patch_53,own,≥128,1,1736749,0.000,1.000,96.1640,96.8650
ROI_035/patch_54,nearest,0–16,1,6391,0.000,1.000,12.6075,14.0902
ROI_035/patch_54,nearest,16–32,1,18523,0.000,1.000,13.1347,14.7470
ROI_035/patch_54,nearest,32–64,1,65491,0.000,1.000,12.1011,13.6819
ROI_035/patch_54,nearest,64–128,1,124843,0.000,1.000,12.8356,14.3442
ROI_035/patch_54,nearest,≥128,1,46896,0.000,1.000,25.4497,26.4731
ROI_035/patch_54,own,0–16,1,6391,0.000,1.000,12.5662,14.0577
ROI_035/patch_54,own,16–32,1,18523,0.000,1.000,14.1472,15.7729
ROI_035/patch_54,own,32–64,1,68334,0.000,1.000,11.9982,13.5624
ROI_035/patch_54,own,64–128,1,235911,0.000,1.000,12.1071,13.6216
ROI_035/patch_54,own,≥128,1,1767993,0.000,1.000,13.3638,14.7245
ROI_035/patch_55,nearest,0–16,1,6440,0.000,1.000,6.1294,6.5875
ROI_035/patch_55,nearest,16–32,1,19301,0.000,1.000,6.2096,6.6152
ROI_035/patch_55,nearest,32–64,1,68839,0.000,1.000,13.9928,14.5944
ROI_035/patch_55,nearest,64–128,1,129045,0.000,1.000,60.4033,61.0101
ROI_035/patch_55,nearest,≥128,1,38519,0.000,1.000,279.8485,280.3883
ROI_035/patch_55,own,0–16,1,6440,0.000,1.000,6.1447,6.6031
ROI_035/patch_55,own,16–32,1,19301,0.000,1.000,6.2276,6.6531
ROI_035/patch_55,own,32–64,1,74097,0.000,1.000,19.1964,19.8288
ROI_035/patch_55,own,64–128,1,241218,0.000,1.000,70.5754,71.0979
ROI_035/patch_55,own,≥128,1,1756096,0.000,1.000,57.0510,57.5259
ROI_035/patch_56,nearest,0–16,1,6415,0.000,1.000,13.9277,15.2601
ROI_035/patch_56,nearest,16–32,1,18559,0.000,1.000,14.0323,15.4144
ROI_035/patch_56,nearest,32–64,1,69882,0.000,1.000,14.0036,15.3977
ROI_035/patch_56,nearest,64–128,1,145073,0.000,1.000,34.5364,35.7774
ROI_035/patch_56,nearest,≥128,1,22215,0.000,1.000,132.7102,133.3318
ROI_035/patch_56,own,0–16,1,6415,0.000,1.000,13.8923,15.2223
ROI_035/patch_56,own,16–32,1,18559,0.000,1.000,13.9855,15.3767
ROI_035/patch_56,own,32–64,1,69882,0.000,1.000,13.8774,15.2639
ROI_035/patch_56,own,64–128,1,241781,0.000,1.000,40.3921,41.6578
ROI_035/patch_56,own,≥128,1,1760515,0.000,1.000,52.2908,53.4099
ROI_035/patch_57,nearest,0–16,1,6435,0.000,1.000,7.5119,7.8555
ROI_035/patch_57,nearest,16–32,1,19301,0.000,1.000,7.6991,8.0466
ROI_035/patch_57,nearest,32–64,1,70002,0.000,1.000,8.3886,8.7467
ROI_035/patch_57,nearest,64–128,1,129759,0.000,1.000,19.2466,19.9274
ROI_035/patch_57,nearest,≥128,1,36647,0.250,1.000,488.9407,490.3153
ROI_035/patch_57,own,0–16,1,6435,0.000,1.000,7.5043,7.8467
ROI_035/patch_57,own,16–32,1,19301,0.000,1.000,7.7138,8.0577
ROI_035/patch_57,own,32–64,1,73939,0.000,1.000,8.3320,8.6910
ROI_035/patch_57,own,64–128,1,268643,0.000,1.000,11.8016,12.2243
ROI_035/patch_57,own,≥128,1,1728834,0.000,1.000,73.3990,74.1671
ROI_035/patch_58,nearest,0–16,1,6432,0.000,1.000,19.9970,21.2590
ROI_035/patch_58,nearest,16–32,1,19301,0.000,1.000,21.3613,22.6054
ROI_035/patch_58,nearest,32–64,1,71057,0.000,1.000,31.3089,32.5477
ROI_035/patch_58,nearest,64–128,1,121409,0.000,1.000,35.1731,36.2730
ROI_035/patch_58,nearest,≥128,1,43945,0.000,1.000,30.0350,32.1334
ROI_035/patch_58,own,0–16,1,6432,0.000,1.000,19.9231,21.1971
ROI_035/patch_58,own,16–32,1,19301,0.000,1.000,21.5993,22.8697
ROI_035/patch_58,own,32–64,1,73707,0.000,1.000,33.4498,34.6468
ROI_035/patch_58,own,64–128,1,233954,0.000,1.000,29.9031,31.2056
ROI_035/patch_58,own,≥128,1,1763758,0.000,1.000,41.6707,42.9514
ROI_035/patch_59,nearest,0–16,1,6433,0.000,1.000,10.4747,12.3483
ROI_035/patch_59,nearest,16–32,1,19294,0.000,1.000,24.8341,26.4656
ROI_035/patch_59,nearest,32–64,1,68405,0.000,1.000,32.1194,33.5755
ROI_035/patch_59,nearest,64–128,1,131309,0.000,1.000,38.4771,39.7212
ROI_035/patch_59,nearest,≥128,1,36703,0.000,1.000,440.9539,444.2684
ROI_035/patch_59,own,0–16,1,6433,0.000,1.000,10.6803,12.5642
ROI_035/patch_59,own,16–32,1,19294,0.000,1.000,28.8125,30.4789
ROI_035/patch_59,own,32–64,1,73906,0.000,1.000,24.0309,25.4831
ROI_035/patch_59,own,64–128,1,257229,0.000,1.000,25.8931,27.1391
ROI_035/patch_59,own,≥128,1,1740290,0.000,1.000,71.3781,72.7384
ROI_035/patch_60,nearest,0–16,1,6329,0.000,1.000,32.1795,33.4326
ROI_035/patch_60,nearest,16–32,1,18152,0.000,1.000,33.4733,34.6242
ROI_035/patch_60,nearest,32–64,1,65466,0.000,1.000,52.1309,53.6344
ROI_035/patch_60,nearest,64–128,1,129632,0.000,1.000,59.4142,60.8399
ROI_035/patch_60,nearest,≥128,1,42565,0.000,1.000,272.6377,278.8451
ROI_035/patch_60,own,0–16,1,6329,0.000,1.000,32.0740,33.3328
ROI_035/patch_60,own,16–32,1,18152,0.000,1.000,33.6053,34.7433
ROI_035/patch_60,own,32–64,1,67699,0.000,1.000,53.4917,54.9910
ROI_035/patch_60,own,64–128,1,242033,0.000,1.000,61.3563,63.1871
ROI_035/patch_60,own,≥128,1,1762939,0.000,1.000,118.7254,121.5734
ROI_035/patch_62,nearest,0–16,1,6435,0.000,1.000,19.3081,20.2543
ROI_035/patch_62,nearest,16–32,1,18588,0.000,1.000,19.5890,20.5689
ROI_035/patch_62,nearest,32–64,1,62825,0.000,1.000,37.3781,38.5474
ROI_035/patch_62,nearest,64–128,1,118334,0.000,1.000,93.4867,95.0069
ROI_035/patch_62,nearest,≥128,1,55962,0.000,1.000,926.1988,927.8994
ROI_035/patch_62,own,0–16,1,6435,0.000,1.000,19.2522,20.1841
ROI_035/patch_62,own,16–32,1,18588,0.000,1.000,19.6944,20.6964
ROI_035/patch_62,own,32–64,1,65585,0.000,1.000,34.6673,35.9068
ROI_035/patch_62,own,64–128,1,210546,0.000,1.000,37.1068,38.5761
ROI_035/patch_62,own,≥128,1,1795998,0.000,1.000,55.3053,56.6844
ROI_035/patch_63,nearest,0–16,1,6297,0.000,1.000,25.1741,26.5817
ROI_035/patch_63,nearest,16–32,1,16988,0.000,1.000,25.2560,26.5819
ROI_035/patch_63,nearest,32–64,1,64186,0.000,1.000,25.2282,26.4345
ROI_035/patch_63,nearest,64–128,1,147820,0.000,1.000,48.3495,49.4145
ROI_035/patch_63,nearest,≥128,1,26853,1.000,1.000,,
ROI_035/patch_63,own,0–16,1,6297,0.000,1.000,25.2492,26.6553
ROI_035/patch_63,own,16–32,1,16988,0.000,1.000,25.3273,26.6696
ROI_035/patch_63,own,32–64,1,64186,0.000,1.000,25.1129,26.3370
ROI_035/patch_63,own,64–128,1,219508,0.000,1.000,38.9393,39.8416
ROI_035/patch_63,own,≥128,1,1790173,0.000,1.000,39.6181,40.6501
ROI_035/patch_64,nearest,0–16,1,6436,0.000,1.000,7.1023,8.9413
ROI_035/patch_64,nearest,16–32,1,19038,0.000,1.000,7.4723,9.3625
ROI_035/patch_64,nearest,32–64,1,62516,0.000,1.000,15.1635,17.3548
ROI_035/patch_64,nearest,64–128,1,118144,0.000,1.000,110.7434,112.8635
ROI_035/patch_64,nearest,≥128,1,56010,0.950,1.000,768.0686,770.3302
ROI_035/patch_64,own,0–16,1,6436,0.000,1.000,7.1002,8.9529
ROI_035/patch_64,own,16–32,1,19038,0.000,1.000,7.2333,9.1106
ROI_035/patch_64,own,32–64,1,71792,0.000,1.000,12.7148,14.8477
ROI_035/patch_64,own,64–128,1,259420,0.000,1.000,60.4033,62.3663
ROI_035/patch_64,own,≥128,1,1740466,0.000,1.000,148.1778,150.2193
ROI_035/patch_66,nearest,0–16,1,6313,0.000,1.000,8.0833,10.3006
ROI_035/patch_66,nearest,16–32,1,17726,0.000,1.000,8.7575,10.9467
ROI_035/patch_66,nearest,32–64,1,66670,0.000,1.000,13.3258,15.4126
ROI_035/patch_66,nearest,64–128,1,141148,0.000,1.000,62.3513,64.8088
ROI_035/patch_66,nearest,≥128,1,30287,0.000,1.000,220.2273,223.2877
ROI_035/patch_66,own,0–16,1,6313,0.000,1.000,8.1372,10.3585
ROI_035/patch_66,own,16–32,1,17726,0.000,1.000,9.0505,11.2443
ROI_035/patch_66,own,32–64,1,69139,0.000,1.000,12.4825,14.5889
ROI_035/patch_66,own,64–128,1,252984,0.000,1.000,51.5731,53.9847
ROI_035/patch_66,own,≥128,1,1750990,0.000,1.000,44.7024,47.0931
ROI_035/patch_67,nearest,0–16,1,6383,0.000,1.000,25.5814,27.5453
ROI_035/patch_67,nearest,16–32,1,17604,0.000,1.000,25.7510,27.7102
ROI_035/patch_67,nearest,32–64,1,57175,0.000,1.000,25.3847,27.3205
ROI_035/patch_67,nearest,64–128,1,135427,0.000,1.000,84.9483,86.8706
ROI_035/patch_67,nearest,≥128,1,45555,0.000,1.000,446.2386,450.1060
ROI_035/patch_67,own,0–16,1,6383,0.000,1.000,25.4585,27.4415
ROI_035/patch_67,own,16–32,1,17915,0.000,1.000,25.4525,27.4333
ROI_035/patch_67,own,32–64,1,64373,0.000,1.000,25.4538,27.3991
ROI_035/patch_67,own,64–128,1,218273,0.000,1.000,75.9630,77.9726
ROI_035/patch_67,own,≥128,1,1790208,0.000,1.000,106.5959,108.3288
ROI_035/patch_68,nearest,0–16,1,6439,0.000,1.000,7.7735,9.0521
ROI_035/patch_68,nearest,16–32,1,19301,0.000,1.000,8.2090,9.5178
ROI_035/patch_68,nearest,32–64,1,70827,0.000,1.000,24.3756,25.7440
ROI_035/patch_68,nearest,64–128,1,134802,0.000,1.000,289.4243,291.3663
ROI_035/patch_68,nearest,≥128,1,30775,0.550,1.000,634.7195,636.1482
ROI_035/patch_68,own,0–16,1,6439,0.000,1.000,7.7796,9.0574
ROI_035/patch_68,own,16–32,1,19301,0.000,1.000,8.6297,9.9477
ROI_035/patch_68,own,32–64,1,74861,0.000,1.000,22.6166,24.0193
ROI_035/patch_68,own,64–128,1,265681,0.000,1.000,123.0424,124.5956
ROI_035/patch_68,own,≥128,1,1730870,0.000,1.000,225.9066,227.6434
ROI_035/patch_70,nearest,0–16,1,6449,0.000,1.000,9.3633,11.2038
ROI_035/patch_70,nearest,16–32,1,19043,0.000,1.000,11.0242,12.7889
ROI_035/patch_70,nearest,32–64,1,67037,0.000,1.000,80.2135,83.0159
ROI_035/patch_70,nearest,64–128,1,119744,0.000,1.000,54.3975,57.0367
ROI_035/patch_70,nearest,≥128,1,49871,0.000,1.000,235.2584,237.3069
ROI_035/patch_70,own,0–16,1,6449,0.000,1.000,9.3877,11.2058
ROI_035/patch_70,own,16–32,1,19043,0.000,1.000,10.9909,12.8072
ROI_035/patch_70,own,32–64,1,73697,0.000,1.000,55.0655,57.5937
ROI_035/patch_70,own,64–128,1,270796,0.000,1.000,46.4654,48.8362
ROI_035/patch_70,own,≥128,1,1727167,0.000,1.000,128.7227,131.1932
ROI_035/patch_71,nearest,0–16,1,6280,0.000,1.000,8.8502,10.2385
ROI_035/patch_71,nearest,16–32,1,17835,0.000,1.000,8.8313,10.1615
ROI_035/patch_71,nearest,32–64,1,58290,0.000,1.000,8.6114,9.8727
ROI_035/patch_71,nearest,64–128,1,91111,0.000,1.000,9.9415,11.5840
ROI_035/patch_71,nearest,≥128,1,88628,0.000,1.000,76.2217,78.0193
ROI_035/patch_71,own,0–16,1,6280,0.000,1.000,8.8373,10.2539
ROI_035/patch_71,own,16–32,1,17835,0.000,1.000,8.7647,10.0698
ROI_035/patch_71,own,32–64,1,64605,0.000,1.000,8.6508,9.8835
ROI_035/patch_71,own,64–128,1,230695,0.000,1.000,8.3249,9.6521
ROI_035/patch_71,own,≥128,1,1777737,0.000,1.000,117.1083,118.2604
ROI_035/patch_72,nearest,0–16,1,6412,0.000,1.000,26.1976,27.4749
ROI_035/patch_72,nearest,16–32,1,18026,0.000,1.000,26.2982,27.6699
ROI_035/patch_72,nearest,32–64,1,61495,0.000,1.000,41.7520,43.7677
ROI_035/patch_72,nearest,64–128,1,91078,0.000,1.000,99.7592,102.5211
ROI_035/patch_72,nearest,≥128,1,85133,1.000,1.000,,
ROI_035/patch_72,own,0–16,1,6412,0.000,1.000,26.2871,27.5529
ROI_035/patch_72,own,16–32,1,18026,0.000,1.000,25.9197,27.2962
ROI_035/patch_72,own,32–64,1,66487,0.000,1.000,40.2359,42.1593
ROI_035/patch_72,own,64–128,1,226621,0.000,1.000,124.1514,126.5631
ROI_035/patch_72,own,≥128,1,1779606,0.000,1.000,223.5860,226.3205
ROI_035/patch_73,nearest,0–16,1,6436,0.000,1.000,7.3811,9.3300
ROI_035/patch_73,nearest,16–32,1,18773,0.000,1.000,8.2373,10.2434
ROI_035/patch_73,nearest,32–64,1,69841,0.000,1.000,13.8102,15.7370
ROI_035/patch_73,nearest,64–128,1,125605,0.000,1.000,80.5641,82.3738
ROI_035/patch_73,nearest,≥128,1,41489,0.000,1.000,191.0290,193.1571
ROI_035/patch_73,own,0–16,1,6436,0.000,1.000,7.3597,9.2976
ROI_035/patch_73,own,16–32,1,18773,0.000,1.000,8.0852,10.0542
ROI_035/patch_73,own,32–64,1,70898,0.000,1.000,11.4105,13.3632
ROI_035/patch_73,own,64–128,1,253560,0.000,1.000,41.6018,43.4295
ROI_035/patch_73,own,≥128,1,1747485,0.000,1.000,47.9235,49.7776
ROI_035/patch_74,nearest,0–16,1,6381,0.000,1.000,5.4574,7.0005
ROI_035/patch_74,nearest,16–32,1,18503,0.000,1.000,5.5938,7.1499
ROI_035/patch_74,nearest,32–64,1,65833,0.000,1.000,5.7645,7.2368
ROI_035/patch_74,nearest,64–128,1,108212,0.000,1.000,17.9525,19.6323
ROI_035/patch_74,nearest,≥128,1,63215,0.150,1.000,512.1515,517.4522
ROI_035/patch_74,own,0–16,1,6381,0.000,1.000,5.4582,7.0042
ROI_035/patch_74,own,16–32,1,18503,0.000,1.000,5.5666,7.1082
ROI_035/patch_74,own,32–64,1,68373,0.000,1.000,5.8179,7.3166
ROI_035/patch_74,own,64–128,1,237177,0.000,1.000,18.3881,20.2907
ROI_035/patch_74,own,≥128,1,1766718,0.000,1.000,103.0375,105.5782
ROI_035/patch_76,nearest,0–16,1,6442,0.000,1.000,5.6336,9.4100
ROI_035/patch_76,nearest,16–32,1,19288,0.000,1.000,5.3883,9.0567
ROI_035/patch_76,nearest,32–64,1,60954,0.000,1.000,5.0058,8.7424
ROI_035/patch_76,nearest,64–128,1,119423,0.000,1.000,13.3216,17.1374
ROI_035/patch_76,nearest,≥128,1,56037,0.000,1.000,123.4423,128.7681
ROI_035/patch_76,own,0–16,1,6442,0.000,1.000,5.6712,9.4533
ROI_035/patch_76,own,16–32,1,19288,0.000,1.000,5.4608,9.1336
ROI_035/patch_76,own,32–64,1,71282,0.000,1.000,5.1324,8.8897
ROI_035/patch_76,own,64–128,1,254986,0.000,1.000,10.1422,13.9256
ROI_035/patch_76,own,≥128,1,1745154,0.000,1.000,34.9186,38.9282
ROI_035/patch_79,nearest,0–16,1,6425,0.000,1.000,4.0907,7.1437
ROI_035/patch_79,nearest,16–32,1,18909,0.000,1.000,5.4606,8.6175
ROI_035/patch_79,nearest,32–64,1,59935,0.000,1.000,45.1709,49.0423
ROI_035/patch_79,nearest,64–128,1,110994,0.000,1.000,182.5826,188.3562
ROI_035/patch_79,nearest,≥128,1,65881,0.000,1.000,483.4896,522.8141
ROI_035/patch_79,own,0–16,1,6425,0.000,1.000,4.0784,7.1532
ROI_035/patch_79,own,16–32,1,18909,0.000,1.000,4.6869,7.8299
ROI_035/patch_79,own,32–64,1,66467,0.000,1.000,33.1072,36.7315
ROI_035/patch_79,own,64–128,1,223909,0.000,1.000,138.6139,143.3387
ROI_035/patch_79,own,≥128,1,1781442,0.000,1.000,128.4238,135.6663
ROI_035/patch_81,nearest,0–16,1,6444,0.000,1.000,33.5244,35.5775
ROI_035/patch_81,nearest,16–32,1,18943,0.000,1.000,34.9335,36.9326
ROI_035/patch_81,nearest,32–64,1,53409,0.000,1.000,40.1249,41.9391
ROI_035/patch_81,nearest,64–128,1,101061,0.000,1.000,71.4211,73.5879
ROI_035/patch_81,nearest,≥128,1,82287,0.000,1.000,201.8664,204.7495
ROI_035/patch_81,own,0–16,1,6444,0.000,1.000,33.5262,35.5576
ROI_035/patch_81,own,16–32,1,18943,0.000,1.000,34.5539,36.5159
ROI_035/patch_81,own,32–64,1,71725,0.000,1.000,39.8084,41.7682
ROI_035/patch_81,own,64–128,1,255907,0.000,1.000,58.6529,60.4338
ROI_035/patch_81,own,≥128,1,1744133,0.000,1.000,199.7429,203.4063
ROI_035/patch_82,nearest,0–16,1,6435,0.000,1.000,15.9475,18.7320
ROI_035/patch_82,nearest,16–32,1,18985,0.000,1.000,16.6470,19.4144
ROI_035/patch_82,nearest,32–64,1,66743,0.000,1.000,21.1551,23.7084
ROI_035/patch_82,nearest,64–128,1,103091,0.000,1.000,52.7606,54.6576
ROI_035/patch_82,nearest,≥128,1,66890,0.000,1.000,369.9657,371.9639
ROI_035/patch_82,own,0–16,1,6435,0.000,1.000,16.0429,18.8143
ROI_035/patch_82,own,16–32,1,18985,0.000,1.000,16.3073,19.0834
ROI_035/patch_82,own,32–64,1,71224,0.000,1.000,20.6937,23.3812
ROI_035/patch_82,own,64–128,1,260951,0.000,1.000,46.7905,48.8023
ROI_035/patch_82,own,≥128,1,1739557,0.000,1.000,85.1146,86.7010
ROI_035/patch_85,nearest,0–16,1,6331,0.000,1.000,5.8773,7.1027
ROI_035/patch_85,nearest,16–32,1,18453,0.000,1.000,6.0550,7.2029
ROI_035/patch_85,nearest,32–64,1,65841,0.000,1.000,8.5380,9.8068
ROI_035/patch_85,nearest,64–128,1,120517,0.000,1.000,96.1134,97.5980
ROI_035/patch_85,nearest,≥128,1,51002,0.000,1.000,507.4239,509.5569
ROI_035/patch_85,own,0–16,1,6331,0.000,1.000,5.8697,7.0888
ROI_035/patch_85,own,16–32,1,18453,0.000,1.000,6.2299,7.4096
ROI_035/patch_85,own,32–64,1,69640,0.000,1.000,9.2356,10.4449
ROI_035/patch_85,own,64–128,1,248073,0.000,1.000,54.6835,56.0219
ROI_035/patch_85,own,≥128,1,1754655,0.000,1.000,156.9093,158.5137
ROI_035/patch_87,nearest,0–16,1,6431,1.000,1.000,,
ROI_035/patch_87,nearest,16–32,1,19197,1.000,1.000,,
ROI_035/patch_87,nearest,32–64,1,61231,1.000,1.000,,
ROI_035/patch_87,nearest,64–128,1,106641,1.000,1.000,,
ROI_035/patch_87,nearest,≥128,1,68644,0.950,1.000,4134.4461,4139.1136
ROI_035/patch_87,own,0–16,1,6431,1.000,1.000,,
ROI_035/patch_87,own,16–32,1,19301,1.000,1.000,,
ROI_035/patch_87,own,32–64,1,77221,1.000,1.000,,
ROI_035/patch_87,own,64–128,1,285997,1.000,1.000,,
ROI_035/patch_87,own,≥128,1,1708202,1.000,1.000,,
ROI_035/patch_89,nearest,0–16,1,6304,0.000,1.000,1.6050,3.1998
ROI_035/patch_89,nearest,16–32,1,17911,0.000,1.000,1.5941,3.4047
ROI_035/patch_89,nearest,32–64,1,65798,0.000,1.000,1.5970,3.5965
ROI_035/patch_89,nearest,64–128,1,118285,0.000,1.000,8.3567,10.5819
ROI_035/patch_89,nearest,≥128,1,53846,0.450,1.000,542.7895,548.4045
ROI_035/patch_89,own,0–16,1,6304,0.000,1.000,1.6117,3.2028
ROI_035/patch_89,own,16–32,1,17911,0.000,1.000,1.5420,3.3532
ROI_035/patch_89,own,32–64,1,68129,0.000,1.000,1.6387,3.5828
ROI_035/patch_89,own,64–128,1,240595,0.000,1.000,7.1086,9.4059
ROI_035/patch_89,own,≥128,1,1764213,0.000,1.000,121.9266,126.7127
ROI_035/patch_90,nearest,0–16,1,6445,0.000,1.000,12.2372,13.2510
ROI_035/patch_90,nearest,16–32,1,19297,0.000,1.000,12.6562,13.6571
ROI_035/patch_90,nearest,32–64,1,68856,0.000,1.000,15.2873,16.0662
ROI_035/patch_90,nearest,64–128,1,101988,0.000,1.000,85.4762,87.4073
ROI_035/patch_90,nearest,≥128,1,65558,0.850,1.000,524.6967,527.0717
ROI_035/patch_90,own,0–16,1,6445,0.000,1.000,12.1985,13.2108
ROI_035/patch_90,own,16–32,1,19297,0.000,1.000,12.5018,13.4913
ROI_035/patch_90,own,32–64,1,73260,0.000,1.000,17.4302,18.2493
ROI_035/patch_90,own,64–128,1,260325,0.000,1.000,54.6586,56.2393
ROI_035/patch_90,own,≥128,1,1737825,0.000,1.000,276.4580,279.5984
ROI_035/patch_93,nearest,0–16,1,6434,0.000,1.000,16.6106,17.7378
ROI_035/patch_93,nearest,16–32,1,19299,0.000,1.000,23.2374,24.3090
ROI_035/patch_93,nearest,32–64,1,70207,0.000,1.000,42.7105,43.7355
ROI_035/patch_93,nearest,64–128,1,130010,0.000,1.000,348.1599,349.5948
ROI_035/patch_93,nearest,≥128,1,36194,1.000,1.000,,
ROI_035/patch_93,own,0–16,1,6434,0.000,1.000,16.6745,17.7971
ROI_035/patch_93,own,16–32,1,19299,0.000,1.000,27.6714,28.6567
ROI_035/patch_93,own,32–64,1,74007,0.000,1.000,38.5494,39.5813
ROI_035/patch_93,own,64–128,1,250883,0.000,1.000,278.3194,279.6139
ROI_035/patch_93,own,≥128,1,1746529,0.000,1.000,382.3509,384.2641
ROI_035/patch_94,nearest,0–16,1,6251,0.000,1.000,32.3046,32.9940
ROI_035/patch_94,nearest,16–32,1,17349,0.000,1.000,32.5034,33.2067
ROI_035/patch_94,nearest,32–64,1,57938,0.000,1.000,34.5921,35.3215
ROI_035/patch_94,nearest,64–128,1,123540,0.000,1.000,84.2595,85.8763
ROI_035/patch_94,nearest,≥128,1,57066,0.000,1.000,768.8016,770.9065
ROI_035/patch_94,own,0–16,1,6251,0.000,1.000,32.3071,33.0016
ROI_035/patch_94,own,16–32,1,17349,0.000,1.000,32.6325,33.3223
ROI_035/patch_94,own,32–64,1,62879,0.000,1.000,33.6659,34.3793
ROI_035/patch_94,own,64–128,1,223569,0.000,1.000,69.3555,70.7478
ROI_035/patch_94,own,≥128,1,1787104,0.000,1.000,433.3060,436.8017
ROI_035/patch_95,nearest,0–16,1,6323,0.000,1.000,11.6129,13.2391
ROI_035/patch_95,nearest,16–32,1,18407,0.000,1.000,17.6704,19.3096
ROI_035/patch_95,nearest,32–64,1,69245,0.000,1.000,36.7643,38.4390
ROI_035/patch_95,nearest,64–128,1,130014,0.000,1.000,169.3226,171.1922
ROI_035/patch_95,nearest,≥128,1,38155,1.000,1.000,,
ROI_035/patch_95,own,0–16,1,6323,0.000,1.000,11.6158,13.2385
ROI_035/patch_95,own,16–32,1,18407,0.000,1.000,19.1231,20.7605
ROI_035/patch_95,own,32–64,1,72947,0.000,1.000,48.1402,49.8839
ROI_035/patch_95,own,64–128,1,261008,0.000,1.000,90.3883,92.2681
ROI_035/patch_95,own,≥128,1,1738467,0.000,1.000,219.1755,221.5598
ROI_035/patch_96,nearest,0–16,1,6442,0.000,1.000,9.5788,18.7825
ROI_035/patch_96,nearest,16–32,1,19082,0.000,1.000,9.7507,18.6590
ROI_035/patch_96,nearest,32–64,1,70261,0.000,1.000,15.8047,23.6984
ROI_035/patch_96,nearest,64–128,1,132240,0.000,1.000,155.2674,161.0135
ROI_035/patch_96,nearest,≥128,1,34119,0.300,1.000,617.0564,621.2426
ROI_035/patch_96,own,0–16,1,6442,0.000,1.000,9.6469,18.7975
ROI_035/patch_96,own,16–32,1,19082,0.000,1.000,10.0016,19.0203
ROI_035/patch_96,own,32–64,1,73976,0.000,1.000,14.9919,22.6971
ROI_035/patch_96,own,64–128,1,266171,0.000,1.000,74.3318,80.1026
ROI_035/patch_96,own,≥128,1,1731481,0.000,1.000,261.4952,267.3368
ROI_035/patch_97,nearest,0–16,1,6209,0.000,1.000,511.0324,542.2508
ROI_035/patch_97,nearest,16–32,1,17537,0.000,1.000,512.9075,541.6044
ROI_035/patch_97,nearest,32–64,1,64299,0.050,1.000,573.0375,601.0590
ROI_035/patch_97,nearest,64–128,1,106410,0.200,1.000,430.4545,452.4071
ROI_035/patch_97,nearest,≥128,1,67689,0.200,1.000,1594.7700,1625.3257
ROI_035/patch_97,own,0–16,1,6209,0.000,1.000,517.9794,549.4046
ROI_035/patch_97,own,16–32,1,17537,0.000,1.000,500.3107,528.6767
ROI_035/patch_97,own,32–64,1,65054,0.000,1.000,552.6386,579.3433
ROI_035/patch_97,own,64–128,1,212380,0.300,1.000,380.3315,400.8639
ROI_035/patch_97,own,≥128,1,1795972,0.300,1.000,411.2595,428.2742
ROI_035/patch_98,nearest,0–16,1,6430,0.000,1.000,10.4741,11.7653
ROI_035/patch_98,nearest,16–32,1,19277,0.000,1.000,10.5672,11.8582
ROI_035/patch_98,nearest,32–64,1,68368,0.000,1.000,16.1621,17.6868
ROI_035/patch_98,nearest,64–128,1,129187,0.000,1.000,187.4225,189.2962
ROI_035/patch_98,nearest,≥128,1,38882,0.600,1.000,1179.8602,1181.5426
ROI_035/patch_98,own,0–16,1,6430,0.000,1.000,10.4576,11.7378
ROI_035/patch_98,own,16–32,1,19277,0.000,1.000,10.5997,11.9057
ROI_035/patch_98,own,32–64,1,72271,0.000,1.000,18.5307,20.0911
ROI_035/patch_98,own,64–128,1,254792,0.000,1.000,122.4269,124.5405
ROI_035/patch_98,own,≥128,1,1744382,0.000,1.000,394.0246,395.8361
ROI_035/patch_99,nearest,0–16,1,6440,0.000,1.000,2.8754,3.7599
ROI_035/patch_99,nearest,16–32,1,18698,0.000,1.000,2.9150,3.7777
ROI_035/patch_99,nearest,32–64,1,66225,0.000,1.000,5.0783,5.8943
ROI_035/patch_99,nearest,64–128,1,127020,0.000,1.000,323.7078,326.2988
ROI_035/patch_99,nearest,≥128,1,43761,0.000,1.000,1614.1440,1621.3273
ROI_035/patch_99,own,0–16,1,6440,0.000,1.000,2.8894,3.7852
ROI_035/patch_99,own,16–32,1,18698,0.000,1.000,2.9121,3.7786
ROI_035/patch_99,own,32–64,1,67995,0.000,1.000,9.3389,10.2153
ROI_035/patch_99,own,64–128,1,239011,0.000,1.000,248.3295,250.5804
ROI_035/patch_99,own,≥128,1,1765008,0.000,1.000,276.8329,279.3399
ROI_035/patch_100,nearest,0–16,1,6415,0.000,1.000,18.6215,20.1602
ROI_035/patch_100,nearest,16–32,1,19313,0.000,1.000,18.5110,20.0168
ROI_035/patch_100,nearest,32–64,1,69185,0.000,1.000,21.7183,23.2268
ROI_035/patch_100,nearest,64–128,1,114930,0.000,1.000,32.8399,34.9986
ROI_035/patch_100,nearest,≥128,1,52301,0.000,1.000,523.3358,528.5456
ROI_035/patch_100,own,0–16,1,6415,0.000,1.000,18.4957,20.0353
ROI_035/patch_100,own,16–32,1,19313,0.000,1.000,18.4874,19.9969
ROI_035/patch_100,own,32–64,1,73132,0.000,1.000,21.4223,22.9265
ROI_035/patch_100,own,64–128,1,253290,0.000,1.000,27.8992,29.6426
ROI_035/patch_100,own,≥128,1,1745002,0.000,1.000,225.0937,228.7916
ROI_035/patch_101,nearest,0–16,1,6311,0.000,1.000,13.5465,15.3637
ROI_035/patch_101,nearest,16–32,1,18388,0.000,1.000,13.5353,15.3238
ROI_035/patch_101,nearest,32–64,1,67469,0.000,1.000,13.6857,15.5455
ROI_035/patch_101,nearest,64–128,1,113138,0.000,1.000,46.9646,49.3958
ROI_035/patch_101,nearest,≥128,1,56838,0.000,1.000,263.4926,271.9742
ROI_035/patch_101,own,0–16,1,6311,0.000,1.000,13.5350,15.3458
ROI_035/patch_101,own,16–32,1,18388,0.000,1.000,13.5138,15.3057
ROI_035/patch_101,own,32–64,1,70799,0.000,1.000,13.5644,15.4314
ROI_035/patch_101,own,64–128,1,242507,0.000,1.000,46.4575,48.4748
ROI_035/patch_101,own,≥128,1,1759147,0.000,1.000,173.7111,179.0611
ROI_035/patch_102,nearest,0–16,1,6352,0.000,1.000,13.3402,15.7265
ROI_035/patch_102,nearest,16–32,1,18376,0.000,1.000,13.9696,16.4293
ROI_035/patch_102,nearest,32–64,1,69349,0.000,1.000,28.0111,30.6031
ROI_035/patch_102,nearest,64–128,1,112439,0.000,1.000,160.4872,163.7678
ROI_035/patch_102,nearest,≥128,1,55628,0.000,1.000,329.7092,332.6988
ROI_035/patch_102,own,0–16,1,6352,0.000,1.000,13.3145,15.6993
ROI_035/patch_102,own,16–32,1,18376,0.000,1.000,14.8899,17.3388
ROI_035/patch_102,own,32–64,1,70249,0.000,1.000,30.8471,33.3827
ROI_035/patch_102,own,64–128,1,257985,0.000,1.000,112.0462,115.0446
ROI_035/patch_102,own,≥128,1,1744190,0.000,1.000,303.9917,307.3406
ROI_035/patch_103,nearest,0–16,1,6441,0.000,1.000,9.6090,11.1443
ROI_035/patch_103,nearest,16–32,1,18818,0.000,1.000,9.2919,10.8257
ROI_035/patch_103,nearest,32–64,1,71296,0.000,1.000,12.3186,13.7738
ROI_035/patch_103,nearest,64–128,1,139110,0.000,1.000,135.4842,137.0132
ROI_035/patch_103,nearest,≥128,1,26479,0.000,1.000,709.5561,734.4031
ROI_035/patch_103,own,0–16,1,6441,0.000,1.000,9.6640,11.2109
ROI_035/patch_103,own,16–32,1,18818,0.000,1.000,9.5198,11.0774
ROI_035/patch_103,own,32–64,1,72399,0.000,1.000,13.5282,14.9398
ROI_035/patch_103,own,64–128,1,258701,0.000,1.000,106.2210,107.6914
ROI_035/patch_103,own,≥128,1,1740793,0.000,1.000,323.8283,330.1888
ROI_035/patch_104,nearest,0–16,1,6229,0.000,1.000,6.1789,9.6610
ROI_035/patch_104,nearest,16–32,1,18300,0.000,1.000,6.3170,9.8254
ROI_035/patch_104,nearest,32–64,1,63256,0.000,1.000,6.6685,10.1056
ROI_035/patch_104,nearest,64–128,1,117671,0.000,1.000,13.1947,16.7299
ROI_035/patch_104,nearest,≥128,1,56688,0.000,1.000,446.5624,450.4568
ROI_035/patch_104,own,0–16,1,6229,0.000,1.000,6.2345,9.7267
ROI_035/patch_104,own,16–32,1,18300,0.000,1.000,6.3169,9.8647
ROI_035/patch_104,own,32–64,1,72770,0.000,1.000,6.6622,10.1538
ROI_035/patch_104,own,64–128,1,256501,0.000,1.000,10.6489,14.1439
ROI_035/patch_104,own,≥128,1,1743352,0.000,1.000,178.0806,181.7179
ROI_035/patch_105,nearest,0–16,1,6438,0.000,1.000,452.0882,453.2955
ROI_035/patch_105,nearest,16–32,1,19300,0.000,1.000,477.4568,478.5572
ROI_035/patch_105,nearest,32–64,1,67930,0.000,1.000,546.5968,548.5305
ROI_035/patch_105,nearest,64–128,1,125923,0.000,1.000,611.7644,624.7936
ROI_035/patch_105,nearest,≥128,1,42553,0.000,1.000,1110.9243,1116.7807
ROI_035/patch_105,own,0–16,1,6438,0.000,1.000,457.8731,459.0416
ROI_035/patch_105,own,16–32,1,19300,0.000,1.000,493.8981,495.0480
ROI_035/patch_105,own,32–64,1,76023,0.000,1.000,570.7669,572.8933
ROI_035/patch_105,own,64–128,1,257479,0.000,1.000,830.8645,839.5530
ROI_035/patch_105,own,≥128,1,1737912,0.000,1.000,1068.9027,1077.4752
ROI_035/patch_106,nearest,0–16,1,6340,0.000,1.000,8.3960,9.9750
ROI_035/patch_106,nearest,16–32,1,18435,0.000,1.000,8.4943,10.0561
ROI_035/patch_106,nearest,32–64,1,67244,0.000,1.000,13.1877,14.7112
ROI_035/patch_106,nearest,64–128,1,133697,0.000,1.000,129.9081,132.3447
ROI_035/patch_106,nearest,≥128,1,36428,0.000,1.000,1061.6695,1067.0942
ROI_035/patch_106,own,0–16,1,6340,0.000,1.000,8.4541,10.0431
ROI_035/patch_106,own,16–32,1,18435,0.000,1.000,8.5563,10.1075
ROI_035/patch_106,own,32–64,1,69533,0.000,1.000,11.2663,12.7193
ROI_035/patch_106,own,64–128,1,243608,0.000,1.000,77.7989,80.1691
ROI_035/patch_106,own,≥128,1,1759236,0.000,1.000,171.5961,175.9220
ROI_035/patch_107,nearest,0–16,1,6360,0.000,1.000,9.0150,10.3104
ROI_035/patch_107,nearest,16–32,1,18465,0.000,1.000,9.1228,10.3616
ROI_035/patch_107,nearest,32–64,1,70182,0.000,1.000,12.7124,13.6690
ROI_035/patch_107,nearest,64–128,1,122066,0.000,1.000,143.6644,144.9387
ROI_035/patch_107,nearest,≥128,1,45071,0.000,1.000,307.4938,310.0151
ROI_035/patch_107,own,0–16,1,6360,0.000,1.000,8.8851,10.1706
ROI_035/patch_107,own,16–32,1,18465,0.000,1.000,9.3553,10.5403
ROI_035/patch_107,own,32–64,1,73111,0.000,1.000,14.9987,15.9069
ROI_035/patch_107,own,64–128,1,252667,0.000,1.000,54.6260,56.3255
ROI_035/patch_107,own,≥128,1,1746549,0.000,1.000,155.0227,156.8505
ROI_035/patch_109,nearest,0–16,1,6390,0.000,1.000,4.1125,4.7027
ROI_035/patch_109,nearest,16–32,1,17822,0.000,1.000,4.4264,5.1112
ROI_035/patch_109,nearest,32–64,1,60544,0.000,1.000,5.6045,6.6145
ROI_035/patch_109,nearest,64–128,1,141238,0.000,1.000,114.6407,116.5164
ROI_035/patch_109,nearest,≥128,1,36150,0.000,1.000,933.1468,939.3032
ROI_035/patch_109,own,0–16,1,6390,0.000,1.000,4.1031,4.6967
ROI_035/patch_109,own,16–32,1,17822,0.000,1.000,4.3113,4.9902
ROI_035/patch_109,own,32–64,1,60544,0.000,1.000,5.6047,6.6042
ROI_035/patch_109,own,64–128,1,214958,0.000,1.000,40.4258,42.1678
ROI_035/patch_109,own,≥128,1,1797438,0.000,1.000,242.8621,245.2030
ROI_035/patch_110,nearest,0–16,1,6239,0.000,1.000,12.7975,14.0372
ROI_035/patch_110,nearest,16–32,1,17304,0.000,1.000,12.8658,14.1241
ROI_035/patch_110,nearest,32–64,1,61578,0.000,1.000,13.1460,14.3977
ROI_035/patch_110,nearest,64–128,1,119302,0.000,1.000,19.2653,20.5414
ROI_035/patch_110,nearest,≥128,1,57721,0.000,1.000,269.7661,270.9862
ROI_035/patch_110,own,0–16,1,6239,0.000,1.000,12.8185,14.0702
ROI_035/patch_110,own,16–32,1,17304,0.000,1.000,12.8316,14.0818
ROI_035/patch_110,own,32–64,1,63455,0.000,1.000,12.9662,14.2225
ROI_035/patch_110,own,64–128,1,236662,0.000,1.000,16.0807,17.3867
ROI_035/patch_110,own,≥128,1,1773492,0.000,1.000,120.1262,121.6579
ROI_035/patch_111,nearest,0–16,1,6437,0.000,1.000,9.8312,12.3382
ROI_035/patch_111,nearest,16–32,1,18066,0.000,1.000,14.2784,16.7130
ROI_035/patch_111,nearest,32–64,1,65724,0.000,1.000,26.4179,28.5868
ROI_035/patch_111,nearest,64–128,1,101150,0.000,1.000,41.2387,42.8408
ROI_035/patch_111,nearest,≥128,1,70767,0.000,1.000,28.9156,30.4701
ROI_035/patch_111,own,0–16,1,6437,0.000,1.000,10.0768,12.6252
ROI_035/patch_111,own,16–32,1,18066,0.000,1.000,14.3208,16.7010
ROI_035/patch_111,own,32–64,1,66771,0.000,1.000,20.7413,22.7945
ROI_035/patch_111,own,64–128,1,243631,0.000,1.000,29.9615,31.5940
ROI_035/patch_111,own,≥128,1,1762247,0.000,1.000,30.1758,31.9376
ROI_035/patch_112,nearest,0–16,1,6434,0.000,1.000,11.6357,12.7112
ROI_035/patch_112,nearest,16–32,1,19271,0.000,1.000,11.6769,12.7501
ROI_035/patch_112,nearest,32–64,1,67287,0.000,1.000,11.5989,12.7043
ROI_035/patch_112,nearest,64–128,1,106185,0.000,1.000,32.1459,33.4110
ROI_035/patch_112,nearest,≥128,1,62967,0.000,1.000,92.7820,94.1747
ROI_035/patch_112,own,0–16,1,6434,0.000,1.000,11.6394,12.7150
ROI_035/patch_112,own,16–32,1,19271,0.000,1.000,11.6560,12.7309
ROI_035/patch_112,own,32–64,1,72840,0.000,1.000,11.8393,12.9265
ROI_035/patch_112,own,64–128,1,247224,0.000,1.000,41.0268,42.1760
ROI_035/patch_112,own,≥128,1,1751383,0.000,1.000,103.9885,105.2077
ROI_035/patch_113,nearest,0–16,1,6000,0.000,1.000,12.8333,13.6577
ROI_035/patch_113,nearest,16–32,1,17129,0.000,1.000,12.6415,13.4904
ROI_035/patch_113,nearest,32–64,1,64464,0.000,1.000,12.9333,14.2595
ROI_035/patch_113,nearest,64–128,1,144845,0.000,1.000,65.2747,69.5637
ROI_035/patch_113,nearest,≥128,1,29706,0.000,1.000,381.3599,385.3857
ROI_035/patch_113,own,0–16,1,6000,0.000,1.000,12.8649,13.6897
ROI_035/patch_113,own,16–32,1,17129,0.000,1.000,12.4398,13.2759
ROI_035/patch_113,own,32–64,1,65289,0.000,1.000,14.2376,15.8114
ROI_035/patch_113,own,64–128,1,243480,0.000,1.000,90.5199,95.8575
ROI_035/patch_113,own,≥128,1,1765254,0.000,1.000,85.0759,87.7911
ROI_035/patch_114,nearest,0–16,1,6434,0.000,1.000,7.6807,11.0217
ROI_035/patch_114,nearest,16–32,1,19118,0.000,1.000,7.6738,10.9669
ROI_035/patch_114,nearest,32–64,1,62431,0.000,1.000,7.5627,10.7180
ROI_035/patch_114,nearest,64–128,1,110710,0.000,1.000,19.4947,22.6626
ROI_035/patch_114,nearest,≥128,1,63451,0.000,1.000,171.7010,179.8228
ROI_035/patch_114,own,0–16,1,6434,0.000,1.000,7.7468,11.0780
ROI_035/patch_114,own,16–32,1,19118,0.000,1.000,7.7816,11.0726
ROI_035/patch_114,own,32–64,1,71763,0.000,1.000,7.4054,10.6186
ROI_035/patch_114,own,64–128,1,252147,0.000,1.000,13.4398,16.4626
ROI_035/patch_114,own,≥128,1,1747690,0.000,1.000,26.5136,29.6530
ROI_035/patch_115,nearest,0–16,1,6387,0.000,1.000,17.1104,17.8974
ROI_035/patch_115,nearest,16–32,1,18533,0.000,1.000,17.2732,18.0365
ROI_035/patch_115,nearest,32–64,1,65252,0.000,1.000,18.2133,19.0054
ROI_035/patch_115,nearest,64–128,1,139223,0.000,1.000,26.7389,27.4980
ROI_035/patch_115,nearest,≥128,1,32749,0.000,1.000,90.6454,92.1515
ROI_035/patch_115,own,0–16,1,6387,0.000,1.000,16.9482,17.7429
ROI_035/patch_115,own,16–32,1,18533,0.000,1.000,17.3647,18.1444
ROI_035/patch_115,own,32–64,1,68497,0.000,1.000,18.5682,19.3406
ROI_035/patch_115,own,64–128,1,243121,0.000,1.000,20.5248,21.3133
ROI_035/patch_115,own,≥128,1,1760614,0.000,1.000,21.6263,22.3891
ROI_035/patch_116,nearest,0–16,1,6437,0.000,1.000,13.0977,14.5554
ROI_035/patch_116,nearest,16–32,1,18710,0.000,1.000,13.1363,14.6369
ROI_035/patch_116,nearest,32–64,1,68573,0.000,1.000,17.5377,19.2391
ROI_035/patch_116,nearest,64–128,1,134741,0.000,1.000,158.2233,160.8127
ROI_035/patch_116,nearest,≥128,1,33683,1.000,1.000,,
ROI_035/patch_116,own,0–16,1,6437,0.000,1.000,13.1466,14.6039
ROI_035/patch_116,own,16–32,1,18710,0.000,1.000,13.1203,14.6277
ROI_035/patch_116,own,32–64,1,70711,0.000,1.000,18.6947,20.4357
ROI_035/patch_116,own,64–128,1,256138,0.000,1.000,56.7173,58.7369
ROI_035/patch_116,own,≥128,1,1745156,0.000,1.000,94.9773,96.9786
ROI_035/patch_117,nearest,0–16,1,6257,0.000,1.000,14.8459,15.9897
ROI_035/patch_117,nearest,16–32,1,16991,0.000,1.000,14.7296,15.8676
ROI_035/patch_117,nearest,32–64,1,57946,0.000,1.000,19.8655,21.0897
ROI_035/patch_117,nearest,64–128,1,132170,0.000,1.000,84.7638,86.6304
ROI_035/patch_117,nearest,≥128,1,48780,0.100,1.000,300.1602,303.9969
ROI_035/patch_117,own,0–16,1,6257,0.000,1.000,15.2029,16.3446
ROI_035/patch_117,own,16–32,1,16991,0.000,1.000,14.9423,16.0848
ROI_035/patch_117,own,32–64,1,65182,0.000,1.000,18.3061,19.4948
ROI_035/patch_117,own,64–128,1,244420,0.000,1.000,59.9155,61.9848
ROI_035/patch_117,own,≥128,1,1764302,0.000,1.000,63.8516,65.4027
ROI_035/patch_118,nearest,0–16,1,6439,0.000,1.000,16.7959,21.0776
ROI_035/patch_118,nearest,16–32,1,18361,0.000,1.000,29.7253,34.5759
ROI_035/patch_118,nearest,32–64,1,68478,0.000,1.000,89.9289,96.1051
ROI_035/patch_118,nearest,64–128,1,133097,0.000,1.000,100.0674,107.0362
ROI_035/patch_118,nearest,≥128,1,35769,0.000,1.000,170.8963,174.3434
ROI_035/patch_118,own,0–16,1,6439,0.000,1.000,16.5773,20.7763
ROI_035/patch_118,own,16–32,1,18361,0.000,1.000,26.1720,30.9459
ROI_035/patch_118,own,32–64,1,69687,0.000,1.000,92.4846,98.5120
ROI_035/patch_118,own,64–128,1,232273,0.000,1.000,56.5643,62.7291
ROI_035/patch_118,own,≥128,1,1770392,0.000,1.000,114.7465,121.9026
ROI_035/patch_120,nearest,0–16,1,6252,0.000,1.000,4.8696,8.1551
ROI_035/patch_120,nearest,16–32,1,17969,0.000,1.000,4.9450,8.3640
ROI_035/patch_120,nearest,32–64,1,65367,0.000,1.000,8.5021,12.2097
ROI_035/patch_120,nearest,64–128,1,129906,0.000,1.000,14.3203,18.3000
ROI_035/patch_120,nearest,≥128,1,42650,0.000,1.000,174.7834,179.3812
ROI_035/patch_120,own,0–16,1,6252,0.000,1.000,4.9285,8.2166
ROI_035/patch_120,own,16–32,1,17969,0.000,1.000,5.0787,8.4860
ROI_035/patch_120,own,32–64,1,67869,0.000,1.000,8.2599,11.9545
ROI_035/patch_120,own,64–128,1,235556,0.000,1.000,23.8249,27.9142
ROI_035/patch_120,own,≥128,1,1769506,0.000,1.000,51.7369,56.4745
ROI_035/patch_121,nearest,0–16,1,6429,0.000,1.000,49.4343,74.6168
ROI_035/patch_121,nearest,16–32,1,18187,0.000,1.000,49.1153,74.1935
ROI_035/patch_121,nearest,32–64,1,59332,0.000,1.000,49.0803,71.7272
ROI_035/patch_121,nearest,64–128,1,130719,0.000,1.000,234.3532,257.3799
ROI_035/patch_121,nearest,≥128,1,47477,0.000,1.000,92.4816,119.6097
ROI_035/patch_121,own,0–16,1,6429,0.000,1.000,49.9656,75.1600
ROI_035/patch_121,own,16–32,1,19019,0.000,1.000,48.4502,73.5205
ROI_035/patch_121,own,32–64,1,71065,0.000,1.000,41.4921,64.8113
ROI_035/patch_121,own,64–128,1,235970,0.000,1.000,94.3855,116.6852
ROI_035/patch_121,own,≥128,1,1764669,0.000,1.000,99.2687,124.0817
ROI_035/patch_122,nearest,0–16,1,6109,0.000,1.000,27.1117,30.6575
ROI_035/patch_122,nearest,16–32,1,18176,0.000,1.000,27.4231,30.9993
ROI_035/patch_122,nearest,32–64,1,66938,0.000,1.000,28.8063,32.5537
ROI_035/patch_122,nearest,64–128,1,121453,0.000,1.000,39.2126,43.1902
ROI_035/patch_122,nearest,≥128,1,49468,0.000,1.000,139.0482,143.1874
ROI_035/patch_122,own,0–16,1,6109,0.000,1.000,26.8741,30.4544
ROI_035/patch_122,own,16–32,1,18176,0.000,1.000,27.6011,31.1609
ROI_035/patch_122,own,32–64,1,68262,0.000,1.000,30.0706,33.6957
ROI_035/patch_122,own,64–128,1,242564,0.000,1.000,36.7348,40.6779
ROI_035/patch_122,own,≥128,1,1762041,0.000,1.000,73.3622,77.4890
ROI_035/patch_123,nearest,0–16,1,6404,0.000,1.000,9.7576,13.7719
ROI_035/patch_123,nearest,16–32,1,18557,0.000,1.000,9.9091,13.9609
ROI_035/patch_123,nearest,32–64,1,62995,0.000,1.000,9.6277,13.6402
ROI_035/patch_123,nearest,64–128,1,124201,0.000,1.000,16.6933,21.0462
ROI_035/patch_123,nearest,≥128,1,49987,0.000,1.000,42.9794,47.1171
ROI_035/patch_123,own,0–16,1,6404,0.000,1.000,9.7212,13.7345
ROI_035/patch_123,own,16–32,1,18557,0.000,1.000,9.7715,13.7936
ROI_035/patch_123,own,32–64,1,67124,0.000,1.000,9.7801,13.7759
ROI_035/patch_123,own,64–128,1,235929,0.000,1.000,13.4971,17.6898
ROI_035/patch_123,own,≥128,1,1769138,0.000,1.000,35.3102,39.4267
ROI_035/patch_124,nearest,0–16,1,6425,0.000,1.000,6.8519,7.3689
ROI_035/patch_124,nearest,16–32,1,18273,0.000,1.000,6.9770,7.5014
ROI_035/patch_124,nearest,32–64,1,64276,0.000,1.000,7.8484,8.4080
ROI_035/patch_124,nearest,64–128,1,123175,0.000,1.000,12.5036,13.1636
ROI_035/patch_124,nearest,≥128,1,49995,0.000,1.000,32.6996,33.5473
ROI_035/patch_124,own,0–16,1,6425,0.000,1.000,6.8207,7.3374
ROI_035/patch_124,own,16–32,1,18618,0.000,1.000,6.9621,7.4898
ROI_035/patch_124,own,32–64,1,70562,0.000,1.000,7.6450,8.2007
ROI_035/patch_124,own,64–128,1,239452,0.000,1.000,10.1809,10.8480
ROI_035/patch_124,own,≥128,1,1762095,0.000,1.000,13.2014,13.8687
ROI_035/patch_125,nearest,0–16,1,6436,0.000,1.000,31.7020,32.8408
ROI_035/patch_125,nearest,16–32,1,18846,0.000,1.000,31.6834,32.7973
ROI_035/patch_125,nearest,32–64,1,71097,0.000,1.000,38.1482,39.2244
ROI_035/patch_125,nearest,64–128,1,116736,0.000,1.000,69.1502,70.2349
ROI_035/patch_125,nearest,≥128,1,49029,0.000,1.000,466.0964,467.1084
ROI_035/patch_125,own,0–16,1,6436,0.000,1.000,31.8006,32.9444
ROI_035/patch_125,own,16–32,1,18846,0.000,1.000,32.0347,33.1409
ROI_035/patch_125,own,32–64,1,73408,0.000,1.000,38.5377,39.5879
ROI_035/patch_125,own,64–128,1,260190,0.000,1.000,55.8006,56.9013
ROI_035/patch_125,own,≥128,1,1738272,0.000,1.000,111.0648,112.1747
ROI_035/patch_126,nearest,0–16,1,6438,0.000,1.000,14.9304,16.4843
ROI_035/patch_126,nearest,16–32,1,18368,0.000,1.000,14.7371,16.2970
ROI_035/patch_126,nearest,32–64,1,61767,0.000,1.000,13.6984,15.3669
ROI_035/patch_126,nearest,64–128,1,146571,0.000,1.000,13.9295,15.7425
ROI_035/patch_126,nearest,≥128,1,29000,0.000,1.000,19.4729,21.3662
ROI_035/patch_126,own,0–16,1,6438,0.000,1.000,14.9883,16.5378
ROI_035/patch_126,own,16–32,1,18368,0.000,1.000,14.5263,16.0978
ROI_035/patch_126,own,32–64,1,65746,0.000,1.000,14.0698,15.7340
ROI_035/patch_126,own,64–128,1,225758,0.000,1.000,13.7104,15.6043
ROI_035/patch_126,own,≥128,1,1780842,0.000,1.000,13.9517,15.7030
ROI_035/patch_127,nearest,0–16,1,6408,0.000,1.000,15.3647,19.4540
ROI_035/patch_127,nearest,16–32,1,17052,0.000,1.000,17.2252,21.2333
ROI_035/patch_127,nearest,32–64,1,54505,0.000,1.000,16.7986,21.1055
ROI_035/patch_127,nearest,64–128,1,111825,0.000,1.000,25.5319,29.5338
ROI_035/patch_127,nearest,≥128,1,72354,0.000,1.000,26.6844,31.4350
ROI_035/patch_127,own,0–16,1,6408,0.000,1.000,15.1610,19.2626
ROI_035/patch_127,own,16–32,1,17052,0.000,1.000,16.3435,20.4181
ROI_035/patch_127,own,32–64,1,58025,0.000,1.000,17.1399,21.4128
ROI_035/patch_127,own,64–128,1,196489,0.000,1.000,20.7303,24.7897
ROI_035/patch_127,own,≥128,1,1819178,0.000,1.000,21.3786,25.7298
ROI_035/patch_128,nearest,0–16,1,6447,0.000,1.000,10.1088,12.1431
ROI_035/patch_128,nearest,16–32,1,19111,0.000,1.000,9.5536,11.5450
ROI_035/patch_128,nearest,32–64,1,68109,0.000,1.000,8.1718,10.1205
ROI_035/patch_128,nearest,64–128,1,126396,0.000,1.000,39.9354,41.8237
ROI_035/patch_128,nearest,≥128,1,42081,0.000,1.000,22.0087,23.8328
ROI_035/patch_128,own,0–16,1,6447,0.000,1.000,10.1946,12.2191
ROI_035/patch_128,own,16–32,1,19111,0.000,1.000,9.6276,11.6088
ROI_035/patch_128,own,32–64,1,72530,0.000,1.000,7.0260,8.9568
ROI_035/patch_128,own,64–128,1,257924,0.000,1.000,12.8384,14.7611
ROI_035/patch_128,own,≥128,1,1741140,0.000,1.000,17.9997,19.8308
ROI_035/patch_130,nearest,0–16,1,6292,0.000,1.000,14.8089,15.6990
ROI_035/patch_130,nearest,16–32,1,18375,0.000,1.000,14.5487,15.5035
ROI_035/patch_130,nearest,32–64,1,67683,0.000,1.000,14.4900,15.6171
ROI_035/patch_130,nearest,64–128,1,115621,0.000,1.000,19.6374,20.7345
ROI_035/patch_130,nearest,≥128,1,54173,0.000,1.000,74.1782,75.2628
ROI_035/patch_130,own,0–16,1,6292,0.000,1.000,14.7495,15.6468
ROI_035/patch_130,own,16–32,1,18375,0.000,1.000,14.7426,15.7048
ROI_035/patch_130,own,32–64,1,70829,0.000,1.000,14.6998,15.8035
ROI_035/patch_130,own,64–128,1,266600,0.000,1.000,16.5129,17.5604
ROI_035/patch_130,own,≥128,1,1735056,0.000,1.000,25.5326,26.7027
ROI_035/patch_131,nearest,0–16,1,6441,0.000,1.000,34.3436,35.6723
ROI_035/patch_131,nearest,16–32,1,18896,0.000,1.000,34.4390,35.7422
ROI_035/patch_131,nearest,32–64,1,66445,0.000,1.000,35.3712,36.6453
ROI_035/patch_131,nearest,64–128,1,124944,0.000,1.000,55.8760,56.9766
ROI_035/patch_131,nearest,≥128,1,45418,0.000,1.000,116.0579,118.1930
ROI_035/patch_131,own,0–16,1,6441,0.000,1.000,34.3375,35.6598
ROI_035/patch_131,own,16–32,1,18896,0.000,1.000,34.4774,35.7779
ROI_035/patch_131,own,32–64,1,69366,0.000,1.000,36.0361,37.3153
ROI_035/patch_131,own,64–128,1,243749,0.000,1.000,53.5583,54.7324
ROI_035/patch_131,own,≥128,1,1758700,0.000,1.000,71.4757,72.7993
ROI_035/patch_132,nearest,0–16,1,6282,0.000,1.000,9.1868,10.2355
ROI_035/patch_132,nearest,16–32,1,17702,0.000,1.000,12.9582,14.0789
ROI_035/patch_132,nearest,32–64,1,65889,0.000,1.000,26.8405,28.0639
ROI_035/patch_132,nearest,64–128,1,143929,0.000,1.000,35.9674,37.7126
ROI_035/patch_132,nearest,≥128,1,28342,0.000,1.000,430.7030,437.9499
ROI_035/patch_132,own,0–16,1,6282,0.000,1.000,9.1136,10.1549
ROI_035/patch_132,own,16–32,1,17702,0.000,1.000,13.2143,14.3394
ROI_035/patch_132,own,32–64,1,67872,0.000,1.000,25.2611,26.4527
ROI_035/patch_132,own,64–128,1,241118,0.000,1.000,28.7170,30.2464
ROI_035/patch_132,own,≥128,1,1764178,0.000,1.000,59.9391,61.9420
ROI_035/patch_135,nearest,0–16,1,6193,0.000,1.000,10.7142,11.6391
ROI_035/patch_135,nearest,16–32,1,16713,0.000,1.000,13.0661,14.0295
ROI_035/patch_135,nearest,32–64,1,55773,0.000,1.000,22.0496,23.0718
ROI_035/patch_135,nearest,64–128,1,127059,0.000,1.000,154.7129,157.2425
ROI_035/patch_135,nearest,≥128,1,56406,0.000,1.000,336.2078,341.0836
ROI_035/patch_135,own,0–16,1,6193,0.000,1.000,10.8951,11.8203
ROI_035/patch_135,own,16–32,1,17103,0.000,1.000,12.6973,13.6507
ROI_035/patch_135,own,32–64,1,63250,0.000,1.000,21.8547,22.8571
ROI_035/patch_135,own,64–128,1,213866,0.000,1.000,107.5205,109.4434
ROI_035/patch_135,own,≥128,1,1796740,0.000,1.000,177.4975,179.5417
ROI_035/patch_136,nearest,0–16,1,6210,0.000,1.000,22.7154,23.3585
ROI_035/patch_136,nearest,16–32,1,18277,0.000,1.000,30.0651,30.6642
ROI_035/patch_136,nearest,32–64,1,63846,0.000,1.000,33.8160,34.5111
ROI_035/patch_136,nearest,64–128,1,117987,0.000,1.000,35.9175,36.7949
ROI_035/patch_136,nearest,≥128,1,55824,0.000,1.000,217.4572,218.4265
ROI_035/patch_136,own,0–16,1,6210,0.000,1.000,22.9731,23.6049
ROI_035/patch_136,own,16–32,1,18277,0.000,1.000,31.3482,31.9548
ROI_035/patch_136,own,32–64,1,70468,0.000,1.000,35.9090,36.6390
ROI_035/patch_136,own,64–128,1,251663,0.000,1.000,29.0571,29.8663
ROI_035/patch_136,own,≥128,1,1750534,0.000,1.000,52.0574,52.9336
ROI_035/patch_137,nearest,0–16,1,6437,0.000,1.000,38.6884,40.6980
ROI_035/patch_137,nearest,16–32,1,18727,0.000,1.000,38.5167,40.5576
ROI_035/patch_137,nearest,32–64,1,67727,0.000,1.000,40.4253,42.6053
ROI_035/patch_137,nearest,64–128,1,136485,0.000,1.000,144.7876,148.6035
ROI_035/patch_137,nearest,≥128,1,32768,0.000,1.000,420.4601,427.2283
ROI_035/patch_137,own,0–16,1,6437,0.000,1.000,38.7181,40.7289
ROI_035/patch_137,own,16–32,1,18727,0.000,1.000,38.1100,40.1613
ROI_035/patch_137,own,32–64,1,72958,0.000,1.000,41.2676,43.3302
ROI_035/patch_137,own,64–128,1,241901,0.000,1.000,87.0190,89.8956
ROI_035/patch_137,own,≥128,1,1757129,0.000,1.000,132.3795,135.7440
ROI_035/patch_138,nearest,0–16,1,6227,0.000,1.000,14.4015,16.3248
ROI_035/patch_138,nearest,16–32,1,17765,0.000,1.000,15.4210,17.3829
ROI_035/patch_138,nearest,32–64,1,60286,0.000,1.000,46.2695,48.8801
ROI_035/patch_138,nearest,64–128,1,137255,0.000,1.000,326.4412,332.9238
ROI_035/patch_138,nearest,≥128,1,40611,0.000,1.000,1013.4475,1030.2860
ROI_035/patch_138,own,0–16,1,6227,0.000,1.000,14.3554,16.2774
ROI_035/patch_138,own,16–32,1,17765,0.000,1.000,15.6691,17.6525
ROI_035/patch_138,own,32–64,1,69141,0.000,1.000,32.4366,34.8541
ROI_035/patch_138,own,64–128,1,259492,0.000,1.000,171.1157,175.1230
ROI_035/patch_138,own,≥128,1,1744527,0.000,1.000,282.8700,289.3669
ROI_035/patch_139,nearest,0–16,1,6396,0.000,1.000,130.8113,135.7981
ROI_035/patch_139,nearest,16–32,1,18568,0.000,1.000,121.8352,127.0291
ROI_035/patch_139,nearest,32–64,1,63656,0.000,1.000,159.6300,165.4979
ROI_035/patch_139,nearest,64–128,1,100587,0.000,1.000,157.6665,161.4638
ROI_035/patch_139,nearest,≥128,1,72937,0.000,1.000,187.8772,191.7144
ROI_035/patch_139,own,0–16,1,6396,0.000,1.000,131.7019,136.7780
ROI_035/patch_139,own,16–32,1,18568,0.000,1.000,121.3035,126.3035
ROI_035/patch_139,own,32–64,1,71598,0.000,1.000,159.8012,165.7906
ROI_035/patch_139,own,64–128,1,238490,0.000,1.000,140.0140,144.7887
ROI_035/patch_139,own,≥128,1,1762100,0.000,1.000,162.6917,166.2683
ROI_035/patch_142,,,excluded,,,,,
ROI_035/patch_150,nearest,0–16,1,6223,0.000,1.000,5.2980,6.9174
ROI_035/patch_150,nearest,16–32,1,18277,0.000,1.000,5.4062,7.0141
ROI_035/patch_150,nearest,32–64,1,65073,0.000,1.000,5.9906,7.4787
ROI_035/patch_150,nearest,64–128,1,103751,0.000,1.000,59.8544,63.3347
ROI_035/patch_150,nearest,≥128,1,68820,1.000,1.000,,
ROI_035/patch_150,own,0–16,1,6223,0.000,1.000,5.3819,6.9922
ROI_035/patch_150,own,16–32,1,18277,0.000,1.000,5.4681,7.0527
ROI_035/patch_150,own,32–64,1,72398,0.000,1.000,5.8357,7.3494
ROI_035/patch_150,own,64–128,1,264610,0.000,1.000,28.7464,31.1807
ROI_035/patch_150,own,≥128,1,1735644,0.350,1.000,525.2071,540.9682
ROI_035/patch_152,nearest,0–16,1,6436,0.350,1.000,798.3292,833.0079
ROI_035/patch_152,nearest,16–32,1,18995,0.000,1.000,643.9389,678.3713
ROI_035/patch_152,nearest,32–64,1,60293,0.000,1.000,594.6644,629.9583
ROI_035/patch_152,nearest,64–128,1,101722,0.000,1.000,459.6640,490.8219
ROI_035/patch_152,nearest,≥128,1,74698,0.750,1.000,727.4972,747.4735
ROI_035/patch_152,own,0–16,1,6436,0.300,1.000,752.1456,786.5487
ROI_035/patch_152,own,16–32,1,19259,0.050,1.000,679.5070,713.5433
ROI_035/patch_152,own,32–64,1,72448,0.000,1.000,557.8639,593.3957
ROI_035/patch_152,own,64–128,1,262162,0.000,1.000,362.0331,394.5279
ROI_035/patch_152,own,≥128,1,1736847,0.050,1.000,790.4341,815.5642
ROI_035/patch_154,nearest,0–16,1,6223,0.000,1.000,1.2994,2.8088
ROI_035/patch_154,nearest,16–32,1,18050,0.000,1.000,7.2266,8.8096
ROI_035/patch_154,nearest,32–64,1,63984,0.000,1.000,158.9273,160.9148
ROI_035/patch_154,nearest,64–128,1,102132,0.000,1.000,334.6911,336.8873
ROI_035/patch_154,nearest,≥128,1,71755,1.000,1.000,,
ROI_035/patch_154,own,0–16,1,6223,0.000,1.000,1.2983,2.8185
ROI_035/patch_154,own,16–32,1,18050,0.000,1.000,12.6250,14.2050
ROI_035/patch_154,own,32–64,1,68745,0.000,1.000,111.0159,112.9500
ROI_035/patch_154,own,64–128,1,241102,0.000,1.000,343.7542,345.8414
ROI_035/patch_154,own,≥128,1,1763032,0.050,1.000,1550.9593,1553.0466
ROI_035/patch_155,nearest,0–16,1,6326,0.000,1.000,4.4320,9.2052
ROI_035/patch_155,nearest,16–32,1,18073,0.000,1.000,4.3125,8.9286
ROI_035/patch_155,nearest,32–64,1,56407,0.000,1.000,4.7381,9.2419
ROI_035/patch_155,nearest,64–128,1,132832,0.000,1.000,21.0701,25.8140
ROI_035/patch_155,nearest,≥128,1,48506,0.000,1.000,53.0851,60.8220
ROI_035/patch_155,own,0–16,1,6326,0.000,1.000,4.3642,9.1035
ROI_035/patch_155,own,16–32,1,18073,0.000,1.000,4.4449,9.0288
ROI_035/patch_155,own,32–64,1,63212,0.000,1.000,5.0779,9.6969
ROI_035/patch_155,own,64–128,1,208800,0.000,1.000,8.2491,12.7811
ROI_035/patch_155,own,≥128,1,1800741,0.000,1.000,18.0544,23.2314
ROI_035/patch_156,nearest,0–16,1,6321,0.000,1.000,24.4456,26.4054
ROI_035/patch_156,nearest,16–32,1,16392,0.000,1.000,25.0606,27.0629
ROI_035/patch_156,nearest,32–64,1,55888,0.000,1.000,28.3927,30.3948
ROI_035/patch_156,nearest,64–128,1,119864,0.000,1.000,38.7551,40.9495
ROI_035/patch_156,nearest,≥128,1,63679,0.000,1.000,60.1222,62.2533
ROI_035/patch_156,own,0–16,1,6321,0.000,1.000,24.4681,26.4373
ROI_035/patch_156,own,16–32,1,16392,0.000,1.000,25.0194,27.0237
ROI_035/patch_156,own,32–64,1,61516,0.000,1.000,27.6136,29.6450
ROI_035/patch_156,own,64–128,1,233964,0.000,1.000,34.9292,36.9724
ROI_035/patch_156,own,≥128,1,1778959,0.000,1.000,40.2103,42.3316
ROI_035/patch_157,nearest,0–16,1,6426,0.000,1.000,10.3567,12.0184
ROI_035/patch_157,nearest,16–32,1,19236,0.000,1.000,14.3677,16.0341
ROI_035/patch_157,nearest,32–64,1,66375,0.000,1.000,25.3602,27.0098
ROI_035/patch_157,nearest,64–128,1,115547,0.000,1.000,61.2094,64.0290
ROI_035/patch_157,nearest,≥128,1,54560,0.000,1.000,412.8766,424.9779
ROI_035/patch_157,own,0–16,1,6426,0.000,1.000,10.5658,12.2225
ROI_035/patch_157,own,16–32,1,19236,0.000,1.000,12.6041,14.2633
ROI_035/patch_157,own,32–64,1,72177,0.000,1.000,34.3007,36.0469
ROI_035/patch_157,own,64–128,1,255908,0.000,1.000,28.6743,30.3128
ROI_035/patch_157,own,≥128,1,1743405,0.000,1.000,54.1709,56.3366
ROI_035/patch_158,nearest,0–16,1,6216,0.000,1.000,4.1631,5.8470
ROI_035/patch_158,nearest,16–32,1,17562,0.000,1.000,4.2372,5.9028
ROI_035/patch_158,nearest,32–64,1,57223,0.000,1.000,4.6288,6.3255
ROI_035/patch_158,nearest,64–128,1,84327,0.000,1.000,7.7945,9.7572
ROI_035/patch_158,nearest,≥128,1,96816,0.000,1.000,274.0933,280.1080
ROI_035/patch_158,own,0–16,1,6216,0.000,1.000,4.1839,5.8558
ROI_035/patch_158,own,16–32,1,17562,0.000,1.000,4.2377,5.9121
ROI_035/patch_158,own,32–64,1,65596,0.000,1.000,4.5021,6.2404
ROI_035/patch_158,own,64–128,1,235013,0.000,1.000,6.1162,7.9257
ROI_035/patch_158,own,≥128,1,1772765,0.000,1.000,330.5554,333.5282
ROI_035/patch_160,nearest,0–16,1,6098,0.000,1.000,17.4434,20.4865
ROI_035/patch_160,nearest,16–32,1,17517,0.000,1.000,17.7141,20.7051
ROI_035/patch_160,nearest,32–64,1,58851,0.000,1.000,19.9422,22.9618
ROI_035/patch_160,nearest,64–128,1,113602,0.000,1.000,26.3832,29.2216
ROI_035/patch_160,nearest,≥128,1,66076,0.000,1.000,94.3170,96.7165
ROI_035/patch_160,own,0–16,1,6098,0.000,1.000,17.3778,20.4222
ROI_035/patch_160,own,16–32,1,17518,0.000,1.000,17.7463,20.7463
ROI_035/patch_160,own,32–64,1,65354,0.000,1.000,19.7036,22.7356
ROI_035/patch_160,own,64–128,1,220269,0.000,1.000,22.8779,25.8336
ROI_035/patch_160,own,≥128,1,1787913,0.000,1.000,42.4296,45.0791
ROI_035/patch_161,nearest,0–16,1,6116,0.000,1.000,7.1750,8.6725
ROI_035/patch_161,nearest,16–32,1,17353,0.000,1.000,7.7921,9.2897
ROI_035/patch_161,nearest,32–64,1,63956,0.000,1.000,10.8909,12.3757
ROI_035/patch_161,nearest,64–128,1,139366,0.000,1.000,74.8238,76.6658
ROI_035/patch_161,nearest,≥128,1,35353,0.000,1.000,360.3027,366.4703
ROI_035/patch_161,own,0–16,1,6116,0.000,1.000,7.2679,8.7695
ROI_035/patch_161,own,16–32,1,17353,0.000,1.000,7.5102,9.0138
ROI_035/patch_161,own,32–64,1,64172,0.000,1.000,12.1358,13.6141
ROI_035/patch_161,own,64–128,1,242723,0.000,1.000,66.2132,67.9418
ROI_035/patch_161,own,≥128,1,1766788,0.000,1.000,124.0192,125.8053
ROI_035/patch_162,nearest,0–16,1,6242,0.000,1.000,12.5681,16.1076
ROI_035/patch_162,nearest,16–32,1,18001,0.000,1.000,12.5166,16.0210
ROI_035/patch_162,nearest,32–64,1,63628,0.000,1.000,12.2981,15.9009
ROI_035/patch_162,nearest,64–128,1,109648,0.000,1.000,45.7115,48.9818
ROI_035/patch_162,nearest,≥128,1,64625,0.000,1.000,1533.0417,1557.8805
ROI_035/patch_162,own,0–16,1,6242,0.000,1.000,12.5408,16.0751
ROI_035/patch_162,own,16–32,1,18001,0.000,1.000,12.4494,15.9589
ROI_035/patch_162,own,32–64,1,65848,0.000,1.000,11.9376,15.5235
ROI_035/patch_162,own,64–128,1,234343,0.000,1.000,32.5310,35.9159
ROI_035/patch_162,own,≥128,1,1772718,0.000,1.000,749.3344,760.2887
ROI_035/patch_164,nearest,0–16,1,5938,0.000,1.000,30.9555,32.2257
ROI_035/patch_164,nearest,16–32,1,17222,0.000,1.000,31.0334,32.2916
ROI_035/patch_164,nearest,32–64,1,66629,0.000,1.000,31.0885,32.3751
ROI_035/patch_164,nearest,64–128,1,142494,0.000,1.000,35.3996,36.6491
ROI_035/patch_164,nearest,≥128,1,29861,0.000,1.000,69.9530,71.2296
ROI_035/patch_164,own,0–16,1,5938,0.000,1.000,30.9997,32.2722
ROI_035/patch_164,own,16–32,1,17222,0.000,1.000,30.9222,32.1960
ROI_035/patch_164,own,32–64,1,68205,0.000,1.000,31.0425,32.2921
ROI_035/patch_164,own,64–128,1,258796,0.000,1.000,32.6734,33.8821
ROI_035/patch_164,own,≥128,1,1746991,0.000,1.000,41.4574,42.7701
ROI_035/patch_165,nearest,0–16,1,6183,0.000,1.000,55.1420,57.6541
ROI_035/patch_165,nearest,16–32,1,16042,0.000,1.000,57.6129,60.4608
ROI_035/patch_165,nearest,32–64,1,50840,0.000,1.000,62.9667,65.6894
ROI_035/patch_165,nearest,64–128,1,101296,0.000,1.000,118.2379,120.8822
ROI_035/patch_165,nearest,≥128,1,87783,0.000,1.000,343.3451,345.7275
ROI_035/patch_165,own,0–16,1,6183,0.000,1.000,55.2055,57.7338
ROI_035/patch_165,own,16–32,1,16876,0.000,1.000,58.6782,61.5550
ROI_035/patch_165,own,32–64,1,60860,0.000,1.000,65.5867,68.3540
ROI_035/patch_165,own,64–128,1,207669,0.000,1.000,93.8525,96.5205
ROI_035/patch_165,own,≥128,1,1805564,0.000,1.000,148.3426,150.9884
ROI_035/patch_166,nearest,0–16,1,6166,0.000,1.000,8.9458,12.2211
ROI_035/patch_166,nearest,16–32,1,18140,0.000,1.000,9.1865,12.5329
ROI_035/patch_166,nearest,32–64,1,61793,0.000,1.000,11.3061,14.8495
ROI_035/patch_166,nearest,64–128,1,106056,0.000,1.000,23.2109,26.0349
ROI_035/patch_166,nearest,≥128,1,69989,0.000,1.000,617.4639,621.0225
ROI_035/patch_166,own,0–16,1,6166,0.000,1.000,8.9488,12.2105
ROI_035/patch_166,own,16–32,1,18140,0.000,1.000,9.1202,12.5190
ROI_035/patch_166,own,32–64,1,67924,0.000,1.000,10.4786,14.0627
ROI_035/patch_166,own,64–128,1,223091,0.000,1.000,20.8076,23.8574
ROI_035/patch_166,own,≥128,1,1781831,0.000,1.000,296.2296,298.9706
ROI_035/patch_170,nearest,0–16,1,6406,0.000,1.000,40.4072,41.7126
ROI_035/patch_170,nearest,16–32,1,18079,0.000,1.000,41.0067,42.2530
ROI_035/patch_170,nearest,32–64,1,53797,0.000,1.000,49.9626,51.4364
ROI_035/patch_170,nearest,64–128,1,116809,0.000,1.000,44.6897,45.7798
ROI_035/patch_170,nearest,≥128,1,67053,0.000,1.000,140.8275,144.2852
ROI_035/patch_170,own,0–16,1,6406,0.000,1.000,40.0526,41.2993
ROI_035/patch_170,own,16–32,1,18254,0.000,1.000,36.2882,37.2989
ROI_035/patch_170,own,32–64,1,64740,0.000,1.000,52.5688,54.1660
ROI_035/patch_170,own,64–128,1,214374,0.000,1.000,49.8790,51.0460
ROI_035/patch_170,own,≥128,1,1793378,0.000,1.000,53.6641,55.0623
ROI_035/patch_171,nearest,0–16,1,6428,0.000,1.000,23.0056,24.3182
ROI_035/patch_171,nearest,16–32,1,18617,0.000,1.000,23.1600,24.5011
ROI_035/patch_171,nearest,32–64,1,68491,0.000,1.000,23.3720,24.8346
ROI_035/patch_171,nearest,64–128,1,124428,0.000,1.000,27.3840,28.7116
ROI_035/patch_171,nearest,≥128,1,44180,0.000,1.000,78.8987,80.1813
ROI_035/patch_171,own,0–16,1,6428,0.000,1.000,23.4618,24.7670
ROI_035/patch_171,own,16–32,1,18617,0.000,1.000,22.9119,24.2531
ROI_035/patch_171,own,32–64,1,72083,0.000,1.000,23.9536,25.3904
ROI_035/patch_171,own,64–128,1,232464,0.000,1.000,23.6180,24.9595
ROI_035/patch_171,own,≥128,1,1767560,0.000,1.000,34.5564,35.9453
ROI_035/patch_172,nearest,0–16,1,6235,0.000,1.000,8.6942,10.5957
ROI_035/patch_172,nearest,16–32,1,16775,0.000,1.000,8.7198,10.5329
ROI_035/patch_172,nearest,32–64,1,52974,0.000,1.000,9.7374,11.4369
ROI_035/patch_172,nearest,64–128,1,107784,0.000,1.000,16.6489,18.1495
ROI_035/patch_172,nearest,≥128,1,78376,0.000,1.000,74.8717,78.3587
ROI_035/patch_172,own,0–16,1,6235,0.000,1.000,8.6987,10.5909
ROI_035/patch_172,own,16–32,1,16999,0.000,1.000,8.7199,10.6024
ROI_035/patch_172,own,32–64,1,62175,0.000,1.000,9.3505,11.0959
ROI_035/patch_172,own,64–128,1,219408,0.000,1.000,12.6059,14.2572
ROI_035/patch_172,own,≥128,1,1792335,0.000,1.000,36.2823,37.9544
ROI_035/patch_173,nearest,0–16,1,6428,0.000,1.000,7.1783,9.8401
ROI_035/patch_173,nearest,16–32,1,18609,0.000,1.000,7.3346,10.0050
ROI_035/patch_173,nearest,32–64,1,66018,0.000,1.000,8.0370,10.7741
ROI_035/patch_173,nearest,64–128,1,115446,0.000,1.000,27.0140,29.9126
ROI_035/patch_173,nearest,≥128,1,55643,0.000,1.000,110.2845,113.4382
ROI_035/patch_173,own,0–16,1,6428,0.000,1.000,7.1489,9.7866
ROI_035/patch_173,own,16–32,1,18609,0.000,1.000,7.3174,9.9809
ROI_035/patch_173,own,32–64,1,71601,0.000,1.000,8.1913,10.9699
ROI_035/patch_173,own,64–128,1,263538,0.000,1.000,21.5097,24.1343
ROI_035/patch_173,own,≥128,1,1736976,0.000,1.000,75.6158,78.5171
ROI_035/patch_175,nearest,0–16,1,6428,0.000,1.000,38.7992,41.6710
ROI_035/patch_175,nearest,16–32,1,18930,0.000,1.000,39.2162,42.0990
ROI_035/patch_175,nearest,32–64,1,66976,0.000,1.000,40.4869,43.3472
ROI_035/patch_175,nearest,64–128,1,120837,0.000,1.000,41.3735,44.3809
ROI_035/patch_175,nearest,≥128,1,48973,0.000,1.000,75.2270,78.6900
ROI_035/patch_175,own,0–16,1,6428,0.000,1.000,38.9112,41.7791
ROI_035/patch_175,own,16–32,1,19303,0.000,1.000,39.2312,42.1090
ROI_035/patch_175,own,32–64,1,73949,0.000,1.000,40.4806,43.3538
ROI_035/patch_175,own,64–128,1,256570,0.000,1.000,42.0421,44.9874
ROI_035/patch_175,own,≥128,1,1740902,0.000,1.000,48.5300,51.7272
ROI_035/patch_176,nearest,0–16,1,6332,0.000,1.000,16.1555,17.7216
ROI_035/patch_176,nearest,16–32,1,18326,0.000,1.000,16.9746,18.5312
ROI_035/patch_176,nearest,32–64,1,62551,0.000,1.000,20.4881,22.0460
ROI_035/patch_176,nearest,64–128,1,117358,0.000,1.000,43.3847,44.8270
ROI_035/patch_176,nearest,≥128,1,57577,0.000,1.000,299.7793,302.2509
ROI_035/patch_176,own,0–16,1,6332,0.000,1.000,16.1463,17.7023
ROI_035/patch_176,own,16–32,1,18326,0.000,1.000,17.3534,18.9038
ROI_035/patch_176,own,32–64,1,69345,0.000,1.000,19.8805,21.4017
ROI_035/patch_176,own,64–128,1,240451,0.000,1.000,38.2826,39.7155
ROI_035/patch_176,own,≥128,1,1762698,0.000,1.000,104.2013,105.5987
ROI_035/patch_177,nearest,0–16,1,6278,0.000,1.000,23.1286,24.9599
ROI_035/patch_177,nearest,16–32,1,17596,0.000,1.000,22.5461,24.2666
ROI_035/patch_177,nearest,32–64,1,54929,0.000,1.000,23.5225,25.2020
ROI_035/patch_177,nearest,64–128,1,125849,0.000,1.000,24.0824,25.8260
ROI_035/patch_177,nearest,≥128,1,57492,0.000,1.000,29.8085,31.2127
ROI_035/patch_177,own,0–16,1,6278,0.000,1.000,23.2204,25.0197
ROI_035/patch_177,own,16–32,1,17596,0.000,1.000,22.8990,24.5657
ROI_035/patch_177,own,32–64,1,62175,0.000,1.000,23.7215,25.3582
ROI_035/patch_177,own,64–128,1,228350,0.000,1.000,24.0644,25.7383
ROI_035/patch_177,own,≥128,1,1782753,0.000,1.000,31.6046,32.9707
ROI_035/patch_178,nearest,0–16,1,6432,0.000,1.000,19.3763,22.5694
ROI_035/patch_178,nearest,16–32,1,19297,0.000,1.000,19.5753,22.8255
ROI_035/patch_178,nearest,32–64,1,65956,0.000,1.000,20.7945,24.2821
ROI_035/patch_178,nearest,64–128,1,132925,0.000,1.000,26.4391,30.0207
ROI_035/patch_178,nearest,≥128,1,37534,0.000,1.000,89.4713,92.6794
ROI_035/patch_178,own,0–16,1,6432,0.000,1.000,19.4045,22.6007
ROI_035/patch_178,own,16–32,1,19297,0.000,1.000,19.5827,22.8389
ROI_035/patch_178,own,32–64,1,77199,0.000,1.000,20.8827,24.3382
ROI_035/patch_178,own,64–128,1,269016,0.000,1.000,24.6255,28.0653
ROI_035/patch_178,own,≥128,1,1725208,0.000,1.000,53.7224,57.0368
ROI_035/patch_179,nearest,0–16,1,6047,0.000,1.000,18.8966,20.9643
ROI_035/patch_179,nearest,16–32,1,17336,0.000,1.000,20.6600,22.6787
ROI_035/patch_179,nearest,32–64,1,59174,0.000,1.000,28.6621,30.6619
ROI_035/patch_179,nearest,64–128,1,86892,0.000,1.000,45.9881,48.1047
ROI_035/patch_179,nearest,≥128,1,92695,0.000,1.000,163.1313,165.6839
ROI_035/patch_179,own,0–16,1,6047,0.000,1.000,18.9527,21.0131
ROI_035/patch_179,own,16–32,1,17336,0.000,1.000,20.2779,22.3017
ROI_035/patch_179,own,32–64,1,67228,0.000,1.000,24.9154,26.9293
ROI_035/patch_179,own,64–128,1,246845,0.000,1.000,37.6305,39.6951
ROI_035/patch_179,own,≥128,1,1759696,0.000,1.000,135.4481,137.7156
ROI_035/patch_180,nearest,0–16,1,6447,0.000,1.000,7.5354,8.2676
ROI_035/patch_180,nearest,16–32,1,19016,0.000,1.000,7.5874,8.3039
ROI_035/patch_180,nearest,32–64,1,65314,0.000,1.000,6.3387,7.0477
ROI_035/patch_180,nearest,64–128,1,127394,0.000,1.000,8.1299,9.0924
ROI_035/patch_180,nearest,≥128,1,43973,0.000,1.000,59.8024,62.1598
ROI_035/patch_180,own,0–16,1,6447,0.000,1.000,7.6790,8.4097
ROI_035/patch_180,own,16–32,1,19016,0.000,1.000,7.2525,7.9620
ROI_035/patch_180,own,32–64,1,70257,0.000,1.000,6.4857,7.2413
ROI_035/patch_180,own,64–128,1,240994,0.000,1.000,8.0080,9.0719
ROI_035/patch_180,own,≥128,1,1760438,0.000,1.000,14.7918,16.3353
ROI_035/patch_181,nearest,0–16,1,6417,0.000,1.000,9.3805,10.7738
ROI_035/patch_181,nearest,16–32,1,17808,0.000,1.000,8.6989,10.1419
ROI_035/patch_181,nearest,32–64,1,51934,0.000,1.000,6.4262,8.1645
ROI_035/patch_181,nearest,64–128,1,122089,0.000,1.000,6.2087,7.9519
ROI_035/patch_181,nearest,≥128,1,63896,0.000,1.000,9.8986,11.1801
ROI_035/patch_181,own,0–16,1,6417,0.000,1.000,9.3287,10.7262
ROI_035/patch_181,own,16–32,1,17808,0.000,1.000,8.2794,9.7459
ROI_035/patch_181,own,32–64,1,56114,0.000,1.000,6.7259,8.4639
ROI_035/patch_181,own,64–128,1,180229,0.000,1.000,6.4625,8.1293
ROI_035/patch_181,own,≥128,1,1836584,0.000,1.000,7.1114,8.8114
ROI_035/patch_183,nearest,0–16,1,6437,0.000,1.000,3.6891,7.1069
ROI_035/patch_183,nearest,16–32,1,19298,0.000,1.000,7.5668,11.1886
ROI_035/patch_183,nearest,32–64,1,66943,0.000,1.000,61.8671,65.6698
ROI_035/patch_183,nearest,64–128,1,127258,0.000,1.000,141.2326,146.1489
ROI_035/patch_183,nearest,≥128,1,42208,0.000,1.000,108.5676,114.3488
ROI_035/patch_183,own,0–16,1,6437,0.000,1.000,3.6085,7.0204
ROI_035/patch_183,own,16–32,1,19298,0.000,1.000,9.2305,12.8917
ROI_035/patch_183,own,32–64,1,73145,0.000,1.000,48.1735,52.1336
ROI_035/patch_183,own,64–128,1,257164,0.000,1.000,123.7709,128.9965
ROI_035/patch_183,own,≥128,1,1741108,0.000,1.000,138.4060,143.5169
ROI_035/patch_184,nearest,0–16,1,6436,0.000,1.000,4.6970,6.5770
ROI_035/patch_184,nearest,16–32,1,18534,0.000,1.000,5.2920,7.1555
ROI_035/patch_184,nearest,32–64,1,57768,0.000,1.000,6.6285,8.4803
ROI_035/patch_184,nearest,64–128,1,126046,0.000,1.000,7.8446,9.7593
ROI_035/patch_184,nearest,≥128,1,53360,0.000,1.000,4.7549,6.8143
ROI_035/patch_184,own,0–16,1,6436,0.000,1.000,4.6930,6.5772
ROI_035/patch_184,own,16–32,1,18825,0.000,1.000,5.4119,7.2788
ROI_035/patch_184,own,32–64,1,69697,0.000,1.000,7.5436,9.4171
ROI_035/patch_184,own,64–128,1,235304,0.000,1.000,6.1915,8.1134
ROI_035/patch_184,own,≥128,1,1766890,0.000,1.000,9.6007,11.5343
ROI_035/patch_187,nearest,0–16,1,6427,0.000,1.000,6.3887,8.0894
ROI_035/patch_187,nearest,16–32,1,18672,0.000,1.000,6.8078,8.6172
ROI_035/patch_187,nearest,32–64,1,61946,0.000,1.000,28.6423,30.5906
ROI_035/patch_187,nearest,64–128,1,105727,0.000,1.000,48.9712,51.6909
ROI_035/patch_187,nearest,≥128,1,69372,0.000,1.000,66.2696,69.4048
ROI_035/patch_187,own,0–16,1,6427,0.000,1.000,6.3797,8.1112
ROI_035/patch_187,own,16–32,1,18672,0.000,1.000,6.7403,8.5243
ROI_035/patch_187,own,32–64,1,72461,0.000,1.000,39.8723,41.9536
ROI_035/patch_187,own,64–128,1,257862,0.000,1.000,30.7111,33.2020
ROI_035/patch_187,own,≥128,1,1741730,0.000,1.000,45.7738,48.3234
ROI_035/patch_188,nearest,0–16,1,6388,0.000,1.000,2.4092,3.3615
ROI_035/patch_188,nearest,16–32,1,17584,0.000,1.000,2.5398,3.4483
ROI_035/patch_188,nearest,32–64,1,58606,0.000,1.000,3.3539,4.2467
ROI_035/patch_188,nearest,64–128,1,102042,0.000,1.000,39.7602,41.2445
ROI_035/patch_188,nearest,≥128,1,77524,0.000,1.000,278.4296,282.1989
ROI_035/patch_188,own,0–16,1,6388,0.000,1.000,2.3798,3.3251
ROI_035/patch_188,own,16–32,1,18031,0.000,1.000,2.4883,3.4185
ROI_035/patch_188,own,32–64,1,66785,0.000,1.000,3.6304,4.5334
ROI_035/patch_188,own,64–128,1,240507,0.000,1.000,45.3722,46.8040
ROI_035/patch_188,own,≥128,1,1765441,0.000,1.000,77.6502,79.2172
ROI_035/patch_189,nearest,0–16,1,6437,0.000,1.000,4.8891,6.9911
ROI_035/patch_189,nearest,16–32,1,18669,0.000,1.000,5.0625,6.9520
ROI_035/patch_189,nearest,32–64,1,61737,0.000,1.000,7.3419,9.5342
ROI_035/patch_189,nearest,64–128,1,128265,0.000,1.000,32.2883,34.3265
ROI_035/patch_189,nearest,≥128,1,47036,0.000,1.000,114.2938,117.8161
ROI_035/patch_189,own,0–16,1,6437,0.000,1.000,4.9003,6.9903
ROI_035/patch_189,own,16–32,1,18841,0.000,1.000,5.0390,6.9680
ROI_035/patch_189,own,32–64,1,70471,0.000,1.000,10.4135,12.7911
ROI_035/patch_189,own,64–128,1,241238,0.000,1.000,35.4009,37.6977
ROI_035/patch_189,own,≥128,1,1760165,0.000,1.000,57.2338,60.0651
ROI_035/patch_190,nearest,0–16,1,6239,0.000,1.000,7.9949,10.0277
ROI_035/patch_190,nearest,16–32,1,16934,0.000,1.000,8.2432,10.2449
ROI_035/patch_190,nearest,32–64,1,55732,0.000,1.000,9.3456,11.2365
ROI_035/patch_190,nearest,64–128,1,112944,0.000,1.000,16.6701,18.6393
ROI_035/patch_190,nearest,≥128,1,70295,0.000,1.000,60.0845,62.4266
ROI_035/patch_190,own,0–16,1,6239,0.000,1.000,7.9405,9.9896
ROI_035/patch_190,own,16–32,1,16936,0.000,1.000,8.3826,10.3810
ROI_035/patch_190,own,32–64,1,65093,0.000,1.000,9.2781,11.1867
ROI_035/patch_190,own,64–128,1,213146,0.000,1.000,16.6971,18.6670
ROI_035/patch_190,own,≥128,1,1795738,0.000,1.000,20.5210,22.1851
ROI_035/patch_191,nearest,0–16,1,6340,0.000,1.000,18.4027,22.0841
ROI_035/patch_191,nearest,16–32,1,18435,0.000,1.000,14.5457,18.1872
ROI_035/patch_191,nearest,32–64,1,65934,0.000,1.000,20.3399,24.0941
ROI_035/patch_191,nearest,64–128,1,118819,0.000,1.000,70.7131,75.1009
ROI_035/patch_191,nearest,≥128,1,52616,0.000,1.000,66.0904,70.8357
ROI_035/patch_191,own,0–16,1,6340,0.000,1.000,18.2574,21.9496
ROI_035/patch_191,own,16–32,1,18435,0.000,1.000,15.0042,18.6686
ROI_035/patch_191,own,32–64,1,70329,0.000,1.000,17.9045,21.5984
ROI_035/patch_191,own,64–128,1,230496,0.000,1.000,58.2213,62.2566
ROI_035/patch_191,own,≥128,1,1771552,0.000,1.000,60.4900,64.4629
ROI_035/patch_192,nearest,0–16,1,6354,0.000,1.000,8.8068,9.5716
ROI_035/patch_192,nearest,16–32,1,18473,0.000,1.000,8.9607,9.7564
ROI_035/patch_192,nearest,32–64,1,69694,0.000,1.000,14.1016,15.0134
ROI_035/patch_192,nearest,64–128,1,116866,0.000,1.000,14.9901,16.4552
ROI_035/patch_192,nearest,≥128,1,50757,0.000,1.000,18.4340,23.1632
ROI_035/patch_192,own,0–16,1,6354,0.000,1.000,8.8291,9.5955
ROI_035/patch_192,own,16–32,1,18473,0.000,1.000,8.7381,9.5396
ROI_035/patch_192,own,32–64,1,71558,0.000,1.000,25.0306,25.9646
ROI_035/patch_192,own,64–128,1,255586,0.000,1.000,14.9647,16.1052
ROI_035/patch_192,own,≥128,1,1745181,0.000,1.000,24.8485,30.1484
ROI_035/patch_194,nearest,0–16,1,6436,0.000,1.000,7.4432,8.0809
ROI_035/patch_194,nearest,16–32,1,19275,0.000,1.000,6.9365,7.5992
ROI_035/patch_194,nearest,32–64,1,72670,0.000,1.000,9.1148,9.8260
ROI_035/patch_194,nearest,64–128,1,132590,0.000,1.000,11.9306,12.6606
ROI_035/patch_194,nearest,≥128,1,31173,0.000,1.000,99.7004,100.5179
ROI_035/patch_194,own,0–16,1,6436,0.000,1.000,7.4958,8.1388
ROI_035/patch_194,own,16–32,1,19275,0.000,1.000,6.9698,7.6400
ROI_035/patch_194,own,32–64,1,72670,0.000,1.000,8.3600,9.0623
ROI_035/patch_194,own,64–128,1,229079,0.000,1.000,10.4626,11.1395
ROI_035/patch_194,own,≥128,1,1769692,0.000,1.000,11.7101,12.3695
ROI_035/patch_195,nearest,0–16,1,6317,0.000,1.000,20.2961,20.8919
ROI_035/patch_195,nearest,16–32,1,16952,0.000,1.000,19.8689,20.4358
ROI_035/patch_195,nearest,32–64,1,56059,0.000,1.000,22.6424,23.2383
ROI_035/patch_195,nearest,64–128,1,134991,0.000,1.000,45.2299,45.9465
ROI_035/patch_195,nearest,≥128,1,47825,0.000,1.000,212.0999,213.4140
ROI_035/patch_195,own,0–16,1,6317,0.000,1.000,20.4265,21.0244
ROI_035/patch_195,own,16–32,1,18421,0.000,1.000,20.0718,20.6262
ROI_035/patch_195,own,32–64,1,72432,0.000,1.000,21.0329,21.5710
ROI_035/patch_195,own,64–128,1,252265,0.000,1.000,33.3956,33.9934
ROI_035/patch_195,own,≥128,1,1747717,0.000,1.000,69.8944,70.6605
ROI_035/patch_196,nearest,0–16,1,6432,0.000,1.000,5.7350,6.4765
ROI_035/patch_196,nearest,16–32,1,18789,0.000,1.000,5.8716,6.6106
ROI_035/patch_196,nearest,32–64,1,67434,0.000,1.000,6.9378,7.6710
ROI_035/patch_196,nearest,64–128,1,106557,0.000,1.000,9.1846,9.9402
ROI_035/patch_196,nearest,≥128,1,62932,0.000,1.000,50.2091,51.6291
ROI_035/patch_196,own,0–16,1,6432,0.000,1.000,5.7112,6.4527
ROI_035/patch_196,own,16–32,1,18789,0.000,1.000,5.8555,6.5933
ROI_035/patch_196,own,32–64,1,70160,0.000,1.000,6.7942,7.5234
ROI_035/patch_196,own,64–128,1,250890,0.000,1.000,9.3519,10.0871
ROI_035/patch_196,own,≥128,1,1750881,0.000,1.000,30.7334,31.9162
ROI_035/patch_197,nearest,0–16,1,6437,0.000,1.000,12.7525,16.1370
ROI_035/patch_197,nearest,16–32,1,19304,0.000,1.000,22.4709,25.6685
ROI_035/patch_197,nearest,32–64,1,59529,0.000,1.000,52.9228,55.7671
ROI_035/patch_197,nearest,64–128,1,118550,0.000,1.000,175.6669,178.0662
ROI_035/patch_197,nearest,≥128,1,58324,0.750,1.000,547.3503,551.7985
ROI_035/patch_197,own,0–16,1,6437,0.000,1.000,12.8288,16.2177
ROI_035/patch_197,own,16–32,1,19312,0.000,1.000,21.7460,24.9688
ROI_035/patch_197,own,32–64,1,76163,0.000,1.000,67.6948,70.5161
ROI_035/patch_197,own,64–128,1,284583,0.000,1.000,69.0959,71.8308
ROI_035/patch_197,own,≥128,1,1710657,0.000,1.000,191.3309,194.6716
ROI_035/patch_198,nearest,0–16,1,6442,0.000,1.000,7.9409,9.6927
ROI_035/patch_198,nearest,16–32,1,18400,0.000,1.000,7.8622,9.6418
ROI_035/patch_198,nearest,32–64,1,59592,0.000,1.000,20.9611,23.6710
ROI_035/patch_198,nearest,64–128,1,122055,0.000,1.000,140.5634,148.1407
ROI_035/patch_198,nearest,≥128,1,55655,0.000,1.000,532.4502,541.1276
ROI_035/patch_198,own,0–16,1,6442,0.000,1.000,7.9322,9.6899
ROI_035/patch_198,own,16–32,1,19279,0.000,1.000,7.9242,9.7046
ROI_035/patch_198,own,32–64,1,72504,0.000,1.000,14.8836,17.1863
ROI_035/patch_198,own,64–128,1,233380,0.000,1.000,47.8028,52.2042
ROI_035/patch_198,own,≥128,1,1765547,0.000,1.000,75.4642,80.5815
ROI_035/patch_199,nearest,0–16,1,6439,0.000,1.000,9.1523,9.5684
ROI_035/patch_199,nearest,16–32,1,19086,0.000,1.000,9.1301,9.5380
ROI_035/patch_199,nearest,32–64,1,66304,0.000,1.000,18.5860,19.0118
ROI_035/patch_199,nearest,64–128,1,125067,0.000,1.000,47.9307,48.4710
ROI_035/patch_199,nearest,≥128,1,45248,0.000,1.000,305.4667,312.2105
ROI_035/patch_199,own,0–16,1,6439,0.000,1.000,9.0907,9.5019
ROI_035/patch_199,own,16–32,1,19086,0.000,1.000,9.1945,9.6034
ROI_035/patch_199,own,32–64,1,68196,0.000,1.000,17.6906,18.1108
ROI_035/patch_199,own,64–128,1,230389,0.000,1.000,31.4114,31.9421
ROI_035/patch_199,own,≥128,1,1773042,0.000,1.000,40.2787,40.8601
ROI_035/patch_200,nearest,0–16,1,6010,0.000,1.000,11.0373,12.7010
ROI_035/patch_200,nearest,16–32,1,16357,0.000,1.000,11.4658,13.1671
ROI_035/patch_200,nearest,32–64,1,54555,0.000,1.000,13.0268,14.6849
ROI_035/patch_200,nearest,64–128,1,110541,0.000,1.000,22.2395,24.1615
ROI_035/patch_200,nearest,≥128,1,74681,0.000,1.000,115.1220,118.6445
ROI_035/patch_200,own,0–16,1,6010,0.000,1.000,11.0494,12.7554
ROI_035/patch_200,own,16–32,1,16566,0.000,1.000,11.4807,13.1522
ROI_035/patch_200,own,32–64,1,61288,0.000,1.000,12.6621,14.3871
ROI_035/patch_200,own,64–128,1,224464,0.000,1.000,18.8564,20.6822
ROI_035/patch_200,own,≥128,1,1788824,0.000,1.000,35.8027,37.7084
ROI_035/patch_201,nearest,0–16,1,6439,0.000,1.000,5.8602,9.4453
ROI_035/patch_201,nearest,16–32,1,18848,0.000,1.000,5.7700,9.4767
ROI_035/patch_201,nearest,32–64,1,62137,0.000,1.000,10.5289,17.1131
ROI_035/patch_201,nearest,64–128,1,135750,0.000,1.000,22.1132,28.8800
ROI_035/patch_201,nearest,≥128,1,38970,0.000,1.000,171.9546,178.1998
ROI_035/patch_201,own,0–16,1,6439,0.000,1.000,5.8754,9.4716
ROI_035/patch_201,own,16–32,1,18848,0.000,1.000,5.8535,9.5986
ROI_035/patch_201,own,32–64,1,68263,0.000,1.000,10.2614,16.6676
ROI_035/patch_201,own,64–128,1,243219,0.000,1.000,23.2802,29.9078
ROI_035/patch_201,own,≥128,1,1760383,0.000,1.000,52.9807,59.5473
ROI_035/patch_202,nearest,0–16,1,6426,0.000,1.000,12.8357,14.4501
ROI_035/patch_202,nearest,16–32,1,18444,0.000,1.000,15.6745,17.1876
ROI_035/patch_202,nearest,32–64,1,63790,0.000,1.000,76.0952,77.5765
ROI_035/patch_202,nearest,64–128,1,119408,0.000,1.000,112.6930,114.6124
ROI_035/patch_202,nearest,≥128,1,54076,0.000,1.000,309.5696,310.9322
ROI_035/patch_202,own,0–16,1,6426,0.000,1.000,12.8351,14.4512
ROI_035/patch_202,own,16–32,1,19294,0.000,1.000,16.2225,17.7117
ROI_035/patch_202,own,32–64,1,77213,0.000,1.000,46.2070,47.6239
ROI_035/patch_202,own,64–128,1,268360,0.000,1.000,104.4026,106.1714
ROI_035/patch_202,own,≥128,1,1725859,0.000,1.000,95.2065,96.8897
ROI_035/patch_203,nearest,0–16,1,6428,0.000,1.000,8.6928,9.4081
ROI_035/patch_203,nearest,16–32,1,19014,0.000,1.000,8.7125,9.4284
ROI_035/patch_203,nearest,32–64,1,64995,0.000,1.000,9.2465,10.0133
ROI_035/patch_203,nearest,64–128,1,118826,0.000,1.000,12.6711,13.4522
ROI_035/patch_203,nearest,≥128,1,52881,0.000,1.000,37.5886,38.4824
ROI_035/patch_203,own,0–16,1,6428,0.000,1.000,8.7005,9.4234
ROI_035/patch_203,own,16–32,1,19014,0.000,1.000,8.7284,9.4443
ROI_035/patch_203,own,32–64,1,73876,0.000,1.000,9.0294,9.8331
ROI_035/patch_203,own,64–128,1,269379,0.000,1.000,14.6489,15.4148
ROI_035/patch_203,own,≥128,1,1728455,0.000,1.000,30.2505,31.0224
ROI_035/patch_205,nearest,0–16,1,6391,0.000,1.000,4.4494,5.4895
ROI_035/patch_205,nearest,16–32,1,18233,0.000,1.000,4.6813,5.7189
ROI_035/patch_205,nearest,32–64,1,61226,0.000,1.000,5.7714,6.8245
ROI_035/patch_205,nearest,64–128,1,124823,0.000,1.000,11.8970,12.9792
ROI_035/patch_205,nearest,≥128,1,51471,0.000,1.000,39.6914,40.7308
ROI_035/patch_205,own,0–16,1,6391,0.000,1.000,4.4123,5.4610
ROI_035/patch_205,own,16–32,1,18513,0.000,1.000,4.6256,5.6626
ROI_035/patch_205,own,32–64,1,70476,0.000,1.000,5.8866,6.9091
ROI_035/patch_205,own,64–128,1,222944,0.000,1.000,8.3231,9.3278
ROI_035/patch_205,own,≥128,1,1778828,0.000,1.000,28.9110,29.9520
ROI_035/patch_207,nearest,0–16,1,6430,0.000,1.000,81.7577,96.9913
ROI_035/patch_207,nearest,16–32,1,18827,0.000,1.000,82.0190,97.2212
ROI_035/patch_207,nearest,32–64,1,68460,0.000,1.000,82.0374,97.4283
ROI_035/patch_207,nearest,64–128,1,103753,0.000,1.000,88.6270,103.6027
ROI_035/patch_207,nearest,≥128,1,64674,0.000,1.000,79.8741,95.9868
ROI_035/patch_207,own,0–16,1,6430,0.000,1.000,81.9756,97.1986
ROI_035/patch_207,own,16–32,1,18827,0.000,1.000,81.5852,96.8233
ROI_035/patch_207,own,32–64,1,73088,0.000,1.000,81.1169,96.5923
ROI_035/patch_207,own,64–128,1,254883,0.000,1.000,88.9638,103.9857
ROI_035/patch_207,own,≥128,1,1743924,0.000,1.000,74.3465,89.6525
ROI_035/patch_208,nearest,0–16,1,6412,0.000,1.000,6.9650,7.9785
ROI_035/patch_208,nearest,16–32,1,18594,0.000,1.000,7.0663,8.0706
ROI_035/patch_208,nearest,32–64,1,60550,0.000,1.000,8.3588,9.3836
ROI_035/patch_208,nearest,64–128,1,113146,0.000,1.000,29.6086,30.7687
ROI_035/patch_208,nearest,≥128,1,63442,0.000,1.000,26.5812,27.9371
ROI_035/patch_208,own,0–16,1,6412,0.000,1.000,6.9979,8.0183
ROI_035/patch_208,own,16–32,1,18594,0.000,1.000,7.1060,8.1456
ROI_035/patch_208,own,32–64,1,72713,0.000,1.000,8.1422,9.1684
ROI_035/patch_208,own,64–128,1,269006,0.000,1.000,14.8919,16.0154
ROI_035/patch_208,own,≥128,1,1730427,0.000,1.000,18.4342,19.5598
ROI_035/patch_209,nearest,0–16,1,6432,0.000,1.000,24.4781,32.2734
ROI_035/patch_209,nearest,16–32,1,18866,0.000,1.000,24.1953,31.8456
ROI_035/patch_209,nearest,32–64,1,66896,0.000,1.000,23.9461,29.5905
ROI_035/patch_209,nearest,64–128,1,130574,0.000,1.000,24.2751,30.0132
ROI_035/patch_209,nearest,≥128,1,39376,0.000,1.000,195.4141,246.0468
ROI_035/patch_209,own,0–16,1,6432,0.000,1.000,22.9896,28.9411
ROI_035/patch_209,own,16–32,1,19038,0.000,1.000,25.6682,35.2256
ROI_035/patch_209,own,32–64,1,72652,0.000,1.000,22.8804,26.7790
ROI_035/patch_209,own,64–128,1,235607,0.000,1.000,24.0858,28.3468
ROI_035/patch_209,own,≥128,1,1763423,0.000,1.000,29.3575,36.5228
ROI_035/patch_210,nearest,0–16,1,6196,0.000,1.000,44.5339,45.9789
ROI_035/patch_210,nearest,16–32,1,17546,0.000,1.000,44.7354,46.1851
ROI_035/patch_210,nearest,32–64,1,58945,0.000,1.000,45.7167,47.2191
ROI_035/patch_210,nearest,64–128,1,121590,0.000,1.000,216.6651,217.9211
ROI_035/patch_210,nearest,≥128,1,57867,0.250,1.000,1798.4766,1801.6621
ROI_035/patch_210,own,0–16,1,6196,0.000,1.000,44.4666,45.9146
ROI_035/patch_210,own,16–32,1,17546,0.000,1.000,44.5855,46.0613
ROI_035/patch_210,own,32–64,1,64500,0.000,1.000,45.0551,46.5871
ROI_035/patch_210,own,64–128,1,222197,0.000,1.000,110.4943,112.0336
ROI_035/patch_210,own,≥128,1,1786713,0.050,1.000,308.6448,310.1197
ROI_035/patch_212,nearest,0–16,1,5808,0.000,1.000,55.3664,58.4695
ROI_035/patch_212,nearest,16–32,1,16657,0.000,1.000,59.1458,62.5068
ROI_035/patch_212,nearest,32–64,1,54523,0.000,1.000,96.5973,102.4636
ROI_035/patch_212,nearest,64–128,1,113345,0.000,1.000,204.8298,212.0199
ROI_035/patch_212,nearest,≥128,1,71811,0.000,1.000,379.9408,388.7195
ROI_035/patch_212,own,0–16,1,5808,0.000,1.000,55.7618,58.8752
ROI_035/patch_212,own,16–32,1,16657,0.000,1.000,58.3997,61.6983
ROI_035/patch_212,own,32–64,1,62455,0.000,1.000,78.2683,83.0155
ROI_035/patch_212,own,64–128,1,230531,0.000,1.000,134.6449,140.5168
ROI_035/patch_212,own,≥128,1,1781701,0.000,1.000,179.7692,187.1337
ROI_035/patch_213,nearest,0–16,1,6265,0.000,1.000,13.0535,16.9146
ROI_035/patch_213,nearest,16–32,1,18140,0.000,1.000,14.1234,18.1866
ROI_035/patch_213,nearest,32–64,1,61359,0.000,1.000,31.6143,37.2458
ROI_035/patch_213,nearest,64–128,1,121132,0.000,1.000,161.4263,172.8801
ROI_035/patch_213,nearest,≥128,1,55248,1.000,1.000,,
ROI_035/patch_213,own,0–16,1,6265,0.000,1.000,13.1471,17.0068
ROI_035/patch_213,own,16–32,1,18140,0.000,1.000,13.9532,18.0489
ROI_035/patch_213,own,32–64,1,68406,0.000,1.000,31.6557,37.0210
ROI_035/patch_213,own,64–128,1,225445,0.000,1.000,72.7766,80.9043
ROI_035/patch_213,own,≥128,1,1778896,0.000,1.000,92.8001,102.4772
ROI_049/patch_0,nearest,0–16,1,6432,0.000,1.000,9.1544,22.5356
ROI_049/patch_0,nearest,16–32,1,19277,0.000,1.000,9.1812,22.5949
ROI_049/patch_0,nearest,32–64,1,64395,0.000,1.000,9.1400,22.3641
ROI_049/patch_0,nearest,64–128,1,124482,0.000,1.000,9.2231,22.1891
ROI_049/patch_0,nearest,≥128,1,47558,0.000,1.000,10.2976,22.9422
ROI_049/patch_0,own,0–16,1,6432,0.000,1.000,9.1573,22.5632
ROI_049/patch_0,own,16–32,1,19277,0.000,1.000,9.1225,22.4856
ROI_049/patch_0,own,32–64,1,71917,0.000,1.000,9.0145,22.1660
ROI_049/patch_0,own,64–128,1,247787,0.000,1.000,9.5151,22.4538
ROI_049/patch_0,own,≥128,1,1751739,0.000,1.000,10.0827,23.0256
ROI_049/patch_1,nearest,0–16,1,6432,0.000,1.000,1.7149,4.2557
ROI_049/patch_1,nearest,16–32,1,19305,0.000,1.000,1.7077,4.1799
ROI_049/patch_1,nearest,32–64,1,69227,0.000,1.000,1.8193,4.1431
ROI_049/patch_1,nearest,64–128,1,118510,0.000,1.000,2.1269,4.1881
ROI_049/patch_1,nearest,≥128,1,48670,0.000,1.000,2.5921,4.6484
ROI_049/patch_1,own,0–16,1,6432,0.000,1.000,1.7189,4.2582
ROI_049/patch_1,own,16–32,1,19305,0.000,1.000,1.6994,4.1711
ROI_049/patch_1,own,32–64,1,76746,0.000,1.000,1.8098,4.1593
ROI_049/patch_1,own,64–128,1,276477,0.000,1.000,2.0011,4.1524
ROI_049/patch_1,own,≥128,1,1718192,0.000,1.000,2.0784,4.2560
ROI_049/patch_2,nearest,0–16,1,6396,0.000,1.000,4.3749,5.8831
ROI_049/patch_2,nearest,16–32,1,18582,0.000,1.000,4.4196,5.9270
ROI_049/patch_2,nearest,32–64,1,67596,0.000,1.000,4.5703,6.0378
ROI_049/patch_2,nearest,64–128,1,140167,0.000,1.000,4.9895,6.4330
ROI_049/patch_2,nearest,≥128,1,29403,0.000,1.000,4.5498,6.2563
ROI_049/patch_2,own,0–16,1,6396,0.000,1.000,4.3598,5.8690
ROI_049/patch_2,own,16–32,1,18582,0.000,1.000,4.3978,5.8970
ROI_049/patch_2,own,32–64,1,72828,0.000,1.000,4.5215,5.9864
ROI_049/patch_2,own,64–128,1,235070,0.000,1.000,4.6481,6.1460
ROI_049/patch_2,own,≥128,1,1764276,0.000,1.000,4.5589,6.0467
ROI_049/patch_3,nearest,0–16,1,6433,0.000,1.000,11.4731,12.2680
ROI_049/patch_3,nearest,16–32,1,18889,0.000,1.000,11.4465,12.2422
ROI_049/patch_3,nearest,32–64,1,65720,0.000,1.000,11.5639,12.3790
ROI_049/patch_3,nearest,64–128,1,113029,0.000,1.000,11.7723,12.6148
ROI_049/patch_3,nearest,≥128,1,58073,0.000,1.000,11.5403,12.7393
ROI_049/patch_3,own,0–16,1,6433,0.000,1.000,11.4736,12.2723
ROI_049/patch_3,own,16–32,1,18889,0.000,1.000,11.4477,12.2457
ROI_049/patch_3,own,32–64,1,72472,0.000,1.000,11.6374,12.4818
ROI_049/patch_3,own,64–128,1,258526,0.000,1.000,12.0247,12.7892
ROI_049/patch_3,own,≥128,1,1740832,0.000,1.000,11.8961,12.7935
ROI_049/patch_4,nearest,0–16,1,6429,0.000,1.000,5.7442,6.6267
ROI_049/patch_4,nearest,16–32,1,18907,0.000,1.000,6.0345,6.9028
ROI_049/patch_4,nearest,32–64,1,62889,0.000,1.000,5.9286,6.7118
ROI_049/patch_4,nearest,64–128,1,117848,0.000,1.000,5.3735,6.0059
ROI_049/patch_4,nearest,≥128,1,56071,0.000,1.000,6.8857,7.7620
ROI_049/patch_4,own,0–16,1,6429,0.000,1.000,5.7669,6.6560
ROI_049/patch_4,own,16–32,1,18907,0.000,1.000,5.9999,6.8754
ROI_049/patch_4,own,32–64,1,68957,0.000,1.000,6.0058,6.7483
ROI_049/patch_4,own,64–128,1,249425,0.000,1.000,5.7203,6.3370
ROI_049/patch_4,own,≥128,1,1753434,0.000,1.000,5.7840,6.5251
ROI_049/patch_5,nearest,0–16,1,6421,0.000,1.000,7.0240,9.1946
ROI_049/patch_5,nearest,16–32,1,18063,0.000,1.000,6.9535,9.1455
ROI_049/patch_5,nearest,32–64,1,58994,0.000,1.000,6.9312,9.1760
ROI_049/patch_5,nearest,64–128,1,106578,0.000,1.000,7.1437,9.4554
ROI_049/patch_5,nearest,≥128,1,72088,0.000,1.000,7.7199,10.1203
ROI_049/patch_5,own,0–16,1,6421,0.000,1.000,7.0397,9.2101
ROI_049/patch_5,own,16–32,1,18063,0.000,1.000,6.9629,9.1360
ROI_049/patch_5,own,32–64,1,66141,0.000,1.000,6.9355,9.1887
ROI_049/patch_5,own,64–128,1,236343,0.000,1.000,7.1345,9.4278
ROI_049/patch_5,own,≥128,1,1770184,0.000,1.000,7.0307,9.1071
ROI_049/patch_6,nearest,0–16,1,6422,0.000,1.000,4.7018,5.8596
ROI_049/patch_6,nearest,16–32,1,17238,0.000,1.000,4.6342,5.8810
ROI_049/patch_6,nearest,32–64,1,58430,0.000,1.000,4.5542,5.9112
ROI_049/patch_6,nearest,64–128,1,130215,0.000,1.000,4.9845,6.5605
ROI_049/patch_6,nearest,≥128,1,49839,0.000,1.000,4.7236,6.1424
ROI_049/patch_6,own,0–16,1,6441,0.000,1.000,4.7200,5.8885
ROI_049/patch_6,own,16–32,1,18612,0.000,1.000,4.6192,5.8066
ROI_049/patch_6,own,32–64,1,65020,0.000,1.000,4.6192,5.9282
ROI_049/patch_6,own,64–128,1,229128,0.000,1.000,4.7509,6.3165
ROI_049/patch_6,own,≥128,1,1777951,0.000,1.000,4.5481,6.0269
ROI_049/patch_7,nearest,0–16,1,6433,0.000,1.000,6.4561,10.1790
ROI_049/patch_7,nearest,16–32,1,19160,0.000,1.000,6.4895,10.3094
ROI_049/patch_7,nearest,32–64,1,62871,0.000,1.000,6.6284,10.5067
ROI_049/patch_7,nearest,64–128,1,120393,0.000,1.000,6.4360,10.5214
ROI_049/patch_7,nearest,≥128,1,53287,0.000,1.000,5.6174,9.2593
ROI_049/patch_7,own,0–16,1,6433,0.000,1.000,6.4663,10.1920
ROI_049/patch_7,own,16–32,1,19184,0.000,1.000,6.4633,10.2532
ROI_049/patch_7,own,32–64,1,74225,0.000,1.000,6.6048,10.4028
ROI_049/patch_7,own,64–128,1,271911,0.000,1.000,6.5260,10.5113
ROI_049/patch_7,own,≥128,1,1725399,0.000,1.000,6.3428,10.2264
ROI_049/patch_8,nearest,0–16,1,6440,0.000,1.000,2.6722,4.1155
ROI_049/patch_8,nearest,16–32,1,19297,0.000,1.000,2.7230,4.1377
ROI_049/patch_8,nearest,32–64,1,65408,0.000,1.000,2.8484,4.2523
ROI_049/patch_8,nearest,64–128,1,114375,0.000,1.000,2.9945,4.4324
ROI_049/patch_8,nearest,≥128,1,56624,0.000,1.000,2.8574,4.3311
ROI_049/patch_8,own,0–16,1,6440,0.000,1.000,2.6634,4.1106
ROI_049/patch_8,own,16–32,1,19297,0.000,1.000,2.7233,4.1457
ROI_049/patch_8,own,32–64,1,73170,0.000,1.000,2.8498,4.2508
ROI_049/patch_8,own,64–128,1,262589,0.000,1.000,3.0377,4.4587
ROI_049/patch_8,own,≥128,1,1735656,0.000,1.000,2.9526,4.3834
ROI_049/patch_10,nearest,0–16,1,6434,0.000,1.000,5.4349,6.1643
ROI_049/patch_10,nearest,16–32,1,18886,0.000,1.000,5.3812,6.1126
ROI_049/patch_10,nearest,32–64,1,69195,0.000,1.000,4.9140,5.7093
ROI_049/patch_10,nearest,64–128,1,141039,0.000,1.000,4.8048,5.7849
ROI_049/patch_10,nearest,≥128,1,26590,0.000,1.000,5.6990,6.5639
ROI_049/patch_10,own,0–16,1,6434,0.000,1.000,5.4135,6.1395
ROI_049/patch_10,own,16–32,1,18886,0.000,1.000,5.2884,6.0220
ROI_049/patch_10,own,32–64,1,70981,0.000,1.000,4.8819,5.6683
ROI_049/patch_10,own,64–128,1,250238,0.000,1.000,4.9555,5.9220
ROI_049/patch_10,own,≥128,1,1750613,0.000,1.000,5.1856,6.0587
ROI_049/patch_11,nearest,0–16,1,6435,0.000,1.000,5.7571,7.0870
ROI_049/patch_11,nearest,16–32,1,18453,0.000,1.000,5.9129,7.2300
ROI_049/patch_11,nearest,32–64,1,59318,0.000,1.000,6.2924,7.6203
ROI_049/patch_11,nearest,64–128,1,120681,0.000,1.000,7.0128,8.4334
ROI_049/patch_11,nearest,≥128,1,57257,0.000,1.000,7.7443,9.2750
ROI_049/patch_11,own,0–16,1,6435,0.000,1.000,5.7663,7.1002
ROI_049/patch_11,own,16–32,1,18453,0.000,1.000,5.8752,7.1851
ROI_049/patch_11,own,32–64,1,66933,0.000,1.000,6.2811,7.6024
ROI_049/patch_11,own,64–128,1,211125,0.000,1.000,6.5496,7.8693
ROI_049/patch_11,own,≥128,1,1794206,0.000,1.000,6.7924,8.1971
ROI_049/patch_12,nearest,0–16,1,6304,0.000,1.000,4.5246,6.2611
ROI_049/patch_12,nearest,16–32,1,18395,0.000,1.000,4.5140,6.2973
ROI_049/patch_12,nearest,32–64,1,69401,0.000,1.000,4.5081,6.3242
ROI_049/patch_12,nearest,64–128,1,127920,0.000,1.000,4.5534,6.5792
ROI_049/patch_12,nearest,≥128,1,40124,0.000,1.000,3.5065,5.4662
ROI_049/patch_12,own,0–16,1,6304,0.000,1.000,4.5357,6.2856
ROI_049/patch_12,own,16–32,1,18395,0.000,1.000,4.4698,6.2447
ROI_049/patch_12,own,32–64,1,70816,0.000,1.000,4.4562,6.2873
ROI_049/patch_12,own,64–128,1,248185,0.000,1.000,4.2380,6.1476
ROI_049/patch_12,own,≥128,1,1753452,0.000,1.000,4.3241,6.2586
ROI_049/patch_13,nearest,0–16,1,6370,0.000,1.000,2.1410,4.3077
ROI_049/patch_13,nearest,16–32,1,18098,0.000,1.000,2.1478,4.2958
ROI_049/patch_13,nearest,32–64,1,57090,0.000,1.000,2.1309,4.3240
ROI_049/patch_13,nearest,64–128,1,88640,0.000,1.000,1.9637,4.3116
ROI_049/patch_13,nearest,≥128,1,91946,0.000,1.000,2.2935,4.3787
ROI_049/patch_13,own,0–16,1,6370,0.000,1.000,2.1414,4.2954
ROI_049/patch_13,own,16–32,1,18098,0.000,1.000,2.1264,4.3057
ROI_049/patch_13,own,32–64,1,67531,0.000,1.000,2.0834,4.2594
ROI_049/patch_13,own,64–128,1,254504,0.000,1.000,2.0625,4.3474
ROI_049/patch_13,own,≥128,1,1750649,0.000,1.000,1.9242,4.1282
ROI_049/patch_15,nearest,0–16,1,6438,0.000,1.000,3.3912,5.3977
ROI_049/patch_15,nearest,16–32,1,18819,0.000,1.000,3.3345,5.3961
ROI_049/patch_15,nearest,32–64,1,62797,0.000,1.000,3.3690,5.5510
ROI_049/patch_15,nearest,64–128,1,135989,0.000,1.000,3.7482,6.0989
ROI_049/patch_15,nearest,≥128,1,38101,0.000,1.000,3.6919,6.1849
ROI_049/patch_15,own,0–16,1,6438,0.000,1.000,3.4013,5.4132
ROI_049/patch_15,own,16–32,1,18819,0.000,1.000,3.3610,5.4343
ROI_049/patch_15,own,32–64,1,70888,0.000,1.000,3.3780,5.5431
ROI_049/patch_15,own,64–128,1,255830,0.000,1.000,3.5740,5.9230
ROI_049/patch_15,own,≥128,1,1745177,0.000,1.000,3.4455,5.7765
ROI_049/patch_16,nearest,0–16,1,6436,0.000,1.000,3.3945,4.4838
ROI_049/patch_16,nearest,16–32,1,18990,0.000,1.000,3.4144,4.5238
ROI_049/patch_16,nearest,32–64,1,65810,0.000,1.000,3.1761,4.3060
ROI_049/patch_16,nearest,64–128,1,141860,0.000,1.000,2.9495,4.4028
ROI_049/patch_16,nearest,≥128,1,29048,0.000,1.000,2.8868,4.0560
ROI_049/patch_16,own,0–16,1,6436,0.000,1.000,3.4051,4.4973
ROI_049/patch_16,own,16–32,1,18990,0.000,1.000,3.4456,4.5595
ROI_049/patch_16,own,32–64,1,66844,0.000,1.000,3.2066,4.3466
ROI_049/patch_16,own,64–128,1,232166,0.000,1.000,3.1447,4.4629
ROI_049/patch_16,own,≥128,1,1772716,0.000,1.000,2.9837,4.2508
ROI_049/patch_17,nearest,0–16,1,6432,0.000,1.000,5.7287,7.0625
ROI_049/patch_17,nearest,16–32,1,18768,0.000,1.000,5.7733,7.1393
ROI_049/patch_17,nearest,32–64,1,63493,0.000,1.000,5.9586,7.4693
ROI_049/patch_17,nearest,64–128,1,98676,0.000,1.000,6.0683,7.7870
ROI_049/patch_17,nearest,≥128,1,74775,0.000,1.000,5.9156,9.0372
ROI_049/patch_17,own,0–16,1,6432,0.000,1.000,5.7339,7.0579
ROI_049/patch_17,own,16–32,1,18768,0.000,1.000,5.7366,7.0997
ROI_049/patch_17,own,32–64,1,71121,0.000,1.000,5.8923,7.3701
ROI_049/patch_17,own,64–128,1,265160,0.000,1.000,6.1051,7.6689
ROI_049/patch_17,own,≥128,1,1735671,0.000,1.000,5.5894,7.5633
ROI_049/patch_19,nearest,0–16,1,6448,0.000,1.000,3.0648,4.5189
ROI_049/patch_19,nearest,16–32,1,18500,0.000,1.000,3.0282,4.5159
ROI_049/patch_19,nearest,32–64,1,62660,0.000,1.000,3.0532,4.6191
ROI_049/patch_19,nearest,64–128,1,125440,0.000,1.000,3.2807,5.1959
ROI_049/patch_19,nearest,≥128,1,49096,0.000,1.000,4.2062,6.5202
ROI_049/patch_19,own,0–16,1,6448,0.000,1.000,3.0703,4.5287
ROI_049/patch_19,own,16–32,1,19286,0.000,1.000,3.0285,4.5085
ROI_049/patch_19,own,32–64,1,72593,0.000,1.000,3.0681,4.6341
ROI_049/patch_19,own,64–128,1,253901,0.000,1.000,3.1629,4.9629
ROI_049/patch_19,own,≥128,1,1744924,0.000,1.000,3.3017,5.1454
ROI_049/patch_20,nearest,0–16,1,6441,0.000,1.000,3.7874,6.6968
ROI_049/patch_20,nearest,16–32,1,18933,0.000,1.000,3.7877,6.6243
ROI_049/patch_20,nearest,32–64,1,64623,0.000,1.000,3.5683,6.2581
ROI_049/patch_20,nearest,64–128,1,122052,0.000,1.000,3.3538,5.6590
ROI_049/patch_20,nearest,≥128,1,50095,0.000,1.000,5.1019,7.6551
ROI_049/patch_20,own,0–16,1,6441,0.000,1.000,3.8026,6.7155
ROI_049/patch_20,own,16–32,1,18933,0.000,1.000,3.7921,6.6394
ROI_049/patch_20,own,32–64,1,68057,0.000,1.000,3.6309,6.3334
ROI_049/patch_20,own,64–128,1,224589,0.000,1.000,3.6373,6.1377
ROI_049/patch_20,own,≥128,1,1779132,0.000,1.000,4.0263,6.5732
ROI_049/patch_21,nearest,0–16,1,6431,0.000,1.000,3.3256,8.8401
ROI_049/patch_21,nearest,16–32,1,19284,0.000,1.000,3.3591,8.8956
ROI_049/patch_21,nearest,32–64,1,67006,0.000,1.000,3.4267,9.0080
ROI_049/patch_21,nearest,64–128,1,113781,0.000,1.000,3.7809,9.8023
ROI_049/patch_21,nearest,≥128,1,55642,0.000,1.000,4.1474,10.5004
ROI_049/patch_21,own,0–16,1,6431,0.000,1.000,3.3153,8.8080
ROI_049/patch_21,own,16–32,1,19284,0.000,1.000,3.3958,8.9329
ROI_049/patch_21,own,32–64,1,75425,0.000,1.000,3.4986,9.0558
ROI_049/patch_21,own,64–128,1,233094,0.000,1.000,3.6457,9.7776
ROI_049/patch_21,own,≥128,1,1762918,0.000,1.000,3.8523,10.1488
ROI_049/patch_22,nearest,0–16,1,6432,0.000,1.000,4.3812,10.9699
ROI_049/patch_22,nearest,16–32,1,19313,0.000,1.000,4.4570,10.9933
ROI_049/patch_22,nearest,32–64,1,68973,0.000,1.000,4.7162,11.4001
ROI_049/patch_22,nearest,64–128,1,118575,0.000,1.000,4.8499,11.5973
ROI_049/patch_22,nearest,≥128,1,48851,0.000,1.000,8.2374,15.1115
ROI_049/patch_22,own,0–16,1,6432,0.000,1.000,4.3897,10.9694
ROI_049/patch_22,own,16–32,1,19313,0.000,1.000,4.4865,11.0280
ROI_049/patch_22,own,32–64,1,74024,0.000,1.000,4.6127,11.1857
ROI_049/patch_22,own,64–128,1,227264,0.000,1.000,4.7571,11.6534
ROI_049/patch_22,own,≥128,1,1770119,0.000,1.000,5.4510,12.3778
ROI_049/patch_23,nearest,0–16,1,6432,0.000,1.000,3.5980,5.7467
ROI_049/patch_23,nearest,16–32,1,18753,0.000,1.000,3.6038,5.7951
ROI_049/patch_23,nearest,32–64,1,60173,0.000,1.000,3.6265,5.9611
ROI_049/patch_23,nearest,64–128,1,132980,0.000,1.000,3.8091,6.2637
ROI_049/patch_23,nearest,≥128,1,43806,0.000,1.000,4.0106,6.6068
ROI_049/patch_23,own,0–16,1,6432,0.000,1.000,3.5940,5.7423
ROI_049/patch_23,own,16–32,1,18855,0.000,1.000,3.5974,5.7874
ROI_049/patch_23,own,32–64,1,71975,0.000,1.000,3.6246,5.9878
ROI_049/patch_23,own,64–128,1,271118,0.000,1.000,3.7948,6.1872
ROI_049/patch_23,own,≥128,1,1728772,0.000,1.000,3.8986,6.3633
ROI_049/patch_24,nearest,0–16,1,6432,0.000,1.000,5.0197,7.9357
ROI_049/patch_24,nearest,16–32,1,19080,0.000,1.000,4.9592,7.8637
ROI_049/patch_24,nearest,32–64,1,67940,0.000,1.000,5.1936,8.1264
ROI_049/patch_24,nearest,64–128,1,107190,0.000,1.000,5.5501,8.4579
ROI_049/patch_24,nearest,≥128,1,61502,0.000,1.000,5.7835,8.6291
ROI_049/patch_24,own,0–16,1,6432,0.000,1.000,4.9848,7.8960
ROI_049/patch_24,own,16–32,1,19080,0.000,1.000,5.0161,7.9294
ROI_049/patch_24,own,32–64,1,72680,0.000,1.000,5.2779,8.1958
ROI_049/patch_24,own,64–128,1,257928,0.000,1.000,5.3441,8.2865
ROI_049/patch_24,own,≥128,1,1741032,0.000,1.000,5.5823,8.4417
ROI_049/patch_26,nearest,0–16,1,6445,0.000,1.000,2.8520,4.6809
ROI_049/patch_26,nearest,16–32,1,19311,0.000,1.000,2.8839,4.7638
ROI_049/patch_26,nearest,32–64,1,66739,0.000,1.000,2.9086,4.8648
ROI_049/patch_26,nearest,64–128,1,120071,0.000,1.000,3.3017,5.3911
ROI_049/patch_26,nearest,≥128,1,49578,0.000,1.000,4.3484,6.3049
ROI_049/patch_26,own,0–16,1,6445,0.000,1.000,2.8687,4.7095
ROI_049/patch_26,own,16–32,1,19311,0.000,1.000,2.8741,4.7772
ROI_049/patch_26,own,32–64,1,74387,0.000,1.000,3.0424,5.0154
ROI_049/patch_26,own,64–128,1,265946,0.000,1.000,2.8974,4.8651
ROI_049/patch_26,own,≥128,1,1731063,0.000,1.000,3.2206,5.1454
ROI_049/patch_27,nearest,0–16,1,6431,0.000,1.000,5.3583,7.4491
ROI_049/patch_27,nearest,16–32,1,18601,0.000,1.000,5.4515,7.5719
ROI_049/patch_27,nearest,32–64,1,64867,0.000,1.000,5.5402,7.6918
ROI_049/patch_27,nearest,64–128,1,125466,0.000,1.000,5.6337,7.9165
ROI_049/patch_27,nearest,≥128,1,46779,0.000,1.000,5.0059,7.2478
ROI_049/patch_27,own,0–16,1,6431,0.000,1.000,5.3489,7.4516
ROI_049/patch_27,own,16–32,1,18695,0.000,1.000,5.4568,7.5913
ROI_049/patch_27,own,32–64,1,71785,0.000,1.000,5.5433,7.6716
ROI_049/patch_27,own,64–128,1,256688,0.000,1.000,5.7525,8.0427
ROI_049/patch_27,own,≥128,1,1743553,0.000,1.000,5.2827,7.4716
ROI_049/patch_28,nearest,0–16,1,6431,0.000,1.000,3.4212,5.6302
ROI_049/patch_28,nearest,16–32,1,18824,0.000,1.000,3.4968,5.7235
ROI_049/patch_28,nearest,32–64,1,58789,0.000,1.000,3.3721,5.6457
ROI_049/patch_28,nearest,64–128,1,93724,0.000,1.000,3.5839,5.9702
ROI_049/patch_28,nearest,≥128,1,84376,0.000,1.000,3.1762,5.6255
ROI_049/patch_28,own,0–16,1,6431,0.000,1.000,3.4456,5.6535
ROI_049/patch_28,own,16–32,1,18824,0.000,1.000,3.4257,5.6512
ROI_049/patch_28,own,32–64,1,73275,0.000,1.000,3.4518,5.7015
ROI_049/patch_28,own,64–128,1,243901,0.000,1.000,3.5374,5.7940
ROI_049/patch_28,own,≥128,1,1754721,0.000,1.000,3.2917,5.5594
ROI_049/patch_29,nearest,0–16,1,6434,0.000,1.000,0.8087,1.6847
ROI_049/patch_29,nearest,16–32,1,18672,0.000,1.000,0.9250,1.8435
ROI_049/patch_29,nearest,32–64,1,60851,0.000,1.000,1.3458,2.3539
ROI_049/patch_29,nearest,64–128,1,110201,0.000,1.000,1.9495,3.0666
ROI_049/patch_29,nearest,≥128,1,65986,0.000,1.000,4.1662,5.4094
ROI_049/patch_29,own,0–16,1,6434,0.000,1.000,0.7795,1.6734
ROI_049/patch_29,own,16–32,1,18786,0.000,1.000,0.9475,1.8567
ROI_049/patch_29,own,32–64,1,71067,0.000,1.000,1.2749,2.3141
ROI_049/patch_29,own,64–128,1,262813,0.000,1.000,1.7540,2.9522
ROI_049/patch_29,own,≥128,1,1738052,0.000,1.000,2.3563,3.5196
ROI_049/patch_30,nearest,0–16,1,6440,0.000,1.000,7.2550,10.2577
ROI_049/patch_30,nearest,16–32,1,19051,0.000,1.000,7.3383,10.3432
ROI_049/patch_30,nearest,32–64,1,61945,0.000,1.000,7.3654,10.3476
ROI_049/patch_30,nearest,64–128,1,109102,0.000,1.000,7.1843,10.1356
ROI_049/patch_30,nearest,≥128,1,65606,0.000,1.000,7.2359,10.2599
ROI_049/patch_30,own,0–16,1,6440,0.000,1.000,7.2544,10.2578
ROI_049/patch_30,own,16–32,1,19218,0.000,1.000,7.3308,10.3328
ROI_049/patch_30,own,32–64,1,73873,0.000,1.000,7.3698,10.3591
ROI_049/patch_30,own,64–128,1,246063,0.000,1.000,7.1333,10.0947
ROI_049/patch_30,own,≥128,1,1751558,0.000,1.000,7.2087,10.1843
ROI_049/patch_31,nearest,0–16,1,6125,0.000,1.000,9.0940,12.1946
ROI_049/patch_31,nearest,16–32,1,17506,0.000,1.000,9.0979,12.0721
ROI_049/patch_31,nearest,32–64,1,65957,0.000,1.000,9.1558,11.8813
ROI_049/patch_31,nearest,64–128,1,130362,0.000,1.000,9.1590,11.5426
ROI_049/patch_31,nearest,≥128,1,42194,0.000,1.000,9.2909,11.9945
ROI_049/patch_31,own,0–16,1,6125,0.000,1.000,9.0947,12.2045
ROI_049/patch_31,own,16–32,1,17506,0.000,1.000,9.0996,12.0679
ROI_049/patch_31,own,32–64,1,68708,0.000,1.000,9.1521,11.8796
ROI_049/patch_31,own,64–128,1,248033,0.000,1.000,9.1846,11.6751
ROI_049/patch_31,own,≥128,1,1756780,0.000,1.000,9.1800,11.7748
ROI_049/patch_32,nearest,0–16,1,6431,0.000,1.000,3.4607,5.8767
ROI_049/patch_32,nearest,16–32,1,18894,0.000,1.000,3.6723,6.0705
ROI_049/patch_32,nearest,32–64,1,67152,0.000,1.000,3.9047,6.2265
ROI_049/patch_32,nearest,64–128,1,115900,0.000,1.000,4.3221,6.5718
ROI_049/patch_32,nearest,≥128,1,53767,0.000,1.000,5.2361,7.5206
ROI_049/patch_32,own,0–16,1,6431,0.000,1.000,3.4659,5.8829
ROI_049/patch_32,own,16–32,1,18894,0.000,1.000,3.7113,6.0926
ROI_049/patch_32,own,32–64,1,71946,0.000,1.000,3.8708,6.1670
ROI_049/patch_32,own,64–128,1,259342,0.000,1.000,4.1866,6.4489
ROI_049/patch_32,own,≥128,1,1740539,0.000,1.000,4.2955,6.5171
ROI_049/patch_33,nearest,0–16,1,6431,0.000,1.000,10.0649,10.9732
ROI_049/patch_33,nearest,16–32,1,19291,0.000,1.000,9.8069,10.6931
ROI_049/patch_33,nearest,32–64,1,67483,0.000,1.000,10.3156,11.2653
ROI_049/patch_33,nearest,64–128,1,129045,0.000,1.000,12.8143,13.8475
ROI_049/patch_33,nearest,≥128,1,39894,0.000,1.000,32.6852,33.8986
ROI_049/patch_33,own,0–16,1,6431,0.000,1.000,10.0383,10.9413
ROI_049/patch_33,own,16–32,1,19291,0.000,1.000,9.8711,10.7674
ROI_049/patch_33,own,32–64,1,71793,0.000,1.000,10.3691,11.3052
ROI_049/patch_33,own,64–128,1,246558,0.000,1.000,11.9085,12.9653
ROI_049/patch_33,own,≥128,1,1753079,0.000,1.000,12.8431,13.9068
ROI_049/patch_34,nearest,0–16,1,6426,0.000,1.000,4.7574,5.4011
ROI_049/patch_34,nearest,16–32,1,18798,0.000,1.000,4.4720,5.1186
ROI_049/patch_34,nearest,32–64,1,63153,0.000,1.000,4.9475,5.5389
ROI_049/patch_34,nearest,64–128,1,119667,0.000,1.000,5.1196,5.8464
ROI_049/patch_34,nearest,≥128,1,54100,0.000,1.000,5.0349,5.8597
ROI_049/patch_34,own,0–16,1,6426,0.000,1.000,4.7248,5.3770
ROI_049/patch_34,own,16–32,1,18798,0.000,1.000,4.5952,5.2192
ROI_049/patch_34,own,32–64,1,71379,0.000,1.000,4.8452,5.4445
ROI_049/patch_34,own,64–128,1,253882,0.000,1.000,5.1992,5.8241
ROI_049/patch_34,own,≥128,1,1746667,0.000,1.000,4.9931,5.6861
ROI_049/patch_35,nearest,0–16,1,7231,0.000,1.000,4.0418,5.0550
ROI_049/patch_35,nearest,16–32,1,21055,0.000,1.000,4.1179,5.1201
ROI_049/patch_35,nearest,32–64,1,69555,0.000,1.000,4.2126,5.2295
ROI_049/patch_35,nearest,64–128,1,122943,0.000,1.000,4.4827,5.4373
ROI_049/patch_35,nearest,≥128,1,41360,0.000,1.000,3.7903,4.7599
ROI_049/patch_35,own,0–16,1,7231,0.000,1.000,4.0692,5.0782
ROI_049/patch_35,own,16–32,1,21055,0.000,1.000,4.0788,5.0834
ROI_049/patch_35,own,32–64,1,76408,0.000,1.000,4.1022,5.1311
ROI_049/patch_35,own,64–128,1,267519,0.000,1.000,4.1684,5.1466
ROI_049/patch_35,own,≥128,1,1987083,0.000,1.000,4.0987,5.0673
ROI_049/patch_36,nearest,0–16,1,6437,0.000,1.000,4.9724,6.2968
ROI_049/patch_36,nearest,16–32,1,19132,0.000,1.000,5.0120,6.3018
ROI_049/patch_36,nearest,32–64,1,65700,0.000,1.000,5.1013,6.2978
ROI_049/patch_36,nearest,64–128,1,111932,0.000,1.000,4.8989,5.9988
ROI_049/patch_36,nearest,≥128,1,58943,0.000,1.000,4.7828,5.9913
ROI_049/patch_36,own,0–16,1,6437,0.000,1.000,4.9441,6.2665
ROI_049/patch_36,own,16–32,1,19132,0.000,1.000,4.9678,6.2562
ROI_049/patch_36,own,32–64,1,74105,0.000,1.000,5.1029,6.3224
ROI_049/patch_36,own,64–128,1,281328,0.000,1.000,4.9857,6.1241
ROI_049/patch_36,own,≥128,1,1716150,0.000,1.000,4.9712,6.1531
ROI_049/patch_37,nearest,0–16,1,6097,0.000,1.000,5.8934,7.2611
ROI_049/patch_37,nearest,16–32,1,17297,0.000,1.000,5.9469,7.2551
ROI_049/patch_37,nearest,32–64,1,57049,0.000,1.000,5.6377,6.8753
ROI_049/patch_37,nearest,64–128,1,126704,0.000,1.000,4.8657,6.0712
ROI_049/patch_37,nearest,≥128,1,54997,0.000,1.000,5.3008,6.5929
ROI_049/patch_37,own,0–16,1,6097,0.000,1.000,5.8834,7.2494
ROI_049/patch_37,own,16–32,1,17297,0.000,1.000,5.9684,7.2680
ROI_049/patch_37,own,32–64,1,65642,0.000,1.000,5.7777,7.0070
ROI_049/patch_37,own,64–128,1,250608,0.000,1.000,5.1764,6.3739
ROI_049/patch_37,own,≥128,1,1757508,0.000,1.000,4.9139,6.0607
ROI_049/patch_38,nearest,0–16,1,6423,0.000,1.000,29.6115,30.3956
ROI_049/patch_38,nearest,16–32,1,17788,0.000,1.000,30.1911,30.9356
ROI_049/patch_38,nearest,32–64,1,63008,0.000,1.000,31.5210,32.2192
ROI_049/patch_38,nearest,64–128,1,135095,0.000,1.000,30.8457,31.5177
ROI_049/patch_38,nearest,≥128,1,39830,0.000,1.000,24.6708,25.9633
ROI_049/patch_38,own,0–16,1,6423,0.000,1.000,29.7136,30.4927
ROI_049/patch_38,own,16–32,1,17788,0.000,1.000,30.0820,30.8368
ROI_049/patch_38,own,32–64,1,63434,0.000,1.000,31.5317,32.2415
ROI_049/patch_38,own,64–128,1,218281,0.000,1.000,32.5320,33.1617
ROI_049/patch_38,own,≥128,1,1791226,0.000,1.000,29.8741,30.5831
ROI_049/patch_39,nearest,0–16,1,6357,0.000,1.000,6.5214,8.6654
ROI_049/patch_39,nearest,16–32,1,17183,0.000,1.000,6.5622,8.7211
ROI_049/patch_39,nearest,32–64,1,58426,0.000,1.000,6.8737,9.0612
ROI_049/patch_39,nearest,64–128,1,111895,0.000,1.000,6.7671,8.9657
ROI_049/patch_39,nearest,≥128,1,68283,0.000,1.000,7.2888,8.8920
ROI_049/patch_39,own,0–16,1,6357,0.000,1.000,6.5049,8.6510
ROI_049/patch_39,own,16–32,1,17183,0.000,1.000,6.6293,8.8074
ROI_049/patch_39,own,32–64,1,65501,0.000,1.000,6.7939,8.9933
ROI_049/patch_39,own,64–128,1,235747,0.000,1.000,6.8046,8.8987
ROI_049/patch_39,own,≥128,1,1772364,0.000,1.000,7.1894,9.1479
ROI_049/patch_41,nearest,0–16,1,6430,0.000,1.000,4.5213,18.0520
ROI_049/patch_41,nearest,16–32,1,19070,0.000,1.000,4.5118,18.0820
ROI_049/patch_41,nearest,32–64,1,70283,0.000,1.000,4.7086,18.6254
ROI_049/patch_41,nearest,64–128,1,138212,0.000,1.000,4.6501,18.5911
ROI_049/patch_41,nearest,≥128,1,28149,0.000,1.000,5.4412,20.1094
ROI_049/patch_41,own,0–16,1,6430,0.000,1.000,4.5233,18.0617
ROI_049/patch_41,own,16–32,1,19070,0.000,1.000,4.5659,18.1153
ROI_049/patch_41,own,32–64,1,71269,0.000,1.000,4.7864,18.6995
ROI_049/patch_41,own,64–128,1,256033,0.000,1.000,5.3942,19.2664
ROI_049/patch_41,own,≥128,1,1744350,0.000,1.000,4.8288,18.9575
ROI_049/patch_42,nearest,0–16,1,6436,0.000,1.000,2.2053,5.0560
ROI_049/patch_42,nearest,16–32,1,18542,0.000,1.000,2.2038,5.0096
ROI_049/patch_42,nearest,32–64,1,56030,0.000,1.000,2.1666,5.0130
ROI_049/patch_42,nearest,64–128,1,122484,0.000,1.000,2.3003,5.2431
ROI_049/patch_42,nearest,≥128,1,58652,0.000,1.000,2.6224,5.1377
ROI_049/patch_42,own,0–16,1,6436,0.000,1.000,2.2232,5.0721
ROI_049/patch_42,own,16–32,1,19091,0.000,1.000,2.2142,4.9981
ROI_049/patch_42,own,32–64,1,71231,0.000,1.000,2.2168,5.0648
ROI_049/patch_42,own,64–128,1,237383,0.000,1.000,2.1382,5.1846
ROI_049/patch_42,own,≥128,1,1763011,0.000,1.000,2.3347,5.1946
ROI_049/patch_43,nearest,0–16,1,6436,0.000,1.000,1.9794,5.0190
ROI_049/patch_43,nearest,16–32,1,19303,0.000,1.000,1.9004,4.8961
ROI_049/patch_43,nearest,32–64,1,70974,0.000,1.000,1.7622,4.7685
ROI_049/patch_43,nearest,64–128,1,122295,0.000,1.000,1.2191,3.8250
ROI_049/patch_43,nearest,≥128,1,43136,0.000,1.000,2.1630,4.2259
ROI_049/patch_43,own,0–16,1,6436,0.000,1.000,1.9539,4.9729
ROI_049/patch_43,own,16–32,1,19303,0.000,1.000,1.8913,4.8648
ROI_049/patch_43,own,32–64,1,75021,0.000,1.000,1.6786,4.6313
ROI_049/patch_43,own,64–128,1,268288,0.000,1.000,1.2899,3.9904
ROI_049/patch_43,own,≥128,1,1728104,0.000,1.000,1.5683,3.9786
ROI_049/patch_44,nearest,0–16,1,6307,0.000,1.000,10.4344,12.2485
ROI_049/patch_44,nearest,16–32,1,17499,0.000,1.000,10.5719,12.3124
ROI_049/patch_44,nearest,32–64,1,55369,0.000,1.000,12.0788,13.7644
ROI_049/patch_44,nearest,64–128,1,127900,0.000,1.000,19.6877,21.5726
ROI_049/patch_44,nearest,≥128,1,55069,0.000,1.000,22.2791,24.1691
ROI_049/patch_44,own,0–16,1,6307,0.000,1.000,10.4318,12.2334
ROI_049/patch_44,own,16–32,1,17499,0.000,1.000,10.5251,12.2853
ROI_049/patch_44,own,32–64,1,65610,0.000,1.000,11.6348,13.3142
ROI_049/patch_44,own,64–128,1,229898,0.000,1.000,19.4885,21.3805
ROI_049/patch_44,own,≥128,1,1777838,0.000,1.000,19.9206,21.6782
ROI_049/patch_46,nearest,0–16,1,6442,0.000,1.000,2.5149,7.2912
ROI_049/patch_46,nearest,16–32,1,19129,0.000,1.000,2.5313,7.2991
ROI_049/patch_46,nearest,32–64,1,62515,0.000,1.000,2.5033,7.2792
ROI_049/patch_46,nearest,64–128,1,136352,0.000,1.000,2.6120,7.2580
ROI_049/patch_46,nearest,≥128,1,37706,0.000,1.000,4.4400,9.1176
ROI_049/patch_46,own,0–16,1,6442,0.000,1.000,2.5194,7.2979
ROI_049/patch_46,own,16–32,1,19129,0.000,1.000,2.5344,7.2907
ROI_049/patch_46,own,32–64,1,68478,0.000,1.000,2.5045,7.2940
ROI_049/patch_46,own,64–128,1,235589,0.000,1.000,2.5925,7.5190
ROI_049/patch_46,own,≥128,1,1767514,0.000,1.000,2.9822,7.8113
ROI_049/patch_47,nearest,0–16,1,6230,0.000,1.000,1.8372,2.9224
ROI_049/patch_47,nearest,16–32,1,17620,0.000,1.000,1.8586,2.9044
ROI_049/patch_47,nearest,32–64,1,61293,0.000,1.000,2.0059,3.0081
ROI_049/patch_47,nearest,64–128,1,131169,0.000,1.000,2.0926,3.1871
ROI_049/patch_47,nearest,≥128,1,45832,0.000,1.000,1.3453,2.7700
ROI_049/patch_47,own,0–16,1,6230,0.000,1.000,1.8345,2.9200
ROI_049/patch_47,own,16–32,1,17620,0.000,1.000,1.8296,2.8807
ROI_049/patch_47,own,32–64,1,65825,0.000,1.000,2.0210,3.0171
ROI_049/patch_47,own,64–128,1,234356,0.000,1.000,2.0246,3.0814
ROI_049/patch_47,own,≥128,1,1773121,0.000,1.000,1.5807,2.7369
ROI_049/patch_48,nearest,0–16,1,6432,0.000,1.000,5.0225,6.2013
ROI_049/patch_48,nearest,16–32,1,18849,0.000,1.000,4.9552,6.0859
ROI_049/patch_48,nearest,32–64,1,66387,0.000,1.000,5.0507,6.0457
ROI_049/patch_48,nearest,64–128,1,127568,0.000,1.000,5.6150,6.5163
ROI_049/patch_48,nearest,≥128,1,42908,0.000,1.000,6.8453,7.7168
ROI_049/patch_48,own,0–16,1,6432,0.000,1.000,5.0360,6.2283
ROI_049/patch_48,own,16–32,1,18849,0.000,1.000,4.9714,6.0871
ROI_049/patch_48,own,32–64,1,70386,0.000,1.000,5.0279,6.0346
ROI_049/patch_48,own,64–128,1,236296,0.000,1.000,5.5251,6.4301
ROI_049/patch_48,own,≥128,1,1765189,0.000,1.000,5.9411,6.8741
ROI_049/patch_49,nearest,0–16,1,6158,0.000,1.000,4.3196,6.7809
ROI_049/patch_49,nearest,16–32,1,17804,0.000,1.000,4.5157,6.9069
ROI_049/patch_49,nearest,32–64,1,62010,0.000,1.000,4.7664,7.1643
ROI_049/patch_49,nearest,64–128,1,111203,0.000,1.000,5.3479,7.8503
ROI_049/patch_49,nearest,≥128,1,64969,0.000,1.000,5.8405,8.2893
ROI_049/patch_49,own,0–16,1,6158,0.000,1.000,4.3168,6.7644
ROI_049/patch_49,own,16–32,1,17804,0.000,1.000,4.4713,6.8724
ROI_049/patch_49,own,32–64,1,67857,0.000,1.000,4.7528,7.1406
ROI_049/patch_49,own,64–128,1,227105,0.000,1.000,4.7742,7.2396
ROI_049/patch_49,own,≥128,1,1778228,0.000,1.000,4.3423,6.8560
ROI_049/patch_50,nearest,0–16,1,6438,0.000,1.000,2.9993,5.5173
ROI_049/patch_50,nearest,16–32,1,19157,0.000,1.000,3.1080,5.6247
ROI_049/patch_50,nearest,32–64,1,63445,0.000,1.000,3.5520,6.1175
ROI_049/patch_50,nearest,64–128,1,122987,0.000,1.000,4.7756,7.4886
ROI_049/patch_50,nearest,≥128,1,50117,0.000,1.000,8.6990,12.4484
ROI_049/patch_50,own,0–16,1,6438,0.000,1.000,2.9896,5.5032
ROI_049/patch_50,own,16–32,1,19321,0.000,1.000,3.1077,5.6195
ROI_049/patch_50,own,32–64,1,74672,0.000,1.000,3.5741,6.1313
ROI_049/patch_50,own,64–128,1,249781,0.000,1.000,4.1007,6.6928
ROI_049/patch_50,own,≥128,1,1746940,0.000,1.000,4.4892,7.0592
ROI_049/patch_51,nearest,0–16,1,6433,0.000,1.000,7.4404,10.7938
ROI_049/patch_51,nearest,16–32,1,18673,0.000,1.000,7.1421,10.5068
ROI_049/patch_51,nearest,32–64,1,65173,0.000,1.000,7.2171,10.6284
ROI_049/patch_51,nearest,64–128,1,135448,0.000,1.000,7.1995,10.6214
ROI_049/patch_51,nearest,≥128,1,36417,0.000,1.000,6.3505,9.9259
ROI_049/patch_51,own,0–16,1,6433,0.000,1.000,7.4253,10.7792
ROI_049/patch_51,own,16–32,1,18673,0.000,1.000,7.1884,10.5517
ROI_049/patch_51,own,32–64,1,69618,0.000,1.000,7.2370,10.6559
ROI_049/patch_51,own,64–128,1,243972,0.000,1.000,7.2247,10.7008
ROI_049/patch_51,own,≥128,1,1758456,0.000,1.000,6.9767,10.4320
ROI_049/patch_53,nearest,0–16,1,6431,0.000,1.000,5.9801,6.5642
ROI_049/patch_53,nearest,16–32,1,19304,0.000,1.000,5.8944,6.4867
ROI_049/patch_53,nearest,32–64,1,72233,0.000,1.000,5.3880,6.0048
ROI_049/patch_53,nearest,64–128,1,134250,0.000,1.000,4.1224,4.6784
ROI_049/patch_53,nearest,≥128,1,29926,0.000,1.000,4.1542,4.5461
ROI_049/patch_53,own,0–16,1,6431,0.000,1.000,6.0018,6.5889
ROI_049/patch_53,own,16–32,1,19304,0.000,1.000,5.8380,6.4178
ROI_049/patch_53,own,32–64,1,76432,0.000,1.000,5.2479,5.8495
ROI_049/patch_53,own,64–128,1,257187,0.000,1.000,4.3749,4.9289
ROI_049/patch_53,own,≥128,1,1737798,0.000,1.000,4.6752,5.1875
ROI_049/patch_54,nearest,0–16,1,6439,0.000,1.000,2.3038,3.9736
ROI_049/patch_54,nearest,16–32,1,19303,0.000,1.000,2.3378,3.9780
ROI_049/patch_54,nearest,32–64,1,66775,0.000,1.000,2.2143,3.8992
ROI_049/patch_54,nearest,64–128,1,108593,0.000,1.000,2.2440,3.9932
ROI_049/patch_54,nearest,≥128,1,61034,0.000,1.000,2.2807,4.1154
ROI_049/patch_54,own,0–16,1,6439,0.000,1.000,2.2942,3.9546
ROI_049/patch_54,own,16–32,1,19303,0.000,1.000,2.3239,3.9813
ROI_049/patch_54,own,32–64,1,76141,0.000,1.000,2.2525,3.9289
ROI_049/patch_54,own,64–128,1,264603,0.000,1.000,2.2206,3.8568
ROI_049/patch_54,own,≥128,1,1730666,0.000,1.000,2.1571,4.0269
ROI_049/patch_56,nearest,0–16,1,6437,0.000,1.000,2.7982,4.2430
ROI_049/patch_56,nearest,16–32,1,19307,0.000,1.000,2.8573,4.3448
ROI_049/patch_56,nearest,32–64,1,59716,0.000,1.000,2.9838,4.5127
ROI_049/patch_56,nearest,64–128,1,107763,0.000,1.000,2.8174,4.2339
ROI_049/patch_56,nearest,≥128,1,68921,0.000,1.000,3.0975,4.4395
ROI_049/patch_56,own,0–16,1,6437,0.000,1.000,2.8048,4.2491
ROI_049/patch_56,own,16–32,1,19307,0.000,1.000,2.8805,4.3386
ROI_049/patch_56,own,32–64,1,72523,0.000,1.000,2.9775,4.5370
ROI_049/patch_56,own,64–128,1,254774,0.000,1.000,2.8845,4.3334
ROI_049/patch_56,own,≥128,1,1744111,0.000,1.000,3.0127,4.3695
ROI_049/patch_57,nearest,0–16,1,6431,0.000,1.000,6.5500,6.9143
ROI_049/patch_57,nearest,16–32,1,18756,0.000,1.000,6.4526,6.8288
ROI_049/patch_57,nearest,32–64,1,68236,0.000,1.000,6.4986,6.9130
ROI_049/patch_57,nearest,64–128,1,133780,0.000,1.000,6.3003,6.7690
ROI_049/patch_57,nearest,≥128,1,34941,0.000,1.000,6.6187,7.1806
ROI_049/patch_57,own,0–16,1,6431,0.000,1.000,6.5752,6.9331
ROI_049/patch_57,own,16–32,1,18756,0.000,1.000,6.5015,6.8761
ROI_049/patch_57,own,32–64,1,68236,0.000,1.000,6.3470,6.7648
ROI_049/patch_57,own,64–128,1,226237,0.000,1.000,6.2575,6.7427
ROI_049/patch_57,own,≥128,1,1777492,0.000,1.000,6.1389,6.6182
ROI_049/patch_59,nearest,0–16,1,6215,0.000,1.000,5.6063,6.9341
ROI_049/patch_59,nearest,16–32,1,17968,0.000,1.000,5.5143,6.8319
ROI_049/patch_59,nearest,32–64,1,58149,0.000,1.000,5.7139,7.0687
ROI_049/patch_59,nearest,64–128,1,121905,0.000,1.000,5.4084,6.8894
ROI_049/patch_59,nearest,≥128,1,57907,0.000,1.000,5.1151,6.6448
ROI_049/patch_59,own,0–16,1,6215,0.000,1.000,5.5993,6.9258
ROI_049/patch_59,own,16–32,1,18099,0.000,1.000,5.5245,6.8424
ROI_049/patch_59,own,32–64,1,65082,0.000,1.000,5.7102,7.0498
ROI_049/patch_59,own,64–128,1,234180,0.000,1.000,5.7085,7.1118
ROI_049/patch_59,own,≥128,1,1773576,0.000,1.000,5.5246,6.9854
ROI_049/patch_60,nearest,0–16,1,6425,0.000,1.000,449.5513,459.1836
ROI_049/patch_60,nearest,16–32,1,18787,0.000,1.000,428.8990,437.6518
ROI_049/patch_60,nearest,32–64,1,62362,0.000,1.000,388.3875,397.3526
ROI_049/patch_60,nearest,64–128,1,137440,0.000,1.000,375.0603,390.4830
ROI_049/patch_60,nearest,≥128,1,37130,0.000,1.000,53.6989,55.4844
ROI_049/patch_60,own,0–16,1,6425,0.000,1.000,455.4072,465.2253
ROI_049/patch_60,own,16–32,1,18880,0.000,1.000,437.1296,445.8626
ROI_049/patch_60,own,32–64,1,68206,0.000,1.000,423.1938,432.1521
ROI_049/patch_60,own,64–128,1,244615,0.000,1.000,273.4254,284.4345
ROI_049/patch_60,own,≥128,1,1759026,0.000,1.000,237.7822,245.4993
ROI_049/patch_61,nearest,0–16,1,6434,0.000,1.000,3.8073,4.9032
ROI_049/patch_61,nearest,16–32,1,19057,0.000,1.000,3.9689,5.0706
ROI_049/patch_61,nearest,32–64,1,66727,0.000,1.000,4.3075,5.3901
ROI_049/patch_61,nearest,64–128,1,116135,0.000,1.000,4.1987,5.3122
ROI_049/patch_61,nearest,≥128,1,53791,0.000,1.000,4.7263,5.7011
ROI_049/patch_61,own,0–16,1,6434,0.000,1.000,3.7890,4.8910
ROI_049/patch_61,own,16–32,1,19057,0.000,1.000,4.0047,5.1025
ROI_049/patch_61,own,32–64,1,70850,0.000,1.000,4.2702,5.3692
ROI_049/patch_61,own,64–128,1,224589,0.000,1.000,4.4356,5.5376
ROI_049/patch_61,own,≥128,1,1776222,0.000,1.000,4.3928,5.4699
ROI_049/patch_63,nearest,0–16,1,6437,0.000,1.000,4.1711,5.8066
ROI_049/patch_63,nearest,16–32,1,19148,0.000,1.000,4.1139,5.8167
ROI_049/patch_63,nearest,32–64,1,63026,0.000,1.000,4.1179,5.8491
ROI_049/patch_63,nearest,64–128,1,142660,0.000,1.000,4.6641,6.4338
ROI_049/patch_63,nearest,≥128,1,30873,0.000,1.000,5.1490,6.9577
ROI_049/patch_63,own,0–16,1,6437,0.000,1.000,4.1440,5.7657
ROI_049/patch_63,own,16–32,1,19295,0.000,1.000,4.0923,5.7830
ROI_049/patch_63,own,32–64,1,72732,0.000,1.000,4.0090,5.7386
ROI_049/patch_63,own,64–128,1,241046,0.000,1.000,4.4690,6.2110
ROI_049/patch_63,own,≥128,1,1757642,0.000,1.000,4.4422,6.1713
ROI_049/patch_64,nearest,0–16,1,6423,0.000,1.000,2.6828,4.3927
ROI_049/patch_64,nearest,16–32,1,18924,0.000,1.000,2.5878,4.2713
ROI_049/patch_64,nearest,32–64,1,64334,0.000,1.000,2.4564,4.1451
ROI_049/patch_64,nearest,64–128,1,125764,0.000,1.000,2.3735,4.0032
ROI_049/patch_64,nearest,≥128,1,46699,0.000,1.000,2.4390,3.9655
ROI_049/patch_64,own,0–16,1,6423,0.000,1.000,2.6837,4.3972
ROI_049/patch_64,own,16–32,1,18924,0.000,1.000,2.5800,4.2643
ROI_049/patch_64,own,32–64,1,70400,0.000,1.000,2.4596,4.1726
ROI_049/patch_64,own,64–128,1,227163,0.000,1.000,2.3841,4.0301
ROI_049/patch_64,own,≥128,1,1774242,0.000,1.000,2.2535,4.0009
ROI_049/patch_65,nearest,0–16,1,6241,0.000,1.000,185.3443,187.6140
ROI_049/patch_65,nearest,16–32,1,17750,0.000,1.000,174.6050,177.0121
ROI_049/patch_65,nearest,32–64,1,58044,0.000,1.000,167.4854,170.0786
ROI_049/patch_65,nearest,64–128,1,103557,0.000,1.000,118.3717,122.0447
ROI_049/patch_65,nearest,≥128,1,76552,0.000,1.000,78.4312,85.1856
ROI_049/patch_65,own,0–16,1,6241,0.000,1.000,186.1984,188.4733
ROI_049/patch_65,own,16–32,1,17750,0.000,1.000,184.9873,187.3377
ROI_049/patch_65,own,32–64,1,63920,0.000,1.000,181.6672,184.1757
ROI_049/patch_65,own,64–128,1,217752,0.000,1.000,106.4647,109.7958
ROI_049/patch_65,own,≥128,1,1791489,0.000,1.000,166.5280,169.9823
ROI_049/patch_66,nearest,0–16,1,6273,0.000,1.000,5.3826,7.3981
ROI_049/patch_66,nearest,16–32,1,17704,0.000,1.000,5.4056,7.4514
ROI_049/patch_66,nearest,32–64,1,67202,0.000,1.000,5.2245,7.4598
ROI_049/patch_66,nearest,64–128,1,133451,0.000,1.000,5.1043,7.4571
ROI_049/patch_66,nearest,≥128,1,37514,0.000,1.000,4.4563,7.3353
ROI_049/patch_66,own,0–16,1,6273,0.000,1.000,5.3598,7.3702
ROI_049/patch_66,own,16–32,1,17704,0.000,1.000,5.3771,7.4267
ROI_049/patch_66,own,32–64,1,69074,0.000,1.000,5.4082,7.6129
ROI_049/patch_66,own,64–128,1,254708,0.000,1.000,5.0840,7.3557
ROI_049/patch_66,own,≥128,1,1749393,0.000,1.000,4.6994,6.9948
ROI_049/patch_67,nearest,0–16,1,6430,0.000,1.000,22.4063,24.3023
ROI_049/patch_67,nearest,16–32,1,18463,0.000,1.000,22.5162,24.4354
ROI_049/patch_67,nearest,32–64,1,64975,0.000,1.000,22.5817,24.5520
ROI_049/patch_67,nearest,64–128,1,119056,0.000,1.000,25.9062,27.8383
ROI_049/patch_67,nearest,≥128,1,53220,0.000,1.000,192.2931,194.1810
ROI_049/patch_67,own,0–16,1,6430,0.000,1.000,22.4228,24.3216
ROI_049/patch_67,own,16–32,1,18463,0.000,1.000,22.5371,24.4721
ROI_049/patch_67,own,32–64,1,69347,0.000,1.000,22.7944,24.7699
ROI_049/patch_67,own,64–128,1,226246,0.000,1.000,24.9268,26.9011
ROI_049/patch_67,own,≥128,1,1776666,0.000,1.000,67.1696,69.0567
ROI_049/patch_69,nearest,0–16,1,6133,0.000,1.000,26.1509,27.7223
ROI_049/patch_69,nearest,16–32,1,18069,0.000,1.000,27.6964,29.2805
ROI_049/patch_69,nearest,32–64,1,55742,0.000,1.000,38.9672,40.5256
ROI_049/patch_69,nearest,64–128,1,106684,0.000,1.000,28.3161,29.8747
ROI_049/patch_69,nearest,≥128,1,75516,0.000,1.000,46.0005,47.6246
ROI_049/patch_69,own,0–16,1,6133,0.000,1.000,26.3389,27.9163
ROI_049/patch_69,own,16–32,1,18069,0.000,1.000,26.1297,27.7105
ROI_049/patch_69,own,32–64,1,62853,0.000,1.000,40.8643,42.4250
ROI_049/patch_69,own,64–128,1,211753,0.000,1.000,30.9264,32.5200
ROI_049/patch_69,own,≥128,1,1798344,0.000,1.000,35.9944,37.6215
ROI_049/patch_71,nearest,0–16,1,6417,0.000,1.000,6.5390,7.7368
ROI_049/patch_71,nearest,16–32,1,19214,0.000,1.000,6.5816,7.7543
ROI_049/patch_71,nearest,32–64,1,67780,0.000,1.000,7.0108,8.1447
ROI_049/patch_71,nearest,64–128,1,122368,0.000,1.000,12.6203,13.7141
ROI_049/patch_71,nearest,≥128,1,46365,0.000,1.000,31.6108,32.7905
ROI_049/patch_71,own,0–16,1,6417,0.000,1.000,6.6386,7.8290
ROI_049/patch_71,own,16–32,1,19214,0.000,1.000,6.6632,7.8289
ROI_049/patch_71,own,32–64,1,71947,0.000,1.000,7.2925,8.4196
ROI_049/patch_71,own,64–128,1,234658,0.000,1.000,9.7197,10.8647
ROI_049/patch_71,own,≥128,1,1764916,0.000,1.000,13.3618,14.5278
ROI_049/patch_72,nearest,0–16,1,6442,0.000,1.000,7.2472,8.7718
ROI_049/patch_72,nearest,16–32,1,19301,0.000,1.000,7.1313,8.6517
ROI_049/patch_72,nearest,32–64,1,71526,0.000,1.000,7.4921,8.9697
ROI_049/patch_72,nearest,64–128,1,107650,0.000,1.000,10.8786,12.2130
ROI_049/patch_72,nearest,≥128,1,57225,0.000,1.000,14.3482,15.3594
ROI_049/patch_72,own,0–16,1,6442,0.000,1.000,7.2882,8.8174
ROI_049/patch_72,own,16–32,1,19301,0.000,1.000,7.3765,8.9157
ROI_049/patch_72,own,32–64,1,73521,0.000,1.000,7.8174,9.3134
ROI_049/patch_72,own,64–128,1,260956,0.000,1.000,8.9857,10.3148
ROI_049/patch_72,own,≥128,1,1736932,0.000,1.000,15.4677,16.9707
ROI_049/patch_73,nearest,0–16,1,6430,0.000,1.000,12.4066,13.3183
ROI_049/patch_73,nearest,16–32,1,18652,0.000,1.000,11.8101,12.7137
ROI_049/patch_73,nearest,32–64,1,68382,0.000,1.000,11.4508,12.3440
ROI_049/patch_73,nearest,64–128,1,126604,0.000,1.000,17.0601,17.9444
ROI_049/patch_73,nearest,≥128,1,42076,0.000,1.000,114.0553,114.8183
ROI_049/patch_73,own,0–16,1,6430,0.000,1.000,12.3826,13.2963
ROI_049/patch_73,own,16–32,1,18652,0.000,1.000,11.9360,12.8565
ROI_049/patch_73,own,32–64,1,71522,0.000,1.000,11.4930,12.3621
ROI_049/patch_73,own,64–128,1,252212,0.000,1.000,15.3150,16.2003
ROI_049/patch_73,own,≥128,1,1748336,0.000,1.000,19.1900,20.0072
ROI_049/patch_74,nearest,0–16,1,6436,0.000,1.000,45.4594,49.6954
ROI_049/patch_74,nearest,16–32,1,17641,0.000,1.000,47.8653,52.1039
ROI_049/patch_74,nearest,32–64,1,53674,0.000,1.000,65.7373,70.2740
ROI_049/patch_74,nearest,64–128,1,111682,0.000,1.000,69.7418,75.4844
ROI_049/patch_74,nearest,≥128,1,72711,0.000,1.000,54.7393,61.0630
ROI_049/patch_74,own,0–16,1,6436,0.000,1.000,44.0950,48.3279
ROI_049/patch_74,own,16–32,1,18383,0.000,1.000,49.6557,53.8857
ROI_049/patch_74,own,32–64,1,68695,0.000,1.000,56.9757,61.4368
ROI_049/patch_74,own,64–128,1,228087,0.000,1.000,77.9398,83.3746
ROI_049/patch_74,own,≥128,1,1775551,0.000,1.000,70.4059,76.0363
ROI_049/patch_75,nearest,0–16,1,6431,0.000,1.000,27.4728,27.8929
ROI_049/patch_75,nearest,16–32,1,18074,0.000,1.000,29.4489,29.8493
ROI_049/patch_75,nearest,32–64,1,58647,0.000,1.000,34.8643,35.1722
ROI_049/patch_75,nearest,64–128,1,111988,0.000,1.000,43.5417,43.7680
ROI_049/patch_75,nearest,≥128,1,67004,0.000,1.000,32.5883,32.9529
ROI_049/patch_75,own,0–16,1,6431,0.000,1.000,27.4075,27.8277
ROI_049/patch_75,own,16–32,1,18672,0.000,1.000,29.1500,29.5467
ROI_049/patch_75,own,32–64,1,71070,0.000,1.000,34.6714,34.9957
ROI_049/patch_75,own,64–128,1,216559,0.000,1.000,42.0288,42.3015
ROI_049/patch_75,own,≥128,1,1784420,0.000,1.000,35.9119,36.2844
ROI_049/patch_77,nearest,0–16,1,6442,0.000,1.000,9.3455,10.7411
ROI_049/patch_77,nearest,16–32,1,18538,0.000,1.000,9.4364,10.8564
ROI_049/patch_77,nearest,32–64,1,65044,0.000,1.000,10.8643,12.3884
ROI_049/patch_77,nearest,64–128,1,128062,0.000,1.000,12.9866,14.3143
ROI_049/patch_77,nearest,≥128,1,44058,0.000,1.000,55.3780,56.6133
ROI_049/patch_77,own,0–16,1,6442,0.000,1.000,9.3073,10.7086
ROI_049/patch_77,own,16–32,1,18704,0.000,1.000,9.5768,10.9880
ROI_049/patch_77,own,32–64,1,71840,0.000,1.000,10.9409,12.4205
ROI_049/patch_77,own,64–128,1,254990,0.000,1.000,12.0542,13.4809
ROI_049/patch_77,own,≥128,1,1745176,0.000,1.000,25.3051,26.7351
ROI_049/patch_80,nearest,0–16,1,7101,0.000,1.000,21.3584,21.8646
ROI_049/patch_80,nearest,16–32,1,19504,0.000,1.000,21.6830,22.1727
ROI_049/patch_80,nearest,32–64,1,64264,0.000,1.000,23.6756,24.1038
ROI_049/patch_80,nearest,64–128,1,138254,0.000,1.000,38.1886,38.6910
ROI_049/patch_80,nearest,≥128,1,33021,0.000,1.000,71.1609,71.7285
ROI_049/patch_80,own,0–16,1,7101,0.000,1.000,21.2918,21.7952
ROI_049/patch_80,own,16–32,1,19530,0.000,1.000,21.6609,22.1499
ROI_049/patch_80,own,32–64,1,70266,0.000,1.000,24.9109,25.3675
ROI_049/patch_80,own,64–128,1,248753,0.000,1.000,33.1844,33.5796
ROI_049/patch_80,own,≥128,1,2013646,0.000,1.000,45.7583,46.1752
ROI_049/patch_82,nearest,0–16,1,6432,0.000,1.000,10.5545,11.9147
ROI_049/patch_82,nearest,16–32,1,19293,0.000,1.000,10.6098,11.9778
ROI_049/patch_82,nearest,32–64,1,73650,0.000,1.000,10.8617,12.2289
ROI_049/patch_82,nearest,64–128,1,119776,0.000,1.000,11.4126,12.6909
ROI_049/patch_82,nearest,≥128,1,42993,0.000,1.000,12.9972,14.2159
ROI_049/patch_82,own,0–16,1,6432,0.000,1.000,10.5630,11.9146
ROI_049/patch_82,own,16–32,1,19293,0.000,1.000,10.6211,12.0037
ROI_049/patch_82,own,32–64,1,74005,0.000,1.000,12.7171,14.0934
ROI_049/patch_82,own,64–128,1,252365,0.000,1.000,11.6023,12.9646
ROI_049/patch_82,own,≥128,1,1745057,0.000,1.000,10.9728,12.2342
ROI_049/patch_83,nearest,0–16,1,6427,0.000,1.000,6.9702,8.2425
ROI_049/patch_83,nearest,16–32,1,19298,0.000,1.000,6.9749,8.2393
ROI_049/patch_83,nearest,32–64,1,66887,0.000,1.000,7.7520,8.9329
ROI_049/patch_83,nearest,64–128,1,97916,0.000,1.000,12.0380,12.9589
ROI_049/patch_83,nearest,≥128,1,71616,0.000,1.000,18.8611,19.5994
ROI_049/patch_83,own,0–16,1,6427,0.000,1.000,6.8482,8.1256
ROI_049/patch_83,own,16–32,1,19298,0.000,1.000,7.0894,8.3439
ROI_049/patch_83,own,32–64,1,73982,0.000,1.000,7.8470,9.0177
ROI_049/patch_83,own,64–128,1,264339,0.000,1.000,10.9676,12.0014
ROI_049/patch_83,own,≥128,1,1733106,0.000,1.000,13.1968,14.0042
ROI_049/patch_84,nearest,0–16,1,6436,0.000,1.000,7.1588,8.1088
ROI_049/patch_84,nearest,16–32,1,19119,0.000,1.000,8.0403,9.0279
ROI_049/patch_84,nearest,32–64,1,64407,0.000,1.000,16.3965,17.3732
ROI_049/patch_84,nearest,64–128,1,113074,0.000,1.000,10.1072,10.7763
ROI_049/patch_84,nearest,≥128,1,59108,0.000,1.000,16.5472,17.2353
ROI_049/patch_84,own,0–16,1,6436,0.000,1.000,7.1076,8.0558
ROI_049/patch_84,own,16–32,1,19119,0.000,1.000,8.5953,9.6018
ROI_049/patch_84,own,32–64,1,71005,0.000,1.000,15.7676,16.7292
ROI_049/patch_84,own,64–128,1,254004,0.000,1.000,9.7857,10.5404
ROI_049/patch_84,own,≥128,1,1746588,0.000,1.000,12.9162,13.6373
ROI_049/patch_85,nearest,0–16,1,6419,0.000,1.000,6.6971,7.6347
ROI_049/patch_85,nearest,16–32,1,19083,0.000,1.000,6.6669,7.6049
ROI_049/patch_85,nearest,32–64,1,65900,0.000,1.000,6.8035,7.7449
ROI_049/patch_85,nearest,64–128,1,125142,0.000,1.000,13.2845,14.2260
ROI_049/patch_85,nearest,≥128,1,45600,0.000,1.000,38.4532,39.3812
ROI_049/patch_85,own,0–16,1,6419,0.000,1.000,6.7383,7.6777
ROI_049/patch_85,own,16–32,1,19083,0.000,1.000,6.6425,7.5821
ROI_049/patch_85,own,32–64,1,68791,0.000,1.000,6.8811,7.8170
ROI_049/patch_85,own,64–128,1,227880,0.000,1.000,9.8151,10.7500
ROI_049/patch_85,own,≥128,1,1774979,0.000,1.000,12.7868,13.7280
ROI_049/patch_86,nearest,0–16,1,6439,0.000,1.000,0.9918,2.2369
ROI_049/patch_86,nearest,16–32,1,18699,0.000,1.000,0.9995,2.2583
ROI_049/patch_86,nearest,32–64,1,67522,0.000,1.000,1.0262,2.2861
ROI_049/patch_86,nearest,64–128,1,142375,0.000,1.000,2.2251,3.5107
ROI_049/patch_86,nearest,≥128,1,27109,0.000,1.000,9.1036,10.4165
ROI_049/patch_86,own,0–16,1,6439,0.000,1.000,0.9973,2.2392
ROI_049/patch_86,own,16–32,1,18699,0.000,1.000,0.9990,2.2679
ROI_049/patch_86,own,32–64,1,70267,0.000,1.000,1.0375,2.3227
ROI_049/patch_86,own,64–128,1,238180,0.000,1.000,1.8686,3.1714
ROI_049/patch_86,own,≥128,1,1763567,0.000,1.000,2.7937,4.0380
ROI_049/patch_88,nearest,0–16,1,6309,0.000,1.000,4.9225,7.3281
ROI_049/patch_88,nearest,16–32,1,18396,0.000,1.000,5.1743,7.6148
ROI_049/patch_88,nearest,32–64,1,70469,0.000,1.000,14.6465,17.3506
ROI_049/patch_88,nearest,64–128,1,142733,0.000,1.000,13.3070,15.9412
ROI_049/patch_88,nearest,≥128,1,24237,0.000,1.000,51.5034,54.4738
ROI_049/patch_88,own,0–16,1,6309,0.000,1.000,4.9390,7.3348
ROI_049/patch_88,own,16–32,1,18396,0.000,1.000,5.5820,8.0249
ROI_049/patch_88,own,32–64,1,71074,0.000,1.000,16.8419,19.6247
ROI_049/patch_88,own,64–128,1,237691,0.000,1.000,8.8985,11.4246
ROI_049/patch_88,own,≥128,1,1763682,0.000,1.000,12.7739,15.4529
ROI_049/patch_90,nearest,0–16,1,6446,0.000,1.000,24.3803,26.3269
ROI_049/patch_90,nearest,16–32,1,18402,0.000,1.000,24.3763,26.3853
ROI_049/patch_90,nearest,32–64,1,61352,0.000,1.000,23.9994,25.7461
ROI_049/patch_90,nearest,64–128,1,134611,0.000,1.000,26.9183,28.7266
ROI_049/patch_90,nearest,≥128,1,41333,0.000,1.000,141.4744,147.5163
ROI_049/patch_90,own,0–16,1,6446,0.000,1.000,24.3489,26.2872
ROI_049/patch_90,own,16–32,1,18402,0.000,1.000,24.4415,26.4220
ROI_049/patch_90,own,32–64,1,66053,0.000,1.000,23.7769,25.6065
ROI_049/patch_90,own,64–128,1,240580,0.000,1.000,26.1606,27.9147
ROI_049/patch_90,own,≥128,1,1765671,0.000,1.000,30.7526,32.7115
ROI_049/patch_91,nearest,0–16,1,6440,0.000,1.000,8.8317,10.5919
ROI_049/patch_91,nearest,16–32,1,19100,0.000,1.000,8.9217,10.7088
ROI_049/patch_91,nearest,32–64,1,56309,0.000,1.000,10.4945,12.3920
ROI_049/patch_91,nearest,64–128,1,97419,0.000,1.000,9.6081,12.3411
ROI_049/patch_91,nearest,≥128,1,82876,0.000,1.000,19.0540,24.4507
ROI_049/patch_91,own,0–16,1,6440,0.000,1.000,8.9698,10.7359
ROI_049/patch_91,own,16–32,1,19310,0.000,1.000,9.2000,10.9801
ROI_049/patch_91,own,32–64,1,75090,0.000,1.000,9.4460,11.2889
ROI_049/patch_91,own,64–128,1,260037,0.000,1.000,12.1958,14.5427
ROI_049/patch_91,own,≥128,1,1736275,0.000,1.000,18.6580,22.3017
ROI_049/patch_93,nearest,0–16,1,6429,0.000,1.000,51.0881,52.8123
ROI_049/patch_93,nearest,16–32,1,18885,0.000,1.000,51.6126,53.4371
ROI_049/patch_93,nearest,32–64,1,61838,0.000,1.000,57.2852,59.3872
ROI_049/patch_93,nearest,64–128,1,105103,0.000,1.000,88.1526,90.7650
ROI_049/patch_93,nearest,≥128,1,69889,0.000,1.000,125.7095,129.0788
ROI_049/patch_93,own,0–16,1,6429,0.000,1.000,50.8709,52.5714
ROI_049/patch_93,own,16–32,1,19306,0.000,1.000,51.4640,53.2685
ROI_049/patch_93,own,32–64,1,76437,0.000,1.000,58.3482,60.4004
ROI_049/patch_93,own,64–128,1,261606,0.000,1.000,77.3120,79.5767
ROI_049/patch_93,own,≥128,1,1733374,0.000,1.000,124.1829,126.7887
ROI_049/patch_96,nearest,0–16,1,6441,0.600,1.000,480.5003,486.0048
ROI_049/patch_96,nearest,16–32,1,19089,0.700,1.000,466.5416,471.3776
ROI_049/patch_96,nearest,32–64,1,64376,0.800,1.000,583.2143,589.6102
ROI_049/patch_96,nearest,64–128,1,104909,0.950,1.000,916.0211,922.7122
ROI_049/patch_96,nearest,≥128,1,67329,1.000,1.000,,
ROI_049/patch_96,own,0–16,1,6441,0.700,1.000,459.2345,464.6778
ROI_049/patch_96,own,16–32,1,19302,0.600,1.000,463.2927,468.4619
ROI_049/patch_96,own,32–64,1,77197,1.000,1.000,,
ROI_049/patch_96,own,64–128,1,284124,0.700,1.000,543.9931,549.7132
ROI_049/patch_96,own,≥128,1,1710088,0.800,1.000,385.4781,391.3101
ROI_049/patch_98,nearest,0–16,1,6373,1.000,1.000,,
ROI_049/patch_98,nearest,16–32,1,17652,0.900,1.000,1236.2819,1250.3160
ROI_049/patch_98,nearest,32–64,1,46598,0.500,1.000,650.9621,660.1036
ROI_049/patch_98,nearest,64–128,1,90190,0.000,1.000,102.8176,108.7509
ROI_049/patch_98,nearest,≥128,1,101331,0.000,1.000,425.5035,439.1496
ROI_049/patch_98,own,0–16,1,6373,1.000,1.000,,
ROI_049/patch_98,own,16–32,1,18419,0.900,1.000,1197.2935,1211.7812
ROI_049/patch_98,own,32–64,1,70303,0.550,1.000,778.1933,787.3830
ROI_049/patch_98,own,64–128,1,263447,0.150,1.000,279.9806,287.2334
ROI_049/patch_98,own,≥128,1,1738610,0.250,1.000,363.1204,372.9478
ROI_049/patch_99,,,excluded,,,,,
ROI_049/patch_103,,,excluded,,,,,
ROI_049/patch_104,nearest,0–16,1,6326,0.000,1.000,35.6114,37.5291
ROI_049/patch_104,nearest,16–32,1,17928,0.000,1.000,36.4057,38.3378
ROI_049/patch_104,nearest,32–64,1,64857,0.000,1.000,55.6928,57.9679
ROI_049/patch_104,nearest,64–128,1,118317,0.000,1.000,175.8910,178.8217
ROI_049/patch_104,nearest,≥128,1,54716,0.000,1.000,285.4038,288.7316
ROI_049/patch_104,own,0–16,1,6326,0.000,1.000,35.7226,37.6397
ROI_049/patch_104,own,16–32,1,17928,0.000,1.000,36.3872,38.2719
ROI_049/patch_104,own,32–64,1,69351,0.000,1.000,58.4958,60.6443
ROI_049/patch_104,own,64–128,1,240799,0.000,1.000,84.2752,86.5692
ROI_049/patch_104,own,≥128,1,1762748,0.000,1.000,124.3223,127.2315
ROI_049/patch_105,nearest,0–16,1,6430,0.000,1.000,251.5482,253.8953
ROI_049/patch_105,nearest,16–32,1,18825,0.000,1.000,253.9416,256.3277
ROI_049/patch_105,nearest,32–64,1,64592,0.000,1.000,322.8732,325.2628
ROI_049/patch_105,nearest,64–128,1,126836,0.200,1.000,636.0702,638.8965
ROI_049/patch_105,nearest,≥128,1,45461,1.000,1.000,,
ROI_049/patch_105,own,0–16,1,6430,0.000,1.000,252.2168,254.5430
ROI_049/patch_105,own,16–32,1,18825,0.000,1.000,264.3768,266.7098
ROI_049/patch_105,own,32–64,1,70991,0.000,1.000,310.7948,313.0705
ROI_049/patch_105,own,64–128,1,229388,0.000,1.000,554.4479,557.3700
ROI_049/patch_105,own,≥128,1,1771518,0.550,1.000,688.5577,691.4636
ROI_049/patch_106,nearest,0–16,1,6438,0.000,1.000,421.7860,425.1770
ROI_049/patch_106,nearest,16–32,1,19123,0.000,1.000,342.5518,344.9418
ROI_049/patch_106,nearest,32–64,1,62227,0.000,1.000,343.4580,344.8122
ROI_049/patch_106,nearest,64–128,1,117479,0.000,1.000,451.6013,452.7547
ROI_049/patch_106,nearest,≥128,1,56877,0.150,1.000,732.8354,734.6322
ROI_049/patch_106,own,0–16,1,6438,0.000,1.000,417.1086,420.5228
ROI_049/patch_106,own,16–32,1,19123,0.000,1.000,342.4772,344.9086
ROI_049/patch_106,own,32–64,1,69729,0.000,1.000,340.7315,342.2320
ROI_049/patch_106,own,64–128,1,238990,0.000,1.000,401.1815,402.6166
ROI_049/patch_106,own,≥128,1,1762872,0.000,1.000,417.5565,418.7337
ROI_049/patch_107,nearest,0–16,1,6274,0.000,1.000,5.5877,6.5900
ROI_049/patch_107,nearest,16–32,1,17653,0.000,1.000,5.5469,6.5542
ROI_049/patch_107,nearest,32–64,1,64742,0.000,1.000,5.9901,6.9878
ROI_049/patch_107,nearest,64–128,1,133532,0.000,1.000,21.1476,22.1005
ROI_049/patch_107,nearest,≥128,1,39943,0.000,1.000,68.2025,69.3364
ROI_049/patch_107,own,0–16,1,6274,0.000,1.000,5.6066,6.6108
ROI_049/patch_107,own,16–32,1,17653,0.000,1.000,5.6269,6.6349
ROI_049/patch_107,own,32–64,1,68178,0.000,1.000,5.8307,6.8315
ROI_049/patch_107,own,64–128,1,248754,0.000,1.000,16.6127,17.5981
ROI_049/patch_107,own,≥128,1,1756293,0.000,1.000,18.5511,19.4513
ROI_049/patch_108,nearest,0–16,1,6434,0.000,1.000,44.1627,45.8018
ROI_049/patch_108,nearest,16–32,1,19289,0.000,1.000,44.0563,45.7060
ROI_049/patch_108,nearest,32–64,1,66908,0.000,1.000,52.1031,53.8336
ROI_049/patch_108,nearest,64–128,1,103211,0.000,1.000,102.5639,104.0896
ROI_049/patch_108,nearest,≥128,1,66302,0.000,1.000,457.2668,460.3668
ROI_049/patch_108,own,0–16,1,6434,0.000,1.000,44.1920,45.8398
ROI_049/patch_108,own,16–32,1,19289,0.000,1.000,44.1807,45.8171
ROI_049/patch_108,own,32–64,1,73088,0.000,1.000,47.3663,49.0483
ROI_049/patch_108,own,64–128,1,237492,0.000,1.000,66.1753,67.7038
ROI_049/patch_108,own,≥128,1,1760849,0.000,1.000,79.1869,80.7075
ROI_049/patch_109,nearest,0–16,1,6196,0.000,1.000,14.3071,15.3497
ROI_049/patch_109,nearest,16–32,1,18266,0.000,1.000,14.4882,15.5780
ROI_049/patch_109,nearest,32–64,1,65819,0.000,1.000,17.5118,18.7972
ROI_049/patch_109,nearest,64–128,1,128044,0.000,1.000,16.6816,18.1293
ROI_049/patch_109,nearest,≥128,1,43819,0.000,1.000,19.2460,20.6265
ROI_049/patch_109,own,0–16,1,6196,0.000,1.000,14.3004,15.3382
ROI_049/patch_109,own,16–32,1,18266,0.000,1.000,14.6499,15.7526
ROI_049/patch_109,own,32–64,1,66629,0.000,1.000,17.6080,18.8340
ROI_049/patch_109,own,64–128,1,211844,0.000,1.000,17.0974,18.4404
ROI_049/patch_109,own,≥128,1,1794217,0.000,1.000,17.0352,18.4003
ROI_049/patch_110,nearest,0–16,1,6040,0.000,1.000,3.4840,4.0797
ROI_049/patch_110,nearest,16–32,1,18098,0.000,1.000,3.5440,4.1460
ROI_049/patch_110,nearest,32–64,1,66041,0.000,1.000,3.5056,4.1258
ROI_049/patch_110,nearest,64–128,1,131420,0.000,1.000,12.7502,13.4893
ROI_049/patch_110,nearest,≥128,1,40545,0.000,1.000,48.0095,50.5484
ROI_049/patch_110,own,0–16,1,6040,0.000,1.000,3.5064,4.1016
ROI_049/patch_110,own,16–32,1,18098,0.000,1.000,3.5238,4.1249
ROI_049/patch_110,own,32–64,1,70479,0.000,1.000,3.5531,4.1820
ROI_049/patch_110,own,64–128,1,227702,0.000,1.000,9.3967,10.1604
ROI_049/patch_110,own,≥128,1,1774833,0.000,1.000,19.2293,20.3695
ROI_049/patch_111,nearest,0–16,1,6303,0.000,1.000,17.9183,20.0662
ROI_049/patch_111,nearest,16–32,1,18200,0.000,1.000,20.8678,23.1194
ROI_049/patch_111,nearest,32–64,1,65192,0.000,1.000,19.2643,21.3452
ROI_049/patch_111,nearest,64–128,1,121634,0.000,1.000,20.3773,22.3307
ROI_049/patch_111,nearest,≥128,1,50815,0.000,1.000,28.0641,30.2189
ROI_049/patch_111,own,0–16,1,6303,0.000,1.000,17.9056,20.0404
ROI_049/patch_111,own,16–32,1,18200,0.000,1.000,19.3302,21.5460
ROI_049/patch_111,own,32–64,1,66212,0.000,1.000,18.9535,21.0008
ROI_049/patch_111,own,64–128,1,226695,0.000,1.000,20.4922,22.5056
ROI_049/patch_111,own,≥128,1,1779742,0.000,1.000,23.3524,25.4438
ROI_049/patch_112,nearest,0–16,1,6427,0.000,1.000,5.0720,7.0050
ROI_049/patch_112,nearest,16–32,1,17761,0.000,1.000,4.8889,6.8345
ROI_049/patch_112,nearest,32–64,1,66218,0.000,1.000,5.8003,7.7677
ROI_049/patch_112,nearest,64–128,1,137952,0.000,1.000,22.1777,24.0951
ROI_049/patch_112,nearest,≥128,1,33786,0.000,1.000,71.9981,75.2898
ROI_049/patch_112,own,0–16,1,6427,0.000,1.000,5.0462,6.9772
ROI_049/patch_112,own,16–32,1,17761,0.000,1.000,4.8726,6.8139
ROI_049/patch_112,own,32–64,1,66251,0.000,1.000,5.6805,7.6121
ROI_049/patch_112,own,64–128,1,232773,0.000,1.000,23.3740,25.3584
ROI_049/patch_112,own,≥128,1,1773940,0.000,1.000,46.2066,48.5162
ROI_070/patch_0,nearest,0–16,1,6430,0.000,1.000,4.6250,8.4054
ROI_070/patch_0,nearest,16–32,1,19061,0.000,1.000,4.4560,8.2219
ROI_070/patch_0,nearest,32–64,1,71960,0.000,1.000,4.2738,7.8743
ROI_070/patch_0,nearest,64–128,1,144324,0.000,1.000,4.1125,7.6694
ROI_070/patch_0,nearest,≥128,1,20369,0.000,1.000,7.9814,11.9904
ROI_070/patch_0,own,0–16,1,6430,0.000,1.000,4.6241,8.4286
ROI_070/patch_0,own,16–32,1,19061,0.000,1.000,4.4610,8.2336
ROI_070/patch_0,own,32–64,1,72957,0.000,1.000,4.2754,7.9333
ROI_070/patch_0,own,64–128,1,244164,0.000,1.000,3.8922,7.4252
ROI_070/patch_0,own,≥128,1,1754540,0.000,1.000,4.3287,7.8269
ROI_070/patch_1,nearest,0–16,1,6358,0.000,1.000,1.5503,3.7397
ROI_070/patch_1,nearest,16–32,1,18482,0.000,1.000,1.5361,3.7466
ROI_070/patch_1,nearest,32–64,1,68172,0.000,1.000,1.5179,3.8274
ROI_070/patch_1,nearest,64–128,1,124113,0.000,1.000,1.8821,4.3677
ROI_070/patch_1,nearest,≥128,1,45019,0.000,1.000,2.1873,4.6944
ROI_070/patch_1,own,0–16,1,6358,0.000,1.000,1.5630,3.7506
ROI_070/patch_1,own,16–32,1,18482,0.000,1.000,1.5419,3.7510
ROI_070/patch_1,own,32–64,1,68414,0.000,1.000,1.5062,3.8459
ROI_070/patch_1,own,64–128,1,230067,0.000,1.000,1.7866,4.2249
ROI_070/patch_1,own,≥128,1,1773831,0.000,1.000,1.6870,4.1003
ROI_070/patch_2,nearest,0–16,1,6425,0.000,1.000,5.3687,7.1959
ROI_070/patch_2,nearest,16–32,1,18949,0.000,1.000,5.6166,7.4495
ROI_070/patch_2,nearest,32–64,1,63735,0.000,1.000,5.9158,7.8617
ROI_070/patch_2,nearest,64–128,1,128031,0.000,1.000,7.3072,9.4278
ROI_070/patch_2,nearest,≥128,1,45004,0.000,1.000,14.1325,16.3998
ROI_070/patch_2,own,0–16,1,6425,0.000,1.000,5.3589,7.1967
ROI_070/patch_2,own,16–32,1,18949,0.000,1.000,5.6715,7.5017
ROI_070/patch_2,own,32–64,1,67900,0.000,1.000,5.8328,7.7629
ROI_070/patch_2,own,64–128,1,236876,0.000,1.000,6.4330,8.4501
ROI_070/patch_2,own,≥128,1,1767002,0.000,1.000,7.9064,9.9296
ROI_070/patch_3,nearest,0–16,1,6432,0.000,1.000,6.1325,6.9615
ROI_070/patch_3,nearest,16–32,1,18831,0.000,1.000,5.8228,6.6616
ROI_070/patch_3,nearest,32–64,1,67350,0.000,1.000,5.7831,6.6589
ROI_070/patch_3,nearest,64–128,1,136777,0.000,1.000,5.7841,6.9295
ROI_070/patch_3,nearest,≥128,1,32754,0.000,1.000,9.0394,10.1413
ROI_070/patch_3,own,0–16,1,6432,0.000,1.000,6.1151,6.9568
ROI_070/patch_3,own,16–32,1,18831,0.000,1.000,5.9355,6.7474
ROI_070/patch_3,own,32–64,1,70054,0.000,1.000,5.6285,6.5036
ROI_070/patch_3,own,64–128,1,224740,0.000,1.000,5.3729,6.3476
ROI_070/patch_3,own,≥128,1,1777095,0.000,1.000,5.8192,6.8398
ROI_070/patch_4,nearest,0–16,1,6309,0.000,1.000,4.9335,7.8535
ROI_070/patch_4,nearest,16–32,1,18230,0.000,1.000,4.9440,7.8064
ROI_070/patch_4,nearest,32–64,1,66530,0.000,1.000,5.2034,7.9379
ROI_070/patch_4,nearest,64–128,1,134820,0.000,1.000,4.8331,7.2006
ROI_070/patch_4,nearest,≥128,1,36255,0.000,1.000,4.9498,7.0688
ROI_070/patch_4,own,0–16,1,6309,0.000,1.000,4.9159,7.8322
ROI_070/patch_4,own,16–32,1,18230,0.000,1.000,4.9034,7.7525
ROI_070/patch_4,own,32–64,1,67872,0.000,1.000,5.0569,7.7044
ROI_070/patch_4,own,64–128,1,231430,0.000,1.000,4.9199,7.4034
ROI_070/patch_4,own,≥128,1,1773311,0.000,1.000,4.8804,7.4301
ROI_070/patch_5,nearest,0–16,1,6440,0.000,1.000,4.3138,6.8282
ROI_070/patch_5,nearest,16–32,1,18922,0.000,1.000,4.3145,6.7954
ROI_070/patch_5,nearest,32–64,1,68902,0.000,1.000,4.1554,6.6472
ROI_070/patch_5,nearest,64–128,1,130985,0.000,1.000,3.8836,6.1308
ROI_070/patch_5,nearest,≥128,1,36895,0.000,1.000,4.5516,6.4922
ROI_070/patch_5,own,0–16,1,6440,0.000,1.000,4.3189,6.8449
ROI_070/patch_5,own,16–32,1,18922,0.000,1.000,4.2981,6.7868
ROI_070/patch_5,own,32–64,1,70319,0.000,1.000,4.1177,6.5842
ROI_070/patch_5,own,64–128,1,242692,0.000,1.000,4.0318,6.3480
ROI_070/patch_5,own,≥128,1,1758779,0.000,1.000,3.9360,6.2231
ROI_070/patch_6,nearest,0–16,1,6428,0.000,1.000,4.1803,5.0894
ROI_070/patch_6,nearest,16–32,1,18996,0.000,1.000,4.0721,4.9082
ROI_070/patch_6,nearest,32–64,1,68908,0.000,1.000,3.9567,4.7712
ROI_070/patch_6,nearest,64–128,1,127748,0.000,1.000,3.4023,4.0755
ROI_070/patch_6,nearest,≥128,1,40064,0.000,1.000,3.9705,4.3814
ROI_070/patch_6,own,0–16,1,6428,0.000,1.000,4.1939,5.0858
ROI_070/patch_6,own,16–32,1,18996,0.000,1.000,4.1197,4.9671
ROI_070/patch_6,own,32–64,1,70524,0.000,1.000,4.0952,4.9438
ROI_070/patch_6,own,64–128,1,244170,0.000,1.000,3.4914,4.3205
ROI_070/patch_6,own,≥128,1,1757034,0.000,1.000,3.7141,4.2970
ROI_070/patch_7,nearest,0–16,1,6251,0.000,1.000,4.4932,6.0360
ROI_070/patch_7,nearest,16–32,1,17972,0.000,1.000,4.4287,5.9129
ROI_070/patch_7,nearest,32–64,1,65436,0.000,1.000,4.7171,6.0477
ROI_070/patch_7,nearest,64–128,1,131247,0.000,1.000,5.4218,6.5104
ROI_070/patch_7,nearest,≥128,1,41238,0.000,1.000,7.6390,8.5523
ROI_070/patch_7,own,0–16,1,6251,0.000,1.000,4.4756,6.0065
ROI_070/patch_7,own,16–32,1,17972,0.000,1.000,4.4043,5.8656
ROI_070/patch_7,own,32–64,1,65916,0.000,1.000,4.7806,6.0772
ROI_070/patch_7,own,64–128,1,226656,0.000,1.000,5.1740,6.3707
ROI_070/patch_7,own,≥128,1,1780357,0.000,1.000,4.9875,6.1981
ROI_070/patch_8,nearest,0–16,1,6377,0.000,1.000,1.0045,2.8087
ROI_070/patch_8,nearest,16–32,1,18276,0.000,1.000,0.9985,2.8312
ROI_070/patch_8,nearest,32–64,1,65821,0.000,1.000,0.9872,2.7210
ROI_070/patch_8,nearest,64–128,1,134522,0.000,1.000,1.0104,2.6824
ROI_070/patch_8,nearest,≥128,1,37148,0.000,1.000,1.5939,3.2117
ROI_070/patch_8,own,0–16,1,6377,0.000,1.000,1.0271,2.8228
ROI_070/patch_8,own,16–32,1,18276,0.000,1.000,1.0192,2.8599
ROI_070/patch_8,own,32–64,1,67829,0.000,1.000,0.9850,2.7141
ROI_070/patch_8,own,64–128,1,241113,0.000,1.000,0.9813,2.6794
ROI_070/patch_8,own,≥128,1,1763557,0.000,1.000,1.0345,2.6086
ROI_070/patch_9,nearest,0–16,1,6430,0.000,1.000,1.3624,2.6031
ROI_070/patch_9,nearest,16–32,1,17559,0.000,1.000,1.6724,3.0329
ROI_070/patch_9,nearest,32–64,1,57438,0.000,1.000,2.0999,3.9133
ROI_070/patch_9,nearest,64–128,1,117216,0.000,1.000,2.6280,4.5873
ROI_070/patch_9,nearest,≥128,1,63501,0.000,1.000,2.3132,4.3822
ROI_070/patch_9,own,0–16,1,6430,0.000,1.000,1.3513,2.5851
ROI_070/patch_9,own,16–32,1,17559,0.000,1.000,1.8425,3.2273
ROI_070/patch_9,own,32–64,1,58234,0.000,1.000,2.1070,3.9374
ROI_070/patch_9,own,64–128,1,197914,0.000,1.000,2.6643,4.7168
ROI_070/patch_9,own,≥128,1,1817015,0.000,1.000,2.2768,4.1202
ROI_070/patch_10,nearest,0–16,1,6431,0.000,1.000,3.2133,3.8517
ROI_070/patch_10,nearest,16–32,1,18501,0.000,1.000,2.9769,3.6213
ROI_070/patch_10,nearest,32–64,1,60326,0.000,1.000,2.6854,3.4347
ROI_070/patch_10,nearest,64–128,1,107538,0.000,1.000,2.2241,3.1700
ROI_070/patch_10,nearest,≥128,1,69348,0.000,1.000,1.7712,3.5645
ROI_070/patch_10,own,0–16,1,6431,0.000,1.000,3.1890,3.8258
ROI_070/patch_10,own,16–32,1,18557,0.000,1.000,3.0133,3.6581
ROI_070/patch_10,own,32–64,1,67636,0.000,1.000,2.7421,3.4993
ROI_070/patch_10,own,64–128,1,235720,0.000,1.000,2.4335,3.3377
ROI_070/patch_10,own,≥128,1,1768808,0.000,1.000,2.1349,3.2115
ROI_070/patch_11,nearest,0–16,1,6429,0.000,1.000,1.5788,2.1957
ROI_070/patch_11,nearest,16–32,1,19283,0.000,1.000,1.4865,2.0926
ROI_070/patch_11,nearest,32–64,1,71605,0.000,1.000,1.3724,1.9525
ROI_070/patch_11,nearest,64–128,1,133135,0.000,1.000,1.1877,1.8193
ROI_070/patch_11,nearest,≥128,1,31692,0.000,1.000,0.9774,1.5811
ROI_070/patch_11,own,0–16,1,6429,0.000,1.000,1.5912,2.2164
ROI_070/patch_11,own,16–32,1,19283,0.000,1.000,1.4646,2.0590
ROI_070/patch_11,own,32–64,1,74689,0.000,1.000,1.3585,1.9615
ROI_070/patch_11,own,64–128,1,254590,0.000,1.000,1.3214,1.9807
ROI_070/patch_11,own,≥128,1,1742161,0.000,1.000,1.0498,1.6474
ROI_070/patch_12,nearest,0–16,1,6432,0.000,1.000,8.2829,10.4761
ROI_070/patch_12,nearest,16–32,1,19318,0.000,1.000,8.3939,10.6165
ROI_070/patch_12,nearest,32–64,1,71297,0.000,1.000,8.4692,10.6360
ROI_070/patch_12,nearest,64–128,1,116643,0.000,1.000,8.4342,10.5500
ROI_070/patch_12,nearest,≥128,1,48454,0.000,1.000,8.8500,11.2269
ROI_070/patch_12,own,0–16,1,6432,0.000,1.000,8.2918,10.4934
ROI_070/patch_12,own,16–32,1,19318,0.000,1.000,8.3690,10.5698
ROI_070/patch_12,own,32–64,1,73617,0.000,1.000,8.5063,10.6760
ROI_070/patch_12,own,64–128,1,249009,0.000,1.000,8.3332,10.3865
ROI_070/patch_12,own,≥128,1,1748776,0.000,1.000,8.5784,10.8423
ROI_070/patch_13,nearest,0–16,1,6412,0.000,1.000,3.2191,5.1842
ROI_070/patch_13,nearest,16–32,1,18033,0.000,1.000,3.3195,5.3254
ROI_070/patch_13,nearest,32–64,1,64707,0.000,1.000,3.3810,5.3768
ROI_070/patch_13,nearest,64–128,1,129799,0.000,1.000,3.0650,5.2163
ROI_070/patch_13,nearest,≥128,1,43193,0.000,1.000,2.8749,5.3883
ROI_070/patch_13,own,0–16,1,6412,0.000,1.000,3.2339,5.1904
ROI_070/patch_13,own,16–32,1,18033,0.000,1.000,3.2826,5.2778
ROI_070/patch_13,own,32–64,1,66120,0.000,1.000,3.3473,5.3713
ROI_070/patch_13,own,64–128,1,225252,0.000,1.000,3.0044,5.1431
ROI_070/patch_13,own,≥128,1,1781335,0.000,1.000,3.1365,5.3099
ROI_070/patch_14,nearest,0–16,1,6281,0.000,1.000,3.3238,4.2460
ROI_070/patch_14,nearest,16–32,1,17873,0.000,1.000,3.4351,4.3144
ROI_070/patch_14,nearest,32–64,1,65666,0.000,1.000,3.5090,4.4537
ROI_070/patch_14,nearest,64–128,1,115792,0.000,1.000,3.3532,4.3459
ROI_070/patch_14,nearest,≥128,1,56532,0.000,1.000,3.5243,4.4360
ROI_070/patch_14,own,0–16,1,6281,0.000,1.000,3.3426,4.2726
ROI_070/patch_14,own,16–32,1,17873,0.000,1.000,3.5159,4.4020
ROI_070/patch_14,own,32–64,1,65909,0.000,1.000,3.4859,4.4541
ROI_070/patch_14,own,64–128,1,223260,0.000,1.000,3.3618,4.4109
ROI_070/patch_14,own,≥128,1,1783829,0.000,1.000,3.4192,4.2579
ROI_070/patch_15,nearest,0–16,1,6075,0.000,1.000,2.8712,5.0663
ROI_070/patch_15,nearest,16–32,1,17354,0.000,1.000,2.8512,4.9825
ROI_070/patch_15,nearest,32–64,1,66969,0.000,1.000,2.8421,5.0795
ROI_070/patch_15,nearest,64–128,1,122235,0.000,1.000,2.7486,4.8567
ROI_070/patch_15,nearest,≥128,1,49511,0.000,1.000,2.6638,4.2676
ROI_070/patch_15,own,0–16,1,6075,0.000,1.000,2.8589,5.0677
ROI_070/patch_15,own,16–32,1,17354,0.000,1.000,2.8586,4.9857
ROI_070/patch_15,own,32–64,1,67929,0.000,1.000,2.8097,4.9943
ROI_070/patch_15,own,64–128,1,240811,0.000,1.000,2.7638,4.8999
ROI_070/patch_15,own,≥128,1,1764983,0.000,1.000,2.9906,4.8583
ROI_070/patch_16,nearest,0–16,1,6425,0.000,1.000,3.7623,4.0962
ROI_070/patch_16,nearest,16–32,1,19022,0.000,1.000,3.6780,4.0185
ROI_070/patch_16,nearest,32–64,1,60504,0.000,1.000,3.5017,3.9335
ROI_070/patch_16,nearest,64–128,1,97821,0.000,1.000,3.4291,4.1109
ROI_070/patch_16,nearest,≥128,1,78372,0.000,1.000,5.9207,6.6023
ROI_070/patch_16,own,0–16,1,6425,0.000,1.000,3.7610,4.1016
ROI_070/patch_16,own,16–32,1,19022,0.000,1.000,3.7969,4.1323
ROI_070/patch_16,own,32–64,1,64359,0.000,1.000,3.4520,3.8722
ROI_070/patch_16,own,64–128,1,199436,0.000,1.000,3.1963,3.8572
ROI_070/patch_16,own,≥128,1,1807910,0.000,1.000,3.1985,3.6785
ROI_070/patch_17,nearest,0–16,1,6406,0.000,1.000,1.3710,2.7407
ROI_070/patch_17,nearest,16–32,1,18298,0.000,1.000,1.4415,2.8411
ROI_070/patch_17,nearest,32–64,1,59982,0.000,1.000,1.6090,3.1648
ROI_070/patch_17,nearest,64–128,1,145238,0.000,1.000,2.5199,4.1644
ROI_070/patch_17,nearest,≥128,1,32220,0.000,1.000,2.4610,3.8663
ROI_070/patch_17,own,0–16,1,6406,0.000,1.000,1.3574,2.7309
ROI_070/patch_17,own,16–32,1,18298,0.000,1.000,1.3997,2.7853
ROI_070/patch_17,own,32–64,1,62245,0.000,1.000,1.5911,3.1023
ROI_070/patch_17,own,64–128,1,226522,0.000,1.000,2.1842,3.7238
ROI_070/patch_17,own,≥128,1,1783681,0.000,1.000,2.1575,3.6890
ROI_070/patch_18,nearest,0–16,1,6442,0.000,1.000,3.8933,5.5016
ROI_070/patch_18,nearest,16–32,1,19269,0.000,1.000,4.0406,5.6739
ROI_070/patch_18,nearest,32–64,1,66025,0.000,1.000,4.2540,5.9531
ROI_070/patch_18,nearest,64–128,1,118580,0.000,1.000,5.3132,7.0773
ROI_070/patch_18,nearest,≥128,1,51828,0.000,1.000,9.6234,10.8049
ROI_070/patch_18,own,0–16,1,6442,0.000,1.000,3.8875,5.4942
ROI_070/patch_18,own,16–32,1,19269,0.000,1.000,3.9910,5.6155
ROI_070/patch_18,own,32–64,1,71991,0.000,1.000,4.1497,5.7989
ROI_070/patch_18,own,64–128,1,246436,0.000,1.000,5.1219,7.0294
ROI_070/patch_18,own,≥128,1,1753014,0.000,1.000,5.4196,6.8954
ROI_070/patch_19,nearest,0–16,1,6186,0.000,1.000,2.1497,3.4128
ROI_070/patch_19,nearest,16–32,1,17504,0.000,1.000,2.0502,3.3226
ROI_070/patch_19,nearest,32–64,1,60709,0.000,1.000,2.0286,3.2835
ROI_070/patch_19,nearest,64–128,1,116168,0.000,1.000,1.4925,2.9028
ROI_070/patch_19,nearest,≥128,1,61577,0.000,1.000,1.2035,2.8492
ROI_070/patch_19,own,0–16,1,6186,0.000,1.000,2.1145,3.3885
ROI_070/patch_19,own,16–32,1,17504,0.000,1.000,2.0605,3.3162
ROI_070/patch_19,own,32–64,1,66148,0.000,1.000,1.9888,3.2596
ROI_070/patch_19,own,64–128,1,235104,0.000,1.000,1.7180,3.0936
ROI_070/patch_19,own,≥128,1,1772210,0.000,1.000,1.5980,3.0382
ROI_070/patch_20,nearest,0–16,1,6434,0.000,1.000,4.7066,5.4956
ROI_070/patch_20,nearest,16–32,1,19304,0.000,1.000,4.7267,5.5209
ROI_070/patch_20,nearest,32–64,1,72792,0.000,1.000,4.7808,5.5867
ROI_070/patch_20,nearest,64–128,1,125353,0.000,1.000,4.7156,5.4785
ROI_070/patch_20,nearest,≥128,1,38261,0.000,1.000,4.9228,5.9513
ROI_070/patch_20,own,0–16,1,6434,0.000,1.000,4.6639,5.4503
ROI_070/patch_20,own,16–32,1,19304,0.000,1.000,4.6920,5.4864
ROI_070/patch_20,own,32–64,1,73132,0.000,1.000,4.7746,5.5755
ROI_070/patch_20,own,64–128,1,261253,0.000,1.000,4.8864,5.6547
ROI_070/patch_20,own,≥128,1,1737029,0.000,1.000,4.9410,5.7329
ROI_070/patch_21,nearest,0–16,1,6439,0.000,1.000,5.3467,6.3714
ROI_070/patch_21,nearest,16–32,1,17994,0.000,1.000,5.1227,6.1642
ROI_070/patch_21,nearest,32–64,1,64630,0.000,1.000,4.7559,5.8954
ROI_070/patch_21,nearest,64–128,1,108828,0.000,1.000,3.9122,5.3009
ROI_070/patch_21,nearest,≥128,1,64253,0.000,1.000,4.1623,6.6882
ROI_070/patch_21,own,0–16,1,6439,0.000,1.000,5.3742,6.4010
ROI_070/patch_21,own,16–32,1,17994,0.000,1.000,5.2134,6.2499
ROI_070/patch_21,own,32–64,1,66294,0.000,1.000,4.7529,5.8583
ROI_070/patch_21,own,64–128,1,234218,0.000,1.000,4.1456,5.2097
ROI_070/patch_21,own,≥128,1,1772207,0.000,1.000,4.5732,5.8952
ROI_070/patch_22,nearest,0–16,1,6429,0.000,1.000,4.3718,6.7750
ROI_070/patch_22,nearest,16–32,1,18834,0.000,1.000,4.3202,6.7206
ROI_070/patch_22,nearest,32–64,1,65939,0.000,1.000,4.3034,6.8015
ROI_070/patch_22,nearest,64–128,1,109202,0.000,1.000,4.2528,6.6715
ROI_070/patch_22,nearest,≥128,1,61740,0.000,1.000,3.1135,5.5578
ROI_070/patch_22,own,0–16,1,6429,0.000,1.000,4.4170,6.8202
ROI_070/patch_22,own,16–32,1,18834,0.000,1.000,4.3520,6.7650
ROI_070/patch_22,own,32–64,1,68412,0.000,1.000,4.2762,6.7632
ROI_070/patch_22,own,64–128,1,237684,0.000,1.000,4.1199,6.5106
ROI_070/patch_22,own,≥128,1,1765793,0.000,1.000,3.8050,6.3130
ROI_070/patch_23,nearest,0–16,1,6428,0.000,1.000,2.3939,3.8618
ROI_070/patch_23,nearest,16–32,1,19300,0.000,1.000,2.4388,3.9212
ROI_070/patch_23,nearest,32–64,1,61640,0.000,1.000,2.5417,4.0302
ROI_070/patch_23,nearest,64–128,1,122000,0.000,1.000,2.7523,4.4488
ROI_070/patch_23,nearest,≥128,1,52776,0.000,1.000,3.1703,4.6064
ROI_070/patch_23,own,0–16,1,6428,0.000,1.000,2.3903,3.8533
ROI_070/patch_23,own,16–32,1,19300,0.000,1.000,2.4263,3.9074
ROI_070/patch_23,own,32–64,1,69979,0.000,1.000,2.5092,3.9938
ROI_070/patch_23,own,64–128,1,250657,0.000,1.000,2.7089,4.4090
ROI_070/patch_23,own,≥128,1,1750788,0.000,1.000,2.7186,4.2254
ROI_070/patch_24,nearest,0–16,1,6407,0.000,1.000,2.3709,3.6782
ROI_070/patch_24,nearest,16–32,1,17733,0.000,1.000,2.2818,3.5485
ROI_070/patch_24,nearest,32–64,1,63222,0.000,1.000,2.1012,3.3450
ROI_070/patch_24,nearest,64–128,1,148605,0.000,1.000,2.0830,3.5318
ROI_070/patch_24,nearest,≥128,1,26177,0.000,1.000,2.4510,3.7949
ROI_070/patch_24,own,0–16,1,6407,0.000,1.000,2.3907,3.6961
ROI_070/patch_24,own,16–32,1,17733,0.000,1.000,2.2777,3.5335
ROI_070/patch_24,own,32–64,1,63222,0.000,1.000,2.0611,3.2974
ROI_070/patch_24,own,64–128,1,208865,0.000,1.000,2.0579,3.5120
ROI_070/patch_24,own,≥128,1,1800925,0.000,1.000,2.0709,3.6039
ROI_070/patch_25,nearest,0–16,1,6302,0.000,1.000,13.3980,15.4916
ROI_070/patch_25,nearest,16–32,1,18387,0.000,1.000,13.2935,15.3509
ROI_070/patch_25,nearest,32–64,1,57721,0.000,1.000,13.4353,15.5913
ROI_070/patch_25,nearest,64–128,1,111802,0.000,1.000,13.3084,15.5568
ROI_070/patch_25,nearest,≥128,1,67932,0.000,1.000,12.2434,15.4470
ROI_070/patch_25,own,0–16,1,6302,0.000,1.000,13.3842,15.4699
ROI_070/patch_25,own,16–32,1,18387,0.000,1.000,13.3130,15.3602
ROI_070/patch_25,own,32–64,1,65738,0.000,1.000,13.3253,15.4655
ROI_070/patch_25,own,64–128,1,214466,0.000,1.000,13.2842,15.5557
ROI_070/patch_25,own,≥128,1,1792259,0.000,1.000,12.8894,15.4610
ROI_070/patch_26,nearest,0–16,1,6429,0.000,1.000,5.1844,6.4643
ROI_070/patch_26,nearest,16–32,1,19282,0.000,1.000,5.2882,6.5725
ROI_070/patch_26,nearest,32–64,1,70253,0.000,1.000,5.2354,6.5055
ROI_070/patch_26,nearest,64–128,1,136333,0.000,1.000,5.3958,6.7322
ROI_070/patch_26,nearest,≥128,1,29847,0.000,1.000,6.0514,7.6055
ROI_070/patch_26,own,0–16,1,6429,0.000,1.000,5.1816,6.4616
ROI_070/patch_26,own,16–32,1,19282,0.000,1.000,5.2643,6.5500
ROI_070/patch_26,own,32–64,1,71803,0.000,1.000,5.2738,6.5358
ROI_070/patch_26,own,64–128,1,238638,0.000,1.000,5.3163,6.5862
ROI_070/patch_26,own,≥128,1,1761000,0.000,1.000,5.5050,6.8967
ROI_070/patch_27,nearest,0–16,1,6344,0.000,1.000,1.3136,1.8799
ROI_070/patch_27,nearest,16–32,1,16706,0.000,1.000,1.2868,1.8960
ROI_070/patch_27,nearest,32–64,1,52102,0.000,1.000,1.2927,1.8752
ROI_070/patch_27,nearest,64–128,1,115181,0.000,1.000,1.0739,1.5775
ROI_070/patch_27,nearest,≥128,1,71811,0.000,1.000,1.4307,2.0623
ROI_070/patch_27,own,0–16,1,6344,0.000,1.000,1.2927,1.8551
ROI_070/patch_27,own,16–32,1,16706,0.000,1.000,1.3061,1.9108
ROI_070/patch_27,own,32–64,1,57169,0.000,1.000,1.3093,1.9235
ROI_070/patch_27,own,64–128,1,204985,0.000,1.000,1.1444,1.6609
ROI_070/patch_27,own,≥128,1,1811948,0.000,1.000,1.1510,1.5387
ROI_070/patch_28,nearest,0–16,1,6429,0.000,1.000,2.4940,3.8386
ROI_070/patch_28,nearest,16–32,1,19174,0.000,1.000,2.4547,3.8134
ROI_070/patch_28,nearest,32–64,1,65964,0.000,1.000,2.3831,3.7991
ROI_070/patch_28,nearest,64–128,1,123125,0.000,1.000,2.3046,4.0085
ROI_070/patch_28,nearest,≥128,1,47452,0.000,1.000,2.3657,4.0803
ROI_070/patch_28,own,0–16,1,6429,0.000,1.000,2.4943,3.8466
ROI_070/patch_28,own,16–32,1,19174,0.000,1.000,2.4648,3.8345
ROI_070/patch_28,own,32–64,1,68607,0.000,1.000,2.3908,3.8225
ROI_070/patch_28,own,64–128,1,236806,0.000,1.000,2.3603,3.9753
ROI_070/patch_28,own,≥128,1,1766136,0.000,1.000,2.2933,3.9315
ROI_070/patch_29,nearest,0–16,1,6438,0.000,1.000,8.6197,14.8717
ROI_070/patch_29,nearest,16–32,1,19159,0.000,1.000,8.6318,14.8102
ROI_070/patch_29,nearest,32–64,1,66351,0.000,1.000,8.5857,14.8748
ROI_070/patch_29,nearest,64–128,1,124750,0.000,1.000,8.8257,15.3911
ROI_070/patch_29,nearest,≥128,1,45446,0.000,1.000,8.6047,15.0785
ROI_070/patch_29,own,0–16,1,6438,0.000,1.000,8.5969,14.8437
ROI_070/patch_29,own,16–32,1,19159,0.000,1.000,8.6960,14.9173
ROI_070/patch_29,own,32–64,1,72466,0.000,1.000,8.6431,14.8385
ROI_070/patch_29,own,64–128,1,263983,0.000,1.000,8.6003,14.9060
ROI_070/patch_29,own,≥128,1,1735106,0.000,1.000,8.7164,15.3930
ROI_070/patch_31,nearest,0–16,1,6328,0.000,1.000,1.6255,3.2612
ROI_070/patch_31,nearest,16–32,1,18437,0.000,1.000,1.7361,3.3223
ROI_070/patch_31,nearest,32–64,1,59789,0.000,1.000,1.8451,3.3202
ROI_070/patch_31,nearest,64–128,1,106830,0.000,1.000,1.6839,3.0599
ROI_070/patch_31,nearest,≥128,1,70760,0.000,1.000,1.5133,2.9897
ROI_070/patch_31,own,0–16,1,6328,0.000,1.000,1.6269,3.2548
ROI_070/patch_31,own,16–32,1,18437,0.000,1.000,1.7234,3.3085
ROI_070/patch_31,own,32–64,1,72748,0.000,1.000,1.8312,3.2972
ROI_070/patch_31,own,64–128,1,269904,0.000,1.000,1.7905,3.1506
ROI_070/patch_31,own,≥128,1,1729735,0.000,1.000,1.6614,3.1192
ROI_070/patch_33,nearest,0–16,1,6430,0.000,1.000,4.7319,6.6400
ROI_070/patch_33,nearest,16–32,1,19203,0.000,1.000,4.7451,6.7130
ROI_070/patch_33,nearest,32–64,1,63439,0.000,1.000,5.0285,7.0478
ROI_070/patch_33,nearest,64–128,1,140189,0.000,1.000,5.0552,7.2488
ROI_070/patch_33,nearest,≥128,1,32883,0.000,1.000,6.5587,8.7267
ROI_070/patch_33,own,0–16,1,6430,0.000,1.000,4.7221,6.6337
ROI_070/patch_33,own,16–32,1,19203,0.000,1.000,4.7358,6.6591
ROI_070/patch_33,own,32–64,1,72551,0.000,1.000,5.0936,7.1503
ROI_070/patch_33,own,64–128,1,257559,0.000,1.000,5.5798,7.7175
ROI_070/patch_33,own,≥128,1,1741409,0.000,1.000,5.7696,7.8891
ROI_070/patch_35,nearest,0–16,1,6438,0.000,1.000,4.3121,5.3289
ROI_070/patch_35,nearest,16–32,1,18854,0.000,1.000,3.4900,4.3489
ROI_070/patch_35,nearest,32–64,1,65501,0.000,1.000,4.1257,4.9764
ROI_070/patch_35,nearest,64–128,1,135867,0.000,1.000,3.4574,4.4087
ROI_070/patch_35,nearest,≥128,1,35484,0.000,1.000,3.1872,4.2696
ROI_070/patch_35,own,0–16,1,6438,0.000,1.000,4.3519,5.3650
ROI_070/patch_35,own,16–32,1,18854,0.000,1.000,3.7434,4.5568
ROI_070/patch_35,own,32–64,1,65948,0.000,1.000,4.3598,5.2213
ROI_070/patch_35,own,64–128,1,222784,0.000,1.000,3.9242,4.9357
ROI_070/patch_35,own,≥128,1,1783128,0.000,1.000,3.2308,4.1287
ROI_070/patch_36,nearest,0–16,1,6413,0.000,1.000,15.5751,16.8102
ROI_070/patch_36,nearest,16–32,1,19313,0.000,1.000,13.7285,14.9647
ROI_070/patch_36,nearest,32–64,1,68200,0.000,1.000,12.5979,13.7894
ROI_070/patch_36,nearest,64–128,1,133928,0.000,1.000,18.5431,19.6957
ROI_070/patch_36,nearest,≥128,1,34290,0.000,1.000,95.6152,97.9159
ROI_070/patch_36,own,0–16,1,6413,0.000,1.000,15.6140,16.8482
ROI_070/patch_36,own,16–32,1,19313,0.000,1.000,13.6182,14.8294
ROI_070/patch_36,own,32–64,1,72277,0.000,1.000,12.7610,13.9122
ROI_070/patch_36,own,64–128,1,238034,0.000,1.000,14.2360,15.4361
ROI_070/patch_36,own,≥128,1,1761115,0.000,1.000,14.3883,15.4673
ROI_070/patch_37,nearest,0–16,1,6451,0.000,1.000,2.0754,2.5537
ROI_070/patch_37,nearest,16–32,1,19287,0.000,1.000,1.5994,2.1054
ROI_070/patch_37,nearest,32–64,1,66758,0.000,1.000,1.3616,1.8526
ROI_070/patch_37,nearest,64–128,1,102540,0.000,1.000,1.5828,2.7673
ROI_070/patch_37,nearest,≥128,1,67108,0.000,1.000,10.2153,11.5959
ROI_070/patch_37,own,0–16,1,6451,0.000,1.000,2.0917,2.5704
ROI_070/patch_37,own,16–32,1,19287,0.000,1.000,1.7140,2.2172
ROI_070/patch_37,own,32–64,1,72228,0.000,1.000,2.0840,2.5855
ROI_070/patch_37,own,64–128,1,273033,0.000,1.000,1.4463,2.1147
ROI_070/patch_37,own,≥128,1,1726153,0.000,1.000,2.2983,3.0729
ROI_070/patch_38,nearest,0–16,1,6438,0.000,1.000,4.3824,5.7474
ROI_070/patch_38,nearest,16–32,1,18054,0.000,1.000,4.4245,5.8085
ROI_070/patch_38,nearest,32–64,1,56226,0.000,1.000,4.9941,6.3513
ROI_070/patch_38,nearest,64–128,1,124114,0.000,1.000,6.9544,7.9842
ROI_070/patch_38,nearest,≥128,1,57312,0.000,1.000,12.8882,13.8511
ROI_070/patch_38,own,0–16,1,6438,0.000,1.000,4.3840,5.7457
ROI_070/patch_38,own,16–32,1,19088,0.000,1.000,4.3870,5.7501
ROI_070/patch_38,own,32–64,1,67979,0.000,1.000,4.4320,5.7676
ROI_070/patch_38,own,64–128,1,222466,0.000,1.000,4.9263,6.1522
ROI_070/patch_38,own,≥128,1,1781181,0.000,1.000,6.5535,7.9242
ROI_070/patch_39,nearest,0–16,1,6070,0.000,1.000,3.3293,5.3789
ROI_070/patch_39,nearest,16–32,1,17036,0.000,1.000,3.3587,5.3928
ROI_070/patch_39,nearest,32–64,1,57094,0.000,1.000,3.5561,5.3876
ROI_070/patch_39,nearest,64–128,1,123728,0.000,1.000,4.1543,5.7213
ROI_070/patch_39,nearest,≥128,1,58216,0.000,1.000,9.6295,11.0337
ROI_070/patch_39,own,0–16,1,6070,0.000,1.000,3.3275,5.3745
ROI_070/patch_39,own,16–32,1,17036,0.000,1.000,3.3732,5.3986
ROI_070/patch_39,own,32–64,1,62709,0.000,1.000,3.5063,5.3522
ROI_070/patch_39,own,64–128,1,214821,0.000,1.000,4.1672,5.8685
ROI_070/patch_39,own,≥128,1,1796516,0.000,1.000,7.8483,9.4540
ROI_070/patch_40,nearest,0–16,1,6446,0.000,1.000,6.8581,9.3637
ROI_070/patch_40,nearest,16–32,1,18831,0.000,1.000,9.0745,11.8741
ROI_070/patch_40,nearest,32–64,1,64524,0.000,1.000,8.4984,10.8206
ROI_070/patch_40,nearest,64–128,1,140429,0.000,1.000,6.5165,8.7263
ROI_070/patch_40,nearest,≥128,1,31914,0.000,1.000,10.2075,12.2059
ROI_070/patch_40,own,0–16,1,6446,0.000,1.000,6.8828,9.3810
ROI_070/patch_40,own,16–32,1,18831,0.000,1.000,8.1504,10.8725
ROI_070/patch_40,own,32–64,1,66454,0.000,1.000,8.7414,11.1996
ROI_070/patch_40,own,64–128,1,232346,0.000,1.000,6.5928,8.8270
ROI_070/patch_40,own,≥128,1,1773075,0.000,1.000,6.8598,9.2061
ROI_070/patch_41,nearest,0–16,1,6335,0.000,1.000,4.2505,5.4058
ROI_070/patch_41,nearest,16–32,1,16517,0.000,1.000,11.7192,12.9303
ROI_070/patch_41,nearest,32–64,1,56179,0.000,1.000,9.7915,11.0269
ROI_070/patch_41,nearest,64–128,1,117809,0.000,1.000,7.5127,8.7102
ROI_070/patch_41,nearest,≥128,1,65304,0.000,1.000,4.5390,5.4564
ROI_070/patch_41,own,0–16,1,6358,0.000,1.000,4.2718,5.4310
ROI_070/patch_41,own,16–32,1,17913,0.000,1.000,7.4310,8.6639
ROI_070/patch_41,own,32–64,1,62907,0.000,1.000,7.7278,8.9914
ROI_070/patch_41,own,64–128,1,208797,0.000,1.000,8.6329,9.9908
ROI_070/patch_41,own,≥128,1,1801177,0.000,1.000,8.5753,9.8334
ROI_070/patch_42,nearest,0–16,1,6393,0.000,1.000,1.7270,3.0140
ROI_070/patch_42,nearest,16–32,1,17804,0.000,1.000,1.6678,2.9965
ROI_070/patch_42,nearest,32–64,1,59937,0.000,1.000,4.2414,5.8784
ROI_070/patch_42,nearest,64–128,1,103778,0.000,1.000,20.7429,22.5339
ROI_070/patch_42,nearest,≥128,1,74232,0.000,1.000,206.1342,207.1465
ROI_070/patch_42,own,0–16,1,6393,0.000,1.000,1.7345,3.0176
ROI_070/patch_42,own,16–32,1,17804,0.000,1.000,1.8584,3.2359
ROI_070/patch_42,own,32–64,1,65335,0.000,1.000,5.5854,7.2690
ROI_070/patch_42,own,64–128,1,214758,0.000,1.000,9.4780,11.4715
ROI_070/patch_42,own,≥128,1,1792862,0.000,1.000,9.8944,11.2667
ROI_070/patch_43,nearest,0–16,1,6437,0.000,1.000,1.1658,3.2233
ROI_070/patch_43,nearest,16–32,1,19293,0.000,1.000,1.1844,3.2305
ROI_070/patch_43,nearest,32–64,1,72121,0.000,1.000,1.1793,3.2382
ROI_070/patch_43,nearest,64–128,1,130350,0.000,1.000,4.4586,6.5916
ROI_070/patch_43,nearest,≥128,1,33943,0.000,1.000,101.9218,104.2210
ROI_070/patch_43,own,0–16,1,6437,0.000,1.000,1.1666,3.2236
ROI_070/patch_43,own,16–32,1,19293,0.000,1.000,1.1730,3.2258
ROI_070/patch_43,own,32–64,1,72474,0.000,1.000,1.1678,3.2235
ROI_070/patch_43,own,64–128,1,246931,0.000,1.000,2.5352,4.5893
ROI_070/patch_43,own,≥128,1,1752017,0.000,1.000,3.2719,5.2615
ROI_070/patch_45,nearest,0–16,1,6442,0.000,1.000,4.2220,4.6018
ROI_070/patch_45,nearest,16–32,1,19252,0.000,1.000,4.0652,4.4365
ROI_070/patch_45,nearest,32–64,1,68791,0.000,1.000,3.4793,3.8502
ROI_070/patch_45,nearest,64–128,1,143978,0.000,1.000,7.2264,7.9234
ROI_070/patch_45,nearest,≥128,1,23681,0.000,1.000,30.0661,31.3760
ROI_070/patch_45,own,0–16,1,6442,0.000,1.000,4.2202,4.5957
ROI_070/patch_45,own,16–32,1,19297,0.000,1.000,4.0492,4.4119
ROI_070/patch_45,own,32–64,1,74780,0.000,1.000,3.3804,3.7545
ROI_070/patch_45,own,64–128,1,265243,0.000,1.000,6.2793,6.8281
ROI_070/patch_45,own,≥128,1,1731390,0.000,1.000,6.4374,6.9965
ROI_070/patch_46,nearest,0–16,1,6429,0.000,1.000,2.3176,3.4240
ROI_070/patch_46,nearest,16–32,1,19298,0.000,1.000,2.2944,3.4043
ROI_070/patch_46,nearest,32–64,1,70460,0.000,1.000,2.4645,3.4701
ROI_070/patch_46,nearest,64–128,1,134236,0.000,1.000,3.6781,4.5914
ROI_070/patch_46,nearest,≥128,1,31721,0.000,1.000,9.7720,11.1292
ROI_070/patch_46,own,0–16,1,6429,0.000,1.000,2.3150,3.4131
ROI_070/patch_46,own,16–32,1,19298,0.000,1.000,2.2816,3.3873
ROI_070/patch_46,own,32–64,1,77193,0.000,1.000,2.3427,3.3372
ROI_070/patch_46,own,64–128,1,260847,0.000,1.000,3.3890,4.3033
ROI_070/patch_46,own,≥128,1,1733385,0.000,1.000,6.9728,7.9317
ROI_070/patch_47,nearest,0–16,1,6443,0.000,1.000,2.0530,4.1761
ROI_070/patch_47,nearest,16–32,1,19073,0.000,1.000,2.0720,4.2337
ROI_070/patch_47,nearest,32–64,1,63172,0.000,1.000,14.5303,16.7990
ROI_070/patch_47,nearest,64–128,1,103946,0.000,1.000,66.9174,69.9380
ROI_070/patch_47,nearest,≥128,1,69510,0.000,1.000,101.3559,108.1568
ROI_070/patch_47,own,0–16,1,6443,0.000,1.000,2.0547,4.1713
ROI_070/patch_47,own,16–32,1,19073,0.000,1.000,1.9964,4.1764
ROI_070/patch_47,own,32–64,1,71448,0.000,1.000,12.9333,15.1726
ROI_070/patch_47,own,64–128,1,251065,0.000,1.000,15.6773,18.3585
ROI_070/patch_47,own,≥128,1,1749123,0.000,1.000,23.5942,26.3122
ROI_070/patch_48,nearest,0–16,1,6218,0.000,1.000,3.6778,4.4748
ROI_070/patch_48,nearest,16–32,1,18199,0.000,1.000,4.5001,5.6648
ROI_070/patch_48,nearest,32–64,1,62718,0.000,1.000,12.7645,14.9391
ROI_070/patch_48,nearest,64–128,1,132837,0.000,1.000,19.7797,22.7784
ROI_070/patch_48,nearest,≥128,1,42172,0.000,1.000,30.4903,33.6078
ROI_070/patch_48,own,0–16,1,6218,0.000,1.000,3.6468,4.4505
ROI_070/patch_48,own,16–32,1,18199,0.000,1.000,4.3539,5.5248
ROI_070/patch_48,own,32–64,1,67051,0.000,1.000,14.1272,16.2336
ROI_070/patch_48,own,64–128,1,233459,0.000,1.000,26.2531,29.0033
ROI_070/patch_48,own,≥128,1,1772225,0.000,1.000,14.0911,16.5311
ROI_070/patch_49,nearest,0–16,1,6441,0.000,1.000,4.9036,7.3412
ROI_070/patch_49,nearest,16–32,1,17958,0.000,1.000,4.5152,7.0187
ROI_070/patch_49,nearest,32–64,1,63379,0.000,1.000,8.7694,11.4049
ROI_070/patch_49,nearest,64–128,1,151862,0.000,1.000,16.3913,18.9031
ROI_070/patch_49,nearest,≥128,1,22504,0.000,1.000,157.6067,160.0346
ROI_070/patch_49,own,0–16,1,6441,0.000,1.000,4.9003,7.3426
ROI_070/patch_49,own,16–32,1,18675,0.000,1.000,4.5895,7.0569
ROI_070/patch_49,own,32–64,1,68289,0.000,1.000,8.8056,11.2884
ROI_070/patch_49,own,64–128,1,238604,0.000,1.000,12.5813,15.0184
ROI_070/patch_49,own,≥128,1,1765143,0.000,1.000,18.5725,20.9787
ROI_070/patch_50,nearest,0–16,1,6437,0.000,1.000,5.7309,6.8474
ROI_070/patch_50,nearest,16–32,1,19303,0.000,1.000,5.6642,6.7812
ROI_070/patch_50,nearest,32–64,1,71753,0.000,1.000,5.4773,6.7078
ROI_070/patch_50,nearest,64–128,1,136247,0.000,1.000,26.9280,28.2421
ROI_070/patch_50,nearest,≥128,1,28404,0.000,1.000,175.7762,177.3881
ROI_070/patch_50,own,0–16,1,6437,0.000,1.000,5.7162,6.8201
ROI_070/patch_50,own,16–32,1,19303,0.000,1.000,5.6917,6.8020
ROI_070/patch_50,own,32–64,1,76554,0.000,1.000,5.1282,6.2732
ROI_070/patch_50,own,64–128,1,249832,0.000,1.000,9.3170,10.5280
ROI_070/patch_50,own,≥128,1,1745026,0.000,1.000,12.4361,13.8316
ROI_070/patch_51,nearest,0–16,1,6414,0.000,1.000,3.5477,4.4612
ROI_070/patch_51,nearest,16–32,1,19305,0.000,1.000,3.5896,4.5162
ROI_070/patch_51,nearest,32–64,1,63233,0.000,1.000,3.3431,4.3244
ROI_070/patch_51,nearest,64–128,1,117291,0.000,1.000,7.3314,8.3955
ROI_070/patch_51,nearest,≥128,1,55901,0.000,1.000,27.5075,29.8790
ROI_070/patch_51,own,0–16,1,6414,0.000,1.000,3.5432,4.4586
ROI_070/patch_51,own,16–32,1,19305,0.000,1.000,3.5134,4.4574
ROI_070/patch_51,own,32–64,1,72739,0.000,1.000,3.3754,4.3642
ROI_070/patch_51,own,64–128,1,251004,0.000,1.000,7.7604,8.7961
ROI_070/patch_51,own,≥128,1,1747690,0.000,1.000,18.1028,19.3334
ROI_070/patch_52,nearest,0–16,1,6430,0.000,1.000,3.5316,5.6955
ROI_070/patch_52,nearest,16–32,1,19136,0.000,1.000,3.5435,5.7019
ROI_070/patch_52,nearest,32–64,1,65164,0.000,1.000,3.6600,5.9036
ROI_070/patch_52,nearest,64–128,1,129247,0.000,1.000,15.5980,17.4759
ROI_070/patch_52,nearest,≥128,1,42167,0.000,1.000,260.5526,262.5388
ROI_070/patch_52,own,0–16,1,6430,0.000,1.000,3.5368,5.6944
ROI_070/patch_52,own,16–32,1,19136,0.000,1.000,3.5239,5.6647
ROI_070/patch_52,own,32–64,1,70354,0.000,1.000,3.5895,5.8967
ROI_070/patch_52,own,64–128,1,233872,0.000,1.000,8.1338,10.2839
ROI_070/patch_52,own,≥128,1,1767360,0.000,1.000,32.3499,34.3240
ROI_070/patch_53,nearest,0–16,1,6303,0.000,1.000,1.6013,3.5915
ROI_070/patch_53,nearest,16–32,1,18366,0.000,1.000,1.6386,3.7091
ROI_070/patch_53,nearest,32–64,1,64751,0.000,1.000,1.7484,3.7805
ROI_070/patch_53,nearest,64–128,1,120155,0.000,1.000,24.0582,26.5780
ROI_070/patch_53,nearest,≥128,1,52569,0.000,1.000,65.6579,70.7464
ROI_070/patch_53,own,0–16,1,6303,0.000,1.000,1.5991,3.5765
ROI_070/patch_53,own,16–32,1,18366,0.000,1.000,1.6389,3.6913
ROI_070/patch_53,own,32–64,1,67372,0.000,1.000,1.8509,3.8438
ROI_070/patch_53,own,64–128,1,217684,0.000,1.000,22.9701,25.4521
ROI_070/patch_53,own,≥128,1,1787427,0.000,1.000,21.4031,23.6516
ROI_070/patch_54,nearest,0–16,1,6427,0.000,1.000,58.5630,60.9889
ROI_070/patch_54,nearest,16–32,1,18781,0.000,1.000,58.8527,61.2851
ROI_070/patch_54,nearest,32–64,1,61584,0.000,1.000,59.6762,61.9196
ROI_070/patch_54,nearest,64–128,1,110497,0.000,1.000,63.5459,65.4082
ROI_070/patch_54,nearest,≥128,1,64855,0.000,1.000,77.7232,79.8763
ROI_070/patch_54,own,0–16,1,6427,0.000,1.000,58.4882,60.9181
ROI_070/patch_54,own,16–32,1,18781,0.000,1.000,58.6704,61.0731
ROI_070/patch_54,own,32–64,1,68329,0.000,1.000,59.4460,61.7025
ROI_070/patch_54,own,64–128,1,242889,0.000,1.000,64.6265,66.5124
ROI_070/patch_54,own,≥128,1,1760726,0.000,1.000,73.0440,75.5528
ROI_070/patch_57,nearest,0–16,1,6444,0.000,1.000,51.6469,52.7922
ROI_070/patch_57,nearest,16–32,1,18739,0.000,1.000,52.4749,53.6848
ROI_070/patch_57,nearest,32–64,1,63288,0.000,1.000,54.9173,56.3448
ROI_070/patch_57,nearest,64–128,1,120354,0.000,1.000,66.6754,68.2301
ROI_070/patch_57,nearest,≥128,1,53319,0.000,1.000,115.5333,117.0173
ROI_070/patch_57,own,0–16,1,6444,0.000,1.000,51.6478,52.7935
ROI_070/patch_57,own,16–32,1,18739,0.000,1.000,52.0556,53.2692
ROI_070/patch_57,own,32–64,1,71552,0.000,1.000,53.6733,55.0209
ROI_070/patch_57,own,64–128,1,261515,0.000,1.000,63.8036,65.3481
ROI_070/patch_57,own,≥128,1,1738902,0.000,1.000,72.0658,73.6635
ROI_070/patch_58,nearest,0–16,1,6430,0.000,1.000,79.5272,96.4594
ROI_070/patch_58,nearest,16–32,1,18474,0.000,1.000,95.7014,112.8961
ROI_070/patch_58,nearest,32–64,1,68655,0.000,1.000,82.0599,99.5885
ROI_070/patch_58,nearest,64–128,1,118901,0.000,1.000,129.3337,147.5606
ROI_070/patch_58,nearest,≥128,1,49684,0.000,1.000,111.2293,131.1508
ROI_070/patch_58,own,0–16,1,6430,0.000,1.000,75.3510,92.2133
ROI_070/patch_58,own,16–32,1,18474,0.000,1.000,116.2607,133.5030
ROI_070/patch_58,own,32–64,1,70202,0.000,1.000,105.8358,123.3391
ROI_070/patch_58,own,64–128,1,252339,0.000,1.000,97.9812,116.4106
ROI_070/patch_58,own,≥128,1,1749707,0.000,1.000,169.3208,188.3200
ROI_070/patch_59,nearest,0–16,1,6430,0.000,1.000,9.8014,11.2022
ROI_070/patch_59,nearest,16–32,1,18885,0.000,1.000,9.8456,11.2622
ROI_070/patch_59,nearest,32–64,1,67331,0.000,1.000,10.4004,11.8656
ROI_070/patch_59,nearest,64–128,1,108788,0.000,1.000,16.4813,17.9738
ROI_070/patch_59,nearest,≥128,1,60710,0.000,1.000,75.2514,76.8335
ROI_070/patch_59,own,0–16,1,6430,0.000,1.000,9.8775,11.2751
ROI_070/patch_59,own,16–32,1,18885,0.000,1.000,9.8617,11.2804
ROI_070/patch_59,own,32–64,1,71170,0.000,1.000,10.5759,12.0385
ROI_070/patch_59,own,64–128,1,249025,0.000,1.000,18.6978,20.1190
ROI_070/patch_59,own,≥128,1,1751642,0.000,1.000,30.2668,31.6649
ROI_070/patch_60,nearest,0–16,1,6404,0.000,1.000,46.5219,48.9504
ROI_070/patch_60,nearest,16–32,1,18570,0.000,1.000,46.8230,49.3828
ROI_070/patch_60,nearest,32–64,1,62559,0.000,1.000,51.2068,54.8392
ROI_070/patch_60,nearest,64–128,1,109045,0.000,1.000,68.3580,77.6214
ROI_070/patch_60,nearest,≥128,1,65566,0.000,1.000,261.7336,277.0847
ROI_070/patch_60,own,0–16,1,6404,0.000,1.000,46.5067,48.9098
ROI_070/patch_60,own,16–32,1,18570,0.000,1.000,46.8274,49.3937
ROI_070/patch_60,own,32–64,1,72130,0.000,1.000,50.7843,54.2836
ROI_070/patch_60,own,64–128,1,234234,0.000,1.000,54.4886,59.4563
ROI_070/patch_60,own,≥128,1,1765814,0.000,1.000,88.2174,95.0030
ROI_070/patch_61,nearest,0–16,1,5508,0.000,1.000,585.0532,589.8113
ROI_070/patch_61,nearest,16–32,1,15637,0.000,1.000,539.4662,544.1044
ROI_070/patch_61,nearest,32–64,1,44831,0.000,1.000,486.2500,490.3885
ROI_070/patch_61,nearest,64–128,1,93791,0.000,1.000,647.8445,652.0540
ROI_070/patch_61,nearest,≥128,1,102377,0.000,1.000,1032.3886,1036.3246
ROI_070/patch_61,own,0–16,1,5508,0.000,1.000,584.7610,589.4438
ROI_070/patch_61,own,16–32,1,15637,0.000,1.000,545.7941,550.3223
ROI_070/patch_61,own,32–64,1,53352,0.000,1.000,540.1050,544.3368
ROI_070/patch_61,own,64–128,1,170299,0.000,1.000,617.0681,621.2105
ROI_070/patch_61,own,≥128,1,1590212,0.000,1.000,811.9265,816.3397
ROI_070/patch_62,nearest,0–16,1,6422,0.000,1.000,16.9096,19.4282
ROI_070/patch_62,nearest,16–32,1,19305,0.000,1.000,19.9222,22.3737
ROI_070/patch_62,nearest,32–64,1,69326,0.000,1.000,28.0091,30.4046
ROI_070/patch_62,nearest,64–128,1,122213,0.000,1.000,52.0472,54.3800
ROI_070/patch_62,nearest,≥128,1,44878,0.000,1.000,251.4041,254.0051
ROI_070/patch_62,own,0–16,1,6422,0.000,1.000,16.7167,19.2355
ROI_070/patch_62,own,16–32,1,19305,0.000,1.000,19.8756,22.3305
ROI_070/patch_62,own,32–64,1,76019,0.000,1.000,26.1344,28.5137
ROI_070/patch_62,own,64–128,1,258833,0.000,1.000,38.2146,40.5933
ROI_070/patch_62,own,≥128,1,1736573,0.000,1.000,32.2567,34.7055
ROI_070/patch_63,nearest,0–16,1,6402,0.000,1.000,10.2177,11.5095
ROI_070/patch_63,nearest,16–32,1,18412,0.000,1.000,18.0477,19.3543
ROI_070/patch_63,nearest,32–64,1,57505,0.000,1.000,26.0592,27.2733
ROI_070/patch_63,nearest,64–128,1,117196,0.000,1.000,177.8843,179.0307
ROI_070/patch_63,nearest,≥128,1,62629,0.000,1.000,375.7435,380.3119
ROI_070/patch_63,own,0–16,1,6402,0.000,1.000,9.5252,10.7870
ROI_070/patch_63,own,16–32,1,18413,0.000,1.000,18.6216,19.9390
ROI_070/patch_63,own,32–64,1,69044,0.000,1.000,24.7570,25.9761
ROI_070/patch_63,own,64–128,1,244946,0.000,1.000,123.8971,125.0476
ROI_070/patch_63,own,≥128,1,1758347,0.000,1.000,88.7840,90.1298
ROI_070/patch_66,nearest,0–16,1,6394,1.000,1.000,,
ROI_070/patch_66,nearest,16–32,1,17241,1.000,1.000,,
ROI_070/patch_66,nearest,32–64,1,60776,1.000,1.000,,
ROI_070/patch_66,nearest,64–128,1,107388,1.000,1.000,,
ROI_070/patch_66,nearest,≥128,1,70345,1.000,1.000,,
ROI_070/patch_66,own,0–16,1,6407,1.000,1.000,,
ROI_070/patch_66,own,16–32,1,18589,1.000,1.000,,
ROI_070/patch_66,own,32–64,1,72768,1.000,1.000,,
ROI_070/patch_66,own,64–128,1,254561,1.000,1.000,,
ROI_070/patch_66,own,≥128,1,1744827,1.000,1.000,,
ROI_070/patch_67,nearest,0–16,1,6417,0.000,1.000,9.1663,12.0604
ROI_070/patch_67,nearest,16–32,1,18420,0.000,1.000,9.4570,12.2407
ROI_070/patch_67,nearest,32–64,1,65610,0.000,1.000,10.0386,12.6903
ROI_070/patch_67,nearest,64–128,1,111280,0.000,1.000,18.7826,21.2617
ROI_070/patch_67,nearest,≥128,1,60417,0.000,1.000,120.8326,124.9418
ROI_070/patch_67,own,0–16,1,6417,0.000,1.000,9.1988,12.0871
ROI_070/patch_67,own,16–32,1,18596,0.000,1.000,9.3180,12.0939
ROI_070/patch_67,own,32–64,1,71967,0.000,1.000,9.9009,12.5365
ROI_070/patch_67,own,64–128,1,241215,0.000,1.000,16.7010,19.1441
ROI_070/patch_67,own,≥128,1,1758957,0.000,1.000,45.1247,47.9430
ROI_070/patch_69,nearest,0–16,1,6161,0.000,1.000,116.4965,120.1546
ROI_070/patch_69,nearest,16–32,1,17696,0.000,1.000,113.6975,117.8228
ROI_070/patch_69,nearest,32–64,1,57927,0.000,1.000,110.6829,115.9606
ROI_070/patch_69,nearest,64–128,1,116041,0.000,1.000,142.5736,148.5335
ROI_070/patch_69,nearest,≥128,1,64319,0.000,1.000,825.9435,837.0606
ROI_070/patch_69,own,0–16,1,6161,0.000,1.000,118.1100,121.7493
ROI_070/patch_69,own,16–32,1,17696,0.000,1.000,117.4422,121.5668
ROI_070/patch_69,own,32–64,1,64009,0.000,1.000,109.8294,113.5149
ROI_070/patch_69,own,64–128,1,219629,0.000,1.000,94.9603,98.5720
ROI_070/patch_69,own,≥128,1,1789657,0.000,1.000,102.7966,109.6752
ROI_070/patch_70,nearest,0–16,1,6327,0.000,1.000,13.4380,16.7489
ROI_070/patch_70,nearest,16–32,1,18111,0.000,1.000,12.9662,15.6847
ROI_070/patch_70,nearest,32–64,1,62988,0.000,1.000,15.7440,18.3246
ROI_070/patch_70,nearest,64–128,1,86926,0.000,1.000,22.6375,27.1346
ROI_070/patch_70,nearest,≥128,1,87792,0.000,1.000,14.9216,22.6346
ROI_070/patch_70,own,0–16,1,6327,0.000,1.000,13.3787,16.6763
ROI_070/patch_70,own,16–32,1,18111,0.000,1.000,13.3592,16.2306
ROI_070/patch_70,own,32–64,1,68951,0.000,1.000,16.6398,19.0231
ROI_070/patch_70,own,64–128,1,239694,0.000,1.000,17.9187,21.2718
ROI_070/patch_70,own,≥128,1,1764069,0.000,1.000,26.5644,30.0383
ROI_070/patch_71,nearest,0–16,1,6446,0.000,1.000,5.2109,8.0097
ROI_070/patch_71,nearest,16–32,1,19276,0.000,1.000,5.2172,8.0704
ROI_070/patch_71,nearest,32–64,1,73169,0.000,1.000,12.7118,16.1825
ROI_070/patch_71,nearest,64–128,1,136105,0.000,1.000,19.8455,22.7277
ROI_070/patch_71,nearest,≥128,1,27148,0.000,1.000,82.6633,86.5787
ROI_070/patch_71,own,0–16,1,6446,0.000,1.000,5.2456,8.0138
ROI_070/patch_71,own,16–32,1,19276,0.000,1.000,5.1184,7.9526
ROI_070/patch_71,own,32–64,1,74268,0.000,1.000,13.3634,16.9080
ROI_070/patch_71,own,64–128,1,251675,0.000,1.000,12.4450,15.4388
ROI_070/patch_71,own,≥128,1,1745487,0.000,1.000,33.4724,36.7975
ROI_070/patch_72,nearest,0–16,1,6315,0.000,1.000,7.0423,7.6054
ROI_070/patch_72,nearest,16–32,1,17965,0.000,1.000,7.1372,7.7664
ROI_070/patch_72,nearest,32–64,1,60401,0.000,1.000,7.8877,8.6986
ROI_070/patch_72,nearest,64–128,1,142808,0.000,1.000,27.1729,28.2488
ROI_070/patch_72,nearest,≥128,1,34655,0.000,1.000,153.6576,154.8433
ROI_070/patch_72,own,0–16,1,6315,0.000,1.000,7.0566,7.6293
ROI_070/patch_72,own,16–32,1,17965,0.000,1.000,6.9207,7.5301
ROI_070/patch_72,own,32–64,1,64629,0.000,1.000,7.7624,8.5219
ROI_070/patch_72,own,64–128,1,219247,0.000,1.000,12.3880,13.1721
ROI_070/patch_72,own,≥128,1,1788996,0.000,1.000,17.0335,17.8078
ROI_070/patch_73,nearest,0–16,1,6435,0.000,1.000,4.7260,7.3010
ROI_070/patch_73,nearest,16–32,1,19275,0.000,1.000,4.7415,7.3575
ROI_070/patch_73,nearest,32–64,1,68437,0.000,1.000,4.9039,7.5436
ROI_070/patch_73,nearest,64–128,1,137327,0.000,1.000,18.1888,21.7446
ROI_070/patch_73,nearest,≥128,1,30670,0.000,1.000,204.4435,209.9984
ROI_070/patch_73,own,0–16,1,6435,0.000,1.000,4.7098,7.2957
ROI_070/patch_73,own,16–32,1,19275,0.000,1.000,4.7311,7.3391
ROI_070/patch_73,own,32–64,1,72471,0.000,1.000,4.8395,7.4628
ROI_070/patch_73,own,64–128,1,251853,0.000,1.000,10.4535,13.3275
ROI_070/patch_73,own,≥128,1,1747118,0.000,1.000,11.0948,13.9023
ROI_070/patch_74,nearest,0–16,1,6400,0.000,1.000,5.1680,7.5696
ROI_070/patch_74,nearest,16–32,1,18546,0.000,1.000,5.5239,8.0573
ROI_070/patch_74,nearest,32–64,1,66876,0.000,1.000,20.5779,23.6669
ROI_070/patch_74,nearest,64–128,1,118441,0.000,1.000,22.1688,26.3867
ROI_070/patch_74,nearest,≥128,1,51881,0.000,1.000,137.4484,144.6900
ROI_070/patch_74,own,0–16,1,6400,0.000,1.000,5.0983,7.4884
ROI_070/patch_74,own,16–32,1,18546,0.000,1.000,5.3621,7.8764
ROI_070/patch_74,own,32–64,1,71418,0.000,1.000,18.0481,20.9726
ROI_070/patch_74,own,64–128,1,237345,0.000,1.000,17.0553,20.6898
ROI_070/patch_74,own,≥128,1,1763443,0.000,1.000,36.7834,42.0433
ROI_070/patch_77,nearest,0–16,1,6406,0.000,1.000,6.9467,8.7650
ROI_070/patch_77,nearest,16–32,1,17250,0.000,1.000,6.8167,8.6566
ROI_070/patch_77,nearest,32–64,1,62108,0.000,1.000,7.1061,8.9918
ROI_070/patch_77,nearest,64–128,1,106811,0.000,1.000,16.5497,18.3038
ROI_070/patch_77,nearest,≥128,1,69569,0.000,1.000,47.2633,48.5562
ROI_070/patch_77,own,0–16,1,6406,0.000,1.000,6.9488,8.7621
ROI_070/patch_77,own,16–32,1,17250,0.000,1.000,6.8166,8.6524
ROI_070/patch_77,own,32–64,1,65255,0.000,1.000,6.9465,8.8124
ROI_070/patch_77,own,64–128,1,233423,0.000,1.000,10.8577,12.7680
ROI_070/patch_77,own,≥128,1,1774818,0.000,1.000,29.2617,31.3476
ROI_070/patch_78,nearest,0–16,1,6422,0.000,1.000,8.0873,9.4173
ROI_070/patch_78,nearest,16–32,1,19231,0.000,1.000,9.8972,11.1854
ROI_070/patch_78,nearest,32–64,1,68452,0.000,1.000,19.2688,20.4600
ROI_070/patch_78,nearest,64–128,1,120178,0.000,1.000,70.1210,71.4466
ROI_070/patch_78,nearest,≥128,1,47861,0.000,1.000,180.8045,182.1814
ROI_070/patch_78,own,0–16,1,6422,0.000,1.000,8.1927,9.5023
ROI_070/patch_78,own,16–32,1,19301,0.000,1.000,10.4607,11.7650
ROI_070/patch_78,own,32–64,1,77198,0.000,1.000,17.7629,18.9355
ROI_070/patch_78,own,64–128,1,270313,0.000,1.000,39.1708,40.5003
ROI_070/patch_78,own,≥128,1,1723918,0.000,1.000,86.2354,87.4728
ROI_070/patch_87,nearest,0–16,1,6436,0.000,1.000,442.2004,448.0083
ROI_070/patch_87,nearest,16–32,1,19009,0.000,1.000,452.0752,457.4494
ROI_070/patch_87,nearest,32–64,1,58933,0.000,1.000,453.7408,458.7102
ROI_070/patch_87,nearest,64–128,1,112216,0.550,1.000,702.3857,707.1348
ROI_070/patch_87,nearest,≥128,1,65550,1.000,1.000,,
ROI_070/patch_87,own,0–16,1,6436,0.000,1.000,448.2505,454.0112
ROI_070/patch_87,own,16–32,1,19228,0.000,1.000,439.3641,444.8086
ROI_070/patch_87,own,32–64,1,74361,0.000,1.000,464.9264,469.8785
ROI_070/patch_87,own,64–128,1,274653,0.000,1.000,628.1859,633.0169
ROI_070/patch_87,own,≥128,1,1722474,0.850,1.000,1145.8832,1151.1203
ROI_070/patch_90,nearest,0–16,1,6435,0.000,1.000,17.0701,18.8544
ROI_070/patch_90,nearest,16–32,1,17176,0.000,1.000,17.3266,19.0897
ROI_070/patch_90,nearest,32–64,1,56978,0.000,1.000,18.1443,19.9756
ROI_070/patch_90,nearest,64–128,1,133962,0.000,1.000,48.6940,50.7575
ROI_070/patch_90,nearest,≥128,1,47593,0.000,1.000,170.0981,178.1947
ROI_070/patch_90,own,0–16,1,6435,0.000,1.000,17.1853,18.9629
ROI_070/patch_90,own,16–32,1,17693,0.000,1.000,17.2391,19.0084
ROI_070/patch_90,own,32–64,1,66150,0.000,1.000,19.0198,20.8685
ROI_070/patch_90,own,64–128,1,245245,0.000,1.000,50.1473,52.2478
ROI_070/patch_90,own,≥128,1,1761629,0.000,1.000,83.5673,85.7514
ROI_070/patch_92,nearest,0–16,1,7106,0.000,1.000,14.0942,15.7380
ROI_070/patch_92,nearest,16–32,1,19945,0.000,1.000,13.6873,15.3211
ROI_070/patch_92,nearest,32–64,1,63107,0.000,1.000,16.3272,17.8955
ROI_070/patch_92,nearest,64–128,1,114893,0.000,1.000,20.7874,22.3178
ROI_070/patch_92,nearest,≥128,1,57093,0.000,1.000,63.9264,65.5097
ROI_070/patch_92,own,0–16,1,7106,0.000,1.000,13.9733,15.6073
ROI_070/patch_92,own,16–32,1,19952,0.000,1.000,14.3261,15.9718
ROI_070/patch_92,own,32–64,1,73158,0.000,1.000,15.4297,17.0206
ROI_070/patch_92,own,64–128,1,262699,0.000,1.000,24.3292,25.9276
ROI_070/patch_92,own,≥128,1,1996381,0.000,1.000,53.9236,55.5503
ROI_070/patch_93,nearest,0–16,1,6397,0.000,1.000,136.0228,140.7867
ROI_070/patch_93,nearest,16–32,1,18596,0.000,1.000,135.1126,139.7312
ROI_070/patch_93,nearest,32–64,1,66438,0.000,1.000,134.5219,139.0326
ROI_070/patch_93,nearest,64–128,1,123095,0.000,1.000,166.9770,173.3643
ROI_070/patch_93,nearest,≥128,1,47618,0.000,1.000,203.6526,212.3996
ROI_070/patch_93,own,0–16,1,6397,0.000,1.000,135.4470,140.1514
ROI_070/patch_93,own,16–32,1,18596,0.000,1.000,135.3068,139.9400
ROI_070/patch_93,own,32–64,1,71240,0.000,1.000,132.7181,137.2948
ROI_070/patch_93,own,64–128,1,266685,0.000,1.000,149.4268,154.2774
ROI_070/patch_93,own,≥128,1,1734234,0.000,1.000,138.0705,143.2667
ROI_070/patch_96,nearest,0–16,1,6436,0.000,1.000,13.5582,15.2556
ROI_070/patch_96,nearest,16–32,1,19245,0.000,1.000,15.8929,17.4567
ROI_070/patch_96,nearest,32–64,1,66376,0.000,1.000,15.1201,16.5868
ROI_070/patch_96,nearest,64–128,1,128055,0.000,1.000,27.2637,28.5224
ROI_070/patch_96,nearest,≥128,1,42032,0.000,1.000,66.8158,68.2000
ROI_070/patch_96,own,0–16,1,6436,0.000,1.000,13.4599,15.1688
ROI_070/patch_96,own,16–32,1,19245,0.000,1.000,16.0710,17.6423
ROI_070/patch_96,own,32–64,1,70172,0.000,1.000,16.5705,18.0346
ROI_070/patch_96,own,64–128,1,248987,0.000,1.000,19.6137,20.9328
ROI_070/patch_96,own,≥128,1,1752312,0.000,1.000,24.6798,25.9911
ROI_070/patch_97,nearest,0–16,1,6317,0.000,1.000,50.0005,50.9817
ROI_070/patch_97,nearest,16–32,1,17419,0.000,1.000,49.5586,50.6211
ROI_070/patch_97,nearest,32–64,1,54708,0.000,1.000,49.1684,50.6252
ROI_070/patch_97,nearest,64–128,1,127518,0.000,1.000,45.9370,49.2433
ROI_070/patch_97,nearest,≥128,1,56182,0.000,1.000,43.7523,54.9321
ROI_070/patch_97,own,0–16,1,6317,0.000,1.000,49.8395,50.8200
ROI_070/patch_97,own,16–32,1,17629,0.000,1.000,49.7203,50.7659
ROI_070/patch_97,own,32–64,1,64021,0.000,1.000,49.5980,50.9897
ROI_070/patch_97,own,64–128,1,191098,0.000,1.000,48.6791,50.8817
ROI_070/patch_97,own,≥128,1,1818087,0.000,1.000,48.7444,53.2268
ROI_070/patch_98,nearest,0–16,1,6367,0.000,1.000,10.1375,11.9052
ROI_070/patch_98,nearest,16–32,1,18468,0.000,1.000,10.1432,11.9082
ROI_070/patch_98,nearest,32–64,1,65690,0.000,1.000,10.5444,12.3463
ROI_070/patch_98,nearest,64–128,1,127488,0.000,1.000,12.0971,13.9532
ROI_070/patch_98,nearest,≥128,1,44131,0.000,1.000,26.5616,28.6312
ROI_070/patch_98,own,0–16,1,6367,0.000,1.000,10.1575,11.9269
ROI_070/patch_98,own,16–32,1,18468,0.000,1.000,10.1324,11.8905
ROI_070/patch_98,own,32–64,1,66782,0.000,1.000,10.3890,12.1614
ROI_070/patch_98,own,64–128,1,234699,0.000,1.000,12.5572,14.5444
ROI_070/patch_98,own,≥128,1,1770836,0.000,1.000,19.1105,21.0398
ROI_070/patch_99,nearest,0–16,1,6415,1.000,1.000,,
ROI_070/patch_99,nearest,16–32,1,18140,1.000,1.000,,
ROI_070/patch_99,nearest,32–64,1,63299,1.000,1.000,,
ROI_070/patch_99,nearest,64–128,1,124833,1.000,1.000,,
ROI_070/patch_99,nearest,≥128,1,49457,1.000,1.000,,
ROI_070/patch_99,own,0–16,1,6415,1.000,1.000,,
ROI_070/patch_99,own,16–32,1,18140,1.000,1.000,,
ROI_070/patch_99,own,32–64,1,69747,1.000,1.000,,
ROI_070/patch_99,own,64–128,1,271714,1.000,1.000,,
ROI_070/patch_99,own,≥128,1,1731136,1.000,1.000,,
ROI_070/patch_100,nearest,0–16,1,6388,0.000,1.000,63.2942,64.2162
ROI_070/patch_100,nearest,16–32,1,18539,0.000,1.000,63.6405,64.3996
ROI_070/patch_100,nearest,32–64,1,65950,0.000,1.000,64.7315,65.7118
ROI_070/patch_100,nearest,64–128,1,110134,0.000,1.000,88.3383,89.3493
ROI_070/patch_100,nearest,≥128,1,61133,0.000,1.000,425.0115,426.3306
ROI_070/patch_100,own,0–16,1,6388,0.000,1.000,63.1995,64.1419
ROI_070/patch_100,own,16–32,1,18539,0.000,1.000,63.4622,64.2559
ROI_070/patch_100,own,32–64,1,71592,0.000,1.000,64.4528,65.4356
ROI_070/patch_100,own,64–128,1,255682,0.000,1.000,79.2170,80.2327
ROI_070/patch_100,own,≥128,1,1744951,0.000,1.000,196.9414,198.1446
ROI_070/patch_102,nearest,0–16,1,6352,0.000,1.000,19.2882,21.8164
ROI_070/patch_102,nearest,16–32,1,18293,0.000,1.000,19.0909,21.5891
ROI_070/patch_102,nearest,32–64,1,56907,0.000,1.000,20.1976,22.3479
ROI_070/patch_102,nearest,64–128,1,101113,0.000,1.000,30.6153,32.2827
ROI_070/patch_102,nearest,≥128,1,79479,0.000,1.000,60.2996,63.0486
ROI_070/patch_102,own,0–16,1,6352,0.000,1.000,19.3963,21.9156
ROI_070/patch_102,own,16–32,1,18293,0.000,1.000,18.9777,21.4293
ROI_070/patch_102,own,32–64,1,65523,0.000,1.000,19.6960,21.8195
ROI_070/patch_102,own,64–128,1,227540,0.000,1.000,22.3239,24.2151
ROI_070/patch_102,own,≥128,1,1779444,0.000,1.000,37.4700,39.2780
ROI_070/patch_103,nearest,0–16,1,6311,0.000,1.000,17.2934,19.2273
ROI_070/patch_103,nearest,16–32,1,17690,0.000,1.000,17.2796,19.2155
ROI_070/patch_103,nearest,32–64,1,59754,0.000,1.000,19.4755,21.3861
ROI_070/patch_103,nearest,64–128,1,95847,0.000,1.000,37.2925,39.1822
ROI_070/patch_103,nearest,≥128,1,82542,0.000,1.000,229.4204,236.1060
ROI_070/patch_103,own,0–16,1,6311,0.000,1.000,17.1586,19.0941
ROI_070/patch_103,own,16–32,1,17690,0.000,1.000,17.1877,19.1221
ROI_070/patch_103,own,32–64,1,67362,0.000,1.000,18.6372,20.5677
ROI_070/patch_103,own,64–128,1,233800,0.000,1.000,29.4561,31.3477
ROI_070/patch_103,own,≥128,1,1771989,0.000,1.000,249.3641,253.0774
ROI_070/patch_105,nearest,0–16,1,6338,0.000,1.000,9.0957,10.3537
ROI_070/patch_105,nearest,16–32,1,16266,0.000,1.000,8.6094,9.6986
ROI_070/patch_105,nearest,32–64,1,51740,0.000,1.000,12.9120,13.7119
ROI_070/patch_105,nearest,64–128,1,119625,0.000,1.000,124.8776,126.0066
ROI_070/patch_105,nearest,≥128,1,68175,0.000,1.000,998.6377,1001.1924
ROI_070/patch_105,own,0–16,1,6338,0.000,1.000,10.1033,11.3720
ROI_070/patch_105,own,16–32,1,17376,0.000,1.000,8.9954,10.1157
ROI_070/patch_105,own,32–64,1,63267,0.000,1.000,9.2133,10.1144
ROI_070/patch_105,own,64–128,1,225625,0.000,1.000,85.5698,86.6542
ROI_070/patch_105,own,≥128,1,1784546,0.000,1.000,106.8372,108.1116
ROI_070/patch_106,nearest,0–16,1,6427,0.000,1.000,25.5140,28.6883
ROI_070/patch_106,nearest,16–32,1,18343,0.000,1.000,25.6203,28.7791
ROI_070/patch_106,nearest,32–64,1,48261,0.000,1.000,66.1043,70.3293
ROI_070/patch_106,nearest,64–128,1,90178,0.000,1.000,206.3274,214.2184
ROI_070/patch_106,nearest,≥128,1,98935,0.000,1.000,2864.2700,2896.2685
ROI_070/patch_106,own,0–16,1,6427,0.000,1.000,25.4836,28.6705
ROI_070/patch_106,own,16–32,1,18806,0.000,1.000,25.7911,28.9579
ROI_070/patch_106,own,32–64,1,69223,0.000,1.000,43.4655,47.1599
ROI_070/patch_106,own,64–128,1,235173,0.000,1.000,126.4844,132.4913
ROI_070/patch_106,own,≥128,1,1767523,0.000,1.000,145.6190,151.5881
ROI_070/patch_108,nearest,0–16,1,6992,0.000,1.000,31.6787,35.8288
ROI_070/patch_108,nearest,16–32,1,20206,0.000,1.000,32.6318,36.7206
ROI_070/patch_108,nearest,32–64,1,66328,0.000,1.000,56.1030,59.9221
ROI_070/patch_108,nearest,64–128,1,90062,0.000,1.000,140.7435,144.4594
ROI_070/patch_108,nearest,≥128,1,78556,0.000,1.000,406.1486,412.6519
ROI_070/patch_108,own,0–16,1,6992,0.000,1.000,31.6714,35.8269
ROI_070/patch_108,own,16–32,1,20206,0.000,1.000,33.1969,37.2517
ROI_070/patch_108,own,32–64,1,76501,0.000,1.000,64.5623,68.2904
ROI_070/patch_108,own,64–128,1,271247,0.000,1.000,85.5903,89.5252
ROI_070/patch_108,own,≥128,1,1984350,0.000,1.000,138.5564,141.8659
ROI_070/patch_109,nearest,0–16,1,7170,0.000,1.000,16.4915,19.0235
ROI_070/patch_109,nearest,16–32,1,19564,0.000,1.000,17.0164,19.5523
ROI_070/patch_109,nearest,32–64,1,58944,0.000,1.000,19.0490,21.4471
ROI_070/patch_109,nearest,64–128,1,91154,0.000,1.000,30.2807,32.4683
ROI_070/patch_109,nearest,≥128,1,85312,0.900,1.000,411.7968,414.2380
ROI_070/patch_109,own,0–16,1,7241,0.000,1.000,16.5555,19.0636
ROI_070/patch_109,own,16–32,1,21085,0.000,1.000,16.9701,19.5159
ROI_070/patch_109,own,32–64,1,81129,0.000,1.000,18.5757,21.1150
ROI_070/patch_109,own,64–128,1,297704,0.000,1.000,23.2302,25.6445
ROI_070/patch_109,own,≥128,1,1952137,0.000,1.000,80.0721,82.3660
ROI_070/patch_110,nearest,0–16,1,7223,0.000,1.000,11.3997,12.4638
ROI_070/patch_110,nearest,16–32,1,20126,0.000,1.000,12.4271,13.5196
ROI_070/patch_110,nearest,32–64,1,60854,0.000,1.000,31.0321,32.4236
ROI_070/patch_110,nearest,64–128,1,98624,0.000,1.000,41.3302,42.8930
ROI_070/patch_110,nearest,≥128,1,75317,0.000,1.000,128.9144,130.1813
ROI_070/patch_110,own,0–16,1,7223,0.000,1.000,11.2894,12.3662
ROI_070/patch_110,own,16–32,1,20246,0.000,1.000,12.6367,13.7493
ROI_070/patch_110,own,32–64,1,72476,0.000,1.000,23.4151,24.6540
ROI_070/patch_110,own,64–128,1,253865,0.000,1.000,15.8166,16.9688
ROI_070/patch_110,own,≥128,1,2005486,0.000,1.000,58.4988,59.3900
ROI_070/patch_112,nearest,0–16,1,7237,0.000,1.000,19.3165,21.1688
ROI_070/patch_112,nearest,16–32,1,21503,0.000,1.000,20.0963,22.1760
ROI_070/patch_112,nearest,32–64,1,67297,0.000,1.000,27.0471,29.9372
ROI_070/patch_112,nearest,64–128,1,111569,0.000,1.000,38.9230,42.8981
ROI_070/patch_112,nearest,≥128,1,54538,0.000,1.000,81.4809,84.5140
ROI_070/patch_112,own,0–16,1,7237,0.000,1.000,19.2666,21.1628
ROI_070/patch_112,own,16–32,1,21503,0.000,1.000,19.9990,22.1046
ROI_070/patch_112,own,32–64,1,82969,0.000,1.000,23.1164,25.9494
ROI_070/patch_112,own,64–128,1,314735,0.000,1.000,31.1666,34.5563
ROI_070/patch_112,own,≥128,1,1932852,0.000,1.000,55.5862,60.0970
ROI_070/patch_113,nearest,0–16,1,6431,0.000,1.000,21.8769,22.5250
ROI_070/patch_113,nearest,16–32,1,17976,0.000,1.000,24.5089,25.1856
ROI_070/patch_113,nearest,32–64,1,59015,0.000,1.000,25.1742,26.1561
ROI_070/patch_113,nearest,64–128,1,117851,0.000,1.000,45.9969,48.2607
ROI_070/patch_113,nearest,≥128,1,60871,0.000,1.000,54.4590,59.0622
ROI_070/patch_113,own,0–16,1,6431,0.000,1.000,22.0196,22.6658
ROI_070/patch_113,own,16–32,1,18357,0.000,1.000,24.1881,24.9114
ROI_070/patch_113,own,32–64,1,65681,0.000,1.000,25.7525,26.6430
ROI_070/patch_113,own,64–128,1,221050,0.000,1.000,35.5197,37.1536
ROI_070/patch_113,own,≥128,1,1785633,0.000,1.000,43.1159,46.2648
ROI_070/patch_114,nearest,0–16,1,7246,0.000,1.000,3.6494,5.2963
ROI_070/patch_114,nearest,16–32,1,21178,0.000,1.000,3.7016,5.3345
ROI_070/patch_114,nearest,32–64,1,73161,0.000,1.000,3.9675,5.5483
ROI_070/patch_114,nearest,64–128,1,132106,0.000,1.000,50.2235,52.3639
ROI_070/patch_114,nearest,≥128,1,28453,0.000,1.000,232.2032,235.1681
ROI_070/patch_114,own,0–16,1,7246,0.000,1.000,3.6815,5.3206
ROI_070/patch_114,own,16–32,1,21178,0.000,1.000,3.6784,5.2996
ROI_070/patch_114,own,32–64,1,83246,0.000,1.000,4.2111,5.7635
ROI_070/patch_114,own,64–128,1,306920,0.000,1.000,8.7964,10.2790
ROI_070/patch_114,own,≥128,1,1940706,0.000,1.000,22.1808,24.0125
ROI_070/patch_115,nearest,0–16,1,6428,0.000,1.000,13.6336,16.1622
ROI_070/patch_115,nearest,16–32,1,18719,0.000,1.000,13.6057,16.0790
ROI_070/patch_115,nearest,32–64,1,53970,0.000,1.000,14.6252,17.0192
ROI_070/patch_115,nearest,64–128,1,98087,0.000,1.000,13.0165,15.4570
ROI_070/patch_115,nearest,≥128,1,84940,0.000,1.000,9.3733,15.5416
ROI_070/patch_115,own,0–16,1,6428,0.000,1.000,13.5130,16.0246
ROI_070/patch_115,own,16–32,1,18719,0.000,1.000,13.4466,15.8838
ROI_070/patch_115,own,32–64,1,68432,0.000,1.000,14.9541,17.3230
ROI_070/patch_115,own,64–128,1,217665,0.000,1.000,13.8602,16.3216
ROI_070/patch_115,own,≥128,1,1785908,0.000,1.000,14.5332,17.6219
ROI_070/patch_117,nearest,0–16,1,6445,0.000,1.000,14.9969,16.0000
ROI_070/patch_117,nearest,16–32,1,18986,0.000,1.000,15.6926,16.6562
ROI_070/patch_117,nearest,32–64,1,62224,0.000,1.000,20.9724,22.0951
ROI_070/patch_117,nearest,64–128,1,98076,0.000,1.000,23.1015,24.4036
ROI_070/patch_117,nearest,≥128,1,76413,0.000,1.000,33.5245,35.0293
ROI_070/patch_117,own,0–16,1,6445,0.000,1.000,14.9924,15.9980
ROI_070/patch_117,own,16–32,1,18986,0.000,1.000,15.6651,16.6556
ROI_070/patch_117,own,32–64,1,69646,0.000,1.000,19.1292,20.2162
ROI_070/patch_117,own,64–128,1,239694,0.000,1.000,19.0858,20.1791
ROI_070/patch_117,own,≥128,1,1762381,0.000,1.000,23.5413,24.8486
ROI_070/patch_118,nearest,0–16,1,6431,0.000,1.000,40.3531,44.4783
ROI_070/patch_118,nearest,16–32,1,18880,0.000,1.000,48.4536,52.3814
ROI_070/patch_118,nearest,32–64,1,57300,0.000,1.000,68.7427,72.8479
ROI_070/patch_118,nearest,64–128,1,108306,0.000,1.000,99.4316,106.4503
ROI_070/patch_118,nearest,≥128,1,71227,0.000,1.000,114.7557,128.4285
ROI_070/patch_118,own,0–16,1,6431,0.000,1.000,38.2765,42.3697
ROI_070/patch_118,own,16–32,1,19105,0.000,1.000,47.0169,50.9641
ROI_070/patch_118,own,32–64,1,68295,0.000,1.000,67.5850,71.5581
ROI_070/patch_118,own,64–128,1,225683,0.000,1.000,103.8687,108.8367
ROI_070/patch_118,own,≥128,1,1777638,0.000,1.000,117.6196,126.0274
ROI_070/patch_120,nearest,0–16,1,6437,0.000,1.000,8.3101,9.8817
ROI_070/patch_120,nearest,16–32,1,18046,0.000,1.000,9.5167,11.0895
ROI_070/patch_120,nearest,32–64,1,59527,0.000,1.000,10.9954,12.6987
ROI_070/patch_120,nearest,64–128,1,118556,0.000,1.000,12.9684,14.8788
ROI_070/patch_120,nearest,≥128,1,59578,0.000,1.000,57.8482,59.9988
ROI_070/patch_120,own,0–16,1,6437,0.000,1.000,8.4873,10.0637
ROI_070/patch_120,own,16–32,1,18496,0.000,1.000,9.5307,11.1069
ROI_070/patch_120,own,32–64,1,66090,0.000,1.000,11.0418,12.7292
ROI_070/patch_120,own,64–128,1,223758,0.000,1.000,10.6038,12.4504
ROI_070/patch_120,own,≥128,1,1782371,0.000,1.000,7.5609,9.4779
ROI_070/patch_121,nearest,0–16,1,6114,0.000,1.000,10.5551,12.9240
ROI_070/patch_121,nearest,16–32,1,16768,0.000,1.000,11.0344,13.3975
ROI_070/patch_121,nearest,32–64,1,52757,0.000,1.000,12.5576,15.0041
ROI_070/patch_121,nearest,64–128,1,125598,0.000,1.000,25.3957,27.9036
ROI_070/patch_121,nearest,≥128,1,60907,0.000,1.000,115.8963,119.5333
ROI_070/patch_121,own,0–16,1,6114,0.000,1.000,10.5160,12.8778
ROI_070/patch_121,own,16–32,1,17393,0.000,1.000,11.2151,13.5732
ROI_070/patch_121,own,32–64,1,63926,0.000,1.000,12.7875,15.1938
ROI_070/patch_121,own,64–128,1,205635,0.000,1.000,17.7582,20.1737
ROI_070/patch_121,own,≥128,1,1804084,0.000,1.000,30.8353,33.4353
ROI_070/patch_122,nearest,0–16,1,6426,0.000,1.000,10.5167,14.3751
ROI_070/patch_122,nearest,16–32,1,19298,0.000,1.000,10.7746,14.5878
ROI_070/patch_122,nearest,32–64,1,70693,0.000,1.000,13.8637,17.5181
ROI_070/patch_122,nearest,64–128,1,136489,0.000,1.000,12.8495,16.8149
ROI_070/patch_122,nearest,≥128,1,29238,0.000,1.000,22.7774,27.3063
ROI_070/patch_122,own,0–16,1,6426,0.000,1.000,10.6200,14.4799
ROI_070/patch_122,own,16–32,1,19298,0.000,1.000,10.7829,14.5881
ROI_070/patch_122,own,32–64,1,74069,0.000,1.000,14.0829,17.7666
ROI_070/patch_122,own,64–128,1,243896,0.000,1.000,14.0411,17.9958
ROI_070/patch_122,own,≥128,1,1753463,0.000,1.000,19.7565,23.6266
ROI_070/patch_123,nearest,0–16,1,5819,0.000,1.000,158.2071,160.8717
ROI_070/patch_123,nearest,16–32,1,15524,0.000,1.000,163.4960,166.4753
ROI_070/patch_123,nearest,32–64,1,56868,0.000,1.000,182.1144,185.7252
ROI_070/patch_123,nearest,64–128,1,113686,0.000,1.000,220.9662,224.4006
ROI_070/patch_123,nearest,≥128,1,70247,0.000,1.000,211.1913,214.2863
ROI_070/patch_123,own,0–16,1,5819,0.000,1.000,157.4334,160.0798
ROI_070/patch_123,own,16–32,1,15524,0.000,1.000,162.0744,165.0187
ROI_070/patch_123,own,32–64,1,58409,0.000,1.000,180.7513,184.1734
ROI_070/patch_123,own,64–128,1,217151,0.000,1.000,216.4595,219.8542
ROI_070/patch_123,own,≥128,1,1800249,0.000,1.000,220.9205,224.0043
ROI_070/patch_125,nearest,0–16,1,6439,0.000,1.000,19.7174,21.1474
ROI_070/patch_125,nearest,16–32,1,19301,0.000,1.000,19.0724,20.6005
ROI_070/patch_125,nearest,32–64,1,64096,0.000,1.000,18.9724,20.7046
ROI_070/patch_125,nearest,64–128,1,108838,0.000,1.000,26.0331,27.4730
ROI_070/patch_125,nearest,≥128,1,63470,0.000,1.000,24.9434,27.0031
ROI_070/patch_125,own,0–16,1,6439,0.000,1.000,19.7195,21.1565
ROI_070/patch_125,own,16–32,1,19301,0.000,1.000,18.8442,20.4387
ROI_070/patch_125,own,32–64,1,69738,0.000,1.000,19.3760,21.0563
ROI_070/patch_125,own,64–128,1,232988,0.000,1.000,22.1292,23.5513
ROI_070/patch_125,own,≥128,1,1768686,0.000,1.000,19.7208,21.1986
ROI_070/patch_126,nearest,0–16,1,6235,0.000,1.000,29.8645,30.9831
ROI_070/patch_126,nearest,16–32,1,18085,0.000,1.000,35.8987,37.9970
ROI_070/patch_126,nearest,32–64,1,65249,0.000,1.000,100.4600,105.0997
ROI_070/patch_126,nearest,64–128,1,126370,0.000,1.000,160.1880,163.9881
ROI_070/patch_126,nearest,≥128,1,46205,0.000,1.000,142.4513,143.8995
ROI_070/patch_126,own,0–16,1,6235,0.000,1.000,29.4905,30.5998
ROI_070/patch_126,own,16–32,1,18318,0.000,1.000,43.5039,45.8244
ROI_070/patch_126,own,32–64,1,72245,0.000,1.000,103.6640,108.3940
ROI_070/patch_126,own,64–128,1,257987,0.000,1.000,140.8068,144.6124
ROI_070/patch_126,own,≥128,1,1742367,0.000,1.000,111.3400,113.4283
ROI_070/patch_127,nearest,0–16,1,6438,0.000,1.000,8.2125,13.8559
ROI_070/patch_127,nearest,16–32,1,19288,0.000,1.000,8.5249,14.3318
ROI_070/patch_127,nearest,32–64,1,61902,0.000,1.000,9.9592,15.7248
ROI_070/patch_127,nearest,64–128,1,112579,0.000,1.000,16.3307,21.6183
ROI_070/patch_127,nearest,≥128,1,61937,0.000,1.000,20.4445,26.6714
ROI_070/patch_127,own,0–16,1,6438,0.000,1.000,8.2557,13.9188
ROI_070/patch_127,own,16–32,1,19288,0.000,1.000,8.4443,14.1997
ROI_070/patch_127,own,32–64,1,73172,0.000,1.000,9.5664,15.5237
ROI_070/patch_127,own,64–128,1,260199,0.000,1.000,12.6549,17.9080
ROI_070/patch_127,own,≥128,1,1738055,0.000,1.000,17.8409,23.2295
ROI_070/patch_129,nearest,0–16,1,6378,0.000,1.000,9.0781,9.9057
ROI_070/patch_129,nearest,16–32,1,18518,0.000,1.000,9.4510,10.2799
ROI_070/patch_129,nearest,32–64,1,58930,0.000,1.000,10.4583,11.3088
ROI_070/patch_129,nearest,64–128,1,96165,0.000,1.000,73.8512,75.0136
ROI_070/patch_129,nearest,≥128,1,82153,0.000,1.000,672.7557,675.2309
ROI_070/patch_129,own,0–16,1,6378,0.000,1.000,9.1036,9.9315
ROI_070/patch_129,own,16–32,1,18518,0.000,1.000,9.5386,10.3633
ROI_070/patch_129,own,32–64,1,73189,0.000,1.000,10.3291,11.1739
ROI_070/patch_129,own,64–128,1,282769,0.000,1.000,49.8222,50.8834
ROI_070/patch_129,own,≥128,1,1716298,0.000,1.000,102.3375,103.4760
ROI_070/patch_131,nearest,0–16,1,6437,0.000,1.000,63.3828,66.8616
ROI_070/patch_131,nearest,16–32,1,18707,0.000,1.000,63.5614,67.0278
ROI_070/patch_131,nearest,32–64,1,67072,0.000,1.000,59.8095,63.3200
ROI_070/patch_131,nearest,64–128,1,112985,0.000,1.000,95.8511,98.5597
ROI_070/patch_131,nearest,≥128,1,56943,0.000,1.000,218.8653,222.0343
ROI_070/patch_131,own,0–16,1,6437,0.000,1.000,63.1281,66.5907
ROI_070/patch_131,own,16–32,1,19295,0.000,1.000,62.9151,66.4261
ROI_070/patch_131,own,32–64,1,74370,0.000,1.000,48.7434,52.5095
ROI_070/patch_131,own,64–128,1,262457,0.000,1.000,76.9381,80.3995
ROI_070/patch_131,own,≥128,1,1734593,0.000,1.000,65.8958,69.5347
ROI_070/patch_133,nearest,0–16,1,6436,0.000,1.000,16.8111,19.5813
ROI_070/patch_133,nearest,16–32,1,19017,0.000,1.000,17.9848,20.6195
ROI_070/patch_133,nearest,32–64,1,61646,0.000,1.000,29.3595,32.2673
ROI_070/patch_133,nearest,64–128,1,120543,0.000,1.000,77.8083,81.3088
ROI_070/patch_133,nearest,≥128,1,54502,0.000,1.000,288.0086,291.0052
ROI_070/patch_133,own,0–16,1,6436,0.000,1.000,16.8333,19.6004
ROI_070/patch_133,own,16–32,1,19293,0.000,1.000,18.4608,21.0883
ROI_070/patch_133,own,32–64,1,73473,0.000,1.000,32.7191,35.5941
ROI_070/patch_133,own,64–128,1,252133,0.000,1.000,59.1841,62.6398
ROI_070/patch_133,own,≥128,1,1745817,0.000,1.000,123.4173,126.5893
ROI_070/patch_135,nearest,0–16,1,6427,0.000,1.000,97.2227,105.7416
ROI_070/patch_135,nearest,16–32,1,18746,0.000,1.000,100.6476,108.4005
ROI_070/patch_135,nearest,32–64,1,67738,0.000,1.000,126.4949,132.7510
ROI_070/patch_135,nearest,64–128,1,128545,0.000,1.000,104.6995,110.2441
ROI_070/patch_135,nearest,≥128,1,40688,0.000,1.000,154.3857,158.3280
ROI_070/patch_135,own,0–16,1,6427,0.000,1.000,98.2563,106.7168
ROI_070/patch_135,own,16–32,1,18746,0.000,1.000,114.8721,122.4433
ROI_070/patch_135,own,32–64,1,71562,0.000,1.000,126.2431,132.6540
ROI_070/patch_135,own,64–128,1,253947,0.000,1.000,102.6124,108.1866
ROI_070/patch_135,own,≥128,1,1746470,0.000,1.000,146.8004,152.3044
ROI_070/patch_137,nearest,0–16,1,6435,0.000,1.000,10.1242,11.8655
ROI_070/patch_137,nearest,16–32,1,17689,0.000,1.000,10.0955,11.8110
ROI_070/patch_137,nearest,32–64,1,50857,0.000,1.000,10.1055,11.8088
ROI_070/patch_137,nearest,64–128,1,102287,0.000,1.000,10.0968,11.8483
ROI_070/patch_137,nearest,≥128,1,84876,0.000,1.000,27.3436,29.4436
ROI_070/patch_137,own,0–16,1,6435,0.000,1.000,10.1223,11.8646
ROI_070/patch_137,own,16–32,1,18429,0.000,1.000,10.2417,11.9731
ROI_070/patch_137,own,32–64,1,67633,0.000,1.000,10.1930,11.9115
ROI_070/patch_137,own,64–128,1,209022,0.000,1.000,10.4992,12.2795
ROI_070/patch_137,own,≥128,1,1795633,0.000,1.000,13.2008,14.9944
ROI_070/patch_151,nearest,0–16,1,7144,0.000,1.000,32.4068,35.0204
ROI_070/patch_151,nearest,16–32,1,19624,0.000,1.000,25.7725,28.1397
ROI_070/patch_151,nearest,32–64,1,65483,0.000,1.000,31.6460,33.8397
ROI_070/patch_151,nearest,64–128,1,107646,0.000,1.000,39.5223,41.7245
ROI_070/patch_151,nearest,≥128,1,62247,0.000,1.000,163.0597,165.4666
ROI_070/patch_151,own,0–16,1,7144,0.000,1.000,29.6342,32.2720
ROI_070/patch_151,own,16–32,1,20117,0.000,1.000,26.5276,28.9100
ROI_070/patch_151,own,32–64,1,73576,0.000,1.000,26.5401,28.6723
ROI_070/patch_151,own,64–128,1,260961,0.000,1.000,29.2249,31.4701
ROI_070/patch_151,own,≥128,1,1997498,0.000,1.000,135.0227,137.4826
ROI_070/patch_152,,,excluded,,,,,
ROI_070/patch_155,nearest,0–16,1,6440,0.000,1.000,113.4542,119.1443
ROI_070/patch_155,nearest,16–32,1,19280,0.000,1.000,159.6972,165.3541
ROI_070/patch_155,nearest,32–64,1,65372,0.000,1.000,161.4773,167.1528
ROI_070/patch_155,nearest,64–128,1,111315,0.000,1.000,1001.7328,1007.0476
ROI_070/patch_155,nearest,≥128,1,59737,0.000,1.000,2605.8694,2613.5190
ROI_070/patch_155,own,0–16,1,6440,0.000,1.000,107.7884,113.4608
ROI_070/patch_155,own,16–32,1,19280,0.000,1.000,197.1514,202.8853
ROI_070/patch_155,own,32–64,1,73154,0.000,1.000,179.7452,185.3229
ROI_070/patch_155,own,64–128,1,264557,0.000,1.000,453.3399,458.6804
ROI_070/patch_155,own,≥128,1,1733721,0.000,1.000,1047.3402,1052.7276
ROI_070/patch_157,nearest,0–16,1,6442,0.000,1.000,12.5924,15.3721
ROI_070/patch_157,nearest,16–32,1,19150,0.000,1.000,23.8266,26.6048
ROI_070/patch_157,nearest,32–64,1,68554,0.000,1.000,51.6721,54.0819
ROI_070/patch_157,nearest,64–128,1,121306,0.000,1.000,25.3134,26.7163
ROI_070/patch_157,nearest,≥128,1,46692,0.000,1.000,47.5398,49.3768
ROI_070/patch_157,own,0–16,1,6442,0.000,1.000,12.8876,15.7350
ROI_070/patch_157,own,16–32,1,19150,0.000,1.000,34.2629,37.0072
ROI_070/patch_157,own,32–64,1,71390,0.000,1.000,57.0197,59.2815
ROI_070/patch_157,own,64–128,1,256051,0.000,1.000,20.2138,21.6963
ROI_070/patch_157,own,≥128,1,1744119,0.000,1.000,36.2061,37.6775
ROI_070/patch_158,nearest,0–16,1,6420,0.000,1.000,11.4904,16.3255
ROI_070/patch_158,nearest,16–32,1,19301,0.000,1.000,12.0201,16.9059
ROI_070/patch_158,nearest,32–64,1,68684,0.000,1.000,12.5154,17.5246
ROI_070/patch_158,nearest,64–128,1,135931,0.000,1.000,34.5255,39.5490
ROI_070/patch_158,nearest,≥128,1,31808,0.000,1.000,22.4385,28.2287
ROI_070/patch_158,own,0–16,1,6420,0.000,1.000,11.0846,15.9223
ROI_070/patch_158,own,16–32,1,19301,0.000,1.000,11.6816,16.5656
ROI_070/patch_158,own,32–64,1,73835,0.000,1.000,12.9324,17.9828
ROI_070/patch_158,own,64–128,1,255959,0.000,1.000,40.9088,46.2770
ROI_070/patch_158,own,≥128,1,1741637,0.000,1.000,21.3799,26.4577
ROI_070/patch_159,nearest,0–16,1,6330,0.000,1.000,8.6873,10.0781
ROI_070/patch_159,nearest,16–32,1,17748,0.000,1.000,8.8319,10.2003
ROI_070/patch_159,nearest,32–64,1,64270,0.000,1.000,9.1437,10.5661
ROI_070/patch_159,nearest,64–128,1,122630,0.000,1.000,24.1499,25.8793
ROI_070/patch_159,nearest,≥128,1,51166,0.000,1.000,60.4029,62.6147
ROI_070/patch_159,own,0–16,1,6330,0.000,1.000,8.6979,10.0889
ROI_070/patch_159,own,16–32,1,17748,0.000,1.000,8.9896,10.3631
ROI_070/patch_159,own,32–64,1,66289,0.000,1.000,9.1589,10.5694
ROI_070/patch_159,own,64–128,1,237459,0.000,1.000,13.8062,15.4258
ROI_070/patch_159,own,≥128,1,1769326,0.000,1.000,16.3088,18.1239
ROI_070/patch_160,nearest,0–16,1,6235,0.000,1.000,13.1675,18.4495
ROI_070/patch_160,nearest,16–32,1,18029,0.000,1.000,13.8943,18.8939
ROI_070/patch_160,nearest,32–64,1,62679,0.000,1.000,15.4451,19.9621
ROI_070/patch_160,nearest,64–128,1,122168,0.000,1.000,18.5800,22.4172
ROI_070/patch_160,nearest,≥128,1,53033,0.000,1.000,25.2188,28.7196
ROI_070/patch_160,own,0–16,1,6235,0.000,1.000,13.1989,18.5467
ROI_070/patch_160,own,16–32,1,18029,0.000,1.000,13.3536,18.4223
ROI_070/patch_160,own,32–64,1,69188,0.000,1.000,15.6157,20.0597
ROI_070/patch_160,own,64–128,1,239483,0.000,1.000,20.1807,24.3784
ROI_070/patch_160,own,≥128,1,1764217,0.000,1.000,28.4670,32.8109
ROI_070/patch_161,nearest,0–16,1,6436,0.000,1.000,6.4989,7.5146
ROI_070/patch_161,nearest,16–32,1,19064,0.000,1.000,6.4302,7.4403
ROI_070/patch_161,nearest,32–64,1,64396,0.000,1.000,6.3899,7.2857
ROI_070/patch_161,nearest,64–128,1,119333,0.000,1.000,10.1332,10.9142
ROI_070/patch_161,nearest,≥128,1,52915,0.000,1.000,25.3114,26.1371
ROI_070/patch_161,own,0–16,1,6436,0.000,1.000,6.4488,7.4714
ROI_070/patch_161,own,16–32,1,19064,0.000,1.000,6.3733,7.3899
ROI_070/patch_161,own,32–64,1,70062,0.000,1.000,6.5334,7.4243
ROI_070/patch_161,own,64–128,1,225434,0.000,1.000,9.6959,10.4507
ROI_070/patch_161,own,≥128,1,1776156,0.000,1.000,12.8861,13.7446
ROI_070/patch_163,nearest,0–16,1,6439,0.000,1.000,13.4329,14.5699
ROI_070/patch_163,nearest,16–32,1,18471,0.000,1.000,13.2450,14.3268
ROI_070/patch_163,nearest,32–64,1,60774,0.000,1.000,13.6413,14.6486
ROI_070/patch_163,nearest,64–128,1,128055,0.000,1.000,14.3179,15.2763
ROI_070/patch_163,nearest,≥128,1,48405,0.000,1.000,14.0923,15.8624
ROI_070/patch_163,own,0–16,1,6439,0.000,1.000,13.3536,14.5056
ROI_070/patch_163,own,16–32,1,18471,0.000,1.000,13.4283,14.5215
ROI_070/patch_163,own,32–64,1,68837,0.000,1.000,13.7898,14.8668
ROI_070/patch_163,own,64–128,1,234980,0.000,1.000,13.6759,14.7631
ROI_070/patch_163,own,≥128,1,1768425,0.000,1.000,13.4560,14.7962
ROI_070/patch_164,nearest,0–16,1,6443,0.000,1.000,23.4054,27.0485
ROI_070/patch_164,nearest,16–32,1,19295,0.000,1.000,19.0963,22.5921
ROI_070/patch_164,nearest,32–64,1,69510,0.000,1.000,16.1460,19.5013
ROI_070/patch_164,nearest,64–128,1,121188,0.000,1.000,12.8246,16.2193
ROI_070/patch_164,nearest,≥128,1,45708,0.000,1.000,37.1784,41.3340
ROI_070/patch_164,own,0–16,1,6443,0.000,1.000,22.6344,26.1644
ROI_070/patch_164,own,16–32,1,19295,0.000,1.000,19.0380,22.4575
ROI_070/patch_164,own,32–64,1,73782,0.000,1.000,19.4853,23.0110
ROI_070/patch_164,own,64–128,1,241486,0.000,1.000,9.4329,12.5719
ROI_070/patch_164,own,≥128,1,1756146,0.000,1.000,28.1440,31.8539
ROI_070/patch_167,nearest,0–16,1,6405,0.000,1.000,74.1699,75.3155
ROI_070/patch_167,nearest,16–32,1,18592,0.000,1.000,67.7563,68.8690
ROI_070/patch_167,nearest,32–64,1,53531,0.000,1.000,63.2186,64.3907
ROI_070/patch_167,nearest,64–128,1,84165,0.000,1.000,140.7860,141.7846
ROI_070/patch_167,nearest,≥128,1,99451,0.000,1.000,257.3227,258.0214
ROI_070/patch_167,own,0–16,1,6405,0.000,1.000,74.6240,75.7755
ROI_070/patch_167,own,16–32,1,18609,0.000,1.000,69.3716,70.5148
ROI_070/patch_167,own,32–64,1,70349,0.000,1.000,56.6067,57.7255
ROI_070/patch_167,own,64–128,1,256377,0.000,1.000,96.3483,97.3713
ROI_070/patch_167,own,≥128,1,1745412,0.000,1.000,88.8958,89.8427
ROI_071/patch_0,nearest,0–16,1,6441,0.000,1.000,6.9263,7.9212
ROI_071/patch_0,nearest,16–32,1,18204,0.000,1.000,7.0489,8.0308
ROI_071/patch_0,nearest,32–64,1,67357,0.000,1.000,7.4438,8.4490
ROI_071/patch_0,nearest,64–128,1,150583,0.000,1.000,7.8434,8.8792
ROI_071/patch_0,nearest,≥128,1,19559,0.000,1.000,7.4196,8.3495
ROI_071/patch_0,own,0–16,1,6441,0.000,1.000,6.9224,7.9118
ROI_071/patch_0,own,16–32,1,18204,0.000,1.000,6.9971,7.9703
ROI_071/patch_0,own,32–64,1,67520,0.000,1.000,7.1830,8.1378
ROI_071/patch_0,own,64–128,1,236598,0.000,1.000,7.8874,8.9688
ROI_071/patch_0,own,≥128,1,1768389,0.000,1.000,8.0293,9.0751
ROI_071/patch_1,nearest,0–16,1,6312,0.000,1.000,8.0017,9.0089
ROI_071/patch_1,nearest,16–32,1,17671,0.000,1.000,7.8494,8.8697
ROI_071/patch_1,nearest,32–64,1,59982,0.000,1.000,8.0151,9.0511
ROI_071/patch_1,nearest,64–128,1,130228,0.000,1.000,8.2289,9.2775
ROI_071/patch_1,nearest,≥128,1,47951,0.000,1.000,7.8177,8.8359
ROI_071/patch_1,own,0–16,1,6312,0.000,1.000,7.9719,8.9804
ROI_071/patch_1,own,16–32,1,17671,0.000,1.000,7.8545,8.8724
ROI_071/patch_1,own,32–64,1,61059,0.000,1.000,7.9437,8.9727
ROI_071/patch_1,own,64–128,1,210075,0.000,1.000,8.1954,9.2389
ROI_071/patch_1,own,≥128,1,1802035,0.000,1.000,7.8897,8.9261
ROI_071/patch_2,nearest,0–16,1,6430,0.000,1.000,4.8712,6.8081
ROI_071/patch_2,nearest,16–32,1,18793,0.000,1.000,4.9117,6.8302
ROI_071/patch_2,nearest,32–64,1,69201,0.000,1.000,4.7506,6.6862
ROI_071/patch_2,nearest,64–128,1,145161,0.000,1.000,6.8305,8.9548
ROI_071/patch_2,nearest,≥128,1,22559,0.000,1.000,11.9461,13.3252
ROI_071/patch_2,own,0–16,1,6430,0.000,1.000,4.8868,6.8211
ROI_071/patch_2,own,16–32,1,18793,0.000,1.000,4.8590,6.7901
ROI_071/patch_2,own,32–64,1,73470,0.000,1.000,4.9561,6.9312
ROI_071/patch_2,own,64–128,1,245045,0.000,1.000,7.1501,9.1962
ROI_071/patch_2,own,≥128,1,1753414,0.000,1.000,7.4691,9.4196
ROI_071/patch_3,nearest,0–16,1,6432,0.000,1.000,4.2775,5.1849
ROI_071/patch_3,nearest,16–32,1,19258,0.000,1.000,4.3344,5.2082
ROI_071/patch_3,nearest,32–64,1,68188,0.000,1.000,4.3634,5.1154
ROI_071/patch_3,nearest,64–128,1,134046,0.000,1.000,3.9793,4.6367
ROI_071/patch_3,nearest,≥128,1,34220,0.000,1.000,3.4096,4.1517
ROI_071/patch_3,own,0–16,1,6432,0.000,1.000,4.2862,5.1947
ROI_071/patch_3,own,16–32,1,19258,0.000,1.000,4.3625,5.2416
ROI_071/patch_3,own,32–64,1,69342,0.000,1.000,4.3676,5.1033
ROI_071/patch_3,own,64–128,1,250077,0.000,1.000,4.1391,4.7874
ROI_071/patch_3,own,≥128,1,1752043,0.000,1.000,3.9708,4.6464
ROI_071/patch_4,nearest,0–16,1,6425,0.000,1.000,8.3357,46.7066
ROI_071/patch_4,nearest,16–32,1,19239,0.000,1.000,8.9644,47.0767
ROI_071/patch_4,nearest,32–64,1,65421,0.000,1.000,8.3607,41.7676
ROI_071/patch_4,nearest,64–128,1,124389,0.000,1.000,8.5424,39.5212
ROI_071/patch_4,nearest,≥128,1,46670,0.000,1.000,8.2208,27.2520
ROI_071/patch_4,own,0–16,1,6425,0.000,1.000,8.3356,46.3601
ROI_071/patch_4,own,16–32,1,19239,0.000,1.000,8.6249,45.9112
ROI_071/patch_4,own,32–64,1,68638,0.000,1.000,8.6855,44.3779
ROI_071/patch_4,own,64–128,1,236663,0.000,1.000,8.0166,38.3887
ROI_071/patch_4,own,≥128,1,1766187,0.000,1.000,8.6858,39.3027
ROI_071/patch_5,nearest,0–16,1,6439,0.000,1.000,6.6820,8.7297
ROI_071/patch_5,nearest,16–32,1,19156,0.000,1.000,6.5245,8.5721
ROI_071/patch_5,nearest,32–64,1,69401,0.000,1.000,6.9404,8.9795
ROI_071/patch_5,nearest,64–128,1,119552,0.000,1.000,6.9006,9.1893
ROI_071/patch_5,nearest,≥128,1,47596,0.000,1.000,7.1984,9.7002
ROI_071/patch_5,own,0–16,1,6439,0.000,1.000,6.6823,8.7358
ROI_071/patch_5,own,16–32,1,19156,0.000,1.000,6.6002,8.6278
ROI_071/patch_5,own,32–64,1,70403,0.000,1.000,6.9938,9.0250
ROI_071/patch_5,own,64–128,1,245247,0.000,1.000,7.1942,9.2888
ROI_071/patch_5,own,≥128,1,1755907,0.000,1.000,7.6475,9.8329
ROI_071/patch_6,nearest,0–16,1,6437,0.000,1.000,18.7096,19.5180
ROI_071/patch_6,nearest,16–32,1,18672,0.000,1.000,18.7187,19.7205
ROI_071/patch_6,nearest,32–64,1,60623,0.000,1.000,38.4023,40.1275
ROI_071/patch_6,nearest,64–128,1,128090,0.000,1.000,41.8381,44.2444
ROI_071/patch_6,nearest,≥128,1,48322,0.000,1.000,146.4348,150.6960
ROI_071/patch_6,own,0–16,1,6437,0.000,1.000,18.9063,19.7245
ROI_071/patch_6,own,16–32,1,18672,0.000,1.000,20.5781,21.4848
ROI_071/patch_6,own,32–64,1,66448,0.000,1.000,25.5301,26.6859
ROI_071/patch_6,own,64–128,1,219798,0.000,1.000,26.7391,28.6348
ROI_071/patch_6,own,≥128,1,1785797,0.000,1.000,24.0262,25.8641
ROI_071/patch_7,nearest,0–16,1,6425,0.000,1.000,5.6617,7.9755
ROI_071/patch_7,nearest,16–32,1,18517,0.000,1.000,5.7406,8.0436
ROI_071/patch_7,nearest,32–64,1,59119,0.000,1.000,6.4605,8.8733
ROI_071/patch_7,nearest,64–128,1,122436,0.000,1.000,8.6509,11.5055
ROI_071/patch_7,nearest,≥128,1,55647,0.000,1.000,6.4150,9.1536
ROI_071/patch_7,own,0–16,1,6425,0.000,1.000,5.6434,7.9544
ROI_071/patch_7,own,16–32,1,19107,0.000,1.000,5.6702,7.9422
ROI_071/patch_7,own,32–64,1,70790,0.000,1.000,6.2251,8.5739
ROI_071/patch_7,own,64–128,1,249647,0.000,1.000,7.8883,10.4954
ROI_071/patch_7,own,≥128,1,1751183,0.000,1.000,6.7992,9.2954
ROI_071/patch_8,nearest,0–16,1,6437,0.000,1.000,7.6977,9.0319
ROI_071/patch_8,nearest,16–32,1,18853,0.000,1.000,11.3223,12.6608
ROI_071/patch_8,nearest,32–64,1,56385,0.000,1.000,46.9221,49.1554
ROI_071/patch_8,nearest,64–128,1,100811,0.000,1.000,198.3713,202.4105
ROI_071/patch_8,nearest,≥128,1,79658,1.000,1.000,,
ROI_071/patch_8,own,0–16,1,6437,0.000,1.000,7.5169,8.8362
ROI_071/patch_8,own,16–32,1,19248,0.000,1.000,13.4036,14.7735
ROI_071/patch_8,own,32–64,1,73122,0.000,1.000,48.8887,51.1661
ROI_071/patch_8,own,64–128,1,250829,0.000,1.000,85.0452,87.3736
ROI_071/patch_8,own,≥128,1,1747516,0.300,1.000,411.2349,413.2794
ROI_071/patch_9,nearest,0–16,1,6445,0.000,1.000,36.2857,38.2984
ROI_071/patch_9,nearest,16–32,1,19230,0.000,1.000,15.3444,17.1467
ROI_071/patch_9,nearest,32–64,1,63590,0.000,1.000,8.0374,9.6304
ROI_071/patch_9,nearest,64–128,1,114649,0.000,1.000,8.0876,9.4665
ROI_071/patch_9,nearest,≥128,1,58230,0.000,1.000,24.8585,26.4489
ROI_071/patch_9,own,0–16,1,6445,0.000,1.000,37.1223,39.1416
ROI_071/patch_9,own,16–32,1,19230,0.000,1.000,12.4911,14.3531
ROI_071/patch_9,own,32–64,1,70199,0.000,1.000,9.3038,10.7994
ROI_071/patch_9,own,64–128,1,237348,0.000,1.000,8.7328,10.1002
ROI_071/patch_9,own,≥128,1,1763930,0.000,1.000,12.6010,14.0231
ROI_071/patch_15,nearest,0–16,1,6438,0.000,1.000,9.8755,11.5364
ROI_071/patch_15,nearest,16–32,1,18483,0.000,1.000,9.7837,11.4503
ROI_071/patch_15,nearest,32–64,1,64180,0.000,1.000,10.1809,12.0106
ROI_071/patch_15,nearest,64–128,1,128927,0.000,1.000,11.4520,13.6636
ROI_071/patch_15,nearest,≥128,1,44116,0.000,1.000,15.2307,17.0713
ROI_071/patch_15,own,0–16,1,6438,0.000,1.000,9.8856,11.5490
ROI_071/patch_15,own,16–32,1,18483,0.000,1.000,9.9752,11.6441
ROI_071/patch_15,own,32–64,1,67356,0.000,1.000,10.3481,12.1793
ROI_071/patch_15,own,64–128,1,239750,0.000,1.000,11.1509,13.2061
ROI_071/patch_15,own,≥128,1,1765125,0.000,1.000,15.0844,17.0143
ROI_071/patch_16,nearest,0–16,1,6435,0.000,1.000,6.2534,9.2481
ROI_071/patch_16,nearest,16–32,1,18727,0.000,1.000,6.3148,9.4164
ROI_071/patch_16,nearest,32–64,1,63032,0.000,1.000,7.2300,10.3337
ROI_071/patch_16,nearest,64–128,1,127934,0.000,1.000,9.8951,13.4680
ROI_071/patch_16,nearest,≥128,1,46016,0.000,1.000,21.8803,26.8071
ROI_071/patch_16,own,0–16,1,6435,0.000,1.000,6.2693,9.2786
ROI_071/patch_16,own,16–32,1,18727,0.000,1.000,6.3955,9.4941
ROI_071/patch_16,own,32–64,1,69848,0.000,1.000,7.4012,10.7442
ROI_071/patch_16,own,64–128,1,228396,0.000,1.000,10.4516,14.0646
ROI_071/patch_16,own,≥128,1,1773746,0.000,1.000,14.3028,18.6098
ROI_071/patch_17,nearest,0–16,1,6446,0.000,1.000,3.6971,5.2777
ROI_071/patch_17,nearest,16–32,1,18693,0.000,1.000,3.7539,5.3953
ROI_071/patch_17,nearest,32–64,1,65809,0.000,1.000,4.0758,5.7789
ROI_071/patch_17,nearest,64–128,1,133604,0.000,1.000,4.9784,6.4528
ROI_071/patch_17,nearest,≥128,1,37592,0.000,1.000,7.1338,8.7247
ROI_071/patch_17,own,0–16,1,6446,0.000,1.000,3.7051,5.2835
ROI_071/patch_17,own,16–32,1,19303,0.000,1.000,3.7992,5.4761
ROI_071/patch_17,own,32–64,1,73636,0.000,1.000,4.0179,5.7685
ROI_071/patch_17,own,64–128,1,241437,0.000,1.000,5.0395,6.5267
ROI_071/patch_17,own,≥128,1,1756330,0.000,1.000,5.1169,6.7274
ROI_071/patch_18,nearest,0–16,1,6424,0.000,1.000,4.0419,6.2170
ROI_071/patch_18,nearest,16–32,1,19226,0.000,1.000,3.9927,6.2809
ROI_071/patch_18,nearest,32–64,1,64750,0.000,1.000,3.7081,6.1960
ROI_071/patch_18,nearest,64–128,1,120749,0.000,1.000,2.9578,5.8584
ROI_071/patch_18,nearest,≥128,1,50995,0.000,1.000,3.6881,6.5350
ROI_071/patch_18,own,0–16,1,6424,0.000,1.000,4.0492,6.2208
ROI_071/patch_18,own,16–32,1,19226,0.000,1.000,4.0401,6.2930
ROI_071/patch_18,own,32–64,1,73710,0.000,1.000,3.7693,6.1656
ROI_071/patch_18,own,64–128,1,271246,0.000,1.000,3.4052,6.0286
ROI_071/patch_18,own,≥128,1,1726546,0.000,1.000,2.9551,5.6039
ROI_071/patch_19,nearest,0–16,1,6433,0.000,1.000,8.7099,11.3066
ROI_071/patch_19,nearest,16–32,1,19292,0.000,1.000,8.8787,11.5975
ROI_071/patch_19,nearest,32–64,1,70825,0.000,1.000,8.7131,11.6419
ROI_071/patch_19,nearest,64–128,1,124651,0.000,1.000,8.2658,11.4726
ROI_071/patch_19,nearest,≥128,1,40943,0.000,1.000,7.1555,10.7901
ROI_071/patch_19,own,0–16,1,6433,0.000,1.000,8.7518,11.3441
ROI_071/patch_19,own,16–32,1,19292,0.000,1.000,8.7125,11.4352
ROI_071/patch_19,own,32–64,1,75301,0.000,1.000,8.6230,11.5054
ROI_071/patch_19,own,64–128,1,264261,0.000,1.000,8.3544,11.4603
ROI_071/patch_19,own,≥128,1,1731865,0.000,1.000,8.1322,11.2667
ROI_071/patch_20,nearest,0–16,1,6444,0.000,1.000,9.2755,10.4237
ROI_071/patch_20,nearest,16–32,1,18565,0.000,1.000,9.2940,10.4415
ROI_071/patch_20,nearest,32–64,1,57427,0.000,1.000,9.8606,11.0318
ROI_071/patch_20,nearest,64–128,1,104849,0.000,1.000,12.3107,13.5891
ROI_071/patch_20,nearest,≥128,1,74859,0.000,1.000,29.2088,30.7608
ROI_071/patch_20,own,0–16,1,6444,0.000,1.000,9.2624,10.4088
ROI_071/patch_20,own,16–32,1,18565,0.000,1.000,9.3259,10.4677
ROI_071/patch_20,own,32–64,1,70520,0.000,1.000,9.7710,10.9489
ROI_071/patch_20,own,64–128,1,247460,0.000,1.000,10.9912,12.2602
ROI_071/patch_20,own,≥128,1,1754163,0.000,1.000,14.4674,15.5687
ROI_071/patch_21,nearest,0–16,1,6425,0.000,1.000,2.6845,3.8995
ROI_071/patch_21,nearest,16–32,1,18912,0.000,1.000,2.5951,3.8401
ROI_071/patch_21,nearest,32–64,1,69092,0.000,1.000,2.5598,3.9031
ROI_071/patch_21,nearest,64–128,1,139621,0.000,1.000,2.2825,3.5848
ROI_071/patch_21,nearest,≥128,1,28094,0.000,1.000,4.8655,6.0664
ROI_071/patch_21,own,0–16,1,6425,0.000,1.000,2.6755,3.8952
ROI_071/patch_21,own,16–32,1,18912,0.000,1.000,2.6450,3.8966
ROI_071/patch_21,own,32–64,1,71356,0.000,1.000,2.5373,3.8649
ROI_071/patch_21,own,64–128,1,225399,0.000,1.000,2.2468,3.4704
ROI_071/patch_21,own,≥128,1,1775060,0.000,1.000,2.3806,3.6550
ROI_071/patch_22,nearest,0–16,1,6366,0.000,1.000,2.3026,4.1087
ROI_071/patch_22,nearest,16–32,1,17279,0.000,1.000,2.3645,4.1588
ROI_071/patch_22,nearest,32–64,1,58720,0.000,1.000,2.1995,4.0925
ROI_071/patch_22,nearest,64–128,1,129619,0.000,1.000,2.7598,4.4638
ROI_071/patch_22,nearest,≥128,1,50160,0.000,1.000,5.0934,7.1788
ROI_071/patch_22,own,0–16,1,6366,0.000,1.000,2.2916,4.0813
ROI_071/patch_22,own,16–32,1,17279,0.000,1.000,2.3089,4.1265
ROI_071/patch_22,own,32–64,1,61006,0.000,1.000,2.0744,3.9500
ROI_071/patch_22,own,64–128,1,222859,0.000,1.000,2.2601,4.1390
ROI_071/patch_22,own,≥128,1,1789642,0.000,1.000,4.4912,6.5447
ROI_071/patch_23,nearest,0–16,1,6435,0.000,1.000,3.6119,5.2981
ROI_071/patch_23,nearest,16–32,1,19146,0.000,1.000,3.7425,5.4006
ROI_071/patch_23,nearest,32–64,1,70401,0.000,1.000,3.8945,5.4647
ROI_071/patch_23,nearest,64–128,1,123012,0.000,1.000,3.9002,5.6940
ROI_071/patch_23,nearest,≥128,1,43150,0.000,1.000,3.6560,5.7290
ROI_071/patch_23,own,0–16,1,6435,0.000,1.000,3.5985,5.2917
ROI_071/patch_23,own,16–32,1,19146,0.000,1.000,3.7158,5.3303
ROI_071/patch_23,own,32–64,1,72547,0.000,1.000,3.8702,5.4917
ROI_071/patch_23,own,64–128,1,260062,0.000,1.000,3.8015,5.4536
ROI_071/patch_23,own,≥128,1,1738962,0.000,1.000,3.7719,5.5104
ROI_071/patch_24,nearest,0–16,1,6348,0.000,1.000,6.3724,7.2953
ROI_071/patch_24,nearest,16–32,1,17623,0.000,1.000,6.5730,7.4330
ROI_071/patch_24,nearest,32–64,1,57804,0.000,1.000,6.3489,7.1411
ROI_071/patch_24,nearest,64–128,1,132147,0.000,1.000,6.2664,7.0914
ROI_071/patch_24,nearest,≥128,1,48222,0.000,1.000,7.0559,8.0740
ROI_071/patch_24,own,0–16,1,6348,0.000,1.000,6.3988,7.3302
ROI_071/patch_24,own,16–32,1,18057,0.000,1.000,6.5534,7.4218
ROI_071/patch_24,own,32–64,1,67315,0.000,1.000,6.3971,7.1773
ROI_071/patch_24,own,64–128,1,246223,0.000,1.000,6.2173,6.9684
ROI_071/patch_24,own,≥128,1,1759209,0.000,1.000,6.3717,7.1661
ROI_071/patch_25,nearest,0–16,1,6432,0.000,1.000,1.6909,2.9759
ROI_071/patch_25,nearest,16–32,1,19081,0.000,1.000,1.7408,3.0861
ROI_071/patch_25,nearest,32–64,1,69863,0.000,1.000,1.7602,3.2172
ROI_071/patch_25,nearest,64–128,1,138896,0.000,1.000,1.7583,3.0852
ROI_071/patch_25,nearest,≥128,1,27872,0.000,1.000,1.9852,3.0842
ROI_071/patch_25,own,0–16,1,6432,0.000,1.000,1.6977,2.9992
ROI_071/patch_25,own,16–32,1,19081,0.000,1.000,1.7353,3.0732
ROI_071/patch_25,own,32–64,1,72480,0.000,1.000,1.7813,3.2393
ROI_071/patch_25,own,64–128,1,236395,0.000,1.000,1.6974,3.0740
ROI_071/patch_25,own,≥128,1,1762764,0.000,1.000,1.7141,3.0045
ROI_071/patch_26,nearest,0–16,1,6200,0.000,1.000,11.3069,13.3303
ROI_071/patch_26,nearest,16–32,1,18225,0.000,1.000,10.9134,13.0174
ROI_071/patch_26,nearest,32–64,1,63841,0.000,1.000,10.8641,13.1207
ROI_071/patch_26,nearest,64–128,1,138291,0.000,1.000,11.2743,13.8886
ROI_071/patch_26,nearest,≥128,1,35587,0.000,1.000,10.7125,15.2562
ROI_071/patch_26,own,0–16,1,6200,0.000,1.000,11.3322,13.3664
ROI_071/patch_26,own,16–32,1,18225,0.000,1.000,11.1347,13.1761
ROI_071/patch_26,own,32–64,1,67452,0.000,1.000,11.1899,13.4975
ROI_071/patch_26,own,64–128,1,244474,0.000,1.000,11.2909,13.7784
ROI_071/patch_26,own,≥128,1,1760801,0.000,1.000,11.0719,13.9590
ROI_071/patch_27,nearest,0–16,1,6436,0.000,1.000,4.2999,5.8397
ROI_071/patch_27,nearest,16–32,1,18423,0.000,1.000,4.2825,5.8176
ROI_071/patch_27,nearest,32–64,1,62150,0.000,1.000,4.4379,6.0309
ROI_071/patch_27,nearest,64–128,1,115595,0.000,1.000,4.5691,6.2111
ROI_071/patch_27,nearest,≥128,1,59540,0.000,1.000,4.9833,6.5995
ROI_071/patch_27,own,0–16,1,6436,0.000,1.000,4.2927,5.8269
ROI_071/patch_27,own,16–32,1,19317,0.000,1.000,4.2775,5.8090
ROI_071/patch_27,own,32–64,1,77177,0.000,1.000,4.4325,6.0037
ROI_071/patch_27,own,64–128,1,263139,0.000,1.000,4.3754,6.0263
ROI_071/patch_27,own,≥128,1,1731083,0.000,1.000,4.6418,6.1692
ROI_071/patch_28,nearest,0–16,1,6363,0.000,1.000,5.2450,7.9727
ROI_071/patch_28,nearest,16–32,1,18489,0.000,1.000,5.3357,8.0717
ROI_071/patch_28,nearest,32–64,1,69481,0.000,1.000,5.3051,8.3617
ROI_071/patch_28,nearest,64–128,1,119623,0.000,1.000,4.9438,9.1836
ROI_071/patch_28,nearest,≥128,1,48188,0.000,1.000,5.7807,10.6349
ROI_071/patch_28,own,0–16,1,6363,0.000,1.000,5.2733,7.9968
ROI_071/patch_28,own,16–32,1,18489,0.000,1.000,5.3315,8.0930
ROI_071/patch_28,own,32–64,1,72437,0.000,1.000,5.3802,8.3768
ROI_071/patch_28,own,64–128,1,248571,0.000,1.000,5.4339,9.1023
ROI_071/patch_28,own,≥128,1,1751292,0.000,1.000,5.5464,8.9964
ROI_071/patch_29,nearest,0–16,1,6437,0.000,1.000,3.5453,5.3342
ROI_071/patch_29,nearest,16–32,1,19313,0.000,1.000,3.5303,5.2936
ROI_071/patch_29,nearest,32–64,1,66927,0.000,1.000,3.4295,5.2246
ROI_071/patch_29,nearest,64–128,1,133280,0.000,1.000,3.5627,5.2303
ROI_071/patch_29,nearest,≥128,1,36187,0.000,1.000,4.8884,6.1961
ROI_071/patch_29,own,0–16,1,6437,0.000,1.000,3.5592,5.3641
ROI_071/patch_29,own,16–32,1,19313,0.000,1.000,3.4743,5.2545
ROI_071/patch_29,own,32–64,1,75168,0.000,1.000,3.4643,5.2264
ROI_071/patch_29,own,64–128,1,259727,0.000,1.000,3.3706,5.0371
ROI_071/patch_29,own,≥128,1,1736507,0.000,1.000,3.5178,5.0732
ROI_071/patch_35,nearest,0–16,1,6429,0.000,1.000,6.5814,12.1940
ROI_071/patch_35,nearest,16–32,1,19255,0.000,1.000,6.5630,11.9650
ROI_071/patch_35,nearest,32–64,1,56426,0.000,1.000,6.8373,12.6336
ROI_071/patch_35,nearest,64–128,1,87557,0.000,1.000,34.7498,40.3094
ROI_071/patch_35,nearest,≥128,1,92477,0.000,1.000,168.2241,174.8036
ROI_071/patch_35,own,0–16,1,6429,0.000,1.000,6.5887,12.1616
ROI_071/patch_35,own,16–32,1,19255,0.000,1.000,6.6234,12.1253
ROI_071/patch_35,own,32–64,1,70457,0.000,1.000,6.7169,12.2793
ROI_071/patch_35,own,64–128,1,234644,0.000,1.000,13.5168,19.2413
ROI_071/patch_35,own,≥128,1,1766367,0.000,1.000,44.7227,49.7266
ROI_071/patch_36,nearest,0–16,1,6435,0.000,1.000,9.0411,11.4561
ROI_071/patch_36,nearest,16–32,1,18451,0.000,1.000,8.6996,11.1931
ROI_071/patch_36,nearest,32–64,1,49315,0.000,1.000,9.7620,12.2893
ROI_071/patch_36,nearest,64–128,1,86085,0.000,1.000,9.8261,12.3700
ROI_071/patch_36,nearest,≥128,1,101858,0.000,1.000,10.0771,12.5935
ROI_071/patch_36,own,0–16,1,6435,0.000,1.000,9.0186,11.4345
ROI_071/patch_36,own,16–32,1,18666,0.000,1.000,8.7385,11.2171
ROI_071/patch_36,own,32–64,1,71340,0.000,1.000,9.2508,11.7264
ROI_071/patch_36,own,64–128,1,258949,0.000,1.000,9.4803,12.1611
ROI_071/patch_36,own,≥128,1,1741762,0.000,1.000,8.7810,11.8047
ROI_071/patch_37,nearest,0–16,1,6320,0.000,1.000,3.6649,4.1109
ROI_071/patch_37,nearest,16–32,1,18068,0.000,1.000,3.7111,4.1982
ROI_071/patch_37,nearest,32–64,1,62797,0.000,1.000,3.8021,4.3662
ROI_071/patch_37,nearest,64–128,1,118152,0.000,1.000,3.4103,3.9662
ROI_071/patch_37,nearest,≥128,1,56807,0.000,1.000,4.5440,6.1838
ROI_071/patch_37,own,0–16,1,6320,0.000,1.000,3.6400,4.0865
ROI_071/patch_37,own,16–32,1,18068,0.000,1.000,3.7025,4.1907
ROI_071/patch_37,own,32–64,1,68449,0.000,1.000,3.4268,3.9739
ROI_071/patch_37,own,64–128,1,230601,0.000,1.000,3.2722,3.7806
ROI_071/patch_37,own,≥128,1,1773714,0.000,1.000,3.3289,4.0116
ROI_071/patch_38,nearest,0–16,1,7168,0.000,1.000,6.6055,7.9201
ROI_071/patch_38,nearest,16–32,1,20183,0.000,1.000,6.7236,8.0835
ROI_071/patch_38,nearest,32–64,1,73649,0.000,1.000,6.7639,8.2916
ROI_071/patch_38,nearest,64–128,1,139489,0.000,1.000,6.6113,8.2267
ROI_071/patch_38,nearest,≥128,1,21655,0.000,1.000,7.6130,9.7556
ROI_071/patch_38,own,0–16,1,7168,0.000,1.000,6.5645,7.8806
ROI_071/patch_38,own,16–32,1,20183,0.000,1.000,6.7065,8.0726
ROI_071/patch_38,own,32–64,1,78908,0.000,1.000,6.7781,8.2726
ROI_071/patch_38,own,64–128,1,290405,0.000,1.000,6.7821,8.3817
ROI_071/patch_38,own,≥128,1,1962632,0.000,1.000,7.2539,8.9818
ROI_071/patch_39,nearest,0–16,1,6440,0.000,1.000,96.6187,99.2848
ROI_071/patch_39,nearest,16–32,1,19287,0.000,1.000,87.0946,89.6150
ROI_071/patch_39,nearest,32–64,1,69528,0.000,1.000,71.7470,74.6316
ROI_071/patch_39,nearest,64–128,1,130040,0.000,1.000,58.0100,60.3808
ROI_071/patch_39,nearest,≥128,1,36849,0.000,1.000,70.1678,71.0508
ROI_071/patch_39,own,0–16,1,6440,0.000,1.000,97.1744,99.8516
ROI_071/patch_39,own,16–32,1,19297,0.000,1.000,87.1134,89.6791
ROI_071/patch_39,own,32–64,1,75429,0.000,1.000,65.4770,68.3983
ROI_071/patch_39,own,64–128,1,260728,0.000,1.000,56.6127,58.9083
ROI_071/patch_39,own,≥128,1,1735258,0.000,1.000,66.0218,68.5268
ROI_075/patch_0,nearest,0–16,1,6177,0.000,1.000,16.8828,17.1359
ROI_075/patch_0,nearest,16–32,1,18225,0.000,1.000,16.4178,16.6446
ROI_075/patch_0,nearest,32–64,1,65724,0.000,1.000,14.9518,15.1955
ROI_075/patch_0,nearest,64–128,1,126490,0.000,1.000,19.5517,19.8987
ROI_075/patch_0,nearest,≥128,1,45528,0.000,1.000,23.3543,24.4714
ROI_075/patch_0,own,0–16,1,6177,0.000,1.000,16.9547,17.2065
ROI_075/patch_0,own,16–32,1,18225,0.000,1.000,16.6506,16.8867
ROI_075/patch_0,own,32–64,1,72529,0.000,1.000,14.2213,14.4646
ROI_075/patch_0,own,64–128,1,247421,0.000,1.000,17.2028,17.5053
ROI_075/patch_0,own,≥128,1,1752800,0.000,1.000,22.2181,22.6577
ROI_075/patch_1,nearest,0–16,1,6451,0.000,1.000,10.2565,10.9154
ROI_075/patch_1,nearest,16–32,1,19306,0.000,1.000,11.3499,11.9246
ROI_075/patch_1,nearest,32–64,1,73296,0.000,1.000,14.1380,14.7288
ROI_075/patch_1,nearest,64–128,1,128676,0.000,1.000,17.0390,17.6222
ROI_075/patch_1,nearest,≥128,1,34415,0.000,1.000,29.6047,30.6159
ROI_075/patch_1,own,0–16,1,6451,0.000,1.000,10.2451,10.8939
ROI_075/patch_1,own,16–32,1,19306,0.000,1.000,11.2336,11.8426
ROI_075/patch_1,own,32–64,1,73586,0.000,1.000,16.0228,16.6734
ROI_075/patch_1,own,64–128,1,236547,0.000,1.000,15.4912,16.1113
ROI_075/patch_1,own,≥128,1,1761262,0.000,1.000,18.9520,19.5932
ROI_075/patch_2,nearest,0–16,1,6447,0.000,1.000,20.6463,22.5719
ROI_075/patch_2,nearest,16–32,1,19197,0.000,1.000,21.5278,23.4255
ROI_075/patch_2,nearest,32–64,1,61449,0.000,1.000,22.9046,24.8090
ROI_075/patch_2,nearest,64–128,1,126464,0.000,1.000,28.8453,30.8105
ROI_075/patch_2,nearest,≥128,1,48587,0.000,1.000,47.2442,49.0766
ROI_075/patch_2,own,0–16,1,6447,0.000,1.000,20.6715,22.5944
ROI_075/patch_2,own,16–32,1,19197,0.000,1.000,22.2875,24.1648
ROI_075/patch_2,own,32–64,1,70370,0.000,1.000,22.9376,24.8373
ROI_075/patch_2,own,64–128,1,246500,0.000,1.000,27.8738,29.8021
ROI_075/patch_2,own,≥128,1,1754638,0.000,1.000,31.0536,32.9889
ROI_075/patch_3,nearest,0–16,1,6433,0.000,1.000,14.1448,15.0630
ROI_075/patch_3,nearest,16–32,1,19065,0.000,1.000,14.2233,15.1448
ROI_075/patch_3,nearest,32–64,1,62013,0.000,1.000,15.3425,16.3183
ROI_075/patch_3,nearest,64–128,1,94659,0.000,1.000,24.6540,25.6302
ROI_075/patch_3,nearest,≥128,1,79974,0.000,1.000,29.1844,30.0179
ROI_075/patch_3,own,0–16,1,6433,0.000,1.000,14.1077,15.0145
ROI_075/patch_3,own,16–32,1,19065,0.000,1.000,14.2779,15.2008
ROI_075/patch_3,own,32–64,1,70021,0.000,1.000,15.0450,16.0126
ROI_075/patch_3,own,64–128,1,239744,0.000,1.000,22.4820,23.4783
ROI_075/patch_3,own,≥128,1,1761889,0.000,1.000,23.2085,24.1135
ROI_075/patch_4,nearest,0–16,1,6042,0.000,1.000,10.1858,10.5480
ROI_075/patch_4,nearest,16–32,1,16933,0.000,1.000,10.1395,10.5050
ROI_075/patch_4,nearest,32–64,1,58570,0.000,1.000,13.2589,13.6187
ROI_075/patch_4,nearest,64–128,1,128467,0.000,1.000,16.7433,17.1077
ROI_075/patch_4,nearest,≥128,1,52132,0.000,1.000,27.7328,28.2226
ROI_075/patch_4,own,0–16,1,6042,0.000,1.000,10.1971,10.5685
ROI_075/patch_4,own,16–32,1,17321,0.000,1.000,10.2266,10.5836
ROI_075/patch_4,own,32–64,1,66456,0.000,1.000,13.2720,13.6358
ROI_075/patch_4,own,64–128,1,214678,0.000,1.000,13.5005,13.7952
ROI_075/patch_4,own,≥128,1,1792655,0.000,1.000,15.5089,15.8738
ROI_075/patch_5,nearest,0–16,1,6423,0.000,1.000,9.9766,11.2520
ROI_075/patch_5,nearest,16–32,1,18729,0.000,1.000,10.7315,12.0114
ROI_075/patch_5,nearest,32–64,1,62492,0.000,1.000,20.7198,21.9882
ROI_075/patch_5,nearest,64–128,1,130336,0.000,1.000,40.1298,41.4194
ROI_075/patch_5,nearest,≥128,1,44164,0.000,1.000,192.5016,194.8961
ROI_075/patch_5,own,0–16,1,6423,0.000,1.000,9.9171,11.1879
ROI_075/patch_5,own,16–32,1,19244,0.000,1.000,12.3905,13.6545
ROI_075/patch_5,own,32–64,1,68987,0.000,1.000,22.3232,23.5729
ROI_075/patch_5,own,64–128,1,217574,0.000,1.000,21.0657,22.3612
ROI_075/patch_5,own,≥128,1,1784924,0.000,1.000,57.0712,58.4018
ROI_075/patch_6,nearest,0–16,1,7235,0.000,1.000,36.4721,38.1786
ROI_075/patch_6,nearest,16–32,1,21116,0.000,1.000,36.3275,38.0350
ROI_075/patch_6,nearest,32–64,1,65963,0.000,1.000,43.4732,45.1741
ROI_075/patch_6,nearest,64–128,1,112857,0.000,1.000,67.6823,69.5849
ROI_075/patch_6,nearest,≥128,1,54973,0.000,1.000,81.8628,83.7969
ROI_075/patch_6,own,0–16,1,7235,0.000,1.000,36.3770,38.0989
ROI_075/patch_6,own,16–32,1,21726,0.000,1.000,36.2988,38.0109
ROI_075/patch_6,own,32–64,1,83660,0.000,1.000,39.5066,41.1310
ROI_075/patch_6,own,64–128,1,300161,0.000,1.000,49.5916,51.3166
ROI_075/patch_6,own,≥128,1,1946514,0.000,1.000,60.2040,62.0835
ROI_075/patch_7,nearest,0–16,1,7239,0.000,1.000,8.0649,10.0361
ROI_075/patch_7,nearest,16–32,1,20484,0.000,1.000,8.1706,10.0754
ROI_075/patch_7,nearest,32–64,1,69157,0.000,1.000,8.4810,10.3532
ROI_075/patch_7,nearest,64–128,1,117839,0.000,1.000,10.7704,12.6507
ROI_075/patch_7,nearest,≥128,1,47425,0.000,1.000,67.3761,69.4731
ROI_075/patch_7,own,0–16,1,7239,0.000,1.000,8.0007,9.9828
ROI_075/patch_7,own,16–32,1,20484,0.000,1.000,8.0248,9.9207
ROI_075/patch_7,own,32–64,1,75803,0.000,1.000,8.1736,10.0519
ROI_075/patch_7,own,64–128,1,269718,0.000,1.000,9.5077,11.3934
ROI_075/patch_7,own,≥128,1,1986052,0.000,1.000,15.4552,17.3557
ROI_075/patch_8,nearest,0–16,1,7165,0.000,1.000,20.5089,21.9282
ROI_075/patch_8,nearest,16–32,1,20819,0.000,1.000,20.5497,21.9167
ROI_075/patch_8,nearest,32–64,1,73929,0.000,1.000,25.0939,26.4610
ROI_075/patch_8,nearest,64–128,1,130694,0.000,1.000,31.8376,33.2915
ROI_075/patch_8,nearest,≥128,1,29537,0.000,1.000,188.9838,190.8067
ROI_075/patch_8,own,0–16,1,7165,0.000,1.000,20.5259,21.9277
ROI_075/patch_8,own,16–32,1,20819,0.000,1.000,20.7053,22.0670
ROI_075/patch_8,own,32–64,1,75394,0.000,1.000,26.1980,27.5901
ROI_075/patch_8,own,64–128,1,252634,0.000,1.000,25.9719,27.2667
ROI_075/patch_8,own,≥128,1,2003284,0.000,1.000,25.3078,26.6121
ROI_075/patch_10,nearest,0–16,1,6389,0.000,1.000,9.3930,11.5887
ROI_075/patch_10,nearest,16–32,1,18345,0.000,1.000,10.2834,12.5009
ROI_075/patch_10,nearest,32–64,1,55793,0.000,1.000,12.2368,14.7104
ROI_075/patch_10,nearest,64–128,1,119348,0.000,1.000,8.4878,10.9372
ROI_075/patch_10,nearest,≥128,1,62269,0.000,1.000,10.7512,13.4118
ROI_075/patch_10,own,0–16,1,6389,0.000,1.000,9.3092,11.4921
ROI_075/patch_10,own,16–32,1,18345,0.000,1.000,10.4358,12.6145
ROI_075/patch_10,own,32–64,1,68272,0.000,1.000,12.7061,15.0022
ROI_075/patch_10,own,64–128,1,236541,0.000,1.000,9.0837,11.4317
ROI_075/patch_10,own,≥128,1,1767605,0.000,1.000,9.8428,12.1506
ROI_075/patch_11,nearest,0–16,1,6245,0.000,1.000,8.2887,9.8366
ROI_075/patch_11,nearest,16–32,1,18124,0.000,1.000,8.2263,9.7326
ROI_075/patch_11,nearest,32–64,1,54466,0.000,1.000,7.4669,8.9236
ROI_075/patch_11,nearest,64–128,1,107060,0.000,1.000,10.2472,11.5527
ROI_075/patch_11,nearest,≥128,1,76249,0.000,1.000,35.2193,36.5947
ROI_075/patch_11,own,0–16,1,6245,0.000,1.000,8.2632,9.8031
ROI_075/patch_11,own,16–32,1,18124,0.000,1.000,8.3276,9.8319
ROI_075/patch_11,own,32–64,1,64061,0.000,1.000,7.1630,8.6238
ROI_075/patch_11,own,64–128,1,228265,0.000,1.000,9.6815,11.0933
ROI_075/patch_11,own,≥128,1,1780457,0.000,1.000,10.3233,11.7615
ROI_075/patch_12,nearest,0–16,1,6436,0.000,1.000,21.6088,23.4689
ROI_075/patch_12,nearest,16–32,1,18547,0.000,1.000,21.3899,23.2315
ROI_075/patch_12,nearest,32–64,1,66145,0.000,1.000,24.0985,26.2309
ROI_075/patch_12,nearest,64–128,1,123414,0.000,1.000,52.5822,55.2257
ROI_075/patch_12,nearest,≥128,1,47602,0.000,1.000,57.4452,60.5850
ROI_075/patch_12,own,0–16,1,6436,0.000,1.000,21.5643,23.4295
ROI_075/patch_12,own,16–32,1,18547,0.000,1.000,21.1466,23.0061
ROI_075/patch_12,own,32–64,1,66809,0.000,1.000,23.1309,25.1612
ROI_075/patch_12,own,64–128,1,222313,0.000,1.000,35.6281,38.3123
ROI_075/patch_12,own,≥128,1,1783047,0.000,1.000,32.4523,35.0989
ROI_075/patch_13,nearest,0–16,1,7085,0.000,1.000,39.2250,41.0543
ROI_075/patch_13,nearest,16–32,1,19995,0.000,1.000,38.9912,40.8349
ROI_075/patch_13,nearest,32–64,1,72916,0.000,1.000,39.7260,41.6363
ROI_075/patch_13,nearest,64–128,1,135810,0.000,1.000,44.6502,46.5140
ROI_075/patch_13,nearest,≥128,1,26338,0.000,1.000,86.5823,88.6705
ROI_075/patch_13,own,0–16,1,7085,0.000,1.000,39.2836,41.1134
ROI_075/patch_13,own,16–32,1,19995,0.000,1.000,39.0363,40.8873
ROI_075/patch_13,own,32–64,1,75186,0.000,1.000,39.8343,41.7194
ROI_075/patch_13,own,64–128,1,267734,0.000,1.000,42.0275,43.9013
ROI_075/patch_13,own,≥128,1,1989296,0.000,1.000,46.4438,48.2562
ROI_075/patch_14,nearest,0–16,1,6304,0.000,1.000,16.4426,18.0873
ROI_075/patch_14,nearest,16–32,1,18400,0.000,1.000,17.0361,18.6756
ROI_075/patch_14,nearest,32–64,1,63600,0.000,1.000,30.3141,32.1042
ROI_075/patch_14,nearest,64–128,1,111372,0.000,1.000,55.2325,56.9576
ROI_075/patch_14,nearest,≥128,1,62468,0.000,1.000,83.0890,85.2467
ROI_075/patch_14,own,0–16,1,6304,0.000,1.000,16.4318,18.0825
ROI_075/patch_14,own,16–32,1,18400,0.000,1.000,16.9387,18.5769
ROI_075/patch_14,own,32–64,1,71350,0.000,1.000,28.2815,30.0743
ROI_075/patch_14,own,64–128,1,236476,0.000,1.000,32.7190,34.4594
ROI_075/patch_14,own,≥128,1,1764622,0.000,1.000,49.8294,52.1339
ROI_075/patch_15,nearest,0–16,1,6429,0.000,1.000,9.2687,10.3689
ROI_075/patch_15,nearest,16–32,1,18729,0.000,1.000,9.3108,10.3984
ROI_075/patch_15,nearest,32–64,1,63147,0.000,1.000,10.3039,11.4799
ROI_075/patch_15,nearest,64–128,1,128605,0.000,1.000,17.5365,19.0786
ROI_075/patch_15,nearest,≥128,1,45234,0.000,1.000,110.9178,113.7777
ROI_075/patch_15,own,0–16,1,6429,0.000,1.000,9.2374,10.3351
ROI_075/patch_15,own,16–32,1,18729,0.000,1.000,9.2896,10.3931
ROI_075/patch_15,own,32–64,1,66055,0.000,1.000,9.6488,10.8322
ROI_075/patch_15,own,64–128,1,226506,0.000,1.000,15.7194,17.2381
ROI_075/patch_15,own,≥128,1,1779433,0.000,1.000,25.0184,26.5099
ROI_075/patch_16,nearest,0–16,1,6344,0.000,1.000,6.9673,8.6156
ROI_075/patch_16,nearest,16–32,1,17301,0.000,1.000,7.0295,8.6944
ROI_075/patch_16,nearest,32–64,1,63349,0.000,1.000,7.8354,9.6517
ROI_075/patch_16,nearest,64–128,1,130034,0.000,1.000,16.9848,18.9126
ROI_075/patch_16,nearest,≥128,1,45116,0.000,1.000,26.3955,28.2948
ROI_075/patch_16,own,0–16,1,6344,0.000,1.000,6.9593,8.6013
ROI_075/patch_16,own,16–32,1,17301,0.000,1.000,7.0545,8.7161
ROI_075/patch_16,own,32–64,1,64746,0.000,1.000,7.9227,9.7566
ROI_075/patch_16,own,64–128,1,223721,0.000,1.000,14.6578,16.6680
ROI_075/patch_16,own,≥128,1,1785040,0.000,1.000,16.2643,18.0367
ROI_075/patch_17,nearest,0–16,1,6433,0.000,1.000,71.8171,75.0339
ROI_075/patch_17,nearest,16–32,1,18738,0.000,1.000,71.5991,74.7839
ROI_075/patch_17,nearest,32–64,1,57805,0.000,1.000,71.2979,74.2894
ROI_075/patch_17,nearest,64–128,1,109097,0.000,1.000,72.7715,75.7267
ROI_075/patch_17,nearest,≥128,1,70071,0.000,1.000,72.7989,75.6922
ROI_075/patch_17,own,0–16,1,6433,0.000,1.000,71.6725,74.8724
ROI_075/patch_17,own,16–32,1,18738,0.000,1.000,71.4560,74.5845
ROI_075/patch_17,own,32–64,1,72968,0.000,1.000,71.8031,74.8996
ROI_075/patch_17,own,64–128,1,258797,0.000,1.000,74.7144,77.6009
ROI_075/patch_17,own,≥128,1,1740216,0.000,1.000,80.1677,83.1260
ROI_075/patch_18,nearest,0–16,1,6968,0.000,1.000,16.1932,18.1971
ROI_075/patch_18,nearest,16–32,1,20640,0.000,1.000,16.4096,18.4098
ROI_075/patch_18,nearest,32–64,1,78554,0.000,1.000,18.8023,20.8954
ROI_075/patch_18,nearest,64–128,1,129483,0.000,1.000,36.6470,38.9337
ROI_075/patch_18,nearest,≥128,1,26499,0.000,1.000,126.6803,129.0435
ROI_075/patch_18,own,0–16,1,6968,0.000,1.000,16.2481,18.2478
ROI_075/patch_18,own,16–32,1,20640,0.000,1.000,16.3354,18.3477
ROI_075/patch_18,own,32–64,1,80670,0.000,1.000,21.2829,23.3548
ROI_075/patch_18,own,64–128,1,282608,0.000,1.000,29.3668,31.5702
ROI_075/patch_18,own,≥128,1,1968410,0.000,1.000,41.8785,44.0788
ROI_075/patch_19,nearest,0–16,1,6434,0.000,1.000,17.9863,19.5580
ROI_075/patch_19,nearest,16–32,1,19256,0.000,1.000,19.1429,20.7197
ROI_075/patch_19,nearest,32–64,1,62037,0.000,1.000,24.4160,25.9287
ROI_075/patch_19,nearest,64–128,1,106161,0.000,1.000,41.6731,43.2326
ROI_075/patch_19,nearest,≥128,1,68256,0.000,1.000,115.1163,116.5088
ROI_075/patch_19,own,0–16,1,6434,0.000,1.000,18.4390,20.0066
ROI_075/patch_19,own,16–32,1,19256,0.000,1.000,19.5095,21.0811
ROI_075/patch_19,own,32–64,1,72735,0.000,1.000,21.9935,23.4946
ROI_075/patch_19,own,64–128,1,235021,0.000,1.000,30.0664,31.6197
ROI_075/patch_19,own,≥128,1,1763706,0.000,1.000,57.3232,58.7667
ROI_075/patch_20,nearest,0–16,1,6299,0.000,1.000,10.9150,13.0990
ROI_075/patch_20,nearest,16–32,1,17744,0.000,1.000,10.9037,13.0623
ROI_075/patch_20,nearest,32–64,1,61647,0.000,1.000,10.9526,13.1560
ROI_075/patch_20,nearest,64–128,1,124998,0.000,1.000,12.6254,14.8244
ROI_075/patch_20,nearest,≥128,1,51456,0.000,1.000,19.1983,21.6592
ROI_075/patch_20,own,0–16,1,6299,0.000,1.000,10.8705,13.0547
ROI_075/patch_20,own,16–32,1,17744,0.000,1.000,11.2459,13.4036
ROI_075/patch_20,own,32–64,1,66301,0.000,1.000,11.1297,13.2871
ROI_075/patch_20,own,64–128,1,246086,0.000,1.000,12.4705,14.6814
ROI_075/patch_20,own,≥128,1,1760722,0.000,1.000,14.7242,17.1318
ROI_075/patch_21,nearest,0–16,1,6148,0.000,1.000,2.9772,3.4809
ROI_075/patch_21,nearest,16–32,1,17466,0.000,1.000,3.1154,3.6114
ROI_075/patch_21,nearest,32–64,1,58707,0.000,1.000,3.6473,4.1621
ROI_075/patch_21,nearest,64–128,1,116553,0.000,1.000,7.8483,8.5175
ROI_075/patch_21,nearest,≥128,1,63270,0.000,1.000,109.8024,111.1047
ROI_075/patch_21,own,0–16,1,6148,0.000,1.000,2.9832,3.4843
ROI_075/patch_21,own,16–32,1,17466,0.000,1.000,3.1007,3.6040
ROI_075/patch_21,own,32–64,1,65594,0.000,1.000,3.5868,4.0945
ROI_075/patch_21,own,64–128,1,233537,0.000,1.000,5.1042,5.6629
ROI_075/patch_21,own,≥128,1,1774407,0.000,1.000,7.3127,8.0910
ROI_075/patch_22,nearest,0–16,1,6440,0.000,1.000,3.0164,3.6546
ROI_075/patch_22,nearest,16–32,1,18890,0.000,1.000,3.0446,3.7273
ROI_075/patch_22,nearest,32–64,1,62364,0.000,1.000,3.1788,3.8795
ROI_075/patch_22,nearest,64–128,1,108285,0.000,1.000,4.8364,5.5939
ROI_075/patch_22,nearest,≥128,1,66165,0.000,1.000,4.8579,5.7186
ROI_075/patch_22,own,0–16,1,6440,0.000,1.000,3.0215,3.6547
ROI_075/patch_22,own,16–32,1,18905,0.000,1.000,3.0538,3.7346
ROI_075/patch_22,own,32–64,1,69191,0.000,1.000,3.1604,3.8797
ROI_075/patch_22,own,64–128,1,241088,0.000,1.000,4.0735,4.7881
ROI_075/patch_22,own,≥128,1,1761528,0.000,1.000,6.5220,7.3321
ROI_075/patch_23,nearest,0–16,1,7106,0.000,1.000,16.5630,17.9904
ROI_075/patch_23,nearest,16–32,1,19149,0.000,1.000,16.4247,17.7722
ROI_075/patch_23,nearest,32–64,1,60134,0.000,1.000,15.8220,17.0316
ROI_075/patch_23,nearest,64–128,1,111580,0.000,1.000,19.4744,20.5428
ROI_075/patch_23,nearest,≥128,1,64175,0.000,1.000,49.1717,50.2613
ROI_075/patch_23,own,0–16,1,7106,0.000,1.000,16.5276,17.9473
ROI_075/patch_23,own,16–32,1,19514,0.000,1.000,16.5061,17.8413
ROI_075/patch_23,own,32–64,1,73526,0.000,1.000,15.6144,16.8554
ROI_075/patch_23,own,64–128,1,257941,0.000,1.000,16.1567,17.2987
ROI_075/patch_23,own,≥128,1,2001209,0.000,1.000,22.1676,23.2901
ROI_075/patch_24,nearest,0–16,1,6435,0.000,1.000,32.7621,33.3814
ROI_075/patch_24,nearest,16–32,1,18761,0.000,1.000,33.0630,33.7050
ROI_075/patch_24,nearest,32–64,1,66583,0.000,1.000,35.1244,35.7253
ROI_075/patch_24,nearest,64–128,1,141015,0.000,1.000,42.5588,43.2252
ROI_075/patch_24,nearest,≥128,1,29350,0.000,1.000,70.6582,71.7508
ROI_075/patch_24,own,0–16,1,6435,0.000,1.000,32.7779,33.3968
ROI_075/patch_24,own,16–32,1,18761,0.000,1.000,32.9497,33.5759
ROI_075/patch_24,own,32–64,1,70900,0.000,1.000,34.0584,34.6828
ROI_075/patch_24,own,64–128,1,244666,0.000,1.000,43.0772,43.6949
ROI_075/patch_24,own,≥128,1,1756390,0.000,1.000,39.2523,39.9152
ROI_075/patch_25,nearest,0–16,1,6429,0.000,1.000,9.8826,10.9235
ROI_075/patch_25,nearest,16–32,1,19226,0.000,1.000,10.2806,11.3057
ROI_075/patch_25,nearest,32–64,1,66264,0.000,1.000,12.2388,13.3348
ROI_075/patch_25,nearest,64–128,1,122271,0.000,1.000,60.9490,62.2317
ROI_075/patch_25,nearest,≥128,1,47954,0.000,1.000,137.7060,138.9670
ROI_075/patch_25,own,0–16,1,6429,0.000,1.000,9.8874,10.9246
ROI_075/patch_25,own,16–32,1,19297,0.000,1.000,10.2251,11.2598
ROI_075/patch_25,own,32–64,1,73666,0.000,1.000,12.3424,13.4353
ROI_075/patch_25,own,64–128,1,254905,0.000,1.000,35.3027,36.3416
ROI_075/patch_25,own,≥128,1,1742855,0.000,1.000,52.3698,53.2557
ROI_075/patch_26,nearest,0–16,1,6400,0.000,1.000,4.3742,5.2845
ROI_075/patch_26,nearest,16–32,1,17908,0.000,1.000,4.1948,5.0901
ROI_075/patch_26,nearest,32–64,1,65119,0.000,1.000,4.0206,4.9149
ROI_075/patch_26,nearest,64–128,1,145831,0.000,1.000,6.6293,7.5520
ROI_075/patch_26,nearest,≥128,1,26886,0.000,1.000,40.0696,41.2892
ROI_075/patch_26,own,0–16,1,6400,0.000,1.000,4.3736,5.2825
ROI_075/patch_26,own,16–32,1,17908,0.000,1.000,4.2117,5.1066
ROI_075/patch_26,own,32–64,1,65421,0.000,1.000,3.9540,4.8531
ROI_075/patch_26,own,64–128,1,237179,0.000,1.000,5.6836,6.5663
ROI_075/patch_26,own,≥128,1,1770244,0.000,1.000,9.7811,10.7267
ROI_075/patch_27,nearest,0–16,1,7229,0.000,1.000,51.9765,53.4289
ROI_075/patch_27,nearest,16–32,1,21720,0.000,1.000,51.9824,53.3993
ROI_075/patch_27,nearest,32–64,1,70051,0.000,1.000,53.4779,54.8449
ROI_075/patch_27,nearest,64–128,1,105452,0.000,1.000,59.4965,60.8822
ROI_075/patch_27,nearest,≥128,1,57692,0.000,1.000,251.7513,253.7489
ROI_075/patch_27,own,0–16,1,7229,0.000,1.000,51.7394,53.1876
ROI_075/patch_27,own,16–32,1,21720,0.000,1.000,52.0915,53.5047
ROI_075/patch_27,own,32–64,1,84426,0.000,1.000,54.1738,55.5496
ROI_075/patch_27,own,64–128,1,318057,0.000,1.000,55.5815,57.0356
ROI_075/patch_27,own,≥128,1,1927864,0.000,1.000,61.0771,62.4173
ROI_075/patch_28,nearest,0–16,1,6412,0.000,1.000,1.8724,2.6631
ROI_075/patch_28,nearest,16–32,1,18837,0.000,1.000,2.0067,2.8091
ROI_075/patch_28,nearest,32–64,1,67909,0.000,1.000,2.2885,3.1802
ROI_075/patch_28,nearest,64–128,1,119790,0.000,1.000,2.8231,3.9300
ROI_075/patch_28,nearest,≥128,1,49196,0.000,1.000,9.5065,10.6085
ROI_075/patch_28,own,0–16,1,6412,0.000,1.000,1.8621,2.6543
ROI_075/patch_28,own,16–32,1,18837,0.000,1.000,1.9926,2.7985
ROI_075/patch_28,own,32–64,1,69807,0.000,1.000,2.3495,3.2566
ROI_075/patch_28,own,64–128,1,247396,0.000,1.000,2.4094,3.3926
ROI_075/patch_28,own,≥128,1,1754700,0.000,1.000,4.0482,5.0719
ROI_075/patch_29,nearest,0–16,1,6175,0.000,1.000,21.1082,23.3111
ROI_075/patch_29,nearest,16–32,1,17268,0.000,1.000,21.2241,23.3241
ROI_075/patch_29,nearest,32–64,1,60074,0.000,1.000,22.8493,24.7236
ROI_075/patch_29,nearest,64–128,1,106846,0.000,1.000,29.5493,31.3635
ROI_075/patch_29,nearest,≥128,1,71781,0.000,1.000,70.1507,72.1445
ROI_075/patch_29,own,0–16,1,6175,0.000,1.000,21.0508,23.2494
ROI_075/patch_29,own,16–32,1,17268,0.000,1.000,21.0658,23.1534
ROI_075/patch_29,own,32–64,1,60100,0.000,1.000,22.7148,24.5731
ROI_075/patch_29,own,64–128,1,209421,0.000,1.000,29.9297,31.7406
ROI_075/patch_29,own,≥128,1,1804188,0.000,1.000,59.5489,61.4767
ROI_075/patch_30,nearest,0–16,1,6429,0.000,1.000,8.6674,11.2280
ROI_075/patch_30,nearest,16–32,1,19308,0.000,1.000,8.7458,11.3095
ROI_075/patch_30,nearest,32–64,1,69695,0.000,1.000,8.0650,10.8296
ROI_075/patch_30,nearest,64–128,1,110331,0.000,1.000,7.5301,10.5014
ROI_075/patch_30,nearest,≥128,1,56381,0.000,1.000,12.1843,15.2898
ROI_075/patch_30,own,0–16,1,6429,0.000,1.000,8.7189,11.2780
ROI_075/patch_30,own,16–32,1,19308,0.000,1.000,8.6419,11.2219
ROI_075/patch_30,own,32–64,1,75746,0.000,1.000,8.2878,11.0464
ROI_075/patch_30,own,64–128,1,256373,0.000,1.000,7.8513,10.6706
ROI_075/patch_30,own,≥128,1,1739296,0.000,1.000,8.6685,11.6239
ROI_075/patch_31,nearest,0–16,1,6193,0.000,1.000,9.0613,11.2418
ROI_075/patch_31,nearest,16–32,1,16647,0.000,1.000,9.1675,11.3635
ROI_075/patch_31,nearest,32–64,1,57790,0.000,1.000,9.2976,11.5510
ROI_075/patch_31,nearest,64–128,1,120292,0.000,1.000,9.3538,11.5354
ROI_075/patch_31,nearest,≥128,1,61222,0.000,1.000,11.2867,13.5055
ROI_075/patch_31,own,0–16,1,6193,0.000,1.000,9.0638,11.2553
ROI_075/patch_31,own,16–32,1,16647,0.000,1.000,9.2057,11.4064
ROI_075/patch_31,own,32–64,1,60985,0.000,1.000,9.2858,11.5165
ROI_075/patch_31,own,64–128,1,199502,0.000,1.000,9.2799,11.5567
ROI_075/patch_31,own,≥128,1,1813825,0.000,1.000,9.6799,11.8896
ROI_075/patch_32,nearest,0–16,1,6428,0.000,1.000,11.6050,13.0010
ROI_075/patch_32,nearest,16–32,1,18893,0.000,1.000,11.4753,12.8350
ROI_075/patch_32,nearest,32–64,1,68942,0.000,1.000,12.8246,14.1516
ROI_075/patch_32,nearest,64–128,1,138303,0.000,1.000,23.4287,24.7011
ROI_075/patch_32,nearest,≥128,1,29578,0.000,1.000,61.0884,62.5089
ROI_075/patch_32,own,0–16,1,6428,0.000,1.000,11.6250,13.0140
ROI_075/patch_32,own,16–32,1,18893,0.000,1.000,11.3752,12.7571
ROI_075/patch_32,own,32–64,1,73546,0.000,1.000,12.9807,14.3334
ROI_075/patch_32,own,64–128,1,242624,0.000,1.000,23.0662,24.3686
ROI_075/patch_32,own,≥128,1,1755661,0.000,1.000,19.5372,20.8023
ROI_075/patch_33,nearest,0–16,1,7243,0.000,1.000,4.3525,6.0162
ROI_075/patch_33,nearest,16–32,1,21122,0.000,1.000,4.3993,5.9923
ROI_075/patch_33,nearest,32–64,1,76754,0.000,1.000,4.4923,5.9407
ROI_075/patch_33,nearest,64–128,1,118720,0.000,1.000,5.8564,7.2259
ROI_075/patch_33,nearest,≥128,1,38305,0.000,1.000,4.4219,5.7674
ROI_075/patch_33,own,0–16,1,7243,0.000,1.000,4.4174,6.0840
ROI_075/patch_33,own,16–32,1,21122,0.000,1.000,4.2792,5.8821
ROI_075/patch_33,own,32–64,1,77723,0.000,1.000,4.4900,5.9370
ROI_075/patch_33,own,64–128,1,268655,0.000,1.000,4.9634,6.3541
ROI_075/patch_33,own,≥128,1,1984553,0.000,1.000,4.6301,5.9816
ROI_075/patch_34,nearest,0–16,1,6433,0.000,1.000,8.4381,9.9679
ROI_075/patch_34,nearest,16–32,1,18418,0.000,1.000,8.9727,10.5100
ROI_075/patch_34,nearest,32–64,1,62248,0.000,1.000,9.4054,10.9056
ROI_075/patch_34,nearest,64–128,1,142097,0.000,1.000,10.9818,12.4730
ROI_075/patch_34,nearest,≥128,1,32948,0.000,1.000,17.8074,20.0176
ROI_075/patch_34,own,0–16,1,6433,0.000,1.000,8.4659,9.9976
ROI_075/patch_34,own,16–32,1,18418,0.000,1.000,9.0209,10.5534
ROI_075/patch_34,own,32–64,1,62248,0.000,1.000,9.7067,11.2098
ROI_075/patch_34,own,64–128,1,209131,0.000,1.000,10.5771,12.0847
ROI_075/patch_34,own,≥128,1,1800922,0.000,1.000,12.4853,14.0312
ROI_075/patch_35,nearest,0–16,1,6434,0.000,1.000,7.4169,8.2869
ROI_075/patch_35,nearest,16–32,1,18328,0.000,1.000,7.4290,8.2656
ROI_075/patch_35,nearest,32–64,1,59809,0.000,1.000,7.8622,8.6792
ROI_075/patch_35,nearest,64–128,1,132259,0.000,1.000,7.7425,8.5955
ROI_075/patch_35,nearest,≥128,1,45314,0.000,1.000,16.9497,18.1095
ROI_075/patch_35,own,0–16,1,6434,0.000,1.000,7.4139,8.2938
ROI_075/patch_35,own,16–32,1,18764,0.000,1.000,7.3745,8.2167
ROI_075/patch_35,own,32–64,1,66165,0.000,1.000,7.8160,8.6297
ROI_075/patch_35,own,64–128,1,218133,0.000,1.000,7.6256,8.5088
ROI_075/patch_35,own,≥128,1,1787656,0.000,1.000,8.4885,9.3771
ROI_075/patch_36,nearest,0–16,1,6428,0.000,1.000,9.6144,10.7367
ROI_075/patch_36,nearest,16–32,1,18041,0.000,1.000,9.5932,10.7327
ROI_075/patch_36,nearest,32–64,1,56085,0.000,1.000,11.2265,12.6390
ROI_075/patch_36,nearest,64–128,1,108069,0.000,1.000,15.3817,17.2338
ROI_075/patch_36,nearest,≥128,1,73521,0.000,1.000,35.0937,36.4775
ROI_075/patch_36,own,0–16,1,6428,0.000,1.000,9.5291,10.6545
ROI_075/patch_36,own,16–32,1,18041,0.000,1.000,9.3366,10.4786
ROI_075/patch_36,own,32–64,1,67228,0.000,1.000,10.8426,12.2911
ROI_075/patch_36,own,64–128,1,214105,0.000,1.000,11.3021,12.5640
ROI_075/patch_36,own,≥128,1,1791350,0.000,1.000,15.5343,16.8147
ROI_075/patch_37,nearest,0–16,1,6434,0.000,1.000,51.5522,54.0179
ROI_075/patch_37,nearest,16–32,1,18488,0.000,1.000,51.5833,54.1260
ROI_075/patch_37,nearest,32–64,1,59675,0.000,1.000,51.9048,54.5374
ROI_075/patch_37,nearest,64–128,1,117061,0.000,1.000,71.2435,73.7659
ROI_075/patch_37,nearest,≥128,1,60486,0.000,1.000,83.5194,86.4596
ROI_075/patch_37,own,0–16,1,6434,0.000,1.000,51.5412,54.0459
ROI_075/patch_37,own,16–32,1,18534,0.000,1.000,51.5868,54.1136
ROI_075/patch_37,own,32–64,1,70137,0.000,1.000,51.6089,54.2215
ROI_075/patch_37,own,64–128,1,239040,0.000,1.000,68.9469,71.5120
ROI_075/patch_37,own,≥128,1,1763007,0.000,1.000,63.1035,65.8607
ROI_075/patch_38,nearest,0–16,1,6438,0.000,1.000,15.0295,15.5972
ROI_075/patch_38,nearest,16–32,1,18754,0.000,1.000,14.1346,14.6447
ROI_075/patch_38,nearest,32–64,1,71192,0.000,1.000,14.7847,15.2451
ROI_075/patch_38,nearest,64–128,1,116390,0.000,1.000,16.3933,16.8633
ROI_075/patch_38,nearest,≥128,1,49370,0.000,1.000,23.7874,24.4716
ROI_075/patch_38,own,0–16,1,6438,0.000,1.000,14.5366,15.0979
ROI_075/patch_38,own,16–32,1,18754,0.000,1.000,14.2079,14.7345
ROI_075/patch_38,own,32–64,1,72521,0.000,1.000,15.4450,15.9041
ROI_075/patch_38,own,64–128,1,240387,0.000,1.000,17.1622,17.5804
ROI_075/patch_38,own,≥128,1,1759052,0.000,1.000,16.9983,17.5390
ROI_075/patch_39,nearest,0–16,1,6435,0.000,1.000,18.3124,19.1996
ROI_075/patch_39,nearest,16–32,1,18521,0.000,1.000,18.9902,19.8637
ROI_075/patch_39,nearest,32–64,1,58478,0.000,1.000,63.4371,64.3395
ROI_075/patch_39,nearest,64–128,1,123846,0.000,1.000,127.5010,129.1519
ROI_075/patch_39,nearest,≥128,1,54864,0.000,1.000,178.2525,181.8055
ROI_075/patch_39,own,0–16,1,6435,0.000,1.000,18.4061,19.2960
ROI_075/patch_39,own,16–32,1,18521,0.000,1.000,18.2481,19.0915
ROI_075/patch_39,own,32–64,1,67733,0.000,1.000,35.0913,35.9466
ROI_075/patch_39,own,64–128,1,228807,0.000,1.000,77.6974,79.0258
ROI_075/patch_39,own,≥128,1,1775656,0.000,1.000,70.9043,72.2203
ROI_075/patch_40,nearest,0–16,1,7238,0.000,1.000,15.2169,16.0172
ROI_075/patch_40,nearest,16–32,1,21294,0.000,1.000,15.3843,16.1813
ROI_075/patch_40,nearest,32–64,1,68860,0.000,1.000,19.8033,20.5914
ROI_075/patch_40,nearest,64–128,1,134206,0.000,1.000,46.9000,47.7720
ROI_075/patch_40,nearest,≥128,1,30546,0.000,1.000,450.8256,452.6910
ROI_075/patch_40,own,0–16,1,7238,0.000,1.000,15.0844,15.8832
ROI_075/patch_40,own,16–32,1,21333,0.000,1.000,15.4874,16.2819
ROI_075/patch_40,own,32–64,1,79129,0.000,1.000,17.7987,18.5896
ROI_075/patch_40,own,64–128,1,275779,0.000,1.000,31.3009,32.1096
ROI_075/patch_40,own,≥128,1,1975817,0.000,1.000,98.8408,99.8081
ROI_075/patch_41,nearest,0–16,1,6920,0.000,1.000,8.5806,10.0553
ROI_075/patch_41,nearest,16–32,1,19927,0.000,1.000,8.6983,10.1533
ROI_075/patch_41,nearest,32–64,1,66537,0.000,1.000,8.6253,10.0502
ROI_075/patch_41,nearest,64–128,1,129086,0.000,1.000,9.4976,11.0121
ROI_075/patch_41,nearest,≥128,1,39674,0.000,1.000,17.0805,18.3805
ROI_075/patch_41,own,0–16,1,6920,0.000,1.000,8.5015,9.9921
ROI_075/patch_41,own,16–32,1,20069,0.000,1.000,8.7460,10.2062
ROI_075/patch_41,own,32–64,1,75753,0.000,1.000,9.1147,10.5614
ROI_075/patch_41,own,64–128,1,278972,0.000,1.000,10.0456,11.5081
ROI_075/patch_41,own,≥128,1,1977582,0.000,1.000,10.7866,12.2755
ROI_075/patch_42,nearest,0–16,1,6427,0.000,1.000,5.1866,7.9835
ROI_075/patch_42,nearest,16–32,1,18552,0.000,1.000,5.2007,7.9839
ROI_075/patch_42,nearest,32–64,1,56281,0.000,1.000,16.0221,19.3421
ROI_075/patch_42,nearest,64–128,1,133597,0.000,1.000,51.1831,54.4392
ROI_075/patch_42,nearest,≥128,1,47287,0.000,1.000,133.9529,138.2002
ROI_075/patch_42,own,0–16,1,6427,0.000,1.000,5.1925,7.9992
ROI_075/patch_42,own,16–32,1,18844,0.000,1.000,5.1728,7.9196
ROI_075/patch_42,own,32–64,1,67659,0.000,1.000,10.8943,13.9717
ROI_075/patch_42,own,64–128,1,219617,0.000,1.000,39.7081,43.1459
ROI_075/patch_42,own,≥128,1,1784605,0.000,1.000,45.5527,48.8644
ROI_075/patch_43,nearest,0–16,1,6444,0.000,1.000,32.6827,34.1956
ROI_075/patch_43,nearest,16–32,1,19129,0.000,1.000,32.5991,34.1326
ROI_075/patch_43,nearest,32–64,1,64902,0.000,1.000,33.4970,35.1059
ROI_075/patch_43,nearest,64–128,1,125001,0.000,1.000,36.0481,37.6989
ROI_075/patch_43,nearest,≥128,1,46668,0.000,1.000,75.7079,76.9133
ROI_075/patch_43,own,0–16,1,6444,0.000,1.000,32.6744,34.2028
ROI_075/patch_43,own,16–32,1,19129,0.000,1.000,32.6112,34.1573
ROI_075/patch_43,own,32–64,1,71465,0.000,1.000,33.5401,35.1469
ROI_075/patch_43,own,64–128,1,258829,0.000,1.000,36.5684,38.2558
ROI_075/patch_43,own,≥128,1,1741285,0.000,1.000,42.9109,44.4407
ROI_075/patch_44,nearest,0–16,1,6129,0.000,1.000,3.1907,5.5217
ROI_075/patch_44,nearest,16–32,1,17659,0.000,1.000,3.3362,5.7302
ROI_075/patch_44,nearest,32–64,1,61190,0.000,1.000,4.6261,7.1292
ROI_075/patch_44,nearest,64–128,1,112162,0.000,1.000,9.1458,11.7203
ROI_075/patch_44,nearest,≥128,1,65004,0.000,1.000,18.3594,20.7346
ROI_075/patch_44,own,0–16,1,6129,0.000,1.000,3.1959,5.5238
ROI_075/patch_44,own,16–32,1,18184,0.000,1.000,3.3531,5.7549
ROI_075/patch_44,own,32–64,1,69600,0.000,1.000,5.1083,7.6050
ROI_075/patch_44,own,64–128,1,236698,0.000,1.000,6.7892,9.4647
ROI_075/patch_44,own,≥128,1,1766541,0.000,1.000,14.8249,17.2919
ROI_075/patch_45,nearest,0–16,1,6432,0.000,1.000,42.4718,44.4297
ROI_075/patch_45,nearest,16–32,1,19289,0.000,1.000,43.8874,45.7897
ROI_075/patch_45,nearest,32–64,1,66608,0.000,1.000,46.8185,48.7898
ROI_075/patch_45,nearest,64–128,1,133991,0.000,1.000,59.4447,61.5952
ROI_075/patch_45,nearest,≥128,1,35824,0.000,1.000,42.7013,45.3516
ROI_075/patch_45,own,0–16,1,6432,0.000,1.000,42.5423,44.5021
ROI_075/patch_45,own,16–32,1,19289,0.000,1.000,43.3799,45.2923
ROI_075/patch_45,own,32–64,1,74239,0.000,1.000,45.7793,47.7493
ROI_075/patch_45,own,64–128,1,257829,0.000,1.000,49.2075,51.4199
ROI_075/patch_45,own,≥128,1,1739363,0.000,1.000,65.6584,67.9512
ROI_075/patch_46,nearest,0–16,1,7248,0.000,1.000,10.8797,12.7991
ROI_075/patch_46,nearest,16–32,1,21517,0.000,1.000,11.2615,13.1970
ROI_075/patch_46,nearest,32–64,1,73448,0.000,1.000,11.8800,13.8728
ROI_075/patch_46,nearest,64–128,1,132148,0.000,1.000,22.2159,24.3021
ROI_075/patch_46,nearest,≥128,1,27783,0.000,1.000,120.2929,122.2077
ROI_075/patch_46,own,0–16,1,7248,0.000,1.000,10.9784,12.9041
ROI_075/patch_46,own,16–32,1,21517,0.000,1.000,11.3215,13.2480
ROI_075/patch_46,own,32–64,1,78521,0.000,1.000,12.1287,14.1350
ROI_075/patch_46,own,64–128,1,277710,0.000,1.000,17.1936,19.2441
ROI_075/patch_46,own,≥128,1,1974300,0.000,1.000,34.8482,36.8304
ROI_075/patch_47,nearest,0–16,1,6447,0.000,1.000,12.0673,12.8625
ROI_075/patch_47,nearest,16–32,1,18935,0.000,1.000,11.9940,12.7703
ROI_075/patch_47,nearest,32–64,1,66675,0.000,1.000,11.8577,12.5991
ROI_075/patch_47,nearest,64–128,1,129187,0.000,1.000,20.4716,21.2918
ROI_075/patch_47,nearest,≥128,1,40900,0.000,1.000,86.5525,87.3859
ROI_075/patch_47,own,0–16,1,6447,0.000,1.000,12.0393,12.8315
ROI_075/patch_47,own,16–32,1,18935,0.000,1.000,12.0276,12.7964
ROI_075/patch_47,own,32–64,1,71213,0.000,1.000,11.8379,12.5827
ROI_075/patch_47,own,64–128,1,237564,0.000,1.000,16.6060,17.4378
ROI_075/patch_47,own,≥128,1,1762993,0.000,1.000,22.8383,23.6405
ROI_075/patch_48,nearest,0–16,1,6199,0.000,1.000,123.2215,126.0729
ROI_075/patch_48,nearest,16–32,1,18268,0.000,1.000,124.6414,127.4532
ROI_075/patch_48,nearest,32–64,1,60754,0.000,1.000,132.5091,135.2670
ROI_075/patch_48,nearest,64–128,1,104301,0.000,1.000,145.1150,148.0108
ROI_075/patch_48,nearest,≥128,1,72622,0.000,1.000,281.0674,284.4888
ROI_075/patch_48,own,0–16,1,6199,0.000,1.000,123.1451,125.9887
ROI_075/patch_48,own,16–32,1,18268,0.000,1.000,124.1189,126.9223
ROI_075/patch_48,own,32–64,1,72216,0.000,1.000,129.9548,132.7125
ROI_075/patch_48,own,64–128,1,262058,0.000,1.000,144.8794,147.6790
ROI_075/patch_48,own,≥128,1,1738411,0.000,1.000,172.5093,175.6776
ROI_075/patch_49,nearest,0–16,1,7201,0.000,1.000,41.0424,42.2390
ROI_075/patch_49,nearest,16–32,1,20869,0.000,1.000,41.0137,42.2372
ROI_075/patch_49,nearest,32–64,1,66147,0.000,1.000,43.1754,44.4321
ROI_075/patch_49,nearest,64–128,1,139651,0.000,1.000,54.5332,55.8650
ROI_075/patch_49,nearest,≥128,1,28276,0.000,1.000,68.8641,70.4463
ROI_075/patch_49,own,0–16,1,7201,0.000,1.000,41.3376,42.5283
ROI_075/patch_49,own,16–32,1,20869,0.000,1.000,41.1136,42.3318
ROI_075/patch_49,own,32–64,1,75705,0.000,1.000,42.6758,43.9049
ROI_075/patch_49,own,64–128,1,258097,0.000,1.000,48.9585,50.2612
ROI_075/patch_49,own,≥128,1,1997424,0.000,1.000,51.3651,52.6796
ROI_075/patch_50,nearest,0–16,1,7233,0.000,1.000,12.8604,14.1826
ROI_075/patch_50,nearest,16–32,1,21036,0.000,1.000,12.8760,14.2206
ROI_075/patch_50,nearest,32–64,1,76130,0.000,1.000,12.7756,14.2222
ROI_075/patch_50,nearest,64–128,1,131960,0.000,1.000,48.6548,50.4087
ROI_075/patch_50,nearest,≥128,1,25785,0.000,1.000,45.1396,46.9468
ROI_075/patch_50,own,0–16,1,7233,0.000,1.000,12.8817,14.2086
ROI_075/patch_50,own,16–32,1,21036,0.000,1.000,12.8285,14.1950
ROI_075/patch_50,own,32–64,1,80319,0.000,1.000,12.5328,14.0135
ROI_075/patch_50,own,64–128,1,278447,0.000,1.000,24.4397,26.0904
ROI_075/patch_50,own,≥128,1,1972261,0.000,1.000,37.2140,39.0218
ROI_075/patch_51,nearest,0–16,1,7236,0.000,1.000,9.8210,10.8322
ROI_075/patch_51,nearest,16–32,1,20795,0.000,1.000,13.6456,14.5897
ROI_075/patch_51,nearest,32–64,1,66515,0.000,1.000,46.1563,47.2527
ROI_075/patch_51,nearest,64–128,1,120917,0.000,1.000,79.6611,80.7140
ROI_075/patch_51,nearest,≥128,1,46681,0.000,1.000,200.4207,201.6639
ROI_075/patch_51,own,0–16,1,7236,0.000,1.000,9.8595,10.8595
ROI_075/patch_51,own,16–32,1,20795,0.000,1.000,13.9513,14.9011
ROI_075/patch_51,own,32–64,1,79391,0.000,1.000,26.7995,27.7634
ROI_075/patch_51,own,64–128,1,288814,0.000,1.000,56.1919,57.1876
ROI_075/patch_51,own,≥128,1,1963060,0.000,1.000,118.7207,119.6777
ROI_075/patch_52,nearest,0–16,1,6439,0.000,1.000,5.0442,6.3078
ROI_075/patch_52,nearest,16–32,1,19011,0.000,1.000,5.1440,6.4025
ROI_075/patch_52,nearest,32–64,1,64523,0.000,1.000,5.1303,6.3767
ROI_075/patch_52,nearest,64–128,1,118278,0.000,1.000,19.8242,21.0191
ROI_075/patch_52,nearest,≥128,1,53893,0.000,1.000,48.8629,51.3459
ROI_075/patch_52,own,0–16,1,6439,0.000,1.000,5.0548,6.3228
ROI_075/patch_52,own,16–32,1,19011,0.000,1.000,5.0892,6.3508
ROI_075/patch_52,own,32–64,1,70540,0.000,1.000,4.9909,6.1966
ROI_075/patch_52,own,64–128,1,244499,0.000,1.000,16.7308,17.9844
ROI_075/patch_52,own,≥128,1,1756663,0.000,1.000,24.8226,25.8202
ROI_075/patch_53,nearest,0–16,1,6431,0.000,1.000,9.1367,10.5520
ROI_075/patch_53,nearest,16–32,1,19308,0.000,1.000,9.4204,10.8202
ROI_075/patch_53,nearest,32–64,1,67673,0.000,1.000,10.9288,12.2433
ROI_075/patch_53,nearest,64–128,1,109238,0.000,1.000,20.2027,21.4340
ROI_075/patch_53,nearest,≥128,1,59494,0.000,1.000,100.1194,103.3439
ROI_075/patch_53,own,0–16,1,6431,0.000,1.000,9.1897,10.6101
ROI_075/patch_53,own,16–32,1,19308,0.000,1.000,9.5388,10.9526
ROI_075/patch_53,own,32–64,1,72853,0.000,1.000,11.2056,12.5562
ROI_075/patch_53,own,64–128,1,251474,0.000,1.000,16.8213,18.0846
ROI_075/patch_53,own,≥128,1,1747086,0.000,1.000,80.1668,81.8330
ROI_075/patch_54,nearest,0–16,1,6246,0.000,1.000,7.3048,8.3972
ROI_075/patch_54,nearest,16–32,1,17598,0.000,1.000,18.1851,19.7456
ROI_075/patch_54,nearest,32–64,1,62004,0.000,1.000,38.6900,40.1972
ROI_075/patch_54,nearest,64–128,1,127598,0.000,1.000,78.1398,79.1358
ROI_075/patch_54,nearest,≥128,1,48698,0.000,1.000,439.2314,440.6571
ROI_075/patch_54,own,0–16,1,6246,0.000,1.000,7.2973,8.3776
ROI_075/patch_54,own,16–32,1,17598,0.000,1.000,18.2934,19.9427
ROI_075/patch_54,own,32–64,1,68167,0.000,1.000,61.7386,63.2401
ROI_075/patch_54,own,64–128,1,229922,0.000,1.000,82.9895,84.0154
ROI_075/patch_54,own,≥128,1,1775219,0.000,1.000,86.0174,87.1185
ROI_075/patch_55,nearest,0–16,1,6444,0.000,1.000,0.9335,1.4698
ROI_075/patch_55,nearest,16–32,1,19285,0.000,1.000,1.1129,1.6389
ROI_075/patch_55,nearest,32–64,1,69525,0.000,1.000,15.7513,16.3429
ROI_075/patch_55,nearest,64–128,1,133434,0.000,1.000,69.5523,70.0550
ROI_075/patch_55,nearest,≥128,1,33456,0.000,1.000,125.7619,126.3107
ROI_075/patch_55,own,0–16,1,6444,0.000,1.000,0.9453,1.4722
ROI_075/patch_55,own,16–32,1,19285,0.000,1.000,1.3948,1.9236
ROI_075/patch_55,own,32–64,1,76974,0.000,1.000,6.5973,7.1108
ROI_075/patch_55,own,64–128,1,260295,0.000,1.000,23.5675,24.0466
ROI_075/patch_55,own,≥128,1,1734154,0.000,1.000,54.9579,55.4473
ROI_075/patch_56,nearest,0–16,1,6248,0.000,1.000,7.6920,8.3378
ROI_075/patch_56,nearest,16–32,1,18268,0.000,1.000,13.0251,13.6862
ROI_075/patch_56,nearest,32–64,1,57658,0.000,1.000,56.8275,58.1274
ROI_075/patch_56,nearest,64–128,1,99886,0.000,1.000,49.7900,50.7305
ROI_075/patch_56,nearest,≥128,1,80084,0.000,1.000,186.6459,188.1975
ROI_075/patch_56,own,0–16,1,6248,0.000,1.000,7.6423,8.2902
ROI_075/patch_56,own,16–32,1,18329,0.000,1.000,11.3720,12.0169
ROI_075/patch_56,own,32–64,1,70547,0.000,1.000,26.5063,27.3470
ROI_075/patch_56,own,64–128,1,217189,0.000,1.000,37.5972,38.5041
ROI_075/patch_56,own,≥128,1,1784839,0.000,1.000,47.1536,47.9462
ROI_075/patch_57,nearest,0–16,1,6438,0.000,1.000,45.1640,45.4541
ROI_075/patch_57,nearest,16–32,1,18801,0.000,1.000,47.2213,47.5569
ROI_075/patch_57,nearest,32–64,1,68548,0.000,1.000,70.3236,70.6320
ROI_075/patch_57,nearest,64–128,1,127760,0.000,1.000,146.0435,146.5577
ROI_075/patch_57,nearest,≥128,1,40597,0.000,1.000,282.5143,283.2044
ROI_075/patch_57,own,0–16,1,6438,0.000,1.000,45.1716,45.4638
ROI_075/patch_57,own,16–32,1,18801,0.000,1.000,48.0917,48.4258
ROI_075/patch_57,own,32–64,1,71481,0.000,1.000,68.0849,68.4044
ROI_075/patch_57,own,64–128,1,241248,0.000,1.000,77.4582,77.8460
ROI_075/patch_57,own,≥128,1,1759184,0.000,1.000,118.5788,119.1182
ROI_075/patch_58,nearest,0–16,1,6430,0.000,1.000,4.0836,5.1843
ROI_075/patch_58,nearest,16–32,1,19115,0.000,1.000,4.1139,5.2954
ROI_075/patch_58,nearest,32–64,1,63014,0.000,1.000,5.9572,7.2640
ROI_075/patch_58,nearest,64–128,1,121436,0.000,1.000,23.8269,25.6261
ROI_075/patch_58,nearest,≥128,1,52149,0.000,1.000,65.8167,68.1035
ROI_075/patch_58,own,0–16,1,6430,0.000,1.000,4.0887,5.1897
ROI_075/patch_58,own,16–32,1,19115,0.000,1.000,4.0967,5.2855
ROI_075/patch_58,own,32–64,1,71473,0.000,1.000,5.8669,7.1688
ROI_075/patch_58,own,64–128,1,260090,0.000,1.000,15.6900,17.3557
ROI_075/patch_58,own,≥128,1,1740044,0.000,1.000,50.6380,53.2342
ROI_075/patch_59,nearest,0–16,1,6430,0.000,1.000,17.2072,18.7351
ROI_075/patch_59,nearest,16–32,1,18595,0.000,1.000,18.2572,19.8145
ROI_075/patch_59,nearest,32–64,1,65525,0.000,1.000,43.9277,45.8015
ROI_075/patch_59,nearest,64–128,1,119668,0.000,1.000,46.6587,49.3019
ROI_075/patch_59,nearest,≥128,1,51926,0.000,1.000,104.2693,107.8156
ROI_075/patch_59,own,0–16,1,6430,0.000,1.000,17.3588,18.8838
ROI_075/patch_59,own,16–32,1,18595,0.000,1.000,17.8508,19.4271
ROI_075/patch_59,own,32–64,1,67424,0.000,1.000,35.7911,37.6234
ROI_075/patch_59,own,64–128,1,207880,0.000,1.000,29.8650,31.8099
ROI_075/patch_59,own,≥128,1,1796823,0.000,1.000,65.6090,68.6140
ROI_075/patch_60,nearest,0–16,1,6428,0.000,1.000,3.9966,5.6261
ROI_075/patch_60,nearest,16–32,1,19199,0.000,1.000,3.9533,5.6030
ROI_075/patch_60,nearest,32–64,1,69651,0.000,1.000,4.0173,5.6487
ROI_075/patch_60,nearest,64–128,1,119546,0.000,1.000,4.1014,5.7139
ROI_075/patch_60,nearest,≥128,1,47320,0.000,1.000,144.4618,149.3050
ROI_075/patch_60,own,0–16,1,6428,0.000,1.000,3.9969,5.6145
ROI_075/patch_60,own,16–32,1,19199,0.000,1.000,3.9816,5.6132
ROI_075/patch_60,own,32–64,1,70597,0.000,1.000,3.9660,5.5800
ROI_075/patch_60,own,64–128,1,243802,0.000,1.000,3.7927,5.3451
ROI_075/patch_60,own,≥128,1,1757126,0.000,1.000,42.8426,44.8422
ROI_075/patch_61,nearest,0–16,1,7212,0.000,1.000,21.2950,22.5663
ROI_075/patch_61,nearest,16–32,1,20992,0.000,1.000,21.5056,22.7388
ROI_075/patch_61,nearest,32–64,1,75147,0.000,1.000,26.4446,27.6324
ROI_075/patch_61,nearest,64–128,1,127372,0.000,1.000,103.6002,105.1036
ROI_075/patch_61,nearest,≥128,1,31421,0.000,1.000,182.6061,186.4297
ROI_075/patch_61,own,0–16,1,7212,0.000,1.000,21.2992,22.5660
ROI_075/patch_61,own,16–32,1,20992,0.000,1.000,21.4556,22.6774
ROI_075/patch_61,own,32–64,1,78536,0.000,1.000,25.9538,27.1253
ROI_075/patch_61,own,64–128,1,260521,0.000,1.000,77.9053,79.2409
ROI_075/patch_61,own,≥128,1,1992035,0.000,1.000,65.6643,67.2106
ROI_075/patch_62,nearest,0–16,1,6737,0.000,1.000,2.4733,3.6932
ROI_075/patch_62,nearest,16–32,1,19630,0.000,1.000,2.5464,3.7768
ROI_075/patch_62,nearest,32–64,1,72552,0.000,1.000,2.7581,4.0643
ROI_075/patch_62,nearest,64–128,1,120716,0.000,1.000,21.7590,23.3919
ROI_075/patch_62,nearest,≥128,1,42509,0.000,1.000,28.8348,29.9186
ROI_075/patch_62,own,0–16,1,6737,0.000,1.000,2.4727,3.7005
ROI_075/patch_62,own,16–32,1,19630,0.000,1.000,2.5262,3.7500
ROI_075/patch_62,own,32–64,1,74339,0.000,1.000,2.7754,4.0711
ROI_075/patch_62,own,64–128,1,261343,0.000,1.000,20.8505,22.4210
ROI_075/patch_62,own,≥128,1,1997247,0.000,1.000,19.6071,20.8135
ROI_075/patch_63,nearest,0–16,1,7244,0.000,1.000,4.4071,5.4338
ROI_075/patch_63,nearest,16–32,1,20855,0.000,1.000,4.4311,5.4271
ROI_075/patch_63,nearest,32–64,1,72758,0.000,1.000,4.6176,5.5629
ROI_075/patch_63,nearest,64–128,1,120287,0.000,1.000,11.7370,12.5272
ROI_075/patch_63,nearest,≥128,1,41000,0.000,1.000,278.6692,279.8566
ROI_075/patch_63,own,0–16,1,7244,0.000,1.000,4.3706,5.3917
ROI_075/patch_63,own,16–32,1,20855,0.000,1.000,4.4320,5.4284
ROI_075/patch_63,own,32–64,1,74799,0.000,1.000,4.5946,5.5381
ROI_075/patch_63,own,64–128,1,262134,0.000,1.000,10.0720,10.8980
ROI_075/patch_63,own,≥128,1,1994264,0.000,1.000,63.3888,64.2848
ROI_075/patch_64,nearest,0–16,1,6274,0.000,1.000,7.2508,9.2680
ROI_075/patch_64,nearest,16–32,1,17648,0.000,1.000,7.2612,9.2375
ROI_075/patch_64,nearest,32–64,1,60362,0.000,1.000,7.3812,9.2206
ROI_075/patch_64,nearest,64–128,1,125664,0.000,1.000,55.7947,57.6546
ROI_075/patch_64,nearest,≥128,1,52196,0.000,1.000,198.2044,199.1582
ROI_075/patch_64,own,0–16,1,6274,0.000,1.000,7.2628,9.3001
ROI_075/patch_64,own,16–32,1,17648,0.000,1.000,7.2084,9.2143
ROI_075/patch_64,own,32–64,1,68229,0.000,1.000,7.3094,9.2404
ROI_075/patch_64,own,64–128,1,251575,0.000,1.000,28.9142,31.0809
ROI_075/patch_64,own,≥128,1,1753426,0.000,1.000,67.8272,69.3470
ROI_075/patch_65,nearest,0–16,1,6449,0.000,1.000,9.3104,11.3116
ROI_075/patch_65,nearest,16–32,1,19116,0.000,1.000,11.4353,13.4689
ROI_075/patch_65,nearest,32–64,1,58986,0.000,1.000,23.9668,25.8409
ROI_075/patch_65,nearest,64–128,1,109997,0.000,1.000,11.7426,14.1457
ROI_075/patch_65,nearest,≥128,1,67596,0.000,1.000,24.9828,27.6167
ROI_075/patch_65,own,0–16,1,6449,0.000,1.000,9.3675,11.3742
ROI_075/patch_65,own,16–32,1,19116,0.000,1.000,11.5694,13.5950
ROI_075/patch_65,own,32–64,1,67465,0.000,1.000,21.9814,23.8864
ROI_075/patch_65,own,64–128,1,219352,0.000,1.000,19.0887,21.1402
ROI_075/patch_65,own,≥128,1,1784770,0.000,1.000,20.7757,23.0008
ROI_075/patch_66,nearest,0–16,1,7248,0.000,1.000,4.8376,6.1201
ROI_075/patch_66,nearest,16–32,1,21537,0.000,1.000,5.0540,6.3247
ROI_075/patch_66,nearest,32–64,1,74595,0.000,1.000,5.4046,6.6856
ROI_075/patch_66,nearest,64–128,1,132050,0.000,1.000,23.9655,25.3601
ROI_075/patch_66,nearest,≥128,1,26714,0.000,1.000,92.9018,94.2630
ROI_075/patch_66,own,0–16,1,7248,0.000,1.000,4.8843,6.1556
ROI_075/patch_66,own,16–32,1,21537,0.000,1.000,4.9087,6.1684
ROI_075/patch_66,own,32–64,1,81444,0.000,1.000,5.5964,6.8916
ROI_075/patch_66,own,64–128,1,262335,0.000,1.000,21.1054,22.6180
ROI_075/patch_66,own,≥128,1,1986732,0.000,1.000,37.5038,38.9575
ROI_075/patch_67,nearest,0–16,1,7234,0.000,1.000,1.6293,2.0640
ROI_075/patch_67,nearest,16–32,1,20638,0.000,1.000,1.5890,2.0686
ROI_075/patch_67,nearest,32–64,1,70042,0.000,1.000,1.3467,1.8911
ROI_075/patch_67,nearest,64–128,1,115012,0.000,1.000,32.6587,33.2337
ROI_075/patch_67,nearest,≥128,1,49218,0.000,1.000,52.2883,55.8090
ROI_075/patch_67,own,0–16,1,7234,0.000,1.000,1.6950,2.1269
ROI_075/patch_67,own,16–32,1,20638,0.000,1.000,1.5898,2.0711
ROI_075/patch_67,own,32–64,1,76831,0.000,1.000,1.2283,1.7543
ROI_075/patch_67,own,64–128,1,257689,0.000,1.000,24.5704,25.1948
ROI_075/patch_67,own,≥128,1,1996904,0.000,1.000,20.8026,21.3294
ROI_075/patch_68,nearest,0–16,1,7236,0.000,1.000,7.7827,9.7533
ROI_075/patch_68,nearest,16–32,1,21002,0.000,1.000,18.8206,20.7466
ROI_075/patch_68,nearest,32–64,1,66110,0.000,1.000,22.7191,24.6693
ROI_075/patch_68,nearest,64–128,1,115580,0.000,1.000,11.6703,13.8842
ROI_075/patch_68,nearest,≥128,1,52216,0.000,1.000,137.2065,141.2581
ROI_075/patch_68,own,0–16,1,7236,0.000,1.000,7.6922,9.6519
ROI_075/patch_68,own,16–32,1,21002,0.000,1.000,15.6795,17.6052
ROI_075/patch_68,own,32–64,1,73474,0.000,1.000,12.4818,14.3849
ROI_075/patch_68,own,64–128,1,243276,0.000,1.000,13.5473,15.5859
ROI_075/patch_68,own,≥128,1,2014308,0.000,1.000,31.5724,33.6300
ROI_075/patch_69,nearest,0–16,1,7006,0.000,1.000,21.5173,22.9658
ROI_075/patch_69,nearest,16–32,1,20681,0.000,1.000,21.7999,23.2654
ROI_075/patch_69,nearest,32–64,1,73544,0.000,1.000,22.3084,23.7440
ROI_075/patch_69,nearest,64–128,1,115014,0.000,1.000,22.9693,24.4142
ROI_075/patch_69,nearest,≥128,1,45899,0.000,1.000,63.4518,64.9789
ROI_075/patch_69,own,0–16,1,7006,0.000,1.000,21.6413,23.0838
ROI_075/patch_69,own,16–32,1,20681,0.000,1.000,21.6697,23.1351
ROI_075/patch_69,own,32–64,1,78868,0.000,1.000,21.7620,23.1877
ROI_075/patch_69,own,64–128,1,288022,0.000,1.000,26.7862,28.2477
ROI_075/patch_69,own,≥128,1,1964719,0.000,1.000,40.4991,42.0888
ROI_075/patch_70,nearest,0–16,1,6435,0.000,1.000,21.5873,22.7284
ROI_075/patch_70,nearest,16–32,1,19034,0.000,1.000,21.7072,22.8369
ROI_075/patch_70,nearest,32–64,1,71306,0.000,1.000,23.3707,24.4788
ROI_075/patch_70,nearest,64–128,1,133920,0.000,1.000,31.9795,33.0526
ROI_075/patch_70,nearest,≥128,1,31449,0.000,1.000,62.8261,63.8511
ROI_075/patch_70,own,0–16,1,6435,0.000,1.000,21.4724,22.6232
ROI_075/patch_70,own,16–32,1,19034,0.000,1.000,21.7077,22.8482
ROI_075/patch_70,own,32–64,1,71995,0.000,1.000,22.7031,23.8439
ROI_075/patch_70,own,64–128,1,248926,0.000,1.000,26.9814,28.0822
ROI_075/patch_70,own,≥128,1,1750762,0.000,1.000,37.3108,38.3142
ROI_075/patch_71,nearest,0–16,1,7233,0.000,1.000,4.5094,5.6121
ROI_075/patch_71,nearest,16–32,1,21708,0.000,1.000,4.5933,5.6519
ROI_075/patch_71,nearest,32–64,1,75360,0.000,1.000,5.5680,6.6709
ROI_075/patch_71,nearest,64–128,1,127922,0.000,1.000,19.4522,20.8098
ROI_075/patch_71,nearest,≥128,1,29921,0.000,1.000,34.5199,36.1538
ROI_075/patch_71,own,0–16,1,7233,0.000,1.000,4.5289,5.6244
ROI_075/patch_71,own,16–32,1,21708,0.000,1.000,4.5560,5.6327
ROI_075/patch_71,own,32–64,1,85098,0.000,1.000,5.2552,6.3611
ROI_075/patch_71,own,64–128,1,291100,0.000,1.000,12.7703,14.1085
ROI_075/patch_71,own,≥128,1,1954157,0.000,1.000,12.6466,13.9864
ROI_075/patch_72,nearest,0–16,1,6870,0.000,1.000,15.7115,16.9790
ROI_075/patch_72,nearest,16–32,1,19757,0.000,1.000,15.7545,17.0413
ROI_075/patch_72,nearest,32–64,1,69781,0.000,1.000,16.0341,17.3175
ROI_075/patch_72,nearest,64–128,1,135350,0.000,1.000,54.4300,55.7779
ROI_075/patch_72,nearest,≥128,1,30386,0.000,1.000,41.8230,43.4901
ROI_075/patch_72,own,0–16,1,6870,0.000,1.000,15.7170,16.9747
ROI_075/patch_72,own,16–32,1,19757,0.000,1.000,15.8181,17.0997
ROI_075/patch_72,own,32–64,1,76762,0.000,1.000,16.0281,17.3306
ROI_075/patch_72,own,64–128,1,258579,0.000,1.000,32.2569,33.5675
ROI_075/patch_72,own,≥128,1,1997328,0.000,1.000,24.3404,25.6167
ROI_075/patch_73,nearest,0–16,1,6429,0.000,1.000,13.7903,16.0507
ROI_075/patch_73,nearest,16–32,1,18975,0.000,1.000,13.6648,15.9422
ROI_075/patch_73,nearest,32–64,1,64701,0.000,1.000,13.9763,16.3140
ROI_075/patch_73,nearest,64–128,1,117282,0.000,1.000,92.3473,94.7630
ROI_075/patch_73,nearest,≥128,1,54757,0.650,1.000,503.4937,506.5327
ROI_075/patch_73,own,0–16,1,6429,0.000,1.000,13.7920,16.0521
ROI_075/patch_73,own,16–32,1,18975,0.000,1.000,13.8283,16.1179
ROI_075/patch_73,own,32–64,1,71761,0.000,1.000,13.8987,16.2248
ROI_075/patch_73,own,64–128,1,250806,0.000,1.000,42.2634,44.6335
ROI_075/patch_73,own,≥128,1,1749181,0.000,1.000,152.1606,154.6855
ROI_075/patch_74,nearest,0–16,1,6425,0.000,1.000,7.2572,7.6848
ROI_075/patch_74,nearest,16–32,1,19287,0.000,1.000,7.2243,7.6461
ROI_075/patch_74,nearest,32–64,1,66405,0.000,1.000,7.1511,7.5901
ROI_075/patch_74,nearest,64–128,1,119316,0.000,1.000,18.4333,18.8597
ROI_075/patch_74,nearest,≥128,1,50711,0.000,1.000,495.3881,504.2388
ROI_075/patch_74,own,0–16,1,6425,0.000,1.000,7.2556,7.6873
ROI_075/patch_74,own,16–32,1,19287,0.000,1.000,7.1727,7.5982
ROI_075/patch_74,own,32–64,1,70649,0.000,1.000,7.2956,7.7415
ROI_075/patch_74,own,64–128,1,220709,0.000,1.000,20.0073,20.5423
ROI_075/patch_74,own,≥128,1,1780082,0.000,1.000,46.5973,47.4175
ROI_075/patch_75,nearest,0–16,1,6984,0.000,1.000,77.4698,81.4907
ROI_075/patch_75,nearest,16–32,1,20674,0.000,1.000,77.6122,81.6276
ROI_075/patch_75,nearest,32–64,1,70732,0.000,1.000,82.2384,86.2202
ROI_075/patch_75,nearest,64–128,1,131425,0.000,1.000,129.0280,133.2623
ROI_075/patch_75,nearest,≥128,1,32329,0.000,1.000,323.7555,329.3850
ROI_075/patch_75,own,0–16,1,6984,0.000,1.000,77.2648,81.2801
ROI_075/patch_75,own,16–32,1,20674,0.000,1.000,79.1077,83.1402
ROI_075/patch_75,own,32–64,1,78643,0.000,1.000,81.1783,85.1688
ROI_075/patch_75,own,64–128,1,275007,0.000,1.000,100.2676,104.3848
ROI_075/patch_75,own,≥128,1,1977988,0.000,1.000,141.7660,146.1129
ROI_075/patch_76,nearest,0–16,1,6429,0.000,1.000,4.0479,5.1431
ROI_075/patch_76,nearest,16–32,1,18836,0.000,1.000,4.0673,5.0668
ROI_075/patch_76,nearest,32–64,1,62240,0.000,1.000,4.4946,5.4554
ROI_075/patch_76,nearest,64–128,1,125972,0.000,1.000,43.4207,44.6991
ROI_075/patch_76,nearest,≥128,1,48667,0.000,1.000,149.6304,150.8640
ROI_075/patch_76,own,0–16,1,6429,0.000,1.000,4.1088,5.2258
ROI_075/patch_76,own,16–32,1,18836,0.000,1.000,4.0219,5.0461
ROI_075/patch_76,own,32–64,1,71352,0.000,1.000,5.5718,6.5186
ROI_075/patch_76,own,64–128,1,249585,0.000,1.000,33.9054,35.0083
ROI_075/patch_76,own,≥128,1,1750950,0.000,1.000,35.8600,36.7893
ROI_075/patch_77,nearest,0–16,1,7227,0.000,1.000,12.0484,13.1661
ROI_075/patch_77,nearest,16–32,1,21334,0.000,1.000,12.2248,13.3433
ROI_075/patch_77,nearest,32–64,1,74590,0.000,1.000,13.4627,14.6038
ROI_075/patch_77,nearest,64–128,1,98574,0.000,1.000,17.7689,18.9280
ROI_075/patch_77,nearest,≥128,1,60419,0.700,1.000,505.9428,509.5912
ROI_075/patch_77,own,0–16,1,7227,0.000,1.000,12.0311,13.1457
ROI_075/patch_77,own,16–32,1,21334,0.000,1.000,12.1739,13.2874
ROI_075/patch_77,own,32–64,1,81339,0.000,1.000,13.2488,14.3850
ROI_075/patch_77,own,64–128,1,288942,0.000,1.000,15.4036,16.5601
ROI_075/patch_77,own,≥128,1,1960454,0.000,1.000,46.9813,48.7294
ROI_075/patch_78,nearest,0–16,1,7154,0.000,1.000,7.1698,8.0725
ROI_075/patch_78,nearest,16–32,1,19975,0.000,1.000,7.1335,8.0479
ROI_075/patch_78,nearest,32–64,1,60315,0.000,1.000,7.6644,8.6199
ROI_075/patch_78,nearest,64–128,1,114959,0.000,1.000,135.6160,136.9952
ROI_075/patch_78,nearest,≥128,1,59741,0.000,1.000,998.4303,1000.9614
ROI_075/patch_78,own,0–16,1,7154,0.000,1.000,7.2015,8.1070
ROI_075/patch_78,own,16–32,1,19975,0.000,1.000,7.0400,7.9586
ROI_075/patch_78,own,32–64,1,73635,0.000,1.000,7.5554,8.5349
ROI_075/patch_78,own,64–128,1,259043,0.000,1.000,37.5196,38.5685
ROI_075/patch_78,own,≥128,1,1999489,0.000,1.000,143.3964,144.5098
ROI_075/patch_79,nearest,0–16,1,6334,0.000,1.000,19.3070,20.4919
ROI_075/patch_79,nearest,16–32,1,18414,0.000,1.000,19.2582,20.4269
ROI_075/patch_79,nearest,32–64,1,68666,0.000,1.000,20.0898,21.2578
ROI_075/patch_79,nearest,64–128,1,129709,0.000,1.000,84.2747,85.6250
ROI_075/patch_79,nearest,≥128,1,39021,0.000,1.000,608.9065,610.3248
ROI_075/patch_79,own,0–16,1,6334,0.000,1.000,19.3022,20.4851
ROI_075/patch_79,own,16–32,1,18414,0.000,1.000,19.3400,20.5163
ROI_075/patch_79,own,32–64,1,71328,0.000,1.000,19.9854,21.1581
ROI_075/patch_79,own,64–128,1,263234,0.000,1.000,46.7660,48.1568
ROI_075/patch_79,own,≥128,1,1737842,0.000,1.000,100.7145,102.1507
ROI_075/patch_80,nearest,0–16,1,7224,0.000,1.000,28.1179,29.5900
ROI_075/patch_80,nearest,16–32,1,21680,0.000,1.000,28.0816,29.5495
ROI_075/patch_80,nearest,32–64,1,73419,0.000,1.000,28.1454,29.5941
ROI_075/patch_80,nearest,64–128,1,124657,0.000,1.000,118.7514,120.2549
ROI_075/patch_80,nearest,≥128,1,35164,0.000,1.000,431.1874,433.7289
ROI_075/patch_80,own,0–16,1,7224,0.000,1.000,28.0478,29.5286
ROI_075/patch_80,own,16–32,1,21680,0.000,1.000,28.1169,29.5721
ROI_075/patch_80,own,32–64,1,79509,0.000,1.000,29.2179,30.6420
ROI_075/patch_80,own,64–128,1,270164,0.000,1.000,176.5307,178.1494
ROI_075/patch_80,own,≥128,1,1980719,0.000,1.000,309.4843,311.7493
ROI_075/patch_81,nearest,0–16,1,6379,0.000,1.000,8.8134,10.0901
ROI_075/patch_81,nearest,16–32,1,17292,0.000,1.000,8.9510,10.2220
ROI_075/patch_81,nearest,32–64,1,54901,0.000,1.000,10.5622,11.9194
ROI_075/patch_81,nearest,64–128,1,121264,0.000,1.000,12.9137,14.4647
ROI_075/patch_81,nearest,≥128,1,62308,0.000,1.000,228.0353,233.3919
ROI_075/patch_81,own,0–16,1,6379,0.000,1.000,8.8063,10.0760
ROI_075/patch_81,own,16–32,1,18457,0.000,1.000,8.9923,10.2882
ROI_075/patch_81,own,32–64,1,67729,0.000,1.000,10.2239,11.5441
ROI_075/patch_81,own,64–128,1,250806,0.000,1.000,12.9187,14.3723
ROI_075/patch_81,own,≥128,1,1753781,0.000,1.000,71.4365,73.8076
ROI_075/patch_82,nearest,0–16,1,7243,0.000,1.000,13.2391,13.9806
ROI_075/patch_82,nearest,16–32,1,21700,0.000,1.000,13.2599,13.9971
ROI_075/patch_82,nearest,32–64,1,72194,0.000,1.000,13.2923,14.0125
ROI_075/patch_82,nearest,64–128,1,117363,0.000,1.000,40.3919,41.2805
ROI_075/patch_82,nearest,≥128,1,43644,1.000,1.000,,
ROI_075/patch_82,own,0–16,1,7243,0.000,1.000,13.2013,13.9464
ROI_075/patch_82,own,16–32,1,21700,0.000,1.000,13.3905,14.1409
ROI_075/patch_82,own,32–64,1,82369,0.000,1.000,13.4986,14.2250
ROI_075/patch_82,own,64–128,1,286437,0.000,1.000,27.4853,28.4607
ROI_075/patch_82,own,≥128,1,1961547,0.000,1.000,47.0158,48.0198
ROI_075/patch_83,nearest,0–16,1,6188,0.000,1.000,13.4375,15.0552
ROI_075/patch_83,nearest,16–32,1,18239,0.000,1.000,16.1214,17.4727
ROI_075/patch_83,nearest,32–64,1,61207,0.000,1.000,36.6670,37.6287
ROI_075/patch_83,nearest,64–128,1,125326,0.000,1.000,71.5135,72.3860
ROI_075/patch_83,nearest,≥128,1,51184,0.000,1.000,29.0839,31.0647
ROI_075/patch_83,own,0–16,1,6188,0.000,1.000,13.5752,15.1902
ROI_075/patch_83,own,16–32,1,18239,0.000,1.000,16.2315,17.5820
ROI_075/patch_83,own,32–64,1,70128,0.000,1.000,48.2220,48.9936
ROI_075/patch_83,own,64–128,1,233602,0.000,1.000,84.5109,85.4709
ROI_075/patch_83,own,≥128,1,1768995,0.000,1.000,121.2206,122.6372
ROI_075/patch_84,nearest,0–16,1,6442,0.000,1.000,1.0949,1.4859
ROI_075/patch_84,nearest,16–32,1,18651,0.000,1.000,1.1641,1.5622
ROI_075/patch_84,nearest,32–64,1,67372,0.000,1.000,1.3181,1.7142
ROI_075/patch_84,nearest,64–128,1,126789,0.000,1.000,46.5084,47.7012
ROI_075/patch_84,nearest,≥128,1,42890,0.000,1.000,529.0910,530.5972
ROI_075/patch_84,own,0–16,1,6442,0.000,1.000,1.1010,1.4903
ROI_075/patch_84,own,16–32,1,18651,0.000,1.000,1.1707,1.5623
ROI_075/patch_84,own,32–64,1,72801,0.000,1.000,1.3544,1.7431
ROI_075/patch_84,own,64–128,1,255446,0.000,1.000,31.4876,32.4065
ROI_075/patch_84,own,≥128,1,1743812,0.000,1.000,103.5202,104.5069
ROI_075/patch_85,nearest,0–16,1,6435,0.000,1.000,12.0577,13.5434
ROI_075/patch_85,nearest,16–32,1,19295,0.000,1.000,12.3146,13.7721
ROI_075/patch_85,nearest,32–64,1,66891,0.000,1.000,14.7900,16.2952
ROI_075/patch_85,nearest,64–128,1,134764,0.000,1.000,92.3105,93.8992
ROI_075/patch_85,nearest,≥128,1,34759,0.000,1.000,168.1525,169.5957
ROI_075/patch_85,own,0–16,1,6435,0.000,1.000,12.1122,13.6017
ROI_075/patch_85,own,16–32,1,19295,0.000,1.000,12.2241,13.6837
ROI_075/patch_85,own,32–64,1,72862,0.000,1.000,15.4027,16.9005
ROI_075/patch_85,own,64–128,1,255875,0.000,1.000,64.7527,66.3892
ROI_075/patch_85,own,≥128,1,1742685,0.000,1.000,83.5623,84.9651
ROI_075/patch_86,nearest,0–16,1,6431,0.000,1.000,13.3626,14.6848
ROI_075/patch_86,nearest,16–32,1,18617,0.000,1.000,13.4213,14.6486
ROI_075/patch_86,nearest,32–64,1,65481,0.000,1.000,13.9483,15.1239
ROI_075/patch_86,nearest,64–128,1,143572,0.000,1.000,30.6673,31.9581
ROI_075/patch_86,nearest,≥128,1,28043,0.000,1.000,287.6645,292.9736
ROI_075/patch_86,own,0–16,1,6431,0.000,1.000,13.3384,14.6606
ROI_075/patch_86,own,16–32,1,18617,0.000,1.000,13.5111,14.7354
ROI_075/patch_86,own,32–64,1,65847,0.000,1.000,14.0656,15.2075
ROI_075/patch_86,own,64–128,1,235125,0.000,1.000,21.8080,23.2030
ROI_075/patch_86,own,≥128,1,1771132,0.000,1.000,66.6691,68.2614
ROI_075/patch_87,nearest,0–16,1,7080,0.000,1.000,5.2636,6.9491
ROI_075/patch_87,nearest,16–32,1,20751,0.000,1.000,5.4816,7.1546
ROI_075/patch_87,nearest,32–64,1,73383,0.000,1.000,14.0579,15.8002
ROI_075/patch_87,nearest,64–128,1,120428,0.000,1.000,22.0573,23.8732
ROI_075/patch_87,nearest,≥128,1,40502,0.000,1.000,85.1792,87.3877
ROI_075/patch_87,own,0–16,1,7080,0.000,1.000,5.2903,6.9709
ROI_075/patch_87,own,16–32,1,20751,0.000,1.000,5.5519,7.2073
ROI_075/patch_87,own,32–64,1,81332,0.000,1.000,9.5202,11.2334
ROI_075/patch_87,own,64–128,1,279866,0.000,1.000,18.3018,20.0898
ROI_075/patch_87,own,≥128,1,1970267,0.000,1.000,32.6081,34.3419
ROI_075/patch_88,nearest,0–16,1,6443,0.000,1.000,5.9169,9.1679
ROI_075/patch_88,nearest,16–32,1,19066,0.000,1.000,5.9945,9.1988
ROI_075/patch_88,nearest,32–64,1,68823,0.000,1.000,11.6200,14.9723
ROI_075/patch_88,nearest,64–128,1,134751,0.000,1.000,74.7943,78.6895
ROI_075/patch_88,nearest,≥128,1,33061,0.050,1.000,558.8861,562.3407
ROI_075/patch_88,own,0–16,1,6443,0.000,1.000,5.9148,9.1676
ROI_075/patch_88,own,16–32,1,19066,0.000,1.000,6.0515,9.2531
ROI_075/patch_88,own,32–64,1,71799,0.000,1.000,12.9936,16.3168
ROI_075/patch_88,own,64–128,1,246975,0.000,1.000,48.3937,52.4282
ROI_075/patch_88,own,≥128,1,1752869,0.000,1.000,77.8019,81.6043
ROI_075/patch_89,nearest,0–16,1,7250,0.000,1.000,3.9111,5.1974
ROI_075/patch_89,nearest,16–32,1,21524,0.000,1.000,8.4677,9.8935
ROI_075/patch_89,nearest,32–64,1,71930,0.000,1.000,21.2411,22.3918
ROI_075/patch_89,nearest,64–128,1,122491,0.000,1.000,18.1522,19.0819
ROI_075/patch_89,nearest,≥128,1,38949,0.000,1.000,235.0201,236.1824
ROI_075/patch_89,own,0–16,1,7250,0.000,1.000,4.0660,5.3290
ROI_075/patch_89,own,16–32,1,21534,0.000,1.000,8.2712,9.6859
ROI_075/patch_89,own,32–64,1,77457,0.000,1.000,24.7345,25.8917
ROI_075/patch_89,own,64–128,1,257371,0.000,1.000,14.1336,15.1235
ROI_075/patch_89,own,≥128,1,1995684,0.000,1.000,26.6612,27.8447
ROI_075/patch_90,nearest,0–16,1,6448,0.000,1.000,1.9183,2.4087
ROI_075/patch_90,nearest,16–32,1,18675,0.000,1.000,1.9528,2.4104
ROI_075/patch_90,nearest,32–64,1,63837,0.000,1.000,2.0542,2.4599
ROI_075/patch_90,nearest,64–128,1,130226,0.000,1.000,5.2506,5.6147
ROI_075/patch_90,nearest,≥128,1,42958,0.000,1.000,72.3283,72.7536
ROI_075/patch_90,own,0–16,1,6448,0.000,1.000,1.9104,2.4028
ROI_075/patch_90,own,16–32,1,18675,0.000,1.000,1.9712,2.4415
ROI_075/patch_90,own,32–64,1,67509,0.000,1.000,2.2017,2.6199
ROI_075/patch_90,own,64–128,1,241764,0.000,1.000,4.9780,5.4319
ROI_075/patch_90,own,≥128,1,1762756,0.000,1.000,23.0936,23.6090
ROI_075/patch_91,nearest,0–16,1,6432,0.000,1.000,8.2978,9.4624
ROI_075/patch_91,nearest,16–32,1,18133,0.000,1.000,8.3455,9.4133
ROI_075/patch_91,nearest,32–64,1,66146,0.000,1.000,8.3538,9.2140
ROI_075/patch_91,nearest,64–128,1,145141,0.000,1.000,14.4646,15.7274
ROI_075/patch_91,nearest,≥128,1,26292,0.000,1.000,28.0474,31.1308
ROI_075/patch_91,own,0–16,1,6432,0.000,1.000,8.3196,9.4769
ROI_075/patch_91,own,16–32,1,18133,0.000,1.000,8.3430,9.4176
ROI_075/patch_91,own,32–64,1,66146,0.000,1.000,8.4223,9.3036
ROI_075/patch_91,own,64–128,1,231996,0.000,1.000,10.7649,11.8757
ROI_075/patch_91,own,≥128,1,1774445,0.000,1.000,11.1042,12.3485
ROI_075/patch_92,nearest,0–16,1,7234,0.000,1.000,17.9949,18.9352
ROI_075/patch_92,nearest,16–32,1,21713,0.000,1.000,18.2032,19.1426
ROI_075/patch_92,nearest,32–64,1,70970,0.000,1.000,18.8065,19.7888
ROI_075/patch_92,nearest,64–128,1,129623,0.000,1.000,32.5461,33.6193
ROI_075/patch_92,nearest,≥128,1,32604,0.000,1.000,77.1083,78.5239
ROI_075/patch_92,own,0–16,1,7234,0.000,1.000,17.8511,18.8011
ROI_075/patch_92,own,16–32,1,21713,0.000,1.000,17.9431,18.8993
ROI_075/patch_92,own,32–64,1,78584,0.000,1.000,18.5385,19.5104
ROI_075/patch_92,own,64–128,1,274620,0.000,1.000,27.1313,28.1340
ROI_075/patch_92,own,≥128,1,1977145,0.000,1.000,28.8773,29.9763
ROI_075/patch_93,nearest,0–16,1,7147,0.000,1.000,4.0231,5.0040
ROI_075/patch_93,nearest,16–32,1,20656,0.000,1.000,4.0944,5.1264
ROI_075/patch_93,nearest,32–64,1,65363,0.000,1.000,4.5133,5.6921
ROI_075/patch_93,nearest,64–128,1,133111,0.000,1.000,5.9043,7.2322
ROI_075/patch_93,nearest,≥128,1,35867,0.000,1.000,25.8490,28.3882
ROI_075/patch_93,own,0–16,1,7147,0.000,1.000,4.0326,5.0045
ROI_075/patch_93,own,16–32,1,20847,0.000,1.000,4.0750,5.0825
ROI_075/patch_93,own,32–64,1,80709,0.000,1.000,4.3764,5.5109
ROI_075/patch_93,own,64–128,1,256725,0.000,1.000,5.0992,6.4437
ROI_075/patch_93,own,≥128,1,1993868,0.000,1.000,4.9417,6.7414
ROI_075/patch_94,nearest,0–16,1,6437,0.000,1.000,7.2866,10.3625
ROI_075/patch_94,nearest,16–32,1,18547,0.000,1.000,7.4261,10.5370
ROI_075/patch_94,nearest,32–64,1,60981,0.000,1.000,8.1491,11.4507
ROI_075/patch_94,nearest,64–128,1,118928,0.000,1.000,14.9709,18.2369
ROI_075/patch_94,nearest,≥128,1,57251,0.000,1.000,42.4877,45.4796
ROI_075/patch_94,own,0–16,1,6437,0.000,1.000,7.3510,10.4058
ROI_075/patch_94,own,16–32,1,18821,0.000,1.000,7.5572,10.6539
ROI_075/patch_94,own,32–64,1,68686,0.000,1.000,8.0853,11.2675
ROI_075/patch_94,own,64–128,1,223292,0.000,1.000,11.8170,15.2036
ROI_075/patch_94,own,≥128,1,1779916,0.000,1.000,20.3144,23.4580
ROI_075/patch_95,nearest,0–16,1,7247,0.000,1.000,408.7504,411.0098
ROI_075/patch_95,nearest,16–32,1,20627,0.000,1.000,459.0944,461.3408
ROI_075/patch_95,nearest,32–64,1,67697,0.000,1.000,433.1786,435.4003
ROI_075/patch_95,nearest,64–128,1,132418,0.000,1.000,399.2187,401.5225
ROI_075/patch_95,nearest,≥128,1,34155,0.000,1.000,579.7057,582.1529
ROI_075/patch_95,own,0–16,1,7247,0.000,1.000,440.0182,442.2750
ROI_075/patch_95,own,16–32,1,20627,0.000,1.000,451.1521,453.4114
ROI_075/patch_95,own,32–64,1,71988,0.000,1.000,435.4278,437.6696
ROI_075/patch_95,own,64–128,1,244270,0.000,1.000,372.9870,375.3074
ROI_075/patch_95,own,≥128,1,2015164,0.000,1.000,376.7960,379.0530
ROI_075/patch_96,nearest,0–16,1,6442,0.000,1.000,8.0610,9.5885
ROI_075/patch_96,nearest,16–32,1,19303,0.000,1.000,8.2307,9.7920
ROI_075/patch_96,nearest,32–64,1,70597,0.000,1.000,8.7362,10.3172
ROI_075/patch_96,nearest,64–128,1,130277,0.000,1.000,13.9377,15.5258
ROI_075/patch_96,nearest,≥128,1,35525,0.000,1.000,21.1462,23.3148
ROI_075/patch_96,own,0–16,1,6442,0.000,1.000,8.1062,9.6326
ROI_075/patch_96,own,16–32,1,19303,0.000,1.000,8.1081,9.6613
ROI_075/patch_96,own,32–64,1,75265,0.000,1.000,8.7710,10.3828
ROI_075/patch_96,own,64–128,1,256212,0.000,1.000,12.2578,13.8308
ROI_075/patch_96,own,≥128,1,1739930,0.000,1.000,11.7212,13.3072
ROI_075/patch_97,nearest,0–16,1,6430,0.000,1.000,5.0996,6.5772
ROI_075/patch_97,nearest,16–32,1,19267,0.000,1.000,5.1047,6.5970
ROI_075/patch_97,nearest,32–64,1,64762,0.000,1.000,5.0209,6.6207
ROI_075/patch_97,nearest,64–128,1,136830,0.000,1.000,3.1381,4.7662
ROI_075/patch_97,nearest,≥128,1,34855,0.000,1.000,3.4647,5.4873
ROI_075/patch_97,own,0–16,1,6430,0.000,1.000,5.0809,6.5561
ROI_075/patch_97,own,16–32,1,19267,0.000,1.000,4.9884,6.5028
ROI_075/patch_97,own,32–64,1,72210,0.000,1.000,5.3073,6.9066
ROI_075/patch_97,own,64–128,1,242887,0.000,1.000,4.2452,5.8521
ROI_075/patch_97,own,≥128,1,1756358,0.000,1.000,1.8832,3.5796
ROI_075/patch_98,nearest,0–16,1,6202,0.000,1.000,45.9455,47.1356
ROI_075/patch_98,nearest,16–32,1,17877,0.000,1.000,46.3563,47.5929
ROI_075/patch_98,nearest,32–64,1,54873,0.000,1.000,49.4122,50.6603
ROI_075/patch_98,nearest,64–128,1,132585,0.000,1.000,58.9189,60.2044
ROI_075/patch_98,nearest,≥128,1,50607,0.000,1.000,102.8228,104.4215
ROI_075/patch_98,own,0–16,1,6202,0.000,1.000,45.8613,47.0545
ROI_075/patch_98,own,16–32,1,17878,0.000,1.000,46.3757,47.6255
ROI_075/patch_98,own,32–64,1,64878,0.000,1.000,48.2341,49.4899
ROI_075/patch_98,own,64–128,1,240425,0.000,1.000,58.8363,60.0875
ROI_075/patch_98,own,≥128,1,1767769,0.000,1.000,56.3623,57.5870
ROI_075/patch_99,nearest,0–16,1,6427,0.000,1.000,13.2646,15.4246
ROI_075/patch_99,nearest,16–32,1,18948,0.000,1.000,12.8096,14.9034
ROI_075/patch_99,nearest,32–64,1,66232,0.000,1.000,50.9471,52.8882
ROI_075/patch_99,nearest,64–128,1,124952,0.000,1.000,297.3882,299.3971
ROI_075/patch_99,nearest,≥128,1,45585,0.000,1.000,32.4759,35.0025
ROI_075/patch_99,own,0–16,1,6427,0.000,1.000,13.2573,15.4225
ROI_075/patch_99,own,16–32,1,18948,0.000,1.000,12.7688,14.8804
ROI_075/patch_99,own,32–64,1,70307,0.000,1.000,32.9391,34.8902
ROI_075/patch_99,own,64–128,1,226591,0.000,1.000,27.8827,29.8873
ROI_075/patch_99,own,≥128,1,1774879,0.000,1.000,26.0757,28.2527
ROI_075/patch_101,nearest,0–16,1,6440,0.000,1.000,1.4222,2.3957
ROI_075/patch_101,nearest,16–32,1,19289,0.000,1.000,1.4706,2.4383
ROI_075/patch_101,nearest,32–64,1,71443,0.000,1.000,1.4601,2.4523
ROI_075/patch_101,nearest,64–128,1,123945,0.000,1.000,1.7647,2.9147
ROI_075/patch_101,nearest,≥128,1,41027,0.000,1.000,2.8711,4.1980
ROI_075/patch_101,own,0–16,1,6440,0.000,1.000,1.4376,2.4047
ROI_075/patch_101,own,16–32,1,19289,0.000,1.000,1.4642,2.4261
ROI_075/patch_101,own,32–64,1,72578,0.000,1.000,1.5008,2.4981
ROI_075/patch_101,own,64–128,1,252744,0.000,1.000,1.6736,2.7914
ROI_075/patch_101,own,≥128,1,1746101,0.000,1.000,1.8257,2.9571
ROI_075/patch_102,nearest,0–16,1,6435,0.000,1.000,27.4399,31.8932
ROI_075/patch_102,nearest,16–32,1,18867,0.000,1.000,28.2477,32.6638
ROI_075/patch_102,nearest,32–64,1,62878,0.000,1.000,38.6686,43.0941
ROI_075/patch_102,nearest,64–128,1,127466,0.000,1.000,100.7830,105.4403
ROI_075/patch_102,nearest,≥128,1,46498,0.000,1.000,257.9128,266.8190
ROI_075/patch_102,own,0–16,1,6435,0.000,1.000,27.3895,31.8609
ROI_075/patch_102,own,16–32,1,18867,0.000,1.000,28.3747,32.8050
ROI_075/patch_102,own,32–64,1,69046,0.000,1.000,40.2432,44.7032
ROI_075/patch_102,own,64–128,1,232908,0.000,1.000,73.2698,77.8467
ROI_075/patch_102,own,≥128,1,1769896,0.000,1.000,86.7960,91.8672
ROI_075/patch_103,nearest,0–16,1,6898,0.000,1.000,30.3485,32.4023
ROI_075/patch_103,nearest,16–32,1,20559,0.000,1.000,35.6551,37.6082
ROI_075/patch_103,nearest,32–64,1,68560,0.000,1.000,57.5836,59.9861
ROI_075/patch_103,nearest,64–128,1,105016,0.000,1.000,233.8205,236.4638
ROI_075/patch_103,nearest,≥128,1,61111,0.000,1.000,1220.5336,1225.4657
ROI_075/patch_103,own,0–16,1,6898,0.000,1.000,30.3000,32.3072
ROI_075/patch_103,own,16–32,1,20559,0.000,1.000,34.7016,36.6606
ROI_075/patch_103,own,32–64,1,75999,0.000,1.000,60.3625,62.7889
ROI_075/patch_103,own,64–128,1,256674,0.000,1.000,101.3064,103.5056
ROI_075/patch_103,own,≥128,1,1999166,0.000,1.000,163.0348,165.5452
ROI_075/patch_104,nearest,0–16,1,6427,0.000,1.000,26.0112,29.2294
ROI_075/patch_104,nearest,16–32,1,18855,0.000,1.000,26.2100,29.5610
ROI_075/patch_104,nearest,32–64,1,67777,0.000,1.000,28.2536,31.9605
ROI_075/patch_104,nearest,64–128,1,136984,0.000,1.000,40.4283,44.0819
ROI_075/patch_104,nearest,≥128,1,32101,0.000,1.000,120.5943,124.5540
ROI_075/patch_104,own,0–16,1,6427,0.000,1.000,26.1110,29.3089
ROI_075/patch_104,own,16–32,1,19294,0.000,1.000,26.1724,29.4602
ROI_075/patch_104,own,32–64,1,74228,0.000,1.000,27.0601,30.8167
ROI_075/patch_104,own,64–128,1,247844,0.000,1.000,33.2493,37.1356
ROI_075/patch_104,own,≥128,1,1749359,0.000,1.000,54.8582,58.4787
ROI_075/patch_105,nearest,0–16,1,6278,0.000,1.000,4.5402,6.8658
ROI_075/patch_105,nearest,16–32,1,18198,0.000,1.000,4.5366,6.8730
ROI_075/patch_105,nearest,32–64,1,63916,0.000,1.000,4.7709,7.2108
ROI_075/patch_105,nearest,64–128,1,115365,0.000,1.000,17.9468,20.9369
ROI_075/patch_105,nearest,≥128,1,58387,0.000,1.000,48.5940,51.3454
ROI_075/patch_105,own,0–16,1,6278,0.000,1.000,4.5536,6.8782
ROI_075/patch_105,own,16–32,1,18198,0.000,1.000,4.4995,6.8365
ROI_075/patch_105,own,32–64,1,69051,0.000,1.000,4.4449,6.8545
ROI_075/patch_105,own,64–128,1,250071,0.000,1.000,9.5144,12.1987
ROI_075/patch_105,own,≥128,1,1753554,0.000,1.000,13.8262,16.4754
ROI_075/patch_106,nearest,0–16,1,7105,0.000,1.000,6.2398,8.0559
ROI_075/patch_106,nearest,16–32,1,19967,0.000,1.000,6.2934,8.3109
ROI_075/patch_106,nearest,32–64,1,71435,0.000,1.000,6.3890,8.6881
ROI_075/patch_106,nearest,64–128,1,128286,0.000,1.000,7.0436,9.1481
ROI_075/patch_106,nearest,≥128,1,35351,0.000,1.000,9.2057,10.8871
ROI_075/patch_106,own,0–16,1,7105,0.000,1.000,6.2961,8.0880
ROI_075/patch_106,own,16–32,1,19967,0.000,1.000,6.3062,8.3214
ROI_075/patch_106,own,32–64,1,73488,0.000,1.000,6.3683,8.7013
ROI_075/patch_106,own,64–128,1,240439,0.000,1.000,6.7598,8.9511
ROI_075/patch_106,own,≥128,1,2018297,0.000,1.000,7.5828,9.7648
ROI_075/patch_107,nearest,0–16,1,7153,0.000,1.000,11.6949,13.1056
ROI_075/patch_107,nearest,16–32,1,20256,0.000,1.000,11.8898,13.3528
ROI_075/patch_107,nearest,32–64,1,67825,0.000,1.000,13.2863,14.8216
ROI_075/patch_107,nearest,64–128,1,125462,0.000,1.000,17.1187,18.6659
ROI_075/patch_107,nearest,≥128,1,41448,0.000,1.000,54.7356,56.4466
ROI_075/patch_107,own,0–16,1,7153,0.000,1.000,11.7548,13.1714
ROI_075/patch_107,own,16–32,1,20256,0.000,1.000,11.8540,13.3255
ROI_075/patch_107,own,32–64,1,75816,0.000,1.000,12.8981,14.4334
ROI_075/patch_107,own,64–128,1,281281,0.000,1.000,14.7512,16.2817
ROI_075/patch_107,own,≥128,1,1974790,0.000,1.000,23.8531,25.3836
ROI_075/patch_108,nearest,0–16,1,6047,0.000,1.000,2.5312,3.9270
ROI_075/patch_108,nearest,16–32,1,17067,0.000,1.000,2.8107,4.2195
ROI_075/patch_108,nearest,32–64,1,48521,0.000,1.000,5.0112,6.7436
ROI_075/patch_108,nearest,64–128,1,112174,0.000,1.000,48.6309,51.0251
ROI_075/patch_108,nearest,≥128,1,78335,0.000,1.000,57.0704,59.7469
ROI_075/patch_108,own,0–16,1,6047,0.000,1.000,2.5738,3.9732
ROI_075/patch_108,own,16–32,1,17153,0.000,1.000,2.6966,4.0765
ROI_075/patch_108,own,32–64,1,62828,0.000,1.000,3.6427,5.1785
ROI_075/patch_108,own,64–128,1,217891,0.000,1.000,20.1177,21.7452
ROI_075/patch_108,own,≥128,1,1793233,0.000,1.000,51.7489,53.8222
ROI_075/patch_109,nearest,0–16,1,6432,0.000,1.000,12.6912,15.2343
ROI_075/patch_109,nearest,16–32,1,19313,0.000,1.000,12.9514,15.4844
ROI_075/patch_109,nearest,32–64,1,67938,0.000,1.000,25.1454,28.3654
ROI_075/patch_109,nearest,64–128,1,118549,0.000,1.000,210.1957,216.9969
ROI_075/patch_109,nearest,≥128,1,49912,1.000,1.000,,
ROI_075/patch_109,own,0–16,1,6432,0.000,1.000,12.7089,15.2703
ROI_075/patch_109,own,16–32,1,19313,0.000,1.000,12.9057,15.4078
ROI_075/patch_109,own,32–64,1,74736,0.000,1.000,25.5197,28.7878
ROI_075/patch_109,own,64–128,1,270799,0.000,1.000,83.3128,87.8248
ROI_075/patch_109,own,≥128,1,1725872,0.000,1.000,102.4008,108.5797
ROI_075/patch_110,nearest,0–16,1,6431,0.000,1.000,11.0783,13.0128
ROI_075/patch_110,nearest,16–32,1,18953,0.000,1.000,11.4160,13.4020
ROI_075/patch_110,nearest,32–64,1,69512,0.000,1.000,13.1446,15.3703
ROI_075/patch_110,nearest,64–128,1,114614,0.000,1.000,29.4689,31.8628
ROI_075/patch_110,nearest,≥128,1,52634,0.000,1.000,56.0961,58.7394
ROI_075/patch_110,own,0–16,1,6431,0.000,1.000,11.0733,13.0131
ROI_075/patch_110,own,16–32,1,18953,0.000,1.000,11.2989,13.3231
ROI_075/patch_110,own,32–64,1,73128,0.000,1.000,13.2342,15.4787
ROI_075/patch_110,own,64–128,1,260664,0.000,1.000,25.9549,28.2646
ROI_075/patch_110,own,≥128,1,1737976,0.000,1.000,25.4917,28.1425
ROI_075/patch_111,nearest,0–16,1,7174,0.000,1.000,7.3947,7.9539
ROI_075/patch_111,nearest,16–32,1,20685,0.000,1.000,7.1561,7.7188
ROI_075/patch_111,nearest,32–64,1,72513,0.000,1.000,8.0305,8.5229
ROI_075/patch_111,nearest,64–128,1,129538,0.000,1.000,9.3484,9.8202
ROI_075/patch_111,nearest,≥128,1,32234,0.000,1.000,29.9167,30.3290
ROI_075/patch_111,own,0–16,1,7174,0.000,1.000,7.3175,7.8749
ROI_075/patch_111,own,16–32,1,20685,0.000,1.000,7.2694,7.8293
ROI_075/patch_111,own,32–64,1,74258,0.000,1.000,7.8449,8.3171
ROI_075/patch_111,own,64–128,1,263826,0.000,1.000,9.5820,10.0403
ROI_075/patch_111,own,≥128,1,1993353,0.000,1.000,13.1896,13.6493
ROI_075/patch_112,nearest,0–16,1,6422,0.000,1.000,4.2205,5.4408
ROI_075/patch_112,nearest,16–32,1,18336,0.000,1.000,4.4059,5.6067
ROI_075/patch_112,nearest,32–64,1,60413,0.000,1.000,4.9226,6.1304
ROI_075/patch_112,nearest,64–128,1,138710,0.000,1.000,10.9985,12.2557
ROI_075/patch_112,nearest,≥128,1,38263,0.000,1.000,21.5963,22.8002
ROI_075/patch_112,own,0–16,1,6422,0.000,1.000,4.2143,5.4316
ROI_075/patch_112,own,16–32,1,18336,0.000,1.000,4.4683,5.6688
ROI_075/patch_112,own,32–64,1,64244,0.000,1.000,4.9694,6.1753
ROI_075/patch_112,own,64–128,1,212272,0.000,1.000,7.4878,8.7476
ROI_075/patch_112,own,≥128,1,1795878,0.000,1.000,7.3761,8.6412
ROI_075/patch_116,nearest,0–16,1,6433,0.000,1.000,4.9564,7.9277
ROI_075/patch_116,nearest,16–32,1,18847,0.000,1.000,4.8933,7.9119
ROI_075/patch_116,nearest,32–64,1,66823,0.000,1.000,4.7396,7.8845
ROI_075/patch_116,nearest,64–128,1,132512,0.000,1.000,4.6972,7.9445
ROI_075/patch_116,nearest,≥128,1,37529,0.000,1.000,27.4369,30.4378
ROI_075/patch_116,own,0–16,1,6433,0.000,1.000,5.0066,7.9838
ROI_075/patch_116,own,16–32,1,18847,0.000,1.000,4.8679,7.8696
ROI_075/patch_116,own,32–64,1,70077,0.000,1.000,4.5195,7.6145
ROI_075/patch_116,own,64–128,1,222357,0.000,1.000,4.3016,7.5229
ROI_075/patch_116,own,≥128,1,1779438,0.000,1.000,5.8087,8.9499
ROI_075/patch_117,nearest,0–16,1,6299,0.000,1.000,6.7947,8.6103
ROI_075/patch_117,nearest,16–32,1,17961,0.000,1.000,6.8762,8.6926
ROI_075/patch_117,nearest,32–64,1,54562,0.000,1.000,7.2065,9.0346
ROI_075/patch_117,nearest,64–128,1,63547,0.000,1.000,105.3749,113.0036
ROI_075/patch_117,nearest,≥128,1,119775,1.000,1.000,,
ROI_075/patch_117,own,0–16,1,6299,0.000,1.000,6.8117,8.6259
ROI_075/patch_117,own,16–32,1,18381,0.000,1.000,6.7985,8.6162
ROI_075/patch_117,own,32–64,1,70831,0.000,1.000,7.0127,8.8403
ROI_075/patch_117,own,64–128,1,251848,0.000,1.000,32.4665,36.0624
ROI_075/patch_117,own,≥128,1,1749793,0.000,1.000,226.8875,247.6069
ROI_075/patch_118,nearest,0–16,1,6432,0.000,1.000,31.5138,32.2553
ROI_075/patch_118,nearest,16–32,1,19287,0.000,1.000,28.0273,28.7111
ROI_075/patch_118,nearest,32–64,1,65214,0.000,1.000,42.9285,43.7899
ROI_075/patch_118,nearest,64–128,1,114856,0.000,1.000,162.8824,163.5533
ROI_075/patch_118,nearest,≥128,1,56355,0.000,1.000,287.4081,288.6325
ROI_075/patch_118,own,0–16,1,6432,0.000,1.000,31.7443,32.5058
ROI_075/patch_118,own,16–32,1,19289,0.000,1.000,27.0826,27.7149
ROI_075/patch_118,own,32–64,1,74949,0.000,1.000,48.3608,49.1921
ROI_075/patch_118,own,64–128,1,260043,0.000,1.000,106.8264,107.4550
ROI_075/patch_118,own,≥128,1,1736439,0.000,1.000,201.8866,202.5426
ROI_075/patch_119,nearest,0–16,1,8042,0.000,1.000,14.6190,16.5433
ROI_075/patch_119,nearest,16–32,1,24130,0.000,1.000,19.8081,22.0182
ROI_075/patch_119,nearest,32–64,1,75284,0.000,1.000,64.4931,67.2059
ROI_075/patch_119,nearest,64–128,1,118949,0.000,1.000,70.4532,73.1812
ROI_075/patch_119,nearest,≥128,1,35739,0.600,1.000,559.3689,566.9328
ROI_075/patch_119,own,0–16,1,8042,0.000,1.000,14.8013,16.7419
ROI_075/patch_119,own,16–32,1,24130,0.000,1.000,18.0450,20.1332
ROI_075/patch_119,own,32–64,1,91860,0.000,1.000,64.0571,66.6704
ROI_075/patch_119,own,64–128,1,337189,0.000,1.000,79.0943,82.1866
ROI_075/patch_119,own,≥128,1,2160219,0.000,1.000,116.4181,119.7608
ROI_075/patch_120,nearest,0–16,1,7091,0.000,1.000,17.9828,19.5415
ROI_075/patch_120,nearest,16–32,1,20758,0.000,1.000,18.3146,19.8749
ROI_075/patch_120,nearest,32–64,1,74716,0.000,1.000,18.8788,20.5536
ROI_075/patch_120,nearest,64–128,1,121867,0.000,1.000,19.8961,21.7337
ROI_075/patch_120,nearest,≥128,1,37712,0.000,1.000,70.1189,71.6428
ROI_075/patch_120,own,0–16,1,7091,0.000,1.000,17.9905,19.5512
ROI_075/patch_120,own,16–32,1,20758,0.000,1.000,18.2214,19.7763
ROI_075/patch_120,own,32–64,1,77699,0.000,1.000,19.1353,20.7686
ROI_075/patch_120,own,64–128,1,275537,0.000,1.000,20.6785,22.3414
ROI_075/patch_120,own,≥128,1,1978211,0.000,1.000,19.0015,20.5733
ROI_075/patch_121,nearest,0–16,1,7223,0.000,1.000,24.7805,26.6958
ROI_075/patch_121,nearest,16–32,1,21706,0.000,1.000,24.8859,26.8252
ROI_075/patch_121,nearest,32–64,1,70731,0.000,1.000,34.1299,36.3456
ROI_075/patch_121,nearest,64–128,1,116554,0.000,1.000,110.5979,112.7098
ROI_075/patch_121,nearest,≥128,1,45930,0.000,1.000,263.8425,266.8706
ROI_075/patch_121,own,0–16,1,7223,0.000,1.000,24.8212,26.7380
ROI_075/patch_121,own,16–32,1,21706,0.000,1.000,24.7124,26.6868
ROI_075/patch_121,own,32–64,1,83736,0.000,1.000,32.3064,34.5666
ROI_075/patch_121,own,64–128,1,303088,0.000,1.000,96.4494,98.5568
ROI_075/patch_121,own,≥128,1,1943543,0.000,1.000,255.7600,257.8486
ROI_075/patch_122,nearest,0–16,1,6435,0.000,1.000,13.6528,16.8844
ROI_075/patch_122,nearest,16–32,1,19137,0.000,1.000,17.3677,20.7203
ROI_075/patch_122,nearest,32–64,1,70617,0.000,1.000,30.0797,33.4220
ROI_075/patch_122,nearest,64–128,1,125852,0.000,1.000,79.8613,83.1176
ROI_075/patch_122,nearest,≥128,1,40103,0.150,1.000,439.4055,442.5426
ROI_075/patch_122,own,0–16,1,6435,0.000,1.000,13.7368,16.9404
ROI_075/patch_122,own,16–32,1,19137,0.000,1.000,15.9456,19.2421
ROI_075/patch_122,own,32–64,1,73522,0.000,1.000,30.8366,34.1389
ROI_075/patch_122,own,64–128,1,256333,0.000,1.000,42.1488,45.3384
ROI_075/patch_122,own,≥128,1,1741725,0.000,1.000,87.2180,90.4638
ROI_075/patch_123,nearest,0–16,1,6430,0.000,1.000,30.1751,31.0270
ROI_075/patch_123,nearest,16–32,1,18670,0.000,1.000,30.3730,31.2298
ROI_075/patch_123,nearest,32–64,1,68297,0.000,1.000,31.1507,32.1376
ROI_075/patch_123,nearest,64–128,1,115408,0.000,1.000,44.4263,45.8322
ROI_075/patch_123,nearest,≥128,1,53339,0.000,1.000,333.6723,336.3248
ROI_075/patch_123,own,0–16,1,6430,0.000,1.000,30.1464,30.9943
ROI_075/patch_123,own,16–32,1,18670,0.000,1.000,30.3500,31.1919
ROI_075/patch_123,own,32–64,1,69527,0.000,1.000,30.9912,31.9500
ROI_075/patch_123,own,64–128,1,234425,0.000,1.000,41.4678,42.6886
ROI_075/patch_123,own,≥128,1,1768100,0.000,1.000,70.8045,72.1299
ROI_075/patch_124,nearest,0–16,1,6429,0.000,1.000,20.7916,22.1854
ROI_075/patch_124,nearest,16–32,1,19292,0.000,1.000,21.2906,22.9608
ROI_075/patch_124,nearest,32–64,1,66304,0.000,1.000,22.0902,24.2185
ROI_075/patch_124,nearest,64–128,1,133718,0.000,1.000,35.3194,37.7202
ROI_075/patch_124,nearest,≥128,1,36401,0.000,1.000,51.8625,54.2407
ROI_075/patch_124,own,0–16,1,6429,0.000,1.000,20.7792,22.1810
ROI_075/patch_124,own,16–32,1,19292,0.000,1.000,20.7894,22.3955
ROI_075/patch_124,own,32–64,1,72297,0.000,1.000,21.5980,23.7100
ROI_075/patch_124,own,64–128,1,242734,0.000,1.000,28.2813,30.5703
ROI_075/patch_124,own,≥128,1,1756400,0.000,1.000,38.2073,40.3679
ROI_075/patch_125,nearest,0–16,1,6442,0.000,1.000,94.4076,106.8348
ROI_075/patch_125,nearest,16–32,1,18509,0.000,1.000,87.7410,97.2439
ROI_075/patch_125,nearest,32–64,1,62315,0.000,1.000,111.2358,116.8002
ROI_075/patch_125,nearest,64–128,1,138692,0.000,1.000,510.8567,514.9982
ROI_075/patch_125,nearest,≥128,1,36186,0.000,1.000,1401.1995,1412.4105
ROI_075/patch_125,own,0–16,1,6442,0.000,1.000,94.0047,106.1650
ROI_075/patch_125,own,16–32,1,18509,0.000,1.000,86.1856,94.4895
ROI_075/patch_125,own,32–64,1,65739,0.000,1.000,108.8662,114.2323
ROI_075/patch_125,own,64–128,1,227440,0.000,1.000,364.0806,368.3874
ROI_075/patch_125,own,≥128,1,1779022,0.000,1.000,514.3414,520.1654
ROI_075/patch_127,nearest,0–16,1,6445,0.000,1.000,9.3705,11.3866
ROI_075/patch_127,nearest,16–32,1,18997,0.000,1.000,11.6612,13.5356
ROI_075/patch_127,nearest,32–64,1,65652,0.000,1.000,27.4673,29.3552
ROI_075/patch_127,nearest,64–128,1,141733,0.000,1.000,59.9656,62.3716
ROI_075/patch_127,nearest,≥128,1,29317,0.000,1.000,897.0457,930.5340
ROI_075/patch_127,own,0–16,1,6445,0.000,1.000,9.3556,11.3779
ROI_075/patch_127,own,16–32,1,19146,0.000,1.000,11.0135,12.8965
ROI_075/patch_127,own,32–64,1,71372,0.000,1.000,27.4129,29.3491
ROI_075/patch_127,own,64–128,1,248264,0.000,1.000,56.8142,58.9003
ROI_075/patch_127,own,≥128,1,1751925,0.000,1.000,101.3884,105.7162
ROI_075/patch_128,nearest,0–16,1,7083,0.000,1.000,13.1072,14.3901
ROI_075/patch_128,nearest,16–32,1,20521,0.000,1.000,13.7250,14.9522
ROI_075/patch_128,nearest,32–64,1,70742,0.000,1.000,14.8901,15.9792
ROI_075/patch_128,nearest,64–128,1,121893,0.000,1.000,40.9300,42.0392
ROI_075/patch_128,nearest,≥128,1,41905,0.950,1.000,512.8330,518.4093
ROI_075/patch_128,own,0–16,1,7083,0.000,1.000,13.2365,14.5314
ROI_075/patch_128,own,16–32,1,20521,0.000,1.000,13.5435,14.7788
ROI_075/patch_128,own,32–64,1,76887,0.000,1.000,15.7641,16.8892
ROI_075/patch_128,own,64–128,1,275186,0.000,1.000,28.3973,29.5274
ROI_075/patch_128,own,≥128,1,1979619,0.000,1.000,146.3584,148.5565
ROI_075/patch_129,nearest,0–16,1,6434,1.000,1.000,,
ROI_075/patch_129,nearest,16–32,1,18848,1.000,1.000,,
ROI_075/patch_129,nearest,32–64,1,69803,1.000,1.000,,
ROI_075/patch_129,nearest,64–128,1,120481,1.000,1.000,,
ROI_075/patch_129,nearest,≥128,1,46578,1.000,1.000,,
ROI_075/patch_129,own,0–16,1,6434,1.000,1.000,,
ROI_075/patch_129,own,16–32,1,18848,1.000,1.000,,
ROI_075/patch_129,own,32–64,1,71620,1.000,1.000,,
ROI_075/patch_129,own,64–128,1,250466,1.000,1.000,,
ROI_075/patch_129,own,≥128,1,1749784,1.000,1.000,,
ROI_075/patch_130,nearest,0–16,1,6396,0.000,1.000,9.7050,10.5709
ROI_075/patch_130,nearest,16–32,1,18552,0.000,1.000,9.7001,10.5534
ROI_075/patch_130,nearest,32–64,1,58825,0.000,1.000,10.0304,10.8802
ROI_075/patch_130,nearest,64–128,1,99618,0.000,1.000,37.6822,38.6251
ROI_075/patch_130,nearest,≥128,1,78753,0.000,1.000,604.7370,606.1956
ROI_075/patch_130,own,0–16,1,6396,0.000,1.000,9.7214,10.5891
ROI_075/patch_130,own,16–32,1,18552,0.000,1.000,9.7398,10.5946
ROI_075/patch_130,own,32–64,1,70393,0.000,1.000,9.9034,10.7573
ROI_075/patch_130,own,64–128,1,236102,0.000,1.000,33.9265,34.8323
ROI_075/patch_130,own,≥128,1,1765709,0.050,1.000,773.8026,775.0093
ROI_075/patch_131,nearest,0–16,1,6432,0.000,1.000,326.2075,328.7612
ROI_075/patch_131,nearest,16–32,1,17596,0.000,1.000,342.3747,344.9408
ROI_075/patch_131,nearest,32–64,1,58224,0.000,1.000,331.0597,333.7864
ROI_075/patch_131,nearest,64–128,1,140431,0.000,1.000,540.3009,548.0488
ROI_075/patch_131,nearest,≥128,1,39461,0.000,1.000,1052.2707,1073.4485
ROI_075/patch_131,own,0–16,1,6432,0.000,1.000,328.3676,330.9120
ROI_075/patch_131,own,16–32,1,18118,0.000,1.000,336.4955,339.0717
ROI_075/patch_131,own,32–64,1,67300,0.000,1.000,325.2669,327.8953
ROI_075/patch_131,own,64–128,1,230130,0.000,1.000,450.1212,455.1594
ROI_075/patch_131,own,≥128,1,1775172,0.000,1.000,705.2076,713.2787
ROI_075/patch_132,nearest,0–16,1,6262,0.000,1.000,3.2654,4.3450
ROI_075/patch_132,nearest,16–32,1,18040,0.000,1.000,3.2975,4.3403
ROI_075/patch_132,nearest,32–64,1,54456,0.000,1.000,4.0198,4.9915
ROI_075/patch_132,nearest,64–128,1,94142,0.000,1.000,71.6300,72.7568
ROI_075/patch_132,nearest,≥128,1,89244,0.000,1.000,849.7285,899.8793
ROI_075/patch_132,own,0–16,1,6262,0.000,1.000,3.2724,4.3725
ROI_075/patch_132,own,16–32,1,18081,0.000,1.000,3.3235,4.3637
ROI_075/patch_132,own,32–64,1,67530,0.000,1.000,4.0386,5.0208
ROI_075/patch_132,own,64–128,1,235482,0.000,1.000,20.8732,21.7368
ROI_075/patch_132,own,≥128,1,1769797,0.000,1.000,244.4765,246.7894
ROI_075/patch_133,nearest,0–16,1,6301,0.000,1.000,9.0131,11.3084
ROI_075/patch_133,nearest,16–32,1,16167,0.000,1.000,10.1488,12.5031
ROI_075/patch_133,nearest,32–64,1,47185,0.000,1.000,28.0651,32.2978
ROI_075/patch_133,nearest,64–128,1,105806,0.000,1.000,105.8589,113.0473
ROI_075/patch_133,nearest,≥128,1,86685,0.950,1.000,1629.2885,1674.4035
ROI_075/patch_133,own,0–16,1,6301,0.000,1.000,8.9687,11.2677
ROI_075/patch_133,own,16–32,1,18322,0.000,1.000,10.6452,13.0330
ROI_075/patch_133,own,32–64,1,65376,0.000,1.000,30.9097,35.1491
ROI_075/patch_133,own,64–128,1,196640,0.000,1.000,230.7422,241.4277
ROI_075/patch_133,own,≥128,1,1810513,0.000,1.000,752.1307,769.4083
ROI_075/patch_134,nearest,0–16,1,6433,0.000,1.000,12.9855,13.9143
ROI_075/patch_134,nearest,16–32,1,18576,0.000,1.000,14.6826,15.8647
ROI_075/patch_134,nearest,32–64,1,61816,0.000,1.000,60.9657,62.8945
ROI_075/patch_134,nearest,64–128,1,124427,0.000,1.000,637.5076,639.7357
ROI_075/patch_134,nearest,≥128,1,50892,1.000,1.000,,
ROI_075/patch_134,own,0–16,1,6433,0.000,1.000,13.0150,13.9573
ROI_075/patch_134,own,16–32,1,18576,0.000,1.000,14.6757,15.8345
ROI_075/patch_134,own,32–64,1,70383,0.000,1.000,53.7503,55.4442
ROI_075/patch_134,own,64–128,1,259979,0.000,1.000,366.9436,368.7026
ROI_075/patch_134,own,≥128,1,1741781,0.000,1.000,720.2106,723.0755
ROI_075/patch_135,nearest,0–16,1,6425,0.000,1.000,15.0107,16.7271
ROI_075/patch_135,nearest,16–32,1,19258,0.000,1.000,15.1727,16.8927
ROI_075/patch_135,nearest,32–64,1,67139,0.000,1.000,25.3742,27.1428
ROI_075/patch_135,nearest,64–128,1,134630,0.000,1.000,479.5517,485.9579
ROI_075/patch_135,nearest,≥128,1,34692,0.050,1.000,902.3556,910.2671
ROI_075/patch_135,own,0–16,1,6425,0.000,1.000,14.9814,16.6973
ROI_075/patch_135,own,16–32,1,19258,0.000,1.000,15.3971,17.1442
ROI_075/patch_135,own,32–64,1,73256,0.000,1.000,24.5680,26.3816
ROI_075/patch_135,own,64–128,1,247285,0.000,1.000,151.3287,154.3300
ROI_075/patch_135,own,≥128,1,1750928,0.000,1.000,185.5063,188.6086
ROI_075/patch_137,nearest,0–16,1,6438,1.000,1.000,,
ROI_075/patch_137,nearest,16–32,1,18538,1.000,1.000,,
ROI_075/patch_137,nearest,32–64,1,54065,1.000,1.000,,
ROI_075/patch_137,nearest,64–128,1,81942,1.000,1.000,,
ROI_075/patch_137,nearest,≥128,1,101161,1.000,1.000,,
ROI_075/patch_137,own,0–16,1,6438,1.000,1.000,,
ROI_075/patch_137,own,16–32,1,19062,1.000,1.000,,
ROI_075/patch_137,own,32–64,1,74000,1.000,1.000,,
ROI_075/patch_137,own,64–128,1,271473,1.000,1.000,,
ROI_075/patch_137,own,≥128,1,1726179,1.000,1.000,,
ROI_075/patch_138,nearest,0–16,1,6286,0.000,1.000,106.7972,109.9869
ROI_075/patch_138,nearest,16–32,1,17562,0.000,1.000,123.8396,127.5943
ROI_075/patch_138,nearest,32–64,1,58871,0.000,1.000,189.7325,194.4579
ROI_075/patch_138,nearest,64–128,1,133768,0.150,1.000,862.7599,870.5446
ROI_075/patch_138,nearest,≥128,1,45657,1.000,1.000,,
ROI_075/patch_138,own,0–16,1,6286,0.000,1.000,111.0427,114.4378
ROI_075/patch_138,own,16–32,1,17562,0.000,1.000,92.2338,95.5114
ROI_075/patch_138,own,32–64,1,65156,0.000,1.000,149.5950,154.1799
ROI_075/patch_138,own,64–128,1,242463,0.000,1.000,538.4695,544.2156
ROI_075/patch_138,own,≥128,1,1765685,0.550,1.000,1409.8277,1419.4109
ROI_075/patch_139,nearest,0–16,1,6420,0.000,1.000,9.6629,10.9210
ROI_075/patch_139,nearest,16–32,1,18590,0.000,1.000,9.8514,11.1176
ROI_075/patch_139,nearest,32–64,1,64043,0.000,1.000,10.3760,11.6850
ROI_075/patch_139,nearest,64–128,1,104911,0.000,1.000,25.6424,26.9043
ROI_075/patch_139,nearest,≥128,1,68180,0.000,1.000,319.4581,323.8224
ROI_075/patch_139,own,0–16,1,6420,0.000,1.000,9.6552,10.9003
ROI_075/patch_139,own,16–32,1,18590,0.000,1.000,9.7787,11.0331
ROI_075/patch_139,own,32–64,1,73327,0.000,1.000,10.1069,11.4537
ROI_075/patch_139,own,64–128,1,262748,0.000,1.000,19.3565,20.6227
ROI_075/patch_139,own,≥128,1,1736067,0.000,1.000,126.1887,128.2539
ROI_075/patch_140,nearest,0–16,1,6363,0.000,1.000,2.9335,4.1915
ROI_075/patch_140,nearest,16–32,1,18472,0.000,1.000,3.0029,4.2734
ROI_075/patch_140,nearest,32–64,1,63817,0.000,1.000,3.5462,4.8458
ROI_075/patch_140,nearest,64–128,1,102002,0.000,1.000,18.6108,20.2171
ROI_075/patch_140,nearest,≥128,1,71490,0.000,1.000,270.1430,272.7222
ROI_075/patch_140,own,0–16,1,6363,0.000,1.000,2.9470,4.2053
ROI_075/patch_140,own,16–32,1,18472,0.000,1.000,2.9277,4.2028
ROI_075/patch_140,own,32–64,1,70315,0.000,1.000,3.3634,4.6461
ROI_075/patch_140,own,64–128,1,256838,0.000,1.000,10.9808,12.4110
ROI_075/patch_140,own,≥128,1,1745164,0.000,1.000,183.3252,185.1515
ROI_075/patch_141,nearest,0–16,1,7238,0.000,1.000,30.1429,32.3076
ROI_075/patch_141,nearest,16–32,1,21040,0.000,1.000,35.5199,37.2502
ROI_075/patch_141,nearest,32–64,1,75068,0.000,1.000,47.9933,49.5864
ROI_075/patch_141,nearest,64–128,1,121877,0.000,1.000,176.2935,178.2092
ROI_075/patch_141,nearest,≥128,1,36921,1.000,1.000,,
ROI_075/patch_141,own,0–16,1,7238,0.000,1.000,30.8362,33.0363
ROI_075/patch_141,own,16–32,1,21707,0.000,1.000,33.2612,34.9750
ROI_075/patch_141,own,32–64,1,82266,0.000,1.000,40.8724,42.4520
ROI_075/patch_141,own,64–128,1,284075,0.000,1.000,85.3764,86.5067
ROI_075/patch_141,own,≥128,1,1964010,0.000,1.000,210.7619,212.4758
ROI_075/patch_142,nearest,0–16,1,6431,0.000,1.000,49.0542,49.4074
ROI_075/patch_142,nearest,16–32,1,18612,0.000,1.000,50.0336,50.3948
ROI_075/patch_142,nearest,32–64,1,64725,0.000,1.000,66.1961,66.6981
ROI_075/patch_142,nearest,64–128,1,125857,0.000,1.000,339.8333,341.5531
ROI_075/patch_142,nearest,≥128,1,46519,0.850,1.000,691.2118,694.3571
ROI_075/patch_142,own,0–16,1,6431,0.000,1.000,49.0905,49.4364
ROI_075/patch_142,own,16–32,1,18612,0.000,1.000,50.0605,50.4230
ROI_075/patch_142,own,32–64,1,70162,0.000,1.000,63.1453,63.6812
ROI_075/patch_142,own,64–128,1,235050,0.000,1.000,220.8499,222.1629
ROI_075/patch_142,own,≥128,1,1766897,0.000,1.000,418.0893,420.3211
ROI_075/patch_143,nearest,0–16,1,6113,0.000,1.000,24.9174,29.0938
ROI_075/patch_143,nearest,16–32,1,17149,0.000,1.000,24.9815,29.1622
ROI_075/patch_143,nearest,32–64,1,57010,0.000,1.000,24.7964,29.0894
ROI_075/patch_143,nearest,64–128,1,103279,0.000,1.000,25.4886,29.9184
ROI_075/patch_143,nearest,≥128,1,78593,0.000,1.000,307.0960,311.9720
ROI_075/patch_143,own,0–16,1,6113,0.000,1.000,24.8268,29.0414
ROI_075/patch_143,own,16–32,1,17168,0.000,1.000,25.0886,29.2545
ROI_075/patch_143,own,32–64,1,62769,0.000,1.000,25.3590,29.6207
ROI_075/patch_143,own,64–128,1,222691,0.000,1.000,26.7147,30.8272
ROI_075/patch_143,own,≥128,1,1788411,0.000,1.000,119.2969,125.2075
ROI_075/patch_144,nearest,0–16,1,6274,0.000,1.000,7.1240,10.4453
ROI_075/patch_144,nearest,16–32,1,18327,0.000,1.000,6.7802,9.9834
ROI_075/patch_144,nearest,32–64,1,63673,0.000,1.000,11.5545,14.8255
ROI_075/patch_144,nearest,64–128,1,125177,0.000,1.000,147.9422,153.3889
ROI_075/patch_144,nearest,≥128,1,48693,1.000,1.000,,
ROI_075/patch_144,own,0–16,1,6274,0.000,1.000,7.0669,10.3735
ROI_075/patch_144,own,16–32,1,18327,0.000,1.000,7.0513,10.2972
ROI_075/patch_144,own,32–64,1,72880,0.000,1.000,17.5659,20.9965
ROI_075/patch_144,own,64–128,1,270581,0.000,1.000,131.6540,137.0751
ROI_075/patch_144,own,≥128,1,1729090,0.000,1.000,708.9796,718.3191
ROI_075/patch_145,nearest,0–16,1,6437,0.000,1.000,17.5867,18.5540
ROI_075/patch_145,nearest,16–32,1,17516,0.000,1.000,23.3072,24.3565
ROI_075/patch_145,nearest,32–64,1,54296,0.000,1.000,49.0990,50.3308
ROI_075/patch_145,nearest,64–128,1,135809,0.000,1.000,111.0852,112.9956
ROI_075/patch_145,nearest,≥128,1,48086,0.000,1.000,168.0528,171.9493
ROI_075/patch_145,own,0–16,1,6437,0.000,1.000,17.7634,18.7393
ROI_075/patch_145,own,16–32,1,18665,0.000,1.000,21.9698,23.0115
ROI_075/patch_145,own,32–64,1,71893,0.000,1.000,35.4156,36.5212
ROI_075/patch_145,own,64–128,1,267589,0.000,1.000,100.0261,101.8072
ROI_075/patch_145,own,≥128,1,1732568,0.000,1.000,149.5862,152.2220
ROI_075/patch_146,nearest,0–16,1,6931,0.000,1.000,202.2387,208.3104
ROI_075/patch_146,nearest,16–32,1,19259,0.000,1.000,210.5235,216.2748
ROI_075/patch_146,nearest,32–64,1,66175,0.000,1.000,221.6442,227.1933
ROI_075/patch_146,nearest,64–128,1,120329,0.000,1.000,75.0866,79.1421
ROI_075/patch_146,nearest,≥128,1,49450,0.000,1.000,64.6871,78.9000
ROI_075/patch_146,own,0–16,1,6931,0.000,1.000,199.8611,205.8657
ROI_075/patch_146,own,16–32,1,19259,0.000,1.000,204.9732,210.7451
ROI_075/patch_146,own,32–64,1,72666,0.000,1.000,199.0975,204.3653
ROI_075/patch_146,own,64–128,1,247768,0.000,1.000,82.4746,87.0367
ROI_075/patch_146,own,≥128,1,2012672,0.000,1.000,97.3506,103.5340
ROI_075/patch_147,nearest,0–16,1,6422,0.000,1.000,4.0539,4.9985
ROI_075/patch_147,nearest,16–32,1,17698,0.000,1.000,3.9495,4.8789
ROI_075/patch_147,nearest,32–64,1,65689,0.000,1.000,4.3051,5.3161
ROI_075/patch_147,nearest,64–128,1,120427,0.000,1.000,28.4308,29.5295
ROI_075/patch_147,nearest,≥128,1,51908,0.000,1.000,86.9210,88.6101
ROI_075/patch_147,own,0–16,1,6422,0.000,1.000,4.0912,5.0474
ROI_075/patch_147,own,16–32,1,17698,0.000,1.000,3.9359,4.8629
ROI_075/patch_147,own,32–64,1,66271,0.000,1.000,4.3261,5.3294
ROI_075/patch_147,own,64–128,1,245031,0.000,1.000,21.7097,22.7588
ROI_075/patch_147,own,≥128,1,1761730,0.000,1.000,27.5225,28.6807
ROI_075/patch_148,nearest,0–16,1,6432,0.000,1.000,8.1968,10.3993
ROI_075/patch_148,nearest,16–32,1,18607,0.000,1.000,8.1544,10.4632
ROI_075/patch_148,nearest,32–64,1,66645,0.000,1.000,13.9396,16.9990
ROI_075/patch_148,nearest,64–128,1,125184,0.000,1.000,131.4101,134.9978
ROI_075/patch_148,nearest,≥128,1,45276,0.300,1.000,1218.8054,1228.2088
ROI_075/patch_148,own,0–16,1,6432,0.000,1.000,8.2116,10.4286
ROI_075/patch_148,own,16–32,1,18607,0.000,1.000,8.2683,10.5879
ROI_075/patch_148,own,32–64,1,72414,0.000,1.000,14.1191,17.0946
ROI_075/patch_148,own,64–128,1,241015,0.000,1.000,117.2632,120.2984
ROI_075/patch_148,own,≥128,1,1758684,0.000,1.000,340.3626,345.7145
ROI_075/patch_149,nearest,0–16,1,6245,0.000,1.000,5.5793,6.7061
ROI_075/patch_149,nearest,16–32,1,17408,0.000,1.000,5.4502,6.5992
ROI_075/patch_149,nearest,32–64,1,55491,0.000,1.000,5.8492,7.0552
ROI_075/patch_149,nearest,64–128,1,115020,0.000,1.000,6.2364,7.3773
ROI_075/patch_149,nearest,≥128,1,67980,0.000,1.000,39.0645,40.6847
ROI_075/patch_149,own,0–16,1,6245,0.000,1.000,5.6412,6.7725
ROI_075/patch_149,own,16–32,1,17978,0.000,1.000,5.4961,6.6523
ROI_075/patch_149,own,32–64,1,64067,0.000,1.000,5.4999,6.6639
ROI_075/patch_149,own,64–128,1,213451,0.000,1.000,6.6943,7.8457
ROI_075/patch_149,own,≥128,1,1795411,0.000,1.000,9.0542,10.2605
ROI_075/patch_150,nearest,0–16,1,6314,0.000,1.000,23.2544,25.4315
ROI_075/patch_150,nearest,16–32,1,17666,0.000,1.000,22.8447,25.0814
ROI_075/patch_150,nearest,32–64,1,60387,0.000,1.000,22.7706,24.9988
ROI_075/patch_150,nearest,64–128,1,130652,0.000,1.000,24.7634,26.8986
ROI_075/patch_150,nearest,≥128,1,47125,0.000,1.000,28.9590,30.9519
ROI_075/patch_150,own,0–16,1,6314,0.000,1.000,23.2713,25.4613
ROI_075/patch_150,own,16–32,1,17666,0.000,1.000,23.0072,25.2545
ROI_075/patch_150,own,32–64,1,61177,0.000,1.000,22.5842,24.8198
ROI_075/patch_150,own,64–128,1,208987,0.000,1.000,23.2400,25.5051
ROI_075/patch_150,own,≥128,1,1803008,0.000,1.000,27.2329,29.4086
ROI_075/patch_151,nearest,0–16,1,6072,0.000,1.000,13.0166,16.3051
ROI_075/patch_151,nearest,16–32,1,16759,0.000,1.000,13.2148,16.6158
ROI_075/patch_151,nearest,32–64,1,59014,0.000,1.000,13.8407,17.2970
ROI_075/patch_151,nearest,64–128,1,118235,0.000,1.000,14.5274,17.6130
ROI_075/patch_151,nearest,≥128,1,62064,0.000,1.000,25.8148,28.2240
ROI_075/patch_151,own,0–16,1,6072,0.000,1.000,12.9875,16.2710
ROI_075/patch_151,own,16–32,1,16759,0.000,1.000,13.2445,16.6264
ROI_075/patch_151,own,32–64,1,63022,0.000,1.000,14.0527,17.5327
ROI_075/patch_151,own,64–128,1,221372,0.000,1.000,14.7903,18.0399
ROI_075/patch_151,own,≥128,1,1789927,0.000,1.000,16.6374,19.5665
ROI_075/patch_152,nearest,0–16,1,6308,0.000,1.000,24.5673,28.0107
ROI_075/patch_152,nearest,16–32,1,17424,0.000,1.000,33.0511,36.6453
ROI_075/patch_152,nearest,32–64,1,55854,0.000,1.000,29.0660,32.8289
ROI_075/patch_152,nearest,64–128,1,111137,0.000,1.000,49.7674,54.0945
ROI_075/patch_152,nearest,≥128,1,71421,0.000,1.000,114.6917,118.6003
ROI_075/patch_152,own,0–16,1,6308,0.000,1.000,24.7385,28.1835
ROI_075/patch_152,own,16–32,1,18273,0.000,1.000,32.3873,36.0114
ROI_075/patch_152,own,32–64,1,68572,0.000,1.000,30.7221,34.4544
ROI_075/patch_152,own,64–128,1,223321,0.000,1.000,47.2182,51.3658
ROI_075/patch_152,own,≥128,1,1780678,0.000,1.000,84.9700,89.0131
ROI_075/patch_153,nearest,0–16,1,6282,0.000,1.000,9.6153,11.7749
ROI_075/patch_153,nearest,16–32,1,17706,0.000,1.000,9.4774,11.5890
ROI_075/patch_153,nearest,32–64,1,59803,0.000,1.000,9.6229,11.6411
ROI_075/patch_153,nearest,64–128,1,153620,0.000,1.000,11.7163,13.8047
ROI_075/patch_153,nearest,≥128,1,24733,0.000,1.000,23.7305,25.9141
ROI_075/patch_153,own,0–16,1,6282,0.000,1.000,9.6182,11.7798
ROI_075/patch_153,own,16–32,1,17706,0.000,1.000,9.4956,11.5919
ROI_075/patch_153,own,32–64,1,62967,0.000,1.000,9.6163,11.6580
ROI_075/patch_153,own,64–128,1,216643,0.000,1.000,13.7695,15.9185
ROI_075/patch_153,own,≥128,1,1793554,0.000,1.000,15.2803,17.4328
ROI_075/patch_154,nearest,0–16,1,6432,0.000,1.000,11.5295,13.7087
ROI_075/patch_154,nearest,16–32,1,19088,0.000,1.000,11.8961,14.0782
ROI_075/patch_154,nearest,32–64,1,67431,0.000,1.000,12.2212,14.4202
ROI_075/patch_154,nearest,64–128,1,132003,0.000,1.000,13.5954,15.7687
ROI_075/patch_154,nearest,≥128,1,37190,0.000,1.000,15.1979,17.4358
ROI_075/patch_154,own,0–16,1,6432,0.000,1.000,11.5487,13.7260
ROI_075/patch_154,own,16–32,1,19088,0.000,1.000,11.8551,14.0393
ROI_075/patch_154,own,32–64,1,73212,0.000,1.000,12.3346,14.5071
ROI_075/patch_154,own,64–128,1,249895,0.000,1.000,13.6883,15.8666
ROI_075/patch_154,own,≥128,1,1748525,0.000,1.000,12.0618,14.3031
ROI_075/patch_155,nearest,0–16,1,6384,0.000,1.000,12.0674,13.2073
ROI_075/patch_155,nearest,16–32,1,18530,0.000,1.000,12.4362,13.5445
ROI_075/patch_155,nearest,32–64,1,69679,0.000,1.000,14.2849,15.3291
ROI_075/patch_155,nearest,64–128,1,139378,0.000,1.000,23.0866,24.0719
ROI_075/patch_155,nearest,≥128,1,28173,0.000,1.000,46.4361,47.4642
ROI_075/patch_155,own,0–16,1,6384,0.000,1.000,12.0280,13.1720
ROI_075/patch_155,own,16–32,1,18530,0.000,1.000,12.2600,13.3515
ROI_075/patch_155,own,32–64,1,70819,0.000,1.000,14.1546,15.1682
ROI_075/patch_155,own,64–128,1,262890,0.000,1.000,18.8031,19.8059
ROI_075/patch_155,own,≥128,1,1738529,0.000,1.000,23.9923,24.9796
ROI_075/patch_156,nearest,0–16,1,6358,0.000,1.000,20.9223,23.2344
ROI_075/patch_156,nearest,16–32,1,17795,0.000,1.000,20.2580,22.5617
ROI_075/patch_156,nearest,32–64,1,61262,0.000,1.000,21.5618,23.5108
ROI_075/patch_156,nearest,64–128,1,118037,0.000,1.000,22.0438,24.0350
ROI_075/patch_156,nearest,≥128,1,58692,0.000,1.000,29.1251,31.2461
ROI_075/patch_156,own,0–16,1,6358,0.000,1.000,20.8973,23.1992
ROI_075/patch_156,own,16–32,1,17795,0.000,1.000,20.5430,22.8386
ROI_075/patch_156,own,32–64,1,62929,0.000,1.000,21.3393,23.3531
ROI_075/patch_156,own,64–128,1,195724,0.000,1.000,20.7775,22.8461
ROI_075/patch_156,own,≥128,1,1814346,0.000,1.000,22.5609,24.6782
ROI_075/patch_157,nearest,0–16,1,6267,0.000,1.000,12.4576,13.1801
ROI_075/patch_157,nearest,16–32,1,17648,0.000,1.000,12.5661,13.2966
ROI_075/patch_157,nearest,32–64,1,59736,0.000,1.000,15.9760,16.6678
ROI_075/patch_157,nearest,64–128,1,123536,0.000,1.000,53.4552,54.1420
ROI_075/patch_157,nearest,≥128,1,54957,0.000,1.000,201.0969,201.8614
ROI_075/patch_157,own,0–16,1,6267,0.000,1.000,12.3746,13.1077
ROI_075/patch_157,own,16–32,1,17648,0.000,1.000,12.6967,13.4472
ROI_075/patch_157,own,32–64,1,69002,0.000,1.000,15.3285,16.0019
ROI_075/patch_157,own,64–128,1,249042,0.000,1.000,31.4254,32.1010
ROI_075/patch_157,own,≥128,1,1755193,0.000,1.000,102.3334,102.9704
ROI_075/patch_158,nearest,0–16,1,6446,0.000,1.000,6.9061,9.4051
ROI_075/patch_158,nearest,16–32,1,19314,0.000,1.000,7.1348,9.7628
ROI_075/patch_158,nearest,32–64,1,66960,0.000,1.000,9.9291,12.8920
ROI_075/patch_158,nearest,64–128,1,132203,0.000,1.000,22.6147,25.6504
ROI_075/patch_158,nearest,≥128,1,37221,0.000,1.000,44.0064,45.8495
ROI_075/patch_158,own,0–16,1,6446,0.000,1.000,6.9117,9.4063
ROI_075/patch_158,own,16–32,1,19314,0.000,1.000,7.2798,9.9208
ROI_075/patch_158,own,32–64,1,74133,0.000,1.000,9.2817,12.2106
ROI_075/patch_158,own,64–128,1,248086,0.000,1.000,12.4629,15.5327
ROI_075/patch_158,own,≥128,1,1749173,0.000,1.000,21.2250,23.8861
ROI_075/patch_159,nearest,0–16,1,6312,0.000,1.000,23.0474,23.3701
ROI_075/patch_159,nearest,16–32,1,18214,0.000,1.000,23.2165,23.5492
ROI_075/patch_159,nearest,32–64,1,60936,0.000,1.000,23.4396,23.7993
ROI_075/patch_159,nearest,64–128,1,132962,0.000,1.000,30.9278,31.2185
ROI_075/patch_159,nearest,≥128,1,43720,0.000,1.000,72.1560,72.6479
ROI_075/patch_159,own,0–16,1,6312,0.000,1.000,23.0602,23.3867
ROI_075/patch_159,own,16–32,1,18214,0.000,1.000,23.1666,23.4997
ROI_075/patch_159,own,32–64,1,65990,0.000,1.000,23.6362,23.9999
ROI_075/patch_159,own,64–128,1,225576,0.000,1.000,27.9244,28.2346
ROI_075/patch_159,own,≥128,1,1781060,0.000,1.000,45.0135,45.3280
ROI_075/patch_160,nearest,0–16,1,6245,0.000,1.000,67.5196,68.9781
ROI_075/patch_160,nearest,16–32,1,17858,0.000,1.000,64.1050,65.3674
ROI_075/patch_160,nearest,32–64,1,62387,0.000,1.000,59.2806,60.3724
ROI_075/patch_160,nearest,64–128,1,109669,0.000,1.000,55.9800,57.2310
ROI_075/patch_160,nearest,≥128,1,65985,0.000,1.000,56.2080,58.0153
ROI_075/patch_160,own,0–16,1,6245,0.000,1.000,67.7002,69.1338
ROI_075/patch_160,own,16–32,1,17858,0.000,1.000,64.0049,65.3056
ROI_075/patch_160,own,32–64,1,70241,0.000,1.000,58.0097,59.1129
ROI_075/patch_160,own,64–128,1,249401,0.000,1.000,54.1603,55.4257
ROI_075/patch_160,own,≥128,1,1753407,0.000,1.000,68.1072,69.3855
ROI_075/patch_161,nearest,0–16,1,6434,0.000,1.000,142.7188,150.7890
ROI_075/patch_161,nearest,16–32,1,18515,0.000,1.000,132.7286,142.7746
ROI_075/patch_161,nearest,32–64,1,63753,0.000,1.000,173.5526,181.7935
ROI_075/patch_161,nearest,64–128,1,110051,0.000,1.000,245.1189,246.2207
ROI_075/patch_161,nearest,≥128,1,63391,0.000,1.000,150.2377,151.3631
ROI_075/patch_161,own,0–16,1,6434,0.000,1.000,148.5375,155.7248
ROI_075/patch_161,own,16–32,1,18515,0.000,1.000,130.2287,141.4848
ROI_075/patch_161,own,32–64,1,65316,0.000,1.000,227.8293,232.9307
ROI_075/patch_161,own,64–128,1,214989,0.000,1.000,240.2213,241.4550
ROI_075/patch_161,own,≥128,1,1791898,0.000,1.000,166.8528,170.6434
ROI_075/patch_162,nearest,0–16,1,7217,0.000,1.000,6.7005,7.5638
ROI_075/patch_162,nearest,16–32,1,21576,0.000,1.000,11.5633,12.4403
ROI_075/patch_162,nearest,32–64,1,79211,0.000,1.000,13.2552,14.2395
ROI_075/patch_162,nearest,64–128,1,140636,0.000,1.000,42.2473,43.3229
ROI_075/patch_162,nearest,≥128,1,13504,0.000,1.000,233.7132,235.0256
ROI_075/patch_162,own,0–16,1,7217,0.000,1.000,6.4528,7.3185
ROI_075/patch_162,own,16–32,1,21576,0.000,1.000,9.2601,10.1307
ROI_075/patch_162,own,32–64,1,79817,0.000,1.000,12.8151,13.7817
ROI_075/patch_162,own,64–128,1,271745,0.000,1.000,17.0624,18.0373
ROI_075/patch_162,own,≥128,1,1978941,0.000,1.000,27.3768,28.4319
ROI_075/patch_163,nearest,0–16,1,7031,0.000,1.000,20.5302,21.8519
ROI_075/patch_163,nearest,16–32,1,20371,0.000,1.000,20.0616,21.8295
ROI_075/patch_163,nearest,32–64,1,70493,0.000,1.000,35.3522,36.9655
ROI_075/patch_163,nearest,64–128,1,136456,0.000,1.000,34.6555,36.1291
ROI_075/patch_163,nearest,≥128,1,27793,0.000,1.000,22.7940,25.0154
ROI_075/patch_163,own,0–16,1,7031,0.000,1.000,20.1436,21.4871
ROI_075/patch_163,own,16–32,1,20371,0.000,1.000,20.8091,22.5961
ROI_075/patch_163,own,32–64,1,74791,0.000,1.000,27.6175,29.4306
ROI_075/patch_163,own,64–128,1,266497,0.000,1.000,27.2166,28.5949
ROI_075/patch_163,own,≥128,1,1990606,0.000,1.000,31.8515,33.5656
ROI_075/patch_164,nearest,0–16,1,6431,0.000,1.000,7.4541,14.6400
ROI_075/patch_164,nearest,16–32,1,18610,0.000,1.000,7.3557,14.4867
ROI_075/patch_164,nearest,32–64,1,68416,0.000,1.000,9.0079,16.0122
ROI_075/patch_164,nearest,64–128,1,132349,0.000,1.000,19.6372,26.5709
ROI_075/patch_164,nearest,≥128,1,36338,0.000,1.000,33.0596,39.9343
ROI_075/patch_164,own,0–16,1,6431,0.000,1.000,7.4345,14.6105
ROI_075/patch_164,own,16–32,1,18610,0.000,1.000,7.6908,14.8153
ROI_075/patch_164,own,32–64,1,69848,0.000,1.000,8.7070,15.6567
ROI_075/patch_164,own,64–128,1,248820,0.000,1.000,13.7827,20.9750
ROI_075/patch_164,own,≥128,1,1753443,0.000,1.000,18.3103,25.2017
ROI_075/patch_165,nearest,0–16,1,7199,0.000,1.000,14.8170,18.2839
ROI_075/patch_165,nearest,16–32,1,20675,0.000,1.000,15.4906,19.0076
ROI_075/patch_165,nearest,32–64,1,63903,0.000,1.000,16.4988,20.1063
ROI_075/patch_165,nearest,64–128,1,111335,0.000,1.000,51.6965,55.7876
ROI_075/patch_165,nearest,≥128,1,59032,0.000,1.000,220.7965,226.3973
ROI_075/patch_165,own,0–16,1,7199,0.000,1.000,14.5038,18.0517
ROI_075/patch_165,own,16–32,1,20675,0.000,1.000,15.8446,19.4439
ROI_075/patch_165,own,32–64,1,77249,0.000,1.000,17.0213,20.6505
ROI_075/patch_165,own,64–128,1,258408,0.000,1.000,37.6418,41.1296
ROI_075/patch_165,own,≥128,1,1995765,0.000,1.000,157.8931,161.9904
ROI_075/patch_166,nearest,0–16,1,6429,0.000,1.000,17.5040,18.6348
ROI_075/patch_166,nearest,16–32,1,17914,0.000,1.000,18.3550,19.5504
ROI_075/patch_166,nearest,32–64,1,60241,0.000,1.000,25.0625,26.1962
ROI_075/patch_166,nearest,64–128,1,136408,0.000,1.000,105.6504,107.8908
ROI_075/patch_166,nearest,≥128,1,41152,0.000,1.000,942.1812,958.3907
ROI_075/patch_166,own,0–16,1,6429,0.000,1.000,17.6288,18.7541
ROI_075/patch_166,own,16–32,1,18357,0.000,1.000,18.7417,19.9148
ROI_075/patch_166,own,32–64,1,67178,0.000,1.000,24.8475,25.9825
ROI_075/patch_166,own,64–128,1,237698,0.000,1.000,63.5717,65.0822
ROI_075/patch_166,own,≥128,1,1767490,0.000,1.000,111.6677,113.9434
ROI_075/patch_167,nearest,0–16,1,7171,0.000,1.000,136.0047,139.0877
ROI_075/patch_167,nearest,16–32,1,20392,0.000,1.000,123.3107,126.0537
ROI_075/patch_167,nearest,32–64,1,62151,0.000,1.000,72.6545,74.9153
ROI_075/patch_167,nearest,64–128,1,110979,0.000,1.000,173.5466,176.3845
ROI_075/patch_167,nearest,≥128,1,61451,0.000,1.000,524.0910,532.9392
ROI_075/patch_167,own,0–16,1,7171,0.000,1.000,139.4986,142.6546
ROI_075/patch_167,own,16–32,1,20425,0.000,1.000,132.5877,135.4357
ROI_075/patch_167,own,32–64,1,71088,0.000,1.000,66.5265,68.7474
ROI_075/patch_167,own,64–128,1,239704,0.000,1.000,107.9668,110.7135
ROI_075/patch_167,own,≥128,1,2020908,0.000,1.000,162.2497,165.2103
ROI_075/patch_168,,,excluded,,,,,
ROI_075/patch_169,nearest,0–16,1,6265,0.000,1.000,5.6548,7.9756
ROI_075/patch_169,nearest,16–32,1,18267,0.000,1.000,5.7576,8.1359
ROI_075/patch_169,nearest,32–64,1,63977,0.000,1.000,15.8515,18.2830
ROI_075/patch_169,nearest,64–128,1,106954,0.000,1.000,159.9619,163.0507
ROI_075/patch_169,nearest,≥128,1,66681,0.000,1.000,95.5996,98.1376
ROI_075/patch_169,own,0–16,1,6265,0.000,1.000,5.6571,7.9812
ROI_075/patch_169,own,16–32,1,18331,0.000,1.000,5.6662,8.0386
ROI_075/patch_169,own,32–64,1,71472,0.000,1.000,12.9720,15.3657
ROI_075/patch_169,own,64–128,1,265107,0.000,1.000,99.2333,102.1038
ROI_075/patch_169,own,≥128,1,1735977,0.000,1.000,264.3344,269.1925
ROI_075/patch_170,nearest,0–16,1,6438,0.000,1.000,19.9981,25.6314
ROI_075/patch_170,nearest,16–32,1,18773,0.000,1.000,20.2544,25.8702
ROI_075/patch_170,nearest,32–64,1,68490,0.000,1.000,28.9716,34.5349
ROI_075/patch_170,nearest,64–128,1,128463,0.000,1.000,243.2431,249.8675
ROI_075/patch_170,nearest,≥128,1,39980,0.000,1.000,813.1213,824.8555
ROI_075/patch_170,own,0–16,1,6438,0.000,1.000,20.0179,25.6859
ROI_075/patch_170,own,16–32,1,18773,0.000,1.000,20.3918,25.9753
ROI_075/patch_170,own,32–64,1,70838,0.000,1.000,27.6286,33.0341
ROI_075/patch_170,own,64–128,1,253561,0.000,1.000,133.2604,139.4070
ROI_075/patch_170,own,≥128,1,1747542,0.000,1.000,541.9619,550.4211
ROI_075/patch_171,nearest,0–16,1,6440,0.000,1.000,43.6688,46.3488
ROI_075/patch_171,nearest,16–32,1,18873,0.000,1.000,31.6302,34.3498
ROI_075/patch_171,nearest,32–64,1,57105,0.000,1.000,54.9497,57.8238
ROI_075/patch_171,nearest,64–128,1,102804,0.150,1.000,670.7467,677.6876
ROI_075/patch_171,nearest,≥128,1,76922,1.000,1.000,,
ROI_075/patch_171,own,0–16,1,6440,0.000,1.000,42.3776,45.0892
ROI_075/patch_171,own,16–32,1,18873,0.000,1.000,26.2090,28.9424
ROI_075/patch_171,own,32–64,1,70850,0.000,1.000,30.9492,33.7151
ROI_075/patch_171,own,64–128,1,264462,0.000,1.000,199.7030,204.2526
ROI_075/patch_171,own,≥128,1,1736527,0.450,1.000,416.7811,425.2969
ROI_075/patch_172,nearest,0–16,1,6423,0.000,1.000,5.7573,7.4789
ROI_075/patch_172,nearest,16–32,1,19308,0.000,1.000,10.3315,12.0253
ROI_075/patch_172,nearest,32–64,1,71754,0.000,1.000,16.0254,17.7998
ROI_075/patch_172,nearest,64–128,1,129056,0.000,1.000,483.0024,485.8232
ROI_075/patch_172,nearest,≥128,1,35603,1.000,1.000,,
ROI_075/patch_172,own,0–16,1,6423,0.000,1.000,5.7588,7.4606
ROI_075/patch_172,own,16–32,1,19308,0.000,1.000,10.6968,12.4611
ROI_075/patch_172,own,32–64,1,74383,0.000,1.000,22.9606,24.6598
ROI_075/patch_172,own,64–128,1,249856,0.000,1.000,212.3581,214.1639
ROI_075/patch_172,own,≥128,1,1747182,0.300,1.000,597.1734,600.4788
ROI_075/patch_173,nearest,0–16,1,7241,0.000,1.000,11.8242,12.9823
ROI_075/patch_173,nearest,16–32,1,21706,0.000,1.000,13.2530,14.4424
ROI_075/patch_173,nearest,32–64,1,73517,0.000,1.000,30.5443,32.1919
ROI_075/patch_173,nearest,64–128,1,116792,0.000,1.000,140.4127,142.1452
ROI_075/patch_173,nearest,≥128,1,42888,1.000,1.000,,
ROI_075/patch_173,own,0–16,1,7241,0.000,1.000,11.7878,12.9446
ROI_075/patch_173,own,16–32,1,21706,0.000,1.000,13.0115,14.2023
ROI_075/patch_173,own,32–64,1,82569,0.000,1.000,22.6807,24.1993
ROI_075/patch_173,own,64–128,1,284795,0.000,1.000,117.6032,119.2456
ROI_075/patch_173,own,≥128,1,1962985,0.000,1.000,297.8795,301.0709
ROI_075/patch_174,nearest,0–16,1,6184,0.000,1.000,78.6947,82.0587
ROI_075/patch_174,nearest,16–32,1,17487,0.000,1.000,84.2224,87.5725
ROI_075/patch_174,nearest,32–64,1,63414,0.000,1.000,165.0522,168.8116
ROI_075/patch_174,nearest,64–128,1,120836,0.100,1.000,601.3322,607.3353
ROI_075/patch_174,nearest,≥128,1,54223,0.000,1.000,4070.0105,4087.1995
ROI_075/patch_174,own,0–16,1,6184,0.000,1.000,79.6261,82.9841
ROI_075/patch_174,own,16–32,1,17487,0.000,1.000,84.1299,87.4393
ROI_075/patch_174,own,32–64,1,67711,0.000,1.000,153.4597,157.1546
ROI_075/patch_174,own,64–128,1,245083,0.000,1.000,556.7219,562.9915
ROI_075/patch_174,own,≥128,1,1760687,0.200,1.000,1360.4024,1367.1797
ROI_075/patch_175,nearest,0–16,1,7229,0.000,1.000,9.4856,12.3387
ROI_075/patch_175,nearest,16–32,1,21494,0.000,1.000,9.4411,12.3949
ROI_075/patch_175,nearest,32–64,1,70117,0.000,1.000,23.7536,27.9928
ROI_075/patch_175,nearest,64–128,1,112117,0.000,1.000,463.8336,480.3446
ROI_075/patch_175,nearest,≥128,1,51187,1.000,1.000,,
ROI_075/patch_175,own,0–16,1,7229,0.000,1.000,9.4749,12.3252
ROI_075/patch_175,own,16–32,1,21494,0.000,1.000,9.5051,12.4661
ROI_075/patch_175,own,32–64,1,81160,0.000,1.000,23.2619,27.4883
ROI_075/patch_175,own,64–128,1,283658,0.000,1.000,283.0320,295.3674
ROI_075/patch_175,own,≥128,1,1965755,0.250,1.000,1535.3741,1552.5358
ROI_075/patch_177,,,excluded,,,,,
ROI_075/patch_178,nearest,0–16,1,6434,1.000,1.000,,
ROI_075/patch_178,nearest,16–32,1,17889,1.000,1.000,,
ROI_075/patch_178,nearest,32–64,1,52502,1.000,1.000,,
ROI_075/patch_178,nearest,64–128,1,101661,1.000,1.000,,
ROI_075/patch_178,nearest,≥128,1,83658,1.000,1.000,,
ROI_075/patch_178,own,0–16,1,6434,1.000,1.000,,
ROI_075/patch_178,own,16–32,1,18451,1.000,1.000,,
ROI_075/patch_178,own,32–64,1,67267,1.000,1.000,,
ROI_075/patch_178,own,64–128,1,240005,1.000,1.000,,
ROI_075/patch_178,own,≥128,1,1764995,1.000,1.000,,
ROI_075/patch_179,nearest,0–16,1,6442,0.000,1.000,6.5509,6.9710
ROI_075/patch_179,nearest,16–32,1,18313,0.000,1.000,6.4578,6.7771
ROI_075/patch_179,nearest,32–64,1,56516,0.000,1.000,75.8072,76.8994
ROI_075/patch_179,nearest,64–128,1,89920,0.000,1.000,842.6677,846.5966
ROI_075/patch_179,nearest,≥128,1,90953,1.000,1.000,,
ROI_075/patch_179,own,0–16,1,6442,0.000,1.000,6.5869,7.0096
ROI_075/patch_179,own,16–32,1,18788,0.000,1.000,7.3777,7.7144
ROI_075/patch_179,own,32–64,1,67012,0.000,1.000,68.2569,69.3357
ROI_075/patch_179,own,64–128,1,237577,0.000,1.000,415.4352,417.8955
ROI_075/patch_179,own,≥128,1,1767333,0.200,1.000,2153.0792,2155.9793
ROI_075/patch_180,,,excluded,,,,,
ROI_075/patch_181,,,excluded,,,,,
ROI_080/patch_1,nearest,0–16,1,6435,0.000,1.000,5.6888,6.6646
ROI_080/patch_1,nearest,16–32,1,19234,0.000,1.000,5.7655,6.7441
ROI_080/patch_1,nearest,32–64,1,66565,0.000,1.000,5.5460,6.6992
ROI_080/patch_1,nearest,64–128,1,131699,0.000,1.000,6.1544,7.3518
ROI_080/patch_1,nearest,≥128,1,38211,0.000,1.000,8.8833,9.7420
ROI_080/patch_1,own,0–16,1,6435,0.000,1.000,5.6754,6.6523
ROI_080/patch_1,own,16–32,1,19234,0.000,1.000,5.7216,6.7235
ROI_080/patch_1,own,32–64,1,72115,0.000,1.000,5.8704,6.9182
ROI_080/patch_1,own,64–128,1,243138,0.000,1.000,6.3106,7.3957
ROI_080/patch_1,own,≥128,1,1756230,0.000,1.000,6.9527,7.9999
ROI_080/patch_3,nearest,0–16,1,6087,0.000,1.000,12.6232,15.1146
ROI_080/patch_3,nearest,16–32,1,16426,0.000,1.000,12.6695,15.2477
ROI_080/patch_3,nearest,32–64,1,46508,0.000,1.000,13.6884,16.2209
ROI_080/patch_3,nearest,64–128,1,107414,0.000,1.000,15.8908,19.4412
ROI_080/patch_3,nearest,≥128,1,85709,0.000,1.000,13.9587,18.8873
ROI_080/patch_3,own,0–16,1,6235,0.000,1.000,12.6663,15.1822
ROI_080/patch_3,own,16–32,1,18087,0.000,1.000,12.8438,15.3941
ROI_080/patch_3,own,32–64,1,66854,0.000,1.000,13.6035,16.2514
ROI_080/patch_3,own,64–128,1,212094,0.000,1.000,16.8795,20.0928
ROI_080/patch_3,own,≥128,1,1793882,0.000,1.000,14.9277,18.7759
ROI_080/patch_4,nearest,0–16,1,6423,0.000,1.000,8.2041,9.2695
ROI_080/patch_4,nearest,16–32,1,19294,0.000,1.000,8.3693,9.4041
ROI_080/patch_4,nearest,32–64,1,60241,0.000,1.000,11.1799,12.3353
ROI_080/patch_4,nearest,64–128,1,96275,0.000,1.000,17.4658,19.1485
ROI_080/patch_4,nearest,≥128,1,79911,0.000,1.000,140.6252,142.4201
ROI_080/patch_4,own,0–16,1,6423,0.000,1.000,8.2110,9.2847
ROI_080/patch_4,own,16–32,1,19294,0.000,1.000,8.3259,9.3662
ROI_080/patch_4,own,32–64,1,76829,0.000,1.000,12.9566,14.0544
ROI_080/patch_4,own,64–128,1,267602,0.000,1.000,11.8183,13.3685
ROI_080/patch_4,own,≥128,1,1727004,0.000,1.000,85.0897,86.4698
ROI_080/patch_5,nearest,0–16,1,6433,0.000,1.000,300.6047,304.1566
ROI_080/patch_5,nearest,16–32,1,19299,0.000,1.000,279.5082,282.9691
ROI_080/patch_5,nearest,32–64,1,62870,0.000,1.000,247.2821,250.1961
ROI_080/patch_5,nearest,64–128,1,85004,0.000,1.000,338.8458,341.4528
ROI_080/patch_5,nearest,≥128,1,88538,0.150,1.000,238.6325,241.2377
ROI_080/patch_5,own,0–16,1,6433,0.000,1.000,303.4531,307.0131
ROI_080/patch_5,own,16–32,1,19299,0.000,1.000,289.4397,292.9043
ROI_080/patch_5,own,32–64,1,73465,0.000,1.000,256.1489,259.3280
ROI_080/patch_5,own,64–128,1,244413,0.000,1.000,277.8333,280.9482
ROI_080/patch_5,own,≥128,1,1753542,0.050,1.000,217.5334,220.7111
ROI_080/patch_7,nearest,0–16,1,6437,0.000,1.000,4.3908,5.0480
ROI_080/patch_7,nearest,16–32,1,18673,0.000,1.000,4.6195,5.2398
ROI_080/patch_7,nearest,32–64,1,56298,0.000,1.000,7.1569,7.7552
ROI_080/patch_7,nearest,64–128,1,108180,0.000,1.000,34.0123,34.8376
ROI_080/patch_7,nearest,≥128,1,72556,0.850,1.000,498.7910,500.7017
ROI_080/patch_7,own,0–16,1,6437,0.000,1.000,4.4106,5.0594
ROI_080/patch_7,own,16–32,1,18820,0.000,1.000,4.7313,5.3536
ROI_080/patch_7,own,32–64,1,68902,0.000,1.000,6.0146,6.6106
ROI_080/patch_7,own,64–128,1,232998,0.000,1.000,23.4148,24.1435
ROI_080/patch_7,own,≥128,1,1769995,0.000,1.000,105.1365,106.1298
ROI_080/patch_8,nearest,0–16,1,6391,0.000,1.000,11.3703,11.5334
ROI_080/patch_8,nearest,16–32,1,18525,0.000,1.000,11.5980,11.7663
ROI_080/patch_8,nearest,32–64,1,61912,0.000,1.000,12.0589,12.2726
ROI_080/patch_8,nearest,64–128,1,121835,0.000,1.000,19.0591,19.3704
ROI_080/patch_8,nearest,≥128,1,53481,0.000,1.000,51.0083,51.5179
ROI_080/patch_8,own,0–16,1,6391,0.000,1.000,11.4224,11.5835
ROI_080/patch_8,own,16–32,1,18525,0.000,1.000,11.7218,11.8949
ROI_080/patch_8,own,32–64,1,67293,0.000,1.000,12.0326,12.2419
ROI_080/patch_8,own,64–128,1,228232,0.000,1.000,15.3006,15.5565
ROI_080/patch_8,own,≥128,1,1776711,0.000,1.000,29.2821,29.5423
ROI_080/patch_9,nearest,0–16,1,6407,0.000,1.000,10.3101,11.5981
ROI_080/patch_9,nearest,16–32,1,18528,0.000,1.000,10.2238,11.5544
ROI_080/patch_9,nearest,32–64,1,63514,0.000,1.000,10.4942,11.7871
ROI_080/patch_9,nearest,64–128,1,121012,0.000,1.000,12.6331,14.3435
ROI_080/patch_9,nearest,≥128,1,52683,0.000,1.000,19.5613,22.7965
ROI_080/patch_9,own,0–16,1,6407,0.000,1.000,10.2201,11.5012
ROI_080/patch_9,own,16–32,1,18528,0.000,1.000,10.2516,11.5632
ROI_080/patch_9,own,32–64,1,69468,0.000,1.000,10.6836,12.0373
ROI_080/patch_9,own,64–128,1,240324,0.000,1.000,11.9976,13.5009
ROI_080/patch_9,own,≥128,1,1762425,0.000,1.000,12.8790,14.5323
ROI_080/patch_11,nearest,0–16,1,6253,0.000,1.000,28.0864,28.9725
ROI_080/patch_11,nearest,16–32,1,17480,0.000,1.000,28.8515,29.7231
ROI_080/patch_11,nearest,32–64,1,62598,0.000,1.000,26.4920,27.4641
ROI_080/patch_11,nearest,64–128,1,126957,0.000,1.000,20.3875,21.5203
ROI_080/patch_11,nearest,≥128,1,48856,0.000,1.000,21.0431,21.7289
ROI_080/patch_11,own,0–16,1,6253,0.000,1.000,28.2954,29.1647
ROI_080/patch_11,own,16–32,1,18222,0.000,1.000,29.0359,29.8974
ROI_080/patch_11,own,32–64,1,67818,0.000,1.000,27.8105,28.6968
ROI_080/patch_11,own,64–128,1,241371,0.000,1.000,20.0063,20.9624
ROI_080/patch_11,own,≥128,1,1763488,0.000,1.000,27.3136,28.1142
ROI_080/patch_14,nearest,0–16,1,6373,0.000,1.000,3.4803,4.4461
ROI_080/patch_14,nearest,16–32,1,17824,0.000,1.000,3.6660,4.7268
ROI_080/patch_14,nearest,32–64,1,57170,0.000,1.000,4.1183,5.3190
ROI_080/patch_14,nearest,64–128,1,103997,0.000,1.000,4.2189,5.6903
ROI_080/patch_14,nearest,≥128,1,76780,0.000,1.000,4.1022,6.9561
ROI_080/patch_14,own,0–16,1,6373,0.000,1.000,3.5079,4.4755
ROI_080/patch_14,own,16–32,1,17854,0.000,1.000,3.6080,4.6726
ROI_080/patch_14,own,32–64,1,66782,0.000,1.000,3.9552,5.1517
ROI_080/patch_14,own,64–128,1,252964,0.000,1.000,4.6300,6.0150
ROI_080/patch_14,own,≥128,1,1753179,0.000,1.000,3.7862,5.4969
ROI_080/patch_18,nearest,0–16,1,6426,0.000,1.000,3.7072,5.0888
ROI_080/patch_18,nearest,16–32,1,18493,0.000,1.000,3.6174,5.0111
ROI_080/patch_18,nearest,32–64,1,59062,0.000,1.000,3.3819,4.9119
ROI_080/patch_18,nearest,64–128,1,130004,0.000,1.000,3.8158,4.8349
ROI_080/patch_18,nearest,≥128,1,48159,0.000,1.000,11.9261,12.4016
ROI_080/patch_18,own,0–16,1,6426,0.000,1.000,3.7049,5.0897
ROI_080/patch_18,own,16–32,1,18775,0.000,1.000,3.6153,4.9973
ROI_080/patch_18,own,32–64,1,70706,0.000,1.000,3.4164,4.9597
ROI_080/patch_18,own,64–128,1,230512,0.000,1.000,3.3178,4.5718
ROI_080/patch_18,own,≥128,1,1770733,0.000,1.000,3.5756,4.5556
ROI_080/patch_19,nearest,0–16,1,7240,0.000,1.000,7.3351,8.1785
ROI_080/patch_19,nearest,16–32,1,21629,0.000,1.000,7.4903,8.3336
ROI_080/patch_19,nearest,32–64,1,77589,0.000,1.000,8.1327,8.9576
ROI_080/patch_19,nearest,64–128,1,105168,0.000,1.000,11.8559,12.8161
ROI_080/patch_19,nearest,≥128,1,50518,0.000,1.000,46.9161,49.3073
ROI_080/patch_19,own,0–16,1,7240,0.000,1.000,7.3767,8.2252
ROI_080/patch_19,own,16–32,1,21629,0.000,1.000,7.3642,8.2009
ROI_080/patch_19,own,32–64,1,82920,0.000,1.000,8.5849,9.4242
ROI_080/patch_19,own,64–128,1,291570,0.000,1.000,9.6476,10.5079
ROI_080/patch_19,own,≥128,1,1955937,0.000,1.000,29.5883,30.6270
ROI_080/patch_22,nearest,0–16,1,6436,0.000,1.000,7.9335,8.4856
ROI_080/patch_22,nearest,16–32,1,18261,0.000,1.000,6.7018,7.2829
ROI_080/patch_22,nearest,32–64,1,58578,0.000,1.000,6.5837,7.1454
ROI_080/patch_22,nearest,64–128,1,114448,0.000,1.000,5.9717,6.5297
ROI_080/patch_22,nearest,≥128,1,64421,0.000,1.000,7.1636,8.2519
ROI_080/patch_22,own,0–16,1,6436,0.000,1.000,7.9849,8.5346
ROI_080/patch_22,own,16–32,1,19126,0.000,1.000,7.2501,7.8107
ROI_080/patch_22,own,32–64,1,71640,0.000,1.000,7.2552,7.8090
ROI_080/patch_22,own,64–128,1,234997,0.000,1.000,5.3277,5.8921
ROI_080/patch_22,own,≥128,1,1764953,0.000,1.000,6.3573,7.1396
ROI_080/patch_24,nearest,0–16,1,6440,0.000,1.000,4.3204,6.9237
ROI_080/patch_24,nearest,16–32,1,18855,0.000,1.000,6.7790,9.6611
ROI_080/patch_24,nearest,32–64,1,63184,0.000,1.000,20.0088,23.8713
ROI_080/patch_24,nearest,64–128,1,96103,0.000,1.000,117.7471,123.4681
ROI_080/patch_24,nearest,≥128,1,77562,0.000,1.000,477.5782,483.8100
ROI_080/patch_24,own,0–16,1,6440,0.000,1.000,4.3139,6.9742
ROI_080/patch_24,own,16–32,1,18855,0.000,1.000,8.7268,11.9095
ROI_080/patch_24,own,32–64,1,66782,0.000,1.000,16.4250,20.0250
ROI_080/patch_24,own,64–128,1,228228,0.000,1.000,45.2808,48.0340
ROI_080/patch_24,own,≥128,1,1776847,0.000,1.000,295.9285,302.0385
ROI_080/patch_25,nearest,0–16,1,6444,0.000,1.000,3.6123,3.7366
ROI_080/patch_25,nearest,16–32,1,17769,0.000,1.000,3.6488,3.8102
ROI_080/patch_25,nearest,32–64,1,55405,0.000,1.000,5.0943,5.5499
ROI_080/patch_25,nearest,64–128,1,130031,0.000,1.000,5.9917,6.6917
ROI_080/patch_25,nearest,≥128,1,52495,0.000,1.000,8.7688,9.5152
ROI_080/patch_25,own,0–16,1,6444,0.000,1.000,3.6076,3.7308
ROI_080/patch_25,own,16–32,1,17936,0.000,1.000,3.6653,3.8250
ROI_080/patch_25,own,32–64,1,60746,0.000,1.000,6.0368,6.3936
ROI_080/patch_25,own,64–128,1,201722,0.000,1.000,5.8148,6.4290
ROI_080/patch_25,own,≥128,1,1810304,0.000,1.000,6.0475,6.7671
ROI_080/patch_28,nearest,0–16,1,6431,0.000,1.000,17.3777,18.7064
ROI_080/patch_28,nearest,16–32,1,19109,0.000,1.000,17.3679,18.7097
ROI_080/patch_28,nearest,32–64,1,49954,0.000,1.000,17.1791,18.4909
ROI_080/patch_28,nearest,64–128,1,107049,0.000,1.000,36.9531,38.4209
ROI_080/patch_28,nearest,≥128,1,79601,0.000,1.000,426.1333,427.8093
ROI_080/patch_28,own,0–16,1,6431,0.000,1.000,17.2997,18.6192
ROI_080/patch_28,own,16–32,1,19153,0.000,1.000,17.3792,18.7168
ROI_080/patch_28,own,32–64,1,70907,0.000,1.000,17.6114,19.0299
ROI_080/patch_28,own,64–128,1,214898,0.000,1.000,47.3900,48.6110
ROI_080/patch_28,own,≥128,1,1785763,0.000,1.000,106.2217,107.5382
ROI_080/patch_29,nearest,0–16,1,6431,0.000,1.000,15.4172,16.6002
ROI_080/patch_29,nearest,16–32,1,18715,0.000,1.000,15.5386,16.7369
ROI_080/patch_29,nearest,32–64,1,68484,0.000,1.000,16.9578,18.1408
ROI_080/patch_29,nearest,64–128,1,125357,0.000,1.000,30.9489,31.9948
ROI_080/patch_29,nearest,≥128,1,43157,0.000,1.000,119.9897,121.5355
ROI_080/patch_29,own,0–16,1,6431,0.000,1.000,15.4105,16.6101
ROI_080/patch_29,own,16–32,1,18715,0.000,1.000,15.6901,16.9158
ROI_080/patch_29,own,32–64,1,70352,0.000,1.000,17.4011,18.5707
ROI_080/patch_29,own,64–128,1,245322,0.000,1.000,28.9691,30.0553
ROI_080/patch_29,own,≥128,1,1756332,0.000,1.000,51.5632,52.7353
ROI_080/patch_30,nearest,0–16,1,6276,0.000,1.000,18.3314,19.1227
ROI_080/patch_30,nearest,16–32,1,17934,0.000,1.000,18.4725,19.2519
ROI_080/patch_30,nearest,32–64,1,66486,0.000,1.000,19.8518,20.6180
ROI_080/patch_30,nearest,64–128,1,123572,0.000,1.000,26.7237,27.8081
ROI_080/patch_30,nearest,≥128,1,47876,0.000,1.000,43.9867,45.0715
ROI_080/patch_30,own,0–16,1,6276,0.000,1.000,18.3714,19.1583
ROI_080/patch_30,own,16–32,1,17934,0.000,1.000,18.6070,19.3653
ROI_080/patch_30,own,32–64,1,69080,0.000,1.000,18.8870,19.6842
ROI_080/patch_30,own,64–128,1,257497,0.000,1.000,22.2134,23.2316
ROI_080/patch_30,own,≥128,1,1746365,0.000,1.000,27.0957,27.9320
ROI_080/patch_32,nearest,0–16,1,6436,0.000,1.000,2.9792,4.5823
ROI_080/patch_32,nearest,16–32,1,19162,0.000,1.000,3.0009,4.5771
ROI_080/patch_32,nearest,32–64,1,68340,0.000,1.000,3.7826,5.3039
ROI_080/patch_32,nearest,64–128,1,102570,0.000,1.000,6.7721,8.2804
ROI_080/patch_32,nearest,≥128,1,65636,0.000,1.000,16.4398,18.0054
ROI_080/patch_32,own,0–16,1,6436,0.000,1.000,2.9638,4.5773
ROI_080/patch_32,own,16–32,1,19162,0.000,1.000,3.0458,4.5908
ROI_080/patch_32,own,32–64,1,71552,0.000,1.000,3.7458,5.2735
ROI_080/patch_32,own,64–128,1,271798,0.000,1.000,5.3989,6.9232
ROI_080/patch_32,own,≥128,1,1728204,0.000,1.000,11.2185,12.7219
ROI_080/patch_33,nearest,0–16,1,8037,0.000,1.000,17.3960,19.0661
ROI_080/patch_33,nearest,16–32,1,23619,0.000,1.000,17.5335,19.1787
ROI_080/patch_33,nearest,32–64,1,77969,0.000,1.000,17.5331,19.2306
ROI_080/patch_33,nearest,64–128,1,103707,0.000,1.000,18.3047,20.1434
ROI_080/patch_33,nearest,≥128,1,48812,0.000,1.000,40.2845,42.5737
ROI_080/patch_33,own,0–16,1,8037,0.000,1.000,17.4312,19.1205
ROI_080/patch_33,own,16–32,1,23619,0.000,1.000,17.4337,19.0745
ROI_080/patch_33,own,32–64,1,83999,0.000,1.000,17.6695,19.3597
ROI_080/patch_33,own,64–128,1,293976,0.000,1.000,17.6592,19.3958
ROI_080/patch_33,own,≥128,1,2211809,0.000,1.000,18.9916,20.7544
ROI_080/patch_34,nearest,0–16,1,6971,0.000,1.000,38.9347,39.7642
ROI_080/patch_34,nearest,16–32,1,19561,0.000,1.000,39.4708,40.2611
ROI_080/patch_34,nearest,32–64,1,64251,0.000,1.000,40.2567,41.0805
ROI_080/patch_34,nearest,64–128,1,117108,0.000,1.000,47.2579,48.2592
ROI_080/patch_34,nearest,≥128,1,54253,0.000,1.000,63.9481,66.6796
ROI_080/patch_34,own,0–16,1,6971,0.000,1.000,38.9630,39.7761
ROI_080/patch_34,own,16–32,1,20663,0.000,1.000,38.8725,39.6505
ROI_080/patch_34,own,32–64,1,81649,0.000,1.000,40.6084,41.3758
ROI_080/patch_34,own,64–128,1,277161,0.000,1.000,44.4927,45.3281
ROI_080/patch_34,own,≥128,1,1972852,0.000,1.000,48.1381,49.1849
ROI_080/patch_35,nearest,0–16,1,6428,0.000,1.000,56.5661,58.5243
ROI_080/patch_35,nearest,16–32,1,18118,0.000,1.000,55.6642,57.6176
ROI_080/patch_35,nearest,32–64,1,53037,0.000,1.000,54.2122,55.9571
ROI_080/patch_35,nearest,64–128,1,113857,0.000,1.000,77.2345,78.2129
ROI_080/patch_35,nearest,≥128,1,70704,0.000,1.000,94.4208,94.9365
ROI_080/patch_35,own,0–16,1,6428,0.000,1.000,55.7458,57.6346
ROI_080/patch_35,own,16–32,1,18330,0.000,1.000,53.1122,54.9343
ROI_080/patch_35,own,32–64,1,63585,0.000,1.000,56.1348,57.9094
ROI_080/patch_35,own,64–128,1,211317,0.000,1.000,69.5518,70.4366
ROI_080/patch_35,own,≥128,1,1797492,0.000,1.000,123.8004,124.6608
ROI_080/patch_38,nearest,0–16,1,6437,0.000,1.000,12.4040,13.9906
ROI_080/patch_38,nearest,16–32,1,18405,0.000,1.000,13.1587,14.7564
ROI_080/patch_38,nearest,32–64,1,65319,0.000,1.000,14.6460,16.2277
ROI_080/patch_38,nearest,64–128,1,107041,0.000,1.000,22.1702,23.5698
ROI_080/patch_38,nearest,≥128,1,64942,0.000,1.000,58.0501,59.6752
ROI_080/patch_38,own,0–16,1,6437,0.000,1.000,12.3993,13.9816
ROI_080/patch_38,own,16–32,1,19254,0.000,1.000,13.1226,14.7293
ROI_080/patch_38,own,32–64,1,74421,0.000,1.000,13.9947,15.5332
ROI_080/patch_38,own,64–128,1,284200,0.000,1.000,18.6964,20.1757
ROI_080/patch_38,own,≥128,1,1712840,0.000,1.000,34.3311,35.6092
ROI_080/patch_39,nearest,0–16,1,6440,0.000,1.000,2.7256,3.4220
ROI_080/patch_39,nearest,16–32,1,17975,0.000,1.000,2.7494,3.4817
ROI_080/patch_39,nearest,32–64,1,52515,0.000,1.000,5.0013,5.9087
ROI_080/patch_39,nearest,64–128,1,92216,0.000,1.000,8.0520,9.1557
ROI_080/patch_39,nearest,≥128,1,92998,0.000,1.000,206.5665,209.1094
ROI_080/patch_39,own,0–16,1,6440,0.000,1.000,2.7318,3.4258
ROI_080/patch_39,own,16–32,1,18827,0.000,1.000,2.6616,3.3864
ROI_080/patch_39,own,32–64,1,63795,0.000,1.000,4.4625,5.3793
ROI_080/patch_39,own,64–128,1,220443,0.000,1.000,8.9385,9.9850
ROI_080/patch_39,own,≥128,1,1787647,0.000,1.000,16.3585,17.7318
ROI_080/patch_44,nearest,0–16,1,6424,0.000,1.000,15.5247,16.3393
ROI_080/patch_44,nearest,16–32,1,18972,0.000,1.000,16.8775,17.7335
ROI_080/patch_44,nearest,32–64,1,63087,0.000,1.000,18.1835,19.1440
ROI_080/patch_44,nearest,64–128,1,113610,0.000,1.000,35.1780,36.3358
ROI_080/patch_44,nearest,≥128,1,60051,0.000,1.000,49.8244,50.9304
ROI_080/patch_44,own,0–16,1,6424,0.000,1.000,15.5410,16.3566
ROI_080/patch_44,own,16–32,1,18972,0.000,1.000,16.6195,17.4656
ROI_080/patch_44,own,32–64,1,73785,0.000,1.000,17.6672,18.5480
ROI_080/patch_44,own,64–128,1,264892,0.000,1.000,27.4387,28.4698
ROI_080/patch_44,own,≥128,1,1733079,0.000,1.000,41.6549,42.6175
ROI_080/patch_45,nearest,0–16,1,5947,0.000,1.000,9.2035,9.6862
ROI_080/patch_45,nearest,16–32,1,16224,0.000,1.000,9.3689,9.9038
ROI_080/patch_45,nearest,32–64,1,52980,0.000,1.000,11.2542,11.9801
ROI_080/patch_45,nearest,64–128,1,105048,0.000,1.000,20.6794,22.0598
ROI_080/patch_45,nearest,≥128,1,81945,0.000,1.000,149.8477,150.2451
ROI_080/patch_45,own,0–16,1,5947,0.000,1.000,9.1130,9.6033
ROI_080/patch_45,own,16–32,1,16826,0.000,1.000,9.5483,10.0514
ROI_080/patch_45,own,32–64,1,64043,0.000,1.000,11.1417,11.8393
ROI_080/patch_45,own,64–128,1,221078,0.000,1.000,20.3612,21.9195
ROI_080/patch_45,own,≥128,1,1789258,0.000,1.000,94.0161,94.7167
ROI_080/patch_46,nearest,0–16,1,6265,0.000,1.000,7.4378,8.6700
ROI_080/patch_46,nearest,16–32,1,17408,0.000,1.000,8.4718,9.6848
ROI_080/patch_46,nearest,32–64,1,56111,0.000,1.000,18.6665,19.8609
ROI_080/patch_46,nearest,64–128,1,116613,0.000,1.000,56.8763,58.5389
ROI_080/patch_46,nearest,≥128,1,65747,0.000,1.000,253.9755,257.2020
ROI_080/patch_46,own,0–16,1,6265,0.000,1.000,7.4662,8.7134
ROI_080/patch_46,own,16–32,1,17408,0.000,1.000,8.3991,9.6040
ROI_080/patch_46,own,32–64,1,63101,0.000,1.000,17.0300,18.1766
ROI_080/patch_46,own,64–128,1,223742,0.000,1.000,43.2182,44.5786
ROI_080/patch_46,own,≥128,1,1786636,0.000,1.000,81.3526,83.4016
ROI_080/patch_48,nearest,0–16,1,6427,0.000,1.000,16.6227,17.1336
ROI_080/patch_48,nearest,16–32,1,19309,0.000,1.000,16.8978,17.4025
ROI_080/patch_48,nearest,32–64,1,66593,0.000,1.000,18.1439,18.7548
ROI_080/patch_48,nearest,64–128,1,119062,0.000,1.000,26.8764,27.7986
ROI_080/patch_48,nearest,≥128,1,50753,0.000,1.000,181.5326,182.4548
ROI_080/patch_48,own,0–16,1,6427,0.000,1.000,16.6043,17.1167
ROI_080/patch_48,own,16–32,1,19309,0.000,1.000,16.7656,17.2634
ROI_080/patch_48,own,32–64,1,74060,0.000,1.000,18.0024,18.5560
ROI_080/patch_48,own,64–128,1,255616,0.000,1.000,24.6146,25.3274
ROI_080/patch_48,own,≥128,1,1741740,0.000,1.000,77.3843,78.2809
ROI_080/patch_50,,,excluded,,,,,
ROI_080/patch_51,nearest,0–16,1,6201,0.000,1.000,4.4573,5.9248
ROI_080/patch_51,nearest,16–32,1,18222,0.000,1.000,4.7741,6.2289
ROI_080/patch_51,nearest,32–64,1,66825,0.000,1.000,6.1491,7.5825
ROI_080/patch_51,nearest,64–128,1,135791,0.000,1.000,23.1800,24.3906
ROI_080/patch_51,nearest,≥128,1,35105,0.000,1.000,89.4658,90.5870
ROI_080/patch_51,own,0–16,1,6201,0.000,1.000,4.4823,5.9491
ROI_080/patch_51,own,16–32,1,18222,0.000,1.000,4.5748,5.9961
ROI_080/patch_51,own,32–64,1,69325,0.000,1.000,6.6731,7.9896
ROI_080/patch_51,own,64–128,1,236003,0.000,1.000,15.5835,16.7925
ROI_080/patch_51,own,≥128,1,1767401,0.000,1.000,18.8005,19.9834
ROI_080/patch_52,nearest,0–16,1,6438,0.000,1.000,1.9927,3.1913
ROI_080/patch_52,nearest,16–32,1,19290,0.000,1.000,2.0222,3.2167
ROI_080/patch_52,nearest,32–64,1,65852,0.000,1.000,2.4026,3.5874
ROI_080/patch_52,nearest,64–128,1,137412,0.000,1.000,5.4487,6.7245
ROI_080/patch_52,nearest,≥128,1,33152,0.000,1.000,45.0783,47.6847
ROI_080/patch_52,own,0–16,1,6438,0.000,1.000,2.0204,3.2231
ROI_080/patch_52,own,16–32,1,19290,0.000,1.000,2.0429,3.2527
ROI_080/patch_52,own,32–64,1,69479,0.000,1.000,2.0581,3.1892
ROI_080/patch_52,own,64–128,1,241011,0.000,1.000,7.1243,8.5049
ROI_080/patch_52,own,≥128,1,1760934,0.000,1.000,7.5974,8.9399
ROI_080/patch_53,nearest,0–16,1,6293,0.000,1.000,6.9990,8.2103
ROI_080/patch_53,nearest,16–32,1,18404,0.000,1.000,6.8389,8.0531
ROI_080/patch_53,nearest,32–64,1,65382,0.000,1.000,6.7094,8.0211
ROI_080/patch_53,nearest,64–128,1,115979,0.000,1.000,6.5934,8.4470
ROI_080/patch_53,nearest,≥128,1,56086,0.000,1.000,18.4292,20.8823
ROI_080/patch_53,own,0–16,1,6293,0.000,1.000,6.9761,8.1849
ROI_080/patch_53,own,16–32,1,18404,0.000,1.000,6.9736,8.1847
ROI_080/patch_53,own,32–64,1,71249,0.000,1.000,6.9594,8.2450
ROI_080/patch_53,own,64–128,1,223921,0.000,1.000,6.7854,8.2663
ROI_080/patch_53,own,≥128,1,1777285,0.000,1.000,10.0426,11.6961
ROI_080/patch_54,nearest,0–16,1,6439,0.000,1.000,12.0143,12.8546
ROI_080/patch_54,nearest,16–32,1,18915,0.000,1.000,10.5877,11.4722
ROI_080/patch_54,nearest,32–64,1,58550,0.000,1.000,13.6735,14.7269
ROI_080/patch_54,nearest,64–128,1,86281,0.000,1.000,36.6520,38.3425
ROI_080/patch_54,nearest,≥128,1,91959,0.000,1.000,32.5905,43.4502
ROI_080/patch_54,own,0–16,1,6439,0.000,1.000,11.9838,12.8277
ROI_080/patch_54,own,16–32,1,19291,0.000,1.000,10.8444,11.7142
ROI_080/patch_54,own,32–64,1,73009,0.000,1.000,15.5509,16.7552
ROI_080/patch_54,own,64–128,1,248324,0.000,1.000,17.5901,18.8418
ROI_080/patch_54,own,≥128,1,1750089,0.000,1.000,19.5475,21.0980
ROI_080/patch_55,nearest,0–16,1,6189,0.000,1.000,9.0444,9.7966
ROI_080/patch_55,nearest,16–32,1,17526,0.000,1.000,9.1512,9.8945
ROI_080/patch_55,nearest,32–64,1,65700,0.000,1.000,9.3499,10.1749
ROI_080/patch_55,nearest,64–128,1,133296,0.000,1.000,12.0963,13.0498
ROI_080/patch_55,nearest,≥128,1,39433,0.000,1.000,20.9213,21.8812
ROI_080/patch_55,own,0–16,1,6189,0.000,1.000,9.0636,9.8093
ROI_080/patch_55,own,16–32,1,17526,0.000,1.000,9.2445,9.9937
ROI_080/patch_55,own,32–64,1,65770,0.000,1.000,9.5449,10.3740
ROI_080/patch_55,own,64–128,1,230010,0.000,1.000,10.4447,11.3944
ROI_080/patch_55,own,≥128,1,1777657,0.000,1.000,14.7885,15.7033
ROI_080/patch_57,nearest,0–16,1,6445,0.000,1.000,6.1044,7.7925
ROI_080/patch_57,nearest,16–32,1,18536,0.000,1.000,6.3694,8.1282
ROI_080/patch_57,nearest,32–64,1,65265,0.000,1.000,8.6473,10.5123
ROI_080/patch_57,nearest,64–128,1,110832,0.000,1.000,15.6720,17.2985
ROI_080/patch_57,nearest,≥128,1,61066,0.000,1.000,15.4786,17.7111
ROI_080/patch_57,own,0–16,1,6445,0.000,1.000,6.0575,7.7562
ROI_080/patch_57,own,16–32,1,18536,0.000,1.000,6.3526,8.1242
ROI_080/patch_57,own,32–64,1,67795,0.000,1.000,8.1381,9.9864
ROI_080/patch_57,own,64–128,1,235409,0.000,1.000,12.7155,14.5070
ROI_080/patch_57,own,≥128,1,1768967,0.000,1.000,13.6921,15.4437
ROI_080/patch_58,nearest,0–16,1,6427,0.000,1.000,9.6963,11.1765
ROI_080/patch_58,nearest,16–32,1,18735,0.000,1.000,9.7263,11.3012
ROI_080/patch_58,nearest,32–64,1,64705,0.000,1.000,10.3866,12.0779
ROI_080/patch_58,nearest,64–128,1,103127,0.000,1.000,13.0407,14.6479
ROI_080/patch_58,nearest,≥128,1,69150,0.000,1.000,17.2055,18.8271
ROI_080/patch_58,own,0–16,1,6427,0.000,1.000,9.7461,11.2236
ROI_080/patch_58,own,16–32,1,18735,0.000,1.000,9.7142,11.2880
ROI_080/patch_58,own,32–64,1,67976,0.000,1.000,10.6491,12.3728
ROI_080/patch_58,own,64–128,1,236793,0.000,1.000,11.3499,13.1374
ROI_080/patch_58,own,≥128,1,1767221,0.000,1.000,15.4205,16.6690
ROI_080/patch_59,nearest,0–16,1,5726,0.000,1.000,8.1872,9.6775
ROI_080/patch_59,nearest,16–32,1,16216,0.000,1.000,8.3364,9.7722
ROI_080/patch_59,nearest,32–64,1,51353,0.000,1.000,9.1906,10.6390
ROI_080/patch_59,nearest,64–128,1,87616,0.000,1.000,12.5312,14.5375
ROI_080/patch_59,nearest,≥128,1,101233,0.000,1.000,7.6348,9.9288
ROI_080/patch_59,own,0–16,1,5726,0.000,1.000,8.2368,9.7400
ROI_080/patch_59,own,16–32,1,16216,0.000,1.000,8.4242,9.8815
ROI_080/patch_59,own,32–64,1,60913,0.000,1.000,8.8950,10.3102
ROI_080/patch_59,own,64–128,1,197214,0.000,1.000,11.8645,13.6690
ROI_080/patch_59,own,≥128,1,1817083,0.000,1.000,8.0827,9.8850
ROI_080/patch_61,nearest,0–16,1,6070,0.000,1.000,31.9108,32.9277
ROI_080/patch_61,nearest,16–32,1,17256,0.000,1.000,32.2669,33.3436
ROI_080/patch_61,nearest,32–64,1,53572,0.000,1.000,32.6557,34.0402
ROI_080/patch_61,nearest,64–128,1,108403,0.000,1.000,37.2781,39.7653
ROI_080/patch_61,nearest,≥128,1,76843,0.000,1.000,41.0139,50.0923
ROI_080/patch_61,own,0–16,1,6070,0.000,1.000,31.8479,32.8546
ROI_080/patch_61,own,16–32,1,17615,0.000,1.000,32.1257,33.1848
ROI_080/patch_61,own,32–64,1,62806,0.000,1.000,33.8314,35.2216
ROI_080/patch_61,own,64–128,1,224147,0.000,1.000,35.3543,37.3835
ROI_080/patch_61,own,≥128,1,1786514,0.000,1.000,32.9074,35.0977
ROI_080/patch_63,nearest,0–16,1,6430,0.000,1.000,21.1138,22.5328
ROI_080/patch_63,nearest,16–32,1,17820,0.000,1.000,21.3104,22.5904
ROI_080/patch_63,nearest,32–64,1,60317,0.000,1.000,22.7819,23.8834
ROI_080/patch_63,nearest,64–128,1,131391,0.000,1.000,32.4036,34.0499
ROI_080/patch_63,nearest,≥128,1,46186,0.000,1.000,41.6598,44.6719
ROI_080/patch_63,own,0–16,1,6430,0.000,1.000,21.0609,22.4614
ROI_080/patch_63,own,16–32,1,18582,0.000,1.000,21.0886,22.3562
ROI_080/patch_63,own,32–64,1,68133,0.000,1.000,23.3302,24.4462
ROI_080/patch_63,own,64–128,1,227846,0.000,1.000,29.4121,30.8286
ROI_080/patch_63,own,≥128,1,1776161,0.000,1.000,31.9290,34.2931
ROI_080/patch_65,nearest,0–16,1,6440,0.000,1.000,26.2861,44.4777
ROI_080/patch_65,nearest,16–32,1,18751,0.000,1.000,26.8090,44.3358
ROI_080/patch_65,nearest,32–64,1,65477,0.000,1.000,32.4916,49.8282
ROI_080/patch_65,nearest,64–128,1,114138,0.000,1.000,81.6560,97.4033
ROI_080/patch_65,nearest,≥128,1,57338,0.000,1.000,66.2794,81.2571
ROI_080/patch_65,own,0–16,1,6440,0.000,1.000,26.2341,44.4772
ROI_080/patch_65,own,16–32,1,18751,0.000,1.000,26.3540,43.8919
ROI_080/patch_65,own,32–64,1,68172,0.000,1.000,30.4067,47.7388
ROI_080/patch_65,own,64–128,1,220115,0.000,1.000,60.4208,77.0304
ROI_080/patch_65,own,≥128,1,1783674,0.000,1.000,54.9032,71.2573
ROI_080/patch_67,nearest,0–16,1,6436,0.000,1.000,14.6211,16.8359
ROI_080/patch_67,nearest,16–32,1,19225,0.000,1.000,15.1329,17.5039
ROI_080/patch_67,nearest,32–64,1,70201,0.000,1.000,61.5834,66.3187
ROI_080/patch_67,nearest,64–128,1,123794,0.000,1.000,64.9595,69.7078
ROI_080/patch_67,nearest,≥128,1,42488,0.000,1.000,79.9707,84.3291
ROI_080/patch_67,own,0–16,1,6436,0.000,1.000,14.6866,16.8967
ROI_080/patch_67,own,16–32,1,19291,0.000,1.000,15.2724,17.6290
ROI_080/patch_67,own,32–64,1,75639,0.000,1.000,51.4725,55.8201
ROI_080/patch_67,own,64–128,1,261419,0.000,1.000,52.4802,56.7660
ROI_080/patch_67,own,≥128,1,1734367,0.000,1.000,78.6801,84.8053
ROI_080/patch_69,nearest,0–16,1,6334,0.000,1.000,17.0741,17.7215
ROI_080/patch_69,nearest,16–32,1,18438,0.000,1.000,17.7406,18.4158
ROI_080/patch_69,nearest,32–64,1,63967,0.000,1.000,20.4487,21.2000
ROI_080/patch_69,nearest,64–128,1,141384,0.000,1.000,22.8885,23.6178
ROI_080/patch_69,nearest,≥128,1,32021,0.000,1.000,60.2742,61.1836
ROI_080/patch_69,own,0–16,1,6334,0.000,1.000,17.1999,17.8523
ROI_080/patch_69,own,16–32,1,18438,0.000,1.000,17.5359,18.2210
ROI_080/patch_69,own,32–64,1,65698,0.000,1.000,21.3403,22.0639
ROI_080/patch_69,own,64–128,1,209157,0.000,1.000,22.0648,22.9020
ROI_080/patch_69,own,≥128,1,1797525,0.000,1.000,26.7060,27.4831
ROI_080/patch_70,nearest,0–16,1,6128,0.000,1.000,20.5033,21.3385
ROI_080/patch_70,nearest,16–32,1,16871,0.000,1.000,20.6462,21.4278
ROI_080/patch_70,nearest,32–64,1,62586,0.000,1.000,21.3839,22.1338
ROI_080/patch_70,nearest,64–128,1,109631,0.000,1.000,25.6724,26.5354
ROI_080/patch_70,nearest,≥128,1,66928,0.000,1.000,110.5721,111.8562
ROI_080/patch_70,own,0–16,1,6128,0.000,1.000,20.5263,21.3606
ROI_080/patch_70,own,16–32,1,16871,0.000,1.000,20.6021,21.4010
ROI_080/patch_70,own,32–64,1,64056,0.000,1.000,21.2477,22.0169
ROI_080/patch_70,own,64–128,1,226426,0.000,1.000,22.5516,23.4328
ROI_080/patch_70,own,≥128,1,1783671,0.000,1.000,22.8506,23.6695
ROI_080/patch_71,nearest,0–16,1,6416,0.000,1.000,5.2791,7.1779
ROI_080/patch_71,nearest,16–32,1,18580,0.000,1.000,5.1993,7.1403
ROI_080/patch_71,nearest,32–64,1,66841,0.000,1.000,5.4047,7.5222
ROI_080/patch_71,nearest,64–128,1,138927,0.000,1.000,9.2744,11.5001
ROI_080/patch_71,nearest,≥128,1,31380,0.000,1.000,11.0281,12.6177
ROI_080/patch_71,own,0–16,1,6416,0.000,1.000,5.2787,7.1812
ROI_080/patch_71,own,16–32,1,18580,0.000,1.000,5.3173,7.2705
ROI_080/patch_71,own,32–64,1,69565,0.000,1.000,5.4077,7.5744
ROI_080/patch_71,own,64–128,1,231988,0.000,1.000,8.8119,11.1749
ROI_080/patch_71,own,≥128,1,1770603,0.000,1.000,7.3076,9.2190
ROI_080/patch_72,nearest,0–16,1,6113,0.000,1.000,17.4902,19.3102
ROI_080/patch_72,nearest,16–32,1,17371,0.000,1.000,17.6514,19.4588
ROI_080/patch_72,nearest,32–64,1,56412,0.000,1.000,18.0702,19.9448
ROI_080/patch_72,nearest,64–128,1,120493,0.000,1.000,23.5203,25.5200
ROI_080/patch_72,nearest,≥128,1,61755,0.000,1.000,45.4831,47.4251
ROI_080/patch_72,own,0–16,1,6113,0.000,1.000,17.5156,19.3407
ROI_080/patch_72,own,16–32,1,17371,0.000,1.000,17.5853,19.4011
ROI_080/patch_72,own,32–64,1,62790,0.000,1.000,18.0337,19.9077
ROI_080/patch_72,own,64–128,1,202884,0.000,1.000,23.8360,25.8363
ROI_080/patch_72,own,≥128,1,1807994,0.000,1.000,29.2742,31.3542
ROI_080/patch_73,nearest,0–16,1,6427,0.000,1.000,7.2132,8.8787
ROI_080/patch_73,nearest,16–32,1,18110,0.000,1.000,7.6672,9.3292
ROI_080/patch_73,nearest,32–64,1,61178,0.000,1.000,7.3505,9.1981
ROI_080/patch_73,nearest,64–128,1,126990,0.000,1.000,8.2420,10.0102
ROI_080/patch_73,nearest,≥128,1,49439,0.000,1.000,14.0733,15.7184
ROI_080/patch_73,own,0–16,1,6427,0.000,1.000,7.1384,8.7956
ROI_080/patch_73,own,16–32,1,18110,0.000,1.000,7.7256,9.4088
ROI_080/patch_73,own,32–64,1,62065,0.000,1.000,6.7804,8.5983
ROI_080/patch_73,own,64–128,1,207115,0.000,1.000,8.7813,10.4433
ROI_080/patch_73,own,≥128,1,1803435,0.000,1.000,9.9589,11.6898
ROI_080/patch_74,nearest,0–16,1,6439,0.000,1.000,16.5313,17.2245
ROI_080/patch_74,nearest,16–32,1,19316,0.000,1.000,57.8527,58.6067
ROI_080/patch_74,nearest,32–64,1,70350,0.000,1.000,99.5555,100.4115
ROI_080/patch_74,nearest,64–128,1,117828,0.000,1.000,86.6284,87.6246
ROI_080/patch_74,nearest,≥128,1,48211,0.000,1.000,65.9603,67.1646
ROI_080/patch_74,own,0–16,1,6439,0.000,1.000,20.1202,20.8023
ROI_080/patch_74,own,16–32,1,19316,0.000,1.000,45.0167,45.8070
ROI_080/patch_74,own,32–64,1,77195,0.000,1.000,82.6772,83.6596
ROI_080/patch_74,own,64–128,1,270798,0.000,1.000,133.5829,134.6277
ROI_080/patch_74,own,≥128,1,1723404,0.000,1.000,64.2891,65.0763
ROI_080/patch_75,nearest,0–16,1,7156,0.000,1.000,18.7015,19.1506
ROI_080/patch_75,nearest,16–32,1,20554,0.000,1.000,19.0415,19.5126
ROI_080/patch_75,nearest,32–64,1,71121,0.000,1.000,21.7107,22.1877
ROI_080/patch_75,nearest,64–128,1,112725,0.000,1.000,26.5381,27.0865
ROI_080/patch_75,nearest,≥128,1,50588,0.000,1.000,36.8041,37.3936
ROI_080/patch_75,own,0–16,1,7156,0.000,1.000,18.8259,19.2741
ROI_080/patch_75,own,16–32,1,20554,0.000,1.000,18.8891,19.3566
ROI_080/patch_75,own,32–64,1,77626,0.000,1.000,21.1851,21.6853
ROI_080/patch_75,own,64–128,1,271087,0.000,1.000,24.3238,24.8296
ROI_080/patch_75,own,≥128,1,1982873,0.000,1.000,24.2845,24.7836
ROI_080/patch_76,nearest,0–16,1,6440,0.000,1.000,9.6235,11.3482
ROI_080/patch_76,nearest,16–32,1,19019,0.000,1.000,10.8872,12.5718
ROI_080/patch_76,nearest,32–64,1,64913,0.000,1.000,16.4091,18.1364
ROI_080/patch_76,nearest,64–128,1,130758,0.000,1.000,28.1645,30.6313
ROI_080/patch_76,nearest,≥128,1,41014,0.400,1.000,596.1929,599.3947
ROI_080/patch_76,own,0–16,1,6440,0.000,1.000,9.6898,11.4111
ROI_080/patch_76,own,16–32,1,19019,0.000,1.000,11.1145,12.7692
ROI_080/patch_76,own,32–64,1,66467,0.000,1.000,12.8104,14.4247
ROI_080/patch_76,own,64–128,1,224461,0.000,1.000,30.8321,32.9028
ROI_080/patch_76,own,≥128,1,1780765,0.000,1.000,18.9759,20.8143
ROI_080/patch_77,nearest,0–16,1,6433,0.000,1.000,17.2506,17.7002
ROI_080/patch_77,nearest,16–32,1,19295,0.000,1.000,17.2343,17.6908
ROI_080/patch_77,nearest,32–64,1,72676,0.000,1.000,18.5776,19.0268
ROI_080/patch_77,nearest,64–128,1,125867,0.000,1.000,21.8907,22.3070
ROI_080/patch_77,nearest,≥128,1,37873,0.000,1.000,25.6197,26.0602
ROI_080/patch_77,own,0–16,1,6433,0.000,1.000,17.2996,17.7530
ROI_080/patch_77,own,16–32,1,19295,0.000,1.000,17.1938,17.6460
ROI_080/patch_77,own,32–64,1,72844,0.000,1.000,18.2113,18.6630
ROI_080/patch_77,own,64–128,1,255288,0.000,1.000,21.2375,21.6728
ROI_080/patch_77,own,≥128,1,1743292,0.000,1.000,21.8932,22.3199
ROI_080/patch_78,nearest,0–16,1,6443,0.000,1.000,6.1372,7.5844
ROI_080/patch_78,nearest,16–32,1,19300,0.000,1.000,6.2149,7.7089
ROI_080/patch_78,nearest,32–64,1,68004,0.000,1.000,6.7958,8.5587
ROI_080/patch_78,nearest,64–128,1,132290,0.000,1.000,10.3925,12.6426
ROI_080/patch_78,nearest,≥128,1,36107,0.000,1.000,30.0267,32.3430
ROI_080/patch_78,own,0–16,1,6443,0.000,1.000,6.0991,7.5501
ROI_080/patch_78,own,16–32,1,19300,0.000,1.000,6.2994,7.8073
ROI_080/patch_78,own,32–64,1,76936,0.000,1.000,7.0257,8.7146
ROI_080/patch_78,own,64–128,1,274822,0.000,1.000,9.5243,11.4256
ROI_080/patch_78,own,≥128,1,1719651,0.000,1.000,16.5301,18.5574
ROI_080/patch_79,nearest,0–16,1,6425,0.000,1.000,218.5079,220.7403
ROI_080/patch_79,nearest,16–32,1,18966,0.000,1.000,208.4606,210.6553
ROI_080/patch_79,nearest,32–64,1,65006,0.000,1.000,160.9560,162.9371
ROI_080/patch_79,nearest,64–128,1,102490,0.000,1.000,77.5140,79.6829
ROI_080/patch_79,nearest,≥128,1,69257,0.000,1.000,115.2854,117.7601
ROI_080/patch_79,own,0–16,1,6425,0.000,1.000,217.1399,219.3900
ROI_080/patch_79,own,16–32,1,18966,0.000,1.000,202.7697,204.9611
ROI_080/patch_79,own,32–64,1,71554,0.000,1.000,168.3261,170.2704
ROI_080/patch_79,own,64–128,1,253656,0.000,1.000,61.9392,64.0884
ROI_080/patch_79,own,≥128,1,1746551,0.000,1.000,93.2191,95.6597
ROI_080/patch_80,nearest,0–16,1,6446,0.000,1.000,3.2159,4.8558
ROI_080/patch_80,nearest,16–32,1,19078,0.000,1.000,3.1786,4.7679
ROI_080/patch_80,nearest,32–64,1,63076,0.000,1.000,3.4578,5.0816
ROI_080/patch_80,nearest,64–128,1,129861,0.000,1.000,10.0638,11.9093
ROI_080/patch_80,nearest,≥128,1,43683,0.000,1.000,53.3010,55.3343
ROI_080/patch_80,own,0–16,1,6446,0.000,1.000,3.2045,4.8625
ROI_080/patch_80,own,16–32,1,19078,0.000,1.000,3.2234,4.8287
ROI_080/patch_80,own,32–64,1,67176,0.000,1.000,3.4076,4.9952
ROI_080/patch_80,own,64–128,1,228634,0.000,1.000,10.1135,11.8918
ROI_080/patch_80,own,≥128,1,1775818,0.000,1.000,18.6247,20.5013
ROI_080/patch_83,nearest,0–16,1,6421,0.000,1.000,4.9209,6.3677
ROI_080/patch_83,nearest,16–32,1,18592,0.000,1.000,4.9616,6.3659
ROI_080/patch_83,nearest,32–64,1,72284,0.000,1.000,4.9809,6.2224
ROI_080/patch_83,nearest,64–128,1,146371,0.000,1.000,5.0235,6.0802
ROI_080/patch_83,nearest,≥128,1,18476,0.000,1.000,6.6878,7.9957
ROI_080/patch_83,own,0–16,1,6421,0.000,1.000,4.9234,6.3651
ROI_080/patch_83,own,16–32,1,18592,0.000,1.000,4.9741,6.3668
ROI_080/patch_83,own,32–64,1,72284,0.000,1.000,4.9870,6.2000
ROI_080/patch_83,own,64–128,1,247144,0.000,1.000,5.1986,6.2625
ROI_080/patch_83,own,≥128,1,1752711,0.000,1.000,5.0147,6.1280
ROI_080/patch_84,nearest,0–16,1,6265,0.000,1.000,14.0509,14.9283
ROI_080/patch_84,nearest,16–32,1,18290,0.000,1.000,14.4087,15.3115
ROI_080/patch_84,nearest,32–64,1,61679,0.000,1.000,16.5649,17.5437
ROI_080/patch_84,nearest,64–128,1,122465,0.000,1.000,22.3851,23.4736
ROI_080/patch_84,nearest,≥128,1,53445,0.000,1.000,44.4861,46.1455
ROI_080/patch_84,own,0–16,1,6265,0.000,1.000,14.0195,14.9013
ROI_080/patch_84,own,16–32,1,18290,0.000,1.000,14.3453,15.2470
ROI_080/patch_84,own,32–64,1,61758,0.000,1.000,16.4309,17.4066
ROI_080/patch_84,own,64–128,1,202092,0.000,1.000,21.5304,22.5195
ROI_080/patch_84,own,≥128,1,1808747,0.000,1.000,27.5505,28.7534
ROI_080/patch_85,nearest,0–16,1,6440,0.000,1.000,0.6999,1.7696
ROI_080/patch_85,nearest,16–32,1,18788,0.000,1.000,0.6643,1.7428
ROI_080/patch_85,nearest,32–64,1,64543,0.000,1.000,0.7702,1.9250
ROI_080/patch_85,nearest,64–128,1,137988,0.000,1.000,0.9832,2.2760
ROI_080/patch_85,nearest,≥128,1,34385,0.000,1.000,1.1851,2.8024
ROI_080/patch_85,own,0–16,1,6440,0.000,1.000,0.7005,1.7610
ROI_080/patch_85,own,16–32,1,18788,0.000,1.000,0.7116,1.7891
ROI_080/patch_85,own,32–64,1,70093,0.000,1.000,0.7720,1.9157
ROI_080/patch_85,own,64–128,1,247036,0.000,1.000,0.8624,2.1099
ROI_080/patch_85,own,≥128,1,1754795,0.000,1.000,0.7992,2.0870
ROI_080/patch_86,nearest,0–16,1,6440,0.000,1.000,5.9482,6.2884
ROI_080/patch_86,nearest,16–32,1,18863,0.000,1.000,6.1137,6.4572
ROI_080/patch_86,nearest,32–64,1,64754,0.000,1.000,7.2540,7.5913
ROI_080/patch_86,nearest,64–128,1,137360,0.000,1.000,11.1631,11.5101
ROI_080/patch_86,nearest,≥128,1,34727,0.000,1.000,43.4961,43.9438
ROI_080/patch_86,own,0–16,1,6440,0.000,1.000,5.9658,6.3074
ROI_080/patch_86,own,16–32,1,18863,0.000,1.000,6.1669,6.5107
ROI_080/patch_86,own,32–64,1,68131,0.000,1.000,7.3369,7.6746
ROI_080/patch_86,own,64–128,1,236496,0.000,1.000,9.6230,9.9529
ROI_080/patch_86,own,≥128,1,1767222,0.000,1.000,12.8897,13.2239
ROI_080/patch_87,nearest,0–16,1,6359,0.000,1.000,11.6771,17.0054
ROI_080/patch_87,nearest,16–32,1,17348,0.000,1.000,11.7502,17.0405
ROI_080/patch_87,nearest,32–64,1,62055,0.000,1.000,12.0532,17.3056
ROI_080/patch_87,nearest,64–128,1,130793,0.000,1.000,11.8694,17.4880
ROI_080/patch_87,nearest,≥128,1,45589,0.000,1.000,17.8205,24.1265
ROI_080/patch_87,own,0–16,1,6359,0.000,1.000,11.7087,17.0395
ROI_080/patch_87,own,16–32,1,17348,0.000,1.000,11.7545,17.0378
ROI_080/patch_87,own,32–64,1,62055,0.000,1.000,11.8669,17.1481
ROI_080/patch_87,own,64–128,1,199853,0.000,1.000,11.7923,17.4066
ROI_080/patch_87,own,≥128,1,1811537,0.000,1.000,13.0053,18.5259
ROI_080/patch_88,nearest,0–16,1,6147,0.000,1.000,14.9322,17.6464
ROI_080/patch_88,nearest,16–32,1,18192,0.000,1.000,14.9966,17.6268
ROI_080/patch_88,nearest,32–64,1,65336,0.000,1.000,15.2613,17.7853
ROI_080/patch_88,nearest,64–128,1,103606,0.000,1.000,16.7496,18.8029
ROI_080/patch_88,nearest,≥128,1,68863,0.000,1.000,58.7968,61.6261
ROI_080/patch_88,own,0–16,1,6147,0.000,1.000,14.9288,17.6446
ROI_080/patch_88,own,16–32,1,18192,0.000,1.000,15.0493,17.6645
ROI_080/patch_88,own,32–64,1,67236,0.000,1.000,15.2547,17.8935
ROI_080/patch_88,own,64–128,1,230819,0.000,1.000,16.2304,18.4582
ROI_080/patch_88,own,≥128,1,1774758,0.000,1.000,18.9203,20.8475
ROI_080/patch_89,nearest,0–16,1,6337,0.000,1.000,10.2414,11.9439
ROI_080/patch_89,nearest,16–32,1,17832,0.000,1.000,10.2777,11.8054
ROI_080/patch_89,nearest,32–64,1,57129,0.000,1.000,10.4470,11.9362
ROI_080/patch_89,nearest,64–128,1,136473,0.000,1.000,10.5534,11.8263
ROI_080/patch_89,nearest,≥128,1,44373,0.000,1.000,11.1960,12.2369
ROI_080/patch_89,own,0–16,1,6337,0.000,1.000,10.2492,11.8980
ROI_080/patch_89,own,16–32,1,18082,0.000,1.000,10.3787,11.9561
ROI_080/patch_89,own,32–64,1,66403,0.000,1.000,10.3927,11.8850
ROI_080/patch_89,own,64–128,1,233385,0.000,1.000,10.4941,11.7535
ROI_080/patch_89,own,≥128,1,1772945,0.000,1.000,10.0822,11.2414
ROI_080/patch_90,nearest,0–16,1,6432,0.000,1.000,3.0376,4.0774
ROI_080/patch_90,nearest,16–32,1,18616,0.000,1.000,2.7969,3.8373
ROI_080/patch_90,nearest,32–64,1,67179,0.000,1.000,2.5982,3.6332
ROI_080/patch_90,nearest,64–128,1,136118,0.000,1.000,3.9025,4.9403
ROI_080/patch_90,nearest,≥128,1,33799,0.000,1.000,17.6959,18.8506
ROI_080/patch_90,own,0–16,1,6432,0.000,1.000,2.9621,4.0046
ROI_080/patch_90,own,16–32,1,18616,0.000,1.000,2.7501,3.7876
ROI_080/patch_90,own,32–64,1,70970,0.000,1.000,2.7123,3.7498
ROI_080/patch_90,own,64–128,1,242274,0.000,1.000,3.0884,4.1368
ROI_080/patch_90,own,≥128,1,1758860,0.000,1.000,4.7254,5.7977
ROI_080/patch_91,nearest,0–16,1,6105,0.000,1.000,11.1660,12.4951
ROI_080/patch_91,nearest,16–32,1,17801,0.000,1.000,11.2478,12.5826
ROI_080/patch_91,nearest,32–64,1,57104,0.000,1.000,11.5641,12.8319
ROI_080/patch_91,nearest,64–128,1,91150,0.000,1.000,13.4686,14.5118
ROI_080/patch_91,nearest,≥128,1,89984,0.000,1.000,23.2662,24.6578
ROI_080/patch_91,own,0–16,1,6105,0.000,1.000,11.1577,12.4697
ROI_080/patch_91,own,16–32,1,17801,0.000,1.000,11.2801,12.6259
ROI_080/patch_91,own,32–64,1,64138,0.000,1.000,11.4998,12.8041
ROI_080/patch_91,own,64–128,1,228600,0.000,1.000,12.8997,14.0473
ROI_080/patch_91,own,≥128,1,1780508,0.000,1.000,19.1300,20.1829
ROI_080/patch_92,nearest,0–16,1,6245,0.000,1.000,13.3612,16.0181
ROI_080/patch_92,nearest,16–32,1,18306,0.000,1.000,13.5392,16.1883
ROI_080/patch_92,nearest,32–64,1,68767,0.000,1.000,14.2689,16.9705
ROI_080/patch_92,nearest,64–128,1,115356,0.000,1.000,17.9320,20.7827
ROI_080/patch_92,nearest,≥128,1,53470,0.000,1.000,40.7111,44.1699
ROI_080/patch_92,own,0–16,1,6245,0.000,1.000,13.3713,16.0360
ROI_080/patch_92,own,16–32,1,18306,0.000,1.000,13.6149,16.2665
ROI_080/patch_92,own,32–64,1,71598,0.000,1.000,14.2004,16.8815
ROI_080/patch_92,own,64–128,1,245620,0.000,1.000,17.5637,20.2775
ROI_080/patch_92,own,≥128,1,1755383,0.000,1.000,20.2254,22.9956
ROI_080/patch_93,nearest,0–16,1,6347,0.000,1.000,3.0971,3.5139
ROI_080/patch_93,nearest,16–32,1,18440,0.000,1.000,3.1468,3.5574
ROI_080/patch_93,nearest,32–64,1,68281,0.000,1.000,3.0622,3.4746
ROI_080/patch_93,nearest,64–128,1,145428,0.000,1.000,3.2771,3.6913
ROI_080/patch_93,nearest,≥128,1,23648,0.000,1.000,3.5164,3.8598
ROI_080/patch_93,own,0–16,1,6347,0.000,1.000,3.1005,3.5166
ROI_080/patch_93,own,16–32,1,18440,0.000,1.000,3.1561,3.5595
ROI_080/patch_93,own,32–64,1,68281,0.000,1.000,3.1622,3.5723
ROI_080/patch_93,own,64–128,1,248715,0.000,1.000,3.0107,3.3940
ROI_080/patch_93,own,≥128,1,1755369,0.000,1.000,3.1178,3.5232
ROI_080/patch_94,nearest,0–16,1,6441,0.000,1.000,2.4131,3.7621
ROI_080/patch_94,nearest,16–32,1,19299,0.000,1.000,2.3988,3.7440
ROI_080/patch_94,nearest,32–64,1,66998,0.000,1.000,2.5372,3.8449
ROI_080/patch_94,nearest,64–128,1,116100,0.000,1.000,2.7734,3.8869
ROI_080/patch_94,nearest,≥128,1,53306,0.000,1.000,6.2795,7.3334
ROI_080/patch_94,own,0–16,1,6441,0.000,1.000,2.4272,3.7840
ROI_080/patch_94,own,16–32,1,19299,0.000,1.000,2.3778,3.7153
ROI_080/patch_94,own,32–64,1,72817,0.000,1.000,2.4220,3.7577
ROI_080/patch_94,own,64–128,1,252265,0.000,1.000,3.0159,4.2216
ROI_080/patch_94,own,≥128,1,1746330,0.000,1.000,4.9781,6.2679
ROI_080/patch_95,nearest,0–16,1,6402,0.000,1.000,2.6106,3.6159
ROI_080/patch_95,nearest,16–32,1,18581,0.000,1.000,2.7265,3.7244
ROI_080/patch_95,nearest,32–64,1,69751,0.000,1.000,3.2591,4.2453
ROI_080/patch_95,nearest,64–128,1,124695,0.000,1.000,4.7265,5.7134
ROI_080/patch_95,nearest,≥128,1,42715,0.000,1.000,7.6486,8.7412
ROI_080/patch_95,own,0–16,1,6402,0.000,1.000,2.6116,3.6138
ROI_080/patch_95,own,16–32,1,18581,0.000,1.000,2.6664,3.6665
ROI_080/patch_95,own,32–64,1,70116,0.000,1.000,3.2148,4.1983
ROI_080/patch_95,own,64–128,1,249659,0.000,1.000,4.6383,5.6367
ROI_080/patch_95,own,≥128,1,1752394,0.000,1.000,4.5315,5.5297
ROI_080/patch_96,nearest,0–16,1,6243,0.000,1.000,5.2900,5.8362
ROI_080/patch_96,nearest,16–32,1,17950,0.000,1.000,5.2566,5.8185
ROI_080/patch_96,nearest,32–64,1,68662,0.000,1.000,5.3053,5.9251
ROI_080/patch_96,nearest,64–128,1,147964,0.000,1.000,5.4869,6.1655
ROI_080/patch_96,nearest,≥128,1,21325,0.000,1.000,5.2940,6.1013
ROI_080/patch_96,own,0–16,1,6243,0.000,1.000,5.2888,5.8371
ROI_080/patch_96,own,16–32,1,17950,0.000,1.000,5.3191,5.8820
ROI_080/patch_96,own,32–64,1,68943,0.000,1.000,5.2268,5.8303
ROI_080/patch_96,own,64–128,1,234372,0.000,1.000,5.7348,6.3948
ROI_080/patch_96,own,≥128,1,1769644,0.000,1.000,5.3527,6.0386
ROI_080/patch_98,nearest,0–16,1,6443,0.000,1.000,522.1102,526.2732
ROI_080/patch_98,nearest,16–32,1,18940,0.050,1.000,480.6213,485.4016
ROI_080/patch_98,nearest,32–64,1,55591,0.000,1.000,404.7853,409.1707
ROI_080/patch_98,nearest,64–128,1,106490,0.000,1.000,268.7128,272.2417
ROI_080/patch_98,nearest,≥128,1,74680,0.000,1.000,105.7556,108.2114
ROI_080/patch_98,own,0–16,1,6443,0.000,1.000,504.9776,508.9619
ROI_080/patch_98,own,16–32,1,19130,0.200,1.000,461.7252,466.3080
ROI_080/patch_98,own,32–64,1,71593,0.150,1.000,518.3717,523.6451
ROI_080/patch_98,own,64–128,1,274246,0.000,1.000,318.6361,321.9222
ROI_080/patch_98,own,≥128,1,1725740,0.000,1.000,118.1859,119.8600
ROI_080/patch_99,nearest,0–16,1,6689,0.000,1.000,6.7079,7.3712
ROI_080/patch_99,nearest,16–32,1,18632,0.000,1.000,6.7861,7.4433
ROI_080/patch_99,nearest,32–64,1,63518,0.000,1.000,7.4841,8.1399
ROI_080/patch_99,nearest,64–128,1,132360,0.000,1.000,9.7087,10.3752
ROI_080/patch_99,nearest,≥128,1,40945,0.000,1.000,9.2803,9.9577
ROI_080/patch_99,own,0–16,1,6689,0.000,1.000,6.7492,7.4163
ROI_080/patch_99,own,16–32,1,18917,0.000,1.000,6.7023,7.3593
ROI_080/patch_99,own,32–64,1,70484,0.000,1.000,7.7159,8.3673
ROI_080/patch_99,own,64–128,1,241052,0.000,1.000,8.6751,9.3452
ROI_080/patch_99,own,≥128,1,2022154,0.000,1.000,8.6124,9.2799
ROI_080/patch_100,nearest,0–16,1,6437,0.000,1.000,2.4200,3.2694
ROI_080/patch_100,nearest,16–32,1,18690,0.000,1.000,2.5202,3.3761
ROI_080/patch_100,nearest,32–64,1,66694,0.000,1.000,3.0769,3.9342
ROI_080/patch_100,nearest,64–128,1,135817,0.000,1.000,3.5604,4.4237
ROI_080/patch_100,nearest,≥128,1,34506,0.000,1.000,2.4165,3.3157
ROI_080/patch_100,own,0–16,1,6437,0.000,1.000,2.4144,3.2641
ROI_080/patch_100,own,16–32,1,18690,0.000,1.000,2.4826,3.3407
ROI_080/patch_100,own,32–64,1,72452,0.000,1.000,3.0277,3.8810
ROI_080/patch_100,own,64–128,1,248744,0.000,1.000,3.3124,4.1581
ROI_080/patch_100,own,≥128,1,1750829,0.000,1.000,2.6852,3.5914
ROI_080/patch_101,nearest,0–16,1,6435,0.000,1.000,7.3219,8.1720
ROI_080/patch_101,nearest,16–32,1,18647,0.000,1.000,7.7315,8.6121
ROI_080/patch_101,nearest,32–64,1,66367,0.000,1.000,8.4096,9.3933
ROI_080/patch_101,nearest,64–128,1,133213,0.000,1.000,9.9753,11.0779
ROI_080/patch_101,nearest,≥128,1,37482,0.000,1.000,12.5673,13.6186
ROI_080/patch_101,own,0–16,1,6435,0.000,1.000,7.3283,8.1848
ROI_080/patch_101,own,16–32,1,18647,0.000,1.000,7.6875,8.5558
ROI_080/patch_101,own,32–64,1,72272,0.000,1.000,8.3360,9.3209
ROI_080/patch_101,own,64–128,1,257599,0.000,1.000,9.8766,10.9570
ROI_080/patch_101,own,≥128,1,1742199,0.000,1.000,10.1455,11.2451
ROI_080/patch_102,nearest,0–16,1,6408,0.000,1.000,5.8070,7.0131
ROI_080/patch_102,nearest,16–32,1,17702,0.000,1.000,5.7718,6.9462
ROI_080/patch_102,nearest,32–64,1,63029,0.000,1.000,5.7244,6.8717
ROI_080/patch_102,nearest,64–128,1,124116,0.000,1.000,6.0088,7.1835
ROI_080/patch_102,nearest,≥128,1,50889,0.000,1.000,9.5284,10.8557
ROI_080/patch_102,own,0–16,1,6408,0.000,1.000,5.7924,6.9980
ROI_080/patch_102,own,16–32,1,17702,0.000,1.000,5.7683,6.9448
ROI_080/patch_102,own,32–64,1,64703,0.000,1.000,5.7055,6.8552
ROI_080/patch_102,own,64–128,1,228866,0.000,1.000,5.6959,6.8743
ROI_080/patch_102,own,≥128,1,1779473,0.000,1.000,6.4429,7.6752
ROI_080/patch_103,nearest,0–16,1,6241,0.000,1.000,11.2811,12.6443
ROI_080/patch_103,nearest,16–32,1,16953,0.000,1.000,11.4072,12.7594
ROI_080/patch_103,nearest,32–64,1,59493,0.000,1.000,12.0108,13.4307
ROI_080/patch_103,nearest,64–128,1,124588,0.000,1.000,15.0652,16.8633
ROI_080/patch_103,nearest,≥128,1,54869,0.000,1.000,24.7682,26.3471
ROI_080/patch_103,own,0–16,1,6269,0.000,1.000,11.1851,12.5554
ROI_080/patch_103,own,16–32,1,18358,0.000,1.000,11.5692,12.9174
ROI_080/patch_103,own,32–64,1,69829,0.000,1.000,12.5176,13.9173
ROI_080/patch_103,own,64–128,1,244350,0.000,1.000,14.5009,16.2037
ROI_080/patch_103,own,≥128,1,1758346,0.000,1.000,15.1246,16.7852
ROI_080/patch_104,nearest,0–16,1,6085,0.000,1.000,9.7770,10.5963
ROI_080/patch_104,nearest,16–32,1,17370,0.000,1.000,9.8847,10.7167
ROI_080/patch_104,nearest,32–64,1,61885,0.000,1.000,10.2890,11.1805
ROI_080/patch_104,nearest,64–128,1,120255,0.000,1.000,12.5948,13.4542
ROI_080/patch_104,nearest,≥128,1,56549,0.000,1.000,19.9893,20.7692
ROI_080/patch_104,own,0–16,1,6085,0.000,1.000,9.7792,10.6111
ROI_080/patch_104,own,16–32,1,17370,0.000,1.000,9.8682,10.6977
ROI_080/patch_104,own,32–64,1,65388,0.000,1.000,10.4504,11.3348
ROI_080/patch_104,own,64–128,1,230543,0.000,1.000,12.2746,13.1619
ROI_080/patch_104,own,≥128,1,1777766,0.000,1.000,14.0335,14.8406
ROI_080/patch_105,nearest,0–16,1,6431,0.000,1.000,2.9271,3.3436
ROI_080/patch_105,nearest,16–32,1,18046,0.000,1.000,3.0774,3.4993
ROI_080/patch_105,nearest,32–64,1,61534,0.000,1.000,3.1877,3.6118
ROI_080/patch_105,nearest,64–128,1,122916,0.000,1.000,4.0702,4.5422
ROI_080/patch_105,nearest,≥128,1,53217,0.000,1.000,6.4165,6.9018
ROI_080/patch_105,own,0–16,1,6431,0.000,1.000,2.9282,3.3454
ROI_080/patch_105,own,16–32,1,18698,0.000,1.000,3.1104,3.5373
ROI_080/patch_105,own,32–64,1,69842,0.000,1.000,3.2930,3.7259
ROI_080/patch_105,own,64–128,1,232980,0.000,1.000,3.7952,4.2095
ROI_080/patch_105,own,≥128,1,1769201,0.000,1.000,4.4934,4.9277
ROI_080/patch_106,nearest,0–16,1,6190,0.000,1.000,5.5057,7.0140
ROI_080/patch_106,nearest,16–32,1,17515,0.000,1.000,5.7296,7.1544
ROI_080/patch_106,nearest,32–64,1,56157,0.000,1.000,6.9505,8.2698
ROI_080/patch_106,nearest,64–128,1,102546,0.000,1.000,11.6698,12.8407
ROI_080/patch_106,nearest,≥128,1,79736,0.000,1.000,59.6936,63.8946
ROI_080/patch_106,own,0–16,1,6190,0.000,1.000,5.4729,6.9703
ROI_080/patch_106,own,16–32,1,18096,0.000,1.000,5.7447,7.1649
ROI_080/patch_106,own,32–64,1,68570,0.000,1.000,6.9706,8.2887
ROI_080/patch_106,own,64–128,1,220722,0.000,1.000,8.9074,10.1197
ROI_080/patch_106,own,≥128,1,1783574,0.000,1.000,33.7840,35.9382
