pair,variant,ring,ok,n_cand,gross,inlier,ms_x,ms_2d
ROI_035/patch_0,nearest,0–16,1,6297,0.000,1.000,34.7565,568.0883
ROI_035/patch_0,nearest,16–32,1,18362,0.200,1.000,35.3576,573.8407
ROI_035/patch_0,nearest,32–64,1,63278,0.800,1.000,38.9920,692.1454
ROI_035/patch_0,nearest,64–128,1,118414,0.900,1.000,110.5196,739.4647
ROI_035/patch_0,nearest,≥128,1,55793,0.100,1.000,482.7210,773.2545
ROI_035/patch_0,own,0–16,1,6297,0.000,1.000,34.9588,551.2904
ROI_035/patch_0,own,16–32,1,18362,0.250,1.000,35.7136,584.1213
ROI_035/patch_0,own,32–64,1,67932,0.800,1.000,40.5647,777.2480
ROI_035/patch_0,own,64–128,1,251303,1.000,1.000,,
ROI_035/patch_0,own,≥128,1,1753258,0.850,1.000,369.6300,767.1692
ROI_035/patch_1,nearest,0–16,1,6434,0.000,1.000,88.4926,526.0570
ROI_035/patch_1,nearest,16–32,1,18954,0.000,1.000,86.4091,432.8840
ROI_035/patch_1,nearest,32–64,1,66087,0.000,1.000,59.4385,208.1341
ROI_035/patch_1,nearest,64–128,1,135065,0.000,1.000,45.2138,52.5922
ROI_035/patch_1,nearest,≥128,1,35604,0.000,1.000,158.9367,162.5720
ROI_035/patch_1,own,0–16,1,6434,0.000,1.000,89.2829,530.4167
ROI_035/patch_1,own,16–32,1,18954,0.000,1.000,83.2822,415.3807
ROI_035/patch_1,own,32–64,1,67265,0.000,1.000,62.9940,245.1046
ROI_035/patch_1,own,64–128,1,207711,0.000,1.000,54.6663,117.4217
ROI_035/patch_1,own,≥128,1,1796788,0.000,1.000,63.2845,132.0787
ROI_035/patch_2,nearest,0–16,1,6437,0.000,1.000,19.7215,20.7436
ROI_035/patch_2,nearest,16–32,1,19285,0.000,1.000,18.8789,20.1418
ROI_035/patch_2,nearest,32–64,1,69338,0.000,1.000,28.5720,30.4174
ROI_035/patch_2,nearest,64–128,1,115531,0.000,1.000,136.6640,140.6875
ROI_035/patch_2,nearest,≥128,1,51553,1.000,1.000,,
ROI_035/patch_2,own,0–16,1,6437,0.000,1.000,19.6644,20.6602
ROI_035/patch_2,own,16–32,1,19285,0.000,1.000,19.3898,20.5193
ROI_035/patch_2,own,32–64,1,75431,0.000,1.000,25.5979,27.7848
ROI_035/patch_2,own,64–128,1,259499,0.000,1.000,106.2091,109.8340
ROI_035/patch_2,own,≥128,1,1736500,0.000,1.000,177.5779,190.0309
ROI_035/patch_3,nearest,0–16,1,6438,0.000,1.000,12.8438,14.0483
ROI_035/patch_3,nearest,16–32,1,18880,0.000,1.000,12.8336,14.0561
ROI_035/patch_3,nearest,32–64,1,69485,0.000,1.000,29.1702,30.6548
ROI_035/patch_3,nearest,64–128,1,138578,0.000,1.000,110.0052,111.8544
ROI_035/patch_3,nearest,≥128,1,28763,0.000,1.000,373.5277,376.3548
ROI_035/patch_3,own,0–16,1,6438,0.000,1.000,12.7742,13.9765
ROI_035/patch_3,own,16–32,1,18880,0.000,1.000,12.9297,14.1512
ROI_035/patch_3,own,32–64,1,72719,0.000,1.000,19.0011,20.3392
ROI_035/patch_3,own,64–128,1,256969,0.000,1.000,84.9358,86.5586
ROI_035/patch_3,own,≥128,1,1742146,0.000,1.000,118.2193,119.9031
ROI_035/patch_4,nearest,0–16,1,6439,0.000,1.000,11.1575,11.7691
ROI_035/patch_4,nearest,16–32,1,19302,0.000,1.000,11.2644,11.9148
ROI_035/patch_4,nearest,32–64,1,67145,0.000,1.000,15.6396,16.3294
ROI_035/patch_4,nearest,64–128,1,136941,0.000,1.000,53.0643,54.3256
ROI_035/patch_4,nearest,≥128,1,32317,0.000,1.000,135.8866,145.4992
ROI_035/patch_4,own,0–16,1,6439,0.000,1.000,11.2534,11.8655
ROI_035/patch_4,own,16–32,1,19302,0.000,1.000,11.4622,12.1085
ROI_035/patch_4,own,32–64,1,74472,0.000,1.000,13.1908,13.8835
ROI_035/patch_4,own,64–128,1,265328,0.000,1.000,27.0583,27.9313
ROI_035/patch_4,own,≥128,1,1731611,0.000,1.000,44.9542,46.5938
ROI_035/patch_5,nearest,0–16,1,6366,0.000,1.000,1520.3614,1522.2144
ROI_035/patch_5,nearest,16–32,1,17963,0.000,1.000,1497.9873,1501.6618
ROI_035/patch_5,nearest,32–64,1,60658,0.000,1.000,1741.7686,1801.2208
ROI_035/patch_5,nearest,64–128,1,113029,0.050,1.000,1931.3556,2515.4109
ROI_035/patch_5,nearest,≥128,1,64128,1.000,1.000,,
ROI_035/patch_5,own,0–16,1,6366,0.000,1.000,1552.1073,1554.1471
ROI_035/patch_5,own,16–32,1,17963,0.000,1.000,1504.6320,1508.2295
ROI_035/patch_5,own,32–64,1,68220,0.000,1.000,1649.4522,1702.0058
ROI_035/patch_5,own,64–128,1,245005,0.000,1.000,1798.1946,2293.3630
ROI_035/patch_5,own,≥128,1,1759598,0.200,1.000,2007.1380,2508.3422
ROI_035/patch_6,nearest,0–16,1,6428,0.000,1.000,12.7053,13.5312
ROI_035/patch_6,nearest,16–32,1,19166,0.000,1.000,12.7317,13.6045
ROI_035/patch_6,nearest,32–64,1,65490,0.000,1.000,13.5923,14.7360
ROI_035/patch_6,nearest,64–128,1,111517,0.000,1.000,21.5020,25.4118
ROI_035/patch_6,nearest,≥128,1,59543,0.000,1.000,60.5418,96.4467
ROI_035/patch_6,own,0–16,1,6428,0.000,1.000,12.5260,13.3590
ROI_035/patch_6,own,16–32,1,19166,0.000,1.000,13.0599,13.9921
ROI_035/patch_6,own,32–64,1,72499,0.000,1.000,14.5898,15.8161
ROI_035/patch_6,own,64–128,1,241624,0.000,1.000,19.5897,22.0372
ROI_035/patch_6,own,≥128,1,1757435,0.000,1.000,59.8854,71.0560
ROI_035/patch_7,nearest,0–16,1,6418,0.000,1.000,20.8182,21.8988
ROI_035/patch_7,nearest,16–32,1,19091,0.000,1.000,22.0807,23.8283
ROI_035/patch_7,nearest,32–64,1,70035,0.000,1.000,53.0297,58.8143
ROI_035/patch_7,nearest,64–128,1,136614,0.000,1.000,48.5205,62.5683
ROI_035/patch_7,nearest,≥128,1,29986,0.000,1.000,117.9706,181.5584
ROI_035/patch_7,own,0–16,1,6418,0.000,1.000,20.7162,21.7966
ROI_035/patch_7,own,16–32,1,19091,0.000,1.000,21.6417,23.3960
ROI_035/patch_7,own,32–64,1,70043,0.000,1.000,59.2185,65.1242
ROI_035/patch_7,own,64–128,1,232631,0.000,1.000,51.0735,61.4097
ROI_035/patch_7,own,≥128,1,1768969,0.000,1.000,71.0949,90.1532
ROI_035/patch_8,nearest,0–16,1,8045,0.000,1.000,162.9039,314.8897
ROI_035/patch_8,nearest,16–32,1,23449,0.000,1.000,156.0072,322.8480
ROI_035/patch_8,nearest,32–64,1,76342,0.000,1.000,159.9955,405.8666
ROI_035/patch_8,nearest,64–128,1,124090,0.000,1.000,188.5137,691.5951
ROI_035/patch_8,nearest,≥128,1,30218,0.900,1.000,397.6878,978.9790
ROI_035/patch_8,own,0–16,1,8045,0.000,1.000,163.1053,322.6943
ROI_035/patch_8,own,16–32,1,23449,0.000,1.000,157.6224,325.0518
ROI_035/patch_8,own,32–64,1,88363,0.000,1.000,166.4130,401.7258
ROI_035/patch_8,own,64–128,1,309086,0.050,1.000,179.4461,568.1686
ROI_035/patch_8,own,≥128,1,2192497,0.050,1.000,196.3738,511.9023
ROI_035/patch_9,nearest,0–16,1,6135,1.000,1.000,,
ROI_035/patch_9,nearest,16–32,1,18203,1.000,1.000,,
ROI_035/patch_9,nearest,32–64,1,71522,1.000,1.000,,
ROI_035/patch_9,nearest,64–128,1,142233,1.000,1.000,,
ROI_035/patch_9,nearest,≥128,1,24051,1.000,1.000,,
ROI_035/patch_9,own,0–16,1,6135,1.000,1.000,,
ROI_035/patch_9,own,16–32,1,18203,1.000,1.000,,
ROI_035/patch_9,own,32–64,1,72602,1.000,1.000,,
ROI_035/patch_9,own,64–128,1,261806,1.000,1.000,,
ROI_035/patch_9,own,≥128,1,1738406,1.000,1.000,,
ROI_035/patch_10,nearest,0–16,1,6445,1.000,1.000,,
ROI_035/patch_10,nearest,16–32,1,19298,1.000,1.000,,
ROI_035/patch_10,nearest,32–64,1,67712,1.000,1.000,,
ROI_035/patch_10,nearest,64–128,1,122949,1.000,1.000,,
ROI_035/patch_10,nearest,≥128,1,45740,1.000,1.000,,
ROI_035/patch_10,own,0–16,1,6445,1.000,1.000,,
ROI_035/patch_10,own,16–32,1,19298,1.000,1.000,,
ROI_035/patch_10,own,32–64,1,70821,1.000,1.000,,
ROI_035/patch_10,own,64–128,1,238459,1.000,1.000,,
ROI_035/patch_10,own,≥128,1,1762129,1.000,1.000,,
ROI_035/patch_11,nearest,0–16,1,6355,0.000,1.000,228.6650,264.1178
ROI_035/patch_11,nearest,16–32,1,17978,0.000,1.000,277.5190,329.7011
ROI_035/patch_11,nearest,32–64,1,64593,0.000,1.000,356.3091,427.4935
ROI_035/patch_11,nearest,64–128,1,107152,0.000,1.000,527.4663,583.1087
ROI_035/patch_11,nearest,≥128,1,66066,0.000,1.000,916.0179,1087.2612
ROI_035/patch_11,own,0–16,1,6355,0.000,1.000,219.8635,257.7089
ROI_035/patch_11,own,16–32,1,17978,0.000,1.000,274.0340,327.3389
ROI_035/patch_11,own,32–64,1,67645,0.000,1.000,346.4934,428.6365
ROI_035/patch_11,own,64–128,1,239748,0.000,1.000,439.0422,517.4469
ROI_035/patch_11,own,≥128,1,1765426,0.000,1.000,449.5368,521.3393
ROI_035/patch_12,nearest,0–16,1,6447,0.000,1.000,442.9313,583.8783
ROI_035/patch_12,nearest,16–32,1,19221,0.000,1.000,497.9506,650.9452
ROI_035/patch_12,nearest,32–64,1,67721,0.000,1.000,488.2035,653.6130
ROI_035/patch_12,nearest,64–128,1,127615,0.150,1.000,450.1887,666.9056
ROI_035/patch_12,nearest,≥128,1,41140,0.550,1.000,1109.6811,1337.4298
ROI_035/patch_12,own,0–16,1,6447,0.000,1.000,440.3316,580.5228
ROI_035/patch_12,own,16–32,1,19300,0.000,1.000,507.1023,653.7337
ROI_035/patch_12,own,32–64,1,73244,0.000,1.000,579.6096,732.7690
ROI_035/patch_12,own,64–128,1,248244,0.100,1.000,519.2013,689.6331
ROI_035/patch_12,own,≥128,1,1749917,0.050,1.000,728.9764,888.1810
ROI_035/patch_13,nearest,0–16,1,7168,0.000,1.000,271.2367,569.0577
ROI_035/patch_13,nearest,16–32,1,20366,0.000,1.000,230.8280,617.9603
ROI_035/patch_13,nearest,32–64,1,72237,0.000,1.000,211.7546,700.1643
ROI_035/patch_13,nearest,64–128,1,109761,0.000,1.000,247.8181,619.8295
ROI_035/patch_13,nearest,≥128,1,52612,0.950,1.000,1732.8928,1878.2132
ROI_035/patch_13,own,0–16,1,7168,0.000,1.000,278.6279,576.2418
ROI_035/patch_13,own,16–32,1,20366,0.000,1.000,227.7242,614.8595
ROI_035/patch_13,own,32–64,1,76399,0.000,1.000,197.2098,680.8867
ROI_035/patch_13,own,64–128,1,266707,0.000,1.000,235.8833,670.6403
ROI_035/patch_13,own,≥128,1,1988656,0.000,1.000,307.4866,550.6007
ROI_035/patch_14,nearest,0–16,1,6427,1.000,1.000,,
ROI_035/patch_14,nearest,16–32,1,17379,1.000,1.000,,
ROI_035/patch_14,nearest,32–64,1,61046,1.000,1.000,,
ROI_035/patch_14,nearest,64–128,1,120362,0.750,1.000,92.7127,630.4828
ROI_035/patch_14,nearest,≥128,1,56930,0.000,1.000,541.5976,716.9394
ROI_035/patch_14,own,0–16,1,6427,1.000,1.000,,
ROI_035/patch_14,own,16–32,1,18625,0.900,1.000,83.8887,872.6807
ROI_035/patch_14,own,32–64,1,72792,0.950,1.000,76.6939,908.1341
ROI_035/patch_14,own,64–128,1,264596,1.000,1.000,,
ROI_035/patch_14,own,≥128,1,1734712,0.250,1.000,160.9935,656.7885
ROI_035/patch_15,nearest,0–16,1,6429,0.000,1.000,27.7723,28.8168
ROI_035/patch_15,nearest,16–32,1,18688,0.000,1.000,37.7094,38.7701
ROI_035/patch_15,nearest,32–64,1,69494,0.000,1.000,98.6035,101.3143
ROI_035/patch_15,nearest,64–128,1,148920,0.000,1.000,528.2682,539.4161
ROI_035/patch_15,nearest,≥128,1,18613,1.000,1.000,,
ROI_035/patch_15,own,0–16,1,6429,0.000,1.000,27.6134,28.7288
ROI_035/patch_15,own,16–32,1,18688,0.000,1.000,36.7928,37.9360
ROI_035/patch_15,own,32–64,1,72046,0.000,1.000,98.8018,101.1750
ROI_035/patch_15,own,64–128,1,255993,0.000,1.000,272.2910,275.5634
ROI_035/patch_15,own,≥128,1,1743996,0.000,1.000,455.5668,460.3335
ROI_035/patch_16,nearest,0–16,1,7112,0.000,1.000,18.4512,19.8677
ROI_035/patch_16,nearest,16–32,1,20673,0.000,1.000,19.0728,21.5732
ROI_035/patch_16,nearest,32–64,1,65835,0.000,1.000,18.6001,20.9007
ROI_035/patch_16,nearest,64–128,1,118218,0.000,1.000,173.7086,216.9341
ROI_035/patch_16,nearest,≥128,1,50306,0.700,1.000,681.4949,794.9208
ROI_035/patch_16,own,0–16,1,7112,0.000,1.000,18.8474,20.1251
ROI_035/patch_16,own,16–32,1,20673,0.000,1.000,19.2540,21.9472
ROI_035/patch_16,own,32–64,1,77595,0.000,1.000,18.4891,21.0544
ROI_035/patch_16,own,64–128,1,286836,0.000,1.000,57.7757,70.7621
ROI_035/patch_16,own,≥128,1,1967080,0.000,1.000,130.9311,155.5043
ROI_035/patch_17,nearest,0–16,1,6374,0.000,1.000,14.2873,26.9215
ROI_035/patch_17,nearest,16–32,1,18496,0.000,1.000,14.3132,27.1501
ROI_035/patch_17,nearest,32–64,1,70061,0.000,1.000,22.7947,37.7135
ROI_035/patch_17,nearest,64–128,1,129732,0.000,1.000,33.5644,61.1334
ROI_035/patch_17,nearest,≥128,1,37481,0.000,1.000,273.7212,354.2049
ROI_035/patch_17,own,0–16,1,6374,0.000,1.000,14.1646,26.8116
ROI_035/patch_17,own,16–32,1,18496,0.000,1.000,14.4839,27.3703
ROI_035/patch_17,own,32–64,1,70921,0.000,1.000,27.3753,44.1597
ROI_035/patch_17,own,64–128,1,245834,0.000,1.000,43.4961,69.5584
ROI_035/patch_17,own,≥128,1,1755527,0.000,1.000,73.6233,110.8617
ROI_035/patch_18,nearest,0–16,1,6424,1.000,1.000,,
ROI_035/patch_18,nearest,16–32,1,19291,0.850,1.000,172.3738,1047.4927
ROI_035/patch_18,nearest,32–64,1,71192,0.350,1.000,164.4682,926.3357
ROI_035/patch_18,nearest,64–128,1,146887,0.000,1.000,116.8325,405.9763
ROI_035/patch_18,nearest,≥128,1,18350,0.000,1.000,267.8602,303.2230
ROI_035/patch_18,own,0–16,1,6424,1.000,1.000,,
ROI_035/patch_18,own,16–32,1,19291,1.000,1.000,,
ROI_035/patch_18,own,32–64,1,74137,0.250,1.000,157.6644,797.0097
ROI_035/patch_18,own,64–128,1,241321,0.050,1.000,109.9691,428.5293
ROI_035/patch_18,own,≥128,1,1755979,0.100,1.000,137.6043,583.3353
ROI_035/patch_19,nearest,0–16,1,6949,0.000,1.000,418.0983,485.0464
ROI_035/patch_19,nearest,16–32,1,19425,0.000,1.000,304.4006,348.3525
ROI_035/patch_19,nearest,32–64,1,61808,0.000,1.000,113.7521,123.0083
ROI_035/patch_19,nearest,64–128,1,121798,0.000,1.000,52.9067,67.7705
ROI_035/patch_19,nearest,≥128,1,52164,0.000,1.000,173.1531,197.7516
ROI_035/patch_19,own,0–16,1,6949,0.000,1.000,414.9404,478.7249
ROI_035/patch_19,own,16–32,1,19576,0.000,1.000,278.3299,323.8103
ROI_035/patch_19,own,32–64,1,72355,0.000,1.000,118.2025,125.6441
ROI_035/patch_19,own,64–128,1,240991,0.000,1.000,62.2829,72.3291
ROI_035/patch_19,own,≥128,1,2019425,0.000,1.000,145.5634,169.6872
ROI_035/patch_20,nearest,0–16,1,6446,0.000,1.000,17.6281,148.5483
ROI_035/patch_20,nearest,16–32,1,18960,0.000,1.000,15.8157,159.4004
ROI_035/patch_20,nearest,32–64,1,66131,0.000,1.000,40.4719,351.2814
ROI_035/patch_20,nearest,64–128,1,128588,0.000,1.000,26.0575,171.8801
ROI_035/patch_20,nearest,≥128,1,42019,0.000,1.000,24.8356,31.7966
ROI_035/patch_20,own,0–16,1,6446,0.000,1.000,17.8906,149.2587
ROI_035/patch_20,own,16–32,1,18960,0.000,1.000,16.3263,160.8281
ROI_035/patch_20,own,32–64,1,70582,0.000,1.000,46.7408,421.6518
ROI_035/patch_20,own,64–128,1,243461,0.000,1.000,40.9035,311.3081
ROI_035/patch_20,own,≥128,1,1757703,0.000,1.000,13.5957,98.4445
ROI_035/patch_21,nearest,0–16,1,6320,0.000,1.000,46.3185,225.5619
ROI_035/patch_21,nearest,16–32,1,18401,0.000,1.000,54.2931,161.2403
ROI_035/patch_21,nearest,32–64,1,65809,0.000,1.000,52.8940,111.8745
ROI_035/patch_21,nearest,64–128,1,126970,0.000,1.000,25.0601,55.3809
ROI_035/patch_21,nearest,≥128,1,44644,0.000,1.000,34.6977,194.2567
ROI_035/patch_21,own,0–16,1,6320,0.000,1.000,46.5207,224.1270
ROI_035/patch_21,own,16–32,1,18401,0.000,1.000,54.7724,153.5084
ROI_035/patch_21,own,32–64,1,65809,0.000,1.000,43.8926,117.3170
ROI_035/patch_21,own,64–128,1,221591,0.000,1.000,27.6239,55.3496
ROI_035/patch_21,own,≥128,1,1785031,0.000,1.000,30.6073,115.3494
ROI_035/patch_22,nearest,0–16,1,6436,0.000,1.000,52.6462,472.9116
ROI_035/patch_22,nearest,16–32,1,18819,0.000,1.000,48.5084,449.4368
ROI_035/patch_22,nearest,32–64,1,64892,0.000,1.000,45.6618,299.8902
ROI_035/patch_22,nearest,64–128,1,104724,0.000,1.000,42.1655,115.4485
ROI_035/patch_22,nearest,≥128,1,67273,0.950,1.000,539.8343,1078.8257
ROI_035/patch_22,own,0–16,1,6436,0.000,1.000,54.8986,474.2703
ROI_035/patch_22,own,16–32,1,18819,0.000,1.000,51.8045,460.1080
ROI_035/patch_22,own,32–64,1,69686,0.000,1.000,44.9071,326.1064
ROI_035/patch_22,own,64–128,1,241149,0.000,1.000,53.9883,158.8082
ROI_035/patch_22,own,≥128,1,1761062,0.000,1.000,46.6489,190.4660
ROI_035/patch_23,nearest,0–16,1,6430,0.000,1.000,25.1952,46.0619
ROI_035/patch_23,nearest,16–32,1,19256,0.000,1.000,24.2310,40.1010
ROI_035/patch_23,nearest,32–64,1,68907,0.000,1.000,22.6320,31.3832
ROI_035/patch_23,nearest,64–128,1,129221,0.000,1.000,36.5277,46.2129
ROI_035/patch_23,nearest,≥128,1,38330,0.000,1.000,53.8369,64.5910
ROI_035/patch_23,own,0–16,1,6430,0.000,1.000,25.5568,48.5905
ROI_035/patch_23,own,16–32,1,19256,0.000,1.000,24.7136,46.9334
ROI_035/patch_23,own,32–64,1,73148,0.000,1.000,23.3628,36.8538
ROI_035/patch_23,own,64–128,1,233477,0.000,1.000,27.1900,33.8056
ROI_035/patch_23,own,≥128,1,1764841,0.000,1.000,37.7638,53.6590
ROI_035/patch_24,nearest,0–16,1,6431,0.000,1.000,69.2456,125.8989
ROI_035/patch_24,nearest,16–32,1,18266,0.000,1.000,72.4229,112.0355
ROI_035/patch_24,nearest,32–64,1,65288,0.000,1.000,97.4880,150.6384
ROI_035/patch_24,nearest,64–128,1,127299,0.000,1.000,84.2609,181.7323
ROI_035/patch_24,nearest,≥128,1,44860,0.000,1.000,237.3207,240.3540
ROI_035/patch_24,own,0–16,1,6431,0.000,1.000,71.8374,129.3447
ROI_035/patch_24,own,16–32,1,19128,0.000,1.000,82.9319,139.4554
ROI_035/patch_24,own,32–64,1,73055,0.000,1.000,93.8177,147.6408
ROI_035/patch_24,own,64–128,1,258897,0.000,1.000,165.8379,277.9420
ROI_035/patch_24,own,≥128,1,1739641,0.000,1.000,114.1533,160.0630
ROI_035/patch_25,nearest,0–16,1,6419,0.000,1.000,22.7446,26.7249
ROI_035/patch_25,nearest,16–32,1,18615,0.000,1.000,22.8373,41.4654
ROI_035/patch_25,nearest,32–64,1,67553,0.000,1.000,39.7413,73.1659
ROI_035/patch_25,nearest,64–128,1,140585,0.000,1.000,45.3170,89.1740
ROI_035/patch_25,nearest,≥128,1,28972,0.000,1.000,54.5904,100.4246
ROI_035/patch_25,own,0–16,1,6419,0.000,1.000,22.8134,26.9814
ROI_035/patch_25,own,16–32,1,18615,0.000,1.000,23.6868,48.3163
ROI_035/patch_25,own,32–64,1,67932,0.000,1.000,42.3093,77.2211
ROI_035/patch_25,own,64–128,1,226415,0.000,1.000,45.6754,80.8411
ROI_035/patch_25,own,≥128,1,1777771,0.000,1.000,41.6285,65.7132
ROI_035/patch_26,nearest,0–16,1,6265,0.000,1.000,33.8141,60.7893
ROI_035/patch_26,nearest,16–32,1,18350,0.000,1.000,32.5112,51.1839
ROI_035/patch_26,nearest,32–64,1,70441,0.000,1.000,32.7461,44.5015
ROI_035/patch_26,nearest,64–128,1,133888,0.000,1.000,28.5221,37.7503
ROI_035/patch_26,nearest,≥128,1,33200,0.000,1.000,108.4503,152.0848
ROI_035/patch_26,own,0–16,1,6265,0.000,1.000,34.1432,61.1743
ROI_035/patch_26,own,16–32,1,18350,0.000,1.000,32.5937,50.7433
ROI_035/patch_26,own,32–64,1,70545,0.000,1.000,31.2105,43.2386
ROI_035/patch_26,own,64–128,1,235134,0.000,1.000,29.2145,36.7024
ROI_035/patch_26,own,≥128,1,1766858,0.000,1.000,30.8878,46.2596
ROI_035/patch_27,nearest,0–16,1,6173,0.000,1.000,27.9217,153.5927
ROI_035/patch_27,nearest,16–32,1,18243,0.000,1.000,20.2482,96.8474
ROI_035/patch_27,nearest,32–64,1,61961,0.000,1.000,25.9830,76.3654
ROI_035/patch_27,nearest,64–128,1,84404,0.000,1.000,57.7075,126.7033
ROI_035/patch_27,nearest,≥128,1,91363,0.000,1.000,158.2673,171.5130
ROI_035/patch_27,own,0–16,1,6173,0.000,1.000,28.6704,155.5421
ROI_035/patch_27,own,16–32,1,18243,0.000,1.000,24.1798,107.9010
ROI_035/patch_27,own,32–64,1,67448,0.000,1.000,25.3044,75.9149
ROI_035/patch_27,own,64–128,1,231804,0.000,1.000,44.7251,105.8547
ROI_035/patch_27,own,≥128,1,1773484,0.000,1.000,93.4524,111.8375
ROI_035/patch_28,nearest,0–16,1,6447,0.000,1.000,11.7791,14.4350
ROI_035/patch_28,nearest,16–32,1,19297,0.000,1.000,12.6615,15.6034
ROI_035/patch_28,nearest,32–64,1,67852,0.000,1.000,17.4812,19.8914
ROI_035/patch_28,nearest,64–128,1,129531,0.000,1.000,22.5306,24.2759
ROI_035/patch_28,nearest,≥128,1,39017,0.000,1.000,90.3045,97.7244
ROI_035/patch_28,own,0–16,1,6447,0.000,1.000,11.7170,14.3390
ROI_035/patch_28,own,16–32,1,19297,0.000,1.000,13.3654,16.3437
ROI_035/patch_28,own,32–64,1,73244,0.000,1.000,18.6746,21.0661
ROI_035/patch_28,own,64–128,1,251826,0.000,1.000,25.7720,27.5033
ROI_035/patch_28,own,≥128,1,1746338,0.000,1.000,34.8236,36.6276
ROI_035/patch_29,nearest,0–16,1,6383,0.000,1.000,17.6954,108.0396
ROI_035/patch_29,nearest,16–32,1,17647,0.000,1.000,17.4560,90.0072
ROI_035/patch_29,nearest,32–64,1,63172,0.000,1.000,21.1453,81.2852
ROI_035/patch_29,nearest,64–128,1,130172,0.000,1.000,34.8057,94.4965
ROI_035/patch_29,nearest,≥128,1,44770,0.000,1.000,199.4374,245.1022
ROI_035/patch_29,own,0–16,1,6383,0.000,1.000,17.4672,106.1156
ROI_035/patch_29,own,16–32,1,17647,0.000,1.000,16.2287,85.5190
ROI_035/patch_29,own,32–64,1,66350,0.000,1.000,21.9013,91.3902
ROI_035/patch_29,own,64–128,1,235660,0.000,1.000,23.8276,84.2644
ROI_035/patch_29,own,≥128,1,1771112,0.000,1.000,24.5665,116.2423
ROI_035/patch_30,nearest,0–16,1,6431,0.000,1.000,25.3643,26.1373
ROI_035/patch_30,nearest,16–32,1,19093,0.000,1.000,25.8681,26.6190
ROI_035/patch_30,nearest,32–64,1,69505,0.000,1.000,26.8583,27.5987
ROI_035/patch_30,nearest,64–128,1,113246,0.000,1.000,47.7738,49.2658
ROI_035/patch_30,nearest,≥128,1,53869,0.000,1.000,99.6349,101.1344
ROI_035/patch_30,own,0–16,1,6431,0.000,1.000,25.4459,26.2285
ROI_035/patch_30,own,16–32,1,19093,0.000,1.000,25.8366,26.6250
ROI_035/patch_30,own,32–64,1,71219,0.000,1.000,28.0591,28.8028
ROI_035/patch_30,own,64–128,1,247906,0.000,1.000,34.6463,35.8029
ROI_035/patch_30,own,≥128,1,1752503,0.000,1.000,63.6428,64.9447
ROI_035/patch_31,,,excluded,,,,,
ROI_035/patch_32,nearest,0–16,1,6416,0.000,1.000,61.3064,63.9914
ROI_035/patch_32,nearest,16–32,1,18427,0.000,1.000,63.1895,77.7805
ROI_035/patch_32,nearest,32–64,1,65642,0.000,1.000,71.0260,93.3054
ROI_035/patch_32,nearest,64–128,1,115305,0.000,1.000,75.6694,85.7906
ROI_035/patch_32,nearest,≥128,1,56354,0.000,1.000,100.4482,179.6948
ROI_035/patch_32,own,0–16,1,6416,0.000,1.000,61.1588,64.1159
ROI_035/patch_32,own,16–32,1,18427,0.000,1.000,62.9644,74.7642
ROI_035/patch_32,own,32–64,1,67011,0.000,1.000,70.3468,97.1795
ROI_035/patch_32,own,64–128,1,232521,0.000,1.000,81.4194,96.2827
ROI_035/patch_32,own,≥128,1,1772777,0.000,1.000,100.9994,108.4081
ROI_035/patch_33,nearest,0–16,1,6427,0.000,1.000,11.0191,14.1196
ROI_035/patch_33,nearest,16–32,1,18553,0.000,1.000,12.2774,16.1814
ROI_035/patch_33,nearest,32–64,1,66888,0.000,1.000,18.5796,24.9627
ROI_035/patch_33,nearest,64–128,1,127323,0.000,1.000,48.5860,70.5188
ROI_035/patch_33,nearest,≥128,1,42953,0.000,1.000,145.6583,238.3233
ROI_035/patch_33,own,0–16,1,6427,0.000,1.000,11.0507,14.1317
ROI_035/patch_33,own,16–32,1,18553,0.000,1.000,12.5318,16.0974
ROI_035/patch_33,own,32–64,1,68501,0.000,1.000,16.2394,21.7781
ROI_035/patch_33,own,64–128,1,246748,0.000,1.000,30.0675,51.9689
ROI_035/patch_33,own,≥128,1,1756923,0.000,1.000,35.5234,68.3375
ROI_035/patch_34,nearest,0–16,1,6429,0.000,1.000,4.8574,5.1587
ROI_035/patch_34,nearest,16–32,1,19067,0.000,1.000,9.6296,10.2745
ROI_035/patch_34,nearest,32–64,1,71742,0.000,1.000,17.2590,19.7066
ROI_035/patch_34,nearest,64–128,1,145104,0.000,1.000,13.3075,15.9738
ROI_035/patch_34,nearest,≥128,1,19802,0.000,1.000,22.5770,46.1475
ROI_035/patch_34,own,0–16,1,6429,0.000,1.000,4.8287,5.1304
ROI_035/patch_34,own,16–32,1,19067,0.000,1.000,10.7112,11.4438
ROI_035/patch_34,own,32–64,1,71742,0.000,1.000,18.3237,20.9471
ROI_035/patch_34,own,64–128,1,225474,0.000,1.000,13.7450,15.7466
ROI_035/patch_34,own,≥128,1,1774440,0.000,1.000,16.5105,18.1138
ROI_035/patch_35,nearest,0–16,1,6161,0.000,1.000,6.5415,9.3976
ROI_035/patch_35,nearest,16–32,1,18219,0.000,1.000,6.1918,10.4829
ROI_035/patch_35,nearest,32–64,1,70152,0.000,1.000,10.5024,17.1813
ROI_035/patch_35,nearest,64–128,1,125426,0.000,1.000,8.7582,14.9563
ROI_035/patch_35,nearest,≥128,1,42186,0.000,1.000,10.1792,16.1828
ROI_035/patch_35,own,0–16,1,6161,0.000,1.000,6.5765,9.2892
ROI_035/patch_35,own,16–32,1,18219,0.000,1.000,5.9818,10.3089
ROI_035/patch_35,own,32–64,1,70614,0.000,1.000,8.9976,16.2819
ROI_035/patch_35,own,64–128,1,233221,0.000,1.000,8.8210,24.3574
ROI_035/patch_35,own,≥128,1,1768937,0.000,1.000,9.4040,15.8968
ROI_035/patch_36,nearest,0–16,1,6349,0.000,1.000,645.3635,762.2435
ROI_035/patch_36,nearest,16–32,1,18493,0.000,1.000,622.4817,722.7599
ROI_035/patch_36,nearest,32–64,1,67233,0.000,1.000,482.3455,571.4401
ROI_035/patch_36,nearest,64–128,1,139045,0.000,1.000,475.8952,630.4402
ROI_035/patch_36,nearest,≥128,1,31024,0.000,1.000,916.0626,984.9694
ROI_035/patch_36,own,0–16,1,6349,0.000,1.000,668.7278,797.3124
ROI_035/patch_36,own,16–32,1,18493,0.000,1.000,605.9798,703.5395
ROI_035/patch_36,own,32–64,1,70447,0.000,1.000,505.6959,594.0377
ROI_035/patch_36,own,64–128,1,229863,0.000,1.000,530.1878,677.0323
ROI_035/patch_36,own,≥128,1,1772000,0.000,1.000,543.3979,624.2962
ROI_035/patch_37,nearest,0–16,1,7226,0.000,1.000,79.6124,131.7182
ROI_035/patch_37,nearest,16–32,1,21430,0.000,1.000,79.9626,132.1447
ROI_035/patch_37,nearest,32–64,1,72728,0.000,1.000,93.9188,155.1568
ROI_035/patch_37,nearest,64–128,1,130296,0.000,1.000,144.1441,197.0195
ROI_035/patch_37,nearest,≥128,1,30464,0.000,1.000,180.6946,192.8707
ROI_035/patch_37,own,0–16,1,7226,0.000,1.000,80.5162,136.6478
ROI_035/patch_37,own,16–32,1,21430,0.000,1.000,79.0211,131.8384
ROI_035/patch_37,own,32–64,1,78617,0.000,1.000,94.1870,145.1220
ROI_035/patch_37,own,64–128,1,284364,0.000,1.000,98.1002,170.8654
ROI_035/patch_37,own,≥128,1,1967659,0.000,1.000,115.7597,162.3010
ROI_035/patch_38,nearest,0–16,1,6248,0.000,1.000,5.3235,6.8576
ROI_035/patch_38,nearest,16–32,1,17766,0.000,1.000,10.1476,11.5744
ROI_035/patch_38,nearest,32–64,1,62612,0.000,1.000,8.8045,10.4665
ROI_035/patch_38,nearest,64–128,1,134484,0.000,1.000,16.9090,19.1396
ROI_035/patch_38,nearest,≥128,1,41034,0.000,1.000,33.5489,35.5249
ROI_035/patch_38,own,0–16,1,6248,0.000,1.000,5.2841,6.8137
ROI_035/patch_38,own,16–32,1,17766,0.000,1.000,10.0034,11.4181
ROI_035/patch_38,own,32–64,1,62938,0.000,1.000,10.7413,12.4582
ROI_035/patch_38,own,64–128,1,229267,0.000,1.000,18.1798,20.4811
ROI_035/patch_38,own,≥128,1,1780933,0.000,1.000,15.2352,17.4725
ROI_035/patch_39,nearest,0–16,1,6443,0.000,1.000,75.1445,104.0530
ROI_035/patch_39,nearest,16–32,1,19200,0.000,1.000,64.7343,87.7969
ROI_035/patch_39,nearest,32–64,1,70947,0.000,1.000,20.7891,37.2916
ROI_035/patch_39,nearest,64–128,1,147189,0.000,1.000,28.8011,35.3003
ROI_035/patch_39,nearest,≥128,1,18365,0.000,1.000,181.4747,184.0353
ROI_035/patch_39,own,0–16,1,6443,0.000,1.000,75.6602,110.0087
ROI_035/patch_39,own,16–32,1,19200,0.000,1.000,63.2039,81.5251
ROI_035/patch_39,own,32–64,1,72234,0.000,1.000,26.7615,50.0562
ROI_035/patch_39,own,64–128,1,259211,0.000,1.000,25.1882,30.1357
ROI_035/patch_39,own,≥128,1,1740064,0.000,1.000,29.8708,36.5009
ROI_035/patch_40,nearest,0–16,1,7066,0.000,1.000,203.7287,216.6878
ROI_035/patch_40,nearest,16–32,1,19868,0.000,1.000,269.1564,291.0290
ROI_035/patch_40,nearest,32–64,1,63225,0.000,1.000,354.3840,387.8518
ROI_035/patch_40,nearest,64–128,1,120312,0.050,1.000,536.3257,589.5601
ROI_035/patch_40,nearest,≥128,1,51673,1.000,1.000,,
ROI_035/patch_40,own,0–16,1,7066,0.000,1.000,214.3378,227.2805
ROI_035/patch_40,own,16–32,1,19868,0.000,1.000,227.4773,247.6850
ROI_035/patch_40,own,32–64,1,68144,0.000,1.000,375.9804,413.2296
ROI_035/patch_40,own,64–128,1,225658,0.000,1.000,634.0009,681.1449
ROI_035/patch_40,own,≥128,1,2038560,0.100,1.000,622.6736,660.8758
ROI_035/patch_41,nearest,0–16,1,6444,0.000,1.000,13.2522,162.4874
ROI_035/patch_41,nearest,16–32,1,19277,0.000,1.000,7.4561,140.9420
ROI_035/patch_41,nearest,32–64,1,69558,0.000,1.000,11.0126,124.6168
ROI_035/patch_41,nearest,64–128,1,142470,0.000,1.000,14.7989,68.7704
ROI_035/patch_41,nearest,≥128,1,24395,0.000,1.000,53.4363,101.3420
ROI_035/patch_41,own,0–16,1,6444,0.000,1.000,13.1193,163.4546
ROI_035/patch_41,own,16–32,1,19277,0.000,1.000,7.6774,136.5728
ROI_035/patch_41,own,32–64,1,70870,0.000,1.000,8.6019,125.2028
ROI_035/patch_41,own,64–128,1,226237,0.000,1.000,12.2842,73.9504
ROI_035/patch_41,own,≥128,1,1774324,0.000,1.000,12.0020,63.0479
ROI_035/patch_42,nearest,0–16,1,6420,0.000,1.000,5.9266,7.5173
ROI_035/patch_42,nearest,16–32,1,18618,0.000,1.000,6.8280,8.5979
ROI_035/patch_42,nearest,32–64,1,69500,0.000,1.000,9.3889,11.4241
ROI_035/patch_42,nearest,64–128,1,133700,0.000,1.000,20.0494,22.9690
ROI_035/patch_42,nearest,≥128,1,33906,0.000,1.000,37.3242,39.7152
ROI_035/patch_42,own,0–16,1,6420,0.000,1.000,5.8047,7.3690
ROI_035/patch_42,own,16–32,1,18618,0.000,1.000,6.4381,8.1952
ROI_035/patch_42,own,32–64,1,70640,0.000,1.000,9.6250,11.5518
ROI_035/patch_42,own,64–128,1,229602,0.000,1.000,15.2509,18.1752
ROI_035/patch_42,own,≥128,1,1771872,0.000,1.000,17.4304,19.8041
ROI_035/patch_43,nearest,0–16,1,6433,1.000,1.000,,
ROI_035/patch_43,nearest,16–32,1,18663,1.000,1.000,,
ROI_035/patch_43,nearest,32–64,1,62751,1.000,1.000,,
ROI_035/patch_43,nearest,64–128,1,123983,1.000,1.000,,
ROI_035/patch_43,nearest,≥128,1,50314,1.000,1.000,,
ROI_035/patch_43,own,0–16,1,6433,1.000,1.000,,
ROI_035/patch_43,own,16–32,1,18663,1.000,1.000,,
ROI_035/patch_43,own,32–64,1,69162,1.000,1.000,,
ROI_035/patch_43,own,64–128,1,233511,1.000,1.000,,
ROI_035/patch_43,own,≥128,1,1769383,1.000,1.000,,
ROI_035/patch_44,nearest,0–16,1,6333,0.000,1.000,17.8077,18.8732
ROI_035/patch_44,nearest,16–32,1,18436,0.000,1.000,17.6459,18.3628
ROI_035/patch_44,nearest,32–64,1,70896,0.000,1.000,23.5522,25.7113
ROI_035/patch_44,nearest,64–128,1,136120,0.000,1.000,26.1871,47.5257
ROI_035/patch_44,nearest,≥128,1,30359,0.000,1.000,37.8605,275.1214
ROI_035/patch_44,own,0–16,1,6333,0.000,1.000,17.7686,18.8601
ROI_035/patch_44,own,16–32,1,18436,0.000,1.000,17.8295,18.5778
ROI_035/patch_44,own,32–64,1,70896,0.000,1.000,25.4614,27.8599
ROI_035/patch_44,own,64–128,1,249004,0.000,1.000,24.5832,34.6330
ROI_035/patch_44,own,≥128,1,1752483,0.000,1.000,29.1607,69.7116
ROI_035/patch_45,nearest,0–16,1,6124,0.000,1.000,27.6472,29.4085
ROI_035/patch_45,nearest,16–32,1,18184,0.000,1.000,28.2339,30.0095
ROI_035/patch_45,nearest,32–64,1,69748,0.000,1.000,29.7329,31.4628
ROI_035/patch_45,nearest,64–128,1,139462,0.000,1.000,28.0317,29.9385
ROI_035/patch_45,nearest,≥128,1,28626,0.000,1.000,42.2467,45.9109
ROI_035/patch_45,own,0–16,1,6124,0.000,1.000,27.7471,29.4990
ROI_035/patch_45,own,16–32,1,18184,0.000,1.000,27.9908,29.7787
ROI_035/patch_45,own,32–64,1,70246,0.000,1.000,29.8097,31.5650
ROI_035/patch_45,own,64–128,1,244330,0.000,1.000,29.7768,31.6066
ROI_035/patch_45,own,≥128,1,1758268,0.000,1.000,28.0556,30.0430
ROI_035/patch_46,nearest,0–16,1,6264,0.000,1.000,16.8507,19.2139
ROI_035/patch_46,nearest,16–32,1,17990,0.000,1.000,16.9617,19.1489
ROI_035/patch_46,nearest,32–64,1,64165,0.000,1.000,17.3397,19.4053
ROI_035/patch_46,nearest,64–128,1,132328,0.000,1.000,19.8530,22.8388
ROI_035/patch_46,nearest,≥128,1,41397,0.000,1.000,29.1933,43.2713
ROI_035/patch_46,own,0–16,1,6264,0.000,1.000,16.8325,19.1793
ROI_035/patch_46,own,16–32,1,17990,0.000,1.000,16.9566,19.1386
ROI_035/patch_46,own,32–64,1,67647,0.000,1.000,17.4670,19.6381
ROI_035/patch_46,own,64–128,1,234157,0.000,1.000,19.3183,21.5944
ROI_035/patch_46,own,≥128,1,1771094,0.000,1.000,19.2268,22.5168
ROI_035/patch_47,nearest,0–16,1,6438,0.000,1.000,66.7578,449.5981
ROI_035/patch_47,nearest,16–32,1,19178,0.000,1.000,64.9885,432.0660
ROI_035/patch_47,nearest,32–64,1,64841,0.000,1.000,116.2940,458.6237
ROI_035/patch_47,nearest,64–128,1,123005,0.000,1.000,117.8315,303.7942
ROI_035/patch_47,nearest,≥128,1,48682,0.000,1.000,401.7888,530.9026
ROI_035/patch_47,own,0–16,1,6438,0.000,1.000,66.7898,468.9200
ROI_035/patch_47,own,16–32,1,19178,0.000,1.000,64.3910,444.7036
ROI_035/patch_47,own,32–64,1,68456,0.000,1.000,137.9408,476.6452
ROI_035/patch_47,own,64–128,1,228197,0.000,1.000,123.8460,276.9044
ROI_035/patch_47,own,≥128,1,1774883,0.000,1.000,115.6073,275.6586
ROI_035/patch_48,nearest,0–16,1,6435,0.000,1.000,309.2214,681.4286
ROI_035/patch_48,nearest,16–32,1,19150,0.000,1.000,319.6350,659.9478
ROI_035/patch_48,nearest,32–64,1,70323,0.000,1.000,322.5566,634.9290
ROI_035/patch_48,nearest,64–128,1,93215,0.000,1.000,427.5407,581.5927
ROI_035/patch_48,nearest,≥128,1,73021,1.000,1.000,,
ROI_035/patch_48,own,0–16,1,6435,0.000,1.000,301.5472,666.6850
ROI_035/patch_48,own,16–32,1,19150,0.000,1.000,315.0475,637.0477
ROI_035/patch_48,own,32–64,1,72854,0.000,1.000,310.2488,625.7946
ROI_035/patch_48,own,64–128,1,243530,0.000,1.000,335.8922,580.7165
ROI_035/patch_48,own,≥128,1,1755183,0.050,1.000,373.6332,644.6603
ROI_035/patch_49,nearest,0–16,1,6431,0.000,1.000,4.9091,7.0341
ROI_035/patch_49,nearest,16–32,1,18967,0.000,1.000,17.1354,19.6791
ROI_035/patch_49,nearest,32–64,1,66812,0.000,1.000,42.4992,44.7952
ROI_035/patch_49,nearest,64–128,1,132332,0.000,1.000,29.3575,32.0673
ROI_035/patch_49,nearest,≥128,1,37602,0.000,1.000,136.5166,154.8168
ROI_035/patch_49,own,0–16,1,6431,0.000,1.000,5.0104,7.1434
ROI_035/patch_49,own,16–32,1,18967,0.000,1.000,19.4295,22.0949
ROI_035/patch_49,own,32–64,1,66840,0.000,1.000,35.1324,37.3412
ROI_035/patch_49,own,64–128,1,232777,0.000,1.000,27.3160,30.4707
ROI_035/patch_49,own,≥128,1,1772137,0.000,1.000,56.9987,62.4810
ROI_035/patch_50,nearest,0–16,1,6436,0.000,1.000,9.1981,12.3969
ROI_035/patch_50,nearest,16–32,1,18721,0.000,1.000,9.0462,12.2680
ROI_035/patch_50,nearest,32–64,1,58296,0.000,1.000,9.3457,12.5166
ROI_035/patch_50,nearest,64–128,1,123767,0.000,1.000,10.7403,14.2911
ROI_035/patch_50,nearest,≥128,1,54924,0.000,1.000,31.8441,36.1772
ROI_035/patch_50,own,0–16,1,6436,0.000,1.000,9.1265,12.3070
ROI_035/patch_50,own,16–32,1,18721,0.000,1.000,8.9136,12.1065
ROI_035/patch_50,own,32–64,1,64692,0.000,1.000,9.8636,13.0273
ROI_035/patch_50,own,64–128,1,220824,0.000,1.000,9.5725,12.9337
ROI_035/patch_50,own,≥128,1,1786479,0.000,1.000,12.4652,16.0994
ROI_035/patch_51,nearest,0–16,1,6430,0.000,1.000,32.9222,139.8330
ROI_035/patch_51,nearest,16–32,1,19296,0.000,1.000,30.3692,161.3336
ROI_035/patch_51,nearest,32–64,1,71548,0.000,1.000,13.7983,126.4194
ROI_035/patch_51,nearest,64–128,1,135719,0.000,1.000,39.8698,111.8304
ROI_035/patch_51,nearest,≥128,1,29151,0.000,1.000,115.1587,213.5726
ROI_035/patch_51,own,0–16,1,6430,0.000,1.000,33.0072,131.3752
ROI_035/patch_51,own,16–32,1,19296,0.000,1.000,30.3712,159.7678
ROI_035/patch_51,own,32–64,1,71913,0.000,1.000,13.1349,153.2798
ROI_035/patch_51,own,64–128,1,245489,0.000,1.000,25.9450,94.2462
ROI_035/patch_51,own,≥128,1,1754024,0.000,1.000,43.1408,178.5187
ROI_035/patch_52,nearest,0–16,1,6310,0.000,1.000,28.0797,29.3655
ROI_035/patch_52,nearest,16–32,1,18399,0.000,1.000,40.9039,42.8171
ROI_035/patch_52,nearest,32–64,1,69160,0.000,1.000,32.9692,34.7802
ROI_035/patch_52,nearest,64–128,1,132612,0.000,1.000,40.7382,43.1103
ROI_035/patch_52,nearest,≥128,1,35663,0.000,1.000,130.5913,174.9871
ROI_035/patch_52,own,0–16,1,6310,0.000,1.000,22.7986,23.8812
ROI_035/patch_52,own,16–32,1,18399,0.000,1.000,31.7484,33.4067
ROI_035/patch_52,own,32–64,1,69721,0.000,1.000,34.9380,36.9508
ROI_035/patch_52,own,64–128,1,235224,0.000,1.000,30.7562,32.9767
ROI_035/patch_52,own,≥128,1,1767498,0.000,1.000,39.9882,49.7037
ROI_035/patch_53,nearest,0–16,1,6251,0.000,1.000,9.6027,10.4951
ROI_035/patch_53,nearest,16–32,1,18324,0.000,1.000,11.8936,12.8474
ROI_035/patch_53,nearest,32–64,1,64556,0.000,1.000,60.2255,61.9431
ROI_035/patch_53,nearest,64–128,1,110477,0.000,1.000,122.8469,125.7557
ROI_035/patch_53,nearest,≥128,1,62536,0.000,1.000,193.7031,201.9008
ROI_035/patch_53,own,0–16,1,6251,0.000,1.000,9.6094,10.5132
ROI_035/patch_53,own,16–32,1,18324,0.000,1.000,11.1911,12.1510
ROI_035/patch_53,own,32–64,1,72831,0.000,1.000,42.5489,44.4154
ROI_035/patch_53,own,64–128,1,262997,0.000,1.000,119.1140,121.5705
ROI_035/patch_53,own,≥128,1,1736749,0.000,1.000,129.4063,134.4742
ROI_035/patch_54,nearest,0–16,1,6391,0.000,1.000,10.6954,13.0942
ROI_035/patch_54,nearest,16–32,1,18523,0.000,1.000,15.9042,18.1627
ROI_035/patch_54,nearest,32–64,1,65491,0.000,1.000,12.5380,15.3211
ROI_035/patch_54,nearest,64–128,1,124843,0.000,1.000,12.4872,20.0310
ROI_035/patch_54,nearest,≥128,1,46896,0.000,1.000,33.4695,35.1591
ROI_035/patch_54,own,0–16,1,6391,0.000,1.000,10.6875,13.0970
ROI_035/patch_54,own,16–32,1,18523,0.000,1.000,17.7124,19.9309
ROI_035/patch_54,own,32–64,1,68334,0.000,1.000,12.4579,20.1470
ROI_035/patch_54,own,64–128,1,235911,0.000,1.000,12.1679,14.5746
ROI_035/patch_54,own,≥128,1,1767993,0.000,1.000,15.1998,17.5442
ROI_035/patch_55,nearest,0–16,1,6440,0.000,1.000,6.7361,7.8070
ROI_035/patch_55,nearest,16–32,1,19301,0.000,1.000,7.2764,8.4863
ROI_035/patch_55,nearest,32–64,1,68839,0.000,1.000,14.2649,15.6483
ROI_035/patch_55,nearest,64–128,1,129045,0.000,1.000,58.3776,72.5500
ROI_035/patch_55,nearest,≥128,1,38519,0.000,1.000,285.4703,455.9581
ROI_035/patch_55,own,0–16,1,6440,0.000,1.000,6.7073,7.7678
ROI_035/patch_55,own,16–32,1,19301,0.000,1.000,7.2882,8.4284
ROI_035/patch_55,own,32–64,1,74097,0.000,1.000,18.6015,19.9491
ROI_035/patch_55,own,64–128,1,241218,0.000,1.000,66.9342,76.7715
ROI_035/patch_55,own,≥128,1,1756096,0.000,1.000,54.2054,123.3384
ROI_035/patch_56,nearest,0–16,1,6415,1.000,1.000,,
ROI_035/patch_56,nearest,16–32,1,18559,1.000,1.000,,
ROI_035/patch_56,nearest,32–64,1,69882,1.000,1.000,,
ROI_035/patch_56,nearest,64–128,1,145073,1.000,1.000,,
ROI_035/patch_56,nearest,≥128,1,22215,1.000,1.000,,
ROI_035/patch_56,own,0–16,1,6415,1.000,1.000,,
ROI_035/patch_56,own,16–32,1,18559,1.000,1.000,,
ROI_035/patch_56,own,32–64,1,69882,1.000,1.000,,
ROI_035/patch_56,own,64–128,1,241781,1.000,1.000,,
ROI_035/patch_56,own,≥128,1,1760515,1.000,1.000,,
ROI_035/patch_57,nearest,0–16,1,6435,0.000,1.000,130.7145,229.7721
ROI_035/patch_57,nearest,16–32,1,19301,0.000,1.000,108.1412,221.9761
ROI_035/patch_57,nearest,32–64,1,70002,0.000,1.000,66.4220,212.0987
ROI_035/patch_57,nearest,64–128,1,129759,0.000,1.000,18.7636,170.4849
ROI_035/patch_57,nearest,≥128,1,36647,0.050,1.000,475.9661,548.1702
ROI_035/patch_57,own,0–16,1,6435,0.000,1.000,120.2939,213.9124
ROI_035/patch_57,own,16–32,1,19301,0.000,1.000,106.2539,212.7827
ROI_035/patch_57,own,32–64,1,73939,0.000,1.000,67.5952,199.3162
ROI_035/patch_57,own,64–128,1,268643,0.000,1.000,16.4579,173.3647
ROI_035/patch_57,own,≥128,1,1728834,0.000,1.000,66.1750,234.8836
ROI_035/patch_58,nearest,0–16,1,6432,0.000,1.000,19.5445,20.6229
ROI_035/patch_58,nearest,16–32,1,19301,0.000,1.000,23.8228,25.2343
ROI_035/patch_58,nearest,32–64,1,71057,0.000,1.000,32.3440,34.9175
ROI_035/patch_58,nearest,64–128,1,121409,0.000,1.000,29.9576,34.5845
ROI_035/patch_58,nearest,≥128,1,43945,0.000,1.000,33.4293,57.3955
ROI_035/patch_58,own,0–16,1,6432,0.000,1.000,19.4367,20.5126
ROI_035/patch_58,own,16–32,1,19301,0.000,1.000,23.4471,24.8075
ROI_035/patch_58,own,32–64,1,73707,0.000,1.000,30.9245,33.2129
ROI_035/patch_58,own,64–128,1,233954,0.000,1.000,24.9068,27.8824
ROI_035/patch_58,own,≥128,1,1763758,0.000,1.000,39.4788,45.7052
ROI_035/patch_59,nearest,0–16,1,6433,0.000,1.000,8.3887,10.8738
ROI_035/patch_59,nearest,16–32,1,19294,0.000,1.000,20.0822,22.3256
ROI_035/patch_59,nearest,32–64,1,68405,0.000,1.000,23.6394,26.6241
ROI_035/patch_59,nearest,64–128,1,131309,0.000,1.000,32.5817,35.4797
ROI_035/patch_59,nearest,≥128,1,36703,0.000,1.000,381.3969,391.5241
ROI_035/patch_59,own,0–16,1,6433,0.000,1.000,8.5147,11.0020
ROI_035/patch_59,own,16–32,1,19294,0.000,1.000,22.0064,24.8407
ROI_035/patch_59,own,32–64,1,73906,0.000,1.000,18.7600,21.2239
ROI_035/patch_59,own,64–128,1,257229,0.000,1.000,20.6175,22.6139
ROI_035/patch_59,own,≥128,1,1740290,0.000,1.000,56.9381,60.9155
ROI_035/patch_60,,,excluded,,,,,
ROI_035/patch_62,nearest,0–16,1,6435,0.000,1.000,86.3925,169.1617
ROI_035/patch_62,nearest,16–32,1,18588,0.000,1.000,74.1849,156.0068
ROI_035/patch_62,nearest,32–64,1,62825,0.000,1.000,64.3270,146.4212
ROI_035/patch_62,nearest,64–128,1,118334,0.000,1.000,143.4358,230.5769
ROI_035/patch_62,nearest,≥128,1,55962,0.000,1.000,667.1830,869.9598
ROI_035/patch_62,own,0–16,1,6435,0.000,1.000,89.5494,174.5539
ROI_035/patch_62,own,16–32,1,18588,0.000,1.000,77.4152,162.6026
ROI_035/patch_62,own,32–64,1,65585,0.000,1.000,52.7666,124.0651
ROI_035/patch_62,own,64–128,1,210546,0.000,1.000,71.3915,150.0079
ROI_035/patch_62,own,≥128,1,1795998,0.000,1.000,100.0772,176.9693
ROI_035/patch_63,nearest,0–16,1,6297,0.000,1.000,30.0757,260.7506
ROI_035/patch_63,nearest,16–32,1,16988,0.000,1.000,31.7266,242.2623
ROI_035/patch_63,nearest,32–64,1,64186,0.000,1.000,47.5608,194.7113
ROI_035/patch_63,nearest,64–128,1,147820,0.000,1.000,59.5777,100.8212
ROI_035/patch_63,nearest,≥128,1,26853,0.000,1.000,637.4283,656.8043
ROI_035/patch_63,own,0–16,1,6297,0.000,1.000,29.6118,260.5348
ROI_035/patch_63,own,16–32,1,16988,0.000,1.000,32.1231,232.4583
ROI_035/patch_63,own,32–64,1,64186,0.000,1.000,48.5588,196.9817
ROI_035/patch_63,own,64–128,1,219508,0.000,1.000,62.2053,168.8762
ROI_035/patch_63,own,≥128,1,1790173,0.000,1.000,62.0870,172.1197
ROI_035/patch_64,nearest,0–16,1,6436,0.000,1.000,41.8723,227.9965
ROI_035/patch_64,nearest,16–32,1,19038,0.000,1.000,32.2547,137.1779
ROI_035/patch_64,nearest,32–64,1,62516,0.000,1.000,32.5071,152.6389
ROI_035/patch_64,nearest,64–128,1,118144,0.000,1.000,85.0864,172.7384
ROI_035/patch_64,nearest,≥128,1,56010,0.950,1.000,643.1334,654.0258
ROI_035/patch_64,own,0–16,1,6436,0.000,1.000,41.7396,218.8259
ROI_035/patch_64,own,16–32,1,19038,0.000,1.000,31.4240,144.7665
ROI_035/patch_64,own,32–64,1,71792,0.000,1.000,28.7538,152.2688
ROI_035/patch_64,own,64–128,1,259420,0.000,1.000,50.7601,191.2580
ROI_035/patch_64,own,≥128,1,1740466,0.000,1.000,149.2343,219.1546
ROI_035/patch_66,nearest,0–16,1,6313,0.000,1.000,16.6462,20.2053
ROI_035/patch_66,nearest,16–32,1,17726,0.000,1.000,24.2020,28.2426
ROI_035/patch_66,nearest,32–64,1,66670,0.000,1.000,19.1325,27.7270
ROI_035/patch_66,nearest,64–128,1,141148,0.000,1.000,78.3817,87.5721
ROI_035/patch_66,nearest,≥128,1,30287,0.000,1.000,359.2686,366.5415
ROI_035/patch_66,own,0–16,1,6313,0.000,1.000,16.0202,19.5796
ROI_035/patch_66,own,16–32,1,17726,0.000,1.000,24.8643,29.4912
ROI_035/patch_66,own,32–64,1,69139,0.000,1.000,17.3191,25.3472
ROI_035/patch_66,own,64–128,1,252984,0.000,1.000,60.0366,74.8014
ROI_035/patch_66,own,≥128,1,1750990,0.000,1.000,53.6436,60.9285
ROI_035/patch_67,nearest,0–16,1,6383,0.000,1.000,24.5847,27.2001
ROI_035/patch_67,nearest,16–32,1,17604,0.000,1.000,24.9007,27.5284
ROI_035/patch_67,nearest,32–64,1,57175,0.000,1.000,25.0910,27.7729
ROI_035/patch_67,nearest,64–128,1,135427,0.000,1.000,76.0866,79.4016
ROI_035/patch_67,nearest,≥128,1,45555,0.000,1.000,430.1775,435.4571
ROI_035/patch_67,own,0–16,1,6383,0.000,1.000,24.5091,27.1890
ROI_035/patch_67,own,16–32,1,17915,0.000,1.000,24.6680,27.2748
ROI_035/patch_67,own,32–64,1,64373,0.000,1.000,25.0060,27.7717
ROI_035/patch_67,own,64–128,1,218273,0.000,1.000,65.6659,70.0738
ROI_035/patch_67,own,≥128,1,1790208,0.000,1.000,102.5351,104.7530
ROI_035/patch_68,nearest,0–16,1,6439,0.000,1.000,7.7196,8.9744
ROI_035/patch_68,nearest,16–32,1,19301,0.000,1.000,8.5625,9.9173
ROI_035/patch_68,nearest,32–64,1,70827,0.000,1.000,37.5587,40.6042
ROI_035/patch_68,nearest,64–128,1,134802,0.100,1.000,555.7409,562.6509
ROI_035/patch_68,nearest,≥128,1,30775,0.900,1.000,752.3833,766.4087
ROI_035/patch_68,own,0–16,1,6439,0.000,1.000,7.6759,8.9342
ROI_035/patch_68,own,16–32,1,19301,0.000,1.000,9.3251,10.7606
ROI_035/patch_68,own,32–64,1,74861,0.000,1.000,32.3252,35.2496
ROI_035/patch_68,own,64–128,1,265681,0.000,1.000,269.6623,274.4683
ROI_035/patch_68,own,≥128,1,1730870,0.100,1.000,381.7512,389.7100
ROI_035/patch_70,nearest,0–16,1,6449,0.000,1.000,9.9895,19.0970
ROI_035/patch_70,nearest,16–32,1,19043,0.000,1.000,20.5862,27.9457
ROI_035/patch_70,nearest,32–64,1,67037,0.000,1.000,110.4404,118.4735
ROI_035/patch_70,nearest,64–128,1,119744,0.000,1.000,77.8121,83.2238
ROI_035/patch_70,nearest,≥128,1,49871,0.000,1.000,418.0245,488.9334
ROI_035/patch_70,own,0–16,1,6449,0.000,1.000,9.9001,18.8389
ROI_035/patch_70,own,16–32,1,19043,0.000,1.000,20.5306,28.3614
ROI_035/patch_70,own,32–64,1,73697,0.000,1.000,80.4604,87.5762
ROI_035/patch_70,own,64–128,1,270796,0.000,1.000,63.6002,69.0041
ROI_035/patch_70,own,≥128,1,1727167,0.000,1.000,206.8507,233.7200
ROI_035/patch_71,nearest,0–16,1,6280,0.000,1.000,170.4246,328.5558
ROI_035/patch_71,nearest,16–32,1,17835,0.000,1.000,169.1910,313.1167
ROI_035/patch_71,nearest,32–64,1,58290,0.000,1.000,171.0639,263.1602
ROI_035/patch_71,nearest,64–128,1,91111,0.000,1.000,181.8871,289.6670
ROI_035/patch_71,nearest,≥128,1,88628,0.000,1.000,304.4854,321.5545
ROI_035/patch_71,own,0–16,1,6280,0.000,1.000,167.9540,333.9151
ROI_035/patch_71,own,16–32,1,17835,0.000,1.000,163.6835,302.1599
ROI_035/patch_71,own,32–64,1,64605,0.000,1.000,161.8791,262.4382
ROI_035/patch_71,own,64–128,1,230695,0.000,1.000,196.5559,237.7591
ROI_035/patch_71,own,≥128,1,1777737,0.000,1.000,217.6427,237.1920
ROI_035/patch_72,nearest,0–16,1,6412,0.000,1.000,25.0484,26.0285
ROI_035/patch_72,nearest,16–32,1,18026,0.000,1.000,25.1108,26.3621
ROI_035/patch_72,nearest,32–64,1,61495,0.000,1.000,48.1479,58.3583
ROI_035/patch_72,nearest,64–128,1,91078,0.000,1.000,100.9138,149.3152
ROI_035/patch_72,nearest,≥128,1,85133,1.000,1.000,,
ROI_035/patch_72,own,0–16,1,6412,0.000,1.000,25.0983,26.0682
ROI_035/patch_72,own,16–32,1,18026,0.000,1.000,24.9558,26.1568
ROI_035/patch_72,own,32–64,1,66487,0.000,1.000,47.1003,56.3581
ROI_035/patch_72,own,64–128,1,226621,0.000,1.000,118.4689,163.6392
ROI_035/patch_72,own,≥128,1,1779606,0.000,1.000,213.1039,405.3807
ROI_035/patch_73,nearest,0–16,1,6436,0.000,1.000,29.8695,54.1979
ROI_035/patch_73,nearest,16–32,1,18773,0.000,1.000,31.6195,50.1598
ROI_035/patch_73,nearest,32–64,1,69841,0.000,1.000,62.4597,84.0284
ROI_035/patch_73,nearest,64–128,1,125605,0.000,1.000,287.5204,340.8448
ROI_035/patch_73,nearest,≥128,1,41489,0.000,1.000,119.7886,140.6223
ROI_035/patch_73,own,0–16,1,6436,0.000,1.000,25.7821,47.4752
ROI_035/patch_73,own,16–32,1,18773,0.000,1.000,22.3592,35.8654
ROI_035/patch_73,own,32–64,1,70898,0.000,1.000,55.2608,76.2235
ROI_035/patch_73,own,64–128,1,253560,0.000,1.000,205.2333,257.0563
ROI_035/patch_73,own,≥128,1,1747485,0.000,1.000,132.5577,154.1736
ROI_035/patch_74,nearest,0–16,1,6381,0.000,1.000,23.8679,25.7094
ROI_035/patch_74,nearest,16–32,1,18503,0.000,1.000,19.8385,21.3252
ROI_035/patch_74,nearest,32–64,1,65833,0.000,1.000,18.0010,19.1472
ROI_035/patch_74,nearest,64–128,1,108212,0.000,1.000,27.8073,31.2205
ROI_035/patch_74,nearest,≥128,1,63215,0.150,1.000,439.9991,496.0546
ROI_035/patch_74,own,0–16,1,6381,0.000,1.000,19.6748,21.1653
ROI_035/patch_74,own,16–32,1,18503,0.000,1.000,20.4992,22.0457
ROI_035/patch_74,own,32–64,1,68373,0.000,1.000,15.2607,16.6373
ROI_035/patch_74,own,64–128,1,237177,0.000,1.000,25.5444,30.5489
ROI_035/patch_74,own,≥128,1,1766718,0.000,1.000,108.0274,126.1938
ROI_035/patch_76,nearest,0–16,1,6442,0.000,1.000,6.3786,10.7240
ROI_035/patch_76,nearest,16–32,1,19288,0.000,1.000,5.9621,10.1437
ROI_035/patch_76,nearest,32–64,1,60954,0.000,1.000,5.6067,11.1237
ROI_035/patch_76,nearest,64–128,1,119423,0.000,1.000,12.5227,20.7100
ROI_035/patch_76,nearest,≥128,1,56037,0.000,1.000,110.0572,129.5679
ROI_035/patch_76,own,0–16,1,6442,0.000,1.000,6.2944,10.4698
ROI_035/patch_76,own,16–32,1,19288,0.000,1.000,6.0352,10.1460
ROI_035/patch_76,own,32–64,1,71282,0.000,1.000,5.6487,10.8139
ROI_035/patch_76,own,64–128,1,254986,0.000,1.000,11.7408,19.6288
ROI_035/patch_76,own,≥128,1,1745154,0.000,1.000,36.0623,57.0227
ROI_035/patch_79,nearest,0–16,1,6425,0.000,1.000,5.0043,44.2567
ROI_035/patch_79,nearest,16–32,1,18909,0.000,1.000,16.7331,40.2185
ROI_035/patch_79,nearest,32–64,1,59935,0.000,1.000,85.1924,92.9557
ROI_035/patch_79,nearest,64–128,1,110994,0.000,1.000,146.0472,160.9850
ROI_035/patch_79,nearest,≥128,1,65881,0.000,1.000,864.5580,881.1973
ROI_035/patch_79,own,0–16,1,6425,0.000,1.000,5.4113,43.9164
ROI_035/patch_79,own,16–32,1,18909,0.000,1.000,23.6899,49.9893
ROI_035/patch_79,own,32–64,1,66467,0.000,1.000,79.6481,91.1064
ROI_035/patch_79,own,64–128,1,223909,0.000,1.000,122.1290,139.1292
ROI_035/patch_79,own,≥128,1,1781442,0.000,1.000,190.4220,200.6246
ROI_035/patch_81,nearest,0–16,1,6444,0.000,1.000,67.7214,234.3486
ROI_035/patch_81,nearest,16–32,1,18943,0.000,1.000,111.1428,376.4348
ROI_035/patch_81,nearest,32–64,1,53409,0.000,1.000,115.7451,412.4327
ROI_035/patch_81,nearest,64–128,1,101061,0.000,1.000,146.9039,285.5647
ROI_035/patch_81,nearest,≥128,1,82287,0.000,1.000,246.1445,296.8007
ROI_035/patch_81,own,0–16,1,6444,0.000,1.000,65.5951,235.7841
ROI_035/patch_81,own,16–32,1,18943,0.000,1.000,100.1894,368.9238
ROI_035/patch_81,own,32–64,1,71725,0.000,1.000,100.5418,434.6407
ROI_035/patch_81,own,64–128,1,255907,0.000,1.000,126.2531,426.2831
ROI_035/patch_81,own,≥128,1,1744133,0.050,1.000,177.0013,530.8915
ROI_035/patch_82,nearest,0–16,1,6435,1.000,1.000,,
ROI_035/patch_82,nearest,16–32,1,18985,1.000,1.000,,
ROI_035/patch_82,nearest,32–64,1,66743,1.000,1.000,,
ROI_035/patch_82,nearest,64–128,1,103091,0.150,1.000,97.7640,438.7574
ROI_035/patch_82,nearest,≥128,1,66890,0.000,1.000,583.3252,611.7868
ROI_035/patch_82,own,0–16,1,6435,1.000,1.000,,
ROI_035/patch_82,own,16–32,1,18985,1.000,1.000,,
ROI_035/patch_82,own,32–64,1,71224,1.000,1.000,,
ROI_035/patch_82,own,64–128,1,260951,1.000,1.000,,
ROI_035/patch_82,own,≥128,1,1739557,0.350,1.000,72.5551,407.6203
ROI_035/patch_85,nearest,0–16,1,6331,1.000,1.000,,
ROI_035/patch_85,nearest,16–32,1,18453,1.000,1.000,,
ROI_035/patch_85,nearest,32–64,1,65841,1.000,1.000,,
ROI_035/patch_85,nearest,64–128,1,120517,1.000,1.000,,
ROI_035/patch_85,nearest,≥128,1,51002,1.000,1.000,,
ROI_035/patch_85,own,0–16,1,6331,1.000,1.000,,
ROI_035/patch_85,own,16–32,1,18453,1.000,1.000,,
ROI_035/patch_85,own,32–64,1,69640,1.000,1.000,,
ROI_035/patch_85,own,64–128,1,248073,1.000,1.000,,
ROI_035/patch_85,own,≥128,1,1754655,1.000,1.000,,
ROI_035/patch_87,nearest,0–16,1,6431,0.000,1.000,437.9940,737.6048
ROI_035/patch_87,nearest,16–32,1,19197,0.000,1.000,437.4628,758.6592
ROI_035/patch_87,nearest,32–64,1,61231,0.000,1.000,473.0738,871.3690
ROI_035/patch_87,nearest,64–128,1,106641,0.850,1.000,872.2519,1276.0264
ROI_035/patch_87,nearest,≥128,1,68644,1.000,1.000,,
ROI_035/patch_87,own,0–16,1,6431,0.000,1.000,439.7145,733.7950
ROI_035/patch_87,own,16–32,1,19301,0.000,1.000,453.1355,770.1142
ROI_035/patch_87,own,32–64,1,77221,0.000,1.000,463.0027,835.8940
ROI_035/patch_87,own,64–128,1,285997,0.350,1.000,724.2069,1126.9399
ROI_035/patch_87,own,≥128,1,1708202,0.750,1.000,1538.6695,1970.9508
ROI_035/patch_89,nearest,0–16,1,6304,1.000,1.000,,
ROI_035/patch_89,nearest,16–32,1,17911,1.000,1.000,,
ROI_035/patch_89,nearest,32–64,1,65798,1.000,1.000,,
ROI_035/patch_89,nearest,64–128,1,118285,1.000,1.000,,
ROI_035/patch_89,nearest,≥128,1,53846,1.000,1.000,,
ROI_035/patch_89,own,0–16,1,6304,1.000,1.000,,
ROI_035/patch_89,own,16–32,1,17911,1.000,1.000,,
ROI_035/patch_89,own,32–64,1,68129,1.000,1.000,,
ROI_035/patch_89,own,64–128,1,240595,1.000,1.000,,
ROI_035/patch_89,own,≥128,1,1764213,1.000,1.000,,
ROI_035/patch_90,nearest,0–16,1,6445,0.000,1.000,209.0852,227.3706
ROI_035/patch_90,nearest,16–32,1,19297,0.000,1.000,194.2377,212.4588
ROI_035/patch_90,nearest,32–64,1,68856,0.000,1.000,156.3403,193.5134
ROI_035/patch_90,nearest,64–128,1,101988,0.000,1.000,190.0391,237.1934
ROI_035/patch_90,nearest,≥128,1,65558,1.000,1.000,,
ROI_035/patch_90,own,0–16,1,6445,0.000,1.000,212.5509,229.0827
ROI_035/patch_90,own,16–32,1,19297,0.000,1.000,193.9316,213.2132
ROI_035/patch_90,own,32–64,1,73260,0.000,1.000,180.8726,220.5007
ROI_035/patch_90,own,64–128,1,260325,0.000,1.000,110.1505,152.2528
ROI_035/patch_90,own,≥128,1,1737825,0.050,1.000,405.8933,454.2258
ROI_035/patch_93,nearest,0–16,1,6434,0.000,1.000,33.6180,36.0142
ROI_035/patch_93,nearest,16–32,1,19299,0.000,1.000,50.5704,55.5487
ROI_035/patch_93,nearest,32–64,1,70207,0.000,1.000,81.2876,88.2334
ROI_035/patch_93,nearest,64–128,1,130010,0.000,1.000,375.0445,530.3974
ROI_035/patch_93,nearest,≥128,1,36194,1.000,1.000,,
ROI_035/patch_93,own,0–16,1,6434,0.000,1.000,36.8286,39.5463
ROI_035/patch_93,own,16–32,1,19299,0.000,1.000,50.1642,56.3022
ROI_035/patch_93,own,32–64,1,74007,0.000,1.000,70.3189,74.8151
ROI_035/patch_93,own,64–128,1,250883,0.000,1.000,288.7643,377.8968
ROI_035/patch_93,own,≥128,1,1746529,0.000,1.000,396.8455,550.8628
ROI_035/patch_94,nearest,0–16,1,6251,0.000,1.000,32.9283,33.4946
ROI_035/patch_94,nearest,16–32,1,17349,0.000,1.000,34.1837,34.9466
ROI_035/patch_94,nearest,32–64,1,57938,0.000,1.000,41.7820,42.5767
ROI_035/patch_94,nearest,64–128,1,123540,0.000,1.000,121.2745,129.8922
ROI_035/patch_94,nearest,≥128,1,57066,0.000,1.000,907.5901,943.9904
ROI_035/patch_94,own,0–16,1,6251,0.000,1.000,32.9269,33.4723
ROI_035/patch_94,own,16–32,1,17349,0.000,1.000,34.4216,35.2376
ROI_035/patch_94,own,32–64,1,62879,0.000,1.000,40.8557,41.8235
ROI_035/patch_94,own,64–128,1,223569,0.000,1.000,96.0877,102.7046
ROI_035/patch_94,own,≥128,1,1787104,0.000,1.000,559.7817,578.2709
ROI_035/patch_95,nearest,0–16,1,6323,1.000,1.000,,
ROI_035/patch_95,nearest,16–32,1,18407,1.000,1.000,,
ROI_035/patch_95,nearest,32–64,1,69245,1.000,1.000,,
ROI_035/patch_95,nearest,64–128,1,130014,1.000,1.000,,
ROI_035/patch_95,nearest,≥128,1,38155,1.000,1.000,,
ROI_035/patch_95,own,0–16,1,6323,1.000,1.000,,
ROI_035/patch_95,own,16–32,1,18407,1.000,1.000,,
ROI_035/patch_95,own,32–64,1,72947,1.000,1.000,,
ROI_035/patch_95,own,64–128,1,261008,1.000,1.000,,
ROI_035/patch_95,own,≥128,1,1738467,0.850,1.000,1794.4178,1835.7228
ROI_035/patch_96,nearest,0–16,1,6442,0.000,1.000,20.2199,669.2561
ROI_035/patch_96,nearest,16–32,1,19082,0.000,1.000,19.4132,687.7042
ROI_035/patch_96,nearest,32–64,1,70261,0.000,1.000,14.4260,747.9227
ROI_035/patch_96,nearest,64–128,1,132240,0.000,1.000,185.1108,661.3242
ROI_035/patch_96,nearest,≥128,1,34119,0.000,1.000,491.2689,564.4378
ROI_035/patch_96,own,0–16,1,6442,0.000,1.000,19.9900,677.5799
ROI_035/patch_96,own,16–32,1,19082,0.000,1.000,19.1252,738.3684
ROI_035/patch_96,own,32–64,1,73976,0.000,1.000,15.7249,817.7113
ROI_035/patch_96,own,64–128,1,266171,0.000,1.000,92.0679,740.6032
ROI_035/patch_96,own,≥128,1,1731481,0.000,1.000,242.8176,565.4763
ROI_035/patch_97,,,excluded,,,,,
ROI_035/patch_98,nearest,0–16,1,6430,0.000,1.000,10.3952,14.9806
ROI_035/patch_98,nearest,16–32,1,19277,0.000,1.000,12.4838,16.9829
ROI_035/patch_98,nearest,32–64,1,68368,0.000,1.000,25.6228,46.6051
ROI_035/patch_98,nearest,64–128,1,129187,0.000,1.000,290.0521,335.3284
ROI_035/patch_98,nearest,≥128,1,38882,0.850,1.000,1108.5882,1210.7738
ROI_035/patch_98,own,0–16,1,6430,0.000,1.000,10.6079,14.9126
ROI_035/patch_98,own,16–32,1,19277,0.000,1.000,11.6519,17.7092
ROI_035/patch_98,own,32–64,1,72271,0.000,1.000,31.9669,53.8528
ROI_035/patch_98,own,64–128,1,254792,0.000,1.000,170.7220,201.6724
ROI_035/patch_98,own,≥128,1,1744382,0.050,1.000,441.7411,490.3227
ROI_035/patch_99,nearest,0–16,1,6440,0.000,1.000,181.3727,259.5157
ROI_035/patch_99,nearest,16–32,1,18698,0.000,1.000,200.6319,260.3104
ROI_035/patch_99,nearest,32–64,1,66225,0.000,1.000,175.3669,193.6566
ROI_035/patch_99,nearest,64–128,1,127020,0.000,1.000,254.6173,267.9662
ROI_035/patch_99,nearest,≥128,1,43761,0.000,1.000,1363.1701,1401.6112
ROI_035/patch_99,own,0–16,1,6440,0.000,1.000,188.4409,266.5833
ROI_035/patch_99,own,16–32,1,18698,0.000,1.000,202.4053,269.2863
ROI_035/patch_99,own,32–64,1,67995,0.000,1.000,190.6230,208.7972
ROI_035/patch_99,own,64–128,1,239011,0.000,1.000,240.3644,256.7267
ROI_035/patch_99,own,≥128,1,1765008,0.000,1.000,334.3335,356.7220
ROI_035/patch_100,nearest,0–16,1,6415,0.000,1.000,19.0939,25.9876
ROI_035/patch_100,nearest,16–32,1,19313,0.000,1.000,24.8408,33.2109
ROI_035/patch_100,nearest,32–64,1,69185,0.000,1.000,30.7336,59.2388
ROI_035/patch_100,nearest,64–128,1,114930,0.000,1.000,59.0393,156.0844
ROI_035/patch_100,nearest,≥128,1,52301,0.900,1.000,753.0835,1030.6718
ROI_035/patch_100,own,0–16,1,6415,0.000,1.000,18.6390,25.3667
ROI_035/patch_100,own,16–32,1,19313,0.000,1.000,26.0256,34.9246
ROI_035/patch_100,own,32–64,1,73132,0.000,1.000,31.2246,54.4994
ROI_035/patch_100,own,64–128,1,253290,0.000,1.000,44.0971,98.4494
ROI_035/patch_100,own,≥128,1,1745002,0.000,1.000,510.7819,695.1476
ROI_035/patch_101,nearest,0–16,1,6311,0.000,1.000,123.0118,219.6151
ROI_035/patch_101,nearest,16–32,1,18388,0.000,1.000,120.7249,233.1983
ROI_035/patch_101,nearest,32–64,1,67469,0.000,1.000,126.5904,230.9021
ROI_035/patch_101,nearest,64–128,1,113138,0.000,1.000,112.5632,172.7835
ROI_035/patch_101,nearest,≥128,1,56838,0.000,1.000,249.5488,303.3307
ROI_035/patch_101,own,0–16,1,6311,0.000,1.000,122.8218,222.6647
ROI_035/patch_101,own,16–32,1,18388,0.000,1.000,118.4253,237.9462
ROI_035/patch_101,own,32–64,1,70799,0.000,1.000,139.8099,241.2314
ROI_035/patch_101,own,64–128,1,242507,0.000,1.000,116.2982,192.5808
ROI_035/patch_101,own,≥128,1,1759147,0.000,1.000,247.6190,305.7122
ROI_035/patch_102,nearest,0–16,1,6352,0.000,1.000,59.8355,66.0807
ROI_035/patch_102,nearest,16–32,1,18376,0.000,1.000,33.2012,36.8257
ROI_035/patch_102,nearest,32–64,1,69349,0.000,1.000,33.0107,35.8382
ROI_035/patch_102,nearest,64–128,1,112439,0.000,1.000,138.0665,142.3560
ROI_035/patch_102,nearest,≥128,1,55628,0.000,1.000,298.7471,302.1652
ROI_035/patch_102,own,0–16,1,6352,0.000,1.000,60.3788,66.8095
ROI_035/patch_102,own,16–32,1,18376,0.000,1.000,41.4093,45.4777
ROI_035/patch_102,own,32–64,1,70249,0.000,1.000,39.3009,42.1265
ROI_035/patch_102,own,64–128,1,257985,0.000,1.000,107.1184,111.9378
ROI_035/patch_102,own,≥128,1,1744190,0.000,1.000,291.0817,298.4923
ROI_035/patch_103,nearest,0–16,1,6441,0.000,1.000,175.5485,203.3602
ROI_035/patch_103,nearest,16–32,1,18818,0.000,1.000,131.2155,151.1704
ROI_035/patch_103,nearest,32–64,1,71296,0.000,1.000,128.6646,144.9097
ROI_035/patch_103,nearest,64–128,1,139110,0.000,1.000,320.6823,352.5061
ROI_035/patch_103,nearest,≥128,1,26479,0.150,1.000,1257.4488,1380.7759
ROI_035/patch_103,own,0–16,1,6441,0.000,1.000,165.9272,191.4189
ROI_035/patch_103,own,16–32,1,18818,0.000,1.000,126.9462,145.2611
ROI_035/patch_103,own,32–64,1,72399,0.000,1.000,152.5969,168.3298
ROI_035/patch_103,own,64–128,1,258701,0.000,1.000,267.0854,302.9414
ROI_035/patch_103,own,≥128,1,1740793,0.050,1.000,566.8940,626.9335
ROI_035/patch_104,nearest,0–16,1,6229,1.000,1.000,,
ROI_035/patch_104,nearest,16–32,1,18300,1.000,1.000,,
ROI_035/patch_104,nearest,32–64,1,63256,1.000,1.000,,
ROI_035/patch_104,nearest,64–128,1,117671,1.000,1.000,,
ROI_035/patch_104,nearest,≥128,1,56688,1.000,1.000,,
ROI_035/patch_104,own,0–16,1,6229,1.000,1.000,,
ROI_035/patch_104,own,16–32,1,18300,1.000,1.000,,
ROI_035/patch_104,own,32–64,1,72770,1.000,1.000,,
ROI_035/patch_104,own,64–128,1,256501,1.000,1.000,,
ROI_035/patch_104,own,≥128,1,1743352,1.000,1.000,,
ROI_035/patch_105,nearest,0–16,1,6438,1.000,1.000,,
ROI_035/patch_105,nearest,16–32,1,19300,1.000,1.000,,
ROI_035/patch_105,nearest,32–64,1,67930,1.000,1.000,,
ROI_035/patch_105,nearest,64–128,1,125923,1.000,1.000,,
ROI_035/patch_105,nearest,≥128,1,42553,0.950,1.000,2465.5712,2884.1232
ROI_035/patch_105,own,0–16,1,6438,1.000,1.000,,
ROI_035/patch_105,own,16–32,1,19300,1.000,1.000,,
ROI_035/patch_105,own,32–64,1,76023,1.000,1.000,,
ROI_035/patch_105,own,64–128,1,257479,1.000,1.000,,
ROI_035/patch_105,own,≥128,1,1737912,1.000,1.000,,
ROI_035/patch_106,nearest,0–16,1,6340,1.000,1.000,,
ROI_035/patch_106,nearest,16–32,1,18435,1.000,1.000,,
ROI_035/patch_106,nearest,32–64,1,67244,1.000,1.000,,
ROI_035/patch_106,nearest,64–128,1,133697,1.000,1.000,,
ROI_035/patch_106,nearest,≥128,1,36428,1.000,1.000,,
ROI_035/patch_106,own,0–16,1,6340,1.000,1.000,,
ROI_035/patch_106,own,16–32,1,18435,1.000,1.000,,
ROI_035/patch_106,own,32–64,1,69533,1.000,1.000,,
ROI_035/patch_106,own,64–128,1,243608,1.000,1.000,,
ROI_035/patch_106,own,≥128,1,1759236,1.000,1.000,,
ROI_035/patch_107,nearest,0–16,1,6360,0.000,1.000,7.9888,9.5991
ROI_035/patch_107,nearest,16–32,1,18465,0.000,1.000,8.8689,10.2394
ROI_035/patch_107,nearest,32–64,1,70182,0.000,1.000,16.7645,18.3999
ROI_035/patch_107,nearest,64–128,1,122066,0.000,1.000,208.7753,216.7650
ROI_035/patch_107,nearest,≥128,1,45071,0.750,1.000,692.6941,723.4803
ROI_035/patch_107,own,0–16,1,6360,0.000,1.000,7.9382,9.4820
ROI_035/patch_107,own,16–32,1,18465,0.000,1.000,8.5755,9.8567
ROI_035/patch_107,own,32–64,1,73111,0.000,1.000,21.8086,24.0068
ROI_035/patch_107,own,64–128,1,252667,0.000,1.000,91.1761,96.8329
ROI_035/patch_107,own,≥128,1,1746549,0.000,1.000,278.7993,292.2713
ROI_035/patch_109,nearest,0–16,1,6390,0.000,1.000,4.9201,5.2866
ROI_035/patch_109,nearest,16–32,1,17822,0.000,1.000,5.1081,6.1069
ROI_035/patch_109,nearest,32–64,1,60544,0.000,1.000,5.7842,7.1439
ROI_035/patch_109,nearest,64–128,1,141238,0.000,1.000,185.7610,197.9365
ROI_035/patch_109,nearest,≥128,1,36150,0.000,1.000,1040.3878,1085.0553
ROI_035/patch_109,own,0–16,1,6390,0.000,1.000,4.8495,5.2072
ROI_035/patch_109,own,16–32,1,17822,0.000,1.000,5.4128,6.3605
ROI_035/patch_109,own,32–64,1,60544,0.000,1.000,7.2265,8.7939
ROI_035/patch_109,own,64–128,1,214958,0.000,1.000,58.1856,66.9629
ROI_035/patch_109,own,≥128,1,1797438,0.000,1.000,283.4176,301.7850
ROI_035/patch_110,nearest,0–16,1,6239,0.000,1.000,20.7997,228.5186
ROI_035/patch_110,nearest,16–32,1,17304,0.000,1.000,20.6672,218.1597
ROI_035/patch_110,nearest,32–64,1,61578,0.000,1.000,20.0483,144.6457
ROI_035/patch_110,nearest,64–128,1,119302,0.000,1.000,22.2653,61.9743
ROI_035/patch_110,nearest,≥128,1,57721,0.000,1.000,217.8334,229.0543
ROI_035/patch_110,own,0–16,1,6239,0.000,1.000,20.9143,237.8434
ROI_035/patch_110,own,16–32,1,17304,0.000,1.000,21.9924,225.0995
ROI_035/patch_110,own,32–64,1,63455,0.000,1.000,19.6212,134.4632
ROI_035/patch_110,own,64–128,1,236662,0.000,1.000,19.2618,63.2831
ROI_035/patch_110,own,≥128,1,1773492,0.000,1.000,146.7651,199.8294
ROI_035/patch_111,nearest,0–16,1,6437,0.000,1.000,105.5290,400.1622
ROI_035/patch_111,nearest,16–32,1,18066,0.000,1.000,126.1405,413.6056
ROI_035/patch_111,nearest,32–64,1,65724,0.000,1.000,191.6206,485.1796
ROI_035/patch_111,nearest,64–128,1,101150,0.000,1.000,204.7442,338.3757
ROI_035/patch_111,nearest,≥128,1,70767,0.000,1.000,70.7751,124.2103
ROI_035/patch_111,own,0–16,1,6437,0.000,1.000,104.1160,398.4110
ROI_035/patch_111,own,16–32,1,18066,0.000,1.000,133.9740,425.6848
ROI_035/patch_111,own,32–64,1,66771,0.000,1.000,211.7794,593.4102
ROI_035/patch_111,own,64–128,1,243631,0.050,1.000,200.6416,512.3473
ROI_035/patch_111,own,≥128,1,1762247,0.000,1.000,124.1005,383.5853
ROI_035/patch_112,nearest,0–16,1,6434,0.000,1.000,50.8357,55.6801
ROI_035/patch_112,nearest,16–32,1,19271,0.000,1.000,27.5128,29.2450
ROI_035/patch_112,nearest,32–64,1,67287,0.000,1.000,25.7659,27.1447
ROI_035/patch_112,nearest,64–128,1,106185,0.000,1.000,32.2552,34.5490
ROI_035/patch_112,nearest,≥128,1,62967,0.000,1.000,90.4556,101.4291
ROI_035/patch_112,own,0–16,1,6434,0.000,1.000,50.1274,54.9132
ROI_035/patch_112,own,16–32,1,19271,0.000,1.000,35.9755,38.0533
ROI_035/patch_112,own,32–64,1,72840,0.000,1.000,28.2976,29.6873
ROI_035/patch_112,own,64–128,1,247224,0.000,1.000,49.9486,51.9098
ROI_035/patch_112,own,≥128,1,1751383,0.000,1.000,124.9907,135.6890
ROI_035/patch_113,nearest,0–16,1,6000,0.000,1.000,12.1181,12.9869
ROI_035/patch_113,nearest,16–32,1,17129,0.000,1.000,12.6363,13.5478
ROI_035/patch_113,nearest,32–64,1,64464,0.000,1.000,14.3414,16.3762
ROI_035/patch_113,nearest,64–128,1,144845,0.000,1.000,94.3173,99.4260
ROI_035/patch_113,nearest,≥128,1,29706,0.000,1.000,381.9159,391.1717
ROI_035/patch_113,own,0–16,1,6000,0.000,1.000,12.0998,12.9727
ROI_035/patch_113,own,16–32,1,17129,0.000,1.000,12.3379,13.2012
ROI_035/patch_113,own,32–64,1,65289,0.000,1.000,16.5489,19.2740
ROI_035/patch_113,own,64–128,1,243480,0.000,1.000,116.4955,122.9643
ROI_035/patch_113,own,≥128,1,1765254,0.000,1.000,95.9363,99.0410
ROI_035/patch_114,nearest,0–16,1,6434,0.000,1.000,635.8953,773.9681
ROI_035/patch_114,nearest,16–32,1,19118,0.350,1.000,707.0871,844.1975
ROI_035/patch_114,nearest,32–64,1,62431,0.150,1.000,472.2000,585.9665
ROI_035/patch_114,nearest,64–128,1,110710,0.000,1.000,235.3088,279.6685
ROI_035/patch_114,nearest,≥128,1,63451,0.000,1.000,265.4133,356.1110
ROI_035/patch_114,own,0–16,1,6434,0.000,1.000,654.5954,787.6538
ROI_035/patch_114,own,16–32,1,19118,0.350,1.000,710.3549,830.5209
ROI_035/patch_114,own,32–64,1,71763,0.100,1.000,541.3272,671.6528
ROI_035/patch_114,own,64–128,1,252147,0.000,1.000,303.7514,381.6753
ROI_035/patch_114,own,≥128,1,1747690,0.250,1.000,326.2545,362.9668
ROI_035/patch_115,nearest,0–16,1,6387,0.000,1.000,59.1887,596.5446
ROI_035/patch_115,nearest,16–32,1,18533,0.000,1.000,55.9040,681.5637
ROI_035/patch_115,nearest,32–64,1,65252,0.000,1.000,37.6382,593.7526
ROI_035/patch_115,nearest,64–128,1,139223,0.000,1.000,39.9221,364.1423
ROI_035/patch_115,nearest,≥128,1,32749,0.000,1.000,60.1260,119.4885
ROI_035/patch_115,own,0–16,1,6387,0.000,1.000,57.3717,605.9641
ROI_035/patch_115,own,16–32,1,18533,0.000,1.000,55.8793,737.7987
ROI_035/patch_115,own,32–64,1,68497,0.050,1.000,37.4425,661.0958
ROI_035/patch_115,own,64–128,1,243121,0.050,1.000,26.8972,426.2117
ROI_035/patch_115,own,≥128,1,1760614,0.000,1.000,50.8004,286.1558
ROI_035/patch_116,nearest,0–16,1,6437,0.000,1.000,39.2411,184.8115
ROI_035/patch_116,nearest,16–32,1,18710,0.000,1.000,45.7082,196.9312
ROI_035/patch_116,nearest,32–64,1,68573,0.000,1.000,28.8451,192.2373
ROI_035/patch_116,nearest,64–128,1,134741,0.000,1.000,181.7074,270.8024
ROI_035/patch_116,nearest,≥128,1,33683,1.000,1.000,,
ROI_035/patch_116,own,0–16,1,6437,0.000,1.000,36.3439,181.8475
ROI_035/patch_116,own,16–32,1,18710,0.000,1.000,46.7211,194.3875
ROI_035/patch_116,own,32–64,1,70711,0.000,1.000,38.6246,205.8964
ROI_035/patch_116,own,64–128,1,256138,0.000,1.000,52.3964,207.6256
ROI_035/patch_116,own,≥128,1,1745156,0.000,1.000,102.7465,191.7329
ROI_035/patch_117,nearest,0–16,1,6257,1.000,1.000,,
ROI_035/patch_117,nearest,16–32,1,16991,1.000,1.000,,
ROI_035/patch_117,nearest,32–64,1,57946,1.000,1.000,,
ROI_035/patch_117,nearest,64–128,1,132170,1.000,1.000,,
ROI_035/patch_117,nearest,≥128,1,48780,1.000,1.000,,
ROI_035/patch_117,own,0–16,1,6257,1.000,1.000,,
ROI_035/patch_117,own,16–32,1,16991,1.000,1.000,,
ROI_035/patch_117,own,32–64,1,65182,1.000,1.000,,
ROI_035/patch_117,own,64–128,1,244420,1.000,1.000,,
ROI_035/patch_117,own,≥128,1,1764302,1.000,1.000,,
ROI_035/patch_118,nearest,0–16,1,6439,0.000,1.000,17.7511,21.8593
ROI_035/patch_118,nearest,16–32,1,18361,0.000,1.000,64.2800,70.6700
ROI_035/patch_118,nearest,32–64,1,68478,0.000,1.000,148.0717,162.4047
ROI_035/patch_118,nearest,64–128,1,133097,0.000,1.000,131.9712,140.3557
ROI_035/patch_118,nearest,≥128,1,35769,0.000,1.000,168.6308,179.1296
ROI_035/patch_118,own,0–16,1,6439,0.000,1.000,17.6633,21.7688
ROI_035/patch_118,own,16–32,1,18361,0.000,1.000,49.1354,53.9487
ROI_035/patch_118,own,32–64,1,69687,0.000,1.000,158.0431,170.0770
ROI_035/patch_118,own,64–128,1,232273,0.000,1.000,68.6975,75.8179
ROI_035/patch_118,own,≥128,1,1770392,0.000,1.000,138.0683,148.3238
ROI_035/patch_120,nearest,0–16,1,6252,0.000,1.000,753.9854,1261.0409
ROI_035/patch_120,nearest,16–32,1,17969,0.000,1.000,578.5722,945.4392
ROI_035/patch_120,nearest,32–64,1,65367,0.000,1.000,542.7331,833.0467
ROI_035/patch_120,nearest,64–128,1,129906,0.600,1.000,514.5564,914.6702
ROI_035/patch_120,nearest,≥128,1,42650,1.000,1.000,,
ROI_035/patch_120,own,0–16,1,6252,0.000,1.000,768.0144,1287.5691
ROI_035/patch_120,own,16–32,1,17969,0.000,1.000,651.1620,1026.4107
ROI_035/patch_120,own,32–64,1,67869,0.000,1.000,528.6756,819.8013
ROI_035/patch_120,own,64–128,1,235556,0.300,1.000,596.7507,959.8286
ROI_035/patch_120,own,≥128,1,1769506,0.750,1.000,1094.4447,1488.1861
ROI_035/patch_121,nearest,0–16,1,6429,0.000,1.000,115.2394,212.1036
ROI_035/patch_121,nearest,16–32,1,18187,0.000,1.000,89.8319,177.8790
ROI_035/patch_121,nearest,32–64,1,59332,0.000,1.000,60.2079,170.5414
ROI_035/patch_121,nearest,64–128,1,130719,0.000,1.000,127.3403,353.4886
ROI_035/patch_121,nearest,≥128,1,47477,0.000,1.000,274.3934,313.2629
ROI_035/patch_121,own,0–16,1,6429,0.000,1.000,115.7446,217.8650
ROI_035/patch_121,own,16–32,1,19019,0.000,1.000,92.6126,172.4498
ROI_035/patch_121,own,32–64,1,71065,0.000,1.000,50.0510,129.1640
ROI_035/patch_121,own,64–128,1,235970,0.000,1.000,66.0933,208.7146
ROI_035/patch_121,own,≥128,1,1764669,0.000,1.000,61.3294,173.6703
ROI_035/patch_122,nearest,0–16,1,6109,0.000,1.000,23.9787,313.0379
ROI_035/patch_122,nearest,16–32,1,18176,0.000,1.000,25.2869,332.2673
ROI_035/patch_122,nearest,32–64,1,66938,0.000,1.000,29.7193,281.5544
ROI_035/patch_122,nearest,64–128,1,121453,0.000,1.000,56.4317,122.1631
ROI_035/patch_122,nearest,≥128,1,49468,0.000,1.000,137.5746,198.8629
ROI_035/patch_122,own,0–16,1,6109,0.000,1.000,24.0451,320.2776
ROI_035/patch_122,own,16–32,1,18176,0.000,1.000,25.8335,327.3159
ROI_035/patch_122,own,32–64,1,68262,0.000,1.000,28.5743,276.6202
ROI_035/patch_122,own,64–128,1,242564,0.000,1.000,49.8361,139.2096
ROI_035/patch_122,own,≥128,1,1762041,0.000,1.000,77.7313,176.2515
ROI_035/patch_123,nearest,0–16,1,6404,0.000,1.000,14.4202,105.9730
ROI_035/patch_123,nearest,16–32,1,18557,0.000,1.000,13.6615,73.9550
ROI_035/patch_123,nearest,32–64,1,62995,0.000,1.000,15.6302,39.5835
ROI_035/patch_123,nearest,64–128,1,124201,0.000,1.000,51.4846,75.4165
ROI_035/patch_123,nearest,≥128,1,49987,0.000,1.000,113.9332,145.1905
ROI_035/patch_123,own,0–16,1,6404,0.000,1.000,14.4586,106.8515
ROI_035/patch_123,own,16–32,1,18557,0.000,1.000,12.8358,68.9524
ROI_035/patch_123,own,32–64,1,67124,0.000,1.000,16.9419,40.2616
ROI_035/patch_123,own,64–128,1,235929,0.000,1.000,59.0036,79.5897
ROI_035/patch_123,own,≥128,1,1769138,0.000,1.000,56.7906,76.8219
ROI_035/patch_124,nearest,0–16,1,6425,0.000,1.000,6.1965,7.1598
ROI_035/patch_124,nearest,16–32,1,18273,0.000,1.000,6.3690,7.3754
ROI_035/patch_124,nearest,32–64,1,64276,0.000,1.000,6.5796,7.7866
ROI_035/patch_124,nearest,64–128,1,123175,0.000,1.000,9.3682,11.3010
ROI_035/patch_124,nearest,≥128,1,49995,0.000,1.000,15.8006,29.0904
ROI_035/patch_124,own,0–16,1,6425,0.000,1.000,6.1910,7.1489
ROI_035/patch_124,own,16–32,1,18618,0.000,1.000,6.3390,7.2958
ROI_035/patch_124,own,32–64,1,70562,0.000,1.000,6.7939,7.9205
ROI_035/patch_124,own,64–128,1,239452,0.000,1.000,7.6407,10.4035
ROI_035/patch_124,own,≥128,1,1762095,0.000,1.000,10.5082,12.9501
ROI_035/patch_125,nearest,0–16,1,6436,0.000,1.000,35.9816,61.1974
ROI_035/patch_125,nearest,16–32,1,18846,0.000,1.000,32.1076,118.2105
ROI_035/patch_125,nearest,32–64,1,71097,0.000,1.000,36.9457,171.7373
ROI_035/patch_125,nearest,64–128,1,116736,0.000,1.000,60.2718,121.5291
ROI_035/patch_125,nearest,≥128,1,49029,0.000,1.000,390.6190,510.3169
ROI_035/patch_125,own,0–16,1,6436,0.000,1.000,36.3941,62.8750
ROI_035/patch_125,own,16–32,1,18846,0.000,1.000,32.1745,109.1056
ROI_035/patch_125,own,32–64,1,73408,0.000,1.000,34.8565,175.0109
ROI_035/patch_125,own,64–128,1,260190,0.000,1.000,54.4646,119.7531
ROI_035/patch_125,own,≥128,1,1738272,0.000,1.000,79.5783,182.6621
ROI_035/patch_126,nearest,0–16,1,6438,0.000,1.000,13.9400,15.5687
ROI_035/patch_126,nearest,16–32,1,18368,0.000,1.000,14.0066,15.6062
ROI_035/patch_126,nearest,32–64,1,61767,0.000,1.000,13.2909,15.2289
ROI_035/patch_126,nearest,64–128,1,146571,0.000,1.000,14.6195,16.7195
ROI_035/patch_126,nearest,≥128,1,29000,0.000,1.000,27.3992,29.6140
ROI_035/patch_126,own,0–16,1,6438,0.000,1.000,14.0122,15.6262
ROI_035/patch_126,own,16–32,1,18368,0.000,1.000,13.8899,15.4968
ROI_035/patch_126,own,32–64,1,65746,0.000,1.000,13.6742,15.6479
ROI_035/patch_126,own,64–128,1,225758,0.000,1.000,13.7856,16.1287
ROI_035/patch_126,own,≥128,1,1780842,0.000,1.000,14.2334,16.0802
ROI_035/patch_127,nearest,0–16,1,6408,0.000,1.000,17.4512,20.2940
ROI_035/patch_127,nearest,16–32,1,17052,0.000,1.000,19.7110,22.8096
ROI_035/patch_127,nearest,32–64,1,54505,0.000,1.000,18.3802,21.7002
ROI_035/patch_127,nearest,64–128,1,111825,0.000,1.000,28.5189,32.5119
ROI_035/patch_127,nearest,≥128,1,72354,0.000,1.000,37.2804,42.7778
ROI_035/patch_127,own,0–16,1,6408,0.000,1.000,17.1431,19.9563
ROI_035/patch_127,own,16–32,1,17052,0.000,1.000,18.1926,21.2833
ROI_035/patch_127,own,32–64,1,58025,0.000,1.000,19.0516,22.4295
ROI_035/patch_127,own,64–128,1,196489,0.000,1.000,21.8984,24.8398
ROI_035/patch_127,own,≥128,1,1819178,0.000,1.000,24.2803,27.7344
ROI_035/patch_128,nearest,0–16,1,6447,0.000,1.000,11.8429,14.5506
ROI_035/patch_128,nearest,16–32,1,19111,0.000,1.000,11.3227,14.1358
ROI_035/patch_128,nearest,32–64,1,68109,0.000,1.000,6.9816,11.3674
ROI_035/patch_128,nearest,64–128,1,126396,0.000,1.000,54.4482,58.7449
ROI_035/patch_128,nearest,≥128,1,42081,0.000,1.000,30.0371,32.5512
ROI_035/patch_128,own,0–16,1,6447,0.000,1.000,11.8804,14.5627
ROI_035/patch_128,own,16–32,1,19111,0.000,1.000,11.2284,13.9838
ROI_035/patch_128,own,32–64,1,72530,0.000,1.000,6.0286,9.9309
ROI_035/patch_128,own,64–128,1,257924,0.000,1.000,14.7603,18.1887
ROI_035/patch_128,own,≥128,1,1741140,0.000,1.000,22.0270,25.4771
ROI_035/patch_130,nearest,0–16,1,6292,0.000,1.000,19.7750,29.0127
ROI_035/patch_130,nearest,16–32,1,18375,0.000,1.000,28.6417,67.6338
ROI_035/patch_130,nearest,32–64,1,67683,0.000,1.000,38.3694,117.5567
ROI_035/patch_130,nearest,64–128,1,115621,0.000,1.000,29.7922,99.8566
ROI_035/patch_130,nearest,≥128,1,54173,0.000,1.000,106.4415,119.2436
ROI_035/patch_130,own,0–16,1,6292,0.000,1.000,21.2451,31.5713
ROI_035/patch_130,own,16–32,1,18375,0.000,1.000,34.1445,74.9863
ROI_035/patch_130,own,32–64,1,70829,0.000,1.000,40.1458,111.7477
ROI_035/patch_130,own,64–128,1,266600,0.000,1.000,26.4097,125.7671
ROI_035/patch_130,own,≥128,1,1735056,0.000,1.000,37.0529,104.5242
ROI_035/patch_131,nearest,0–16,1,6441,0.000,1.000,34.4038,36.4655
ROI_035/patch_131,nearest,16–32,1,18896,0.000,1.000,34.6230,36.7107
ROI_035/patch_131,nearest,32–64,1,66445,0.000,1.000,36.1692,37.8243
ROI_035/patch_131,nearest,64–128,1,124944,0.000,1.000,66.0257,67.3683
ROI_035/patch_131,nearest,≥128,1,45418,0.000,1.000,134.1245,148.0039
ROI_035/patch_131,own,0–16,1,6441,0.000,1.000,34.4848,36.5099
ROI_035/patch_131,own,16–32,1,18896,0.000,1.000,34.6105,36.6587
ROI_035/patch_131,own,32–64,1,69366,0.000,1.000,37.2589,38.9319
ROI_035/patch_131,own,64–128,1,243749,0.000,1.000,60.7575,62.4183
ROI_035/patch_131,own,≥128,1,1758700,0.000,1.000,71.8143,75.2096
ROI_035/patch_132,nearest,0–16,1,6282,0.150,1.000,96.0641,899.6551
ROI_035/patch_132,nearest,16–32,1,17702,0.000,1.000,92.1834,873.3528
ROI_035/patch_132,nearest,32–64,1,65889,0.000,1.000,112.9441,648.0010
ROI_035/patch_132,nearest,64–128,1,143929,0.000,1.000,148.3776,389.0387
ROI_035/patch_132,nearest,≥128,1,28342,0.350,1.000,967.4864,1628.4564
ROI_035/patch_132,own,0–16,1,6282,0.100,1.000,96.8416,905.7462
ROI_035/patch_132,own,16–32,1,17702,0.000,1.000,82.4496,852.6624
ROI_035/patch_132,own,32–64,1,67872,0.000,1.000,104.3052,606.7954
ROI_035/patch_132,own,64–128,1,241118,0.000,1.000,113.4868,420.6630
ROI_035/patch_132,own,≥128,1,1764178,0.000,1.000,222.6688,660.7152
ROI_035/patch_135,nearest,0–16,1,6193,0.000,1.000,32.3578,316.3904
ROI_035/patch_135,nearest,16–32,1,16713,0.000,1.000,17.1422,180.5898
ROI_035/patch_135,nearest,32–64,1,55773,0.000,1.000,23.9489,75.6150
ROI_035/patch_135,nearest,64–128,1,127059,0.000,1.000,184.9542,197.3901
ROI_035/patch_135,nearest,≥128,1,56406,0.000,1.000,455.1975,464.9881
ROI_035/patch_135,own,0–16,1,6193,0.000,1.000,31.8426,315.5632
ROI_035/patch_135,own,16–32,1,17103,0.000,1.000,19.0928,224.2271
ROI_035/patch_135,own,32–64,1,63250,0.000,1.000,29.4876,89.8914
ROI_035/patch_135,own,64–128,1,213866,0.000,1.000,119.7495,126.3395
ROI_035/patch_135,own,≥128,1,1796740,0.000,1.000,207.5252,227.9841
ROI_035/patch_136,nearest,0–16,1,6210,0.000,1.000,22.6240,23.9754
ROI_035/patch_136,nearest,16–32,1,18277,0.000,1.000,27.4963,32.0481
ROI_035/patch_136,nearest,32–64,1,63846,0.000,1.000,35.2918,38.2500
ROI_035/patch_136,nearest,64–128,1,117987,0.000,1.000,43.9943,50.8304
ROI_035/patch_136,nearest,≥128,1,55824,0.750,1.000,567.8534,637.0916
ROI_035/patch_136,own,0–16,1,6210,0.000,1.000,22.6610,23.9227
ROI_035/patch_136,own,16–32,1,18277,0.000,1.000,28.0543,33.2699
ROI_035/patch_136,own,32–64,1,70468,0.000,1.000,36.0438,40.0166
ROI_035/patch_136,own,64–128,1,251663,0.000,1.000,33.0566,38.2018
ROI_035/patch_136,own,≥128,1,1750534,0.000,1.000,90.9517,107.3518
ROI_035/patch_137,nearest,0–16,1,6437,0.000,1.000,260.3191,497.7952
ROI_035/patch_137,nearest,16–32,1,18727,0.000,1.000,238.7249,425.9354
ROI_035/patch_137,nearest,32–64,1,67727,0.000,1.000,134.4475,253.8534
ROI_035/patch_137,nearest,64–128,1,136485,0.000,1.000,180.4726,315.3085
ROI_035/patch_137,nearest,≥128,1,32768,0.000,1.000,448.5689,631.5940
ROI_035/patch_137,own,0–16,1,6437,0.000,1.000,255.9835,489.1204
ROI_035/patch_137,own,16–32,1,18727,0.000,1.000,245.4969,437.7529
ROI_035/patch_137,own,32–64,1,72958,0.000,1.000,181.6650,309.7866
ROI_035/patch_137,own,64–128,1,241901,0.000,1.000,154.8863,288.2419
ROI_035/patch_137,own,≥128,1,1757129,0.000,1.000,149.8519,271.9992
ROI_035/patch_138,nearest,0–16,1,6227,0.000,1.000,26.2142,73.8640
ROI_035/patch_138,nearest,16–32,1,17765,0.000,1.000,45.0806,126.3894
ROI_035/patch_138,nearest,32–64,1,60286,0.000,1.000,83.6458,161.5545
ROI_035/patch_138,nearest,64–128,1,137255,0.000,1.000,395.5361,483.8272
ROI_035/patch_138,nearest,≥128,1,40611,0.200,1.000,1040.3569,1411.2822
ROI_035/patch_138,own,0–16,1,6227,0.000,1.000,27.9531,79.8886
ROI_035/patch_138,own,16–32,1,17765,0.000,1.000,48.2126,124.2180
ROI_035/patch_138,own,32–64,1,69141,0.000,1.000,55.6078,139.7521
ROI_035/patch_138,own,64–128,1,259492,0.000,1.000,210.2509,314.9631
ROI_035/patch_138,own,≥128,1,1744527,0.000,1.000,348.4189,428.6424
ROI_035/patch_139,nearest,0–16,1,6396,1.000,1.000,,
ROI_035/patch_139,nearest,16–32,1,18568,1.000,1.000,,
ROI_035/patch_139,nearest,32–64,1,63656,1.000,1.000,,
ROI_035/patch_139,nearest,64–128,1,100587,1.000,1.000,,
ROI_035/patch_139,nearest,≥128,1,72937,1.000,1.000,,
ROI_035/patch_139,own,0–16,1,6396,1.000,1.000,,
ROI_035/patch_139,own,16–32,1,18568,1.000,1.000,,
ROI_035/patch_139,own,32–64,1,71598,1.000,1.000,,
ROI_035/patch_139,own,64–128,1,238490,1.000,1.000,,
ROI_035/patch_139,own,≥128,1,1762100,0.850,1.000,437.8987,804.2937
ROI_035/patch_142,,,excluded,,,,,
ROI_035/patch_150,nearest,0–16,1,6223,1.000,1.000,,
ROI_035/patch_150,nearest,16–32,1,18277,1.000,1.000,,
ROI_035/patch_150,nearest,32–64,1,65073,1.000,1.000,,
ROI_035/patch_150,nearest,64–128,1,103751,1.000,1.000,,
ROI_035/patch_150,nearest,≥128,1,68820,1.000,1.000,,
ROI_035/patch_150,own,0–16,1,6223,1.000,1.000,,
ROI_035/patch_150,own,16–32,1,18277,1.000,1.000,,
ROI_035/patch_150,own,32–64,1,72398,1.000,1.000,,
ROI_035/patch_150,own,64–128,1,264610,1.000,1.000,,
ROI_035/patch_150,own,≥128,1,1735644,1.000,1.000,,
ROI_035/patch_152,,,excluded,,,,,
ROI_035/patch_154,,,excluded,,,,,
ROI_035/patch_155,nearest,0–16,1,6326,0.000,1.000,64.0884,152.9797
ROI_035/patch_155,nearest,16–32,1,18073,0.000,1.000,55.9307,144.2546
ROI_035/patch_155,nearest,32–64,1,56407,0.000,1.000,31.3116,91.9947
ROI_035/patch_155,nearest,64–128,1,132832,0.000,1.000,29.9775,36.2344
ROI_035/patch_155,nearest,≥128,1,48506,0.000,1.000,48.8910,63.9486
ROI_035/patch_155,own,0–16,1,6326,0.000,1.000,65.2767,154.2916
ROI_035/patch_155,own,16–32,1,18073,0.000,1.000,57.8132,149.1836
ROI_035/patch_155,own,32–64,1,63212,0.000,1.000,36.4707,103.0850
ROI_035/patch_155,own,64–128,1,208800,0.000,1.000,29.0252,63.6911
ROI_035/patch_155,own,≥128,1,1800741,0.000,1.000,33.4608,43.2516
ROI_035/patch_156,nearest,0–16,1,6321,0.000,1.000,260.3911,292.2293
ROI_035/patch_156,nearest,16–32,1,16392,0.000,1.000,276.0048,301.8187
ROI_035/patch_156,nearest,32–64,1,55888,0.000,1.000,277.9868,293.8742
ROI_035/patch_156,nearest,64–128,1,119864,0.000,1.000,179.2330,192.8321
ROI_035/patch_156,nearest,≥128,1,63679,0.000,1.000,166.3734,170.8678
ROI_035/patch_156,own,0–16,1,6321,0.000,1.000,254.9269,286.5953
ROI_035/patch_156,own,16–32,1,16392,0.000,1.000,272.3024,296.7142
ROI_035/patch_156,own,32–64,1,61516,0.000,1.000,296.5136,311.3304
ROI_035/patch_156,own,64–128,1,233964,0.000,1.000,232.2435,245.4295
ROI_035/patch_156,own,≥128,1,1778959,0.000,1.000,196.9608,206.0634
ROI_035/patch_157,nearest,0–16,1,6426,0.000,1.000,11.7281,329.0409
ROI_035/patch_157,nearest,16–32,1,19236,0.000,1.000,15.3178,314.0302
ROI_035/patch_157,nearest,32–64,1,66375,0.000,1.000,34.0549,305.8118
ROI_035/patch_157,nearest,64–128,1,115547,0.000,1.000,121.4035,262.7784
ROI_035/patch_157,nearest,≥128,1,54560,0.100,1.000,300.1578,904.5845
ROI_035/patch_157,own,0–16,1,6426,0.000,1.000,11.7246,323.0815
ROI_035/patch_157,own,16–32,1,19236,0.000,1.000,14.1944,320.6696
ROI_035/patch_157,own,32–64,1,72177,0.000,1.000,46.7767,310.4440
ROI_035/patch_157,own,64–128,1,255908,0.000,1.000,55.0629,210.5985
ROI_035/patch_157,own,≥128,1,1743405,0.000,1.000,87.7230,263.5741
ROI_035/patch_158,nearest,0–16,1,6216,0.000,1.000,3.9365,5.8019
ROI_035/patch_158,nearest,16–32,1,17562,0.000,1.000,3.9247,5.7520
ROI_035/patch_158,nearest,32–64,1,57223,0.000,1.000,4.8345,6.6280
ROI_035/patch_158,nearest,64–128,1,84327,0.000,1.000,39.8393,43.4589
ROI_035/patch_158,nearest,≥128,1,96816,0.000,1.000,612.9768,649.2358
ROI_035/patch_158,own,0–16,1,6216,0.000,1.000,3.9321,5.7789
ROI_035/patch_158,own,16–32,1,17562,0.000,1.000,3.9448,5.8120
ROI_035/patch_158,own,32–64,1,65596,0.000,1.000,4.7510,6.6086
ROI_035/patch_158,own,64–128,1,235013,0.000,1.000,30.7597,33.9430
ROI_035/patch_158,own,≥128,1,1772765,0.000,1.000,579.6635,595.9014
ROI_035/patch_160,nearest,0–16,1,6098,0.000,1.000,62.6233,492.0273
ROI_035/patch_160,nearest,16–32,1,17517,0.000,1.000,72.6234,525.1679
ROI_035/patch_160,nearest,32–64,1,58851,0.000,1.000,73.6290,505.9828
ROI_035/patch_160,nearest,64–128,1,113602,0.000,1.000,91.5315,675.9882
ROI_035/patch_160,nearest,≥128,1,66076,0.150,1.000,290.0386,1072.7979
ROI_035/patch_160,own,0–16,1,6098,0.000,1.000,58.9200,471.8086
ROI_035/patch_160,own,16–32,1,17518,0.000,1.000,75.7220,528.1112
ROI_035/patch_160,own,32–64,1,65354,0.150,1.000,72.4686,486.8674
ROI_035/patch_160,own,64–128,1,220269,0.050,1.000,82.0556,563.1220
ROI_035/patch_160,own,≥128,1,1787913,0.150,1.000,82.2111,691.0471
ROI_035/patch_161,nearest,0–16,1,6116,0.000,1.000,20.8187,60.2351
ROI_035/patch_161,nearest,16–32,1,17353,0.000,1.000,18.3936,54.9918
ROI_035/patch_161,nearest,32–64,1,63956,0.000,1.000,11.0114,34.5462
ROI_035/patch_161,nearest,64–128,1,139366,0.000,1.000,70.8622,83.6377
ROI_035/patch_161,nearest,≥128,1,35353,0.000,1.000,334.4395,374.4236
ROI_035/patch_161,own,0–16,1,6116,0.000,1.000,21.5392,62.3486
ROI_035/patch_161,own,16–32,1,17353,0.000,1.000,18.4426,56.4292
ROI_035/patch_161,own,32–64,1,64172,0.000,1.000,12.1661,37.7001
ROI_035/patch_161,own,64–128,1,242723,0.000,1.000,64.1823,80.5589
ROI_035/patch_161,own,≥128,1,1766788,0.000,1.000,113.8049,136.1612
ROI_035/patch_162,nearest,0–16,1,6242,1.000,1.000,,
ROI_035/patch_162,nearest,16–32,1,18001,1.000,1.000,,
ROI_035/patch_162,nearest,32–64,1,63628,1.000,1.000,,
ROI_035/patch_162,nearest,64–128,1,109648,1.000,1.000,,
ROI_035/patch_162,nearest,≥128,1,64625,1.000,1.000,,
ROI_035/patch_162,own,0–16,1,6242,1.000,1.000,,
ROI_035/patch_162,own,16–32,1,18001,1.000,1.000,,
ROI_035/patch_162,own,32–64,1,65848,1.000,1.000,,
ROI_035/patch_162,own,64–128,1,234343,1.000,1.000,,
ROI_035/patch_162,own,≥128,1,1772718,1.000,1.000,,
ROI_035/patch_164,nearest,0–16,1,5938,0.000,1.000,41.8356,384.1057
ROI_035/patch_164,nearest,16–32,1,17222,0.000,1.000,44.9249,465.3055
ROI_035/patch_164,nearest,32–64,1,66629,0.000,1.000,42.2078,401.0486
ROI_035/patch_164,nearest,64–128,1,142494,0.000,1.000,69.9184,514.5358
ROI_035/patch_164,nearest,≥128,1,29861,0.000,1.000,167.4316,520.6573
ROI_035/patch_164,own,0–16,1,5938,0.000,1.000,43.5973,410.5961
ROI_035/patch_164,own,16–32,1,17222,0.000,1.000,43.2824,429.7969
ROI_035/patch_164,own,32–64,1,68205,0.000,1.000,44.8754,448.2761
ROI_035/patch_164,own,64–128,1,258796,0.000,1.000,61.7925,409.2372
ROI_035/patch_164,own,≥128,1,1746991,0.000,1.000,94.1099,394.6498
ROI_035/patch_165,nearest,0–16,1,6183,1.000,1.000,,
ROI_035/patch_165,nearest,16–32,1,16042,1.000,1.000,,
ROI_035/patch_165,nearest,32–64,1,50840,1.000,1.000,,
ROI_035/patch_165,nearest,64–128,1,101296,0.400,1.000,166.4036,1413.8652
ROI_035/patch_165,nearest,≥128,1,87783,0.800,1.000,451.9877,558.0332
ROI_035/patch_165,own,0–16,1,6183,1.000,1.000,,
ROI_035/patch_165,own,16–32,1,16876,1.000,1.000,,
ROI_035/patch_165,own,32–64,1,60860,1.000,1.000,,
ROI_035/patch_165,own,64–128,1,207669,0.950,1.000,294.2062,1806.3909
ROI_035/patch_165,own,≥128,1,1805564,0.050,1.000,321.2430,1194.4159
ROI_035/patch_166,nearest,0–16,1,6166,1.000,1.000,,
ROI_035/patch_166,nearest,16–32,1,18140,1.000,1.000,,
ROI_035/patch_166,nearest,32–64,1,61793,1.000,1.000,,
ROI_035/patch_166,nearest,64–128,1,106056,1.000,1.000,,
ROI_035/patch_166,nearest,≥128,1,69989,1.000,1.000,,
ROI_035/patch_166,own,0–16,1,6166,1.000,1.000,,
ROI_035/patch_166,own,16–32,1,18140,1.000,1.000,,
ROI_035/patch_166,own,32–64,1,67924,1.000,1.000,,
ROI_035/patch_166,own,64–128,1,223091,1.000,1.000,,
ROI_035/patch_166,own,≥128,1,1781831,0.950,1.000,1748.0274,1759.2472
ROI_035/patch_170,nearest,0–16,1,6406,0.000,1.000,1183.2204,1206.1604
ROI_035/patch_170,nearest,16–32,1,18079,0.000,1.000,904.6610,928.5856
ROI_035/patch_170,nearest,32–64,1,53797,0.000,1.000,526.2123,550.6963
ROI_035/patch_170,nearest,64–128,1,116809,0.000,1.000,112.6684,131.2275
ROI_035/patch_170,nearest,≥128,1,67053,0.000,1.000,81.4908,112.2169
ROI_035/patch_170,own,0–16,1,6406,0.000,1.000,1190.6275,1213.7077
ROI_035/patch_170,own,16–32,1,18254,0.000,1.000,954.4882,975.2641
ROI_035/patch_170,own,32–64,1,64740,0.000,1.000,569.9603,592.3289
ROI_035/patch_170,own,64–128,1,214374,0.000,1.000,291.4783,315.7049
ROI_035/patch_170,own,≥128,1,1793378,0.000,1.000,168.2940,197.1138
ROI_035/patch_171,nearest,0–16,1,6428,0.000,1.000,19.3494,20.7573
ROI_035/patch_171,nearest,16–32,1,18617,0.000,1.000,22.1416,23.6985
ROI_035/patch_171,nearest,32–64,1,68491,0.000,1.000,34.1259,38.1577
ROI_035/patch_171,nearest,64–128,1,124428,0.000,1.000,57.4923,77.4035
ROI_035/patch_171,nearest,≥128,1,44180,0.000,1.000,240.7741,446.7356
ROI_035/patch_171,own,0–16,1,6428,0.000,1.000,19.6582,21.1014
ROI_035/patch_171,own,16–32,1,18617,0.000,1.000,27.4723,29.2777
ROI_035/patch_171,own,32–64,1,72083,0.000,1.000,28.3005,30.8240
ROI_035/patch_171,own,64–128,1,232464,0.000,1.000,46.1126,56.9508
ROI_035/patch_171,own,≥128,1,1767560,0.000,1.000,73.7700,112.4879
ROI_035/patch_172,nearest,0–16,1,6235,0.000,1.000,28.9970,183.3623
ROI_035/patch_172,nearest,16–32,1,16775,0.000,1.000,30.7472,180.7228
ROI_035/patch_172,nearest,32–64,1,52974,0.000,1.000,27.0489,122.3868
ROI_035/patch_172,nearest,64–128,1,107784,0.000,1.000,55.2341,162.4008
ROI_035/patch_172,nearest,≥128,1,78376,0.000,1.000,256.9506,453.0437
ROI_035/patch_172,own,0–16,1,6235,0.000,1.000,28.7329,177.0845
ROI_035/patch_172,own,16–32,1,16999,0.000,1.000,31.2209,182.1125
ROI_035/patch_172,own,32–64,1,62175,0.000,1.000,36.8183,124.8706
ROI_035/patch_172,own,64–128,1,219408,0.000,1.000,58.7106,154.7664
ROI_035/patch_172,own,≥128,1,1792335,0.000,1.000,88.0370,234.6302
ROI_035/patch_173,nearest,0–16,1,6428,0.000,1.000,7.4154,16.5395
ROI_035/patch_173,nearest,16–32,1,18609,0.000,1.000,8.9314,21.1656
ROI_035/patch_173,nearest,32–64,1,66018,0.000,1.000,19.4068,34.3106
ROI_035/patch_173,nearest,64–128,1,115446,0.000,1.000,59.9583,97.7937
ROI_035/patch_173,nearest,≥128,1,55643,0.000,1.000,113.3808,163.3955
ROI_035/patch_173,own,0–16,1,6428,0.000,1.000,7.2918,16.7161
ROI_035/patch_173,own,16–32,1,18609,0.000,1.000,8.7603,20.3753
ROI_035/patch_173,own,32–64,1,71601,0.000,1.000,17.0272,29.7636
ROI_035/patch_173,own,64–128,1,263538,0.000,1.000,33.8299,57.9416
ROI_035/patch_173,own,≥128,1,1736976,0.000,1.000,74.3814,128.8939
ROI_035/patch_175,nearest,0–16,1,6428,0.000,1.000,38.4635,41.5385
ROI_035/patch_175,nearest,16–32,1,18930,0.000,1.000,39.0244,42.0793
ROI_035/patch_175,nearest,32–64,1,66976,0.000,1.000,41.2498,44.2955
ROI_035/patch_175,nearest,64–128,1,120837,0.000,1.000,48.8692,52.3199
ROI_035/patch_175,nearest,≥128,1,48973,0.000,1.000,62.4333,67.5119
ROI_035/patch_175,own,0–16,1,6428,0.000,1.000,38.5580,41.6114
ROI_035/patch_175,own,16–32,1,19303,0.000,1.000,39.2607,42.3198
ROI_035/patch_175,own,32–64,1,73949,0.000,1.000,41.0077,44.1056
ROI_035/patch_175,own,64–128,1,256570,0.000,1.000,48.0526,51.4161
ROI_035/patch_175,own,≥128,1,1740902,0.000,1.000,55.2030,59.1952
ROI_035/patch_176,nearest,0–16,1,6332,0.000,1.000,76.1926,254.9404
ROI_035/patch_176,nearest,16–32,1,18326,0.000,1.000,85.1660,292.0401
ROI_035/patch_176,nearest,32–64,1,62551,0.000,1.000,71.0038,313.6337
ROI_035/patch_176,nearest,64–128,1,117358,0.000,1.000,57.3019,509.7141
ROI_035/patch_176,nearest,≥128,1,57577,0.000,1.000,348.1588,553.9164
ROI_035/patch_176,own,0–16,1,6332,0.000,1.000,80.7694,269.5090
ROI_035/patch_176,own,16–32,1,18326,0.000,1.000,72.3360,249.3730
ROI_035/patch_176,own,32–64,1,69345,0.000,1.000,73.3880,336.2189
ROI_035/patch_176,own,64–128,1,240451,0.000,1.000,51.3696,529.8505
ROI_035/patch_176,own,≥128,1,1762698,0.050,1.000,172.9414,437.7165
ROI_035/patch_177,nearest,0–16,1,6278,0.000,1.000,77.1726,219.0219
ROI_035/patch_177,nearest,16–32,1,17596,0.000,1.000,72.6715,223.8654
ROI_035/patch_177,nearest,32–64,1,54929,0.000,1.000,144.0879,421.7056
ROI_035/patch_177,nearest,64–128,1,125849,0.000,1.000,241.5757,528.0160
ROI_035/patch_177,nearest,≥128,1,57492,0.000,1.000,130.0010,366.7771
ROI_035/patch_177,own,0–16,1,6278,0.000,1.000,78.5364,231.0059
ROI_035/patch_177,own,16–32,1,17596,0.000,1.000,68.5726,212.3461
ROI_035/patch_177,own,32–64,1,62175,0.000,1.000,125.4681,427.3019
ROI_035/patch_177,own,64–128,1,228350,0.000,1.000,277.9127,612.1081
ROI_035/patch_177,own,≥128,1,1782753,0.000,1.000,192.6029,467.5658
ROI_035/patch_178,nearest,0–16,1,6432,0.000,1.000,19.4445,22.0604
ROI_035/patch_178,nearest,16–32,1,19297,0.000,1.000,19.8142,22.7567
ROI_035/patch_178,nearest,32–64,1,65956,0.000,1.000,23.6128,32.3274
ROI_035/patch_178,nearest,64–128,1,132925,0.000,1.000,34.0498,59.6641
ROI_035/patch_178,nearest,≥128,1,37534,0.000,1.000,53.1903,97.9589
ROI_035/patch_178,own,0–16,1,6432,0.000,1.000,19.5654,22.1952
ROI_035/patch_178,own,16–32,1,19297,0.000,1.000,19.7246,22.6399
ROI_035/patch_178,own,32–64,1,77199,0.000,1.000,21.7730,31.2053
ROI_035/patch_178,own,64–128,1,269016,0.000,1.000,29.7604,52.0900
ROI_035/patch_178,own,≥128,1,1725208,0.000,1.000,46.6010,83.4125
ROI_035/patch_179,nearest,0–16,1,6047,0.000,1.000,16.8382,19.7091
ROI_035/patch_179,nearest,16–32,1,17336,0.000,1.000,23.0328,30.7953
ROI_035/patch_179,nearest,32–64,1,59174,0.000,1.000,34.3908,57.5406
ROI_035/patch_179,nearest,64–128,1,86892,0.000,1.000,62.9618,122.2637
ROI_035/patch_179,nearest,≥128,1,92695,0.000,1.000,159.2270,168.0825
ROI_035/patch_179,own,0–16,1,6047,0.000,1.000,16.6119,19.4466
ROI_035/patch_179,own,16–32,1,17336,0.000,1.000,21.8869,28.6965
ROI_035/patch_179,own,32–64,1,67228,0.000,1.000,29.2132,44.8164
ROI_035/patch_179,own,64–128,1,246845,0.000,1.000,45.4594,71.3499
ROI_035/patch_179,own,≥128,1,1759696,0.000,1.000,126.5772,135.1405
ROI_035/patch_180,nearest,0–16,1,6447,0.000,1.000,7.2107,58.1363
ROI_035/patch_180,nearest,16–32,1,19016,0.000,1.000,8.9665,56.3078
ROI_035/patch_180,nearest,32–64,1,65314,0.000,1.000,25.7014,82.5841
ROI_035/patch_180,nearest,64–128,1,127394,0.000,1.000,110.7720,162.7177
ROI_035/patch_180,nearest,≥128,1,43973,0.000,1.000,525.4722,719.8480
ROI_035/patch_180,own,0–16,1,6447,0.000,1.000,7.2830,60.0646
ROI_035/patch_180,own,16–32,1,19016,0.000,1.000,7.4699,54.1642
ROI_035/patch_180,own,32–64,1,70257,0.000,1.000,21.0107,82.4090
ROI_035/patch_180,own,64–128,1,240994,0.000,1.000,52.0715,82.3703
ROI_035/patch_180,own,≥128,1,1760438,0.000,1.000,75.3868,135.5374
ROI_035/patch_181,nearest,0–16,1,6417,0.000,1.000,199.4142,205.1396
ROI_035/patch_181,nearest,16–32,1,17808,0.000,1.000,160.6256,166.0448
ROI_035/patch_181,nearest,32–64,1,51934,0.000,1.000,80.9297,102.6842
ROI_035/patch_181,nearest,64–128,1,122089,0.000,1.000,111.2887,144.9994
ROI_035/patch_181,nearest,≥128,1,63896,0.000,1.000,302.4512,597.4739
ROI_035/patch_181,own,0–16,1,6417,0.000,1.000,200.1421,205.9568
ROI_035/patch_181,own,16–32,1,17808,0.000,1.000,150.0059,156.5376
ROI_035/patch_181,own,32–64,1,56114,0.000,1.000,109.5819,129.8956
ROI_035/patch_181,own,64–128,1,180229,0.000,1.000,105.2093,140.0819
ROI_035/patch_181,own,≥128,1,1836584,0.000,1.000,113.1247,176.1961
ROI_035/patch_183,nearest,0–16,1,6437,0.000,1.000,24.3527,114.1656
ROI_035/patch_183,nearest,16–32,1,19298,0.000,1.000,25.8341,83.9450
ROI_035/patch_183,nearest,32–64,1,66943,0.000,1.000,89.6105,162.9608
ROI_035/patch_183,nearest,64–128,1,127258,0.000,1.000,168.3386,237.1172
ROI_035/patch_183,nearest,≥128,1,42208,0.000,1.000,119.3197,126.7452
ROI_035/patch_183,own,0–16,1,6437,0.000,1.000,29.6240,129.9464
ROI_035/patch_183,own,16–32,1,19298,0.000,1.000,32.5614,108.8947
ROI_035/patch_183,own,32–64,1,73145,0.000,1.000,78.0656,130.8205
ROI_035/patch_183,own,64–128,1,257164,0.000,1.000,162.1859,225.4202
ROI_035/patch_183,own,≥128,1,1741108,0.000,1.000,178.6378,237.3265
ROI_035/patch_184,nearest,0–16,1,6436,0.000,1.000,6.6438,8.7258
ROI_035/patch_184,nearest,16–32,1,18534,0.000,1.000,20.5538,23.0049
ROI_035/patch_184,nearest,32–64,1,57768,0.000,1.000,17.2408,20.2688
ROI_035/patch_184,nearest,64–128,1,126046,0.000,1.000,31.8075,38.5201
ROI_035/patch_184,nearest,≥128,1,53360,0.000,1.000,57.3037,77.6285
ROI_035/patch_184,own,0–16,1,6436,0.000,1.000,8.6705,10.7694
ROI_035/patch_184,own,16–32,1,18825,0.000,1.000,18.2518,20.5354
ROI_035/patch_184,own,32–64,1,69697,0.000,1.000,20.3438,23.3933
ROI_035/patch_184,own,64–128,1,235304,0.000,1.000,22.3120,27.8282
ROI_035/patch_184,own,≥128,1,1766890,0.000,1.000,37.5828,45.9292
ROI_035/patch_187,nearest,0–16,1,6427,0.000,1.000,94.7991,333.9568
ROI_035/patch_187,nearest,16–32,1,18672,0.000,1.000,61.4588,275.5728
ROI_035/patch_187,nearest,32–64,1,61946,0.000,1.000,54.4127,181.8627
ROI_035/patch_187,nearest,64–128,1,105727,0.000,1.000,87.0245,307.0441
ROI_035/patch_187,nearest,≥128,1,69372,0.000,1.000,80.9813,241.2781
ROI_035/patch_187,own,0–16,1,6427,0.000,1.000,95.8592,342.2863
ROI_035/patch_187,own,16–32,1,18672,0.000,1.000,63.8993,257.1263
ROI_035/patch_187,own,32–64,1,72461,0.000,1.000,49.4750,193.2023
ROI_035/patch_187,own,64–128,1,257862,0.000,1.000,72.6945,251.2111
ROI_035/patch_187,own,≥128,1,1741730,0.000,1.000,107.7518,314.1970
ROI_035/patch_188,nearest,0–16,1,6388,0.000,1.000,13.7734,133.1414
ROI_035/patch_188,nearest,16–32,1,17584,0.000,1.000,14.0008,199.2160
ROI_035/patch_188,nearest,32–64,1,58606,0.000,1.000,37.9233,329.3842
ROI_035/patch_188,nearest,64–128,1,102042,0.000,1.000,158.8845,584.5464
ROI_035/patch_188,nearest,≥128,1,77524,0.150,1.000,155.8725,493.6391
ROI_035/patch_188,own,0–16,1,6388,0.000,1.000,12.6359,130.6286
ROI_035/patch_188,own,16–32,1,18031,0.000,1.000,13.1725,206.9613
ROI_035/patch_188,own,32–64,1,66785,0.000,1.000,41.5973,336.2672
ROI_035/patch_188,own,64–128,1,240507,0.000,1.000,142.6896,483.0510
ROI_035/patch_188,own,≥128,1,1765441,0.000,1.000,96.0965,377.9015
ROI_035/patch_189,nearest,0–16,1,6437,0.000,1.000,36.4983,165.6621
ROI_035/patch_189,nearest,16–32,1,18669,0.000,1.000,33.5913,113.8777
ROI_035/patch_189,nearest,32–64,1,61737,0.000,1.000,44.3938,99.1506
ROI_035/patch_189,nearest,64–128,1,128265,0.000,1.000,47.2923,58.0683
ROI_035/patch_189,nearest,≥128,1,47036,0.000,1.000,96.9210,99.7867
ROI_035/patch_189,own,0–16,1,6437,0.000,1.000,38.0134,172.2261
ROI_035/patch_189,own,16–32,1,18841,0.000,1.000,35.8708,118.4891
ROI_035/patch_189,own,32–64,1,70471,0.000,1.000,50.1130,110.6504
ROI_035/patch_189,own,64–128,1,241238,0.000,1.000,45.1194,62.6585
ROI_035/patch_189,own,≥128,1,1760165,0.000,1.000,65.4582,84.0204
ROI_035/patch_190,nearest,0–16,1,6239,0.000,1.000,6.1664,7.9696
ROI_035/patch_190,nearest,16–32,1,16934,0.000,1.000,7.1402,14.1047
ROI_035/patch_190,nearest,32–64,1,55732,0.000,1.000,10.8676,27.9714
ROI_035/patch_190,nearest,64–128,1,112944,0.000,1.000,38.3319,61.0863
ROI_035/patch_190,nearest,≥128,1,70295,0.000,1.000,169.8928,244.9128
ROI_035/patch_190,own,0–16,1,6239,0.000,1.000,6.1802,8.1524
ROI_035/patch_190,own,16–32,1,16936,0.000,1.000,6.9388,13.2376
ROI_035/patch_190,own,32–64,1,65093,0.000,1.000,10.2208,32.8590
ROI_035/patch_190,own,64–128,1,213146,0.000,1.000,37.7092,79.5174
ROI_035/patch_190,own,≥128,1,1795738,0.000,1.000,141.1241,244.5500
ROI_035/patch_191,nearest,0–16,1,6340,0.000,1.000,17.0650,56.3497
ROI_035/patch_191,nearest,16–32,1,18435,0.000,1.000,18.7828,67.6304
ROI_035/patch_191,nearest,32–64,1,65934,0.000,1.000,32.0025,81.1552
ROI_035/patch_191,nearest,64–128,1,118819,0.000,1.000,82.3995,102.1721
ROI_035/patch_191,nearest,≥128,1,52616,0.000,1.000,85.9162,92.5896
ROI_035/patch_191,own,0–16,1,6340,0.000,1.000,16.9371,57.2539
ROI_035/patch_191,own,16–32,1,18435,0.000,1.000,26.1924,59.8310
ROI_035/patch_191,own,32–64,1,70329,0.000,1.000,29.0633,73.1543
ROI_035/patch_191,own,64–128,1,230496,0.000,1.000,86.6182,107.9065
ROI_035/patch_191,own,≥128,1,1771552,0.000,1.000,81.8240,110.4631
ROI_035/patch_192,nearest,0–16,1,6354,0.000,1.000,114.5145,618.8835
ROI_035/patch_192,nearest,16–32,1,18473,0.000,1.000,87.3260,609.1401
ROI_035/patch_192,nearest,32–64,1,69694,0.000,1.000,82.1046,460.4113
ROI_035/patch_192,nearest,64–128,1,116866,0.000,1.000,70.5888,240.8607
ROI_035/patch_192,nearest,≥128,1,50757,0.000,1.000,92.1713,175.5270
ROI_035/patch_192,own,0–16,1,6354,0.000,1.000,113.2678,619.7508
ROI_035/patch_192,own,16–32,1,18473,0.000,1.000,102.4432,589.5391
ROI_035/patch_192,own,32–64,1,71558,0.000,1.000,85.8776,530.5088
ROI_035/patch_192,own,64–128,1,255586,0.000,1.000,53.6245,212.2814
ROI_035/patch_192,own,≥128,1,1745181,0.000,1.000,64.4167,316.7707
ROI_035/patch_194,nearest,0–16,1,6436,0.000,1.000,7.0886,7.6835
ROI_035/patch_194,nearest,16–32,1,19275,0.000,1.000,6.8108,7.4058
ROI_035/patch_194,nearest,32–64,1,72670,0.000,1.000,11.7219,13.0249
ROI_035/patch_194,nearest,64–128,1,132590,0.000,1.000,14.7295,16.2396
ROI_035/patch_194,nearest,≥128,1,31173,0.000,1.000,153.2090,157.0893
ROI_035/patch_194,own,0–16,1,6436,0.000,1.000,7.1536,7.7489
ROI_035/patch_194,own,16–32,1,19275,0.000,1.000,6.9199,7.5289
ROI_035/patch_194,own,32–64,1,72670,0.000,1.000,9.9544,10.9114
ROI_035/patch_194,own,64–128,1,229079,0.000,1.000,12.5212,13.5888
ROI_035/patch_194,own,≥128,1,1769692,0.000,1.000,14.1319,15.1808
ROI_035/patch_195,nearest,0–16,1,6317,0.000,1.000,16.6936,33.3387
ROI_035/patch_195,nearest,16–32,1,16952,0.000,1.000,16.6549,28.3416
ROI_035/patch_195,nearest,32–64,1,56059,0.000,1.000,25.2643,43.8083
ROI_035/patch_195,nearest,64–128,1,134991,0.000,1.000,38.7367,49.7357
ROI_035/patch_195,nearest,≥128,1,47825,0.000,1.000,185.8624,325.6878
ROI_035/patch_195,own,0–16,1,6317,0.000,1.000,16.7853,35.3260
ROI_035/patch_195,own,16–32,1,18421,0.000,1.000,16.8571,26.4599
ROI_035/patch_195,own,32–64,1,72432,0.000,1.000,21.9805,33.3996
ROI_035/patch_195,own,64–128,1,252265,0.000,1.000,29.1556,44.3089
ROI_035/patch_195,own,≥128,1,1747717,0.000,1.000,78.4156,114.5563
ROI_035/patch_196,nearest,0–16,1,6432,0.000,1.000,4.9260,5.7916
ROI_035/patch_196,nearest,16–32,1,18789,0.000,1.000,4.9776,5.9136
ROI_035/patch_196,nearest,32–64,1,67434,0.000,1.000,6.0861,7.0629
ROI_035/patch_196,nearest,64–128,1,106557,0.000,1.000,10.6508,11.7758
ROI_035/patch_196,nearest,≥128,1,62932,0.000,1.000,43.4156,45.9833
ROI_035/patch_196,own,0–16,1,6432,0.000,1.000,4.8822,5.7332
ROI_035/patch_196,own,16–32,1,18789,0.000,1.000,5.0091,5.9267
ROI_035/patch_196,own,32–64,1,70160,0.000,1.000,5.9040,6.8769
ROI_035/patch_196,own,64–128,1,250890,0.000,1.000,9.7406,10.9104
ROI_035/patch_196,own,≥128,1,1750881,0.000,1.000,26.3429,30.4760
ROI_035/patch_197,nearest,0–16,1,6437,0.000,1.000,12.5635,16.8204
ROI_035/patch_197,nearest,16–32,1,19304,0.000,1.000,22.9044,26.7845
ROI_035/patch_197,nearest,32–64,1,59529,0.000,1.000,71.9636,77.6611
ROI_035/patch_197,nearest,64–128,1,118550,0.000,1.000,255.2158,292.8437
ROI_035/patch_197,nearest,≥128,1,58324,0.650,1.000,503.6569,574.0539
ROI_035/patch_197,own,0–16,1,6437,0.000,1.000,12.6777,16.9205
ROI_035/patch_197,own,16–32,1,19312,0.000,1.000,22.8351,26.6394
ROI_035/patch_197,own,32–64,1,76163,0.000,1.000,90.6050,96.5319
ROI_035/patch_197,own,64–128,1,284583,0.000,1.000,90.2995,106.3231
ROI_035/patch_197,own,≥128,1,1710657,0.000,1.000,228.0983,264.4730
ROI_035/patch_198,nearest,0–16,1,6442,0.000,1.000,7.8167,9.9753
ROI_035/patch_198,nearest,16–32,1,18400,0.000,1.000,7.6322,10.2434
ROI_035/patch_198,nearest,32–64,1,59592,0.000,1.000,54.7271,64.9559
ROI_035/patch_198,nearest,64–128,1,122055,0.000,1.000,252.7744,301.2430
ROI_035/patch_198,nearest,≥128,1,55655,0.050,1.000,633.4363,788.7691
ROI_035/patch_198,own,0–16,1,6442,0.000,1.000,7.8879,10.0189
ROI_035/patch_198,own,16–32,1,19279,0.000,1.000,7.5952,10.1337
ROI_035/patch_198,own,32–64,1,72504,0.000,1.000,33.1062,40.3774
ROI_035/patch_198,own,64–128,1,233380,0.000,1.000,89.9426,111.4052
ROI_035/patch_198,own,≥128,1,1765547,0.000,1.000,128.0561,172.6336
ROI_035/patch_199,nearest,0–16,1,6439,0.000,1.000,9.2986,9.6469
ROI_035/patch_199,nearest,16–32,1,19086,0.000,1.000,9.1860,9.6019
ROI_035/patch_199,nearest,32–64,1,66304,0.000,1.000,20.7272,21.9821
ROI_035/patch_199,nearest,64–128,1,125067,0.000,1.000,58.0539,59.8667
ROI_035/patch_199,nearest,≥128,1,45248,0.050,1.000,329.8064,339.1733
ROI_035/patch_199,own,0–16,1,6439,0.000,1.000,9.1895,9.5266
ROI_035/patch_199,own,16–32,1,19086,0.000,1.000,9.1066,9.5410
ROI_035/patch_199,own,32–64,1,68196,0.000,1.000,19.4099,20.5951
ROI_035/patch_199,own,64–128,1,230389,0.000,1.000,34.1441,35.2657
ROI_035/patch_199,own,≥128,1,1773042,0.000,1.000,42.4043,43.7652
ROI_035/patch_200,nearest,0–16,1,6010,0.000,1.000,205.7830,231.6927
ROI_035/patch_200,nearest,16–32,1,16357,0.000,1.000,120.2957,145.0931
ROI_035/patch_200,nearest,32–64,1,54555,0.000,1.000,50.0596,68.0977
ROI_035/patch_200,nearest,64–128,1,110541,0.000,1.000,62.0668,77.9300
ROI_035/patch_200,nearest,≥128,1,74681,0.000,1.000,71.7874,136.6530
ROI_035/patch_200,own,0–16,1,6010,0.000,1.000,209.3162,233.5410
ROI_035/patch_200,own,16–32,1,16566,0.000,1.000,114.2829,139.4664
ROI_035/patch_200,own,32–64,1,61288,0.000,1.000,48.4092,61.0742
ROI_035/patch_200,own,64–128,1,224464,0.000,1.000,41.3682,58.3027
ROI_035/patch_200,own,≥128,1,1788824,0.000,1.000,46.9724,67.4041
ROI_035/patch_201,nearest,0–16,1,6439,0.000,1.000,7.5416,10.3343
ROI_035/patch_201,nearest,16–32,1,18848,0.000,1.000,6.2904,10.3920
ROI_035/patch_201,nearest,32–64,1,62137,0.000,1.000,15.9451,24.5133
ROI_035/patch_201,nearest,64–128,1,135750,0.000,1.000,33.8611,43.1184
ROI_035/patch_201,nearest,≥128,1,38970,0.000,1.000,116.1345,187.3035
ROI_035/patch_201,own,0–16,1,6439,0.000,1.000,7.4647,10.2691
ROI_035/patch_201,own,16–32,1,18848,0.000,1.000,6.4520,9.8373
ROI_035/patch_201,own,32–64,1,68263,0.000,1.000,13.9944,20.8296
ROI_035/patch_201,own,64–128,1,243219,0.000,1.000,32.0540,40.2548
ROI_035/patch_201,own,≥128,1,1760383,0.000,1.000,33.7941,52.9068
ROI_035/patch_202,nearest,0–16,1,6426,0.000,1.000,14.9180,16.6549
ROI_035/patch_202,nearest,16–32,1,18444,0.000,1.000,20.4968,24.5053
ROI_035/patch_202,nearest,32–64,1,63790,0.000,1.000,116.7655,119.6739
ROI_035/patch_202,nearest,64–128,1,119408,0.000,1.000,157.0408,161.3682
ROI_035/patch_202,nearest,≥128,1,54076,0.000,1.000,263.9262,304.9119
ROI_035/patch_202,own,0–16,1,6426,0.000,1.000,14.9483,16.6585
ROI_035/patch_202,own,16–32,1,19294,0.000,1.000,19.9982,28.1740
ROI_035/patch_202,own,32–64,1,77213,0.000,1.000,64.7731,69.7608
ROI_035/patch_202,own,64–128,1,268360,0.000,1.000,151.0689,156.1370
ROI_035/patch_202,own,≥128,1,1725859,0.000,1.000,122.2829,133.8747
ROI_035/patch_203,nearest,0–16,1,6428,0.000,1.000,8.6856,9.5117
ROI_035/patch_203,nearest,16–32,1,19014,0.000,1.000,8.8833,9.7020
ROI_035/patch_203,nearest,32–64,1,64995,0.000,1.000,9.6021,10.4191
ROI_035/patch_203,nearest,64–128,1,118826,0.000,1.000,14.9198,15.8249
ROI_035/patch_203,nearest,≥128,1,52881,0.000,1.000,49.2692,50.1428
ROI_035/patch_203,own,0–16,1,6428,0.000,1.000,8.7184,9.5530
ROI_035/patch_203,own,16–32,1,19014,0.000,1.000,8.7590,9.5687
ROI_035/patch_203,own,32–64,1,73876,0.000,1.000,9.2128,10.0352
ROI_035/patch_203,own,64–128,1,269379,0.000,1.000,17.3157,18.1190
ROI_035/patch_203,own,≥128,1,1728455,0.000,1.000,38.8558,39.6426
ROI_035/patch_205,nearest,0–16,1,6391,0.000,1.000,132.8744,349.1508
ROI_035/patch_205,nearest,16–32,1,18233,0.000,1.000,108.1537,265.2145
ROI_035/patch_205,nearest,32–64,1,61226,0.000,1.000,56.8659,115.8596
ROI_035/patch_205,nearest,64–128,1,124823,0.000,1.000,78.5042,94.7090
ROI_035/patch_205,nearest,≥128,1,51471,0.000,1.000,82.8928,90.8540
ROI_035/patch_205,own,0–16,1,6391,0.000,1.000,128.5903,336.6975
ROI_035/patch_205,own,16–32,1,18513,0.000,1.000,99.3298,241.6414
ROI_035/patch_205,own,32–64,1,70476,0.000,1.000,64.5026,142.7566
ROI_035/patch_205,own,64–128,1,222944,0.000,1.000,47.6556,78.3993
ROI_035/patch_205,own,≥128,1,1778828,0.000,1.000,58.2679,77.4139
ROI_035/patch_207,nearest,0–16,1,6430,0.000,1.000,76.3568,89.4835
ROI_035/patch_207,nearest,16–32,1,18827,0.000,1.000,86.1936,96.5197
ROI_035/patch_207,nearest,32–64,1,68460,0.000,1.000,86.5484,96.4790
ROI_035/patch_207,nearest,64–128,1,103753,0.000,1.000,93.4257,103.9927
ROI_035/patch_207,nearest,≥128,1,64674,0.000,1.000,89.6989,112.9964
ROI_035/patch_207,own,0–16,1,6430,0.000,1.000,77.6873,90.2768
ROI_035/patch_207,own,16–32,1,18827,0.000,1.000,84.4219,94.7093
ROI_035/patch_207,own,32–64,1,73088,0.000,1.000,86.1276,95.9476
ROI_035/patch_207,own,64–128,1,254883,0.000,1.000,87.5721,99.2448
ROI_035/patch_207,own,≥128,1,1743924,0.000,1.000,77.6652,88.0123
ROI_035/patch_208,nearest,0–16,1,6412,0.000,1.000,7.1289,10.4128
ROI_035/patch_208,nearest,16–32,1,18594,0.000,1.000,6.9091,10.8448
ROI_035/patch_208,nearest,32–64,1,60550,0.000,1.000,8.4941,11.9950
ROI_035/patch_208,nearest,64–128,1,113146,0.000,1.000,39.2826,44.1385
ROI_035/patch_208,nearest,≥128,1,63442,0.000,1.000,37.6211,40.5499
ROI_035/patch_208,own,0–16,1,6412,0.000,1.000,7.3258,10.6690
ROI_035/patch_208,own,16–32,1,18594,0.000,1.000,7.3012,11.2309
ROI_035/patch_208,own,32–64,1,72713,0.000,1.000,8.0761,11.7995
ROI_035/patch_208,own,64–128,1,269006,0.000,1.000,18.0677,21.8059
ROI_035/patch_208,own,≥128,1,1730427,0.000,1.000,21.8217,26.1248
ROI_035/patch_209,nearest,0–16,1,6432,0.000,1.000,51.1736,609.6720
ROI_035/patch_209,nearest,16–32,1,18866,0.000,1.000,38.1130,484.2825
ROI_035/patch_209,nearest,32–64,1,66896,0.000,1.000,54.6488,316.2278
ROI_035/patch_209,nearest,64–128,1,130574,0.000,1.000,74.1739,229.9444
ROI_035/patch_209,nearest,≥128,1,39376,0.000,1.000,488.3029,672.0919
ROI_035/patch_209,own,0–16,1,6432,0.000,1.000,47.3843,592.4556
ROI_035/patch_209,own,16–32,1,19038,0.000,1.000,44.0835,504.1075
ROI_035/patch_209,own,32–64,1,72652,0.000,1.000,85.4670,358.6299
ROI_035/patch_209,own,64–128,1,235607,0.000,1.000,81.7958,266.9477
ROI_035/patch_209,own,≥128,1,1763423,0.050,1.000,101.0216,322.6814
ROI_035/patch_210,nearest,0–16,1,6196,0.000,1.000,48.8145,49.9694
ROI_035/patch_210,nearest,16–32,1,17546,0.000,1.000,49.5439,50.9626
ROI_035/patch_210,nearest,32–64,1,58945,0.000,1.000,50.2605,52.9431
ROI_035/patch_210,nearest,64–128,1,121590,0.000,1.000,265.2792,270.5742
ROI_035/patch_210,nearest,≥128,1,57867,0.850,1.000,1909.7912,1919.0104
ROI_035/patch_210,own,0–16,1,6196,0.000,1.000,48.7249,49.8826
ROI_035/patch_210,own,16–32,1,17546,0.000,1.000,49.1495,50.5455
ROI_035/patch_210,own,32–64,1,64500,0.000,1.000,49.7495,52.0167
ROI_035/patch_210,own,64–128,1,222197,0.000,1.000,124.8018,129.1621
ROI_035/patch_210,own,≥128,1,1786713,0.050,1.000,360.0964,364.1761
ROI_035/patch_212,nearest,0–16,1,5808,0.000,1.000,261.7377,654.5392
ROI_035/patch_212,nearest,16–32,1,16657,0.000,1.000,226.3397,489.3147
ROI_035/patch_212,nearest,32–64,1,54523,0.000,1.000,230.0513,378.5302
ROI_035/patch_212,nearest,64–128,1,113345,0.000,1.000,266.7559,429.7686
ROI_035/patch_212,nearest,≥128,1,71811,0.000,1.000,520.4179,716.2200
ROI_035/patch_212,own,0–16,1,5808,0.000,1.000,262.5642,642.0941
ROI_035/patch_212,own,16–32,1,16657,0.000,1.000,228.8356,504.1048
ROI_035/patch_212,own,32–64,1,62455,0.000,1.000,228.5377,398.3183
ROI_035/patch_212,own,64–128,1,230531,0.000,1.000,247.9703,374.9438
ROI_035/patch_212,own,≥128,1,1781701,0.000,1.000,397.2727,608.7883
ROI_035/patch_213,nearest,0–16,1,6265,0.000,1.000,11.8240,15.1325
ROI_035/patch_213,nearest,16–32,1,18140,0.000,1.000,13.4810,17.0127
ROI_035/patch_213,nearest,32–64,1,61359,0.000,1.000,40.0378,44.1683
ROI_035/patch_213,nearest,64–128,1,121132,0.000,1.000,178.9102,184.0420
ROI_035/patch_213,nearest,≥128,1,55248,1.000,1.000,,
ROI_035/patch_213,own,0–16,1,6265,0.000,1.000,11.9035,15.2140
ROI_035/patch_213,own,16–32,1,18140,0.000,1.000,13.3556,16.8964
ROI_035/patch_213,own,32–64,1,68406,0.000,1.000,38.3660,42.4981
ROI_035/patch_213,own,64–128,1,225445,0.000,1.000,85.3248,89.9802
ROI_035/patch_213,own,≥128,1,1778896,0.000,1.000,119.0875,124.2587
ROI_049/patch_0,nearest,0–16,1,6432,0.000,1.000,9.1776,27.0111
ROI_049/patch_0,nearest,16–32,1,19277,0.000,1.000,10.1956,30.8088
ROI_049/patch_0,nearest,32–64,1,64395,0.000,1.000,28.4302,57.8023
ROI_049/patch_0,nearest,64–128,1,124482,0.000,1.000,53.2109,77.4979
ROI_049/patch_0,nearest,≥128,1,47558,0.000,1.000,51.0971,66.7985
ROI_049/patch_0,own,0–16,1,6432,0.000,1.000,9.3632,27.3339
ROI_049/patch_0,own,16–32,1,19277,0.000,1.000,10.1983,31.2133
ROI_049/patch_0,own,32–64,1,71917,0.000,1.000,19.4423,48.1965
ROI_049/patch_0,own,64–128,1,247787,0.000,1.000,61.5192,86.3876
ROI_049/patch_0,own,≥128,1,1751739,0.000,1.000,49.1500,72.6388
ROI_049/patch_1,nearest,0–16,1,6432,0.000,1.000,1.5806,4.6624
ROI_049/patch_1,nearest,16–32,1,19305,0.000,1.000,1.5840,4.5455
ROI_049/patch_1,nearest,32–64,1,69227,0.000,1.000,1.6718,4.4012
ROI_049/patch_1,nearest,64–128,1,118510,0.000,1.000,2.2875,4.4991
ROI_049/patch_1,nearest,≥128,1,48670,0.000,1.000,2.8965,5.4991
ROI_049/patch_1,own,0–16,1,6432,0.000,1.000,1.5841,4.6579
ROI_049/patch_1,own,16–32,1,19305,0.000,1.000,1.5596,4.5722
ROI_049/patch_1,own,32–64,1,76746,0.000,1.000,1.6631,4.3738
ROI_049/patch_1,own,64–128,1,276477,0.000,1.000,1.9748,4.4820
ROI_049/patch_1,own,≥128,1,1718192,0.000,1.000,2.3417,4.7250
ROI_049/patch_2,nearest,0–16,1,6396,0.000,1.000,40.3990,455.2655
ROI_049/patch_2,nearest,16–32,1,18582,0.000,1.000,32.0508,399.7029
ROI_049/patch_2,nearest,32–64,1,67596,0.000,1.000,23.0836,219.5673
ROI_049/patch_2,nearest,64–128,1,140167,0.000,1.000,5.9899,90.3646
ROI_049/patch_2,nearest,≥128,1,29403,0.000,1.000,41.8809,49.5943
ROI_049/patch_2,own,0–16,1,6396,0.000,1.000,39.9713,446.4200
ROI_049/patch_2,own,16–32,1,18582,0.000,1.000,32.7664,403.3984
ROI_049/patch_2,own,32–64,1,72828,0.000,1.000,24.2398,217.9246
ROI_049/patch_2,own,64–128,1,235070,0.000,1.000,13.3285,171.7015
ROI_049/patch_2,own,≥128,1,1764276,0.000,1.000,13.5028,171.0927
ROI_049/patch_3,nearest,0–16,1,6433,0.000,1.000,39.2677,47.3070
ROI_049/patch_3,nearest,16–32,1,18889,0.000,1.000,43.0470,54.2901
ROI_049/patch_3,nearest,32–64,1,65720,0.000,1.000,53.8255,65.0143
ROI_049/patch_3,nearest,64–128,1,113029,0.000,1.000,20.6186,35.4959
ROI_049/patch_3,nearest,≥128,1,58073,0.000,1.000,16.5112,37.9384
ROI_049/patch_3,own,0–16,1,6433,0.000,1.000,40.3589,48.3113
ROI_049/patch_3,own,16–32,1,18889,0.000,1.000,41.3803,52.3535
ROI_049/patch_3,own,32–64,1,72472,0.000,1.000,46.3662,59.6539
ROI_049/patch_3,own,64–128,1,258526,0.000,1.000,36.0511,42.0752
ROI_049/patch_3,own,≥128,1,1740832,0.000,1.000,16.4373,25.0858
ROI_049/patch_4,nearest,0–16,1,6429,0.000,1.000,6.9778,8.3742
ROI_049/patch_4,nearest,16–32,1,18907,0.000,1.000,6.8249,8.2188
ROI_049/patch_4,nearest,32–64,1,62889,0.000,1.000,5.9333,7.0652
ROI_049/patch_4,nearest,64–128,1,117848,0.000,1.000,4.6671,5.4868
ROI_049/patch_4,nearest,≥128,1,56071,0.000,1.000,6.8734,9.0736
ROI_049/patch_4,own,0–16,1,6429,0.000,1.000,7.0210,8.3818
ROI_049/patch_4,own,16–32,1,18907,0.000,1.000,6.8346,8.2456
ROI_049/patch_4,own,32–64,1,68957,0.000,1.000,5.9569,7.0578
ROI_049/patch_4,own,64–128,1,249425,0.000,1.000,5.2510,6.0941
ROI_049/patch_4,own,≥128,1,1753434,0.000,1.000,5.4644,7.0967
ROI_049/patch_5,nearest,0–16,1,6421,0.000,1.000,6.2445,9.8101
ROI_049/patch_5,nearest,16–32,1,18063,0.000,1.000,6.3266,13.8134
ROI_049/patch_5,nearest,32–64,1,58994,0.000,1.000,6.0872,11.7934
ROI_049/patch_5,nearest,64–128,1,106578,0.000,1.000,26.8291,29.4567
ROI_049/patch_5,nearest,≥128,1,72088,0.000,1.000,24.6392,27.4836
ROI_049/patch_5,own,0–16,1,6421,0.000,1.000,6.2847,9.2097
ROI_049/patch_5,own,16–32,1,18063,0.000,1.000,6.2390,13.5534
ROI_049/patch_5,own,32–64,1,66141,0.000,1.000,6.1135,11.0231
ROI_049/patch_5,own,64–128,1,236343,0.000,1.000,11.6721,14.5377
ROI_049/patch_5,own,≥128,1,1770184,0.000,1.000,13.9805,17.7430
ROI_049/patch_6,nearest,0–16,1,6422,0.000,1.000,4.4177,5.0591
ROI_049/patch_6,nearest,16–32,1,17238,0.000,1.000,13.0643,13.8207
ROI_049/patch_6,nearest,32–64,1,58430,0.000,1.000,12.1979,17.5993
ROI_049/patch_6,nearest,64–128,1,130215,0.000,1.000,5.6160,7.4722
ROI_049/patch_6,nearest,≥128,1,49839,0.000,1.000,4.4061,6.7842
ROI_049/patch_6,own,0–16,1,6441,0.000,1.000,4.4612,5.1278
ROI_049/patch_6,own,16–32,1,18612,0.000,1.000,8.4739,9.1706
ROI_049/patch_6,own,32–64,1,65020,0.000,1.000,10.4963,11.7072
ROI_049/patch_6,own,64–128,1,229128,0.000,1.000,5.5916,6.9710
ROI_049/patch_6,own,≥128,1,1777951,0.000,1.000,5.1722,6.2940
ROI_049/patch_7,nearest,0–16,1,6433,0.000,1.000,6.5341,10.3956
ROI_049/patch_7,nearest,16–32,1,19160,0.000,1.000,6.5018,10.5565
ROI_049/patch_7,nearest,32–64,1,62871,0.000,1.000,6.7014,11.8892
ROI_049/patch_7,nearest,64–128,1,120393,0.000,1.000,6.1716,13.1868
ROI_049/patch_7,nearest,≥128,1,53287,0.000,1.000,4.3915,23.6539
ROI_049/patch_7,own,0–16,1,6433,0.000,1.000,6.5659,10.4275
ROI_049/patch_7,own,16–32,1,19184,0.000,1.000,6.5321,10.6209
ROI_049/patch_7,own,32–64,1,74225,0.000,1.000,6.6520,11.7083
ROI_049/patch_7,own,64–128,1,271911,0.000,1.000,6.4772,13.1316
ROI_049/patch_7,own,≥128,1,1725399,0.000,1.000,5.7732,13.1458
ROI_049/patch_8,nearest,0–16,1,6440,0.000,1.000,61.9791,118.3873
ROI_049/patch_8,nearest,16–32,1,19297,0.000,1.000,65.2517,122.1739
ROI_049/patch_8,nearest,32–64,1,65408,0.000,1.000,62.1358,95.0251
ROI_049/patch_8,nearest,64–128,1,114375,0.000,1.000,79.4857,118.3590
ROI_049/patch_8,nearest,≥128,1,56624,0.000,1.000,49.6070,107.5465
ROI_049/patch_8,own,0–16,1,6440,0.000,1.000,65.1431,125.4228
ROI_049/patch_8,own,16–32,1,19297,0.000,1.000,60.6172,116.2170
ROI_049/patch_8,own,32–64,1,73170,0.000,1.000,74.0687,113.7959
ROI_049/patch_8,own,64–128,1,262589,0.000,1.000,60.7108,90.7336
ROI_049/patch_8,own,≥128,1,1735656,0.000,1.000,54.9149,87.9213
ROI_049/patch_10,nearest,0–16,1,6434,0.000,1.000,5.9346,6.7350
ROI_049/patch_10,nearest,16–32,1,18886,0.000,1.000,5.6838,6.4792
ROI_049/patch_10,nearest,32–64,1,69195,0.000,1.000,4.9686,5.8399
ROI_049/patch_10,nearest,64–128,1,141039,0.000,1.000,4.0946,6.3036
ROI_049/patch_10,nearest,≥128,1,26590,0.000,1.000,31.6993,38.6853
ROI_049/patch_10,own,0–16,1,6434,0.000,1.000,5.9090,6.7021
ROI_049/patch_10,own,16–32,1,18886,0.000,1.000,5.6648,6.4666
ROI_049/patch_10,own,32–64,1,70981,0.000,1.000,4.8907,5.7809
ROI_049/patch_10,own,64–128,1,250238,0.000,1.000,4.4455,6.1637
ROI_049/patch_10,own,≥128,1,1750613,0.000,1.000,5.7730,8.1006
ROI_049/patch_11,nearest,0–16,1,6435,0.000,1.000,6.5710,8.5472
ROI_049/patch_11,nearest,16–32,1,18453,0.000,1.000,7.9869,11.5342
ROI_049/patch_11,nearest,32–64,1,59318,0.000,1.000,13.0709,29.3596
ROI_049/patch_11,nearest,64–128,1,120681,0.000,1.000,32.5088,49.8010
ROI_049/patch_11,nearest,≥128,1,57257,0.000,1.000,48.1213,138.2668
ROI_049/patch_11,own,0–16,1,6435,0.000,1.000,6.5943,8.8446
ROI_049/patch_11,own,16–32,1,18453,0.000,1.000,7.6731,10.5055
ROI_049/patch_11,own,32–64,1,66933,0.000,1.000,13.0081,28.2306
ROI_049/patch_11,own,64–128,1,211125,0.000,1.000,22.3443,37.9257
ROI_049/patch_11,own,≥128,1,1794206,0.000,1.000,29.8783,77.0950
ROI_049/patch_12,nearest,0–16,1,6304,0.950,1.000,917.2917,1308.1303
ROI_049/patch_12,nearest,16–32,1,18395,0.650,1.000,775.2683,1118.6720
ROI_049/patch_12,nearest,32–64,1,69401,0.100,1.000,499.4956,758.2488
ROI_049/patch_12,nearest,64–128,1,127920,0.000,1.000,213.2001,299.2040
ROI_049/patch_12,nearest,≥128,1,40124,0.000,1.000,12.1422,16.2317
ROI_049/patch_12,own,0–16,1,6304,0.900,1.000,936.5291,1313.8782
ROI_049/patch_12,own,16–32,1,18395,0.500,1.000,747.6919,1087.3787
ROI_049/patch_12,own,32–64,1,70816,0.100,1.000,494.2525,764.9016
ROI_049/patch_12,own,64–128,1,248185,0.200,1.000,381.2710,578.8695
ROI_049/patch_12,own,≥128,1,1753452,0.100,1.000,497.7027,681.4618
ROI_049/patch_13,nearest,0–16,1,6370,0.000,1.000,342.3747,394.2718
ROI_049/patch_13,nearest,16–32,1,18098,0.000,1.000,286.6202,348.8077
ROI_049/patch_13,nearest,32–64,1,57090,0.000,1.000,225.1802,296.0306
ROI_049/patch_13,nearest,64–128,1,88640,0.000,1.000,89.6021,269.3701
ROI_049/patch_13,nearest,≥128,1,91946,0.000,1.000,59.1715,64.3697
ROI_049/patch_13,own,0–16,1,6370,0.000,1.000,333.0896,385.1546
ROI_049/patch_13,own,16–32,1,18098,0.000,1.000,290.6668,350.0336
ROI_049/patch_13,own,32–64,1,67531,0.000,1.000,266.1951,328.8917
ROI_049/patch_13,own,64–128,1,254504,0.000,1.000,140.0483,233.4907
ROI_049/patch_13,own,≥128,1,1750649,0.000,1.000,151.7159,195.4304
ROI_049/patch_15,nearest,0–16,1,6438,0.000,1.000,3.6979,5.5019
ROI_049/patch_15,nearest,16–32,1,18819,0.000,1.000,3.5519,5.6507
ROI_049/patch_15,nearest,32–64,1,62797,0.000,1.000,3.3550,6.1236
ROI_049/patch_15,nearest,64–128,1,135989,0.000,1.000,3.4758,7.2539
ROI_049/patch_15,nearest,≥128,1,38101,0.000,1.000,3.9231,15.9076
ROI_049/patch_15,own,0–16,1,6438,0.000,1.000,3.7120,5.5140
ROI_049/patch_15,own,16–32,1,18819,0.000,1.000,3.4730,5.5993
ROI_049/patch_15,own,32–64,1,70888,0.000,1.000,3.4699,6.1258
ROI_049/patch_15,own,64–128,1,255830,0.000,1.000,3.4604,6.8852
ROI_049/patch_15,own,≥128,1,1745177,0.000,1.000,3.3090,8.8199
ROI_049/patch_16,nearest,0–16,1,6436,0.000,1.000,3.3706,4.5073
ROI_049/patch_16,nearest,16–32,1,18990,0.000,1.000,3.2006,4.3752
ROI_049/patch_16,nearest,32–64,1,65810,0.000,1.000,3.2570,4.8476
ROI_049/patch_16,nearest,64–128,1,141860,0.000,1.000,2.9969,6.9790
ROI_049/patch_16,nearest,≥128,1,29048,0.000,1.000,4.2460,7.9953
ROI_049/patch_16,own,0–16,1,6436,0.000,1.000,3.4035,4.5555
ROI_049/patch_16,own,16–32,1,18990,0.000,1.000,3.2175,4.3970
ROI_049/patch_16,own,32–64,1,66844,0.000,1.000,3.2715,4.7833
ROI_049/patch_16,own,64–128,1,232166,0.000,1.000,3.3763,6.8395
ROI_049/patch_16,own,≥128,1,1772716,0.000,1.000,2.9369,5.6890
ROI_049/patch_17,nearest,0–16,1,6432,0.000,1.000,5.4700,6.5437
ROI_049/patch_17,nearest,16–32,1,18768,0.000,1.000,5.8228,6.9059
ROI_049/patch_17,nearest,32–64,1,63493,0.000,1.000,6.1738,7.3973
ROI_049/patch_17,nearest,64–128,1,98676,0.000,1.000,7.1692,10.9597
ROI_049/patch_17,nearest,≥128,1,74775,0.000,1.000,5.9211,28.1534
ROI_049/patch_17,own,0–16,1,6432,0.000,1.000,5.5008,6.5701
ROI_049/patch_17,own,16–32,1,18768,0.000,1.000,5.7603,6.8187
ROI_049/patch_17,own,32–64,1,71121,0.000,1.000,6.0479,7.2622
ROI_049/patch_17,own,64–128,1,265160,0.000,1.000,7.2782,9.3734
ROI_049/patch_17,own,≥128,1,1735671,0.000,1.000,7.0579,14.7994
ROI_049/patch_19,nearest,0–16,1,6448,0.000,1.000,3.6161,5.0710
ROI_049/patch_19,nearest,16–32,1,18500,0.000,1.000,3.6551,5.1082
ROI_049/patch_19,nearest,32–64,1,62660,0.000,1.000,3.6945,7.1511
ROI_049/patch_19,nearest,64–128,1,125440,0.000,1.000,27.3555,43.9111
ROI_049/patch_19,nearest,≥128,1,49096,0.000,1.000,219.2056,261.0658
ROI_049/patch_19,own,0–16,1,6448,0.000,1.000,3.6338,5.0525
ROI_049/patch_19,own,16–32,1,19286,0.000,1.000,3.6112,5.0907
ROI_049/patch_19,own,32–64,1,72593,0.000,1.000,3.5706,6.9533
ROI_049/patch_19,own,64–128,1,253901,0.000,1.000,11.7046,22.6158
ROI_049/patch_19,own,≥128,1,1744924,0.000,1.000,71.7423,81.7827
ROI_049/patch_20,nearest,0–16,1,6441,0.000,1.000,5.5075,9.1927
ROI_049/patch_20,nearest,16–32,1,18933,0.000,1.000,5.0121,8.9498
ROI_049/patch_20,nearest,32–64,1,64623,0.000,1.000,4.4048,8.2867
ROI_049/patch_20,nearest,64–128,1,122052,0.000,1.000,3.2099,5.8078
ROI_049/patch_20,nearest,≥128,1,50095,0.000,1.000,8.9744,15.2447
ROI_049/patch_20,own,0–16,1,6441,0.000,1.000,5.6556,9.3153
ROI_049/patch_20,own,16–32,1,18933,0.000,1.000,5.0084,8.8805
ROI_049/patch_20,own,32–64,1,68057,0.000,1.000,4.5634,8.6109
ROI_049/patch_20,own,64–128,1,224589,0.000,1.000,4.4039,7.9287
ROI_049/patch_20,own,≥128,1,1779132,0.000,1.000,4.2022,8.5631
ROI_049/patch_21,nearest,0–16,1,6431,0.000,1.000,4.8046,10.2593
ROI_049/patch_21,nearest,16–32,1,19284,0.000,1.000,6.1424,11.5246
ROI_049/patch_21,nearest,32–64,1,67006,0.000,1.000,6.7527,11.7927
ROI_049/patch_21,nearest,64–128,1,113781,0.000,1.000,4.6349,10.5788
ROI_049/patch_21,nearest,≥128,1,55642,0.000,1.000,3.7668,10.7058
ROI_049/patch_21,own,0–16,1,6431,0.000,1.000,4.7576,10.2346
ROI_049/patch_21,own,16–32,1,19284,0.000,1.000,6.0868,11.4011
ROI_049/patch_21,own,32–64,1,75425,0.000,1.000,6.3291,11.2147
ROI_049/patch_21,own,64–128,1,233094,0.000,1.000,4.1168,10.0639
ROI_049/patch_21,own,≥128,1,1762918,0.000,1.000,5.7379,11.9245
ROI_049/patch_22,nearest,0–16,1,6432,0.000,1.000,3.8099,10.1268
ROI_049/patch_22,nearest,16–32,1,19313,0.000,1.000,4.0096,10.2449
ROI_049/patch_22,nearest,32–64,1,68973,0.000,1.000,8.0760,14.2394
ROI_049/patch_22,nearest,64–128,1,118575,0.000,1.000,11.0062,19.1128
ROI_049/patch_22,nearest,≥128,1,48851,0.000,1.000,55.8418,79.5355
ROI_049/patch_22,own,0–16,1,6432,0.000,1.000,3.8332,10.1426
ROI_049/patch_22,own,16–32,1,19313,0.000,1.000,4.0860,10.3656
ROI_049/patch_22,own,32–64,1,74024,0.000,1.000,7.6158,13.7394
ROI_049/patch_22,own,64–128,1,227264,0.000,1.000,6.7595,13.7499
ROI_049/patch_22,own,≥128,1,1770119,0.000,1.000,9.9204,17.5108
ROI_049/patch_23,nearest,0–16,1,6432,0.000,1.000,15.2247,32.7647
ROI_049/patch_23,nearest,16–32,1,18753,0.000,1.000,5.9330,25.9573
ROI_049/patch_23,nearest,32–64,1,60173,0.000,1.000,11.1267,68.1617
ROI_049/patch_23,nearest,64–128,1,132980,0.000,1.000,27.6128,89.0143
ROI_049/patch_23,nearest,≥128,1,43806,0.000,1.000,27.0809,33.6404
ROI_049/patch_23,own,0–16,1,6432,0.000,1.000,14.3117,31.1415
ROI_049/patch_23,own,16–32,1,18855,0.000,1.000,5.8908,24.4965
ROI_049/patch_23,own,32–64,1,71975,0.000,1.000,8.1200,43.6978
ROI_049/patch_23,own,64–128,1,271118,0.000,1.000,23.4336,94.3029
ROI_049/patch_23,own,≥128,1,1728772,0.000,1.000,15.0718,44.2420
ROI_049/patch_24,nearest,0–16,1,6432,0.000,1.000,41.0046,55.6855
ROI_049/patch_24,nearest,16–32,1,19080,0.000,1.000,35.5442,49.6907
ROI_049/patch_24,nearest,32–64,1,67940,0.000,1.000,17.9752,26.8193
ROI_049/patch_24,nearest,64–128,1,107190,0.000,1.000,159.9265,200.7532
ROI_049/patch_24,nearest,≥128,1,61502,0.000,1.000,324.4104,519.3276
ROI_049/patch_24,own,0–16,1,6432,0.000,1.000,44.8845,61.7669
ROI_049/patch_24,own,16–32,1,19080,0.000,1.000,39.0095,53.4337
ROI_049/patch_24,own,32–64,1,72680,0.000,1.000,15.6579,24.3327
ROI_049/patch_24,own,64–128,1,257928,0.000,1.000,67.5568,89.3475
ROI_049/patch_24,own,≥128,1,1741032,0.000,1.000,127.5455,160.2600
ROI_049/patch_26,nearest,0–16,1,6445,0.000,1.000,33.1782,264.4349
ROI_049/patch_26,nearest,16–32,1,19311,0.000,1.000,34.8291,133.3561
ROI_049/patch_26,nearest,32–64,1,66739,0.000,1.000,22.2486,56.6520
ROI_049/patch_26,nearest,64–128,1,120071,0.000,1.000,7.8442,12.7947
ROI_049/patch_26,nearest,≥128,1,49578,0.000,1.000,2.4719,8.7942
ROI_049/patch_26,own,0–16,1,6445,0.000,1.000,32.1497,266.2273
ROI_049/patch_26,own,16–32,1,19311,0.000,1.000,34.9492,142.0885
ROI_049/patch_26,own,32–64,1,74387,0.000,1.000,21.7470,75.0739
ROI_049/patch_26,own,64–128,1,265946,0.000,1.000,6.6849,11.6018
ROI_049/patch_26,own,≥128,1,1731063,0.000,1.000,11.4329,31.8784
ROI_049/patch_27,nearest,0–16,1,6431,0.000,1.000,574.1816,581.4340
ROI_049/patch_27,nearest,16–32,1,18601,0.000,1.000,480.4480,507.0739
ROI_049/patch_27,nearest,32–64,1,64867,0.000,1.000,456.6273,486.4009
ROI_049/patch_27,nearest,64–128,1,125466,0.000,1.000,276.5166,296.7618
ROI_049/patch_27,nearest,≥128,1,46779,0.000,1.000,284.6942,319.1465
ROI_049/patch_27,own,0–16,1,6431,0.000,1.000,543.8073,556.8697
ROI_049/patch_27,own,16–32,1,18695,0.000,1.000,492.2240,518.7475
ROI_049/patch_27,own,32–64,1,71785,0.000,1.000,434.9668,463.9985
ROI_049/patch_27,own,64–128,1,256688,0.000,1.000,285.3950,301.9104
ROI_049/patch_27,own,≥128,1,1743553,0.050,1.000,386.0749,407.4812
ROI_049/patch_28,nearest,0–16,1,6431,0.000,1.000,1.6773,37.9542
ROI_049/patch_28,nearest,16–32,1,18824,0.000,1.000,1.9773,37.0920
ROI_049/patch_28,nearest,32–64,1,58789,0.000,1.000,2.6586,64.9833
ROI_049/patch_28,nearest,64–128,1,93724,0.000,1.000,7.0027,213.7958
ROI_049/patch_28,nearest,≥128,1,84376,0.000,1.000,3.6776,568.1157
ROI_049/patch_28,own,0–16,1,6431,0.000,1.000,1.6688,38.4972
ROI_049/patch_28,own,16–32,1,18824,0.000,1.000,2.0176,35.4859
ROI_049/patch_28,own,32–64,1,73275,0.000,1.000,2.8836,46.3211
ROI_049/patch_28,own,64–128,1,243901,0.000,1.000,2.6369,120.3065
ROI_049/patch_28,own,≥128,1,1754721,0.000,1.000,2.5959,185.8410
ROI_049/patch_29,nearest,0–16,1,6434,0.000,1.000,1.0830,6.9132
ROI_049/patch_29,nearest,16–32,1,18672,0.000,1.000,1.8218,15.1884
ROI_049/patch_29,nearest,32–64,1,60851,0.000,1.000,3.8286,17.8742
ROI_049/patch_29,nearest,64–128,1,110201,0.000,1.000,2.3492,12.4282
ROI_049/patch_29,nearest,≥128,1,65986,0.000,1.000,12.0003,102.0377
ROI_049/patch_29,own,0–16,1,6434,0.000,1.000,1.0069,5.9797
ROI_049/patch_29,own,16–32,1,18786,0.000,1.000,1.6828,14.1885
ROI_049/patch_29,own,32–64,1,71067,0.000,1.000,4.0227,19.4444
ROI_049/patch_29,own,64–128,1,262813,0.000,1.000,2.6405,10.7178
ROI_049/patch_29,own,≥128,1,1738052,0.000,1.000,7.4183,19.2766
ROI_049/patch_30,nearest,0–16,1,6440,0.000,1.000,7.6925,10.8901
ROI_049/patch_30,nearest,16–32,1,19051,0.000,1.000,7.7480,11.0057
ROI_049/patch_30,nearest,32–64,1,61945,0.000,1.000,8.3724,11.8977
ROI_049/patch_30,nearest,64–128,1,109102,0.000,1.000,8.7223,11.9952
ROI_049/patch_30,nearest,≥128,1,65606,0.000,1.000,11.3564,15.5316
ROI_049/patch_30,own,0–16,1,6440,0.000,1.000,7.6740,10.8528
ROI_049/patch_30,own,16–32,1,19218,0.000,1.000,7.6924,11.0041
ROI_049/patch_30,own,32–64,1,73873,0.000,1.000,8.1499,11.6121
ROI_049/patch_30,own,64–128,1,246063,0.000,1.000,8.5169,11.9987
ROI_049/patch_30,own,≥128,1,1751558,0.000,1.000,9.0538,12.4330
ROI_049/patch_31,nearest,0–16,1,6125,0.000,1.000,9.3780,13.0583
ROI_049/patch_31,nearest,16–32,1,17506,0.000,1.000,9.1861,12.6083
ROI_049/patch_31,nearest,32–64,1,65957,0.000,1.000,9.3580,12.6652
ROI_049/patch_31,nearest,64–128,1,130362,0.000,1.000,9.2892,11.6701
ROI_049/patch_31,nearest,≥128,1,42194,0.000,1.000,9.7633,12.4523
ROI_049/patch_31,own,0–16,1,6125,0.000,1.000,9.3869,13.0718
ROI_049/patch_31,own,16–32,1,17506,0.000,1.000,9.2260,12.6269
ROI_049/patch_31,own,32–64,1,68708,0.000,1.000,9.3712,12.6244
ROI_049/patch_31,own,64–128,1,248033,0.000,1.000,9.2197,11.8053
ROI_049/patch_31,own,≥128,1,1756780,0.000,1.000,9.4016,11.9759
ROI_049/patch_32,nearest,0–16,1,6431,0.000,1.000,46.2472,264.7918
ROI_049/patch_32,nearest,16–32,1,18894,0.000,1.000,35.8748,263.4568
ROI_049/patch_32,nearest,32–64,1,67152,0.000,1.000,24.5625,238.2298
ROI_049/patch_32,nearest,64–128,1,115900,0.000,1.000,23.6848,122.9643
ROI_049/patch_32,nearest,≥128,1,53767,0.000,1.000,5.2579,143.0953
ROI_049/patch_32,own,0–16,1,6431,0.000,1.000,46.8841,255.5454
ROI_049/patch_32,own,16–32,1,18894,0.000,1.000,35.0792,276.0084
ROI_049/patch_32,own,32–64,1,71946,0.000,1.000,24.2364,252.9851
ROI_049/patch_32,own,64–128,1,259342,0.000,1.000,25.5107,150.6264
ROI_049/patch_32,own,≥128,1,1740539,0.000,1.000,17.6993,178.4781
ROI_049/patch_33,nearest,0–16,1,6431,0.000,1.000,125.8037,222.5339
ROI_049/patch_33,nearest,16–32,1,19291,0.000,1.000,80.8564,169.5686
ROI_049/patch_33,nearest,32–64,1,67483,0.000,1.000,68.2799,154.2651
ROI_049/patch_33,nearest,64–128,1,129045,0.000,1.000,66.8466,106.5171
ROI_049/patch_33,nearest,≥128,1,39894,0.000,1.000,15.9105,28.0415
ROI_049/patch_33,own,0–16,1,6431,0.000,1.000,129.5536,223.7721
ROI_049/patch_33,own,16–32,1,19291,0.000,1.000,87.3094,179.6509
ROI_049/patch_33,own,32–64,1,71793,0.000,1.000,81.4152,175.5201
ROI_049/patch_33,own,64–128,1,246558,0.000,1.000,63.6387,117.3359
ROI_049/patch_33,own,≥128,1,1753079,0.000,1.000,45.5114,104.1965
ROI_049/patch_34,nearest,0–16,1,6426,0.000,1.000,2.2729,6.0033
ROI_049/patch_34,nearest,16–32,1,18798,0.000,1.000,2.4062,6.7128
ROI_049/patch_34,nearest,32–64,1,63153,0.000,1.000,3.9932,5.2696
ROI_049/patch_34,nearest,64–128,1,119667,0.000,1.000,5.2518,5.8767
ROI_049/patch_34,nearest,≥128,1,54100,0.000,1.000,4.7364,5.5932
ROI_049/patch_34,own,0–16,1,6426,0.000,1.000,2.2424,6.0107
ROI_049/patch_34,own,16–32,1,18798,0.000,1.000,2.4513,5.9651
ROI_049/patch_34,own,32–64,1,71379,0.000,1.000,3.9093,5.7644
ROI_049/patch_34,own,64–128,1,253882,0.000,1.000,5.1972,5.7033
ROI_049/patch_34,own,≥128,1,1746667,0.000,1.000,4.5912,5.2303
ROI_049/patch_35,nearest,0–16,1,7231,0.000,1.000,59.5907,283.4434
ROI_049/patch_35,nearest,16–32,1,21055,0.000,1.000,67.3414,227.8720
ROI_049/patch_35,nearest,32–64,1,69555,0.000,1.000,70.3055,192.6016
ROI_049/patch_35,nearest,64–128,1,122943,0.000,1.000,172.6886,210.9303
ROI_049/patch_35,nearest,≥128,1,41360,0.100,1.000,649.0561,671.6797
ROI_049/patch_35,own,0–16,1,7231,0.000,1.000,61.1326,277.1555
ROI_049/patch_35,own,16–32,1,21055,0.000,1.000,68.4168,238.2557
ROI_049/patch_35,own,32–64,1,76408,0.000,1.000,55.4251,187.6554
ROI_049/patch_35,own,64–128,1,267519,0.000,1.000,133.8309,181.8077
ROI_049/patch_35,own,≥128,1,1987083,0.000,1.000,202.0978,235.3035
ROI_049/patch_36,nearest,0–16,1,6437,0.000,1.000,11.4157,13.6903
ROI_049/patch_36,nearest,16–32,1,19132,0.000,1.000,10.8364,12.9830
ROI_049/patch_36,nearest,32–64,1,65700,0.000,1.000,8.7305,10.4388
ROI_049/patch_36,nearest,64–128,1,111932,0.000,1.000,6.1518,7.2795
ROI_049/patch_36,nearest,≥128,1,58943,0.000,1.000,7.4565,8.5642
ROI_049/patch_36,own,0–16,1,6437,0.000,1.000,11.5256,13.7472
ROI_049/patch_36,own,16–32,1,19132,0.000,1.000,10.8940,13.0295
ROI_049/patch_36,own,32–64,1,74105,0.000,1.000,8.3839,10.0766
ROI_049/patch_36,own,64–128,1,281328,0.000,1.000,6.2448,7.4349
ROI_049/patch_36,own,≥128,1,1716150,0.000,1.000,7.3033,8.6812
ROI_049/patch_37,nearest,0–16,1,6097,0.000,1.000,127.6953,134.5204
ROI_049/patch_37,nearest,16–32,1,17297,0.000,1.000,40.4139,55.6410
ROI_049/patch_37,nearest,32–64,1,57049,0.000,1.000,35.4994,53.2394
ROI_049/patch_37,nearest,64–128,1,126704,0.000,1.000,72.2008,90.7419
ROI_049/patch_37,nearest,≥128,1,54997,0.000,1.000,21.0180,48.2616
ROI_049/patch_37,own,0–16,1,6097,0.000,1.000,120.7575,127.7457
ROI_049/patch_37,own,16–32,1,17297,0.000,1.000,38.3794,54.7190
ROI_049/patch_37,own,32–64,1,65642,0.000,1.000,31.1290,53.6266
ROI_049/patch_37,own,64–128,1,250608,0.000,1.000,76.7143,101.5761
ROI_049/patch_37,own,≥128,1,1757508,0.000,1.000,53.9572,85.3026
ROI_049/patch_38,nearest,0–16,1,6423,0.250,1.000,1842.8022,2368.3958
ROI_049/patch_38,nearest,16–32,1,17788,0.300,1.000,1708.8032,2121.5518
ROI_049/patch_38,nearest,32–64,1,63008,0.550,1.000,1529.1791,1781.9580
ROI_049/patch_38,nearest,64–128,1,135095,0.650,1.000,1193.0603,1283.8198
ROI_049/patch_38,nearest,≥128,1,39830,0.000,1.000,535.2031,652.1355
ROI_049/patch_38,own,0–16,1,6423,0.200,1.000,1840.8007,2371.9935
ROI_049/patch_38,own,16–32,1,17788,0.150,1.000,1668.6183,2084.4626
ROI_049/patch_38,own,32–64,1,63434,0.600,1.000,1553.0589,1786.7717
ROI_049/patch_38,own,64–128,1,218281,0.850,1.000,1281.7512,1368.6194
ROI_049/patch_38,own,≥128,1,1791226,0.600,1.000,1133.9323,1269.4013
ROI_049/patch_39,nearest,0–16,1,6357,0.000,1.000,5.9588,7.9940
ROI_049/patch_39,nearest,16–32,1,17183,0.000,1.000,6.2521,8.2478
ROI_049/patch_39,nearest,32–64,1,58426,0.000,1.000,8.7394,10.9265
ROI_049/patch_39,nearest,64–128,1,111895,0.000,1.000,9.3693,12.0822
ROI_049/patch_39,nearest,≥128,1,68283,0.000,1.000,11.7994,81.2056
ROI_049/patch_39,own,0–16,1,6357,0.000,1.000,5.9072,7.9554
ROI_049/patch_39,own,16–32,1,17183,0.000,1.000,6.5369,8.5807
ROI_049/patch_39,own,32–64,1,65501,0.000,1.000,8.7276,10.7752
ROI_049/patch_39,own,64–128,1,235747,0.000,1.000,7.9919,10.6211
ROI_049/patch_39,own,≥128,1,1772364,0.000,1.000,9.1189,23.7928
ROI_049/patch_41,nearest,0–16,1,6430,0.000,1.000,35.1463,62.5482
ROI_049/patch_41,nearest,16–32,1,19070,0.000,1.000,33.7468,67.5523
ROI_049/patch_41,nearest,32–64,1,70283,0.000,1.000,32.2336,68.9558
ROI_049/patch_41,nearest,64–128,1,138212,0.000,1.000,54.6394,157.1008
ROI_049/patch_41,nearest,≥128,1,28149,0.000,1.000,246.7930,308.2412
ROI_049/patch_41,own,0–16,1,6430,0.000,1.000,35.5406,64.5998
ROI_049/patch_41,own,16–32,1,19070,0.000,1.000,33.3203,67.6872
ROI_049/patch_41,own,32–64,1,71269,0.000,1.000,26.3745,59.5971
ROI_049/patch_41,own,64–128,1,256033,0.000,1.000,36.4951,101.9673
ROI_049/patch_41,own,≥128,1,1744350,0.000,1.000,70.9542,132.6014
ROI_049/patch_42,nearest,0–16,1,6436,0.000,1.000,2.0860,4.6750
ROI_049/patch_42,nearest,16–32,1,18542,0.000,1.000,2.2135,4.9805
ROI_049/patch_42,nearest,32–64,1,56030,0.000,1.000,2.3352,6.0472
ROI_049/patch_42,nearest,64–128,1,122484,0.000,1.000,3.7023,8.3587
ROI_049/patch_42,nearest,≥128,1,58652,0.000,1.000,14.5853,22.0691
ROI_049/patch_42,own,0–16,1,6436,0.000,1.000,2.1000,4.6906
ROI_049/patch_42,own,16–32,1,19091,0.000,1.000,2.1920,4.8985
ROI_049/patch_42,own,32–64,1,71231,0.000,1.000,2.4252,6.0122
ROI_049/patch_42,own,64–128,1,237383,0.000,1.000,3.9848,7.7573
ROI_049/patch_42,own,≥128,1,1763011,0.000,1.000,3.8512,8.7794
ROI_049/patch_43,nearest,0–16,1,6436,0.000,1.000,277.9192,291.8892
ROI_049/patch_43,nearest,16–32,1,19303,0.000,1.000,317.7683,327.2306
ROI_049/patch_43,nearest,32–64,1,70974,0.000,1.000,336.5977,346.3466
ROI_049/patch_43,nearest,64–128,1,122295,0.000,1.000,175.5088,205.7609
ROI_049/patch_43,nearest,≥128,1,43136,0.000,1.000,237.7660,279.7185
ROI_049/patch_43,own,0–16,1,6436,0.000,1.000,291.7164,305.7725
ROI_049/patch_43,own,16–32,1,19303,0.000,1.000,320.5576,329.4507
ROI_049/patch_43,own,32–64,1,75021,0.000,1.000,371.0922,380.9027
ROI_049/patch_43,own,64–128,1,268288,0.000,1.000,350.8494,368.7309
ROI_049/patch_43,own,≥128,1,1728104,0.000,1.000,182.0974,222.4397
ROI_049/patch_44,nearest,0–16,1,6307,0.000,1.000,43.9900,116.1592
ROI_049/patch_44,nearest,16–32,1,17499,0.000,1.000,55.1343,125.6563
ROI_049/patch_44,nearest,32–64,1,55369,0.000,1.000,169.1931,231.7233
ROI_049/patch_44,nearest,64–128,1,127900,0.000,1.000,415.0149,469.3943
ROI_049/patch_44,nearest,≥128,1,55069,0.000,1.000,430.3685,481.3305
ROI_049/patch_44,own,0–16,1,6307,0.000,1.000,48.2201,121.7665
ROI_049/patch_44,own,16–32,1,17499,0.000,1.000,70.3351,144.5465
ROI_049/patch_44,own,32–64,1,65610,0.000,1.000,206.1167,276.6791
ROI_049/patch_44,own,64–128,1,229898,0.000,1.000,295.7047,347.2318
ROI_049/patch_44,own,≥128,1,1777838,0.000,1.000,288.7222,331.2080
ROI_049/patch_46,nearest,0–16,1,6442,0.000,1.000,3.7523,10.5051
ROI_049/patch_46,nearest,16–32,1,19129,0.000,1.000,27.7679,33.0687
ROI_049/patch_46,nearest,32–64,1,62515,0.000,1.000,49.6203,54.2584
ROI_049/patch_46,nearest,64–128,1,136352,0.000,1.000,41.2310,47.0575
ROI_049/patch_46,nearest,≥128,1,37706,0.000,1.000,213.4597,223.0315
ROI_049/patch_46,own,0–16,1,6442,0.000,1.000,4.4990,11.1768
ROI_049/patch_46,own,16–32,1,19129,0.000,1.000,21.8940,27.2121
ROI_049/patch_46,own,32–64,1,68478,0.000,1.000,46.6615,51.1775
ROI_049/patch_46,own,64–128,1,235589,0.000,1.000,41.1065,45.4710
ROI_049/patch_46,own,≥128,1,1767514,0.000,1.000,82.8217,88.7964
ROI_049/patch_47,nearest,0–16,1,6230,0.000,1.000,1.5421,2.6735
ROI_049/patch_47,nearest,16–32,1,17620,0.000,1.000,1.8898,3.0365
ROI_049/patch_47,nearest,32–64,1,61293,0.000,1.000,2.6787,3.8814
ROI_049/patch_47,nearest,64–128,1,131169,0.000,1.000,2.8081,4.0746
ROI_049/patch_47,nearest,≥128,1,45832,0.000,1.000,1.2278,2.8691
ROI_049/patch_47,own,0–16,1,6230,0.000,1.000,1.5238,2.6599
ROI_049/patch_47,own,16–32,1,17620,0.000,1.000,1.8696,3.0016
ROI_049/patch_47,own,32–64,1,65825,0.000,1.000,2.7271,3.9577
ROI_049/patch_47,own,64–128,1,234356,0.000,1.000,2.5367,3.6906
ROI_049/patch_47,own,≥128,1,1773121,0.000,1.000,1.8714,3.2960
ROI_049/patch_48,nearest,0–16,1,6432,0.000,1.000,4.9574,6.3217
ROI_049/patch_48,nearest,16–32,1,18849,0.000,1.000,4.8703,6.3396
ROI_049/patch_48,nearest,32–64,1,66387,0.000,1.000,4.7060,6.0277
ROI_049/patch_48,nearest,64–128,1,127568,0.000,1.000,4.9493,6.2671
ROI_049/patch_48,nearest,≥128,1,42908,0.000,1.000,7.2048,8.1173
ROI_049/patch_48,own,0–16,1,6432,0.000,1.000,5.0215,6.3755
ROI_049/patch_48,own,16–32,1,18849,0.000,1.000,4.8288,6.3655
ROI_049/patch_48,own,32–64,1,70386,0.000,1.000,4.6950,6.0922
ROI_049/patch_48,own,64–128,1,236296,0.000,1.000,4.9685,6.1665
ROI_049/patch_48,own,≥128,1,1765189,0.000,1.000,5.2756,6.6138
ROI_049/patch_49,nearest,0–16,1,6158,0.000,1.000,525.8942,681.2411
ROI_049/patch_49,nearest,16–32,1,17804,0.000,1.000,506.3435,717.0904
ROI_049/patch_49,nearest,32–64,1,62010,0.000,1.000,398.9478,609.0791
ROI_049/patch_49,nearest,64–128,1,111203,0.000,1.000,90.5607,215.6191
ROI_049/patch_49,nearest,≥128,1,64969,0.000,1.000,256.4823,317.6120
ROI_049/patch_49,own,0–16,1,6158,0.000,1.000,519.9978,675.8086
ROI_049/patch_49,own,16–32,1,17804,0.050,1.000,505.3673,696.3046
ROI_049/patch_49,own,32–64,1,67857,0.000,1.000,424.6084,692.9628
ROI_049/patch_49,own,64–128,1,227105,0.100,1.000,234.0130,485.5153
ROI_049/patch_49,own,≥128,1,1778228,0.000,1.000,123.7184,265.8792
ROI_049/patch_50,nearest,0–16,1,6438,0.000,1.000,10.4444,57.1319
ROI_049/patch_50,nearest,16–32,1,19157,0.000,1.000,15.4369,58.6751
ROI_049/patch_50,nearest,32–64,1,63445,0.000,1.000,40.5167,77.3066
ROI_049/patch_50,nearest,64–128,1,122987,0.000,1.000,50.4959,72.0659
ROI_049/patch_50,nearest,≥128,1,50117,0.000,1.000,48.6444,105.8984
ROI_049/patch_50,own,0–16,1,6438,0.000,1.000,8.9876,49.1905
ROI_049/patch_50,own,16–32,1,19321,0.000,1.000,16.1717,63.5617
ROI_049/patch_50,own,32–64,1,74672,0.000,1.000,32.0976,76.2292
ROI_049/patch_50,own,64–128,1,249781,0.000,1.000,55.1929,81.7624
ROI_049/patch_50,own,≥128,1,1746940,0.000,1.000,50.2037,85.9412
ROI_049/patch_51,nearest,0–16,1,6433,0.900,1.000,958.8684,1057.8074
ROI_049/patch_51,nearest,16–32,1,18673,0.650,1.000,925.1712,1030.0748
ROI_049/patch_51,nearest,32–64,1,65173,0.100,1.000,782.0602,889.6623
ROI_049/patch_51,nearest,64–128,1,135448,0.000,1.000,468.4874,644.3111
ROI_049/patch_51,nearest,≥128,1,36417,0.000,1.000,260.9613,763.1458
ROI_049/patch_51,own,0–16,1,6433,0.850,1.000,959.0391,1059.2481
ROI_049/patch_51,own,16–32,1,18673,0.700,1.000,884.1601,991.2202
ROI_049/patch_51,own,32–64,1,69618,0.100,1.000,657.2676,773.4796
ROI_049/patch_51,own,64–128,1,243972,0.000,1.000,454.0970,589.5477
ROI_049/patch_51,own,≥128,1,1758456,0.000,1.000,307.5675,473.9544
ROI_049/patch_53,nearest,0–16,1,6431,0.500,1.000,587.8065,1018.6168
ROI_049/patch_53,nearest,16–32,1,19304,0.600,1.000,611.0190,1052.0213
ROI_049/patch_53,nearest,32–64,1,72233,0.000,1.000,546.2879,1003.0674
ROI_049/patch_53,nearest,64–128,1,134250,0.000,1.000,480.5853,1079.4809
ROI_049/patch_53,nearest,≥128,1,29926,0.100,1.000,446.5115,1488.1968
ROI_049/patch_53,own,0–16,1,6431,0.550,1.000,600.7186,1040.8801
ROI_049/patch_53,own,16–32,1,19304,0.600,1.000,593.2729,1028.0110
ROI_049/patch_53,own,32–64,1,76432,0.150,1.000,524.3408,993.3461
ROI_049/patch_53,own,64–128,1,257187,0.200,1.000,504.7923,996.1235
ROI_049/patch_53,own,≥128,1,1737798,0.200,1.000,546.4097,1121.3501
ROI_049/patch_54,nearest,0–16,1,6439,0.000,1.000,2.3489,4.6575
ROI_049/patch_54,nearest,16–32,1,19303,0.000,1.000,2.2648,4.5477
ROI_049/patch_54,nearest,32–64,1,66775,0.000,1.000,2.4640,4.1723
ROI_049/patch_54,nearest,64–128,1,108593,0.000,1.000,8.9162,10.9493
ROI_049/patch_54,nearest,≥128,1,61034,0.000,1.000,183.9300,213.6246
ROI_049/patch_54,own,0–16,1,6439,0.000,1.000,2.3675,4.6800
ROI_049/patch_54,own,16–32,1,19303,0.000,1.000,2.2071,4.5378
ROI_049/patch_54,own,32–64,1,76141,0.000,1.000,2.3984,4.1052
ROI_049/patch_54,own,64–128,1,264603,0.000,1.000,5.6039,7.1709
ROI_049/patch_54,own,≥128,1,1730666,0.000,1.000,47.5976,54.3297
ROI_049/patch_56,nearest,0–16,1,6437,0.000,1.000,214.4981,222.3603
ROI_049/patch_56,nearest,16–32,1,19307,0.000,1.000,190.3548,198.0066
ROI_049/patch_56,nearest,32–64,1,59716,0.000,1.000,154.5029,159.4486
ROI_049/patch_56,nearest,64–128,1,107763,0.000,1.000,46.3249,51.8846
ROI_049/patch_56,nearest,≥128,1,68921,0.000,1.000,89.2607,103.3162
ROI_049/patch_56,own,0–16,1,6437,0.000,1.000,209.7454,216.7986
ROI_049/patch_56,own,16–32,1,19307,0.000,1.000,209.9810,218.7418
ROI_049/patch_56,own,32–64,1,72523,0.000,1.000,127.9095,133.5539
ROI_049/patch_56,own,64–128,1,254774,0.000,1.000,25.7082,28.7587
ROI_049/patch_56,own,≥128,1,1744111,0.000,1.000,138.7800,144.2639
ROI_049/patch_57,nearest,0–16,1,6431,0.000,1.000,15.4314,51.9359
ROI_049/patch_57,nearest,16–32,1,18756,0.000,1.000,11.6234,48.9316
ROI_049/patch_57,nearest,32–64,1,68236,0.000,1.000,9.4328,24.9694
ROI_049/patch_57,nearest,64–128,1,133780,0.000,1.000,13.7864,19.6117
ROI_049/patch_57,nearest,≥128,1,34941,0.000,1.000,10.3689,11.2982
ROI_049/patch_57,own,0–16,1,6431,0.000,1.000,16.0105,51.4458
ROI_049/patch_57,own,16–32,1,18756,0.000,1.000,11.4609,47.0146
ROI_049/patch_57,own,32–64,1,68236,0.000,1.000,8.9434,24.6112
ROI_049/patch_57,own,64–128,1,226237,0.000,1.000,9.5201,15.3928
ROI_049/patch_57,own,≥128,1,1777492,0.000,1.000,10.9305,21.5716
ROI_049/patch_59,nearest,0–16,1,6215,0.000,1.000,5.5533,9.1066
ROI_049/patch_59,nearest,16–32,1,17968,0.000,1.000,7.8851,19.4716
ROI_049/patch_59,nearest,32–64,1,58149,0.000,1.000,12.2574,23.7900
ROI_049/patch_59,nearest,64–128,1,121905,0.000,1.000,22.3044,67.5022
ROI_049/patch_59,nearest,≥128,1,57907,0.000,1.000,62.1366,187.2480
ROI_049/patch_59,own,0–16,1,6215,0.000,1.000,5.4489,8.1129
ROI_049/patch_59,own,16–32,1,18099,0.000,1.000,7.9236,20.0012
ROI_049/patch_59,own,32–64,1,65082,0.000,1.000,10.6888,18.2556
ROI_049/patch_59,own,64–128,1,234180,0.000,1.000,12.7176,30.9064
ROI_049/patch_59,own,≥128,1,1773576,0.000,1.000,24.8165,72.3927
ROI_049/patch_60,nearest,0–16,1,6425,0.650,1.000,404.3457,951.2288
ROI_049/patch_60,nearest,16–32,1,18787,0.450,1.000,378.0783,884.1558
ROI_049/patch_60,nearest,32–64,1,62362,0.600,1.000,354.3375,803.6840
ROI_049/patch_60,nearest,64–128,1,137440,0.600,1.000,213.2637,606.4420
ROI_049/patch_60,nearest,≥128,1,37130,0.000,1.000,353.9829,534.7679
ROI_049/patch_60,own,0–16,1,6425,0.850,1.000,424.1473,971.2901
ROI_049/patch_60,own,16–32,1,18880,0.250,1.000,398.1962,952.1734
ROI_049/patch_60,own,32–64,1,68206,0.600,1.000,438.6080,906.5412
ROI_049/patch_60,own,64–128,1,244615,0.850,1.000,356.4953,752.3884
ROI_049/patch_60,own,≥128,1,1759026,0.800,1.000,121.1719,454.6217
ROI_049/patch_61,nearest,0–16,1,6434,0.000,1.000,8.5938,24.8172
ROI_049/patch_61,nearest,16–32,1,19057,0.000,1.000,6.0616,17.9934
ROI_049/patch_61,nearest,32–64,1,66727,0.000,1.000,5.7280,51.9646
ROI_049/patch_61,nearest,64–128,1,116135,0.000,1.000,23.2260,128.1134
ROI_049/patch_61,nearest,≥128,1,53791,0.000,1.000,17.6493,104.6189
ROI_049/patch_61,own,0–16,1,6434,0.000,1.000,8.8854,24.4078
ROI_049/patch_61,own,16–32,1,19057,0.000,1.000,6.4510,17.8685
ROI_049/patch_61,own,32–64,1,70850,0.000,1.000,6.6750,43.0731
ROI_049/patch_61,own,64–128,1,224589,0.000,1.000,16.8889,122.4746
ROI_049/patch_61,own,≥128,1,1776222,0.000,1.000,16.4083,111.0379
ROI_049/patch_63,nearest,0–16,1,6437,0.000,1.000,4.3115,5.6339
ROI_049/patch_63,nearest,16–32,1,19148,0.000,1.000,4.1857,5.6188
ROI_049/patch_63,nearest,32–64,1,63026,0.000,1.000,4.9219,6.5150
ROI_049/patch_63,nearest,64–128,1,142660,0.000,1.000,4.5833,6.4918
ROI_049/patch_63,nearest,≥128,1,30873,0.000,1.000,4.4593,6.8836
ROI_049/patch_63,own,0–16,1,6437,0.000,1.000,4.3126,5.6264
ROI_049/patch_63,own,16–32,1,19295,0.000,1.000,4.1897,5.6303
ROI_049/patch_63,own,32–64,1,72732,0.000,1.000,4.5862,6.2135
ROI_049/patch_63,own,64–128,1,241046,0.000,1.000,4.5515,6.4638
ROI_049/patch_63,own,≥128,1,1757642,0.000,1.000,4.6128,6.4973
ROI_049/patch_64,nearest,0–16,1,6423,0.000,1.000,2.7322,4.2521
ROI_049/patch_64,nearest,16–32,1,18924,0.000,1.000,2.5798,4.1904
ROI_049/patch_64,nearest,32–64,1,64334,0.000,1.000,2.3367,4.1354
ROI_049/patch_64,nearest,64–128,1,125764,0.000,1.000,2.3713,4.4661
ROI_049/patch_64,nearest,≥128,1,46699,0.000,1.000,3.3826,5.3320
ROI_049/patch_64,own,0–16,1,6423,0.000,1.000,2.7373,4.2819
ROI_049/patch_64,own,16–32,1,18924,0.000,1.000,2.5627,4.1737
ROI_049/patch_64,own,32–64,1,70400,0.000,1.000,2.2998,4.0895
ROI_049/patch_64,own,64–128,1,227163,0.000,1.000,2.2713,4.2235
ROI_049/patch_64,own,≥128,1,1774242,0.000,1.000,2.2932,4.2603
ROI_049/patch_65,nearest,0–16,1,6241,0.000,1.000,151.3345,226.3507
ROI_049/patch_65,nearest,16–32,1,17750,0.000,1.000,147.0159,209.2611
ROI_049/patch_65,nearest,32–64,1,58044,0.000,1.000,166.7396,199.9008
ROI_049/patch_65,nearest,64–128,1,103557,0.000,1.000,187.3667,193.1328
ROI_049/patch_65,nearest,≥128,1,76552,0.000,1.000,918.6108,1002.8297
ROI_049/patch_65,own,0–16,1,6241,0.000,1.000,151.0306,225.7922
ROI_049/patch_65,own,16–32,1,17750,0.000,1.000,153.2776,219.3677
ROI_049/patch_65,own,32–64,1,63920,0.000,1.000,178.6949,210.5047
ROI_049/patch_65,own,64–128,1,217752,0.000,1.000,167.1248,170.9540
ROI_049/patch_65,own,≥128,1,1791489,0.000,1.000,362.4208,402.1611
ROI_049/patch_66,nearest,0–16,1,6273,0.000,1.000,4.8605,6.8865
ROI_049/patch_66,nearest,16–32,1,17704,0.000,1.000,4.8276,6.9584
ROI_049/patch_66,nearest,32–64,1,67202,0.000,1.000,4.7316,7.2366
ROI_049/patch_66,nearest,64–128,1,133451,0.000,1.000,5.4045,8.0886
ROI_049/patch_66,nearest,≥128,1,37514,0.000,1.000,23.0736,27.4998
ROI_049/patch_66,own,0–16,1,6273,0.000,1.000,4.8903,6.9277
ROI_049/patch_66,own,16–32,1,17704,0.000,1.000,4.7690,6.8739
ROI_049/patch_66,own,32–64,1,69074,0.000,1.000,4.9903,7.5025
ROI_049/patch_66,own,64–128,1,254708,0.000,1.000,5.3364,7.9110
ROI_049/patch_66,own,≥128,1,1749393,0.000,1.000,5.6033,8.1645
ROI_049/patch_67,nearest,0–16,1,6430,0.000,1.000,22.6523,24.5228
ROI_049/patch_67,nearest,16–32,1,18463,0.000,1.000,22.7529,24.7735
ROI_049/patch_67,nearest,32–64,1,64975,0.000,1.000,22.9733,25.4256
ROI_049/patch_67,nearest,64–128,1,119056,0.000,1.000,29.7614,38.1615
ROI_049/patch_67,nearest,≥128,1,53220,0.000,1.000,177.5087,195.3397
ROI_049/patch_67,own,0–16,1,6430,0.000,1.000,22.6979,24.5810
ROI_049/patch_67,own,16–32,1,18463,0.000,1.000,22.8321,24.8551
ROI_049/patch_67,own,32–64,1,69347,0.000,1.000,23.2319,25.6817
ROI_049/patch_67,own,64–128,1,226246,0.000,1.000,28.8644,34.5289
ROI_049/patch_67,own,≥128,1,1776666,0.000,1.000,76.7892,79.6644
ROI_049/patch_69,nearest,0–16,1,6133,1.000,1.000,,
ROI_049/patch_69,nearest,16–32,1,18069,1.000,1.000,,
ROI_049/patch_69,nearest,32–64,1,55742,1.000,1.000,,
ROI_049/patch_69,nearest,64–128,1,106684,1.000,1.000,,
ROI_049/patch_69,nearest,≥128,1,75516,1.000,1.000,,
ROI_049/patch_69,own,0–16,1,6133,1.000,1.000,,
ROI_049/patch_69,own,16–32,1,18069,1.000,1.000,,
ROI_049/patch_69,own,32–64,1,62853,1.000,1.000,,
ROI_049/patch_69,own,64–128,1,211753,1.000,1.000,,
ROI_049/patch_69,own,≥128,1,1798344,1.000,1.000,,
ROI_049/patch_71,nearest,0–16,1,6417,0.000,1.000,38.0105,39.6206
ROI_049/patch_71,nearest,16–32,1,19214,0.000,1.000,100.6109,101.7228
ROI_049/patch_71,nearest,32–64,1,67780,0.000,1.000,73.4280,74.9065
ROI_049/patch_71,nearest,64–128,1,122368,0.000,1.000,152.2329,154.0466
ROI_049/patch_71,nearest,≥128,1,46365,0.000,1.000,375.8227,394.9570
ROI_049/patch_71,own,0–16,1,6417,0.000,1.000,31.0604,32.7499
ROI_049/patch_71,own,16–32,1,19214,0.000,1.000,75.3574,76.5746
ROI_049/patch_71,own,32–64,1,71947,0.000,1.000,66.9337,68.2772
ROI_049/patch_71,own,64–128,1,234658,0.000,1.000,105.0224,106.7466
ROI_049/patch_71,own,≥128,1,1764916,0.000,1.000,168.1063,173.6669
ROI_049/patch_72,nearest,0–16,1,6442,0.000,1.000,49.7405,66.2347
ROI_049/patch_72,nearest,16–32,1,19301,0.000,1.000,80.5067,101.0515
ROI_049/patch_72,nearest,32–64,1,71526,0.000,1.000,106.9654,119.3264
ROI_049/patch_72,nearest,64–128,1,107650,0.000,1.000,72.2826,85.7178
ROI_049/patch_72,nearest,≥128,1,57225,0.000,1.000,27.0349,29.0952
ROI_049/patch_72,own,0–16,1,6442,0.000,1.000,50.5693,66.9211
ROI_049/patch_72,own,16–32,1,19301,0.000,1.000,112.8462,129.3965
ROI_049/patch_72,own,32–64,1,73521,0.000,1.000,78.3366,90.6009
ROI_049/patch_72,own,64–128,1,260956,0.000,1.000,50.8464,63.8147
ROI_049/patch_72,own,≥128,1,1736932,0.000,1.000,100.3158,108.6281
ROI_049/patch_73,nearest,0–16,1,6430,0.000,1.000,258.3366,274.5348
ROI_049/patch_73,nearest,16–32,1,18652,0.000,1.000,290.9193,301.6316
ROI_049/patch_73,nearest,32–64,1,68382,0.000,1.000,312.2889,319.4349
ROI_049/patch_73,nearest,64–128,1,126604,0.000,1.000,173.0378,197.1593
ROI_049/patch_73,nearest,≥128,1,42076,0.350,1.000,383.2574,440.5243
ROI_049/patch_73,own,0–16,1,6430,0.000,1.000,265.1578,282.1270
ROI_049/patch_73,own,16–32,1,18652,0.000,1.000,299.9741,309.6776
ROI_049/patch_73,own,32–64,1,71522,0.000,1.000,281.9382,289.1829
ROI_049/patch_73,own,64–128,1,252212,0.000,1.000,171.4471,191.6756
ROI_049/patch_73,own,≥128,1,1748336,0.000,1.000,246.5099,292.5756
ROI_049/patch_74,nearest,0–16,1,6436,0.000,1.000,48.1507,52.3990
ROI_049/patch_74,nearest,16–32,1,17641,0.000,1.000,56.1485,60.2642
ROI_049/patch_74,nearest,32–64,1,53674,0.000,1.000,83.0470,87.4100
ROI_049/patch_74,nearest,64–128,1,111682,0.000,1.000,144.5042,150.2796
ROI_049/patch_74,nearest,≥128,1,72711,0.000,1.000,182.4336,204.7611
ROI_049/patch_74,own,0–16,1,6436,0.000,1.000,47.4349,51.7021
ROI_049/patch_74,own,16–32,1,18383,0.000,1.000,58.7984,62.8938
ROI_049/patch_74,own,32–64,1,68695,0.000,1.000,76.3235,80.5864
ROI_049/patch_74,own,64–128,1,228087,0.000,1.000,130.7531,136.2479
ROI_049/patch_74,own,≥128,1,1775551,0.000,1.000,160.7386,172.5311
ROI_049/patch_75,nearest,0–16,1,6431,1.000,1.000,,
ROI_049/patch_75,nearest,16–32,1,18074,1.000,1.000,,
ROI_049/patch_75,nearest,32–64,1,58647,1.000,1.000,,
ROI_049/patch_75,nearest,64–128,1,111988,1.000,1.000,,
ROI_049/patch_75,nearest,≥128,1,67004,1.000,1.000,,
ROI_049/patch_75,own,0–16,1,6431,1.000,1.000,,
ROI_049/patch_75,own,16–32,1,18672,1.000,1.000,,
ROI_049/patch_75,own,32–64,1,71070,1.000,1.000,,
ROI_049/patch_75,own,64–128,1,216559,1.000,1.000,,
ROI_049/patch_75,own,≥128,1,1784420,0.900,1.000,766.7141,842.8956
ROI_049/patch_77,nearest,0–16,1,6442,1.000,1.000,,
ROI_049/patch_77,nearest,16–32,1,18538,1.000,1.000,,
ROI_049/patch_77,nearest,32–64,1,65044,1.000,1.000,,
ROI_049/patch_77,nearest,64–128,1,128062,1.000,1.000,,
ROI_049/patch_77,nearest,≥128,1,44058,1.000,1.000,,
ROI_049/patch_77,own,0–16,1,6442,1.000,1.000,,
ROI_049/patch_77,own,16–32,1,18704,1.000,1.000,,
ROI_049/patch_77,own,32–64,1,71840,1.000,1.000,,
ROI_049/patch_77,own,64–128,1,254990,1.000,1.000,,
ROI_049/patch_77,own,≥128,1,1745176,1.000,1.000,,
ROI_049/patch_80,nearest,0–16,1,7101,0.000,1.000,28.1878,45.6611
ROI_049/patch_80,nearest,16–32,1,19504,0.000,1.000,29.9023,44.0887
ROI_049/patch_80,nearest,32–64,1,64264,0.000,1.000,36.7494,49.1177
ROI_049/patch_80,nearest,64–128,1,138254,0.000,1.000,41.8512,62.3083
ROI_049/patch_80,nearest,≥128,1,33021,0.000,1.000,130.8313,258.4155
ROI_049/patch_80,own,0–16,1,7101,0.000,1.000,26.4850,43.1351
ROI_049/patch_80,own,16–32,1,19530,0.000,1.000,29.5593,44.0709
ROI_049/patch_80,own,32–64,1,70266,0.000,1.000,36.7223,48.6586
ROI_049/patch_80,own,64–128,1,248753,0.000,1.000,32.2175,53.1996
ROI_049/patch_80,own,≥128,1,2013646,0.000,1.000,34.5925,63.9574
ROI_049/patch_82,nearest,0–16,1,6432,0.000,1.000,47.2225,67.2012
ROI_049/patch_82,nearest,16–32,1,19293,0.000,1.000,46.7113,85.1819
ROI_049/patch_82,nearest,32–64,1,73650,0.000,1.000,39.9108,81.8393
ROI_049/patch_82,nearest,64–128,1,119776,0.000,1.000,152.8933,215.7150
ROI_049/patch_82,nearest,≥128,1,42993,0.000,1.000,306.8488,354.1421
ROI_049/patch_82,own,0–16,1,6432,0.000,1.000,47.6270,66.0636
ROI_049/patch_82,own,16–32,1,19293,0.000,1.000,44.4739,77.9444
ROI_049/patch_82,own,32–64,1,74005,0.000,1.000,43.4678,104.4996
ROI_049/patch_82,own,64–128,1,252365,0.000,1.000,94.5965,131.3242
ROI_049/patch_82,own,≥128,1,1745057,0.000,1.000,84.1113,136.5132
ROI_049/patch_83,nearest,0–16,1,6427,0.000,1.000,246.2602,261.7400
ROI_049/patch_83,nearest,16–32,1,19298,0.000,1.000,185.3225,213.8140
ROI_049/patch_83,nearest,32–64,1,66887,0.000,1.000,210.2715,246.6929
ROI_049/patch_83,nearest,64–128,1,97916,0.000,1.000,158.2840,229.3171
ROI_049/patch_83,nearest,≥128,1,71616,0.000,1.000,47.7042,139.3098
ROI_049/patch_83,own,0–16,1,6427,0.000,1.000,251.6232,266.9064
ROI_049/patch_83,own,16–32,1,19298,0.000,1.000,187.2384,216.1746
ROI_049/patch_83,own,32–64,1,73982,0.000,1.000,198.7104,235.4913
ROI_049/patch_83,own,64–128,1,264339,0.000,1.000,184.2324,235.9292
ROI_049/patch_83,own,≥128,1,1733106,0.000,1.000,94.9636,131.5475
ROI_049/patch_84,nearest,0–16,1,6436,0.000,1.000,7.6801,8.7102
ROI_049/patch_84,nearest,16–32,1,19119,0.000,1.000,8.6290,9.6072
ROI_049/patch_84,nearest,32–64,1,64407,0.000,1.000,18.5860,19.7974
ROI_049/patch_84,nearest,64–128,1,113074,0.000,1.000,11.9043,12.5911
ROI_049/patch_84,nearest,≥128,1,59108,0.000,1.000,20.1120,21.0067
ROI_049/patch_84,own,0–16,1,6436,0.000,1.000,7.6071,8.6411
ROI_049/patch_84,own,16–32,1,19119,0.000,1.000,9.2631,10.2279
ROI_049/patch_84,own,32–64,1,71005,0.000,1.000,17.8024,18.6301
ROI_049/patch_84,own,64–128,1,254004,0.000,1.000,10.7353,11.8976
ROI_049/patch_84,own,≥128,1,1746588,0.000,1.000,15.7184,16.4131
ROI_049/patch_85,nearest,0–16,1,6419,0.000,1.000,7.3058,8.3448
ROI_049/patch_85,nearest,16–32,1,19083,0.000,1.000,7.2722,8.2722
ROI_049/patch_85,nearest,32–64,1,65900,0.000,1.000,7.4204,8.3588
ROI_049/patch_85,nearest,64–128,1,125142,0.000,1.000,19.0391,20.0145
ROI_049/patch_85,nearest,≥128,1,45600,0.000,1.000,79.2740,80.9338
ROI_049/patch_85,own,0–16,1,6419,0.000,1.000,7.3708,8.4015
ROI_049/patch_85,own,16–32,1,19083,0.000,1.000,7.2802,8.2880
ROI_049/patch_85,own,32–64,1,68791,0.000,1.000,7.4702,8.4104
ROI_049/patch_85,own,64–128,1,227880,0.000,1.000,12.0806,13.0456
ROI_049/patch_85,own,≥128,1,1774979,0.000,1.000,16.6670,17.7417
ROI_049/patch_86,nearest,0–16,1,6439,0.000,1.000,7.9349,31.9865
ROI_049/patch_86,nearest,16–32,1,18699,0.000,1.000,7.5987,24.5010
ROI_049/patch_86,nearest,32–64,1,67522,0.000,1.000,3.3768,9.6071
ROI_049/patch_86,nearest,64–128,1,142375,0.000,1.000,4.8221,10.2477
ROI_049/patch_86,nearest,≥128,1,27109,0.000,1.000,14.1035,18.6962
ROI_049/patch_86,own,0–16,1,6439,0.000,1.000,7.1544,27.0232
ROI_049/patch_86,own,16–32,1,18699,0.000,1.000,6.2666,19.2766
ROI_049/patch_86,own,32–64,1,70267,0.000,1.000,3.3060,9.8112
ROI_049/patch_86,own,64–128,1,238180,0.000,1.000,3.6756,9.4395
ROI_049/patch_86,own,≥128,1,1763567,0.000,1.000,6.3663,14.3592
ROI_049/patch_88,nearest,0–16,1,6309,0.850,1.000,34.7880,565.2736
ROI_049/patch_88,nearest,16–32,1,18396,0.800,1.000,53.5540,525.1028
ROI_049/patch_88,nearest,32–64,1,70469,0.900,1.000,55.5185,709.4337
ROI_049/patch_88,nearest,64–128,1,142733,0.100,1.000,24.0774,682.5558
ROI_049/patch_88,nearest,≥128,1,24237,0.000,1.000,186.7127,715.1594
ROI_049/patch_88,own,0–16,1,6309,0.900,1.000,48.4692,601.5065
ROI_049/patch_88,own,16–32,1,18396,0.750,1.000,49.6611,590.4974
ROI_049/patch_88,own,32–64,1,71074,0.850,1.000,46.8532,584.1041
ROI_049/patch_88,own,64–128,1,237691,0.650,1.000,32.8688,849.9493
ROI_049/patch_88,own,≥128,1,1763682,0.450,1.000,32.3960,670.7549
ROI_049/patch_90,nearest,0–16,1,6446,0.000,1.000,41.5321,49.2055
ROI_049/patch_90,nearest,16–32,1,18402,0.000,1.000,42.1223,53.2940
ROI_049/patch_90,nearest,32–64,1,61352,0.000,1.000,42.6376,55.0733
ROI_049/patch_90,nearest,64–128,1,134611,0.000,1.000,33.5896,48.1509
ROI_049/patch_90,nearest,≥128,1,41333,0.000,1.000,158.5043,195.6345
ROI_049/patch_90,own,0–16,1,6446,0.000,1.000,41.2562,49.1196
ROI_049/patch_90,own,16–32,1,18402,0.000,1.000,43.8938,55.0489
ROI_049/patch_90,own,32–64,1,66053,0.000,1.000,42.5439,57.8245
ROI_049/patch_90,own,64–128,1,240580,0.000,1.000,29.3755,44.9638
ROI_049/patch_90,own,≥128,1,1765671,0.000,1.000,41.6320,63.3347
ROI_049/patch_91,nearest,0–16,1,6440,0.000,1.000,7.8282,9.6248
ROI_049/patch_91,nearest,16–32,1,19100,0.000,1.000,7.9562,9.8630
ROI_049/patch_91,nearest,32–64,1,56309,0.000,1.000,9.1802,11.6693
ROI_049/patch_91,nearest,64–128,1,97419,0.000,1.000,12.8206,15.8023
ROI_049/patch_91,nearest,≥128,1,82876,0.000,1.000,69.0420,110.1413
ROI_049/patch_91,own,0–16,1,6440,0.000,1.000,7.9537,9.7490
ROI_049/patch_91,own,16–32,1,19310,0.000,1.000,8.1966,10.1252
ROI_049/patch_91,own,32–64,1,75090,0.000,1.000,8.6936,10.8598
ROI_049/patch_91,own,64–128,1,260037,0.000,1.000,14.0317,16.5459
ROI_049/patch_91,own,≥128,1,1736275,0.000,1.000,45.6649,65.6042
ROI_049/patch_93,nearest,0–16,1,6429,0.000,1.000,127.2181,135.1403
ROI_049/patch_93,nearest,16–32,1,18885,0.000,1.000,127.6075,147.4017
ROI_049/patch_93,nearest,32–64,1,61838,0.000,1.000,177.5395,249.0332
ROI_049/patch_93,nearest,64–128,1,105103,0.000,1.000,190.0989,360.8799
ROI_049/patch_93,nearest,≥128,1,69889,0.000,1.000,192.6218,598.5813
ROI_049/patch_93,own,0–16,1,6429,0.000,1.000,130.3172,139.2360
ROI_049/patch_93,own,16–32,1,19306,0.000,1.000,128.2773,146.0454
ROI_049/patch_93,own,32–64,1,76437,0.000,1.000,173.4181,238.5261
ROI_049/patch_93,own,64–128,1,261606,0.000,1.000,200.4713,318.9954
ROI_049/patch_93,own,≥128,1,1733374,0.000,1.000,324.7263,484.2517
ROI_049/patch_96,nearest,0–16,1,6441,1.000,1.000,,
ROI_049/patch_96,nearest,16–32,1,19089,1.000,1.000,,
ROI_049/patch_96,nearest,32–64,1,64376,1.000,1.000,,
ROI_049/patch_96,nearest,64–128,1,104909,1.000,1.000,,
ROI_049/patch_96,nearest,≥128,1,67329,1.000,1.000,,
ROI_049/patch_96,own,0–16,1,6441,1.000,1.000,,
ROI_049/patch_96,own,16–32,1,19302,1.000,1.000,,
ROI_049/patch_96,own,32–64,1,77197,1.000,1.000,,
ROI_049/patch_96,own,64–128,1,284124,1.000,1.000,,
ROI_049/patch_96,own,≥128,1,1710088,0.850,1.000,404.7403,535.0559
ROI_049/patch_98,nearest,0–16,1,6373,0.000,1.000,27.9535,40.1493
ROI_049/patch_98,nearest,16–32,1,17652,0.000,1.000,36.0105,57.2480
ROI_049/patch_98,nearest,32–64,1,46598,0.000,1.000,58.4972,96.4492
ROI_049/patch_98,nearest,64–128,1,90190,0.000,1.000,116.8159,162.9214
ROI_049/patch_98,nearest,≥128,1,101331,0.100,1.000,685.1094,747.7806
ROI_049/patch_98,own,0–16,1,6373,0.000,1.000,19.1291,26.3703
ROI_049/patch_98,own,16–32,1,18419,0.000,1.000,41.2476,64.8790
ROI_049/patch_98,own,32–64,1,70303,0.000,1.000,50.0642,88.5482
ROI_049/patch_98,own,64–128,1,263447,0.000,1.000,86.0961,134.4197
ROI_049/patch_98,own,≥128,1,1738610,0.000,1.000,302.1532,381.2298
ROI_049/patch_99,,,excluded,,,,,
ROI_049/patch_103,,,excluded,,,,,
ROI_049/patch_104,nearest,0–16,1,6326,0.000,1.000,68.7061,280.8671
ROI_049/patch_104,nearest,16–32,1,17928,0.000,1.000,52.5361,226.3928
ROI_049/patch_104,nearest,32–64,1,64857,0.000,1.000,51.4071,210.0045
ROI_049/patch_104,nearest,64–128,1,118317,0.000,1.000,105.4006,214.7520
ROI_049/patch_104,nearest,≥128,1,54716,0.000,1.000,245.0345,260.5368
ROI_049/patch_104,own,0–16,1,6326,0.000,1.000,69.5820,281.3687
ROI_049/patch_104,own,16–32,1,17928,0.000,1.000,53.6547,242.3787
ROI_049/patch_104,own,32–64,1,69351,0.000,1.000,52.6217,203.3057
ROI_049/patch_104,own,64–128,1,240799,0.000,1.000,74.4016,152.6850
ROI_049/patch_104,own,≥128,1,1762748,0.000,1.000,97.7959,170.4859
ROI_049/patch_105,nearest,0–16,1,6430,0.100,1.000,515.5298,551.6328
ROI_049/patch_105,nearest,16–32,1,18825,0.400,1.000,534.2507,555.7217
ROI_049/patch_105,nearest,32–64,1,64592,0.750,1.000,418.5136,449.9532
ROI_049/patch_105,nearest,64–128,1,126836,0.250,1.000,424.8209,510.2991
ROI_049/patch_105,nearest,≥128,1,45461,0.950,1.000,342.9337,1644.6213
ROI_049/patch_105,own,0–16,1,6430,0.150,1.000,533.1321,569.7163
ROI_049/patch_105,own,16–32,1,18825,0.300,1.000,538.1929,557.1406
ROI_049/patch_105,own,32–64,1,70991,0.800,1.000,505.7692,523.4747
ROI_049/patch_105,own,64–128,1,229388,0.400,1.000,478.0171,513.4440
ROI_049/patch_105,own,≥128,1,1771518,0.050,1.000,348.2454,393.4688
ROI_049/patch_106,nearest,0–16,1,6438,0.000,1.000,172.1247,682.8298
ROI_049/patch_106,nearest,16–32,1,19123,0.000,1.000,91.9085,461.9224
ROI_049/patch_106,nearest,32–64,1,62227,0.000,1.000,91.2275,291.9619
ROI_049/patch_106,nearest,64–128,1,117479,0.000,1.000,131.5745,210.9321
ROI_049/patch_106,nearest,≥128,1,56877,0.050,1.000,413.7575,437.5758
ROI_049/patch_106,own,0–16,1,6438,0.000,1.000,172.9097,674.5737
ROI_049/patch_106,own,16–32,1,19123,0.000,1.000,91.3764,444.4120
ROI_049/patch_106,own,32–64,1,69729,0.000,1.000,95.1463,276.7932
ROI_049/patch_106,own,64–128,1,238990,0.000,1.000,130.3641,206.6242
ROI_049/patch_106,own,≥128,1,1762872,0.000,1.000,193.7308,290.0459
ROI_049/patch_107,nearest,0–16,1,6274,0.000,1.000,5.7391,6.8136
ROI_049/patch_107,nearest,16–32,1,17653,0.000,1.000,5.8542,6.9631
ROI_049/patch_107,nearest,32–64,1,64742,0.000,1.000,6.5197,7.9565
ROI_049/patch_107,nearest,64–128,1,133532,0.000,1.000,25.3507,27.0671
ROI_049/patch_107,nearest,≥128,1,39943,0.000,1.000,97.8365,100.5396
ROI_049/patch_107,own,0–16,1,6274,0.000,1.000,5.7485,6.8309
ROI_049/patch_107,own,16–32,1,17653,0.000,1.000,5.9464,6.9986
ROI_049/patch_107,own,32–64,1,68178,0.000,1.000,6.3367,7.6724
ROI_049/patch_107,own,64–128,1,248754,0.000,1.000,19.6646,21.7902
ROI_049/patch_107,own,≥128,1,1756293,0.000,1.000,21.3273,23.2637
ROI_049/patch_108,nearest,0–16,1,6434,1.000,1.000,,
ROI_049/patch_108,nearest,16–32,1,19289,1.000,1.000,,
ROI_049/patch_108,nearest,32–64,1,66908,1.000,1.000,,
ROI_049/patch_108,nearest,64–128,1,103211,1.000,1.000,,
ROI_049/patch_108,nearest,≥128,1,66302,1.000,1.000,,
ROI_049/patch_108,own,0–16,1,6434,1.000,1.000,,
ROI_049/patch_108,own,16–32,1,19289,1.000,1.000,,
ROI_049/patch_108,own,32–64,1,73088,1.000,1.000,,
ROI_049/patch_108,own,64–128,1,237492,1.000,1.000,,
ROI_049/patch_108,own,≥128,1,1760849,1.000,1.000,,
ROI_049/patch_109,nearest,0–16,1,6196,0.000,1.000,19.3666,29.9888
ROI_049/patch_109,nearest,16–32,1,18266,0.000,1.000,21.8910,33.3683
ROI_049/patch_109,nearest,32–64,1,65819,0.000,1.000,46.4417,67.4431
ROI_049/patch_109,nearest,64–128,1,128044,0.000,1.000,48.1080,69.1544
ROI_049/patch_109,nearest,≥128,1,43819,0.000,1.000,22.3049,34.2560
ROI_049/patch_109,own,0–16,1,6196,0.000,1.000,19.5614,30.4784
ROI_049/patch_109,own,16–32,1,18266,0.000,1.000,21.9450,33.8998
ROI_049/patch_109,own,32–64,1,66629,0.000,1.000,43.9106,61.8472
ROI_049/patch_109,own,64–128,1,211844,0.000,1.000,45.9363,63.3450
ROI_049/patch_109,own,≥128,1,1794217,0.000,1.000,39.9921,60.7612
ROI_049/patch_110,nearest,0–16,1,6040,0.000,1.000,22.0508,24.4956
ROI_049/patch_110,nearest,16–32,1,18098,0.000,1.000,12.6635,21.3324
ROI_049/patch_110,nearest,32–64,1,66041,0.000,1.000,15.5613,27.0584
ROI_049/patch_110,nearest,64–128,1,131420,0.000,1.000,48.5641,93.2670
ROI_049/patch_110,nearest,≥128,1,40545,0.000,1.000,49.5793,211.7319
ROI_049/patch_110,own,0–16,1,6040,0.000,1.000,19.2469,22.1451
ROI_049/patch_110,own,16–32,1,18098,0.000,1.000,13.3265,19.6059
ROI_049/patch_110,own,32–64,1,70479,0.000,1.000,12.3887,24.0550
ROI_049/patch_110,own,64–128,1,227702,0.000,1.000,27.8114,65.8114
ROI_049/patch_110,own,≥128,1,1774833,0.000,1.000,52.1285,101.9339
ROI_049/patch_111,nearest,0–16,1,6303,0.000,1.000,54.3677,65.3048
ROI_049/patch_111,nearest,16–32,1,18200,0.000,1.000,50.9464,55.2319
ROI_049/patch_111,nearest,32–64,1,65192,0.000,1.000,28.5427,30.7912
ROI_049/patch_111,nearest,64–128,1,121634,0.000,1.000,28.2999,31.0107
ROI_049/patch_111,nearest,≥128,1,50815,0.000,1.000,47.0274,55.8776
ROI_049/patch_111,own,0–16,1,6303,0.000,1.000,55.4786,66.4738
ROI_049/patch_111,own,16–32,1,18200,0.000,1.000,41.3118,45.3129
ROI_049/patch_111,own,32–64,1,66212,0.000,1.000,25.9667,28.2458
ROI_049/patch_111,own,64–128,1,226695,0.000,1.000,27.6377,31.8574
ROI_049/patch_111,own,≥128,1,1779742,0.000,1.000,48.7728,52.4320
ROI_049/patch_112,nearest,0–16,1,6427,0.000,1.000,5.1353,7.1048
ROI_049/patch_112,nearest,16–32,1,17761,0.000,1.000,5.4968,7.4132
ROI_049/patch_112,nearest,32–64,1,66218,0.000,1.000,9.9373,12.2671
ROI_049/patch_112,nearest,64–128,1,137952,0.000,1.000,26.8199,32.3086
ROI_049/patch_112,nearest,≥128,1,33786,0.000,1.000,42.0862,82.9170
ROI_049/patch_112,own,0–16,1,6427,0.000,1.000,5.0444,7.0320
ROI_049/patch_112,own,16–32,1,17761,0.000,1.000,5.6147,7.5140
ROI_049/patch_112,own,32–64,1,66251,0.000,1.000,10.6524,12.9738
ROI_049/patch_112,own,64–128,1,232773,0.000,1.000,23.6696,29.2603
ROI_049/patch_112,own,≥128,1,1773940,0.000,1.000,39.9332,50.4092
ROI_070/patch_0,nearest,0–16,1,6430,0.000,1.000,73.2526,134.1954
ROI_070/patch_0,nearest,16–32,1,19061,0.000,1.000,70.3806,134.3698
ROI_070/patch_0,nearest,32–64,1,71960,0.000,1.000,74.9205,154.6459
ROI_070/patch_0,nearest,64–128,1,144324,0.000,1.000,22.6441,49.7716
ROI_070/patch_0,nearest,≥128,1,20369,0.000,1.000,39.0051,48.2682
ROI_070/patch_0,own,0–16,1,6430,0.000,1.000,72.4925,132.0060
ROI_070/patch_0,own,16–32,1,19061,0.000,1.000,77.8398,151.9359
ROI_070/patch_0,own,32–64,1,72957,0.000,1.000,63.8664,140.7138
ROI_070/patch_0,own,64–128,1,244164,0.000,1.000,20.2586,48.1053
ROI_070/patch_0,own,≥128,1,1754540,0.000,1.000,35.8595,71.3438
ROI_070/patch_1,nearest,0–16,1,6358,0.000,1.000,1.6636,3.8702
ROI_070/patch_1,nearest,16–32,1,18482,0.000,1.000,1.7284,3.9152
ROI_070/patch_1,nearest,32–64,1,68172,0.000,1.000,1.9570,4.1421
ROI_070/patch_1,nearest,64–128,1,124113,0.000,1.000,5.7723,8.2742
ROI_070/patch_1,nearest,≥128,1,45019,0.000,1.000,23.7003,30.2411
ROI_070/patch_1,own,0–16,1,6358,0.000,1.000,1.6976,3.9096
ROI_070/patch_1,own,16–32,1,18482,0.000,1.000,1.6966,3.8956
ROI_070/patch_1,own,32–64,1,68414,0.000,1.000,1.8441,4.0476
ROI_070/patch_1,own,64–128,1,230067,0.000,1.000,3.1554,5.4749
ROI_070/patch_1,own,≥128,1,1773831,0.000,1.000,2.7089,5.0744
ROI_070/patch_2,nearest,0–16,1,6425,0.000,1.000,5.8600,7.7527
ROI_070/patch_2,nearest,16–32,1,18949,0.000,1.000,5.7169,7.6175
ROI_070/patch_2,nearest,32–64,1,63735,0.000,1.000,5.8208,7.7773
ROI_070/patch_2,nearest,64–128,1,128031,0.000,1.000,7.6124,10.1480
ROI_070/patch_2,nearest,≥128,1,45004,0.000,1.000,15.9137,18.7963
ROI_070/patch_2,own,0–16,1,6425,0.000,1.000,5.8825,7.8127
ROI_070/patch_2,own,16–32,1,18949,0.000,1.000,5.8465,7.7797
ROI_070/patch_2,own,32–64,1,67900,0.000,1.000,5.7839,7.7373
ROI_070/patch_2,own,64–128,1,236876,0.000,1.000,6.8093,9.1905
ROI_070/patch_2,own,≥128,1,1767002,0.000,1.000,8.4305,10.7682
ROI_070/patch_3,nearest,0–16,1,6432,0.000,1.000,3.5339,4.4787
ROI_070/patch_3,nearest,16–32,1,18831,0.000,1.000,3.8746,4.7263
ROI_070/patch_3,nearest,32–64,1,67350,0.000,1.000,6.2863,7.1434
ROI_070/patch_3,nearest,64–128,1,136777,0.000,1.000,6.6813,8.0227
ROI_070/patch_3,nearest,≥128,1,32754,0.000,1.000,33.9273,37.6354
ROI_070/patch_3,own,0–16,1,6432,0.000,1.000,3.5592,4.5407
ROI_070/patch_3,own,16–32,1,18831,0.000,1.000,3.8691,4.7070
ROI_070/patch_3,own,32–64,1,70054,0.000,1.000,4.8272,5.7307
ROI_070/patch_3,own,64–128,1,224740,0.000,1.000,6.9387,8.3599
ROI_070/patch_3,own,≥128,1,1777095,0.000,1.000,6.8974,8.4458
ROI_070/patch_4,nearest,0–16,1,6309,0.000,1.000,5.1651,8.4682
ROI_070/patch_4,nearest,16–32,1,18230,0.000,1.000,5.1865,9.3433
ROI_070/patch_4,nearest,32–64,1,66530,0.000,1.000,5.2601,8.3730
ROI_070/patch_4,nearest,64–128,1,134820,0.000,1.000,4.3438,6.6212
ROI_070/patch_4,nearest,≥128,1,36255,0.000,1.000,3.8024,5.6371
ROI_070/patch_4,own,0–16,1,6309,0.000,1.000,5.1959,8.4819
ROI_070/patch_4,own,16–32,1,18230,0.000,1.000,5.1084,10.0424
ROI_070/patch_4,own,32–64,1,67872,0.000,1.000,5.1652,8.1632
ROI_070/patch_4,own,64–128,1,231430,0.000,1.000,4.3538,6.7915
ROI_070/patch_4,own,≥128,1,1773311,0.000,1.000,4.3957,6.8829
ROI_070/patch_5,nearest,0–16,1,6440,0.000,1.000,3.8955,7.0072
ROI_070/patch_5,nearest,16–32,1,18922,0.000,1.000,3.9613,7.1806
ROI_070/patch_5,nearest,32–64,1,68902,0.000,1.000,4.0333,7.4485
ROI_070/patch_5,nearest,64–128,1,130985,0.000,1.000,4.0615,6.9671
ROI_070/patch_5,nearest,≥128,1,36895,0.000,1.000,7.3179,9.7234
ROI_070/patch_5,own,0–16,1,6440,0.000,1.000,3.8995,7.0396
ROI_070/patch_5,own,16–32,1,18922,0.000,1.000,3.9624,7.2010
ROI_070/patch_5,own,32–64,1,70319,0.000,1.000,4.0173,7.4267
ROI_070/patch_5,own,64–128,1,242692,0.000,1.000,4.0954,7.0109
ROI_070/patch_5,own,≥128,1,1758779,0.000,1.000,4.6255,7.5886
ROI_070/patch_6,nearest,0–16,1,6428,0.000,1.000,6.3795,9.7371
ROI_070/patch_6,nearest,16–32,1,18996,0.000,1.000,8.4355,12.1518
ROI_070/patch_6,nearest,32–64,1,68908,0.000,1.000,10.9353,16.5499
ROI_070/patch_6,nearest,64–128,1,127748,0.000,1.000,32.0427,42.3929
ROI_070/patch_6,nearest,≥128,1,40064,0.000,1.000,91.8365,107.5865
ROI_070/patch_6,own,0–16,1,6428,0.000,1.000,6.1675,9.4994
ROI_070/patch_6,own,16–32,1,18996,0.000,1.000,8.7345,12.6257
ROI_070/patch_6,own,32–64,1,70524,0.000,1.000,11.9238,16.8955
ROI_070/patch_6,own,64–128,1,244170,0.000,1.000,31.6172,41.2495
ROI_070/patch_6,own,≥128,1,1757034,0.000,1.000,18.1963,24.8262
ROI_070/patch_7,nearest,0–16,1,6251,0.000,1.000,225.5952,332.1459
ROI_070/patch_7,nearest,16–32,1,17972,0.000,1.000,247.1798,350.9788
ROI_070/patch_7,nearest,32–64,1,65436,0.000,1.000,246.6268,309.9765
ROI_070/patch_7,nearest,64–128,1,131247,0.000,1.000,123.0833,139.2041
ROI_070/patch_7,nearest,≥128,1,41238,0.000,1.000,238.7950,251.1478
ROI_070/patch_7,own,0–16,1,6251,0.000,1.000,224.9291,331.4586
ROI_070/patch_7,own,16–32,1,17972,0.000,1.000,239.6791,339.9205
ROI_070/patch_7,own,32–64,1,65916,0.000,1.000,243.2280,307.0769
ROI_070/patch_7,own,64–128,1,226656,0.000,1.000,182.2579,201.1192
ROI_070/patch_7,own,≥128,1,1780357,0.000,1.000,139.8991,161.7586
ROI_070/patch_8,nearest,0–16,1,6377,0.000,1.000,1.0710,3.1794
ROI_070/patch_8,nearest,16–32,1,18276,0.000,1.000,1.2645,3.3614
ROI_070/patch_8,nearest,32–64,1,65821,0.000,1.000,1.3336,3.5593
ROI_070/patch_8,nearest,64–128,1,134522,0.000,1.000,2.0899,7.9266
ROI_070/patch_8,nearest,≥128,1,37148,0.000,1.000,3.5985,10.2936
ROI_070/patch_8,own,0–16,1,6377,0.000,1.000,1.1163,3.1713
ROI_070/patch_8,own,16–32,1,18276,0.000,1.000,1.3144,3.3651
ROI_070/patch_8,own,32–64,1,67829,0.000,1.000,1.4666,3.7258
ROI_070/patch_8,own,64–128,1,241113,0.000,1.000,1.6023,7.2562
ROI_070/patch_8,own,≥128,1,1763557,0.000,1.000,1.4563,6.6915
ROI_070/patch_9,nearest,0–16,1,6430,0.000,1.000,1.3998,3.0560
ROI_070/patch_9,nearest,16–32,1,17559,0.000,1.000,1.7807,4.2060
ROI_070/patch_9,nearest,32–64,1,57438,0.000,1.000,2.6169,7.8008
ROI_070/patch_9,nearest,64–128,1,117216,0.000,1.000,4.9266,12.7663
ROI_070/patch_9,nearest,≥128,1,63501,0.000,1.000,6.2169,16.0525
ROI_070/patch_9,own,0–16,1,6430,0.000,1.000,1.4534,3.1892
ROI_070/patch_9,own,16–32,1,17559,0.000,1.000,1.7195,3.9437
ROI_070/patch_9,own,32–64,1,58234,0.000,1.000,2.4972,7.8902
ROI_070/patch_9,own,64–128,1,197914,0.000,1.000,4.4362,13.7407
ROI_070/patch_9,own,≥128,1,1817015,0.000,1.000,3.0225,7.9720
ROI_070/patch_10,nearest,0–16,1,6431,0.000,1.000,2.5361,3.3086
ROI_070/patch_10,nearest,16–32,1,18501,0.000,1.000,2.4600,3.2165
ROI_070/patch_10,nearest,32–64,1,60326,0.000,1.000,2.4507,3.4165
ROI_070/patch_10,nearest,64–128,1,107538,0.000,1.000,2.4973,3.5070
ROI_070/patch_10,nearest,≥128,1,69348,0.000,1.000,3.0678,5.6438
ROI_070/patch_10,own,0–16,1,6431,0.000,1.000,2.5181,3.2727
ROI_070/patch_10,own,16–32,1,18557,0.000,1.000,2.5569,3.3217
ROI_070/patch_10,own,32–64,1,67636,0.000,1.000,2.5063,3.4533
ROI_070/patch_10,own,64–128,1,235720,0.000,1.000,2.4124,3.5505
ROI_070/patch_10,own,≥128,1,1768808,0.000,1.000,2.3409,3.4785
ROI_070/patch_11,nearest,0–16,1,6429,0.000,1.000,1.6817,2.7082
ROI_070/patch_11,nearest,16–32,1,19283,0.000,1.000,1.5716,2.8562
ROI_070/patch_11,nearest,32–64,1,71605,0.000,1.000,1.7455,3.2441
ROI_070/patch_11,nearest,64–128,1,133135,0.000,1.000,1.6818,3.1312
ROI_070/patch_11,nearest,≥128,1,31692,0.000,1.000,1.4294,2.5818
ROI_070/patch_11,own,0–16,1,6429,0.000,1.000,1.6955,2.7389
ROI_070/patch_11,own,16–32,1,19283,0.000,1.000,1.5899,2.8234
ROI_070/patch_11,own,32–64,1,74689,0.000,1.000,1.7490,3.2752
ROI_070/patch_11,own,64–128,1,254590,0.000,1.000,1.7572,3.1904
ROI_070/patch_11,own,≥128,1,1742161,0.000,1.000,1.3482,2.8875
ROI_070/patch_12,nearest,0–16,1,6432,0.000,1.000,14.2729,16.3347
ROI_070/patch_12,nearest,16–32,1,19318,0.000,1.000,16.4292,18.5443
ROI_070/patch_12,nearest,32–64,1,71297,0.000,1.000,21.2241,23.8605
ROI_070/patch_12,nearest,64–128,1,116643,0.000,1.000,15.2700,19.4557
ROI_070/patch_12,nearest,≥128,1,48454,0.000,1.000,16.9032,23.6136
ROI_070/patch_12,own,0–16,1,6432,0.000,1.000,14.5303,16.6035
ROI_070/patch_12,own,16–32,1,19318,0.000,1.000,14.9054,16.8582
ROI_070/patch_12,own,32–64,1,73617,0.000,1.000,23.6151,26.4748
ROI_070/patch_12,own,64–128,1,249009,0.000,1.000,13.7256,17.0046
ROI_070/patch_12,own,≥128,1,1748776,0.000,1.000,23.6560,27.9956
ROI_070/patch_13,nearest,0–16,1,6412,0.000,1.000,2.9603,6.5520
ROI_070/patch_13,nearest,16–32,1,18033,0.000,1.000,4.1831,21.2034
ROI_070/patch_13,nearest,32–64,1,64707,0.000,1.000,5.0746,72.4933
ROI_070/patch_13,nearest,64–128,1,129799,0.000,1.000,4.6478,39.7822
ROI_070/patch_13,nearest,≥128,1,43193,0.000,1.000,4.7850,11.6818
ROI_070/patch_13,own,0–16,1,6412,0.000,1.000,3.0118,7.1912
ROI_070/patch_13,own,16–32,1,18033,0.000,1.000,4.4223,17.8215
ROI_070/patch_13,own,32–64,1,66120,0.000,1.000,4.7075,63.1457
ROI_070/patch_13,own,64–128,1,225252,0.000,1.000,6.6584,38.8738
ROI_070/patch_13,own,≥128,1,1781335,0.000,1.000,6.1212,31.4783
ROI_070/patch_14,nearest,0–16,1,6281,1.000,1.000,,
ROI_070/patch_14,nearest,16–32,1,17873,1.000,1.000,,
ROI_070/patch_14,nearest,32–64,1,65666,1.000,1.000,,
ROI_070/patch_14,nearest,64–128,1,115792,1.000,1.000,,
ROI_070/patch_14,nearest,≥128,1,56532,1.000,1.000,,
ROI_070/patch_14,own,0–16,1,6281,1.000,1.000,,
ROI_070/patch_14,own,16–32,1,17873,1.000,1.000,,
ROI_070/patch_14,own,32–64,1,65909,1.000,1.000,,
ROI_070/patch_14,own,64–128,1,223260,1.000,1.000,,
ROI_070/patch_14,own,≥128,1,1783829,1.000,1.000,,
ROI_070/patch_15,nearest,0–16,1,6075,0.000,1.000,2.8117,4.6526
ROI_070/patch_15,nearest,16–32,1,17354,0.000,1.000,2.9538,4.8725
ROI_070/patch_15,nearest,32–64,1,66969,0.000,1.000,2.9248,5.0946
ROI_070/patch_15,nearest,64–128,1,122235,0.000,1.000,14.4328,16.7843
ROI_070/patch_15,nearest,≥128,1,49511,0.000,1.000,48.2059,72.3209
ROI_070/patch_15,own,0–16,1,6075,0.000,1.000,2.8248,4.6694
ROI_070/patch_15,own,16–32,1,17354,0.000,1.000,2.9606,4.8688
ROI_070/patch_15,own,32–64,1,67929,0.000,1.000,3.1460,5.1862
ROI_070/patch_15,own,64–128,1,240811,0.000,1.000,9.8542,12.2074
ROI_070/patch_15,own,≥128,1,1764983,0.000,1.000,7.7147,11.6431
ROI_070/patch_16,nearest,0–16,1,6425,0.000,1.000,9.6658,53.1424
ROI_070/patch_16,nearest,16–32,1,19022,0.000,1.000,7.7922,45.5690
ROI_070/patch_16,nearest,32–64,1,60504,0.000,1.000,6.4949,23.8718
ROI_070/patch_16,nearest,64–128,1,97821,0.000,1.000,7.5331,22.1084
ROI_070/patch_16,nearest,≥128,1,78372,0.000,1.000,10.0328,12.6661
ROI_070/patch_16,own,0–16,1,6425,0.000,1.000,9.6253,53.3623
ROI_070/patch_16,own,16–32,1,19022,0.000,1.000,7.7888,47.0023
ROI_070/patch_16,own,32–64,1,64359,0.000,1.000,6.1942,23.2055
ROI_070/patch_16,own,64–128,1,199436,0.000,1.000,8.2492,23.2494
ROI_070/patch_16,own,≥128,1,1807910,0.000,1.000,8.0665,24.2049
ROI_070/patch_17,nearest,0–16,1,6406,0.000,1.000,1.0667,2.6296
ROI_070/patch_17,nearest,16–32,1,18298,0.000,1.000,1.1180,2.8475
ROI_070/patch_17,nearest,32–64,1,59982,0.000,1.000,1.5510,3.3893
ROI_070/patch_17,nearest,64–128,1,145238,0.000,1.000,2.3785,4.2383
ROI_070/patch_17,nearest,≥128,1,32220,0.000,1.000,2.8871,6.3293
ROI_070/patch_17,own,0–16,1,6406,0.000,1.000,1.0538,2.6266
ROI_070/patch_17,own,16–32,1,18298,0.000,1.000,1.1118,2.7705
ROI_070/patch_17,own,32–64,1,62245,0.000,1.000,1.4920,3.3098
ROI_070/patch_17,own,64–128,1,226522,0.000,1.000,2.0738,3.7758
ROI_070/patch_17,own,≥128,1,1783681,0.000,1.000,2.0356,4.0111
ROI_070/patch_18,nearest,0–16,1,6442,0.000,1.000,4.0025,6.1948
ROI_070/patch_18,nearest,16–32,1,19269,0.000,1.000,4.1025,6.3825
ROI_070/patch_18,nearest,32–64,1,66025,0.000,1.000,4.3676,6.7865
ROI_070/patch_18,nearest,64–128,1,118580,0.000,1.000,6.2665,8.7354
ROI_070/patch_18,nearest,≥128,1,51828,0.000,1.000,4.0718,7.0489
ROI_070/patch_18,own,0–16,1,6442,0.000,1.000,3.9993,6.1853
ROI_070/patch_18,own,16–32,1,19269,0.000,1.000,3.9565,6.2511
ROI_070/patch_18,own,32–64,1,71991,0.000,1.000,4.0383,6.2467
ROI_070/patch_18,own,64–128,1,246436,0.000,1.000,6.3572,9.0064
ROI_070/patch_18,own,≥128,1,1753014,0.000,1.000,4.6563,6.5495
ROI_070/patch_19,nearest,0–16,1,6186,0.000,1.000,2.6181,4.1322
ROI_070/patch_19,nearest,16–32,1,17504,0.000,1.000,2.3623,4.0843
ROI_070/patch_19,nearest,32–64,1,60709,0.000,1.000,2.0431,3.7542
ROI_070/patch_19,nearest,64–128,1,116168,0.000,1.000,1.6298,3.4315
ROI_070/patch_19,nearest,≥128,1,61577,0.000,1.000,1.0642,6.1809
ROI_070/patch_19,own,0–16,1,6186,0.000,1.000,2.5860,4.0886
ROI_070/patch_19,own,16–32,1,17504,0.000,1.000,2.4024,3.9618
ROI_070/patch_19,own,32–64,1,66148,0.000,1.000,2.0725,3.6341
ROI_070/patch_19,own,64–128,1,235104,0.000,1.000,1.8050,3.4582
ROI_070/patch_19,own,≥128,1,1772210,0.000,1.000,1.4879,3.5700
ROI_070/patch_20,nearest,0–16,1,6434,0.000,1.000,6.0393,6.9432
ROI_070/patch_20,nearest,16–32,1,19304,0.000,1.000,8.4692,9.5157
ROI_070/patch_20,nearest,32–64,1,72792,0.000,1.000,9.4677,11.0887
ROI_070/patch_20,nearest,64–128,1,125353,0.000,1.000,7.2475,9.0506
ROI_070/patch_20,nearest,≥128,1,38261,0.000,1.000,4.5156,6.5287
ROI_070/patch_20,own,0–16,1,6434,0.000,1.000,5.9923,6.8879
ROI_070/patch_20,own,16–32,1,19304,0.000,1.000,7.6145,8.7192
ROI_070/patch_20,own,32–64,1,73132,0.000,1.000,9.0117,10.4970
ROI_070/patch_20,own,64–128,1,261253,0.000,1.000,7.2916,8.8307
ROI_070/patch_20,own,≥128,1,1737029,0.000,1.000,5.2164,6.9694
ROI_070/patch_21,nearest,0–16,1,6439,0.000,1.000,7.5347,7.9890
ROI_070/patch_21,nearest,16–32,1,17994,0.000,1.000,6.9756,7.6154
ROI_070/patch_21,nearest,32–64,1,64630,0.000,1.000,5.3400,6.3452
ROI_070/patch_21,nearest,64–128,1,108828,0.000,1.000,4.3347,5.9158
ROI_070/patch_21,nearest,≥128,1,64253,0.000,1.000,4.6469,8.5622
ROI_070/patch_21,own,0–16,1,6439,0.000,1.000,7.5929,8.0434
ROI_070/patch_21,own,16–32,1,17994,0.000,1.000,7.2656,7.8710
ROI_070/patch_21,own,32–64,1,66294,0.000,1.000,5.4448,6.3127
ROI_070/patch_21,own,64–128,1,234218,0.000,1.000,5.0682,5.7995
ROI_070/patch_21,own,≥128,1,1772207,0.000,1.000,4.9611,6.1737
ROI_070/patch_22,nearest,0–16,1,6429,0.000,1.000,3.5973,6.2177
ROI_070/patch_22,nearest,16–32,1,18834,0.000,1.000,3.8685,6.3999
ROI_070/patch_22,nearest,32–64,1,65939,0.000,1.000,4.5508,7.0564
ROI_070/patch_22,nearest,64–128,1,109202,0.000,1.000,4.8485,7.2917
ROI_070/patch_22,nearest,≥128,1,61740,0.000,1.000,9.5977,12.2911
ROI_070/patch_22,own,0–16,1,6429,0.000,1.000,3.6035,6.2259
ROI_070/patch_22,own,16–32,1,18834,0.000,1.000,3.9125,6.4817
ROI_070/patch_22,own,32–64,1,68412,0.000,1.000,4.5175,7.0339
ROI_070/patch_22,own,64–128,1,237684,0.000,1.000,4.5910,6.9693
ROI_070/patch_22,own,≥128,1,1765793,0.000,1.000,3.6351,6.1087
ROI_070/patch_23,nearest,0–16,1,6428,0.000,1.000,2.3372,4.8579
ROI_070/patch_23,nearest,16–32,1,19300,0.000,1.000,2.3687,4.8454
ROI_070/patch_23,nearest,32–64,1,61640,0.000,1.000,2.4545,4.6360
ROI_070/patch_23,nearest,64–128,1,122000,0.000,1.000,3.0690,5.4502
ROI_070/patch_23,nearest,≥128,1,52776,0.000,1.000,5.4848,7.3795
ROI_070/patch_23,own,0–16,1,6428,0.000,1.000,2.3057,4.7900
ROI_070/patch_23,own,16–32,1,19300,0.000,1.000,2.3993,4.9225
ROI_070/patch_23,own,32–64,1,69979,0.000,1.000,2.4569,4.6731
ROI_070/patch_23,own,64–128,1,250657,0.000,1.000,2.7389,5.0445
ROI_070/patch_23,own,≥128,1,1750788,0.000,1.000,3.2433,5.5117
ROI_070/patch_24,nearest,0–16,1,6407,0.000,1.000,2.4518,114.6918
ROI_070/patch_24,nearest,16–32,1,17733,0.000,1.000,2.3351,105.5555
ROI_070/patch_24,nearest,32–64,1,63222,0.000,1.000,1.8673,64.8961
ROI_070/patch_24,nearest,64–128,1,148605,0.000,1.000,1.8953,4.9289
ROI_070/patch_24,nearest,≥128,1,26177,0.000,1.000,2.5383,3.5701
ROI_070/patch_24,own,0–16,1,6407,0.000,1.000,2.4427,115.5140
ROI_070/patch_24,own,16–32,1,17733,0.000,1.000,2.3583,104.4733
ROI_070/patch_24,own,32–64,1,63222,0.000,1.000,1.6997,62.3913
ROI_070/patch_24,own,64–128,1,208865,0.000,1.000,1.9786,5.2479
ROI_070/patch_24,own,≥128,1,1800925,0.000,1.000,1.6009,11.8702
ROI_070/patch_25,nearest,0–16,1,6302,0.000,1.000,14.2433,16.0707
ROI_070/patch_25,nearest,16–32,1,18387,0.000,1.000,14.2647,16.1983
ROI_070/patch_25,nearest,32–64,1,57721,0.000,1.000,14.5028,16.3496
ROI_070/patch_25,nearest,64–128,1,111802,0.000,1.000,14.3387,16.2974
ROI_070/patch_25,nearest,≥128,1,67932,0.000,1.000,13.6744,16.0642
ROI_070/patch_25,own,0–16,1,6302,0.000,1.000,14.2439,16.0642
ROI_070/patch_25,own,16–32,1,18387,0.000,1.000,14.1963,16.1252
ROI_070/patch_25,own,32–64,1,65738,0.000,1.000,13.8375,15.7514
ROI_070/patch_25,own,64–128,1,214466,0.000,1.000,14.1529,16.2619
ROI_070/patch_25,own,≥128,1,1792259,0.000,1.000,13.7861,15.9687
ROI_070/patch_26,nearest,0–16,1,6429,0.000,1.000,5.1622,6.5100
ROI_070/patch_26,nearest,16–32,1,19282,0.000,1.000,5.1807,7.2843
ROI_070/patch_26,nearest,32–64,1,70253,0.000,1.000,5.0690,6.8423
ROI_070/patch_26,nearest,64–128,1,136333,0.000,1.000,5.2263,6.9748
ROI_070/patch_26,nearest,≥128,1,29847,0.000,1.000,22.0781,29.4337
ROI_070/patch_26,own,0–16,1,6429,0.000,1.000,5.1547,6.5157
ROI_070/patch_26,own,16–32,1,19282,0.000,1.000,4.9829,6.5909
ROI_070/patch_26,own,32–64,1,71803,0.000,1.000,5.2331,7.0964
ROI_070/patch_26,own,64–128,1,238638,0.000,1.000,5.2879,6.9031
ROI_070/patch_26,own,≥128,1,1761000,0.000,1.000,5.7981,7.5948
ROI_070/patch_27,nearest,0–16,1,6344,0.000,1.000,1.2083,1.7052
ROI_070/patch_27,nearest,16–32,1,16706,0.000,1.000,0.9763,1.7801
ROI_070/patch_27,nearest,32–64,1,52102,0.000,1.000,1.1866,1.9748
ROI_070/patch_27,nearest,64–128,1,115181,0.000,1.000,1.1536,2.2022
ROI_070/patch_27,nearest,≥128,1,71811,0.000,1.000,34.4501,37.5177
ROI_070/patch_27,own,0–16,1,6344,0.000,1.000,1.2002,1.6804
ROI_070/patch_27,own,16–32,1,16706,0.000,1.000,1.0524,1.9003
ROI_070/patch_27,own,32–64,1,57169,0.000,1.000,0.9826,1.8476
ROI_070/patch_27,own,64–128,1,204985,0.000,1.000,1.6833,2.8460
ROI_070/patch_27,own,≥128,1,1811948,0.000,1.000,11.1383,13.0876
ROI_070/patch_28,nearest,0–16,1,6429,0.000,1.000,3.0539,4.4799
ROI_070/patch_28,nearest,16–32,1,19174,0.000,1.000,2.8812,4.2740
ROI_070/patch_28,nearest,32–64,1,65964,0.000,1.000,2.6499,3.9036
ROI_070/patch_28,nearest,64–128,1,123125,0.000,1.000,2.4548,3.6406
ROI_070/patch_28,nearest,≥128,1,47452,0.000,1.000,3.8597,5.1412
ROI_070/patch_28,own,0–16,1,6429,0.000,1.000,2.9572,4.3779
ROI_070/patch_28,own,16–32,1,19174,0.000,1.000,2.9202,4.2911
ROI_070/patch_28,own,32–64,1,68607,0.000,1.000,2.7176,4.0099
ROI_070/patch_28,own,64–128,1,236806,0.000,1.000,2.6093,3.8360
ROI_070/patch_28,own,≥128,1,1766136,0.000,1.000,2.3877,3.8341
ROI_070/patch_29,nearest,0–16,1,6438,0.000,1.000,9.0553,14.9207
ROI_070/patch_29,nearest,16–32,1,19159,0.000,1.000,9.3812,15.0270
ROI_070/patch_29,nearest,32–64,1,66351,0.000,1.000,9.7017,14.9950
ROI_070/patch_29,nearest,64–128,1,124750,0.000,1.000,11.5849,16.8638
ROI_070/patch_29,nearest,≥128,1,45446,0.000,1.000,19.7875,27.0613
ROI_070/patch_29,own,0–16,1,6438,0.000,1.000,8.8786,14.6945
ROI_070/patch_29,own,16–32,1,19159,0.000,1.000,9.3663,15.0727
ROI_070/patch_29,own,32–64,1,72466,0.000,1.000,9.7326,14.7966
ROI_070/patch_29,own,64–128,1,263983,0.000,1.000,10.0682,15.2152
ROI_070/patch_29,own,≥128,1,1735106,0.000,1.000,10.9117,16.4586
ROI_070/patch_31,nearest,0–16,1,6328,0.000,1.000,2.1900,4.8749
ROI_070/patch_31,nearest,16–32,1,18437,0.000,1.000,2.4426,4.9748
ROI_070/patch_31,nearest,32–64,1,59789,0.000,1.000,2.8582,5.2327
ROI_070/patch_31,nearest,64–128,1,106830,0.000,1.000,1.7461,4.3453
ROI_070/patch_31,nearest,≥128,1,70760,0.000,1.000,1.9436,5.2191
ROI_070/patch_31,own,0–16,1,6328,0.000,1.000,2.1611,4.8155
ROI_070/patch_31,own,16–32,1,18437,0.000,1.000,2.4339,4.9691
ROI_070/patch_31,own,32–64,1,72748,0.000,1.000,2.8745,5.1404
ROI_070/patch_31,own,64–128,1,269904,0.000,1.000,2.0327,3.8538
ROI_070/patch_31,own,≥128,1,1729735,0.000,1.000,2.2928,6.0056
ROI_070/patch_33,nearest,0–16,1,6430,0.000,1.000,105.6910,147.8471
ROI_070/patch_33,nearest,16–32,1,19203,0.000,1.000,95.4440,135.8079
ROI_070/patch_33,nearest,32–64,1,63439,0.000,1.000,132.2610,165.2964
ROI_070/patch_33,nearest,64–128,1,140189,0.000,1.000,186.5603,211.9412
ROI_070/patch_33,nearest,≥128,1,32883,0.000,1.000,55.1241,81.1774
ROI_070/patch_33,own,0–16,1,6430,0.000,1.000,106.7862,147.5014
ROI_070/patch_33,own,16–32,1,19203,0.000,1.000,96.9835,134.3556
ROI_070/patch_33,own,32–64,1,72551,0.000,1.000,103.4342,145.0326
ROI_070/patch_33,own,64–128,1,257559,0.000,1.000,112.1357,129.5861
ROI_070/patch_33,own,≥128,1,1741409,0.000,1.000,167.3619,197.7270
ROI_070/patch_35,nearest,0–16,1,6438,0.000,1.000,6.5925,7.9095
ROI_070/patch_35,nearest,16–32,1,18854,0.000,1.000,7.2374,8.3036
ROI_070/patch_35,nearest,32–64,1,65501,0.000,1.000,7.6344,8.8641
ROI_070/patch_35,nearest,64–128,1,135867,0.000,1.000,12.8367,16.3718
ROI_070/patch_35,nearest,≥128,1,35484,0.000,1.000,22.9995,26.2245
ROI_070/patch_35,own,0–16,1,6438,0.000,1.000,6.6459,7.9395
ROI_070/patch_35,own,16–32,1,18854,0.000,1.000,7.2368,8.3134
ROI_070/patch_35,own,32–64,1,65948,0.000,1.000,7.1137,8.3706
ROI_070/patch_35,own,64–128,1,222784,0.000,1.000,15.3500,19.4160
ROI_070/patch_35,own,≥128,1,1783128,0.000,1.000,15.0070,18.9015
ROI_070/patch_36,nearest,0–16,1,6413,0.000,1.000,15.0808,17.1589
ROI_070/patch_36,nearest,16–32,1,19313,0.000,1.000,12.6546,14.5592
ROI_070/patch_36,nearest,32–64,1,68200,0.000,1.000,11.5290,13.2316
ROI_070/patch_36,nearest,64–128,1,133928,0.000,1.000,19.2262,21.6186
ROI_070/patch_36,nearest,≥128,1,34290,0.000,1.000,147.9225,158.8348
ROI_070/patch_36,own,0–16,1,6413,0.000,1.000,15.1967,17.2397
ROI_070/patch_36,own,16–32,1,19313,0.000,1.000,12.5156,14.3769
ROI_070/patch_36,own,32–64,1,72277,0.000,1.000,11.3985,13.1943
ROI_070/patch_36,own,64–128,1,238034,0.000,1.000,13.9317,15.8824
ROI_070/patch_36,own,≥128,1,1761115,0.000,1.000,15.7912,18.1408
ROI_070/patch_37,nearest,0–16,1,6451,0.000,1.000,166.9405,323.3826
ROI_070/patch_37,nearest,16–32,1,19287,0.000,1.000,172.3728,334.0634
ROI_070/patch_37,nearest,32–64,1,66758,0.000,1.000,126.5117,270.4296
ROI_070/patch_37,nearest,64–128,1,102540,0.000,1.000,160.5684,335.3235
ROI_070/patch_37,nearest,≥128,1,67108,0.000,1.000,229.1928,352.8990
ROI_070/patch_37,own,0–16,1,6451,0.000,1.000,165.0223,317.9122
ROI_070/patch_37,own,16–32,1,19287,0.000,1.000,175.5374,331.4401
ROI_070/patch_37,own,32–64,1,72228,0.000,1.000,155.9772,321.7556
ROI_070/patch_37,own,64–128,1,273033,0.000,1.000,157.9953,310.4134
ROI_070/patch_37,own,≥128,1,1726153,0.000,1.000,177.8123,325.6606
ROI_070/patch_38,nearest,0–16,1,6438,0.000,1.000,3.8432,4.8230
ROI_070/patch_38,nearest,16–32,1,18054,0.000,1.000,4.0966,5.1533
ROI_070/patch_38,nearest,32–64,1,56226,0.000,1.000,9.4528,18.3137
ROI_070/patch_38,nearest,64–128,1,124114,0.000,1.000,38.0414,208.3483
ROI_070/patch_38,nearest,≥128,1,57312,0.000,1.000,32.1691,573.8864
ROI_070/patch_38,own,0–16,1,6438,0.000,1.000,3.8329,4.8199
ROI_070/patch_38,own,16–32,1,19088,0.000,1.000,3.9962,5.0929
ROI_070/patch_38,own,32–64,1,67979,0.000,1.000,6.3434,13.7112
ROI_070/patch_38,own,64–128,1,222466,0.000,1.000,17.7083,132.6192
ROI_070/patch_38,own,≥128,1,1781181,0.000,1.000,25.6871,132.4495
ROI_070/patch_39,nearest,0–16,1,6070,0.000,1.000,3.3184,6.0956
ROI_070/patch_39,nearest,16–32,1,17036,0.000,1.000,3.3553,6.1788
ROI_070/patch_39,nearest,32–64,1,57094,0.000,1.000,4.6092,6.9227
ROI_070/patch_39,nearest,64–128,1,123728,0.000,1.000,4.5590,7.4105
ROI_070/patch_39,nearest,≥128,1,58216,0.000,1.000,12.9889,17.3439
ROI_070/patch_39,own,0–16,1,6070,0.000,1.000,3.3277,6.1623
ROI_070/patch_39,own,16–32,1,17036,0.000,1.000,3.3636,6.0608
ROI_070/patch_39,own,32–64,1,62709,0.000,1.000,4.5318,6.7527
ROI_070/patch_39,own,64–128,1,214821,0.000,1.000,4.7771,6.9134
ROI_070/patch_39,own,≥128,1,1796516,0.000,1.000,12.1785,16.3938
ROI_070/patch_40,nearest,0–16,1,6446,0.000,1.000,12.8040,16.2613
ROI_070/patch_40,nearest,16–32,1,18831,0.000,1.000,14.6092,18.4632
ROI_070/patch_40,nearest,32–64,1,64524,0.000,1.000,11.3516,14.8251
ROI_070/patch_40,nearest,64–128,1,140429,0.000,1.000,6.8827,10.4991
ROI_070/patch_40,nearest,≥128,1,31914,0.000,1.000,12.2662,14.9448
ROI_070/patch_40,own,0–16,1,6446,0.000,1.000,13.7237,17.2758
ROI_070/patch_40,own,16–32,1,18831,0.000,1.000,13.9167,17.6396
ROI_070/patch_40,own,32–64,1,66454,0.000,1.000,11.5356,15.2819
ROI_070/patch_40,own,64–128,1,232346,0.000,1.000,7.0546,10.5023
ROI_070/patch_40,own,≥128,1,1773075,0.000,1.000,8.3945,11.8320
ROI_070/patch_41,nearest,0–16,1,6335,0.000,1.000,4.0956,6.8266
ROI_070/patch_41,nearest,16–32,1,16517,0.000,1.000,15.2582,18.9736
ROI_070/patch_41,nearest,32–64,1,56179,0.000,1.000,12.1967,15.6518
ROI_070/patch_41,nearest,64–128,1,117809,0.000,1.000,7.9549,12.9335
ROI_070/patch_41,nearest,≥128,1,65304,0.000,1.000,5.1422,7.7462
ROI_070/patch_41,own,0–16,1,6358,0.000,1.000,4.1830,6.9235
ROI_070/patch_41,own,16–32,1,17913,0.000,1.000,9.5484,12.8745
ROI_070/patch_41,own,32–64,1,62907,0.000,1.000,9.9729,13.5507
ROI_070/patch_41,own,64–128,1,208797,0.000,1.000,9.7820,15.2226
ROI_070/patch_41,own,≥128,1,1801177,0.000,1.000,9.6718,14.4337
ROI_070/patch_42,nearest,0–16,1,6393,0.000,1.000,2.1467,3.9516
ROI_070/patch_42,nearest,16–32,1,17804,0.000,1.000,2.2227,3.9067
ROI_070/patch_42,nearest,32–64,1,59937,0.000,1.000,13.8855,15.0866
ROI_070/patch_42,nearest,64–128,1,103778,0.000,1.000,85.5837,89.4505
ROI_070/patch_42,nearest,≥128,1,74232,0.000,1.000,300.6012,326.5965
ROI_070/patch_42,own,0–16,1,6393,0.000,1.000,2.1302,3.9197
ROI_070/patch_42,own,16–32,1,17804,0.000,1.000,2.7895,4.5262
ROI_070/patch_42,own,32–64,1,65335,0.000,1.000,16.3712,17.6151
ROI_070/patch_42,own,64–128,1,214758,0.000,1.000,27.1877,29.8351
ROI_070/patch_42,own,≥128,1,1792862,0.000,1.000,60.7015,63.2940
ROI_070/patch_43,nearest,0–16,1,6437,0.000,1.000,1.2745,3.4200
ROI_070/patch_43,nearest,16–32,1,19293,0.000,1.000,1.2180,3.3123
ROI_070/patch_43,nearest,32–64,1,72121,0.000,1.000,1.0412,3.3437
ROI_070/patch_43,nearest,64–128,1,130350,0.000,1.000,5.3198,12.4467
ROI_070/patch_43,nearest,≥128,1,33943,0.000,1.000,67.1498,149.5931
ROI_070/patch_43,own,0–16,1,6437,0.000,1.000,1.2676,3.3637
ROI_070/patch_43,own,16–32,1,19293,0.000,1.000,1.2018,3.2954
ROI_070/patch_43,own,32–64,1,72474,0.000,1.000,1.0367,3.3374
ROI_070/patch_43,own,64–128,1,246931,0.000,1.000,3.5512,8.7687
ROI_070/patch_43,own,≥128,1,1752017,0.000,1.000,4.4913,9.7025
ROI_070/patch_45,nearest,0–16,1,6442,0.000,1.000,3.3270,3.9515
ROI_070/patch_45,nearest,16–32,1,19252,0.000,1.000,3.2437,3.8859
ROI_070/patch_45,nearest,32–64,1,68791,0.000,1.000,3.0711,3.9881
ROI_070/patch_45,nearest,64–128,1,143978,0.000,1.000,10.8495,13.9721
ROI_070/patch_45,nearest,≥128,1,23681,0.000,1.000,61.8159,69.0601
ROI_070/patch_45,own,0–16,1,6442,0.000,1.000,3.3460,3.9467
ROI_070/patch_45,own,16–32,1,19297,0.000,1.000,3.2562,3.8726
ROI_070/patch_45,own,32–64,1,74780,0.000,1.000,2.7875,3.8413
ROI_070/patch_45,own,64–128,1,265243,0.000,1.000,8.0310,10.5906
ROI_070/patch_45,own,≥128,1,1731390,0.000,1.000,13.3734,16.0683
ROI_070/patch_46,nearest,0–16,1,6429,0.000,1.000,3.0828,4.5311
ROI_070/patch_46,nearest,16–32,1,19298,0.000,1.000,2.5701,3.9331
ROI_070/patch_46,nearest,32–64,1,70460,0.000,1.000,2.5750,3.6356
ROI_070/patch_46,nearest,64–128,1,134236,0.000,1.000,6.2576,9.1325
ROI_070/patch_46,nearest,≥128,1,31721,0.000,1.000,18.0452,30.4062
ROI_070/patch_46,own,0–16,1,6429,0.000,1.000,3.0969,4.5324
ROI_070/patch_46,own,16–32,1,19298,0.000,1.000,2.4719,3.8691
ROI_070/patch_46,own,32–64,1,77193,0.000,1.000,2.6039,3.7169
ROI_070/patch_46,own,64–128,1,260847,0.000,1.000,5.2302,7.6262
ROI_070/patch_46,own,≥128,1,1733385,0.000,1.000,10.6256,16.0120
ROI_070/patch_47,nearest,0–16,1,6443,0.000,1.000,2.1031,3.6625
ROI_070/patch_47,nearest,16–32,1,19073,0.000,1.000,2.2815,3.9238
ROI_070/patch_47,nearest,32–64,1,63172,0.000,1.000,18.1567,20.6863
ROI_070/patch_47,nearest,64–128,1,103946,0.000,1.000,86.0228,92.9611
ROI_070/patch_47,nearest,≥128,1,69510,0.000,1.000,215.2728,220.5580
ROI_070/patch_47,own,0–16,1,6443,0.000,1.000,2.1287,3.6986
ROI_070/patch_47,own,16–32,1,19073,0.000,1.000,2.2707,4.0164
ROI_070/patch_47,own,32–64,1,71448,0.000,1.000,16.2129,18.5261
ROI_070/patch_47,own,64–128,1,251065,0.000,1.000,19.3346,23.3426
ROI_070/patch_47,own,≥128,1,1749123,0.000,1.000,33.4361,36.3586
ROI_070/patch_48,nearest,0–16,1,6218,0.000,1.000,5.7721,6.8949
ROI_070/patch_48,nearest,16–32,1,18199,0.000,1.000,6.2377,8.5925
ROI_070/patch_48,nearest,32–64,1,62718,0.000,1.000,16.7455,24.1631
ROI_070/patch_48,nearest,64–128,1,132837,0.000,1.000,23.8909,31.3366
ROI_070/patch_48,nearest,≥128,1,42172,0.000,1.000,64.6186,73.4653
ROI_070/patch_48,own,0–16,1,6218,0.000,1.000,5.3897,6.5710
ROI_070/patch_48,own,16–32,1,18199,0.000,1.000,6.1077,8.6890
ROI_070/patch_48,own,32–64,1,67051,0.000,1.000,16.7986,23.2163
ROI_070/patch_48,own,64–128,1,233459,0.000,1.000,29.9246,37.8213
ROI_070/patch_48,own,≥128,1,1772225,0.000,1.000,21.6675,30.2162
ROI_070/patch_49,nearest,0–16,1,6441,0.000,1.000,4.1464,5.8573
ROI_070/patch_49,nearest,16–32,1,17958,0.000,1.000,4.4600,6.3778
ROI_070/patch_49,nearest,32–64,1,63379,0.000,1.000,10.5264,12.8292
ROI_070/patch_49,nearest,64–128,1,151862,0.000,1.000,19.4442,22.4398
ROI_070/patch_49,nearest,≥128,1,22504,0.000,1.000,181.9667,192.0770
ROI_070/patch_49,own,0–16,1,6441,0.000,1.000,4.1118,5.8410
ROI_070/patch_49,own,16–32,1,18675,0.000,1.000,4.3526,6.1705
ROI_070/patch_49,own,32–64,1,68289,0.000,1.000,10.2798,12.6797
ROI_070/patch_49,own,64–128,1,238604,0.000,1.000,14.8525,18.0702
ROI_070/patch_49,own,≥128,1,1765143,0.000,1.000,21.7781,25.0397
ROI_070/patch_50,nearest,0–16,1,6437,0.000,1.000,5.1045,6.3074
ROI_070/patch_50,nearest,16–32,1,19303,0.000,1.000,5.0159,6.3857
ROI_070/patch_50,nearest,32–64,1,71753,0.000,1.000,6.1367,8.5649
ROI_070/patch_50,nearest,64–128,1,136247,0.000,1.000,36.4307,40.5934
ROI_070/patch_50,nearest,≥128,1,28404,0.000,1.000,217.3314,234.3902
ROI_070/patch_50,own,0–16,1,6437,0.000,1.000,5.0869,6.2652
ROI_070/patch_50,own,16–32,1,19303,0.000,1.000,5.1464,6.4915
ROI_070/patch_50,own,32–64,1,76554,0.000,1.000,5.2715,7.2473
ROI_070/patch_50,own,64–128,1,249832,0.000,1.000,12.6871,15.5225
ROI_070/patch_50,own,≥128,1,1745026,0.000,1.000,17.4944,20.4375
ROI_070/patch_51,nearest,0–16,1,6414,0.000,1.000,3.1067,4.0222
ROI_070/patch_51,nearest,16–32,1,19305,0.000,1.000,3.3483,4.3369
ROI_070/patch_51,nearest,32–64,1,63233,0.000,1.000,3.3114,4.4646
ROI_070/patch_51,nearest,64–128,1,117291,0.000,1.000,9.5969,10.7454
ROI_070/patch_51,nearest,≥128,1,55901,0.000,1.000,40.4485,47.0618
ROI_070/patch_51,own,0–16,1,6414,0.000,1.000,3.1352,4.0576
ROI_070/patch_51,own,16–32,1,19305,0.000,1.000,3.2787,4.2976
ROI_070/patch_51,own,32–64,1,72739,0.000,1.000,3.2928,4.4708
ROI_070/patch_51,own,64–128,1,251004,0.000,1.000,8.5864,9.7535
ROI_070/patch_51,own,≥128,1,1747690,0.000,1.000,23.9049,26.0636
ROI_070/patch_52,nearest,0–16,1,6430,0.000,1.000,3.5726,7.1636
ROI_070/patch_52,nearest,16–32,1,19136,0.000,1.000,3.6376,7.9033
ROI_070/patch_52,nearest,32–64,1,65164,0.000,1.000,3.6835,10.2675
ROI_070/patch_52,nearest,64–128,1,129247,0.000,1.000,18.7997,22.0521
ROI_070/patch_52,nearest,≥128,1,42167,0.000,1.000,285.0254,293.6227
ROI_070/patch_52,own,0–16,1,6430,0.000,1.000,3.5735,7.1420
ROI_070/patch_52,own,16–32,1,19136,0.000,1.000,3.6247,8.1061
ROI_070/patch_52,own,32–64,1,70354,0.000,1.000,3.7310,7.5512
ROI_070/patch_52,own,64–128,1,233872,0.000,1.000,8.5431,11.8024
ROI_070/patch_52,own,≥128,1,1767360,0.000,1.000,39.1840,42.2932
ROI_070/patch_53,nearest,0–16,1,6303,0.000,1.000,1.8950,4.9999
ROI_070/patch_53,nearest,16–32,1,18366,0.000,1.000,2.2238,8.7200
ROI_070/patch_53,nearest,32–64,1,64751,0.000,1.000,3.0390,7.2470
ROI_070/patch_53,nearest,64–128,1,120155,0.000,1.000,36.6919,41.5512
ROI_070/patch_53,nearest,≥128,1,52569,0.000,1.000,109.9065,117.1282
ROI_070/patch_53,own,0–16,1,6303,0.000,1.000,1.8555,3.9440
ROI_070/patch_53,own,16–32,1,18366,0.000,1.000,2.3940,8.3513
ROI_070/patch_53,own,32–64,1,67372,0.000,1.000,3.2806,7.5981
ROI_070/patch_53,own,64–128,1,217684,0.000,1.000,30.6151,36.0744
ROI_070/patch_53,own,≥128,1,1787427,0.000,1.000,28.7272,36.6558
ROI_070/patch_54,nearest,0–16,1,6427,0.000,1.000,58.8618,60.8966
ROI_070/patch_54,nearest,16–32,1,18781,0.000,1.000,59.2738,61.4047
ROI_070/patch_54,nearest,32–64,1,61584,0.000,1.000,61.1327,63.5099
ROI_070/patch_54,nearest,64–128,1,110497,0.000,1.000,68.8571,74.3828
ROI_070/patch_54,nearest,≥128,1,64855,0.000,1.000,99.8344,103.8052
ROI_070/patch_54,own,0–16,1,6427,0.000,1.000,58.7029,60.8489
ROI_070/patch_54,own,16–32,1,18781,0.000,1.000,59.1847,61.2405
ROI_070/patch_54,own,32–64,1,68329,0.000,1.000,60.7475,63.1273
ROI_070/patch_54,own,64–128,1,242889,0.000,1.000,67.9400,72.4102
ROI_070/patch_54,own,≥128,1,1760726,0.000,1.000,91.1829,95.0513
ROI_070/patch_57,nearest,0–16,1,6444,0.000,1.000,57.9603,97.1985
ROI_070/patch_57,nearest,16–32,1,18739,0.000,1.000,66.3242,95.6285
ROI_070/patch_57,nearest,32–64,1,63288,0.000,1.000,82.2636,94.4825
ROI_070/patch_57,nearest,64–128,1,120354,0.000,1.000,93.1426,116.6512
ROI_070/patch_57,nearest,≥128,1,53319,0.000,1.000,210.9812,284.6550
ROI_070/patch_57,own,0–16,1,6444,0.000,1.000,57.7220,98.2520
ROI_070/patch_57,own,16–32,1,18739,0.000,1.000,67.6465,93.2707
ROI_070/patch_57,own,32–64,1,71552,0.000,1.000,86.5062,94.7959
ROI_070/patch_57,own,64–128,1,261515,0.000,1.000,87.4772,108.1775
ROI_070/patch_57,own,≥128,1,1738902,0.000,1.000,105.5442,129.8355
ROI_070/patch_58,nearest,0–16,1,6430,0.000,1.000,58.1844,68.7003
ROI_070/patch_58,nearest,16–32,1,18474,0.000,1.000,61.7846,77.3202
ROI_070/patch_58,nearest,32–64,1,68655,0.000,1.000,61.6196,79.3589
ROI_070/patch_58,nearest,64–128,1,118901,0.000,1.000,84.9405,101.5044
ROI_070/patch_58,nearest,≥128,1,49684,0.000,1.000,147.3083,166.2904
ROI_070/patch_58,own,0–16,1,6430,0.000,1.000,58.2209,68.7049
ROI_070/patch_58,own,16–32,1,18474,0.000,1.000,62.3920,77.8525
ROI_070/patch_58,own,32–64,1,70202,0.000,1.000,63.6330,80.5561
ROI_070/patch_58,own,64–128,1,252339,0.000,1.000,84.9142,102.2820
ROI_070/patch_58,own,≥128,1,1749707,0.000,1.000,116.6191,136.2538
ROI_070/patch_59,nearest,0–16,1,6430,0.000,1.000,34.2320,104.1458
ROI_070/patch_59,nearest,16–32,1,18885,0.000,1.000,36.0956,104.0699
ROI_070/patch_59,nearest,32–64,1,67331,0.000,1.000,35.4189,91.5222
ROI_070/patch_59,nearest,64–128,1,108788,0.000,1.000,118.4954,178.1962
ROI_070/patch_59,nearest,≥128,1,60710,0.000,1.000,62.7418,75.3648
ROI_070/patch_59,own,0–16,1,6430,0.000,1.000,34.8509,105.0975
ROI_070/patch_59,own,16–32,1,18885,0.000,1.000,34.1925,105.3432
ROI_070/patch_59,own,32–64,1,71170,0.000,1.000,40.6277,104.1407
ROI_070/patch_59,own,64–128,1,249025,0.000,1.000,80.1929,131.1905
ROI_070/patch_59,own,≥128,1,1751642,0.000,1.000,60.3605,82.9436
ROI_070/patch_60,nearest,0–16,1,6404,0.000,1.000,174.1882,389.4346
ROI_070/patch_60,nearest,16–32,1,18570,0.000,1.000,175.9567,402.5692
ROI_070/patch_60,nearest,32–64,1,62559,0.000,1.000,168.6051,405.2527
ROI_070/patch_60,nearest,64–128,1,109045,0.000,1.000,125.8571,424.3857
ROI_070/patch_60,nearest,≥128,1,65566,0.000,1.000,188.2777,469.9277
ROI_070/patch_60,own,0–16,1,6404,0.000,1.000,169.3008,392.4328
ROI_070/patch_60,own,16–32,1,18570,0.000,1.000,189.9336,415.2583
ROI_070/patch_60,own,32–64,1,72130,0.000,1.000,183.6560,398.8293
ROI_070/patch_60,own,64–128,1,234234,0.100,1.000,248.5913,638.0535
ROI_070/patch_60,own,≥128,1,1765814,0.000,1.000,219.1003,493.1681
ROI_070/patch_61,nearest,0–16,1,5508,0.000,1.000,476.9241,667.8424
ROI_070/patch_61,nearest,16–32,1,15637,0.000,1.000,368.9116,501.2614
ROI_070/patch_61,nearest,32–64,1,44831,0.000,1.000,498.0657,625.4138
ROI_070/patch_61,nearest,64–128,1,93791,0.000,1.000,940.8594,1047.0152
ROI_070/patch_61,nearest,≥128,1,102377,0.450,1.000,1003.2952,1115.6872
ROI_070/patch_61,own,0–16,1,5508,0.000,1.000,511.7709,696.1520
ROI_070/patch_61,own,16–32,1,15637,0.000,1.000,405.4020,542.9485
ROI_070/patch_61,own,32–64,1,53352,0.000,1.000,529.4077,649.6563
ROI_070/patch_61,own,64–128,1,170299,0.000,1.000,672.6126,760.7530
ROI_070/patch_61,own,≥128,1,1590212,0.050,1.000,581.5550,753.8744
ROI_070/patch_62,nearest,0–16,1,6422,0.000,1.000,27.1414,30.3821
ROI_070/patch_62,nearest,16–32,1,19305,0.000,1.000,20.7296,24.3330
ROI_070/patch_62,nearest,32–64,1,69326,0.000,1.000,30.6421,34.9886
ROI_070/patch_62,nearest,64–128,1,122213,0.000,1.000,44.8005,61.6494
ROI_070/patch_62,nearest,≥128,1,44878,0.000,1.000,149.2915,220.5495
ROI_070/patch_62,own,0–16,1,6422,0.000,1.000,33.0091,36.5007
ROI_070/patch_62,own,16–32,1,19305,0.000,1.000,20.6407,24.2104
ROI_070/patch_62,own,32–64,1,76019,0.000,1.000,25.7223,29.8382
ROI_070/patch_62,own,64–128,1,258833,0.000,1.000,37.2885,46.4745
ROI_070/patch_62,own,≥128,1,1736573,0.000,1.000,37.8252,47.6461
ROI_070/patch_63,nearest,0–16,1,6402,1.000,1.000,,
ROI_070/patch_63,nearest,16–32,1,18412,1.000,1.000,,
ROI_070/patch_63,nearest,32–64,1,57505,1.000,1.000,,
ROI_070/patch_63,nearest,64–128,1,117196,0.500,1.000,2233.4133,3623.8223
ROI_070/patch_63,nearest,≥128,1,62629,0.950,1.000,1315.9710,7634.3940
ROI_070/patch_63,own,0–16,1,6402,1.000,1.000,,
ROI_070/patch_63,own,16–32,1,18413,1.000,1.000,,
ROI_070/patch_63,own,32–64,1,69044,1.000,1.000,,
ROI_070/patch_63,own,64–128,1,244946,0.850,1.000,2515.1419,3551.3219
ROI_070/patch_63,own,≥128,1,1758347,0.800,1.000,2524.4152,3738.4923
ROI_070/patch_66,nearest,0–16,1,6394,1.000,1.000,,
ROI_070/patch_66,nearest,16–32,1,17241,1.000,1.000,,
ROI_070/patch_66,nearest,32–64,1,60776,1.000,1.000,,
ROI_070/patch_66,nearest,64–128,1,107388,1.000,1.000,,
ROI_070/patch_66,nearest,≥128,1,70345,1.000,1.000,,
ROI_070/patch_66,own,0–16,1,6407,1.000,1.000,,
ROI_070/patch_66,own,16–32,1,18589,1.000,1.000,,
ROI_070/patch_66,own,32–64,1,72768,1.000,1.000,,
ROI_070/patch_66,own,64–128,1,254561,1.000,1.000,,
ROI_070/patch_66,own,≥128,1,1744827,1.000,1.000,,
ROI_070/patch_67,nearest,0–16,1,6417,0.000,1.000,126.3441,164.9649
ROI_070/patch_67,nearest,16–32,1,18420,0.000,1.000,131.7753,162.1798
ROI_070/patch_67,nearest,32–64,1,65610,0.000,1.000,125.4279,135.2385
ROI_070/patch_67,nearest,64–128,1,111280,0.000,1.000,196.7063,211.0650
ROI_070/patch_67,nearest,≥128,1,60417,0.000,1.000,672.9675,751.9546
ROI_070/patch_67,own,0–16,1,6417,0.000,1.000,127.0512,164.1383
ROI_070/patch_67,own,16–32,1,18596,0.000,1.000,129.6629,158.4982
ROI_070/patch_67,own,32–64,1,71967,0.000,1.000,134.5732,146.6062
ROI_070/patch_67,own,64–128,1,241215,0.000,1.000,179.4326,187.1133
ROI_070/patch_67,own,≥128,1,1758957,0.000,1.000,357.4358,372.9938
ROI_070/patch_69,nearest,0–16,1,6161,0.000,1.000,100.6913,363.8690
ROI_070/patch_69,nearest,16–32,1,17696,0.000,1.000,92.6587,376.7522
ROI_070/patch_69,nearest,32–64,1,57927,0.000,1.000,80.3570,492.5246
ROI_070/patch_69,nearest,64–128,1,116041,0.000,1.000,103.4984,591.3956
ROI_070/patch_69,nearest,≥128,1,64319,0.350,1.000,747.2028,1334.6894
ROI_070/patch_69,own,0–16,1,6161,0.000,1.000,99.1765,361.6423
ROI_070/patch_69,own,16–32,1,17696,0.000,1.000,92.5442,378.2072
ROI_070/patch_69,own,32–64,1,64009,0.000,1.000,106.5156,525.0400
ROI_070/patch_69,own,64–128,1,219629,0.000,1.000,110.7142,593.8001
ROI_070/patch_69,own,≥128,1,1789657,0.000,1.000,71.4003,583.5843
ROI_070/patch_70,nearest,0–16,1,6327,0.000,1.000,21.5342,62.1203
ROI_070/patch_70,nearest,16–32,1,18111,0.000,1.000,28.2182,61.0940
ROI_070/patch_70,nearest,32–64,1,62988,0.000,1.000,43.2675,66.9856
ROI_070/patch_70,nearest,64–128,1,86926,0.000,1.000,100.8626,139.2734
ROI_070/patch_70,nearest,≥128,1,87792,0.000,1.000,205.5865,263.2059
ROI_070/patch_70,own,0–16,1,6327,0.000,1.000,21.4041,62.1318
ROI_070/patch_70,own,16–32,1,18111,0.000,1.000,26.8227,57.7169
ROI_070/patch_70,own,32–64,1,68951,0.000,1.000,48.7974,70.1762
ROI_070/patch_70,own,64–128,1,239694,0.000,1.000,46.4664,75.1492
ROI_070/patch_70,own,≥128,1,1764069,0.000,1.000,79.9192,113.8914
ROI_070/patch_71,nearest,0–16,1,6446,0.000,1.000,25.1328,49.0457
ROI_070/patch_71,nearest,16–32,1,19276,0.000,1.000,26.2159,54.4869
ROI_070/patch_71,nearest,32–64,1,73169,0.000,1.000,30.9847,53.0252
ROI_070/patch_71,nearest,64–128,1,136105,0.000,1.000,33.1448,58.3426
ROI_070/patch_71,nearest,≥128,1,27148,0.000,1.000,165.8017,170.7215
ROI_070/patch_71,own,0–16,1,6446,0.000,1.000,25.0842,49.7060
ROI_070/patch_71,own,16–32,1,19276,0.000,1.000,26.7295,57.1557
ROI_070/patch_71,own,32–64,1,74268,0.000,1.000,29.8696,54.2928
ROI_070/patch_71,own,64–128,1,251675,0.000,1.000,31.4234,55.4303
ROI_070/patch_71,own,≥128,1,1745487,0.000,1.000,59.0379,73.4704
ROI_070/patch_72,,,excluded,,,,,
ROI_070/patch_73,nearest,0–16,1,6435,0.000,1.000,7.9539,44.9684
ROI_070/patch_73,nearest,16–32,1,19275,0.000,1.000,7.3933,41.2804
ROI_070/patch_73,nearest,32–64,1,68437,0.000,1.000,10.4832,44.3441
ROI_070/patch_73,nearest,64–128,1,137327,0.000,1.000,44.9755,62.1537
ROI_070/patch_73,nearest,≥128,1,30670,0.000,1.000,286.4735,293.2384
ROI_070/patch_73,own,0–16,1,6435,0.000,1.000,7.9570,47.2741
ROI_070/patch_73,own,16–32,1,19275,0.000,1.000,8.1175,44.6131
ROI_070/patch_73,own,32–64,1,72471,0.000,1.000,9.8505,44.4551
ROI_070/patch_73,own,64–128,1,251853,0.000,1.000,23.1648,37.0616
ROI_070/patch_73,own,≥128,1,1747118,0.000,1.000,27.4885,45.8742
ROI_070/patch_74,nearest,0–16,1,6400,0.000,1.000,35.7540,557.0488
ROI_070/patch_74,nearest,16–32,1,18546,0.050,1.000,52.2174,482.0872
ROI_070/patch_74,nearest,32–64,1,66876,0.000,1.000,84.2274,400.5169
ROI_070/patch_74,nearest,64–128,1,118441,0.000,1.000,175.5570,288.3079
ROI_070/patch_74,nearest,≥128,1,51881,0.000,1.000,213.5160,424.2661
ROI_070/patch_74,own,0–16,1,6400,0.000,1.000,22.8854,556.0676
ROI_070/patch_74,own,16–32,1,18546,0.000,1.000,53.2354,491.5101
ROI_070/patch_74,own,32–64,1,71418,0.000,1.000,93.6604,452.1589
ROI_070/patch_74,own,64–128,1,237345,0.000,1.000,102.4231,231.8911
ROI_070/patch_74,own,≥128,1,1763443,0.000,1.000,135.1607,281.0958
ROI_070/patch_77,nearest,0–16,1,6406,0.000,1.000,8.3622,11.6561
ROI_070/patch_77,nearest,16–32,1,17250,0.000,1.000,7.7362,10.3228
ROI_070/patch_77,nearest,32–64,1,62108,0.000,1.000,8.0184,10.1197
ROI_070/patch_77,nearest,64–128,1,106811,0.000,1.000,27.4232,30.3923
ROI_070/patch_77,nearest,≥128,1,69569,0.000,1.000,99.7216,160.7139
ROI_070/patch_77,own,0–16,1,6406,0.000,1.000,8.2460,11.5248
ROI_070/patch_77,own,16–32,1,17250,0.000,1.000,7.8265,10.4670
ROI_070/patch_77,own,32–64,1,65255,0.000,1.000,7.6601,9.7713
ROI_070/patch_77,own,64–128,1,233423,0.000,1.000,16.0424,18.9143
ROI_070/patch_77,own,≥128,1,1774818,0.000,1.000,71.1497,100.9561
ROI_070/patch_78,nearest,0–16,1,6422,0.000,1.000,144.0575,612.4111
ROI_070/patch_78,nearest,16–32,1,19231,0.000,1.000,146.9143,591.2716
ROI_070/patch_78,nearest,32–64,1,68452,0.000,1.000,183.9651,622.5920
ROI_070/patch_78,nearest,64–128,1,120178,0.000,1.000,179.3309,602.6234
ROI_070/patch_78,nearest,≥128,1,47861,0.000,1.000,292.7883,472.9865
ROI_070/patch_78,own,0–16,1,6422,0.000,1.000,141.7705,611.3846
ROI_070/patch_78,own,16–32,1,19301,0.000,1.000,157.5605,607.0210
ROI_070/patch_78,own,32–64,1,77198,0.000,1.000,182.4937,623.5932
ROI_070/patch_78,own,64–128,1,270313,0.000,1.000,156.0939,616.7476
ROI_070/patch_78,own,≥128,1,1723918,0.000,1.000,202.3511,514.5845
ROI_070/patch_87,nearest,0–16,1,6436,1.000,1.000,,
ROI_070/patch_87,nearest,16–32,1,19009,1.000,1.000,,
ROI_070/patch_87,nearest,32–64,1,58933,1.000,1.000,,
ROI_070/patch_87,nearest,64–128,1,112216,1.000,1.000,,
ROI_070/patch_87,nearest,≥128,1,65550,1.000,1.000,,
ROI_070/patch_87,own,0–16,1,6436,1.000,1.000,,
ROI_070/patch_87,own,16–32,1,19228,1.000,1.000,,
ROI_070/patch_87,own,32–64,1,74361,1.000,1.000,,
ROI_070/patch_87,own,64–128,1,274653,1.000,1.000,,
ROI_070/patch_87,own,≥128,1,1722474,1.000,1.000,,
ROI_070/patch_90,,,excluded,,,,,
ROI_070/patch_92,nearest,0–16,1,7106,0.000,1.000,38.6219,309.9299
ROI_070/patch_92,nearest,16–32,1,19945,0.000,1.000,34.0547,289.9031
ROI_070/patch_92,nearest,32–64,1,63107,0.000,1.000,43.9545,219.1583
ROI_070/patch_92,nearest,64–128,1,114893,0.000,1.000,61.7167,123.2278
ROI_070/patch_92,nearest,≥128,1,57093,0.000,1.000,198.9466,424.6599
ROI_070/patch_92,own,0–16,1,7106,0.000,1.000,38.2868,310.3032
ROI_070/patch_92,own,16–32,1,19952,0.000,1.000,38.5247,263.8963
ROI_070/patch_92,own,32–64,1,73158,0.000,1.000,39.4026,213.7287
ROI_070/patch_92,own,64–128,1,262699,0.000,1.000,59.1557,163.5478
ROI_070/patch_92,own,≥128,1,1996381,0.000,1.000,107.8647,325.6881
ROI_070/patch_93,nearest,0–16,1,6397,0.000,1.000,800.3583,1010.4380
ROI_070/patch_93,nearest,16–32,1,18596,0.000,1.000,742.2618,924.8334
ROI_070/patch_93,nearest,32–64,1,66438,0.000,1.000,656.0824,804.0550
ROI_070/patch_93,nearest,64–128,1,123095,0.000,1.000,441.7673,551.3430
ROI_070/patch_93,nearest,≥128,1,47618,0.000,1.000,613.4065,802.4882
ROI_070/patch_93,own,0–16,1,6397,0.000,1.000,799.2981,1009.4754
ROI_070/patch_93,own,16–32,1,18596,0.000,1.000,714.3763,905.6036
ROI_070/patch_93,own,32–64,1,71240,0.000,1.000,614.4757,755.3381
ROI_070/patch_93,own,64–128,1,266685,0.000,1.000,405.8484,502.6483
ROI_070/patch_93,own,≥128,1,1734234,0.000,1.000,564.3657,700.8002
ROI_070/patch_96,nearest,0–16,1,6436,0.000,1.000,13.5029,24.1497
ROI_070/patch_96,nearest,16–32,1,19245,0.000,1.000,18.3460,29.1214
ROI_070/patch_96,nearest,32–64,1,66376,0.000,1.000,31.9493,39.2574
ROI_070/patch_96,nearest,64–128,1,128055,0.000,1.000,102.9508,177.4173
ROI_070/patch_96,nearest,≥128,1,42032,0.000,1.000,321.1088,468.9568
ROI_070/patch_96,own,0–16,1,6436,0.000,1.000,13.5389,24.1483
ROI_070/patch_96,own,16–32,1,19245,0.000,1.000,18.3054,31.6688
ROI_070/patch_96,own,32–64,1,70172,0.000,1.000,40.4843,47.8029
ROI_070/patch_96,own,64–128,1,248987,0.000,1.000,52.5089,93.7591
ROI_070/patch_96,own,≥128,1,1752312,0.000,1.000,83.1005,124.6838
ROI_070/patch_97,nearest,0–16,1,6317,0.000,1.000,1149.4091,1719.9769
ROI_070/patch_97,nearest,16–32,1,17419,0.300,1.000,1087.9749,1729.4690
ROI_070/patch_97,nearest,32–64,1,54708,1.000,1.000,,
ROI_070/patch_97,nearest,64–128,1,127518,0.950,1.000,1269.0228,1684.4600
ROI_070/patch_97,nearest,≥128,1,56182,1.000,1.000,,
ROI_070/patch_97,own,0–16,1,6317,0.000,1.000,1149.2045,1720.9430
ROI_070/patch_97,own,16–32,1,17629,0.350,1.000,1045.0463,1675.8820
ROI_070/patch_97,own,32–64,1,64021,0.950,1.000,1016.8379,1642.8205
ROI_070/patch_97,own,64–128,1,191098,1.000,1.000,,
ROI_070/patch_97,own,≥128,1,1818087,1.000,1.000,,
ROI_070/patch_98,nearest,0–16,1,6367,0.000,1.000,11.6871,166.2939
ROI_070/patch_98,nearest,16–32,1,18468,0.000,1.000,15.0809,153.3478
ROI_070/patch_98,nearest,32–64,1,65690,0.000,1.000,13.1386,180.0629
ROI_070/patch_98,nearest,64–128,1,127488,0.000,1.000,12.4775,143.7134
ROI_070/patch_98,nearest,≥128,1,44131,0.000,1.000,103.6658,228.4316
ROI_070/patch_98,own,0–16,1,6367,0.000,1.000,11.1376,171.8165
ROI_070/patch_98,own,16–32,1,18468,0.000,1.000,14.1283,158.9559
ROI_070/patch_98,own,32–64,1,66782,0.000,1.000,13.6304,169.1947
ROI_070/patch_98,own,64–128,1,234699,0.000,1.000,13.1295,158.2119
ROI_070/patch_98,own,≥128,1,1770836,0.000,1.000,15.0449,155.1867
ROI_070/patch_99,nearest,0–16,1,6415,0.300,1.000,915.1263,1161.9177
ROI_070/patch_99,nearest,16–32,1,18140,0.150,1.000,881.4799,1168.8325
ROI_070/patch_99,nearest,32–64,1,63299,0.050,1.000,744.1043,1036.1925
ROI_070/patch_99,nearest,64–128,1,124833,0.850,1.000,917.3295,1178.6789
ROI_070/patch_99,nearest,≥128,1,49457,1.000,1.000,,
ROI_070/patch_99,own,0–16,1,6415,0.300,1.000,955.4535,1211.6085
ROI_070/patch_99,own,16–32,1,18140,0.150,1.000,881.7123,1152.3497
ROI_070/patch_99,own,32–64,1,69747,0.100,1.000,679.4385,976.9688
ROI_070/patch_99,own,64–128,1,271714,0.350,1.000,799.0620,1138.7763
ROI_070/patch_99,own,≥128,1,1731136,1.000,1.000,,
ROI_070/patch_100,nearest,0–16,1,6388,1.000,1.000,,
ROI_070/patch_100,nearest,16–32,1,18539,1.000,1.000,,
ROI_070/patch_100,nearest,32–64,1,65950,0.850,1.000,150.9766,1007.7842
ROI_070/patch_100,nearest,64–128,1,110134,0.200,1.000,117.0019,806.2261
ROI_070/patch_100,nearest,≥128,1,61133,0.200,1.000,378.9261,746.1244
ROI_070/patch_100,own,0–16,1,6388,1.000,1.000,,
ROI_070/patch_100,own,16–32,1,18539,1.000,1.000,,
ROI_070/patch_100,own,32–64,1,71592,0.950,1.000,213.2819,1080.7554
ROI_070/patch_100,own,64–128,1,255682,0.500,1.000,158.1642,937.0674
ROI_070/patch_100,own,≥128,1,1744951,0.300,1.000,217.7761,738.5125
ROI_070/patch_102,nearest,0–16,1,6352,0.000,1.000,147.6492,154.8243
ROI_070/patch_102,nearest,16–32,1,18293,0.000,1.000,139.0723,145.9300
ROI_070/patch_102,nearest,32–64,1,56907,0.000,1.000,132.4278,141.5270
ROI_070/patch_102,nearest,64–128,1,101113,0.000,1.000,351.1180,355.5101
ROI_070/patch_102,nearest,≥128,1,79479,1.000,1.000,,
ROI_070/patch_102,own,0–16,1,6352,0.000,1.000,149.6428,156.7666
ROI_070/patch_102,own,16–32,1,18293,0.000,1.000,134.3201,140.6656
ROI_070/patch_102,own,32–64,1,65523,0.000,1.000,124.3476,133.4072
ROI_070/patch_102,own,64–128,1,227540,0.000,1.000,159.4006,164.5040
ROI_070/patch_102,own,≥128,1,1779444,0.000,1.000,215.6485,228.0775
ROI_070/patch_103,nearest,0–16,1,6311,0.000,1.000,345.8698,364.4776
ROI_070/patch_103,nearest,16–32,1,17690,0.000,1.000,363.1747,384.8102
ROI_070/patch_103,nearest,32–64,1,59754,0.000,1.000,337.0959,368.3323
ROI_070/patch_103,nearest,64–128,1,95847,0.000,1.000,243.7629,357.4792
ROI_070/patch_103,nearest,≥128,1,82542,0.000,1.000,442.4921,541.2759
ROI_070/patch_103,own,0–16,1,6311,0.000,1.000,341.4498,359.5158
ROI_070/patch_103,own,16–32,1,17690,0.000,1.000,348.0096,364.7941
ROI_070/patch_103,own,32–64,1,67362,0.000,1.000,330.2574,351.7393
ROI_070/patch_103,own,64–128,1,233800,0.000,1.000,207.8939,315.2763
ROI_070/patch_103,own,≥128,1,1771989,0.000,1.000,416.8530,617.7049
ROI_070/patch_105,nearest,0–16,1,6338,0.000,1.000,715.9773,780.2138
ROI_070/patch_105,nearest,16–32,1,16266,0.000,1.000,697.3153,774.4337
ROI_070/patch_105,nearest,32–64,1,51740,0.000,1.000,604.8817,670.1987
ROI_070/patch_105,nearest,64–128,1,119625,0.000,1.000,498.2413,519.9649
ROI_070/patch_105,nearest,≥128,1,68175,0.000,1.000,851.1950,905.5100
ROI_070/patch_105,own,0–16,1,6338,0.000,1.000,716.7610,780.8935
ROI_070/patch_105,own,16–32,1,17376,0.000,1.000,701.3594,772.9946
ROI_070/patch_105,own,32–64,1,63267,0.000,1.000,648.0645,732.6515
ROI_070/patch_105,own,64–128,1,225625,0.000,1.000,563.2990,600.6047
ROI_070/patch_105,own,≥128,1,1784546,0.000,1.000,383.2743,395.8737
ROI_070/patch_106,nearest,0–16,1,6427,0.000,1.000,26.1898,29.6754
ROI_070/patch_106,nearest,16–32,1,18343,0.000,1.000,26.6873,30.1930
ROI_070/patch_106,nearest,32–64,1,48261,0.000,1.000,105.5947,112.4623
ROI_070/patch_106,nearest,64–128,1,90178,0.000,1.000,291.3532,310.4203
ROI_070/patch_106,nearest,≥128,1,98935,0.000,1.000,2954.2388,3014.5719
ROI_070/patch_106,own,0–16,1,6427,0.000,1.000,26.0624,29.5723
ROI_070/patch_106,own,16–32,1,18806,0.000,1.000,27.1705,30.7601
ROI_070/patch_106,own,32–64,1,69223,0.000,1.000,65.7342,70.8168
ROI_070/patch_106,own,64–128,1,235173,0.000,1.000,179.3006,188.5744
ROI_070/patch_106,own,≥128,1,1767523,0.000,1.000,196.9430,204.6737
ROI_070/patch_108,nearest,0–16,1,6992,0.000,1.000,514.8655,575.2286
ROI_070/patch_108,nearest,16–32,1,20206,0.000,1.000,493.3990,548.3770
ROI_070/patch_108,nearest,32–64,1,66328,0.000,1.000,464.6532,555.4006
ROI_070/patch_108,nearest,64–128,1,90062,0.000,1.000,472.5451,996.8613
ROI_070/patch_108,nearest,≥128,1,78556,0.900,1.000,992.9327,1947.1245
ROI_070/patch_108,own,0–16,1,6992,0.000,1.000,507.4229,552.8947
ROI_070/patch_108,own,16–32,1,20206,0.000,1.000,495.2872,551.0201
ROI_070/patch_108,own,32–64,1,76501,0.000,1.000,505.4943,587.9224
ROI_070/patch_108,own,64–128,1,271247,0.000,1.000,353.0020,680.9398
ROI_070/patch_108,own,≥128,1,1984350,0.000,1.000,609.8343,1023.2892
ROI_070/patch_109,nearest,0–16,1,7170,0.000,1.000,15.7105,17.7652
ROI_070/patch_109,nearest,16–32,1,19564,0.000,1.000,16.0283,18.2017
ROI_070/patch_109,nearest,32–64,1,58944,0.000,1.000,20.4933,24.9613
ROI_070/patch_109,nearest,64–128,1,91154,0.000,1.000,47.4478,63.8091
ROI_070/patch_109,nearest,≥128,1,85312,1.000,1.000,,
ROI_070/patch_109,own,0–16,1,7241,0.000,1.000,15.5715,17.5964
ROI_070/patch_109,own,16–32,1,21085,0.000,1.000,15.9986,18.1612
ROI_070/patch_109,own,32–64,1,81129,0.000,1.000,18.7970,22.6735
ROI_070/patch_109,own,64–128,1,297704,0.000,1.000,29.9823,35.3704
ROI_070/patch_109,own,≥128,1,1952137,0.050,1.000,164.7557,172.5896
ROI_070/patch_110,nearest,0–16,1,7223,0.000,1.000,244.0377,705.3970
ROI_070/patch_110,nearest,16–32,1,20126,0.000,1.000,289.7534,685.6961
ROI_070/patch_110,nearest,32–64,1,60854,0.000,1.000,486.2118,780.9594
ROI_070/patch_110,nearest,64–128,1,98624,0.000,1.000,282.6759,490.4369
ROI_070/patch_110,nearest,≥128,1,75317,0.100,1.000,721.9924,856.4489
ROI_070/patch_110,own,0–16,1,7223,0.000,1.000,249.4792,708.2798
ROI_070/patch_110,own,16–32,1,20246,0.000,1.000,321.8697,698.7540
ROI_070/patch_110,own,32–64,1,72476,0.000,1.000,440.8000,721.2227
ROI_070/patch_110,own,64–128,1,253865,0.000,1.000,390.8433,577.4430
ROI_070/patch_110,own,≥128,1,2005486,0.000,1.000,472.6473,691.0418
ROI_070/patch_112,nearest,0–16,1,7237,0.000,1.000,29.3246,44.8374
ROI_070/patch_112,nearest,16–32,1,21503,0.000,1.000,25.1710,42.7809
ROI_070/patch_112,nearest,32–64,1,67297,0.000,1.000,35.9904,63.6187
ROI_070/patch_112,nearest,64–128,1,111569,0.000,1.000,50.2115,78.0438
ROI_070/patch_112,nearest,≥128,1,54538,0.000,1.000,116.3833,167.6822
ROI_070/patch_112,own,0–16,1,7237,0.000,1.000,30.2767,46.9104
ROI_070/patch_112,own,16–32,1,21503,0.000,1.000,26.2073,43.5655
ROI_070/patch_112,own,32–64,1,82969,0.000,1.000,33.7451,61.6070
ROI_070/patch_112,own,64–128,1,314735,0.000,1.000,44.5202,70.3822
ROI_070/patch_112,own,≥128,1,1932852,0.000,1.000,65.8778,109.7534
ROI_070/patch_113,,,excluded,,,,,
ROI_070/patch_114,nearest,0–16,1,7246,0.000,1.000,175.1449,251.4519
ROI_070/patch_114,nearest,16–32,1,21178,0.000,1.000,148.3432,206.9760
ROI_070/patch_114,nearest,32–64,1,73161,0.000,1.000,176.3927,222.4076
ROI_070/patch_114,nearest,64–128,1,132106,0.500,1.000,542.7884,645.8969
ROI_070/patch_114,nearest,≥128,1,28453,1.000,1.000,,
ROI_070/patch_114,own,0–16,1,7246,0.000,1.000,173.2197,246.0206
ROI_070/patch_114,own,16–32,1,21178,0.000,1.000,152.4593,211.7350
ROI_070/patch_114,own,32–64,1,83246,0.000,1.000,140.1428,174.4227
ROI_070/patch_114,own,64–128,1,306920,0.000,1.000,251.5058,287.5965
ROI_070/patch_114,own,≥128,1,1940706,0.200,1.000,425.4280,478.6844
ROI_070/patch_115,nearest,0–16,1,6428,0.000,1.000,13.7949,16.5866
ROI_070/patch_115,nearest,16–32,1,18719,0.000,1.000,14.4791,17.1891
ROI_070/patch_115,nearest,32–64,1,53970,0.000,1.000,16.9039,19.7984
ROI_070/patch_115,nearest,64–128,1,98087,0.000,1.000,27.0164,31.5049
ROI_070/patch_115,nearest,≥128,1,84940,0.000,1.000,56.9852,65.1414
ROI_070/patch_115,own,0–16,1,6428,0.000,1.000,13.8095,16.5454
ROI_070/patch_115,own,16–32,1,18719,0.000,1.000,14.1548,16.8479
ROI_070/patch_115,own,32–64,1,68432,0.000,1.000,16.9760,22.2060
ROI_070/patch_115,own,64–128,1,217665,0.000,1.000,23.9963,28.1118
ROI_070/patch_115,own,≥128,1,1785908,0.000,1.000,33.3554,37.8909
ROI_070/patch_117,nearest,0–16,1,6445,0.000,1.000,15.2912,519.1353
ROI_070/patch_117,nearest,16–32,1,18986,0.000,1.000,17.3538,653.3617
ROI_070/patch_117,nearest,32–64,1,62224,0.000,1.000,19.5744,574.9794
ROI_070/patch_117,nearest,64–128,1,98076,0.000,1.000,29.8406,166.9873
ROI_070/patch_117,nearest,≥128,1,76413,0.000,1.000,46.1842,84.1205
ROI_070/patch_117,own,0–16,1,6445,0.000,1.000,15.6748,528.4425
ROI_070/patch_117,own,16–32,1,18986,0.000,1.000,17.8255,626.5261
ROI_070/patch_117,own,32–64,1,69646,0.000,1.000,18.7783,612.2303
ROI_070/patch_117,own,64–128,1,239694,0.000,1.000,18.8623,209.2449
ROI_070/patch_117,own,≥128,1,1762381,0.000,1.000,24.4140,220.6456
ROI_070/patch_118,nearest,0–16,1,6431,0.000,1.000,290.2171,931.9560
ROI_070/patch_118,nearest,16–32,1,18880,0.000,1.000,300.6435,910.5449
ROI_070/patch_118,nearest,32–64,1,57300,0.000,1.000,345.6546,830.6550
ROI_070/patch_118,nearest,64–128,1,108306,0.000,1.000,300.3069,508.5246
ROI_070/patch_118,nearest,≥128,1,71227,0.000,1.000,271.0302,313.3512
ROI_070/patch_118,own,0–16,1,6431,0.000,1.000,289.1925,946.0681
ROI_070/patch_118,own,16–32,1,19105,0.000,1.000,301.5380,937.4205
ROI_070/patch_118,own,32–64,1,68295,0.150,1.000,312.6001,862.5401
ROI_070/patch_118,own,64–128,1,225683,0.000,1.000,320.4976,723.7460
ROI_070/patch_118,own,≥128,1,1777638,0.000,1.000,287.2507,513.1306
ROI_070/patch_120,nearest,0–16,1,6437,0.000,1.000,8.1928,10.0666
ROI_070/patch_120,nearest,16–32,1,18046,0.000,1.000,11.2105,13.4883
ROI_070/patch_120,nearest,32–64,1,59527,0.000,1.000,16.2624,20.8048
ROI_070/patch_120,nearest,64–128,1,118556,0.000,1.000,16.2286,28.9943
ROI_070/patch_120,nearest,≥128,1,59578,0.000,1.000,397.2252,1268.3600
ROI_070/patch_120,own,0–16,1,6437,0.000,1.000,8.4594,10.3211
ROI_070/patch_120,own,16–32,1,18496,0.000,1.000,11.0071,13.2957
ROI_070/patch_120,own,32–64,1,66090,0.000,1.000,15.9184,20.8813
ROI_070/patch_120,own,64–128,1,223758,0.000,1.000,12.5432,20.3624
ROI_070/patch_120,own,≥128,1,1782371,0.000,1.000,15.9373,71.5710
ROI_070/patch_121,,,excluded,,,,,
ROI_070/patch_122,nearest,0–16,1,6426,0.000,1.000,77.9665,130.2197
ROI_070/patch_122,nearest,16–32,1,19298,0.000,1.000,79.0601,132.4603
ROI_070/patch_122,nearest,32–64,1,70693,0.000,1.000,94.3102,161.8945
ROI_070/patch_122,nearest,64–128,1,136489,0.000,1.000,88.4704,193.6295
ROI_070/patch_122,nearest,≥128,1,29238,0.000,1.000,132.6468,286.5108
ROI_070/patch_122,own,0–16,1,6426,0.000,1.000,77.7225,128.5943
ROI_070/patch_122,own,16–32,1,19298,0.000,1.000,78.5483,130.7387
ROI_070/patch_122,own,32–64,1,74069,0.000,1.000,93.3606,157.9540
ROI_070/patch_122,own,64–128,1,243896,0.000,1.000,69.9642,133.6767
ROI_070/patch_122,own,≥128,1,1753463,0.000,1.000,113.7167,213.6057
ROI_070/patch_123,,,excluded,,,,,
ROI_070/patch_125,nearest,0–16,1,6439,0.000,1.000,83.1379,84.6837
ROI_070/patch_125,nearest,16–32,1,19301,0.000,1.000,168.2118,170.8825
ROI_070/patch_125,nearest,32–64,1,64096,0.000,1.000,196.3356,199.8028
ROI_070/patch_125,nearest,64–128,1,108838,0.000,1.000,176.2125,183.3421
ROI_070/patch_125,nearest,≥128,1,63470,0.000,1.000,28.9190,153.3077
ROI_070/patch_125,own,0–16,1,6439,0.000,1.000,86.5908,88.1304
ROI_070/patch_125,own,16–32,1,19301,0.000,1.000,155.4108,157.8165
ROI_070/patch_125,own,32–64,1,69738,0.000,1.000,180.2755,185.4246
ROI_070/patch_125,own,64–128,1,232988,0.000,1.000,153.4231,160.0652
ROI_070/patch_125,own,≥128,1,1768686,0.000,1.000,114.3897,160.6412
ROI_070/patch_126,nearest,0–16,1,6235,0.000,1.000,221.9127,754.2031
ROI_070/patch_126,nearest,16–32,1,18085,0.150,1.000,238.8405,853.0532
ROI_070/patch_126,nearest,32–64,1,65249,0.300,1.000,211.8106,734.4164
ROI_070/patch_126,nearest,64–128,1,126370,0.050,1.000,88.8276,391.7028
ROI_070/patch_126,nearest,≥128,1,46205,0.900,1.000,418.1216,463.7140
ROI_070/patch_126,own,0–16,1,6235,0.000,1.000,217.4158,718.7835
ROI_070/patch_126,own,16–32,1,18318,0.200,1.000,217.1765,821.6895
ROI_070/patch_126,own,32–64,1,72245,0.400,1.000,249.2376,773.5082
ROI_070/patch_126,own,64–128,1,257987,0.050,1.000,140.3485,563.6737
ROI_070/patch_126,own,≥128,1,1742367,0.050,1.000,116.8506,354.7708
ROI_070/patch_127,nearest,0–16,1,6438,0.000,1.000,7.1551,12.1509
ROI_070/patch_127,nearest,16–32,1,19288,0.000,1.000,7.4366,12.9826
ROI_070/patch_127,nearest,32–64,1,61902,0.000,1.000,8.5109,14.9842
ROI_070/patch_127,nearest,64–128,1,112579,0.000,1.000,19.4829,29.0950
ROI_070/patch_127,nearest,≥128,1,61937,0.000,1.000,30.1388,50.1132
ROI_070/patch_127,own,0–16,1,6438,0.000,1.000,7.1724,12.1444
ROI_070/patch_127,own,16–32,1,19288,0.000,1.000,7.5066,13.0382
ROI_070/patch_127,own,32–64,1,73172,0.000,1.000,8.4639,14.7394
ROI_070/patch_127,own,64–128,1,260199,0.000,1.000,13.5207,21.2133
ROI_070/patch_127,own,≥128,1,1738055,0.000,1.000,21.2649,32.8648
ROI_070/patch_129,nearest,0–16,1,6378,1.000,1.000,,
ROI_070/patch_129,nearest,16–32,1,18518,1.000,1.000,,
ROI_070/patch_129,nearest,32–64,1,58930,1.000,1.000,,
ROI_070/patch_129,nearest,64–128,1,96165,1.000,1.000,,
ROI_070/patch_129,nearest,≥128,1,82153,1.000,1.000,,
ROI_070/patch_129,own,0–16,1,6378,1.000,1.000,,
ROI_070/patch_129,own,16–32,1,18518,1.000,1.000,,
ROI_070/patch_129,own,32–64,1,73189,1.000,1.000,,
ROI_070/patch_129,own,64–128,1,282769,1.000,1.000,,
ROI_070/patch_129,own,≥128,1,1716298,1.000,1.000,,
ROI_070/patch_131,nearest,0–16,1,6437,0.000,1.000,172.6674,175.5950
ROI_070/patch_131,nearest,16–32,1,18707,0.000,1.000,162.4038,166.1156
ROI_070/patch_131,nearest,32–64,1,67072,0.000,1.000,139.3574,146.2289
ROI_070/patch_131,nearest,64–128,1,112985,0.000,1.000,116.3128,134.6000
ROI_070/patch_131,nearest,≥128,1,56943,0.000,1.000,295.5979,338.7500
ROI_070/patch_131,own,0–16,1,6437,0.000,1.000,178.2132,181.0478
ROI_070/patch_131,own,16–32,1,19295,0.000,1.000,162.5028,165.9385
ROI_070/patch_131,own,32–64,1,74370,0.000,1.000,102.2466,109.7065
ROI_070/patch_131,own,64–128,1,262457,0.000,1.000,109.4545,119.0279
ROI_070/patch_131,own,≥128,1,1734593,0.000,1.000,80.9142,95.2550
ROI_070/patch_133,nearest,0–16,1,6436,0.000,1.000,1740.5976,2167.3103
ROI_070/patch_133,nearest,16–32,1,19017,0.000,1.000,1707.0561,2140.2701
ROI_070/patch_133,nearest,32–64,1,61646,0.000,1.000,1612.7425,2011.3106
ROI_070/patch_133,nearest,64–128,1,120543,0.000,1.000,1042.2400,1333.4053
ROI_070/patch_133,nearest,≥128,1,54502,0.000,1.000,1942.3508,2247.0107
ROI_070/patch_133,own,0–16,1,6436,0.000,1.000,1737.6591,2183.2904
ROI_070/patch_133,own,16–32,1,19293,0.000,1.000,1637.8828,2074.3348
ROI_070/patch_133,own,32–64,1,73473,0.000,1.000,1522.7750,1946.5056
ROI_070/patch_133,own,64–128,1,252133,0.000,1.000,1311.3625,1647.8748
ROI_070/patch_133,own,≥128,1,1745817,0.000,1.000,1352.3041,1653.0078
ROI_070/patch_135,nearest,0–16,1,6427,0.000,1.000,127.1454,136.7826
ROI_070/patch_135,nearest,16–32,1,18746,0.000,1.000,116.1684,123.5702
ROI_070/patch_135,nearest,32–64,1,67738,0.000,1.000,183.0105,188.8540
ROI_070/patch_135,nearest,64–128,1,128545,0.000,1.000,219.7979,245.9464
ROI_070/patch_135,nearest,≥128,1,40688,0.000,1.000,180.5053,200.5025
ROI_070/patch_135,own,0–16,1,6427,0.000,1.000,134.8440,143.0644
ROI_070/patch_135,own,16–32,1,18746,0.000,1.000,139.5918,146.1957
ROI_070/patch_135,own,32–64,1,71562,0.000,1.000,184.5727,191.4991
ROI_070/patch_135,own,64–128,1,253947,0.000,1.000,264.3468,288.0476
ROI_070/patch_135,own,≥128,1,1746470,0.000,1.000,216.7355,229.8565
ROI_070/patch_137,,,excluded,,,,,
ROI_070/patch_151,nearest,0–16,1,7144,0.900,1.000,97.0475,579.2195
ROI_070/patch_151,nearest,16–32,1,19624,0.950,1.000,61.4224,507.1001
ROI_070/patch_151,nearest,32–64,1,65483,0.800,1.000,134.6823,548.8527
ROI_070/patch_151,nearest,64–128,1,107646,1.000,1.000,,
ROI_070/patch_151,nearest,≥128,1,62247,0.000,1.000,191.5707,487.4123
ROI_070/patch_151,own,0–16,1,7144,1.000,1.000,,
ROI_070/patch_151,own,16–32,1,20117,0.950,1.000,108.7859,591.8172
ROI_070/patch_151,own,32–64,1,73576,1.000,1.000,,
ROI_070/patch_151,own,64–128,1,260961,1.000,1.000,,
ROI_070/patch_151,own,≥128,1,1997498,0.950,1.000,126.5505,489.4678
ROI_070/patch_152,,,excluded,,,,,
ROI_070/patch_155,nearest,0–16,1,6440,1.000,1.000,,
ROI_070/patch_155,nearest,16–32,1,19280,1.000,1.000,,
ROI_070/patch_155,nearest,32–64,1,65372,1.000,1.000,,
ROI_070/patch_155,nearest,64–128,1,111315,1.000,1.000,,
ROI_070/patch_155,nearest,≥128,1,59737,1.000,1.000,,
ROI_070/patch_155,own,0–16,1,6440,1.000,1.000,,
ROI_070/patch_155,own,16–32,1,19280,1.000,1.000,,
ROI_070/patch_155,own,32–64,1,73154,1.000,1.000,,
ROI_070/patch_155,own,64–128,1,264557,1.000,1.000,,
ROI_070/patch_155,own,≥128,1,1733721,1.000,1.000,,
ROI_070/patch_157,nearest,0–16,1,6442,0.000,1.000,22.9327,57.8832
ROI_070/patch_157,nearest,16–32,1,19150,0.000,1.000,26.2943,50.6183
ROI_070/patch_157,nearest,32–64,1,68554,0.000,1.000,58.0513,73.3708
ROI_070/patch_157,nearest,64–128,1,121306,0.000,1.000,76.2935,85.7381
ROI_070/patch_157,nearest,≥128,1,46692,0.000,1.000,129.7396,150.9859
ROI_070/patch_157,own,0–16,1,6442,0.000,1.000,23.1908,58.6579
ROI_070/patch_157,own,16–32,1,19150,0.000,1.000,39.0740,66.4153
ROI_070/patch_157,own,32–64,1,71390,0.000,1.000,61.9473,78.0525
ROI_070/patch_157,own,64–128,1,256051,0.000,1.000,44.8259,52.7097
ROI_070/patch_157,own,≥128,1,1744119,0.000,1.000,68.7168,84.2516
ROI_070/patch_158,nearest,0–16,1,6420,1.000,1.000,,
ROI_070/patch_158,nearest,16–32,1,19301,1.000,1.000,,
ROI_070/patch_158,nearest,32–64,1,68684,1.000,1.000,,
ROI_070/patch_158,nearest,64–128,1,135931,1.000,1.000,,
ROI_070/patch_158,nearest,≥128,1,31808,0.450,1.000,375.3257,701.8581
ROI_070/patch_158,own,0–16,1,6420,1.000,1.000,,
ROI_070/patch_158,own,16–32,1,19301,1.000,1.000,,
ROI_070/patch_158,own,32–64,1,73835,1.000,1.000,,
ROI_070/patch_158,own,64–128,1,255959,1.000,1.000,,
ROI_070/patch_158,own,≥128,1,1741637,1.000,1.000,,
ROI_070/patch_159,nearest,0–16,1,6330,0.000,1.000,120.3783,189.9351
ROI_070/patch_159,nearest,16–32,1,17748,0.000,1.000,145.3296,222.9899
ROI_070/patch_159,nearest,32–64,1,64270,0.000,1.000,239.6477,321.8841
ROI_070/patch_159,nearest,64–128,1,122630,0.000,1.000,541.4602,614.2507
ROI_070/patch_159,nearest,≥128,1,51166,0.000,1.000,527.8577,600.1594
ROI_070/patch_159,own,0–16,1,6330,0.000,1.000,119.6281,188.3121
ROI_070/patch_159,own,16–32,1,17748,0.000,1.000,139.3508,214.8027
ROI_070/patch_159,own,32–64,1,66289,0.000,1.000,223.4431,308.7156
ROI_070/patch_159,own,64–128,1,237459,0.000,1.000,280.9097,351.3175
ROI_070/patch_159,own,≥128,1,1769326,0.000,1.000,274.4360,330.3374
ROI_070/patch_160,nearest,0–16,1,6235,0.000,1.000,279.5499,539.0741
ROI_070/patch_160,nearest,16–32,1,18029,0.000,1.000,246.4338,489.2558
ROI_070/patch_160,nearest,32–64,1,62679,0.000,1.000,203.8950,428.1334
ROI_070/patch_160,nearest,64–128,1,122168,0.000,1.000,168.2098,327.4944
ROI_070/patch_160,nearest,≥128,1,53033,0.000,1.000,38.3196,56.1027
ROI_070/patch_160,own,0–16,1,6235,0.000,1.000,282.9248,555.4200
ROI_070/patch_160,own,16–32,1,18029,0.000,1.000,222.3970,432.8302
ROI_070/patch_160,own,32–64,1,69188,0.000,1.000,211.8124,415.0246
ROI_070/patch_160,own,64–128,1,239483,0.000,1.000,177.5421,429.4997
ROI_070/patch_160,own,≥128,1,1764217,0.000,1.000,180.2070,342.1715
ROI_070/patch_161,nearest,0–16,1,6436,0.000,1.000,7.7376,8.9428
ROI_070/patch_161,nearest,16–32,1,19064,0.000,1.000,7.1889,8.4479
ROI_070/patch_161,nearest,32–64,1,64396,0.000,1.000,6.8450,8.1972
ROI_070/patch_161,nearest,64–128,1,119333,0.000,1.000,12.7257,15.5222
ROI_070/patch_161,nearest,≥128,1,52915,0.000,1.000,44.6040,60.2005
ROI_070/patch_161,own,0–16,1,6436,0.000,1.000,7.7383,8.9720
ROI_070/patch_161,own,16–32,1,19064,0.000,1.000,7.2168,8.5129
ROI_070/patch_161,own,32–64,1,70062,0.000,1.000,6.9042,8.2635
ROI_070/patch_161,own,64–128,1,225434,0.000,1.000,12.2023,14.3991
ROI_070/patch_161,own,≥128,1,1776156,0.000,1.000,15.5243,19.7187
ROI_070/patch_163,nearest,0–16,1,6439,0.000,1.000,76.6609,430.3181
ROI_070/patch_163,nearest,16–32,1,18471,0.000,1.000,106.5803,402.9554
ROI_070/patch_163,nearest,32–64,1,60774,0.000,1.000,166.6057,476.0273
ROI_070/patch_163,nearest,64–128,1,128055,0.000,1.000,226.4054,602.2044
ROI_070/patch_163,nearest,≥128,1,48405,0.000,1.000,91.0369,288.6387
ROI_070/patch_163,own,0–16,1,6439,0.000,1.000,74.1029,428.5090
ROI_070/patch_163,own,16–32,1,18471,0.000,1.000,147.1421,405.0475
ROI_070/patch_163,own,32–64,1,68837,0.000,1.000,202.7721,593.4977
ROI_070/patch_163,own,64–128,1,234980,0.000,1.000,269.1257,668.8637
ROI_070/patch_163,own,≥128,1,1768425,0.000,1.000,170.9394,412.6908
ROI_070/patch_164,nearest,0–16,1,6443,0.900,1.000,616.1996,1179.1917
ROI_070/patch_164,nearest,16–32,1,19295,0.500,1.000,624.3086,1097.3418
ROI_070/patch_164,nearest,32–64,1,69510,0.300,1.000,581.5282,887.5105
ROI_070/patch_164,nearest,64–128,1,121188,0.000,1.000,334.8573,588.6643
ROI_070/patch_164,nearest,≥128,1,45708,0.000,1.000,114.1405,148.6714
ROI_070/patch_164,own,0–16,1,6443,0.900,1.000,643.1926,1268.9309
ROI_070/patch_164,own,16–32,1,19295,0.300,1.000,619.2938,1077.2692
ROI_070/patch_164,own,32–64,1,73782,0.500,1.000,567.6040,847.4713
ROI_070/patch_164,own,64–128,1,241486,0.150,1.000,532.2046,838.4842
ROI_070/patch_164,own,≥128,1,1756146,0.300,1.000,470.7074,650.3633
ROI_070/patch_167,nearest,0–16,1,6405,1.000,1.000,,
ROI_070/patch_167,nearest,16–32,1,18592,1.000,1.000,,
ROI_070/patch_167,nearest,32–64,1,53531,1.000,1.000,,
ROI_070/patch_167,nearest,64–128,1,84165,1.000,1.000,,
ROI_070/patch_167,nearest,≥128,1,99451,0.000,1.000,178.6788,183.3836
ROI_070/patch_167,own,0–16,1,6405,1.000,1.000,,
ROI_070/patch_167,own,16–32,1,18609,1.000,1.000,,
ROI_070/patch_167,own,32–64,1,70349,1.000,1.000,,
ROI_070/patch_167,own,64–128,1,256377,1.000,1.000,,
ROI_070/patch_167,own,≥128,1,1745412,1.000,1.000,,
ROI_071/patch_0,nearest,0–16,1,6441,0.000,1.000,6.5208,53.5539
ROI_071/patch_0,nearest,16–32,1,18204,0.000,1.000,8.4360,38.2020
ROI_071/patch_0,nearest,32–64,1,67357,0.000,1.000,10.7616,28.8517
ROI_071/patch_0,nearest,64–128,1,150583,0.000,1.000,8.8067,14.0872
ROI_071/patch_0,nearest,≥128,1,19559,0.000,1.000,17.1338,30.1002
ROI_071/patch_0,own,0–16,1,6441,0.000,1.000,6.5034,53.2081
ROI_071/patch_0,own,16–32,1,18204,0.000,1.000,8.2040,40.3939
ROI_071/patch_0,own,32–64,1,67520,0.000,1.000,10.7025,31.6647
ROI_071/patch_0,own,64–128,1,236598,0.000,1.000,8.2669,10.7535
ROI_071/patch_0,own,≥128,1,1768389,0.000,1.000,9.6466,21.3497
ROI_071/patch_1,nearest,0–16,1,6312,0.000,1.000,626.1519,712.2534
ROI_071/patch_1,nearest,16–32,1,17671,0.000,1.000,600.2340,725.7517
ROI_071/patch_1,nearest,32–64,1,59982,0.100,1.000,527.6933,797.7737
ROI_071/patch_1,nearest,64–128,1,130228,0.800,1.000,468.0389,855.6429
ROI_071/patch_1,nearest,≥128,1,47951,1.000,1.000,,
ROI_071/patch_1,own,0–16,1,6312,0.000,1.000,631.4192,720.5439
ROI_071/patch_1,own,16–32,1,17671,0.000,1.000,550.7495,654.9909
ROI_071/patch_1,own,32–64,1,61059,0.000,1.000,517.0504,792.9921
ROI_071/patch_1,own,64–128,1,210075,0.750,1.000,476.6482,861.0873
ROI_071/patch_1,own,≥128,1,1802035,0.800,1.000,495.2193,876.7947
ROI_071/patch_2,nearest,0–16,1,6430,0.000,1.000,230.6822,653.5843
ROI_071/patch_2,nearest,16–32,1,18793,0.000,1.000,241.9090,581.4740
ROI_071/patch_2,nearest,32–64,1,69201,0.000,1.000,139.9464,541.2772
ROI_071/patch_2,nearest,64–128,1,145161,0.000,1.000,134.4519,428.5349
ROI_071/patch_2,nearest,≥128,1,22559,0.000,1.000,130.8394,139.7571
ROI_071/patch_2,own,0–16,1,6430,0.000,1.000,231.6377,646.7468
ROI_071/patch_2,own,16–32,1,18793,0.000,1.000,246.9363,579.8154
ROI_071/patch_2,own,32–64,1,73470,0.000,1.000,149.4067,510.3878
ROI_071/patch_2,own,64–128,1,245045,0.050,1.000,163.5085,516.9350
ROI_071/patch_2,own,≥128,1,1753414,0.050,1.000,149.8374,408.6768
ROI_071/patch_3,nearest,0–16,1,6432,0.000,1.000,15.1401,127.1187
ROI_071/patch_3,nearest,16–32,1,19258,0.000,1.000,16.9152,142.6212
ROI_071/patch_3,nearest,32–64,1,68188,0.000,1.000,16.4997,137.9412
ROI_071/patch_3,nearest,64–128,1,134046,0.000,1.000,19.5791,118.9892
ROI_071/patch_3,nearest,≥128,1,34220,0.000,1.000,71.2083,79.9463
ROI_071/patch_3,own,0–16,1,6432,0.000,1.000,16.1011,131.1937
ROI_071/patch_3,own,16–32,1,19258,0.000,1.000,16.6460,141.7056
ROI_071/patch_3,own,32–64,1,69342,0.000,1.000,15.9177,133.9439
ROI_071/patch_3,own,64–128,1,250077,0.000,1.000,22.6172,107.3758
ROI_071/patch_3,own,≥128,1,1752043,0.000,1.000,22.0104,108.2062
ROI_071/patch_4,nearest,0–16,1,6425,1.000,1.000,,
ROI_071/patch_4,nearest,16–32,1,19239,1.000,1.000,,
ROI_071/patch_4,nearest,32–64,1,65421,0.950,1.000,134.3970,807.4964
ROI_071/patch_4,nearest,64–128,1,124389,1.000,1.000,,
ROI_071/patch_4,nearest,≥128,1,46670,0.250,1.000,67.5584,408.1994
ROI_071/patch_4,own,0–16,1,6425,1.000,1.000,,
ROI_071/patch_4,own,16–32,1,19239,1.000,1.000,,
ROI_071/patch_4,own,32–64,1,68638,1.000,1.000,,
ROI_071/patch_4,own,64–128,1,236663,1.000,1.000,,
ROI_071/patch_4,own,≥128,1,1766187,1.000,1.000,,
ROI_071/patch_5,nearest,0–16,1,6439,0.000,1.000,17.9912,42.7500
ROI_071/patch_5,nearest,16–32,1,19156,0.000,1.000,27.3385,52.8937
ROI_071/patch_5,nearest,32–64,1,69401,0.000,1.000,31.8966,46.5997
ROI_071/patch_5,nearest,64–128,1,119552,0.000,1.000,14.4692,40.0769
ROI_071/patch_5,nearest,≥128,1,47596,0.000,1.000,13.3180,75.2291
ROI_071/patch_5,own,0–16,1,6439,0.000,1.000,15.0039,38.7459
ROI_071/patch_5,own,16–32,1,19156,0.000,1.000,26.2901,47.8664
ROI_071/patch_5,own,32–64,1,70403,0.000,1.000,32.1472,45.5488
ROI_071/patch_5,own,64–128,1,245247,0.000,1.000,12.6575,27.8583
ROI_071/patch_5,own,≥128,1,1755907,0.000,1.000,22.5544,41.7612
ROI_071/patch_6,nearest,0–16,1,6437,0.000,1.000,233.5762,345.4137
ROI_071/patch_6,nearest,16–32,1,18672,0.000,1.000,178.3303,254.4762
ROI_071/patch_6,nearest,32–64,1,60623,0.000,1.000,211.0395,291.3146
ROI_071/patch_6,nearest,64–128,1,128090,0.000,1.000,228.7432,355.7098
ROI_071/patch_6,nearest,≥128,1,48322,0.000,1.000,193.4753,264.8175
ROI_071/patch_6,own,0–16,1,6437,0.000,1.000,224.8824,334.8046
ROI_071/patch_6,own,16–32,1,18672,0.000,1.000,191.3571,270.3236
ROI_071/patch_6,own,32–64,1,66448,0.000,1.000,175.3614,239.8042
ROI_071/patch_6,own,64–128,1,219798,0.000,1.000,221.3292,320.7362
ROI_071/patch_6,own,≥128,1,1785797,0.000,1.000,197.3579,288.4618
ROI_071/patch_7,nearest,0–16,1,6425,1.000,1.000,,
ROI_071/patch_7,nearest,16–32,1,18517,1.000,1.000,,
ROI_071/patch_7,nearest,32–64,1,59119,0.550,1.000,725.3521,1515.8305
ROI_071/patch_7,nearest,64–128,1,122436,0.000,1.000,311.0053,616.4036
ROI_071/patch_7,nearest,≥128,1,55647,0.000,1.000,20.4946,27.0539
ROI_071/patch_7,own,0–16,1,6425,1.000,1.000,,
ROI_071/patch_7,own,16–32,1,19107,1.000,1.000,,
ROI_071/patch_7,own,32–64,1,70790,0.650,1.000,655.7450,1461.7505
ROI_071/patch_7,own,64–128,1,249647,0.150,1.000,487.1302,943.9487
ROI_071/patch_7,own,≥128,1,1751183,0.150,1.000,329.8850,639.8049
ROI_071/patch_8,nearest,0–16,1,6437,1.000,1.000,,
ROI_071/patch_8,nearest,16–32,1,18853,1.000,1.000,,
ROI_071/patch_8,nearest,32–64,1,56385,0.850,1.000,912.9675,975.9518
ROI_071/patch_8,nearest,64–128,1,100811,1.000,1.000,,
ROI_071/patch_8,nearest,≥128,1,79658,1.000,1.000,,
ROI_071/patch_8,own,0–16,1,6437,0.950,1.000,1377.4138,1424.2379
ROI_071/patch_8,own,16–32,1,19248,1.000,1.000,,
ROI_071/patch_8,own,32–64,1,73122,0.900,1.000,954.7211,1013.5122
ROI_071/patch_8,own,64–128,1,250829,0.600,1.000,867.5691,960.8351
ROI_071/patch_8,own,≥128,1,1747516,0.950,1.000,787.6637,875.5297
ROI_071/patch_9,nearest,0–16,1,6445,0.000,1.000,404.3715,705.7850
ROI_071/patch_9,nearest,16–32,1,19230,0.000,1.000,266.9405,542.7180
ROI_071/patch_9,nearest,32–64,1,63590,0.050,1.000,326.1853,638.1907
ROI_071/patch_9,nearest,64–128,1,114649,0.000,1.000,247.6788,553.5345
ROI_071/patch_9,nearest,≥128,1,58230,0.000,1.000,287.0673,1180.5425
ROI_071/patch_9,own,0–16,1,6445,0.000,1.000,393.3166,700.7645
ROI_071/patch_9,own,16–32,1,19230,0.000,1.000,307.4731,614.4167
ROI_071/patch_9,own,32–64,1,70199,0.000,1.000,293.2840,601.8954
ROI_071/patch_9,own,64–128,1,237348,0.050,1.000,263.0457,568.1372
ROI_071/patch_9,own,≥128,1,1763930,0.050,1.000,227.8353,560.5242
ROI_071/patch_15,nearest,0–16,1,6438,0.000,1.000,8.2589,10.4125
ROI_071/patch_15,nearest,16–32,1,18483,0.000,1.000,8.1099,13.9706
ROI_071/patch_15,nearest,32–64,1,64180,0.000,1.000,10.0376,16.0180
ROI_071/patch_15,nearest,64–128,1,128927,0.000,1.000,19.9402,24.6238
ROI_071/patch_15,nearest,≥128,1,44116,0.000,1.000,19.5695,26.9427
ROI_071/patch_15,own,0–16,1,6438,0.000,1.000,8.3225,10.4009
ROI_071/patch_15,own,16–32,1,18483,0.000,1.000,7.9626,14.5267
ROI_071/patch_15,own,32–64,1,67356,0.000,1.000,9.6501,16.8909
ROI_071/patch_15,own,64–128,1,239750,0.000,1.000,17.6840,21.3937
ROI_071/patch_15,own,≥128,1,1765125,0.000,1.000,20.3633,25.9029
ROI_071/patch_16,nearest,0–16,1,6435,0.000,1.000,7.6970,9.2547
ROI_071/patch_16,nearest,16–32,1,18727,0.000,1.000,8.3176,9.7771
ROI_071/patch_16,nearest,32–64,1,63032,0.000,1.000,12.1279,13.8306
ROI_071/patch_16,nearest,64–128,1,127934,0.000,1.000,16.2631,19.6203
ROI_071/patch_16,nearest,≥128,1,46016,0.000,1.000,48.8674,62.4783
ROI_071/patch_16,own,0–16,1,6435,0.000,1.000,7.5920,9.1560
ROI_071/patch_16,own,16–32,1,18727,0.000,1.000,7.8712,9.3117
ROI_071/patch_16,own,32–64,1,69848,0.000,1.000,11.6095,13.2898
ROI_071/patch_16,own,64–128,1,228396,0.000,1.000,16.6463,20.2186
ROI_071/patch_16,own,≥128,1,1773746,0.000,1.000,23.4229,27.5624
ROI_071/patch_17,nearest,0–16,1,6446,0.000,1.000,109.6783,113.2241
ROI_071/patch_17,nearest,16–32,1,18693,0.000,1.000,319.0161,323.7198
ROI_071/patch_17,nearest,32–64,1,65809,0.000,1.000,441.9722,462.7402
ROI_071/patch_17,nearest,64–128,1,133604,0.150,1.000,371.2491,417.1220
ROI_071/patch_17,nearest,≥128,1,37592,0.200,1.000,361.6458,480.2620
ROI_071/patch_17,own,0–16,1,6446,0.000,1.000,113.6758,118.1144
ROI_071/patch_17,own,16–32,1,19303,0.000,1.000,288.2981,293.4978
ROI_071/patch_17,own,32–64,1,73636,0.000,1.000,408.3304,429.5147
ROI_071/patch_17,own,64–128,1,241437,0.200,1.000,447.5150,505.1618
ROI_071/patch_17,own,≥128,1,1756330,0.000,1.000,378.1255,444.7090
ROI_071/patch_18,nearest,0–16,1,6424,0.000,1.000,410.0293,441.3187
ROI_071/patch_18,nearest,16–32,1,19226,0.000,1.000,383.4400,420.6171
ROI_071/patch_18,nearest,32–64,1,64750,0.000,1.000,293.8137,344.8428
ROI_071/patch_18,nearest,64–128,1,120749,0.000,1.000,144.5156,178.2237
ROI_071/patch_18,nearest,≥128,1,50995,0.000,1.000,115.3010,181.7287
ROI_071/patch_18,own,0–16,1,6424,0.000,1.000,410.6254,441.9218
ROI_071/patch_18,own,16–32,1,19226,0.000,1.000,392.6377,424.6374
ROI_071/patch_18,own,32–64,1,73710,0.000,1.000,321.7132,370.4830
ROI_071/patch_18,own,64–128,1,271246,0.000,1.000,116.4005,143.2877
ROI_071/patch_18,own,≥128,1,1726546,0.000,1.000,152.1176,187.5146
ROI_071/patch_19,nearest,0–16,1,6433,1.000,1.000,,
ROI_071/patch_19,nearest,16–32,1,19292,1.000,1.000,,
ROI_071/patch_19,nearest,32–64,1,70825,1.000,1.000,,
ROI_071/patch_19,nearest,64–128,1,124651,1.000,1.000,,
ROI_071/patch_19,nearest,≥128,1,40943,1.000,1.000,,
ROI_071/patch_19,own,0–16,1,6433,1.000,1.000,,
ROI_071/patch_19,own,16–32,1,19292,1.000,1.000,,
ROI_071/patch_19,own,32–64,1,75301,1.000,1.000,,
ROI_071/patch_19,own,64–128,1,264261,1.000,1.000,,
ROI_071/patch_19,own,≥128,1,1731865,1.000,1.000,,
ROI_071/patch_20,nearest,0–16,1,6444,0.000,1.000,20.1244,71.1980
ROI_071/patch_20,nearest,16–32,1,18565,0.000,1.000,22.4215,71.5831
ROI_071/patch_20,nearest,32–64,1,57427,0.000,1.000,30.3301,98.2503
ROI_071/patch_20,nearest,64–128,1,104849,0.000,1.000,25.6621,62.8881
ROI_071/patch_20,nearest,≥128,1,74859,0.000,1.000,17.2149,25.1361
ROI_071/patch_20,own,0–16,1,6444,0.000,1.000,19.4847,71.7437
ROI_071/patch_20,own,16–32,1,18565,0.000,1.000,24.7225,72.3538
ROI_071/patch_20,own,32–64,1,70520,0.000,1.000,31.9365,84.6270
ROI_071/patch_20,own,64–128,1,247460,0.000,1.000,24.5629,62.2466
ROI_071/patch_20,own,≥128,1,1754163,0.000,1.000,17.9312,49.3806
ROI_071/patch_21,nearest,0–16,1,6425,0.000,1.000,342.9370,424.9323
ROI_071/patch_21,nearest,16–32,1,18912,0.000,1.000,320.4328,389.3249
ROI_071/patch_21,nearest,32–64,1,69092,0.000,1.000,332.5930,422.7094
ROI_071/patch_21,nearest,64–128,1,139621,0.000,1.000,220.3695,272.7949
ROI_071/patch_21,nearest,≥128,1,28094,0.000,1.000,160.3891,173.2543
ROI_071/patch_21,own,0–16,1,6425,0.000,1.000,333.7110,409.3540
ROI_071/patch_21,own,16–32,1,18912,0.000,1.000,330.6563,391.9510
ROI_071/patch_21,own,32–64,1,71356,0.000,1.000,307.3708,372.5519
ROI_071/patch_21,own,64–128,1,225399,0.000,1.000,311.3077,384.5563
ROI_071/patch_21,own,≥128,1,1775060,0.000,1.000,218.4038,262.9720
ROI_071/patch_22,nearest,0–16,1,6366,0.000,1.000,386.3341,673.5390
ROI_071/patch_22,nearest,16–32,1,17279,0.000,1.000,485.2709,746.2129
ROI_071/patch_22,nearest,32–64,1,58720,0.000,1.000,532.3134,758.3217
ROI_071/patch_22,nearest,64–128,1,129619,0.050,1.000,441.5262,611.1672
ROI_071/patch_22,nearest,≥128,1,50160,0.000,1.000,241.8922,428.5116
ROI_071/patch_22,own,0–16,1,6366,0.000,1.000,396.5632,682.7056
ROI_071/patch_22,own,16–32,1,17279,0.000,1.000,473.8372,735.7337
ROI_071/patch_22,own,32–64,1,61006,0.050,1.000,563.5147,799.4064
ROI_071/patch_22,own,64–128,1,222859,0.200,1.000,540.0868,755.9651
ROI_071/patch_22,own,≥128,1,1789642,0.350,1.000,342.7124,512.8535
ROI_071/patch_23,nearest,0–16,1,6435,0.000,1.000,4.5880,6.0622
ROI_071/patch_23,nearest,16–32,1,19146,0.000,1.000,4.8148,6.4221
ROI_071/patch_23,nearest,32–64,1,70401,0.000,1.000,4.5950,8.1036
ROI_071/patch_23,nearest,64–128,1,123012,0.000,1.000,4.6503,61.9247
ROI_071/patch_23,nearest,≥128,1,43150,0.000,1.000,8.1745,281.3115
ROI_071/patch_23,own,0–16,1,6435,0.000,1.000,4.7245,6.2607
ROI_071/patch_23,own,16–32,1,19146,0.000,1.000,4.6560,6.1216
ROI_071/patch_23,own,32–64,1,72547,0.000,1.000,5.0703,8.6880
ROI_071/patch_23,own,64–128,1,260062,0.000,1.000,4.7137,27.4542
ROI_071/patch_23,own,≥128,1,1738962,0.000,1.000,4.1890,23.9972
ROI_071/patch_24,nearest,0–16,1,6348,0.000,1.000,5.7939,6.6506
ROI_071/patch_24,nearest,16–32,1,17623,0.000,1.000,5.9524,6.7671
ROI_071/patch_24,nearest,32–64,1,57804,0.000,1.000,5.8520,6.5877
ROI_071/patch_24,nearest,64–128,1,132147,0.000,1.000,5.4414,6.5696
ROI_071/patch_24,nearest,≥128,1,48222,0.000,1.000,6.7930,21.5594
ROI_071/patch_24,own,0–16,1,6348,0.000,1.000,5.8089,6.6677
ROI_071/patch_24,own,16–32,1,18057,0.000,1.000,5.9803,6.8245
ROI_071/patch_24,own,32–64,1,67315,0.000,1.000,5.8649,6.5873
ROI_071/patch_24,own,64–128,1,246223,0.000,1.000,5.4398,6.3510
ROI_071/patch_24,own,≥128,1,1759209,0.000,1.000,5.8664,8.3140
ROI_071/patch_25,nearest,0–16,1,6432,0.000,1.000,1250.8117,1474.5063
ROI_071/patch_25,nearest,16–32,1,19081,0.000,1.000,1175.2370,1417.0398
ROI_071/patch_25,nearest,32–64,1,69863,0.000,1.000,1111.1031,1551.6524
ROI_071/patch_25,nearest,64–128,1,138896,0.900,1.000,920.1299,1550.7467
ROI_071/patch_25,nearest,≥128,1,27872,1.000,1.000,,
ROI_071/patch_25,own,0–16,1,6432,0.000,1.000,1245.2711,1457.2558
ROI_071/patch_25,own,16–32,1,19081,0.000,1.000,1161.2950,1392.1150
ROI_071/patch_25,own,32–64,1,72480,0.000,1.000,1119.6180,1564.8385
ROI_071/patch_25,own,64–128,1,236395,0.650,1.000,1073.6823,1637.4137
ROI_071/patch_25,own,≥128,1,1762764,0.850,1.000,760.3190,1502.5823
ROI_071/patch_26,nearest,0–16,1,6200,0.000,1.000,8.0064,15.3766
ROI_071/patch_26,nearest,16–32,1,18225,0.000,1.000,7.9529,13.5089
ROI_071/patch_26,nearest,32–64,1,63841,0.000,1.000,8.7328,20.0386
ROI_071/patch_26,nearest,64–128,1,138291,0.000,1.000,10.0713,13.2839
ROI_071/patch_26,nearest,≥128,1,35587,0.000,1.000,9.9561,39.5727
ROI_071/patch_26,own,0–16,1,6200,0.000,1.000,8.0749,15.7852
ROI_071/patch_26,own,16–32,1,18225,0.000,1.000,7.8840,13.1802
ROI_071/patch_26,own,32–64,1,67452,0.000,1.000,8.5680,13.8197
ROI_071/patch_26,own,64–128,1,244474,0.000,1.000,9.8121,13.5033
ROI_071/patch_26,own,≥128,1,1760801,0.000,1.000,9.3535,22.3657
ROI_071/patch_27,nearest,0–16,1,6436,0.000,1.000,3.8679,5.4127
ROI_071/patch_27,nearest,16–32,1,18423,0.000,1.000,3.9316,5.5137
ROI_071/patch_27,nearest,32–64,1,62150,0.000,1.000,4.3415,6.2079
ROI_071/patch_27,nearest,64–128,1,115595,0.000,1.000,4.6261,6.9417
ROI_071/patch_27,nearest,≥128,1,59540,0.000,1.000,4.6288,6.7439
ROI_071/patch_27,own,0–16,1,6436,0.000,1.000,3.8685,5.3960
ROI_071/patch_27,own,16–32,1,19317,0.000,1.000,3.9231,5.4986
ROI_071/patch_27,own,32–64,1,77177,0.000,1.000,4.2553,6.0281
ROI_071/patch_27,own,64–128,1,263139,0.000,1.000,4.3048,6.4547
ROI_071/patch_27,own,≥128,1,1731083,0.000,1.000,4.5734,6.6043
ROI_071/patch_28,nearest,0–16,1,6363,0.000,1.000,10.7476,290.3184
ROI_071/patch_28,nearest,16–32,1,18489,0.000,1.000,11.9627,313.1778
ROI_071/patch_28,nearest,32–64,1,69481,0.000,1.000,10.2779,276.6851
ROI_071/patch_28,nearest,64–128,1,119623,0.000,1.000,12.3722,430.7632
ROI_071/patch_28,nearest,≥128,1,48188,1.000,1.000,,
ROI_071/patch_28,own,0–16,1,6363,0.000,1.000,10.8670,292.4059
ROI_071/patch_28,own,16–32,1,18489,0.000,1.000,12.4142,319.7859
ROI_071/patch_28,own,32–64,1,72437,0.000,1.000,12.1325,306.2154
ROI_071/patch_28,own,64–128,1,248571,0.000,1.000,16.1690,299.4859
ROI_071/patch_28,own,≥128,1,1751292,0.000,1.000,14.2024,343.9847
ROI_071/patch_29,nearest,0–16,1,6437,0.000,1.000,3.2298,5.4502
ROI_071/patch_29,nearest,16–32,1,19313,0.000,1.000,3.1245,5.3172
ROI_071/patch_29,nearest,32–64,1,66927,0.000,1.000,2.9945,5.3621
ROI_071/patch_29,nearest,64–128,1,133280,0.000,1.000,3.2537,5.7109
ROI_071/patch_29,nearest,≥128,1,36187,0.000,1.000,10.2564,14.1109
ROI_071/patch_29,own,0–16,1,6437,0.000,1.000,3.1998,5.4534
ROI_071/patch_29,own,16–32,1,19313,0.000,1.000,3.1048,5.3565
ROI_071/patch_29,own,32–64,1,75168,0.000,1.000,3.0325,5.3962
ROI_071/patch_29,own,64–128,1,259727,0.000,1.000,2.9789,5.2595
ROI_071/patch_29,own,≥128,1,1736507,0.000,1.000,3.6848,5.7166
ROI_071/patch_35,nearest,0–16,1,6429,0.000,1.000,30.5737,45.5627
ROI_071/patch_35,nearest,16–32,1,19255,0.000,1.000,55.6193,73.2161
ROI_071/patch_35,nearest,32–64,1,56426,0.000,1.000,57.9960,71.5550
ROI_071/patch_35,nearest,64–128,1,87557,0.000,1.000,94.1026,103.7904
ROI_071/patch_35,nearest,≥128,1,92477,0.000,1.000,310.8561,410.8004
ROI_071/patch_35,own,0–16,1,6429,0.000,1.000,31.5461,46.0618
ROI_071/patch_35,own,16–32,1,19255,0.000,1.000,53.9710,72.1134
ROI_071/patch_35,own,32–64,1,70457,0.000,1.000,54.8310,67.0599
ROI_071/patch_35,own,64–128,1,234644,0.000,1.000,71.4766,81.9791
ROI_071/patch_35,own,≥128,1,1766367,0.000,1.000,150.3106,178.6464
ROI_071/patch_36,nearest,0–16,1,6435,0.000,1.000,7.8757,11.6944
ROI_071/patch_36,nearest,16–32,1,18451,0.000,1.000,8.1706,12.5386
ROI_071/patch_36,nearest,32–64,1,49315,0.000,1.000,10.1248,19.4509
ROI_071/patch_36,nearest,64–128,1,86085,0.000,1.000,9.4260,17.9853
ROI_071/patch_36,nearest,≥128,1,101858,0.000,1.000,11.6197,39.9130
ROI_071/patch_36,own,0–16,1,6435,0.000,1.000,7.9481,11.4798
ROI_071/patch_36,own,16–32,1,18666,0.000,1.000,8.2387,12.4587
ROI_071/patch_36,own,32–64,1,71340,0.000,1.000,9.5485,17.3826
ROI_071/patch_36,own,64–128,1,258949,0.000,1.000,9.1326,15.8055
ROI_071/patch_36,own,≥128,1,1741762,0.000,1.000,11.2218,20.8611
ROI_071/patch_37,nearest,0–16,1,6320,0.000,1.000,81.4144,435.8484
ROI_071/patch_37,nearest,16–32,1,18068,0.000,1.000,61.7316,345.0077
ROI_071/patch_37,nearest,32–64,1,62797,0.000,1.000,49.5377,232.6113
ROI_071/patch_37,nearest,64–128,1,118152,0.000,1.000,55.9175,138.3336
ROI_071/patch_37,nearest,≥128,1,56807,0.000,1.000,19.9160,49.9625
ROI_071/patch_37,own,0–16,1,6320,0.000,1.000,80.2885,429.7646
ROI_071/patch_37,own,16–32,1,18068,0.000,1.000,57.9563,336.7063
ROI_071/patch_37,own,32–64,1,68449,0.000,1.000,40.8335,225.1015
ROI_071/patch_37,own,64–128,1,230601,0.000,1.000,64.2696,259.3064
ROI_071/patch_37,own,≥128,1,1773714,0.000,1.000,33.5086,149.1408
ROI_071/patch_38,nearest,0–16,1,7168,0.000,1.000,11.4578,53.9449
ROI_071/patch_38,nearest,16–32,1,20183,0.000,1.000,10.7202,62.0336
ROI_071/patch_38,nearest,32–64,1,73649,0.000,1.000,11.8987,74.4041
ROI_071/patch_38,nearest,64–128,1,139489,0.000,1.000,44.0413,158.4423
ROI_071/patch_38,nearest,≥128,1,21655,0.000,1.000,227.2987,259.3730
ROI_071/patch_38,own,0–16,1,7168,0.000,1.000,11.5249,55.6359
ROI_071/patch_38,own,16–32,1,20183,0.000,1.000,9.7341,58.4331
ROI_071/patch_38,own,32–64,1,78908,0.000,1.000,11.8518,74.6117
ROI_071/patch_38,own,64–128,1,290405,0.000,1.000,26.7026,105.7375
ROI_071/patch_38,own,≥128,1,1962632,0.000,1.000,62.8192,183.9302
ROI_071/patch_39,nearest,0–16,1,6440,0.000,1.000,311.4733,444.7755
ROI_071/patch_39,nearest,16–32,1,19287,0.000,1.000,312.9707,449.4751
ROI_071/patch_39,nearest,32–64,1,69528,0.000,1.000,249.5434,407.3990
ROI_071/patch_39,nearest,64–128,1,130040,0.000,1.000,228.8834,314.6122
ROI_071/patch_39,nearest,≥128,1,36849,0.000,1.000,281.6902,325.4583
ROI_071/patch_39,own,0–16,1,6440,0.000,1.000,317.4744,450.4766
ROI_071/patch_39,own,16–32,1,19297,0.000,1.000,306.9953,444.2609
ROI_071/patch_39,own,32–64,1,75429,0.000,1.000,227.6367,385.4794
ROI_071/patch_39,own,64–128,1,260728,0.000,1.000,245.2942,349.6861
ROI_071/patch_39,own,≥128,1,1735258,0.000,1.000,239.8111,336.7632
ROI_075/patch_0,nearest,0–16,1,6177,0.000,1.000,32.6685,112.0610
ROI_075/patch_0,nearest,16–32,1,18225,0.000,1.000,20.2154,85.3019
ROI_075/patch_0,nearest,32–64,1,65724,0.000,1.000,17.7483,102.3720
ROI_075/patch_0,nearest,64–128,1,126490,0.000,1.000,27.0377,68.1266
ROI_075/patch_0,nearest,≥128,1,45528,0.000,1.000,33.7625,36.9467
ROI_075/patch_0,own,0–16,1,6177,0.000,1.000,33.0648,112.8154
ROI_075/patch_0,own,16–32,1,18225,0.000,1.000,20.5034,90.5017
ROI_075/patch_0,own,32–64,1,72529,0.000,1.000,15.3640,103.3210
ROI_075/patch_0,own,64–128,1,247421,0.000,1.000,26.1355,91.3745
ROI_075/patch_0,own,≥128,1,1752800,0.000,1.000,24.8672,60.0121
ROI_075/patch_1,nearest,0–16,1,6451,0.000,1.000,71.3245,142.0445
ROI_075/patch_1,nearest,16–32,1,19306,0.000,1.000,61.5960,150.6334
ROI_075/patch_1,nearest,32–64,1,73296,0.000,1.000,51.3053,205.1668
ROI_075/patch_1,nearest,64–128,1,128676,0.000,1.000,46.4973,396.2842
ROI_075/patch_1,nearest,≥128,1,34415,0.000,1.000,35.3867,212.8212
ROI_075/patch_1,own,0–16,1,6451,0.000,1.000,72.3567,141.2607
ROI_075/patch_1,own,16–32,1,19306,0.000,1.000,59.5722,145.5139
ROI_075/patch_1,own,32–64,1,73586,0.000,1.000,49.3251,197.5883
ROI_075/patch_1,own,64–128,1,236547,0.000,1.000,38.3053,254.7935
ROI_075/patch_1,own,≥128,1,1761262,0.000,1.000,46.3615,205.4763
ROI_075/patch_2,nearest,0–16,1,6447,0.000,1.000,20.5904,22.9107
ROI_075/patch_2,nearest,16–32,1,19197,0.000,1.000,22.4432,24.6241
ROI_075/patch_2,nearest,32–64,1,61449,0.000,1.000,23.9896,26.3123
ROI_075/patch_2,nearest,64–128,1,126464,0.000,1.000,29.0894,31.6119
ROI_075/patch_2,nearest,≥128,1,48587,0.000,1.000,51.6769,55.5926
ROI_075/patch_2,own,0–16,1,6447,0.000,1.000,20.6034,22.9256
ROI_075/patch_2,own,16–32,1,19197,0.000,1.000,23.6559,25.7715
ROI_075/patch_2,own,32–64,1,70370,0.000,1.000,24.3202,26.6366
ROI_075/patch_2,own,64–128,1,246500,0.000,1.000,29.6731,32.1135
ROI_075/patch_2,own,≥128,1,1754638,0.000,1.000,32.7280,35.3751
ROI_075/patch_3,nearest,0–16,1,6433,0.000,1.000,220.5244,223.0490
ROI_075/patch_3,nearest,16–32,1,19065,0.000,1.000,187.1495,189.6190
ROI_075/patch_3,nearest,32–64,1,62013,0.000,1.000,189.0234,195.6585
ROI_075/patch_3,nearest,64–128,1,94659,0.000,1.000,104.3661,112.2543
ROI_075/patch_3,nearest,≥128,1,79974,0.000,1.000,68.9506,150.3739
ROI_075/patch_3,own,0–16,1,6433,0.000,1.000,217.1058,219.4669
ROI_075/patch_3,own,16–32,1,19065,0.000,1.000,190.0307,193.0746
ROI_075/patch_3,own,32–64,1,70021,0.000,1.000,167.3929,172.1955
ROI_075/patch_3,own,64–128,1,239744,0.000,1.000,100.5689,105.1752
ROI_075/patch_3,own,≥128,1,1761889,0.000,1.000,73.8322,81.0727
ROI_075/patch_4,nearest,0–16,1,6042,0.000,1.000,11.9349,717.3510
ROI_075/patch_4,nearest,16–32,1,16933,0.000,1.000,12.9788,700.8819
ROI_075/patch_4,nearest,32–64,1,58570,0.000,1.000,15.0163,545.4832
ROI_075/patch_4,nearest,64–128,1,128467,0.000,1.000,19.6557,253.7900
ROI_075/patch_4,nearest,≥128,1,52132,0.000,1.000,28.9989,31.1182
ROI_075/patch_4,own,0–16,1,6042,0.000,1.000,12.0972,719.0519
ROI_075/patch_4,own,16–32,1,17321,0.000,1.000,13.0584,696.0547
ROI_075/patch_4,own,32–64,1,66456,0.000,1.000,16.0346,538.0090
ROI_075/patch_4,own,64–128,1,214678,0.000,1.000,18.8867,206.3461
ROI_075/patch_4,own,≥128,1,1792655,0.000,1.000,19.4024,155.6544
ROI_075/patch_5,nearest,0–16,1,6423,0.000,1.000,474.5124,795.7642
ROI_075/patch_5,nearest,16–32,1,18729,0.000,1.000,473.7066,744.9912
ROI_075/patch_5,nearest,32–64,1,62492,0.000,1.000,557.4397,718.4495
ROI_075/patch_5,nearest,64–128,1,130336,0.000,1.000,266.0814,370.9321
ROI_075/patch_5,nearest,≥128,1,44164,0.000,1.000,349.2648,381.3421
ROI_075/patch_5,own,0–16,1,6423,0.000,1.000,458.0417,788.8147
ROI_075/patch_5,own,16–32,1,19244,0.000,1.000,510.7100,787.7419
ROI_075/patch_5,own,32–64,1,68987,0.000,1.000,555.6012,703.1011
ROI_075/patch_5,own,64–128,1,217574,0.000,1.000,282.3709,427.8055
ROI_075/patch_5,own,≥128,1,1784924,0.000,1.000,400.9888,486.4221
ROI_075/patch_6,nearest,0–16,1,7235,0.000,1.000,43.4061,51.0583
ROI_075/patch_6,nearest,16–32,1,21116,0.000,1.000,45.2058,52.9877
ROI_075/patch_6,nearest,32–64,1,65963,0.000,1.000,59.8975,64.0800
ROI_075/patch_6,nearest,64–128,1,112857,0.000,1.000,80.8511,82.6118
ROI_075/patch_6,nearest,≥128,1,54973,0.000,1.000,91.3033,93.8920
ROI_075/patch_6,own,0–16,1,7235,0.000,1.000,45.3380,54.5985
ROI_075/patch_6,own,16–32,1,21726,0.000,1.000,46.5918,55.2974
ROI_075/patch_6,own,32–64,1,83660,0.000,1.000,54.5837,57.6227
ROI_075/patch_6,own,64–128,1,300161,0.000,1.000,62.7564,64.6397
ROI_075/patch_6,own,≥128,1,1946514,0.000,1.000,75.2493,78.1653
ROI_075/patch_7,nearest,0–16,1,7239,0.000,1.000,7.3596,9.3510
ROI_075/patch_7,nearest,16–32,1,20484,0.000,1.000,7.6720,9.7154
ROI_075/patch_7,nearest,32–64,1,69157,0.000,1.000,8.3271,10.0732
ROI_075/patch_7,nearest,64–128,1,117839,0.000,1.000,10.6953,12.2992
ROI_075/patch_7,nearest,≥128,1,47425,0.000,1.000,62.6316,64.4492
ROI_075/patch_7,own,0–16,1,7239,0.000,1.000,7.2221,9.2029
ROI_075/patch_7,own,16–32,1,20484,0.000,1.000,7.4656,9.5391
ROI_075/patch_7,own,32–64,1,75803,0.000,1.000,8.0623,9.7781
ROI_075/patch_7,own,64–128,1,269718,0.000,1.000,9.2296,10.9124
ROI_075/patch_7,own,≥128,1,1986052,0.000,1.000,15.1489,16.9371
ROI_075/patch_8,nearest,0–16,1,7165,0.000,1.000,20.1800,21.8266
ROI_075/patch_8,nearest,16–32,1,20819,0.000,1.000,20.5879,22.6643
ROI_075/patch_8,nearest,32–64,1,73929,0.000,1.000,24.3598,27.9166
ROI_075/patch_8,nearest,64–128,1,130694,0.000,1.000,33.9260,41.0599
ROI_075/patch_8,nearest,≥128,1,29537,0.000,1.000,324.4237,347.2662
ROI_075/patch_8,own,0–16,1,7165,0.000,1.000,20.1760,21.8282
ROI_075/patch_8,own,16–32,1,20819,0.000,1.000,20.6882,22.7761
ROI_075/patch_8,own,32–64,1,75394,0.000,1.000,26.4182,29.9699
ROI_075/patch_8,own,64–128,1,252634,0.000,1.000,29.0031,36.3404
ROI_075/patch_8,own,≥128,1,2003284,0.000,1.000,31.6872,39.7488
ROI_075/patch_10,nearest,0–16,1,6389,0.000,1.000,9.5168,12.0375
ROI_075/patch_10,nearest,16–32,1,18345,0.000,1.000,12.2311,15.3098
ROI_075/patch_10,nearest,32–64,1,55793,0.000,1.000,17.5113,21.7483
ROI_075/patch_10,nearest,64–128,1,119348,0.000,1.000,8.9777,12.1231
ROI_075/patch_10,nearest,≥128,1,62269,0.000,1.000,10.5122,13.1849
ROI_075/patch_10,own,0–16,1,6389,0.000,1.000,9.4951,12.0339
ROI_075/patch_10,own,16–32,1,18345,0.000,1.000,12.0115,14.9264
ROI_075/patch_10,own,32–64,1,68272,0.000,1.000,18.1459,22.1493
ROI_075/patch_10,own,64–128,1,236541,0.000,1.000,10.3805,13.4909
ROI_075/patch_10,own,≥128,1,1767605,0.000,1.000,10.8928,13.7297
ROI_075/patch_11,nearest,0–16,1,6245,0.000,1.000,6.4375,8.5043
ROI_075/patch_11,nearest,16–32,1,18124,0.000,1.000,7.9051,9.7511
ROI_075/patch_11,nearest,32–64,1,54466,0.000,1.000,16.6601,18.2521
ROI_075/patch_11,nearest,64–128,1,107060,0.000,1.000,13.7790,14.9705
ROI_075/patch_11,nearest,≥128,1,76249,0.000,1.000,58.1178,60.9566
ROI_075/patch_11,own,0–16,1,6245,0.000,1.000,6.5074,8.4843
ROI_075/patch_11,own,16–32,1,18124,0.000,1.000,7.5823,9.3242
ROI_075/patch_11,own,32–64,1,64061,0.000,1.000,15.9138,17.5508
ROI_075/patch_11,own,64–128,1,228265,0.000,1.000,14.5020,15.8644
ROI_075/patch_11,own,≥128,1,1780457,0.000,1.000,13.1497,15.4570
ROI_075/patch_12,nearest,0–16,1,6436,0.000,1.000,20.0233,21.8417
ROI_075/patch_12,nearest,16–32,1,18547,0.000,1.000,20.2328,22.1072
ROI_075/patch_12,nearest,32–64,1,66145,0.000,1.000,26.3508,28.9090
ROI_075/patch_12,nearest,64–128,1,123414,0.000,1.000,72.1838,75.8848
ROI_075/patch_12,nearest,≥128,1,47602,0.000,1.000,80.3798,88.2128
ROI_075/patch_12,own,0–16,1,6436,0.000,1.000,20.0218,21.8521
ROI_075/patch_12,own,16–32,1,18547,0.000,1.000,20.1647,22.0373
ROI_075/patch_12,own,32–64,1,66809,0.000,1.000,24.4994,26.8515
ROI_075/patch_12,own,64–128,1,222313,0.000,1.000,48.8662,52.5806
ROI_075/patch_12,own,≥128,1,1783047,0.000,1.000,45.6839,49.5995
ROI_075/patch_13,nearest,0–16,1,7085,0.000,1.000,37.3692,38.9863
ROI_075/patch_13,nearest,16–32,1,19995,0.000,1.000,37.5344,39.1432
ROI_075/patch_13,nearest,32–64,1,72916,0.000,1.000,38.9766,40.8133
ROI_075/patch_13,nearest,64–128,1,135810,0.000,1.000,49.9376,51.7484
ROI_075/patch_13,nearest,≥128,1,26338,0.000,1.000,96.9057,99.4711
ROI_075/patch_13,own,0–16,1,7085,0.000,1.000,37.3337,38.9543
ROI_075/patch_13,own,16–32,1,19995,0.000,1.000,37.4898,39.1557
ROI_075/patch_13,own,32–64,1,75186,0.000,1.000,38.9168,40.7533
ROI_075/patch_13,own,64–128,1,267734,0.000,1.000,44.0418,45.8386
ROI_075/patch_13,own,≥128,1,1989296,0.000,1.000,47.6941,49.4680
ROI_075/patch_14,nearest,0–16,1,6304,0.000,1.000,13.8230,37.0177
ROI_075/patch_14,nearest,16–32,1,18400,0.000,1.000,15.3152,42.8047
ROI_075/patch_14,nearest,32–64,1,63600,0.000,1.000,36.3944,57.9219
ROI_075/patch_14,nearest,64–128,1,111372,0.000,1.000,73.0970,82.2861
ROI_075/patch_14,nearest,≥128,1,62468,0.000,1.000,52.7054,79.6864
ROI_075/patch_14,own,0–16,1,6304,0.000,1.000,13.8396,37.1555
ROI_075/patch_14,own,16–32,1,18400,0.000,1.000,15.1536,42.5302
ROI_075/patch_14,own,32–64,1,71350,0.000,1.000,35.4980,57.5950
ROI_075/patch_14,own,64–128,1,236476,0.000,1.000,45.3971,53.9087
ROI_075/patch_14,own,≥128,1,1764622,0.000,1.000,39.1558,54.3883
ROI_075/patch_15,nearest,0–16,1,6429,0.000,1.000,9.7018,11.0868
ROI_075/patch_15,nearest,16–32,1,18729,0.000,1.000,9.5411,10.8879
ROI_075/patch_15,nearest,32–64,1,63147,0.000,1.000,11.0253,12.3151
ROI_075/patch_15,nearest,64–128,1,128605,0.000,1.000,22.4998,24.8795
ROI_075/patch_15,nearest,≥128,1,45234,0.000,1.000,128.7629,135.2632
ROI_075/patch_15,own,0–16,1,6429,0.000,1.000,9.6430,11.0321
ROI_075/patch_15,own,16–32,1,18729,0.000,1.000,9.5152,10.8767
ROI_075/patch_15,own,32–64,1,66055,0.000,1.000,10.1430,11.4371
ROI_075/patch_15,own,64–128,1,226506,0.000,1.000,19.6256,21.8434
ROI_075/patch_15,own,≥128,1,1779433,0.000,1.000,30.8117,33.0882
ROI_075/patch_16,nearest,0–16,1,6344,0.000,1.000,6.9560,8.6453
ROI_075/patch_16,nearest,16–32,1,17301,0.000,1.000,7.0110,8.6700
ROI_075/patch_16,nearest,32–64,1,63349,0.000,1.000,7.9732,9.7335
ROI_075/patch_16,nearest,64–128,1,130034,0.000,1.000,17.2921,19.6152
ROI_075/patch_16,nearest,≥128,1,45116,0.000,1.000,35.7394,37.8504
ROI_075/patch_16,own,0–16,1,6344,0.000,1.000,6.9582,8.6346
ROI_075/patch_16,own,16–32,1,17301,0.000,1.000,7.0435,8.7295
ROI_075/patch_16,own,32–64,1,64746,0.000,1.000,8.1352,9.9058
ROI_075/patch_16,own,64–128,1,223721,0.000,1.000,15.5751,18.0368
ROI_075/patch_16,own,≥128,1,1785040,0.000,1.000,17.2064,19.2312
ROI_075/patch_17,nearest,0–16,1,6433,0.000,1.000,81.8078,348.0304
ROI_075/patch_17,nearest,16–32,1,18738,0.000,1.000,83.6467,332.3154
ROI_075/patch_17,nearest,32–64,1,57805,0.000,1.000,79.2773,342.7502
ROI_075/patch_17,nearest,64–128,1,109097,0.000,1.000,82.7725,300.4707
ROI_075/patch_17,nearest,≥128,1,70071,0.000,1.000,103.6850,625.2025
ROI_075/patch_17,own,0–16,1,6433,0.000,1.000,81.7901,351.9719
ROI_075/patch_17,own,16–32,1,18738,0.000,1.000,84.4170,338.8573
ROI_075/patch_17,own,32–64,1,72968,0.000,1.000,80.3836,334.1666
ROI_075/patch_17,own,64–128,1,258797,0.000,1.000,84.0367,314.5288
ROI_075/patch_17,own,≥128,1,1740216,0.000,1.000,83.1296,355.3521
ROI_075/patch_18,nearest,0–16,1,6968,0.000,1.000,16.2748,18.8186
ROI_075/patch_18,nearest,16–32,1,20640,0.000,1.000,16.3997,18.9556
ROI_075/patch_18,nearest,32–64,1,78554,0.000,1.000,20.1561,30.2899
ROI_075/patch_18,nearest,64–128,1,129483,0.000,1.000,35.1648,58.2690
ROI_075/patch_18,nearest,≥128,1,26499,0.000,1.000,87.7192,102.3069
ROI_075/patch_18,own,0–16,1,6968,0.000,1.000,16.3019,18.8171
ROI_075/patch_18,own,16–32,1,20640,0.000,1.000,16.2882,18.8308
ROI_075/patch_18,own,32–64,1,80670,0.000,1.000,23.7684,30.9189
ROI_075/patch_18,own,64–128,1,282608,0.000,1.000,27.3431,46.3655
ROI_075/patch_18,own,≥128,1,1968410,0.000,1.000,43.1830,58.9537
ROI_075/patch_19,nearest,0–16,1,6434,0.000,1.000,12.7114,14.1801
ROI_075/patch_19,nearest,16–32,1,19256,0.000,1.000,14.2745,15.9263
ROI_075/patch_19,nearest,32–64,1,62037,0.000,1.000,17.7519,21.0646
ROI_075/patch_19,nearest,64–128,1,106161,0.000,1.000,37.2741,38.9530
ROI_075/patch_19,nearest,≥128,1,68256,0.000,1.000,115.8609,117.3358
ROI_075/patch_19,own,0–16,1,6434,0.000,1.000,12.8919,14.3495
ROI_075/patch_19,own,16–32,1,19256,0.000,1.000,14.5843,16.2071
ROI_075/patch_19,own,32–64,1,72735,0.000,1.000,17.1072,19.9328
ROI_075/patch_19,own,64–128,1,235021,0.000,1.000,24.1365,26.3211
ROI_075/patch_19,own,≥128,1,1763706,0.000,1.000,51.1186,53.3340
ROI_075/patch_20,nearest,0–16,1,6299,0.000,1.000,10.3903,12.7059
ROI_075/patch_20,nearest,16–32,1,17744,0.000,1.000,10.5876,22.6276
ROI_075/patch_20,nearest,32–64,1,61647,0.000,1.000,10.6260,90.0525
ROI_075/patch_20,nearest,64–128,1,124998,0.000,1.000,13.8750,145.8460
ROI_075/patch_20,nearest,≥128,1,51456,0.000,1.000,19.1596,50.2706
ROI_075/patch_20,own,0–16,1,6299,0.000,1.000,10.3615,12.5888
ROI_075/patch_20,own,16–32,1,17744,0.000,1.000,11.0296,23.4141
ROI_075/patch_20,own,32–64,1,66301,0.000,1.000,10.7654,69.0797
ROI_075/patch_20,own,64–128,1,246086,0.000,1.000,15.3229,184.6909
ROI_075/patch_20,own,≥128,1,1760722,0.000,1.000,16.7318,119.1391
ROI_075/patch_21,nearest,0–16,1,6148,0.000,1.000,2.9948,3.6081
ROI_075/patch_21,nearest,16–32,1,17466,0.000,1.000,3.0356,3.6280
ROI_075/patch_21,nearest,32–64,1,58707,0.000,1.000,3.5508,4.0552
ROI_075/patch_21,nearest,64–128,1,116553,0.000,1.000,11.5075,12.1124
ROI_075/patch_21,nearest,≥128,1,63270,0.000,1.000,152.2801,155.8925
ROI_075/patch_21,own,0–16,1,6148,0.000,1.000,2.9827,3.6016
ROI_075/patch_21,own,16–32,1,17466,0.000,1.000,2.9868,3.6062
ROI_075/patch_21,own,32–64,1,65594,0.000,1.000,3.5733,4.0798
ROI_075/patch_21,own,64–128,1,233537,0.000,1.000,6.3040,6.8263
ROI_075/patch_21,own,≥128,1,1774407,0.000,1.000,9.4274,11.0674
ROI_075/patch_22,nearest,0–16,1,6440,0.000,1.000,2.7094,3.4760
ROI_075/patch_22,nearest,16–32,1,18890,0.000,1.000,2.9296,3.7445
ROI_075/patch_22,nearest,32–64,1,62364,0.000,1.000,5.2708,6.4702
ROI_075/patch_22,nearest,64–128,1,108285,0.000,1.000,6.5579,8.5914
ROI_075/patch_22,nearest,≥128,1,66165,0.000,1.000,6.4167,8.2456
ROI_075/patch_22,own,0–16,1,6440,0.000,1.000,2.7099,3.4740
ROI_075/patch_22,own,16–32,1,18905,0.000,1.000,2.9419,3.7655
ROI_075/patch_22,own,32–64,1,69191,0.000,1.000,3.6773,4.7271
ROI_075/patch_22,own,64–128,1,241088,0.000,1.000,7.6204,9.2038
ROI_075/patch_22,own,≥128,1,1761528,0.000,1.000,11.9929,15.1277
ROI_075/patch_23,nearest,0–16,1,7106,0.000,1.000,14.7538,15.8071
ROI_075/patch_23,nearest,16–32,1,19149,0.000,1.000,14.8280,15.8994
ROI_075/patch_23,nearest,32–64,1,60134,0.000,1.000,14.8997,15.8665
ROI_075/patch_23,nearest,64–128,1,111580,0.000,1.000,18.6059,19.6882
ROI_075/patch_23,nearest,≥128,1,64175,0.000,1.000,42.7305,43.8023
ROI_075/patch_23,own,0–16,1,7106,0.000,1.000,14.8232,15.9060
ROI_075/patch_23,own,16–32,1,19514,0.000,1.000,14.9137,15.9532
ROI_075/patch_23,own,32–64,1,73526,0.000,1.000,14.4529,15.5409
ROI_075/patch_23,own,64–128,1,257941,0.000,1.000,15.2207,16.3929
ROI_075/patch_23,own,≥128,1,2001209,0.000,1.000,20.8096,21.9015
ROI_075/patch_24,nearest,0–16,1,6435,0.000,1.000,92.1902,203.9662
ROI_075/patch_24,nearest,16–32,1,18761,0.000,1.000,81.4198,170.5497
ROI_075/patch_24,nearest,32–64,1,66583,0.000,1.000,108.6727,158.4160
ROI_075/patch_24,nearest,64–128,1,141015,0.000,1.000,273.2906,339.8994
ROI_075/patch_24,nearest,≥128,1,29350,0.000,1.000,120.5957,141.0918
ROI_075/patch_24,own,0–16,1,6435,0.000,1.000,91.3273,202.4787
ROI_075/patch_24,own,16–32,1,18761,0.000,1.000,84.8332,168.8945
ROI_075/patch_24,own,32–64,1,70900,0.000,1.000,99.3227,154.9031
ROI_075/patch_24,own,64–128,1,244666,0.000,1.000,201.7747,238.6555
ROI_075/patch_24,own,≥128,1,1756390,0.000,1.000,197.5380,252.3558
ROI_075/patch_25,nearest,0–16,1,6429,0.000,1.000,264.7641,503.0575
ROI_075/patch_25,nearest,16–32,1,19226,0.000,1.000,296.4714,558.1907
ROI_075/patch_25,nearest,32–64,1,66264,0.000,1.000,397.2618,593.6891
ROI_075/patch_25,nearest,64–128,1,122271,0.000,1.000,679.8553,736.0951
ROI_075/patch_25,nearest,≥128,1,47954,0.450,1.000,813.8411,841.6926
ROI_075/patch_25,own,0–16,1,6429,0.000,1.000,265.1785,505.9919
ROI_075/patch_25,own,16–32,1,19297,0.000,1.000,291.9111,541.0966
ROI_075/patch_25,own,32–64,1,73666,0.000,1.000,376.0493,581.1428
ROI_075/patch_25,own,64–128,1,254905,0.000,1.000,566.6837,674.5928
ROI_075/patch_25,own,≥128,1,1742855,0.000,1.000,483.9358,533.0043
ROI_075/patch_26,nearest,0–16,1,6400,0.000,1.000,4.3290,5.0919
ROI_075/patch_26,nearest,16–32,1,17908,0.000,1.000,4.4287,5.3010
ROI_075/patch_26,nearest,32–64,1,65119,0.000,1.000,3.8872,4.8688
ROI_075/patch_26,nearest,64–128,1,145831,0.000,1.000,7.1699,8.5848
ROI_075/patch_26,nearest,≥128,1,26886,0.000,1.000,54.6251,56.9482
ROI_075/patch_26,own,0–16,1,6400,0.000,1.000,4.3701,5.1422
ROI_075/patch_26,own,16–32,1,17908,0.000,1.000,4.5122,5.3916
ROI_075/patch_26,own,32–64,1,65421,0.000,1.000,3.7950,4.8171
ROI_075/patch_26,own,64–128,1,237179,0.000,1.000,5.8208,7.2424
ROI_075/patch_26,own,≥128,1,1770244,0.000,1.000,11.0457,12.5609
ROI_075/patch_27,nearest,0–16,1,7229,0.000,1.000,79.9285,414.0677
ROI_075/patch_27,nearest,16–32,1,21720,0.000,1.000,71.4256,307.5187
ROI_075/patch_27,nearest,32–64,1,70051,0.000,1.000,71.7821,193.9038
ROI_075/patch_27,nearest,64–128,1,105452,0.000,1.000,110.3038,204.5072
ROI_075/patch_27,nearest,≥128,1,57692,0.050,1.000,391.4829,524.5032
ROI_075/patch_27,own,0–16,1,7229,0.000,1.000,81.8667,422.3489
ROI_075/patch_27,own,16–32,1,21720,0.000,1.000,68.9155,294.6431
ROI_075/patch_27,own,32–64,1,84426,0.000,1.000,69.3606,251.9611
ROI_075/patch_27,own,64–128,1,318057,0.000,1.000,92.9015,223.8688
ROI_075/patch_27,own,≥128,1,1927864,0.000,1.000,106.4843,247.7308
ROI_075/patch_28,nearest,0–16,1,6412,0.000,1.000,1.6782,2.5467
ROI_075/patch_28,nearest,16–32,1,18837,0.000,1.000,1.7222,2.6006
ROI_075/patch_28,nearest,32–64,1,67909,0.000,1.000,2.1426,3.2556
ROI_075/patch_28,nearest,64–128,1,119790,0.000,1.000,4.5582,6.8406
ROI_075/patch_28,nearest,≥128,1,49196,0.000,1.000,6.3639,16.8408
ROI_075/patch_28,own,0–16,1,6412,0.000,1.000,1.6555,2.5092
ROI_075/patch_28,own,16–32,1,18837,0.000,1.000,1.7539,2.6441
ROI_075/patch_28,own,32–64,1,69807,0.000,1.000,2.3542,3.5935
ROI_075/patch_28,own,64–128,1,247396,0.000,1.000,3.0842,4.5115
ROI_075/patch_28,own,≥128,1,1754700,0.000,1.000,4.7522,7.4145
ROI_075/patch_29,nearest,0–16,1,6175,0.000,1.000,39.3038,46.2084
ROI_075/patch_29,nearest,16–32,1,17268,0.000,1.000,32.8242,38.8143
ROI_075/patch_29,nearest,32–64,1,60074,0.000,1.000,37.7113,47.9082
ROI_075/patch_29,nearest,64–128,1,106846,0.000,1.000,51.9785,59.0827
ROI_075/patch_29,nearest,≥128,1,71781,0.000,1.000,132.4993,136.2210
ROI_075/patch_29,own,0–16,1,6175,0.000,1.000,38.0083,44.9193
ROI_075/patch_29,own,16–32,1,17268,0.000,1.000,33.1367,39.0365
ROI_075/patch_29,own,32–64,1,60100,0.000,1.000,35.4477,45.0061
ROI_075/patch_29,own,64–128,1,209421,0.000,1.000,45.2765,51.2810
ROI_075/patch_29,own,≥128,1,1804188,0.000,1.000,86.1053,92.2057
ROI_075/patch_30,nearest,0–16,1,6429,0.000,1.000,8.0103,10.2994
ROI_075/patch_30,nearest,16–32,1,19308,0.000,1.000,8.3912,10.9311
ROI_075/patch_30,nearest,32–64,1,69695,0.000,1.000,8.0208,10.5799
ROI_075/patch_30,nearest,64–128,1,110331,0.000,1.000,7.7013,10.9284
ROI_075/patch_30,nearest,≥128,1,56381,0.000,1.000,14.0733,17.2930
ROI_075/patch_30,own,0–16,1,6429,0.000,1.000,8.0834,10.3963
ROI_075/patch_30,own,16–32,1,19308,0.000,1.000,8.3208,10.8184
ROI_075/patch_30,own,32–64,1,75746,0.000,1.000,8.5097,11.2302
ROI_075/patch_30,own,64–128,1,256373,0.000,1.000,8.1889,11.1204
ROI_075/patch_30,own,≥128,1,1739296,0.000,1.000,9.7787,12.9799
ROI_075/patch_31,nearest,0–16,1,6193,0.000,1.000,8.3474,10.3590
ROI_075/patch_31,nearest,16–32,1,16647,0.000,1.000,8.8356,11.2605
ROI_075/patch_31,nearest,32–64,1,57790,0.000,1.000,10.6462,13.9962
ROI_075/patch_31,nearest,64–128,1,120292,0.000,1.000,10.3817,12.7205
ROI_075/patch_31,nearest,≥128,1,61222,0.000,1.000,14.2980,16.2442
ROI_075/patch_31,own,0–16,1,6193,0.000,1.000,8.3345,10.3842
ROI_075/patch_31,own,16–32,1,16647,0.000,1.000,8.9162,11.1874
ROI_075/patch_31,own,32–64,1,60985,0.000,1.000,10.0415,13.3170
ROI_075/patch_31,own,64–128,1,199502,0.000,1.000,9.7076,12.3721
ROI_075/patch_31,own,≥128,1,1813825,0.000,1.000,10.4985,12.6848
ROI_075/patch_32,nearest,0–16,1,6428,0.000,1.000,11.2247,12.7191
ROI_075/patch_32,nearest,16–32,1,18893,0.000,1.000,11.3150,12.6110
ROI_075/patch_32,nearest,32–64,1,68942,0.000,1.000,12.3249,13.4990
ROI_075/patch_32,nearest,64–128,1,138303,0.000,1.000,20.7600,23.4439
ROI_075/patch_32,nearest,≥128,1,29578,0.000,1.000,69.7640,91.0361
ROI_075/patch_32,own,0–16,1,6428,0.000,1.000,11.2184,12.7002
ROI_075/patch_32,own,16–32,1,18893,0.000,1.000,11.1439,12.4258
ROI_075/patch_32,own,32–64,1,73546,0.000,1.000,12.0968,13.3234
ROI_075/patch_32,own,64–128,1,242624,0.000,1.000,20.9542,23.4752
ROI_075/patch_32,own,≥128,1,1755661,0.000,1.000,16.7635,20.4821
ROI_075/patch_33,nearest,0–16,1,7243,0.000,1.000,3.9793,5.5197
ROI_075/patch_33,nearest,16–32,1,21122,0.000,1.000,4.5968,6.1369
ROI_075/patch_33,nearest,32–64,1,76754,0.000,1.000,5.1293,7.5297
ROI_075/patch_33,nearest,64–128,1,118720,0.000,1.000,6.8535,9.3209
ROI_075/patch_33,nearest,≥128,1,38305,0.000,1.000,12.4456,20.1651
ROI_075/patch_33,own,0–16,1,7243,0.000,1.000,3.9813,5.5039
ROI_075/patch_33,own,16–32,1,21122,0.000,1.000,4.4411,5.8095
ROI_075/patch_33,own,32–64,1,77723,0.000,1.000,5.4517,7.5416
ROI_075/patch_33,own,64–128,1,268655,0.000,1.000,4.3648,5.8775
ROI_075/patch_33,own,≥128,1,1984553,0.000,1.000,4.0473,5.9772
ROI_075/patch_34,nearest,0–16,1,6433,0.000,1.000,7.6610,9.2203
ROI_075/patch_34,nearest,16–32,1,18418,0.000,1.000,8.0651,9.5994
ROI_075/patch_34,nearest,32–64,1,62248,0.000,1.000,8.6118,10.0855
ROI_075/patch_34,nearest,64–128,1,142097,0.000,1.000,10.0493,11.5559
ROI_075/patch_34,nearest,≥128,1,32948,0.000,1.000,17.9978,20.2233
ROI_075/patch_34,own,0–16,1,6433,0.000,1.000,7.6775,9.2282
ROI_075/patch_34,own,16–32,1,18418,0.000,1.000,8.1033,9.6375
ROI_075/patch_34,own,32–64,1,62248,0.000,1.000,8.8220,10.3035
ROI_075/patch_34,own,64–128,1,209131,0.000,1.000,9.7888,11.3149
ROI_075/patch_34,own,≥128,1,1800922,0.000,1.000,11.9922,13.5715
ROI_075/patch_35,nearest,0–16,1,6434,0.000,1.000,13.1267,15.0202
ROI_075/patch_35,nearest,16–32,1,18328,0.000,1.000,13.4102,15.3229
ROI_075/patch_35,nearest,32–64,1,59809,0.000,1.000,9.5253,10.9641
ROI_075/patch_35,nearest,64–128,1,132259,0.000,1.000,7.8657,12.9210
ROI_075/patch_35,nearest,≥128,1,45314,0.000,1.000,19.3945,20.6038
ROI_075/patch_35,own,0–16,1,6434,0.000,1.000,12.1307,13.8628
ROI_075/patch_35,own,16–32,1,18764,0.000,1.000,12.5227,14.2791
ROI_075/patch_35,own,32–64,1,66165,0.000,1.000,10.4620,12.0135
ROI_075/patch_35,own,64–128,1,218133,0.000,1.000,8.6007,12.8947
ROI_075/patch_35,own,≥128,1,1787656,0.000,1.000,9.2183,12.0986
ROI_075/patch_36,nearest,0–16,1,6428,0.000,1.000,8.6590,9.9126
ROI_075/patch_36,nearest,16–32,1,18041,0.000,1.000,9.2123,10.5932
ROI_075/patch_36,nearest,32–64,1,56085,0.000,1.000,16.0096,18.6875
ROI_075/patch_36,nearest,64–128,1,108069,0.000,1.000,20.7179,23.7106
ROI_075/patch_36,nearest,≥128,1,73521,0.000,1.000,33.7714,36.9828
ROI_075/patch_36,own,0–16,1,6428,0.000,1.000,8.5496,9.7964
ROI_075/patch_36,own,16–32,1,18041,0.000,1.000,8.8308,10.2582
ROI_075/patch_36,own,32–64,1,67228,0.000,1.000,14.8169,17.3552
ROI_075/patch_36,own,64–128,1,214105,0.000,1.000,14.0081,16.4861
ROI_075/patch_36,own,≥128,1,1791350,0.000,1.000,17.8556,20.4281
ROI_075/patch_37,nearest,0–16,1,6434,0.000,1.000,130.9505,156.3658
ROI_075/patch_37,nearest,16–32,1,18488,0.000,1.000,117.7536,138.5269
ROI_075/patch_37,nearest,32–64,1,59675,0.000,1.000,91.0472,108.0279
ROI_075/patch_37,nearest,64–128,1,117061,0.000,1.000,155.7148,168.2291
ROI_075/patch_37,nearest,≥128,1,60486,0.000,1.000,213.7627,246.5000
ROI_075/patch_37,own,0–16,1,6434,0.000,1.000,138.1067,166.2177
ROI_075/patch_37,own,16–32,1,18534,0.000,1.000,112.6720,133.1831
ROI_075/patch_37,own,32–64,1,70137,0.000,1.000,89.9938,104.4483
ROI_075/patch_37,own,64–128,1,239040,0.000,1.000,174.5951,185.7029
ROI_075/patch_37,own,≥128,1,1763007,0.000,1.000,188.3058,214.8548
ROI_075/patch_38,nearest,0–16,1,6438,0.000,1.000,15.7761,16.8035
ROI_075/patch_38,nearest,16–32,1,18754,0.000,1.000,14.7964,15.5625
ROI_075/patch_38,nearest,32–64,1,71192,0.000,1.000,15.3892,15.9911
ROI_075/patch_38,nearest,64–128,1,116390,0.000,1.000,18.5600,19.1112
ROI_075/patch_38,nearest,≥128,1,49370,0.000,1.000,34.0114,34.6281
ROI_075/patch_38,own,0–16,1,6438,0.000,1.000,15.1838,16.2002
ROI_075/patch_38,own,16–32,1,18754,0.000,1.000,14.9866,15.7656
ROI_075/patch_38,own,32–64,1,72521,0.000,1.000,16.0888,16.6821
ROI_075/patch_38,own,64–128,1,240387,0.000,1.000,18.9000,19.3257
ROI_075/patch_38,own,≥128,1,1759052,0.000,1.000,18.7417,19.2599
ROI_075/patch_39,nearest,0–16,1,6435,0.000,1.000,17.4356,18.9182
ROI_075/patch_39,nearest,16–32,1,18521,0.000,1.000,19.5663,20.9504
ROI_075/patch_39,nearest,32–64,1,58478,0.000,1.000,73.1073,75.9733
ROI_075/patch_39,nearest,64–128,1,123846,0.000,1.000,170.6498,179.7810
ROI_075/patch_39,nearest,≥128,1,54864,0.000,1.000,270.6454,291.8886
ROI_075/patch_39,own,0–16,1,6435,0.000,1.000,17.5143,18.9979
ROI_075/patch_39,own,16–32,1,18521,0.000,1.000,18.4805,19.6323
ROI_075/patch_39,own,32–64,1,67733,0.000,1.000,39.7036,41.6891
ROI_075/patch_39,own,64–128,1,228807,0.000,1.000,98.9130,104.6307
ROI_075/patch_39,own,≥128,1,1775656,0.000,1.000,108.4034,113.4033
ROI_075/patch_40,nearest,0–16,1,7238,0.000,1.000,14.3585,15.1347
ROI_075/patch_40,nearest,16–32,1,21294,0.000,1.000,14.1648,15.1262
ROI_075/patch_40,nearest,32–64,1,68860,0.000,1.000,16.0584,16.9295
ROI_075/patch_40,nearest,64–128,1,134206,0.000,1.000,40.9290,42.3225
ROI_075/patch_40,nearest,≥128,1,30546,0.000,1.000,456.5226,462.6914
ROI_075/patch_40,own,0–16,1,7238,0.000,1.000,14.1644,14.9343
ROI_075/patch_40,own,16–32,1,21333,0.000,1.000,14.2043,15.1101
ROI_075/patch_40,own,32–64,1,79129,0.000,1.000,15.3419,16.2335
ROI_075/patch_40,own,64–128,1,275779,0.000,1.000,27.5737,28.7980
ROI_075/patch_40,own,≥128,1,1975817,0.000,1.000,97.3338,99.4881
ROI_075/patch_41,nearest,0–16,1,6920,0.000,1.000,9.1306,10.4281
ROI_075/patch_41,nearest,16–32,1,19927,0.000,1.000,9.1069,10.4494
ROI_075/patch_41,nearest,32–64,1,66537,0.000,1.000,9.0335,10.3537
ROI_075/patch_41,nearest,64–128,1,129086,0.000,1.000,9.2744,10.5922
ROI_075/patch_41,nearest,≥128,1,39674,0.000,1.000,14.1663,15.4417
ROI_075/patch_41,own,0–16,1,6920,0.000,1.000,9.0654,10.3639
ROI_075/patch_41,own,16–32,1,20069,0.000,1.000,9.1820,10.5057
ROI_075/patch_41,own,32–64,1,75753,0.000,1.000,9.5438,10.8913
ROI_075/patch_41,own,64–128,1,278972,0.000,1.000,11.5882,12.8398
ROI_075/patch_41,own,≥128,1,1977582,0.000,1.000,10.5161,11.8117
ROI_075/patch_42,nearest,0–16,1,6427,0.000,1.000,27.0852,29.7467
ROI_075/patch_42,nearest,16–32,1,18552,0.000,1.000,12.0771,14.8843
ROI_075/patch_42,nearest,32–64,1,56281,0.000,1.000,20.7966,24.1546
ROI_075/patch_42,nearest,64–128,1,133597,0.000,1.000,67.0756,71.1431
ROI_075/patch_42,nearest,≥128,1,47287,0.000,1.000,148.4001,155.7625
ROI_075/patch_42,own,0–16,1,6427,0.000,1.000,28.3127,30.9730
ROI_075/patch_42,own,16–32,1,18844,0.000,1.000,12.9815,15.8350
ROI_075/patch_42,own,32–64,1,67659,0.000,1.000,14.6099,17.7099
ROI_075/patch_42,own,64–128,1,219617,0.000,1.000,46.5884,50.1780
ROI_075/patch_42,own,≥128,1,1784605,0.000,1.000,58.8880,63.9066
ROI_075/patch_43,nearest,0–16,1,6444,0.000,1.000,31.8957,33.3840
ROI_075/patch_43,nearest,16–32,1,19129,0.000,1.000,32.2106,33.8119
ROI_075/patch_43,nearest,32–64,1,64902,0.000,1.000,33.8299,35.9088
ROI_075/patch_43,nearest,64–128,1,125001,0.000,1.000,35.7390,37.8657
ROI_075/patch_43,nearest,≥128,1,46668,0.000,1.000,81.1764,84.3964
ROI_075/patch_43,own,0–16,1,6444,0.000,1.000,31.9061,33.4053
ROI_075/patch_43,own,16–32,1,19129,0.000,1.000,32.2031,33.8545
ROI_075/patch_43,own,32–64,1,71465,0.000,1.000,33.9497,36.0764
ROI_075/patch_43,own,64–128,1,258829,0.000,1.000,37.3596,39.3725
ROI_075/patch_43,own,≥128,1,1741285,0.000,1.000,45.5598,47.5390
ROI_075/patch_44,nearest,0–16,1,6129,0.000,1.000,64.9602,109.5773
ROI_075/patch_44,nearest,16–32,1,17659,0.000,1.000,66.9162,111.5754
ROI_075/patch_44,nearest,32–64,1,61190,0.000,1.000,86.2722,130.0091
ROI_075/patch_44,nearest,64–128,1,112162,0.000,1.000,162.8156,232.4865
ROI_075/patch_44,nearest,≥128,1,65004,0.000,1.000,172.8809,219.0270
ROI_075/patch_44,own,0–16,1,6129,0.000,1.000,64.7247,109.3492
ROI_075/patch_44,own,16–32,1,18184,0.000,1.000,71.2180,118.9955
ROI_075/patch_44,own,32–64,1,69600,0.000,1.000,90.4410,135.9129
ROI_075/patch_44,own,64–128,1,236698,0.000,1.000,98.2531,145.1317
ROI_075/patch_44,own,≥128,1,1766541,0.000,1.000,166.7840,216.7740
ROI_075/patch_45,nearest,0–16,1,6432,0.000,1.000,38.8801,40.4018
ROI_075/patch_45,nearest,16–32,1,19289,0.000,1.000,39.6836,41.2688
ROI_075/patch_45,nearest,32–64,1,66608,0.000,1.000,41.0001,42.6175
ROI_075/patch_45,nearest,64–128,1,133991,0.000,1.000,55.3602,57.5655
ROI_075/patch_45,nearest,≥128,1,35824,0.000,1.000,48.9827,52.3550
ROI_075/patch_45,own,0–16,1,6432,0.000,1.000,38.9009,40.4243
ROI_075/patch_45,own,16–32,1,19289,0.000,1.000,39.2660,40.8318
ROI_075/patch_45,own,32–64,1,74239,0.000,1.000,41.0091,42.6667
ROI_075/patch_45,own,64–128,1,257829,0.000,1.000,47.6680,49.7143
ROI_075/patch_45,own,≥128,1,1739363,0.000,1.000,64.1017,66.5788
ROI_075/patch_46,nearest,0–16,1,7248,0.000,1.000,10.5371,12.5128
ROI_075/patch_46,nearest,16–32,1,21517,0.000,1.000,10.6766,12.7024
ROI_075/patch_46,nearest,32–64,1,73448,0.000,1.000,11.2305,13.2972
ROI_075/patch_46,nearest,64–128,1,132148,0.000,1.000,23.3181,25.7031
ROI_075/patch_46,nearest,≥128,1,27783,0.000,1.000,143.7176,146.3655
ROI_075/patch_46,own,0–16,1,7248,0.000,1.000,10.5486,12.5351
ROI_075/patch_46,own,16–32,1,21517,0.000,1.000,10.7298,12.7421
ROI_075/patch_46,own,32–64,1,78521,0.000,1.000,11.4804,13.5802
ROI_075/patch_46,own,64–128,1,277710,0.000,1.000,17.1933,19.4403
ROI_075/patch_46,own,≥128,1,1974300,0.000,1.000,38.5608,41.1402
ROI_075/patch_47,nearest,0–16,1,6447,0.000,1.000,11.6678,12.3908
ROI_075/patch_47,nearest,16–32,1,18935,0.000,1.000,11.4182,12.1461
ROI_075/patch_47,nearest,32–64,1,66675,0.000,1.000,11.0490,11.7876
ROI_075/patch_47,nearest,64–128,1,129187,0.000,1.000,17.5648,18.5607
ROI_075/patch_47,nearest,≥128,1,40900,0.000,1.000,75.2507,76.4055
ROI_075/patch_47,own,0–16,1,6447,0.000,1.000,11.6519,12.3711
ROI_075/patch_47,own,16–32,1,18935,0.000,1.000,11.4289,12.1479
ROI_075/patch_47,own,32–64,1,71213,0.000,1.000,11.1492,11.9067
ROI_075/patch_47,own,64–128,1,237564,0.000,1.000,14.7940,15.6052
ROI_075/patch_47,own,≥128,1,1762993,0.000,1.000,18.7633,19.6665
ROI_075/patch_48,nearest,0–16,1,6199,0.000,1.000,241.8543,249.6469
ROI_075/patch_48,nearest,16–32,1,18268,0.000,1.000,224.6543,230.6741
ROI_075/patch_48,nearest,32–64,1,60754,0.000,1.000,186.2373,190.8665
ROI_075/patch_48,nearest,64–128,1,104301,0.000,1.000,196.4465,202.3367
ROI_075/patch_48,nearest,≥128,1,72622,0.000,1.000,337.8432,345.0547
ROI_075/patch_48,own,0–16,1,6199,0.000,1.000,241.2542,249.1628
ROI_075/patch_48,own,16–32,1,18268,0.000,1.000,223.6964,230.6120
ROI_075/patch_48,own,32–64,1,72216,0.000,1.000,184.7354,190.0696
ROI_075/patch_48,own,64–128,1,262058,0.000,1.000,196.3467,201.5893
ROI_075/patch_48,own,≥128,1,1738411,0.000,1.000,272.7688,280.5322
ROI_075/patch_49,nearest,0–16,1,7201,0.000,1.000,39.9655,41.3728
ROI_075/patch_49,nearest,16–32,1,20869,0.000,1.000,40.0629,41.7095
ROI_075/patch_49,nearest,32–64,1,66147,0.000,1.000,42.4825,44.4085
ROI_075/patch_49,nearest,64–128,1,139651,0.000,1.000,60.5982,62.1609
ROI_075/patch_49,nearest,≥128,1,28276,0.000,1.000,71.3981,75.0165
ROI_075/patch_49,own,0–16,1,7201,0.000,1.000,40.0592,41.4749
ROI_075/patch_49,own,16–32,1,20869,0.000,1.000,40.1923,41.8222
ROI_075/patch_49,own,32–64,1,75705,0.000,1.000,42.0657,43.9864
ROI_075/patch_49,own,64–128,1,258097,0.000,1.000,51.6445,53.0977
ROI_075/patch_49,own,≥128,1,1997424,0.000,1.000,51.9986,53.6708
ROI_075/patch_50,nearest,0–16,1,7233,0.000,1.000,13.5449,14.5566
ROI_075/patch_50,nearest,16–32,1,21036,0.000,1.000,13.5108,14.5594
ROI_075/patch_50,nearest,32–64,1,76130,0.000,1.000,13.5009,15.7428
ROI_075/patch_50,nearest,64–128,1,131960,0.000,1.000,46.7602,49.9381
ROI_075/patch_50,nearest,≥128,1,25785,0.000,1.000,53.6676,68.2793
ROI_075/patch_50,own,0–16,1,7233,0.000,1.000,13.5704,14.5767
ROI_075/patch_50,own,16–32,1,21036,0.000,1.000,13.3716,14.5165
ROI_075/patch_50,own,32–64,1,80319,0.000,1.000,13.5976,16.5244
ROI_075/patch_50,own,64–128,1,278447,0.000,1.000,23.3535,25.6818
ROI_075/patch_50,own,≥128,1,1972261,0.000,1.000,30.8588,34.9908
ROI_075/patch_51,nearest,0–16,1,7236,0.000,1.000,8.1130,9.1492
ROI_075/patch_51,nearest,16–32,1,20795,0.000,1.000,12.1177,13.8100
ROI_075/patch_51,nearest,32–64,1,66515,0.000,1.000,33.3400,38.2619
ROI_075/patch_51,nearest,64–128,1,120917,0.000,1.000,63.4568,64.8113
ROI_075/patch_51,nearest,≥128,1,46681,0.000,1.000,266.4247,296.2928
ROI_075/patch_51,own,0–16,1,7236,0.000,1.000,8.1504,9.1801
ROI_075/patch_51,own,16–32,1,20795,0.000,1.000,12.4390,14.2387
ROI_075/patch_51,own,32–64,1,79391,0.000,1.000,20.8262,23.7803
ROI_075/patch_51,own,64–128,1,288814,0.000,1.000,43.8816,45.3356
ROI_075/patch_51,own,≥128,1,1963060,0.000,1.000,103.5240,106.1913
ROI_075/patch_52,nearest,0–16,1,6439,0.000,1.000,4.4220,5.8435
ROI_075/patch_52,nearest,16–32,1,19011,0.000,1.000,4.7251,6.1238
ROI_075/patch_52,nearest,32–64,1,64523,0.000,1.000,4.7255,6.0029
ROI_075/patch_52,nearest,64–128,1,118278,0.000,1.000,15.8484,20.3349
ROI_075/patch_52,nearest,≥128,1,53893,0.000,1.000,71.9792,82.0768
ROI_075/patch_52,own,0–16,1,6439,0.000,1.000,4.4395,5.8529
ROI_075/patch_52,own,16–32,1,19011,0.000,1.000,4.6099,6.0082
ROI_075/patch_52,own,32–64,1,70540,0.000,1.000,4.6967,5.9450
ROI_075/patch_52,own,64–128,1,244499,0.000,1.000,15.7661,18.8235
ROI_075/patch_52,own,≥128,1,1756663,0.000,1.000,24.8381,27.7810
ROI_075/patch_53,nearest,0–16,1,6431,0.000,1.000,8.7243,10.4542
ROI_075/patch_53,nearest,16–32,1,19308,0.000,1.000,9.0160,10.6771
ROI_075/patch_53,nearest,32–64,1,67673,0.000,1.000,10.7730,12.3488
ROI_075/patch_53,nearest,64–128,1,109238,0.000,1.000,17.6655,18.9186
ROI_075/patch_53,nearest,≥128,1,59494,0.000,1.000,75.1061,86.9942
ROI_075/patch_53,own,0–16,1,6431,0.000,1.000,8.7516,10.5047
ROI_075/patch_53,own,16–32,1,19308,0.000,1.000,9.2176,10.8754
ROI_075/patch_53,own,32–64,1,72853,0.000,1.000,10.6519,12.2584
ROI_075/patch_53,own,64–128,1,251474,0.000,1.000,16.1885,17.5326
ROI_075/patch_53,own,≥128,1,1747086,0.000,1.000,68.1563,71.9555
ROI_075/patch_54,nearest,0–16,1,6246,0.000,1.000,8.6473,180.8926
ROI_075/patch_54,nearest,16–32,1,17598,0.000,1.000,11.2320,178.9979
ROI_075/patch_54,nearest,32–64,1,62004,0.000,1.000,25.9750,116.5674
ROI_075/patch_54,nearest,64–128,1,127598,0.000,1.000,89.0837,133.9732
ROI_075/patch_54,nearest,≥128,1,48698,0.000,1.000,275.8032,287.6649
ROI_075/patch_54,own,0–16,1,6246,0.000,1.000,8.6808,179.5471
ROI_075/patch_54,own,16–32,1,17598,0.000,1.000,13.6715,183.9675
ROI_075/patch_54,own,32–64,1,68167,0.000,1.000,38.3557,141.4012
ROI_075/patch_54,own,64–128,1,229922,0.000,1.000,72.4511,120.0366
ROI_075/patch_54,own,≥128,1,1775219,0.000,1.000,64.2940,98.2923
ROI_075/patch_55,nearest,0–16,1,6444,0.000,1.000,1.0416,1.5884
ROI_075/patch_55,nearest,16–32,1,19285,0.000,1.000,1.1196,1.6708
ROI_075/patch_55,nearest,32–64,1,69525,0.000,1.000,30.4199,31.4977
ROI_075/patch_55,nearest,64–128,1,133434,0.000,1.000,80.7261,81.8911
ROI_075/patch_55,nearest,≥128,1,33456,0.000,1.000,135.5772,136.3713
ROI_075/patch_55,own,0–16,1,6444,0.000,1.000,1.0450,1.5772
ROI_075/patch_55,own,16–32,1,19285,0.000,1.000,1.4432,1.9773
ROI_075/patch_55,own,32–64,1,76974,0.000,1.000,14.4602,15.3000
ROI_075/patch_55,own,64–128,1,260295,0.000,1.000,26.7115,27.8739
ROI_075/patch_55,own,≥128,1,1734154,0.000,1.000,67.5695,69.3574
ROI_075/patch_56,nearest,0–16,1,6248,0.000,1.000,7.0137,7.7038
ROI_075/patch_56,nearest,16–32,1,18268,0.000,1.000,13.5398,14.4513
ROI_075/patch_56,nearest,32–64,1,57658,0.000,1.000,41.0418,41.9099
ROI_075/patch_56,nearest,64–128,1,99886,0.000,1.000,46.2193,48.3411
ROI_075/patch_56,nearest,≥128,1,80084,0.000,1.000,127.0687,162.9676
ROI_075/patch_56,own,0–16,1,6248,0.000,1.000,6.9599,7.6358
ROI_075/patch_56,own,16–32,1,18329,0.000,1.000,11.3355,12.1761
ROI_075/patch_56,own,32–64,1,70547,0.000,1.000,23.8188,24.8701
ROI_075/patch_56,own,64–128,1,217189,0.000,1.000,33.8319,35.2999
ROI_075/patch_56,own,≥128,1,1784839,0.000,1.000,50.2654,54.3625
ROI_075/patch_57,nearest,0–16,1,6438,0.000,1.000,45.0277,45.1993
ROI_075/patch_57,nearest,16–32,1,18801,0.000,1.000,47.4870,48.0288
ROI_075/patch_57,nearest,32–64,1,68548,0.000,1.000,62.7998,63.4292
ROI_075/patch_57,nearest,64–128,1,127760,0.000,1.000,129.9951,134.1441
ROI_075/patch_57,nearest,≥128,1,40597,0.000,1.000,354.2458,367.7710
ROI_075/patch_57,own,0–16,1,6438,0.000,1.000,45.0804,45.2664
ROI_075/patch_57,own,16–32,1,18801,0.000,1.000,48.2695,48.8228
ROI_075/patch_57,own,32–64,1,71481,0.000,1.000,62.3001,63.0656
ROI_075/patch_57,own,64–128,1,241248,0.000,1.000,73.4709,74.7586
ROI_075/patch_57,own,≥128,1,1759184,0.000,1.000,120.9491,124.3505
ROI_075/patch_58,nearest,0–16,1,6430,0.000,1.000,3.8606,4.7958
ROI_075/patch_58,nearest,16–32,1,19115,0.000,1.000,3.8630,4.6608
ROI_075/patch_58,nearest,32–64,1,63014,0.000,1.000,6.0766,7.1496
ROI_075/patch_58,nearest,64–128,1,121436,0.000,1.000,20.0168,21.5775
ROI_075/patch_58,nearest,≥128,1,52149,0.000,1.000,48.7295,51.0449
ROI_075/patch_58,own,0–16,1,6430,0.000,1.000,3.8609,4.7544
ROI_075/patch_58,own,16–32,1,19115,0.000,1.000,3.8766,4.6841
ROI_075/patch_58,own,32–64,1,71473,0.000,1.000,5.8942,6.9011
ROI_075/patch_58,own,64–128,1,260090,0.000,1.000,13.2939,14.7490
ROI_075/patch_58,own,≥128,1,1740044,0.000,1.000,43.3289,46.0217
ROI_075/patch_59,nearest,0–16,1,6430,0.000,1.000,21.1204,22.2748
ROI_075/patch_59,nearest,16–32,1,18595,0.000,1.000,21.5181,22.8705
ROI_075/patch_59,nearest,32–64,1,65525,0.000,1.000,52.4594,55.0446
ROI_075/patch_59,nearest,64–128,1,119668,0.000,1.000,52.6000,58.0232
ROI_075/patch_59,nearest,≥128,1,51926,0.000,1.000,88.8534,98.0340
ROI_075/patch_59,own,0–16,1,6430,0.000,1.000,21.3382,22.4770
ROI_075/patch_59,own,16–32,1,18595,0.000,1.000,21.6321,22.9663
ROI_075/patch_59,own,32–64,1,67424,0.000,1.000,48.9946,51.4856
ROI_075/patch_59,own,64–128,1,207880,0.000,1.000,37.1490,40.1649
ROI_075/patch_59,own,≥128,1,1796823,0.000,1.000,71.2587,75.5925
ROI_075/patch_60,nearest,0–16,1,6428,0.000,1.000,4.0966,5.7837
ROI_075/patch_60,nearest,16–32,1,19199,0.000,1.000,4.2907,6.1127
ROI_075/patch_60,nearest,32–64,1,69651,0.000,1.000,4.4964,6.2446
ROI_075/patch_60,nearest,64–128,1,119546,0.000,1.000,4.4515,6.1442
ROI_075/patch_60,nearest,≥128,1,47320,0.000,1.000,149.8777,157.2215
ROI_075/patch_60,own,0–16,1,6428,0.000,1.000,4.0934,5.7576
ROI_075/patch_60,own,16–32,1,19199,0.000,1.000,4.2420,5.9994
ROI_075/patch_60,own,32–64,1,70597,0.000,1.000,4.2545,5.9634
ROI_075/patch_60,own,64–128,1,243802,0.000,1.000,3.8931,5.4536
ROI_075/patch_60,own,≥128,1,1757126,0.000,1.000,46.6864,50.1117
ROI_075/patch_61,nearest,0–16,1,7212,0.000,1.000,21.2009,23.0422
ROI_075/patch_61,nearest,16–32,1,20992,0.000,1.000,21.9386,24.8278
ROI_075/patch_61,nearest,32–64,1,75147,0.000,1.000,34.1528,37.2058
ROI_075/patch_61,nearest,64–128,1,127372,0.000,1.000,84.7104,94.1209
ROI_075/patch_61,nearest,≥128,1,31421,0.000,1.000,171.1867,186.5677
ROI_075/patch_61,own,0–16,1,7212,0.000,1.000,21.0204,22.7797
ROI_075/patch_61,own,16–32,1,20992,0.000,1.000,21.8999,24.7297
ROI_075/patch_61,own,32–64,1,78536,0.000,1.000,32.1660,35.6389
ROI_075/patch_61,own,64–128,1,260521,0.000,1.000,68.2144,73.3941
ROI_075/patch_61,own,≥128,1,1992035,0.000,1.000,68.7757,73.3646
ROI_075/patch_62,nearest,0–16,1,6737,0.000,1.000,2.2490,3.4804
ROI_075/patch_62,nearest,16–32,1,19630,0.000,1.000,2.3523,3.6616
ROI_075/patch_62,nearest,32–64,1,72552,0.000,1.000,2.5626,3.9599
ROI_075/patch_62,nearest,64–128,1,120716,0.000,1.000,22.3082,24.6056
ROI_075/patch_62,nearest,≥128,1,42509,0.000,1.000,26.0096,27.5638
ROI_075/patch_62,own,0–16,1,6737,0.000,1.000,2.2495,3.4871
ROI_075/patch_62,own,16–32,1,19630,0.000,1.000,2.3309,3.6423
ROI_075/patch_62,own,32–64,1,74339,0.000,1.000,2.5530,3.9458
ROI_075/patch_62,own,64–128,1,261343,0.000,1.000,19.3249,21.4566
ROI_075/patch_62,own,≥128,1,1997247,0.000,1.000,19.7501,21.3957
ROI_075/patch_63,nearest,0–16,1,7244,0.000,1.000,4.1594,35.1444
ROI_075/patch_63,nearest,16–32,1,20855,0.000,1.000,4.2811,22.2104
ROI_075/patch_63,nearest,32–64,1,72758,0.000,1.000,4.8446,16.5057
ROI_075/patch_63,nearest,64–128,1,120287,0.000,1.000,16.3960,25.0696
ROI_075/patch_63,nearest,≥128,1,41000,0.000,1.000,216.8262,221.4481
ROI_075/patch_63,own,0–16,1,7244,0.000,1.000,4.0980,34.5075
ROI_075/patch_63,own,16–32,1,20855,0.000,1.000,4.2759,19.9301
ROI_075/patch_63,own,32–64,1,74799,0.000,1.000,4.6403,12.6845
ROI_075/patch_63,own,64–128,1,262134,0.000,1.000,11.2962,19.9948
ROI_075/patch_63,own,≥128,1,1994264,0.000,1.000,49.9039,54.5266
ROI_075/patch_64,nearest,0–16,1,6274,0.000,1.000,10.1302,12.1694
ROI_075/patch_64,nearest,16–32,1,17648,0.000,1.000,10.9907,13.2009
ROI_075/patch_64,nearest,32–64,1,60362,0.000,1.000,7.6264,9.5328
ROI_075/patch_64,nearest,64–128,1,125664,0.000,1.000,63.6861,65.6696
ROI_075/patch_64,nearest,≥128,1,52196,0.000,1.000,176.2530,248.6152
ROI_075/patch_64,own,0–16,1,6274,0.000,1.000,10.4458,12.5015
ROI_075/patch_64,own,16–32,1,17648,0.000,1.000,9.2489,11.5268
ROI_075/patch_64,own,32–64,1,68229,0.000,1.000,8.0769,10.3404
ROI_075/patch_64,own,64–128,1,251575,0.000,1.000,33.2795,34.5932
ROI_075/patch_64,own,≥128,1,1753426,0.000,1.000,86.3780,101.5232
ROI_075/patch_65,nearest,0–16,1,6449,0.000,1.000,351.3644,452.7491
ROI_075/patch_65,nearest,16–32,1,19116,0.000,1.000,256.3652,306.1084
ROI_075/patch_65,nearest,32–64,1,58986,0.000,1.000,231.8675,265.3192
ROI_075/patch_65,nearest,64–128,1,109997,0.000,1.000,314.5480,325.9331
ROI_075/patch_65,nearest,≥128,1,67596,0.000,1.000,929.2053,1095.0120
ROI_075/patch_65,own,0–16,1,6449,0.000,1.000,351.7875,455.2836
ROI_075/patch_65,own,16–32,1,19116,0.000,1.000,254.8516,295.8174
ROI_075/patch_65,own,32–64,1,67465,0.000,1.000,202.0085,230.9152
ROI_075/patch_65,own,64–128,1,219352,0.000,1.000,217.0481,228.8879
ROI_075/patch_65,own,≥128,1,1784770,0.000,1.000,413.4986,429.7713
ROI_075/patch_66,nearest,0–16,1,7248,0.000,1.000,5.3609,6.6850
ROI_075/patch_66,nearest,16–32,1,21537,0.000,1.000,5.5250,6.7705
ROI_075/patch_66,nearest,32–64,1,74595,0.000,1.000,6.9389,10.2731
ROI_075/patch_66,nearest,64–128,1,132050,0.000,1.000,27.3271,81.3613
ROI_075/patch_66,nearest,≥128,1,26714,0.000,1.000,76.2743,116.6035
ROI_075/patch_66,own,0–16,1,7248,0.000,1.000,5.4778,6.7915
ROI_075/patch_66,own,16–32,1,21537,0.000,1.000,5.3592,6.5893
ROI_075/patch_66,own,32–64,1,81444,0.000,1.000,7.4102,12.0606
ROI_075/patch_66,own,64–128,1,262335,0.000,1.000,18.7871,33.4638
ROI_075/patch_66,own,≥128,1,1986732,0.000,1.000,36.0195,60.6507
ROI_075/patch_67,nearest,0–16,1,7234,0.000,1.000,1.9585,2.3090
ROI_075/patch_67,nearest,16–32,1,20638,0.000,1.000,2.3282,2.9311
ROI_075/patch_67,nearest,32–64,1,70042,0.000,1.000,2.9905,5.6344
ROI_075/patch_67,nearest,64–128,1,115012,0.000,1.000,41.1068,43.7230
ROI_075/patch_67,nearest,≥128,1,49218,0.000,1.000,67.2696,70.7707
ROI_075/patch_67,own,0–16,1,7234,0.000,1.000,1.9985,2.3546
ROI_075/patch_67,own,16–32,1,20638,0.000,1.000,2.4399,3.1160
ROI_075/patch_67,own,32–64,1,76831,0.000,1.000,2.1648,3.5497
ROI_075/patch_67,own,64–128,1,257689,0.000,1.000,36.5816,38.3915
ROI_075/patch_67,own,≥128,1,1996904,0.000,1.000,26.5121,28.5604
ROI_075/patch_68,nearest,0–16,1,7236,0.000,1.000,11.2491,13.1917
ROI_075/patch_68,nearest,16–32,1,21002,0.000,1.000,20.8680,23.2821
ROI_075/patch_68,nearest,32–64,1,66110,0.000,1.000,18.7233,20.9948
ROI_075/patch_68,nearest,64–128,1,115580,0.000,1.000,15.9776,18.4646
ROI_075/patch_68,nearest,≥128,1,52216,0.000,1.000,163.7686,191.4663
ROI_075/patch_68,own,0–16,1,7236,0.000,1.000,11.8999,13.8022
ROI_075/patch_68,own,16–32,1,21002,0.000,1.000,13.7794,15.9640
ROI_075/patch_68,own,32–64,1,73474,0.000,1.000,12.5585,14.9767
ROI_075/patch_68,own,64–128,1,243276,0.000,1.000,14.2563,16.7852
ROI_075/patch_68,own,≥128,1,2014308,0.000,1.000,38.9460,43.1165
ROI_075/patch_69,nearest,0–16,1,7006,0.000,1.000,21.3791,22.9782
ROI_075/patch_69,nearest,16–32,1,20681,0.000,1.000,21.6655,23.3416
ROI_075/patch_69,nearest,32–64,1,73544,0.000,1.000,22.0933,23.8045
ROI_075/patch_69,nearest,64–128,1,115014,0.000,1.000,23.1306,31.4229
ROI_075/patch_69,nearest,≥128,1,45899,0.000,1.000,67.7854,129.3077
ROI_075/patch_69,own,0–16,1,7006,0.000,1.000,21.4990,23.1080
ROI_075/patch_69,own,16–32,1,20681,0.000,1.000,21.4788,23.1877
ROI_075/patch_69,own,32–64,1,78868,0.000,1.000,21.5256,23.2044
ROI_075/patch_69,own,64–128,1,288022,0.000,1.000,26.7837,36.1992
ROI_075/patch_69,own,≥128,1,1964719,0.000,1.000,41.2057,68.7963
ROI_075/patch_70,nearest,0–16,1,6435,0.000,1.000,21.2289,22.3653
ROI_075/patch_70,nearest,16–32,1,19034,0.000,1.000,21.0852,22.3651
ROI_075/patch_70,nearest,32–64,1,71306,0.000,1.000,22.4413,23.6004
ROI_075/patch_70,nearest,64–128,1,133920,0.000,1.000,31.7673,32.9920
ROI_075/patch_70,nearest,≥128,1,31449,0.000,1.000,73.5421,74.7370
ROI_075/patch_70,own,0–16,1,6435,0.000,1.000,21.1197,22.2397
ROI_075/patch_70,own,16–32,1,19034,0.000,1.000,21.1634,22.4904
ROI_075/patch_70,own,32–64,1,71995,0.000,1.000,21.8636,23.0680
ROI_075/patch_70,own,64–128,1,248926,0.000,1.000,26.3349,27.5213
ROI_075/patch_70,own,≥128,1,1750762,0.000,1.000,37.6507,38.7602
ROI_075/patch_71,nearest,0–16,1,7233,0.000,1.000,4.6622,6.0053
ROI_075/patch_71,nearest,16–32,1,21708,0.000,1.000,4.7373,5.8652
ROI_075/patch_71,nearest,32–64,1,75360,0.000,1.000,5.6691,6.7785
ROI_075/patch_71,nearest,64–128,1,127922,0.000,1.000,15.4973,17.7765
ROI_075/patch_71,nearest,≥128,1,29921,0.000,1.000,32.9747,54.6448
ROI_075/patch_71,own,0–16,1,7233,0.000,1.000,4.6764,6.0008
ROI_075/patch_71,own,16–32,1,21708,0.000,1.000,4.6899,5.8568
ROI_075/patch_71,own,32–64,1,85098,0.000,1.000,5.3930,6.4967
ROI_075/patch_71,own,64–128,1,291100,0.000,1.000,9.4257,10.7648
ROI_075/patch_71,own,≥128,1,1954157,0.000,1.000,12.0286,13.9170
ROI_075/patch_72,nearest,0–16,1,6870,0.000,1.000,15.9851,17.1692
ROI_075/patch_72,nearest,16–32,1,19757,0.000,1.000,16.1178,17.3425
ROI_075/patch_72,nearest,32–64,1,69781,0.000,1.000,15.9886,17.2999
ROI_075/patch_72,nearest,64–128,1,135350,0.000,1.000,33.9244,35.6663
ROI_075/patch_72,nearest,≥128,1,30386,0.000,1.000,71.8739,73.9176
ROI_075/patch_72,own,0–16,1,6870,0.000,1.000,15.9812,17.1494
ROI_075/patch_72,own,16–32,1,19757,0.000,1.000,16.2486,17.4404
ROI_075/patch_72,own,32–64,1,76762,0.000,1.000,16.1025,17.3564
ROI_075/patch_72,own,64–128,1,258579,0.000,1.000,23.2394,24.7800
ROI_075/patch_72,own,≥128,1,1997328,0.000,1.000,27.0872,28.4900
ROI_075/patch_73,nearest,0–16,1,6429,0.000,1.000,13.9806,16.2815
ROI_075/patch_73,nearest,16–32,1,18975,0.000,1.000,13.7222,16.0367
ROI_075/patch_73,nearest,32–64,1,64701,0.000,1.000,14.1936,16.5064
ROI_075/patch_73,nearest,64–128,1,117282,0.000,1.000,94.2395,99.1967
ROI_075/patch_73,nearest,≥128,1,54757,0.100,1.000,621.7962,682.6448
ROI_075/patch_73,own,0–16,1,6429,0.000,1.000,13.9645,16.2599
ROI_075/patch_73,own,16–32,1,18975,0.000,1.000,13.8515,16.1837
ROI_075/patch_73,own,32–64,1,71761,0.000,1.000,14.1099,16.4722
ROI_075/patch_73,own,64–128,1,250806,0.000,1.000,48.1307,51.1769
ROI_075/patch_73,own,≥128,1,1749181,0.000,1.000,160.9808,170.2571
ROI_075/patch_74,nearest,0–16,1,6425,0.000,1.000,19.6854,130.3985
ROI_075/patch_74,nearest,16–32,1,19287,0.000,1.000,45.3255,136.9251
ROI_075/patch_74,nearest,32–64,1,66405,0.000,1.000,67.4016,117.3504
ROI_075/patch_74,nearest,64–128,1,119316,0.000,1.000,136.8009,215.5347
ROI_075/patch_74,nearest,≥128,1,50711,0.000,1.000,445.3676,466.4104
ROI_075/patch_74,own,0–16,1,6425,0.000,1.000,21.2199,133.1760
ROI_075/patch_74,own,16–32,1,19287,0.000,1.000,41.9238,133.0726
ROI_075/patch_74,own,32–64,1,70649,0.000,1.000,82.7529,132.4653
ROI_075/patch_74,own,64–128,1,220709,0.000,1.000,129.3866,182.7281
ROI_075/patch_74,own,≥128,1,1780082,0.000,1.000,101.1679,143.9778
ROI_075/patch_75,nearest,0–16,1,6984,0.000,1.000,159.6306,925.6587
ROI_075/patch_75,nearest,16–32,1,20674,0.600,1.000,153.9950,839.2679
ROI_075/patch_75,nearest,32–64,1,70732,0.650,1.000,168.7206,882.9247
ROI_075/patch_75,nearest,64–128,1,131425,0.900,1.000,146.9831,620.4347
ROI_075/patch_75,nearest,≥128,1,32329,1.000,1.000,,
ROI_075/patch_75,own,0–16,1,6984,0.000,1.000,155.5395,900.1746
ROI_075/patch_75,own,16–32,1,20674,0.250,1.000,165.2599,896.3434
ROI_075/patch_75,own,32–64,1,78643,0.500,1.000,155.2352,922.8941
ROI_075/patch_75,own,64–128,1,275007,0.900,1.000,122.8031,724.4486
ROI_075/patch_75,own,≥128,1,1977988,0.900,1.000,182.1928,750.9502
ROI_075/patch_76,nearest,0–16,1,6429,0.000,1.000,4.3626,5.7808
ROI_075/patch_76,nearest,16–32,1,18836,0.000,1.000,4.5057,5.5200
ROI_075/patch_76,nearest,32–64,1,62240,0.000,1.000,6.2856,7.3004
ROI_075/patch_76,nearest,64–128,1,125972,0.000,1.000,34.6127,51.6841
ROI_075/patch_76,nearest,≥128,1,48667,0.000,1.000,259.0098,713.0000
ROI_075/patch_76,own,0–16,1,6429,0.000,1.000,4.5342,6.0613
ROI_075/patch_76,own,16–32,1,18836,0.000,1.000,4.3408,5.4288
ROI_075/patch_76,own,32–64,1,71352,0.000,1.000,8.4140,9.7906
ROI_075/patch_76,own,64–128,1,249585,0.000,1.000,17.5488,24.6804
ROI_075/patch_76,own,≥128,1,1750950,0.000,1.000,37.6523,79.6169
ROI_075/patch_77,nearest,0–16,1,7227,1.000,1.000,,
ROI_075/patch_77,nearest,16–32,1,21334,1.000,1.000,,
ROI_075/patch_77,nearest,32–64,1,74590,1.000,1.000,,
ROI_075/patch_77,nearest,64–128,1,98574,1.000,1.000,,
ROI_075/patch_77,nearest,≥128,1,60419,0.550,1.000,535.2149,845.9623
ROI_075/patch_77,own,0–16,1,7227,1.000,1.000,,
ROI_075/patch_77,own,16–32,1,21334,1.000,1.000,,
ROI_075/patch_77,own,32–64,1,81339,1.000,1.000,,
ROI_075/patch_77,own,64–128,1,288942,1.000,1.000,,
ROI_075/patch_77,own,≥128,1,1960454,0.850,1.000,534.3449,550.5765
ROI_075/patch_78,nearest,0–16,1,7154,0.000,1.000,7.0613,8.0168
ROI_075/patch_78,nearest,16–32,1,19975,0.000,1.000,7.0073,8.0642
ROI_075/patch_78,nearest,32–64,1,60315,0.000,1.000,8.1959,9.3212
ROI_075/patch_78,nearest,64–128,1,114959,0.000,1.000,170.1244,171.9023
ROI_075/patch_78,nearest,≥128,1,59741,0.000,1.000,856.3460,873.0855
ROI_075/patch_78,own,0–16,1,7154,0.000,1.000,7.0314,7.9838
ROI_075/patch_78,own,16–32,1,19975,0.000,1.000,6.8379,7.9132
ROI_075/patch_78,own,32–64,1,73635,0.000,1.000,8.0399,9.1364
ROI_075/patch_78,own,64–128,1,259043,0.000,1.000,48.2642,49.5869
ROI_075/patch_78,own,≥128,1,1999489,0.000,1.000,161.0899,174.9398
ROI_075/patch_79,nearest,0–16,1,6334,0.000,1.000,19.3012,20.2390
ROI_075/patch_79,nearest,16–32,1,18414,0.000,1.000,19.1742,20.2039
ROI_075/patch_79,nearest,32–64,1,68666,0.000,1.000,20.0188,21.3283
ROI_075/patch_79,nearest,64–128,1,129709,0.000,1.000,137.9638,140.4286
ROI_075/patch_79,nearest,≥128,1,39021,0.000,1.000,676.3523,680.9041
ROI_075/patch_79,own,0–16,1,6334,0.000,1.000,19.3119,20.2663
ROI_075/patch_79,own,16–32,1,18414,0.000,1.000,19.2389,20.2575
ROI_075/patch_79,own,32–64,1,71328,0.000,1.000,19.4385,20.7153
ROI_075/patch_79,own,64–128,1,263234,0.000,1.000,77.7755,79.8245
ROI_075/patch_79,own,≥128,1,1737842,0.000,1.000,148.7540,150.9249
ROI_075/patch_80,,,excluded,,,,,
ROI_075/patch_81,nearest,0–16,1,6379,1.000,1.000,,
ROI_075/patch_81,nearest,16–32,1,17292,1.000,1.000,,
ROI_075/patch_81,nearest,32–64,1,54901,1.000,1.000,,
ROI_075/patch_81,nearest,64–128,1,121264,1.000,1.000,,
ROI_075/patch_81,nearest,≥128,1,62308,1.000,1.000,,
ROI_075/patch_81,own,0–16,1,6379,1.000,1.000,,
ROI_075/patch_81,own,16–32,1,18457,1.000,1.000,,
ROI_075/patch_81,own,32–64,1,67729,1.000,1.000,,
ROI_075/patch_81,own,64–128,1,250806,1.000,1.000,,
ROI_075/patch_81,own,≥128,1,1753781,0.900,1.000,170.3252,503.1971
ROI_075/patch_82,nearest,0–16,1,7243,0.000,1.000,13.7916,14.4485
ROI_075/patch_82,nearest,16–32,1,21700,0.000,1.000,14.1472,14.9280
ROI_075/patch_82,nearest,32–64,1,72194,0.000,1.000,13.9164,18.1954
ROI_075/patch_82,nearest,64–128,1,117363,0.000,1.000,41.0440,74.8048
ROI_075/patch_82,nearest,≥128,1,43644,0.600,1.000,462.6148,658.9245
ROI_075/patch_82,own,0–16,1,7243,0.000,1.000,13.6872,14.3507
ROI_075/patch_82,own,16–32,1,21700,0.000,1.000,14.2476,15.0474
ROI_075/patch_82,own,32–64,1,82369,0.000,1.000,14.4899,18.4801
ROI_075/patch_82,own,64–128,1,286437,0.000,1.000,28.0855,62.2413
ROI_075/patch_82,own,≥128,1,1961547,0.000,1.000,44.8328,85.8714
ROI_075/patch_83,nearest,0–16,1,6188,0.000,1.000,11.9116,13.3979
ROI_075/patch_83,nearest,16–32,1,18239,0.000,1.000,13.6454,15.0584
ROI_075/patch_83,nearest,32–64,1,61207,0.000,1.000,45.4540,46.7131
ROI_075/patch_83,nearest,64–128,1,125326,0.000,1.000,100.4453,103.0377
ROI_075/patch_83,nearest,≥128,1,51184,0.000,1.000,32.2403,35.3066
ROI_075/patch_83,own,0–16,1,6188,0.000,1.000,12.0005,13.4973
ROI_075/patch_83,own,16–32,1,18239,0.000,1.000,14.1644,15.5857
ROI_075/patch_83,own,32–64,1,70128,0.000,1.000,55.6307,56.7749
ROI_075/patch_83,own,64–128,1,233602,0.000,1.000,100.3462,103.2484
ROI_075/patch_83,own,≥128,1,1768995,0.000,1.000,156.0366,160.1475
ROI_075/patch_84,nearest,0–16,1,6442,0.000,1.000,3.8649,5.6545
ROI_075/patch_84,nearest,16–32,1,18651,0.000,1.000,8.3472,9.4984
ROI_075/patch_84,nearest,32–64,1,67372,0.000,1.000,15.0327,18.3425
ROI_075/patch_84,nearest,64–128,1,126789,0.000,1.000,181.0409,253.7799
ROI_075/patch_84,nearest,≥128,1,42890,0.000,1.000,1034.1586,1416.1928
ROI_075/patch_84,own,0–16,1,6442,0.000,1.000,4.1250,5.7364
ROI_075/patch_84,own,16–32,1,18651,0.000,1.000,8.0712,9.2078
ROI_075/patch_84,own,32–64,1,72801,0.000,1.000,13.4976,16.8139
ROI_075/patch_84,own,64–128,1,255446,0.000,1.000,100.5984,135.7029
ROI_075/patch_84,own,≥128,1,1743812,0.000,1.000,220.2532,276.4643
ROI_075/patch_85,nearest,0–16,1,6435,0.000,1.000,88.9504,233.8512
ROI_075/patch_85,nearest,16–32,1,19295,0.000,1.000,47.6529,150.2992
ROI_075/patch_85,nearest,32–64,1,66891,0.000,1.000,20.1929,55.5602
ROI_075/patch_85,nearest,64–128,1,134764,0.000,1.000,86.4467,95.3068
ROI_075/patch_85,nearest,≥128,1,34759,0.000,1.000,222.2148,230.0938
ROI_075/patch_85,own,0–16,1,6435,0.000,1.000,88.0002,232.2483
ROI_075/patch_85,own,16–32,1,19295,0.000,1.000,46.0176,141.0449
ROI_075/patch_85,own,32–64,1,72862,0.000,1.000,21.5776,64.5158
ROI_075/patch_85,own,64–128,1,255875,0.000,1.000,69.5079,76.2004
ROI_075/patch_85,own,≥128,1,1742685,0.000,1.000,90.0418,106.7039
ROI_075/patch_86,nearest,0–16,1,6431,0.000,1.000,88.0871,106.9219
ROI_075/patch_86,nearest,16–32,1,18617,0.000,1.000,86.4781,95.1713
ROI_075/patch_86,nearest,32–64,1,65481,0.000,1.000,52.2390,61.7946
ROI_075/patch_86,nearest,64–128,1,143572,0.000,1.000,30.1053,36.3666
ROI_075/patch_86,nearest,≥128,1,28043,0.000,1.000,229.7858,246.1774
ROI_075/patch_86,own,0–16,1,6431,0.000,1.000,88.4855,104.8139
ROI_075/patch_86,own,16–32,1,18617,0.000,1.000,87.2260,94.2075
ROI_075/patch_86,own,32–64,1,65847,0.000,1.000,55.5385,66.5591
ROI_075/patch_86,own,64–128,1,235125,0.000,1.000,25.3386,28.1939
ROI_075/patch_86,own,≥128,1,1771132,0.000,1.000,60.4306,65.2594
ROI_075/patch_87,nearest,0–16,1,7080,0.000,1.000,12.5152,39.7563
ROI_075/patch_87,nearest,16–32,1,20751,0.000,1.000,8.4938,16.3083
ROI_075/patch_87,nearest,32–64,1,73383,0.000,1.000,19.3500,31.0403
ROI_075/patch_87,nearest,64–128,1,120428,0.000,1.000,46.2485,75.5219
ROI_075/patch_87,nearest,≥128,1,40502,0.000,1.000,348.1202,475.8538
ROI_075/patch_87,own,0–16,1,7080,0.000,1.000,16.5118,49.0441
ROI_075/patch_87,own,16–32,1,20751,0.000,1.000,10.4538,21.1803
ROI_075/patch_87,own,32–64,1,81332,0.000,1.000,11.7425,21.3450
ROI_075/patch_87,own,64–128,1,279866,0.000,1.000,28.4945,46.2430
ROI_075/patch_87,own,≥128,1,1970267,0.000,1.000,74.0245,134.7766
ROI_075/patch_88,nearest,0–16,1,6443,0.000,1.000,25.0489,37.2389
ROI_075/patch_88,nearest,16–32,1,19066,0.000,1.000,16.2629,26.6234
ROI_075/patch_88,nearest,32–64,1,68823,0.000,1.000,18.5718,22.5331
ROI_075/patch_88,nearest,64–128,1,134751,0.000,1.000,91.2089,100.6077
ROI_075/patch_88,nearest,≥128,1,33061,0.150,1.000,683.0591,706.1440
ROI_075/patch_88,own,0–16,1,6443,0.000,1.000,24.6136,38.4125
ROI_075/patch_88,own,16–32,1,19066,0.000,1.000,17.8861,27.8370
ROI_075/patch_88,own,32–64,1,71799,0.000,1.000,20.4046,23.9386
ROI_075/patch_88,own,64–128,1,246975,0.000,1.000,49.8965,60.2520
ROI_075/patch_88,own,≥128,1,1752869,0.000,1.000,106.9633,117.6271
ROI_075/patch_89,nearest,0–16,1,7250,0.000,1.000,4.1885,5.5795
ROI_075/patch_89,nearest,16–32,1,21524,0.000,1.000,11.6286,17.6088
ROI_075/patch_89,nearest,32–64,1,71930,0.000,1.000,20.9724,28.4733
ROI_075/patch_89,nearest,64–128,1,122491,0.000,1.000,14.2178,16.4479
ROI_075/patch_89,nearest,≥128,1,38949,0.000,1.000,201.4397,213.4443
ROI_075/patch_89,own,0–16,1,7250,0.000,1.000,4.4607,5.7986
ROI_075/patch_89,own,16–32,1,21534,0.000,1.000,11.5107,17.1718
ROI_075/patch_89,own,32–64,1,77457,0.000,1.000,23.4155,30.8016
ROI_075/patch_89,own,64–128,1,257371,0.000,1.000,13.0119,14.8210
ROI_075/patch_89,own,≥128,1,1995684,0.000,1.000,27.4907,31.5145
ROI_075/patch_90,nearest,0–16,1,6448,0.000,1.000,2.8417,3.4944
ROI_075/patch_90,nearest,16–32,1,18675,0.000,1.000,2.6753,3.4682
ROI_075/patch_90,nearest,32–64,1,63837,0.000,1.000,2.3076,3.4208
ROI_075/patch_90,nearest,64–128,1,130226,0.000,1.000,6.0837,6.5928
ROI_075/patch_90,nearest,≥128,1,42958,0.000,1.000,69.6255,76.3294
ROI_075/patch_90,own,0–16,1,6448,0.000,1.000,2.8958,3.5793
ROI_075/patch_90,own,16–32,1,18675,0.000,1.000,2.6672,3.4650
ROI_075/patch_90,own,32–64,1,67509,0.000,1.000,2.4944,3.3663
ROI_075/patch_90,own,64–128,1,241764,0.000,1.000,5.3242,6.1380
ROI_075/patch_90,own,≥128,1,1762756,0.000,1.000,24.6739,25.9035
ROI_075/patch_91,nearest,0–16,1,6432,0.000,1.000,55.1272,86.5105
ROI_075/patch_91,nearest,16–32,1,18133,0.000,1.000,55.9305,83.9500
ROI_075/patch_91,nearest,32–64,1,66146,0.000,1.000,46.7652,67.0492
ROI_075/patch_91,nearest,64–128,1,145141,0.000,1.000,18.9615,37.9910
ROI_075/patch_91,nearest,≥128,1,26292,0.000,1.000,24.6746,97.4294
ROI_075/patch_91,own,0–16,1,6432,0.000,1.000,57.9792,91.6861
ROI_075/patch_91,own,16–32,1,18133,0.000,1.000,63.6051,98.1428
ROI_075/patch_91,own,32–64,1,66146,0.000,1.000,37.6299,55.4413
ROI_075/patch_91,own,64–128,1,231996,0.000,1.000,19.3262,36.9476
ROI_075/patch_91,own,≥128,1,1774445,0.000,1.000,41.9559,71.8987
ROI_075/patch_92,nearest,0–16,1,7234,0.000,1.000,17.6569,18.6016
ROI_075/patch_92,nearest,16–32,1,21713,0.000,1.000,17.7536,18.7188
ROI_075/patch_92,nearest,32–64,1,70970,0.000,1.000,18.5122,19.5454
ROI_075/patch_92,nearest,64–128,1,129623,0.000,1.000,29.3528,31.0516
ROI_075/patch_92,nearest,≥128,1,32604,0.000,1.000,67.6219,70.7602
ROI_075/patch_92,own,0–16,1,7234,0.000,1.000,17.5728,18.5233
ROI_075/patch_92,own,16–32,1,21713,0.000,1.000,17.6251,18.5935
ROI_075/patch_92,own,32–64,1,78584,0.000,1.000,18.1968,19.1948
ROI_075/patch_92,own,64–128,1,274620,0.000,1.000,25.3083,26.5008
ROI_075/patch_92,own,≥128,1,1977145,0.000,1.000,26.6757,28.2251
ROI_075/patch_93,nearest,0–16,1,7147,0.000,1.000,3.4461,4.0730
ROI_075/patch_93,nearest,16–32,1,20656,0.000,1.000,5.7876,6.4720
ROI_075/patch_93,nearest,32–64,1,65363,0.000,1.000,9.5677,12.0181
ROI_075/patch_93,nearest,64–128,1,133111,0.000,1.000,21.9428,26.2347
ROI_075/patch_93,nearest,≥128,1,35867,0.000,1.000,53.8066,80.7772
ROI_075/patch_93,own,0–16,1,7147,0.000,1.000,3.4658,4.1381
ROI_075/patch_93,own,16–32,1,20847,0.000,1.000,4.9533,5.5149
ROI_075/patch_93,own,32–64,1,80709,0.000,1.000,10.0464,11.8134
ROI_075/patch_93,own,64–128,1,256725,0.000,1.000,17.1518,20.5237
ROI_075/patch_93,own,≥128,1,1993868,0.000,1.000,28.3780,40.2957
ROI_075/patch_94,nearest,0–16,1,6437,0.000,1.000,29.4821,442.8677
ROI_075/patch_94,nearest,16–32,1,18547,0.000,1.000,21.9411,403.5194
ROI_075/patch_94,nearest,32–64,1,60981,0.000,1.000,19.2582,350.7350
ROI_075/patch_94,nearest,64–128,1,118928,0.000,1.000,28.3655,115.7494
ROI_075/patch_94,nearest,≥128,1,57251,0.000,1.000,37.5695,283.0104
ROI_075/patch_94,own,0–16,1,6437,0.000,1.000,29.0915,440.5931
ROI_075/patch_94,own,16–32,1,18821,0.000,1.000,21.7545,394.4419
ROI_075/patch_94,own,32–64,1,68686,0.000,1.000,19.8687,348.7629
ROI_075/patch_94,own,64–128,1,223292,0.000,1.000,25.9262,150.9542
ROI_075/patch_94,own,≥128,1,1779916,0.000,1.000,26.3582,182.9498
ROI_075/patch_95,nearest,0–16,1,7247,0.000,1.000,58.2390,67.5974
ROI_075/patch_95,nearest,16–32,1,20627,0.000,1.000,69.3619,76.2851
ROI_075/patch_95,nearest,32–64,1,67697,0.000,1.000,71.5225,77.6545
ROI_075/patch_95,nearest,64–128,1,132418,0.000,1.000,108.8790,116.6619
ROI_075/patch_95,nearest,≥128,1,34155,0.000,1.000,188.7008,198.3120
ROI_075/patch_95,own,0–16,1,7247,0.000,1.000,55.9404,64.1415
ROI_075/patch_95,own,16–32,1,20627,0.000,1.000,69.5266,76.0802
ROI_075/patch_95,own,32–64,1,71988,0.000,1.000,65.3255,73.5019
ROI_075/patch_95,own,64–128,1,244270,0.000,1.000,90.5524,100.5202
ROI_075/patch_95,own,≥128,1,2015164,0.000,1.000,113.5924,122.9216
ROI_075/patch_96,nearest,0–16,1,6442,0.000,1.000,8.5454,10.3336
ROI_075/patch_96,nearest,16–32,1,19303,0.000,1.000,8.7447,10.6467
ROI_075/patch_96,nearest,32–64,1,70597,0.000,1.000,9.0814,10.9931
ROI_075/patch_96,nearest,64–128,1,130277,0.000,1.000,13.3370,15.4813
ROI_075/patch_96,nearest,≥128,1,35525,0.000,1.000,37.7816,56.6830
ROI_075/patch_96,own,0–16,1,6442,0.000,1.000,8.7073,10.4844
ROI_075/patch_96,own,16–32,1,19303,0.000,1.000,8.5968,10.5266
ROI_075/patch_96,own,32–64,1,75265,0.000,1.000,9.2564,11.2301
ROI_075/patch_96,own,64–128,1,256212,0.000,1.000,12.1618,13.9591
ROI_075/patch_96,own,≥128,1,1739930,0.000,1.000,22.2499,27.3815
ROI_075/patch_97,nearest,0–16,1,6430,0.000,1.000,3.4079,5.2449
ROI_075/patch_97,nearest,16–32,1,19267,0.000,1.000,3.5540,5.6209
ROI_075/patch_97,nearest,32–64,1,64762,0.000,1.000,3.1278,5.4453
ROI_075/patch_97,nearest,64–128,1,136830,0.000,1.000,3.4082,4.9719
ROI_075/patch_97,nearest,≥128,1,34855,0.000,1.000,16.6267,17.9635
ROI_075/patch_97,own,0–16,1,6430,0.000,1.000,3.3854,5.1595
ROI_075/patch_97,own,16–32,1,19267,0.000,1.000,3.1158,5.3764
ROI_075/patch_97,own,32–64,1,72210,0.000,1.000,3.5274,5.8108
ROI_075/patch_97,own,64–128,1,242887,0.000,1.000,2.7271,4.5128
ROI_075/patch_97,own,≥128,1,1756358,0.000,1.000,9.7838,11.2534
ROI_075/patch_98,nearest,0–16,1,6202,0.000,1.000,46.0744,47.6542
ROI_075/patch_98,nearest,16–32,1,17877,0.000,1.000,46.4243,47.8758
ROI_075/patch_98,nearest,32–64,1,54873,0.000,1.000,49.6189,51.0151
ROI_075/patch_98,nearest,64–128,1,132585,0.000,1.000,58.8807,60.3560
ROI_075/patch_98,nearest,≥128,1,50607,0.000,1.000,70.1017,73.0600
ROI_075/patch_98,own,0–16,1,6202,0.000,1.000,46.1181,47.7290
ROI_075/patch_98,own,16–32,1,17878,0.000,1.000,46.6657,48.0975
ROI_075/patch_98,own,32–64,1,64878,0.000,1.000,47.8670,49.3459
ROI_075/patch_98,own,64–128,1,240425,0.000,1.000,61.3176,62.5415
ROI_075/patch_98,own,≥128,1,1767769,0.000,1.000,55.0167,56.2460
ROI_075/patch_99,nearest,0–16,1,6427,0.000,1.000,11.6974,291.6848
ROI_075/patch_99,nearest,16–32,1,18948,0.000,1.000,12.3731,184.9299
ROI_075/patch_99,nearest,32–64,1,66232,0.000,1.000,44.4425,178.6156
ROI_075/patch_99,nearest,64–128,1,124952,0.000,1.000,249.6136,377.5425
ROI_075/patch_99,nearest,≥128,1,45585,0.000,1.000,82.6658,114.0713
ROI_075/patch_99,own,0–16,1,6427,0.000,1.000,11.6491,291.4924
ROI_075/patch_99,own,16–32,1,18948,0.000,1.000,13.3541,215.4508
ROI_075/patch_99,own,32–64,1,70307,0.000,1.000,31.2150,228.1254
ROI_075/patch_99,own,64–128,1,226591,0.000,1.000,30.7955,175.6157
ROI_075/patch_99,own,≥128,1,1774879,0.000,1.000,34.9716,104.7629
ROI_075/patch_101,nearest,0–16,1,6440,0.000,1.000,1.3230,2.1389
ROI_075/patch_101,nearest,16–32,1,19289,0.000,1.000,1.3668,2.3664
ROI_075/patch_101,nearest,32–64,1,71443,0.000,1.000,1.3604,2.5854
ROI_075/patch_101,nearest,64–128,1,123945,0.000,1.000,1.8810,3.2935
ROI_075/patch_101,nearest,≥128,1,41027,0.000,1.000,5.1364,6.8620
ROI_075/patch_101,own,0–16,1,6440,0.000,1.000,1.3430,2.1782
ROI_075/patch_101,own,16–32,1,19289,0.000,1.000,1.3619,2.3836
ROI_075/patch_101,own,32–64,1,72578,0.000,1.000,1.3949,2.6483
ROI_075/patch_101,own,64–128,1,252744,0.000,1.000,1.7120,3.0932
ROI_075/patch_101,own,≥128,1,1746101,0.000,1.000,2.0559,3.3792
ROI_075/patch_102,nearest,0–16,1,6435,0.000,1.000,74.3020,168.1018
ROI_075/patch_102,nearest,16–32,1,18867,0.000,1.000,72.3744,157.0499
ROI_075/patch_102,nearest,32–64,1,62878,0.000,1.000,81.1105,150.3373
ROI_075/patch_102,nearest,64–128,1,127466,0.000,1.000,130.3515,162.4274
ROI_075/patch_102,nearest,≥128,1,46498,0.000,1.000,221.6651,305.3860
ROI_075/patch_102,own,0–16,1,6435,0.000,1.000,94.9554,214.8164
ROI_075/patch_102,own,16–32,1,18867,0.000,1.000,67.4511,165.6520
ROI_075/patch_102,own,32–64,1,69046,0.000,1.000,87.1831,177.3759
ROI_075/patch_102,own,64–128,1,232908,0.000,1.000,114.1747,162.1226
ROI_075/patch_102,own,≥128,1,1769896,0.000,1.000,132.2771,200.7440
ROI_075/patch_103,nearest,0–16,1,6898,0.000,1.000,50.5044,94.2778
ROI_075/patch_103,nearest,16–32,1,20559,0.000,1.000,71.0627,94.8290
ROI_075/patch_103,nearest,32–64,1,68560,0.000,1.000,65.3190,97.4682
ROI_075/patch_103,nearest,64–128,1,105016,0.000,1.000,144.1089,170.4133
ROI_075/patch_103,nearest,≥128,1,61111,0.000,1.000,481.7476,732.2279
ROI_075/patch_103,own,0–16,1,6898,0.000,1.000,52.0892,92.0800
ROI_075/patch_103,own,16–32,1,20559,0.000,1.000,64.9126,89.1619
ROI_075/patch_103,own,32–64,1,75999,0.000,1.000,79.4941,105.8441
ROI_075/patch_103,own,64–128,1,256674,0.000,1.000,80.6970,102.5197
ROI_075/patch_103,own,≥128,1,1999166,0.000,1.000,134.1548,175.9398
ROI_075/patch_104,nearest,0–16,1,6427,1.000,1.000,,
ROI_075/patch_104,nearest,16–32,1,18855,1.000,1.000,,
ROI_075/patch_104,nearest,32–64,1,67777,0.850,1.000,243.0695,868.1636
ROI_075/patch_104,nearest,64–128,1,136984,0.450,1.000,78.9796,874.4355
ROI_075/patch_104,nearest,≥128,1,32101,0.000,1.000,80.2164,733.5753
ROI_075/patch_104,own,0–16,1,6427,1.000,1.000,,
ROI_075/patch_104,own,16–32,1,19294,1.000,1.000,,
ROI_075/patch_104,own,32–64,1,74228,0.950,1.000,138.5507,853.3579
ROI_075/patch_104,own,64–128,1,247844,0.850,1.000,88.9160,877.9663
ROI_075/patch_104,own,≥128,1,1749359,0.500,1.000,137.2345,835.0966
ROI_075/patch_105,nearest,0–16,1,6278,0.000,1.000,5.3867,7.6933
ROI_075/patch_105,nearest,16–32,1,18198,0.000,1.000,5.2868,7.6202
ROI_075/patch_105,nearest,32–64,1,63916,0.000,1.000,5.6603,8.0050
ROI_075/patch_105,nearest,64–128,1,115365,0.000,1.000,69.0645,75.9942
ROI_075/patch_105,nearest,≥128,1,58387,0.000,1.000,117.2518,131.6393
ROI_075/patch_105,own,0–16,1,6278,0.000,1.000,5.4236,7.7460
ROI_075/patch_105,own,16–32,1,18198,0.000,1.000,5.2404,7.5861
ROI_075/patch_105,own,32–64,1,69051,0.000,1.000,5.2019,7.5066
ROI_075/patch_105,own,64–128,1,250071,0.000,1.000,51.6800,57.3971
ROI_075/patch_105,own,≥128,1,1753554,0.000,1.000,35.9825,40.6794
ROI_075/patch_106,nearest,0–16,1,7105,0.000,1.000,7.5109,11.2355
ROI_075/patch_106,nearest,16–32,1,19967,0.000,1.000,7.2063,11.2770
ROI_075/patch_106,nearest,32–64,1,71435,0.000,1.000,6.9044,10.5486
ROI_075/patch_106,nearest,64–128,1,128286,0.000,1.000,7.3031,10.6284
ROI_075/patch_106,nearest,≥128,1,35351,0.000,1.000,9.8241,11.6667
ROI_075/patch_106,own,0–16,1,7105,0.000,1.000,7.5716,11.0008
ROI_075/patch_106,own,16–32,1,19967,0.000,1.000,7.2112,10.6713
ROI_075/patch_106,own,32–64,1,73488,0.000,1.000,6.9257,10.8278
ROI_075/patch_106,own,64–128,1,240439,0.000,1.000,7.0928,11.2244
ROI_075/patch_106,own,≥128,1,2018297,0.000,1.000,8.1713,11.3933
ROI_075/patch_107,nearest,0–16,1,7153,0.000,1.000,11.5851,13.0458
ROI_075/patch_107,nearest,16–32,1,20256,0.000,1.000,11.8130,13.3004
ROI_075/patch_107,nearest,32–64,1,67825,0.000,1.000,12.5514,14.1087
ROI_075/patch_107,nearest,64–128,1,125462,0.000,1.000,17.0454,18.8246
ROI_075/patch_107,nearest,≥128,1,41448,0.000,1.000,70.4461,79.3768
ROI_075/patch_107,own,0–16,1,7153,0.000,1.000,11.6497,13.1324
ROI_075/patch_107,own,16–32,1,20256,0.000,1.000,11.7941,13.2837
ROI_075/patch_107,own,32–64,1,75816,0.000,1.000,12.4029,13.9727
ROI_075/patch_107,own,64–128,1,281281,0.000,1.000,14.6647,16.4005
ROI_075/patch_107,own,≥128,1,1974790,0.000,1.000,25.3144,27.9533
ROI_075/patch_108,nearest,0–16,1,6047,0.950,1.000,604.3233,774.4628
ROI_075/patch_108,nearest,16–32,1,17067,0.050,1.000,491.2591,683.0157
ROI_075/patch_108,nearest,32–64,1,48521,0.000,1.000,438.0310,551.0349
ROI_075/patch_108,nearest,64–128,1,112174,0.000,1.000,433.7334,501.4325
ROI_075/patch_108,nearest,≥128,1,78335,0.000,1.000,330.8413,347.4421
ROI_075/patch_108,own,0–16,1,6047,0.950,1.000,656.6134,854.7509
ROI_075/patch_108,own,16–32,1,17153,0.050,1.000,488.4236,667.1409
ROI_075/patch_108,own,32–64,1,62828,0.000,1.000,452.9469,629.3450
ROI_075/patch_108,own,64–128,1,217891,0.000,1.000,417.6622,551.0950
ROI_075/patch_108,own,≥128,1,1793233,0.000,1.000,376.4427,489.0148
ROI_075/patch_109,nearest,0–16,1,6432,0.000,1.000,13.2593,15.6131
ROI_075/patch_109,nearest,16–32,1,19313,0.000,1.000,14.1898,16.6698
ROI_075/patch_109,nearest,32–64,1,67938,0.000,1.000,33.8934,37.7430
ROI_075/patch_109,nearest,64–128,1,118549,0.000,1.000,322.5970,337.1675
ROI_075/patch_109,nearest,≥128,1,49912,1.000,1.000,,
ROI_075/patch_109,own,0–16,1,6432,0.000,1.000,13.1983,15.5729
ROI_075/patch_109,own,16–32,1,19313,0.000,1.000,14.3210,16.7896
ROI_075/patch_109,own,32–64,1,74736,0.000,1.000,36.3610,40.7646
ROI_075/patch_109,own,64–128,1,270799,0.000,1.000,125.5054,136.6045
ROI_075/patch_109,own,≥128,1,1725872,0.000,1.000,150.1919,176.3827
ROI_075/patch_110,nearest,0–16,1,6431,0.000,1.000,11.0952,12.5678
ROI_075/patch_110,nearest,16–32,1,18953,0.000,1.000,11.6350,13.3012
ROI_075/patch_110,nearest,32–64,1,69512,0.000,1.000,13.9091,15.8026
ROI_075/patch_110,nearest,64–128,1,114614,0.000,1.000,35.1428,37.4998
ROI_075/patch_110,nearest,≥128,1,52634,0.000,1.000,64.7045,70.9720
ROI_075/patch_110,own,0–16,1,6431,0.000,1.000,11.1291,12.6262
ROI_075/patch_110,own,16–32,1,18953,0.000,1.000,11.4395,13.1281
ROI_075/patch_110,own,32–64,1,73128,0.000,1.000,14.2354,16.2581
ROI_075/patch_110,own,64–128,1,260664,0.000,1.000,29.7940,31.9319
ROI_075/patch_110,own,≥128,1,1737976,0.000,1.000,31.2796,36.2906
ROI_075/patch_111,nearest,0–16,1,7174,0.000,1.000,6.3472,6.9453
ROI_075/patch_111,nearest,16–32,1,20685,0.000,1.000,6.2833,6.8855
ROI_075/patch_111,nearest,32–64,1,72513,0.000,1.000,7.3435,7.8805
ROI_075/patch_111,nearest,64–128,1,129538,0.000,1.000,8.6359,9.3443
ROI_075/patch_111,nearest,≥128,1,32234,0.000,1.000,27.4121,28.4019
ROI_075/patch_111,own,0–16,1,7174,0.000,1.000,6.3128,6.9161
ROI_075/patch_111,own,16–32,1,20685,0.000,1.000,6.3906,6.9988
ROI_075/patch_111,own,32–64,1,74258,0.000,1.000,7.2097,7.7350
ROI_075/patch_111,own,64–128,1,263826,0.000,1.000,9.2196,9.9182
ROI_075/patch_111,own,≥128,1,1993353,0.000,1.000,12.1868,13.1544
ROI_075/patch_112,nearest,0–16,1,6422,0.000,1.000,4.3328,5.4771
ROI_075/patch_112,nearest,16–32,1,18336,0.000,1.000,4.4263,5.6021
ROI_075/patch_112,nearest,32–64,1,60413,0.000,1.000,4.7316,6.1107
ROI_075/patch_112,nearest,64–128,1,138710,0.000,1.000,9.9339,11.9864
ROI_075/patch_112,nearest,≥128,1,38263,0.000,1.000,17.9388,19.5924
ROI_075/patch_112,own,0–16,1,6422,0.000,1.000,4.2999,5.4468
ROI_075/patch_112,own,16–32,1,18336,0.000,1.000,4.3671,5.5543
ROI_075/patch_112,own,32–64,1,64244,0.000,1.000,5.1099,6.6200
ROI_075/patch_112,own,64–128,1,212272,0.000,1.000,6.9804,8.8128
ROI_075/patch_112,own,≥128,1,1795878,0.000,1.000,7.4773,8.9229
ROI_075/patch_116,nearest,0–16,1,6433,0.000,1.000,146.9543,693.8774
ROI_075/patch_116,nearest,16–32,1,18847,0.000,1.000,141.0205,718.4635
ROI_075/patch_116,nearest,32–64,1,66823,0.000,1.000,62.7263,562.6784
ROI_075/patch_116,nearest,64–128,1,132512,0.000,1.000,22.9701,233.2004
ROI_075/patch_116,nearest,≥128,1,37529,0.000,1.000,77.2769,84.5064
ROI_075/patch_116,own,0–16,1,6433,0.000,1.000,144.9186,698.9650
ROI_075/patch_116,own,16–32,1,18847,0.000,1.000,129.6487,714.7492
ROI_075/patch_116,own,32–64,1,70077,0.000,1.000,54.4313,584.1823
ROI_075/patch_116,own,64–128,1,222357,0.000,1.000,14.0765,472.1880
ROI_075/patch_116,own,≥128,1,1779438,0.000,1.000,18.3525,289.5997
ROI_075/patch_117,nearest,0–16,1,6299,0.000,1.000,9.0727,88.3109
ROI_075/patch_117,nearest,16–32,1,17961,0.000,1.000,10.3286,70.2886
ROI_075/patch_117,nearest,32–64,1,54562,0.000,1.000,12.1743,86.9021
ROI_075/patch_117,nearest,64–128,1,63547,0.000,1.000,111.3445,313.2740
ROI_075/patch_117,nearest,≥128,1,119775,1.000,1.000,,
ROI_075/patch_117,own,0–16,1,6299,0.000,1.000,9.7275,86.5433
ROI_075/patch_117,own,16–32,1,18381,0.000,1.000,10.7485,71.5183
ROI_075/patch_117,own,32–64,1,70831,0.000,1.000,11.7468,84.0676
ROI_075/patch_117,own,64–128,1,251848,0.000,1.000,38.3565,178.8025
ROI_075/patch_117,own,≥128,1,1749793,0.000,1.000,192.6834,821.0059
ROI_075/patch_118,nearest,0–16,1,6432,0.000,1.000,29.9554,30.9202
ROI_075/patch_118,nearest,16–32,1,19287,0.000,1.000,26.9921,36.7379
ROI_075/patch_118,nearest,32–64,1,65214,0.000,1.000,47.0243,65.5426
ROI_075/patch_118,nearest,64–128,1,114856,0.000,1.000,165.4429,185.4273
ROI_075/patch_118,nearest,≥128,1,56355,0.000,1.000,398.8755,406.8223
ROI_075/patch_118,own,0–16,1,6432,0.000,1.000,30.0588,30.9616
ROI_075/patch_118,own,16–32,1,19289,0.000,1.000,26.4334,35.9549
ROI_075/patch_118,own,32–64,1,74949,0.000,1.000,54.6224,75.8752
ROI_075/patch_118,own,64–128,1,260043,0.000,1.000,117.8406,130.4008
ROI_075/patch_118,own,≥128,1,1736439,0.000,1.000,247.7727,274.4386
ROI_075/patch_119,nearest,0–16,1,8042,0.000,1.000,177.1755,182.0892
ROI_075/patch_119,nearest,16–32,1,24130,0.000,1.000,138.3278,146.0429
ROI_075/patch_119,nearest,32–64,1,75284,0.000,1.000,145.3397,150.9141
ROI_075/patch_119,nearest,64–128,1,118949,0.000,1.000,142.7236,149.7838
ROI_075/patch_119,nearest,≥128,1,35739,0.000,1.000,533.0020,539.0042
ROI_075/patch_119,own,0–16,1,8042,0.000,1.000,180.8183,185.5002
ROI_075/patch_119,own,16–32,1,24130,0.000,1.000,142.2345,149.5170
ROI_075/patch_119,own,32–64,1,91860,0.000,1.000,182.6142,189.1935
ROI_075/patch_119,own,64–128,1,337189,0.000,1.000,131.6941,139.0516
ROI_075/patch_119,own,≥128,1,2160219,0.000,1.000,194.7672,202.7111
ROI_075/patch_120,nearest,0–16,1,7091,0.000,1.000,17.7503,19.1830
ROI_075/patch_120,nearest,16–32,1,20758,0.000,1.000,18.2334,19.7864
ROI_075/patch_120,nearest,32–64,1,74716,0.000,1.000,20.7775,24.1773
ROI_075/patch_120,nearest,64–128,1,121867,0.000,1.000,20.8532,23.3616
ROI_075/patch_120,nearest,≥128,1,37712,0.000,1.000,88.0151,89.7222
ROI_075/patch_120,own,0–16,1,7091,0.000,1.000,17.7704,19.2123
ROI_075/patch_120,own,16–32,1,20758,0.000,1.000,18.0279,19.5815
ROI_075/patch_120,own,32–64,1,77699,0.000,1.000,20.8489,23.7390
ROI_075/patch_120,own,64–128,1,275537,0.000,1.000,23.4313,25.6008
ROI_075/patch_120,own,≥128,1,1978211,0.000,1.000,19.1377,21.5505
ROI_075/patch_121,nearest,0–16,1,7223,0.200,1.000,1606.4443,1695.3320
ROI_075/patch_121,nearest,16–32,1,21706,0.150,1.000,1783.7550,1891.9416
ROI_075/patch_121,nearest,32–64,1,70731,0.400,1.000,2134.8051,2205.5986
ROI_075/patch_121,nearest,64–128,1,116554,0.000,1.000,2352.7232,2401.6742
ROI_075/patch_121,nearest,≥128,1,45930,0.000,1.000,2778.1053,2954.8313
ROI_075/patch_121,own,0–16,1,7223,0.300,1.000,1621.5809,1710.2533
ROI_075/patch_121,own,16–32,1,21706,0.050,1.000,1870.4588,1987.7702
ROI_075/patch_121,own,32–64,1,83736,0.300,1.000,2132.8344,2239.1894
ROI_075/patch_121,own,64–128,1,303088,0.250,1.000,2384.5437,2441.7076
ROI_075/patch_121,own,≥128,1,1943543,0.000,1.000,1944.1328,2012.4148
ROI_075/patch_122,nearest,0–16,1,6435,0.000,1.000,13.7483,17.0047
ROI_075/patch_122,nearest,16–32,1,19137,0.000,1.000,19.1342,23.0994
ROI_075/patch_122,nearest,32–64,1,70617,0.000,1.000,42.4299,46.1918
ROI_075/patch_122,nearest,64–128,1,125852,0.000,1.000,133.7895,154.3977
ROI_075/patch_122,nearest,≥128,1,40103,1.000,1.000,,
ROI_075/patch_122,own,0–16,1,6435,0.000,1.000,13.7907,17.0520
ROI_075/patch_122,own,16–32,1,19137,0.000,1.000,16.8096,20.5173
ROI_075/patch_122,own,32–64,1,73522,0.000,1.000,42.4692,46.7463
ROI_075/patch_122,own,64–128,1,256333,0.000,1.000,70.9767,86.0696
ROI_075/patch_122,own,≥128,1,1741725,0.000,1.000,183.8271,217.6467
ROI_075/patch_123,nearest,0–16,1,6430,0.000,1.000,69.2533,115.0347
ROI_075/patch_123,nearest,16–32,1,18670,0.000,1.000,72.8499,117.0982
ROI_075/patch_123,nearest,32–64,1,68297,0.000,1.000,78.6023,113.8674
ROI_075/patch_123,nearest,64–128,1,115408,0.000,1.000,90.7651,131.2312
ROI_075/patch_123,nearest,≥128,1,53339,0.000,1.000,455.3720,668.4201
ROI_075/patch_123,own,0–16,1,6430,0.000,1.000,70.5277,117.1169
ROI_075/patch_123,own,16–32,1,18670,0.000,1.000,68.3772,112.9498
ROI_075/patch_123,own,32–64,1,69527,0.000,1.000,73.4476,112.8790
ROI_075/patch_123,own,64–128,1,234425,0.000,1.000,75.2477,113.1211
ROI_075/patch_123,own,≥128,1,1768100,0.000,1.000,173.2004,249.3610
ROI_075/patch_124,nearest,0–16,1,6429,0.000,1.000,19.9805,21.0204
ROI_075/patch_124,nearest,16–32,1,19292,0.000,1.000,21.2000,22.8930
ROI_075/patch_124,nearest,32–64,1,66304,0.000,1.000,22.0418,24.2583
ROI_075/patch_124,nearest,64–128,1,133718,0.000,1.000,38.0719,40.1778
ROI_075/patch_124,nearest,≥128,1,36401,0.000,1.000,60.7461,63.4906
ROI_075/patch_124,own,0–16,1,6429,0.000,1.000,19.9497,20.9926
ROI_075/patch_124,own,16–32,1,19292,0.000,1.000,20.3948,21.7826
ROI_075/patch_124,own,32–64,1,72297,0.000,1.000,21.4691,23.5599
ROI_075/patch_124,own,64–128,1,242734,0.000,1.000,29.9284,31.8529
ROI_075/patch_124,own,≥128,1,1756400,0.000,1.000,44.4521,46.6838
ROI_075/patch_125,,,excluded,,,,,
ROI_075/patch_127,nearest,0–16,1,6445,0.000,1.000,223.2524,318.0860
ROI_075/patch_127,nearest,16–32,1,18997,0.000,1.000,169.1317,243.8327
ROI_075/patch_127,nearest,32–64,1,65652,0.000,1.000,114.5342,144.7084
ROI_075/patch_127,nearest,64–128,1,141733,0.000,1.000,144.8522,173.4703
ROI_075/patch_127,nearest,≥128,1,29317,0.000,1.000,1160.3505,1593.4073
ROI_075/patch_127,own,0–16,1,6445,0.000,1.000,229.3284,325.1643
ROI_075/patch_127,own,16–32,1,19146,0.000,1.000,184.4187,260.7510
ROI_075/patch_127,own,32–64,1,71372,0.000,1.000,107.2973,132.4187
ROI_075/patch_127,own,64–128,1,248264,0.000,1.000,143.9935,188.9990
ROI_075/patch_127,own,≥128,1,1751925,0.000,1.000,235.0959,307.5255
ROI_075/patch_128,nearest,0–16,1,7083,0.000,1.000,10.0630,11.8424
ROI_075/patch_128,nearest,16–32,1,20521,0.000,1.000,10.3297,12.0986
ROI_075/patch_128,nearest,32–64,1,70742,0.000,1.000,15.5978,17.0016
ROI_075/patch_128,nearest,64–128,1,121893,0.000,1.000,44.4417,46.5262
ROI_075/patch_128,nearest,≥128,1,41905,1.000,1.000,,
ROI_075/patch_128,own,0–16,1,7083,0.000,1.000,10.0385,11.8621
ROI_075/patch_128,own,16–32,1,20521,0.000,1.000,10.3612,12.1387
ROI_075/patch_128,own,32–64,1,76887,0.000,1.000,13.5383,15.1002
ROI_075/patch_128,own,64–128,1,275186,0.000,1.000,27.4885,29.5616
ROI_075/patch_128,own,≥128,1,1979619,0.000,1.000,172.9148,175.1944
ROI_075/patch_129,,,excluded,,,,,
ROI_075/patch_130,nearest,0–16,1,6396,0.000,1.000,425.9422,802.1998
ROI_075/patch_130,nearest,16–32,1,18552,0.000,1.000,400.1384,684.0991
ROI_075/patch_130,nearest,32–64,1,58825,0.000,1.000,364.7353,644.3621
ROI_075/patch_130,nearest,64–128,1,99618,0.300,1.000,460.1876,736.4422
ROI_075/patch_130,nearest,≥128,1,78753,0.000,1.000,1187.5869,1512.9212
ROI_075/patch_130,own,0–16,1,6396,0.000,1.000,419.6664,778.3600
ROI_075/patch_130,own,16–32,1,18552,0.000,1.000,391.8871,697.1684
ROI_075/patch_130,own,32–64,1,70393,0.000,1.000,356.6719,664.1136
ROI_075/patch_130,own,64–128,1,236102,0.000,1.000,484.7944,833.8227
ROI_075/patch_130,own,≥128,1,1765709,0.050,1.000,1174.4499,1561.6954
ROI_075/patch_131,nearest,0–16,1,6432,0.000,1.000,214.6266,233.8845
ROI_075/patch_131,nearest,16–32,1,17596,0.000,1.000,247.9522,269.6278
ROI_075/patch_131,nearest,32–64,1,58224,0.000,1.000,327.9706,339.6984
ROI_075/patch_131,nearest,64–128,1,140431,0.000,1.000,664.9354,700.2173
ROI_075/patch_131,nearest,≥128,1,39461,0.000,1.000,1299.6866,1393.4980
ROI_075/patch_131,own,0–16,1,6432,0.000,1.000,220.5921,244.1982
ROI_075/patch_131,own,16–32,1,18118,0.000,1.000,254.5022,275.6851
ROI_075/patch_131,own,32–64,1,67300,0.000,1.000,290.5899,302.5151
ROI_075/patch_131,own,64–128,1,230130,0.000,1.000,519.8614,535.1997
ROI_075/patch_131,own,≥128,1,1775172,0.000,1.000,750.8244,780.9283
ROI_075/patch_132,nearest,0–16,1,6262,0.000,1.000,6.8206,14.2512
ROI_075/patch_132,nearest,16–32,1,18040,0.000,1.000,10.0544,19.1761
ROI_075/patch_132,nearest,32–64,1,54456,0.000,1.000,12.1725,23.6904
ROI_075/patch_132,nearest,64–128,1,94142,0.000,1.000,131.8540,176.0292
ROI_075/patch_132,nearest,≥128,1,89244,0.000,1.000,1260.1831,1309.5653
ROI_075/patch_132,own,0–16,1,6262,0.000,1.000,6.5885,14.0688
ROI_075/patch_132,own,16–32,1,18081,0.000,1.000,10.0570,19.2222
ROI_075/patch_132,own,32–64,1,67530,0.000,1.000,12.4268,22.2242
ROI_075/patch_132,own,64–128,1,235482,0.000,1.000,41.0572,56.0237
ROI_075/patch_132,own,≥128,1,1769797,0.000,1.000,451.0494,478.1302
ROI_075/patch_133,nearest,0–16,1,6301,0.000,1.000,23.3170,27.9233
ROI_075/patch_133,nearest,16–32,1,16167,0.000,1.000,27.3559,32.1878
ROI_075/patch_133,nearest,32–64,1,47185,0.000,1.000,50.8485,62.7967
ROI_075/patch_133,nearest,64–128,1,105806,0.000,1.000,102.5494,116.0127
ROI_075/patch_133,nearest,≥128,1,86685,1.000,1.000,,
ROI_075/patch_133,own,0–16,1,6301,0.000,1.000,22.9363,27.0515
ROI_075/patch_133,own,16–32,1,18322,0.000,1.000,25.7785,30.6633
ROI_075/patch_133,own,32–64,1,65376,0.000,1.000,56.9137,64.9211
ROI_075/patch_133,own,64–128,1,196640,0.000,1.000,194.7186,231.6623
ROI_075/patch_133,own,≥128,1,1810513,0.000,1.000,795.8722,870.4433
ROI_075/patch_134,nearest,0–16,1,6433,0.000,1.000,163.3260,188.2379
ROI_075/patch_134,nearest,16–32,1,18576,0.000,1.000,177.0502,244.3738
ROI_075/patch_134,nearest,32–64,1,61816,0.000,1.000,151.0625,455.0827
ROI_075/patch_134,nearest,64–128,1,124427,0.250,1.000,1023.2772,1654.4918
ROI_075/patch_134,nearest,≥128,1,50892,1.000,1.000,,
ROI_075/patch_134,own,0–16,1,6433,0.000,1.000,173.4556,197.9664
ROI_075/patch_134,own,16–32,1,18576,0.000,1.000,168.8809,234.1751
ROI_075/patch_134,own,32–64,1,70383,0.000,1.000,147.7492,479.3456
ROI_075/patch_134,own,64–128,1,259979,0.000,1.000,594.8336,1077.7886
ROI_075/patch_134,own,≥128,1,1741781,0.500,1.000,913.3468,1358.6794
ROI_075/patch_135,nearest,0–16,1,6425,0.000,1.000,42.0872,441.6145
ROI_075/patch_135,nearest,16–32,1,19258,0.000,1.000,42.3949,414.0187
ROI_075/patch_135,nearest,32–64,1,67139,0.000,1.000,66.7616,379.1181
ROI_075/patch_135,nearest,64–128,1,134630,0.000,1.000,544.6054,814.2918
ROI_075/patch_135,nearest,≥128,1,34692,0.000,1.000,782.4981,927.4732
ROI_075/patch_135,own,0–16,1,6425,0.000,1.000,41.2851,436.3916
ROI_075/patch_135,own,16–32,1,19258,0.000,1.000,44.3977,439.4361
ROI_075/patch_135,own,32–64,1,73256,0.000,1.000,64.6140,313.4387
ROI_075/patch_135,own,64–128,1,247285,0.000,1.000,208.2456,519.1503
ROI_075/patch_135,own,≥128,1,1750928,0.000,1.000,239.9180,548.9808
ROI_075/patch_137,,,excluded,,,,,
ROI_075/patch_138,nearest,0–16,1,6286,0.000,1.000,314.8444,381.5952
ROI_075/patch_138,nearest,16–32,1,17562,0.000,1.000,395.9498,443.3732
ROI_075/patch_138,nearest,32–64,1,58871,0.000,1.000,442.6175,478.8095
ROI_075/patch_138,nearest,64–128,1,133768,0.050,1.000,1256.5224,1356.2283
ROI_075/patch_138,nearest,≥128,1,45657,1.000,1.000,,
ROI_075/patch_138,own,0–16,1,6286,0.000,1.000,310.4742,375.6570
ROI_075/patch_138,own,16–32,1,17562,0.000,1.000,378.9196,435.7542
ROI_075/patch_138,own,32–64,1,65156,0.000,1.000,393.7684,427.3150
ROI_075/patch_138,own,64–128,1,242463,0.000,1.000,764.0012,832.1598
ROI_075/patch_138,own,≥128,1,1765685,0.050,1.000,1788.3122,1889.3882
ROI_075/patch_139,nearest,0–16,1,6420,0.000,1.000,9.5196,11.1401
ROI_075/patch_139,nearest,16–32,1,18590,0.000,1.000,9.7883,11.4423
ROI_075/patch_139,nearest,32–64,1,64043,0.000,1.000,10.2714,12.0091
ROI_075/patch_139,nearest,64–128,1,104911,0.000,1.000,30.3848,31.1543
ROI_075/patch_139,nearest,≥128,1,68180,0.100,1.000,348.0779,350.1343
ROI_075/patch_139,own,0–16,1,6420,0.000,1.000,9.5689,11.2098
ROI_075/patch_139,own,16–32,1,18590,0.000,1.000,9.5271,11.1640
ROI_075/patch_139,own,32–64,1,73327,0.000,1.000,9.9158,11.6384
ROI_075/patch_139,own,64–128,1,262748,0.000,1.000,23.4071,24.5930
ROI_075/patch_139,own,≥128,1,1736067,0.000,1.000,145.7498,148.6995
ROI_075/patch_140,nearest,0–16,1,6363,0.000,1.000,123.5495,193.5734
ROI_075/patch_140,nearest,16–32,1,18472,0.000,1.000,173.6929,238.2428
ROI_075/patch_140,nearest,32–64,1,63817,0.000,1.000,216.0878,286.9359
ROI_075/patch_140,nearest,64–128,1,102002,0.000,1.000,186.6372,365.8520
ROI_075/patch_140,nearest,≥128,1,71490,1.000,1.000,,
ROI_075/patch_140,own,0–16,1,6363,0.000,1.000,121.6707,190.1580
ROI_075/patch_140,own,16–32,1,18472,0.000,1.000,180.4484,241.2190
ROI_075/patch_140,own,32–64,1,70315,0.000,1.000,226.4122,300.0403
ROI_075/patch_140,own,64–128,1,256838,0.000,1.000,154.2882,260.2283
ROI_075/patch_140,own,≥128,1,1745164,0.000,1.000,296.7828,509.6649
ROI_075/patch_141,nearest,0–16,1,7238,0.000,1.000,230.6253,441.4849
ROI_075/patch_141,nearest,16–32,1,21040,0.000,1.000,225.9964,402.6190
ROI_075/patch_141,nearest,32–64,1,75068,0.000,1.000,137.3825,237.7246
ROI_075/patch_141,nearest,64–128,1,121877,0.000,1.000,171.6526,247.0933
ROI_075/patch_141,nearest,≥128,1,36921,1.000,1.000,,
ROI_075/patch_141,own,0–16,1,7238,0.000,1.000,234.6855,440.1972
ROI_075/patch_141,own,16–32,1,21707,0.000,1.000,221.1287,395.4181
ROI_075/patch_141,own,32–64,1,82266,0.000,1.000,149.5395,270.4634
ROI_075/patch_141,own,64–128,1,284075,0.000,1.000,65.0943,110.5406
ROI_075/patch_141,own,≥128,1,1964010,0.000,1.000,131.8873,174.2573
ROI_075/patch_142,nearest,0–16,1,6431,0.000,1.000,45.0913,45.2367
ROI_075/patch_142,nearest,16–32,1,18612,0.000,1.000,46.4688,46.6666
ROI_075/patch_142,nearest,32–64,1,64725,0.000,1.000,63.3571,63.9147
ROI_075/patch_142,nearest,64–128,1,125857,0.000,1.000,375.4836,377.9461
ROI_075/patch_142,nearest,≥128,1,46519,0.850,1.000,729.8816,746.8968
ROI_075/patch_142,own,0–16,1,6431,0.000,1.000,45.2106,45.3577
ROI_075/patch_142,own,16–32,1,18612,0.000,1.000,46.0459,46.2248
ROI_075/patch_142,own,32–64,1,70162,0.000,1.000,59.0379,59.7448
ROI_075/patch_142,own,64–128,1,235050,0.000,1.000,239.6361,241.0897
ROI_075/patch_142,own,≥128,1,1766897,0.050,1.000,438.3764,445.4687
ROI_075/patch_143,nearest,0–16,1,6113,0.000,1.000,25.4659,28.7767
ROI_075/patch_143,nearest,16–32,1,17149,0.000,1.000,25.7916,29.6125
ROI_075/patch_143,nearest,32–64,1,57010,0.000,1.000,25.1300,30.7403
ROI_075/patch_143,nearest,64–128,1,103279,0.000,1.000,25.9763,30.7029
ROI_075/patch_143,nearest,≥128,1,78593,0.050,1.000,335.2524,357.8636
ROI_075/patch_143,own,0–16,1,6113,0.000,1.000,25.2390,28.4582
ROI_075/patch_143,own,16–32,1,17168,0.000,1.000,25.8732,29.5894
ROI_075/patch_143,own,32–64,1,62769,0.000,1.000,26.1181,31.0080
ROI_075/patch_143,own,64–128,1,222691,0.000,1.000,28.5403,33.0326
ROI_075/patch_143,own,≥128,1,1788411,0.000,1.000,139.6729,159.7568
ROI_075/patch_144,nearest,0–16,1,6274,1.000,1.000,,
ROI_075/patch_144,nearest,16–32,1,18327,1.000,1.000,,
ROI_075/patch_144,nearest,32–64,1,63673,1.000,1.000,,
ROI_075/patch_144,nearest,64–128,1,125177,1.000,1.000,,
ROI_075/patch_144,nearest,≥128,1,48693,1.000,1.000,,
ROI_075/patch_144,own,0–16,1,6274,1.000,1.000,,
ROI_075/patch_144,own,16–32,1,18327,1.000,1.000,,
ROI_075/patch_144,own,32–64,1,72880,1.000,1.000,,
ROI_075/patch_144,own,64–128,1,270581,1.000,1.000,,
ROI_075/patch_144,own,≥128,1,1729090,1.000,1.000,,
ROI_075/patch_145,nearest,0–16,1,6437,0.000,1.000,5.3780,7.2506
ROI_075/patch_145,nearest,16–32,1,17516,0.000,1.000,11.7576,14.5012
ROI_075/patch_145,nearest,32–64,1,54296,0.000,1.000,56.2992,61.8357
ROI_075/patch_145,nearest,64–128,1,135809,0.000,1.000,98.8024,104.8660
ROI_075/patch_145,nearest,≥128,1,48086,0.000,1.000,134.5312,150.8946
ROI_075/patch_145,own,0–16,1,6437,0.000,1.000,5.4631,7.3096
ROI_075/patch_145,own,16–32,1,18665,0.000,1.000,11.3218,13.7047
ROI_075/patch_145,own,32–64,1,71893,0.000,1.000,28.5579,32.3792
ROI_075/patch_145,own,64–128,1,267589,0.000,1.000,84.2973,91.1127
ROI_075/patch_145,own,≥128,1,1732568,0.000,1.000,124.6458,138.5727
ROI_075/patch_146,nearest,0–16,1,6931,0.000,1.000,171.3226,621.9144
ROI_075/patch_146,nearest,16–32,1,19259,0.000,1.000,187.0348,613.6677
ROI_075/patch_146,nearest,32–64,1,66175,0.000,1.000,200.3303,600.0838
ROI_075/patch_146,nearest,64–128,1,120329,0.000,1.000,257.5112,665.1405
ROI_075/patch_146,nearest,≥128,1,49450,0.000,1.000,88.7103,554.1015
ROI_075/patch_146,own,0–16,1,6931,0.000,1.000,172.0357,617.6287
ROI_075/patch_146,own,16–32,1,19259,0.000,1.000,184.6100,606.6422
ROI_075/patch_146,own,32–64,1,72666,0.000,1.000,164.6789,586.1217
ROI_075/patch_146,own,64–128,1,247768,0.000,1.000,176.7375,525.3752
ROI_075/patch_146,own,≥128,1,2012672,0.000,1.000,126.5409,460.7724
ROI_075/patch_147,nearest,0–16,1,6422,0.000,1.000,10.1338,31.2287
ROI_075/patch_147,nearest,16–32,1,17698,0.000,1.000,8.0632,26.9988
ROI_075/patch_147,nearest,32–64,1,65689,0.000,1.000,4.2083,10.4931
ROI_075/patch_147,nearest,64–128,1,120427,0.000,1.000,18.7821,27.5926
ROI_075/patch_147,nearest,≥128,1,51908,0.000,1.000,50.2620,83.9835
ROI_075/patch_147,own,0–16,1,6422,0.000,1.000,12.8269,40.9023
ROI_075/patch_147,own,16–32,1,17698,0.000,1.000,8.6224,28.2393
ROI_075/patch_147,own,32–64,1,66271,0.000,1.000,5.1269,15.0515
ROI_075/patch_147,own,64–128,1,245031,0.000,1.000,20.3220,27.2898
ROI_075/patch_147,own,≥128,1,1761730,0.000,1.000,29.3097,47.3620
ROI_075/patch_148,nearest,0–16,1,6432,1.000,1.000,,
ROI_075/patch_148,nearest,16–32,1,18607,1.000,1.000,,
ROI_075/patch_148,nearest,32–64,1,66645,1.000,1.000,,
ROI_075/patch_148,nearest,64–128,1,125184,1.000,1.000,,
ROI_075/patch_148,nearest,≥128,1,45276,0.350,1.000,1166.8293,1233.5985
ROI_075/patch_148,own,0–16,1,6432,1.000,1.000,,
ROI_075/patch_148,own,16–32,1,18607,1.000,1.000,,
ROI_075/patch_148,own,32–64,1,72414,1.000,1.000,,
ROI_075/patch_148,own,64–128,1,241015,1.000,1.000,,
ROI_075/patch_148,own,≥128,1,1758684,1.000,1.000,,
ROI_075/patch_149,nearest,0–16,1,6245,1.000,1.000,,
ROI_075/patch_149,nearest,16–32,1,17408,1.000,1.000,,
ROI_075/patch_149,nearest,32–64,1,55491,1.000,1.000,,
ROI_075/patch_149,nearest,64–128,1,115020,1.000,1.000,,
ROI_075/patch_149,nearest,≥128,1,67980,1.000,1.000,,
ROI_075/patch_149,own,0–16,1,6245,1.000,1.000,,
ROI_075/patch_149,own,16–32,1,17978,1.000,1.000,,
ROI_075/patch_149,own,32–64,1,64067,1.000,1.000,,
ROI_075/patch_149,own,64–128,1,213451,1.000,1.000,,
ROI_075/patch_149,own,≥128,1,1795411,1.000,1.000,,
ROI_075/patch_150,nearest,0–16,1,6314,0.000,1.000,23.4668,25.9902
ROI_075/patch_150,nearest,16–32,1,17666,0.000,1.000,23.5310,26.3371
ROI_075/patch_150,nearest,32–64,1,60387,0.000,1.000,24.0884,27.1184
ROI_075/patch_150,nearest,64–128,1,130652,0.000,1.000,23.7493,26.1773
ROI_075/patch_150,nearest,≥128,1,47125,0.000,1.000,32.6693,40.1775
ROI_075/patch_150,own,0–16,1,6314,0.000,1.000,23.5407,25.9741
ROI_075/patch_150,own,16–32,1,17666,0.000,1.000,23.5917,26.4158
ROI_075/patch_150,own,32–64,1,61177,0.000,1.000,23.6921,26.7547
ROI_075/patch_150,own,64–128,1,208987,0.000,1.000,23.6532,26.6354
ROI_075/patch_150,own,≥128,1,1803008,0.000,1.000,27.0214,30.1809
ROI_075/patch_151,nearest,0–16,1,6072,0.000,1.000,219.8156,236.6700
ROI_075/patch_151,nearest,16–32,1,16759,0.000,1.000,225.6298,246.4226
ROI_075/patch_151,nearest,32–64,1,59014,0.000,1.000,232.1419,254.8552
ROI_075/patch_151,nearest,64–128,1,118235,0.000,1.000,152.4591,172.5506
ROI_075/patch_151,nearest,≥128,1,62064,0.000,1.000,86.3010,99.5412
ROI_075/patch_151,own,0–16,1,6072,0.000,1.000,224.5392,241.9563
ROI_075/patch_151,own,16–32,1,16759,0.000,1.000,204.6068,220.9151
ROI_075/patch_151,own,32–64,1,63022,0.000,1.000,215.8928,234.3755
ROI_075/patch_151,own,64–128,1,221372,0.000,1.000,161.1440,178.8404
ROI_075/patch_151,own,≥128,1,1789927,0.000,1.000,138.7026,157.0632
ROI_075/patch_152,nearest,0–16,1,6308,0.000,1.000,80.6191,106.6318
ROI_075/patch_152,nearest,16–32,1,17424,0.000,1.000,98.6346,121.1028
ROI_075/patch_152,nearest,32–64,1,55854,0.000,1.000,72.1929,88.3203
ROI_075/patch_152,nearest,64–128,1,111137,0.000,1.000,80.7637,88.8628
ROI_075/patch_152,nearest,≥128,1,71421,0.000,1.000,135.2609,143.1896
ROI_075/patch_152,own,0–16,1,6308,0.000,1.000,77.0815,101.9149
ROI_075/patch_152,own,16–32,1,18273,0.000,1.000,95.1366,116.8026
ROI_075/patch_152,own,32–64,1,68572,0.000,1.000,78.8254,95.7168
ROI_075/patch_152,own,64–128,1,223321,0.000,1.000,117.2576,139.5529
ROI_075/patch_152,own,≥128,1,1780678,0.000,1.000,155.9661,173.0707
ROI_075/patch_153,nearest,0–16,1,6282,0.000,1.000,31.2334,90.7369
ROI_075/patch_153,nearest,16–32,1,17706,0.000,1.000,27.4228,68.1778
ROI_075/patch_153,nearest,32–64,1,59803,0.000,1.000,21.8425,59.3953
ROI_075/patch_153,nearest,64–128,1,153620,0.000,1.000,17.1305,51.3438
ROI_075/patch_153,nearest,≥128,1,24733,0.000,1.000,51.3527,55.8004
ROI_075/patch_153,own,0–16,1,6282,0.000,1.000,31.2384,88.9337
ROI_075/patch_153,own,16–32,1,17706,0.000,1.000,30.2276,77.7335
ROI_075/patch_153,own,32–64,1,62967,0.000,1.000,23.1426,66.2012
ROI_075/patch_153,own,64–128,1,216643,0.000,1.000,19.8100,57.8769
ROI_075/patch_153,own,≥128,1,1793554,0.000,1.000,19.9398,48.6149
ROI_075/patch_154,nearest,0–16,1,6432,0.000,1.000,9.3685,11.6100
ROI_075/patch_154,nearest,16–32,1,19088,0.000,1.000,9.9346,12.2656
ROI_075/patch_154,nearest,32–64,1,67431,0.000,1.000,10.8413,13.3946
ROI_075/patch_154,nearest,64–128,1,132003,0.000,1.000,12.5751,15.2830
ROI_075/patch_154,nearest,≥128,1,37190,0.000,1.000,18.2769,27.6318
ROI_075/patch_154,own,0–16,1,6432,0.000,1.000,9.3399,11.5894
ROI_075/patch_154,own,16–32,1,19088,0.000,1.000,9.8929,12.2049
ROI_075/patch_154,own,32–64,1,73212,0.000,1.000,11.0108,13.4374
ROI_075/patch_154,own,64–128,1,249895,0.000,1.000,13.1909,15.7549
ROI_075/patch_154,own,≥128,1,1748525,0.000,1.000,11.5383,15.2334
ROI_075/patch_155,nearest,0–16,1,6384,0.000,1.000,7.4788,117.5913
ROI_075/patch_155,nearest,16–32,1,18530,0.000,1.000,13.6456,126.4192
ROI_075/patch_155,nearest,32–64,1,69679,0.000,1.000,59.3537,182.8735
ROI_075/patch_155,nearest,64–128,1,139378,0.000,1.000,144.6978,244.7792
ROI_075/patch_155,nearest,≥128,1,28173,0.000,1.000,281.5837,349.8203
ROI_075/patch_155,own,0–16,1,6384,0.000,1.000,7.4170,116.5760
ROI_075/patch_155,own,16–32,1,18530,0.000,1.000,16.2257,131.5100
ROI_075/patch_155,own,32–64,1,70819,0.000,1.000,58.4968,181.4829
ROI_075/patch_155,own,64–128,1,262890,0.000,1.000,108.4230,199.7979
ROI_075/patch_155,own,≥128,1,1738529,0.000,1.000,135.5384,260.6414
ROI_075/patch_156,nearest,0–16,1,6358,0.000,1.000,29.4103,229.1376
ROI_075/patch_156,nearest,16–32,1,17795,0.000,1.000,30.6903,166.3015
ROI_075/patch_156,nearest,32–64,1,61262,0.000,1.000,74.3144,155.4624
ROI_075/patch_156,nearest,64–128,1,118037,0.000,1.000,87.3837,276.4603
ROI_075/patch_156,nearest,≥128,1,58692,0.000,1.000,46.0655,159.6874
ROI_075/patch_156,own,0–16,1,6358,0.000,1.000,30.4753,234.5298
ROI_075/patch_156,own,16–32,1,17795,0.000,1.000,31.4724,181.5971
ROI_075/patch_156,own,32–64,1,62929,0.000,1.000,60.6660,152.0702
ROI_075/patch_156,own,64–128,1,195724,0.000,1.000,89.1209,250.1350
ROI_075/patch_156,own,≥128,1,1814346,0.000,1.000,80.7555,178.4000
ROI_075/patch_157,nearest,0–16,1,6267,0.000,1.000,24.7182,27.1951
ROI_075/patch_157,nearest,16–32,1,17648,0.000,1.000,16.8464,19.1182
ROI_075/patch_157,nearest,32–64,1,59736,0.000,1.000,16.3946,19.5785
ROI_075/patch_157,nearest,64–128,1,123536,0.000,1.000,48.5852,58.1438
ROI_075/patch_157,nearest,≥128,1,54957,0.000,1.000,99.9061,111.8017
ROI_075/patch_157,own,0–16,1,6267,0.000,1.000,25.1789,27.8106
ROI_075/patch_157,own,16–32,1,17648,0.000,1.000,16.9209,20.3406
ROI_075/patch_157,own,32–64,1,69002,0.000,1.000,14.7968,17.9311
ROI_075/patch_157,own,64–128,1,249042,0.000,1.000,21.2607,25.7632
ROI_075/patch_157,own,≥128,1,1755193,0.000,1.000,62.5588,71.3005
ROI_075/patch_158,nearest,0–16,1,6446,0.000,1.000,6.3003,8.6127
ROI_075/patch_158,nearest,16–32,1,19314,0.000,1.000,6.5118,8.7949
ROI_075/patch_158,nearest,32–64,1,66960,0.000,1.000,8.4818,11.1199
ROI_075/patch_158,nearest,64–128,1,132203,0.000,1.000,25.3666,28.4574
ROI_075/patch_158,nearest,≥128,1,37221,0.000,1.000,51.6595,63.1466
ROI_075/patch_158,own,0–16,1,6446,0.000,1.000,6.3041,8.6137
ROI_075/patch_158,own,16–32,1,19314,0.000,1.000,6.6055,8.9141
ROI_075/patch_158,own,32–64,1,74133,0.000,1.000,8.3174,10.7932
ROI_075/patch_158,own,64–128,1,248086,0.000,1.000,12.1708,14.7522
ROI_075/patch_158,own,≥128,1,1749173,0.000,1.000,22.9988,28.7011
ROI_075/patch_159,nearest,0–16,1,6312,0.000,1.000,278.6121,295.2272
ROI_075/patch_159,nearest,16–32,1,18214,0.000,1.000,306.8897,316.3619
ROI_075/patch_159,nearest,32–64,1,60936,0.000,1.000,437.5209,446.3716
ROI_075/patch_159,nearest,64–128,1,132962,0.000,1.000,626.7918,646.2709
ROI_075/patch_159,nearest,≥128,1,43720,0.450,1.000,1444.0196,1488.5416
ROI_075/patch_159,own,0–16,1,6312,0.000,1.000,279.1065,295.1868
ROI_075/patch_159,own,16–32,1,18214,0.000,1.000,282.5604,290.6264
ROI_075/patch_159,own,32–64,1,65990,0.000,1.000,372.2860,377.3170
ROI_075/patch_159,own,64–128,1,225576,0.000,1.000,680.8945,699.3636
ROI_075/patch_159,own,≥128,1,1781060,0.000,1.000,554.0722,576.2360
ROI_075/patch_160,nearest,0–16,1,6245,1.000,1.000,,
ROI_075/patch_160,nearest,16–32,1,17858,1.000,1.000,,
ROI_075/patch_160,nearest,32–64,1,62387,1.000,1.000,,
ROI_075/patch_160,nearest,64–128,1,109669,0.600,1.000,188.3562,929.6069
ROI_075/patch_160,nearest,≥128,1,65985,0.350,1.000,197.8122,853.0803
ROI_075/patch_160,own,0–16,1,6245,1.000,1.000,,
ROI_075/patch_160,own,16–32,1,17858,1.000,1.000,,
ROI_075/patch_160,own,32–64,1,70241,1.000,1.000,,
ROI_075/patch_160,own,64–128,1,249401,1.000,1.000,,
ROI_075/patch_160,own,≥128,1,1753407,0.850,1.000,115.6287,632.5447
ROI_075/patch_161,nearest,0–16,1,6434,0.000,1.000,245.4269,288.3562
ROI_075/patch_161,nearest,16–32,1,18515,0.000,1.000,141.9327,167.6742
ROI_075/patch_161,nearest,32–64,1,63753,0.000,1.000,202.8825,226.9246
ROI_075/patch_161,nearest,64–128,1,110051,0.000,1.000,573.6681,658.2551
ROI_075/patch_161,nearest,≥128,1,63391,0.000,1.000,329.1074,696.8286
ROI_075/patch_161,own,0–16,1,6434,0.000,1.000,249.1325,294.8429
ROI_075/patch_161,own,16–32,1,18515,0.000,1.000,144.1211,163.5136
ROI_075/patch_161,own,32–64,1,65316,0.000,1.000,253.0286,285.2039
ROI_075/patch_161,own,64–128,1,214989,0.000,1.000,479.9333,555.1872
ROI_075/patch_161,own,≥128,1,1791898,0.000,1.000,346.8459,395.7701
ROI_075/patch_162,nearest,0–16,1,7217,0.000,1.000,12.4989,23.3465
ROI_075/patch_162,nearest,16–32,1,21576,0.000,1.000,16.2950,23.7036
ROI_075/patch_162,nearest,32–64,1,79211,0.000,1.000,10.9760,21.3304
ROI_075/patch_162,nearest,64–128,1,140636,0.000,1.000,47.5363,51.1627
ROI_075/patch_162,nearest,≥128,1,13504,0.000,1.000,259.7993,261.1456
ROI_075/patch_162,own,0–16,1,7217,0.000,1.000,13.6879,25.7494
ROI_075/patch_162,own,16–32,1,21576,0.000,1.000,11.7972,18.0403
ROI_075/patch_162,own,32–64,1,79817,0.000,1.000,11.9144,25.0943
ROI_075/patch_162,own,64–128,1,271745,0.000,1.000,17.9035,20.9953
ROI_075/patch_162,own,≥128,1,1978941,0.000,1.000,30.9971,36.1824
ROI_075/patch_163,nearest,0–16,1,7031,0.000,1.000,86.8017,390.3994
ROI_075/patch_163,nearest,16–32,1,20371,0.000,1.000,81.0174,356.0848
ROI_075/patch_163,nearest,32–64,1,70493,0.000,1.000,38.6258,276.8323
ROI_075/patch_163,nearest,64–128,1,136456,0.000,1.000,35.5490,179.1091
ROI_075/patch_163,nearest,≥128,1,27793,0.000,1.000,29.3017,138.1895
ROI_075/patch_163,own,0–16,1,7031,0.000,1.000,82.8558,389.5129
ROI_075/patch_163,own,16–32,1,20371,0.000,1.000,72.1232,355.5380
ROI_075/patch_163,own,32–64,1,74791,0.000,1.000,61.5117,298.7768
ROI_075/patch_163,own,64–128,1,266497,0.000,1.000,37.0025,216.5251
ROI_075/patch_163,own,≥128,1,1990606,0.000,1.000,30.3104,261.8359
ROI_075/patch_164,nearest,0–16,1,6431,0.000,1.000,6.1954,13.2447
ROI_075/patch_164,nearest,16–32,1,18610,0.000,1.000,6.3351,13.4068
ROI_075/patch_164,nearest,32–64,1,68416,0.000,1.000,7.6508,14.8964
ROI_075/patch_164,nearest,64–128,1,132349,0.000,1.000,19.2526,26.5225
ROI_075/patch_164,nearest,≥128,1,36338,0.000,1.000,34.1458,40.5392
ROI_075/patch_164,own,0–16,1,6431,0.000,1.000,6.2098,13.2411
ROI_075/patch_164,own,16–32,1,18610,0.000,1.000,6.5188,13.5551
ROI_075/patch_164,own,32–64,1,69848,0.000,1.000,7.6301,14.8988
ROI_075/patch_164,own,64–128,1,248820,0.000,1.000,12.9967,20.8577
ROI_075/patch_164,own,≥128,1,1753443,0.000,1.000,17.3966,24.6334
ROI_075/patch_165,nearest,0–16,1,7199,0.000,1.000,30.8006,163.8257
ROI_075/patch_165,nearest,16–32,1,20675,0.000,1.000,25.8348,154.6085
ROI_075/patch_165,nearest,32–64,1,63903,0.000,1.000,39.8406,155.5282
ROI_075/patch_165,nearest,64–128,1,111335,0.000,1.000,77.0907,427.1400
ROI_075/patch_165,nearest,≥128,1,59032,0.000,1.000,374.5511,836.1126
ROI_075/patch_165,own,0–16,1,7199,0.000,1.000,32.5595,159.6156
ROI_075/patch_165,own,16–32,1,20675,0.000,1.000,29.1262,160.7579
ROI_075/patch_165,own,32–64,1,77249,0.000,1.000,26.3755,141.8770
ROI_075/patch_165,own,64–128,1,258408,0.000,1.000,56.5956,340.5030
ROI_075/patch_165,own,≥128,1,1995765,0.000,1.000,170.9991,574.8628
ROI_075/patch_166,nearest,0–16,1,6429,0.000,1.000,17.5988,18.8371
ROI_075/patch_166,nearest,16–32,1,17914,0.000,1.000,18.3329,20.1714
ROI_075/patch_166,nearest,32–64,1,60241,0.000,1.000,30.8124,33.3592
ROI_075/patch_166,nearest,64–128,1,136408,0.000,1.000,136.1106,175.5805
ROI_075/patch_166,nearest,≥128,1,41152,0.000,1.000,908.6482,1162.9983
ROI_075/patch_166,own,0–16,1,6429,0.000,1.000,17.6105,18.8470
ROI_075/patch_166,own,16–32,1,18357,0.000,1.000,18.6909,20.6696
ROI_075/patch_166,own,32–64,1,67178,0.000,1.000,28.3075,30.6339
ROI_075/patch_166,own,64–128,1,237698,0.000,1.000,84.3323,106.2562
ROI_075/patch_166,own,≥128,1,1767490,0.000,1.000,129.9910,147.1570
ROI_075/patch_167,nearest,0–16,1,7171,0.000,1.000,52.3101,54.6788
ROI_075/patch_167,nearest,16–32,1,20392,0.000,1.000,51.7804,55.9180
ROI_075/patch_167,nearest,32–64,1,62151,0.000,1.000,66.1138,73.4080
ROI_075/patch_167,nearest,64–128,1,110979,0.000,1.000,241.1721,254.9977
ROI_075/patch_167,nearest,≥128,1,61451,0.000,1.000,732.9966,769.9742
ROI_075/patch_167,own,0–16,1,7171,0.000,1.000,52.5024,54.8778
ROI_075/patch_167,own,16–32,1,20425,0.000,1.000,52.3724,55.8454
ROI_075/patch_167,own,32–64,1,71088,0.000,1.000,59.3320,65.9515
ROI_075/patch_167,own,64–128,1,239704,0.000,1.000,175.6582,187.1099
ROI_075/patch_167,own,≥128,1,2020908,0.000,1.000,256.8859,276.3478
ROI_075/patch_168,nearest,0–16,1,6430,1.000,1.000,,
ROI_075/patch_168,nearest,16–32,1,18793,1.000,1.000,,
ROI_075/patch_168,nearest,32–64,1,58859,1.000,1.000,,
ROI_075/patch_168,nearest,64–128,1,102803,1.000,1.000,,
ROI_075/patch_168,nearest,≥128,1,75259,0.600,1.000,258.5315,595.1050
ROI_075/patch_168,own,0–16,1,6430,1.000,1.000,,
ROI_075/patch_168,own,16–32,1,19160,1.000,1.000,,
ROI_075/patch_168,own,32–64,1,73588,1.000,1.000,,
ROI_075/patch_168,own,64–128,1,261259,1.000,1.000,,
ROI_075/patch_168,own,≥128,1,1736715,1.000,1.000,,
ROI_075/patch_169,nearest,0–16,1,6265,0.000,1.000,102.2374,123.0133
ROI_075/patch_169,nearest,16–32,1,18267,0.000,1.000,109.2580,137.3213
ROI_075/patch_169,nearest,32–64,1,63977,0.000,1.000,79.3045,146.3431
ROI_075/patch_169,nearest,64–128,1,106954,0.000,1.000,359.8395,405.9673
ROI_075/patch_169,nearest,≥128,1,66681,0.000,1.000,327.7366,365.5754
ROI_075/patch_169,own,0–16,1,6265,0.000,1.000,102.4266,123.8858
ROI_075/patch_169,own,16–32,1,18331,0.000,1.000,110.3330,143.8446
ROI_075/patch_169,own,32–64,1,71472,0.000,1.000,83.1519,131.4206
ROI_075/patch_169,own,64–128,1,265107,0.000,1.000,236.3622,291.8873
ROI_075/patch_169,own,≥128,1,1735977,0.000,1.000,422.8464,467.2414
ROI_075/patch_170,nearest,0–16,1,6438,0.000,1.000,18.1603,22.1038
ROI_075/patch_170,nearest,16–32,1,18773,0.000,1.000,19.2008,24.3930
ROI_075/patch_170,nearest,32–64,1,68490,0.000,1.000,27.2649,35.3571
ROI_075/patch_170,nearest,64–128,1,128463,0.000,1.000,303.1466,320.4679
ROI_075/patch_170,nearest,≥128,1,39980,0.100,1.000,884.5156,901.2504
ROI_075/patch_170,own,0–16,1,6438,0.000,1.000,18.1653,22.0579
ROI_075/patch_170,own,16–32,1,18773,0.000,1.000,19.1553,23.8026
ROI_075/patch_170,own,32–64,1,70838,0.000,1.000,25.6318,35.0724
ROI_075/patch_170,own,64–128,1,253561,0.000,1.000,167.0007,178.3258
ROI_075/patch_170,own,≥128,1,1747542,0.000,1.000,629.2765,638.8467
ROI_075/patch_171,nearest,0–16,1,6440,0.000,1.000,27.0823,35.1176
ROI_075/patch_171,nearest,16–32,1,18873,0.000,1.000,26.2503,31.9032
ROI_075/patch_171,nearest,32–64,1,57105,0.000,1.000,92.7396,96.0591
ROI_075/patch_171,nearest,64–128,1,102804,0.550,1.000,815.6035,829.2297
ROI_075/patch_171,nearest,≥128,1,76922,1.000,1.000,,
ROI_075/patch_171,own,0–16,1,6440,0.000,1.000,26.2013,34.0206
ROI_075/patch_171,own,16–32,1,18873,0.000,1.000,23.4482,28.6153
ROI_075/patch_171,own,32–64,1,70850,0.000,1.000,60.5706,64.2097
ROI_075/patch_171,own,64–128,1,264462,0.000,1.000,285.7421,290.7305
ROI_075/patch_171,own,≥128,1,1736527,0.750,1.000,365.7060,371.4334
ROI_075/patch_172,nearest,0–16,1,6423,0.000,1.000,573.3951,878.4336
ROI_075/patch_172,nearest,16–32,1,19308,0.000,1.000,575.9579,796.6177
ROI_075/patch_172,nearest,32–64,1,71754,0.000,1.000,654.9126,847.6325
ROI_075/patch_172,nearest,64–128,1,129056,1.000,1.000,,
ROI_075/patch_172,nearest,≥128,1,35603,1.000,1.000,,
ROI_075/patch_172,own,0–16,1,6423,0.000,1.000,559.3960,863.2020
ROI_075/patch_172,own,16–32,1,19308,0.000,1.000,592.8165,832.3854
ROI_075/patch_172,own,32–64,1,74383,0.000,1.000,762.3877,946.8312
ROI_075/patch_172,own,64–128,1,249856,0.450,1.000,992.8083,1322.3570
ROI_075/patch_172,own,≥128,1,1747182,1.000,1.000,,
ROI_075/patch_173,nearest,0–16,1,7241,0.000,1.000,12.9942,14.0732
ROI_075/patch_173,nearest,16–32,1,21706,0.000,1.000,17.9577,20.8910
ROI_075/patch_173,nearest,32–64,1,73517,0.000,1.000,57.2850,62.6018
ROI_075/patch_173,nearest,64–128,1,116792,0.000,1.000,397.6013,403.0348
ROI_075/patch_173,nearest,≥128,1,42888,1.000,1.000,,
ROI_075/patch_173,own,0–16,1,7241,0.000,1.000,12.9417,14.0050
ROI_075/patch_173,own,16–32,1,21706,0.000,1.000,17.7988,21.6309
ROI_075/patch_173,own,32–64,1,82569,0.000,1.000,35.9597,43.1161
ROI_075/patch_173,own,64–128,1,284795,0.000,1.000,300.1497,304.6485
ROI_075/patch_173,own,≥128,1,1962985,0.000,1.000,642.3626,655.4149
ROI_075/patch_174,nearest,0–16,1,6184,1.000,1.000,,
ROI_075/patch_174,nearest,16–32,1,17487,1.000,1.000,,
ROI_075/patch_174,nearest,32–64,1,63414,1.000,1.000,,
ROI_075/patch_174,nearest,64–128,1,120836,1.000,1.000,,
ROI_075/patch_174,nearest,≥128,1,54223,1.000,1.000,,
ROI_075/patch_174,own,0–16,1,6184,1.000,1.000,,
ROI_075/patch_174,own,16–32,1,17487,1.000,1.000,,
ROI_075/patch_174,own,32–64,1,67711,1.000,1.000,,
ROI_075/patch_174,own,64–128,1,245083,1.000,1.000,,
ROI_075/patch_174,own,≥128,1,1760687,1.000,1.000,,
ROI_075/patch_175,nearest,0–16,1,7229,0.700,1.000,163.2699,859.8996
ROI_075/patch_175,nearest,16–32,1,21494,0.700,1.000,187.2978,826.6066
ROI_075/patch_175,nearest,32–64,1,70117,0.850,1.000,266.6084,798.2958
ROI_075/patch_175,nearest,64–128,1,112117,0.800,1.000,976.5046,1464.8098
ROI_075/patch_175,nearest,≥128,1,51187,1.000,1.000,,
ROI_075/patch_175,own,0–16,1,7229,0.600,1.000,163.6087,852.2067
ROI_075/patch_175,own,16–32,1,21494,0.700,1.000,147.6487,784.1095
ROI_075/patch_175,own,32–64,1,81160,1.000,1.000,,
ROI_075/patch_175,own,64–128,1,283658,0.750,1.000,744.1932,1279.6747
ROI_075/patch_175,own,≥128,1,1965755,0.900,1.000,2189.5345,2835.5163
ROI_075/patch_177,,,excluded,,,,,
ROI_075/patch_178,,,excluded,,,,,
ROI_075/patch_179,nearest,0–16,1,6442,1.000,1.000,,
ROI_075/patch_179,nearest,16–32,1,18313,1.000,1.000,,
ROI_075/patch_179,nearest,32–64,1,56516,1.000,1.000,,
ROI_075/patch_179,nearest,64–128,1,89920,1.000,1.000,,
ROI_075/patch_179,nearest,≥128,1,90953,1.000,1.000,,
ROI_075/patch_179,own,0–16,1,6442,1.000,1.000,,
ROI_075/patch_179,own,16–32,1,18788,1.000,1.000,,
ROI_075/patch_179,own,32–64,1,67012,1.000,1.000,,
ROI_075/patch_179,own,64–128,1,237577,0.850,1.000,1516.1502,1689.4533
ROI_075/patch_179,own,≥128,1,1767333,1.000,1.000,,
ROI_075/patch_180,,,excluded,,,,,
ROI_075/patch_181,,,excluded,,,,,
ROI_080/patch_1,nearest,0–16,1,6435,0.000,1.000,153.6008,272.4834
ROI_080/patch_1,nearest,16–32,1,19234,0.000,1.000,160.8465,274.2985
ROI_080/patch_1,nearest,32–64,1,66565,0.000,1.000,138.5383,205.1775
ROI_080/patch_1,nearest,64–128,1,131699,0.000,1.000,73.3089,91.2650
ROI_080/patch_1,nearest,≥128,1,38211,0.000,1.000,25.2862,27.9280
ROI_080/patch_1,own,0–16,1,6435,0.000,1.000,159.0762,286.8642
ROI_080/patch_1,own,16–32,1,19234,0.000,1.000,156.1272,260.3864
ROI_080/patch_1,own,32–64,1,72115,0.000,1.000,130.7538,193.4171
ROI_080/patch_1,own,64–128,1,243138,0.000,1.000,94.0550,122.7100
ROI_080/patch_1,own,≥128,1,1756230,0.000,1.000,69.6949,96.6117
ROI_080/patch_3,nearest,0–16,1,6087,0.000,1.000,12.6081,14.9916
ROI_080/patch_3,nearest,16–32,1,16426,0.000,1.000,12.9116,16.8276
ROI_080/patch_3,nearest,32–64,1,46508,0.000,1.000,13.7239,26.0040
ROI_080/patch_3,nearest,64–128,1,107414,0.000,1.000,22.4296,54.8872
ROI_080/patch_3,nearest,≥128,1,85709,0.000,1.000,69.5362,181.7251
ROI_080/patch_3,own,0–16,1,6235,0.000,1.000,12.5653,14.6746
ROI_080/patch_3,own,16–32,1,18087,0.000,1.000,13.2172,17.4842
ROI_080/patch_3,own,32–64,1,66854,0.000,1.000,14.8754,22.3880
ROI_080/patch_3,own,64–128,1,212094,0.000,1.000,20.0468,33.7274
ROI_080/patch_3,own,≥128,1,1793882,0.000,1.000,72.0816,122.5301
ROI_080/patch_4,nearest,0–16,1,6423,0.000,1.000,537.1486,780.7536
ROI_080/patch_4,nearest,16–32,1,19294,0.000,1.000,559.8462,809.1101
ROI_080/patch_4,nearest,32–64,1,60241,0.000,1.000,643.0560,898.7057
ROI_080/patch_4,nearest,64–128,1,96275,0.650,1.000,865.1936,1060.8120
ROI_080/patch_4,nearest,≥128,1,79911,0.600,1.000,1179.0682,1529.4953
ROI_080/patch_4,own,0–16,1,6423,0.000,1.000,538.8122,795.6458
ROI_080/patch_4,own,16–32,1,19294,0.000,1.000,551.9352,798.3609
ROI_080/patch_4,own,32–64,1,76829,0.000,1.000,652.6771,917.1631
ROI_080/patch_4,own,64–128,1,267602,0.150,1.000,758.8558,950.4406
ROI_080/patch_4,own,≥128,1,1727004,1.000,1.000,,
ROI_080/patch_5,nearest,0–16,1,6433,1.000,1.000,,
ROI_080/patch_5,nearest,16–32,1,19299,1.000,1.000,,
ROI_080/patch_5,nearest,32–64,1,62870,1.000,1.000,,
ROI_080/patch_5,nearest,64–128,1,85004,0.950,1.000,727.9283,840.8430
ROI_080/patch_5,nearest,≥128,1,88538,0.000,1.000,202.0933,227.7694
ROI_080/patch_5,own,0–16,1,6433,1.000,1.000,,
ROI_080/patch_5,own,16–32,1,19299,1.000,1.000,,
ROI_080/patch_5,own,32–64,1,73465,1.000,1.000,,
ROI_080/patch_5,own,64–128,1,244413,0.950,1.000,529.5144,560.2874
ROI_080/patch_5,own,≥128,1,1753542,0.450,1.000,471.9725,485.1966
ROI_080/patch_7,nearest,0–16,1,6437,0.000,1.000,4.8558,6.2309
ROI_080/patch_7,nearest,16–32,1,18673,0.000,1.000,5.6445,10.3349
ROI_080/patch_7,nearest,32–64,1,56298,0.000,1.000,7.0102,15.6306
ROI_080/patch_7,nearest,64–128,1,108180,0.000,1.000,32.2791,40.6399
ROI_080/patch_7,nearest,≥128,1,72556,0.750,1.000,348.3534,387.4667
ROI_080/patch_7,own,0–16,1,6437,0.000,1.000,4.9146,6.3200
ROI_080/patch_7,own,16–32,1,18820,0.000,1.000,5.2241,9.3882
ROI_080/patch_7,own,32–64,1,68902,0.000,1.000,6.7581,15.0217
ROI_080/patch_7,own,64–128,1,232998,0.000,1.000,32.8630,39.0435
ROI_080/patch_7,own,≥128,1,1769995,0.000,1.000,94.3861,107.3901
ROI_080/patch_8,nearest,0–16,1,6391,0.000,1.000,354.8603,478.1731
ROI_080/patch_8,nearest,16–32,1,18525,0.000,1.000,340.3308,470.0879
ROI_080/patch_8,nearest,32–64,1,61912,0.000,1.000,284.6633,390.9555
ROI_080/patch_8,nearest,64–128,1,121835,0.000,1.000,31.0222,48.8514
ROI_080/patch_8,nearest,≥128,1,53481,0.000,1.000,45.4674,49.4734
ROI_080/patch_8,own,0–16,1,6391,0.000,1.000,353.6054,478.5892
ROI_080/patch_8,own,16–32,1,18525,0.000,1.000,318.7458,441.8531
ROI_080/patch_8,own,32–64,1,67293,0.000,1.000,269.5188,376.1511
ROI_080/patch_8,own,64–128,1,228232,0.000,1.000,124.1491,183.8685
ROI_080/patch_8,own,≥128,1,1776711,0.000,1.000,91.7831,126.7403
ROI_080/patch_9,nearest,0–16,1,6407,0.000,1.000,15.6691,21.1938
ROI_080/patch_9,nearest,16–32,1,18528,0.000,1.000,15.4633,22.5651
ROI_080/patch_9,nearest,32–64,1,63514,0.000,1.000,12.5734,19.6317
ROI_080/patch_9,nearest,64–128,1,121012,0.000,1.000,25.6609,30.3295
ROI_080/patch_9,nearest,≥128,1,52683,0.000,1.000,76.2405,89.9559
ROI_080/patch_9,own,0–16,1,6407,0.000,1.000,15.6674,21.9879
ROI_080/patch_9,own,16–32,1,18528,0.000,1.000,15.4060,21.0603
ROI_080/patch_9,own,32–64,1,69468,0.000,1.000,11.8679,16.0962
ROI_080/patch_9,own,64–128,1,240324,0.000,1.000,13.9280,18.4761
ROI_080/patch_9,own,≥128,1,1762425,0.000,1.000,25.2716,30.5964
ROI_080/patch_11,nearest,0–16,1,6253,0.700,1.000,1006.5462,1562.9384
ROI_080/patch_11,nearest,16–32,1,17480,0.300,1.000,892.6650,1445.7405
ROI_080/patch_11,nearest,32–64,1,62598,0.450,1.000,722.9172,1222.2583
ROI_080/patch_11,nearest,64–128,1,126957,0.600,1.000,595.0066,932.1925
ROI_080/patch_11,nearest,≥128,1,48856,0.050,1.000,441.5652,695.1891
ROI_080/patch_11,own,0–16,1,6253,0.600,1.000,1026.7967,1589.1566
ROI_080/patch_11,own,16–32,1,18222,0.250,1.000,887.9757,1433.6917
ROI_080/patch_11,own,32–64,1,67818,0.550,1.000,714.5656,1237.1181
ROI_080/patch_11,own,64–128,1,241371,0.750,1.000,778.4845,1122.7713
ROI_080/patch_11,own,≥128,1,1763488,0.850,1.000,620.2228,976.4730
ROI_080/patch_14,nearest,0–16,1,6373,0.000,1.000,391.7196,441.3600
ROI_080/patch_14,nearest,16–32,1,17824,0.000,1.000,430.9341,503.1595
ROI_080/patch_14,nearest,32–64,1,57170,0.000,1.000,349.4622,439.1685
ROI_080/patch_14,nearest,64–128,1,103997,0.000,1.000,504.8853,582.5102
ROI_080/patch_14,nearest,≥128,1,76780,0.250,1.000,1162.9081,1202.5026
ROI_080/patch_14,own,0–16,1,6373,0.000,1.000,390.5037,439.4901
ROI_080/patch_14,own,16–32,1,17854,0.000,1.000,467.0797,549.9407
ROI_080/patch_14,own,32–64,1,66782,0.050,1.000,441.8527,543.5591
ROI_080/patch_14,own,64–128,1,252964,0.000,1.000,403.4931,540.6096
ROI_080/patch_14,own,≥128,1,1753179,0.000,1.000,361.0960,447.7919
ROI_080/patch_18,nearest,0–16,1,6426,0.000,1.000,191.3667,580.1470
ROI_080/patch_18,nearest,16–32,1,18493,0.000,1.000,186.9113,614.0025
ROI_080/patch_18,nearest,32–64,1,59062,0.000,1.000,145.0465,638.3296
ROI_080/patch_18,nearest,64–128,1,130004,0.000,1.000,50.6137,418.1041
ROI_080/patch_18,nearest,≥128,1,48159,0.000,1.000,62.7723,450.4434
ROI_080/patch_18,own,0–16,1,6426,0.000,1.000,188.3598,574.3743
ROI_080/patch_18,own,16–32,1,18775,0.000,1.000,190.3166,616.4829
ROI_080/patch_18,own,32–64,1,70706,0.000,1.000,159.4924,642.4999
ROI_080/patch_18,own,64–128,1,230512,0.000,1.000,48.8179,388.3996
ROI_080/patch_18,own,≥128,1,1770733,0.000,1.000,76.3346,541.2296
ROI_080/patch_19,nearest,0–16,1,7240,0.000,1.000,10.5127,18.4961
ROI_080/patch_19,nearest,16–32,1,21629,0.000,1.000,11.3990,27.3757
ROI_080/patch_19,nearest,32–64,1,77589,0.000,1.000,19.9560,62.1492
ROI_080/patch_19,nearest,64–128,1,105168,0.000,1.000,24.0724,49.4403
ROI_080/patch_19,nearest,≥128,1,50518,0.000,1.000,60.2111,91.0503
ROI_080/patch_19,own,0–16,1,7240,0.000,1.000,11.2320,19.3804
ROI_080/patch_19,own,16–32,1,21629,0.000,1.000,11.2229,29.0573
ROI_080/patch_19,own,32–64,1,82920,0.000,1.000,15.8678,37.5257
ROI_080/patch_19,own,64–128,1,291570,0.000,1.000,39.9667,95.3087
ROI_080/patch_19,own,≥128,1,1955937,0.000,1.000,47.1867,62.1756
ROI_080/patch_22,nearest,0–16,1,6436,0.000,1.000,7.3106,168.1884
ROI_080/patch_22,nearest,16–32,1,18261,0.000,1.000,7.2514,177.4642
ROI_080/patch_22,nearest,32–64,1,58578,0.000,1.000,9.9342,143.0683
ROI_080/patch_22,nearest,64–128,1,114448,0.000,1.000,12.5382,125.3941
ROI_080/patch_22,nearest,≥128,1,64421,0.000,1.000,55.8245,398.5847
ROI_080/patch_22,own,0–16,1,6436,0.000,1.000,7.0894,171.9010
ROI_080/patch_22,own,16–32,1,19126,0.000,1.000,7.3398,171.4578
ROI_080/patch_22,own,32–64,1,71640,0.000,1.000,10.5122,144.9969
ROI_080/patch_22,own,64–128,1,234997,0.000,1.000,15.6632,103.7141
ROI_080/patch_22,own,≥128,1,1764953,0.000,1.000,13.8894,153.6013
ROI_080/patch_24,nearest,0–16,1,6440,0.000,1.000,182.4333,191.7653
ROI_080/patch_24,nearest,16–32,1,18855,0.000,1.000,169.3604,185.5215
ROI_080/patch_24,nearest,32–64,1,63184,0.000,1.000,120.8314,185.0792
ROI_080/patch_24,nearest,64–128,1,96103,0.050,1.000,372.5927,860.2679
ROI_080/patch_24,nearest,≥128,1,77562,1.000,1.000,,
ROI_080/patch_24,own,0–16,1,6440,0.000,1.000,184.6976,195.3513
ROI_080/patch_24,own,16–32,1,18855,0.000,1.000,162.3164,178.5513
ROI_080/patch_24,own,32–64,1,66782,0.000,1.000,106.0984,155.7060
ROI_080/patch_24,own,64–128,1,228228,0.000,1.000,172.8365,466.7416
ROI_080/patch_24,own,≥128,1,1776847,0.000,1.000,497.5849,963.9213
ROI_080/patch_25,nearest,0–16,1,6444,1.000,1.000,,
ROI_080/patch_25,nearest,16–32,1,17769,0.600,1.000,419.6691,547.2136
ROI_080/patch_25,nearest,32–64,1,55405,0.050,1.000,394.2623,450.9469
ROI_080/patch_25,nearest,64–128,1,130031,0.000,1.000,221.2192,256.0030
ROI_080/patch_25,nearest,≥128,1,52495,0.000,1.000,86.6444,165.9625
ROI_080/patch_25,own,0–16,1,6444,1.000,1.000,,
ROI_080/patch_25,own,16–32,1,17936,0.900,1.000,432.7539,595.8108
ROI_080/patch_25,own,32–64,1,60746,0.100,1.000,410.4457,473.7156
ROI_080/patch_25,own,64–128,1,201722,0.000,1.000,255.1485,291.1722
ROI_080/patch_25,own,≥128,1,1810304,0.000,1.000,244.2746,316.4281
ROI_080/patch_28,nearest,0–16,1,6431,0.000,1.000,553.8735,698.0321
ROI_080/patch_28,nearest,16–32,1,19109,0.000,1.000,531.7656,689.0534
ROI_080/patch_28,nearest,32–64,1,49954,0.000,1.000,383.6419,616.1233
ROI_080/patch_28,nearest,64–128,1,107049,0.000,1.000,422.6375,639.7653
ROI_080/patch_28,nearest,≥128,1,79601,1.000,1.000,,
ROI_080/patch_28,own,0–16,1,6431,0.000,1.000,571.1827,722.4103
ROI_080/patch_28,own,16–32,1,19153,0.000,1.000,524.6930,669.3559
ROI_080/patch_28,own,32–64,1,70907,0.000,1.000,348.9271,511.4321
ROI_080/patch_28,own,64–128,1,214898,0.000,1.000,357.5480,606.1479
ROI_080/patch_28,own,≥128,1,1785763,0.750,1.000,495.2900,758.7189
ROI_080/patch_29,nearest,0–16,1,6431,0.000,1.000,265.0903,332.5657
ROI_080/patch_29,nearest,16–32,1,18715,0.000,1.000,208.6468,258.6706
ROI_080/patch_29,nearest,32–64,1,68484,0.000,1.000,158.7520,202.0752
ROI_080/patch_29,nearest,64–128,1,125357,0.000,1.000,264.2629,303.5166
ROI_080/patch_29,nearest,≥128,1,43157,0.000,1.000,524.6284,550.3633
ROI_080/patch_29,own,0–16,1,6431,0.000,1.000,246.8702,308.5991
ROI_080/patch_29,own,16–32,1,18715,0.000,1.000,210.0989,263.3850
ROI_080/patch_29,own,32–64,1,70352,0.000,1.000,138.4611,181.4713
ROI_080/patch_29,own,64–128,1,245322,0.000,1.000,211.4004,248.8078
ROI_080/patch_29,own,≥128,1,1756332,0.000,1.000,304.5648,341.9347
ROI_080/patch_30,nearest,0–16,1,6276,0.000,1.000,19.5102,20.1729
ROI_080/patch_30,nearest,16–32,1,17934,0.000,1.000,25.6638,26.8801
ROI_080/patch_30,nearest,32–64,1,66486,0.000,1.000,44.1490,47.0418
ROI_080/patch_30,nearest,64–128,1,123572,0.000,1.000,127.3804,132.2504
ROI_080/patch_30,nearest,≥128,1,47876,0.000,1.000,618.3051,648.0438
ROI_080/patch_30,own,0–16,1,6276,0.000,1.000,19.6111,20.2857
ROI_080/patch_30,own,16–32,1,17934,0.000,1.000,28.0146,29.1464
ROI_080/patch_30,own,32–64,1,69080,0.000,1.000,46.3583,49.6583
ROI_080/patch_30,own,64–128,1,257497,0.000,1.000,64.3511,67.4674
ROI_080/patch_30,own,≥128,1,1746365,0.000,1.000,128.7830,132.9146
ROI_080/patch_32,nearest,0–16,1,6436,0.000,1.000,321.1767,418.6106
ROI_080/patch_32,nearest,16–32,1,19162,0.000,1.000,262.6738,394.6799
ROI_080/patch_32,nearest,32–64,1,68340,0.000,1.000,210.8791,356.3254
ROI_080/patch_32,nearest,64–128,1,102570,0.000,1.000,143.1782,173.1554
ROI_080/patch_32,nearest,≥128,1,65636,0.000,1.000,87.7554,157.3312
ROI_080/patch_32,own,0–16,1,6436,0.000,1.000,315.6178,414.0784
ROI_080/patch_32,own,16–32,1,19162,0.000,1.000,256.7450,381.5605
ROI_080/patch_32,own,32–64,1,71552,0.000,1.000,240.3968,430.6850
ROI_080/patch_32,own,64–128,1,271798,0.000,1.000,205.0271,315.9398
ROI_080/patch_32,own,≥128,1,1728204,0.000,1.000,130.2333,172.5938
ROI_080/patch_33,nearest,0–16,1,8037,0.000,1.000,17.6190,21.6384
ROI_080/patch_33,nearest,16–32,1,23619,0.000,1.000,17.5066,21.4393
ROI_080/patch_33,nearest,32–64,1,77969,0.000,1.000,22.3975,27.0763
ROI_080/patch_33,nearest,64–128,1,103707,0.000,1.000,137.3646,146.2545
ROI_080/patch_33,nearest,≥128,1,48812,0.000,1.000,264.5382,281.7634
ROI_080/patch_33,own,0–16,1,8037,0.000,1.000,17.4521,21.5438
ROI_080/patch_33,own,16–32,1,23619,0.000,1.000,17.5644,21.6515
ROI_080/patch_33,own,32–64,1,83999,0.000,1.000,20.5929,25.5614
ROI_080/patch_33,own,64–128,1,293976,0.000,1.000,43.7208,56.0590
ROI_080/patch_33,own,≥128,1,2211809,0.000,1.000,50.2442,69.0794
ROI_080/patch_34,nearest,0–16,1,6971,1.000,1.000,,
ROI_080/patch_34,nearest,16–32,1,19561,1.000,1.000,,
ROI_080/patch_34,nearest,32–64,1,64251,1.000,1.000,,
ROI_080/patch_34,nearest,64–128,1,117108,1.000,1.000,,
ROI_080/patch_34,nearest,≥128,1,54253,1.000,1.000,,
ROI_080/patch_34,own,0–16,1,6971,1.000,1.000,,
ROI_080/patch_34,own,16–32,1,20663,1.000,1.000,,
ROI_080/patch_34,own,32–64,1,81649,1.000,1.000,,
ROI_080/patch_34,own,64–128,1,277161,1.000,1.000,,
ROI_080/patch_34,own,≥128,1,1972852,1.000,1.000,,
ROI_080/patch_35,nearest,0–16,1,6428,0.000,1.000,36.1956,123.3488
ROI_080/patch_35,nearest,16–32,1,18118,0.000,1.000,50.1726,176.9901
ROI_080/patch_35,nearest,32–64,1,53037,0.000,1.000,133.6134,254.3715
ROI_080/patch_35,nearest,64–128,1,113857,0.000,1.000,284.5019,430.3929
ROI_080/patch_35,nearest,≥128,1,70704,0.000,1.000,362.6308,689.3698
ROI_080/patch_35,own,0–16,1,6428,0.000,1.000,38.8050,130.7413
ROI_080/patch_35,own,16–32,1,18330,0.000,1.000,59.9526,197.3683
ROI_080/patch_35,own,32–64,1,63585,0.000,1.000,123.2707,259.7052
ROI_080/patch_35,own,64–128,1,211317,0.000,1.000,263.2564,429.0596
ROI_080/patch_35,own,≥128,1,1797492,0.000,1.000,278.7774,461.7427
ROI_080/patch_38,nearest,0–16,1,6437,0.000,1.000,9.0457,10.5691
ROI_080/patch_38,nearest,16–32,1,18405,0.000,1.000,11.0373,12.9601
ROI_080/patch_38,nearest,32–64,1,65319,0.000,1.000,13.5417,15.5885
ROI_080/patch_38,nearest,64–128,1,107041,0.000,1.000,22.9597,24.3977
ROI_080/patch_38,nearest,≥128,1,64942,0.000,1.000,166.0103,167.2338
ROI_080/patch_38,own,0–16,1,6437,0.000,1.000,9.0308,10.5609
ROI_080/patch_38,own,16–32,1,19254,0.000,1.000,10.8720,12.6001
ROI_080/patch_38,own,32–64,1,74421,0.000,1.000,12.3854,14.1960
ROI_080/patch_38,own,64–128,1,284200,0.000,1.000,17.5737,19.0276
ROI_080/patch_38,own,≥128,1,1712840,0.000,1.000,38.7883,40.2084
ROI_080/patch_39,nearest,0–16,1,6440,0.100,1.000,807.7835,1082.4790
ROI_080/patch_39,nearest,16–32,1,17975,0.500,1.000,789.0220,1016.0505
ROI_080/patch_39,nearest,32–64,1,52515,0.000,1.000,505.7691,681.0227
ROI_080/patch_39,nearest,64–128,1,92216,0.000,1.000,213.6945,278.1679
ROI_080/patch_39,nearest,≥128,1,92998,0.700,1.000,359.3638,547.6078
ROI_080/patch_39,own,0–16,1,6440,0.050,1.000,797.6119,1063.7956
ROI_080/patch_39,own,16–32,1,18827,0.400,1.000,811.5890,1048.4687
ROI_080/patch_39,own,32–64,1,63795,0.000,1.000,585.8322,775.0642
ROI_080/patch_39,own,64–128,1,220443,0.000,1.000,413.2542,519.0604
ROI_080/patch_39,own,≥128,1,1787647,0.200,1.000,277.4902,356.1088
ROI_080/patch_44,nearest,0–16,1,6424,0.000,1.000,14.5827,15.2167
ROI_080/patch_44,nearest,16–32,1,18972,0.000,1.000,16.3567,17.3146
ROI_080/patch_44,nearest,32–64,1,63087,0.000,1.000,30.0224,34.4382
ROI_080/patch_44,nearest,64–128,1,113610,0.000,1.000,68.1202,73.9059
ROI_080/patch_44,nearest,≥128,1,60051,0.000,1.000,328.2024,435.8757
ROI_080/patch_44,own,0–16,1,6424,0.000,1.000,14.6437,15.2634
ROI_080/patch_44,own,16–32,1,18972,0.000,1.000,16.1728,16.9750
ROI_080/patch_44,own,32–64,1,73785,0.000,1.000,26.6262,31.2218
ROI_080/patch_44,own,64–128,1,264892,0.000,1.000,46.5145,53.1722
ROI_080/patch_44,own,≥128,1,1733079,0.000,1.000,107.8516,132.9893
ROI_080/patch_45,nearest,0–16,1,5947,0.000,1.000,21.5481,31.2616
ROI_080/patch_45,nearest,16–32,1,16224,0.000,1.000,32.3383,39.5836
ROI_080/patch_45,nearest,32–64,1,52980,0.000,1.000,44.1034,48.7761
ROI_080/patch_45,nearest,64–128,1,105048,0.000,1.000,117.7915,132.6358
ROI_080/patch_45,nearest,≥128,1,81945,0.000,1.000,280.5665,329.2168
ROI_080/patch_45,own,0–16,1,5947,0.000,1.000,20.5273,30.8290
ROI_080/patch_45,own,16–32,1,16826,0.000,1.000,29.9177,38.8116
ROI_080/patch_45,own,32–64,1,64043,0.000,1.000,46.1690,50.3730
ROI_080/patch_45,own,64–128,1,221078,0.000,1.000,97.8747,106.2455
ROI_080/patch_45,own,≥128,1,1789258,0.000,1.000,170.6710,190.6160
ROI_080/patch_46,nearest,0–16,1,6265,0.000,1.000,394.8097,790.6754
ROI_080/patch_46,nearest,16–32,1,17408,0.000,1.000,417.4071,781.7043
ROI_080/patch_46,nearest,32–64,1,56111,0.000,1.000,294.9352,701.8726
ROI_080/patch_46,nearest,64–128,1,116613,0.000,1.000,619.5925,927.9399
ROI_080/patch_46,nearest,≥128,1,65747,0.000,1.000,1240.7425,1326.4164
ROI_080/patch_46,own,0–16,1,6265,0.000,1.000,403.0807,809.3012
ROI_080/patch_46,own,16–32,1,17408,0.000,1.000,407.5433,768.0837
ROI_080/patch_46,own,32–64,1,63101,0.000,1.000,315.4862,732.7358
ROI_080/patch_46,own,64–128,1,223742,0.000,1.000,696.3304,1223.3952
ROI_080/patch_46,own,≥128,1,1786636,0.000,1.000,909.3870,966.1933
ROI_080/patch_48,nearest,0–16,1,6427,0.000,1.000,32.0602,131.9318
ROI_080/patch_48,nearest,16–32,1,19309,0.000,1.000,25.4895,115.1751
ROI_080/patch_48,nearest,32–64,1,66593,0.000,1.000,21.6915,186.5246
ROI_080/patch_48,nearest,64–128,1,119062,0.000,1.000,23.4725,156.5349
ROI_080/patch_48,nearest,≥128,1,50753,0.000,1.000,142.8907,226.7952
ROI_080/patch_48,own,0–16,1,6427,0.000,1.000,32.0619,132.1054
ROI_080/patch_48,own,16–32,1,19309,0.000,1.000,25.8817,120.9697
ROI_080/patch_48,own,32–64,1,74060,0.000,1.000,21.0531,149.8898
ROI_080/patch_48,own,64–128,1,255616,0.000,1.000,21.9917,94.1605
ROI_080/patch_48,own,≥128,1,1741740,0.000,1.000,62.0026,229.3631
ROI_080/patch_50,nearest,0–16,1,6717,0.000,1.000,50.8867,51.8256
ROI_080/patch_50,nearest,16–32,1,17606,0.000,1.000,51.5530,52.4155
ROI_080/patch_50,nearest,32–64,1,48960,0.000,1.000,57.7783,58.8279
ROI_080/patch_50,nearest,64–128,1,94623,0.000,1.000,91.8321,93.6345
ROI_080/patch_50,nearest,≥128,1,94238,0.000,1.000,142.0909,150.0065
ROI_080/patch_50,own,0–16,1,6717,0.000,1.000,51.1933,52.1615
ROI_080/patch_50,own,16–32,1,18487,0.000,1.000,51.4836,52.3019
ROI_080/patch_50,own,32–64,1,70444,0.000,1.000,55.5136,56.4406
ROI_080/patch_50,own,64–128,1,251238,0.000,1.000,86.4768,87.8625
ROI_080/patch_50,own,≥128,1,2012410,0.000,1.000,117.1529,127.9085
ROI_080/patch_51,nearest,0–16,1,6201,0.000,1.000,40.4768,52.3075
ROI_080/patch_51,nearest,16–32,1,18222,0.000,1.000,46.5851,57.8818
ROI_080/patch_51,nearest,32–64,1,66825,0.000,1.000,58.7287,65.1109
ROI_080/patch_51,nearest,64–128,1,135791,0.000,1.000,99.5073,102.2760
ROI_080/patch_51,nearest,≥128,1,35105,0.000,1.000,271.1629,273.2996
ROI_080/patch_51,own,0–16,1,6201,0.000,1.000,38.7190,50.4053
ROI_080/patch_51,own,16–32,1,18222,0.000,1.000,42.5979,53.1145
ROI_080/patch_51,own,32–64,1,69325,0.000,1.000,56.5356,62.6894
ROI_080/patch_51,own,64–128,1,236003,0.000,1.000,51.5660,53.7195
ROI_080/patch_51,own,≥128,1,1767401,0.000,1.000,68.9507,72.4392
ROI_080/patch_52,nearest,0–16,1,6438,0.000,1.000,2.9017,3.9716
ROI_080/patch_52,nearest,16–32,1,19290,0.000,1.000,3.1838,4.2841
ROI_080/patch_52,nearest,32–64,1,65852,0.000,1.000,4.1650,5.5163
ROI_080/patch_52,nearest,64–128,1,137412,0.000,1.000,10.0870,14.2659
ROI_080/patch_52,nearest,≥128,1,33152,0.000,1.000,46.7668,72.7784
ROI_080/patch_52,own,0–16,1,6438,0.000,1.000,2.9093,3.9960
ROI_080/patch_52,own,16–32,1,19290,0.000,1.000,3.2660,4.3689
ROI_080/patch_52,own,32–64,1,69479,0.000,1.000,3.4876,4.7794
ROI_080/patch_52,own,64–128,1,241011,0.000,1.000,14.5097,17.1293
ROI_080/patch_52,own,≥128,1,1760934,0.000,1.000,13.0473,17.1287
ROI_080/patch_53,nearest,0–16,1,6293,0.000,1.000,21.9049,51.2044
ROI_080/patch_53,nearest,16–32,1,18404,0.000,1.000,15.9973,56.4897
ROI_080/patch_53,nearest,32–64,1,65382,0.000,1.000,13.2375,75.5190
ROI_080/patch_53,nearest,64–128,1,115979,0.000,1.000,13.0222,45.7346
ROI_080/patch_53,nearest,≥128,1,56086,0.000,1.000,24.0373,26.7087
ROI_080/patch_53,own,0–16,1,6293,0.000,1.000,21.8082,52.6590
ROI_080/patch_53,own,16–32,1,18404,0.000,1.000,16.4541,57.4199
ROI_080/patch_53,own,32–64,1,71249,0.000,1.000,13.2235,76.7415
ROI_080/patch_53,own,64–128,1,223921,0.000,1.000,11.7248,57.3398
ROI_080/patch_53,own,≥128,1,1777285,0.000,1.000,17.2205,40.8984
ROI_080/patch_54,nearest,0–16,1,6439,0.000,1.000,12.9959,13.8340
ROI_080/patch_54,nearest,16–32,1,18915,0.000,1.000,12.2099,13.5919
ROI_080/patch_54,nearest,32–64,1,58550,0.000,1.000,16.1158,18.9385
ROI_080/patch_54,nearest,64–128,1,86281,0.000,1.000,41.4395,48.3264
ROI_080/patch_54,nearest,≥128,1,91959,0.150,1.000,223.3627,431.2667
ROI_080/patch_54,own,0–16,1,6439,0.000,1.000,12.9134,13.7516
ROI_080/patch_54,own,16–32,1,19291,0.000,1.000,11.9885,13.2189
ROI_080/patch_54,own,32–64,1,73009,0.000,1.000,17.4968,20.2318
ROI_080/patch_54,own,64–128,1,248324,0.000,1.000,27.6791,32.0400
ROI_080/patch_54,own,≥128,1,1750089,0.000,1.000,22.3627,32.1829
ROI_080/patch_55,nearest,0–16,1,6189,0.000,1.000,9.0589,9.9329
ROI_080/patch_55,nearest,16–32,1,17526,0.000,1.000,9.1912,10.2746
ROI_080/patch_55,nearest,32–64,1,65700,0.000,1.000,10.4555,12.6015
ROI_080/patch_55,nearest,64–128,1,133296,0.000,1.000,12.0310,19.7693
ROI_080/patch_55,nearest,≥128,1,39433,0.000,1.000,53.8532,102.5238
ROI_080/patch_55,own,0–16,1,6189,0.000,1.000,9.0350,9.9158
ROI_080/patch_55,own,16–32,1,17526,0.000,1.000,9.3429,10.4367
ROI_080/patch_55,own,32–64,1,65770,0.000,1.000,10.4578,12.2156
ROI_080/patch_55,own,64–128,1,230010,0.000,1.000,10.3919,14.3259
ROI_080/patch_55,own,≥128,1,1777657,0.000,1.000,16.9921,20.5440
ROI_080/patch_57,nearest,0–16,1,6445,0.000,1.000,6.3796,9.1447
ROI_080/patch_57,nearest,16–32,1,18536,0.000,1.000,6.8688,10.2563
ROI_080/patch_57,nearest,32–64,1,65265,0.000,1.000,9.2152,12.3839
ROI_080/patch_57,nearest,64–128,1,110832,0.000,1.000,64.8982,68.9249
ROI_080/patch_57,nearest,≥128,1,61066,0.000,1.000,530.6852,551.0778
ROI_080/patch_57,own,0–16,1,6445,0.000,1.000,6.3956,9.1514
ROI_080/patch_57,own,16–32,1,18536,0.000,1.000,6.8057,10.5938
ROI_080/patch_57,own,32–64,1,67795,0.000,1.000,11.1228,15.2954
ROI_080/patch_57,own,64–128,1,235409,0.000,1.000,41.7328,44.9884
ROI_080/patch_57,own,≥128,1,1768967,0.000,1.000,43.6473,51.4087
ROI_080/patch_58,nearest,0–16,1,6427,0.000,1.000,374.5737,431.1706
ROI_080/patch_58,nearest,16–32,1,18735,0.000,1.000,365.3670,425.6769
ROI_080/patch_58,nearest,32–64,1,64705,0.000,1.000,398.0039,442.2859
ROI_080/patch_58,nearest,64–128,1,103127,0.000,1.000,213.8997,235.9083
ROI_080/patch_58,nearest,≥128,1,69150,0.000,1.000,78.6271,103.7191
ROI_080/patch_58,own,0–16,1,6427,0.000,1.000,366.9031,422.3870
ROI_080/patch_58,own,16–32,1,18735,0.000,1.000,388.5576,445.6337
ROI_080/patch_58,own,32–64,1,67976,0.000,1.000,419.6903,476.6530
ROI_080/patch_58,own,64–128,1,236793,0.000,1.000,328.7583,366.0491
ROI_080/patch_58,own,≥128,1,1767221,0.000,1.000,159.1075,191.2027
ROI_080/patch_59,nearest,0–16,1,5726,0.000,1.000,14.7729,21.8290
ROI_080/patch_59,nearest,16–32,1,16216,0.000,1.000,13.9552,19.6400
ROI_080/patch_59,nearest,32–64,1,51353,0.000,1.000,16.5808,22.9924
ROI_080/patch_59,nearest,64–128,1,87616,0.000,1.000,90.6955,105.9264
ROI_080/patch_59,nearest,≥128,1,101233,0.000,1.000,73.7875,315.9550
ROI_080/patch_59,own,0–16,1,5726,0.000,1.000,14.8141,22.0160
ROI_080/patch_59,own,16–32,1,16216,0.000,1.000,14.4021,20.8401
ROI_080/patch_59,own,32–64,1,60913,0.000,1.000,16.6592,21.6226
ROI_080/patch_59,own,64–128,1,197214,0.000,1.000,32.6740,40.5708
ROI_080/patch_59,own,≥128,1,1817083,0.000,1.000,63.1755,88.2533
ROI_080/patch_61,nearest,0–16,1,6070,1.000,1.000,,
ROI_080/patch_61,nearest,16–32,1,17256,1.000,1.000,,
ROI_080/patch_61,nearest,32–64,1,53572,1.000,1.000,,
ROI_080/patch_61,nearest,64–128,1,108403,1.000,1.000,,
ROI_080/patch_61,nearest,≥128,1,76843,0.000,1.000,1178.6893,1500.7262
ROI_080/patch_61,own,0–16,1,6070,1.000,1.000,,
ROI_080/patch_61,own,16–32,1,17615,1.000,1.000,,
ROI_080/patch_61,own,32–64,1,62806,1.000,1.000,,
ROI_080/patch_61,own,64–128,1,224147,1.000,1.000,,
ROI_080/patch_61,own,≥128,1,1786514,0.950,1.000,1308.3647,1511.3818
ROI_080/patch_63,nearest,0–16,1,6430,0.000,1.000,1083.8783,1126.2066
ROI_080/patch_63,nearest,16–32,1,17820,0.000,1.000,1198.6077,1235.3761
ROI_080/patch_63,nearest,32–64,1,60317,0.000,1.000,1228.3905,1267.4049
ROI_080/patch_63,nearest,64–128,1,131391,0.000,1.000,1186.5941,1237.1830
ROI_080/patch_63,nearest,≥128,1,46186,0.000,1.000,1370.2972,1389.2891
ROI_080/patch_63,own,0–16,1,6430,0.000,1.000,1078.5276,1127.5412
ROI_080/patch_63,own,16–32,1,18582,0.000,1.000,1223.7338,1265.0937
ROI_080/patch_63,own,32–64,1,68133,0.000,1.000,1236.0368,1286.7029
ROI_080/patch_63,own,64–128,1,227846,0.050,1.000,1064.4968,1097.0512
ROI_080/patch_63,own,≥128,1,1776161,0.100,1.000,1486.6884,1505.5017
ROI_080/patch_65,nearest,0–16,1,6440,0.000,1.000,35.4914,41.7202
ROI_080/patch_65,nearest,16–32,1,18751,0.000,1.000,43.4919,49.2832
ROI_080/patch_65,nearest,32–64,1,65477,0.000,1.000,48.3624,53.5793
ROI_080/patch_65,nearest,64–128,1,114138,0.000,1.000,55.3899,62.4064
ROI_080/patch_65,nearest,≥128,1,57338,0.000,1.000,193.8407,203.3412
ROI_080/patch_65,own,0–16,1,6440,0.000,1.000,39.7363,46.0623
ROI_080/patch_65,own,16–32,1,18751,0.000,1.000,41.9767,47.7335
ROI_080/patch_65,own,32–64,1,68172,0.000,1.000,52.4477,57.9549
ROI_080/patch_65,own,64–128,1,220115,0.000,1.000,61.4348,68.1035
ROI_080/patch_65,own,≥128,1,1783674,0.000,1.000,84.9005,91.9187
ROI_080/patch_67,nearest,0–16,1,6436,0.000,1.000,14.8656,41.4873
ROI_080/patch_67,nearest,16–32,1,19225,0.000,1.000,16.6255,45.6639
ROI_080/patch_67,nearest,32–64,1,70201,0.000,1.000,39.6454,98.8832
ROI_080/patch_67,nearest,64–128,1,123794,0.000,1.000,74.5046,273.8761
ROI_080/patch_67,nearest,≥128,1,42488,0.150,1.000,357.1878,879.6582
ROI_080/patch_67,own,0–16,1,6436,0.000,1.000,14.8161,41.3844
ROI_080/patch_67,own,16–32,1,19291,0.000,1.000,16.7525,48.6260
ROI_080/patch_67,own,32–64,1,75639,0.000,1.000,43.2193,93.5156
ROI_080/patch_67,own,64–128,1,261419,0.000,1.000,48.4600,185.7101
ROI_080/patch_67,own,≥128,1,1734367,0.000,1.000,114.1777,309.8060
ROI_080/patch_69,nearest,0–16,1,6334,0.000,1.000,242.2960,243.3063
ROI_080/patch_69,nearest,16–32,1,18438,0.000,1.000,259.5060,261.6016
ROI_080/patch_69,nearest,32–64,1,63967,0.000,1.000,191.8580,195.5963
ROI_080/patch_69,nearest,64–128,1,141384,0.100,1.000,623.3743,627.7771
ROI_080/patch_69,nearest,≥128,1,32021,1.000,1.000,,
ROI_080/patch_69,own,0–16,1,6334,0.000,1.000,244.6001,245.5863
ROI_080/patch_69,own,16–32,1,18438,0.000,1.000,252.8195,254.6640
ROI_080/patch_69,own,32–64,1,65698,0.000,1.000,142.5937,146.0240
ROI_080/patch_69,own,64–128,1,209157,0.000,1.000,418.1174,421.0404
ROI_080/patch_69,own,≥128,1,1797525,0.000,1.000,426.3093,428.5650
ROI_080/patch_70,nearest,0–16,1,6128,0.000,1.000,50.6240,52.0203
ROI_080/patch_70,nearest,16–32,1,16871,0.000,1.000,40.3647,42.5161
ROI_080/patch_70,nearest,32–64,1,62586,0.000,1.000,102.7845,108.2464
ROI_080/patch_70,nearest,64–128,1,109631,0.000,1.000,218.0959,230.5432
ROI_080/patch_70,nearest,≥128,1,66928,0.000,1.000,786.2812,794.9702
ROI_080/patch_70,own,0–16,1,6128,0.000,1.000,48.2918,49.6428
ROI_080/patch_70,own,16–32,1,16871,0.000,1.000,44.3948,46.3931
ROI_080/patch_70,own,32–64,1,64056,0.000,1.000,135.1641,140.4528
ROI_080/patch_70,own,64–128,1,226426,0.000,1.000,160.1940,170.2743
ROI_080/patch_70,own,≥128,1,1783671,0.000,1.000,210.8285,220.1271
ROI_080/patch_71,nearest,0–16,1,6416,0.000,1.000,3.6529,6.0875
ROI_080/patch_71,nearest,16–32,1,18580,0.000,1.000,4.2521,6.9899
ROI_080/patch_71,nearest,32–64,1,66841,0.000,1.000,5.8475,9.0316
ROI_080/patch_71,nearest,64–128,1,138927,0.000,1.000,14.7577,18.4395
ROI_080/patch_71,nearest,≥128,1,31380,0.000,1.000,21.4383,23.0087
ROI_080/patch_71,own,0–16,1,6416,0.000,1.000,3.5999,6.0126
ROI_080/patch_71,own,16–32,1,18580,0.000,1.000,4.3684,7.1216
ROI_080/patch_71,own,32–64,1,69565,0.000,1.000,5.7560,9.1825
ROI_080/patch_71,own,64–128,1,231988,0.000,1.000,13.0250,17.8849
ROI_080/patch_71,own,≥128,1,1770603,0.000,1.000,10.3600,12.7754
ROI_080/patch_72,nearest,0–16,1,6113,0.000,1.000,17.5476,19.8641
ROI_080/patch_72,nearest,16–32,1,17371,0.000,1.000,17.6134,19.9493
ROI_080/patch_72,nearest,32–64,1,56412,0.000,1.000,17.8979,20.4650
ROI_080/patch_72,nearest,64–128,1,120493,0.000,1.000,28.9809,32.2965
ROI_080/patch_72,nearest,≥128,1,61755,0.000,1.000,62.9940,66.1395
ROI_080/patch_72,own,0–16,1,6113,0.000,1.000,17.5614,19.8970
ROI_080/patch_72,own,16–32,1,17371,0.000,1.000,17.5355,19.9330
ROI_080/patch_72,own,32–64,1,62790,0.000,1.000,17.7287,20.2795
ROI_080/patch_72,own,64–128,1,202884,0.000,1.000,28.1841,31.3167
ROI_080/patch_72,own,≥128,1,1807994,0.000,1.000,33.6750,36.8660
ROI_080/patch_73,nearest,0–16,1,6427,0.000,1.000,7.3739,26.6423
ROI_080/patch_73,nearest,16–32,1,18110,0.000,1.000,9.1179,28.7291
ROI_080/patch_73,nearest,32–64,1,61178,0.000,1.000,17.5389,52.2992
ROI_080/patch_73,nearest,64–128,1,126990,0.000,1.000,9.6313,54.3248
ROI_080/patch_73,nearest,≥128,1,49439,0.000,1.000,12.2244,30.7684
ROI_080/patch_73,own,0–16,1,6427,0.000,1.000,8.1880,26.1031
ROI_080/patch_73,own,16–32,1,18110,0.000,1.000,9.5600,31.1330
ROI_080/patch_73,own,32–64,1,62065,0.000,1.000,18.7538,48.7690
ROI_080/patch_73,own,64–128,1,207115,0.000,1.000,17.5181,62.3840
ROI_080/patch_73,own,≥128,1,1803435,0.000,1.000,12.4616,47.2075
ROI_080/patch_74,nearest,0–16,1,6439,0.050,1.000,2147.0012,4647.8604
ROI_080/patch_74,nearest,16–32,1,19316,0.300,1.000,1687.1770,3841.9955
ROI_080/patch_74,nearest,32–64,1,70350,0.650,1.000,943.2295,2730.8024
ROI_080/patch_74,nearest,64–128,1,117828,0.200,1.000,356.7365,1488.2460
ROI_080/patch_74,nearest,≥128,1,48211,0.000,1.000,372.0693,685.9927
ROI_080/patch_74,own,0–16,1,6439,0.200,1.000,2102.2222,4568.2057
ROI_080/patch_74,own,16–32,1,19316,0.300,1.000,1781.1979,3986.7688
ROI_080/patch_74,own,32–64,1,77195,0.200,1.000,1148.4471,3070.9805
ROI_080/patch_74,own,64–128,1,270798,0.250,1.000,562.2987,1954.6380
ROI_080/patch_74,own,≥128,1,1723404,0.150,1.000,514.4902,1511.1251
ROI_080/patch_75,nearest,0–16,1,7156,0.900,1.000,862.0711,935.8631
ROI_080/patch_75,nearest,16–32,1,20554,0.800,1.000,867.5246,923.0568
ROI_080/patch_75,nearest,32–64,1,71121,0.400,1.000,945.8256,983.3046
ROI_080/patch_75,nearest,64–128,1,112725,0.100,1.000,779.2854,809.8122
ROI_080/patch_75,nearest,≥128,1,50588,1.000,1.000,,
ROI_080/patch_75,own,0–16,1,7156,0.900,1.000,930.4365,998.5088
ROI_080/patch_75,own,16–32,1,20554,0.800,1.000,891.3527,967.5250
ROI_080/patch_75,own,32–64,1,77626,0.350,1.000,965.5136,1013.9960
ROI_080/patch_75,own,64–128,1,271087,0.150,1.000,846.2515,880.6768
ROI_080/patch_75,own,≥128,1,1982873,0.500,1.000,630.2761,664.7658
ROI_080/patch_76,nearest,0–16,1,6440,0.000,1.000,19.9108,22.1654
ROI_080/patch_76,nearest,16–32,1,19019,0.000,1.000,30.3050,35.3735
ROI_080/patch_76,nearest,32–64,1,64913,0.000,1.000,59.6521,66.2720
ROI_080/patch_76,nearest,64–128,1,130758,0.000,1.000,107.0553,147.5764
ROI_080/patch_76,nearest,≥128,1,41014,0.000,1.000,358.0828,361.4055
ROI_080/patch_76,own,0–16,1,6440,0.000,1.000,25.2246,27.5003
ROI_080/patch_76,own,16–32,1,19019,0.000,1.000,26.2057,30.2855
ROI_080/patch_76,own,32–64,1,66467,0.000,1.000,42.0316,48.7312
ROI_080/patch_76,own,64–128,1,224461,0.000,1.000,72.4260,93.3880
ROI_080/patch_76,own,≥128,1,1780765,0.000,1.000,84.3436,103.3102
ROI_080/patch_77,nearest,0–16,1,6433,0.000,1.000,16.6442,17.4611
ROI_080/patch_77,nearest,16–32,1,19295,0.000,1.000,15.7549,16.7322
ROI_080/patch_77,nearest,32–64,1,72676,0.000,1.000,18.5517,20.3375
ROI_080/patch_77,nearest,64–128,1,125867,0.000,1.000,33.9822,40.6912
ROI_080/patch_77,nearest,≥128,1,37873,0.000,1.000,25.4454,32.7654
ROI_080/patch_77,own,0–16,1,6433,0.000,1.000,16.7634,17.5637
ROI_080/patch_77,own,16–32,1,19295,0.000,1.000,16.2512,17.1729
ROI_080/patch_77,own,32–64,1,72844,0.000,1.000,19.1962,21.1017
ROI_080/patch_77,own,64–128,1,255288,0.000,1.000,41.4956,49.5881
ROI_080/patch_77,own,≥128,1,1743292,0.000,1.000,26.2736,31.1702
ROI_080/patch_78,nearest,0–16,1,6443,0.450,1.000,844.8447,1037.6759
ROI_080/patch_78,nearest,16–32,1,19300,0.400,1.000,785.3880,971.5677
ROI_080/patch_78,nearest,32–64,1,68004,0.500,1.000,714.7191,846.3726
ROI_080/patch_78,nearest,64–128,1,132290,0.300,1.000,533.3785,618.3738
ROI_080/patch_78,nearest,≥128,1,36107,0.050,1.000,329.8392,403.0225
ROI_080/patch_78,own,0–16,1,6443,0.500,1.000,828.0984,1020.0447
ROI_080/patch_78,own,16–32,1,19300,0.450,1.000,781.1945,956.9198
ROI_080/patch_78,own,32–64,1,76936,0.350,1.000,692.5945,822.3341
ROI_080/patch_78,own,64–128,1,274822,0.650,1.000,623.1593,725.7460
ROI_080/patch_78,own,≥128,1,1719651,0.600,1.000,446.6775,515.8544
ROI_080/patch_79,nearest,0–16,1,6425,1.000,1.000,,
ROI_080/patch_79,nearest,16–32,1,18966,1.000,1.000,,
ROI_080/patch_79,nearest,32–64,1,65006,0.850,1.000,695.0053,741.0180
ROI_080/patch_79,nearest,64–128,1,102490,0.800,1.000,872.6263,900.0668
ROI_080/patch_79,nearest,≥128,1,69257,1.000,1.000,,
ROI_080/patch_79,own,0–16,1,6425,1.000,1.000,,
ROI_080/patch_79,own,16–32,1,18966,1.000,1.000,,
ROI_080/patch_79,own,32–64,1,71554,0.900,1.000,677.2083,717.2096
ROI_080/patch_79,own,64–128,1,253656,0.950,1.000,872.4967,895.1572
ROI_080/patch_79,own,≥128,1,1746551,0.850,1.000,674.6095,712.2962
ROI_080/patch_80,nearest,0–16,1,6446,0.000,1.000,98.8835,108.5730
ROI_080/patch_80,nearest,16–32,1,19078,0.000,1.000,101.2631,107.8674
ROI_080/patch_80,nearest,32–64,1,63076,0.000,1.000,105.5053,113.6254
ROI_080/patch_80,nearest,64–128,1,129861,0.000,1.000,65.9004,67.7707
ROI_080/patch_80,nearest,≥128,1,43683,0.000,1.000,75.8457,86.2772
ROI_080/patch_80,own,0–16,1,6446,0.000,1.000,91.0906,101.9780
ROI_080/patch_80,own,16–32,1,19078,0.000,1.000,90.7970,99.0864
ROI_080/patch_80,own,32–64,1,67176,0.000,1.000,107.3515,114.9372
ROI_080/patch_80,own,64–128,1,228634,0.000,1.000,70.5843,72.4583
ROI_080/patch_80,own,≥128,1,1775818,0.000,1.000,94.6909,98.4855
ROI_080/patch_83,nearest,0–16,1,6421,0.000,1.000,5.0633,6.0962
ROI_080/patch_83,nearest,16–32,1,18592,0.000,1.000,4.9818,6.1058
ROI_080/patch_83,nearest,32–64,1,72284,0.000,1.000,5.0122,6.0411
ROI_080/patch_83,nearest,64–128,1,146371,0.000,1.000,5.2357,5.9942
ROI_080/patch_83,nearest,≥128,1,18476,0.000,1.000,7.9409,8.7055
ROI_080/patch_83,own,0–16,1,6421,0.000,1.000,5.0806,6.1087
ROI_080/patch_83,own,16–32,1,18592,0.000,1.000,4.9747,6.0682
ROI_080/patch_83,own,32–64,1,72284,0.000,1.000,5.0580,6.0419
ROI_080/patch_83,own,64–128,1,247144,0.000,1.000,5.4137,6.1918
ROI_080/patch_83,own,≥128,1,1752711,0.000,1.000,5.0750,5.8605
ROI_080/patch_84,nearest,0–16,1,6265,0.000,1.000,13.5144,14.4604
ROI_080/patch_84,nearest,16–32,1,18290,0.000,1.000,13.9329,15.0178
ROI_080/patch_84,nearest,32–64,1,61679,0.000,1.000,17.1886,19.0369
ROI_080/patch_84,nearest,64–128,1,122465,0.000,1.000,24.6260,27.7851
ROI_080/patch_84,nearest,≥128,1,53445,0.000,1.000,41.1227,49.1019
ROI_080/patch_84,own,0–16,1,6265,0.000,1.000,13.4471,14.4024
ROI_080/patch_84,own,16–32,1,18290,0.000,1.000,13.8530,14.9121
ROI_080/patch_84,own,32–64,1,61758,0.000,1.000,16.9583,18.8440
ROI_080/patch_84,own,64–128,1,202092,0.000,1.000,24.2622,27.1972
ROI_080/patch_84,own,≥128,1,1808747,0.000,1.000,28.0140,32.4018
ROI_080/patch_85,nearest,0–16,1,6440,0.000,1.000,0.7265,1.5634
ROI_080/patch_85,nearest,16–32,1,18788,0.000,1.000,0.6686,1.5536
ROI_080/patch_85,nearest,32–64,1,64543,0.000,1.000,0.8521,1.9441
ROI_080/patch_85,nearest,64–128,1,137988,0.000,1.000,1.0124,2.2063
ROI_080/patch_85,nearest,≥128,1,34385,0.000,1.000,1.5518,3.0988
ROI_080/patch_85,own,0–16,1,6440,0.000,1.000,0.7367,1.5647
ROI_080/patch_85,own,16–32,1,18788,0.000,1.000,0.7302,1.6375
ROI_080/patch_85,own,32–64,1,70093,0.000,1.000,0.8837,1.9559
ROI_080/patch_85,own,64–128,1,247036,0.000,1.000,1.0131,2.1306
ROI_080/patch_85,own,≥128,1,1754795,0.000,1.000,1.0382,2.1147
ROI_080/patch_86,nearest,0–16,1,6440,0.000,1.000,6.1328,6.4678
ROI_080/patch_86,nearest,16–32,1,18863,0.000,1.000,6.2351,6.5871
ROI_080/patch_86,nearest,32–64,1,64754,0.000,1.000,8.2155,8.6492
ROI_080/patch_86,nearest,64–128,1,137360,0.000,1.000,13.2150,14.0318
ROI_080/patch_86,nearest,≥128,1,34727,0.000,1.000,29.4711,35.0408
ROI_080/patch_86,own,0–16,1,6440,0.000,1.000,6.1204,6.4596
ROI_080/patch_86,own,16–32,1,18863,0.000,1.000,6.3411,6.6949
ROI_080/patch_86,own,32–64,1,68131,0.000,1.000,8.3360,8.7543
ROI_080/patch_86,own,64–128,1,236496,0.000,1.000,11.6737,12.2150
ROI_080/patch_86,own,≥128,1,1767222,0.000,1.000,14.9715,15.5891
ROI_080/patch_87,nearest,0–16,1,6359,0.000,1.000,119.4834,230.2338
ROI_080/patch_87,nearest,16–32,1,17348,0.000,1.000,122.5413,235.6573
ROI_080/patch_87,nearest,32–64,1,62055,0.000,1.000,144.6325,230.0126
ROI_080/patch_87,nearest,64–128,1,130793,0.000,1.000,127.0176,226.5484
ROI_080/patch_87,nearest,≥128,1,45589,0.000,1.000,294.3865,1232.2458
ROI_080/patch_87,own,0–16,1,6359,0.000,1.000,116.9540,225.0748
ROI_080/patch_87,own,16–32,1,17348,0.000,1.000,136.2838,241.7725
ROI_080/patch_87,own,32–64,1,62055,0.000,1.000,132.1848,223.0981
ROI_080/patch_87,own,64–128,1,199853,0.000,1.000,128.8937,188.6440
ROI_080/patch_87,own,≥128,1,1811537,0.000,1.000,103.6758,223.7816
ROI_080/patch_88,nearest,0–16,1,6147,0.000,1.000,15.1333,17.3811
ROI_080/patch_88,nearest,16–32,1,18192,0.000,1.000,15.1172,17.1282
ROI_080/patch_88,nearest,32–64,1,65336,0.000,1.000,26.1705,29.5346
ROI_080/patch_88,nearest,64–128,1,103606,0.000,1.000,55.6366,79.8234
ROI_080/patch_88,nearest,≥128,1,68863,0.000,1.000,293.1192,612.7083
ROI_080/patch_88,own,0–16,1,6147,0.000,1.000,15.0184,17.2495
ROI_080/patch_88,own,16–32,1,18192,0.000,1.000,15.1229,17.1446
ROI_080/patch_88,own,32–64,1,67236,0.000,1.000,30.9585,35.4690
ROI_080/patch_88,own,64–128,1,230819,0.000,1.000,36.9458,52.7832
ROI_080/patch_88,own,≥128,1,1774758,0.000,1.000,76.4703,166.4538
ROI_080/patch_89,nearest,0–16,1,6337,0.000,1.000,146.2068,218.6588
ROI_080/patch_89,nearest,16–32,1,17832,0.000,1.000,97.5343,160.0216
ROI_080/patch_89,nearest,32–64,1,57129,0.000,1.000,72.7864,125.5046
ROI_080/patch_89,nearest,64–128,1,136473,0.000,1.000,59.6352,101.3058
ROI_080/patch_89,nearest,≥128,1,44373,0.000,1.000,54.7307,81.0132
ROI_080/patch_89,own,0–16,1,6337,0.000,1.000,135.5286,209.4550
ROI_080/patch_89,own,16–32,1,18082,0.000,1.000,104.7487,164.3448
ROI_080/patch_89,own,32–64,1,66403,0.000,1.000,64.6939,120.8901
ROI_080/patch_89,own,64–128,1,233385,0.000,1.000,51.4123,77.6825
ROI_080/patch_89,own,≥128,1,1772945,0.000,1.000,46.4040,84.4619
ROI_080/patch_90,nearest,0–16,1,6432,0.000,1.000,5.0502,6.0619
ROI_080/patch_90,nearest,16–32,1,18616,0.000,1.000,4.8670,5.8971
ROI_080/patch_90,nearest,32–64,1,67179,0.000,1.000,4.0222,5.1018
ROI_080/patch_90,nearest,64–128,1,136118,0.000,1.000,5.6053,6.9076
ROI_080/patch_90,nearest,≥128,1,33799,0.000,1.000,6.3155,7.8090
ROI_080/patch_90,own,0–16,1,6432,0.000,1.000,4.9975,6.0117
ROI_080/patch_90,own,16–32,1,18616,0.000,1.000,5.0836,6.1070
ROI_080/patch_90,own,32–64,1,70970,0.000,1.000,4.2555,5.3255
ROI_080/patch_90,own,64–128,1,242274,0.000,1.000,5.0138,6.3855
ROI_080/patch_90,own,≥128,1,1758860,0.000,1.000,5.1408,6.6478
ROI_080/patch_91,nearest,0–16,1,6105,0.000,1.000,11.3677,13.4375
ROI_080/patch_91,nearest,16–32,1,17801,0.000,1.000,11.4226,13.6323
ROI_080/patch_91,nearest,32–64,1,57104,0.000,1.000,11.5603,13.6689
ROI_080/patch_91,nearest,64–128,1,91150,0.000,1.000,12.9699,14.7909
ROI_080/patch_91,nearest,≥128,1,89984,0.000,1.000,29.9381,38.9000
ROI_080/patch_91,own,0–16,1,6105,0.000,1.000,11.3640,13.4074
ROI_080/patch_91,own,16–32,1,17801,0.000,1.000,11.4480,13.6964
ROI_080/patch_91,own,32–64,1,64138,0.000,1.000,11.4478,13.5796
ROI_080/patch_91,own,64–128,1,228600,0.000,1.000,12.3356,14.0034
ROI_080/patch_91,own,≥128,1,1780508,0.000,1.000,15.9070,20.9263
ROI_080/patch_92,nearest,0–16,1,6245,0.000,1.000,42.4640,59.0744
ROI_080/patch_92,nearest,16–32,1,18306,0.000,1.000,40.2356,56.8467
ROI_080/patch_92,nearest,32–64,1,68767,0.000,1.000,42.7562,63.2818
ROI_080/patch_92,nearest,64–128,1,115356,0.000,1.000,93.7213,123.2517
ROI_080/patch_92,nearest,≥128,1,53470,1.000,1.000,,
ROI_080/patch_92,own,0–16,1,6245,0.000,1.000,39.7829,54.6314
ROI_080/patch_92,own,16–32,1,18306,0.000,1.000,40.4368,56.2498
ROI_080/patch_92,own,32–64,1,71598,0.000,1.000,37.0938,55.4442
ROI_080/patch_92,own,64–128,1,245620,0.000,1.000,44.9755,53.1777
ROI_080/patch_92,own,≥128,1,1755383,0.000,1.000,103.0773,123.2584
ROI_080/patch_93,nearest,0–16,1,6347,0.000,1.000,4.1149,4.5763
ROI_080/patch_93,nearest,16–32,1,18440,0.000,1.000,4.2108,4.6887
ROI_080/patch_93,nearest,32–64,1,68281,0.000,1.000,2.6685,3.2769
ROI_080/patch_93,nearest,64–128,1,145428,0.000,1.000,2.7945,3.5088
ROI_080/patch_93,nearest,≥128,1,23648,0.000,1.000,3.0446,3.8014
ROI_080/patch_93,own,0–16,1,6347,0.000,1.000,4.1128,4.5665
ROI_080/patch_93,own,16–32,1,18440,0.000,1.000,4.1029,4.5804
ROI_080/patch_93,own,32–64,1,68281,0.000,1.000,3.1630,3.7176
ROI_080/patch_93,own,64–128,1,248715,0.000,1.000,2.5256,3.1252
ROI_080/patch_93,own,≥128,1,1755369,0.000,1.000,2.8403,3.4378
ROI_080/patch_94,nearest,0–16,1,6441,0.000,1.000,5.3235,98.5672
ROI_080/patch_94,nearest,16–32,1,19299,0.000,1.000,7.0274,73.0101
ROI_080/patch_94,nearest,32–64,1,66998,0.000,1.000,4.8890,24.1313
ROI_080/patch_94,nearest,64–128,1,116100,0.000,1.000,9.6393,17.4249
ROI_080/patch_94,nearest,≥128,1,53306,0.000,1.000,128.8370,131.0095
ROI_080/patch_94,own,0–16,1,6441,0.000,1.000,5.2039,96.8328
ROI_080/patch_94,own,16–32,1,19299,0.000,1.000,6.4985,63.0731
ROI_080/patch_94,own,32–64,1,72817,0.000,1.000,4.9641,19.8031
ROI_080/patch_94,own,64–128,1,252265,0.000,1.000,7.1122,19.4252
ROI_080/patch_94,own,≥128,1,1746330,0.000,1.000,15.1934,27.0203
ROI_080/patch_95,nearest,0–16,1,6402,0.000,1.000,2.1470,3.1548
ROI_080/patch_95,nearest,16–32,1,18581,0.000,1.000,2.3438,3.3541
ROI_080/patch_95,nearest,32–64,1,69751,0.000,1.000,3.4980,4.5389
ROI_080/patch_95,nearest,64–128,1,124695,0.000,1.000,6.0757,7.1119
ROI_080/patch_95,nearest,≥128,1,42715,0.000,1.000,9.0089,10.3173
ROI_080/patch_95,own,0–16,1,6402,0.000,1.000,2.1644,3.1741
ROI_080/patch_95,own,16–32,1,18581,0.000,1.000,2.3338,3.3470
ROI_080/patch_95,own,32–64,1,70116,0.000,1.000,3.3905,4.4428
ROI_080/patch_95,own,64–128,1,249659,0.000,1.000,5.6497,6.7048
ROI_080/patch_95,own,≥128,1,1752394,0.000,1.000,4.9272,5.9768
ROI_080/patch_96,nearest,0–16,1,6243,0.000,1.000,5.0983,5.7757
ROI_080/patch_96,nearest,16–32,1,17950,0.000,1.000,5.1084,5.7759
ROI_080/patch_96,nearest,32–64,1,68662,0.000,1.000,5.2652,6.0963
ROI_080/patch_96,nearest,64–128,1,147964,0.000,1.000,5.3686,6.4176
ROI_080/patch_96,nearest,≥128,1,21325,0.000,1.000,5.2588,6.7667
ROI_080/patch_96,own,0–16,1,6243,0.000,1.000,5.0887,5.7836
ROI_080/patch_96,own,16–32,1,17950,0.000,1.000,5.1479,5.8341
ROI_080/patch_96,own,32–64,1,68943,0.000,1.000,5.2236,6.0114
ROI_080/patch_96,own,64–128,1,234372,0.000,1.000,5.7465,6.7483
ROI_080/patch_96,own,≥128,1,1769644,0.000,1.000,5.3143,6.3423
ROI_080/patch_98,nearest,0–16,1,6443,1.000,1.000,,
ROI_080/patch_98,nearest,16–32,1,18940,1.000,1.000,,
ROI_080/patch_98,nearest,32–64,1,55591,1.000,1.000,,
ROI_080/patch_98,nearest,64–128,1,106490,1.000,1.000,,
ROI_080/patch_98,nearest,≥128,1,74680,1.000,1.000,,
ROI_080/patch_98,own,0–16,1,6443,1.000,1.000,,
ROI_080/patch_98,own,16–32,1,19130,1.000,1.000,,
ROI_080/patch_98,own,32–64,1,71593,1.000,1.000,,
ROI_080/patch_98,own,64–128,1,274246,1.000,1.000,,
ROI_080/patch_98,own,≥128,1,1725740,1.000,1.000,,
ROI_080/patch_99,nearest,0–16,1,6689,0.000,1.000,40.0069,168.9900
ROI_080/patch_99,nearest,16–32,1,18632,0.000,1.000,27.1714,147.7819
ROI_080/patch_99,nearest,32–64,1,63518,0.000,1.000,15.6444,116.9630
ROI_080/patch_99,nearest,64–128,1,132360,0.000,1.000,23.6354,76.7214
ROI_080/patch_99,nearest,≥128,1,40945,0.000,1.000,34.7098,42.6603
ROI_080/patch_99,own,0–16,1,6689,0.000,1.000,41.0590,175.5323
ROI_080/patch_99,own,16–32,1,18917,0.000,1.000,33.6881,163.5959
ROI_080/patch_99,own,32–64,1,70484,0.000,1.000,15.3236,120.2991
ROI_080/patch_99,own,64–128,1,241052,0.000,1.000,18.8031,72.7617
ROI_080/patch_99,own,≥128,1,2022154,0.000,1.000,17.7850,67.7368
ROI_080/patch_100,nearest,0–16,1,6437,0.000,1.000,1.5990,2.5361
ROI_080/patch_100,nearest,16–32,1,18690,0.000,1.000,2.0396,3.0230
ROI_080/patch_100,nearest,32–64,1,66694,0.000,1.000,2.7083,3.8373
ROI_080/patch_100,nearest,64–128,1,135817,0.000,1.000,3.2654,6.5947
ROI_080/patch_100,nearest,≥128,1,34506,0.000,1.000,40.3979,109.6163
ROI_080/patch_100,own,0–16,1,6437,0.000,1.000,1.6140,2.5615
ROI_080/patch_100,own,16–32,1,18690,0.000,1.000,2.0220,3.0135
ROI_080/patch_100,own,32–64,1,72452,0.000,1.000,2.7593,3.8510
ROI_080/patch_100,own,64–128,1,248744,0.000,1.000,3.6735,6.6007
ROI_080/patch_100,own,≥128,1,1750829,0.000,1.000,10.2949,31.2115
ROI_080/patch_101,nearest,0–16,1,6435,0.000,1.000,178.0111,286.6617
ROI_080/patch_101,nearest,16–32,1,18647,0.000,1.000,175.8325,286.7072
ROI_080/patch_101,nearest,32–64,1,66367,0.000,1.000,124.3748,220.5808
ROI_080/patch_101,nearest,64–128,1,133213,0.000,1.000,78.4533,182.3358
ROI_080/patch_101,nearest,≥128,1,37482,0.000,1.000,161.5248,369.2217
ROI_080/patch_101,own,0–16,1,6435,0.000,1.000,181.4898,305.5790
ROI_080/patch_101,own,16–32,1,18647,0.000,1.000,187.2736,301.4768
ROI_080/patch_101,own,32–64,1,72272,0.000,1.000,117.5452,205.1135
ROI_080/patch_101,own,64–128,1,257599,0.000,1.000,62.1125,155.1188
ROI_080/patch_101,own,≥128,1,1742199,0.000,1.000,102.7362,179.5409
ROI_080/patch_102,nearest,0–16,1,6408,0.000,1.000,10.6305,16.7088
ROI_080/patch_102,nearest,16–32,1,17702,0.000,1.000,8.2809,13.9253
ROI_080/patch_102,nearest,32–64,1,63029,0.000,1.000,6.2215,7.7318
ROI_080/patch_102,nearest,64–128,1,124116,0.000,1.000,6.1767,7.3488
ROI_080/patch_102,nearest,≥128,1,50889,0.000,1.000,11.7818,13.3455
ROI_080/patch_102,own,0–16,1,6408,0.000,1.000,10.7547,17.4553
ROI_080/patch_102,own,16–32,1,17702,0.000,1.000,8.0554,13.2500
ROI_080/patch_102,own,32–64,1,64703,0.000,1.000,6.1372,7.8077
ROI_080/patch_102,own,64–128,1,228866,0.000,1.000,5.9132,7.0508
ROI_080/patch_102,own,≥128,1,1779473,0.000,1.000,6.5399,8.0345
ROI_080/patch_103,nearest,0–16,1,6241,0.000,1.000,11.1981,13.2584
ROI_080/patch_103,nearest,16–32,1,16953,0.000,1.000,14.6710,19.8213
ROI_080/patch_103,nearest,32–64,1,59493,0.000,1.000,15.0887,20.1743
ROI_080/patch_103,nearest,64–128,1,124588,0.000,1.000,20.0335,23.1245
ROI_080/patch_103,nearest,≥128,1,54869,0.000,1.000,28.9699,33.3117
ROI_080/patch_103,own,0–16,1,6269,0.000,1.000,10.8395,12.7485
ROI_080/patch_103,own,16–32,1,18358,0.000,1.000,13.7654,17.7042
ROI_080/patch_103,own,32–64,1,69829,0.000,1.000,16.7522,22.1570
ROI_080/patch_103,own,64–128,1,244350,0.000,1.000,17.8400,21.2904
ROI_080/patch_103,own,≥128,1,1758346,0.000,1.000,19.2594,21.9557
ROI_080/patch_104,nearest,0–16,1,6085,0.000,1.000,9.5536,10.3686
ROI_080/patch_104,nearest,16–32,1,17370,0.000,1.000,9.5052,10.3845
ROI_080/patch_104,nearest,32–64,1,61885,0.000,1.000,10.3531,11.3638
ROI_080/patch_104,nearest,64–128,1,120255,0.000,1.000,18.0497,19.2131
ROI_080/patch_104,nearest,≥128,1,56549,0.000,1.000,33.5914,38.3854
ROI_080/patch_104,own,0–16,1,6085,0.000,1.000,9.5864,10.4171
ROI_080/patch_104,own,16–32,1,17370,0.000,1.000,9.4340,10.3115
ROI_080/patch_104,own,32–64,1,65388,0.000,1.000,10.7207,11.6978
ROI_080/patch_104,own,64–128,1,230543,0.000,1.000,16.6602,17.8259
ROI_080/patch_104,own,≥128,1,1777766,0.000,1.000,30.6176,33.3399
ROI_080/patch_105,nearest,0–16,1,6431,0.000,1.000,4.8795,5.8440
ROI_080/patch_105,nearest,16–32,1,18046,0.000,1.000,2.9238,5.7112
ROI_080/patch_105,nearest,32–64,1,61534,0.000,1.000,3.2851,9.9264
ROI_080/patch_105,nearest,64–128,1,122916,0.000,1.000,7.1833,42.6239
ROI_080/patch_105,nearest,≥128,1,53217,0.000,1.000,49.9032,94.6872
ROI_080/patch_105,own,0–16,1,6431,0.000,1.000,4.7248,5.7843
ROI_080/patch_105,own,16–32,1,18698,0.000,1.000,3.3337,5.7625
ROI_080/patch_105,own,32–64,1,69842,0.000,1.000,3.2236,9.2828
ROI_080/patch_105,own,64–128,1,232980,0.000,1.000,3.5751,21.3500
ROI_080/patch_105,own,≥128,1,1769201,0.000,1.000,12.0488,33.5534
ROI_080/patch_106,nearest,0–16,1,6190,0.000,1.000,9.2843,16.3028
ROI_080/patch_106,nearest,16–32,1,17515,0.000,1.000,8.0489,14.0946
ROI_080/patch_106,nearest,32–64,1,56157,0.000,1.000,8.0081,18.9984
ROI_080/patch_106,nearest,64–128,1,102546,0.000,1.000,42.1350,162.6740
ROI_080/patch_106,nearest,≥128,1,79736,0.850,1.000,727.7433,1222.0548
ROI_080/patch_106,own,0–16,1,6190,0.000,1.000,10.9472,18.3050
ROI_080/patch_106,own,16–32,1,18096,0.000,1.000,7.4286,14.5616
ROI_080/patch_106,own,32–64,1,68570,0.000,1.000,7.6550,18.1283
ROI_080/patch_106,own,64–128,1,220722,0.000,1.000,34.0723,118.9781
ROI_080/patch_106,own,≥128,1,1783574,0.000,1.000,303.7727,557.5632
